{"type":"FeatureCollection","features":[{"type":"Feature","properties":{"code":"93","nom":"Provence-Alpes-Côte d'Azur"},"geometry":{"type":"MultiPolygon","coordinates":[[[[4.83804,43.39447],[4.83587,43.39616],[4.83512,43.39742],[4.83598,43.39931],[4.84117,43.40377],[4.84511,43.402],[4.85009,43.39882],[4.85028,43.398],[4.85331,43.39847],[4.85977,43.39924],[4.86098,43.40053],[4.83151,43.41997],[4.82979,43.42457],[4.83296,43.42617],[4.86424,43.4063],[4.87637,43.41061],[4.87595,43.41276],[4.86274,43.43433],[4.84989,43.4508],[4.86059,43.45409],[4.86209,43.45168],[4.86242,43.44722],[4.87631,43.42569],[4.88078,43.42143],[4.88474,43.42203],[4.88709,43.42603],[4.89275,43.42821],[4.90063,43.42962],[4.90319,43.42817],[4.89725,43.42593],[4.89201,43.42285],[4.88752,43.41548],[4.88709,43.41226],[4.8911,43.40628],[4.89345,43.40459],[4.89313,43.41107],[4.89531,43.41679],[4.91026,43.42757],[4.91966,43.43123],[4.92949,43.4331],[4.93258,43.4332],[4.93869,43.43179],[4.94363,43.42901],[4.94905,43.4295],[4.95253,43.42886],[4.9681,43.42601],[4.97219,43.42192],[4.97349,43.42049],[4.97325,43.41678],[4.97443,43.41224],[4.97721,43.40704],[4.97586,43.4008],[4.98034,43.39774],[4.98242,43.39797],[4.98268,43.40319],[4.98391,43.404],[4.98622,43.40339],[4.98553,43.40228],[4.9844,43.40215],[4.9854,43.40207],[4.98906,43.40494],[4.99324,43.40488],[4.99398,43.40395],[5.00183,43.40357],[5.00446,43.40353],[5.00463,43.40443],[5.01108,43.4033],[5.03785,43.40265],[5.04174,43.40326],[5.05487,43.4073],[5.05725,43.40892],[5.05892,43.41347],[5.06091,43.41921],[5.06072,43.42251],[5.05983,43.42698],[5.05432,43.44058],[5.05434,43.44303],[5.05527,43.449],[5.05358,43.45981],[5.05148,43.46412],[5.04869,43.46655],[5.0409,43.47022],[5.03778,43.47073],[5.01851,43.46953],[5.00631,43.4698],[5.00255,43.47142],[5.00014,43.4749],[5.0024,43.48748],[4.99851,43.49742],[4.99949,43.50545],[5.00521,43.51658],[5.00776,43.52068],[5.0122,43.52404],[5.01504,43.52981],[5.01159,43.54961],[5.01291,43.55463],[5.01422,43.55549],[5.02271,43.55663],[5.02208,43.55603],[5.02539,43.55028],[5.02786,43.54885],[5.03143,43.54842],[5.03328,43.54238],[5.03836,43.53196],[5.05195,43.51986],[5.05359,43.5189],[5.04983,43.5221],[5.05049,43.52365],[5.05513,43.5267],[5.0594,43.52805],[5.06718,43.52755],[5.07107,43.52676],[5.07193,43.52594],[5.07706,43.52659],[5.07766,43.52595],[5.07925,43.52613],[5.07736,43.52662],[5.07976,43.52706],[5.08919,43.52574],[5.10622,43.52606],[5.11378,43.52313],[5.11719,43.52016],[5.11831,43.51819],[5.11803,43.51326],[5.11534,43.51122],[5.11918,43.5102],[5.11749,43.51019],[5.11434,43.51082],[5.11303,43.50735],[5.12088,43.50833],[5.12535,43.50513],[5.12949,43.50489],[5.12611,43.50452],[5.12027,43.50811],[5.11259,43.50636],[5.1146,43.50522],[5.1157,43.50345],[5.12436,43.48532],[5.13443,43.47132],[5.14244,43.46285],[5.15191,43.45567],[5.15537,43.45593],[5.15612,43.46213],[5.16051,43.4683],[5.16491,43.47195],[5.171,43.47367],[5.18102,43.47871],[5.18521,43.48178],[5.18632,43.48408],[5.19083,43.48667],[5.20275,43.49116],[5.20536,43.49215],[5.20834,43.49184],[5.21947,43.48657],[5.22401,43.48231],[5.22464,43.4805],[5.22347,43.47914],[5.22879,43.46828],[5.22968,43.46454],[5.22709,43.45616],[5.22037,43.44905],[5.21048,43.44439],[5.20177,43.44201],[5.19765,43.43824],[5.17173,43.41861],[5.15653,43.40881],[5.14005,43.40139],[5.1326,43.39895],[5.12874,43.39748],[5.12398,43.39702],[5.11839,43.40165],[5.11863,43.40337],[5.11719,43.40425],[5.0968,43.40073],[5.08385,43.39897],[5.07057,43.39903],[5.0627,43.40016],[5.05954,43.40163],[5.05702,43.40426],[5.04264,43.40191],[5.03585,43.40016],[5.02513,43.40033],[5.01831,43.40155],[5.00819,43.40193],[4.99915,43.40028],[4.98799,43.39524],[4.98881,43.38979],[4.99953,43.37861],[5.00449,43.37394],[5.01431,43.36941],[5.01479,43.36838],[5.01033,43.36552],[5.0165,43.35976],[5.02567,43.35489],[5.02576,43.35258],[5.02169,43.34909],[5.01808,43.34726],[5.01994,43.3426],[5.02348,43.33901],[5.03834,43.32932],[5.07272,43.32858],[5.08836,43.33301],[5.0925,43.33237],[5.09451,43.33047],[5.10002,43.32897],[5.10733,43.32934],[5.10684,43.33102],[5.10849,43.33101],[5.1128,43.32911],[5.11813,43.32837],[5.12594,43.32872],[5.12596,43.32946],[5.12656,43.32998],[5.13531,43.32921],[5.13809,43.328],[5.14939,43.32608],[5.15123,43.32778],[5.15176,43.33045],[5.1533,43.33042],[5.1545,43.32883],[5.15956,43.32752],[5.16406,43.32743],[5.16875,43.32819],[5.17029,43.32939],[5.17709,43.33142],[5.18485,43.33257],[5.19621,43.3305],[5.20448,43.33093],[5.22222,43.32832],[5.22986,43.32933],[5.23712,43.33182],[5.24092,43.33153],[5.24354,43.33223],[5.25725,43.33861],[5.27216,43.34623],[5.28225,43.35372],[5.30273,43.36071],[5.30632,43.36106],[5.30988,43.36021],[5.31067,43.36079],[5.31274,43.36051],[5.31802,43.35857],[5.32373,43.35745],[5.32668,43.3559],[5.32664,43.3546],[5.32236,43.35433],[5.31735,43.35646],[5.31258,43.35515],[5.31603,43.35311],[5.31744,43.35502],[5.32341,43.35333],[5.32859,43.35111],[5.33023,43.34845],[5.33202,43.35016],[5.34338,43.34336],[5.34368,43.34236],[5.33924,43.34117],[5.3293,43.34558],[5.32847,43.34469],[5.33779,43.33955],[5.34487,43.33636],[5.34178,43.33632],[5.34983,43.32956],[5.36378,43.31388],[5.36466,43.31207],[5.36273,43.30561],[5.35862,43.29807],[5.36116,43.29536],[5.36356,43.29479],[5.37268,43.29611],[5.37375,43.29503],[5.37372,43.29413],[5.37108,43.29345],[5.36609,43.29252],[5.36401,43.2929],[5.363,43.29392],[5.36144,43.29276],[5.35785,43.2952],[5.35441,43.29414],[5.35284,43.28852],[5.35025,43.28619],[5.35014,43.28562],[5.35105,43.28552],[5.35137,43.28542],[5.35091,43.28525],[5.35053,43.2839],[5.3462,43.2827],[5.34936,43.28013],[5.35457,43.27824],[5.35993,43.2752],[5.36451,43.27008],[5.368,43.26882],[5.36802,43.26831],[5.36855,43.26458],[5.37403,43.25983],[5.37564,43.25833],[5.3753,43.25629],[5.37431,43.25411],[5.37399,43.25277],[5.37076,43.25157],[5.3728,43.25215],[5.37355,43.24925],[5.3731,43.2455],[5.37099,43.24464],[5.36615,43.24457],[5.36355,43.24484],[5.36379,43.24638],[5.36187,43.24226],[5.3624,43.24161],[5.36236,43.24007],[5.35952,43.23548],[5.35327,43.23273],[5.34844,43.22831],[5.34671,43.22668],[5.34693,43.22544],[5.34221,43.21655],[5.34537,43.21242],[5.36314,43.20746],[5.38156,43.20973],[5.38749,43.21039],[5.39303,43.21235],[5.4011,43.2131],[5.4254,43.21004],[5.44098,43.2058],[5.44514,43.21133],[5.45397,43.20935],[5.45533,43.21158],[5.45873,43.21147],[5.46005,43.21033],[5.47849,43.20444],[5.48392,43.20542],[5.50175,43.19769],[5.50993,43.19771],[5.51275,43.20082],[5.51257,43.2022],[5.51524,43.20664],[5.52142,43.21128],[5.52078,43.21],[5.52726,43.2097],[5.54493,43.2107],[5.54754,43.20886],[5.55001,43.20727],[5.54769,43.20005],[5.54857,43.19553],[5.55264,43.1908],[5.55598,43.18847],[5.56963,43.17615],[5.57456,43.17275],[5.58593,43.16855],[5.59403,43.16464],[5.59505,43.16457],[5.59603,43.16603],[5.59707,43.16566],[5.60469,43.16028],[5.60787,43.16125],[5.60645,43.16523],[5.60586,43.16588],[5.60654,43.16661],[5.61064,43.16547],[5.61567,43.16957],[5.61498,43.17164],[5.60935,43.16995],[5.60624,43.17389],[5.60737,43.17447],[5.61125,43.17245],[5.61114,43.17469],[5.61351,43.17877],[5.61249,43.17981],[5.61532,43.18125],[5.61537,43.18229],[5.62152,43.18619],[5.62608,43.1871],[5.63755,43.1893],[5.64939,43.18845],[5.65932,43.18311],[5.67197,43.17955],[5.67411,43.17818],[5.68276,43.17979],[5.68322,43.17912],[5.67998,43.17791],[5.68344,43.17904],[5.68322,43.18009],[5.68624,43.18001],[5.69028,43.17717],[5.69428,43.17256],[5.69532,43.16926],[5.69408,43.16593],[5.68884,43.16312],[5.6859,43.15441],[5.69426,43.14524],[5.70988,43.14522],[5.72216,43.14018],[5.72417,43.13625],[5.72605,43.13675],[5.73807,43.13524],[5.7495,43.1357],[5.75074,43.13395],[5.74983,43.13293],[5.74857,43.13327],[5.74862,43.13225],[5.74957,43.13097],[5.75287,43.13033],[5.75721,43.13263],[5.76176,43.13712],[5.76519,43.13847],[5.76961,43.13859],[5.76999,43.1392],[5.77445,43.13785],[5.77759,43.13584],[5.78093,43.13076],[5.78095,43.12952],[5.77456,43.12341],[5.7714,43.11848],[5.7722,43.11658],[5.78853,43.1133],[5.79177,43.11235],[5.79948,43.11617],[5.80323,43.11707],[5.80723,43.11579],[5.81333,43.10801],[5.81334,43.10678],[5.81104,43.10317],[5.80795,43.10121],[5.80761,43.09937],[5.81113,43.0981],[5.81057,43.09687],[5.81051,43.09522],[5.81073,43.09681],[5.81206,43.09717],[5.81242,43.09566],[5.81185,43.09559],[5.81147,43.09547],[5.81255,43.09475],[5.80613,43.08051],[5.80382,43.0767],[5.79966,43.07453],[5.80298,43.06993],[5.81909,43.06002],[5.82198,43.05369],[5.83065,43.05049],[5.84296,43.04803],[5.84494,43.04802],[5.84755,43.04964],[5.85648,43.05105],[5.86192,43.05343],[5.87164,43.06833],[5.8753,43.06883],[5.88026,43.07274],[5.88373,43.07341],[5.88629,43.07669],[5.88639,43.07707],[5.8918,43.07846],[5.89714,43.07807],[5.89904,43.07686],[5.8994,43.07523],[5.90308,43.07354],[5.9069,43.07133],[5.90729,43.06992],[5.91059,43.06702],[5.91359,43.06704],[5.92113,43.06876],[5.92706,43.07097],[5.93432,43.07171],[5.93899,43.07061],[5.94319,43.06732],[5.94717,43.06831],[5.95143,43.07365],[5.94946,43.07838],[5.94421,43.08181],[5.93826,43.08433],[5.93477,43.08382],[5.93419,43.08655],[5.93404,43.08647],[5.93467,43.08396],[5.93106,43.08271],[5.92717,43.07909],[5.92142,43.08325],[5.92093,43.08446],[5.91765,43.08579],[5.9131,43.08342],[5.90801,43.07838],[5.90375,43.07924],[5.90095,43.07925],[5.90205,43.07995],[5.90145,43.08028],[5.90005,43.07941],[5.9003,43.08217],[5.9015,43.0815],[5.90103,43.08069],[5.90169,43.08041],[5.90224,43.08119],[5.90042,43.08246],[5.89907,43.08095],[5.89622,43.08088],[5.89495,43.08159],[5.89679,43.085],[5.89966,43.08994],[5.902,43.09222],[5.90224,43.09232],[5.90643,43.09326],[5.9096,43.09499],[5.90858,43.10115],[5.90178,43.10452],[5.89608,43.10558],[5.8982,43.10387],[5.89428,43.10289],[5.88988,43.10335],[5.8823,43.10092],[5.88141,43.10232],[5.88287,43.10462],[5.88158,43.10653],[5.8873,43.11201],[5.88536,43.1175],[5.88587,43.1164],[5.88743,43.11624],[5.90072,43.11377],[5.90709,43.11487],[5.92065,43.12413],[5.9264,43.12189],[5.92739,43.11989],[5.92668,43.11851],[5.92456,43.11952],[5.92542,43.11549],[5.92629,43.11557],[5.92846,43.12111],[5.93444,43.11869],[5.93399,43.11812],[5.92957,43.11721],[5.93081,43.11195],[5.92565,43.10386],[5.92581,43.10178],[5.93093,43.10276],[5.93542,43.10553],[5.93896,43.10667],[5.9438,43.10756],[5.94972,43.10714],[5.95508,43.10805],[5.95636,43.10841],[5.96359,43.10683],[5.97317,43.1075],[5.9765,43.10758],[5.97754,43.10584],[5.97869,43.10687],[5.98105,43.1073],[5.99302,43.10511],[6.00752,43.10346],[6.01394,43.10036],[6.01499,43.09823],[6.01737,43.09904],[6.02328,43.09501],[6.0248,43.09205],[6.02183,43.08769],[6.01719,43.08396],[6.01779,43.082],[6.02138,43.07855],[6.03325,43.07789],[6.0369,43.0789],[6.04985,43.07957],[6.05127,43.07908],[6.0567,43.08209],[6.07272,43.0848],[6.07632,43.08708],[6.08556,43.08714],[6.10433,43.08392],[6.10958,43.08403],[6.12005,43.08063],[6.12498,43.07905],[6.12777,43.07388],[6.13292,43.05624],[6.13196,43.04876],[6.12914,43.04366],[6.12598,43.04096],[6.12051,43.0395],[6.11715,43.03922],[6.10639,43.04104],[6.09514,43.04033],[6.09118,43.03598],[6.09843,43.02834],[6.10153,43.0281],[6.11756,43.03438],[6.12821,43.0354],[6.1344,43.03338],[6.1449,43.02824],[6.14998,43.02726],[6.15685,43.02853],[6.16358,43.03128],[6.1653,43.0346],[6.16247,43.03416],[6.15358,43.03519],[6.15187,43.03789],[6.14944,43.05167],[6.15054,43.06449],[6.15154,43.0649],[6.15041,43.06553],[6.15147,43.06546],[6.15402,43.07614],[6.15564,43.0765],[6.15422,43.07648],[6.15466,43.07892],[6.15736,43.08167],[6.15849,43.08566],[6.16092,43.08516],[6.16109,43.08319],[6.1612,43.08572],[6.1596,43.08619],[6.15964,43.08683],[6.16455,43.09397],[6.17275,43.10164],[6.17899,43.10591],[6.19986,43.11543],[6.20986,43.1164],[6.23409,43.11338],[6.24057,43.11392],[6.24352,43.11507],[6.24418,43.11509],[6.24522,43.11443],[6.24602,43.11438],[6.24669,43.11464],[6.24529,43.11455],[6.24545,43.11563],[6.24852,43.11645],[6.24672,43.11409],[6.249,43.11583],[6.24857,43.11678],[6.2484,43.1173],[6.25889,43.12023],[6.2715,43.12116],[6.286,43.11581],[6.28836,43.11196],[6.2939,43.10919],[6.30416,43.10806],[6.31042,43.10829],[6.31576,43.10691],[6.3232,43.10088],[6.32538,43.09588],[6.33242,43.09109],[6.33888,43.08977],[6.36066,43.08862],[6.36774,43.09],[6.37059,43.09138],[6.36723,43.09965],[6.3623,43.10391],[6.35918,43.10949],[6.36029,43.12056],[6.36254,43.12227],[6.36354,43.11989],[6.36543,43.12039],[6.36696,43.12319],[6.36707,43.12544],[6.36613,43.12228],[6.36482,43.1214],[6.36242,43.12372],[6.36483,43.12417],[6.36381,43.1253],[6.36522,43.13207],[6.36737,43.13583],[6.36958,43.1375],[6.37278,43.13786],[6.375,43.13718],[6.37655,43.13751],[6.37706,43.13652],[6.37256,43.13548],[6.373,43.13527],[6.37447,43.13523],[6.37795,43.13662],[6.38135,43.14012],[6.38802,43.14462],[6.40035,43.1479],[6.42557,43.15106],[6.4396,43.14686],[6.44832,43.1529],[6.45313,43.15541],[6.46117,43.15721],[6.47828,43.15525],[6.49066,43.1529],[6.49203,43.15201],[6.49805,43.15335],[6.50921,43.15705],[6.51362,43.15982],[6.52669,43.16526],[6.53288,43.16413],[6.53629,43.16545],[6.53994,43.16904],[6.54004,43.17176],[6.53859,43.17345],[6.53453,43.17334],[6.53421,43.17417],[6.53605,43.17816],[6.53893,43.18083],[6.54522,43.18455],[6.55238,43.18737],[6.56218,43.18917],[6.56373,43.18822],[6.56871,43.18741],[6.59043,43.18602],[6.59762,43.18424],[6.60201,43.1822],[6.60555,43.1743],[6.6122,43.16623],[6.61725,43.16223],[6.62372,43.16564],[6.63048,43.17091],[6.63392,43.17258],[6.63988,43.17217],[6.64207,43.17077],[6.64348,43.16836],[6.64672,43.16774],[6.64683,43.16885],[6.64516,43.17063],[6.64224,43.17207],[6.6408,43.1769],[6.64047,43.17991],[6.64202,43.18554],[6.65306,43.19218],[6.66177,43.19577],[6.66912,43.19575],[6.67724,43.19713],[6.68054,43.19932],[6.67724,43.20347],[6.67126,43.20555],[6.66799,43.20775],[6.66402,43.21264],[6.66278,43.21779],[6.66233,43.22559],[6.66461,43.2417],[6.66641,43.24421],[6.66922,43.2459],[6.67652,43.24486],[6.68608,43.25156],[6.69095,43.25671],[6.69695,43.26355],[6.69678,43.26649],[6.69133,43.27051],[6.67739,43.2786],[6.66996,43.27625],[6.66954,43.26821],[6.66743,43.26614],[6.66477,43.26494],[6.66201,43.26509],[6.64617,43.27354],[6.64333,43.27382],[6.63258,43.27285],[6.62375,43.26537],[6.61585,43.26384],[6.59362,43.26242],[6.59068,43.2639],[6.59118,43.26611],[6.59025,43.26844],[6.59074,43.26535],[6.58798,43.26372],[6.58163,43.26779],[6.58359,43.26852],[6.58824,43.26793],[6.58718,43.26912],[6.58107,43.26897],[6.57435,43.2672],[6.57411,43.27068],[6.57624,43.27417],[6.6206,43.29615],[6.62927,43.30475],[6.63396,43.30691],[6.63514,43.30732],[6.63734,43.30546],[6.64116,43.30503],[6.64492,43.3063],[6.6619,43.31426],[6.66614,43.3178],[6.66518,43.3249],[6.66902,43.33253],[6.67357,43.33668],[6.68233,43.34147],[6.69807,43.34241],[6.7108,43.34486],[6.71538,43.34685],[6.71633,43.34787],[6.71369,43.35217],[6.71407,43.35363],[6.71885,43.35739],[6.71791,43.36061],[6.71522,43.3634],[6.71506,43.36827],[6.72101,43.37723],[6.72151,43.37971],[6.73185,43.3896],[6.72942,43.39552],[6.73078,43.40072],[6.73363,43.40606],[6.73882,43.41153],[6.74558,43.4178],[6.75086,43.42102],[6.75639,43.42294],[6.76344,43.42444],[6.76369,43.42324],[6.7636,43.42403],[6.76596,43.42379],[6.76579,43.42257],[6.76419,43.42263],[6.76545,43.42167],[6.76853,43.42112],[6.76977,43.4197],[6.76857,43.41935],[6.77035,43.41918],[6.77836,43.41486],[6.78045,43.41289],[6.77874,43.41394],[6.77664,43.41398],[6.77338,43.41597],[6.77393,43.41506],[6.77711,43.41357],[6.77997,43.41293],[6.78147,43.40904],[6.78059,43.41263],[6.78227,43.41259],[6.78328,43.41034],[6.78932,43.40847],[6.79401,43.41097],[6.7952,43.41294],[6.7977,43.41384],[6.80984,43.41307],[6.82944,43.41851],[6.83909,43.4166],[6.85187,43.41113],[6.85517,43.41141],[6.85771,43.41459],[6.85954,43.41929],[6.85684,43.42564],[6.85681,43.43018],[6.85953,43.4333],[6.86242,43.43404],[6.86568,43.43388],[6.87057,43.42904],[6.87637,43.42648],[6.89197,43.42885],[6.89791,43.43934],[6.90239,43.44325],[6.90746,43.44574],[6.91776,43.44794],[6.92073,43.45128],[6.92243,43.45486],[6.92414,43.46888],[6.92691,43.47448],[6.93345,43.48031],[6.93107,43.48118],[6.93088,43.48375],[6.93462,43.48447],[6.93508,43.48362],[6.9332,43.48298],[6.93509,43.48324],[6.93583,43.48442],[6.94247,43.48475],[6.94737,43.48861],[6.95063,43.49297],[6.95199,43.50154],[6.94495,43.50908],[6.93743,43.51469],[6.93703,43.51722],[6.9402,43.51759],[6.94134,43.51708],[6.93877,43.51445],[6.93943,43.51422],[6.94163,43.51699],[6.94111,43.52069],[6.94257,43.52291],[6.94533,43.52602],[6.9485,43.52677],[6.94939,43.52627],[6.94519,43.52158],[6.9498,43.52636],[6.94876,43.52703],[6.94545,43.52696],[6.94952,43.53073],[6.95177,43.53465],[6.95442,43.53541],[6.9527,43.53579],[6.96159,43.54151],[6.97001,43.54504],[6.97752,43.54703],[6.98132,43.5476],[6.98885,43.54881],[6.99942,43.54894],[7.00763,43.5484],[7.01238,43.55056],[7.01646,43.55105],[7.02493,43.54939],[7.02643,43.54851],[7.03201,43.54647],[7.03441,43.54421],[7.03229,43.5389],[7.03071,43.53929],[7.02943,43.54116],[7.03006,43.53961],[7.03092,43.53889],[7.03255,43.53844],[7.03358,43.5392],[7.03659,43.53783],[7.03598,43.53623],[7.03425,43.537],[7.03496,43.53614],[7.03723,43.53511],[7.03882,43.53584],[7.04058,43.54118],[7.04433,43.54402],[7.04853,43.54689],[7.05387,43.54739],[7.05756,43.55083],[7.06823,43.56258],[7.07515,43.56599],[7.08065,43.56756],[7.08257,43.56727],[7.08259,43.56575],[7.07807,43.56301],[7.0766,43.56285],[7.07771,43.56262],[7.08029,43.56392],[7.08423,43.56683],[7.08358,43.56905],[7.08552,43.56977],[7.0871,43.56946],[7.08701,43.57004],[7.09794,43.57105],[7.10328,43.57039],[7.10366,43.56981],[7.10398,43.57022],[7.11349,43.56676],[7.12164,43.55947],[7.1221,43.55739],[7.12112,43.55539],[7.12237,43.5543],[7.12219,43.55256],[7.11786,43.5497],[7.11989,43.54295],[7.1213,43.54233],[7.13095,43.54433],[7.13833,43.54689],[7.14312,43.55186],[7.13689,43.55433],[7.13606,43.55917],[7.13976,43.56837],[7.13881,43.57002],[7.13112,43.57005],[7.13033,43.56953],[7.12583,43.57324],[7.12605,43.57663],[7.12904,43.58118],[7.12907,43.58133],[7.13154,43.5866],[7.13202,43.59053],[7.13145,43.5871],[7.12953,43.58463],[7.12767,43.58382],[7.12254,43.58482],[7.12161,43.58628],[7.12316,43.5885],[7.1265,43.58851],[7.12709,43.59228],[7.12568,43.5955],[7.12581,43.59966],[7.12675,43.60721],[7.12586,43.60851],[7.13004,43.6179],[7.13518,43.62962],[7.13658,43.63168],[7.13825,43.63168],[7.13723,43.63228],[7.13859,43.63432],[7.13702,43.63469],[7.13637,43.63627],[7.14041,43.63489],[7.13984,43.63246],[7.14098,43.6341],[7.14019,43.63623],[7.1429,43.64026],[7.14431,43.64311],[7.14612,43.64192],[7.14561,43.64378],[7.15263,43.65043],[7.15523,43.65269],[7.15751,43.6537],[7.16497,43.65654],[7.16979,43.65736],[7.17832,43.65601],[7.19598,43.65703],[7.19717,43.65667],[7.19952,43.66093],[7.19785,43.66328],[7.19887,43.66366],[7.20011,43.66395],[7.2016,43.65914],[7.20251,43.65195],[7.19941,43.64715],[7.2017,43.64541],[7.20673,43.64628],[7.21242,43.64929],[7.22092,43.65573],[7.22645,43.66273],[7.23036,43.67437],[7.23067,43.6747],[7.23152,43.67666],[7.23087,43.67842],[7.2324,43.68083],[7.24156,43.68808],[7.24165,43.68812],[7.24552,43.6904],[7.25316,43.69246],[7.25635,43.69326],[7.26367,43.69436],[7.26881,43.69437],[7.26921,43.6945],[7.27659,43.69449],[7.28049,43.69292],[7.28193,43.69312],[7.29038,43.69227],[7.29332,43.69088],[7.29425,43.68821],[7.30439,43.6852],[7.30806,43.68842],[7.30849,43.69291],[7.307,43.69765],[7.31171,43.70112],[7.31295,43.7052],[7.31447,43.7067],[7.31834,43.70606],[7.32472,43.70063],[7.32673,43.69579],[7.32289,43.69267],[7.32156,43.6876],[7.32451,43.67834],[7.32922,43.67716],[7.33489,43.67761],[7.34067,43.68473],[7.33974,43.68781],[7.3369,43.68979],[7.33553,43.69193],[7.33704,43.68913],[7.3361,43.68966],[7.33594,43.68902],[7.33687,43.68881],[7.3366,43.68825],[7.33485,43.68833],[7.32957,43.70196],[7.33198,43.70399],[7.33342,43.70351],[7.3373,43.70682],[7.3369,43.70777],[7.33544,43.70775],[7.33621,43.71069],[7.3389,43.71004],[7.3378,43.70762],[7.33932,43.71025],[7.33886,43.71236],[7.34272,43.71383],[7.34846,43.7144],[7.35116,43.71632],[7.35189,43.71871],[7.35875,43.72229],[7.36361,43.72218],[7.3687,43.7202],[7.37776,43.72041],[7.383,43.72285],[7.38904,43.72333],[7.39053,43.72155],[7.39983,43.72078],[7.4029,43.72083],[7.41305,43.72341],[7.41851,43.72475],[7.4091,43.72955],[7.41092,43.73128],[7.41248,43.7316],[7.41266,43.73493],[7.4127,43.73481],[7.4176,43.73786],[7.42183,43.7411],[7.42297,43.7417],[7.42452,43.7409],[7.42613,43.74223],[7.43687,43.75191],[7.43906,43.74928],[7.45333,43.75864],[7.46195,43.76053],[7.46255,43.7601],[7.47541,43.75112],[7.48076,43.74957],[7.48702,43.74921],[7.48787,43.74988],[7.48742,43.75279],[7.48441,43.7545],[7.48195,43.75713],[7.48495,43.76184],[7.48738,43.76285],[7.4881,43.76532],[7.49536,43.77043],[7.49866,43.77193],[7.50401,43.77409],[7.50607,43.77377],[7.50834,43.77462],[7.51112,43.77539],[7.51277,43.77681],[7.50947,43.7753],[7.50827,43.77877],[7.51057,43.78122],[7.52052,43.78233],[7.52223,43.78329],[7.51501,43.78184],[7.51451,43.78301],[7.52376,43.78488],[7.52841,43.78459],[7.52993,43.78426],[7.53015,43.78794],[7.52937,43.78988],[7.52358,43.79782],[7.51897,43.80241],[7.5074,43.84074],[7.50316,43.84431],[7.50056,43.8451],[7.49655,43.85112],[7.49489,43.85574],[7.4954,43.86181],[7.50121,43.87498],[7.50234,43.87491],[7.50964,43.87968],[7.51908,43.8845],[7.53222,43.89026],[7.54744,43.89417],[7.55132,43.89431],[7.56116,43.89878],[7.56322,43.90296],[7.56225,43.9112],[7.56825,43.92394],[7.57027,43.93147],[7.56844,43.94217],[7.56932,43.94739],[7.5719,43.94718],[7.57458,43.94626],[7.58842,43.95531],[7.6036,43.95609],[7.61783,43.95929],[7.63219,43.96477],[7.6368,43.96936],[7.64276,43.97355],[7.64792,43.97412],[7.65576,43.98158],[7.67052,43.99841],[7.6632,44.0149],[7.66189,44.01802],[7.66225,44.02482],[7.66645,44.0313],[7.67952,44.03435],[7.69356,44.04015],[7.69845,44.04381],[7.70258,44.0487],[7.71153,44.06465],[7.71611,44.08176],[7.71188,44.08859],[7.69568,44.10119],[7.68948,44.10885],[7.68364,44.11303],[7.67457,44.11797],[7.6718,44.12128],[7.66777,44.12949],[7.67173,44.13724],[7.67665,44.14211],[7.67745,44.1443],[7.67394,44.15083],[7.6748,44.16113],[7.68072,44.1659],[7.68447,44.17395],[7.67979,44.17641],[7.67391,44.17722],[7.65605,44.17721],[7.64525,44.17797],[7.63608,44.17711],[7.63106,44.17182],[7.63011,44.16989],[7.63136,44.16857],[7.6312,44.16706],[7.62857,44.16404],[7.62725,44.15879],[7.62172,44.15247],[7.61465,44.14967],[7.60489,44.14983],[7.59401,44.15225],[7.57119,44.15261],[7.56548,44.15197],[7.5622,44.14998],[7.55281,44.14666],[7.54292,44.1452],[7.52659,44.13971],[7.51304,44.14],[7.50793,44.14317],[7.50439,44.14335],[7.50008,44.14238],[7.47886,44.1334],[7.45817,44.12639],[7.44612,44.12896],[7.43609,44.12924],[7.43004,44.12648],[7.42629,44.11913],[7.42718,44.11305],[7.42105,44.11373],[7.41575,44.11705],[7.40374,44.1208],[7.38678,44.1242],[7.36891,44.11681],[7.36131,44.11641],[7.35675,44.11859],[7.3515,44.12824],[7.34662,44.14003],[7.34007,44.14297],[7.33168,44.14479],[7.31499,44.14487],[7.30772,44.14581],[7.29397,44.14523],[7.28082,44.14374],[7.27524,44.14507],[7.27084,44.14773],[7.26237,44.14816],[7.25922,44.15359],[7.25501,44.15543],[7.24482,44.16571],[7.22943,44.16914],[7.21947,44.16841],[7.20956,44.17711],[7.20439,44.18298],[7.1936,44.18719],[7.18876,44.19732],[7.18437,44.2002],[7.17314,44.20059],[7.16318,44.20822],[7.14824,44.2007],[7.14226,44.20059],[7.11763,44.21549],[7.10366,44.2197],[7.08913,44.226],[7.08638,44.22916],[7.07915,44.23165],[7.07025,44.23296],[7.04314,44.22563],[7.02404,44.23249],[7.02024,44.2329],[7.01929,44.23237],[7.00929,44.23553],[7.00776,44.2367],[6.99812,44.24971],[6.99682,44.25234],[6.99616,44.27485],[6.99402,44.28058],[6.9886,44.28362],[6.97043,44.28967],[6.95731,44.29536],[6.95572,44.29751],[6.96002,44.30737],[6.96019,44.31146],[6.95301,44.3179],[6.94344,44.32296],[6.92648,44.33469],[6.92163,44.34614],[6.92264,44.35055],[6.92196,44.35152],[6.90253,44.35803],[6.88743,44.36129],[6.88699,44.36438],[6.88792,44.36726],[6.89449,44.36961],[6.8967,44.37489],[6.89498,44.38464],[6.89481,44.39393],[6.8963,44.40804],[6.89338,44.41652],[6.89992,44.42094],[6.90704,44.42296],[6.94192,44.42836],[6.94562,44.43129],[6.93536,44.44011],[6.91911,44.44685],[6.91256,44.45082],[6.9112,44.45235],[6.9063,44.46646],[6.90447,44.46863],[6.89973,44.47046],[6.89263,44.47189],[6.88513,44.47567],[6.87822,44.4803],[6.8709,44.49077],[6.8692,44.49233],[6.86565,44.49517],[6.86123,44.50324],[6.85738,44.51371],[6.85548,44.52594],[6.85965,44.53472],[6.87209,44.54528],[6.87848,44.55223],[6.89936,44.55523],[6.91197,44.55868],[6.91582,44.56207],[6.91874,44.56681],[6.92236,44.57051],[6.92842,44.57444],[6.93285,44.57863],[6.93308,44.59484],[6.9368,44.60097],[6.94357,44.60552],[6.95004,44.61377],[6.95469,44.61748],[6.96136,44.62025],[6.96337,44.62337],[6.94798,44.65221],[6.94842,44.6548],[6.95782,44.66542],[6.96272,44.67795],[6.97389,44.67971],[6.98259,44.68576],[6.99605,44.69041],[6.9988,44.69054],[7.00479,44.6873],[7.02233,44.69103],[7.03099,44.6912],[7.03645,44.68954],[7.04251,44.68578],[7.05958,44.68006],[7.07134,44.68009],[7.07717,44.68121],[7.07561,44.6903],[7.07081,44.69896],[7.06629,44.71043],[7.05672,44.71495],[7.04224,44.7186],[7.03282,44.72761],[7.02702,44.73634],[7.02234,44.75504],[7.02352,44.76436],[7.01863,44.77685],[7.0141,44.78084],[7.00728,44.78481],[6.99958,44.78972],[7.00418,44.79411],[7.02333,44.82149],[7.0173,44.82483],[7.00821,44.83227],[7.00506,44.84026],[7.00211,44.84184],[6.97058,44.84643],[6.94859,44.85752],[6.93091,44.86309],[6.92799,44.86025],[6.92234,44.85125],[6.91271,44.84497],[6.90713,44.84422],[6.90256,44.84799],[6.88337,44.8481],[6.8585,44.85442],[6.84175,44.85973],[6.83848,44.86118],[6.83007,44.86801],[6.80458,44.87714],[6.79979,44.88504],[6.78414,44.89074],[6.78105,44.89324],[6.77878,44.89682],[6.7725,44.9001],[6.76655,44.90233],[6.76189,44.90259],[6.75235,44.90561],[6.75089,44.90593],[6.74967,44.90746],[6.75403,44.93017],[6.75282,44.93804],[6.76491,44.95961],[6.76533,44.96213],[6.76318,44.97172],[6.74923,44.98266],[6.7379,44.98934],[6.73757,44.99176],[6.73915,44.9939],[6.74869,44.99564],[6.75136,44.9973],[6.75035,45.00171],[6.74514,45.01271],[6.73925,45.01748],[6.72962,45.0203],[6.72035,45.02158],[6.7109,45.02088],[6.67887,45.02066],[6.67142,45.02334],[6.66392,45.03401],[6.66496,45.03995],[6.66738,45.0413],[6.66361,45.05942],[6.6627,45.06907],[6.65883,45.07193],[6.64585,45.07876],[6.64146,45.08822],[6.63218,45.09704],[6.62812,45.10608],[6.62991,45.10937],[6.62722,45.11081],[6.62255,45.116],[6.61549,45.12151],[6.60322,45.12007],[6.58006,45.12174],[6.57683,45.12298],[6.5639,45.11382],[6.56173,45.11021],[6.56155,45.10678],[6.53916,45.09908],[6.52971,45.09857],[6.52552,45.10038],[6.51871,45.1052],[6.51042,45.109],[6.49629,45.10097],[6.48125,45.09414],[6.48633,45.07928],[6.48905,45.06559],[6.48709,45.0564],[6.46087,45.05423],[6.4518,45.05172],[6.44769,45.05272],[6.43671,45.05947],[6.42914,45.06284],[6.41352,45.06325],[6.39728,45.06184],[6.38682,45.06391],[6.36488,45.07017],[6.37277,45.07978],[6.37353,45.08415],[6.3651,45.10205],[6.36293,45.10449],[6.35153,45.11076],[6.33893,45.11899],[6.33789,45.12065],[6.33424,45.12294],[6.32912,45.11695],[6.31796,45.11255],[6.30192,45.10895],[6.29499,45.10863],[6.28628,45.11016],[6.2755,45.1153],[6.26277,45.1265],[6.26057,45.12684],[6.24874,45.11867],[6.23772,45.11231],[6.23231,45.11123],[6.22876,45.1084],[6.23056,45.09673],[6.24203,45.07348],[6.23206,45.06725],[6.22756,45.06718],[6.21976,45.06526],[6.20912,45.03473],[6.20256,45.02265],[6.20271,45.01671],[6.20392,45.01247],[6.20492,45.01247],[6.23647,45.00137],[6.25013,44.99721],[6.25629,44.99664],[6.2697,44.99835],[6.29706,45.00337],[6.3182,45.00386],[6.31927,45.00278],[6.31966,44.99455],[6.31658,44.98758],[6.31502,44.9795],[6.32247,44.97253],[6.3285,44.96971],[6.32336,44.95931],[6.32292,44.95302],[6.33052,44.9464],[6.34703,44.94433],[6.35817,44.94158],[6.35884,44.94128],[6.35841,44.93598],[6.35396,44.92389],[6.35795,44.90971],[6.35688,44.89518],[6.35087,44.87232],[6.35469,44.85597],[6.35097,44.85249],[6.34537,44.85028],[6.33632,44.84837],[6.33469,44.84968],[6.32656,44.85222],[6.31682,44.85891],[6.30487,44.87215],[6.295,44.8742],[6.28821,44.87403],[6.26941,44.87048],[6.25975,44.86441],[6.25324,44.85603],[6.24353,44.8519],[6.22543,44.8522],[6.19638,44.85898],[6.18909,44.85408],[6.18589,44.85365],[6.18077,44.85455],[6.17226,44.85442],[6.17079,44.85422],[6.16966,44.85239],[6.14807,44.85814],[6.13858,44.86328],[6.13279,44.86428],[6.12888,44.86215],[6.11669,44.84934],[6.10643,44.84388],[6.10071,44.84258],[6.09733,44.83823],[6.06005,44.81989],[6.05856,44.81904],[6.0565,44.81581],[6.03582,44.83162],[6.03022,44.8381],[6.02183,44.83755],[6.01507,44.83495],[6.01141,44.83104],[6.00552,44.82082],[5.99639,44.81798],[5.9849,44.8189],[5.97918,44.81859],[5.96662,44.81321],[5.94951,44.80436],[5.95336,44.79979],[5.97769,44.79093],[5.98034,44.78125],[5.95317,44.77131],[5.95185,44.7695],[5.95247,44.76214],[5.95112,44.75962],[5.94538,44.76191],[5.94021,44.76302],[5.93816,44.76268],[5.92988,44.75842],[5.91523,44.7547],[5.91087,44.75772],[5.90643,44.75858],[5.90006,44.75842],[5.89115,44.75437],[5.88942,44.75239],[5.88883,44.7488],[5.88553,44.74735],[5.8795,44.74702],[5.86941,44.75008],[5.84393,44.75358],[5.83141,44.75866],[5.8271,44.75969],[5.82769,44.7483],[5.82915,44.74414],[5.82075,44.73294],[5.80746,44.71192],[5.80319,44.71033],[5.80125,44.70828],[5.80147,44.70678],[5.8243,44.70215],[5.82714,44.70045],[5.83038,44.69023],[5.82707,44.68649],[5.81018,44.67865],[5.79984,44.67221],[5.79786,44.66392],[5.79021,44.65357],[5.78924,44.65308],[5.78218,44.65327],[5.77485,44.65405],[5.75528,44.65868],[5.74918,44.65685],[5.7358,44.64042],[5.72804,44.63921],[5.72352,44.63961],[5.70477,44.64463],[5.6881,44.64807],[5.66507,44.64992],[5.65599,44.65263],[5.65628,44.65409],[5.65433,44.65551],[5.65155,44.65521],[5.64822,44.65238],[5.64168,44.65141],[5.64088,44.63247],[5.64189,44.62665],[5.64314,44.62215],[5.64947,44.61937],[5.64752,44.61281],[5.64164,44.60978],[5.63523,44.60294],[5.63083,44.59652],[5.62748,44.59497],[5.62772,44.59164],[5.62632,44.58662],[5.61603,44.57836],[5.60714,44.56834],[5.60664,44.56682],[5.60101,44.55591],[5.59705,44.54339],[5.60455,44.5403],[5.61005,44.53706],[5.61484,44.53283],[5.6193,44.53412],[5.63311,44.52977],[5.64703,44.51964],[5.65685,44.51132],[5.66471,44.50188],[5.65277,44.50013],[5.64162,44.50238],[5.63519,44.50252],[5.63016,44.50145],[5.62628,44.49812],[5.62373,44.48904],[5.62318,44.48334],[5.61737,44.47368],[5.60364,44.4655],[5.5939,44.46708],[5.58077,44.47135],[5.571,44.47633],[5.56444,44.47551],[5.56205,44.47481],[5.55611,44.47627],[5.5497,44.48005],[5.54132,44.48355],[5.5111,44.49157],[5.5063,44.49217],[5.47986,44.49133],[5.47602,44.49369],[5.47089,44.50018],[5.46437,44.50054],[5.45842,44.49939],[5.45703,44.49619],[5.45897,44.48851],[5.46036,44.48646],[5.46364,44.48046],[5.46345,44.4754],[5.4618,44.47069],[5.46465,44.45416],[5.46395,44.45214],[5.4673,44.44695],[5.47853,44.4428],[5.49299,44.43928],[5.49549,44.4388],[5.49731,44.43539],[5.49359,44.42831],[5.48714,44.42953],[5.48583,44.42908],[5.47679,44.41964],[5.47427,44.41985],[5.46174,44.42662],[5.44968,44.43122],[5.4386,44.43359],[5.4335,44.43323],[5.41836,44.4249],[5.42219,44.41937],[5.42761,44.41573],[5.42975,44.41542],[5.43332,44.41171],[5.43701,44.40125],[5.44059,44.38767],[5.43924,44.38177],[5.43505,44.37723],[5.43182,44.37657],[5.43062,44.37467],[5.43189,44.37177],[5.43493,44.36901],[5.44437,44.36767],[5.44924,44.36875],[5.45952,44.36851],[5.46228,44.36738],[5.46701,44.35709],[5.46752,44.35323],[5.469,44.35163],[5.47495,44.35155],[5.48193,44.34843],[5.49283,44.33712],[5.50229,44.34408],[5.50569,44.34532],[5.51769,44.34783],[5.52276,44.34775],[5.53986,44.34264],[5.5388,44.33668],[5.54405,44.33328],[5.55066,44.33081],[5.56785,44.33252],[5.57123,44.33344],[5.57388,44.33395],[5.58482,44.33211],[5.58782,44.33214],[5.5994,44.33325],[5.60939,44.33239],[5.6192,44.33291],[5.62349,44.33381],[5.62364,44.33526],[5.62691,44.335],[5.62946,44.33385],[5.63167,44.33008],[5.6105,44.31309],[5.60805,44.30802],[5.60831,44.30612],[5.62334,44.304],[5.62603,44.30197],[5.63382,44.30101],[5.63714,44.30032],[5.63958,44.29596],[5.63872,44.29303],[5.63305,44.29052],[5.63189,44.28672],[5.63265,44.28294],[5.64298,44.2733],[5.6468,44.26725],[5.67561,44.27589],[5.68725,44.26663],[5.68304,44.26295],[5.67426,44.25236],[5.67426,44.24921],[5.6727,44.24561],[5.67528,44.24385],[5.68152,44.23326],[5.68114,44.23079],[5.67921,44.22093],[5.67603,44.21221],[5.6833,44.20261],[5.68644,44.19716],[5.68664,44.19526],[5.68392,44.19263],[5.67582,44.1915],[5.67497,44.1904],[5.6719,44.18969],[5.65773,44.18903],[5.6517,44.18962],[5.65243,44.18546],[5.64367,44.17299],[5.64382,44.16895],[5.64702,44.16637],[5.66627,44.16631],[5.6829,44.16361],[5.67926,44.15536],[5.6777,44.1489],[5.67886,44.14614],[5.67052,44.14821],[5.65531,44.1475],[5.64505,44.14868],[5.63131,44.15042],[5.63971,44.16757],[5.63207,44.17369],[5.62072,44.17721],[5.61643,44.18046],[5.60972,44.18749],[5.60933,44.1907],[5.602,44.19166],[5.60117,44.18968],[5.59681,44.18778],[5.57493,44.18567],[5.56809,44.17918],[5.56452,44.17091],[5.56856,44.16871],[5.57249,44.16394],[5.57579,44.16138],[5.58325,44.15781],[5.57863,44.15204],[5.56949,44.14813],[5.55133,44.14979],[5.55012,44.14558],[5.54279,44.13399],[5.54102,44.1327],[5.52433,44.12765],[5.51082,44.12087],[5.5087,44.1185],[5.5044,44.1162],[5.50191,44.11563],[5.49889,44.11605],[5.49447,44.11549],[5.48078,44.11809],[5.45473,44.11917],[5.44914,44.1268],[5.44775,44.13692],[5.43928,44.13782],[5.43654,44.14017],[5.43598,44.15251],[5.42725,44.14903],[5.42366,44.14924],[5.41693,44.15509],[5.41542,44.15533],[5.39642,44.15211],[5.3832,44.15536],[5.38369,44.16475],[5.38651,44.181],[5.38604,44.18618],[5.38142,44.19172],[5.38053,44.19585],[5.38317,44.1991],[5.38468,44.20111],[5.37663,44.20526],[5.35781,44.21285],[5.34759,44.21042],[5.33672,44.20341],[5.33099,44.20421],[5.31873,44.20997],[5.31025,44.20873],[5.30367,44.20657],[5.30327,44.2057],[5.29805,44.20767],[5.28477,44.21765],[5.28063,44.21972],[5.25674,44.23003],[5.24982,44.23147],[5.24829,44.23107],[5.24051,44.23086],[5.23823,44.21343],[5.21035,44.21421],[5.1843,44.21953],[5.17583,44.22041],[5.16824,44.22513],[5.16019,44.22832],[5.15435,44.23215],[5.15125,44.23709],[5.15191,44.23825],[5.16185,44.24582],[5.15965,44.26207],[5.15734,44.26708],[5.14754,44.26958],[5.14664,44.27347],[5.14869,44.28077],[5.1545,44.28501],[5.16291,44.28743],[5.16766,44.28988],[5.17012,44.29888],[5.17282,44.30909],[5.16892,44.31403],[5.16829,44.31473],[5.16639,44.31485],[5.15343,44.30687],[5.14055,44.2966],[5.10779,44.28084],[5.10401,44.28013],[5.08651,44.28399],[5.08552,44.283],[5.08369,44.28289],[5.07666,44.28395],[5.06808,44.29627],[5.06572,44.3025],[5.06054,44.30821],[5.04616,44.30197],[5.02928,44.29794],[5.01702,44.29269],[5.00467,44.28645],[4.99775,44.28572],[4.98947,44.28596],[4.98511,44.28587],[4.98094,44.28467],[4.97129,44.27982],[4.95999,44.27426],[4.94275,44.26897],[4.9376,44.26607],[4.93302,44.26222],[4.92819,44.26251],[4.9181,44.26013],[4.9052,44.26028],[4.89898,44.26146],[4.9011,44.26414],[4.89654,44.26431],[4.88571,44.26147],[4.88013,44.26174],[4.87242,44.25813],[4.86632,44.25303],[4.85725,44.24778],[4.857,44.24584],[4.83957,44.23769],[4.82688,44.2285],[4.82559,44.22857],[4.81734,44.22976],[4.81478,44.23205],[4.8121,44.24204],[4.81269,44.2574],[4.80957,44.26339],[4.80518,44.26902],[4.80403,44.26916],[4.80645,44.27349],[4.80458,44.2777],[4.80349,44.27808],[4.80313,44.2978],[4.80458,44.30383],[4.79941,44.30345],[4.79069,44.3076],[4.78347,44.31639],[4.77583,44.31806],[4.76293,44.32552],[4.75109,44.32515],[4.72154,44.32652],[4.71792,44.32695],[4.71373,44.32556],[4.71242,44.32381],[4.71313,44.32053],[4.69811,44.32083],[4.67862,44.32071],[4.65061,44.3298],[4.65315,44.29481],[4.65289,44.29098],[4.64945,44.27034],[4.64924,44.26442],[4.65158,44.2591],[4.65405,44.25443],[4.66096,44.24776],[4.67336,44.23963],[4.6777,44.2347],[4.67818,44.22953],[4.67313,44.21855],[4.67404,44.21474],[4.67666,44.21264],[4.68106,44.21218],[4.6942,44.21545],[4.70212,44.21588],[4.70588,44.21471],[4.70805,44.21305],[4.70956,44.21011],[4.7097,44.20724],[4.70467,44.20071],[4.70425,44.1975],[4.70462,44.19641],[4.71229,44.19158],[4.71966,44.18949],[4.72247,44.18732],[4.71586,44.16595],[4.71668,44.16262],[4.71812,44.15233],[4.71905,44.14668],[4.71745,44.14158],[4.71166,44.13463],[4.71069,44.11952],[4.70693,44.11365],[4.70607,44.1078],[4.70862,44.1022],[4.71859,44.09238],[4.71978,44.08976],[4.71968,44.08608],[4.72088,44.08133],[4.72365,44.07902],[4.72692,44.07828],[4.73036,44.07912],[4.73787,44.0838],[4.75222,44.08825],[4.75741,44.08806],[4.76079,44.08671],[4.75975,44.08194],[4.76054,44.07898],[4.75795,44.07728],[4.75966,44.075],[4.76193,44.07517],[4.78504,44.06739],[4.78791,44.06504],[4.78849,44.06216],[4.78748,44.05378],[4.78949,44.05152],[4.79569,44.04804],[4.80777,44.04036],[4.81645,44.03146],[4.81794,44.02124],[4.81962,44.01725],[4.82306,44.01602],[4.82843,44.01617],[4.83685,44.01505],[4.8399,44.01365],[4.84271,44.011],[4.84432,44.00283],[4.84557,43.99664],[4.84438,43.98931],[4.84274,43.98694],[4.8409,43.98593],[4.83338,43.98511],[4.8178,43.98874],[4.81473,43.98864],[4.81276,43.98779],[4.81078,43.98412],[4.80968,43.97775],[4.81459,43.96963],[4.81473,43.96532],[4.81296,43.96296],[4.80959,43.96069],[4.79683,43.95645],[4.7919,43.9524],[4.78863,43.94692],[4.78138,43.94033],[4.77742,43.93706],[4.76878,43.93381],[4.76147,43.93491],[4.74985,43.93215],[4.74396,43.92886],[4.73928,43.92413],[4.74047,43.92178],[4.74023,43.91976],[4.73544,43.91666],[4.72989,43.91265],[4.72339,43.90607],[4.71442,43.90217],[4.69997,43.89818],[4.69798,43.89668],[4.70933,43.89804],[4.708,43.89595],[4.69916,43.88949],[4.6866,43.88281],[4.66706,43.87606],[4.66527,43.87469],[4.66545,43.87196],[4.66236,43.87084],[4.66074,43.87592],[4.66001,43.87597],[4.64208,43.86753],[4.64312,43.86327],[4.65158,43.85242],[4.66609,43.84915],[4.66667,43.84723],[4.66572,43.84408],[4.65046,43.83875],[4.64554,43.83534],[4.64295,43.83226],[4.64238,43.8303],[4.64372,43.82737],[4.65215,43.81649],[4.65224,43.81614],[4.65526,43.8073],[4.65436,43.80469],[4.65497,43.8035],[4.65348,43.79399],[4.65157,43.78286],[4.63051,43.76274],[4.6283,43.75788],[4.62484,43.7471],[4.6142,43.73122],[4.6123,43.72474],[4.61226,43.7197],[4.61427,43.71065],[4.61611,43.70692],[4.62333,43.69904],[4.62616,43.69395],[4.62791,43.68926],[4.62732,43.6854],[4.60938,43.68689],[4.60246,43.6858],[4.59744,43.68654],[4.593,43.68759],[4.58943,43.68947],[4.58253,43.69601],[4.58043,43.69702],[4.57527,43.69813],[4.55943,43.69907],[4.55288,43.70111],[4.54549,43.70536],[4.51394,43.70244],[4.49989,43.70205],[4.48603,43.69886],[4.48075,43.69373],[4.47591,43.68548],[4.47584,43.68244],[4.47865,43.67609],[4.47765,43.67284],[4.47581,43.67133],[4.47279,43.67032],[4.45788,43.66804],[4.45146,43.66458],[4.43933,43.64671],[4.43473,43.63409],[4.43214,43.63037],[4.42631,43.625],[4.42635,43.62229],[4.42821,43.61969],[4.43247,43.61577],[4.4399,43.61077],[4.44459,43.60995],[4.45111,43.61071],[4.45586,43.61187],[4.46449,43.61542],[4.46961,43.61412],[4.47467,43.60938],[4.47525,43.60723],[4.47449,43.60447],[4.46436,43.59467],[4.46091,43.58951],[4.45443,43.58514],[4.4489,43.58345],[4.44252,43.58333],[4.43096,43.5858],[4.42473,43.58498],[4.41052,43.57758],[4.4067,43.57225],[4.41385,43.57287],[4.41549,43.57246],[4.41673,43.5711],[4.41661,43.56853],[4.41514,43.5658],[4.40878,43.56082],[4.40488,43.55935],[4.38641,43.55805],[4.38471,43.5555],[4.38092,43.5526],[4.36681,43.54753],[4.36236,43.54692],[4.35363,43.54734],[4.35071,43.54692],[4.34919,43.54386],[4.34242,43.53901],[4.33431,43.53539],[4.33187,43.53561],[4.31626,43.54451],[4.3162,43.5479],[4.32301,43.55304],[4.32171,43.5555],[4.31849,43.55728],[4.31128,43.55128],[4.30767,43.54707],[4.30807,43.54499],[4.31308,43.53915],[4.32245,43.53057],[4.31897,43.52737],[4.2965,43.51472],[4.25504,43.50545],[4.24419,43.50145],[4.23974,43.4992],[4.23803,43.49708],[4.23836,43.49548],[4.23614,43.48814],[4.23045,43.4782],[4.23022,43.4605],[4.3351,43.45645],[4.36923,43.45434],[4.38953,43.45227],[4.39686,43.44973],[4.41858,43.44907],[4.42165,43.44832],[4.4216,43.44646],[4.42322,43.44584],[4.42168,43.44658],[4.42254,43.44968],[4.43216,43.45084],[4.44703,43.45695],[4.45341,43.45814],[4.47663,43.45824],[4.49802,43.45702],[4.52046,43.45456],[4.5365,43.45157],[4.55019,43.44765],[4.56592,43.44113],[4.57543,43.43544],[4.58244,43.42925],[4.5871,43.42284],[4.59107,43.41269],[4.5912,43.40672],[4.58996,43.40348],[4.58727,43.40038],[4.58318,43.39758],[4.57595,43.3945],[4.56989,43.39571],[4.56214,43.39527],[4.55976,43.39436],[4.55432,43.38961],[4.55226,43.38701],[4.55203,43.38511],[4.55509,43.37897],[4.56181,43.37312],[4.58501,43.36157],[4.59659,43.35779],[4.60919,43.35504],[4.64766,43.35005],[4.65865,43.34675],[4.65984,43.34546],[4.65986,43.34605],[4.65908,43.34699],[4.66145,43.34826],[4.66348,43.34724],[4.67164,43.34722],[4.68022,43.34602],[4.68672,43.34747],[4.70362,43.3486],[4.71816,43.35053],[4.7424,43.35101],[4.76881,43.34943],[4.78186,43.34786],[4.80065,43.34385],[4.81526,43.33939],[4.82452,43.33538],[4.84057,43.3332],[4.84156,43.33374],[4.84732,43.33483],[4.86924,43.34256],[4.91576,43.37777],[4.91795,43.38075],[4.9181,43.38562],[4.91483,43.38945],[4.9126,43.39008],[4.91052,43.38973],[4.91481,43.38491],[4.91433,43.38138],[4.91254,43.37844],[4.91018,43.37553],[4.89908,43.36682],[4.89005,43.36344],[4.88448,43.35956],[4.88571,43.35768],[4.88362,43.3555],[4.87757,43.35606],[4.86805,43.36721],[4.85407,43.37274],[4.84586,43.3725],[4.84016,43.3755],[4.8402,43.37706],[4.84836,43.38297],[4.85147,43.38624],[4.85345,43.38761],[4.85583,43.38782],[4.8533,43.38788],[4.85465,43.38864],[4.82944,43.38643],[4.82506,43.38574],[4.81227,43.38477],[4.81164,43.38589],[4.82741,43.38725],[4.85399,43.38951],[4.85287,43.39183],[4.83804,43.39447]]],[[[4.86926,44.3449],[4.87981,44.34531],[4.89536,44.33817],[4.89428,44.333],[4.88951,44.33307],[4.88294,44.32752],[4.8817,44.32482],[4.88524,44.31891],[4.89084,44.31386],[4.89154,44.30732],[4.88928,44.30404],[4.90989,44.30695],[4.91736,44.3087],[4.92191,44.30865],[4.94009,44.30606],[4.94636,44.3046],[4.95366,44.30125],[4.95939,44.30012],[4.97307,44.29868],[4.98106,44.29659],[4.98713,44.29273],[4.98885,44.29693],[4.98766,44.30093],[4.99129,44.31214],[4.99257,44.31375],[5.00258,44.32072],[5.01378,44.32579],[5.01004,44.33069],[5.00902,44.33389],[5.0174,44.34048],[5.02198,44.35085],[5.02171,44.35706],[5.02466,44.36113],[5.02736,44.36295],[5.0547,44.3648],[5.05683,44.3676],[5.06423,44.37314],[5.07032,44.37645],[5.07219,44.37932],[5.071,44.38318],[5.06036,44.38419],[5.05599,44.38325],[5.0403,44.3874],[5.02014,44.3914],[5.0158,44.39273],[5.01478,44.3975],[5.01378,44.40338],[5.01763,44.40726],[5.01703,44.40817],[5.01916,44.41281],[5.01855,44.41576],[5.01182,44.41557],[5.00914,44.41113],[5.00246,44.41252],[4.99063,44.42065],[4.98886,44.42324],[4.97887,44.42344],[4.96245,44.42123],[4.95933,44.41975],[4.95193,44.42002],[4.95198,44.41884],[4.94611,44.41495],[4.93753,44.41304],[4.92296,44.40821],[4.91822,44.40772],[4.91319,44.40053],[4.91101,44.39188],[4.91175,44.38754],[4.90874,44.37684],[4.90697,44.3746],[4.90253,44.37136],[4.89473,44.36929],[4.89319,44.36729],[4.89288,44.36497],[4.89248,44.36196],[4.89073,44.35986],[4.87361,44.35112],[4.87017,44.34822],[4.86926,44.3449]]],[[[5.3103,43.28026],[5.31166,43.27836],[5.31533,43.28153],[5.31602,43.28367],[5.32001,43.28341],[5.32276,43.28573],[5.31869,43.2852],[5.31318,43.28658],[5.31075,43.28464],[5.30237,43.28398],[5.30356,43.28242],[5.30276,43.28181],[5.2946,43.28049],[5.29466,43.27978],[5.29721,43.27899],[5.30278,43.27938],[5.30342,43.278],[5.3028,43.27624],[5.29573,43.2697],[5.28593,43.26605],[5.28848,43.2623],[5.28991,43.26181],[5.29346,43.26512],[5.3018,43.26949],[5.30018,43.27008],[5.30116,43.27149],[5.31029,43.27492],[5.30939,43.27635],[5.30453,43.27697],[5.30473,43.27859],[5.3103,43.28026]]],[[[6.2066,43.00307],[6.20041,43.0038],[6.20241,43.00327],[6.20068,43.00314],[6.20201,43.00188],[6.2001,43.00112],[6.1936,43.00518],[6.18831,43.00501],[6.18382,43.0084],[6.17939,43.0085],[6.17633,43.00721],[6.17296,43.0087],[6.17322,43.00763],[6.17008,43.00578],[6.16807,43.00221],[6.16105,43.00192],[6.1629,42.99888],[6.16829,42.99936],[6.17234,42.99639],[6.17665,42.9965],[6.17907,42.99428],[6.18173,42.99445],[6.18426,42.99234],[6.18743,42.99253],[6.19372,42.99031],[6.19646,42.98813],[6.19628,42.98341],[6.19848,42.98249],[6.20235,42.98217],[6.20586,42.98276],[6.20935,42.9844],[6.21606,42.99072],[6.21965,42.99046],[6.22048,42.99196],[6.22766,42.99316],[6.23954,42.99793],[6.24328,42.99828],[6.24586,42.99749],[6.24766,42.99801],[6.24992,42.99972],[6.24988,43.00343],[6.25175,43.0047],[6.25002,43.00727],[6.24809,43.01619],[6.24305,43.02213],[6.24187,43.02507],[6.23523,43.01483],[6.2321,43.01145],[6.22797,43.01061],[6.21804,43.01245],[6.21521,43.00695],[6.21007,43.00346],[6.2066,43.00307]]],[[[6.41853,43.01249],[6.41326,43.01073],[6.41337,43.01518],[6.40943,43.01728],[6.40854,43.01917],[6.4033,43.01621],[6.4003,43.01636],[6.39478,43.01476],[6.391,43.01232],[6.3834,43.01316],[6.38072,43.0108],[6.38207,43.00749],[6.37697,43.00664],[6.37297,43.00276],[6.3695,43.00204],[6.37016,43.00026],[6.373,42.9964],[6.37921,42.99798],[6.38482,42.99828],[6.38792,42.99754],[6.39138,42.99535],[6.39425,42.99504],[6.39556,42.99358],[6.40006,42.99447],[6.40214,42.99414],[6.41475,43.00479],[6.41851,43.00929],[6.41962,43.01226],[6.41853,43.01249]]],[[[6.51072,43.04615],[6.50844,43.04775],[6.50788,43.05065],[6.50604,43.05132],[6.50225,43.05112],[6.48129,43.0473],[6.47718,43.04742],[6.47552,43.04835],[6.46874,43.0445],[6.46096,43.03342],[6.4561,43.02912],[6.45127,43.02681],[6.44041,43.02419],[6.43598,43.02229],[6.43417,43.01959],[6.43441,43.01532],[6.43318,43.01155],[6.43353,43.00917],[6.43589,43.00592],[6.43859,43.00494],[6.44304,43.00732],[6.45189,43.01632],[6.4542,43.01647],[6.46008,43.01468],[6.46594,43.01685],[6.46961,43.01718],[6.47377,43.02517],[6.47994,43.03078],[6.4853,43.03888],[6.48844,43.04016],[6.48872,43.04198],[6.4921,43.04136],[6.49614,43.04263],[6.50245,43.04199],[6.50617,43.04283],[6.51072,43.04615]]]]}},{"type":"Feature","properties":{"code":"84","nom":"Auvergne-Rhône-Alpes"},"geometry":{"type":"Polygon","coordinates":[[[2.16913,44.64725],[2.16854,44.63962],[2.16958,44.6381],[2.17414,44.63443],[2.17668,44.6355],[2.19362,44.626],[2.1994,44.62214],[2.20545,44.61641],[2.20779,44.61577],[2.21193,44.61923],[2.21708,44.62181],[2.2207,44.62209],[2.22072,44.62335],[2.21819,44.62482],[2.21146,44.64033],[2.20842,44.64384],[2.21536,44.6502],[2.22759,44.65436],[2.23998,44.65359],[2.25091,44.652],[2.259,44.65694],[2.27036,44.66059],[2.27415,44.66082],[2.27469,44.66121],[2.28285,44.66529],[2.288,44.66647],[2.29517,44.66687],[2.29763,44.66491],[2.30145,44.66364],[2.30827,44.66385],[2.31896,44.66692],[2.32424,44.66918],[2.32681,44.66993],[2.33241,44.66448],[2.3339,44.66433],[2.33664,44.66195],[2.33773,44.65659],[2.33662,44.65541],[2.33509,44.64782],[2.3491,44.64094],[2.35307,44.64031],[2.36779,44.64217],[2.3741,44.64572],[2.37743,44.64894],[2.39754,44.64638],[2.40538,44.64728],[2.42111,44.6439],[2.42997,44.64045],[2.43708,44.64294],[2.44463,44.64664],[2.4459,44.64805],[2.44849,44.64872],[2.45149,44.64844],[2.46773,44.64286],[2.46916,44.64425],[2.46893,44.64964],[2.47217,44.65219],[2.47658,44.65056],[2.47772,44.64934],[2.47976,44.64907],[2.48391,44.65076],[2.48956,44.65747],[2.48841,44.66286],[2.492,44.67358],[2.49921,44.68711],[2.50322,44.69125],[2.51894,44.69907],[2.51886,44.70301],[2.5291,44.70923],[2.53641,44.71201],[2.54079,44.71169],[2.54968,44.71931],[2.55364,44.72525],[2.5467,44.72493],[2.54434,44.72526],[2.54435,44.72589],[2.54574,44.72791],[2.55207,44.73143],[2.55271,44.73781],[2.55444,44.7391],[2.5523,44.74577],[2.55189,44.75318],[2.55342,44.75731],[2.55823,44.75771],[2.5604,44.76017],[2.56327,44.77064],[2.56348,44.77386],[2.56202,44.77733],[2.5643,44.77809],[2.58211,44.78426],[2.58653,44.7839],[2.60046,44.79365],[2.60056,44.80696],[2.59874,44.81615],[2.59662,44.82006],[2.59814,44.82083],[2.60679,44.8234],[2.60951,44.82585],[2.61144,44.83092],[2.60772,44.83739],[2.6083,44.8429],[2.62015,44.85841],[2.62898,44.87247],[2.64259,44.87107],[2.65623,44.87242],[2.65806,44.88458],[2.66182,44.88894],[2.66831,44.89382],[2.67537,44.90244],[2.68187,44.90735],[2.68399,44.90699],[2.69133,44.90268],[2.70636,44.90714],[2.70828,44.90834],[2.71359,44.92713],[2.71669,44.92888],[2.71834,44.9277],[2.7263,44.93185],[2.73769,44.94041],[2.7384,44.94144],[2.76025,44.92893],[2.77408,44.91302],[2.77581,44.90962],[2.77184,44.90167],[2.77268,44.89709],[2.77841,44.88751],[2.77099,44.87827],[2.76762,44.86677],[2.7679,44.86419],[2.77126,44.85781],[2.77427,44.85527],[2.78074,44.85706],[2.78142,44.85783],[2.78286,44.86192],[2.79078,44.8677],[2.80611,44.87174],[2.84898,44.87152],[2.85201,44.87227],[2.85473,44.87406],[2.85669,44.87528],[2.85975,44.87442],[2.85665,44.86305],[2.85503,44.85138],[2.87041,44.82634],[2.87913,44.80381],[2.88841,44.7889],[2.89122,44.78713],[2.89648,44.78534],[2.90408,44.78374],[2.92019,44.79431],[2.92496,44.79137],[2.92816,44.78652],[2.93332,44.78115],[2.93608,44.77685],[2.93505,44.7698],[2.93073,44.76176],[2.91579,44.76669],[2.91163,44.76173],[2.91199,44.7605],[2.916,44.75715],[2.92012,44.75482],[2.92302,44.75547],[2.92674,44.75768],[2.92773,44.7573],[2.93356,44.74873],[2.93479,44.74401],[2.92557,44.72707],[2.93089,44.71303],[2.93434,44.70717],[2.93873,44.69076],[2.93938,44.67763],[2.94164,44.67688],[2.95275,44.66865],[2.96318,44.65868],[2.96187,44.65455],[2.96384,44.65425],[2.97,44.64858],[2.97544,44.64472],[2.98168,44.64467],[2.98494,44.65037],[2.98279,44.65029],[2.98186,44.65226],[2.98982,44.66418],[2.99553,44.67],[2.99859,44.67446],[3.00438,44.69068],[3.01309,44.70319],[3.0133,44.70974],[3.01626,44.71407],[3.0301,44.71651],[3.0391,44.71515],[3.03812,44.72103],[3.03435,44.72922],[3.03125,44.72936],[3.02785,44.73114],[3.02879,44.73339],[3.02961,44.73332],[3.03064,44.73601],[3.03114,44.741],[3.03017,44.74518],[3.03527,44.7536],[3.04224,44.75945],[3.0434,44.76094],[3.0442,44.76964],[3.05025,44.77955],[3.04993,44.78169],[3.04812,44.79161],[3.04592,44.79778],[3.04794,44.80407],[3.07266,44.82254],[3.0773,44.82459],[3.07529,44.82553],[3.07372,44.82796],[3.07127,44.83425],[3.07204,44.83651],[3.0747,44.83667],[3.07989,44.83512],[3.09383,44.83327],[3.09459,44.83413],[3.09901,44.83303],[3.10028,44.84391],[3.09685,44.84941],[3.09633,44.85817],[3.1049,44.86641],[3.10677,44.86762],[3.10679,44.8797],[3.10303,44.8846],[3.1032,44.88667],[3.11328,44.88961],[3.11974,44.89391],[3.12486,44.89885],[3.12815,44.90365],[3.13366,44.90335],[3.1443,44.9002],[3.16699,44.87634],[3.18129,44.86467],[3.18706,44.86149],[3.19142,44.86239],[3.19262,44.86763],[3.19858,44.87137],[3.20429,44.87405],[3.22046,44.87884],[3.22567,44.88216],[3.22694,44.89882],[3.22905,44.90584],[3.23193,44.91127],[3.23962,44.91451],[3.2499,44.91626],[3.24383,44.93137],[3.24857,44.93935],[3.25617,44.9416],[3.25867,44.94236],[3.26744,44.94257],[3.26819,44.94152],[3.26205,44.93578],[3.26246,44.9317],[3.27261,44.92711],[3.28065,44.92609],[3.28563,44.92631],[3.29579,44.93439],[3.33794,44.95591],[3.35464,44.95486],[3.35635,44.96142],[3.36135,44.97141],[3.37273,44.97575],[3.37127,44.96669],[3.37169,44.96021],[3.37837,44.95618],[3.38883,44.95149],[3.39116,44.95196],[3.397,44.95864],[3.40456,44.95676],[3.41248,44.94501],[3.41534,44.94147],[3.41606,44.92795],[3.41393,44.91987],[3.41067,44.91766],[3.41938,44.90837],[3.41804,44.9009],[3.42072,44.89485],[3.42764,44.8898],[3.43596,44.88022],[3.43802,44.87152],[3.43873,44.86065],[3.44185,44.85422],[3.45562,44.8443],[3.45872,44.83936],[3.45848,44.83582],[3.47157,44.82009],[3.4785,44.80977],[3.48713,44.80644],[3.4913,44.80822],[3.49345,44.81253],[3.49889,44.81893],[3.50606,44.82407],[3.5073,44.8242],[3.52038,44.82533],[3.53094,44.82758],[3.53815,44.82812],[3.56254,44.8277],[3.56427,44.83278],[3.57172,44.83517],[3.57343,44.83489],[3.57539,44.83298],[3.57885,44.82548],[3.5826,44.82624],[3.58819,44.82625],[3.59019,44.82743],[3.58931,44.83305],[3.59585,44.8528],[3.59518,44.86905],[3.59594,44.87683],[3.60076,44.87891],[3.6067,44.87932],[3.60825,44.8791],[3.6096,44.87727],[3.61491,44.87419],[3.61991,44.8756],[3.63029,44.88071],[3.63247,44.87734],[3.64211,44.87812],[3.64403,44.87712],[3.64556,44.87559],[3.65512,44.87416],[3.65999,44.87004],[3.66406,44.86103],[3.67386,44.85406],[3.67163,44.85254],[3.67094,44.84236],[3.65764,44.83606],[3.66631,44.82864],[3.68299,44.83065],[3.70197,44.83645],[3.70983,44.83648],[3.71751,44.83161],[3.72234,44.83088],[3.73222,44.83345],[3.73546,44.84005],[3.7397,44.83866],[3.74796,44.83167],[3.7518,44.82141],[3.75955,44.81611],[3.76134,44.81426],[3.7622,44.81087],[3.75996,44.80507],[3.76124,44.80164],[3.76425,44.8005],[3.77267,44.79989],[3.7864,44.79404],[3.79694,44.7869],[3.80312,44.78129],[3.80338,44.77029],[3.80679,44.76789],[3.8087,44.76558],[3.81399,44.76775],[3.8175,44.77194],[3.81933,44.77268],[3.83006,44.77569],[3.83418,44.77528],[3.83751,44.77338],[3.84176,44.7723],[3.84306,44.77025],[3.84262,44.76739],[3.83758,44.761],[3.83087,44.75645],[3.82982,44.75479],[3.83632,44.75077],[3.85164,44.74616],[3.85732,44.74552],[3.86261,44.74396],[3.86258,44.74342],[3.8731,44.74068],[3.87696,44.73739],[3.87743,44.7339],[3.87489,44.73156],[3.86639,44.7273],[3.86328,44.71939],[3.86219,44.7128],[3.8627,44.71083],[3.8695,44.69717],[3.87575,44.69616],[3.88285,44.69807],[3.88432,44.69704],[3.88444,44.69393],[3.88276,44.6912],[3.87711,44.68667],[3.86934,44.67841],[3.87089,44.67573],[3.87253,44.67508],[3.88201,44.66623],[3.89091,44.65637],[3.89478,44.65008],[3.89472,44.64729],[3.89787,44.64415],[3.89541,44.64242],[3.89245,44.626],[3.8939,44.61449],[3.89808,44.61332],[3.90456,44.61282],[3.90671,44.61093],[3.90795,44.60761],[3.90628,44.6014],[3.90368,44.59747],[3.90507,44.59257],[3.90582,44.5924],[3.91852,44.58526],[3.92345,44.57177],[3.92775,44.57047],[3.93061,44.57054],[3.93786,44.57358],[3.94859,44.57296],[3.95488,44.56582],[3.96062,44.55342],[3.95964,44.55117],[3.96324,44.54488],[3.96567,44.53802],[3.97357,44.52704],[3.97679,44.517],[3.97735,44.51621],[3.98157,44.5158],[3.98745,44.50186],[3.98588,44.48994],[3.98587,44.47832],[3.99837,44.45966],[4.00388,44.45677],[4.01512,44.45464],[4.01533,44.45365],[4.01486,44.45082],[4.0232,44.44569],[4.03515,44.4444],[4.03717,44.44608],[4.04074,44.4418],[4.04633,44.43183],[4.04304,44.42386],[4.04339,44.41852],[4.04777,44.41809],[4.05507,44.41465],[4.06843,44.40505],[4.06739,44.40308],[4.05696,44.39373],[4.04965,44.39035],[4.04301,44.38614],[4.04377,44.38451],[4.05313,44.3789],[4.05165,44.37744],[4.05122,44.37511],[4.05327,44.359],[4.05444,44.35368],[4.05319,44.34029],[4.04137,44.332],[4.03569,44.32968],[4.04366,44.32391],[4.04703,44.3199],[4.04692,44.31899],[4.05168,44.31698],[4.05435,44.31883],[4.05989,44.32026],[4.06658,44.32417],[4.07769,44.32871],[4.1041,44.33414],[4.10942,44.33088],[4.12,44.3334],[4.12407,44.33639],[4.12713,44.33757],[4.13922,44.32765],[4.14292,44.3132],[4.15175,44.31308],[4.16938,44.31576],[4.17552,44.31782],[4.17779,44.31761],[4.17998,44.30935],[4.18649,44.29981],[4.18935,44.29841],[4.2147,44.29091],[4.21623,44.28901],[4.23138,44.27634],[4.23398,44.275],[4.24131,44.27026],[4.2505,44.26578],[4.25855,44.26434],[4.2585,44.26527],[4.26377,44.26898],[4.26713,44.27016],[4.27989,44.28],[4.2815,44.28411],[4.2885,44.29176],[4.29074,44.30885],[4.28874,44.31195],[4.28821,44.3148],[4.29055,44.31663],[4.29601,44.31381],[4.30352,44.31476],[4.31633,44.32057],[4.32175,44.32401],[4.3291,44.33172],[4.32936,44.33471],[4.32774,44.33726],[4.32578,44.33833],[4.34144,44.33962],[4.36925,44.33967],[4.37645,44.34194],[4.38773,44.34714],[4.39487,44.34473],[4.40326,44.33358],[4.40139,44.32802],[4.39304,44.30838],[4.39318,44.2945],[4.3952,44.29098],[4.40051,44.28826],[4.42224,44.28735],[4.43439,44.28327],[4.44035,44.2836],[4.45326,44.29791],[4.44939,44.29693],[4.45075,44.33417],[4.45307,44.33894],[4.45682,44.34129],[4.46492,44.34169],[4.46567,44.34046],[4.48389,44.33739],[4.50314,44.33964],[4.51214,44.3354],[4.53282,44.32254],[4.54053,44.32361],[4.54636,44.3266],[4.54852,44.32607],[4.5493,44.32464],[4.54904,44.32337],[4.54774,44.32288],[4.54524,44.32197],[4.54474,44.32062],[4.55637,44.30547],[4.56108,44.30144],[4.57,44.29934],[4.57588,44.30085],[4.5812,44.29719],[4.58698,44.2946],[4.59653,44.29198],[4.59965,44.29184],[4.6028,44.29186],[4.60564,44.29096],[4.61001,44.28861],[4.61237,44.28522],[4.61371,44.28055],[4.61639,44.27819],[4.6177,44.27815],[4.62913,44.28423],[4.63294,44.28509],[4.63493,44.28482],[4.63866,44.28232],[4.64057,44.27661],[4.64344,44.27295],[4.64576,44.2707],[4.64945,44.27034],[4.65289,44.29098],[4.65315,44.29481],[4.65061,44.3298],[4.67862,44.32071],[4.69811,44.32083],[4.71313,44.32053],[4.71242,44.32381],[4.71373,44.32556],[4.71792,44.32695],[4.72154,44.32652],[4.75109,44.32515],[4.76293,44.32552],[4.77583,44.31806],[4.78347,44.31639],[4.79069,44.3076],[4.79941,44.30345],[4.80458,44.30383],[4.80313,44.2978],[4.80349,44.27808],[4.80458,44.2777],[4.80645,44.27349],[4.80403,44.26916],[4.80518,44.26902],[4.80957,44.26339],[4.81269,44.2574],[4.8121,44.24204],[4.81478,44.23205],[4.81734,44.22976],[4.82559,44.22857],[4.82688,44.2285],[4.83957,44.23769],[4.857,44.24584],[4.85725,44.24778],[4.86632,44.25303],[4.87242,44.25813],[4.88013,44.26174],[4.88571,44.26147],[4.89654,44.26431],[4.9011,44.26414],[4.89898,44.26146],[4.9052,44.26028],[4.9181,44.26013],[4.92819,44.26251],[4.93302,44.26222],[4.9376,44.26607],[4.94275,44.26897],[4.95999,44.27426],[4.97129,44.27982],[4.98094,44.28467],[4.98511,44.28587],[4.98947,44.28596],[4.99775,44.28572],[5.00467,44.28645],[5.01702,44.29269],[5.02928,44.29794],[5.04616,44.30197],[5.06054,44.30821],[5.06572,44.3025],[5.06808,44.29627],[5.07666,44.28395],[5.08369,44.28289],[5.08552,44.283],[5.08651,44.28399],[5.10401,44.28013],[5.10779,44.28084],[5.14055,44.2966],[5.15343,44.30687],[5.16639,44.31485],[5.16829,44.31473],[5.16892,44.31403],[5.17282,44.30909],[5.17012,44.29888],[5.16766,44.28988],[5.16291,44.28743],[5.1545,44.28501],[5.14869,44.28077],[5.14664,44.27347],[5.14754,44.26958],[5.15734,44.26708],[5.15965,44.26207],[5.16185,44.24582],[5.15191,44.23825],[5.15125,44.23709],[5.15435,44.23215],[5.16019,44.22832],[5.16824,44.22513],[5.17583,44.22041],[5.1843,44.21953],[5.21035,44.21421],[5.23823,44.21343],[5.24051,44.23086],[5.24829,44.23107],[5.24982,44.23147],[5.25674,44.23003],[5.28063,44.21972],[5.28477,44.21765],[5.29805,44.20767],[5.30327,44.2057],[5.30367,44.20657],[5.31025,44.20873],[5.31873,44.20997],[5.33099,44.20421],[5.33672,44.20341],[5.34759,44.21042],[5.35781,44.21285],[5.37663,44.20526],[5.38468,44.20111],[5.38317,44.1991],[5.38053,44.19585],[5.38142,44.19172],[5.38604,44.18618],[5.38651,44.181],[5.38369,44.16475],[5.3832,44.15536],[5.39642,44.15211],[5.41542,44.15533],[5.41693,44.15509],[5.42366,44.14924],[5.42725,44.14903],[5.43598,44.15251],[5.43654,44.14017],[5.43928,44.13782],[5.44775,44.13692],[5.44914,44.1268],[5.45473,44.11917],[5.48078,44.11809],[5.49447,44.11549],[5.49889,44.11605],[5.50191,44.11563],[5.5044,44.1162],[5.5087,44.1185],[5.51082,44.12087],[5.52433,44.12765],[5.54102,44.1327],[5.54279,44.13399],[5.55012,44.14558],[5.55133,44.14979],[5.56949,44.14813],[5.57863,44.15204],[5.58325,44.15781],[5.57579,44.16138],[5.57249,44.16394],[5.56856,44.16871],[5.56452,44.17091],[5.56809,44.17918],[5.57493,44.18567],[5.59681,44.18778],[5.60117,44.18968],[5.602,44.19166],[5.60933,44.1907],[5.60972,44.18749],[5.61643,44.18046],[5.62072,44.17721],[5.63207,44.17369],[5.63971,44.16757],[5.63131,44.15042],[5.64505,44.14868],[5.65531,44.1475],[5.67052,44.14821],[5.67886,44.14614],[5.6777,44.1489],[5.67926,44.15536],[5.6829,44.16361],[5.66627,44.16631],[5.64702,44.16637],[5.64382,44.16895],[5.64367,44.17299],[5.65243,44.18546],[5.6517,44.18962],[5.65773,44.18903],[5.6719,44.18969],[5.67497,44.1904],[5.67582,44.1915],[5.68392,44.19263],[5.68664,44.19526],[5.68644,44.19716],[5.6833,44.20261],[5.67603,44.21221],[5.67921,44.22093],[5.68114,44.23079],[5.68152,44.23326],[5.67528,44.24385],[5.6727,44.24561],[5.67426,44.24921],[5.67426,44.25236],[5.68304,44.26295],[5.68725,44.26663],[5.67561,44.27589],[5.6468,44.26725],[5.64298,44.2733],[5.63265,44.28294],[5.63189,44.28672],[5.63305,44.29052],[5.63872,44.29303],[5.63958,44.29596],[5.63714,44.30032],[5.63382,44.30101],[5.62603,44.30197],[5.62334,44.304],[5.60831,44.30612],[5.60805,44.30802],[5.6105,44.31309],[5.63167,44.33008],[5.62946,44.33385],[5.62691,44.335],[5.62364,44.33526],[5.62349,44.33381],[5.6192,44.33291],[5.60939,44.33239],[5.5994,44.33325],[5.58782,44.33214],[5.58482,44.33211],[5.57388,44.33395],[5.57123,44.33344],[5.56785,44.33252],[5.55066,44.33081],[5.54405,44.33328],[5.5388,44.33668],[5.53986,44.34264],[5.52276,44.34775],[5.51769,44.34783],[5.50569,44.34532],[5.50229,44.34408],[5.49283,44.33712],[5.48193,44.34843],[5.47495,44.35155],[5.469,44.35163],[5.46752,44.35323],[5.46701,44.35709],[5.46228,44.36738],[5.45952,44.36851],[5.44924,44.36875],[5.44437,44.36767],[5.43493,44.36901],[5.43189,44.37177],[5.43062,44.37467],[5.43182,44.37657],[5.43505,44.37723],[5.43924,44.38177],[5.44059,44.38767],[5.43701,44.40125],[5.43332,44.41171],[5.42975,44.41542],[5.42761,44.41573],[5.42219,44.41937],[5.41836,44.4249],[5.4335,44.43323],[5.4386,44.43359],[5.44968,44.43122],[5.46174,44.42662],[5.47427,44.41985],[5.47679,44.41964],[5.48583,44.42908],[5.48714,44.42953],[5.49359,44.42831],[5.49731,44.43539],[5.49549,44.4388],[5.49299,44.43928],[5.47853,44.4428],[5.4673,44.44695],[5.46395,44.45214],[5.46465,44.45416],[5.4618,44.47069],[5.46345,44.4754],[5.46364,44.48046],[5.46036,44.48646],[5.45897,44.48851],[5.45703,44.49619],[5.45842,44.49939],[5.46437,44.50054],[5.47089,44.50018],[5.47602,44.49369],[5.47986,44.49133],[5.5063,44.49217],[5.5111,44.49157],[5.54132,44.48355],[5.5497,44.48005],[5.55611,44.47627],[5.56205,44.47481],[5.56444,44.47551],[5.571,44.47633],[5.58077,44.47135],[5.5939,44.46708],[5.60364,44.4655],[5.61737,44.47368],[5.62318,44.48334],[5.62373,44.48904],[5.62628,44.49812],[5.63016,44.50145],[5.63519,44.50252],[5.64162,44.50238],[5.65277,44.50013],[5.66471,44.50188],[5.65685,44.51132],[5.64703,44.51964],[5.63311,44.52977],[5.6193,44.53412],[5.61484,44.53283],[5.61005,44.53706],[5.60455,44.5403],[5.59705,44.54339],[5.60101,44.55591],[5.60664,44.56682],[5.60714,44.56834],[5.61603,44.57836],[5.62632,44.58662],[5.62772,44.59164],[5.62748,44.59497],[5.63083,44.59652],[5.63523,44.60294],[5.64164,44.60978],[5.64752,44.61281],[5.64947,44.61937],[5.64314,44.62215],[5.64189,44.62665],[5.64088,44.63247],[5.64168,44.65141],[5.64822,44.65238],[5.65155,44.65521],[5.65433,44.65551],[5.65628,44.65409],[5.65599,44.65263],[5.66507,44.64992],[5.6881,44.64807],[5.70477,44.64463],[5.72352,44.63961],[5.72804,44.63921],[5.7358,44.64042],[5.74918,44.65685],[5.75528,44.65868],[5.77485,44.65405],[5.78218,44.65327],[5.78924,44.65308],[5.79021,44.65357],[5.79786,44.66392],[5.79984,44.67221],[5.81018,44.67865],[5.82707,44.68649],[5.83038,44.69023],[5.82714,44.70045],[5.8243,44.70215],[5.80147,44.70678],[5.80125,44.70828],[5.80319,44.71033],[5.80746,44.71192],[5.82075,44.73294],[5.82915,44.74414],[5.82769,44.7483],[5.8271,44.75969],[5.83141,44.75866],[5.84393,44.75358],[5.86941,44.75008],[5.8795,44.74702],[5.88553,44.74735],[5.88883,44.7488],[5.88942,44.75239],[5.89115,44.75437],[5.90006,44.75842],[5.90643,44.75858],[5.91087,44.75772],[5.91523,44.7547],[5.92988,44.75842],[5.93816,44.76268],[5.94021,44.76302],[5.94538,44.76191],[5.95112,44.75962],[5.95247,44.76214],[5.95185,44.7695],[5.95317,44.77131],[5.98034,44.78125],[5.97769,44.79093],[5.95336,44.79979],[5.94951,44.80436],[5.96662,44.81321],[5.97918,44.81859],[5.9849,44.8189],[5.99639,44.81798],[6.00552,44.82082],[6.01141,44.83104],[6.01507,44.83495],[6.02183,44.83755],[6.03022,44.8381],[6.03582,44.83162],[6.0565,44.81581],[6.05856,44.81904],[6.06005,44.81989],[6.09733,44.83823],[6.10071,44.84258],[6.10643,44.84388],[6.11669,44.84934],[6.12888,44.86215],[6.13279,44.86428],[6.13858,44.86328],[6.14807,44.85814],[6.16966,44.85239],[6.17079,44.85422],[6.17226,44.85442],[6.18077,44.85455],[6.18589,44.85365],[6.18909,44.85408],[6.19638,44.85898],[6.22543,44.8522],[6.24353,44.8519],[6.25324,44.85603],[6.25975,44.86441],[6.26941,44.87048],[6.28821,44.87403],[6.295,44.8742],[6.30487,44.87215],[6.31682,44.85891],[6.32656,44.85222],[6.33469,44.84968],[6.33632,44.84837],[6.34537,44.85028],[6.35097,44.85249],[6.35469,44.85597],[6.35087,44.87232],[6.35688,44.89518],[6.35795,44.90971],[6.35396,44.92389],[6.35841,44.93598],[6.35884,44.94128],[6.35817,44.94158],[6.34703,44.94433],[6.33052,44.9464],[6.32292,44.95302],[6.32336,44.95931],[6.3285,44.96971],[6.32247,44.97253],[6.31502,44.9795],[6.31658,44.98758],[6.31966,44.99455],[6.31927,45.00278],[6.3182,45.00386],[6.29706,45.00337],[6.2697,44.99835],[6.25629,44.99664],[6.25013,44.99721],[6.23647,45.00137],[6.20492,45.01247],[6.20392,45.01247],[6.20271,45.01671],[6.20256,45.02265],[6.20912,45.03473],[6.21976,45.06526],[6.22756,45.06718],[6.23206,45.06725],[6.24203,45.07348],[6.23056,45.09673],[6.22876,45.1084],[6.23231,45.11123],[6.23772,45.11231],[6.24874,45.11867],[6.26057,45.12684],[6.26277,45.1265],[6.2755,45.1153],[6.28628,45.11016],[6.29499,45.10863],[6.30192,45.10895],[6.31796,45.11255],[6.32912,45.11695],[6.33424,45.12294],[6.33789,45.12065],[6.33893,45.11899],[6.35153,45.11076],[6.36293,45.10449],[6.3651,45.10205],[6.37353,45.08415],[6.37277,45.07978],[6.36488,45.07017],[6.38682,45.06391],[6.39728,45.06184],[6.41352,45.06325],[6.42914,45.06284],[6.43671,45.05947],[6.44769,45.05272],[6.4518,45.05172],[6.46087,45.05423],[6.48709,45.0564],[6.48905,45.06559],[6.48633,45.07928],[6.48125,45.09414],[6.49629,45.10097],[6.51042,45.109],[6.51871,45.1052],[6.52552,45.10038],[6.52971,45.09857],[6.53916,45.09908],[6.56155,45.10678],[6.56173,45.11021],[6.5639,45.11382],[6.57683,45.12298],[6.58006,45.12174],[6.60322,45.12007],[6.61549,45.12151],[6.62255,45.116],[6.62722,45.11081],[6.62991,45.10937],[6.63294,45.11479],[6.6377,45.11569],[6.64586,45.11521],[6.65367,45.11715],[6.66488,45.12254],[6.67387,45.12937],[6.67495,45.13261],[6.67799,45.13685],[6.67953,45.13894],[6.6817,45.14007],[6.68671,45.13987],[6.71144,45.14486],[6.72757,45.13874],[6.73973,45.13669],[6.74514,45.13894],[6.75026,45.1428],[6.75846,45.15183],[6.7686,45.15975],[6.7782,45.15833],[6.79679,45.15306],[6.81542,45.14672],[6.8414,45.13556],[6.8453,45.13156],[6.8534,45.12824],[6.8798,45.13493],[6.89079,45.13658],[6.8972,45.1431],[6.89002,45.14704],[6.88578,45.15434],[6.8895,45.1625],[6.89646,45.16838],[6.90722,45.16638],[6.91101,45.1665],[6.93044,45.17115],[6.94215,45.17108],[6.94504,45.17324],[6.94283,45.17606],[6.95177,45.18258],[6.95984,45.19558],[6.96225,45.202],[6.96889,45.20812],[6.98026,45.20932],[6.99727,45.21502],[7.00304,45.21607],[7.00952,45.21659],[7.0156,45.21578],[7.03065,45.21833],[7.04275,45.22559],[7.05109,45.22557],[7.05827,45.21986],[7.06775,45.20983],[7.07598,45.21057],[7.08289,45.21729],[7.08295,45.22144],[7.09949,45.23438],[7.10729,45.24235],[7.11798,45.24535],[7.1207,45.24432],[7.12558,45.24476],[7.1351,45.25373],[7.13534,45.26025],[7.13297,45.26593],[7.13367,45.27505],[7.13612,45.28056],[7.13328,45.28502],[7.12205,45.29496],[7.11807,45.3078],[7.11035,45.32052],[7.11171,45.32425],[7.10997,45.32678],[7.11658,45.32877],[7.12134,45.32738],[7.1263,45.32719],[7.13362,45.3309],[7.13375,45.33591],[7.13166,45.33994],[7.13352,45.34512],[7.13797,45.35104],[7.14328,45.35186],[7.15437,45.356],[7.16146,45.35983],[7.16249,45.36151],[7.15912,45.36492],[7.15827,45.37107],[7.16267,45.38133],[7.1704,45.38531],[7.17811,45.39212],[7.18313,45.40137],[7.17603,45.40929],[7.16734,45.41171],[7.16217,45.414],[7.15693,45.41678],[7.14835,45.42382],[7.12861,45.42856],[7.1131,45.43429],[7.11455,45.43677],[7.11363,45.44196],[7.11101,45.44583],[7.1012,45.45377],[7.09859,45.45922],[7.09853,45.46125],[7.10011,45.4641],[7.10286,45.46621],[7.09702,45.46954],[7.07002,45.47435],[7.06168,45.47328],[7.05828,45.47174],[7.05017,45.47214],[7.04762,45.47342],[7.04541,45.47836],[7.04593,45.47952],[7.05637,45.48759],[7.05834,45.49192],[7.05378,45.49531],[7.04436,45.49721],[7.02997,45.49606],[7.01981,45.49728],[7.00925,45.50017],[6.99986,45.50487],[7.0012,45.51119],[7.00401,45.51561],[7.00457,45.51898],[6.99572,45.52792],[6.99314,45.53826],[6.99275,45.54959],[6.99013,45.55755],[6.99037,45.56098],[6.99606,45.56976],[6.99536,45.57575],[6.98076,45.58353],[6.97814,45.58771],[6.97826,45.59062],[6.98586,45.61193],[6.98566,45.61392],[6.9839,45.61491],[6.98461,45.62014],[6.98859,45.62628],[6.99721,45.63076],[7.00088,45.63561],[7.0013,45.63966],[6.9905,45.64311],[6.97463,45.64662],[6.97049,45.65337],[6.96745,45.65424],[6.9634,45.65459],[6.93027,45.64633],[6.9147,45.65186],[6.91688,45.65681],[6.91572,45.66066],[6.90219,45.66384],[6.90616,45.66807],[6.90696,45.67563],[6.90257,45.68095],[6.88701,45.67863],[6.87596,45.67911],[6.86999,45.68036],[6.84623,45.69054],[6.84511,45.69446],[6.84179,45.69989],[6.83602,45.70211],[6.82252,45.7112],[6.81232,45.72317],[6.81136,45.74358],[6.8057,45.74847],[6.80515,45.76844],[6.80235,45.77858],[6.80404,45.79018],[6.81156,45.79915],[6.8124,45.80618],[6.81177,45.80944],[6.81074,45.81182],[6.80816,45.81345],[6.80423,45.81628],[6.81263,45.82468],[6.81796,45.8342],[6.82829,45.83792],[6.83882,45.83995],[6.84811,45.83885],[6.85379,45.83708],[6.86147,45.83247],[6.8618,45.82915],[6.86583,45.82465],[6.8673,45.82409],[6.86884,45.82455],[6.87023,45.82568],[6.87014,45.82803],[6.87338,45.84559],[6.88017,45.84961],[6.88227,45.84956],[6.89445,45.84262],[6.91589,45.84307],[6.94372,45.85216],[6.94844,45.85662],[6.95573,45.86121],[6.96937,45.86625],[6.97888,45.86871],[6.99247,45.86944],[6.99677,45.87207],[7.00315,45.88244],[7.00406,45.89023],[7.00281,45.89727],[7.00755,45.90343],[7.01833,45.91408],[7.02884,45.91955],[7.03551,45.92127],[7.04447,45.92248],[7.04149,45.93131],[7.03771,45.94423],[7.03708,45.95383],[7.03347,45.95633],[7.02137,45.95897],[7.01538,45.96249],[7.00863,45.96924],[7.01087,45.97339],[7.01481,45.97493],[7.01835,45.97948],[7.01831,45.98432],[7.00352,46.00008],[6.99379,46.00126],[6.9855,46.00416],[6.98422,46.00605],[6.9832,46.01318],[6.98107,46.01898],[6.96653,46.03115],[6.96289,46.03044],[6.94987,46.04703],[6.94008,46.05592],[6.93679,46.06095],[6.93183,46.06565],[6.92459,46.06524],[6.91231,46.05436],[6.88782,46.04314],[6.88088,46.04526],[6.87539,46.04973],[6.87173,46.05115],[6.87955,46.06756],[6.88877,46.07363],[6.89104,46.0854],[6.88564,46.09168],[6.8838,46.09587],[6.89303,46.10526],[6.89809,46.12227],[6.89655,46.12408],[6.89071,46.12556],[6.8784,46.12416],[6.85779,46.12622],[6.84195,46.13182],[6.83641,46.13256],[6.81867,46.1311],[6.81511,46.12927],[6.81039,46.13378],[6.80646,46.13638],[6.80074,46.13858],[6.79629,46.14219],[6.79049,46.15452],[6.79224,46.16141],[6.80553,46.1739],[6.80681,46.17803],[6.80903,46.18357],[6.80946,46.18914],[6.80707,46.19596],[6.8033,46.20328],[6.82155,46.22777],[6.82907,46.23381],[6.84293,46.2486],[6.85198,46.25214],[6.85541,46.25521],[6.85857,46.26361],[6.8589,46.27388],[6.86496,46.28113],[6.86437,46.2831],[6.85778,46.2913],[6.85422,46.29241],[6.85211,46.29221],[6.85118,46.29051],[6.84692,46.29005],[6.83164,46.29972],[6.82842,46.30334],[6.82785,46.30841],[6.82375,46.31234],[6.81328,46.31772],[6.80424,46.32001],[6.78163,46.33982],[6.77908,46.34463],[6.77515,46.34714],[6.77209,46.35027],[6.77058,46.35544],[6.77144,46.36102],[6.78071,46.36653],[6.79118,46.36694],[6.80097,46.37534],[6.80543,46.37841],[6.80628,46.38057],[6.80618,46.38262],[6.80249,46.39006],[6.80523,46.3942],[6.79929,46.39369],[6.79428,46.39266],[6.76024,46.40047],[6.75753,46.40267],[6.72235,46.40784],[6.71213,46.40764],[6.69309,46.40802],[6.67821,46.4074],[6.67316,46.40605],[6.65451,46.40509],[6.63828,46.40543],[6.63609,46.40601],[6.62855,46.40442],[6.61912,46.4038],[6.61407,46.40324],[6.58866,46.40226],[6.57362,46.39955],[6.568,46.39834],[6.5656,46.3985],[6.54848,46.39488],[6.54488,46.39473],[6.53545,46.3975],[6.51989,46.40429],[6.51317,46.40491],[6.49227,46.39836],[6.48597,46.39472],[6.48276,46.3918],[6.48277,46.38491],[6.48247,46.38234],[6.47777,46.37598],[6.47837,46.37577],[6.4769,46.37511],[6.47573,46.37561],[6.47674,46.37494],[6.47448,46.37467],[6.45227,46.36755],[6.44309,46.36402],[6.43011,46.35987],[6.41508,46.35993],[6.41069,46.35749],[6.40437,46.35133],[6.39902,46.34977],[6.39182,46.34124],[6.39109,46.34087],[6.39014,46.34139],[6.38716,46.34113],[6.39002,46.34128],[6.39051,46.34066],[6.38972,46.34035],[6.38085,46.34156],[6.36746,46.34567],[6.36258,46.34796],[6.35413,46.35688],[6.34888,46.36751],[6.34281,46.37031],[6.32695,46.37021],[6.31551,46.36883],[6.30858,46.36647],[6.3042,46.36646],[6.30206,46.36419],[6.30107,46.36535],[6.30113,46.36485],[6.30167,46.36436],[6.30055,46.36353],[6.29616,46.36115],[6.29453,46.36128],[6.29141,46.35927],[6.27768,46.35026],[6.27668,46.34487],[6.27229,46.33864],[6.26937,46.3367],[6.25742,46.3222],[6.25359,46.31191],[6.24983,46.30749],[6.24713,46.30181],[6.24843,46.29705],[6.25231,46.29169],[6.23918,46.28178],[6.23804,46.27626],[6.24974,46.2626],[6.26167,46.25456],[6.26301,46.25091],[6.26679,46.24769],[6.27794,46.25134],[6.28435,46.25543],[6.2898,46.25996],[6.29278,46.26364],[6.29486,46.26459],[6.29466,46.25991],[6.29871,46.25736],[6.30417,46.25544],[6.30853,46.25519],[6.3067,46.25233],[6.30908,46.24847],[6.3089,46.24215],[6.29464,46.22513],[6.27635,46.21534],[6.24477,46.20691],[6.24515,46.20497],[6.24094,46.20499],[6.23752,46.20598],[6.23008,46.2035],[6.22294,46.201],[6.22225,46.19903],[6.2139,46.19385],[6.20551,46.19167],[6.20183,46.18799],[6.19828,46.18399],[6.19257,46.18212],[6.18789,46.1808],[6.18618,46.17832],[6.1867,46.17767],[6.18607,46.17739],[6.18878,46.16639],[6.17544,46.15841],[6.15389,46.15221],[6.14864,46.15009],[6.1463,46.14717],[6.14726,46.14668],[6.14488,46.14495],[6.14381,46.14538],[6.13932,46.14443],[6.13688,46.14297],[6.13644,46.14159],[6.13054,46.14041],[6.12656,46.14052],[6.12016,46.14276],[6.10305,46.14432],[6.09856,46.14382],[6.09579,46.14827],[6.09181,46.15195],[6.08169,46.15007],[6.07491,46.14884],[6.07234,46.14994],[6.05226,46.15134],[6.04852,46.14712],[6.0469,46.14176],[6.04508,46.13997],[6.03717,46.13806],[6.01263,46.14243],[5.99833,46.14332],[5.9826,46.1404],[5.98193,46.13741],[5.97973,46.1359],[5.95738,46.12855],[5.9559,46.13236],[5.97305,46.15604],[5.98039,46.16702],[5.99153,46.17764],[5.99499,46.18288],[5.98962,46.18784],[5.964,46.19691],[5.96446,46.19805],[5.97164,46.21131],[5.97461,46.21497],[5.97917,46.21725],[5.99915,46.22159],[6.00698,46.22502],[6.01548,46.23055],[6.01643,46.23198],[6.01899,46.23176],[6.03259,46.23523],[6.03889,46.23517],[6.04174,46.23353],[6.04611,46.23139],[6.0503,46.23514],[6.05345,46.23954],[6.06041,46.24501],[6.06335,46.2458],[6.07506,46.24321],[6.08806,46.24713],[6.08851,46.24588],[6.10145,46.23765],[6.10685,46.24117],[6.10883,46.23987],[6.12079,46.24802],[6.12069,46.24871],[6.12447,46.25125],[6.11998,46.26483],[6.11621,46.26628],[6.11543,46.26594],[6.11348,46.2677],[6.10469,46.28385],[6.10239,46.28494],[6.11958,46.29637],[6.1217,46.29899],[6.12059,46.30737],[6.11921,46.30776],[6.12117,46.31317],[6.12436,46.31728],[6.12612,46.31775],[6.13149,46.32431],[6.13624,46.3321],[6.13788,46.33327],[6.13919,46.3332],[6.15808,46.35192],[6.15928,46.35731],[6.17006,46.36682],[6.16108,46.37617],[6.1436,46.38226],[6.13171,46.38999],[6.11298,46.39994],[6.1131,46.39865],[6.1069,46.39943],[6.1048,46.40041],[6.09763,46.40904],[6.06759,46.4149],[6.06386,46.41639],[6.06015,46.41791],[6.05275,46.41175],[6.05052,46.40801],[6.03675,46.393],[6.02469,46.38389],[6.01174,46.3757],[5.99734,46.36859],[5.98751,46.36485],[5.98325,46.36196],[5.9752,46.35029],[5.9589,46.33303],[5.94106,46.31028],[5.94141,46.3094],[5.9414,46.30876],[5.9374,46.30982],[5.92604,46.31381],[5.92382,46.31183],[5.91674,46.29983],[5.91552,46.29503],[5.90913,46.28384],[5.901,46.28617],[5.89734,46.28576],[5.89462,46.28664],[5.88644,46.27706],[5.87798,46.26902],[5.86949,46.26486],[5.86921,46.26528],[5.86785,46.26799],[5.86401,46.27139],[5.86076,46.26882],[5.84853,46.26208],[5.82625,46.2618],[5.8182,46.26299],[5.76558,46.26808],[5.75666,46.2665],[5.74528,46.26646],[5.73336,46.26377],[5.72839,46.26118],[5.72518,46.26069],[5.72094,46.26352],[5.72008,46.26495],[5.72024,46.26682],[5.71605,46.27992],[5.71929,46.29346],[5.7184,46.29993],[5.7146,46.30902],[5.70799,46.31017],[5.6922,46.30945],[5.68453,46.311],[5.68332,46.31587],[5.6725,46.32159],[5.65585,46.32372],[5.6494,46.32678],[5.6499,46.33415],[5.64981,46.33613],[5.64334,46.33995],[5.63746,46.33644],[5.63409,46.3324],[5.63052,46.3302],[5.61817,46.32917],[5.61391,46.32776],[5.6117,46.3255],[5.60873,46.31766],[5.60626,46.3139],[5.60759,46.31168],[5.60458,46.3094],[5.60224,46.30763],[5.59975,46.30117],[5.59681,46.29663],[5.59023,46.29299],[5.58704,46.29253],[5.56592,46.29409],[5.56183,46.28804],[5.55461,46.28028],[5.54569,46.27289],[5.53411,46.26798],[5.52395,46.26578],[5.51135,46.26447],[5.50509,46.26712],[5.49959,46.2682],[5.48332,46.26744],[5.46732,46.26848],[5.45887,46.28281],[5.45891,46.29071],[5.46374,46.29062],[5.46595,46.29182],[5.47243,46.30803],[5.4753,46.31538],[5.46692,46.32327],[5.46518,46.32354],[5.4642,46.3224],[5.43715,46.31513],[5.43198,46.33102],[5.42366,46.34768],[5.41703,46.34499],[5.41353,46.3214],[5.41023,46.30911],[5.40483,46.31014],[5.40406,46.31477],[5.40393,46.3165],[5.40429,46.33281],[5.40169,46.33279],[5.39938,46.33961],[5.39293,46.34053],[5.38984,46.34171],[5.38138,46.34587],[5.37352,46.35219],[5.37544,46.35826],[5.37616,46.36117],[5.37498,46.36494],[5.37108,46.36742],[5.36272,46.36944],[5.36269,46.37063],[5.36491,46.37286],[5.3715,46.37735],[5.37613,46.38215],[5.36701,46.38848],[5.354,46.39277],[5.35285,46.396],[5.34812,46.39941],[5.34165,46.40178],[5.33527,46.39871],[5.3311,46.39905],[5.32065,46.40483],[5.31465,46.40951],[5.30912,46.41035],[5.29918,46.41261],[5.2989,46.41581],[5.30088,46.41633],[5.30919,46.41503],[5.31436,46.41639],[5.31236,46.42127],[5.31472,46.42545],[5.31886,46.42751],[5.32049,46.43013],[5.31629,46.43866],[5.31063,46.44694],[5.30516,46.44633],[5.29724,46.44814],[5.28865,46.44887],[5.27374,46.44849],[5.27173,46.45012],[5.26504,46.45136],[5.26164,46.45073],[5.25581,46.4527],[5.24826,46.45811],[5.248,46.45915],[5.24133,46.46064],[5.23614,46.45776],[5.23505,46.45789],[5.22811,46.4659],[5.22066,46.46855],[5.21461,46.46866],[5.21581,46.47058],[5.21592,46.47341],[5.2138,46.48335],[5.21283,46.48487],[5.20608,46.48648],[5.20532,46.49558],[5.19916,46.50298],[5.20359,46.50482],[5.19994,46.50751],[5.1865,46.50919],[5.17195,46.5148],[5.1675,46.51911],[5.16575,46.5177],[5.16639,46.50952],[5.1588,46.50661],[5.14228,46.5083],[5.13412,46.50148],[5.12127,46.49814],[5.11587,46.4959],[5.09591,46.49526],[5.07125,46.48652],[5.07142,46.4859],[5.05637,46.48374],[5.0547,46.48411],[5.04627,46.48958],[5.04054,46.49146],[5.03709,46.49178],[5.0144,46.50036],[5.01265,46.50139],[5.01058,46.50642],[5.01041,46.51121],[5.00517,46.50979],[4.98486,46.51513],[4.97994,46.51528],[4.9638,46.51098],[4.96146,46.50733],[4.95175,46.50023],[4.94868,46.50142],[4.94577,46.5044],[4.94387,46.51076],[4.9357,46.51433],[4.93348,46.51248],[4.93118,46.50973],[4.92927,46.50416],[4.92706,46.49932],[4.92472,46.49618],[4.9189,46.49242],[4.91548,46.48883],[4.91445,46.48139],[4.91454,46.48011],[4.91603,46.47342],[4.91427,46.46246],[4.91223,46.45917],[4.89862,46.45],[4.89418,46.44547],[4.89249,46.4426],[4.89114,46.43841],[4.89185,46.43786],[4.89136,46.42798],[4.88874,46.41743],[4.88799,46.41161],[4.88925,46.40556],[4.88847,46.40331],[4.88801,46.40269],[4.88347,46.39786],[4.87409,46.38494],[4.86573,46.37571],[4.85868,46.36808],[4.85462,46.36109],[4.85179,46.35641],[4.85119,46.35233],[4.85293,46.34317],[4.85369,46.33454],[4.85168,46.32631],[4.8411,46.31199],[4.83739,46.30484],[4.83313,46.2998],[4.82649,46.27636],[4.82457,46.27264],[4.81664,46.26562],[4.81156,46.26116],[4.81121,46.25447],[4.81169,46.25005],[4.8094,46.24192],[4.80569,46.23494],[4.80109,46.22978],[4.79808,46.22458],[4.79539,46.22007],[4.7934,46.21379],[4.79277,46.20759],[4.7939,46.20361],[4.79304,46.20157],[4.77996,46.18885],[4.78045,46.17691],[4.77549,46.17718],[4.76901,46.176],[4.76268,46.17635],[4.76115,46.17624],[4.76035,46.17458],[4.75022,46.17421],[4.73832,46.17619],[4.73231,46.17769],[4.72781,46.18275],[4.72452,46.18422],[4.72475,46.18867],[4.72348,46.18915],[4.72016,46.19414],[4.72111,46.19793],[4.72493,46.20548],[4.72742,46.208],[4.73534,46.21099],[4.73576,46.21189],[4.72183,46.22363],[4.71922,46.22765],[4.71999,46.22861],[4.72107,46.22962],[4.73244,46.22667],[4.73686,46.23251],[4.72766,46.23952],[4.70953,46.24831],[4.70526,46.2511],[4.70116,46.25187],[4.6963,46.25075],[4.69372,46.24905],[4.68378,46.25343],[4.67964,46.25979],[4.6799,46.26785],[4.68368,46.26613],[4.68723,46.26555],[4.70074,46.26744],[4.70424,46.27113],[4.70771,46.26971],[4.70883,46.27849],[4.70748,46.28478],[4.7037,46.28461],[4.69476,46.2925],[4.69387,46.29484],[4.69263,46.29873],[4.69351,46.30245],[4.67518,46.30027],[4.66065,46.29741],[4.64554,46.30199],[4.63898,46.30154],[4.63526,46.30019],[4.63597,46.2952],[4.62944,46.28749],[4.61729,46.28228],[4.61687,46.28083],[4.62052,46.27693],[4.62203,46.27103],[4.61833,46.26495],[4.6149,46.26621],[4.58831,46.26838],[4.58641,46.26875],[4.58437,46.26963],[4.57617,46.27445],[4.57238,46.27887],[4.57267,46.28693],[4.57145,46.2904],[4.5694,46.29214],[4.56988,46.29332],[4.56213,46.29462],[4.55775,46.29454],[4.54671,46.28033],[4.54636,46.27413],[4.53736,46.26998],[4.51704,46.26938],[4.50397,46.26724],[4.49193,46.28122],[4.48869,46.288],[4.48444,46.2872],[4.4806,46.28461],[4.47556,46.28456],[4.47244,46.28532],[4.4689,46.28799],[4.46638,46.29146],[4.45836,46.29718],[4.4399,46.29313],[4.43879,46.29342],[4.43797,46.29564],[4.42717,46.30277],[4.42509,46.2964],[4.42268,46.29495],[4.40608,46.29619],[4.4041,46.28822],[4.39716,46.28123],[4.39629,46.27474],[4.39695,46.26686],[4.39335,46.26466],[4.38929,46.25817],[4.39264,46.25136],[4.38815,46.24775],[4.38542,46.24682],[4.38617,46.22578],[4.38768,46.22268],[4.38734,46.22],[4.38914,46.21774],[4.38916,46.21414],[4.38652,46.21243],[4.38079,46.21187],[4.3649,46.20184],[4.36496,46.1937],[4.37073,46.19009],[4.37072,46.18435],[4.35343,46.18578],[4.33649,46.18104],[4.33048,46.18284],[4.32675,46.185],[4.32674,46.18374],[4.31586,46.17162],[4.31183,46.1712],[4.30889,46.17291],[4.30322,46.17446],[4.29652,46.1725],[4.28701,46.1602],[4.2823,46.15691],[4.28104,46.15607],[4.2756,46.15607],[4.25319,46.15785],[4.25008,46.15942],[4.24866,46.16714],[4.25067,46.16716],[4.25997,46.17294],[4.26157,46.17813],[4.25863,46.1813],[4.25806,46.18459],[4.25551,46.18581],[4.23849,46.18422],[4.23552,46.18128],[4.22661,46.17849],[4.2249,46.17775],[4.21964,46.185],[4.20758,46.19132],[4.2002,46.1932],[4.18498,46.19001],[4.18496,46.1799],[4.18671,46.17847],[4.18837,46.17512],[4.17615,46.17344],[4.16434,46.17296],[4.14324,46.17607],[4.13402,46.17733],[4.13324,46.17734],[4.12834,46.18227],[4.10383,46.19855],[4.09875,46.1968],[4.0952,46.1944],[4.08358,46.19116],[4.06018,46.18853],[4.05804,46.18762],[4.05256,46.18225],[4.04982,46.18093],[4.03118,46.17215],[4.00027,46.17116],[3.98853,46.16985],[3.97536,46.18642],[3.97293,46.19289],[3.97271,46.20279],[3.96516,46.20286],[3.96461,46.20179],[3.9541,46.20445],[3.93459,46.20633],[3.91332,46.2071],[3.90945,46.20792],[3.89013,46.21449],[3.89655,46.22371],[3.89923,46.23551],[3.90784,46.24707],[3.9094,46.25773],[3.90874,46.2607],[3.904,46.27392],[3.90201,46.27656],[3.89953,46.27593],[3.89394,46.27981],[3.89124,46.28525],[3.90117,46.2923],[3.91413,46.29685],[3.93001,46.29597],[3.9347,46.29666],[3.94005,46.2985],[3.9475,46.30341],[3.94778,46.30562],[3.94906,46.31492],[3.95833,46.31917],[3.96905,46.32199],[3.98528,46.31748],[3.98879,46.31858],[4.0047,46.32756],[4.00016,46.32838],[3.99436,46.32765],[3.99159,46.32739],[3.98817,46.33185],[3.9861,46.3372],[3.98766,46.34661],[3.98742,46.35109],[3.98866,46.36056],[3.99152,46.37103],[3.98842,46.37593],[3.98364,46.37915],[3.98187,46.38516],[3.97757,46.39787],[3.97818,46.40115],[3.98329,46.40351],[3.9887,46.40877],[3.98814,46.41179],[3.98433,46.41671],[3.98425,46.41887],[3.99531,46.4251],[3.9961,46.42738],[3.9946,46.42943],[3.99418,46.435],[4.00063,46.44342],[4.00012,46.45641],[4.00153,46.45866],[4.00097,46.46175],[3.99841,46.46531],[3.9902,46.4698],[3.9787,46.47439],[3.9774,46.47544],[3.96507,46.47809],[3.96051,46.47775],[3.95626,46.48604],[3.95812,46.4906],[3.95548,46.49172],[3.94981,46.4925],[3.93409,46.49104],[3.92785,46.49228],[3.92046,46.49578],[3.91651,46.49618],[3.90971,46.49527],[3.90348,46.49209],[3.90022,46.48945],[3.89822,46.48514],[3.89659,46.48123],[3.89124,46.48095],[3.86601,46.48911],[3.86085,46.49269],[3.86032,46.49996],[3.86173,46.50445],[3.84947,46.51302],[3.84582,46.51294],[3.84504,46.51308],[3.84092,46.5148],[3.83976,46.51756],[3.84058,46.51922],[3.84584,46.52293],[3.84646,46.52436],[3.84166,46.53027],[3.83791,46.5317],[3.83441,46.53132],[3.81777,46.5252],[3.81135,46.52052],[3.80728,46.51934],[3.80299,46.51957],[3.78366,46.52778],[3.78067,46.52836],[3.77821,46.53053],[3.7774,46.53277],[3.76668,46.53883],[3.75449,46.53613],[3.74901,46.53677],[3.74189,46.53911],[3.73393,46.54607],[3.73237,46.54855],[3.73195,46.55151],[3.73427,46.55436],[3.73951,46.55762],[3.74098,46.5602],[3.74048,46.57593],[3.73903,46.58378],[3.73505,46.59723],[3.73093,46.60153],[3.72431,46.60456],[3.71765,46.60581],[3.71286,46.61023],[3.71323,46.61301],[3.72303,46.62207],[3.72437,46.62585],[3.72271,46.62761],[3.71631,46.63109],[3.71148,46.63393],[3.70801,46.6376],[3.70429,46.64543],[3.69961,46.65191],[3.69936,46.65489],[3.69784,46.65931],[3.69613,46.66131],[3.69181,46.664],[3.68251,46.66774],[3.66901,46.67589],[3.65532,46.68772],[3.65139,46.70282],[3.63873,46.70652],[3.63764,46.70748],[3.63828,46.72038],[3.63695,46.72557],[3.63528,46.7284],[3.62511,46.73596],[3.62259,46.74013],[3.62402,46.7425],[3.62872,46.74603],[3.6294,46.74959],[3.62599,46.75269],[3.62078,46.7543],[3.6019,46.75137],[3.59787,46.75433],[3.59722,46.75584],[3.59785,46.76215],[3.5925,46.76298],[3.58853,46.76134],[3.57964,46.75006],[3.58346,46.74279],[3.59753,46.72741],[3.59792,46.72435],[3.58804,46.72008],[3.58131,46.71829],[3.57777,46.71901],[3.57845,46.72163],[3.57732,46.72277],[3.57535,46.72309],[3.57154,46.72084],[3.57243,46.71899],[3.55944,46.71746],[3.5477,46.72261],[3.5481,46.70623],[3.56095,46.68888],[3.55409,46.68474],[3.54568,46.68233],[3.53771,46.68383],[3.53542,46.68698],[3.53025,46.6891],[3.52111,46.68588],[3.51217,46.68035],[3.5079,46.67437],[3.49078,46.66164],[3.48661,46.65408],[3.48608,46.65257],[3.48171,46.65102],[3.47884,46.65277],[3.47352,46.65368],[3.4569,46.65178],[3.45531,46.65244],[3.45213,46.65792],[3.447,46.66082],[3.44208,46.662],[3.44711,46.66361],[3.45444,46.68158],[3.45285,46.68732],[3.45113,46.69006],[3.44819,46.69235],[3.44597,46.69322],[3.43291,46.6943],[3.43017,46.69873],[3.43012,46.70312],[3.43436,46.71241],[3.41708,46.7104],[3.39008,46.71484],[3.38319,46.71318],[3.3792,46.7099],[3.37816,46.70483],[3.37605,46.70103],[3.373,46.69803],[3.36924,46.69461],[3.35748,46.68878],[3.35143,46.68614],[3.34269,46.68538],[3.33535,46.68537],[3.32404,46.68796],[3.31133,46.69307],[3.2987,46.71306],[3.29441,46.7149],[3.28598,46.71392],[3.28305,46.71514],[3.27763,46.71664],[3.26895,46.71625],[3.25467,46.7062],[3.23413,46.69752],[3.2285,46.69644],[3.22773,46.69021],[3.21948,46.68461],[3.21166,46.68159],[3.20595,46.68138],[3.20437,46.67886],[3.19025,46.68255],[3.18541,46.68508],[3.16612,46.69138],[3.15688,46.69961],[3.14886,46.70864],[3.14703,46.71023],[3.14357,46.71268],[3.13267,46.72503],[3.12956,46.72743],[3.12263,46.72955],[3.11174,46.73089],[3.10461,46.73316],[3.08354,46.73786],[3.06088,46.75012],[3.04888,46.75835],[3.03757,46.77285],[3.03619,46.77648],[3.03674,46.78461],[3.03593,46.78883],[3.0323,46.79335],[3.03206,46.79491],[3.02973,46.79429],[3.02527,46.79467],[3.02091,46.79865],[3.0173,46.79994],[3.00326,46.79803],[2.98895,46.80005],[2.98331,46.80276],[2.97767,46.80383],[2.96055,46.8037],[2.95961,46.80429],[2.95897,46.79984],[2.95331,46.79194],[2.94258,46.79429],[2.94144,46.79512],[2.93996,46.79316],[2.93782,46.79571],[2.93197,46.79557],[2.92214,46.79387],[2.91504,46.79142],[2.90828,46.78779],[2.90813,46.78618],[2.91057,46.78253],[2.90511,46.77738],[2.89913,46.77565],[2.89594,46.77519],[2.88112,46.77022],[2.87682,46.76275],[2.8612,46.75449],[2.84459,46.74227],[2.84375,46.73967],[2.84615,46.73003],[2.8454,46.72667],[2.83711,46.72821],[2.83316,46.73013],[2.82752,46.73534],[2.79738,46.73415],[2.77599,46.72061],[2.77473,46.71894],[2.75852,46.71766],[2.75618,46.72355],[2.74754,46.72691],[2.74397,46.72932],[2.74051,46.73745],[2.73453,46.74622],[2.72885,46.74849],[2.71767,46.74382],[2.70911,46.74131],[2.70484,46.73903],[2.70524,46.72619],[2.68789,46.72174],[2.68497,46.72022],[2.68275,46.71332],[2.67717,46.70558],[2.67782,46.70454],[2.6552,46.69692],[2.65353,46.6933],[2.64808,46.68908],[2.64507,46.68795],[2.64188,46.69027],[2.63738,46.69168],[2.6282,46.69033],[2.62546,46.69003],[2.62334,46.6887],[2.62023,46.68398],[2.62081,46.6809],[2.62388,46.67561],[2.62808,46.67438],[2.63149,46.66876],[2.62935,46.66293],[2.62381,46.6567],[2.60903,46.66067],[2.60392,46.66649],[2.58747,46.66492],[2.5706,46.65916],[2.56982,46.65523],[2.56678,46.65356],[2.56738,46.65241],[2.56945,46.65096],[2.57413,46.64985],[2.58957,46.64797],[2.593,46.64656],[2.59655,46.63751],[2.59172,46.62981],[2.58463,46.62543],[2.58617,46.61925],[2.58873,46.61699],[2.58596,46.6143],[2.56851,46.60914],[2.57075,46.60833],[2.57858,46.59986],[2.58152,46.59322],[2.59107,46.59375],[2.59931,46.59515],[2.60336,46.58698],[2.60414,46.57907],[2.60813,46.57294],[2.61275,46.55647],[2.61109,46.55323],[2.60765,46.54995],[2.59867,46.54818],[2.58617,46.54364],[2.57537,46.53816],[2.57278,46.53435],[2.55547,46.52975],[2.54751,46.52688],[2.53665,46.5197],[2.53282,46.52169],[2.52837,46.52703],[2.52024,46.53123],[2.51228,46.52802],[2.51354,46.52595],[2.51244,46.52395],[2.50256,46.52144],[2.49701,46.52139],[2.49593,46.52332],[2.49693,46.53363],[2.48285,46.53267],[2.47261,46.52778],[2.45056,46.52172],[2.4397,46.52568],[2.42945,46.52643],[2.42073,46.52532],[2.41706,46.52067],[2.38407,46.51829],[2.3683,46.51843],[2.36129,46.51641],[2.35161,46.51226],[2.33286,46.49868],[2.32735,46.49136],[2.32572,46.4871],[2.32958,46.48312],[2.32953,46.48183],[2.32973,46.47958],[2.32751,46.47486],[2.32348,46.47058],[2.31924,46.46877],[2.31675,46.46868],[2.30537,46.47546],[2.2862,46.454],[2.28405,46.45018],[2.28396,46.44524],[2.28127,46.4317],[2.28184,46.42108],[2.28109,46.42047],[2.27909,46.41928],[2.2789,46.41599],[2.27969,46.41312],[2.28205,46.41085],[2.28072,46.41041],[2.27878,46.40767],[2.28432,46.39739],[2.28545,46.38828],[2.28478,46.38631],[2.28768,46.38227],[2.30407,46.37894],[2.32208,46.37703],[2.32709,46.37802],[2.33164,46.37806],[2.33497,46.37324],[2.33648,46.36913],[2.33775,46.36439],[2.33332,46.36506],[2.31928,46.36173],[2.30918,46.35573],[2.30079,46.34369],[2.30108,46.34229],[2.30194,46.34245],[2.31159,46.34183],[2.31471,46.33513],[2.31922,46.33202],[2.33406,46.32599],[2.34276,46.32507],[2.34742,46.32584],[2.35468,46.32584],[2.36179,46.31942],[2.36315,46.3122],[2.36477,46.31079],[2.37069,46.31273],[2.37724,46.32149],[2.38504,46.32954],[2.38587,46.33204],[2.3882,46.33161],[2.38731,46.33053],[2.39835,46.32521],[2.41301,46.31328],[2.41943,46.30946],[2.42047,46.31013],[2.41987,46.30248],[2.4161,46.30006],[2.42124,46.28456],[2.42275,46.28379],[2.42461,46.285],[2.42598,46.28453],[2.43285,46.29476],[2.44303,46.295],[2.4807,46.28105],[2.47941,46.27558],[2.47676,46.26985],[2.48832,46.25302],[2.48891,46.25],[2.48952,46.24747],[2.50207,46.2472],[2.51597,46.23957],[2.5153,46.23862],[2.51629,46.23246],[2.51552,46.22571],[2.51723,46.22066],[2.52032,46.21623],[2.52177,46.20256],[2.52783,46.19073],[2.52839,46.18513],[2.53273,46.18153],[2.54196,46.17601],[2.54397,46.17576],[2.55074,46.17738],[2.55375,46.17591],[2.55813,46.17507],[2.55935,46.174],[2.5616,46.1573],[2.56684,46.14429],[2.5663,46.14315],[2.56083,46.1388],[2.55946,46.13865],[2.5587,46.13776],[2.56026,46.13525],[2.55925,46.1288],[2.55251,46.11951],[2.55094,46.11905],[2.5473,46.11283],[2.54796,46.10964],[2.55089,46.10645],[2.55208,46.10338],[2.5521,46.10046],[2.55101,46.09964],[2.55051,46.09784],[2.55249,46.09342],[2.5513,46.08534],[2.55386,46.0773],[2.55679,46.07125],[2.56317,46.06478],[2.57136,46.04857],[2.57905,46.04427],[2.59779,46.03617],[2.60265,46.0328],[2.60196,46.03288],[2.60018,46.02921],[2.59764,46.01566],[2.59829,46.01525],[2.59405,46.00149],[2.59489,45.98908],[2.59661,45.98667],[2.60737,45.97907],[2.61053,45.97419],[2.61128,45.97199],[2.60897,45.96667],[2.60656,45.9665],[2.56964,45.95882],[2.5632,45.95615],[2.56955,45.94735],[2.55123,45.94123],[2.54838,45.93268],[2.54388,45.92742],[2.54137,45.92059],[2.54656,45.91579],[2.55777,45.9128],[2.55334,45.91175],[2.54248,45.90403],[2.53726,45.90128],[2.53421,45.90123],[2.52894,45.89915],[2.51025,45.88757],[2.50322,45.88015],[2.50122,45.87534],[2.49782,45.87115],[2.49167,45.86714],[2.49216,45.86416],[2.48197,45.86459],[2.47901,45.86834],[2.47914,45.87061],[2.46918,45.87219],[2.46527,45.87135],[2.46559,45.86829],[2.46176,45.86688],[2.44316,45.86626],[2.44379,45.85981],[2.44759,45.8485],[2.44763,45.84581],[2.44559,45.845],[2.43594,45.84701],[2.43437,45.84551],[2.43273,45.83904],[2.41802,45.83497],[2.39863,45.83452],[2.38833,45.82754],[2.38808,45.82575],[2.38941,45.82389],[2.39973,45.8178],[2.40492,45.81369],[2.41056,45.80875],[2.42614,45.7915],[2.43079,45.7884],[2.43201,45.78732],[2.43392,45.77017],[2.43534,45.76705],[2.44283,45.76063],[2.45096,45.75956],[2.45169,45.76137],[2.45492,45.76131],[2.46948,45.75373],[2.48182,45.74838],[2.49099,45.73987],[2.49216,45.73787],[2.49371,45.73777],[2.49954,45.73075],[2.50667,45.72476],[2.51795,45.71288],[2.5198,45.70251],[2.5248,45.69485],[2.52693,45.69487],[2.52579,45.69085],[2.52632,45.68529],[2.52862,45.68238],[2.5146,45.67208],[2.51264,45.66942],[2.51495,45.66405],[2.5194,45.65893],[2.51896,45.647],[2.51385,45.63947],[2.50432,45.63875],[2.49509,45.63984],[2.48994,45.64217],[2.48297,45.63704],[2.48215,45.63535],[2.48017,45.62534],[2.47982,45.61247],[2.47842,45.60797],[2.46569,45.60111],[2.46657,45.59273],[2.47348,45.58301],[2.4747,45.57866],[2.47997,45.5742],[2.48859,45.56931],[2.49158,45.56454],[2.49164,45.56013],[2.49665,45.55686],[2.51622,45.55384],[2.51789,45.5432],[2.51564,45.54267],[2.51489,45.54139],[2.51532,45.52668],[2.51354,45.51396],[2.50747,45.5039],[2.50848,45.50114],[2.51437,45.49301],[2.50783,45.48339],[2.5084,45.47834],[2.50966,45.47291],[2.50727,45.46464],[2.50361,45.46158],[2.49975,45.44862],[2.49688,45.44726],[2.49559,45.4455],[2.49347,45.43276],[2.48753,45.41817],[2.49306,45.41372],[2.51597,45.40324],[2.52222,45.40266],[2.52164,45.4003],[2.52682,45.39037],[2.52336,45.38148],[2.52049,45.38477],[2.51785,45.38497],[2.51242,45.38313],[2.48577,45.37895],[2.48225,45.37517],[2.4802,45.36969],[2.47783,45.37041],[2.47325,45.37757],[2.47485,45.37932],[2.47507,45.38111],[2.45746,45.38451],[2.45294,45.38357],[2.4452,45.3832],[2.44154,45.38452],[2.43788,45.38786],[2.42309,45.39703],[2.41943,45.39754],[2.41206,45.39688],[2.40311,45.3982],[2.39843,45.40001],[2.39588,45.40315],[2.39613,45.4058],[2.39514,45.40743],[2.38917,45.41058],[2.38085,45.41354],[2.36954,45.41618],[2.36221,45.415],[2.35517,45.41507],[2.3518,45.41398],[2.34937,45.41208],[2.34979,45.4096],[2.35578,45.4004],[2.36051,45.39824],[2.36953,45.38714],[2.36716,45.38296],[2.36352,45.38029],[2.36318,45.37856],[2.3645,45.37468],[2.36434,45.37196],[2.36761,45.36655],[2.36456,45.3586],[2.36089,45.35418],[2.35586,45.35208],[2.35157,45.34878],[2.35018,45.34637],[2.35224,45.34355],[2.35865,45.33918],[2.35929,45.33612],[2.34921,45.32771],[2.33994,45.32587],[2.33013,45.32553],[2.31687,45.3227],[2.30738,45.31305],[2.30593,45.31042],[2.30577,45.30723],[2.28875,45.28706],[2.28517,45.28683],[2.27611,45.28853],[2.27202,45.29043],[2.26942,45.2903],[2.26157,45.28356],[2.26072,45.2764],[2.2584,45.27021],[2.25514,45.26837],[2.24465,45.26723],[2.24254,45.2656],[2.24031,45.26174],[2.23813,45.25144],[2.23613,45.24658],[2.22475,45.24167],[2.2028,45.22316],[2.19477,45.22081],[2.19303,45.22125],[2.19128,45.22308],[2.18939,45.2225],[2.19296,45.21593],[2.19343,45.21133],[2.19138,45.20091],[2.19901,45.1911],[2.20156,45.18164],[2.22409,45.17007],[2.23301,45.16732],[2.23359,45.16682],[2.23042,45.1621],[2.22591,45.16043],[2.21701,45.15952],[2.20952,45.14518],[2.20291,45.1398],[2.1918,45.13493],[2.18349,45.13635],[2.17908,45.1363],[2.18554,45.11411],[2.183,45.11343],[2.17944,45.10918],[2.17819,45.10296],[2.17959,45.09968],[2.17852,45.09199],[2.17563,45.08137],[2.17254,45.08138],[2.1587,45.0851],[2.1461,45.08561],[2.13819,45.08136],[2.12344,45.07455],[2.10216,45.06226],[2.10021,45.06206],[2.09877,45.06164],[2.09725,45.05894],[2.10041,45.05763],[2.10085,45.05627],[2.09936,45.05551],[2.0952,45.05604],[2.09913,45.04843],[2.10854,45.04163],[2.11118,45.03607],[2.11434,45.02468],[2.11632,45.02179],[2.12547,45.01427],[2.14122,45.00544],[2.13936,45.00361],[2.13317,44.9856],[2.13052,44.98415],[2.12357,44.98592],[2.08961,44.9846],[2.08552,44.98405],[2.07994,44.98024],[2.07458,44.97774],[2.06288,44.97662],[2.07495,44.95902],[2.08074,44.95162],[2.07946,44.94888],[2.07672,44.93773],[2.07854,44.93272],[2.09131,44.92651],[2.10017,44.92073],[2.10614,44.91148],[2.10806,44.91062],[2.10815,44.90999],[2.10093,44.90571],[2.09147,44.904],[2.08643,44.90086],[2.08451,44.89729],[2.08397,44.88735],[2.09348,44.87249],[2.10458,44.86305],[2.11615,44.85051],[2.1171,44.84836],[2.12767,44.84063],[2.12832,44.83635],[2.13398,44.8291],[2.13974,44.82395],[2.14909,44.81987],[2.16137,44.81248],[2.16571,44.80844],[2.1651,44.8041],[2.16645,44.79915],[2.17153,44.7904],[2.17099,44.7853],[2.16827,44.78301],[2.16858,44.78195],[2.16936,44.77916],[2.16862,44.77738],[2.16267,44.77155],[2.15311,44.76948],[2.15087,44.77],[2.14907,44.76971],[2.14953,44.76101],[2.15363,44.75282],[2.15294,44.73834],[2.14715,44.72061],[2.13767,44.7127],[2.13155,44.70527],[2.13009,44.69922],[2.13025,44.6983],[2.13848,44.69306],[2.1435,44.69375],[2.14735,44.69518],[2.16229,44.6914],[2.17243,44.68007],[2.17926,44.67448],[2.16574,44.66164],[2.16631,44.66131],[2.17443,44.65354],[2.17489,44.65204],[2.16913,44.64725]],[[4.95198,44.41884],[4.95193,44.42002],[4.95933,44.41975],[4.96245,44.42123],[4.97887,44.42344],[4.98886,44.42324],[4.99063,44.42065],[5.00246,44.41252],[5.00914,44.41113],[5.01182,44.41557],[5.01855,44.41576],[5.01916,44.41281],[5.01703,44.40817],[5.01763,44.40726],[5.01378,44.40338],[5.01478,44.3975],[5.0158,44.39273],[5.02014,44.3914],[5.0403,44.3874],[5.05599,44.38325],[5.06036,44.38419],[5.071,44.38318],[5.07219,44.37932],[5.07032,44.37645],[5.06423,44.37314],[5.05683,44.3676],[5.0547,44.3648],[5.02736,44.36295],[5.02466,44.36113],[5.02171,44.35706],[5.02198,44.35085],[5.0174,44.34048],[5.00902,44.33389],[5.01004,44.33069],[5.01378,44.32579],[5.00258,44.32072],[4.99257,44.31375],[4.99129,44.31214],[4.98766,44.30093],[4.98885,44.29693],[4.98713,44.29273],[4.98106,44.29659],[4.97307,44.29868],[4.95939,44.30012],[4.95366,44.30125],[4.94636,44.3046],[4.94009,44.30606],[4.92191,44.30865],[4.91736,44.3087],[4.90989,44.30695],[4.88928,44.30404],[4.89154,44.30732],[4.89084,44.31386],[4.88524,44.31891],[4.8817,44.32482],[4.88294,44.32752],[4.88951,44.33307],[4.89428,44.333],[4.89536,44.33817],[4.87981,44.34531],[4.86926,44.3449],[4.87017,44.34822],[4.87361,44.35112],[4.89073,44.35986],[4.89248,44.36196],[4.89288,44.36497],[4.89319,44.36729],[4.89473,44.36929],[4.90253,44.37136],[4.90697,44.3746],[4.90874,44.37684],[4.91175,44.38754],[4.91101,44.39188],[4.91319,44.40053],[4.91822,44.40772],[4.92296,44.40821],[4.93753,44.41304],[4.94611,44.41495],[4.95198,44.41884]]]}},{"type":"Feature","properties":{"code":"76","nom":"Occitanie"},"geometry":{"type":"MultiPolygon","coordinates":[[[[0.07984,42.71489],[0.08955,42.71695],[0.10586,42.71041],[0.1154,42.71073],[0.12633,42.71393],[0.13439,42.71917],[0.13673,42.72245],[0.1409,42.72185],[0.16126,42.72673],[0.17592,42.73617],[0.17955,42.73638],[0.18289,42.73566],[0.20624,42.72936],[0.20767,42.7276],[0.21667,42.72196],[0.22564,42.71766],[0.23474,42.71838],[0.25473,42.71771],[0.26019,42.71598],[0.2623,42.7096],[0.27188,42.69247],[0.27965,42.68411],[0.2837,42.68083],[0.29251,42.67572],[0.30059,42.67697],[0.30757,42.68015],[0.31908,42.68382],[0.32373,42.6877],[0.32345,42.69295],[0.32759,42.70302],[0.33047,42.70647],[0.35838,42.71994],[0.36021,42.72418],[0.37,42.71962],[0.37138,42.71781],[0.37684,42.71404],[0.38553,42.71283],[0.39279,42.71325],[0.39375,42.7105],[0.39361,42.70621],[0.39556,42.70194],[0.3981,42.6986],[0.40187,42.69611],[0.42793,42.69042],[0.45971,42.69297],[0.47229,42.69991],[0.47776,42.69998],[0.49199,42.69497],[0.50318,42.69268],[0.51152,42.69208],[0.52104,42.69584],[0.52644,42.70255],[0.52964,42.70264],[0.55941,42.69905],[0.57631,42.69535],[0.5828,42.69527],[0.58978,42.6965],[0.59337,42.70144],[0.59405,42.70413],[0.59694,42.70542],[0.60099,42.70317],[0.60363,42.70061],[0.61756,42.69601],[0.65351,42.69207],[0.6665,42.6899],[0.67498,42.69462],[0.6778,42.7035],[0.67869,42.71193],[0.67739,42.72131],[0.67476,42.72928],[0.66979,42.73295],[0.66723,42.73653],[0.66307,42.7469],[0.65594,42.74967],[0.64732,42.75145],[0.63928,42.75486],[0.64105,42.75442],[0.64413,42.75503],[0.64895,42.75841],[0.65848,42.76856],[0.66058,42.77627],[0.64482,42.78298],[0.65065,42.78583],[0.65249,42.78756],[0.65382,42.79098],[0.66,42.79835],[0.66479,42.79943],[0.66954,42.80187],[0.67082,42.80455],[0.66498,42.81523],[0.66722,42.81918],[0.66566,42.82687],[0.65917,42.83534],[0.65926,42.83863],[0.66303,42.8416],[0.67854,42.84764],[0.67901,42.85068],[0.67802,42.85525],[0.68254,42.85463],[0.69057,42.85507],[0.70087,42.85791],[0.70839,42.86144],[0.72304,42.8582],[0.73539,42.85277],[0.74594,42.84696],[0.77556,42.83683],[0.78022,42.83597],[0.7893,42.83624],[0.79633,42.84003],[0.80151,42.8406],[0.81395,42.8374],[0.83374,42.82843],[0.85807,42.82572],[0.85826,42.8239],[0.85954,42.8226],[0.86755,42.81758],[0.87088,42.81594],[0.88395,42.81357],[0.89918,42.80451],[0.90682,42.7989],[0.92219,42.79127],[0.93424,42.79144],[0.93809,42.7957],[0.94702,42.80106],[0.95444,42.80315],[0.95998,42.80593],[0.96598,42.8037],[0.97792,42.79209],[0.9792,42.78975],[0.98349,42.78686],[0.99109,42.78682],[0.99622,42.78764],[1.00557,42.79083],[1.01441,42.78799],[1.02022,42.78707],[1.05706,42.78282],[1.066,42.78302],[1.07541,42.78527],[1.07706,42.78811],[1.07868,42.78831],[1.08295,42.78541],[1.08364,42.78219],[1.08732,42.77895],[1.09414,42.77502],[1.10348,42.77272],[1.12039,42.76199],[1.12895,42.75461],[1.13038,42.7407],[1.13294,42.73068],[1.14331,42.72272],[1.16684,42.70903],[1.17111,42.70816],[1.17514,42.70875],[1.18268,42.71401],[1.18846,42.71685],[1.20293,42.7185],[1.21917,42.72179],[1.22447,42.7242],[1.22934,42.7278],[1.25001,42.72023],[1.26154,42.7152],[1.27547,42.71492],[1.29989,42.71857],[1.31846,42.72008],[1.32758,42.72433],[1.33298,42.72478],[1.33525,42.72405],[1.33803,42.7185],[1.35738,42.7197],[1.35224,42.70954],[1.35105,42.70374],[1.35171,42.70224],[1.35392,42.69974],[1.36425,42.69627],[1.37715,42.69388],[1.38614,42.68994],[1.38912,42.68714],[1.38992,42.68521],[1.38759,42.67829],[1.38831,42.67196],[1.39186,42.66887],[1.4018,42.66291],[1.41412,42.65064],[1.41728,42.63494],[1.41925,42.63045],[1.43059,42.61138],[1.43614,42.60443],[1.43867,42.60296],[1.44199,42.60304],[1.4523,42.6033],[1.46978,42.6077],[1.47446,42.61165],[1.47647,42.6159],[1.46902,42.63022],[1.46989,42.63556],[1.47775,42.64627],[1.48009,42.65128],[1.4939,42.65325],[1.49965,42.64567],[1.50105,42.6451],[1.5192,42.64566],[1.52151,42.64741],[1.52217,42.64932],[1.53667,42.65102],[1.55279,42.65393],[1.56655,42.65086],[1.57324,42.64797],[1.57475,42.64793],[1.58121,42.63643],[1.58381,42.63458],[1.59831,42.62799],[1.60455,42.62638],[1.61709,42.62648],[1.64153,42.62821],[1.65344,42.62638],[1.6554,42.62387],[1.6629,42.62227],[1.67086,42.62127],[1.67848,42.62314],[1.68777,42.62395],[1.69995,42.62194],[1.70628,42.61867],[1.71836,42.61485],[1.73617,42.61516],[1.73757,42.6116],[1.72678,42.60069],[1.72576,42.59043],[1.72682,42.58886],[1.72863,42.58816],[1.73995,42.5878],[1.75099,42.58347],[1.763,42.58067],[1.77197,42.58058],[1.78118,42.58253],[1.78614,42.57367],[1.78045,42.56987],[1.76965,42.56477],[1.76789,42.56455],[1.76628,42.56529],[1.75633,42.56502],[1.74798,42.56295],[1.74178,42.55761],[1.73673,42.55183],[1.73498,42.54746],[1.73455,42.53446],[1.73263,42.52766],[1.72378,42.51637],[1.72548,42.50761],[1.72672,42.50121],[1.7293,42.49587],[1.75496,42.4909],[1.76191,42.48758],[1.79195,42.48551],[1.80803,42.48691],[1.82499,42.48487],[1.83511,42.48149],[1.84306,42.47691],[1.849,42.46771],[1.85438,42.46419],[1.85952,42.46247],[1.86221,42.46598],[1.86495,42.46622],[1.8765,42.46171],[1.88307,42.45553],[1.88483,42.44955],[1.89117,42.44772],[1.89575,42.44759],[1.89662,42.44962],[1.90025,42.44985],[1.9163,42.44624],[1.92075,42.44694],[1.93272,42.45464],[1.93393,42.45431],[1.93699,42.45369],[1.9429,42.44449],[1.94186,42.43659],[1.9446,42.42807],[1.95857,42.42414],[1.95601,42.41275],[1.96451,42.38353],[1.96724,42.37905],[1.97283,42.37328],[1.98641,42.36193],[1.99819,42.35611],[2.0089,42.35276],[2.02125,42.35367],[2.02335,42.3556],[2.0261,42.35521],[2.04326,42.35782],[2.05729,42.35822],[2.06928,42.36231],[2.08302,42.36342],[2.08685,42.3676],[2.08948,42.37377],[2.11506,42.38223],[2.11633,42.38362],[2.11484,42.39449],[2.12557,42.4098],[2.12892,42.41271],[2.13281,42.41442],[2.15417,42.42162],[2.15698,42.4234],[2.20136,42.4164],[2.22182,42.42454],[2.22909,42.42638],[2.2372,42.4274],[2.24806,42.43073],[2.25216,42.43665],[2.25701,42.43867],[2.26722,42.43382],[2.27537,42.43212],[2.29185,42.42326],[2.29633,42.42296],[2.3005,42.42388],[2.30521,42.42725],[2.31861,42.4251],[2.32014,42.42103],[2.32443,42.41767],[2.3302,42.41625],[2.34527,42.41016],[2.34913,42.40688],[2.35794,42.40385],[2.36897,42.40113],[2.37953,42.40143],[2.38509,42.40039],[2.39715,42.39526],[2.40612,42.39257],[2.41353,42.39159],[2.42431,42.39383],[2.42884,42.39421],[2.4325,42.39358],[2.43464,42.3914],[2.43542,42.38875],[2.43274,42.37821],[2.43348,42.37716],[2.43605,42.37483],[2.44575,42.36961],[2.45175,42.36935],[2.45627,42.36716],[2.46629,42.36057],[2.47603,42.34779],[2.4767,42.34498],[2.48036,42.34197],[2.48373,42.34064],[2.48701,42.34041],[2.49232,42.34264],[2.49803,42.34291],[2.5069,42.34084],[2.51797,42.33582],[2.52623,42.33346],[2.53265,42.33292],[2.53933,42.33374],[2.55259,42.34313],[2.55687,42.35415],[2.56192,42.35723],[2.56769,42.35638],[2.57154,42.35777],[2.57675,42.35806],[2.58744,42.35705],[2.5939,42.3527],[2.61146,42.3469],[2.63491,42.34409],[2.6485,42.34373],[2.66206,42.34098],[2.67175,42.34087],[2.6755,42.34241],[2.67661,42.34698],[2.67566,42.35457],[2.67262,42.35947],[2.66982,42.36202],[2.66852,42.36206],[2.66492,42.36718],[2.65903,42.37995],[2.65829,42.38083],[2.67138,42.38779],[2.67315,42.39797],[2.6713,42.40236],[2.67403,42.40481],[2.69572,42.40892],[2.71062,42.41598],[2.7166,42.42135],[2.72416,42.42274],[2.72736,42.42279],[2.73032,42.42258],[2.75322,42.4264],[2.75593,42.42577],[2.75762,42.42421],[2.75979,42.4186],[2.76809,42.41382],[2.77388,42.41199],[2.79144,42.41811],[2.80086,42.42173],[2.80096,42.4244],[2.80417,42.42999],[2.81542,42.43872],[2.81772,42.43994],[2.82813,42.44016],[2.83313,42.44733],[2.83545,42.45502],[2.83791,42.45809],[2.84062,42.45877],[2.84412,42.4581],[2.85675,42.45406],[2.8603,42.45483],[2.86426,42.45961],[2.86386,42.46415],[2.87048,42.46743],[2.87652,42.46554],[2.88212,42.46054],[2.88676,42.45994],[2.88822,42.46076],[2.89981,42.45914],[2.90831,42.45712],[2.9178,42.45626],[2.92451,42.45855],[2.92948,42.47099],[2.93279,42.4744],[2.94254,42.47906],[2.94712,42.48214],[2.96655,42.46651],[2.97912,42.46731],[2.98244,42.4718],[2.98796,42.47379],[3.00002,42.47325],[3.00997,42.46816],[3.01631,42.46895],[3.02948,42.47372],[3.03818,42.47361],[3.04044,42.47422],[3.04726,42.45841],[3.05504,42.44918],[3.05791,42.44619],[3.06294,42.44424],[3.0802,42.42905],[3.08501,42.42616],[3.09888,42.42515],[3.10268,42.42661],[3.10532,42.43035],[3.11138,42.43531],[3.12087,42.43818],[3.13423,42.4349],[3.14918,42.43434],[3.16059,42.43539],[3.16757,42.43533],[3.17223,42.43452],[3.17471,42.43498],[3.17575,42.43904],[3.16886,42.44439],[3.15694,42.46023],[3.15876,42.46792],[3.15403,42.47364],[3.1519,42.47796],[3.14073,42.48066],[3.13734,42.48104],[3.13453,42.48015],[3.13292,42.48064],[3.13327,42.48177],[3.13078,42.48165],[3.12987,42.48245],[3.12951,42.48857],[3.13273,42.49507],[3.12809,42.50061],[3.12515,42.50178],[3.12283,42.50506],[3.12306,42.50595],[3.12933,42.50933],[3.13326,42.5109],[3.13807,42.51632],[3.11942,42.52125],[3.11378,42.52152],[3.10869,42.52296],[3.09906,42.52365],[3.09219,42.52522],[3.08423,42.52967],[3.08071,42.53251],[3.07619,42.53365],[3.0604,42.53546],[3.0574,42.53665],[3.05285,42.54076],[3.04877,42.55399],[3.04418,42.59367],[3.04329,42.59964],[3.0408,42.61111],[3.04046,42.61834],[3.04154,42.62072],[3.03848,42.61746],[3.03831,42.60306],[3.03596,42.60333],[3.03835,42.60834],[3.03598,42.60895],[3.03725,42.6093],[3.03654,42.60982],[3.03538,42.60971],[3.0352,42.60877],[3.0342,42.60907],[3.03184,42.6108],[3.03688,42.61197],[3.03749,42.61395],[3.03524,42.61786],[3.03541,42.62198],[3.03625,42.62256],[3.03737,42.6219],[3.04011,42.62084],[3.03701,42.62488],[3.0355,42.64069],[3.03539,42.65223],[3.03419,42.66033],[3.03629,42.68751],[3.04001,42.71479],[3.03651,42.72203],[3.03513,42.72175],[3.0348,42.72237],[3.03737,42.72289],[3.03853,42.72949],[3.03853,42.74338],[3.03897,42.75232],[3.03805,42.75927],[3.03913,42.7795],[3.03966,42.81051],[3.04351,42.83812],[3.05036,42.87055],[3.05346,42.87247],[3.05401,42.87383],[3.05324,42.87251],[3.05017,42.87066],[3.04074,42.86899],[3.03509,42.86034],[3.03207,42.86186],[3.0435,42.87613],[3.04903,42.8817],[3.05124,42.886],[3.06035,42.91819],[3.05944,42.92036],[3.05282,42.92626],[3.04109,42.92948],[3.03978,42.93067],[3.03892,42.93382],[3.03909,42.94092],[3.04339,42.96024],[3.04956,42.98084],[3.05655,42.9992],[3.06343,43.01222],[3.06563,43.01373],[3.07047,43.01216],[3.07731,43.01242],[3.06978,43.01248],[3.06744,43.01461],[3.06406,43.02036],[3.06814,43.02594],[3.07954,43.02176],[3.08211,43.0126],[3.08,43.02178],[3.06884,43.02618],[3.06843,43.02767],[3.07086,43.03338],[3.08486,43.0576],[3.10408,43.08542],[3.12304,43.10954],[3.14631,43.13506],[3.15036,43.13832],[3.15169,43.13841],[3.15096,43.14026],[3.17489,43.16386],[3.1811,43.16846],[3.1847,43.16798],[3.18158,43.1686],[3.17872,43.17326],[3.18118,43.17124],[3.18348,43.16947],[3.19901,43.18324],[3.22255,43.20199],[3.23186,43.20882],[3.23723,43.21167],[3.23929,43.21219],[3.24012,43.21113],[3.24001,43.21165],[3.23932,43.21234],[3.24006,43.21278],[3.24074,43.21335],[3.24152,43.21265],[3.24216,43.21021],[3.24223,43.21168],[3.24131,43.21306],[3.24191,43.21374],[3.26066,43.22748],[3.27123,43.23406],[3.28133,43.23962],[3.30175,43.24846],[3.31263,43.25421],[3.32695,43.26139],[3.34507,43.26923],[3.36493,43.27726],[3.38706,43.28453],[3.40065,43.28755],[3.4151,43.28922],[3.42906,43.28988],[3.42902,43.28915],[3.4447,43.28477],[3.45858,43.27954],[3.47471,43.27647],[3.48138,43.27419],[3.48298,43.27364],[3.49326,43.2747],[3.50133,43.27424],[3.5046,43.27251],[3.50351,43.27046],[3.50489,43.26863],[3.50367,43.27059],[3.5047,43.27224],[3.50671,43.27329],[3.50583,43.27438],[3.49601,43.27885],[3.49549,43.27978],[3.49929,43.27959],[3.50983,43.28486],[3.51326,43.28342],[3.51458,43.2804],[3.51302,43.27941],[3.51104,43.28162],[3.51196,43.27896],[3.50822,43.27048],[3.52374,43.28468],[3.52581,43.28838],[3.52188,43.29053],[3.52191,43.29274],[3.5234,43.29407],[3.5289,43.29188],[3.53483,43.29824],[3.53939,43.30237],[3.55607,43.31798],[3.56617,43.32625],[3.60235,43.35565],[3.62538,43.37221],[3.64724,43.3864],[3.65453,43.3899],[3.66212,43.3923],[3.67824,43.39205],[3.68038,43.39302],[3.68312,43.39343],[3.68985,43.39213],[3.69183,43.39217],[3.69445,43.3946],[3.6973,43.39515],[3.70247,43.39572],[3.70258,43.39704],[3.69733,43.39548],[3.69557,43.39546],[3.69748,43.3976],[3.69965,43.39805],[3.70169,43.39961],[3.70014,43.40035],[3.70008,43.4026],[3.70186,43.40278],[3.70772,43.40046],[3.71231,43.40125],[3.71844,43.4046],[3.72264,43.40837],[3.72512,43.41322],[3.76388,43.42839],[3.77583,43.43463],[3.77604,43.43536],[3.77635,43.43539],[3.77828,43.43181],[3.79889,43.44234],[3.81024,43.45142],[3.82604,43.46662],[3.82988,43.47022],[3.8304,43.47076],[3.83983,43.47862],[3.85462,43.48863],[3.89026,43.50899],[3.90744,43.51713],[3.92748,43.52485],[3.9299,43.52461],[3.93289,43.52239],[3.93668,43.52356],[3.93288,43.52256],[3.92989,43.52489],[3.93141,43.52636],[3.93416,43.52463],[3.93387,43.52578],[3.94596,43.53153],[3.96931,43.54023],[4.00627,43.55169],[4.03745,43.55639],[4.05625,43.55753],[4.07353,43.55663],[4.07942,43.55546],[4.07912,43.5533],[4.08151,43.55192],[4.07955,43.55316],[4.07959,43.5559],[4.07775,43.55854],[4.0818,43.56029],[4.08399,43.55809],[4.0846,43.55835],[4.08547,43.55725],[4.08712,43.55603],[4.10128,43.55469],[4.1161,43.5495],[4.12662,43.54417],[4.13363,43.53718],[4.13394,43.53618],[4.13273,43.5356],[4.13801,43.53804],[4.13668,43.54007],[4.13832,43.54078],[4.13927,43.53818],[4.13673,43.53691],[4.13642,43.53323],[4.13903,43.53089],[4.13684,43.51928],[4.13463,43.51699],[4.13287,43.51791],[4.13128,43.51791],[4.13118,43.51731],[4.13585,43.51022],[4.13521,43.50905],[4.1341,43.50829],[4.13262,43.51023],[4.1286,43.51038],[4.11008,43.50901],[4.11708,43.49655],[4.12451,43.48913],[4.13468,43.48372],[4.16945,43.4718],[4.18949,43.46688],[4.23022,43.4605],[4.23045,43.4782],[4.23614,43.48814],[4.23836,43.49548],[4.23803,43.49708],[4.23974,43.4992],[4.24419,43.50145],[4.25504,43.50545],[4.2965,43.51472],[4.31897,43.52737],[4.32245,43.53057],[4.31308,43.53915],[4.30807,43.54499],[4.30767,43.54707],[4.31128,43.55128],[4.31849,43.55728],[4.32171,43.5555],[4.32301,43.55304],[4.3162,43.5479],[4.31626,43.54451],[4.33187,43.53561],[4.33431,43.53539],[4.34242,43.53901],[4.34919,43.54386],[4.35071,43.54692],[4.35363,43.54734],[4.36236,43.54692],[4.36681,43.54753],[4.38092,43.5526],[4.38471,43.5555],[4.38641,43.55805],[4.40488,43.55935],[4.40878,43.56082],[4.41514,43.5658],[4.41661,43.56853],[4.41673,43.5711],[4.41549,43.57246],[4.41385,43.57287],[4.4067,43.57225],[4.41052,43.57758],[4.42473,43.58498],[4.43096,43.5858],[4.44252,43.58333],[4.4489,43.58345],[4.45443,43.58514],[4.46091,43.58951],[4.46436,43.59467],[4.47449,43.60447],[4.47525,43.60723],[4.47467,43.60938],[4.46961,43.61412],[4.46449,43.61542],[4.45586,43.61187],[4.45111,43.61071],[4.44459,43.60995],[4.4399,43.61077],[4.43247,43.61577],[4.42821,43.61969],[4.42635,43.62229],[4.42631,43.625],[4.43214,43.63037],[4.43473,43.63409],[4.43933,43.64671],[4.45146,43.66458],[4.45788,43.66804],[4.47279,43.67032],[4.47581,43.67133],[4.47765,43.67284],[4.47865,43.67609],[4.47584,43.68244],[4.47591,43.68548],[4.48075,43.69373],[4.48603,43.69886],[4.49989,43.70205],[4.51394,43.70244],[4.54549,43.70536],[4.55288,43.70111],[4.55943,43.69907],[4.57527,43.69813],[4.58043,43.69702],[4.58253,43.69601],[4.58943,43.68947],[4.593,43.68759],[4.59744,43.68654],[4.60246,43.6858],[4.60938,43.68689],[4.62732,43.6854],[4.62791,43.68926],[4.62616,43.69395],[4.62333,43.69904],[4.61611,43.70692],[4.61427,43.71065],[4.61226,43.7197],[4.6123,43.72474],[4.6142,43.73122],[4.62484,43.7471],[4.6283,43.75788],[4.63051,43.76274],[4.65157,43.78286],[4.65348,43.79399],[4.65497,43.8035],[4.65436,43.80469],[4.65526,43.8073],[4.65224,43.81614],[4.65215,43.81649],[4.64372,43.82737],[4.64238,43.8303],[4.64295,43.83226],[4.64554,43.83534],[4.65046,43.83875],[4.66572,43.84408],[4.66667,43.84723],[4.66609,43.84915],[4.65158,43.85242],[4.64312,43.86327],[4.64208,43.86753],[4.66001,43.87597],[4.66074,43.87592],[4.66236,43.87084],[4.66545,43.87196],[4.66527,43.87469],[4.66706,43.87606],[4.6866,43.88281],[4.69916,43.88949],[4.708,43.89595],[4.70933,43.89804],[4.69798,43.89668],[4.69997,43.89818],[4.71442,43.90217],[4.72339,43.90607],[4.72989,43.91265],[4.73544,43.91666],[4.74023,43.91976],[4.74047,43.92178],[4.73928,43.92413],[4.74396,43.92886],[4.74985,43.93215],[4.76147,43.93491],[4.76878,43.93381],[4.77742,43.93706],[4.78138,43.94033],[4.78863,43.94692],[4.7919,43.9524],[4.79683,43.95645],[4.80959,43.96069],[4.81296,43.96296],[4.81473,43.96532],[4.81459,43.96963],[4.80968,43.97775],[4.81078,43.98412],[4.81276,43.98779],[4.81473,43.98864],[4.8178,43.98874],[4.83338,43.98511],[4.8409,43.98593],[4.84274,43.98694],[4.84438,43.98931],[4.84557,43.99664],[4.84432,44.00283],[4.84271,44.011],[4.8399,44.01365],[4.83685,44.01505],[4.82843,44.01617],[4.82306,44.01602],[4.81962,44.01725],[4.81794,44.02124],[4.81645,44.03146],[4.80777,44.04036],[4.79569,44.04804],[4.78949,44.05152],[4.78748,44.05378],[4.78849,44.06216],[4.78791,44.06504],[4.78504,44.06739],[4.76193,44.07517],[4.75966,44.075],[4.75795,44.07728],[4.76054,44.07898],[4.75975,44.08194],[4.76079,44.08671],[4.75741,44.08806],[4.75222,44.08825],[4.73787,44.0838],[4.73036,44.07912],[4.72692,44.07828],[4.72365,44.07902],[4.72088,44.08133],[4.71968,44.08608],[4.71978,44.08976],[4.71859,44.09238],[4.70862,44.1022],[4.70607,44.1078],[4.70693,44.11365],[4.71069,44.11952],[4.71166,44.13463],[4.71745,44.14158],[4.71905,44.14668],[4.71812,44.15233],[4.71668,44.16262],[4.71586,44.16595],[4.72247,44.18732],[4.71966,44.18949],[4.71229,44.19158],[4.70462,44.19641],[4.70425,44.1975],[4.70467,44.20071],[4.7097,44.20724],[4.70956,44.21011],[4.70805,44.21305],[4.70588,44.21471],[4.70212,44.21588],[4.6942,44.21545],[4.68106,44.21218],[4.67666,44.21264],[4.67404,44.21474],[4.67313,44.21855],[4.67818,44.22953],[4.6777,44.2347],[4.67336,44.23963],[4.66096,44.24776],[4.65405,44.25443],[4.65158,44.2591],[4.64924,44.26442],[4.64945,44.27034],[4.64576,44.2707],[4.64344,44.27295],[4.64057,44.27661],[4.63866,44.28232],[4.63493,44.28482],[4.63294,44.28509],[4.62913,44.28423],[4.6177,44.27815],[4.61639,44.27819],[4.61371,44.28055],[4.61237,44.28522],[4.61001,44.28861],[4.60564,44.29096],[4.6028,44.29186],[4.59965,44.29184],[4.59653,44.29198],[4.58698,44.2946],[4.5812,44.29719],[4.57588,44.30085],[4.57,44.29934],[4.56108,44.30144],[4.55637,44.30547],[4.54474,44.32062],[4.54524,44.32197],[4.54774,44.32288],[4.54904,44.32337],[4.5493,44.32464],[4.54852,44.32607],[4.54636,44.3266],[4.54053,44.32361],[4.53282,44.32254],[4.51214,44.3354],[4.50314,44.33964],[4.48389,44.33739],[4.46567,44.34046],[4.46492,44.34169],[4.45682,44.34129],[4.45307,44.33894],[4.45075,44.33417],[4.44939,44.29693],[4.45326,44.29791],[4.44035,44.2836],[4.43439,44.28327],[4.42224,44.28735],[4.40051,44.28826],[4.3952,44.29098],[4.39318,44.2945],[4.39304,44.30838],[4.40139,44.32802],[4.40326,44.33358],[4.39487,44.34473],[4.38773,44.34714],[4.37645,44.34194],[4.36925,44.33967],[4.34144,44.33962],[4.32578,44.33833],[4.32774,44.33726],[4.32936,44.33471],[4.3291,44.33172],[4.32175,44.32401],[4.31633,44.32057],[4.30352,44.31476],[4.29601,44.31381],[4.29055,44.31663],[4.28821,44.3148],[4.28874,44.31195],[4.29074,44.30885],[4.2885,44.29176],[4.2815,44.28411],[4.27989,44.28],[4.26713,44.27016],[4.26377,44.26898],[4.2585,44.26527],[4.25855,44.26434],[4.2505,44.26578],[4.24131,44.27026],[4.23398,44.275],[4.23138,44.27634],[4.21623,44.28901],[4.2147,44.29091],[4.18935,44.29841],[4.18649,44.29981],[4.17998,44.30935],[4.17779,44.31761],[4.17552,44.31782],[4.16938,44.31576],[4.15175,44.31308],[4.14292,44.3132],[4.13922,44.32765],[4.12713,44.33757],[4.12407,44.33639],[4.12,44.3334],[4.10942,44.33088],[4.1041,44.33414],[4.07769,44.32871],[4.06658,44.32417],[4.05989,44.32026],[4.05435,44.31883],[4.05168,44.31698],[4.04692,44.31899],[4.04703,44.3199],[4.04366,44.32391],[4.03569,44.32968],[4.04137,44.332],[4.05319,44.34029],[4.05444,44.35368],[4.05327,44.359],[4.05122,44.37511],[4.05165,44.37744],[4.05313,44.3789],[4.04377,44.38451],[4.04301,44.38614],[4.04965,44.39035],[4.05696,44.39373],[4.06739,44.40308],[4.06843,44.40505],[4.05507,44.41465],[4.04777,44.41809],[4.04339,44.41852],[4.04304,44.42386],[4.04633,44.43183],[4.04074,44.4418],[4.03717,44.44608],[4.03515,44.4444],[4.0232,44.44569],[4.01486,44.45082],[4.01533,44.45365],[4.01512,44.45464],[4.00388,44.45677],[3.99837,44.45966],[3.98587,44.47832],[3.98588,44.48994],[3.98745,44.50186],[3.98157,44.5158],[3.97735,44.51621],[3.97679,44.517],[3.97357,44.52704],[3.96567,44.53802],[3.96324,44.54488],[3.95964,44.55117],[3.96062,44.55342],[3.95488,44.56582],[3.94859,44.57296],[3.93786,44.57358],[3.93061,44.57054],[3.92775,44.57047],[3.92345,44.57177],[3.91852,44.58526],[3.90582,44.5924],[3.90507,44.59257],[3.90368,44.59747],[3.90628,44.6014],[3.90795,44.60761],[3.90671,44.61093],[3.90456,44.61282],[3.89808,44.61332],[3.8939,44.61449],[3.89245,44.626],[3.89541,44.64242],[3.89787,44.64415],[3.89472,44.64729],[3.89478,44.65008],[3.89091,44.65637],[3.88201,44.66623],[3.87253,44.67508],[3.87089,44.67573],[3.86934,44.67841],[3.87711,44.68667],[3.88276,44.6912],[3.88444,44.69393],[3.88432,44.69704],[3.88285,44.69807],[3.87575,44.69616],[3.8695,44.69717],[3.8627,44.71083],[3.86219,44.7128],[3.86328,44.71939],[3.86639,44.7273],[3.87489,44.73156],[3.87743,44.7339],[3.87696,44.73739],[3.8731,44.74068],[3.86258,44.74342],[3.86261,44.74396],[3.85732,44.74552],[3.85164,44.74616],[3.83632,44.75077],[3.82982,44.75479],[3.83087,44.75645],[3.83758,44.761],[3.84262,44.76739],[3.84306,44.77025],[3.84176,44.7723],[3.83751,44.77338],[3.83418,44.77528],[3.83006,44.77569],[3.81933,44.77268],[3.8175,44.77194],[3.81399,44.76775],[3.8087,44.76558],[3.80679,44.76789],[3.80338,44.77029],[3.80312,44.78129],[3.79694,44.7869],[3.7864,44.79404],[3.77267,44.79989],[3.76425,44.8005],[3.76124,44.80164],[3.75996,44.80507],[3.7622,44.81087],[3.76134,44.81426],[3.75955,44.81611],[3.7518,44.82141],[3.74796,44.83167],[3.7397,44.83866],[3.73546,44.84005],[3.73222,44.83345],[3.72234,44.83088],[3.71751,44.83161],[3.70983,44.83648],[3.70197,44.83645],[3.68299,44.83065],[3.66631,44.82864],[3.65764,44.83606],[3.67094,44.84236],[3.67163,44.85254],[3.67386,44.85406],[3.66406,44.86103],[3.65999,44.87004],[3.65512,44.87416],[3.64556,44.87559],[3.64403,44.87712],[3.64211,44.87812],[3.63247,44.87734],[3.63029,44.88071],[3.61991,44.8756],[3.61491,44.87419],[3.6096,44.87727],[3.60825,44.8791],[3.6067,44.87932],[3.60076,44.87891],[3.59594,44.87683],[3.59518,44.86905],[3.59585,44.8528],[3.58931,44.83305],[3.59019,44.82743],[3.58819,44.82625],[3.5826,44.82624],[3.57885,44.82548],[3.57539,44.83298],[3.57343,44.83489],[3.57172,44.83517],[3.56427,44.83278],[3.56254,44.8277],[3.53815,44.82812],[3.53094,44.82758],[3.52038,44.82533],[3.5073,44.8242],[3.50606,44.82407],[3.49889,44.81893],[3.49345,44.81253],[3.4913,44.80822],[3.48713,44.80644],[3.4785,44.80977],[3.47157,44.82009],[3.45848,44.83582],[3.45872,44.83936],[3.45562,44.8443],[3.44185,44.85422],[3.43873,44.86065],[3.43802,44.87152],[3.43596,44.88022],[3.42764,44.8898],[3.42072,44.89485],[3.41804,44.9009],[3.41938,44.90837],[3.41067,44.91766],[3.41393,44.91987],[3.41606,44.92795],[3.41534,44.94147],[3.41248,44.94501],[3.40456,44.95676],[3.397,44.95864],[3.39116,44.95196],[3.38883,44.95149],[3.37837,44.95618],[3.37169,44.96021],[3.37127,44.96669],[3.37273,44.97575],[3.36135,44.97141],[3.35635,44.96142],[3.35464,44.95486],[3.33794,44.95591],[3.29579,44.93439],[3.28563,44.92631],[3.28065,44.92609],[3.27261,44.92711],[3.26246,44.9317],[3.26205,44.93578],[3.26819,44.94152],[3.26744,44.94257],[3.25867,44.94236],[3.25617,44.9416],[3.24857,44.93935],[3.24383,44.93137],[3.2499,44.91626],[3.23962,44.91451],[3.23193,44.91127],[3.22905,44.90584],[3.22694,44.89882],[3.22567,44.88216],[3.22046,44.87884],[3.20429,44.87405],[3.19858,44.87137],[3.19262,44.86763],[3.19142,44.86239],[3.18706,44.86149],[3.18129,44.86467],[3.16699,44.87634],[3.1443,44.9002],[3.13366,44.90335],[3.12815,44.90365],[3.12486,44.89885],[3.11974,44.89391],[3.11328,44.88961],[3.1032,44.88667],[3.10303,44.8846],[3.10679,44.8797],[3.10677,44.86762],[3.1049,44.86641],[3.09633,44.85817],[3.09685,44.84941],[3.10028,44.84391],[3.09901,44.83303],[3.09459,44.83413],[3.09383,44.83327],[3.07989,44.83512],[3.0747,44.83667],[3.07204,44.83651],[3.07127,44.83425],[3.07372,44.82796],[3.07529,44.82553],[3.0773,44.82459],[3.07266,44.82254],[3.04794,44.80407],[3.04592,44.79778],[3.04812,44.79161],[3.04993,44.78169],[3.05025,44.77955],[3.0442,44.76964],[3.0434,44.76094],[3.04224,44.75945],[3.03527,44.7536],[3.03017,44.74518],[3.03114,44.741],[3.03064,44.73601],[3.02961,44.73332],[3.02879,44.73339],[3.02785,44.73114],[3.03125,44.72936],[3.03435,44.72922],[3.03812,44.72103],[3.0391,44.71515],[3.0301,44.71651],[3.01626,44.71407],[3.0133,44.70974],[3.01309,44.70319],[3.00438,44.69068],[2.99859,44.67446],[2.99553,44.67],[2.98982,44.66418],[2.98186,44.65226],[2.98279,44.65029],[2.98494,44.65037],[2.98168,44.64467],[2.97544,44.64472],[2.97,44.64858],[2.96384,44.65425],[2.96187,44.65455],[2.96318,44.65868],[2.95275,44.66865],[2.94164,44.67688],[2.93938,44.67763],[2.93873,44.69076],[2.93434,44.70717],[2.93089,44.71303],[2.92557,44.72707],[2.93479,44.74401],[2.93356,44.74873],[2.92773,44.7573],[2.92674,44.75768],[2.92302,44.75547],[2.92012,44.75482],[2.916,44.75715],[2.91199,44.7605],[2.91163,44.76173],[2.91579,44.76669],[2.93073,44.76176],[2.93505,44.7698],[2.93608,44.77685],[2.93332,44.78115],[2.92816,44.78652],[2.92496,44.79137],[2.92019,44.79431],[2.90408,44.78374],[2.89648,44.78534],[2.89122,44.78713],[2.88841,44.7889],[2.87913,44.80381],[2.87041,44.82634],[2.85503,44.85138],[2.85665,44.86305],[2.85975,44.87442],[2.85669,44.87528],[2.85473,44.87406],[2.85201,44.87227],[2.84898,44.87152],[2.80611,44.87174],[2.79078,44.8677],[2.78286,44.86192],[2.78142,44.85783],[2.78074,44.85706],[2.77427,44.85527],[2.77126,44.85781],[2.7679,44.86419],[2.76762,44.86677],[2.77099,44.87827],[2.77841,44.88751],[2.77268,44.89709],[2.77184,44.90167],[2.77581,44.90962],[2.77408,44.91302],[2.76025,44.92893],[2.7384,44.94144],[2.73769,44.94041],[2.7263,44.93185],[2.71834,44.9277],[2.71669,44.92888],[2.71359,44.92713],[2.70828,44.90834],[2.70636,44.90714],[2.69133,44.90268],[2.68399,44.90699],[2.68187,44.90735],[2.67537,44.90244],[2.66831,44.89382],[2.66182,44.88894],[2.65806,44.88458],[2.65623,44.87242],[2.64259,44.87107],[2.62898,44.87247],[2.62015,44.85841],[2.6083,44.8429],[2.60772,44.83739],[2.61144,44.83092],[2.60951,44.82585],[2.60679,44.8234],[2.59814,44.82083],[2.59662,44.82006],[2.59874,44.81615],[2.60056,44.80696],[2.60046,44.79365],[2.58653,44.7839],[2.58211,44.78426],[2.5643,44.77809],[2.56202,44.77733],[2.56348,44.77386],[2.56327,44.77064],[2.5604,44.76017],[2.55823,44.75771],[2.55342,44.75731],[2.55189,44.75318],[2.5523,44.74577],[2.55444,44.7391],[2.55271,44.73781],[2.55207,44.73143],[2.54574,44.72791],[2.54435,44.72589],[2.54434,44.72526],[2.5467,44.72493],[2.55364,44.72525],[2.54968,44.71931],[2.54079,44.71169],[2.53641,44.71201],[2.5291,44.70923],[2.51886,44.70301],[2.51894,44.69907],[2.50322,44.69125],[2.49921,44.68711],[2.492,44.67358],[2.48841,44.66286],[2.48956,44.65747],[2.48391,44.65076],[2.47976,44.64907],[2.47772,44.64934],[2.47658,44.65056],[2.47217,44.65219],[2.46893,44.64964],[2.46916,44.64425],[2.46773,44.64286],[2.45149,44.64844],[2.44849,44.64872],[2.4459,44.64805],[2.44463,44.64664],[2.43708,44.64294],[2.42997,44.64045],[2.42111,44.6439],[2.40538,44.64728],[2.39754,44.64638],[2.37743,44.64894],[2.3741,44.64572],[2.36779,44.64217],[2.35307,44.64031],[2.3491,44.64094],[2.33509,44.64782],[2.33662,44.65541],[2.33773,44.65659],[2.33664,44.66195],[2.3339,44.66433],[2.33241,44.66448],[2.32681,44.66993],[2.32424,44.66918],[2.31896,44.66692],[2.30827,44.66385],[2.30145,44.66364],[2.29763,44.66491],[2.29517,44.66687],[2.288,44.66647],[2.28285,44.66529],[2.27469,44.66121],[2.27415,44.66082],[2.27036,44.66059],[2.259,44.65694],[2.25091,44.652],[2.23998,44.65359],[2.22759,44.65436],[2.21536,44.6502],[2.20842,44.64384],[2.21146,44.64033],[2.21819,44.62482],[2.22072,44.62335],[2.2207,44.62209],[2.21708,44.62181],[2.21193,44.61923],[2.20779,44.61577],[2.20545,44.61641],[2.1994,44.62214],[2.19362,44.626],[2.17668,44.6355],[2.17414,44.63443],[2.16958,44.6381],[2.16854,44.63962],[2.16913,44.64725],[2.17489,44.65204],[2.17443,44.65354],[2.16631,44.66131],[2.16574,44.66164],[2.17926,44.67448],[2.17243,44.68007],[2.16229,44.6914],[2.14735,44.69518],[2.1435,44.69375],[2.13848,44.69306],[2.13025,44.6983],[2.13009,44.69922],[2.13155,44.70527],[2.13767,44.7127],[2.14715,44.72061],[2.15294,44.73834],[2.15363,44.75282],[2.14953,44.76101],[2.14907,44.76971],[2.15087,44.77],[2.15311,44.76948],[2.16267,44.77155],[2.16862,44.77738],[2.16936,44.77916],[2.16858,44.78195],[2.16827,44.78301],[2.17099,44.7853],[2.17153,44.7904],[2.16645,44.79915],[2.1651,44.8041],[2.16571,44.80844],[2.16137,44.81248],[2.14909,44.81987],[2.13974,44.82395],[2.13398,44.8291],[2.12832,44.83635],[2.12767,44.84063],[2.1171,44.84836],[2.11615,44.85051],[2.10458,44.86305],[2.09348,44.87249],[2.08397,44.88735],[2.08451,44.89729],[2.08643,44.90086],[2.09147,44.904],[2.10093,44.90571],[2.10815,44.90999],[2.10806,44.91062],[2.10614,44.91148],[2.10017,44.92073],[2.09131,44.92651],[2.07854,44.93272],[2.07672,44.93773],[2.07946,44.94888],[2.08074,44.95162],[2.07495,44.95902],[2.06288,44.97662],[2.0583,44.97522],[2.05342,44.97593],[2.04525,44.98373],[2.0083,44.97636],[1.98816,44.97531],[1.98102,44.9725],[1.95084,44.95327],[1.94956,44.95259],[1.9441,44.95324],[1.94066,44.95512],[1.94177,44.95828],[1.94015,44.97183],[1.93915,44.97333],[1.929,44.97836],[1.92731,44.97858],[1.92649,44.97784],[1.91644,44.97781],[1.91272,44.97883],[1.90764,44.97784],[1.89472,44.96721],[1.88703,44.95635],[1.86735,44.9534],[1.86339,44.94877],[1.85405,44.94619],[1.85111,44.94623],[1.84278,44.93713],[1.83701,44.94546],[1.83233,44.94614],[1.83126,44.94543],[1.83047,44.94215],[1.82956,44.93421],[1.82732,44.93004],[1.82333,44.92724],[1.81384,44.92736],[1.81256,44.92826],[1.80889,44.92773],[1.80459,44.92609],[1.80128,44.92212],[1.80089,44.92038],[1.80017,44.92028],[1.80046,44.92294],[1.79596,44.93044],[1.7857,44.93691],[1.78467,44.93722],[1.78223,44.92947],[1.7746,44.92356],[1.77403,44.92453],[1.76754,44.9324],[1.7605,44.93609],[1.75398,44.94085],[1.74972,44.95626],[1.74063,44.96057],[1.74023,44.95977],[1.73447,44.95961],[1.73253,44.96266],[1.72802,44.96632],[1.72272,44.96827],[1.71345,44.96783],[1.71103,44.9673],[1.71003,44.96951],[1.70887,44.96962],[1.70667,44.97955],[1.70342,44.98656],[1.70123,44.98874],[1.69226,44.9926],[1.68959,44.99446],[1.68436,45.00255],[1.67141,45.0043],[1.65944,45.0141],[1.65179,45.02525],[1.64752,45.02568],[1.63564,45.02925],[1.63249,45.0321],[1.6265,45.03367],[1.61318,45.03332],[1.60935,45.03232],[1.60835,45.0307],[1.60906,45.02895],[1.60735,45.03064],[1.60807,45.03352],[1.58969,45.03636],[1.57844,45.04021],[1.5734,45.04012],[1.56947,45.03896],[1.56375,45.03457],[1.5543,45.02929],[1.55197,45.02837],[1.54814,45.02856],[1.54454,45.02904],[1.54373,45.03059],[1.54033,45.04484],[1.53425,45.04557],[1.52814,45.04537],[1.52674,45.04416],[1.52698,45.04335],[1.51964,45.04117],[1.49605,45.0352],[1.47994,45.02659],[1.47678,45.02668],[1.47635,45.02508],[1.47744,45.02363],[1.47275,45.0177],[1.46413,45.01427],[1.45935,45.01376],[1.45546,45.01503],[1.44824,45.01941],[1.43662,45.01216],[1.43188,45.01026],[1.42333,45.00851],[1.4091,45.00686],[1.41345,44.99923],[1.41444,44.99489],[1.41587,44.97919],[1.41803,44.96927],[1.4172,44.96048],[1.41885,44.95732],[1.4279,44.94695],[1.43065,44.94572],[1.43311,44.94611],[1.43633,44.94094],[1.4331,44.93722],[1.43713,44.93546],[1.43821,44.92597],[1.43595,44.92133],[1.43013,44.91928],[1.42482,44.9199],[1.41731,44.91498],[1.41075,44.90888],[1.41334,44.90869],[1.41668,44.90478],[1.41843,44.89971],[1.42188,44.89604],[1.43272,44.89046],[1.4397,44.88896],[1.43989,44.88674],[1.44243,44.88194],[1.44206,44.87837],[1.43921,44.87457],[1.4316,44.87174],[1.41875,44.87086],[1.41674,44.87121],[1.41156,44.87277],[1.41093,44.8721],[1.41172,44.87063],[1.40912,44.86491],[1.40509,44.86315],[1.40467,44.85594],[1.40287,44.85081],[1.40284,44.84931],[1.38607,44.84757],[1.37027,44.84687],[1.36576,44.84585],[1.36544,44.84522],[1.36329,44.84268],[1.3601,44.82568],[1.3641,44.81163],[1.35648,44.81029],[1.35396,44.809],[1.34094,44.80646],[1.32987,44.80686],[1.32533,44.80599],[1.30058,44.79751],[1.2934,44.78982],[1.29787,44.78891],[1.29928,44.78197],[1.30185,44.77684],[1.30811,44.77086],[1.31339,44.76601],[1.32135,44.76504],[1.32153,44.76113],[1.31863,44.75396],[1.31583,44.74047],[1.3028,44.74435],[1.30017,44.74445],[1.30061,44.74304],[1.29621,44.72499],[1.28708,44.71466],[1.27414,44.72226],[1.27223,44.723],[1.27014,44.72244],[1.26832,44.71929],[1.2572,44.70931],[1.22486,44.68577],[1.22455,44.68427],[1.21242,44.68309],[1.18135,44.68327],[1.16963,44.6804],[1.16362,44.67462],[1.16012,44.67268],[1.14872,44.67036],[1.14707,44.67081],[1.14752,44.66358],[1.1465,44.65309],[1.15087,44.64657],[1.1538,44.63955],[1.15079,44.63342],[1.12729,44.61678],[1.12448,44.61573],[1.11087,44.60711],[1.10748,44.60391],[1.10119,44.59805],[1.09707,44.59056],[1.10346,44.58097],[1.10233,44.58059],[1.10152,44.5765],[1.10347,44.57435],[1.10321,44.57173],[1.0866,44.57138],[1.07761,44.5742],[1.07555,44.57576],[1.07514,44.57733],[1.07439,44.57727],[1.07302,44.5713],[1.07034,44.56639],[1.06377,44.56456],[1.05152,44.56329],[1.04632,44.56209],[1.04241,44.558],[1.04148,44.55754],[1.02974,44.55189],[1.01943,44.54319],[1.01312,44.53621],[1.01014,44.5443],[1.00468,44.54794],[0.99406,44.54971],[0.98766,44.54793],[0.98151,44.54444],[0.99194,44.53108],[1.00366,44.52009],[1.0109,44.51063],[1.01609,44.50638],[1.01776,44.49201],[1.01707,44.4891],[1.01316,44.48964],[1.00901,44.48004],[1.02302,44.47546],[1.02168,44.47313],[1.02335,44.46907],[1.02355,44.45887],[1.02116,44.4563],[1.02399,44.45147],[1.02428,44.44661],[1.02606,44.44237],[1.03373,44.4343],[1.04678,44.43147],[1.04708,44.43087],[1.0489,44.42925],[1.05503,44.42742],[1.05736,44.42787],[1.06052,44.41964],[1.06063,44.41101],[1.05954,44.40457],[1.06154,44.40204],[1.05691,44.39886],[1.05084,44.39202],[1.05855,44.39052],[1.0604,44.38953],[1.06423,44.37862],[1.05968,44.36696],[1.05575,44.365],[1.04825,44.36228],[1.02827,44.36425],[1.02657,44.36347],[1.0243,44.36351],[1.0097,44.36509],[0.99666,44.36915],[0.99018,44.36298],[0.98201,44.35858],[0.97814,44.3574],[0.97576,44.35909],[0.96496,44.36122],[0.95114,44.36055],[0.94655,44.3558],[0.94222,44.34456],[0.94109,44.34447],[0.93667,44.36984],[0.93453,44.37239],[0.93008,44.37436],[0.91978,44.38439],[0.91596,44.38431],[0.91087,44.38297],[0.9,44.38125],[0.89517,44.37679],[0.89396,44.37309],[0.88663,44.36541],[0.89001,44.36132],[0.89313,44.35521],[0.89194,44.34995],[0.89562,44.34626],[0.88699,44.33584],[0.88312,44.32871],[0.87306,44.32379],[0.87506,44.31884],[0.87377,44.31568],[0.87133,44.31412],[0.86955,44.31123],[0.86927,44.30917],[0.87191,44.31064],[0.87968,44.3085],[0.887,44.30491],[0.88971,44.29979],[0.89498,44.29694],[0.91635,44.30234],[0.92366,44.29186],[0.92346,44.28975],[0.92577,44.28694],[0.93433,44.28508],[0.9509,44.2751],[0.9456,44.26675],[0.94022,44.26345],[0.92783,44.26729],[0.92829,44.26209],[0.93042,44.25987],[0.93275,44.25053],[0.93015,44.2484],[0.92422,44.24583],[0.9188,44.23819],[0.92275,44.2367],[0.92579,44.2345],[0.92924,44.23036],[0.9241,44.22484],[0.92075,44.21751],[0.91499,44.20842],[0.90719,44.19962],[0.90544,44.19608],[0.90736,44.19479],[0.90624,44.19035],[0.903,44.19021],[0.89626,44.19123],[0.88385,44.19129],[0.86628,44.19349],[0.86119,44.19312],[0.85962,44.19294],[0.86038,44.19106],[0.85338,44.17969],[0.85291,44.17497],[0.86404,44.17362],[0.87992,44.1735],[0.88303,44.17548],[0.8896,44.17146],[0.89042,44.16992],[0.88979,44.16684],[0.88719,44.15911],[0.88848,44.14881],[0.88831,44.14732],[0.89342,44.14393],[0.89427,44.14229],[0.89422,44.13797],[0.89218,44.13733],[0.882,44.14109],[0.86895,44.12796],[0.86891,44.1273],[0.86684,44.12656],[0.85708,44.12754],[0.8569,44.1305],[0.83343,44.13705],[0.8195,44.14381],[0.79538,44.14562],[0.79022,44.14456],[0.78821,44.14373],[0.7879,44.14279],[0.79043,44.14104],[0.79743,44.13048],[0.79513,44.1285],[0.79523,44.12128],[0.79596,44.11529],[0.79856,44.11227],[0.79865,44.11059],[0.78234,44.11261],[0.77761,44.11453],[0.77499,44.11686],[0.77091,44.11295],[0.76689,44.11054],[0.75599,44.10692],[0.75316,44.10346],[0.748,44.09319],[0.74511,44.08429],[0.7383,44.07562],[0.73848,44.06954],[0.74189,44.06522],[0.73886,44.06096],[0.72619,44.06052],[0.71073,44.05804],[0.7077,44.0584],[0.70714,44.05695],[0.69898,44.05069],[0.69183,44.04637],[0.68505,44.04498],[0.68241,44.04211],[0.67965,44.03685],[0.6796,44.02949],[0.67386,44.02665],[0.66339,44.02409],[0.6614,44.02442],[0.6544,44.03193],[0.65371,44.03724],[0.6509,44.04102],[0.63853,44.04982],[0.63169,44.04955],[0.63068,44.05159],[0.63078,44.05598],[0.62735,44.06063],[0.61827,44.06655],[0.60729,44.07076],[0.60372,44.07331],[0.60131,44.07807],[0.58511,44.07669],[0.58494,44.07566],[0.57381,44.06954],[0.5715,44.06562],[0.56634,44.05995],[0.55851,44.05818],[0.54237,44.0561],[0.53853,44.05293],[0.53503,44.05502],[0.51593,44.06122],[0.51157,44.06341],[0.506,44.05617],[0.50581,44.05186],[0.50462,44.05071],[0.49855,44.05474],[0.48556,44.0592],[0.48543,44.05623],[0.47658,44.0549],[0.46353,44.05487],[0.45964,44.05553],[0.4507,44.04572],[0.45037,44.04432],[0.44255,44.02871],[0.43566,44.02935],[0.41873,44.02903],[0.41676,44.02924],[0.40544,44.02217],[0.39027,44.0159],[0.3846,44.00888],[0.38137,44.00641],[0.37098,44.00824],[0.3675,44.01022],[0.365,44.01492],[0.35755,44.01631],[0.34083,44.012],[0.32714,44.00715],[0.32101,44.00806],[0.3162,44.01],[0.3139,44.0085],[0.31624,44.00321],[0.31987,43.9985],[0.31768,43.99453],[0.30885,43.99546],[0.30582,43.99403],[0.2988,43.99276],[0.29173,43.99403],[0.28008,43.99865],[0.27566,43.99872],[0.27347,43.99803],[0.27077,44.00152],[0.26939,44.0042],[0.2606,44.00532],[0.24829,44.00424],[0.23535,44.00851],[0.23057,44.01172],[0.23337,44.02257],[0.22515,44.019],[0.21882,44.02086],[0.21321,44.02162],[0.20511,44.01924],[0.2009,44.01385],[0.19358,44.01381],[0.19007,44.01501],[0.18171,44.00366],[0.17075,43.99816],[0.16562,43.993],[0.16607,43.98099],[0.16433,43.97708],[0.16138,43.97431],[0.15869,43.97365],[0.1503,43.97367],[0.13856,43.97467],[0.13824,43.97825],[0.14097,43.98859],[0.14127,43.99479],[0.1381,43.99813],[0.13405,43.99999],[0.12842,44.00105],[0.12729,44.00229],[0.12122,43.99616],[0.11876,43.99068],[0.11513,43.98787],[0.1074,43.98532],[0.08492,43.98428],[0.07592,43.98294],[0.074,43.98227],[0.07251,43.97818],[0.0677,43.97453],[0.0614,43.96368],[0.0561,43.96146],[0.05573,43.95657],[0.0569,43.9514],[0.07026,43.93532],[0.0765,43.91585],[0.07482,43.91473],[0.07226,43.91438],[0.06964,43.90558],[0.05915,43.89927],[0.04976,43.90004],[0.03318,43.89998],[0.01474,43.91311],[0.00042,43.91949],[-0.01532,43.92407],[-0.01982,43.92885],[-0.0173,43.9325],[-0.0081,43.93818],[0.0036,43.94331],[0.00605,43.94538],[0.00692,43.94973],[0.00551,43.95692],[0.00151,43.95994],[-0.00109,43.96057],[-0.0189,43.97104],[-0.03616,43.98374],[-0.04057,43.96946],[-0.04354,43.96469],[-0.04987,43.96124],[-0.05944,43.961],[-0.06816,43.95242],[-0.06998,43.94825],[-0.0806,43.94267],[-0.08363,43.94399],[-0.08888,43.94916],[-0.09114,43.94917],[-0.09348,43.94844],[-0.09869,43.94242],[-0.09365,43.93183],[-0.09514,43.9297],[-0.10276,43.92712],[-0.11347,43.93558],[-0.12616,43.94385],[-0.13452,43.93781],[-0.1353,43.93613],[-0.15303,43.93904],[-0.15416,43.93231],[-0.15978,43.92761],[-0.16417,43.9274],[-0.1697,43.93032],[-0.18063,43.93409],[-0.19227,43.92575],[-0.19718,43.92028],[-0.20038,43.91467],[-0.20412,43.91263],[-0.20874,43.91192],[-0.22533,43.91349],[-0.22911,43.91055],[-0.23313,43.90084],[-0.2403,43.89795],[-0.23712,43.89313],[-0.23401,43.89099],[-0.21529,43.88893],[-0.20126,43.88549],[-0.19419,43.88165],[-0.18568,43.86692],[-0.20424,43.86039],[-0.20874,43.8576],[-0.20625,43.85428],[-0.19677,43.84601],[-0.19371,43.84055],[-0.19817,43.82841],[-0.19715,43.82246],[-0.19352,43.81587],[-0.19271,43.81034],[-0.19471,43.80828],[-0.20075,43.8067],[-0.20232,43.80878],[-0.2125,43.80922],[-0.21387,43.81176],[-0.21585,43.81258],[-0.21733,43.80997],[-0.22092,43.80946],[-0.22233,43.80548],[-0.22127,43.80003],[-0.21866,43.79696],[-0.22207,43.78724],[-0.21579,43.78386],[-0.21308,43.77921],[-0.21272,43.75634],[-0.21399,43.75557],[-0.21813,43.75378],[-0.21873,43.75198],[-0.21806,43.74969],[-0.20612,43.74992],[-0.19755,43.7477],[-0.1952,43.74516],[-0.19397,43.73695],[-0.21537,43.72253],[-0.22225,43.71905],[-0.23693,43.71315],[-0.24336,43.70906],[-0.24665,43.70545],[-0.24361,43.70191],[-0.24428,43.70049],[-0.24532,43.69916],[-0.24078,43.69728],[-0.23865,43.69307],[-0.2491,43.68521],[-0.25443,43.68355],[-0.25642,43.68033],[-0.2581,43.67373],[-0.25274,43.67224],[-0.23974,43.67123],[-0.23967,43.66972],[-0.24307,43.66404],[-0.24407,43.66324],[-0.24432,43.66027],[-0.24807,43.65647],[-0.26122,43.64911],[-0.26202,43.64787],[-0.26388,43.64452],[-0.26301,43.63711],[-0.26365,43.63596],[-0.27324,43.63899],[-0.27957,43.64237],[-0.28212,43.64294],[-0.28117,43.6366],[-0.28148,43.62392],[-0.27515,43.61908],[-0.2685,43.61633],[-0.25481,43.61522],[-0.2472,43.61584],[-0.24748,43.61051],[-0.25213,43.60206],[-0.2546,43.59933],[-0.25392,43.59687],[-0.24809,43.59681],[-0.24296,43.58853],[-0.24252,43.58483],[-0.24208,43.58334],[-0.23637,43.5829],[-0.23361,43.58407],[-0.23329,43.58807],[-0.23026,43.58976],[-0.21081,43.59317],[-0.2087,43.59116],[-0.20501,43.584],[-0.19099,43.58841],[-0.1848,43.59115],[-0.17883,43.59607],[-0.17656,43.59684],[-0.16238,43.58175],[-0.16091,43.58055],[-0.15783,43.58144],[-0.1568,43.58271],[-0.143,43.5845],[-0.1288,43.58121],[-0.1281,43.58317],[-0.11745,43.58557],[-0.09705,43.5822],[-0.09264,43.57118],[-0.0933,43.56366],[-0.08965,43.55997],[-0.08876,43.55707],[-0.09432,43.5487],[-0.09425,43.54392],[-0.09197,43.54244],[-0.0871,43.54233],[-0.07585,43.54688],[-0.06738,43.54758],[-0.05978,43.53889],[-0.05617,43.53303],[-0.05175,43.52965],[-0.04873,43.52976],[-0.04392,43.52356],[-0.04337,43.52087],[-0.04446,43.51698],[-0.04,43.51257],[-0.04386,43.50667],[-0.04674,43.49829],[-0.04032,43.48961],[-0.03377,43.4777],[-0.02633,43.47471],[-0.02732,43.47353],[-0.01738,43.47214],[-0.01891,43.47006],[-0.01932,43.46755],[-0.03208,43.46607],[-0.03773,43.46486],[-0.04527,43.46518],[-0.065,43.46359],[-0.06608,43.46025],[-0.06143,43.45292],[-0.06365,43.44792],[-0.06682,43.4437],[-0.0656,43.44123],[-0.06661,43.43961],[-0.05443,43.42347],[-0.0539,43.41905],[-0.06527,43.41244],[-0.06714,43.4104],[-0.06503,43.40934],[-0.04419,43.4095],[-0.03795,43.41877],[-0.03558,43.42367],[-0.03186,43.42771],[-0.02712,43.43098],[-0.02484,43.43001],[-0.01728,43.44109],[-0.01645,43.44392],[-0.0088,43.44383],[-0.00246,43.44517],[-0.00146,43.44504],[-0.00092,43.43999],[-0.0047,43.43154],[0.00965,43.4222],[0.001,43.40743],[-0.00184,43.39909],[-0.00409,43.39818],[-0.00039,43.39624],[-0.0046,43.39504],[-0.00429,43.39337],[-0.0003,43.38914],[-0.00198,43.38686],[0.00068,43.38561],[0.00102,43.3837],[-0.00415,43.37887],[-0.00498,43.37531],[-0.00341,43.3722],[0.00152,43.36913],[0.00466,43.37085],[0.00458,43.37148],[0.00657,43.37037],[0.00871,43.36704],[0.00551,43.36333],[0.02414,43.34907],[0.02656,43.34838],[0.02979,43.34611],[0.02567,43.34036],[0.02402,43.33856],[0.01628,43.33222],[0.01274,43.3277],[0.01003,43.32525],[0.00669,43.32606],[0.007,43.32698],[0.00179,43.33049],[-0.00333,43.3321],[-0.01852,43.33157],[-0.02119,43.32903],[-0.02556,43.32979],[-0.02792,43.32356],[-0.02923,43.31919],[-0.02896,43.31665],[-0.03436,43.30956],[-0.04485,43.30352],[-0.04618,43.29969],[-0.04404,43.28978],[-0.04447,43.28574],[-0.04102,43.2836],[-0.03599,43.28187],[-0.02455,43.28013],[-0.01894,43.26841],[-0.02388,43.25589],[-0.03999,43.2399],[-0.04704,43.22391],[-0.04977,43.21733],[-0.06155,43.22114],[-0.06192,43.22258],[-0.07206,43.22473],[-0.07411,43.22247],[-0.07164,43.21157],[-0.07089,43.19435],[-0.06779,43.18109],[-0.06827,43.17727],[-0.09942,43.1728],[-0.10808,43.17332],[-0.11242,43.1802],[-0.11772,43.18027],[-0.12263,43.17098],[-0.1252,43.16729],[-0.12646,43.16038],[-0.13475,43.15181],[-0.13853,43.14921],[-0.14279,43.13301],[-0.14662,43.12809],[-0.14774,43.12912],[-0.15337,43.12598],[-0.16519,43.12242],[-0.17024,43.11569],[-0.18434,43.11296],[-0.19261,43.1156],[-0.19404,43.11511],[-0.19094,43.11134],[-0.1919,43.10479],[-0.19593,43.10406],[-0.19827,43.10172],[-0.19786,43.09941],[-0.19541,43.09513],[-0.18712,43.09073],[-0.18797,43.08509],[-0.19166,43.07722],[-0.19823,43.07002],[-0.19891,43.06444],[-0.19695,43.06043],[-0.1922,43.05703],[-0.18566,43.05679],[-0.18196,43.05253],[-0.19716,43.04606],[-0.21424,43.03621],[-0.22392,43.03371],[-0.22933,43.03686],[-0.23679,43.0395],[-0.25367,43.03936],[-0.25792,43.03831],[-0.26066,43.03862],[-0.26044,43.03802],[-0.25948,43.03719],[-0.25696,43.02916],[-0.25592,43.02291],[-0.25902,43.01629],[-0.26478,43.01011],[-0.2676,43.00832],[-0.27637,43.00598],[-0.28758,43.00551],[-0.29259,42.9918],[-0.2863,42.95743],[-0.28072,42.94322],[-0.27928,42.94235],[-0.2812,42.93429],[-0.28535,42.92991],[-0.29004,42.92909],[-0.29778,42.93097],[-0.30345,42.92728],[-0.31089,42.91972],[-0.31675,42.91776],[-0.32688,42.91687],[-0.32459,42.90526],[-0.31556,42.8901],[-0.31567,42.8848],[-0.31396,42.87992],[-0.31097,42.87659],[-0.30793,42.86751],[-0.31012,42.8545],[-0.31325,42.8494],[-0.3066,42.84146],[-0.29694,42.83884],[-0.28993,42.83837],[-0.27689,42.8356],[-0.27544,42.83239],[-0.26794,42.82598],[-0.25901,42.82145],[-0.25259,42.82163],[-0.24339,42.82337],[-0.23873,42.8178],[-0.23883,42.80972],[-0.23622,42.80787],[-0.22222,42.80169],[-0.20095,42.79619],[-0.18918,42.7882],[-0.1858,42.78697],[-0.18023,42.78584],[-0.17423,42.78771],[-0.16948,42.79012],[-0.15527,42.78949],[-0.14773,42.77697],[-0.14732,42.77401],[-0.14472,42.76858],[-0.13714,42.76505],[-0.10978,42.73493],[-0.10941,42.72852],[-0.10583,42.72471],[-0.10171,42.72196],[-0.06836,42.71797],[-0.06383,42.71061],[-0.06457,42.69976],[-0.06322,42.69629],[-0.06105,42.69439],[-0.0563,42.69225],[-0.03987,42.69153],[-0.02803,42.68924],[-0.01678,42.68537],[-0.00896,42.68464],[0.00096,42.68546],[0.00983,42.69039],[0.01406,42.69371],[0.01515,42.69592],[0.01465,42.70066],[0.01764,42.7017],[0.02148,42.70249],[0.0244,42.70247],[0.02485,42.70226],[0.04596,42.69668],[0.05809,42.69768],[0.06156,42.6989],[0.06595,42.70174],[0.0721,42.70679],[0.07651,42.7136],[0.07984,42.71489]],[[1.96023,42.47042],[1.96596,42.47953],[1.97294,42.48325],[1.97786,42.49147],[1.97847,42.49459],[1.9807,42.49504],[1.98963,42.49369],[1.99842,42.48532],[1.9952,42.48458],[1.99068,42.48047],[1.98636,42.47559],[1.98659,42.47282],[1.98739,42.4696],[1.99134,42.46592],[1.99724,42.46081],[2.00287,42.45832],[2.01124,42.45446],[2.01439,42.45179],[2.01278,42.44836],[2.00943,42.44849],[2.00302,42.44696],[1.98392,42.44674],[1.98094,42.44775],[1.96918,42.45188],[1.9599,42.45328],[1.95656,42.45794],[1.96023,42.47042]]],[[[-0.12779,43.29278],[-0.13388,43.28751],[-0.13745,43.2856],[-0.13496,43.28346],[-0.1356,43.28216],[-0.13725,43.28191],[-0.14054,43.27178],[-0.13848,43.2659],[-0.13569,43.26132],[-0.134,43.25886],[-0.12983,43.25634],[-0.12617,43.25183],[-0.12414,43.24637],[-0.12202,43.24362],[-0.11484,43.24229],[-0.10495,43.24306],[-0.1032,43.24296],[-0.10034,43.24905],[-0.0963,43.25413],[-0.09441,43.25533],[-0.09286,43.25298],[-0.09164,43.25263],[-0.09035,43.25331],[-0.08457,43.2577],[-0.07982,43.26308],[-0.07944,43.27169],[-0.0848,43.2772],[-0.09215,43.28122],[-0.09605,43.28552],[-0.08914,43.30118],[-0.09224,43.30068],[-0.09982,43.30388],[-0.10788,43.30843],[-0.11237,43.30965],[-0.11977,43.30655],[-0.1223,43.30172],[-0.12779,43.29278]]],[[[-0.10012,43.37359],[-0.10735,43.37096],[-0.10615,43.36228],[-0.10436,43.35918],[-0.10312,43.35874],[-0.09206,43.35847],[-0.09024,43.35922],[-0.08804,43.34728],[-0.08762,43.33375],[-0.09248,43.33327],[-0.10857,43.33793],[-0.11543,43.33211],[-0.11506,43.32218],[-0.11192,43.31715],[-0.10384,43.3127],[-0.08285,43.30786],[-0.07534,43.30716],[-0.0752,43.30716],[-0.06906,43.31216],[-0.07071,43.31665],[-0.06954,43.31929],[-0.06828,43.3282],[-0.0665,43.33108],[-0.06411,43.33909],[-0.06523,43.34104],[-0.06306,43.34752],[-0.06513,43.35478],[-0.07369,43.36225],[-0.07838,43.3652],[-0.07866,43.36521],[-0.08273,43.36653],[-0.09301,43.37406],[-0.10012,43.37359]]]]}},{"type":"Feature","properties":{"code":"28","nom":"Normandie"},"geometry":{"type":"MultiPolygon","coordinates":[[[[-1.5153,48.53034],[-1.50712,48.52025],[-1.49556,48.50868],[-1.49495,48.50335],[-1.48992,48.48932],[-1.48425,48.49134],[-1.47753,48.4885],[-1.47015,48.48666],[-1.46595,48.48841],[-1.44926,48.48716],[-1.43632,48.47859],[-1.44092,48.47193],[-1.42986,48.46401],[-1.4193,48.46089],[-1.39948,48.46102],[-1.39716,48.46227],[-1.38277,48.45677],[-1.37854,48.45741],[-1.37471,48.45914],[-1.35342,48.46816],[-1.34484,48.47274],[-1.34913,48.48222],[-1.34142,48.48934],[-1.34065,48.49032],[-1.33822,48.49133],[-1.33614,48.49084],[-1.33211,48.48848],[-1.33038,48.48614],[-1.32874,48.48625],[-1.3295,48.48831],[-1.32556,48.49428],[-1.32199,48.50003],[-1.31498,48.49681],[-1.2982,48.50075],[-1.28812,48.50703],[-1.2875,48.50959],[-1.27903,48.50929],[-1.2761,48.51667],[-1.27028,48.52352],[-1.2696,48.52554],[-1.26894,48.52991],[-1.27276,48.53389],[-1.26363,48.53936],[-1.25648,48.5425],[-1.25179,48.54378],[-1.24926,48.54371],[-1.24893,48.54369],[-1.249,48.54201],[-1.24705,48.5408],[-1.23894,48.53861],[-1.23177,48.53773],[-1.21673,48.53768],[-1.20663,48.54063],[-1.20685,48.54232],[-1.20441,48.54139],[-1.19989,48.53653],[-1.19807,48.53143],[-1.19214,48.52877],[-1.1885,48.52875],[-1.17592,48.53042],[-1.16671,48.53025],[-1.16302,48.52733],[-1.16198,48.52432],[-1.1601,48.52429],[-1.15363,48.51924],[-1.14717,48.51777],[-1.13922,48.5184],[-1.13632,48.52017],[-1.11723,48.52172],[-1.11503,48.51834],[-1.1021,48.51297],[-1.09313,48.51103],[-1.07008,48.50882],[-1.06869,48.51026],[-1.06215,48.51169],[-1.06121,48.51558],[-1.05671,48.51356],[-1.05503,48.51112],[-1.04776,48.50747],[-1.0375,48.5043],[-1.01172,48.49302],[-1.00295,48.48909],[-0.98579,48.49374],[-0.97693,48.49299],[-0.97211,48.49474],[-0.96238,48.50355],[-0.96222,48.50694],[-0.96437,48.5111],[-0.96302,48.5131],[-0.95725,48.51614],[-0.95025,48.51591],[-0.94683,48.51445],[-0.94454,48.51456],[-0.93628,48.51511],[-0.92475,48.51336],[-0.92247,48.51219],[-0.92168,48.51048],[-0.9231,48.50604],[-0.92223,48.50299],[-0.91749,48.50013],[-0.90591,48.49674],[-0.89581,48.49491],[-0.87997,48.49933],[-0.87221,48.49849],[-0.86724,48.49874],[-0.86028,48.50151],[-0.8492,48.49773],[-0.84012,48.49186],[-0.83491,48.48382],[-0.82646,48.47585],[-0.82395,48.47503],[-0.82109,48.47611],[-0.81473,48.47215],[-0.81829,48.46857],[-0.81567,48.45787],[-0.8125,48.45503],[-0.79789,48.46361],[-0.79202,48.46579],[-0.77789,48.46553],[-0.77787,48.45936],[-0.77878,48.45027],[-0.77399,48.44273],[-0.77134,48.44278],[-0.76636,48.4407],[-0.76474,48.43795],[-0.76269,48.43658],[-0.75908,48.43616],[-0.75654,48.43708],[-0.73914,48.44366],[-0.72865,48.44498],[-0.71919,48.44718],[-0.71488,48.44904],[-0.7142,48.45261],[-0.71541,48.45436],[-0.73338,48.46008],[-0.73595,48.46135],[-0.73708,48.4638],[-0.73726,48.46512],[-0.73103,48.47179],[-0.72494,48.47345],[-0.70404,48.4704],[-0.70325,48.46824],[-0.70176,48.46722],[-0.69219,48.46806],[-0.68803,48.46958],[-0.68619,48.47039],[-0.68488,48.4737],[-0.68061,48.47845],[-0.6688,48.48655],[-0.66222,48.48387],[-0.65815,48.47691],[-0.6538,48.45403],[-0.65409,48.44459],[-0.65108,48.44395],[-0.63629,48.45241],[-0.62685,48.45627],[-0.61799,48.45888],[-0.61198,48.4618],[-0.59712,48.47182],[-0.59425,48.47252],[-0.59322,48.47085],[-0.58598,48.47208],[-0.57287,48.4686],[-0.57172,48.46899],[-0.56428,48.47688],[-0.55191,48.4732],[-0.54551,48.48258],[-0.53908,48.48665],[-0.53491,48.49158],[-0.5156,48.50384],[-0.51257,48.50715],[-0.50946,48.50888],[-0.49291,48.50176],[-0.48947,48.50136],[-0.48781,48.50434],[-0.47828,48.50159],[-0.46674,48.50992],[-0.45085,48.51282],[-0.44422,48.51414],[-0.43163,48.51251],[-0.42833,48.51028],[-0.42443,48.50858],[-0.42536,48.50747],[-0.40919,48.50562],[-0.39761,48.51065],[-0.39115,48.50877],[-0.39372,48.50171],[-0.39307,48.50109],[-0.38338,48.49755],[-0.37578,48.49622],[-0.37242,48.49612],[-0.36861,48.4945],[-0.36769,48.49299],[-0.36896,48.49261],[-0.36867,48.48803],[-0.35316,48.48372],[-0.34937,48.48885],[-0.35121,48.49043],[-0.3466,48.50111],[-0.3201,48.52312],[-0.31215,48.52049],[-0.30893,48.5185],[-0.29308,48.51527],[-0.28099,48.50876],[-0.27147,48.50741],[-0.26859,48.51708],[-0.2655,48.52295],[-0.24748,48.5304],[-0.24147,48.53711],[-0.24621,48.54267],[-0.2584,48.55103],[-0.25761,48.55202],[-0.24757,48.56466],[-0.24264,48.56799],[-0.23435,48.56234],[-0.23239,48.56177],[-0.2232,48.56091],[-0.20618,48.56185],[-0.19617,48.55603],[-0.19399,48.55479],[-0.19189,48.55166],[-0.18908,48.54844],[-0.16856,48.53705],[-0.14437,48.52773],[-0.1455,48.52478],[-0.16179,48.51814],[-0.16686,48.51477],[-0.16957,48.51211],[-0.17159,48.50823],[-0.17209,48.50213],[-0.17077,48.5018],[-0.1693,48.5028],[-0.16667,48.50203],[-0.1615,48.4985],[-0.15606,48.49238],[-0.15564,48.4902],[-0.15096,48.48272],[-0.15018,48.47973],[-0.15283,48.47666],[-0.15055,48.46514],[-0.14981,48.46004],[-0.14673,48.45643],[-0.13789,48.45294],[-0.11615,48.44876],[-0.10845,48.44795],[-0.09689,48.4485],[-0.08838,48.45039],[-0.08082,48.45014],[-0.07312,48.45059],[-0.07191,48.45303],[-0.07281,48.457],[-0.07066,48.45842],[-0.06258,48.45674],[-0.05099,48.45289],[-0.04988,48.44903],[-0.05014,48.44514],[-0.05499,48.43083],[-0.05718,48.43046],[-0.05728,48.42914],[-0.0545,48.42232],[-0.05394,48.41635],[-0.05671,48.39787],[-0.05633,48.39563],[-0.05387,48.39375],[-0.05252,48.3925],[-0.05492,48.38212],[-0.05388,48.38197],[-0.05492,48.37828],[-0.05159,48.37562],[-0.04967,48.37545],[-0.04748,48.3794],[-0.04258,48.37929],[-0.03643,48.38082],[-0.02775,48.38619],[-0.02017,48.39392],[-0.00249,48.39754],[0.00317,48.39616],[0.00339,48.39318],[0.01595,48.38222],[0.02051,48.38025],[0.0231,48.3804],[0.0397,48.38056],[0.04973,48.3807],[0.06235,48.38289],[0.05695,48.38975],[0.05638,48.39388],[0.06559,48.40485],[0.06749,48.40603],[0.08021,48.40882],[0.08349,48.41023],[0.08327,48.41103],[0.08926,48.41061],[0.09987,48.41019],[0.1038,48.41397],[0.11044,48.42323],[0.10646,48.4266],[0.11142,48.43238],[0.11645,48.43585],[0.1196,48.43669],[0.12154,48.43621],[0.15311,48.43787],[0.15732,48.44045],[0.15867,48.44252],[0.15831,48.44413],[0.15532,48.44528],[0.14367,48.4553],[0.14589,48.45759],[0.15245,48.45751],[0.15503,48.4562],[0.15741,48.45323],[0.1623,48.45091],[0.17097,48.44944],[0.17362,48.45084],[0.16942,48.45895],[0.16954,48.46145],[0.17226,48.46495],[0.177,48.46552],[0.18093,48.46498],[0.1901,48.4619],[0.19194,48.46245],[0.1947,48.46365],[0.19875,48.4655],[0.20254,48.46843],[0.21136,48.47205],[0.21787,48.47384],[0.22558,48.47308],[0.23246,48.47284],[0.25017,48.47444],[0.25991,48.47769],[0.26153,48.47945],[0.26134,48.48206],[0.26249,48.48276],[0.26545,48.48503],[0.27182,48.4828],[0.28357,48.4815],[0.29416,48.47957],[0.31481,48.47322],[0.32735,48.47055],[0.33551,48.46359],[0.34121,48.46101],[0.35065,48.4589],[0.35268,48.45975],[0.35836,48.45608],[0.36334,48.45109],[0.3665,48.44523],[0.36781,48.43773],[0.37058,48.43716],[0.37582,48.43039],[0.38043,48.42562],[0.38175,48.42279],[0.38103,48.41628],[0.37843,48.41426],[0.37292,48.40368],[0.37497,48.39307],[0.37386,48.38697],[0.37871,48.38319],[0.38036,48.36929],[0.37943,48.36647],[0.3833,48.35402],[0.38357,48.35266],[0.38652,48.35256],[0.3873,48.3515],[0.38761,48.34737],[0.38407,48.34313],[0.3805,48.34319],[0.38254,48.33399],[0.39518,48.32252],[0.40371,48.31611],[0.40599,48.31483],[0.41234,48.31741],[0.41151,48.32058],[0.41549,48.32158],[0.41642,48.32172],[0.42772,48.31499],[0.42826,48.31061],[0.43119,48.30672],[0.44278,48.30461],[0.4544,48.30604],[0.46327,48.30528],[0.47106,48.30267],[0.48176,48.30057],[0.49141,48.30816],[0.50749,48.29534],[0.50606,48.2937],[0.50218,48.29373],[0.4958,48.28827],[0.49305,48.28414],[0.49459,48.28196],[0.49572,48.28215],[0.50281,48.2785],[0.51269,48.2677],[0.51347,48.26653],[0.5303,48.2655],[0.53814,48.25878],[0.53842,48.25587],[0.53597,48.24984],[0.5374,48.24924],[0.54326,48.24939],[0.5791,48.24447],[0.58603,48.24505],[0.59365,48.24469],[0.62432,48.2455],[0.63022,48.24166],[0.63188,48.23463],[0.63394,48.23429],[0.63531,48.23518],[0.63852,48.23545],[0.63469,48.24357],[0.63193,48.25478],[0.63849,48.26033],[0.65178,48.26422],[0.66347,48.26081],[0.66734,48.25836],[0.68413,48.25413],[0.68578,48.24419],[0.69543,48.236],[0.70432,48.22495],[0.71577,48.21342],[0.72153,48.20302],[0.72198,48.20006],[0.72357,48.19831],[0.73005,48.20096],[0.73506,48.1949],[0.73805,48.18929],[0.74631,48.18487],[0.75549,48.18236],[0.76174,48.18233],[0.76842,48.18347],[0.79786,48.19477],[0.80748,48.19949],[0.8105,48.20631],[0.83068,48.21076],[0.83026,48.21416],[0.82752,48.21855],[0.82223,48.22359],[0.81942,48.22522],[0.80921,48.23669],[0.80211,48.24992],[0.79965,48.25252],[0.78764,48.26099],[0.78746,48.26186],[0.79003,48.26301],[0.79179,48.26505],[0.78587,48.27114],[0.79299,48.28307],[0.79735,48.28699],[0.80767,48.28983],[0.7877,48.29743],[0.77899,48.30291],[0.76844,48.3018],[0.76037,48.29831],[0.75569,48.29992],[0.76614,48.31244],[0.76906,48.31795],[0.76912,48.32242],[0.78136,48.33267],[0.78257,48.33325],[0.78423,48.33362],[0.7854,48.34046],[0.78773,48.3412],[0.81844,48.34955],[0.82799,48.34231],[0.83466,48.34558],[0.83993,48.35272],[0.85227,48.34846],[0.86195,48.35095],[0.88131,48.35578],[0.88363,48.35675],[0.89647,48.37103],[0.89974,48.37322],[0.90182,48.37339],[0.9063,48.3719],[0.90735,48.3701],[0.90914,48.37031],[0.91373,48.37372],[0.91915,48.38008],[0.92496,48.38449],[0.92629,48.38418],[0.93201,48.3918],[0.94059,48.39832],[0.94586,48.40652],[0.94531,48.41823],[0.9482,48.41792],[0.94986,48.41884],[0.96389,48.43035],[0.97641,48.43877],[0.97212,48.44243],[0.96693,48.44172],[0.95779,48.44274],[0.94241,48.45751],[0.93827,48.46924],[0.93717,48.4698],[0.93569,48.4756],[0.94515,48.47718],[0.95357,48.48025],[0.95637,48.48244],[0.95542,48.49286],[0.94979,48.49348],[0.94147,48.49883],[0.94657,48.501],[0.95832,48.51006],[0.96742,48.52385],[0.96039,48.52429],[0.95206,48.52664],[0.93195,48.53422],[0.92523,48.5361],[0.92252,48.53774],[0.93162,48.5456],[0.93656,48.54679],[0.939,48.54911],[0.93404,48.55442],[0.92572,48.55986],[0.92366,48.55826],[0.9106,48.5641],[0.89127,48.57218],[0.88048,48.57425],[0.87374,48.57335],[0.86694,48.57438],[0.85949,48.57775],[0.85216,48.58161],[0.84957,48.58432],[0.84932,48.586],[0.8488,48.59411],[0.84669,48.60312],[0.84115,48.60837],[0.83074,48.61113],[0.82811,48.61095],[0.82262,48.60893],[0.81964,48.60987],[0.81723,48.61568],[0.8257,48.62932],[0.83176,48.63342],[0.82427,48.63385],[0.82168,48.63606],[0.82494,48.64865],[0.82345,48.65075],[0.81861,48.65375],[0.81278,48.66072],[0.81269,48.66818],[0.81482,48.67016],[0.82726,48.68072],[0.83186,48.68133],[0.83914,48.67969],[0.84313,48.67993],[0.8491,48.68162],[0.85029,48.68295],[0.85161,48.68455],[0.85509,48.68581],[0.86134,48.69177],[0.86878,48.70311],[0.87256,48.71323],[0.87685,48.71568],[0.89025,48.72037],[0.89579,48.71481],[0.903,48.71106],[0.90982,48.71032],[0.91984,48.71245],[0.92116,48.70915],[0.94334,48.71345],[0.95827,48.71937],[0.97109,48.72845],[0.97823,48.7309],[0.98116,48.72962],[0.98239,48.72732],[0.98507,48.72593],[0.99064,48.72562],[1.01356,48.72821],[1.0178,48.73061],[1.02205,48.73483],[1.02677,48.73262],[1.02964,48.72878],[1.03389,48.72864],[1.03661,48.73034],[1.03744,48.73231],[1.03635,48.73321],[1.03675,48.74162],[1.047,48.74706],[1.06294,48.75913],[1.06462,48.75942],[1.0681,48.75777],[1.06872,48.7514],[1.06974,48.74875],[1.07125,48.74842],[1.07581,48.7494],[1.08091,48.75218],[1.08658,48.75735],[1.08837,48.75675],[1.08948,48.75305],[1.0923,48.75],[1.096,48.74875],[1.11389,48.74608],[1.1179,48.75426],[1.12186,48.76983],[1.11898,48.78238],[1.12138,48.78923],[1.12902,48.7885],[1.13147,48.78764],[1.15186,48.78593],[1.1506,48.78237],[1.14842,48.77976],[1.14904,48.77776],[1.15767,48.76948],[1.1631,48.76912],[1.16449,48.76988],[1.18399,48.77234],[1.19144,48.77155],[1.19982,48.76905],[1.22305,48.75798],[1.23024,48.76173],[1.23065,48.76298],[1.22439,48.76336],[1.22288,48.76734],[1.24547,48.76955],[1.25617,48.76456],[1.25462,48.75854],[1.26818,48.75728],[1.27015,48.75756],[1.27041,48.76192],[1.27685,48.76344],[1.27835,48.76302],[1.27981,48.76258],[1.28944,48.76492],[1.29699,48.76823],[1.31148,48.76492],[1.31373,48.76449],[1.31325,48.76411],[1.31967,48.7608],[1.3285,48.76063],[1.33306,48.76265],[1.34065,48.77152],[1.35576,48.7792],[1.35634,48.77939],[1.37202,48.78203],[1.3741,48.78312],[1.37747,48.7906],[1.37024,48.8007],[1.36809,48.80285],[1.36633,48.80466],[1.36039,48.81194],[1.35703,48.81899],[1.35953,48.82401],[1.35961,48.83105],[1.36177,48.8341],[1.38991,48.84632],[1.3962,48.85187],[1.39714,48.85396],[1.39655,48.8556],[1.3981,48.8567],[1.40218,48.85832],[1.40392,48.86042],[1.40593,48.86115],[1.42386,48.86132],[1.43518,48.86625],[1.44993,48.86953],[1.45548,48.87042],[1.45772,48.87155],[1.46093,48.87278],[1.46474,48.87701],[1.4654,48.87927],[1.46876,48.89265],[1.46188,48.89934],[1.46092,48.90046],[1.46049,48.90967],[1.45695,48.91639],[1.4478,48.92461],[1.45415,48.92549],[1.45864,48.9279],[1.46114,48.93751],[1.48038,48.94049],[1.4826,48.93975],[1.5014,48.94103],[1.51088,48.95359],[1.50574,48.95324],[1.49833,48.95772],[1.49324,48.96567],[1.49664,48.96947],[1.51535,48.9764],[1.51827,48.9784],[1.51242,48.97866],[1.5079,48.98386],[1.49779,48.9797],[1.47098,48.97495],[1.46149,48.98895],[1.47174,48.98972],[1.48067,49.00104],[1.48033,49.00515],[1.48001,49.00725],[1.47388,49.00966],[1.47775,49.0139],[1.47701,49.01682],[1.47158,49.01861],[1.46196,49.02315],[1.45799,49.02597],[1.45403,49.03829],[1.45277,49.05037],[1.44729,49.0535],[1.45939,49.06145],[1.46179,49.06397],[1.46445,49.06233],[1.47524,49.0542],[1.48032,49.05192],[1.48762,49.05229],[1.50293,49.0593],[1.50965,49.06628],[1.50933,49.06987],[1.51247,49.07544],[1.51427,49.07966],[1.51252,49.08159],[1.5076,49.08401],[1.50842,49.08498],[1.50985,49.08424],[1.51428,49.08243],[1.51785,49.07917],[1.51838,49.07354],[1.52135,49.06835],[1.53439,49.07162],[1.54656,49.0723],[1.55037,49.07256],[1.5546,49.0702],[1.55914,49.06964],[1.56778,49.07295],[1.56985,49.07607],[1.57187,49.07673],[1.59417,49.08269],[1.60241,49.08162],[1.60875,49.07771],[1.62341,49.086],[1.61972,49.08757],[1.61827,49.09385],[1.62666,49.10471],[1.64216,49.11964],[1.64784,49.12473],[1.65567,49.12996],[1.65565,49.13076],[1.65238,49.14122],[1.65297,49.14468],[1.65858,49.14999],[1.66171,49.15239],[1.66356,49.1529],[1.66407,49.15414],[1.66306,49.16039],[1.66631,49.17583],[1.67162,49.18075],[1.66905,49.18667],[1.67054,49.18991],[1.67638,49.20046],[1.67662,49.20359],[1.67497,49.20407],[1.67321,49.20533],[1.67277,49.20713],[1.67734,49.21341],[1.68923,49.21954],[1.7004,49.22692],[1.70342,49.22994],[1.70435,49.23243],[1.69891,49.23512],[1.70149,49.24246],[1.70123,49.25182],[1.70881,49.26294],[1.71053,49.26453],[1.71155,49.26448],[1.7318,49.26734],[1.74466,49.26832],[1.75104,49.26746],[1.75361,49.26858],[1.75441,49.26999],[1.75668,49.27195],[1.75888,49.27236],[1.76681,49.26145],[1.7688,49.25619],[1.76694,49.25204],[1.77945,49.2485],[1.7897,49.24778],[1.7903,49.24682],[1.79042,49.24694],[1.78943,49.25369],[1.79385,49.25929],[1.79876,49.26789],[1.80286,49.27192],[1.8024,49.2735],[1.79758,49.28845],[1.7914,49.28817],[1.7844,49.29321],[1.77797,49.29205],[1.77193,49.29397],[1.77158,49.29502],[1.77526,49.30037],[1.77441,49.30705],[1.77198,49.31182],[1.77078,49.326],[1.76985,49.32663],[1.7723,49.33127],[1.77154,49.33849],[1.7667,49.3437],[1.75805,49.35703],[1.76029,49.35965],[1.75953,49.36822],[1.74743,49.37456],[1.74293,49.3818],[1.73466,49.3858],[1.71994,49.39549],[1.74049,49.40559],[1.73701,49.40733],[1.73447,49.40732],[1.72073,49.40493],[1.71403,49.40933],[1.72077,49.42048],[1.72365,49.4274],[1.72309,49.43425],[1.72913,49.44141],[1.73352,49.44113],[1.73805,49.44904],[1.73999,49.44909],[1.74923,49.45164],[1.75171,49.45334],[1.75104,49.45633],[1.74752,49.45951],[1.76598,49.46602],[1.7696,49.4683],[1.77226,49.47407],[1.77606,49.48775],[1.77744,49.48895],[1.78899,49.49043],[1.78754,49.49347],[1.78905,49.50113],[1.78755,49.50653],[1.78717,49.50607],[1.7838,49.50728],[1.77153,49.51305],[1.76972,49.51317],[1.76824,49.51209],[1.76879,49.51065],[1.76681,49.50945],[1.75458,49.50606],[1.75264,49.49734],[1.7451,49.48887],[1.7433,49.49028],[1.74428,49.49486],[1.74022,49.49921],[1.73594,49.50051],[1.72534,49.49967],[1.72558,49.5006],[1.71919,49.50297],[1.71689,49.50354],[1.71583,49.50508],[1.71979,49.50888],[1.73772,49.52187],[1.74466,49.53024],[1.74786,49.53745],[1.74783,49.53871],[1.74553,49.53932],[1.74488,49.53955],[1.7322,49.54126],[1.7228,49.54424],[1.72682,49.55802],[1.73,49.5614],[1.72545,49.56441],[1.72053,49.56957],[1.71374,49.57744],[1.70323,49.5778],[1.70106,49.57708],[1.70172,49.57521],[1.69769,49.57228],[1.69445,49.57504],[1.70022,49.57826],[1.70082,49.57968],[1.69964,49.58077],[1.69129,49.57913],[1.69039,49.57995],[1.69749,49.58265],[1.70664,49.57981],[1.71035,49.57991],[1.7181,49.58196],[1.72222,49.58905],[1.72085,49.59003],[1.71751,49.58845],[1.70919,49.58693],[1.69391,49.60115],[1.70741,49.60831],[1.71776,49.61558],[1.72156,49.62357],[1.71728,49.6331],[1.71108,49.6353],[1.70449,49.63988],[1.69865,49.64453],[1.7117,49.65023],[1.7225,49.66161],[1.72239,49.66887],[1.7401,49.67722],[1.75232,49.68106],[1.74961,49.69347],[1.74502,49.69823],[1.74216,49.70187],[1.7391,49.70112],[1.73078,49.69775],[1.72615,49.69484],[1.7219,49.69158],[1.71956,49.68843],[1.71154,49.68566],[1.70263,49.68433],[1.69546,49.69063],[1.69038,49.69398],[1.68893,49.69394],[1.68919,49.69495],[1.70087,49.70205],[1.70911,49.70612],[1.71506,49.71269],[1.71481,49.71383],[1.71243,49.72955],[1.71604,49.73261],[1.7235,49.73277],[1.73105,49.73388],[1.74068,49.73828],[1.74289,49.73842],[1.74589,49.73874],[1.73882,49.74926],[1.74296,49.75275],[1.76088,49.7575],[1.78116,49.75866],[1.78378,49.7583],[1.78469,49.75848],[1.78488,49.76141],[1.78117,49.76757],[1.77949,49.76829],[1.77913,49.77086],[1.77533,49.77428],[1.7714,49.77681],[1.76541,49.77897],[1.75833,49.78033],[1.75827,49.78275],[1.75754,49.7853],[1.7523,49.79219],[1.74641,49.80329],[1.74463,49.80344],[1.73756,49.80768],[1.73363,49.81346],[1.73378,49.81707],[1.73058,49.82107],[1.72678,49.82984],[1.72562,49.8344],[1.72593,49.83982],[1.7198,49.85679],[1.72004,49.86185],[1.71851,49.86578],[1.71709,49.86561],[1.71476,49.86671],[1.71151,49.87398],[1.71226,49.88003],[1.71145,49.8876],[1.70984,49.88936],[1.70526,49.89156],[1.69668,49.89344],[1.69328,49.89448],[1.69171,49.89865],[1.67836,49.91356],[1.67904,49.91671],[1.67281,49.92017],[1.64759,49.92859],[1.63789,49.93221],[1.62819,49.93434],[1.60857,49.94183],[1.59462,49.94865],[1.59134,49.95155],[1.58881,49.95577],[1.5782,49.96309],[1.57621,49.97092],[1.57448,49.97333],[1.56173,49.97827],[1.55811,49.97871],[1.55357,49.98288],[1.54561,49.98775],[1.52739,49.99472],[1.52728,49.99573],[1.5251,49.99861],[1.51349,50.01174],[1.5011,50.01885],[1.49802,50.01962],[1.49455,50.01819],[1.49099,50.01969],[1.49034,50.02168],[1.48657,50.02287],[1.47972,50.02669],[1.47339,50.03364],[1.46159,50.03586],[1.45646,50.03784],[1.45006,50.0446],[1.45586,50.05095],[1.45917,50.06274],[1.45714,50.06258],[1.45519,50.06534],[1.45332,50.06452],[1.44972,50.06933],[1.42649,50.07138],[1.42289,50.07055],[1.42189,50.06945],[1.40873,50.05709],[1.39296,50.05991],[1.38052,50.06572],[1.37481,50.06024],[1.36686,50.0627],[1.36485,50.0609],[1.36146,50.05856],[1.34249,50.05162],[1.33878,50.04992],[1.32292,50.03978],[1.309,50.03237],[1.29845,50.02825],[1.27136,50.01125],[1.25996,50.00411],[1.24488,49.99434],[1.23519,49.98953],[1.22937,49.98631],[1.22647,49.98518],[1.21757,49.98418],[1.21502,49.98295],[1.21122,49.97855],[1.20788,49.9763],[1.2016,49.97107],[1.19468,49.96784],[1.19382,49.9674],[1.18694,49.96652],[1.18017,49.96464],[1.169,49.95932],[1.16125,49.95576],[1.14784,49.95144],[1.12278,49.94353],[1.11576,49.94041],[1.10576,49.93626],[1.0891,49.93382],[1.089,49.93371],[1.08693,49.9327],[1.08637,49.92932],[1.08482,49.92744],[1.08146,49.92665],[1.08126,49.92644],[1.08004,49.9267],[1.08024,49.92731],[1.08201,49.92847],[1.08312,49.93363],[1.07486,49.92912],[1.06424,49.92519],[1.04001,49.92001],[1.02572,49.91654],[1.01877,49.91574],[0.9727,49.91904],[0.96362,49.91958],[0.95854,49.91898],[0.95247,49.917],[0.94125,49.91063],[0.92986,49.9067],[0.89886,49.89998],[0.8816,49.89579],[0.85803,49.89261],[0.84423,49.88934],[0.83963,49.88905],[0.82325,49.8855],[0.80134,49.878],[0.78722,49.87461],[0.7639,49.87149],[0.75041,49.87092],[0.72301,49.86947],[0.71132,49.87083],[0.69859,49.87128],[0.66868,49.86712],[0.65576,49.86541],[0.64528,49.86397],[0.6415,49.86398],[0.62838,49.86137],[0.60742,49.85629],[0.59986,49.85306],[0.58942,49.85339],[0.58043,49.85182],[0.56208,49.84538],[0.53342,49.83308],[0.52413,49.82558],[0.51186,49.81931],[0.50724,49.82001],[0.50435,49.81913],[0.49704,49.81609],[0.48365,49.80801],[0.45224,49.79602],[0.43521,49.78859],[0.42864,49.78659],[0.4106,49.77936],[0.38753,49.77179],[0.37549,49.76863],[0.36913,49.76843],[0.36668,49.7671],[0.362,49.76106],[0.35559,49.75559],[0.33833,49.74774],[0.31983,49.74142],[0.31199,49.73975],[0.30145,49.74076],[0.29945,49.74],[0.29386,49.73948],[0.28988,49.73775],[0.28181,49.73609],[0.26991,49.73107],[0.26476,49.72876],[0.25042,49.72314],[0.23684,49.71903],[0.22541,49.71775],[0.21816,49.71664],[0.20927,49.71368],[0.18239,49.69894],[0.18003,49.69622],[0.17572,49.69286],[0.1682,49.68961],[0.16524,49.68728],[0.15967,49.67001],[0.15895,49.66551],[0.15733,49.66253],[0.15508,49.66151],[0.15348,49.6617],[0.15133,49.66411],[0.14186,49.66938],[0.13673,49.67048],[0.1236,49.67014],[0.1178,49.6638],[0.118,49.66219],[0.11818,49.66383],[0.12338,49.66977],[0.13675,49.67012],[0.14142,49.6691],[0.15186,49.66281],[0.15291,49.66014],[0.15198,49.65515],[0.14804,49.65294],[0.14612,49.64958],[0.14844,49.65276],[0.15084,49.65372],[0.15331,49.64871],[0.15337,49.64572],[0.1432,49.63022],[0.12873,49.60991],[0.11108,49.58909],[0.07761,49.54003],[0.06929,49.52574],[0.06675,49.51877],[0.06565,49.51251],[0.06816,49.50751],[0.07084,49.50586],[0.0854,49.50192],[0.08857,49.50006],[0.0917,49.49304],[0.092,49.49121],[0.10201,49.48401],[0.10825,49.48441],[0.11177,49.48651],[0.11074,49.488],[0.11227,49.4866],[0.11046,49.4823],[0.11353,49.47942],[0.13895,49.47201],[0.14899,49.47107],[0.15807,49.47527],[0.16865,49.47606],[0.17371,49.47252],[0.1744,49.4687],[0.16829,49.47137],[0.15125,49.46708],[0.12265,49.46998],[0.11402,49.473],[0.1125,49.47098],[0.11963,49.46538],[0.129,49.46275],[0.17854,49.45583],[0.17786,49.45376],[0.17653,49.45305],[0.17428,49.45319],[0.11529,49.45765],[0.10612,49.46252],[0.10546,49.46533],[0.10583,49.46242],[0.11254,49.4584],[0.114,49.45776],[0.116,49.45738],[0.19247,49.45157],[0.1949,49.45172],[0.20599,49.45229],[0.21068,49.45392],[0.21889,49.45439],[0.22477,49.4538],[0.22595,49.45179],[0.22542,49.45064],[0.2181,49.45266],[0.22387,49.45022],[0.22955,49.44896],[0.23802,49.45174],[0.24712,49.45497],[0.2555,49.45454],[0.26487,49.4539],[0.27012,49.45204],[0.27048,49.45074],[0.27264,49.44516],[0.27177,49.45217],[0.2732,49.45337],[0.30369,49.45154],[0.30437,49.45098],[0.33875,49.45006],[0.33835,49.44543],[0.33758,49.43767],[0.33721,49.43395],[0.30994,49.43097],[0.29688,49.42991],[0.28593,49.4292],[0.27542,49.42867],[0.24472,49.428],[0.23233,49.4269],[0.22068,49.42714],[0.2158,49.42554],[0.21042,49.42423],[0.18458,49.41553],[0.14964,49.40716],[0.13234,49.40379],[0.12502,49.40088],[0.10858,49.39221],[0.10544,49.38982],[0.08734,49.3766],[0.08171,49.37162],[0.07663,49.36601],[0.08255,49.36373],[0.07663,49.36436],[0.07587,49.36518],[0.06894,49.36516],[0.05804,49.35656],[0.05319,49.35331],[0.03098,49.34144],[0.014,49.33243],[0.00313,49.32725],[-0.01362,49.3215],[-0.04161,49.31407],[-0.06583,49.30707],[-0.07402,49.30568],[-0.08221,49.30281],[-0.08772,49.29605],[-0.08976,49.29492],[-0.09345,49.29464],[-0.09911,49.29266],[-0.1001,49.2941],[-0.09463,49.29512],[-0.0987,49.29586],[-0.10221,49.29486],[-0.10346,49.29389],[-0.10457,49.29005],[-0.11129,49.28576],[-0.11173,49.28586],[-0.1037,49.29571],[-0.09866,49.29755],[-0.09212,49.29795],[-0.09067,49.29784],[-0.08965,49.29605],[-0.08921,49.29743],[-0.09041,49.29831],[-0.09369,49.29861],[-0.10081,49.2976],[-0.13928,49.28983],[-0.16999,49.28645],[-0.21718,49.28694],[-0.2249,49.28559],[-0.22554,49.28406],[-0.22467,49.27988],[-0.22063,49.26989],[-0.22308,49.26827],[-0.22545,49.26785],[-0.24413,49.26602],[-0.24668,49.26302],[-0.24924,49.26001],[-0.25187,49.26098],[-0.24817,49.27079],[-0.24074,49.27813],[-0.24612,49.27924],[-0.24766,49.28428],[-0.25218,49.29217],[-0.25396,49.29218],[-0.27037,49.2919],[-0.27882,49.29291],[-0.2874,49.29468],[-0.30959,49.30095],[-0.33987,49.31336],[-0.34867,49.318],[-0.35845,49.32195],[-0.37574,49.32751],[-0.39765,49.33341],[-0.41494,49.33568],[-0.43385,49.33506],[-0.46681,49.33777],[-0.47676,49.33885],[-0.50618,49.34404],[-0.51807,49.34528],[-0.5533,49.34616],[-0.55879,49.34591],[-0.57255,49.34355],[-0.59318,49.34072],[-0.61095,49.3401],[-0.62553,49.34072],[-0.64513,49.34537],[-0.6674,49.34629],[-0.7187,49.34736],[-0.7234,49.34698],[-0.74541,49.34889],[-0.75102,49.34931],[-0.75606,49.35242],[-0.75412,49.35083],[-0.75557,49.34938],[-0.75858,49.3497],[-0.76547,49.35107],[-0.78937,49.35335],[-0.82751,49.35786],[-0.84552,49.36111],[-0.86098,49.3652],[-0.88173,49.37155],[-0.90375,49.37991],[-0.91268,49.38497],[-0.92066,49.39065],[-0.92534,49.39235],[-0.94017,49.39501],[-0.96202,49.39644],[-0.9675,49.39684],[-0.98531,49.39586],[-0.98848,49.39702],[-1.0193,49.39349],[-1.03293,49.38955],[-1.04493,49.38932],[-1.04794,49.38974],[-1.04876,49.39121],[-1.04788,49.38882],[-1.04851,49.38978],[-1.05021,49.38944],[-1.05489,49.3903],[-1.06878,49.39037],[-1.07393,49.38949],[-1.07783,49.38841],[-1.0899,49.38129],[-1.09561,49.37632],[-1.11611,49.36218],[-1.11884,49.35763],[-1.11605,49.35399],[-1.11447,49.34933],[-1.11513,49.34026],[-1.11239,49.32626],[-1.10697,49.32319],[-1.10111,49.32103],[-1.11315,49.32528],[-1.14028,49.3087],[-1.14035,49.31003],[-1.13769,49.31214],[-1.11515,49.3256],[-1.1142,49.32685],[-1.11805,49.34497],[-1.13601,49.35422],[-1.13869,49.35848],[-1.14318,49.35959],[-1.15011,49.36118],[-1.16012,49.35839],[-1.17637,49.35099],[-1.18679,49.34076],[-1.20096,49.33366],[-1.20671,49.33283],[-1.2147,49.3286],[-1.21638,49.32671],[-1.22442,49.31634],[-1.22361,49.31221],[-1.22763,49.3093],[-1.23421,49.30241],[-1.23421,49.3045],[-1.23185,49.30765],[-1.22423,49.31253],[-1.22405,49.31401],[-1.22637,49.31753],[-1.24524,49.32545],[-1.2421,49.32665],[-1.23904,49.3265],[-1.22632,49.3199],[-1.22434,49.32016],[-1.21924,49.32549],[-1.2132,49.33194],[-1.20935,49.33329],[-1.20759,49.33376],[-1.20296,49.33572],[-1.19751,49.33824],[-1.183,49.34682],[-1.18144,49.35433],[-1.18301,49.35838],[-1.18331,49.36273],[-1.18243,49.36346],[-1.17758,49.36522],[-1.17371,49.37856],[-1.16648,49.38369],[-1.1623,49.38945],[-1.16305,49.40167],[-1.16853,49.41012],[-1.18944,49.42961],[-1.19665,49.43548],[-1.21222,49.44734],[-1.2229,49.45581],[-1.23054,49.46267],[-1.25389,49.4825],[-1.2737,49.50346],[-1.27865,49.50799],[-1.28367,49.51309],[-1.29104,49.51691],[-1.29199,49.51622],[-1.29274,49.51663],[-1.28928,49.51854],[-1.29062,49.52168],[-1.3024,49.53531],[-1.30509,49.53816],[-1.30809,49.54574],[-1.30758,49.5603],[-1.30533,49.5713],[-1.2997,49.57955],[-1.29709,49.58254],[-1.29387,49.58438],[-1.28573,49.58731],[-1.27797,49.58656],[-1.27327,49.58274],[-1.27134,49.57897],[-1.27345,49.57234],[-1.26752,49.58227],[-1.26633,49.59065],[-1.25597,49.61235],[-1.25528,49.61285],[-1.25004,49.61256],[-1.23875,49.60921],[-1.22927,49.60804],[-1.22929,49.62192],[-1.23038,49.62576],[-1.2369,49.63903],[-1.24365,49.64836],[-1.24287,49.65006],[-1.24139,49.65074],[-1.24681,49.65852],[-1.25678,49.66678],[-1.26112,49.6732],[-1.26302,49.67344],[-1.2725,49.68107],[-1.27238,49.68428],[-1.27104,49.68593],[-1.27226,49.69182],[-1.27836,49.69403],[-1.28903,49.69302],[-1.29992,49.69386],[-1.31742,49.69788],[-1.33911,49.70106],[-1.35465,49.70378],[-1.359,49.70515],[-1.36729,49.7059],[-1.38501,49.70613],[-1.3962,49.70489],[-1.40375,49.70279],[-1.41136,49.70177],[-1.41963,49.70302],[-1.42657,49.70213],[-1.44451,49.69421],[-1.4678,49.69224],[-1.47382,49.68833],[-1.48583,49.66919],[-1.48785,49.6681],[-1.50271,49.66461],[-1.51205,49.66027],[-1.51974,49.658],[-1.52811,49.6574],[-1.53141,49.6551],[-1.54869,49.65441],[-1.55989,49.6549],[-1.56995,49.65702],[-1.57521,49.6552],[-1.58437,49.65439],[-1.59243,49.65511],[-1.59335,49.6558],[-1.59993,49.66056],[-1.60559,49.65846],[-1.60455,49.65062],[-1.60332,49.65],[-1.60264,49.64645],[-1.60832,49.64466],[-1.61834,49.64758],[-1.63494,49.65388],[-1.63054,49.65703],[-1.62414,49.659],[-1.61616,49.6581],[-1.63386,49.66014],[-1.64326,49.65911],[-1.6468,49.65707],[-1.64907,49.6568],[-1.65205,49.65633],[-1.67145,49.65784],[-1.67952,49.66253],[-1.68022,49.66211],[-1.68031,49.66208],[-1.68418,49.66591],[-1.68398,49.6677],[-1.68163,49.66889],[-1.68358,49.67133],[-1.68212,49.67048],[-1.68159,49.66984],[-1.67877,49.66949],[-1.66952,49.67079],[-1.67934,49.66987],[-1.687,49.67379],[-1.69655,49.66978],[-1.70454,49.67087],[-1.70833,49.67238],[-1.7108,49.67467],[-1.72692,49.67774],[-1.73644,49.67748],[-1.76314,49.67881],[-1.77186,49.68058],[-1.79132,49.68686],[-1.80827,49.68893],[-1.81442,49.68886],[-1.82712,49.69284],[-1.83607,49.70643],[-1.85013,49.71309],[-1.85567,49.71617],[-1.86535,49.71291],[-1.87356,49.70744],[-1.87605,49.70677],[-1.8795,49.70615],[-1.88667,49.70611],[-1.88965,49.70661],[-1.89045,49.70726],[-1.8942,49.70994],[-1.89909,49.7179],[-1.90461,49.72043],[-1.92366,49.72638],[-1.93626,49.72612],[-1.93844,49.72653],[-1.94153,49.72576],[-1.94457,49.72157],[-1.94728,49.70502],[-1.94404,49.70026],[-1.94043,49.69694],[-1.93785,49.69579],[-1.93643,49.69375],[-1.93588,49.68999],[-1.93612,49.68819],[-1.94275,49.68101],[-1.94281,49.6767],[-1.93953,49.67361],[-1.91578,49.66572],[-1.90934,49.66571],[-1.89821,49.66594],[-1.87343,49.6576],[-1.86485,49.65194],[-1.86098,49.65036],[-1.85657,49.64487],[-1.84682,49.62453],[-1.84417,49.61356],[-1.84198,49.60017],[-1.84207,49.59727],[-1.84171,49.58298],[-1.84112,49.5769],[-1.83864,49.57641],[-1.84054,49.57524],[-1.84145,49.5721],[-1.84613,49.5641],[-1.85066,49.56306],[-1.85326,49.56095],[-1.8547,49.55654],[-1.85657,49.55429],[-1.8631,49.55367],[-1.85914,49.55369],[-1.85767,49.55215],[-1.85833,49.55129],[-1.85996,49.55045],[-1.86127,49.55069],[-1.86097,49.55255],[-1.86186,49.5517],[-1.86224,49.55073],[-1.88134,49.5433],[-1.88476,49.54113],[-1.88763,49.53508],[-1.88605,49.52598],[-1.88377,49.52165],[-1.88099,49.51908],[-1.87184,49.51377],[-1.8665,49.51243],[-1.8601,49.512],[-1.85297,49.51062],[-1.85142,49.50963],[-1.84726,49.50181],[-1.84523,49.49427],[-1.84469,49.47894],[-1.83975,49.47197],[-1.83574,49.46855],[-1.8312,49.46289],[-1.82675,49.45473],[-1.82425,49.4487],[-1.82243,49.43852],[-1.82166,49.41592],[-1.82313,49.40321],[-1.82245,49.39998],[-1.81859,49.39001],[-1.81009,49.3775],[-1.8085,49.37506],[-1.80869,49.37234],[-1.79342,49.37174],[-1.78649,49.37717],[-1.78112,49.37833],[-1.77077,49.37869],[-1.76092,49.37304],[-1.76462,49.37094],[-1.77532,49.37477],[-1.78471,49.37608],[-1.78727,49.37476],[-1.78838,49.36979],[-1.78743,49.3737],[-1.77884,49.37179],[-1.76081,49.35981],[-1.75254,49.35327],[-1.74557,49.34832],[-1.73657,49.34054],[-1.72513,49.32816],[-1.72016,49.32545],[-1.71401,49.32751],[-1.71467,49.32816],[-1.71708,49.32686],[-1.71816,49.32719],[-1.71708,49.32974],[-1.70695,49.32958],[-1.70531,49.3285],[-1.70359,49.32917],[-1.70386,49.33115],[-1.70988,49.33015],[-1.71451,49.33093],[-1.71544,49.34202],[-1.71731,49.34454],[-1.71409,49.34514],[-1.70464,49.34283],[-1.70176,49.34096],[-1.70135,49.33606],[-1.6987,49.33374],[-1.695,49.33096],[-1.68697,49.3305],[-1.70318,49.32372],[-1.70328,49.31213],[-1.69963,49.30834],[-1.69244,49.29756],[-1.68735,49.29033],[-1.68455,49.2881],[-1.66423,49.28575],[-1.65838,49.28217],[-1.66941,49.27933],[-1.67482,49.28033],[-1.67617,49.28247],[-1.67618,49.28299],[-1.6757,49.28656],[-1.67812,49.28572],[-1.6791,49.28378],[-1.67898,49.2823],[-1.67765,49.27938],[-1.66714,49.26888],[-1.66026,49.25877],[-1.65515,49.24464],[-1.65062,49.23635],[-1.64559,49.22799],[-1.639,49.22047],[-1.63379,49.21643],[-1.62357,49.21128],[-1.62538,49.21338],[-1.62524,49.22434],[-1.61974,49.22949],[-1.60904,49.23252],[-1.58943,49.23308],[-1.58436,49.23183],[-1.56734,49.2211],[-1.56773,49.22045],[-1.57469,49.22305],[-1.57835,49.22283],[-1.59021,49.21971],[-1.60578,49.213],[-1.60684,49.19743],[-1.60515,49.19177],[-1.60226,49.18496],[-1.59859,49.16882],[-1.59579,49.14412],[-1.5951,49.13923],[-1.59183,49.13457],[-1.60432,49.11214],[-1.60822,49.10453],[-1.61021,49.09764],[-1.61035,49.08339],[-1.6089,49.07017],[-1.60846,49.06975],[-1.60932,49.07704],[-1.60737,49.07965],[-1.60362,49.07749],[-1.59814,49.06335],[-1.59807,49.06038],[-1.59822,49.05817],[-1.6008,49.05392],[-1.60316,49.06026],[-1.60429,49.06189],[-1.60457,49.06022],[-1.59534,49.02705],[-1.58491,49.00419],[-1.58074,48.99946],[-1.57923,49.00017],[-1.57662,49.00464],[-1.57792,49.01593],[-1.56492,49.03477],[-1.56008,49.03829],[-1.55512,49.03689],[-1.5467,49.03745],[-1.54225,49.04076],[-1.53426,49.03838],[-1.50932,49.02679],[-1.50708,49.02488],[-1.50558,49.01964],[-1.50553,49.01907],[-1.50659,49.01864],[-1.50864,49.01882],[-1.51398,49.0237],[-1.53345,49.0341],[-1.53986,49.03427],[-1.5504,49.02853],[-1.55505,49.02115],[-1.55585,49.0141],[-1.55134,48.9983],[-1.54879,48.98815],[-1.55174,48.9859],[-1.55242,48.98589],[-1.55239,48.99357],[-1.55437,48.99804],[-1.55537,48.99804],[-1.55594,49.0003],[-1.55813,48.99864],[-1.55774,48.99785],[-1.55843,48.99098],[-1.56165,48.98127],[-1.56177,48.9684],[-1.56225,48.95158],[-1.56269,48.94618],[-1.56181,48.94075],[-1.55964,48.93945],[-1.55431,48.94054],[-1.55937,48.93958],[-1.5604,48.94006],[-1.55449,48.94124],[-1.54846,48.94004],[-1.54478,48.93773],[-1.54296,48.93449],[-1.54294,48.93159],[-1.54066,48.93142],[-1.53929,48.93241],[-1.54078,48.93127],[-1.54393,48.93059],[-1.5483,48.92514],[-1.55075,48.90867],[-1.55044,48.90175],[-1.55366,48.90064],[-1.56,48.90927],[-1.55962,48.91128],[-1.5614,48.91818],[-1.55732,48.9303],[-1.55294,48.933],[-1.55203,48.93773],[-1.5534,48.93332],[-1.56137,48.92785],[-1.56366,48.92539],[-1.56699,48.90973],[-1.57115,48.89077],[-1.57226,48.88496],[-1.57827,48.86211],[-1.5859,48.84748],[-1.58847,48.84561],[-1.59209,48.84529],[-1.59812,48.83938],[-1.6005,48.8397],[-1.61115,48.83653],[-1.61435,48.83405],[-1.60638,48.83105],[-1.60881,48.83377],[-1.60504,48.83539],[-1.60285,48.83266],[-1.59923,48.83154],[-1.5983,48.83168],[-1.60184,48.83248],[-1.59927,48.83545],[-1.59393,48.83473],[-1.59146,48.83332],[-1.58911,48.83146],[-1.58385,48.83002],[-1.5826,48.82696],[-1.57795,48.82565],[-1.57419,48.82145],[-1.57258,48.81606],[-1.57186,48.81627],[-1.57293,48.81585],[-1.5721,48.81026],[-1.56885,48.80076],[-1.56966,48.78836],[-1.56971,48.77615],[-1.57101,48.76598],[-1.57401,48.75283],[-1.57068,48.7445],[-1.56399,48.73883],[-1.5562,48.73506],[-1.55187,48.73263],[-1.53291,48.7312],[-1.52035,48.72166],[-1.51828,48.7168],[-1.51089,48.69691],[-1.5054,48.69186],[-1.50249,48.68869],[-1.5007,48.68467],[-1.49382,48.68273],[-1.49616,48.68391],[-1.49057,48.686],[-1.4865,48.68658],[-1.45764,48.67359],[-1.44942,48.67007],[-1.43221,48.66657],[-1.40333,48.67334],[-1.39339,48.67664],[-1.38998,48.67672],[-1.38545,48.67902],[-1.3834,48.68095],[-1.38463,48.68177],[-1.38443,48.68286],[-1.37281,48.69287],[-1.37687,48.68533],[-1.38165,48.68467],[-1.38412,48.68278],[-1.38293,48.68073],[-1.38505,48.67886],[-1.38699,48.67484],[-1.38925,48.67443],[-1.39103,48.67517],[-1.38867,48.67395],[-1.38717,48.67421],[-1.38701,48.67311],[-1.38989,48.66998],[-1.39655,48.6657],[-1.39979,48.6625],[-1.40097,48.65855],[-1.39963,48.65538],[-1.39479,48.65133],[-1.39221,48.65043],[-1.37699,48.65021],[-1.3647,48.64623],[-1.35841,48.63503],[-1.35073,48.63192],[-1.35072,48.63161],[-1.3618,48.63433],[-1.36389,48.63538],[-1.36378,48.64154],[-1.36483,48.64476],[-1.36628,48.64257],[-1.36658,48.64322],[-1.36903,48.64243],[-1.36675,48.64328],[-1.36565,48.64496],[-1.37185,48.64349],[-1.38667,48.64248],[-1.39604,48.64367],[-1.40607,48.6433],[-1.42143,48.63951],[-1.42186,48.64042],[-1.44975,48.62301],[-1.45239,48.62317],[-1.45358,48.62435],[-1.47594,48.61914],[-1.47951,48.61831],[-1.5106,48.61933],[-1.50665,48.62581],[-1.5061,48.62842],[-1.51072,48.62037],[-1.51146,48.61755],[-1.51227,48.61753],[-1.51597,48.61824],[-1.51895,48.62713],[-1.527,48.62916],[-1.54044,48.63105],[-1.54959,48.63012],[-1.57091,48.6263],[-1.5681,48.62387],[-1.56559,48.61962],[-1.55481,48.60919],[-1.54401,48.60608],[-1.53726,48.59893],[-1.54427,48.58713],[-1.54311,48.57993],[-1.53742,48.58],[-1.52816,48.57886],[-1.5226,48.57051],[-1.52377,48.56629],[-1.52741,48.56173],[-1.53351,48.55324],[-1.53402,48.5493],[-1.52602,48.54265],[-1.52168,48.54163],[-1.51889,48.53859],[-1.51786,48.5298],[-1.51688,48.52928],[-1.5153,48.53034]]],[[[-1.50958,48.63642],[-1.5107,48.63694],[-1.51318,48.63653],[-1.5128,48.63549],[-1.51033,48.6351],[-1.50958,48.63642]]],[[[-1.57187,49.66474],[-1.57261,49.66552],[-1.57382,49.66625],[-1.58221,49.6694],[-1.58289,49.6701],[-1.58452,49.6706],[-1.58407,49.66927],[-1.58293,49.6688],[-1.58224,49.66936],[-1.57317,49.66585],[-1.57164,49.66415],[-1.57078,49.66067],[-1.5715,49.66399],[-1.57187,49.66474]]]]}},{"type":"Feature","properties":{"code":"32","nom":"Hauts-de-France"},"geometry":{"type":"Polygon","coordinates":[[[1.7401,49.18081],[1.7424,49.17984],[1.75093,49.17624],[1.76695,49.18003],[1.77686,49.18415],[1.77639,49.18488],[1.77696,49.185],[1.77752,49.18403],[1.79094,49.17997],[1.79363,49.18027],[1.79499,49.18482],[1.79701,49.18523],[1.80308,49.18511],[1.81054,49.1782],[1.82205,49.17801],[1.82682,49.17965],[1.83641,49.1735],[1.83685,49.17099],[1.83431,49.16517],[1.83642,49.1645],[1.84519,49.16996],[1.84889,49.17059],[1.86313,49.17105],[1.86782,49.17183],[1.87346,49.17408],[1.87614,49.17505],[1.8767,49.17142],[1.88086,49.1673],[1.88295,49.16258],[1.88744,49.16302],[1.92084,49.17226],[1.92996,49.17407],[1.93437,49.17354],[1.93555,49.16981],[1.94974,49.17048],[1.96236,49.1746],[1.97166,49.18138],[1.97358,49.18386],[1.99935,49.17587],[1.99912,49.17541],[2.00675,49.17861],[2.02178,49.18881],[2.02566,49.18883],[2.03624,49.19099],[2.038,49.19217],[2.03824,49.19238],[2.06684,49.20286],[2.07263,49.20618],[2.07481,49.20884],[2.08074,49.21072],[2.08069,49.2098],[2.09091,49.20334],[2.09583,49.19164],[2.09532,49.19011],[2.11078,49.18722],[2.12798,49.19359],[2.13353,49.19092],[2.13901,49.18236],[2.15238,49.18382],[2.16242,49.17955],[2.16323,49.1773],[2.15803,49.17263],[2.16383,49.1663],[2.16803,49.16485],[2.17682,49.16975],[2.1762,49.17464],[2.17495,49.175],[2.17609,49.17603],[2.18195,49.17368],[2.18683,49.17341],[2.19363,49.17334],[2.20632,49.17459],[2.2126,49.17622],[2.21865,49.18069],[2.21982,49.17959],[2.22155,49.17715],[2.22929,49.17158],[2.23037,49.16755],[2.22867,49.16371],[2.21685,49.15413],[2.22329,49.1521],[2.24132,49.15159],[2.24187,49.15341],[2.25378,49.15263],[2.26195,49.15823],[2.26215,49.15838],[2.26817,49.15575],[2.27097,49.15725],[2.27671,49.15898],[2.28648,49.15987],[2.28509,49.16571],[2.28881,49.17071],[2.29663,49.17621],[2.30127,49.18404],[2.3068,49.18421],[2.30846,49.18541],[2.31043,49.18499],[2.31076,49.18594],[2.31321,49.18584],[2.3216,49.18437],[2.31955,49.18242],[2.34595,49.16235],[2.35934,49.14733],[2.37093,49.1592],[2.37331,49.15937],[2.3924,49.15272],[2.40176,49.15126],[2.41312,49.15242],[2.42887,49.14888],[2.44078,49.14591],[2.4389,49.14164],[2.43548,49.13405],[2.45887,49.1409],[2.46246,49.13926],[2.46114,49.13674],[2.46129,49.13614],[2.4753,49.13098],[2.47751,49.13098],[2.47535,49.12845],[2.49908,49.12224],[2.50301,49.11767],[2.49077,49.10822],[2.49007,49.10625],[2.50396,49.10389],[2.50809,49.10358],[2.51039,49.10429],[2.51636,49.1029],[2.53126,49.09946],[2.53296,49.11951],[2.53852,49.12176],[2.54207,49.12225],[2.54406,49.12127],[2.54991,49.12255],[2.55399,49.12104],[2.55753,49.10023],[2.55959,49.09754],[2.56235,49.09778],[2.57293,49.09428],[2.57214,49.09338],[2.58014,49.08984],[2.57774,49.08782],[2.58269,49.08245],[2.58298,49.08066],[2.5903,49.0799],[2.59829,49.08264],[2.60485,49.08713],[2.61021,49.09289],[2.61005,49.09497],[2.61589,49.09389],[2.61938,49.09463],[2.62899,49.10258],[2.63323,49.10857],[2.63654,49.10716],[2.63995,49.10311],[2.64586,49.10018],[2.65668,49.09774],[2.67122,49.09167],[2.67815,49.08608],[2.68316,49.08204],[2.69288,49.07616],[2.69109,49.07059],[2.68964,49.06776],[2.69101,49.06658],[2.69601,49.06507],[2.70305,49.06478],[2.70618,49.06531],[2.71864,49.07351],[2.72054,49.07651],[2.71986,49.07899],[2.72418,49.08067],[2.72493,49.07564],[2.73482,49.06053],[2.75531,49.06134],[2.76096,49.06312],[2.77787,49.07026],[2.78392,49.0737],[2.77971,49.07842],[2.76872,49.08313],[2.77122,49.08401],[2.7813,49.08511],[2.78458,49.08804],[2.78387,49.0889],[2.79165,49.09027],[2.80921,49.09753],[2.81997,49.08741],[2.82239,49.08623],[2.833,49.08305],[2.84508,49.08483],[2.85612,49.07009],[2.86636,49.07069],[2.87742,49.07365],[2.88755,49.0795],[2.89496,49.07706],[2.90144,49.08534],[2.92329,49.07759],[2.93661,49.07889],[2.93793,49.07857],[2.94119,49.08079],[2.94433,49.08457],[2.94582,49.08832],[2.95649,49.08529],[2.97142,49.08897],[2.97017,49.08628],[2.97397,49.07965],[2.97461,49.07503],[2.97628,49.07414],[2.9883,49.07204],[2.98833,49.07927],[2.99118,49.084],[2.99962,49.08791],[3.00405,49.08868],[3.00604,49.0864],[3.0087,49.09154],[3.0155,49.09132],[3.03417,49.08853],[3.03989,49.08682],[3.06614,49.08519],[3.06416,49.08901],[3.05676,49.0949],[3.05621,49.10194],[3.06978,49.11686],[3.07196,49.11776],[3.08694,49.11194],[3.11436,49.10717],[3.1237,49.10693],[3.1447,49.10212],[3.16523,49.09986],[3.15772,49.08473],[3.15793,49.08088],[3.15876,49.08031],[3.16622,49.07799],[3.17642,49.07007],[3.18198,49.06206],[3.18092,49.05638],[3.18215,49.05194],[3.19013,49.05265],[3.19028,49.04667],[3.18027,49.0406],[3.17904,49.03366],[3.17701,49.03074],[3.16396,49.02682],[3.16114,49.02428],[3.1632,49.02],[3.16609,49.0207],[3.16858,49.01699],[3.17651,49.01255],[3.18659,49.00979],[3.19653,49.00501],[3.19946,49.0062],[3.20324,49.00124],[3.20727,49.0007],[3.20944,48.99397],[3.22471,48.98752],[3.22941,48.98858],[3.23116,48.97695],[3.2376,48.97762],[3.24344,48.97695],[3.25017,48.97392],[3.25407,48.9679],[3.25521,48.96205],[3.25682,48.95794],[3.25706,48.95272],[3.25865,48.95103],[3.26297,48.94903],[3.2624,48.94846],[3.26017,48.94479],[3.26493,48.93879],[3.26663,48.93843],[3.27839,48.93956],[3.28453,48.94053],[3.30441,48.94878],[3.30737,48.94536],[3.31262,48.9338],[3.31326,48.92125],[3.32665,48.91289],[3.33029,48.90871],[3.34376,48.91524],[3.35515,48.9161],[3.35845,48.91759],[3.36659,48.92269],[3.36748,48.92832],[3.37355,48.91496],[3.37302,48.90628],[3.37066,48.90516],[3.36928,48.89382],[3.38108,48.88392],[3.38059,48.87525],[3.38137,48.87155],[3.38808,48.87178],[3.39342,48.87449],[3.40594,48.87608],[3.39974,48.86632],[3.4134,48.86447],[3.4249,48.86553],[3.43895,48.86067],[3.44576,48.86053],[3.45213,48.85614],[3.4458,48.84517],[3.44582,48.84327],[3.4628,48.83743],[3.46266,48.83981],[3.47022,48.85118],[3.48502,48.85185],[3.48687,48.85735],[3.48371,48.86116],[3.48308,48.8639],[3.48512,48.86663],[3.49043,48.86788],[3.50295,48.87141],[3.50879,48.88899],[3.52114,48.90515],[3.52875,48.91225],[3.54604,48.9159],[3.57248,48.91862],[3.57475,48.93921],[3.58991,48.94425],[3.59341,48.94469],[3.59581,48.94473],[3.60017,48.94937],[3.6003,48.95163],[3.59141,48.96045],[3.59864,48.9642],[3.60351,48.96546],[3.61683,48.96524],[3.62107,48.96608],[3.62482,48.98097],[3.62356,48.98277],[3.63682,48.99961],[3.63975,49.00384],[3.64908,49.00402],[3.6607,49.00437],[3.66531,49.00563],[3.67495,49.01173],[3.67765,49.01543],[3.67828,49.01876],[3.67191,49.02537],[3.66418,49.03755],[3.66021,49.03722],[3.65724,49.03855],[3.64319,49.0405],[3.63009,49.03959],[3.6169,49.03647],[3.61564,49.03449],[3.61491,49.0335],[3.59576,49.03443],[3.58761,49.03381],[3.58513,49.03899],[3.58665,49.04153],[3.58771,49.05939],[3.59036,49.05999],[3.5983,49.06366],[3.60329,49.06711],[3.60401,49.06956],[3.60742,49.07191],[3.61125,49.07359],[3.61855,49.07132],[3.62383,49.07078],[3.63192,49.07224],[3.63861,49.07701],[3.63926,49.08118],[3.63095,49.08817],[3.62012,49.10733],[3.61109,49.11188],[3.60293,49.11458],[3.59967,49.12068],[3.603,49.12151],[3.60799,49.1244],[3.61189,49.12869],[3.61959,49.14757],[3.62116,49.1498],[3.62225,49.15111],[3.62445,49.15135],[3.6393,49.14925],[3.65119,49.14903],[3.67255,49.15084],[3.68384,49.15449],[3.69155,49.15328],[3.69803,49.14983],[3.698,49.1487],[3.70563,49.14535],[3.71697,49.14698],[3.72141,49.14969],[3.73957,49.15689],[3.74877,49.15709],[3.74876,49.15864],[3.7485,49.17168],[3.75258,49.17248],[3.75128,49.17778],[3.72234,49.17695],[3.70649,49.18031],[3.70386,49.18153],[3.69781,49.18923],[3.69677,49.19395],[3.69971,49.19577],[3.70194,49.19439],[3.70354,49.1955],[3.70465,49.20066],[3.70029,49.20134],[3.69717,49.20548],[3.69748,49.20664],[3.68781,49.20461],[3.68145,49.20511],[3.6746,49.20831],[3.66512,49.2107],[3.66254,49.20898],[3.65963,49.21067],[3.6554,49.21938],[3.65148,49.22148],[3.65231,49.22214],[3.65856,49.22202],[3.6649,49.22317],[3.66728,49.22493],[3.67826,49.23523],[3.67503,49.24008],[3.67078,49.2396],[3.66842,49.24106],[3.6638,49.25357],[3.66125,49.25659],[3.65674,49.25788],[3.65498,49.2604],[3.65532,49.26298],[3.65816,49.26596],[3.66179,49.26835],[3.66513,49.26943],[3.65161,49.27836],[3.65263,49.28284],[3.659,49.28677],[3.65763,49.2871],[3.65732,49.29102],[3.65595,49.29108],[3.6428,49.29604],[3.63822,49.30124],[3.64362,49.30303],[3.64382,49.30835],[3.6476,49.31595],[3.65408,49.31641],[3.6617,49.3188],[3.66527,49.32074],[3.66939,49.32511],[3.68748,49.32711],[3.68931,49.32712],[3.69187,49.32951],[3.69327,49.32876],[3.69913,49.33221],[3.7031,49.33294],[3.71253,49.3339],[3.71746,49.33503],[3.73168,49.33502],[3.73635,49.33587],[3.74217,49.33682],[3.74081,49.34761],[3.74647,49.34815],[3.75191,49.3488],[3.75767,49.34772],[3.76378,49.35162],[3.77773,49.35598],[3.77961,49.35195],[3.79324,49.35673],[3.80223,49.35891],[3.81645,49.3572],[3.82393,49.3574],[3.83292,49.35022],[3.85284,49.34497],[3.85552,49.34747],[3.8575,49.35215],[3.85694,49.35542],[3.84792,49.36435],[3.85351,49.36576],[3.85606,49.36834],[3.85966,49.3818],[3.858,49.3845],[3.84486,49.39164],[3.83959,49.391],[3.83747,49.39655],[3.82785,49.40052],[3.8235,49.40041],[3.82258,49.40254],[3.84687,49.4007],[3.85624,49.40131],[3.86245,49.40454],[3.86998,49.40681],[3.87929,49.40482],[3.89337,49.39861],[3.89568,49.39294],[3.91068,49.39562],[3.92456,49.40615],[3.92467,49.40782],[3.93197,49.40287],[3.93472,49.39841],[3.94838,49.38641],[3.96148,49.37734],[3.97254,49.37945],[3.98669,49.379],[3.99516,49.37785],[4.00961,49.36564],[4.01272,49.3583],[4.01769,49.35841],[4.01778,49.3604],[4.0358,49.35989],[4.03797,49.37965],[4.0371,49.38423],[4.03999,49.39743],[4.04404,49.40193],[4.04796,49.40419],[4.04823,49.40563],[4.05027,49.41226],[4.04852,49.41699],[4.04721,49.41763],[4.04235,49.41668],[4.04334,49.42506],[4.04373,49.42902],[4.03721,49.4382],[4.0402,49.4405],[4.04745,49.44392],[4.05953,49.44724],[4.06133,49.44696],[4.06293,49.44692],[4.06159,49.44988],[4.05415,49.45827],[4.04267,49.46813],[4.04159,49.47084],[4.04157,49.48077],[4.04156,49.48427],[4.04079,49.49561],[4.04073,49.50865],[4.05696,49.50952],[4.07584,49.51835],[4.07487,49.52199],[4.07719,49.52982],[4.07641,49.53726],[4.07477,49.54159],[4.06046,49.54441],[4.04871,49.54536],[4.05023,49.55099],[4.05268,49.55073],[4.05884,49.55328],[4.06212,49.5561],[4.0677,49.56347],[4.07679,49.5707],[4.0705,49.57284],[4.06665,49.57143],[4.06374,49.57144],[4.0614,49.57404],[4.05967,49.57823],[4.06605,49.5943],[4.0602,49.59633],[4.05921,49.59465],[4.05402,49.5952],[4.04723,49.5996],[4.03165,49.61405],[4.02708,49.61789],[4.0253,49.62033],[4.02522,49.62258],[4.02751,49.62267],[4.03527,49.6257],[4.04205,49.62975],[4.04825,49.63775],[4.04807,49.63679],[4.05155,49.63471],[4.06002,49.6359],[4.07941,49.63358],[4.08717,49.63076],[4.09324,49.62963],[4.10018,49.63016],[4.10221,49.63261],[4.1116,49.63435],[4.11575,49.63292],[4.11494,49.6348],[4.11672,49.64076],[4.11769,49.64128],[4.12017,49.64317],[4.12451,49.6496],[4.12207,49.65825],[4.1273,49.67575],[4.12703,49.67792],[4.13974,49.67847],[4.14318,49.67657],[4.14695,49.68068],[4.15108,49.69086],[4.16473,49.69426],[4.17865,49.69815],[4.18519,49.69888],[4.18449,49.70126],[4.18434,49.70367],[4.19385,49.71198],[4.19173,49.71442],[4.19124,49.71626],[4.20222,49.7206],[4.20468,49.72247],[4.20753,49.7239],[4.2152,49.72445],[4.22491,49.72765],[4.22939,49.7308],[4.22732,49.73098],[4.22589,49.73238],[4.22634,49.73872],[4.22679,49.74158],[4.22917,49.74632],[4.23121,49.74747],[4.24311,49.75553],[4.24487,49.75907],[4.23841,49.76788],[4.22683,49.773],[4.22093,49.77312],[4.2139,49.77111],[4.20956,49.77567],[4.20871,49.78147],[4.21001,49.78214],[4.22242,49.78723],[4.22685,49.79362],[4.21993,49.80005],[4.22175,49.80452],[4.21427,49.80611],[4.21959,49.81426],[4.22359,49.8341],[4.22675,49.83622],[4.22979,49.83602],[4.22966,49.8396],[4.23252,49.84802],[4.24445,49.85257],[4.24876,49.85675],[4.24987,49.86308],[4.25275,49.86963],[4.2536,49.88106],[4.254,49.88708],[4.25178,49.89163],[4.25584,49.90398],[4.24404,49.90267],[4.23472,49.90413],[4.23311,49.9046],[4.23339,49.90939],[4.22231,49.91038],[4.21812,49.91279],[4.21741,49.91582],[4.22137,49.93846],[4.23063,49.94865],[4.23213,49.95595],[4.23316,49.95775],[4.22654,49.95879],[4.21102,49.95754],[4.19742,49.95458],[4.19773,49.96418],[4.17398,49.97626],[4.17278,49.97718],[4.16797,49.97751],[4.16306,49.9762],[4.15628,49.97562],[4.14471,49.97613],[4.1415,49.97797],[4.14135,49.9791],[4.15291,49.98478],[4.15724,49.98775],[4.16247,49.99754],[4.16186,50.00055],[4.15897,50.00203],[4.15699,50.00114],[4.14245,50.00915],[4.13588,50.01488],[4.13644,50.02098],[4.16063,50.04794],[4.16309,50.04931],[4.17175,50.04695],[4.17315,50.04667],[4.17395,50.04547],[4.18435,50.04777],[4.20758,50.05801],[4.21925,50.06143],[4.22417,50.06365],[4.22836,50.06644],[4.23126,50.07137],[4.22705,50.07969],[4.21689,50.09086],[4.20762,50.096],[4.19676,50.10642],[4.19749,50.10924],[4.20353,50.11533],[4.20296,50.1215],[4.19939,50.13111],[4.18967,50.13402],[4.17259,50.1336],[4.1562,50.13218],[4.15553,50.12978],[4.15228,50.12888],[4.14514,50.12888],[4.13214,50.13205],[4.12996,50.13432],[4.12706,50.13557],[4.13647,50.14907],[4.15498,50.16524],[4.15493,50.16718],[4.15508,50.17028],[4.15322,50.17246],[4.15227,50.18036],[4.15657,50.19281],[4.15581,50.20399],[4.15037,50.21361],[4.1519,50.21312],[4.16173,50.21423],[4.17284,50.21711],[4.1806,50.2297],[4.19333,50.23994],[4.19942,50.24046],[4.20443,50.24206],[4.21075,50.24536],[4.21825,50.25046],[4.22033,50.25263],[4.22176,50.25665],[4.22125,50.25861],[4.20877,50.27182],[4.20609,50.27328],[4.20285,50.27462],[4.18148,50.2744],[4.1789,50.27518],[4.17517,50.27924],[4.17636,50.28444],[4.16993,50.28811],[4.16262,50.28895],[4.15459,50.28334],[4.15149,50.27789],[4.15685,50.27243],[4.16202,50.27053],[4.16872,50.26654],[4.16767,50.25949],[4.16502,50.25944],[4.16358,50.25741],[4.15468,50.25643],[4.13706,50.25682],[4.1355,50.2574],[4.13507,50.25962],[4.13639,50.25976],[4.13583,50.27451],[4.12799,50.27433],[4.12406,50.27284],[4.12598,50.28617],[4.12368,50.29489],[4.12128,50.29858],[4.11418,50.30227],[4.11184,50.30298],[4.10971,50.30185],[4.10901,50.30291],[4.10483,50.30836],[4.09718,50.31351],[4.07928,50.30965],[4.0789,50.31017],[4.07889,50.31608],[4.07573,50.32195],[4.05482,50.33485],[4.0375,50.34306],[4.03606,50.34366],[4.03186,50.35383],[4.02794,50.35802],[4.02422,50.35918],[3.98649,50.34241],[3.97637,50.34256],[3.96826,50.34136],[3.96741,50.34064],[3.96557,50.34149],[3.9688,50.34697],[3.96841,50.35006],[3.91918,50.33214],[3.90868,50.32841],[3.90092,50.32699],[3.88568,50.32698],[3.88553,50.32747],[3.88036,50.33378],[3.87569,50.33762],[3.87198,50.33823],[3.86214,50.34189],[3.85853,50.34475],[3.85691,50.34779],[3.85349,50.35103],[3.84703,50.35297],[3.8299,50.35274],[3.82485,50.35037],[3.82441,50.34833],[3.82238,50.34625],[3.81159,50.34502],[3.8128,50.34672],[3.80966,50.35067],[3.80285,50.35239],[3.77775,50.35305],[3.76943,50.3516],[3.76425,50.34939],[3.76319,50.34802],[3.75225,50.35055],[3.74721,50.35099],[3.74222,50.34893],[3.73491,50.34225],[3.73363,50.33783],[3.73523,50.33591],[3.73707,50.33607],[3.73573,50.33476],[3.73379,50.33483],[3.73395,50.33221],[3.73393,50.32996],[3.72968,50.32397],[3.72796,50.31581],[3.73187,50.31152],[3.72859,50.30949],[3.72135,50.31127],[3.71409,50.31907],[3.70986,50.31725],[3.71549,50.3115],[3.72014,50.30502],[3.71036,50.30324],[3.70768,50.30517],[3.70759,50.30649],[3.7035,50.30979],[3.69856,50.31249],[3.68482,50.32724],[3.6733,50.33511],[3.6774,50.34028],[3.67362,50.34344],[3.66745,50.35628],[3.66723,50.36092],[3.66557,50.36432],[3.65719,50.37086],[3.66556,50.37861],[3.66541,50.37976],[3.66911,50.38481],[3.67287,50.39311],[3.67368,50.40966],[3.66912,50.42745],[3.66976,50.43724],[3.66688,50.44049],[3.66362,50.45345],[3.66134,50.45734],[3.65367,50.46345],[3.64918,50.46421],[3.64342,50.46334],[3.63577,50.47066],[3.63022,50.4792],[3.61918,50.48676],[3.60754,50.49723],[3.59381,50.49138],[3.58541,50.49053],[3.58204,50.49117],[3.5788,50.49331],[3.57382,50.49871],[3.57092,50.50051],[3.56829,50.5009],[3.55956,50.49798],[3.55711,50.49835],[3.5464,50.49743],[3.52888,50.49526],[3.5185,50.49319],[3.50737,50.48931],[3.50073,50.4867],[3.49839,50.49091],[3.49693,50.4978],[3.49908,50.50173],[3.50343,50.50598],[3.51671,50.51448],[3.51972,50.5232],[3.50775,50.52815],[3.50312,50.52959],[3.47931,50.53171],[3.46791,50.52864],[3.45362,50.51763],[3.4502,50.50757],[3.44693,50.50599],[3.44194,50.50813],[3.43954,50.50737],[3.40567,50.49896],[3.39364,50.49769],[3.37708,50.49211],[3.37706,50.49109],[3.37427,50.49185],[3.37021,50.49434],[3.35863,50.50454],[3.33785,50.50855],[3.33457,50.508],[3.32891,50.50843],[3.32505,50.5143],[3.31886,50.51889],[3.31163,50.51916],[3.30458,50.52038],[3.2938,50.52412],[3.28644,50.52787],[3.28614,50.53209],[3.28439,50.5352],[3.28204,50.53655],[3.27984,50.54178],[3.27934,50.547],[3.28125,50.5517],[3.27595,50.55854],[3.2852,50.56167],[3.28139,50.57289],[3.27737,50.58085],[3.27573,50.58163],[3.27735,50.59262],[3.27584,50.59929],[3.27212,50.6051],[3.27023,50.61108],[3.26461,50.61656],[3.25824,50.62611],[3.25879,50.62823],[3.2592,50.62973],[3.25064,50.63638],[3.24925,50.63664],[3.24464,50.64091],[3.24599,50.64323],[3.24611,50.65053],[3.24529,50.6512],[3.24323,50.65563],[3.24204,50.66694],[3.24122,50.66884],[3.24857,50.67218],[3.25432,50.67767],[3.2582,50.68326],[3.25373,50.69114],[3.25584,50.69135],[3.25986,50.69369],[3.25925,50.70246],[3.2515,50.70708],[3.23674,50.7121],[3.23562,50.71307],[3.22739,50.71302],[3.22015,50.70986],[3.21959,50.71115],[3.21858,50.71215],[3.21345,50.71266],[3.20795,50.7114],[3.20538,50.71188],[3.19612,50.72208],[3.19519,50.72274],[3.19757,50.73067],[3.20001,50.73456],[3.19676,50.73719],[3.19183,50.73956],[3.18975,50.73944],[3.18743,50.74079],[3.18423,50.74901],[3.18026,50.75527],[3.17664,50.75661],[3.17154,50.76124],[3.16139,50.77257],[3.15087,50.78992],[3.14839,50.79021],[3.13428,50.78761],[3.12703,50.78635],[3.12501,50.78663],[3.12409,50.78877],[3.11351,50.7946],[3.11058,50.79383],[3.10931,50.79211],[3.10703,50.78808],[3.10855,50.78746],[3.10859,50.78658],[3.10459,50.78177],[3.08968,50.77377],[3.08694,50.77283],[3.08136,50.77272],[3.06143,50.78051],[3.05887,50.78076],[3.05246,50.77987],[3.04051,50.77589],[3.03555,50.77029],[3.0334,50.7698],[3.01492,50.77171],[3.00479,50.76567],[2.99329,50.76026],[2.98694,50.7579],[2.98314,50.75737],[2.96162,50.75295],[2.95886,50.75362],[2.95218,50.75234],[2.94055,50.74562],[2.942,50.73576],[2.93706,50.72999],[2.93114,50.71863],[2.92813,50.70868],[2.92291,50.70315],[2.91478,50.70063],[2.9109,50.69599],[2.91096,50.69475],[2.9099,50.69366],[2.90649,50.69253],[2.90324,50.69329],[2.90116,50.69285],[2.89977,50.6937],[2.89224,50.70059],[2.88534,50.70648],[2.87959,50.70285],[2.87348,50.70426],[2.86972,50.70326],[2.86701,50.70617],[2.85375,50.71547],[2.85218,50.71777],[2.84599,50.72258],[2.82657,50.71878],[2.81329,50.71707],[2.80425,50.72148],[2.79457,50.72488],[2.79173,50.72707],[2.78243,50.74134],[2.78163,50.74342],[2.78317,50.74602],[2.78271,50.74877],[2.77348,50.75429],[2.76653,50.75449],[2.76467,50.75567],[2.75768,50.76469],[2.75855,50.76644],[2.75778,50.77061],[2.75449,50.77471],[2.75378,50.77607],[2.74803,50.77923],[2.74115,50.78174],[2.73838,50.7805],[2.72618,50.79241],[2.72311,50.7998],[2.72455,50.80749],[2.71076,50.81356],[2.68991,50.81376],[2.67486,50.81891],[2.66925,50.82265],[2.66235,50.81641],[2.65937,50.81526],[2.64757,50.81333],[2.6352,50.81292],[2.63155,50.81774],[2.62724,50.82915],[2.62018,50.83884],[2.61473,50.84852],[2.61155,50.84981],[2.60734,50.84924],[2.6035,50.84778],[2.60014,50.8485],[2.59882,50.85044],[2.5993,50.85335],[2.61234,50.86418],[2.61244,50.86708],[2.60747,50.87262],[2.60593,50.88493],[2.60621,50.90138],[2.60391,50.90463],[2.60511,50.90663],[2.60805,50.91009],[2.60708,50.91294],[2.60455,50.91548],[2.60155,50.916],[2.59475,50.91446],[2.59188,50.91583],[2.59039,50.91924],[2.59576,50.9212],[2.60901,50.9304],[2.60876,50.93091],[2.61303,50.93221],[2.61887,50.93789],[2.62802,50.94263],[2.62823,50.94819],[2.62692,50.95441],[2.62006,50.96596],[2.61009,50.97673],[2.60897,50.98633],[2.60701,50.99119],[2.59533,50.99207],[2.57838,50.99974],[2.57403,51.00324],[2.5755,51.00595],[2.57187,51.00843],[2.57105,51.01051],[2.57236,51.01303],[2.57594,51.01387],[2.56593,51.04603],[2.55914,51.07002],[2.54536,51.08915],[2.49388,51.07377],[2.47309,51.06834],[2.46665,51.06668],[2.43212,51.05796],[2.40889,51.05292],[2.39619,51.0511],[2.38574,51.04983],[2.38368,51.05023],[2.36642,51.05171],[2.36621,51.04786],[2.35533,51.05236],[2.33914,51.05728],[2.30296,51.05135],[2.26449,51.04466],[2.24037,51.03922],[2.21205,51.03245],[2.20558,51.03183],[2.20136,51.03287],[2.19766,51.0365],[2.1923,51.03886],[2.17082,51.04439],[2.16324,51.04421],[2.16203,51.03752],[2.15247,51.03536],[2.14864,51.03429],[2.14785,51.02819],[2.14226,51.02249],[2.11417,51.00828],[2.11097,51.00577],[2.10781,51.00415],[2.10405,51.00701],[2.10272,51.00654],[2.09238,51.01484],[2.09217,51.00915],[2.08946,51.00397],[2.08413,51.00473],[2.08066,51.00661],[2.06725,51.00666],[2.05723,51.00563],[2.04539,51.00318],[2.04046,50.99747],[2.00861,50.99462],[2.00861,50.99553],[2.01081,50.99552],[2.0099,50.99577],[1.99308,50.99381],[1.97271,50.9895],[1.96166,50.98702],[1.95622,50.9889],[1.95474,50.98832],[1.95205,50.98928],[1.95141,50.98777],[1.9509,50.9894],[1.94339,50.98972],[1.92111,50.98515],[1.91236,50.98094],[1.913,50.9806],[1.8954,50.97503],[1.88786,50.97574],[1.87491,50.98188],[1.86406,50.9827],[1.85378,50.9813],[1.84528,50.97789],[1.84084,50.97326],[1.8406,50.97299],[1.84001,50.97078],[1.8417,50.96858],[1.84238,50.96758],[1.84015,50.96603],[1.82895,50.9626],[1.79002,50.95717],[1.77298,50.95282],[1.74248,50.94324],[1.72803,50.93752],[1.70702,50.92559],[1.69274,50.91555],[1.67734,50.90061],[1.66355,50.8905],[1.64626,50.87958],[1.63503,50.87595],[1.61381,50.87201],[1.58904,50.8715],[1.58066,50.86776],[1.57864,50.85448],[1.58568,50.84139],[1.58918,50.8316],[1.59483,50.81735],[1.60241,50.80428],[1.60654,50.79442],[1.60691,50.7898],[1.60449,50.78348],[1.60479,50.7767],[1.60582,50.77611],[1.6069,50.77042],[1.6052,50.76345],[1.60014,50.754],[1.59442,50.75063],[1.59495,50.74154],[1.59259,50.72999],[1.59828,50.72832],[1.60052,50.7233],[1.59658,50.72766],[1.5904,50.72837],[1.5873,50.73186],[1.58399,50.73116],[1.57892,50.72835],[1.5737,50.71986],[1.57126,50.7204],[1.56285,50.72531],[1.56677,50.73426],[1.56759,50.74016],[1.56671,50.73441],[1.56297,50.72606],[1.56273,50.72492],[1.56377,50.72311],[1.57287,50.71693],[1.56947,50.70892],[1.56922,50.70786],[1.56076,50.69897],[1.56299,50.69205],[1.56608,50.67913],[1.57144,50.6644],[1.57491,50.64818],[1.57799,50.64132],[1.57644,50.63489],[1.57864,50.60668],[1.57798,50.5813],[1.57635,50.57426],[1.57917,50.56629],[1.58922,50.55608],[1.59553,50.55333],[1.60068,50.54908],[1.6051,50.54082],[1.60548,50.5378],[1.61658,50.53273],[1.62279,50.5287],[1.62821,50.51869],[1.63606,50.51297],[1.6406,50.51121],[1.6443,50.51087],[1.64434,50.50952],[1.64312,50.50859],[1.64062,50.50871],[1.63862,50.50904],[1.63489,50.51169],[1.59486,50.53606],[1.58738,50.54034],[1.58501,50.53914],[1.58058,50.53038],[1.57762,50.51656],[1.57607,50.48792],[1.57445,50.47142],[1.56909,50.43988],[1.56588,50.42587],[1.56105,50.41324],[1.55731,50.40647],[1.55542,50.40014],[1.55628,50.39701],[1.56019,50.39451],[1.56203,50.39455],[1.56274,50.39556],[1.56714,50.39556],[1.57054,50.39417],[1.57351,50.39025],[1.57947,50.38154],[1.59614,50.37635],[1.61017,50.37308],[1.61771,50.37238],[1.61905,50.37153],[1.62313,50.37156],[1.63262,50.36565],[1.63353,50.36426],[1.64052,50.35334],[1.64496,50.35094],[1.64481,50.35035],[1.63629,50.35401],[1.63088,50.35787],[1.61349,50.36042],[1.60246,50.35991],[1.56827,50.35847],[1.56157,50.35973],[1.56204,50.36026],[1.56187,50.35972],[1.56382,50.35976],[1.56269,50.36056],[1.56282,50.36087],[1.56396,50.36072],[1.56294,50.36051],[1.56363,50.36034],[1.56378,50.36003],[1.56833,50.36134],[1.56673,50.36251],[1.56933,50.36211],[1.5707,50.36102],[1.57042,50.36213],[1.5638,50.36555],[1.56626,50.36757],[1.56161,50.36739],[1.55675,50.36522],[1.5535,50.36275],[1.55111,50.35778],[1.54753,50.32897],[1.54218,50.30514],[1.53789,50.28311],[1.53962,50.26394],[1.54168,50.25961],[1.54585,50.25698],[1.54918,50.25633],[1.54553,50.25802],[1.54278,50.26087],[1.54064,50.26989],[1.54312,50.26061],[1.54605,50.25789],[1.54964,50.2569],[1.55597,50.25671],[1.54632,50.26064],[1.54726,50.26487],[1.54945,50.26023],[1.56089,50.25634],[1.58046,50.25571],[1.59478,50.25777],[1.59357,50.24578],[1.60536,50.23475],[1.61437,50.22184],[1.6228,50.21454],[1.62748,50.2138],[1.62941,50.2148],[1.62963,50.21644],[1.63249,50.21808],[1.63428,50.21498],[1.63632,50.21344],[1.63906,50.21293],[1.64356,50.21327],[1.6489,50.21506],[1.65582,50.21577],[1.66261,50.21425],[1.67805,50.20894],[1.68668,50.20073],[1.68519,50.19945],[1.67785,50.19653],[1.67694,50.19416],[1.68291,50.19046],[1.68872,50.18801],[1.68381,50.18301],[1.67672,50.17594],[1.67357,50.17428],[1.67048,50.17378],[1.6611,50.17414],[1.65746,50.17465],[1.65774,50.17528],[1.66524,50.17772],[1.66057,50.17974],[1.64579,50.18291],[1.64356,50.18624],[1.6455,50.1824],[1.63804,50.18702],[1.62708,50.19031],[1.61019,50.19051],[1.59311,50.18432],[1.59138,50.18581],[1.57807,50.19298],[1.57208,50.19496],[1.56596,50.19852],[1.5571,50.20965],[1.56629,50.21559],[1.57131,50.21678],[1.53518,50.21339],[1.52933,50.2113],[1.51478,50.20342],[1.50443,50.19667],[1.48822,50.17918],[1.48388,50.17312],[1.48008,50.16642],[1.46823,50.13904],[1.4542,50.11009],[1.44034,50.0988],[1.42644,50.09103],[1.42104,50.0889],[1.41756,50.08754],[1.41252,50.08403],[1.39223,50.07502],[1.38052,50.06572],[1.39296,50.05991],[1.40873,50.05709],[1.42189,50.06945],[1.42289,50.07055],[1.42649,50.07138],[1.44972,50.06933],[1.45332,50.06452],[1.45519,50.06534],[1.45714,50.06258],[1.45917,50.06274],[1.45586,50.05095],[1.45006,50.0446],[1.45646,50.03784],[1.46159,50.03586],[1.47339,50.03364],[1.47972,50.02669],[1.48657,50.02287],[1.49034,50.02168],[1.49099,50.01969],[1.49455,50.01819],[1.49802,50.01962],[1.5011,50.01885],[1.51349,50.01174],[1.5251,49.99861],[1.52728,49.99573],[1.52739,49.99472],[1.54561,49.98775],[1.55357,49.98288],[1.55811,49.97871],[1.56173,49.97827],[1.57448,49.97333],[1.57621,49.97092],[1.5782,49.96309],[1.58881,49.95577],[1.59134,49.95155],[1.59462,49.94865],[1.60857,49.94183],[1.62819,49.93434],[1.63789,49.93221],[1.64759,49.92859],[1.67281,49.92017],[1.67904,49.91671],[1.67836,49.91356],[1.69171,49.89865],[1.69328,49.89448],[1.69668,49.89344],[1.70526,49.89156],[1.70984,49.88936],[1.71145,49.8876],[1.71226,49.88003],[1.71151,49.87398],[1.71476,49.86671],[1.71709,49.86561],[1.71851,49.86578],[1.72004,49.86185],[1.7198,49.85679],[1.72593,49.83982],[1.72562,49.8344],[1.72678,49.82984],[1.73058,49.82107],[1.73378,49.81707],[1.73363,49.81346],[1.73756,49.80768],[1.74463,49.80344],[1.74641,49.80329],[1.7523,49.79219],[1.75754,49.7853],[1.75827,49.78275],[1.75833,49.78033],[1.76541,49.77897],[1.7714,49.77681],[1.77533,49.77428],[1.77913,49.77086],[1.77949,49.76829],[1.78117,49.76757],[1.78488,49.76141],[1.78469,49.75848],[1.78378,49.7583],[1.78116,49.75866],[1.76088,49.7575],[1.74296,49.75275],[1.73882,49.74926],[1.74589,49.73874],[1.74289,49.73842],[1.74068,49.73828],[1.73105,49.73388],[1.7235,49.73277],[1.71604,49.73261],[1.71243,49.72955],[1.71481,49.71383],[1.71506,49.71269],[1.70911,49.70612],[1.70087,49.70205],[1.68919,49.69495],[1.68893,49.69394],[1.69038,49.69398],[1.69546,49.69063],[1.70263,49.68433],[1.71154,49.68566],[1.71956,49.68843],[1.7219,49.69158],[1.72615,49.69484],[1.73078,49.69775],[1.7391,49.70112],[1.74216,49.70187],[1.74502,49.69823],[1.74961,49.69347],[1.75232,49.68106],[1.7401,49.67722],[1.72239,49.66887],[1.7225,49.66161],[1.7117,49.65023],[1.69865,49.64453],[1.70449,49.63988],[1.71108,49.6353],[1.71728,49.6331],[1.72156,49.62357],[1.71776,49.61558],[1.70741,49.60831],[1.69391,49.60115],[1.70919,49.58693],[1.71751,49.58845],[1.72085,49.59003],[1.72222,49.58905],[1.7181,49.58196],[1.71035,49.57991],[1.70664,49.57981],[1.69749,49.58265],[1.69039,49.57995],[1.69129,49.57913],[1.69964,49.58077],[1.70082,49.57968],[1.70022,49.57826],[1.69445,49.57504],[1.69769,49.57228],[1.70172,49.57521],[1.70106,49.57708],[1.70323,49.5778],[1.71374,49.57744],[1.72053,49.56957],[1.72545,49.56441],[1.73,49.5614],[1.72682,49.55802],[1.7228,49.54424],[1.7322,49.54126],[1.74488,49.53955],[1.74553,49.53932],[1.74783,49.53871],[1.74786,49.53745],[1.74466,49.53024],[1.73772,49.52187],[1.71979,49.50888],[1.71583,49.50508],[1.71689,49.50354],[1.71919,49.50297],[1.72558,49.5006],[1.72534,49.49967],[1.73594,49.50051],[1.74022,49.49921],[1.74428,49.49486],[1.7433,49.49028],[1.7451,49.48887],[1.75264,49.49734],[1.75458,49.50606],[1.76681,49.50945],[1.76879,49.51065],[1.76824,49.51209],[1.76972,49.51317],[1.77153,49.51305],[1.7838,49.50728],[1.78717,49.50607],[1.78755,49.50653],[1.78905,49.50113],[1.78754,49.49347],[1.78899,49.49043],[1.77744,49.48895],[1.77606,49.48775],[1.77226,49.47407],[1.7696,49.4683],[1.76598,49.46602],[1.74752,49.45951],[1.75104,49.45633],[1.75171,49.45334],[1.74923,49.45164],[1.73999,49.44909],[1.73805,49.44904],[1.73352,49.44113],[1.72913,49.44141],[1.72309,49.43425],[1.72365,49.4274],[1.72077,49.42048],[1.71403,49.40933],[1.72073,49.40493],[1.73447,49.40732],[1.73701,49.40733],[1.74049,49.40559],[1.71994,49.39549],[1.73466,49.3858],[1.74293,49.3818],[1.74743,49.37456],[1.75953,49.36822],[1.76029,49.35965],[1.75805,49.35703],[1.7667,49.3437],[1.77154,49.33849],[1.7723,49.33127],[1.76985,49.32663],[1.77078,49.326],[1.77198,49.31182],[1.77441,49.30705],[1.77526,49.30037],[1.77158,49.29502],[1.77193,49.29397],[1.77797,49.29205],[1.7844,49.29321],[1.7914,49.28817],[1.79758,49.28845],[1.8024,49.2735],[1.80286,49.27192],[1.79876,49.26789],[1.79385,49.25929],[1.78943,49.25369],[1.79042,49.24694],[1.7903,49.24682],[1.7897,49.24778],[1.77945,49.2485],[1.76694,49.25204],[1.7688,49.25619],[1.76681,49.26145],[1.75888,49.27236],[1.75668,49.27195],[1.75441,49.26999],[1.75361,49.26858],[1.75104,49.26746],[1.74466,49.26832],[1.7318,49.26734],[1.71155,49.26448],[1.71053,49.26453],[1.70881,49.26294],[1.70123,49.25182],[1.70149,49.24246],[1.69891,49.23512],[1.70435,49.23243],[1.7095,49.23845],[1.71269,49.23441],[1.73365,49.227],[1.74044,49.22428],[1.74046,49.22367],[1.73411,49.22128],[1.72935,49.20975],[1.71553,49.20266],[1.71841,49.20278],[1.72433,49.2007],[1.72587,49.19433],[1.72913,49.19522],[1.73727,49.19479],[1.73989,49.19208],[1.74265,49.18449],[1.7401,49.18081]]]}},{"type":"Feature","properties":{"code":"24","nom":"Centre-Val de Loire"},"geometry":{"type":"Polygon","coordinates":[[[0.56497,46.95564],[0.57011,46.95565],[0.5988,46.95641],[0.60158,46.95883],[0.60173,46.97148],[0.60056,46.97371],[0.59365,46.9776],[0.57978,46.97912],[0.57394,46.98343],[0.57279,46.98831],[0.57453,46.99292],[0.57412,46.99527],[0.56759,47.00033],[0.56707,47.00263],[0.56758,47.00651],[0.57447,47.0047],[0.59057,47.00666],[0.61579,47.00822],[0.61994,47.00719],[0.6237,47.00418],[0.62407,47.00193],[0.6218,46.99943],[0.62137,46.9965],[0.6241,46.99375],[0.62953,46.98894],[0.63776,46.98548],[0.64324,46.98806],[0.6479,46.98834],[0.65662,46.9854],[0.65804,46.98051],[0.66162,46.97809],[0.67819,46.97766],[0.69217,46.97443],[0.69375,46.97317],[0.69557,46.96916],[0.6945,46.96442],[0.69502,46.96245],[0.69601,46.95937],[0.69639,46.95628],[0.70326,46.94703],[0.70594,46.93813],[0.70324,46.92608],[0.70473,46.91231],[0.70378,46.90942],[0.70404,46.90444],[0.70532,46.90235],[0.71229,46.89825],[0.72939,46.8833],[0.73322,46.8765],[0.73769,46.87345],[0.74354,46.87172],[0.7608,46.86335],[0.76834,46.8585],[0.76619,46.85627],[0.76681,46.8526],[0.76802,46.85115],[0.7905,46.85249],[0.79595,46.85012],[0.79655,46.84736],[0.79537,46.84646],[0.78769,46.84496],[0.78666,46.84345],[0.78699,46.84007],[0.79127,46.83501],[0.79507,46.83274],[0.79837,46.83217],[0.80406,46.82816],[0.80898,46.82329],[0.80981,46.81589],[0.81011,46.81418],[0.81224,46.79929],[0.81638,46.78791],[0.83002,46.77947],[0.83128,46.7752],[0.84265,46.7654],[0.84938,46.7605],[0.85909,46.75678],[0.85979,46.75588],[0.86447,46.75247],[0.86741,46.74819],[0.87009,46.74549],[0.88202,46.73867],[0.89507,46.73692],[0.9018,46.73438],[0.90288,46.73055],[0.90477,46.72939],[0.91569,46.70947],[0.92491,46.70019],[0.92368,46.69282],[0.91526,46.68868],[0.90444,46.68139],[0.90246,46.67942],[0.90243,46.6777],[0.90615,46.67847],[0.90925,46.67809],[0.91067,46.67738],[0.91211,46.6748],[0.91168,46.67088],[0.90718,46.66652],[0.90675,46.66547],[0.91597,46.65432],[0.91716,46.65048],[0.91145,46.64936],[0.90712,46.64624],[0.8957,46.6322],[0.89396,46.62864],[0.89419,46.62584],[0.89998,46.62336],[0.90337,46.61983],[0.90735,46.61333],[0.90981,46.60351],[0.91562,46.59977],[0.91597,46.59665],[0.93768,46.59443],[0.93628,46.58903],[0.93772,46.58534],[0.94124,46.58097],[0.95771,46.57668],[0.96603,46.57279],[0.98192,46.57355],[0.98497,46.56691],[0.98849,46.56531],[1.01441,46.56777],[1.01871,46.5644],[1.02273,46.5524],[1.02271,46.5463],[1.02048,46.5372],[1.02342,46.536],[1.03316,46.53734],[1.04451,46.53684],[1.06414,46.53966],[1.0719,46.53738],[1.08775,46.53832],[1.09399,46.53705],[1.10635,46.53258],[1.11092,46.52822],[1.12351,46.52208],[1.14633,46.5058],[1.14885,46.50212],[1.13514,46.49803],[1.13327,46.49802],[1.14003,46.486],[1.15338,46.47265],[1.15169,46.47017],[1.13518,46.47096],[1.15184,46.44865],[1.15704,46.44734],[1.16859,46.44623],[1.18684,46.4405],[1.18542,46.43393],[1.19081,46.43138],[1.19919,46.43105],[1.21322,46.43313],[1.19478,46.41062],[1.19693,46.40152],[1.17749,46.38393],[1.17978,46.38215],[1.18062,46.37971],[1.18403,46.37709],[1.19298,46.37736],[1.20582,46.38812],[1.20861,46.38924],[1.21297,46.38796],[1.21474,46.38706],[1.2161,46.38351],[1.21146,46.37897],[1.21474,46.36989],[1.21672,46.36695],[1.21917,46.3656],[1.22745,46.36694],[1.23693,46.36708],[1.23795,46.3664],[1.24072,46.36737],[1.24336,46.37171],[1.25121,46.37707],[1.26061,46.37896],[1.2693,46.37638],[1.27978,46.37655],[1.28255,46.37219],[1.2989,46.37297],[1.31385,46.37531],[1.32131,46.38232],[1.32289,46.38562],[1.32266,46.38899],[1.31927,46.3914],[1.31264,46.39371],[1.3132,46.39493],[1.31605,46.39622],[1.32365,46.39606],[1.33659,46.39789],[1.34469,46.40158],[1.34955,46.3995],[1.35624,46.40016],[1.36248,46.39576],[1.37643,46.38354],[1.38364,46.37473],[1.3902,46.37182],[1.39289,46.37131],[1.3967,46.37193],[1.40511,46.36402],[1.41562,46.3469],[1.42875,46.3538],[1.43596,46.36022],[1.43573,46.36292],[1.44169,46.36951],[1.4458,46.3727],[1.45489,46.37608],[1.46013,46.37596],[1.46724,46.37839],[1.47294,46.38362],[1.47809,46.39417],[1.49328,46.3986],[1.49743,46.39468],[1.4995,46.39897],[1.49966,46.40573],[1.50055,46.40552],[1.50626,46.4101],[1.50978,46.41569],[1.51982,46.42393],[1.52538,46.42681],[1.53491,46.42434],[1.54427,46.41906],[1.54366,46.41572],[1.54624,46.3932],[1.55256,46.39417],[1.56525,46.403],[1.5739,46.4071],[1.57424,46.4069],[1.57438,46.40653],[1.58809,46.40718],[1.59711,46.4129],[1.6093,46.42309],[1.61176,46.4215],[1.61672,46.40993],[1.61454,46.40629],[1.61448,46.39945],[1.63014,46.38845],[1.63817,46.38559],[1.64455,46.38632],[1.65508,46.3954],[1.66164,46.40403],[1.67527,46.41352],[1.68373,46.41818],[1.702,46.39955],[1.71022,46.39254],[1.71952,46.3902],[1.72465,46.39094],[1.72638,46.39051],[1.7381,46.39955],[1.7505,46.40559],[1.74978,46.40921],[1.75205,46.41709],[1.75466,46.42175],[1.75801,46.42407],[1.76007,46.42697],[1.75278,46.44573],[1.74779,46.44984],[1.74886,46.4508],[1.75676,46.4524],[1.77501,46.45377],[1.79168,46.45345],[1.79806,46.45524],[1.80048,46.45004],[1.80309,46.44702],[1.81245,46.44177],[1.81761,46.43741],[1.81943,46.43195],[1.81851,46.43152],[1.81953,46.43003],[1.83539,46.42819],[1.86075,46.43335],[1.87566,46.43228],[1.88356,46.43273],[1.88436,46.43407],[1.89029,46.43671],[1.89984,46.43856],[1.89988,46.43858],[1.90238,46.43773],[1.90741,46.44127],[1.90844,46.44299],[1.91111,46.44354],[1.91467,46.44286],[1.91911,46.44029],[1.92182,46.43566],[1.92189,46.4339],[1.92421,46.43193],[1.92622,46.43192],[1.9488,46.43592],[1.95966,46.43878],[1.97806,46.43977],[1.97859,46.44161],[1.98937,46.43487],[1.9907,46.43522],[1.99308,46.43117],[2.00368,46.42924],[2.01952,46.42972],[2.02563,46.42784],[2.02938,46.42467],[2.04846,46.42121],[2.06384,46.42155],[2.0725,46.42011],[2.0763,46.41642],[2.08621,46.41093],[2.08872,46.41037],[2.08899,46.40976],[2.09791,46.4098],[2.10354,46.41108],[2.10995,46.41468],[2.11085,46.41646],[2.12842,46.41987],[2.14043,46.4212],[2.16814,46.42398],[2.17091,46.42299],[2.1848,46.42315],[2.19398,46.42594],[2.19789,46.42832],[2.20016,46.42812],[2.21384,46.42321],[2.23817,46.42393],[2.24398,46.42577],[2.25021,46.42637],[2.2536,46.42566],[2.28109,46.42047],[2.28184,46.42108],[2.28127,46.4317],[2.28396,46.44524],[2.28405,46.45018],[2.2862,46.454],[2.30537,46.47546],[2.31675,46.46868],[2.31924,46.46877],[2.32348,46.47058],[2.32751,46.47486],[2.32973,46.47958],[2.32953,46.48183],[2.32958,46.48312],[2.32572,46.4871],[2.32735,46.49136],[2.33286,46.49868],[2.35161,46.51226],[2.36129,46.51641],[2.3683,46.51843],[2.38407,46.51829],[2.41706,46.52067],[2.42073,46.52532],[2.42945,46.52643],[2.4397,46.52568],[2.45056,46.52172],[2.47261,46.52778],[2.48285,46.53267],[2.49693,46.53363],[2.49593,46.52332],[2.49701,46.52139],[2.50256,46.52144],[2.51244,46.52395],[2.51354,46.52595],[2.51228,46.52802],[2.52024,46.53123],[2.52837,46.52703],[2.53282,46.52169],[2.53665,46.5197],[2.54751,46.52688],[2.55547,46.52975],[2.57278,46.53435],[2.57537,46.53816],[2.58617,46.54364],[2.59867,46.54818],[2.60765,46.54995],[2.61109,46.55323],[2.61275,46.55647],[2.60813,46.57294],[2.60414,46.57907],[2.60336,46.58698],[2.59931,46.59515],[2.59107,46.59375],[2.58152,46.59322],[2.57858,46.59986],[2.57075,46.60833],[2.56851,46.60914],[2.58596,46.6143],[2.58873,46.61699],[2.58617,46.61925],[2.58463,46.62543],[2.59172,46.62981],[2.59655,46.63751],[2.593,46.64656],[2.58957,46.64797],[2.57413,46.64985],[2.56945,46.65096],[2.56738,46.65241],[2.56678,46.65356],[2.56982,46.65523],[2.5706,46.65916],[2.58747,46.66492],[2.60392,46.66649],[2.60903,46.66067],[2.62381,46.6567],[2.62935,46.66293],[2.63149,46.66876],[2.62808,46.67438],[2.62388,46.67561],[2.62081,46.6809],[2.62023,46.68398],[2.62334,46.6887],[2.62546,46.69003],[2.6282,46.69033],[2.63738,46.69168],[2.64188,46.69027],[2.64507,46.68795],[2.64808,46.68908],[2.65353,46.6933],[2.6552,46.69692],[2.67782,46.70454],[2.67717,46.70558],[2.68275,46.71332],[2.68497,46.72022],[2.68789,46.72174],[2.70524,46.72619],[2.70484,46.73903],[2.70911,46.74131],[2.71767,46.74382],[2.72885,46.74849],[2.73453,46.74622],[2.74051,46.73745],[2.74397,46.72932],[2.74754,46.72691],[2.75618,46.72355],[2.75852,46.71766],[2.77473,46.71894],[2.77599,46.72061],[2.79738,46.73415],[2.82752,46.73534],[2.83316,46.73013],[2.83711,46.72821],[2.8454,46.72667],[2.84615,46.73003],[2.84375,46.73967],[2.84459,46.74227],[2.8612,46.75449],[2.87682,46.76275],[2.88112,46.77022],[2.89594,46.77519],[2.89913,46.77565],[2.90511,46.77738],[2.91057,46.78253],[2.90813,46.78618],[2.90828,46.78779],[2.91504,46.79142],[2.92214,46.79387],[2.93197,46.79557],[2.93782,46.79571],[2.93996,46.79316],[2.94144,46.79512],[2.94258,46.79429],[2.95331,46.79194],[2.95897,46.79984],[2.95961,46.80429],[2.96055,46.8037],[2.97767,46.80383],[2.98331,46.80276],[2.98895,46.80005],[3.00326,46.79803],[3.0173,46.79994],[3.02091,46.79865],[3.02527,46.79467],[3.02973,46.79429],[3.03206,46.79491],[3.03502,46.80285],[3.03916,46.80974],[3.0592,46.82664],[3.05849,46.83159],[3.05459,46.83877],[3.05695,46.8425],[3.06602,46.84658],[3.06946,46.85239],[3.06526,46.86444],[3.06542,46.86981],[3.06779,46.87425],[3.068,46.87764],[3.06336,46.88995],[3.06114,46.89738],[3.0606,46.89853],[3.05102,46.90532],[3.05001,46.90888],[3.05393,46.91754],[3.06315,46.9294],[3.06458,46.93579],[3.06603,46.93842],[3.07917,46.95432],[3.07934,46.96024],[3.07353,46.96302],[3.06964,46.96678],[3.06289,46.98059],[3.06281,46.98711],[3.06532,46.99717],[3.06807,47.00615],[3.07368,47.01237],[3.07574,47.01915],[3.07477,47.03],[3.06879,47.04006],[3.06361,47.04617],[3.06183,47.04542],[3.05397,47.04825],[3.05084,47.05052],[3.04456,47.05331],[3.02955,47.05839],[3.0253,47.06071],[3.02225,47.06365],[3.01872,47.07078],[3.0201,47.07612],[3.02252,47.08016],[3.03124,47.09194],[3.03021,47.10722],[3.03,47.10832],[3.02828,47.12843],[3.02495,47.13111],[3.0212,47.13644],[3.01893,47.14968],[3.02062,47.15322],[3.01928,47.15629],[3.01595,47.15909],[3.01358,47.16972],[3.00907,47.18032],[2.99773,47.20085],[2.99385,47.20668],[2.98668,47.21414],[2.98169,47.22199],[2.97887,47.22957],[2.97796,47.23555],[2.9818,47.25352],[2.98308,47.2608],[2.97741,47.26713],[2.97354,47.26994],[2.96374,47.27382],[2.93655,47.28899],[2.92333,47.30084],[2.91296,47.30831],[2.90928,47.31053],[2.89929,47.31278],[2.88488,47.31636],[2.87657,47.32187],[2.87387,47.32914],[2.86964,47.34086],[2.87349,47.3484],[2.87978,47.35453],[2.88026,47.35642],[2.88807,47.36268],[2.89039,47.36577],[2.90633,47.39322],[2.90974,47.39567],[2.91893,47.40629],[2.91977,47.41047],[2.91988,47.4209],[2.91993,47.42144],[2.92231,47.42502],[2.93073,47.43132],[2.93156,47.43392],[2.93122,47.44091],[2.92099,47.45544],[2.91983,47.45873],[2.91919,47.46062],[2.91406,47.4709],[2.90842,47.47583],[2.89932,47.4806],[2.89696,47.48515],[2.89232,47.49915],[2.88957,47.50776],[2.87905,47.51761],[2.87449,47.52035],[2.85054,47.53611],[2.84864,47.53772],[2.84489,47.54489],[2.87441,47.55304],[2.88386,47.55272],[2.89511,47.55397],[2.90568,47.55736],[2.90939,47.55962],[2.90976,47.5618],[2.91172,47.56281],[2.91433,47.56603],[2.95879,47.55751],[2.9633,47.56394],[2.97654,47.56948],[2.97498,47.57254],[2.96449,47.58177],[2.9512,47.58975],[2.94939,47.5899],[2.94345,47.59317],[2.93912,47.5999],[2.94097,47.61322],[2.93565,47.6264],[2.93232,47.62705],[2.93652,47.6335],[2.93615,47.63642],[2.95394,47.64594],[2.94234,47.6534],[2.94103,47.65758],[2.92152,47.66668],[2.91817,47.66977],[2.92014,47.67091],[2.92296,47.67797],[2.92095,47.68318],[2.91406,47.68994],[2.89309,47.69888],[2.88407,47.70207],[2.88294,47.70262],[2.88466,47.71389],[2.87886,47.72035],[2.86574,47.71326],[2.85832,47.71203],[2.84865,47.71698],[2.84852,47.72602],[2.85225,47.72665],[2.85347,47.72904],[2.8577,47.75082],[2.85636,47.7618],[2.86141,47.76166],[2.8693,47.76465],[2.88958,47.76392],[2.89549,47.76455],[2.90949,47.7695],[2.91303,47.76943],[2.91616,47.76877],[2.92505,47.76431],[2.9334,47.76296],[2.93559,47.76325],[2.94297,47.76555],[2.96506,47.77669],[2.97882,47.78029],[2.98044,47.78253],[2.99003,47.78629],[2.99848,47.78681],[3.0238,47.78637],[3.02807,47.80115],[3.02414,47.80892],[3.02434,47.81308],[3.02214,47.81266],[3.01502,47.81343],[3.01938,47.81644],[3.01458,47.82272],[3.01222,47.83424],[3.0253,47.83567],[3.02906,47.83503],[3.03387,47.8437],[3.03197,47.84982],[3.02924,47.85708],[3.02319,47.86099],[3.0106,47.86231],[3.00536,47.86405],[2.99992,47.867],[2.99462,47.86736],[3.00226,47.86906],[3.01154,47.87485],[3.01176,47.88054],[3.00989,47.88961],[3.00708,47.89544],[3.01217,47.89938],[3.03059,47.90788],[3.03609,47.91179],[3.04228,47.91181],[3.05049,47.91541],[3.05886,47.92696],[3.06521,47.93051],[3.07851,47.93143],[3.08125,47.93812],[3.08767,47.94301],[3.10527,47.94694],[3.10964,47.95408],[3.11042,47.95867],[3.11453,47.96361],[3.12681,47.96838],[3.12842,47.97104],[3.1282,47.98028],[3.12466,47.9892],[3.12668,47.99127],[3.12406,47.99149],[3.12228,47.99262],[3.12112,47.99594],[3.12197,48.00197],[3.11878,48.00697],[3.11352,48.01195],[3.10926,48.01155],[3.10487,48.01295],[3.09966,48.01921],[3.09939,48.02093],[3.09951,48.02186],[3.10296,48.02403],[3.12044,48.02678],[3.12422,48.03097],[3.12423,48.03111],[3.10402,48.03652],[3.0958,48.0401],[3.09238,48.04638],[3.09542,48.05398],[3.08832,48.05393],[3.06291,48.06382],[3.05022,48.07216],[3.04989,48.08867],[3.05029,48.09144],[3.04903,48.09383],[3.04593,48.09358],[3.04538,48.09282],[3.04291,48.09338],[3.04287,48.09608],[3.04207,48.09617],[3.03443,48.11578],[3.0159,48.1158],[3.02931,48.13332],[3.02312,48.13567],[3.02231,48.13522],[3.01,48.14572],[3.0039,48.14486],[3.00331,48.14225],[2.99934,48.14048],[2.99393,48.14234],[2.99096,48.1469],[2.99068,48.1527],[2.97999,48.15404],[2.9637,48.15308],[2.95322,48.16517],[2.93662,48.16346],[2.90001,48.15965],[2.87102,48.15663],[2.86679,48.15616],[2.8642,48.15269],[2.85468,48.14453],[2.83796,48.13564],[2.82416,48.13388],[2.82093,48.12972],[2.80816,48.13034],[2.8043,48.13139],[2.80082,48.13361],[2.79926,48.13737],[2.79804,48.14405],[2.79864,48.15234],[2.81032,48.16104],[2.79413,48.16889],[2.78338,48.16677],[2.78107,48.16733],[2.77905,48.16746],[2.75837,48.16347],[2.75981,48.16203],[2.75521,48.1602],[2.73669,48.16615],[2.74214,48.15925],[2.74863,48.1564],[2.75357,48.1532],[2.75574,48.14895],[2.75562,48.14589],[2.72057,48.13696],[2.71912,48.13496],[2.70677,48.12545],[2.70552,48.12312],[2.68895,48.12496],[2.67773,48.12487],[2.66747,48.12071],[2.66444,48.12008],[2.6632,48.12229],[2.65331,48.12993],[2.64227,48.13766],[2.6392,48.1389],[2.62181,48.13638],[2.61473,48.13372],[2.60304,48.13161],[2.57675,48.13201],[2.57371,48.13402],[2.57062,48.14092],[2.54232,48.14114],[2.53733,48.14018],[2.5196,48.12696],[2.52217,48.12532],[2.50588,48.1265],[2.49036,48.12664],[2.47651,48.1286],[2.46492,48.12935],[2.45873,48.1258],[2.45435,48.12243],[2.44267,48.12578],[2.44396,48.13158],[2.45991,48.13687],[2.46358,48.14137],[2.47462,48.149],[2.47397,48.15185],[2.47189,48.15452],[2.47357,48.15401],[2.4784,48.15663],[2.48091,48.16265],[2.48316,48.1646],[2.48799,48.16223],[2.49908,48.15935],[2.50595,48.15651],[2.51677,48.16676],[2.514,48.17256],[2.5099,48.17782],[2.51535,48.19066],[2.51823,48.19381],[2.52003,48.19404],[2.52285,48.19596],[2.52286,48.19776],[2.52278,48.20038],[2.51963,48.20425],[2.5169,48.21001],[2.51753,48.21443],[2.51405,48.21448],[2.51332,48.22451],[2.50901,48.22873],[2.50627,48.23863],[2.49227,48.2392],[2.48663,48.24013],[2.48417,48.23891],[2.47609,48.24464],[2.47879,48.24983],[2.4687,48.25533],[2.45294,48.25008],[2.45011,48.24992],[2.44299,48.2536],[2.44021,48.25328],[2.43816,48.25474],[2.43219,48.25494],[2.42843,48.25639],[2.42158,48.26384],[2.41985,48.26693],[2.41815,48.27997],[2.42315,48.28917],[2.42258,48.29538],[2.42031,48.29976],[2.41141,48.3081],[2.40297,48.32064],[2.39849,48.31884],[2.3944,48.31476],[2.38691,48.31175],[2.36961,48.30879],[2.35815,48.30887],[2.35617,48.31059],[2.35525,48.31351],[2.34057,48.31967],[2.32812,48.32645],[2.32927,48.33281],[2.32764,48.33315],[2.32369,48.33234],[2.31805,48.33023],[2.31715,48.33166],[2.31266,48.3306],[2.3024,48.31693],[2.30024,48.31132],[2.29029,48.30945],[2.27236,48.31188],[2.26915,48.31335],[2.26927,48.315],[2.26681,48.31471],[2.26466,48.3127],[2.255,48.30149],[2.25341,48.3],[2.24522,48.29822],[2.24617,48.30836],[2.24942,48.31453],[2.24643,48.31636],[2.238,48.31626],[2.24623,48.32961],[2.24624,48.33118],[2.24299,48.33293],[2.23892,48.33156],[2.22873,48.33217],[2.2156,48.3357],[2.20722,48.34176],[2.20729,48.34495],[2.2022,48.34461],[2.19264,48.33426],[2.18454,48.32261],[2.18505,48.32111],[2.18155,48.31345],[2.17162,48.31605],[2.17101,48.31526],[2.16918,48.31275],[2.15206,48.3161],[2.15174,48.31409],[2.15363,48.30834],[2.16087,48.3047],[2.16191,48.30262],[2.16389,48.29838],[2.16179,48.29843],[2.15364,48.29922],[2.13517,48.29918],[2.11039,48.29701],[2.11365,48.30742],[2.10522,48.30769],[2.09935,48.3048],[2.09427,48.30082],[2.08938,48.2954],[2.08707,48.29457],[2.07868,48.29376],[2.05266,48.29543],[2.05114,48.29009],[2.03614,48.28719],[2.0223,48.2878],[2.01164,48.28581],[2.00362,48.28572],[1.99377,48.28678],[1.98131,48.28829],[1.97041,48.29478],[1.96208,48.30279],[1.9592,48.30869],[1.96573,48.31215],[1.97426,48.32332],[1.98237,48.32847],[1.97576,48.33442],[1.97181,48.34807],[1.97797,48.35585],[1.98369,48.36053],[1.98917,48.3636],[1.9875,48.36402],[1.98506,48.3645],[1.98063,48.36891],[1.97956,48.3723],[1.98084,48.37471],[1.97719,48.37992],[1.96665,48.38064],[1.96645,48.38168],[1.97722,48.39957],[1.96216,48.40438],[1.95204,48.40633],[1.94755,48.40637],[1.94351,48.40613],[1.93209,48.4034],[1.93029,48.40403],[1.93274,48.41089],[1.92582,48.41279],[1.92747,48.41658],[1.93215,48.41848],[1.93974,48.41982],[1.94072,48.42578],[1.93767,48.43032],[1.93631,48.43455],[1.94287,48.44114],[1.93307,48.44429],[1.92848,48.45108],[1.93043,48.45357],[1.92767,48.45448],[1.9295,48.45713],[1.92202,48.45771],[1.92225,48.45628],[1.91788,48.4512],[1.90152,48.4388],[1.88419,48.44014],[1.87976,48.44085],[1.86389,48.44451],[1.86105,48.44434],[1.86074,48.44563],[1.85748,48.44684],[1.85411,48.44676],[1.84268,48.44978],[1.83939,48.45811],[1.83804,48.46023],[1.83219,48.46415],[1.82355,48.46629],[1.81052,48.46611],[1.80129,48.46602],[1.7956,48.47784],[1.79402,48.47935],[1.79499,48.48327],[1.79655,48.48461],[1.79429,48.48543],[1.78618,48.49125],[1.78606,48.4985],[1.77711,48.50883],[1.77559,48.5139],[1.77555,48.52768],[1.78754,48.55382],[1.77797,48.55264],[1.77873,48.55357],[1.7772,48.55513],[1.77333,48.55686],[1.76279,48.5674],[1.76241,48.571],[1.75909,48.57319],[1.74831,48.57563],[1.74599,48.57606],[1.74349,48.57244],[1.73816,48.57261],[1.70924,48.57802],[1.71001,48.58151],[1.70185,48.58505],[1.7152,48.60059],[1.71814,48.60719],[1.71085,48.61399],[1.68922,48.61154],[1.68572,48.61245],[1.68234,48.61563],[1.69092,48.61714],[1.68507,48.61975],[1.67849,48.61851],[1.66653,48.61347],[1.66047,48.61885],[1.65744,48.62984],[1.64932,48.63229],[1.64953,48.63591],[1.65123,48.63821],[1.64513,48.64042],[1.64187,48.64278],[1.64314,48.65128],[1.6293,48.64958],[1.62016,48.65056],[1.61335,48.65415],[1.60767,48.65986],[1.60265,48.66331],[1.60112,48.66837],[1.60609,48.67894],[1.61134,48.6884],[1.61185,48.68929],[1.58231,48.69635],[1.59471,48.70914],[1.59304,48.70996],[1.59195,48.7087],[1.58706,48.71028],[1.58966,48.71289],[1.60089,48.72203],[1.61612,48.73636],[1.62057,48.73609],[1.62329,48.74003],[1.62169,48.74184],[1.62675,48.7481],[1.62508,48.74897],[1.61207,48.75668],[1.60228,48.76048],[1.58194,48.76186],[1.58478,48.76341],[1.58222,48.76635],[1.58292,48.76764],[1.58789,48.77375],[1.58309,48.7759],[1.57674,48.78297],[1.57588,48.78979],[1.58202,48.80558],[1.5833,48.80675],[1.57894,48.80905],[1.5808,48.81057],[1.58553,48.81198],[1.59117,48.81507],[1.59037,48.81742],[1.58699,48.82302],[1.5956,48.83686],[1.59392,48.8398],[1.58678,48.84332],[1.57735,48.84462],[1.57801,48.84844],[1.58422,48.86036],[1.57179,48.86401],[1.55921,48.8677],[1.55897,48.86381],[1.55552,48.86466],[1.54596,48.87237],[1.556,48.87954],[1.56126,48.88596],[1.56343,48.89049],[1.56028,48.89113],[1.55293,48.89528],[1.53878,48.90471],[1.5383,48.9067],[1.53815,48.90854],[1.54266,48.91455],[1.54169,48.91578],[1.5404,48.91851],[1.53841,48.92255],[1.52879,48.92448],[1.51851,48.9253],[1.51434,48.9219],[1.51125,48.92352],[1.50734,48.92757],[1.50711,48.9292],[1.51119,48.93257],[1.51182,48.93499],[1.5014,48.94103],[1.4826,48.93975],[1.48038,48.94049],[1.46114,48.93751],[1.45864,48.9279],[1.45415,48.92549],[1.4478,48.92461],[1.45695,48.91639],[1.46049,48.90967],[1.46092,48.90046],[1.46188,48.89934],[1.46876,48.89265],[1.4654,48.87927],[1.46474,48.87701],[1.46093,48.87278],[1.45772,48.87155],[1.45548,48.87042],[1.44993,48.86953],[1.43518,48.86625],[1.42386,48.86132],[1.40593,48.86115],[1.40392,48.86042],[1.40218,48.85832],[1.3981,48.8567],[1.39655,48.8556],[1.39714,48.85396],[1.3962,48.85187],[1.38991,48.84632],[1.36177,48.8341],[1.35961,48.83105],[1.35953,48.82401],[1.35703,48.81899],[1.36039,48.81194],[1.36633,48.80466],[1.36809,48.80285],[1.37024,48.8007],[1.37747,48.7906],[1.3741,48.78312],[1.37202,48.78203],[1.35634,48.77939],[1.35576,48.7792],[1.34065,48.77152],[1.33306,48.76265],[1.3285,48.76063],[1.31967,48.7608],[1.31325,48.76411],[1.31373,48.76449],[1.31148,48.76492],[1.29699,48.76823],[1.28944,48.76492],[1.27981,48.76258],[1.27835,48.76302],[1.27685,48.76344],[1.27041,48.76192],[1.27015,48.75756],[1.26818,48.75728],[1.25462,48.75854],[1.25617,48.76456],[1.24547,48.76955],[1.22288,48.76734],[1.22439,48.76336],[1.23065,48.76298],[1.23024,48.76173],[1.22305,48.75798],[1.19982,48.76905],[1.19144,48.77155],[1.18399,48.77234],[1.16449,48.76988],[1.1631,48.76912],[1.15767,48.76948],[1.14904,48.77776],[1.14842,48.77976],[1.1506,48.78237],[1.15186,48.78593],[1.13147,48.78764],[1.12902,48.7885],[1.12138,48.78923],[1.11898,48.78238],[1.12186,48.76983],[1.1179,48.75426],[1.11389,48.74608],[1.096,48.74875],[1.0923,48.75],[1.08948,48.75305],[1.08837,48.75675],[1.08658,48.75735],[1.08091,48.75218],[1.07581,48.7494],[1.07125,48.74842],[1.06974,48.74875],[1.06872,48.7514],[1.0681,48.75777],[1.06462,48.75942],[1.06294,48.75913],[1.047,48.74706],[1.03675,48.74162],[1.03635,48.73321],[1.03744,48.73231],[1.03661,48.73034],[1.03389,48.72864],[1.02964,48.72878],[1.02677,48.73262],[1.02205,48.73483],[1.0178,48.73061],[1.01356,48.72821],[0.99064,48.72562],[0.98507,48.72593],[0.98239,48.72732],[0.98116,48.72962],[0.97823,48.7309],[0.97109,48.72845],[0.95827,48.71937],[0.94334,48.71345],[0.92116,48.70915],[0.91984,48.71245],[0.90982,48.71032],[0.903,48.71106],[0.89579,48.71481],[0.89025,48.72037],[0.87685,48.71568],[0.87256,48.71323],[0.86878,48.70311],[0.86134,48.69177],[0.85509,48.68581],[0.85161,48.68455],[0.85029,48.68295],[0.8491,48.68162],[0.84313,48.67993],[0.83914,48.67969],[0.83186,48.68133],[0.82726,48.68072],[0.81482,48.67016],[0.81269,48.66818],[0.81278,48.66072],[0.81861,48.65375],[0.82345,48.65075],[0.82494,48.64865],[0.82168,48.63606],[0.82427,48.63385],[0.83176,48.63342],[0.8257,48.62932],[0.81723,48.61568],[0.81964,48.60987],[0.82262,48.60893],[0.82811,48.61095],[0.83074,48.61113],[0.84115,48.60837],[0.84669,48.60312],[0.8488,48.59411],[0.84932,48.586],[0.84957,48.58432],[0.85216,48.58161],[0.85949,48.57775],[0.86694,48.57438],[0.87374,48.57335],[0.88048,48.57425],[0.89127,48.57218],[0.9106,48.5641],[0.92366,48.55826],[0.92572,48.55986],[0.93404,48.55442],[0.939,48.54911],[0.93656,48.54679],[0.93162,48.5456],[0.92252,48.53774],[0.92523,48.5361],[0.93195,48.53422],[0.95206,48.52664],[0.96039,48.52429],[0.96742,48.52385],[0.95832,48.51006],[0.94657,48.501],[0.94147,48.49883],[0.94979,48.49348],[0.95542,48.49286],[0.95637,48.48244],[0.95357,48.48025],[0.94515,48.47718],[0.93569,48.4756],[0.93717,48.4698],[0.93827,48.46924],[0.94241,48.45751],[0.95779,48.44274],[0.96693,48.44172],[0.97212,48.44243],[0.97641,48.43877],[0.96389,48.43035],[0.94986,48.41884],[0.9482,48.41792],[0.94531,48.41823],[0.94586,48.40652],[0.94059,48.39832],[0.93201,48.3918],[0.92629,48.38418],[0.92496,48.38449],[0.91915,48.38008],[0.91373,48.37372],[0.90914,48.37031],[0.90735,48.3701],[0.9063,48.3719],[0.90182,48.37339],[0.89974,48.37322],[0.89647,48.37103],[0.88363,48.35675],[0.88131,48.35578],[0.86195,48.35095],[0.85227,48.34846],[0.83993,48.35272],[0.83466,48.34558],[0.82799,48.34231],[0.81844,48.34955],[0.78773,48.3412],[0.7854,48.34046],[0.78423,48.33362],[0.78257,48.33325],[0.78136,48.33267],[0.76912,48.32242],[0.76906,48.31795],[0.76614,48.31244],[0.75569,48.29992],[0.76037,48.29831],[0.76844,48.3018],[0.77899,48.30291],[0.7877,48.29743],[0.80767,48.28983],[0.79735,48.28699],[0.79299,48.28307],[0.78587,48.27114],[0.79179,48.26505],[0.79003,48.26301],[0.78746,48.26186],[0.78764,48.26099],[0.79965,48.25252],[0.80211,48.24992],[0.80921,48.23669],[0.81942,48.22522],[0.82223,48.22359],[0.82752,48.21855],[0.83026,48.21416],[0.83068,48.21076],[0.8105,48.20631],[0.80748,48.19949],[0.79786,48.19477],[0.79562,48.1907],[0.7957,48.188],[0.80395,48.18647],[0.81214,48.18344],[0.82298,48.17828],[0.82589,48.17621],[0.82792,48.17298],[0.83264,48.1691],[0.83643,48.16758],[0.84581,48.1656],[0.85543,48.16641],[0.86543,48.16508],[0.87775,48.1624],[0.89025,48.15844],[0.90872,48.15058],[0.91161,48.14886],[0.91139,48.14678],[0.90924,48.14397],[0.91116,48.14176],[0.91665,48.13894],[0.91535,48.13727],[0.90291,48.13544],[0.85015,48.13329],[0.85231,48.13109],[0.85525,48.12298],[0.84107,48.10294],[0.83238,48.09839],[0.81935,48.09834],[0.81521,48.09418],[0.82338,48.09111],[0.83442,48.09164],[0.84018,48.09426],[0.84334,48.09456],[0.8479,48.09379],[0.84833,48.09113],[0.84502,48.08172],[0.84317,48.0726],[0.83617,48.07041],[0.82921,48.06992],[0.80278,48.07158],[0.79398,48.06948],[0.79878,48.06408],[0.79585,48.0462],[0.79752,48.03724],[0.81084,48.03239],[0.82053,48.03081],[0.82463,48.03053],[0.82927,48.0316],[0.83046,48.03329],[0.83446,48.03445],[0.83856,48.03383],[0.84102,48.03131],[0.84168,48.02892],[0.84027,48.02132],[0.8362,48.01072],[0.83676,48.0088],[0.83308,48.00911],[0.83162,48.00648],[0.83245,48.00151],[0.83137,47.99629],[0.82614,47.9917],[0.82414,47.98186],[0.84528,47.954],[0.84706,47.94726],[0.84904,47.94608],[0.8484,47.94215],[0.83723,47.93731],[0.81641,47.93429],[0.81358,47.9319],[0.81187,47.9288],[0.81077,47.91508],[0.81125,47.90625],[0.81797,47.8928],[0.81695,47.89196],[0.8145,47.89101],[0.80812,47.89172],[0.80177,47.89576],[0.79459,47.90532],[0.7931,47.90898],[0.78996,47.91211],[0.78565,47.9116],[0.7764,47.90825],[0.77026,47.90203],[0.76855,47.90115],[0.76804,47.90157],[0.76398,47.89958],[0.75965,47.8996],[0.7593,47.89802],[0.75768,47.88384],[0.76454,47.8665],[0.76359,47.86287],[0.75917,47.85923],[0.76465,47.85519],[0.77412,47.85127],[0.77263,47.84873],[0.77491,47.84355],[0.77366,47.84181],[0.7744,47.84009],[0.76846,47.83126],[0.76323,47.83402],[0.75888,47.83368],[0.75163,47.82925],[0.74511,47.82639],[0.73964,47.81497],[0.73962,47.8114],[0.73579,47.80825],[0.73397,47.80771],[0.72992,47.80533],[0.72152,47.79621],[0.71449,47.79387],[0.71299,47.79038],[0.71195,47.78715],[0.70375,47.7899],[0.70052,47.79012],[0.69837,47.78938],[0.691,47.78306],[0.68934,47.78001],[0.69959,47.77469],[0.7033,47.76946],[0.70357,47.76779],[0.69728,47.76428],[0.68342,47.76686],[0.67489,47.76892],[0.66964,47.76637],[0.66016,47.76029],[0.65123,47.75531],[0.65029,47.75491],[0.64598,47.75309],[0.63809,47.75158],[0.62663,47.75181],[0.62099,47.74831],[0.61934,47.7455],[0.61852,47.74256],[0.6202,47.73872],[0.61599,47.73495],[0.61057,47.73217],[0.6124,47.72997],[0.6111,47.72808],[0.59504,47.72347],[0.59093,47.72131],[0.58059,47.71293],[0.58049,47.71246],[0.59297,47.70359],[0.59441,47.70033],[0.5916,47.69771],[0.59552,47.68803],[0.60422,47.68542],[0.61312,47.69372],[0.61493,47.69414],[0.61864,47.69375],[0.61907,47.69091],[0.61481,47.68292],[0.61078,47.6823],[0.60328,47.67935],[0.59664,47.67287],[0.58427,47.66874],[0.57084,47.66857],[0.55834,47.67077],[0.55845,47.66679],[0.55933,47.66615],[0.55078,47.65904],[0.54115,47.65647],[0.5132,47.65293],[0.49841,47.64463],[0.49662,47.64624],[0.47621,47.64778],[0.46508,47.64491],[0.46198,47.64334],[0.46265,47.64256],[0.45707,47.63938],[0.45295,47.63374],[0.45453,47.63042],[0.45635,47.62888],[0.45175,47.62201],[0.44586,47.61999],[0.44125,47.61998],[0.43174,47.61831],[0.42846,47.61754],[0.42422,47.61791],[0.40521,47.63274],[0.39597,47.64103],[0.38926,47.64083],[0.38517,47.64188],[0.38263,47.64342],[0.38089,47.63863],[0.36849,47.62844],[0.36489,47.62655],[0.36483,47.62068],[0.37335,47.61282],[0.38656,47.60357],[0.39142,47.59717],[0.39508,47.59458],[0.39676,47.59422],[0.3973,47.58484],[0.40245,47.57849],[0.39019,47.57561],[0.37848,47.56841],[0.36618,47.57393],[0.34684,47.57705],[0.33911,47.57973],[0.33641,47.58612],[0.32359,47.59255],[0.3221,47.59539],[0.30202,47.59593],[0.28376,47.59784],[0.27047,47.60345],[0.25914,47.61229],[0.25741,47.61164],[0.23901,47.61059],[0.23073,47.60926],[0.22988,47.60846],[0.23269,47.60028],[0.23447,47.5784],[0.22574,47.57419],[0.22071,47.57381],[0.21492,47.57132],[0.21356,47.56919],[0.20803,47.56335],[0.20771,47.55934],[0.20475,47.55187],[0.19305,47.53812],[0.20526,47.5309],[0.21139,47.52899],[0.21851,47.52903],[0.22484,47.52728],[0.22074,47.51217],[0.22001,47.50189],[0.20862,47.4927],[0.20238,47.48572],[0.20049,47.48448],[0.19877,47.47655],[0.1963,47.47526],[0.19037,47.4612],[0.18565,47.45673],[0.18112,47.45332],[0.18187,47.44943],[0.18318,47.43359],[0.18521,47.42633],[0.18503,47.42359],[0.18194,47.41892],[0.17104,47.41004],[0.16246,47.40478],[0.15917,47.40366],[0.15346,47.39876],[0.16641,47.39729],[0.16951,47.39589],[0.17926,47.38444],[0.17899,47.38064],[0.17645,47.37697],[0.16268,47.36828],[0.15364,47.36357],[0.14605,47.36161],[0.14041,47.36181],[0.14694,47.35174],[0.14785,47.34753],[0.14698,47.34554],[0.13998,47.33963],[0.13798,47.33605],[0.12641,47.33256],[0.11747,47.33231],[0.11843,47.32606],[0.11396,47.31829],[0.10895,47.31327],[0.10282,47.31029],[0.0955,47.30413],[0.08126,47.28657],[0.08242,47.28276],[0.08652,47.2805],[0.08855,47.27538],[0.0834,47.27496],[0.0799,47.27168],[0.08079,47.26789],[0.07328,47.24791],[0.07247,47.22],[0.07705,47.21941],[0.07887,47.21781],[0.0792,47.21676],[0.07624,47.2161],[0.07452,47.21444],[0.06819,47.21578],[0.06115,47.20838],[0.0562,47.20078],[0.05358,47.19932],[0.0566,47.19425],[0.06189,47.19043],[0.06652,47.18966],[0.06318,47.1763],[0.05391,47.16368],[0.05416,47.16103],[0.0575,47.15853],[0.06165,47.15284],[0.06626,47.14322],[0.07837,47.14642],[0.0841,47.11842],[0.10456,47.1208],[0.10433,47.12475],[0.10699,47.12863],[0.11123,47.13036],[0.1221,47.12845],[0.12549,47.12253],[0.1318,47.12281],[0.14069,47.12466],[0.13412,47.11448],[0.13397,47.10997],[0.13518,47.10711],[0.14004,47.10568],[0.14652,47.10612],[0.15276,47.10438],[0.16186,47.10008],[0.16351,47.10412],[0.16652,47.10765],[0.17609,47.11263],[0.18122,47.1144],[0.1815,47.11529],[0.18324,47.11404],[0.18508,47.10858],[0.19367,47.09761],[0.19821,47.09369],[0.19642,47.08789],[0.1919,47.08357],[0.18297,47.0794],[0.17417,47.07127],[0.17371,47.06742],[0.17685,47.06471],[0.17571,47.06074],[0.17967,47.05912],[0.18706,47.06058],[0.19167,47.06467],[0.19841,47.06134],[0.20694,47.05501],[0.20796,47.05332],[0.21393,47.05444],[0.22955,47.06249],[0.23299,47.06457],[0.23516,47.06917],[0.24422,47.0715],[0.25878,47.0691],[0.2663,47.06435],[0.26669,47.04872],[0.26395,47.04629],[0.26584,47.04558],[0.27951,47.04594],[0.29833,47.05404],[0.30241,47.05301],[0.3071,47.04864],[0.30894,47.04571],[0.30994,47.02803],[0.31029,47.02574],[0.30703,47.02419],[0.3029,47.01479],[0.30594,47.00246],[0.30811,46.99996],[0.30405,46.99068],[0.29135,46.99037],[0.29733,46.98478],[0.29953,46.97321],[0.29806,46.97125],[0.30085,46.97042],[0.3049,46.9652],[0.30379,46.95914],[0.30131,46.95585],[0.30221,46.95535],[0.30551,46.95328],[0.30769,46.94506],[0.31121,46.93796],[0.32356,46.93115],[0.32982,46.9327],[0.33842,46.9362],[0.34787,46.93658],[0.3515,46.93975],[0.35298,46.94241],[0.36073,46.94846],[0.36651,46.94987],[0.37928,46.94466],[0.3832,46.9437],[0.38773,46.94327],[0.38775,46.94385],[0.40537,46.93613],[0.40632,46.93682],[0.41514,46.93721],[0.43864,46.92949],[0.44302,46.93527],[0.44489,46.94127],[0.45212,46.94198],[0.46576,46.94708],[0.47812,46.95026],[0.49146,46.9554],[0.50052,46.95641],[0.50523,46.96002],[0.50844,46.95746],[0.51288,46.95603],[0.52737,46.95708],[0.5401,46.96035],[0.54699,46.95998],[0.55435,46.95846],[0.55811,46.95676],[0.56497,46.95564]]]}},{"type":"Feature","properties":{"code":"44","nom":"Grand Est"},"geometry":{"type":"Polygon","coordinates":[[[3.80006,48.09656],[3.79758,48.09233],[3.79807,48.08649],[3.79949,48.08612],[3.80142,48.08554],[3.80878,48.08022],[3.81664,48.07124],[3.82625,48.06366],[3.82525,48.06285],[3.82568,48.0499],[3.82416,48.04545],[3.82205,48.04414],[3.8322,48.03636],[3.83454,48.03782],[3.84323,48.03554],[3.84544,48.03237],[3.85118,48.02746],[3.8564,48.02391],[3.8681,48.01944],[3.87053,48.01689],[3.87069,48.00298],[3.85996,48.00388],[3.84573,48.00341],[3.83956,48.00394],[3.83908,47.99925],[3.84713,47.99165],[3.85041,47.98465],[3.85003,47.98373],[3.86014,47.98221],[3.86247,47.9785],[3.8617,47.97658],[3.87281,47.97757],[3.88145,47.98264],[3.88331,47.9909],[3.88154,48.00034],[3.88383,48.00081],[3.88567,48.0003],[3.88932,48.00039],[3.90356,47.99168],[3.90681,47.9852],[3.91093,47.98182],[3.9147,47.9757],[3.91282,47.96868],[3.90802,47.96474],[3.9062,47.96126],[3.90371,47.9463],[3.89992,47.93586],[3.89403,47.92917],[3.89558,47.92861],[3.91428,47.93031],[3.91825,47.92816],[3.92626,47.93481],[3.93161,47.93231],[3.93429,47.93199],[3.94477,47.93212],[3.95476,47.93356],[3.97158,47.93304],[3.98048,47.93099],[3.98119,47.93017],[3.98443,47.93147],[3.98578,47.93067],[3.99617,47.93804],[4.005,47.94259],[4.01319,47.93334],[4.02521,47.92862],[4.0329,47.92938],[4.0464,47.92685],[4.05405,47.92948],[4.05708,47.93661],[4.05632,47.94182],[4.06076,47.94579],[4.07576,47.94297],[4.08488,47.94507],[4.08969,47.94501],[4.09276,47.94248],[4.09269,47.94128],[4.09594,47.9276],[4.12046,47.93244],[4.12211,47.93165],[4.14184,47.93711],[4.14261,47.94411],[4.14358,47.945],[4.15586,47.95579],[4.16721,47.96014],[4.18127,47.95731],[4.18417,47.95589],[4.18571,47.94934],[4.1855,47.94027],[4.19392,47.94037],[4.20225,47.94148],[4.2064,47.94412],[4.20784,47.94659],[4.20187,47.96195],[4.1929,47.965],[4.19554,47.96787],[4.19877,47.96969],[4.21266,47.97192],[4.22103,47.97117],[4.22582,47.97209],[4.22794,47.96252],[4.22252,47.951],[4.22214,47.94969],[4.22391,47.9485],[4.22812,47.94658],[4.24139,47.93391],[4.24811,47.92926],[4.26649,47.92396],[4.26973,47.92368],[4.27455,47.92381],[4.29108,47.92626],[4.2928,47.92588],[4.30181,47.94006],[4.29924,47.94879],[4.29808,47.94974],[4.30393,47.95262],[4.30577,47.95433],[4.309,47.96117],[4.31272,47.96269],[4.31414,47.96139],[4.32005,47.95956],[4.33447,47.95909],[4.34218,47.95717],[4.34964,47.9566],[4.35835,47.95697],[4.3662,47.95836],[4.36935,47.95996],[4.3907,47.96162],[4.4105,47.96761],[4.4172,47.96868],[4.42817,47.96594],[4.43502,47.96049],[4.43804,47.95963],[4.4456,47.95762],[4.44713,47.95638],[4.45575,47.95985],[4.47077,47.9608],[4.48223,47.9634],[4.49117,47.9673],[4.50883,47.96653],[4.53175,47.96997],[4.55254,47.96795],[4.55355,47.96788],[4.55971,47.97153],[4.55862,47.97742],[4.555,47.98599],[4.54527,47.98841],[4.54098,47.99203],[4.53583,48.00098],[4.53572,48.00677],[4.54712,48.00487],[4.54967,48.00523],[4.55467,48.01238],[4.55562,48.01362],[4.56039,48.01541],[4.57256,48.02548],[4.5802,48.029],[4.59193,48.02991],[4.60352,48.02943],[4.61259,48.03014],[4.61655,48.0313],[4.61726,48.02845],[4.62196,48.02438],[4.62387,48.02545],[4.64758,48.0257],[4.67082,48.01534],[4.67326,48.01527],[4.68744,48.02099],[4.69883,48.02391],[4.70071,48.02348],[4.70435,48.02029],[4.71842,48.01108],[4.72272,48.01015],[4.71992,48.00914],[4.73661,48.00532],[4.7493,48.00425],[4.76994,48.00571],[4.78949,48.00811],[4.79331,48.00015],[4.80206,47.99298],[4.80065,47.98482],[4.79152,47.97851],[4.78747,47.97136],[4.78615,47.97154],[4.78483,47.96816],[4.78652,47.9642],[4.80208,47.96259],[4.81778,47.96386],[4.83838,47.96049],[4.85008,47.95784],[4.85612,47.95328],[4.86512,47.94169],[4.86609,47.94051],[4.85502,47.93258],[4.84701,47.92458],[4.83101,47.91713],[4.82894,47.91512],[4.82942,47.91243],[4.83403,47.90678],[4.85679,47.89563],[4.86923,47.91773],[4.87099,47.91848],[4.87598,47.92029],[4.89023,47.92231],[4.90393,47.91867],[4.90597,47.91647],[4.90586,47.91431],[4.91398,47.90367],[4.91942,47.89441],[4.92375,47.89219],[4.92825,47.88368],[4.92825,47.87283],[4.92745,47.87155],[4.93962,47.86727],[4.9541,47.86677],[4.96302,47.84848],[4.96343,47.83864],[4.96835,47.83194],[4.97325,47.8312],[4.98457,47.82896],[4.9843,47.82434],[4.98496,47.82525],[4.99413,47.81975],[4.99155,47.81461],[4.98962,47.80559],[4.98816,47.80386],[4.9824,47.80092],[4.96451,47.79526],[4.95525,47.7896],[4.94308,47.78571],[4.93707,47.78292],[4.92434,47.77997],[4.91796,47.77709],[4.92208,47.77136],[4.91881,47.76718],[4.91692,47.76685],[4.93074,47.76133],[4.93996,47.76221],[4.95675,47.76251],[4.95899,47.76187],[4.96009,47.75368],[4.96614,47.74056],[4.95736,47.73298],[4.96049,47.73282],[4.96476,47.73546],[4.96878,47.73533],[4.97154,47.73108],[4.9707,47.72764],[4.95691,47.70905],[4.95381,47.70691],[4.95405,47.70191],[4.95961,47.69712],[4.97242,47.69115],[4.9723,47.68994],[4.96857,47.68732],[4.96956,47.68586],[4.97642,47.68715],[4.99134,47.68834],[4.99745,47.69054],[5.0036,47.69355],[5.00235,47.69635],[5.00408,47.70035],[5.00477,47.70125],[5.01706,47.706],[5.02627,47.70949],[5.02916,47.70992],[5.03276,47.70408],[5.0289,47.69697],[5.02878,47.69328],[5.03472,47.6922],[5.0465,47.69384],[5.05572,47.69743],[5.05948,47.69583],[5.05736,47.69055],[5.04777,47.67885],[5.04694,47.67506],[5.05789,47.66831],[5.06183,47.66727],[5.07263,47.66477],[5.07927,47.66834],[5.07864,47.6626],[5.08148,47.66008],[5.09377,47.65792],[5.10274,47.65465],[5.10887,47.64969],[5.11189,47.65002],[5.1166,47.65189],[5.11744,47.64944],[5.1286,47.64872],[5.13755,47.65268],[5.15503,47.66689],[5.16046,47.67814],[5.16158,47.68043],[5.17844,47.68098],[5.17932,47.67931],[5.17369,47.66131],[5.1732,47.65337],[5.17463,47.65148],[5.1804,47.64997],[5.18839,47.64961],[5.18858,47.64956],[5.19654,47.64522],[5.21232,47.64142],[5.23392,47.62369],[5.23742,47.61834],[5.23694,47.61677],[5.23923,47.61613],[5.24287,47.6182],[5.25054,47.62215],[5.25565,47.62305],[5.25872,47.62217],[5.23811,47.5965],[5.24852,47.58881],[5.25292,47.57695],[5.25623,47.57655],[5.26622,47.58053],[5.27789,47.58157],[5.27841,47.58441],[5.28698,47.59561],[5.29713,47.60113],[5.30365,47.60645],[5.30629,47.60726],[5.30868,47.60717],[5.31846,47.61002],[5.32246,47.61241],[5.3377,47.60953],[5.34538,47.60412],[5.34194,47.5975],[5.35477,47.59136],[5.35572,47.5917],[5.35656,47.59365],[5.36263,47.59867],[5.36764,47.60203],[5.37384,47.60448],[5.37233,47.61442],[5.37312,47.61963],[5.38388,47.63273],[5.3888,47.63738],[5.39642,47.64234],[5.39959,47.64302],[5.40331,47.64513],[5.40574,47.64687],[5.40561,47.64813],[5.39884,47.65308],[5.40269,47.65668],[5.40651,47.67354],[5.40751,47.67309],[5.41325,47.67515],[5.42156,47.67468],[5.43039,47.67337],[5.43521,47.67104],[5.44406,47.6707],[5.46265,47.67323],[5.46794,47.67457],[5.47257,47.67672],[5.47577,47.68123],[5.48277,47.68464],[5.50705,47.6766],[5.50934,47.67529],[5.51534,47.67391],[5.52004,47.67366],[5.52226,47.67355],[5.52985,47.67299],[5.5376,47.67977],[5.54791,47.69016],[5.56678,47.70495],[5.56737,47.7072],[5.57049,47.70669],[5.58278,47.70248],[5.58422,47.70045],[5.58502,47.69054],[5.59682,47.67202],[5.60609,47.67521],[5.60989,47.67349],[5.6163,47.67346],[5.63134,47.67725],[5.64611,47.67607],[5.65318,47.67718],[5.65929,47.68282],[5.65966,47.68473],[5.66738,47.68552],[5.67656,47.68356],[5.68572,47.68311],[5.69368,47.69052],[5.69495,47.69436],[5.69271,47.70551],[5.68884,47.70945],[5.6842,47.71228],[5.68506,47.72283],[5.69591,47.72524],[5.68863,47.73053],[5.68965,47.73438],[5.69316,47.73764],[5.7064,47.74245],[5.70944,47.74513],[5.70624,47.75118],[5.70765,47.76172],[5.70897,47.76413],[5.70753,47.76755],[5.70511,47.76915],[5.69656,47.77051],[5.68892,47.76893],[5.68001,47.77009],[5.68213,47.77553],[5.67956,47.77822],[5.67638,47.77914],[5.68144,47.80115],[5.68145,47.80829],[5.68542,47.81284],[5.69153,47.82095],[5.69463,47.8225],[5.70022,47.82389],[5.71362,47.82145],[5.72311,47.82028],[5.72792,47.81842],[5.73143,47.81763],[5.74088,47.81934],[5.74263,47.82013],[5.74393,47.82315],[5.74609,47.82356],[5.74593,47.83753],[5.74353,47.84253],[5.7442,47.84885],[5.74945,47.85244],[5.75342,47.85178],[5.7612,47.85934],[5.78784,47.85525],[5.79888,47.85571],[5.79843,47.85297],[5.8056,47.84735],[5.82843,47.85193],[5.82507,47.85666],[5.82467,47.85939],[5.82178,47.86697],[5.82448,47.87272],[5.82972,47.87918],[5.83668,47.88528],[5.8451,47.89709],[5.84578,47.89932],[5.84811,47.9012],[5.848,47.90351],[5.84938,47.90517],[5.85161,47.90603],[5.86997,47.9007],[5.88431,47.90097],[5.88674,47.90282],[5.89065,47.91012],[5.88475,47.92618],[5.89051,47.92749],[5.89634,47.93044],[5.89626,47.93429],[5.89294,47.93669],[5.89521,47.94054],[5.9006,47.94457],[5.90781,47.94643],[5.91802,47.94744],[5.91956,47.96346],[5.92133,47.97102],[5.92739,47.97439],[5.93689,47.979],[5.94753,47.97971],[5.94977,47.97426],[5.95883,47.9705],[5.96013,47.96802],[5.9597,47.96655],[5.95991,47.966],[5.94704,47.95647],[5.93778,47.95092],[5.93007,47.93917],[5.9325,47.93755],[5.9475,47.93622],[5.95372,47.93703],[5.96002,47.94201],[5.96033,47.94353],[5.96244,47.945],[5.96902,47.94751],[5.97077,47.95416],[5.97053,47.9572],[5.97565,47.95796],[5.99532,47.95746],[6.00227,47.95609],[6.00897,47.96088],[6.01359,47.97146],[6.02491,47.98182],[6.02495,47.99183],[6.03239,47.99907],[6.04113,48.00447],[6.05571,48.00882],[6.0732,48.01594],[6.08089,48.01295],[6.08555,48.01345],[6.09774,48.01504],[6.10939,48.01262],[6.1137,48.01773],[6.11654,48.01939],[6.12158,48.02012],[6.13131,48.02414],[6.13463,48.02004],[6.13785,48.01775],[6.14889,48.01348],[6.15619,48.00676],[6.1528,47.99613],[6.15227,47.99454],[6.15737,47.98418],[6.1613,47.97932],[6.16522,47.97699],[6.16454,47.97311],[6.16266,47.97271],[6.15518,47.9721],[6.15016,47.97014],[6.14977,47.96559],[6.1554,47.96451],[6.15559,47.96548],[6.15865,47.96634],[6.1608,47.96475],[6.16125,47.95829],[6.16995,47.9553],[6.19331,47.95319],[6.19737,47.95179],[6.20805,47.94254],[6.20871,47.93965],[6.20574,47.93516],[6.20523,47.93202],[6.21434,47.93042],[6.22136,47.93315],[6.22885,47.93432],[6.23798,47.93284],[6.2509,47.93923],[6.26296,47.94614],[6.27733,47.95381],[6.28908,47.95584],[6.29437,47.95575],[6.30843,47.95021],[6.3164,47.94958],[6.32503,47.94998],[6.33625,47.95555],[6.34682,47.95549],[6.365,47.96257],[6.37702,47.95928],[6.38792,47.95817],[6.40193,47.95428],[6.40834,47.94329],[6.42933,47.94334],[6.43159,47.94385],[6.4348,47.94292],[6.44916,47.92173],[6.45186,47.92024],[6.45554,47.92024],[6.46196,47.91758],[6.46174,47.91386],[6.45748,47.90568],[6.46229,47.89943],[6.47021,47.89455],[6.47826,47.88544],[6.50321,47.89622],[6.53873,47.90251],[6.54202,47.90253],[6.544,47.90309],[6.55818,47.92302],[6.55833,47.92322],[6.56254,47.93056],[6.56828,47.9345],[6.60125,47.94448],[6.6041,47.94481],[6.60737,47.94379],[6.60835,47.94135],[6.61304,47.93594],[6.62473,47.93021],[6.63463,47.92055],[6.63928,47.91029],[6.64514,47.90413],[6.65964,47.89804],[6.66811,47.89346],[6.68683,47.88826],[6.69175,47.8859],[6.70368,47.88142],[6.7104,47.87593],[6.72502,47.87016],[6.73536,47.86505],[6.73718,47.86495],[6.73706,47.86318],[6.73835,47.86133],[6.75604,47.85918],[6.76405,47.85491],[6.78262,47.85128],[6.78496,47.84956],[6.78802,47.84549],[6.79222,47.84222],[6.79255,47.8405],[6.79038,47.83621],[6.78878,47.83498],[6.78871,47.83384],[6.79214,47.8305],[6.82361,47.81328],[6.82384,47.81426],[6.82719,47.81571],[6.8394,47.82467],[6.84235,47.82509],[6.84588,47.82289],[6.84158,47.8182],[6.84297,47.81282],[6.86234,47.7859],[6.86538,47.78489],[6.86634,47.78369],[6.872,47.78177],[6.8919,47.77875],[6.893,47.77757],[6.9023,47.77663],[6.90766,47.77769],[6.91121,47.77808],[6.91362,47.77738],[6.92229,47.7724],[6.92275,47.77188],[6.92545,47.76956],[6.93166,47.7697],[6.94255,47.76864],[6.951,47.76331],[6.97101,47.7531],[6.9953,47.74619],[6.99901,47.74595],[7.01289,47.74145],[7.01583,47.7438],[7.02097,47.7346],[7.02237,47.73283],[7.02968,47.72865],[7.03249,47.72611],[7.03277,47.72627],[7.03516,47.72462],[7.03778,47.72162],[7.03587,47.72136],[7.03615,47.71894],[7.02755,47.70532],[7.02756,47.70357],[7.03823,47.69262],[7.03636,47.69216],[7.03858,47.68783],[7.03745,47.67537],[7.03817,47.6739],[7.04137,47.67237],[7.04268,47.67204],[7.04105,47.66862],[7.03481,47.66144],[7.0393,47.65051],[7.02545,47.64964],[7.01895,47.65092],[7.01661,47.64538],[7.01888,47.64123],[7.01054,47.63031],[7.00593,47.62892],[7.0066,47.62642],[7.00693,47.62495],[7.00501,47.6196],[7.00733,47.61075],[7.01032,47.60474],[7.00565,47.6021],[7.0091,47.59954],[7.01298,47.59925],[7.01955,47.59593],[7.02156,47.59368],[7.01965,47.58864],[7.02482,47.5892],[7.02549,47.59274],[7.03429,47.59456],[7.03915,47.60035],[7.06234,47.60063],[7.06987,47.59835],[7.07016,47.59633],[7.07358,47.59767],[7.07406,47.59892],[7.07424,47.59891],[7.07819,47.59691],[7.08529,47.59317],[7.0851,47.58612],[7.08646,47.58555],[7.08893,47.58377],[7.09302,47.57736],[7.09414,47.5735],[7.0995,47.57284],[7.10542,47.56829],[7.10827,47.56388],[7.10788,47.55865],[7.10727,47.5561],[7.10824,47.55214],[7.10571,47.5516],[7.1189,47.54759],[7.12235,47.54443],[7.12743,47.5428],[7.13157,47.54028],[7.13299,47.53952],[7.13519,47.53759],[7.13617,47.53273],[7.1381,47.53065],[7.13835,47.52772],[7.14199,47.52516],[7.14336,47.52459],[7.13944,47.51935],[7.13738,47.50935],[7.13424,47.50496],[7.13026,47.50295],[7.14754,47.4983],[7.15358,47.49504],[7.15933,47.49072],[7.16228,47.49],[7.1674,47.48939],[7.1731,47.48976],[7.20097,47.49428],[7.20299,47.4914],[7.19089,47.48793],[7.17813,47.46686],[7.17724,47.45945],[7.17815,47.45809],[7.17397,47.44947],[7.17561,47.44296],[7.18755,47.4401],[7.19686,47.43545],[7.20574,47.43556],[7.20669,47.43485],[7.22558,47.44002],[7.22903,47.43989],[7.23345,47.43862],[7.23562,47.43704],[7.23888,47.43329],[7.23851,47.4322],[7.24454,47.42668],[7.24624,47.42108],[7.27277,47.42876],[7.28696,47.43516],[7.2978,47.43581],[7.31426,47.43842],[7.32345,47.43867],[7.32492,47.43936],[7.3283,47.44095],[7.3387,47.44121],[7.34445,47.43713],[7.35347,47.43433],[7.38845,47.43306],[7.40043,47.4355],[7.40305,47.43549],[7.42056,47.44557],[7.42446,47.44992],[7.43003,47.4595],[7.43263,47.45925],[7.44577,47.46198],[7.45583,47.47071],[7.45635,47.47275],[7.44441,47.47787],[7.43078,47.48205],[7.42761,47.48209],[7.42082,47.48037],[7.42976,47.49358],[7.43499,47.49811],[7.45083,47.49032],[7.45509,47.48949],[7.46996,47.48138],[7.4779,47.48024],[7.48728,47.48202],[7.48965,47.48322],[7.49773,47.49087],[7.50841,47.49645],[7.50995,47.50491],[7.50935,47.50889],[7.50792,47.51082],[7.50589,47.51135],[7.49909,47.51628],[7.49788,47.52125],[7.50491,47.5185],[7.5113,47.51703],[7.51772,47.51669],[7.5237,47.51759],[7.53123,47.52816],[7.52976,47.53068],[7.52798,47.53177],[7.52115,47.53387],[7.51349,47.53093],[7.50592,47.53201],[7.49909,47.53543],[7.49804,47.53616],[7.50004,47.54015],[7.50418,47.54313],[7.50745,47.54505],[7.51098,47.54451],[7.51676,47.54541],[7.52732,47.55278],[7.55184,47.56326],[7.55466,47.56437],[7.55826,47.56725],[7.55933,47.56939],[7.55646,47.57139],[7.5569,47.57247],[7.56228,47.57482],[7.56544,47.57622],[7.56649,47.57767],[7.5676,47.57756],[7.57525,47.57614],[7.58474,47.58086],[7.58723,47.58695],[7.58905,47.5899],[7.59309,47.5986],[7.59258,47.60244],[7.58951,47.60688],[7.58632,47.60925],[7.57781,47.61328],[7.57355,47.61717],[7.56949,47.62813],[7.56697,47.63199],[7.56139,47.63687],[7.5375,47.64948],[7.52388,47.66065],[7.52099,47.66462],[7.51926,47.66932],[7.51919,47.68414],[7.51188,47.69646],[7.51227,47.69997],[7.51446,47.70278],[7.53557,47.71491],[7.54035,47.71845],[7.54407,47.72278],[7.54714,47.7285],[7.54854,47.73426],[7.54802,47.73975],[7.53987,47.75468],[7.53309,47.76683],[7.53003,47.77526],[7.53031,47.78318],[7.53236,47.7885],[7.54071,47.80288],[7.54574,47.81254],[7.55047,47.82422],[7.55891,47.83463],[7.56202,47.83989],[7.56359,47.84592],[7.56327,47.85211],[7.55679,47.86433],[7.55562,47.87108],[7.55648,47.87744],[7.55954,47.88236],[7.5639,47.88573],[7.57515,47.89093],[7.57898,47.89416],[7.5817,47.89803],[7.58308,47.90431],[7.5806,47.92075],[7.58256,47.92991],[7.58738,47.93652],[7.60295,47.94876],[7.61308,47.95819],[7.61982,47.96712],[7.62189,47.97277],[7.62153,47.97751],[7.6177,47.98748],[7.60872,48.00039],[7.57857,48.02504],[7.57127,48.03095],[7.56879,48.03547],[7.56914,48.03876],[7.57334,48.04922],[7.57343,48.05965],[7.56923,48.08029],[7.57039,48.08592],[7.57355,48.09108],[7.57871,48.09899],[7.57957,48.10707],[7.57705,48.11681],[7.57742,48.12035],[7.58186,48.12576],[7.59274,48.13036],[7.5981,48.13476],[7.60054,48.14051],[7.59894,48.15148],[7.59949,48.15521],[7.60241,48.15975],[7.61148,48.16757],[7.62819,48.18228],[7.63696,48.19557],[7.64164,48.20364],[7.6462,48.20902],[7.66127,48.21686],[7.66567,48.22045],[7.6798,48.2542],[7.68106,48.25766],[7.68842,48.27768],[7.68947,48.29346],[7.69316,48.30114],[7.69952,48.3067],[7.70595,48.31017],[7.73159,48.31711],[7.73866,48.32064],[7.74347,48.32538],[7.74538,48.32979],[7.74561,48.33329],[7.7436,48.33996],[7.73601,48.36246],[7.7312,48.38086],[7.73138,48.38927],[7.73345,48.39837],[7.73709,48.40636],[7.75334,48.43399],[7.76276,48.45036],[7.7667,48.46416],[7.76713,48.48681],[7.76823,48.48963],[7.7708,48.49195],[7.79483,48.50172],[7.80004,48.50608],[7.8042,48.51168],[7.80677,48.52149],[7.80357,48.53705],[7.80576,48.55017],[7.80577,48.55656],[7.80434,48.56628],[7.80107,48.57561],[7.80026,48.58257],[7.80223,48.58889],[7.80532,48.59318],[7.82031,48.60869],[7.83028,48.61981],[7.83604,48.63337],[7.83942,48.641],[7.8443,48.64519],[7.86251,48.65088],[7.88325,48.65917],[7.88951,48.66226],[7.8959,48.66695],[7.92493,48.69043],[7.96367,48.72192],[7.96661,48.72579],[7.96774,48.7301],[7.96691,48.74416],[7.96918,48.75442],[7.97317,48.75865],[7.9771,48.76007],[7.98333,48.76102],[8.00403,48.75882],[8.0115,48.75998],[8.01707,48.7625],[8.02295,48.76857],[8.02612,48.78293],[8.02792,48.78553],[8.03105,48.78763],[8.03614,48.78967],[8.04321,48.79081],[8.04888,48.79059],[8.05812,48.78895],[8.0654,48.78982],[8.07384,48.7931],[8.08705,48.80199],[8.10225,48.81681],[8.10547,48.82251],[8.10686,48.82844],[8.10943,48.83947],[8.12153,48.86492],[8.12984,48.87967],[8.14153,48.8961],[8.15507,48.91152],[8.16881,48.92451],[8.17936,48.93454],[8.18726,48.94502],[8.19165,48.95174],[8.19823,48.95784],[8.20417,48.95998],[8.2298,48.96557],[8.2325,48.96642],[8.23176,48.96742],[8.22658,48.97403],[8.22293,48.97588],[8.21515,48.9751],[8.19946,48.96689],[8.19532,48.96906],[8.1966,48.9734],[8.19583,48.97526],[8.19201,48.97696],[8.17404,48.97885],[8.16248,48.97759],[8.14881,48.97737],[8.1327,48.98117],[8.13159,48.9831],[8.12412,48.98497],[8.09688,48.98915],[8.09132,48.9893],[8.06825,48.99942],[8.06022,49.00651],[8.0466,49.01435],[8.0342,49.01742],[8.02397,49.01817],[8.01553,49.02037],[8.01272,49.0219],[8.01277,49.02265],[7.99674,49.02838],[7.99047,49.02863],[7.98635,49.02723],[7.97454,49.02919],[7.96689,49.03624],[7.96734,49.03817],[7.96681,49.04165],[7.96488,49.04299],[7.9536,49.04609],[7.94447,49.05539],[7.93153,49.05797],[7.92869,49.05167],[7.9185,49.04153],[7.9144,49.04065],[7.90271,49.04502],[7.89195,49.04782],[7.88732,49.04803],[7.88127,49.04526],[7.8675,49.03308],[7.85505,49.03553],[7.83743,49.04659],[7.82947,49.0492],[7.81856,49.0543],[7.81208,49.05903],[7.80208,49.06351],[7.79333,49.06389],[7.77872,49.05758],[7.77633,49.05647],[7.7725,49.05242],[7.76949,49.04776],[7.76668,49.0466],[7.75724,49.04532],[7.7323,49.04418],[7.73163,49.04904],[7.7156,49.05461],[7.69733,49.05192],[7.69763,49.04979],[7.67671,49.04539],[7.6354,49.05405],[7.63336,49.05461],[7.63111,49.07265],[7.62965,49.07365],[7.62037,49.07419],[7.60108,49.08325],[7.5691,49.07968],[7.5636,49.08023],[7.55894,49.08224],[7.55008,49.08578],[7.54267,49.08977],[7.53297,49.09689],[7.5235,49.10591],[7.5216,49.11108],[7.51187,49.12256],[7.49639,49.13558],[7.48945,49.13649],[7.49004,49.14226],[7.49778,49.14614],[7.50253,49.14957],[7.50192,49.1533],[7.49603,49.15522],[7.4933,49.16076],[7.49262,49.16464],[7.49411,49.1696],[7.48214,49.16975],[7.47213,49.16853],[7.46744,49.16742],[7.46408,49.16412],[7.45981,49.16284],[7.4579,49.16313],[7.45681,49.1645],[7.45488,49.16653],[7.44864,49.16865],[7.4439,49.16736],[7.44164,49.17228],[7.44584,49.18429],[7.38182,49.17521],[7.36526,49.172],[7.36246,49.1483],[7.36299,49.14523],[7.33002,49.14498],[7.31745,49.13958],[7.31364,49.13716],[7.30438,49.12419],[7.29865,49.11725],[7.2933,49.11506],[7.28019,49.12118],[7.2658,49.12272],[7.2491,49.12727],[7.24578,49.12907],[7.22041,49.12519],[7.20417,49.12131],[7.2002,49.11569],[7.19833,49.11519],[7.19082,49.12577],[7.17513,49.12994],[7.16031,49.12164],[7.15929,49.12041],[7.13657,49.12911],[7.13144,49.13182],[7.13071,49.13536],[7.12636,49.14211],[7.12142,49.14188],[7.1163,49.14007],[7.10415,49.13851],[7.10288,49.14159],[7.10399,49.14567],[7.11245,49.15049],[7.11324,49.15244],[7.10611,49.15545],[7.10147,49.15598],[7.08207,49.15115],[7.08035,49.149],[7.08076,49.14725],[7.08323,49.14162],[7.09007,49.13228],[7.08944,49.13027],[7.07251,49.12457],[7.06863,49.12027],[7.0685,49.11657],[7.06614,49.1143],[7.05718,49.11204],[7.05255,49.11281],[7.04979,49.11419],[7.04486,49.11891],[7.04421,49.12177],[7.04558,49.12872],[7.0469,49.13516],[7.04615,49.13843],[7.03187,49.15886],[7.02842,49.16829],[7.0302,49.17731],[7.03386,49.18237],[7.03391,49.18927],[7.02161,49.19321],[7.01561,49.19113],[7.01354,49.18859],[7.01094,49.18793],[7.00511,49.19409],[6.999,49.19442],[6.99719,49.1973],[6.99253,49.20082],[6.97516,49.2094],[6.97152,49.20907],[6.95965,49.20309],[6.95369,49.20608],[6.94384,49.21427],[6.93992,49.2167],[6.93409,49.22234],[6.92785,49.22225],[6.91889,49.22001],[6.90041,49.21351],[6.89465,49.21012],[6.8929,49.20877],[6.88489,49.21118],[6.87256,49.21483],[6.86338,49.21884],[6.85541,49.22117],[6.84039,49.21424],[6.84056,49.20941],[6.84502,49.20581],[6.85054,49.19311],[6.85275,49.19224],[6.85475,49.18966],[6.85868,49.18581],[6.86155,49.18108],[6.86187,49.17907],[6.86103,49.1788],[6.85892,49.17534],[6.84427,49.17305],[6.84499,49.16225],[6.8474,49.15718],[6.84393,49.15575],[6.83417,49.15126],[6.82455,49.15414],[6.82109,49.15611],[6.81696,49.15762],[6.8137,49.15763],[6.80901,49.15821],[6.78407,49.16795],[6.78008,49.16841],[6.77324,49.16724],[6.7615,49.1647],[6.75077,49.16665],[6.74829,49.16613],[6.73863,49.16364],[6.72949,49.16929],[6.72659,49.17258],[6.72054,49.17535],[6.71973,49.17649],[6.71131,49.18838],[6.72015,49.19604],[6.7316,49.20592],[6.72332,49.21891],[6.7197,49.2213],[6.7143,49.21944],[6.70704,49.21677],[6.69719,49.21514],[6.68938,49.22726],[6.68524,49.24121],[6.68565,49.24369],[6.69055,49.24757],[6.68948,49.24962],[6.67617,49.25641],[6.6645,49.25456],[6.66234,49.25727],[6.66037,49.26112],[6.66783,49.27128],[6.66847,49.2805],[6.6608,49.28291],[6.6535,49.28118],[6.65242,49.28351],[6.64783,49.28819],[6.64226,49.29239],[6.63484,49.29547],[6.63191,49.29578],[6.63214,49.29734],[6.62615,49.30126],[6.61427,49.30361],[6.6094,49.30666],[6.60014,49.31527],[6.58904,49.32212],[6.59568,49.33005],[6.59518,49.33073],[6.58949,49.33536],[6.58591,49.33707],[6.57846,49.33483],[6.57139,49.34317],[6.56745,49.34579],[6.56513,49.34943],[6.56361,49.35587],[6.56947,49.35783],[6.57418,49.35873],[6.58173,49.3564],[6.5841,49.35424],[6.5901,49.35482],[6.59755,49.3608],[6.60232,49.36708],[6.59457,49.3715],[6.58347,49.36931],[6.586,49.38061],[6.58733,49.38267],[6.57683,49.38968],[6.56319,49.38841],[6.55196,49.39473],[6.55049,49.39988],[6.54441,49.40191],[6.5407,49.4011],[6.53717,49.40879],[6.5382,49.41121],[6.54523,49.41614],[6.55429,49.41997],[6.54766,49.42763],[6.53526,49.43418],[6.53436,49.43561],[6.52495,49.4355],[6.49973,49.4502],[6.48695,49.45146],[6.48479,49.45237],[6.46997,49.46329],[6.45984,49.46418],[6.44745,49.46655],[6.44331,49.46826],[6.44052,49.46672],[6.43347,49.47181],[6.43092,49.47523],[6.42769,49.47661],[6.42254,49.47593],[6.4085,49.46793],[6.40335,49.46596],[6.40247,49.46654],[6.3934,49.46417],[6.38021,49.46496],[6.37165,49.46864],[6.36773,49.46942],[6.36885,49.45987],[6.36445,49.45951],[6.35604,49.46462],[6.34874,49.46617],[6.34725,49.46588],[6.34137,49.46867],[6.33796,49.46845],[6.33403,49.46694],[6.3248,49.47434],[6.31296,49.4804],[6.30802,49.47893],[6.30229,49.47872],[6.29622,49.48019],[6.29529,49.48197],[6.29915,49.48831],[6.28086,49.49407],[6.27958,49.4946],[6.27956,49.50336],[6.26937,49.50419],[6.23875,49.51204],[6.23616,49.50815],[6.2284,49.50998],[6.22,49.50877],[6.21703,49.50786],[6.21723,49.5069],[6.19576,49.50536],[6.18084,49.50801],[6.18025,49.50729],[6.16795,49.50652],[6.15606,49.50354],[6.15389,49.50163],[6.15708,49.49706],[6.1447,49.48789],[6.14267,49.48721],[6.13473,49.49161],[6.12804,49.49392],[6.12675,49.49002],[6.12674,49.48111],[6.12345,49.47347],[6.11449,49.47067],[6.11108,49.47255],[6.10483,49.47134],[6.1013,49.46934],[6.09971,49.46708],[6.09809,49.46348],[6.10102,49.45787],[6.10077,49.45289],[6.09184,49.45381],[6.08623,49.45536],[6.08048,49.45961],[6.0797,49.46155],[6.07335,49.46457],[6.05764,49.46594],[6.05309,49.4639],[6.04177,49.44786],[6.02664,49.45298],[6.00123,49.4565],[5.99793,49.4565],[5.98189,49.45111],[5.97909,49.45268],[5.97453,49.4647],[5.97379,49.47649],[5.97148,49.48571],[5.96576,49.49209],[5.95697,49.49356],[5.95566,49.49322],[5.94757,49.49554],[5.94315,49.50023],[5.94012,49.50096],[5.93056,49.50064],[5.92754,49.49838],[5.91323,49.50197],[5.90786,49.50198],[5.90727,49.50009],[5.90202,49.49792],[5.89628,49.49656],[5.89344,49.49681],[5.87365,49.49846],[5.86422,49.50088],[5.85431,49.50682],[5.84897,49.51138],[5.83602,49.52006],[5.84351,49.53287],[5.83708,49.54258],[5.8222,49.53806],[5.81716,49.53722],[5.81056,49.54348],[5.81857,49.54638],[5.81015,49.54942],[5.80474,49.54978],[5.78989,49.55377],[5.78523,49.55739],[5.77445,49.5632],[5.77125,49.56331],[5.75897,49.56022],[5.75623,49.55707],[5.75611,49.55376],[5.75772,49.54863],[5.75771,49.54297],[5.75676,49.54257],[5.73635,49.54229],[5.71866,49.53966],[5.70735,49.53886],[5.70148,49.53964],[5.69479,49.54383],[5.67944,49.54884],[5.67316,49.54901],[5.66928,49.54826],[5.66867,49.54899],[5.65851,49.55182],[5.64285,49.54988],[5.63534,49.54422],[5.63295,49.5395],[5.62854,49.53849],[5.62205,49.53444],[5.61564,49.52721],[5.61941,49.52467],[5.62149,49.51964],[5.61753,49.51431],[5.61106,49.50598],[5.60734,49.50722],[5.60356,49.50913],[5.6021,49.51537],[5.6003,49.51724],[5.59129,49.52294],[5.58096,49.52423],[5.55659,49.52925],[5.54919,49.5264],[5.53364,49.51332],[5.53132,49.51269],[5.51731,49.50917],[5.49953,49.50653],[5.49635,49.5069],[5.48036,49.5043],[5.47051,49.49732],[5.46524,49.50668],[5.4475,49.51794],[5.46478,49.52577],[5.4663,49.52896],[5.46596,49.53405],[5.46086,49.54104],[5.4491,49.54818],[5.44284,49.5503],[5.44139,49.55228],[5.44777,49.55473],[5.45137,49.55988],[5.45245,49.56476],[5.43543,49.57611],[5.42938,49.58786],[5.42886,49.59024],[5.43106,49.59245],[5.42721,49.59705],[5.39747,49.61597],[5.39425,49.61679],[5.39053,49.61835],[5.37121,49.6229],[5.35943,49.62692],[5.35024,49.62749],[5.34316,49.62546],[5.33042,49.61677],[5.32588,49.61614],[5.32233,49.61395],[5.32025,49.61485],[5.31877,49.6145],[5.315,49.6114],[5.31351,49.61078],[5.31209,49.61165],[5.30504,49.63007],[5.30884,49.63558],[5.32031,49.64701],[5.33269,49.65274],[5.32977,49.65695],[5.31972,49.66397],[5.31204,49.66926],[5.28793,49.68177],[5.28432,49.68393],[5.28392,49.68574],[5.28225,49.68587],[5.28131,49.68594],[5.28141,49.68904],[5.26851,49.69657],[5.25837,49.69441],[5.24106,49.68819],[5.23314,49.68864],[5.21963,49.69148],[5.19978,49.69237],[5.1972,49.69221],[5.18995,49.69452],[5.16648,49.69299],[5.16438,49.69339],[5.16373,49.70016],[5.16643,49.70721],[5.16599,49.71165],[5.16119,49.71524],[5.15491,49.71833],[5.1511,49.71658],[5.14366,49.70913],[5.12444,49.71743],[5.12305,49.71723],[5.12505,49.72698],[5.11914,49.7376],[5.1081,49.74961],[5.09682,49.76016],[5.08629,49.76413],[5.0852,49.76322],[5.071,49.76136],[5.06691,49.76194],[5.0581,49.76738],[5.04681,49.77023],[5.03811,49.77176],[5.01442,49.77994],[5.00738,49.78305],[5.00174,49.79232],[4.9982,49.7984],[4.9929,49.80061],[4.9787,49.80082],[4.95882,49.79954],[4.95072,49.79613],[4.94289,49.79049],[4.94207,49.79267],[4.9389,49.7931],[4.93193,49.78986],[4.93094,49.78702],[4.91431,49.7871],[4.89656,49.78877],[4.88942,49.78884],[4.88784,49.78823],[4.88661,49.78883],[4.87111,49.78952],[4.86196,49.78908],[4.85487,49.79221],[4.86015,49.79958],[4.8651,49.80976],[4.87158,49.81569],[4.87294,49.82106],[4.86717,49.84206],[4.8555,49.8482],[4.85202,49.85716],[4.85118,49.86281],[4.8615,49.87098],[4.86996,49.88428],[4.87751,49.89362],[4.88807,49.91066],[4.88169,49.92206],[4.8663,49.92919],[4.85909,49.93149],[4.85502,49.93677],[4.84991,49.94639],[4.84716,49.94884],[4.83994,49.95075],[4.8351,49.95003],[4.8139,49.95419],[4.79115,49.95804],[4.79049,49.96543],[4.79252,49.97239],[4.79547,49.97753],[4.80738,49.98407],[4.81201,49.98854],[4.81715,49.99722],[4.81803,50.01592],[4.82275,50.02749],[4.82894,50.03188],[4.83939,50.03648],[4.84172,50.03855],[4.84077,50.04646],[4.8382,50.04728],[4.81967,50.06062],[4.81966,50.06606],[4.83813,50.06724],[4.84248,50.07733],[4.84075,50.08304],[4.84489,50.09622],[4.84933,50.10065],[4.84979,50.10121],[4.85265,50.10128],[4.85848,50.10013],[4.86169,50.0976],[4.87052,50.1021],[4.87364,50.10755],[4.87059,50.11383],[4.86722,50.11815],[4.86815,50.1206],[4.87088,50.12412],[4.87378,50.12603],[4.87848,50.12723],[4.89356,50.13471],[4.89588,50.13651],[4.89637,50.13849],[4.89517,50.13991],[4.87957,50.14907],[4.8725,50.15128],[4.86389,50.15285],[4.85353,50.15243],[4.83782,50.15355],[4.83032,50.15693],[4.82298,50.16812],[4.80652,50.15268],[4.77957,50.14145],[4.77263,50.14008],[4.76217,50.13641],[4.76283,50.13446],[4.75615,50.12163],[4.74805,50.12234],[4.75331,50.1165],[4.75167,50.1119],[4.71959,50.10179],[4.71332,50.09693],[4.69966,50.09213],[4.68136,50.0655],[4.68542,50.06087],[4.6951,50.0587],[4.69684,50.05913],[4.69868,50.05406],[4.69613,50.04471],[4.69115,50.03437],[4.68611,50.0256],[4.68623,50.0135],[4.68893,50.01129],[4.68511,50.00807],[4.68496,50.00667],[4.68767,50.00056],[4.69425,49.99624],[4.69327,49.99544],[4.68955,49.99553],[4.67371,49.99683],[4.66508,49.99552],[4.64215,49.98983],[4.62518,49.98654],[4.6028,49.98567],[4.59718,49.98622],[4.57633,49.98107],[4.57349,49.97993],[4.57367,49.97656],[4.57017,49.97401],[4.56464,49.97039],[4.5521,49.9685],[4.54062,49.96792],[4.52816,49.95735],[4.51496,49.94999],[4.51155,49.94683],[4.49663,49.94843],[4.48116,49.94815],[4.44549,49.93718],[4.44112,49.94108],[4.4196,49.94636],[4.4057,49.94892],[4.39907,49.94839],[4.36301,49.95266],[4.34983,49.95254],[4.34545,49.95666],[4.33574,49.96336],[4.31624,49.96564],[4.29972,49.96556],[4.29126,49.9642],[4.26759,49.9647],[4.24549,49.96184],[4.2352,49.95781],[4.23316,49.95775],[4.23213,49.95595],[4.23063,49.94865],[4.22137,49.93846],[4.21741,49.91582],[4.21812,49.91279],[4.22231,49.91038],[4.23339,49.90939],[4.23311,49.9046],[4.23472,49.90413],[4.24404,49.90267],[4.25584,49.90398],[4.25178,49.89163],[4.254,49.88708],[4.2536,49.88106],[4.25275,49.86963],[4.24987,49.86308],[4.24876,49.85675],[4.24445,49.85257],[4.23252,49.84802],[4.22966,49.8396],[4.22979,49.83602],[4.22675,49.83622],[4.22359,49.8341],[4.21959,49.81426],[4.21427,49.80611],[4.22175,49.80452],[4.21993,49.80005],[4.22685,49.79362],[4.22242,49.78723],[4.21001,49.78214],[4.20871,49.78147],[4.20956,49.77567],[4.2139,49.77111],[4.22093,49.77312],[4.22683,49.773],[4.23841,49.76788],[4.24487,49.75907],[4.24311,49.75553],[4.23121,49.74747],[4.22917,49.74632],[4.22679,49.74158],[4.22634,49.73872],[4.22589,49.73238],[4.22732,49.73098],[4.22939,49.7308],[4.22491,49.72765],[4.2152,49.72445],[4.20753,49.7239],[4.20468,49.72247],[4.20222,49.7206],[4.19124,49.71626],[4.19173,49.71442],[4.19385,49.71198],[4.18434,49.70367],[4.18449,49.70126],[4.18519,49.69888],[4.17865,49.69815],[4.16473,49.69426],[4.15108,49.69086],[4.14695,49.68068],[4.14318,49.67657],[4.13974,49.67847],[4.12703,49.67792],[4.1273,49.67575],[4.12207,49.65825],[4.12451,49.6496],[4.12017,49.64317],[4.11769,49.64128],[4.11672,49.64076],[4.11494,49.6348],[4.11575,49.63292],[4.1116,49.63435],[4.10221,49.63261],[4.10018,49.63016],[4.09324,49.62963],[4.08717,49.63076],[4.07941,49.63358],[4.06002,49.6359],[4.05155,49.63471],[4.04807,49.63679],[4.04825,49.63775],[4.04205,49.62975],[4.03527,49.6257],[4.02751,49.62267],[4.02522,49.62258],[4.0253,49.62033],[4.02708,49.61789],[4.03165,49.61405],[4.04723,49.5996],[4.05402,49.5952],[4.05921,49.59465],[4.0602,49.59633],[4.06605,49.5943],[4.05967,49.57823],[4.0614,49.57404],[4.06374,49.57144],[4.06665,49.57143],[4.0705,49.57284],[4.07679,49.5707],[4.0677,49.56347],[4.06212,49.5561],[4.05884,49.55328],[4.05268,49.55073],[4.05023,49.55099],[4.04871,49.54536],[4.06046,49.54441],[4.07477,49.54159],[4.07641,49.53726],[4.07719,49.52982],[4.07487,49.52199],[4.07584,49.51835],[4.05696,49.50952],[4.04073,49.50865],[4.04079,49.49561],[4.04156,49.48427],[4.04157,49.48077],[4.04159,49.47084],[4.04267,49.46813],[4.05415,49.45827],[4.06159,49.44988],[4.06293,49.44692],[4.06133,49.44696],[4.05953,49.44724],[4.04745,49.44392],[4.0402,49.4405],[4.03721,49.4382],[4.04373,49.42902],[4.04334,49.42506],[4.04235,49.41668],[4.04721,49.41763],[4.04852,49.41699],[4.05027,49.41226],[4.04823,49.40563],[4.04796,49.40419],[4.04404,49.40193],[4.03999,49.39743],[4.0371,49.38423],[4.03797,49.37965],[4.0358,49.35989],[4.01778,49.3604],[4.01769,49.35841],[4.01272,49.3583],[4.00961,49.36564],[3.99516,49.37785],[3.98669,49.379],[3.97254,49.37945],[3.96148,49.37734],[3.94838,49.38641],[3.93472,49.39841],[3.93197,49.40287],[3.92467,49.40782],[3.92456,49.40615],[3.91068,49.39562],[3.89568,49.39294],[3.89337,49.39861],[3.87929,49.40482],[3.86998,49.40681],[3.86245,49.40454],[3.85624,49.40131],[3.84687,49.4007],[3.82258,49.40254],[3.8235,49.40041],[3.82785,49.40052],[3.83747,49.39655],[3.83959,49.391],[3.84486,49.39164],[3.858,49.3845],[3.85966,49.3818],[3.85606,49.36834],[3.85351,49.36576],[3.84792,49.36435],[3.85694,49.35542],[3.8575,49.35215],[3.85552,49.34747],[3.85284,49.34497],[3.83292,49.35022],[3.82393,49.3574],[3.81645,49.3572],[3.80223,49.35891],[3.79324,49.35673],[3.77961,49.35195],[3.77773,49.35598],[3.76378,49.35162],[3.75767,49.34772],[3.75191,49.3488],[3.74647,49.34815],[3.74081,49.34761],[3.74217,49.33682],[3.73635,49.33587],[3.73168,49.33502],[3.71746,49.33503],[3.71253,49.3339],[3.7031,49.33294],[3.69913,49.33221],[3.69327,49.32876],[3.69187,49.32951],[3.68931,49.32712],[3.68748,49.32711],[3.66939,49.32511],[3.66527,49.32074],[3.6617,49.3188],[3.65408,49.31641],[3.6476,49.31595],[3.64382,49.30835],[3.64362,49.30303],[3.63822,49.30124],[3.6428,49.29604],[3.65595,49.29108],[3.65732,49.29102],[3.65763,49.2871],[3.659,49.28677],[3.65263,49.28284],[3.65161,49.27836],[3.66513,49.26943],[3.66179,49.26835],[3.65816,49.26596],[3.65532,49.26298],[3.65498,49.2604],[3.65674,49.25788],[3.66125,49.25659],[3.6638,49.25357],[3.66842,49.24106],[3.67078,49.2396],[3.67503,49.24008],[3.67826,49.23523],[3.66728,49.22493],[3.6649,49.22317],[3.65856,49.22202],[3.65231,49.22214],[3.65148,49.22148],[3.6554,49.21938],[3.65963,49.21067],[3.66254,49.20898],[3.66512,49.2107],[3.6746,49.20831],[3.68145,49.20511],[3.68781,49.20461],[3.69748,49.20664],[3.69717,49.20548],[3.70029,49.20134],[3.70465,49.20066],[3.70354,49.1955],[3.70194,49.19439],[3.69971,49.19577],[3.69677,49.19395],[3.69781,49.18923],[3.70386,49.18153],[3.70649,49.18031],[3.72234,49.17695],[3.75128,49.17778],[3.75258,49.17248],[3.7485,49.17168],[3.74876,49.15864],[3.74877,49.15709],[3.73957,49.15689],[3.72141,49.14969],[3.71697,49.14698],[3.70563,49.14535],[3.698,49.1487],[3.69803,49.14983],[3.69155,49.15328],[3.68384,49.15449],[3.67255,49.15084],[3.65119,49.14903],[3.6393,49.14925],[3.62445,49.15135],[3.62225,49.15111],[3.62116,49.1498],[3.61959,49.14757],[3.61189,49.12869],[3.60799,49.1244],[3.603,49.12151],[3.59967,49.12068],[3.60293,49.11458],[3.61109,49.11188],[3.62012,49.10733],[3.63095,49.08817],[3.63926,49.08118],[3.63861,49.07701],[3.63192,49.07224],[3.62383,49.07078],[3.61855,49.07132],[3.61125,49.07359],[3.60742,49.07191],[3.60401,49.06956],[3.60329,49.06711],[3.5983,49.06366],[3.59036,49.05999],[3.58771,49.05939],[3.58665,49.04153],[3.58513,49.03899],[3.58761,49.03381],[3.59576,49.03443],[3.61491,49.0335],[3.61564,49.03449],[3.6169,49.03647],[3.63009,49.03959],[3.64319,49.0405],[3.65724,49.03855],[3.66021,49.03722],[3.66418,49.03755],[3.67191,49.02537],[3.67828,49.01876],[3.67765,49.01543],[3.67495,49.01173],[3.66531,49.00563],[3.6607,49.00437],[3.64908,49.00402],[3.63975,49.00384],[3.63682,48.99961],[3.62356,48.98277],[3.62482,48.98097],[3.62107,48.96608],[3.61683,48.96524],[3.60351,48.96546],[3.59864,48.9642],[3.59141,48.96045],[3.6003,48.95163],[3.60017,48.94937],[3.59581,48.94473],[3.59341,48.94469],[3.58991,48.94425],[3.57475,48.93921],[3.57248,48.91862],[3.54604,48.9159],[3.52875,48.91225],[3.52114,48.90515],[3.50879,48.88899],[3.50295,48.87141],[3.49043,48.86788],[3.48512,48.86663],[3.48308,48.8639],[3.48371,48.86116],[3.48687,48.85735],[3.48502,48.85185],[3.48668,48.84929],[3.48906,48.84098],[3.48857,48.83149],[3.48518,48.82524],[3.48703,48.81512],[3.48084,48.81218],[3.47405,48.81816],[3.47458,48.8192],[3.46989,48.8211],[3.46308,48.81864],[3.4553,48.81397],[3.44746,48.81156],[3.4313,48.81242],[3.41634,48.81797],[3.40452,48.80905],[3.41048,48.80395],[3.42546,48.80108],[3.43688,48.80374],[3.44058,48.7988],[3.44269,48.78834],[3.44091,48.78331],[3.42974,48.77946],[3.40937,48.78373],[3.40823,48.78416],[3.40791,48.7788],[3.39593,48.75929],[3.39905,48.75493],[3.4004,48.75521],[3.40369,48.75392],[3.41409,48.75397],[3.42227,48.75446],[3.42797,48.75577],[3.43391,48.7547],[3.43651,48.75324],[3.43601,48.74356],[3.44357,48.73701],[3.45073,48.73651],[3.46741,48.73858],[3.46972,48.73788],[3.46664,48.72886],[3.46714,48.72308],[3.468,48.71722],[3.465,48.71184],[3.46388,48.70724],[3.46927,48.7023],[3.47302,48.70151],[3.47779,48.69788],[3.47648,48.69752],[3.46415,48.68592],[3.45546,48.68265],[3.45108,48.68005],[3.44686,48.6749],[3.4427,48.67233],[3.44636,48.6669],[3.44056,48.66365],[3.4407,48.66307],[3.45581,48.65595],[3.45924,48.65156],[3.45086,48.63468],[3.45154,48.63446],[3.45838,48.63372],[3.47595,48.63746],[3.48638,48.6427],[3.50511,48.64511],[3.51317,48.6435],[3.51989,48.64371],[3.5336,48.64652],[3.52109,48.63772],[3.51875,48.63538],[3.51929,48.63308],[3.53431,48.63235],[3.53724,48.63165],[3.5472,48.62723],[3.5555,48.62023],[3.53518,48.6103],[3.50299,48.60464],[3.5163,48.58984],[3.50204,48.58953],[3.49519,48.58763],[3.48899,48.5848],[3.48531,48.58034],[3.4731,48.5766],[3.46867,48.57288],[3.46535,48.57047],[3.46846,48.56806],[3.47473,48.56032],[3.48013,48.54373],[3.48175,48.54145],[3.47569,48.54141],[3.46951,48.53843],[3.45917,48.53068],[3.45698,48.52958],[3.45086,48.5286],[3.44956,48.53046],[3.43158,48.52973],[3.41549,48.53233],[3.41423,48.53348],[3.40537,48.52785],[3.42043,48.51745],[3.42312,48.51466],[3.42884,48.50438],[3.43464,48.49025],[3.41762,48.48979],[3.40374,48.48581],[3.40194,48.48592],[3.38425,48.47799],[3.38853,48.47717],[3.40118,48.45793],[3.40583,48.4533],[3.40678,48.44845],[3.40292,48.43866],[3.39711,48.43467],[3.40037,48.42813],[3.40494,48.42341],[3.41186,48.42142],[3.41161,48.41945],[3.41445,48.41508],[3.42127,48.41072],[3.42094,48.40915],[3.41595,48.39724],[3.41474,48.39019],[3.41304,48.38155],[3.41354,48.37643],[3.42331,48.36757],[3.42751,48.35997],[3.43382,48.36163],[3.44194,48.36706],[3.44733,48.37249],[3.45082,48.37392],[3.45875,48.3747],[3.46834,48.37405],[3.4706,48.37474],[3.47082,48.37444],[3.47488,48.36927],[3.49763,48.36958],[3.51317,48.36063],[3.52285,48.34867],[3.53675,48.338],[3.54283,48.33588],[3.54503,48.33434],[3.54387,48.33291],[3.5439,48.31979],[3.55328,48.3191],[3.56309,48.32157],[3.56384,48.3212],[3.56529,48.31934],[3.56501,48.31347],[3.56108,48.31207],[3.5622,48.31114],[3.56681,48.30758],[3.57145,48.30594],[3.58053,48.3049],[3.58793,48.30094],[3.58805,48.29608],[3.58609,48.29035],[3.57805,48.28697],[3.5778,48.28459],[3.58772,48.27995],[3.6091,48.27529],[3.61518,48.27254],[3.61521,48.27252],[3.61803,48.26967],[3.62386,48.2593],[3.62432,48.25453],[3.61139,48.24676],[3.59992,48.23717],[3.60079,48.23307],[3.6047,48.23003],[3.6092,48.23222],[3.61339,48.23214],[3.61895,48.22858],[3.62177,48.22566],[3.61394,48.22026],[3.6138,48.21702],[3.60888,48.20949],[3.58737,48.19522],[3.57508,48.18882],[3.57762,48.18674],[3.59392,48.17868],[3.61965,48.19089],[3.62615,48.19116],[3.63322,48.18888],[3.64051,48.18462],[3.64613,48.17826],[3.64749,48.1733],[3.65065,48.16823],[3.66231,48.15445],[3.66791,48.13929],[3.68753,48.14404],[3.69306,48.15502],[3.69452,48.15506],[3.69528,48.15176],[3.69905,48.14778],[3.70709,48.14633],[3.72157,48.15527],[3.72216,48.1599],[3.71393,48.17116],[3.71437,48.17464],[3.71821,48.17542],[3.72175,48.17475],[3.74548,48.16753],[3.75221,48.16109],[3.75479,48.1511],[3.73974,48.1387],[3.73894,48.13591],[3.74013,48.13201],[3.75122,48.12601],[3.75691,48.12531],[3.76212,48.13181],[3.76802,48.13376],[3.76858,48.13298],[3.7777,48.12491],[3.78605,48.1194],[3.79888,48.1082],[3.80166,48.10673],[3.80124,48.10597],[3.80417,48.10353],[3.80565,48.10051],[3.80006,48.09656]]]}},{"type":"Feature","properties":{"code":"11","nom":"Île-de-France"},"geometry":{"type":"Polygon","coordinates":[[[1.68922,48.61154],[1.71085,48.61399],[1.71814,48.60719],[1.7152,48.60059],[1.70185,48.58505],[1.71001,48.58151],[1.70924,48.57802],[1.73816,48.57261],[1.74349,48.57244],[1.74599,48.57606],[1.74831,48.57563],[1.75909,48.57319],[1.76241,48.571],[1.76279,48.5674],[1.77333,48.55686],[1.7772,48.55513],[1.77873,48.55357],[1.77797,48.55264],[1.78754,48.55382],[1.77555,48.52768],[1.77559,48.5139],[1.77711,48.50883],[1.78606,48.4985],[1.78618,48.49125],[1.79429,48.48543],[1.79655,48.48461],[1.79499,48.48327],[1.79402,48.47935],[1.7956,48.47784],[1.80129,48.46602],[1.81052,48.46611],[1.82355,48.46629],[1.83219,48.46415],[1.83804,48.46023],[1.83939,48.45811],[1.84268,48.44978],[1.85411,48.44676],[1.85748,48.44684],[1.86074,48.44563],[1.86105,48.44434],[1.86389,48.44451],[1.87976,48.44085],[1.88419,48.44014],[1.90152,48.4388],[1.91788,48.4512],[1.92225,48.45628],[1.92202,48.45771],[1.9295,48.45713],[1.92767,48.45448],[1.93043,48.45357],[1.92848,48.45108],[1.93307,48.44429],[1.94287,48.44114],[1.93631,48.43455],[1.93767,48.43032],[1.94072,48.42578],[1.93974,48.41982],[1.93215,48.41848],[1.92747,48.41658],[1.92582,48.41279],[1.93274,48.41089],[1.93029,48.40403],[1.93209,48.4034],[1.94351,48.40613],[1.94755,48.40637],[1.95204,48.40633],[1.96216,48.40438],[1.97722,48.39957],[1.96645,48.38168],[1.96665,48.38064],[1.97719,48.37992],[1.98084,48.37471],[1.97956,48.3723],[1.98063,48.36891],[1.98506,48.3645],[1.9875,48.36402],[1.98917,48.3636],[1.98369,48.36053],[1.97797,48.35585],[1.97181,48.34807],[1.97576,48.33442],[1.98237,48.32847],[1.97426,48.32332],[1.96573,48.31215],[1.9592,48.30869],[1.96208,48.30279],[1.97041,48.29478],[1.98131,48.28829],[1.99377,48.28678],[2.00362,48.28572],[2.01164,48.28581],[2.0223,48.2878],[2.03614,48.28719],[2.05114,48.29009],[2.05266,48.29543],[2.07868,48.29376],[2.08707,48.29457],[2.08938,48.2954],[2.09427,48.30082],[2.09935,48.3048],[2.10522,48.30769],[2.11365,48.30742],[2.11039,48.29701],[2.13517,48.29918],[2.15364,48.29922],[2.16179,48.29843],[2.16389,48.29838],[2.16191,48.30262],[2.16087,48.3047],[2.15363,48.30834],[2.15174,48.31409],[2.15206,48.3161],[2.16918,48.31275],[2.17101,48.31526],[2.17162,48.31605],[2.18155,48.31345],[2.18505,48.32111],[2.18454,48.32261],[2.19264,48.33426],[2.2022,48.34461],[2.20729,48.34495],[2.20722,48.34176],[2.2156,48.3357],[2.22873,48.33217],[2.23892,48.33156],[2.24299,48.33293],[2.24624,48.33118],[2.24623,48.32961],[2.238,48.31626],[2.24643,48.31636],[2.24942,48.31453],[2.24617,48.30836],[2.24522,48.29822],[2.25341,48.3],[2.255,48.30149],[2.26466,48.3127],[2.26681,48.31471],[2.26927,48.315],[2.26915,48.31335],[2.27236,48.31188],[2.29029,48.30945],[2.30024,48.31132],[2.3024,48.31693],[2.31266,48.3306],[2.31715,48.33166],[2.31805,48.33023],[2.32369,48.33234],[2.32764,48.33315],[2.32927,48.33281],[2.32812,48.32645],[2.34057,48.31967],[2.35525,48.31351],[2.35617,48.31059],[2.35815,48.30887],[2.36961,48.30879],[2.38691,48.31175],[2.3944,48.31476],[2.39849,48.31884],[2.40297,48.32064],[2.41141,48.3081],[2.42031,48.29976],[2.42258,48.29538],[2.42315,48.28917],[2.41815,48.27997],[2.41985,48.26693],[2.42158,48.26384],[2.42843,48.25639],[2.43219,48.25494],[2.43816,48.25474],[2.44021,48.25328],[2.44299,48.2536],[2.45011,48.24992],[2.45294,48.25008],[2.4687,48.25533],[2.47879,48.24983],[2.47609,48.24464],[2.48417,48.23891],[2.48663,48.24013],[2.49227,48.2392],[2.50627,48.23863],[2.50901,48.22873],[2.51332,48.22451],[2.51405,48.21448],[2.51753,48.21443],[2.5169,48.21001],[2.51963,48.20425],[2.52278,48.20038],[2.52286,48.19776],[2.52285,48.19596],[2.52003,48.19404],[2.51823,48.19381],[2.51535,48.19066],[2.5099,48.17782],[2.514,48.17256],[2.51677,48.16676],[2.50595,48.15651],[2.49908,48.15935],[2.48799,48.16223],[2.48316,48.1646],[2.48091,48.16265],[2.4784,48.15663],[2.47357,48.15401],[2.47189,48.15452],[2.47397,48.15185],[2.47462,48.149],[2.46358,48.14137],[2.45991,48.13687],[2.44396,48.13158],[2.44267,48.12578],[2.45435,48.12243],[2.45873,48.1258],[2.46492,48.12935],[2.47651,48.1286],[2.49036,48.12664],[2.50588,48.1265],[2.52217,48.12532],[2.5196,48.12696],[2.53733,48.14018],[2.54232,48.14114],[2.57062,48.14092],[2.57371,48.13402],[2.57675,48.13201],[2.60304,48.13161],[2.61473,48.13372],[2.62181,48.13638],[2.6392,48.1389],[2.64227,48.13766],[2.65331,48.12993],[2.6632,48.12229],[2.66444,48.12008],[2.66747,48.12071],[2.67773,48.12487],[2.68895,48.12496],[2.70552,48.12312],[2.70677,48.12545],[2.71912,48.13496],[2.72057,48.13696],[2.75562,48.14589],[2.75574,48.14895],[2.75357,48.1532],[2.74863,48.1564],[2.74214,48.15925],[2.73669,48.16615],[2.75521,48.1602],[2.75981,48.16203],[2.75837,48.16347],[2.77905,48.16746],[2.78107,48.16733],[2.78338,48.16677],[2.79413,48.16889],[2.81032,48.16104],[2.79864,48.15234],[2.79804,48.14405],[2.79926,48.13737],[2.80082,48.13361],[2.8043,48.13139],[2.80816,48.13034],[2.82093,48.12972],[2.82416,48.13388],[2.83796,48.13564],[2.85468,48.14453],[2.8642,48.15269],[2.86679,48.15616],[2.87102,48.15663],[2.90001,48.15965],[2.93662,48.16346],[2.93485,48.16882],[2.93467,48.17912],[2.94872,48.18938],[2.95535,48.19251],[2.95951,48.19161],[2.97096,48.19421],[2.98294,48.20681],[2.98907,48.20923],[2.99199,48.20566],[3.00493,48.20771],[3.00732,48.21107],[3.00904,48.21646],[3.01302,48.22218],[3.03143,48.24885],[3.0365,48.25085],[3.04176,48.24938],[3.04735,48.2497],[3.0441,48.26061],[3.04604,48.26685],[3.0448,48.27142],[3.02473,48.27603],[3.02961,48.28578],[3.02055,48.2935],[3.02723,48.30074],[3.02752,48.30284],[3.02295,48.3031],[3.01534,48.3073],[3.03606,48.32576],[3.03851,48.33037],[3.03873,48.33406],[3.03667,48.33495],[3.03629,48.33779],[3.03784,48.34378],[3.04494,48.35579],[3.05028,48.36],[3.0543,48.3605],[3.06035,48.35742],[3.06632,48.35767],[3.07138,48.35865],[3.08721,48.359],[3.09944,48.35308],[3.09953,48.35178],[3.10336,48.34936],[3.11923,48.3669],[3.12212,48.36864],[3.12597,48.36779],[3.13982,48.37257],[3.14664,48.36665],[3.14919,48.3698],[3.15243,48.37144],[3.16691,48.3709],[3.17157,48.37742],[3.17619,48.37666],[3.18117,48.37445],[3.18463,48.36809],[3.18616,48.36828],[3.20008,48.36386],[3.20415,48.36438],[3.21369,48.36696],[3.22333,48.37047],[3.22579,48.36991],[3.23303,48.3702],[3.25115,48.36516],[3.25451,48.36511],[3.25925,48.36811],[3.26804,48.37784],[3.27232,48.37883],[3.27315,48.37717],[3.28248,48.37744],[3.28291,48.38162],[3.29058,48.37831],[3.30779,48.373],[3.31104,48.37298],[3.31038,48.37478],[3.31999,48.37544],[3.3298,48.37223],[3.33081,48.37326],[3.33546,48.37019],[3.33645,48.37313],[3.34834,48.37333],[3.35115,48.37874],[3.35669,48.3785],[3.35593,48.37652],[3.35667,48.37099],[3.36518,48.37227],[3.36574,48.37592],[3.36293,48.37609],[3.36366,48.38517],[3.36624,48.39153],[3.37352,48.39336],[3.37555,48.39861],[3.39456,48.39354],[3.40116,48.39086],[3.41474,48.39019],[3.41595,48.39724],[3.42094,48.40915],[3.42127,48.41072],[3.41445,48.41508],[3.41161,48.41945],[3.41186,48.42142],[3.40494,48.42341],[3.40037,48.42813],[3.39711,48.43467],[3.40292,48.43866],[3.40678,48.44845],[3.40583,48.4533],[3.40118,48.45793],[3.38853,48.47717],[3.38425,48.47799],[3.40194,48.48592],[3.40374,48.48581],[3.41762,48.48979],[3.43464,48.49025],[3.42884,48.50438],[3.42312,48.51466],[3.42043,48.51745],[3.40537,48.52785],[3.41423,48.53348],[3.41549,48.53233],[3.43158,48.52973],[3.44956,48.53046],[3.45086,48.5286],[3.45698,48.52958],[3.45917,48.53068],[3.46951,48.53843],[3.47569,48.54141],[3.48175,48.54145],[3.48013,48.54373],[3.47473,48.56032],[3.46846,48.56806],[3.46535,48.57047],[3.46867,48.57288],[3.4731,48.5766],[3.48531,48.58034],[3.48899,48.5848],[3.49519,48.58763],[3.50204,48.58953],[3.5163,48.58984],[3.50299,48.60464],[3.53518,48.6103],[3.5555,48.62023],[3.5472,48.62723],[3.53724,48.63165],[3.53431,48.63235],[3.51929,48.63308],[3.51875,48.63538],[3.52109,48.63772],[3.5336,48.64652],[3.51989,48.64371],[3.51317,48.6435],[3.50511,48.64511],[3.48638,48.6427],[3.47595,48.63746],[3.45838,48.63372],[3.45154,48.63446],[3.45086,48.63468],[3.45924,48.65156],[3.45581,48.65595],[3.4407,48.66307],[3.44056,48.66365],[3.44636,48.6669],[3.4427,48.67233],[3.44686,48.6749],[3.45108,48.68005],[3.45546,48.68265],[3.46415,48.68592],[3.47648,48.69752],[3.47779,48.69788],[3.47302,48.70151],[3.46927,48.7023],[3.46388,48.70724],[3.465,48.71184],[3.468,48.71722],[3.46714,48.72308],[3.46664,48.72886],[3.46972,48.73788],[3.46741,48.73858],[3.45073,48.73651],[3.44357,48.73701],[3.43601,48.74356],[3.43651,48.75324],[3.43391,48.7547],[3.42797,48.75577],[3.42227,48.75446],[3.41409,48.75397],[3.40369,48.75392],[3.4004,48.75521],[3.39905,48.75493],[3.39593,48.75929],[3.40791,48.7788],[3.40823,48.78416],[3.40937,48.78373],[3.42974,48.77946],[3.44091,48.78331],[3.44269,48.78834],[3.44058,48.7988],[3.43688,48.80374],[3.42546,48.80108],[3.41048,48.80395],[3.40452,48.80905],[3.41634,48.81797],[3.4313,48.81242],[3.44746,48.81156],[3.4553,48.81397],[3.46308,48.81864],[3.46989,48.8211],[3.47458,48.8192],[3.47405,48.81816],[3.48084,48.81218],[3.48703,48.81512],[3.48518,48.82524],[3.48857,48.83149],[3.48906,48.84098],[3.48668,48.84929],[3.48502,48.85185],[3.47022,48.85118],[3.46266,48.83981],[3.4628,48.83743],[3.44582,48.84327],[3.4458,48.84517],[3.45213,48.85614],[3.44576,48.86053],[3.43895,48.86067],[3.4249,48.86553],[3.4134,48.86447],[3.39974,48.86632],[3.40594,48.87608],[3.39342,48.87449],[3.38808,48.87178],[3.38137,48.87155],[3.38059,48.87525],[3.38108,48.88392],[3.36928,48.89382],[3.37066,48.90516],[3.37302,48.90628],[3.37355,48.91496],[3.36748,48.92832],[3.36659,48.92269],[3.35845,48.91759],[3.35515,48.9161],[3.34376,48.91524],[3.33029,48.90871],[3.32665,48.91289],[3.31326,48.92125],[3.31262,48.9338],[3.30737,48.94536],[3.30441,48.94878],[3.28453,48.94053],[3.27839,48.93956],[3.26663,48.93843],[3.26493,48.93879],[3.26017,48.94479],[3.2624,48.94846],[3.26297,48.94903],[3.25865,48.95103],[3.25706,48.95272],[3.25682,48.95794],[3.25521,48.96205],[3.25407,48.9679],[3.25017,48.97392],[3.24344,48.97695],[3.2376,48.97762],[3.23116,48.97695],[3.22941,48.98858],[3.22471,48.98752],[3.20944,48.99397],[3.20727,49.0007],[3.20324,49.00124],[3.19946,49.0062],[3.19653,49.00501],[3.18659,49.00979],[3.17651,49.01255],[3.16858,49.01699],[3.16609,49.0207],[3.1632,49.02],[3.16114,49.02428],[3.16396,49.02682],[3.17701,49.03074],[3.17904,49.03366],[3.18027,49.0406],[3.19028,49.04667],[3.19013,49.05265],[3.18215,49.05194],[3.18092,49.05638],[3.18198,49.06206],[3.17642,49.07007],[3.16622,49.07799],[3.15876,49.08031],[3.15793,49.08088],[3.15772,49.08473],[3.16523,49.09986],[3.1447,49.10212],[3.1237,49.10693],[3.11436,49.10717],[3.08694,49.11194],[3.07196,49.11776],[3.06978,49.11686],[3.05621,49.10194],[3.05676,49.0949],[3.06416,49.08901],[3.06614,49.08519],[3.03989,49.08682],[3.03417,49.08853],[3.0155,49.09132],[3.0087,49.09154],[3.00604,49.0864],[3.00405,49.08868],[2.99962,49.08791],[2.99118,49.084],[2.98833,49.07927],[2.9883,49.07204],[2.97628,49.07414],[2.97461,49.07503],[2.97397,49.07965],[2.97017,49.08628],[2.97142,49.08897],[2.95649,49.08529],[2.94582,49.08832],[2.94433,49.08457],[2.94119,49.08079],[2.93793,49.07857],[2.93661,49.07889],[2.92329,49.07759],[2.90144,49.08534],[2.89496,49.07706],[2.88755,49.0795],[2.87742,49.07365],[2.86636,49.07069],[2.85612,49.07009],[2.84508,49.08483],[2.833,49.08305],[2.82239,49.08623],[2.81997,49.08741],[2.80921,49.09753],[2.79165,49.09027],[2.78387,49.0889],[2.78458,49.08804],[2.7813,49.08511],[2.77122,49.08401],[2.76872,49.08313],[2.77971,49.07842],[2.78392,49.0737],[2.77787,49.07026],[2.76096,49.06312],[2.75531,49.06134],[2.73482,49.06053],[2.72493,49.07564],[2.72418,49.08067],[2.71986,49.07899],[2.72054,49.07651],[2.71864,49.07351],[2.70618,49.06531],[2.70305,49.06478],[2.69601,49.06507],[2.69101,49.06658],[2.68964,49.06776],[2.69109,49.07059],[2.69288,49.07616],[2.68316,49.08204],[2.67815,49.08608],[2.67122,49.09167],[2.65668,49.09774],[2.64586,49.10018],[2.63995,49.10311],[2.63654,49.10716],[2.63323,49.10857],[2.62899,49.10258],[2.61938,49.09463],[2.61589,49.09389],[2.61005,49.09497],[2.61021,49.09289],[2.60485,49.08713],[2.59829,49.08264],[2.5903,49.0799],[2.58298,49.08066],[2.58269,49.08245],[2.57774,49.08782],[2.58014,49.08984],[2.57214,49.09338],[2.57293,49.09428],[2.56235,49.09778],[2.55959,49.09754],[2.55753,49.10023],[2.55399,49.12104],[2.54991,49.12255],[2.54406,49.12127],[2.54207,49.12225],[2.53852,49.12176],[2.53296,49.11951],[2.53126,49.09946],[2.51636,49.1029],[2.51039,49.10429],[2.50809,49.10358],[2.50396,49.10389],[2.49007,49.10625],[2.49077,49.10822],[2.50301,49.11767],[2.49908,49.12224],[2.47535,49.12845],[2.47751,49.13098],[2.4753,49.13098],[2.46129,49.13614],[2.46114,49.13674],[2.46246,49.13926],[2.45887,49.1409],[2.43548,49.13405],[2.4389,49.14164],[2.44078,49.14591],[2.42887,49.14888],[2.41312,49.15242],[2.40176,49.15126],[2.3924,49.15272],[2.37331,49.15937],[2.37093,49.1592],[2.35934,49.14733],[2.34595,49.16235],[2.31955,49.18242],[2.3216,49.18437],[2.31321,49.18584],[2.31076,49.18594],[2.31043,49.18499],[2.30846,49.18541],[2.3068,49.18421],[2.30127,49.18404],[2.29663,49.17621],[2.28881,49.17071],[2.28509,49.16571],[2.28648,49.15987],[2.27671,49.15898],[2.27097,49.15725],[2.26817,49.15575],[2.26215,49.15838],[2.26195,49.15823],[2.25378,49.15263],[2.24187,49.15341],[2.24132,49.15159],[2.22329,49.1521],[2.21685,49.15413],[2.22867,49.16371],[2.23037,49.16755],[2.22929,49.17158],[2.22155,49.17715],[2.21982,49.17959],[2.21865,49.18069],[2.2126,49.17622],[2.20632,49.17459],[2.19363,49.17334],[2.18683,49.17341],[2.18195,49.17368],[2.17609,49.17603],[2.17495,49.175],[2.1762,49.17464],[2.17682,49.16975],[2.16803,49.16485],[2.16383,49.1663],[2.15803,49.17263],[2.16323,49.1773],[2.16242,49.17955],[2.15238,49.18382],[2.13901,49.18236],[2.13353,49.19092],[2.12798,49.19359],[2.11078,49.18722],[2.09532,49.19011],[2.09583,49.19164],[2.09091,49.20334],[2.08069,49.2098],[2.08074,49.21072],[2.07481,49.20884],[2.07263,49.20618],[2.06684,49.20286],[2.03824,49.19238],[2.038,49.19217],[2.03624,49.19099],[2.02566,49.18883],[2.02178,49.18881],[2.00675,49.17861],[1.99912,49.17541],[1.99935,49.17587],[1.97358,49.18386],[1.97166,49.18138],[1.96236,49.1746],[1.94974,49.17048],[1.93555,49.16981],[1.93437,49.17354],[1.92996,49.17407],[1.92084,49.17226],[1.88744,49.16302],[1.88295,49.16258],[1.88086,49.1673],[1.8767,49.17142],[1.87614,49.17505],[1.87346,49.17408],[1.86782,49.17183],[1.86313,49.17105],[1.84889,49.17059],[1.84519,49.16996],[1.83642,49.1645],[1.83431,49.16517],[1.83685,49.17099],[1.83641,49.1735],[1.82682,49.17965],[1.82205,49.17801],[1.81054,49.1782],[1.80308,49.18511],[1.79701,49.18523],[1.79499,49.18482],[1.79363,49.18027],[1.79094,49.17997],[1.77752,49.18403],[1.77696,49.185],[1.77639,49.18488],[1.77686,49.18415],[1.76695,49.18003],[1.75093,49.17624],[1.7424,49.17984],[1.7401,49.18081],[1.74265,49.18449],[1.73989,49.19208],[1.73727,49.19479],[1.72913,49.19522],[1.72587,49.19433],[1.72433,49.2007],[1.71841,49.20278],[1.71553,49.20266],[1.72935,49.20975],[1.73411,49.22128],[1.74046,49.22367],[1.74044,49.22428],[1.73365,49.227],[1.71269,49.23441],[1.7095,49.23845],[1.70435,49.23243],[1.70342,49.22994],[1.7004,49.22692],[1.68923,49.21954],[1.67734,49.21341],[1.67277,49.20713],[1.67321,49.20533],[1.67497,49.20407],[1.67662,49.20359],[1.67638,49.20046],[1.67054,49.18991],[1.66905,49.18667],[1.67162,49.18075],[1.66631,49.17583],[1.66306,49.16039],[1.66407,49.15414],[1.66356,49.1529],[1.66171,49.15239],[1.65858,49.14999],[1.65297,49.14468],[1.65238,49.14122],[1.65565,49.13076],[1.65567,49.12996],[1.64784,49.12473],[1.64216,49.11964],[1.62666,49.10471],[1.61827,49.09385],[1.61972,49.08757],[1.62341,49.086],[1.60875,49.07771],[1.60241,49.08162],[1.59417,49.08269],[1.57187,49.07673],[1.56985,49.07607],[1.56778,49.07295],[1.55914,49.06964],[1.5546,49.0702],[1.55037,49.07256],[1.54656,49.0723],[1.53439,49.07162],[1.52135,49.06835],[1.51838,49.07354],[1.51785,49.07917],[1.51428,49.08243],[1.50985,49.08424],[1.50842,49.08498],[1.5076,49.08401],[1.51252,49.08159],[1.51427,49.07966],[1.51247,49.07544],[1.50933,49.06987],[1.50965,49.06628],[1.50293,49.0593],[1.48762,49.05229],[1.48032,49.05192],[1.47524,49.0542],[1.46445,49.06233],[1.46179,49.06397],[1.45939,49.06145],[1.44729,49.0535],[1.45277,49.05037],[1.45403,49.03829],[1.45799,49.02597],[1.46196,49.02315],[1.47158,49.01861],[1.47701,49.01682],[1.47775,49.0139],[1.47388,49.00966],[1.48001,49.00725],[1.48033,49.00515],[1.48067,49.00104],[1.47174,48.98972],[1.46149,48.98895],[1.47098,48.97495],[1.49779,48.9797],[1.5079,48.98386],[1.51242,48.97866],[1.51827,48.9784],[1.51535,48.9764],[1.49664,48.96947],[1.49324,48.96567],[1.49833,48.95772],[1.50574,48.95324],[1.51088,48.95359],[1.5014,48.94103],[1.51182,48.93499],[1.51119,48.93257],[1.50711,48.9292],[1.50734,48.92757],[1.51125,48.92352],[1.51434,48.9219],[1.51851,48.9253],[1.52879,48.92448],[1.53841,48.92255],[1.5404,48.91851],[1.54169,48.91578],[1.54266,48.91455],[1.53815,48.90854],[1.5383,48.9067],[1.53878,48.90471],[1.55293,48.89528],[1.56028,48.89113],[1.56343,48.89049],[1.56126,48.88596],[1.556,48.87954],[1.54596,48.87237],[1.55552,48.86466],[1.55897,48.86381],[1.55921,48.8677],[1.57179,48.86401],[1.58422,48.86036],[1.57801,48.84844],[1.57735,48.84462],[1.58678,48.84332],[1.59392,48.8398],[1.5956,48.83686],[1.58699,48.82302],[1.59037,48.81742],[1.59117,48.81507],[1.58553,48.81198],[1.5808,48.81057],[1.57894,48.80905],[1.5833,48.80675],[1.58202,48.80558],[1.57588,48.78979],[1.57674,48.78297],[1.58309,48.7759],[1.58789,48.77375],[1.58292,48.76764],[1.58222,48.76635],[1.58478,48.76341],[1.58194,48.76186],[1.60228,48.76048],[1.61207,48.75668],[1.62508,48.74897],[1.62675,48.7481],[1.62169,48.74184],[1.62329,48.74003],[1.62057,48.73609],[1.61612,48.73636],[1.60089,48.72203],[1.58966,48.71289],[1.58706,48.71028],[1.59195,48.7087],[1.59304,48.70996],[1.59471,48.70914],[1.58231,48.69635],[1.61185,48.68929],[1.61134,48.6884],[1.60609,48.67894],[1.60112,48.66837],[1.60265,48.66331],[1.60767,48.65986],[1.61335,48.65415],[1.62016,48.65056],[1.6293,48.64958],[1.64314,48.65128],[1.64187,48.64278],[1.64513,48.64042],[1.65123,48.63821],[1.64953,48.63591],[1.64932,48.63229],[1.65744,48.62984],[1.66047,48.61885],[1.66653,48.61347],[1.67849,48.61851],[1.68507,48.61975],[1.69092,48.61714],[1.68234,48.61563],[1.68572,48.61245],[1.68922,48.61154]]]}},{"type":"Feature","properties":{"code":"27","nom":"Bourgogne-Franche-Comté"},"geometry":{"type":"Polygon","coordinates":[[[3.14886,46.70864],[3.15688,46.69961],[3.16612,46.69138],[3.18541,46.68508],[3.19025,46.68255],[3.20437,46.67886],[3.20595,46.68138],[3.21166,46.68159],[3.21948,46.68461],[3.22773,46.69021],[3.2285,46.69644],[3.23413,46.69752],[3.25467,46.7062],[3.26895,46.71625],[3.27763,46.71664],[3.28305,46.71514],[3.28598,46.71392],[3.29441,46.7149],[3.2987,46.71306],[3.31133,46.69307],[3.32404,46.68796],[3.33535,46.68537],[3.34269,46.68538],[3.35143,46.68614],[3.35748,46.68878],[3.36924,46.69461],[3.373,46.69803],[3.37605,46.70103],[3.37816,46.70483],[3.3792,46.7099],[3.38319,46.71318],[3.39008,46.71484],[3.41708,46.7104],[3.43436,46.71241],[3.43012,46.70312],[3.43017,46.69873],[3.43291,46.6943],[3.44597,46.69322],[3.44819,46.69235],[3.45113,46.69006],[3.45285,46.68732],[3.45444,46.68158],[3.44711,46.66361],[3.44208,46.662],[3.447,46.66082],[3.45213,46.65792],[3.45531,46.65244],[3.4569,46.65178],[3.47352,46.65368],[3.47884,46.65277],[3.48171,46.65102],[3.48608,46.65257],[3.48661,46.65408],[3.49078,46.66164],[3.5079,46.67437],[3.51217,46.68035],[3.52111,46.68588],[3.53025,46.6891],[3.53542,46.68698],[3.53771,46.68383],[3.54568,46.68233],[3.55409,46.68474],[3.56095,46.68888],[3.5481,46.70623],[3.5477,46.72261],[3.55944,46.71746],[3.57243,46.71899],[3.57154,46.72084],[3.57535,46.72309],[3.57732,46.72277],[3.57845,46.72163],[3.57777,46.71901],[3.58131,46.71829],[3.58804,46.72008],[3.59792,46.72435],[3.59753,46.72741],[3.58346,46.74279],[3.57964,46.75006],[3.58853,46.76134],[3.5925,46.76298],[3.59785,46.76215],[3.59722,46.75584],[3.59787,46.75433],[3.6019,46.75137],[3.62078,46.7543],[3.62599,46.75269],[3.6294,46.74959],[3.62872,46.74603],[3.62402,46.7425],[3.62259,46.74013],[3.62511,46.73596],[3.63528,46.7284],[3.63695,46.72557],[3.63828,46.72038],[3.63764,46.70748],[3.63873,46.70652],[3.65139,46.70282],[3.65532,46.68772],[3.66901,46.67589],[3.68251,46.66774],[3.69181,46.664],[3.69613,46.66131],[3.69784,46.65931],[3.69936,46.65489],[3.69961,46.65191],[3.70429,46.64543],[3.70801,46.6376],[3.71148,46.63393],[3.71631,46.63109],[3.72271,46.62761],[3.72437,46.62585],[3.72303,46.62207],[3.71323,46.61301],[3.71286,46.61023],[3.71765,46.60581],[3.72431,46.60456],[3.73093,46.60153],[3.73505,46.59723],[3.73903,46.58378],[3.74048,46.57593],[3.74098,46.5602],[3.73951,46.55762],[3.73427,46.55436],[3.73195,46.55151],[3.73237,46.54855],[3.73393,46.54607],[3.74189,46.53911],[3.74901,46.53677],[3.75449,46.53613],[3.76668,46.53883],[3.7774,46.53277],[3.77821,46.53053],[3.78067,46.52836],[3.78366,46.52778],[3.80299,46.51957],[3.80728,46.51934],[3.81135,46.52052],[3.81777,46.5252],[3.83441,46.53132],[3.83791,46.5317],[3.84166,46.53027],[3.84646,46.52436],[3.84584,46.52293],[3.84058,46.51922],[3.83976,46.51756],[3.84092,46.5148],[3.84504,46.51308],[3.84582,46.51294],[3.84947,46.51302],[3.86173,46.50445],[3.86032,46.49996],[3.86085,46.49269],[3.86601,46.48911],[3.89124,46.48095],[3.89659,46.48123],[3.89822,46.48514],[3.90022,46.48945],[3.90348,46.49209],[3.90971,46.49527],[3.91651,46.49618],[3.92046,46.49578],[3.92785,46.49228],[3.93409,46.49104],[3.94981,46.4925],[3.95548,46.49172],[3.95812,46.4906],[3.95626,46.48604],[3.96051,46.47775],[3.96507,46.47809],[3.9774,46.47544],[3.9787,46.47439],[3.9902,46.4698],[3.99841,46.46531],[4.00097,46.46175],[4.00153,46.45866],[4.00012,46.45641],[4.00063,46.44342],[3.99418,46.435],[3.9946,46.42943],[3.9961,46.42738],[3.99531,46.4251],[3.98425,46.41887],[3.98433,46.41671],[3.98814,46.41179],[3.9887,46.40877],[3.98329,46.40351],[3.97818,46.40115],[3.97757,46.39787],[3.98187,46.38516],[3.98364,46.37915],[3.98842,46.37593],[3.99152,46.37103],[3.98866,46.36056],[3.98742,46.35109],[3.98766,46.34661],[3.9861,46.3372],[3.98817,46.33185],[3.99159,46.32739],[3.99436,46.32765],[4.00016,46.32838],[4.0047,46.32756],[3.98879,46.31858],[3.98528,46.31748],[3.96905,46.32199],[3.95833,46.31917],[3.94906,46.31492],[3.94778,46.30562],[3.9475,46.30341],[3.94005,46.2985],[3.9347,46.29666],[3.93001,46.29597],[3.91413,46.29685],[3.90117,46.2923],[3.89124,46.28525],[3.89394,46.27981],[3.89953,46.27593],[3.90201,46.27656],[3.904,46.27392],[3.90874,46.2607],[3.9094,46.25773],[3.90784,46.24707],[3.89923,46.23551],[3.89655,46.22371],[3.89013,46.21449],[3.90945,46.20792],[3.91332,46.2071],[3.93459,46.20633],[3.9541,46.20445],[3.96461,46.20179],[3.96516,46.20286],[3.97271,46.20279],[3.97293,46.19289],[3.97536,46.18642],[3.98853,46.16985],[4.00027,46.17116],[4.03118,46.17215],[4.04982,46.18093],[4.05256,46.18225],[4.05804,46.18762],[4.06018,46.18853],[4.08358,46.19116],[4.0952,46.1944],[4.09875,46.1968],[4.10383,46.19855],[4.12834,46.18227],[4.13324,46.17734],[4.13402,46.17733],[4.14324,46.17607],[4.16434,46.17296],[4.17615,46.17344],[4.18837,46.17512],[4.18671,46.17847],[4.18496,46.1799],[4.18498,46.19001],[4.2002,46.1932],[4.20758,46.19132],[4.21964,46.185],[4.2249,46.17775],[4.22661,46.17849],[4.23552,46.18128],[4.23849,46.18422],[4.25551,46.18581],[4.25806,46.18459],[4.25863,46.1813],[4.26157,46.17813],[4.25997,46.17294],[4.25067,46.16716],[4.24866,46.16714],[4.25008,46.15942],[4.25319,46.15785],[4.2756,46.15607],[4.28104,46.15607],[4.2823,46.15691],[4.28701,46.1602],[4.29652,46.1725],[4.30322,46.17446],[4.30889,46.17291],[4.31183,46.1712],[4.31586,46.17162],[4.32674,46.18374],[4.32675,46.185],[4.33048,46.18284],[4.33649,46.18104],[4.35343,46.18578],[4.37072,46.18435],[4.37073,46.19009],[4.36496,46.1937],[4.3649,46.20184],[4.38079,46.21187],[4.38652,46.21243],[4.38916,46.21414],[4.38914,46.21774],[4.38734,46.22],[4.38768,46.22268],[4.38617,46.22578],[4.38542,46.24682],[4.38815,46.24775],[4.39264,46.25136],[4.38929,46.25817],[4.39335,46.26466],[4.39695,46.26686],[4.39629,46.27474],[4.39716,46.28123],[4.4041,46.28822],[4.40608,46.29619],[4.42268,46.29495],[4.42509,46.2964],[4.42717,46.30277],[4.43797,46.29564],[4.43879,46.29342],[4.4399,46.29313],[4.45836,46.29718],[4.46638,46.29146],[4.4689,46.28799],[4.47244,46.28532],[4.47556,46.28456],[4.4806,46.28461],[4.48444,46.2872],[4.48869,46.288],[4.49193,46.28122],[4.50397,46.26724],[4.51704,46.26938],[4.53736,46.26998],[4.54636,46.27413],[4.54671,46.28033],[4.55775,46.29454],[4.56213,46.29462],[4.56988,46.29332],[4.5694,46.29214],[4.57145,46.2904],[4.57267,46.28693],[4.57238,46.27887],[4.57617,46.27445],[4.58437,46.26963],[4.58641,46.26875],[4.58831,46.26838],[4.6149,46.26621],[4.61833,46.26495],[4.62203,46.27103],[4.62052,46.27693],[4.61687,46.28083],[4.61729,46.28228],[4.62944,46.28749],[4.63597,46.2952],[4.63526,46.30019],[4.63898,46.30154],[4.64554,46.30199],[4.66065,46.29741],[4.67518,46.30027],[4.69351,46.30245],[4.69263,46.29873],[4.69387,46.29484],[4.69476,46.2925],[4.7037,46.28461],[4.70748,46.28478],[4.70883,46.27849],[4.70771,46.26971],[4.70424,46.27113],[4.70074,46.26744],[4.68723,46.26555],[4.68368,46.26613],[4.6799,46.26785],[4.67964,46.25979],[4.68378,46.25343],[4.69372,46.24905],[4.6963,46.25075],[4.70116,46.25187],[4.70526,46.2511],[4.70953,46.24831],[4.72766,46.23952],[4.73686,46.23251],[4.73244,46.22667],[4.72107,46.22962],[4.71999,46.22861],[4.71922,46.22765],[4.72183,46.22363],[4.73576,46.21189],[4.73534,46.21099],[4.72742,46.208],[4.72493,46.20548],[4.72111,46.19793],[4.72016,46.19414],[4.72348,46.18915],[4.72475,46.18867],[4.72452,46.18422],[4.72781,46.18275],[4.73231,46.17769],[4.73832,46.17619],[4.75022,46.17421],[4.76035,46.17458],[4.76115,46.17624],[4.76268,46.17635],[4.76901,46.176],[4.77549,46.17718],[4.78045,46.17691],[4.77996,46.18885],[4.79304,46.20157],[4.7939,46.20361],[4.79277,46.20759],[4.7934,46.21379],[4.79539,46.22007],[4.79808,46.22458],[4.80109,46.22978],[4.80569,46.23494],[4.8094,46.24192],[4.81169,46.25005],[4.81121,46.25447],[4.81156,46.26116],[4.81664,46.26562],[4.82457,46.27264],[4.82649,46.27636],[4.83313,46.2998],[4.83739,46.30484],[4.8411,46.31199],[4.85168,46.32631],[4.85369,46.33454],[4.85293,46.34317],[4.85119,46.35233],[4.85179,46.35641],[4.85462,46.36109],[4.85868,46.36808],[4.86573,46.37571],[4.87409,46.38494],[4.88347,46.39786],[4.88801,46.40269],[4.88847,46.40331],[4.88925,46.40556],[4.88799,46.41161],[4.88874,46.41743],[4.89136,46.42798],[4.89185,46.43786],[4.89114,46.43841],[4.89249,46.4426],[4.89418,46.44547],[4.89862,46.45],[4.91223,46.45917],[4.91427,46.46246],[4.91603,46.47342],[4.91454,46.48011],[4.91445,46.48139],[4.91548,46.48883],[4.9189,46.49242],[4.92472,46.49618],[4.92706,46.49932],[4.92927,46.50416],[4.93118,46.50973],[4.93348,46.51248],[4.9357,46.51433],[4.94387,46.51076],[4.94577,46.5044],[4.94868,46.50142],[4.95175,46.50023],[4.96146,46.50733],[4.9638,46.51098],[4.97994,46.51528],[4.98486,46.51513],[5.00517,46.50979],[5.01041,46.51121],[5.01058,46.50642],[5.01265,46.50139],[5.0144,46.50036],[5.03709,46.49178],[5.04054,46.49146],[5.04627,46.48958],[5.0547,46.48411],[5.05637,46.48374],[5.07142,46.4859],[5.07125,46.48652],[5.09591,46.49526],[5.11587,46.4959],[5.12127,46.49814],[5.13412,46.50148],[5.14228,46.5083],[5.1588,46.50661],[5.16639,46.50952],[5.16575,46.5177],[5.1675,46.51911],[5.17195,46.5148],[5.1865,46.50919],[5.19994,46.50751],[5.20359,46.50482],[5.19916,46.50298],[5.20532,46.49558],[5.20608,46.48648],[5.21283,46.48487],[5.2138,46.48335],[5.21592,46.47341],[5.21581,46.47058],[5.21461,46.46866],[5.22066,46.46855],[5.22811,46.4659],[5.23505,46.45789],[5.23614,46.45776],[5.24133,46.46064],[5.248,46.45915],[5.24826,46.45811],[5.25581,46.4527],[5.26164,46.45073],[5.26504,46.45136],[5.27173,46.45012],[5.27374,46.44849],[5.28865,46.44887],[5.29724,46.44814],[5.30516,46.44633],[5.31063,46.44694],[5.31629,46.43866],[5.32049,46.43013],[5.31886,46.42751],[5.31472,46.42545],[5.31236,46.42127],[5.31436,46.41639],[5.30919,46.41503],[5.30088,46.41633],[5.2989,46.41581],[5.29918,46.41261],[5.30912,46.41035],[5.31465,46.40951],[5.32065,46.40483],[5.3311,46.39905],[5.33527,46.39871],[5.34165,46.40178],[5.34812,46.39941],[5.35285,46.396],[5.354,46.39277],[5.36701,46.38848],[5.37613,46.38215],[5.3715,46.37735],[5.36491,46.37286],[5.36269,46.37063],[5.36272,46.36944],[5.37108,46.36742],[5.37498,46.36494],[5.37616,46.36117],[5.37544,46.35826],[5.37352,46.35219],[5.38138,46.34587],[5.38984,46.34171],[5.39293,46.34053],[5.39938,46.33961],[5.40169,46.33279],[5.40429,46.33281],[5.40393,46.3165],[5.40406,46.31477],[5.40483,46.31014],[5.41023,46.30911],[5.41353,46.3214],[5.41703,46.34499],[5.42366,46.34768],[5.43198,46.33102],[5.43715,46.31513],[5.4642,46.3224],[5.46518,46.32354],[5.46692,46.32327],[5.4753,46.31538],[5.47243,46.30803],[5.46595,46.29182],[5.46374,46.29062],[5.45891,46.29071],[5.45887,46.28281],[5.46732,46.26848],[5.48332,46.26744],[5.49959,46.2682],[5.50509,46.26712],[5.51135,46.26447],[5.52395,46.26578],[5.53411,46.26798],[5.54569,46.27289],[5.55461,46.28028],[5.56183,46.28804],[5.56592,46.29409],[5.58704,46.29253],[5.59023,46.29299],[5.59681,46.29663],[5.59975,46.30117],[5.60224,46.30763],[5.60458,46.3094],[5.60759,46.31168],[5.60626,46.3139],[5.60873,46.31766],[5.6117,46.3255],[5.61391,46.32776],[5.61817,46.32917],[5.63052,46.3302],[5.63409,46.3324],[5.63746,46.33644],[5.64334,46.33995],[5.64981,46.33613],[5.6499,46.33415],[5.6494,46.32678],[5.65585,46.32372],[5.6725,46.32159],[5.68332,46.31587],[5.68453,46.311],[5.6922,46.30945],[5.70799,46.31017],[5.7146,46.30902],[5.7184,46.29993],[5.71929,46.29346],[5.71605,46.27992],[5.72024,46.26682],[5.72008,46.26495],[5.72094,46.26352],[5.72518,46.26069],[5.72839,46.26118],[5.73336,46.26377],[5.74528,46.26646],[5.75666,46.2665],[5.76558,46.26808],[5.8182,46.26299],[5.82625,46.2618],[5.84853,46.26208],[5.86076,46.26882],[5.86401,46.27139],[5.86785,46.26799],[5.86921,46.26528],[5.86949,46.26486],[5.87798,46.26902],[5.88644,46.27706],[5.89462,46.28664],[5.89734,46.28576],[5.901,46.28617],[5.90913,46.28384],[5.91552,46.29503],[5.91674,46.29983],[5.92382,46.31183],[5.92604,46.31381],[5.9374,46.30982],[5.9414,46.30876],[5.94141,46.3094],[5.94106,46.31028],[5.9589,46.33303],[5.9752,46.35029],[5.98325,46.36196],[5.98751,46.36485],[5.99734,46.36859],[6.01174,46.3757],[6.02469,46.38389],[6.03675,46.393],[6.05052,46.40801],[6.05275,46.41175],[6.06015,46.41791],[6.06386,46.41639],[6.07457,46.43217],[6.08562,46.44083],[6.0863,46.44346],[6.08439,46.44744],[6.0786,46.45036],[6.07441,46.45351],[6.07311,46.46415],[6.0969,46.4813],[6.1126,46.50956],[6.12077,46.51697],[6.13796,46.53099],[6.14368,46.52774],[6.15347,46.53679],[6.15666,46.5453],[6.13796,46.5578],[6.11374,46.5743],[6.11501,46.57774],[6.12652,46.58992],[6.15512,46.60507],[6.17508,46.614],[6.17897,46.61575],[6.19422,46.62903],[6.20861,46.63658],[6.21296,46.6401],[6.21271,46.64065],[6.21902,46.64509],[6.2308,46.65158],[6.24235,46.66087],[6.25726,46.66979],[6.26726,46.67621],[6.26916,46.6789],[6.26913,46.68255],[6.2705,46.68318],[6.28571,46.69133],[6.29823,46.69481],[6.32511,46.70647],[6.34123,46.71012],[6.3573,46.71972],[6.36016,46.72309],[6.36281,46.72231],[6.3717,46.72412],[6.38493,46.73139],[6.38944,46.73507],[6.39202,46.73897],[6.39018,46.74225],[6.40338,46.75003],[6.42462,46.75446],[6.43032,46.75679],[6.43504,46.75984],[6.45196,46.77642],[6.45842,46.78878],[6.4415,46.79785],[6.43479,46.80149],[6.43104,46.81236],[6.44083,46.81582],[6.43951,46.82398],[6.44316,46.83271],[6.46003,46.8513],[6.46139,46.86231],[6.46462,46.89036],[6.45792,46.90079],[6.4477,46.91124],[6.4416,46.91756],[6.43643,46.92129],[6.43269,46.92868],[6.44481,46.93338],[6.45924,46.94289],[6.47271,46.95692],[6.47775,46.96178],[6.49092,46.97044],[6.49648,46.97414],[6.50481,46.96569],[6.52805,46.97226],[6.53729,46.97347],[6.57114,46.98199],[6.5843,46.98754],[6.59311,46.9918],[6.59619,46.99239],[6.59995,46.99254],[6.6057,46.99093],[6.61797,46.99165],[6.63358,46.99815],[6.64036,47.00281],[6.64605,47.00956],[6.65362,47.02234],[6.65838,47.02672],[6.67792,47.03549],[6.6908,47.0373],[6.69654,47.03731],[6.71151,47.04804],[6.71305,47.05187],[6.7104,47.0551],[6.69953,47.06128],[6.69404,47.06901],[6.70192,47.07097],[6.70597,47.07533],[6.70761,47.07883],[6.70666,47.08004],[6.70874,47.08405],[6.71419,47.0876],[6.72415,47.09084],[6.73429,47.08963],[6.74058,47.09063],[6.74457,47.09268],[6.7467,47.09756],[6.74651,47.09953],[6.74363,47.1023],[6.74309,47.1097],[6.74406,47.10959],[6.74684,47.10999],[6.75206,47.11459],[6.76367,47.11999],[6.77173,47.12148],[6.80629,47.13087],[6.81571,47.13592],[6.8173,47.13773],[6.81991,47.14028],[6.82458,47.14198],[6.82638,47.14421],[6.82835,47.14649],[6.83841,47.15025],[6.85008,47.15696],[6.85827,47.16434],[6.85818,47.16573],[6.85557,47.16629],[6.84838,47.16588],[6.84379,47.16714],[6.84075,47.17074],[6.84127,47.17149],[6.8613,47.17953],[6.86401,47.18043],[6.87111,47.18696],[6.8819,47.20089],[6.89337,47.20782],[6.92572,47.2241],[6.93651,47.23064],[6.94307,47.2363],[6.95555,47.24302],[6.95566,47.24402],[6.9508,47.24797],[6.94985,47.25204],[6.94959,47.25647],[6.95145,47.26307],[6.95097,47.26758],[6.94983,47.27271],[6.94599,47.27864],[6.94457,47.28849],[6.94547,47.2893],[6.94777,47.29098],[6.95344,47.29225],[6.97065,47.29199],[6.98892,47.29598],[7.00089,47.29942],[7.01,47.30379],[7.01619,47.31468],[7.01299,47.3202],[7.01043,47.32039],[7.00965,47.32157],[7.00999,47.32453],[7.03207,47.32767],[7.04223,47.32665],[7.05564,47.33472],[7.05293,47.33669],[7.0598,47.33974],[7.06239,47.34411],[7.05673,47.34686],[7.05111,47.35684],[7.04313,47.36427],[7.03054,47.36948],[7.01868,47.37106],[7.00438,47.36718],[6.99548,47.36338],[6.98934,47.36365],[6.98428,47.36367],[6.97459,47.36049],[6.9549,47.35924],[6.94549,47.35897],[6.93551,47.35756],[6.91708,47.35609],[6.90375,47.35953],[6.90122,47.35885],[6.89964,47.35772],[6.88446,47.35284],[6.87964,47.35254],[6.87936,47.35778],[6.88389,47.37065],[6.89582,47.3799],[6.8951,47.38171],[6.90387,47.38263],[6.91207,47.38619],[6.91387,47.38932],[6.90953,47.39619],[6.91277,47.40059],[6.91325,47.40458],[6.91718,47.40535],[6.91971,47.40663],[6.92412,47.40578],[6.93843,47.40608],[6.94155,47.4157],[6.9403,47.43332],[6.94846,47.4342],[6.95757,47.43381],[6.96371,47.43579],[6.96628,47.43765],[6.97029,47.44711],[6.99019,47.44798],[6.99588,47.44965],[6.99912,47.45247],[7.00048,47.4672],[6.99171,47.4664],[6.99024,47.4724],[6.9883,47.4731],[6.98851,47.48308],[6.98286,47.4943],[7.00372,47.50074],[7.01352,47.50295],[7.02015,47.5044],[7.02493,47.50429],[7.02765,47.50132],[7.0342,47.49919],[7.03665,47.4992],[7.03694,47.49751],[7.05458,47.49582],[7.0785,47.49153],[7.08686,47.49245],[7.09423,47.49544],[7.09691,47.49517],[7.10004,47.49432],[7.11253,47.49511],[7.11569,47.4963],[7.128,47.50388],[7.13026,47.50295],[7.13424,47.50496],[7.13738,47.50935],[7.13944,47.51935],[7.14336,47.52459],[7.14199,47.52516],[7.13835,47.52772],[7.1381,47.53065],[7.13617,47.53273],[7.13519,47.53759],[7.13299,47.53952],[7.13157,47.54028],[7.12743,47.5428],[7.12235,47.54443],[7.1189,47.54759],[7.10571,47.5516],[7.10824,47.55214],[7.10727,47.5561],[7.10788,47.55865],[7.10827,47.56388],[7.10542,47.56829],[7.0995,47.57284],[7.09414,47.5735],[7.09302,47.57736],[7.08893,47.58377],[7.08646,47.58555],[7.0851,47.58612],[7.08529,47.59317],[7.07819,47.59691],[7.07424,47.59891],[7.07406,47.59892],[7.07358,47.59767],[7.07016,47.59633],[7.06987,47.59835],[7.06234,47.60063],[7.03915,47.60035],[7.03429,47.59456],[7.02549,47.59274],[7.02482,47.5892],[7.01965,47.58864],[7.02156,47.59368],[7.01955,47.59593],[7.01298,47.59925],[7.0091,47.59954],[7.00565,47.6021],[7.01032,47.60474],[7.00733,47.61075],[7.00501,47.6196],[7.00693,47.62495],[7.0066,47.62642],[7.00593,47.62892],[7.01054,47.63031],[7.01888,47.64123],[7.01661,47.64538],[7.01895,47.65092],[7.02545,47.64964],[7.0393,47.65051],[7.03481,47.66144],[7.04105,47.66862],[7.04268,47.67204],[7.04137,47.67237],[7.03817,47.6739],[7.03745,47.67537],[7.03858,47.68783],[7.03636,47.69216],[7.03823,47.69262],[7.02756,47.70357],[7.02755,47.70532],[7.03615,47.71894],[7.03587,47.72136],[7.03778,47.72162],[7.03516,47.72462],[7.03277,47.72627],[7.03249,47.72611],[7.02968,47.72865],[7.02237,47.73283],[7.02097,47.7346],[7.01583,47.7438],[7.01289,47.74145],[6.99901,47.74595],[6.9953,47.74619],[6.97101,47.7531],[6.951,47.76331],[6.94255,47.76864],[6.93166,47.7697],[6.92545,47.76956],[6.92275,47.77188],[6.92229,47.7724],[6.91362,47.77738],[6.91121,47.77808],[6.90766,47.77769],[6.9023,47.77663],[6.893,47.77757],[6.8919,47.77875],[6.872,47.78177],[6.86634,47.78369],[6.86538,47.78489],[6.86234,47.7859],[6.84297,47.81282],[6.84158,47.8182],[6.84588,47.82289],[6.84235,47.82509],[6.8394,47.82467],[6.82719,47.81571],[6.82384,47.81426],[6.82361,47.81328],[6.79214,47.8305],[6.78871,47.83384],[6.78878,47.83498],[6.79038,47.83621],[6.79255,47.8405],[6.79222,47.84222],[6.78802,47.84549],[6.78496,47.84956],[6.78262,47.85128],[6.76405,47.85491],[6.75604,47.85918],[6.73835,47.86133],[6.73706,47.86318],[6.73718,47.86495],[6.73536,47.86505],[6.72502,47.87016],[6.7104,47.87593],[6.70368,47.88142],[6.69175,47.8859],[6.68683,47.88826],[6.66811,47.89346],[6.65964,47.89804],[6.64514,47.90413],[6.63928,47.91029],[6.63463,47.92055],[6.62473,47.93021],[6.61304,47.93594],[6.60835,47.94135],[6.60737,47.94379],[6.6041,47.94481],[6.60125,47.94448],[6.56828,47.9345],[6.56254,47.93056],[6.55833,47.92322],[6.55818,47.92302],[6.544,47.90309],[6.54202,47.90253],[6.53873,47.90251],[6.50321,47.89622],[6.47826,47.88544],[6.47021,47.89455],[6.46229,47.89943],[6.45748,47.90568],[6.46174,47.91386],[6.46196,47.91758],[6.45554,47.92024],[6.45186,47.92024],[6.44916,47.92173],[6.4348,47.94292],[6.43159,47.94385],[6.42933,47.94334],[6.40834,47.94329],[6.40193,47.95428],[6.38792,47.95817],[6.37702,47.95928],[6.365,47.96257],[6.34682,47.95549],[6.33625,47.95555],[6.32503,47.94998],[6.3164,47.94958],[6.30843,47.95021],[6.29437,47.95575],[6.28908,47.95584],[6.27733,47.95381],[6.26296,47.94614],[6.2509,47.93923],[6.23798,47.93284],[6.22885,47.93432],[6.22136,47.93315],[6.21434,47.93042],[6.20523,47.93202],[6.20574,47.93516],[6.20871,47.93965],[6.20805,47.94254],[6.19737,47.95179],[6.19331,47.95319],[6.16995,47.9553],[6.16125,47.95829],[6.1608,47.96475],[6.15865,47.96634],[6.15559,47.96548],[6.1554,47.96451],[6.14977,47.96559],[6.15016,47.97014],[6.15518,47.9721],[6.16266,47.97271],[6.16454,47.97311],[6.16522,47.97699],[6.1613,47.97932],[6.15737,47.98418],[6.15227,47.99454],[6.1528,47.99613],[6.15619,48.00676],[6.14889,48.01348],[6.13785,48.01775],[6.13463,48.02004],[6.13131,48.02414],[6.12158,48.02012],[6.11654,48.01939],[6.1137,48.01773],[6.10939,48.01262],[6.09774,48.01504],[6.08555,48.01345],[6.08089,48.01295],[6.0732,48.01594],[6.05571,48.00882],[6.04113,48.00447],[6.03239,47.99907],[6.02495,47.99183],[6.02491,47.98182],[6.01359,47.97146],[6.00897,47.96088],[6.00227,47.95609],[5.99532,47.95746],[5.97565,47.95796],[5.97053,47.9572],[5.97077,47.95416],[5.96902,47.94751],[5.96244,47.945],[5.96033,47.94353],[5.96002,47.94201],[5.95372,47.93703],[5.9475,47.93622],[5.9325,47.93755],[5.93007,47.93917],[5.93778,47.95092],[5.94704,47.95647],[5.95991,47.966],[5.9597,47.96655],[5.96013,47.96802],[5.95883,47.9705],[5.94977,47.97426],[5.94753,47.97971],[5.93689,47.979],[5.92739,47.97439],[5.92133,47.97102],[5.91956,47.96346],[5.91802,47.94744],[5.90781,47.94643],[5.9006,47.94457],[5.89521,47.94054],[5.89294,47.93669],[5.89626,47.93429],[5.89634,47.93044],[5.89051,47.92749],[5.88475,47.92618],[5.89065,47.91012],[5.88674,47.90282],[5.88431,47.90097],[5.86997,47.9007],[5.85161,47.90603],[5.84938,47.90517],[5.848,47.90351],[5.84811,47.9012],[5.84578,47.89932],[5.8451,47.89709],[5.83668,47.88528],[5.82972,47.87918],[5.82448,47.87272],[5.82178,47.86697],[5.82467,47.85939],[5.82507,47.85666],[5.82843,47.85193],[5.8056,47.84735],[5.79843,47.85297],[5.79888,47.85571],[5.78784,47.85525],[5.7612,47.85934],[5.75342,47.85178],[5.74945,47.85244],[5.7442,47.84885],[5.74353,47.84253],[5.74593,47.83753],[5.74609,47.82356],[5.74393,47.82315],[5.74263,47.82013],[5.74088,47.81934],[5.73143,47.81763],[5.72792,47.81842],[5.72311,47.82028],[5.71362,47.82145],[5.70022,47.82389],[5.69463,47.8225],[5.69153,47.82095],[5.68542,47.81284],[5.68145,47.80829],[5.68144,47.80115],[5.67638,47.77914],[5.67956,47.77822],[5.68213,47.77553],[5.68001,47.77009],[5.68892,47.76893],[5.69656,47.77051],[5.70511,47.76915],[5.70753,47.76755],[5.70897,47.76413],[5.70765,47.76172],[5.70624,47.75118],[5.70944,47.74513],[5.7064,47.74245],[5.69316,47.73764],[5.68965,47.73438],[5.68863,47.73053],[5.69591,47.72524],[5.68506,47.72283],[5.6842,47.71228],[5.68884,47.70945],[5.69271,47.70551],[5.69495,47.69436],[5.69368,47.69052],[5.68572,47.68311],[5.67656,47.68356],[5.66738,47.68552],[5.65966,47.68473],[5.65929,47.68282],[5.65318,47.67718],[5.64611,47.67607],[5.63134,47.67725],[5.6163,47.67346],[5.60989,47.67349],[5.60609,47.67521],[5.59682,47.67202],[5.58502,47.69054],[5.58422,47.70045],[5.58278,47.70248],[5.57049,47.70669],[5.56737,47.7072],[5.56678,47.70495],[5.54791,47.69016],[5.5376,47.67977],[5.52985,47.67299],[5.52226,47.67355],[5.52004,47.67366],[5.51534,47.67391],[5.50934,47.67529],[5.50705,47.6766],[5.48277,47.68464],[5.47577,47.68123],[5.47257,47.67672],[5.46794,47.67457],[5.46265,47.67323],[5.44406,47.6707],[5.43521,47.67104],[5.43039,47.67337],[5.42156,47.67468],[5.41325,47.67515],[5.40751,47.67309],[5.40651,47.67354],[5.40269,47.65668],[5.39884,47.65308],[5.40561,47.64813],[5.40574,47.64687],[5.40331,47.64513],[5.39959,47.64302],[5.39642,47.64234],[5.3888,47.63738],[5.38388,47.63273],[5.37312,47.61963],[5.37233,47.61442],[5.37384,47.60448],[5.36764,47.60203],[5.36263,47.59867],[5.35656,47.59365],[5.35572,47.5917],[5.35477,47.59136],[5.34194,47.5975],[5.34538,47.60412],[5.3377,47.60953],[5.32246,47.61241],[5.31846,47.61002],[5.30868,47.60717],[5.30629,47.60726],[5.30365,47.60645],[5.29713,47.60113],[5.28698,47.59561],[5.27841,47.58441],[5.27789,47.58157],[5.26622,47.58053],[5.25623,47.57655],[5.25292,47.57695],[5.24852,47.58881],[5.23811,47.5965],[5.25872,47.62217],[5.25565,47.62305],[5.25054,47.62215],[5.24287,47.6182],[5.23923,47.61613],[5.23694,47.61677],[5.23742,47.61834],[5.23392,47.62369],[5.21232,47.64142],[5.19654,47.64522],[5.18858,47.64956],[5.18839,47.64961],[5.1804,47.64997],[5.17463,47.65148],[5.1732,47.65337],[5.17369,47.66131],[5.17932,47.67931],[5.17844,47.68098],[5.16158,47.68043],[5.16046,47.67814],[5.15503,47.66689],[5.13755,47.65268],[5.1286,47.64872],[5.11744,47.64944],[5.1166,47.65189],[5.11189,47.65002],[5.10887,47.64969],[5.10274,47.65465],[5.09377,47.65792],[5.08148,47.66008],[5.07864,47.6626],[5.07927,47.66834],[5.07263,47.66477],[5.06183,47.66727],[5.05789,47.66831],[5.04694,47.67506],[5.04777,47.67885],[5.05736,47.69055],[5.05948,47.69583],[5.05572,47.69743],[5.0465,47.69384],[5.03472,47.6922],[5.02878,47.69328],[5.0289,47.69697],[5.03276,47.70408],[5.02916,47.70992],[5.02627,47.70949],[5.01706,47.706],[5.00477,47.70125],[5.00408,47.70035],[5.00235,47.69635],[5.0036,47.69355],[4.99745,47.69054],[4.99134,47.68834],[4.97642,47.68715],[4.96956,47.68586],[4.96857,47.68732],[4.9723,47.68994],[4.97242,47.69115],[4.95961,47.69712],[4.95405,47.70191],[4.95381,47.70691],[4.95691,47.70905],[4.9707,47.72764],[4.97154,47.73108],[4.96878,47.73533],[4.96476,47.73546],[4.96049,47.73282],[4.95736,47.73298],[4.96614,47.74056],[4.96009,47.75368],[4.95899,47.76187],[4.95675,47.76251],[4.93996,47.76221],[4.93074,47.76133],[4.91692,47.76685],[4.91881,47.76718],[4.92208,47.77136],[4.91796,47.77709],[4.92434,47.77997],[4.93707,47.78292],[4.94308,47.78571],[4.95525,47.7896],[4.96451,47.79526],[4.9824,47.80092],[4.98816,47.80386],[4.98962,47.80559],[4.99155,47.81461],[4.99413,47.81975],[4.98496,47.82525],[4.9843,47.82434],[4.98457,47.82896],[4.97325,47.8312],[4.96835,47.83194],[4.96343,47.83864],[4.96302,47.84848],[4.9541,47.86677],[4.93962,47.86727],[4.92745,47.87155],[4.92825,47.87283],[4.92825,47.88368],[4.92375,47.89219],[4.91942,47.89441],[4.91398,47.90367],[4.90586,47.91431],[4.90597,47.91647],[4.90393,47.91867],[4.89023,47.92231],[4.87598,47.92029],[4.87099,47.91848],[4.86923,47.91773],[4.85679,47.89563],[4.83403,47.90678],[4.82942,47.91243],[4.82894,47.91512],[4.83101,47.91713],[4.84701,47.92458],[4.85502,47.93258],[4.86609,47.94051],[4.86512,47.94169],[4.85612,47.95328],[4.85008,47.95784],[4.83838,47.96049],[4.81778,47.96386],[4.80208,47.96259],[4.78652,47.9642],[4.78483,47.96816],[4.78615,47.97154],[4.78747,47.97136],[4.79152,47.97851],[4.80065,47.98482],[4.80206,47.99298],[4.79331,48.00015],[4.78949,48.00811],[4.76994,48.00571],[4.7493,48.00425],[4.73661,48.00532],[4.71992,48.00914],[4.72272,48.01015],[4.71842,48.01108],[4.70435,48.02029],[4.70071,48.02348],[4.69883,48.02391],[4.68744,48.02099],[4.67326,48.01527],[4.67082,48.01534],[4.64758,48.0257],[4.62387,48.02545],[4.62196,48.02438],[4.61726,48.02845],[4.61655,48.0313],[4.61259,48.03014],[4.60352,48.02943],[4.59193,48.02991],[4.5802,48.029],[4.57256,48.02548],[4.56039,48.01541],[4.55562,48.01362],[4.55467,48.01238],[4.54967,48.00523],[4.54712,48.00487],[4.53572,48.00677],[4.53583,48.00098],[4.54098,47.99203],[4.54527,47.98841],[4.555,47.98599],[4.55862,47.97742],[4.55971,47.97153],[4.55355,47.96788],[4.55254,47.96795],[4.53175,47.96997],[4.50883,47.96653],[4.49117,47.9673],[4.48223,47.9634],[4.47077,47.9608],[4.45575,47.95985],[4.44713,47.95638],[4.4456,47.95762],[4.43804,47.95963],[4.43502,47.96049],[4.42817,47.96594],[4.4172,47.96868],[4.4105,47.96761],[4.3907,47.96162],[4.36935,47.95996],[4.3662,47.95836],[4.35835,47.95697],[4.34964,47.9566],[4.34218,47.95717],[4.33447,47.95909],[4.32005,47.95956],[4.31414,47.96139],[4.31272,47.96269],[4.309,47.96117],[4.30577,47.95433],[4.30393,47.95262],[4.29808,47.94974],[4.29924,47.94879],[4.30181,47.94006],[4.2928,47.92588],[4.29108,47.92626],[4.27455,47.92381],[4.26973,47.92368],[4.26649,47.92396],[4.24811,47.92926],[4.24139,47.93391],[4.22812,47.94658],[4.22391,47.9485],[4.22214,47.94969],[4.22252,47.951],[4.22794,47.96252],[4.22582,47.97209],[4.22103,47.97117],[4.21266,47.97192],[4.19877,47.96969],[4.19554,47.96787],[4.1929,47.965],[4.20187,47.96195],[4.20784,47.94659],[4.2064,47.94412],[4.20225,47.94148],[4.19392,47.94037],[4.1855,47.94027],[4.18571,47.94934],[4.18417,47.95589],[4.18127,47.95731],[4.16721,47.96014],[4.15586,47.95579],[4.14358,47.945],[4.14261,47.94411],[4.14184,47.93711],[4.12211,47.93165],[4.12046,47.93244],[4.09594,47.9276],[4.09269,47.94128],[4.09276,47.94248],[4.08969,47.94501],[4.08488,47.94507],[4.07576,47.94297],[4.06076,47.94579],[4.05632,47.94182],[4.05708,47.93661],[4.05405,47.92948],[4.0464,47.92685],[4.0329,47.92938],[4.02521,47.92862],[4.01319,47.93334],[4.005,47.94259],[3.99617,47.93804],[3.98578,47.93067],[3.98443,47.93147],[3.98119,47.93017],[3.98048,47.93099],[3.97158,47.93304],[3.95476,47.93356],[3.94477,47.93212],[3.93429,47.93199],[3.93161,47.93231],[3.92626,47.93481],[3.91825,47.92816],[3.91428,47.93031],[3.89558,47.92861],[3.89403,47.92917],[3.89992,47.93586],[3.90371,47.9463],[3.9062,47.96126],[3.90802,47.96474],[3.91282,47.96868],[3.9147,47.9757],[3.91093,47.98182],[3.90681,47.9852],[3.90356,47.99168],[3.88932,48.00039],[3.88567,48.0003],[3.88383,48.00081],[3.88154,48.00034],[3.88331,47.9909],[3.88145,47.98264],[3.87281,47.97757],[3.8617,47.97658],[3.86247,47.9785],[3.86014,47.98221],[3.85003,47.98373],[3.85041,47.98465],[3.84713,47.99165],[3.83908,47.99925],[3.83956,48.00394],[3.84573,48.00341],[3.85996,48.00388],[3.87069,48.00298],[3.87053,48.01689],[3.8681,48.01944],[3.8564,48.02391],[3.85118,48.02746],[3.84544,48.03237],[3.84323,48.03554],[3.83454,48.03782],[3.8322,48.03636],[3.82205,48.04414],[3.82416,48.04545],[3.82568,48.0499],[3.82525,48.06285],[3.82625,48.06366],[3.81664,48.07124],[3.80878,48.08022],[3.80142,48.08554],[3.79949,48.08612],[3.79807,48.08649],[3.79758,48.09233],[3.80006,48.09656],[3.80565,48.10051],[3.80417,48.10353],[3.80124,48.10597],[3.80166,48.10673],[3.79888,48.1082],[3.78605,48.1194],[3.7777,48.12491],[3.76858,48.13298],[3.76802,48.13376],[3.76212,48.13181],[3.75691,48.12531],[3.75122,48.12601],[3.74013,48.13201],[3.73894,48.13591],[3.73974,48.1387],[3.75479,48.1511],[3.75221,48.16109],[3.74548,48.16753],[3.72175,48.17475],[3.71821,48.17542],[3.71437,48.17464],[3.71393,48.17116],[3.72216,48.1599],[3.72157,48.15527],[3.70709,48.14633],[3.69905,48.14778],[3.69528,48.15176],[3.69452,48.15506],[3.69306,48.15502],[3.68753,48.14404],[3.66791,48.13929],[3.66231,48.15445],[3.65065,48.16823],[3.64749,48.1733],[3.64613,48.17826],[3.64051,48.18462],[3.63322,48.18888],[3.62615,48.19116],[3.61965,48.19089],[3.59392,48.17868],[3.57762,48.18674],[3.57508,48.18882],[3.58737,48.19522],[3.60888,48.20949],[3.6138,48.21702],[3.61394,48.22026],[3.62177,48.22566],[3.61895,48.22858],[3.61339,48.23214],[3.6092,48.23222],[3.6047,48.23003],[3.60079,48.23307],[3.59992,48.23717],[3.61139,48.24676],[3.62432,48.25453],[3.62386,48.2593],[3.61803,48.26967],[3.61521,48.27252],[3.61518,48.27254],[3.6091,48.27529],[3.58772,48.27995],[3.5778,48.28459],[3.57805,48.28697],[3.58609,48.29035],[3.58805,48.29608],[3.58793,48.30094],[3.58053,48.3049],[3.57145,48.30594],[3.56681,48.30758],[3.5622,48.31114],[3.56108,48.31207],[3.56501,48.31347],[3.56529,48.31934],[3.56384,48.3212],[3.56309,48.32157],[3.55328,48.3191],[3.5439,48.31979],[3.54387,48.33291],[3.54503,48.33434],[3.54283,48.33588],[3.53675,48.338],[3.52285,48.34867],[3.51317,48.36063],[3.49763,48.36958],[3.47488,48.36927],[3.47082,48.37444],[3.4706,48.37474],[3.46834,48.37405],[3.45875,48.3747],[3.45082,48.37392],[3.44733,48.37249],[3.44194,48.36706],[3.43382,48.36163],[3.42751,48.35997],[3.42331,48.36757],[3.41354,48.37643],[3.41304,48.38155],[3.41474,48.39019],[3.40116,48.39086],[3.39456,48.39354],[3.37555,48.39861],[3.37352,48.39336],[3.36624,48.39153],[3.36366,48.38517],[3.36293,48.37609],[3.36574,48.37592],[3.36518,48.37227],[3.35667,48.37099],[3.35593,48.37652],[3.35669,48.3785],[3.35115,48.37874],[3.34834,48.37333],[3.33645,48.37313],[3.33546,48.37019],[3.33081,48.37326],[3.3298,48.37223],[3.31999,48.37544],[3.31038,48.37478],[3.31104,48.37298],[3.30779,48.373],[3.29058,48.37831],[3.28291,48.38162],[3.28248,48.37744],[3.27315,48.37717],[3.27232,48.37883],[3.26804,48.37784],[3.25925,48.36811],[3.25451,48.36511],[3.25115,48.36516],[3.23303,48.3702],[3.22579,48.36991],[3.22333,48.37047],[3.21369,48.36696],[3.20415,48.36438],[3.20008,48.36386],[3.18616,48.36828],[3.18463,48.36809],[3.18117,48.37445],[3.17619,48.37666],[3.17157,48.37742],[3.16691,48.3709],[3.15243,48.37144],[3.14919,48.3698],[3.14664,48.36665],[3.13982,48.37257],[3.12597,48.36779],[3.12212,48.36864],[3.11923,48.3669],[3.10336,48.34936],[3.09953,48.35178],[3.09944,48.35308],[3.08721,48.359],[3.07138,48.35865],[3.06632,48.35767],[3.06035,48.35742],[3.0543,48.3605],[3.05028,48.36],[3.04494,48.35579],[3.03784,48.34378],[3.03629,48.33779],[3.03667,48.33495],[3.03873,48.33406],[3.03851,48.33037],[3.03606,48.32576],[3.01534,48.3073],[3.02295,48.3031],[3.02752,48.30284],[3.02723,48.30074],[3.02055,48.2935],[3.02961,48.28578],[3.02473,48.27603],[3.0448,48.27142],[3.04604,48.26685],[3.0441,48.26061],[3.04735,48.2497],[3.04176,48.24938],[3.0365,48.25085],[3.03143,48.24885],[3.01302,48.22218],[3.00904,48.21646],[3.00732,48.21107],[3.00493,48.20771],[2.99199,48.20566],[2.98907,48.20923],[2.98294,48.20681],[2.97096,48.19421],[2.95951,48.19161],[2.95535,48.19251],[2.94872,48.18938],[2.93467,48.17912],[2.93485,48.16882],[2.93662,48.16346],[2.95322,48.16517],[2.9637,48.15308],[2.97999,48.15404],[2.99068,48.1527],[2.99096,48.1469],[2.99393,48.14234],[2.99934,48.14048],[3.00331,48.14225],[3.0039,48.14486],[3.01,48.14572],[3.02231,48.13522],[3.02312,48.13567],[3.02931,48.13332],[3.0159,48.1158],[3.03443,48.11578],[3.04207,48.09617],[3.04287,48.09608],[3.04291,48.09338],[3.04538,48.09282],[3.04593,48.09358],[3.04903,48.09383],[3.05029,48.09144],[3.04989,48.08867],[3.05022,48.07216],[3.06291,48.06382],[3.08832,48.05393],[3.09542,48.05398],[3.09238,48.04638],[3.0958,48.0401],[3.10402,48.03652],[3.12423,48.03111],[3.12422,48.03097],[3.12044,48.02678],[3.10296,48.02403],[3.09951,48.02186],[3.09939,48.02093],[3.09966,48.01921],[3.10487,48.01295],[3.10926,48.01155],[3.11352,48.01195],[3.11878,48.00697],[3.12197,48.00197],[3.12112,47.99594],[3.12228,47.99262],[3.12406,47.99149],[3.12668,47.99127],[3.12466,47.9892],[3.1282,47.98028],[3.12842,47.97104],[3.12681,47.96838],[3.11453,47.96361],[3.11042,47.95867],[3.10964,47.95408],[3.10527,47.94694],[3.08767,47.94301],[3.08125,47.93812],[3.07851,47.93143],[3.06521,47.93051],[3.05886,47.92696],[3.05049,47.91541],[3.04228,47.91181],[3.03609,47.91179],[3.03059,47.90788],[3.01217,47.89938],[3.00708,47.89544],[3.00989,47.88961],[3.01176,47.88054],[3.01154,47.87485],[3.00226,47.86906],[2.99462,47.86736],[2.99992,47.867],[3.00536,47.86405],[3.0106,47.86231],[3.02319,47.86099],[3.02924,47.85708],[3.03197,47.84982],[3.03387,47.8437],[3.02906,47.83503],[3.0253,47.83567],[3.01222,47.83424],[3.01458,47.82272],[3.01938,47.81644],[3.01502,47.81343],[3.02214,47.81266],[3.02434,47.81308],[3.02414,47.80892],[3.02807,47.80115],[3.0238,47.78637],[2.99848,47.78681],[2.99003,47.78629],[2.98044,47.78253],[2.97882,47.78029],[2.96506,47.77669],[2.94297,47.76555],[2.93559,47.76325],[2.9334,47.76296],[2.92505,47.76431],[2.91616,47.76877],[2.91303,47.76943],[2.90949,47.7695],[2.89549,47.76455],[2.88958,47.76392],[2.8693,47.76465],[2.86141,47.76166],[2.85636,47.7618],[2.8577,47.75082],[2.85347,47.72904],[2.85225,47.72665],[2.84852,47.72602],[2.84865,47.71698],[2.85832,47.71203],[2.86574,47.71326],[2.87886,47.72035],[2.88466,47.71389],[2.88294,47.70262],[2.88407,47.70207],[2.89309,47.69888],[2.91406,47.68994],[2.92095,47.68318],[2.92296,47.67797],[2.92014,47.67091],[2.91817,47.66977],[2.92152,47.66668],[2.94103,47.65758],[2.94234,47.6534],[2.95394,47.64594],[2.93615,47.63642],[2.93652,47.6335],[2.93232,47.62705],[2.93565,47.6264],[2.94097,47.61322],[2.93912,47.5999],[2.94345,47.59317],[2.94939,47.5899],[2.9512,47.58975],[2.96449,47.58177],[2.97498,47.57254],[2.97654,47.56948],[2.9633,47.56394],[2.95879,47.55751],[2.91433,47.56603],[2.91172,47.56281],[2.90976,47.5618],[2.90939,47.55962],[2.90568,47.55736],[2.89511,47.55397],[2.88386,47.55272],[2.87441,47.55304],[2.84489,47.54489],[2.84864,47.53772],[2.85054,47.53611],[2.87449,47.52035],[2.87905,47.51761],[2.88957,47.50776],[2.89232,47.49915],[2.89696,47.48515],[2.89932,47.4806],[2.90842,47.47583],[2.91406,47.4709],[2.91919,47.46062],[2.91983,47.45873],[2.92099,47.45544],[2.93122,47.44091],[2.93156,47.43392],[2.93073,47.43132],[2.92231,47.42502],[2.91993,47.42144],[2.91988,47.4209],[2.91977,47.41047],[2.91893,47.40629],[2.90974,47.39567],[2.90633,47.39322],[2.89039,47.36577],[2.88807,47.36268],[2.88026,47.35642],[2.87978,47.35453],[2.87349,47.3484],[2.86964,47.34086],[2.87387,47.32914],[2.87657,47.32187],[2.88488,47.31636],[2.89929,47.31278],[2.90928,47.31053],[2.91296,47.30831],[2.92333,47.30084],[2.93655,47.28899],[2.96374,47.27382],[2.97354,47.26994],[2.97741,47.26713],[2.98308,47.2608],[2.9818,47.25352],[2.97796,47.23555],[2.97887,47.22957],[2.98169,47.22199],[2.98668,47.21414],[2.99385,47.20668],[2.99773,47.20085],[3.00907,47.18032],[3.01358,47.16972],[3.01595,47.15909],[3.01928,47.15629],[3.02062,47.15322],[3.01893,47.14968],[3.0212,47.13644],[3.02495,47.13111],[3.02828,47.12843],[3.03,47.10832],[3.03021,47.10722],[3.03124,47.09194],[3.02252,47.08016],[3.0201,47.07612],[3.01872,47.07078],[3.02225,47.06365],[3.0253,47.06071],[3.02955,47.05839],[3.04456,47.05331],[3.05084,47.05052],[3.05397,47.04825],[3.06183,47.04542],[3.06361,47.04617],[3.06879,47.04006],[3.07477,47.03],[3.07574,47.01915],[3.07368,47.01237],[3.06807,47.00615],[3.06532,46.99717],[3.06281,46.98711],[3.06289,46.98059],[3.06964,46.96678],[3.07353,46.96302],[3.07934,46.96024],[3.07917,46.95432],[3.06603,46.93842],[3.06458,46.93579],[3.06315,46.9294],[3.05393,46.91754],[3.05001,46.90888],[3.05102,46.90532],[3.0606,46.89853],[3.06114,46.89738],[3.06336,46.88995],[3.068,46.87764],[3.06779,46.87425],[3.06542,46.86981],[3.06526,46.86444],[3.06946,46.85239],[3.06602,46.84658],[3.05695,46.8425],[3.05459,46.83877],[3.05849,46.83159],[3.0592,46.82664],[3.03916,46.80974],[3.03502,46.80285],[3.03206,46.79491],[3.0323,46.79335],[3.03593,46.78883],[3.03674,46.78461],[3.03619,46.77648],[3.03757,46.77285],[3.04888,46.75835],[3.06088,46.75012],[3.08354,46.73786],[3.10461,46.73316],[3.11174,46.73089],[3.12263,46.72955],[3.12956,46.72743],[3.13267,46.72503],[3.14357,46.71268],[3.14703,46.71023],[3.14886,46.70864]]]}},{"type":"Feature","properties":{"code":"52","nom":"Pays de la Loire"},"geometry":{"type":"MultiPolygon","coordinates":[[[[-2.2858,46.68848],[-2.28357,46.6885],[-2.28326,46.69245],[-2.28611,46.69583],[-2.30109,46.70753],[-2.31837,46.71876],[-2.32569,46.72035],[-2.33461,46.71909],[-2.33924,46.71931],[-2.34236,46.72249],[-2.34212,46.72611],[-2.34431,46.72777],[-2.34593,46.7285],[-2.34788,46.72702],[-2.34382,46.72494],[-2.34977,46.72569],[-2.34957,46.72682],[-2.35238,46.72818],[-2.37467,46.73335],[-2.38089,46.73324],[-2.39838,46.72595],[-2.39956,46.72402],[-2.3984,46.71854],[-2.3961,46.7147],[-2.38305,46.69981],[-2.37954,46.69874],[-2.37801,46.69915],[-2.37725,46.70228],[-2.37574,46.70302],[-2.36961,46.7019],[-2.36166,46.6947],[-2.33604,46.68952],[-2.31869,46.69192],[-2.30903,46.69566],[-2.29725,46.69303],[-2.28625,46.68931],[-2.2858,46.68848]]],[[[-2.17697,46.93124],[-2.17283,46.92299],[-2.16649,46.90491],[-2.15632,46.89604],[-2.14907,46.8938],[-2.148,46.89456],[-2.14808,46.89749],[-2.15192,46.90795],[-2.15069,46.9166],[-2.15061,46.93963],[-2.15687,46.95014],[-2.17122,46.9565],[-2.18733,46.96114],[-2.21203,46.97026],[-2.22933,46.97351],[-2.2303,46.97309],[-2.23259,46.97522],[-2.23747,46.98205],[-2.23546,46.98669],[-2.23167,46.98936],[-2.22352,46.9892],[-2.22398,46.98926],[-2.23697,46.98948],[-2.2393,46.98932],[-2.24335,46.98839],[-2.24554,46.98549],[-2.24552,46.98651],[-2.24466,46.98768],[-2.24326,46.98861],[-2.23396,46.99072],[-2.23394,46.99176],[-2.2357,46.99531],[-2.23717,46.99588],[-2.24733,46.99375],[-2.24757,46.99971],[-2.24133,46.99878],[-2.22368,46.99139],[-2.22096,46.99337],[-2.21934,46.9975],[-2.21928,47.00813],[-2.22023,47.01168],[-2.22538,47.01657],[-2.23727,47.01732],[-2.24496,47.01964],[-2.25276,47.02512],[-2.25862,47.02807],[-2.27269,47.02814],[-2.28389,47.02599],[-2.29766,47.02578],[-2.29571,47.01588],[-2.29243,47.0122],[-2.29221,47.01057],[-2.29389,47.00627],[-2.30073,46.9982],[-2.3028,46.99405],[-2.30183,46.98957],[-2.29504,46.98614],[-2.29348,46.98323],[-2.2913,46.98128],[-2.28969,46.981],[-2.29337,46.9834],[-2.29241,46.98537],[-2.28699,46.98357],[-2.28999,46.98196],[-2.28842,46.98223],[-2.28704,46.98316],[-2.28362,46.98157],[-2.26723,46.96397],[-2.26225,46.95947],[-2.25911,46.95837],[-2.25555,46.95834],[-2.25298,46.95895],[-2.24777,46.96258],[-2.23909,46.96516],[-2.22335,46.96539],[-2.21152,46.96019],[-2.19779,46.95118],[-2.18525,46.94077],[-2.17697,46.93124]]],[[[-2.21885,46.98784],[-2.22135,46.98879],[-2.22273,46.9891],[-2.2234,46.98919],[-2.21885,46.98784]]],[[[-2.22352,46.9892],[-2.2234,46.98919],[-2.22345,46.9892],[-2.22352,46.9892]]],[[[-1.79661,46.49791],[-1.79596,46.50176],[-1.7894,46.50443],[-1.78777,46.50216],[-1.79331,46.50059],[-1.79511,46.49924],[-1.79578,46.49795],[-1.79465,46.49734],[-1.7909,46.4971],[-1.78806,46.49834],[-1.78777,46.49924],[-1.7864,46.49788],[-1.78933,46.49637],[-1.79495,46.49615],[-1.795,46.4954],[-1.79369,46.49267],[-1.79175,46.49055],[-1.7934,46.49247],[-1.79281,46.49323],[-1.78967,46.49457],[-1.78414,46.49467],[-1.77815,46.49311],[-1.77403,46.49082],[-1.77012,46.48901],[-1.76136,46.4803],[-1.75363,46.47429],[-1.71865,46.45925],[-1.71411,46.45847],[-1.71103,46.45267],[-1.70865,46.45094],[-1.70451,46.4489],[-1.69577,46.4467],[-1.68783,46.44265],[-1.68093,46.44132],[-1.67959,46.43807],[-1.67895,46.43816],[-1.68055,46.4409],[-1.67689,46.44076],[-1.67644,46.43908],[-1.66722,46.43794],[-1.66325,46.43497],[-1.65739,46.43324],[-1.6549,46.43271],[-1.65217,46.43382],[-1.64237,46.43205],[-1.64363,46.43212],[-1.65323,46.42429],[-1.65381,46.42211],[-1.6526,46.42149],[-1.62765,46.41558],[-1.60549,46.41252],[-1.58601,46.40858],[-1.58413,46.40742],[-1.57922,46.40639],[-1.57918,46.40647],[-1.58411,46.4075],[-1.58513,46.40875],[-1.58328,46.40974],[-1.58032,46.40952],[-1.56392,46.40669],[-1.54897,46.40538],[-1.54335,46.40886],[-1.54108,46.40967],[-1.53468,46.40908],[-1.51701,46.40492],[-1.50452,46.39943],[-1.49448,46.38944],[-1.48199,46.37143],[-1.47821,46.36496],[-1.47117,46.34592],[-1.46629,46.34257],[-1.44863,46.34065],[-1.44095,46.34062],[-1.43682,46.34106],[-1.4266,46.34614],[-1.40834,46.34317],[-1.40214,46.34104],[-1.38649,46.34098],[-1.3793,46.34288],[-1.37631,46.3453],[-1.3773,46.34755],[-1.37296,46.34917],[-1.36926,46.34928],[-1.3593,46.34791],[-1.35526,46.34622],[-1.34757,46.34343],[-1.33687,46.33679],[-1.31777,46.31515],[-1.312,46.30475],[-1.30097,46.29461],[-1.2944,46.29085],[-1.28727,46.2876],[-1.28331,46.28628],[-1.27977,46.28596],[-1.2793,46.2863],[-1.28419,46.28684],[-1.29308,46.2905],[-1.297,46.29404],[-1.299,46.29821],[-1.30147,46.29937],[-1.29705,46.29845],[-1.29961,46.29921],[-1.30336,46.30184],[-1.29222,46.29799],[-1.28842,46.29768],[-1.28967,46.30353],[-1.29774,46.30883],[-1.31371,46.33164],[-1.33161,46.33845],[-1.33505,46.34304],[-1.33615,46.34703],[-1.3333,46.34578],[-1.3262,46.33994],[-1.3248,46.34052],[-1.30368,46.32809],[-1.29806,46.32633],[-1.29666,46.3214],[-1.2939,46.31939],[-1.29136,46.31875],[-1.28961,46.31694],[-1.28918,46.3157],[-1.28851,46.31495],[-1.28975,46.31363],[-1.2882,46.31463],[-1.28888,46.31541],[-1.28789,46.31633],[-1.28015,46.30955],[-1.26292,46.29873],[-1.25091,46.29239],[-1.23272,46.27976],[-1.20646,46.26764],[-1.20546,46.27158],[-1.20817,46.28354],[-1.20692,46.28911],[-1.1968,46.29996],[-1.20281,46.31326],[-1.2029,46.31594],[-1.20216,46.31628],[-1.17913,46.31944],[-1.16732,46.31987],[-1.16465,46.32341],[-1.1667,46.33271],[-1.16555,46.33271],[-1.16578,46.33209],[-1.16425,46.33299],[-1.16533,46.32982],[-1.16331,46.32432],[-1.14843,46.31679],[-1.13994,46.31142],[-1.13474,46.31147],[-1.12726,46.31539],[-1.12829,46.31999],[-1.1174,46.32884],[-1.11477,46.32919],[-1.10533,46.31479],[-1.09414,46.31507],[-1.0803,46.31875],[-1.07672,46.32077],[-1.07342,46.32701],[-1.07169,46.32986],[-1.06472,46.33515],[-1.05469,46.34696],[-1.05369,46.34952],[-1.05246,46.34257],[-1.03784,46.34798],[-1.02659,46.35003],[-1.01285,46.34928],[-0.99698,46.35309],[-0.98639,46.35108],[-0.97481,46.35123],[-0.97053,46.3548],[-0.96497,46.36534],[-0.96448,46.3653],[-0.96131,46.36397],[-0.95314,46.36353],[-0.94596,46.36468],[-0.9307,46.37077],[-0.92745,46.37074],[-0.93202,46.36546],[-0.93428,46.36002],[-0.93893,46.3456],[-0.94314,46.33709],[-0.95622,46.32684],[-0.95665,46.32318],[-0.95211,46.31955],[-0.94238,46.31692],[-0.91351,46.31378],[-0.91239,46.31309],[-0.89681,46.31698],[-0.89293,46.32029],[-0.89186,46.32316],[-0.8871,46.3269],[-0.86292,46.31913],[-0.85964,46.31766],[-0.84977,46.31781],[-0.84482,46.32521],[-0.84515,46.3269],[-0.84862,46.32962],[-0.84868,46.33241],[-0.83975,46.34078],[-0.83409,46.34216],[-0.83127,46.3419],[-0.82631,46.3368],[-0.8072,46.33029],[-0.803,46.32541],[-0.78504,46.31917],[-0.77949,46.31834],[-0.77577,46.31862],[-0.76745,46.3126],[-0.75038,46.3044],[-0.74567,46.30368],[-0.74149,46.30489],[-0.73463,46.30505],[-0.72687,46.30355],[-0.72175,46.30263],[-0.7197,46.30307],[-0.71593,46.30693],[-0.72197,46.30918],[-0.72209,46.31086],[-0.72103,46.31427],[-0.71641,46.31687],[-0.70774,46.31763],[-0.69731,46.32506],[-0.67213,46.31634],[-0.65199,46.31752],[-0.64869,46.31703],[-0.6434,46.31945],[-0.63448,46.33352],[-0.62946,46.33625],[-0.61875,46.33897],[-0.6055,46.34737],[-0.60694,46.35554],[-0.60311,46.36148],[-0.58599,46.35694],[-0.57696,46.35544],[-0.55896,46.36128],[-0.55759,46.36425],[-0.55201,46.3696],[-0.54805,46.37311],[-0.53815,46.38635],[-0.55178,46.39329],[-0.56615,46.39308],[-0.57185,46.39611],[-0.57239,46.40081],[-0.57655,46.40165],[-0.58859,46.40571],[-0.59208,46.40869],[-0.60055,46.41236],[-0.61003,46.41374],[-0.61279,46.41142],[-0.61576,46.39895],[-0.62091,46.39067],[-0.63423,46.39573],[-0.63631,46.40877],[-0.6394,46.41346],[-0.63998,46.41628],[-0.63636,46.43246],[-0.61851,46.43896],[-0.61633,46.44473],[-0.61732,46.44699],[-0.60817,46.45425],[-0.62037,46.47268],[-0.62456,46.48539],[-0.62526,46.49563],[-0.63443,46.50479],[-0.6446,46.50822],[-0.64609,46.50978],[-0.64642,46.51159],[-0.64204,46.52488],[-0.63597,46.52604],[-0.61987,46.52731],[-0.61114,46.52965],[-0.60223,46.53335],[-0.6023,46.54197],[-0.60324,46.54276],[-0.60713,46.55055],[-0.60637,46.55486],[-0.60998,46.55937],[-0.61794,46.56174],[-0.61994,46.56926],[-0.6247,46.57744],[-0.61871,46.58063],[-0.61442,46.58407],[-0.61162,46.58819],[-0.61431,46.59671],[-0.62694,46.6056],[-0.62301,46.60808],[-0.62255,46.61178],[-0.61763,46.61883],[-0.61583,46.62025],[-0.61411,46.6205],[-0.61405,46.62161],[-0.62631,46.63422],[-0.63493,46.63761],[-0.64448,46.6382],[-0.65707,46.63423],[-0.6596,46.63895],[-0.65344,46.64335],[-0.64846,46.65114],[-0.64153,46.66022],[-0.63752,46.66228],[-0.63697,46.66338],[-0.64174,46.66406],[-0.64724,46.67052],[-0.65804,46.67677],[-0.68108,46.68698],[-0.66105,46.6985],[-0.6562,46.70033],[-0.66637,46.71366],[-0.6734,46.72177],[-0.67539,46.72284],[-0.68194,46.72607],[-0.68717,46.72721],[-0.6887,46.72595],[-0.69447,46.73117],[-0.69689,46.73925],[-0.69723,46.74876],[-0.6983,46.75176],[-0.70393,46.74946],[-0.70872,46.74991],[-0.71548,46.75193],[-0.71956,46.75581],[-0.72,46.76252],[-0.72628,46.76513],[-0.72719,46.76779],[-0.72561,46.77939],[-0.72048,46.78955],[-0.71807,46.80034],[-0.70816,46.8058],[-0.70059,46.80915],[-0.69901,46.80889],[-0.69851,46.81074],[-0.70898,46.82132],[-0.71024,46.82154],[-0.71237,46.82064],[-0.72497,46.82263],[-0.73694,46.82644],[-0.73881,46.82926],[-0.75717,46.83212],[-0.75796,46.83151],[-0.76928,46.83619],[-0.77251,46.83885],[-0.77322,46.84048],[-0.77477,46.84079],[-0.78684,46.85205],[-0.7914,46.85708],[-0.79395,46.85821],[-0.80423,46.8671],[-0.81861,46.8814],[-0.82895,46.88481],[-0.83234,46.88465],[-0.8283,46.88726],[-0.82615,46.89009],[-0.82062,46.89926],[-0.81831,46.90764],[-0.8137,46.91417],[-0.80954,46.9172],[-0.80741,46.92006],[-0.81235,46.92032],[-0.81917,46.91896],[-0.8281,46.92818],[-0.82934,46.93342],[-0.82957,46.9335],[-0.84043,46.93577],[-0.84948,46.9398],[-0.84762,46.94423],[-0.84966,46.94632],[-0.85365,46.94716],[-0.86573,46.94606],[-0.88102,46.94644],[-0.88391,46.95057],[-0.87593,46.9536],[-0.87235,46.95302],[-0.87425,46.95629],[-0.87777,46.95953],[-0.88336,46.96283],[-0.89619,46.96845],[-0.90219,46.9703],[-0.9025,46.97062],[-0.90207,46.97102],[-0.90352,46.97157],[-0.89219,46.97608],[-0.8669,46.97311],[-0.86255,46.97131],[-0.86066,46.96889],[-0.8526,46.97101],[-0.84924,46.97382],[-0.84766,46.98623],[-0.8453,46.98805],[-0.82163,46.99363],[-0.8115,46.99392],[-0.81129,46.98885],[-0.80735,46.98861],[-0.8051,46.98954],[-0.80837,46.99157],[-0.80914,46.99059],[-0.81103,46.99151],[-0.80963,46.99266],[-0.78963,47.00241],[-0.78757,47.00512],[-0.77227,47.00458],[-0.76866,47.00151],[-0.76828,46.99508],[-0.76152,46.99226],[-0.74915,46.99214],[-0.74363,46.99434],[-0.74341,47.00099],[-0.72926,46.99593],[-0.71932,46.98815],[-0.7122,46.98667],[-0.70651,46.98902],[-0.69858,46.99465],[-0.69696,46.99471],[-0.69209,46.99277],[-0.6868,46.98803],[-0.68019,46.98766],[-0.67769,46.98998],[-0.67853,46.99211],[-0.68038,46.99324],[-0.67518,46.99871],[-0.66994,47.0008],[-0.66036,46.99833],[-0.64814,46.99374],[-0.64387,46.99351],[-0.63815,46.99566],[-0.62723,46.99512],[-0.62009,46.99331],[-0.61878,46.99234],[-0.61578,46.99286],[-0.59549,46.99791],[-0.58719,47.00623],[-0.58712,47.0071],[-0.5758,47.01705],[-0.55982,47.02652],[-0.55359,47.02978],[-0.55086,47.02907],[-0.54701,47.02883],[-0.54234,47.03253],[-0.54204,47.03497],[-0.54428,47.03731],[-0.55601,47.04438],[-0.55827,47.05323],[-0.55799,47.05526],[-0.55437,47.05726],[-0.5567,47.06069],[-0.55946,47.06181],[-0.5579,47.06339],[-0.54044,47.06963],[-0.51911,47.07603],[-0.51525,47.07803],[-0.51368,47.07745],[-0.51059,47.07767],[-0.50217,47.08017],[-0.49038,47.08237],[-0.46397,47.08192],[-0.45966,47.08213],[-0.45899,47.07994],[-0.46418,47.07436],[-0.47178,47.07243],[-0.47809,47.07191],[-0.48499,47.06597],[-0.48533,47.06389],[-0.48032,47.05334],[-0.47634,47.05436],[-0.47246,47.0577],[-0.46502,47.06689],[-0.46108,47.06881],[-0.45469,47.06736],[-0.44614,47.06756],[-0.44031,47.06848],[-0.42698,47.07299],[-0.41756,47.07066],[-0.40862,47.06638],[-0.40423,47.06815],[-0.4012,47.07075],[-0.39806,47.07972],[-0.39606,47.09154],[-0.38711,47.09228],[-0.38696,47.09112],[-0.38256,47.0882],[-0.3771,47.08869],[-0.35913,47.09366],[-0.34798,47.09171],[-0.34212,47.08872],[-0.34176,47.08738],[-0.34019,47.08755],[-0.31256,47.09226],[-0.29792,47.0997],[-0.2875,47.10169],[-0.28032,47.09989],[-0.26941,47.10112],[-0.26739,47.10181],[-0.26573,47.10549],[-0.26262,47.1057],[-0.26305,47.10158],[-0.26056,47.09977],[-0.25479,47.10089],[-0.25215,47.10236],[-0.23407,47.1036],[-0.2174,47.09852],[-0.20614,47.09317],[-0.18665,47.1014],[-0.18469,47.10698],[-0.18527,47.10841],[-0.17985,47.10817],[-0.16733,47.10401],[-0.1578,47.10205],[-0.14807,47.1023],[-0.1414,47.10413],[-0.14055,47.0984],[-0.14573,47.09164],[-0.15282,47.08793],[-0.16269,47.08423],[-0.16529,47.08244],[-0.17885,47.07003],[-0.17458,47.06764],[-0.16601,47.0647],[-0.15734,47.07024],[-0.15091,47.06988],[-0.14512,47.06831],[-0.13844,47.06547],[-0.13015,47.05498],[-0.12879,47.05442],[-0.11938,47.05927],[-0.1021,47.06517],[-0.10503,47.0713],[-0.10067,47.08477],[-0.10128,47.08578],[-0.09722,47.09166],[-0.09512,47.09518],[-0.08591,47.10101],[-0.08299,47.09926],[-0.06771,47.09356],[-0.05698,47.09522],[-0.04464,47.09338],[-0.04095,47.08771],[-0.03967,47.08701],[-0.03543,47.08687],[-0.02934,47.09555],[-0.02653,47.10609],[-0.03728,47.1077],[-0.0384,47.10946],[-0.0401,47.1128],[-0.03984,47.11475],[-0.03444,47.12062],[-0.03419,47.12739],[-0.0121,47.15645],[-0.00182,47.16376],[0.01055,47.16961],[0.01888,47.17599],[0.03626,47.16005],[0.04017,47.1638],[0.04796,47.16779],[0.05391,47.16368],[0.06318,47.1763],[0.06652,47.18966],[0.06189,47.19043],[0.0566,47.19425],[0.05358,47.19932],[0.0562,47.20078],[0.06115,47.20838],[0.06819,47.21578],[0.07452,47.21444],[0.07624,47.2161],[0.0792,47.21676],[0.07887,47.21781],[0.07705,47.21941],[0.07247,47.22],[0.07328,47.24791],[0.08079,47.26789],[0.0799,47.27168],[0.0834,47.27496],[0.08855,47.27538],[0.08652,47.2805],[0.08242,47.28276],[0.08126,47.28657],[0.0955,47.30413],[0.10282,47.31029],[0.10895,47.31327],[0.11396,47.31829],[0.11843,47.32606],[0.11747,47.33231],[0.12641,47.33256],[0.13798,47.33605],[0.13998,47.33963],[0.14698,47.34554],[0.14785,47.34753],[0.14694,47.35174],[0.14041,47.36181],[0.14605,47.36161],[0.15364,47.36357],[0.16268,47.36828],[0.17645,47.37697],[0.17899,47.38064],[0.17926,47.38444],[0.16951,47.39589],[0.16641,47.39729],[0.15346,47.39876],[0.15917,47.40366],[0.16246,47.40478],[0.17104,47.41004],[0.18194,47.41892],[0.18503,47.42359],[0.18521,47.42633],[0.18318,47.43359],[0.18187,47.44943],[0.18112,47.45332],[0.18565,47.45673],[0.19037,47.4612],[0.1963,47.47526],[0.19877,47.47655],[0.20049,47.48448],[0.20238,47.48572],[0.20862,47.4927],[0.22001,47.50189],[0.22074,47.51217],[0.22484,47.52728],[0.21851,47.52903],[0.21139,47.52899],[0.20526,47.5309],[0.19305,47.53812],[0.20475,47.55187],[0.20771,47.55934],[0.20803,47.56335],[0.21356,47.56919],[0.21492,47.57132],[0.22071,47.57381],[0.22574,47.57419],[0.23447,47.5784],[0.23269,47.60028],[0.22988,47.60846],[0.23073,47.60926],[0.23901,47.61059],[0.25741,47.61164],[0.25914,47.61229],[0.27047,47.60345],[0.28376,47.59784],[0.30202,47.59593],[0.3221,47.59539],[0.32359,47.59255],[0.33641,47.58612],[0.33911,47.57973],[0.34684,47.57705],[0.36618,47.57393],[0.37848,47.56841],[0.39019,47.57561],[0.40245,47.57849],[0.3973,47.58484],[0.39676,47.59422],[0.39508,47.59458],[0.39142,47.59717],[0.38656,47.60357],[0.37335,47.61282],[0.36483,47.62068],[0.36489,47.62655],[0.36849,47.62844],[0.38089,47.63863],[0.38263,47.64342],[0.38517,47.64188],[0.38926,47.64083],[0.39597,47.64103],[0.40521,47.63274],[0.42422,47.61791],[0.42846,47.61754],[0.43174,47.61831],[0.44125,47.61998],[0.44586,47.61999],[0.45175,47.62201],[0.45635,47.62888],[0.45453,47.63042],[0.45295,47.63374],[0.45707,47.63938],[0.46265,47.64256],[0.46198,47.64334],[0.46508,47.64491],[0.47621,47.64778],[0.49662,47.64624],[0.49841,47.64463],[0.5132,47.65293],[0.54115,47.65647],[0.55078,47.65904],[0.55933,47.66615],[0.55845,47.66679],[0.55834,47.67077],[0.57084,47.66857],[0.58427,47.66874],[0.59664,47.67287],[0.60328,47.67935],[0.61078,47.6823],[0.61481,47.68292],[0.61907,47.69091],[0.61864,47.69375],[0.61493,47.69414],[0.61312,47.69372],[0.60422,47.68542],[0.59552,47.68803],[0.5916,47.69771],[0.59441,47.70033],[0.59297,47.70359],[0.58049,47.71246],[0.58059,47.71293],[0.59093,47.72131],[0.59504,47.72347],[0.6111,47.72808],[0.6124,47.72997],[0.61057,47.73217],[0.61599,47.73495],[0.6202,47.73872],[0.61852,47.74256],[0.61934,47.7455],[0.62099,47.74831],[0.62663,47.75181],[0.63809,47.75158],[0.64598,47.75309],[0.65029,47.75491],[0.65123,47.75531],[0.66016,47.76029],[0.66964,47.76637],[0.67489,47.76892],[0.68342,47.76686],[0.69728,47.76428],[0.70357,47.76779],[0.7033,47.76946],[0.69959,47.77469],[0.68934,47.78001],[0.691,47.78306],[0.69837,47.78938],[0.70052,47.79012],[0.70375,47.7899],[0.71195,47.78715],[0.71299,47.79038],[0.71449,47.79387],[0.72152,47.79621],[0.72992,47.80533],[0.73397,47.80771],[0.73579,47.80825],[0.73962,47.8114],[0.73964,47.81497],[0.74511,47.82639],[0.75163,47.82925],[0.75888,47.83368],[0.76323,47.83402],[0.76846,47.83126],[0.7744,47.84009],[0.77366,47.84181],[0.77491,47.84355],[0.77263,47.84873],[0.77412,47.85127],[0.76465,47.85519],[0.75917,47.85923],[0.76359,47.86287],[0.76454,47.8665],[0.75768,47.88384],[0.7593,47.89802],[0.75965,47.8996],[0.76398,47.89958],[0.76804,47.90157],[0.76855,47.90115],[0.77026,47.90203],[0.7764,47.90825],[0.78565,47.9116],[0.78996,47.91211],[0.7931,47.90898],[0.79459,47.90532],[0.80177,47.89576],[0.80812,47.89172],[0.8145,47.89101],[0.81695,47.89196],[0.81797,47.8928],[0.81125,47.90625],[0.81077,47.91508],[0.81187,47.9288],[0.81358,47.9319],[0.81641,47.93429],[0.83723,47.93731],[0.8484,47.94215],[0.84904,47.94608],[0.84706,47.94726],[0.84528,47.954],[0.82414,47.98186],[0.82614,47.9917],[0.83137,47.99629],[0.83245,48.00151],[0.83162,48.00648],[0.83308,48.00911],[0.83676,48.0088],[0.8362,48.01072],[0.84027,48.02132],[0.84168,48.02892],[0.84102,48.03131],[0.83856,48.03383],[0.83446,48.03445],[0.83046,48.03329],[0.82927,48.0316],[0.82463,48.03053],[0.82053,48.03081],[0.81084,48.03239],[0.79752,48.03724],[0.79585,48.0462],[0.79878,48.06408],[0.79398,48.06948],[0.80278,48.07158],[0.82921,48.06992],[0.83617,48.07041],[0.84317,48.0726],[0.84502,48.08172],[0.84833,48.09113],[0.8479,48.09379],[0.84334,48.09456],[0.84018,48.09426],[0.83442,48.09164],[0.82338,48.09111],[0.81521,48.09418],[0.81935,48.09834],[0.83238,48.09839],[0.84107,48.10294],[0.85525,48.12298],[0.85231,48.13109],[0.85015,48.13329],[0.90291,48.13544],[0.91535,48.13727],[0.91665,48.13894],[0.91116,48.14176],[0.90924,48.14397],[0.91139,48.14678],[0.91161,48.14886],[0.90872,48.15058],[0.89025,48.15844],[0.87775,48.1624],[0.86543,48.16508],[0.85543,48.16641],[0.84581,48.1656],[0.83643,48.16758],[0.83264,48.1691],[0.82792,48.17298],[0.82589,48.17621],[0.82298,48.17828],[0.81214,48.18344],[0.80395,48.18647],[0.7957,48.188],[0.79562,48.1907],[0.79786,48.19477],[0.76842,48.18347],[0.76174,48.18233],[0.75549,48.18236],[0.74631,48.18487],[0.73805,48.18929],[0.73506,48.1949],[0.73005,48.20096],[0.72357,48.19831],[0.72198,48.20006],[0.72153,48.20302],[0.71577,48.21342],[0.70432,48.22495],[0.69543,48.236],[0.68578,48.24419],[0.68413,48.25413],[0.66734,48.25836],[0.66347,48.26081],[0.65178,48.26422],[0.63849,48.26033],[0.63193,48.25478],[0.63469,48.24357],[0.63852,48.23545],[0.63531,48.23518],[0.63394,48.23429],[0.63188,48.23463],[0.63022,48.24166],[0.62432,48.2455],[0.59365,48.24469],[0.58603,48.24505],[0.5791,48.24447],[0.54326,48.24939],[0.5374,48.24924],[0.53597,48.24984],[0.53842,48.25587],[0.53814,48.25878],[0.5303,48.2655],[0.51347,48.26653],[0.51269,48.2677],[0.50281,48.2785],[0.49572,48.28215],[0.49459,48.28196],[0.49305,48.28414],[0.4958,48.28827],[0.50218,48.29373],[0.50606,48.2937],[0.50749,48.29534],[0.49141,48.30816],[0.48176,48.30057],[0.47106,48.30267],[0.46327,48.30528],[0.4544,48.30604],[0.44278,48.30461],[0.43119,48.30672],[0.42826,48.31061],[0.42772,48.31499],[0.41642,48.32172],[0.41549,48.32158],[0.41151,48.32058],[0.41234,48.31741],[0.40599,48.31483],[0.40371,48.31611],[0.39518,48.32252],[0.38254,48.33399],[0.3805,48.34319],[0.38407,48.34313],[0.38761,48.34737],[0.3873,48.3515],[0.38652,48.35256],[0.38357,48.35266],[0.3833,48.35402],[0.37943,48.36647],[0.38036,48.36929],[0.37871,48.38319],[0.37386,48.38697],[0.37497,48.39307],[0.37292,48.40368],[0.37843,48.41426],[0.38103,48.41628],[0.38175,48.42279],[0.38043,48.42562],[0.37582,48.43039],[0.37058,48.43716],[0.36781,48.43773],[0.3665,48.44523],[0.36334,48.45109],[0.35836,48.45608],[0.35268,48.45975],[0.35065,48.4589],[0.34121,48.46101],[0.33551,48.46359],[0.32735,48.47055],[0.31481,48.47322],[0.29416,48.47957],[0.28357,48.4815],[0.27182,48.4828],[0.26545,48.48503],[0.26249,48.48276],[0.26134,48.48206],[0.26153,48.47945],[0.25991,48.47769],[0.25017,48.47444],[0.23246,48.47284],[0.22558,48.47308],[0.21787,48.47384],[0.21136,48.47205],[0.20254,48.46843],[0.19875,48.4655],[0.1947,48.46365],[0.19194,48.46245],[0.1901,48.4619],[0.18093,48.46498],[0.177,48.46552],[0.17226,48.46495],[0.16954,48.46145],[0.16942,48.45895],[0.17362,48.45084],[0.17097,48.44944],[0.1623,48.45091],[0.15741,48.45323],[0.15503,48.4562],[0.15245,48.45751],[0.14589,48.45759],[0.14367,48.4553],[0.15532,48.44528],[0.15831,48.44413],[0.15867,48.44252],[0.15732,48.44045],[0.15311,48.43787],[0.12154,48.43621],[0.1196,48.43669],[0.11645,48.43585],[0.11142,48.43238],[0.10646,48.4266],[0.11044,48.42323],[0.1038,48.41397],[0.09987,48.41019],[0.08926,48.41061],[0.08327,48.41103],[0.08349,48.41023],[0.08021,48.40882],[0.06749,48.40603],[0.06559,48.40485],[0.05638,48.39388],[0.05695,48.38975],[0.06235,48.38289],[0.04973,48.3807],[0.0397,48.38056],[0.0231,48.3804],[0.02051,48.38025],[0.01595,48.38222],[0.00339,48.39318],[0.00317,48.39616],[-0.00249,48.39754],[-0.02017,48.39392],[-0.02775,48.38619],[-0.03643,48.38082],[-0.04258,48.37929],[-0.04748,48.3794],[-0.04967,48.37545],[-0.05159,48.37562],[-0.05492,48.37828],[-0.05388,48.38197],[-0.05492,48.38212],[-0.05252,48.3925],[-0.05387,48.39375],[-0.05633,48.39563],[-0.05671,48.39787],[-0.05394,48.41635],[-0.0545,48.42232],[-0.05728,48.42914],[-0.05718,48.43046],[-0.05499,48.43083],[-0.05014,48.44514],[-0.04988,48.44903],[-0.05099,48.45289],[-0.06258,48.45674],[-0.07066,48.45842],[-0.07281,48.457],[-0.07191,48.45303],[-0.07312,48.45059],[-0.08082,48.45014],[-0.08838,48.45039],[-0.09689,48.4485],[-0.10845,48.44795],[-0.11615,48.44876],[-0.13789,48.45294],[-0.14673,48.45643],[-0.14981,48.46004],[-0.15055,48.46514],[-0.15283,48.47666],[-0.15018,48.47973],[-0.15096,48.48272],[-0.15564,48.4902],[-0.15606,48.49238],[-0.1615,48.4985],[-0.16667,48.50203],[-0.1693,48.5028],[-0.17077,48.5018],[-0.17209,48.50213],[-0.17159,48.50823],[-0.16957,48.51211],[-0.16686,48.51477],[-0.16179,48.51814],[-0.1455,48.52478],[-0.14437,48.52773],[-0.16856,48.53705],[-0.18908,48.54844],[-0.19189,48.55166],[-0.19399,48.55479],[-0.19617,48.55603],[-0.20618,48.56185],[-0.2232,48.56091],[-0.23239,48.56177],[-0.23435,48.56234],[-0.24264,48.56799],[-0.24757,48.56466],[-0.25761,48.55202],[-0.2584,48.55103],[-0.24621,48.54267],[-0.24147,48.53711],[-0.24748,48.5304],[-0.2655,48.52295],[-0.26859,48.51708],[-0.27147,48.50741],[-0.28099,48.50876],[-0.29308,48.51527],[-0.30893,48.5185],[-0.31215,48.52049],[-0.3201,48.52312],[-0.3466,48.50111],[-0.35121,48.49043],[-0.34937,48.48885],[-0.35316,48.48372],[-0.36867,48.48803],[-0.36896,48.49261],[-0.36769,48.49299],[-0.36861,48.4945],[-0.37242,48.49612],[-0.37578,48.49622],[-0.38338,48.49755],[-0.39307,48.50109],[-0.39372,48.50171],[-0.39115,48.50877],[-0.39761,48.51065],[-0.40919,48.50562],[-0.42536,48.50747],[-0.42443,48.50858],[-0.42833,48.51028],[-0.43163,48.51251],[-0.44422,48.51414],[-0.45085,48.51282],[-0.46674,48.50992],[-0.47828,48.50159],[-0.48781,48.50434],[-0.48947,48.50136],[-0.49291,48.50176],[-0.50946,48.50888],[-0.51257,48.50715],[-0.5156,48.50384],[-0.53491,48.49158],[-0.53908,48.48665],[-0.54551,48.48258],[-0.55191,48.4732],[-0.56428,48.47688],[-0.57172,48.46899],[-0.57287,48.4686],[-0.58598,48.47208],[-0.59322,48.47085],[-0.59425,48.47252],[-0.59712,48.47182],[-0.61198,48.4618],[-0.61799,48.45888],[-0.62685,48.45627],[-0.63629,48.45241],[-0.65108,48.44395],[-0.65409,48.44459],[-0.6538,48.45403],[-0.65815,48.47691],[-0.66222,48.48387],[-0.6688,48.48655],[-0.68061,48.47845],[-0.68488,48.4737],[-0.68619,48.47039],[-0.68803,48.46958],[-0.69219,48.46806],[-0.70176,48.46722],[-0.70325,48.46824],[-0.70404,48.4704],[-0.72494,48.47345],[-0.73103,48.47179],[-0.73726,48.46512],[-0.73708,48.4638],[-0.73595,48.46135],[-0.73338,48.46008],[-0.71541,48.45436],[-0.7142,48.45261],[-0.71488,48.44904],[-0.71919,48.44718],[-0.72865,48.44498],[-0.73914,48.44366],[-0.75654,48.43708],[-0.75908,48.43616],[-0.76269,48.43658],[-0.76474,48.43795],[-0.76636,48.4407],[-0.77134,48.44278],[-0.77399,48.44273],[-0.77878,48.45027],[-0.77787,48.45936],[-0.77789,48.46553],[-0.79202,48.46579],[-0.79789,48.46361],[-0.8125,48.45503],[-0.81567,48.45787],[-0.81829,48.46857],[-0.81473,48.47215],[-0.82109,48.47611],[-0.82395,48.47503],[-0.82646,48.47585],[-0.83491,48.48382],[-0.84012,48.49186],[-0.8492,48.49773],[-0.86028,48.50151],[-0.86724,48.49874],[-0.87221,48.49849],[-0.87997,48.49933],[-0.89581,48.49491],[-0.90591,48.49674],[-0.91749,48.50013],[-0.92223,48.50299],[-0.9231,48.50604],[-0.92168,48.51048],[-0.92247,48.51219],[-0.92475,48.51336],[-0.93628,48.51511],[-0.94454,48.51456],[-0.94683,48.51445],[-0.95025,48.51591],[-0.95725,48.51614],[-0.96302,48.5131],[-0.96437,48.5111],[-0.96222,48.50694],[-0.96238,48.50355],[-0.97211,48.49474],[-0.97693,48.49299],[-0.98579,48.49374],[-1.00295,48.48909],[-1.01172,48.49302],[-1.0375,48.5043],[-1.04776,48.50747],[-1.05503,48.51112],[-1.05671,48.51356],[-1.06121,48.51558],[-1.06215,48.51169],[-1.06869,48.51026],[-1.07008,48.50882],[-1.07584,48.49868],[-1.07728,48.49294],[-1.07549,48.48283],[-1.06706,48.46021],[-1.06523,48.45142],[-1.07876,48.44351],[-1.08121,48.44114],[-1.08284,48.43354],[-1.07807,48.42215],[-1.07891,48.41832],[-1.08046,48.41694],[-1.06226,48.39704],[-1.05302,48.38097],[-1.05412,48.38094],[-1.05423,48.37912],[-1.05707,48.37915],[-1.06508,48.36731],[-1.05598,48.34115],[-1.0483,48.33274],[-1.04509,48.32781],[-1.06134,48.31145],[-1.06136,48.31119],[-1.07821,48.30063],[-1.08864,48.28992],[-1.09273,48.2826],[-1.09336,48.2776],[-1.09265,48.27505],[-1.0936,48.27293],[-1.09999,48.26847],[-1.09885,48.26753],[-1.10005,48.25761],[-1.09073,48.23669],[-1.08068,48.21963],[-1.08055,48.21817],[-1.08722,48.21013],[-1.08166,48.20478],[-1.07729,48.1924],[-1.07979,48.18246],[-1.07861,48.17995],[-1.07726,48.1721],[-1.07324,48.16342],[-1.07442,48.15932],[-1.06658,48.16011],[-1.06405,48.15935],[-1.05937,48.12571],[-1.05446,48.11477],[-1.05308,48.1061],[-1.05168,48.10519],[-1.05073,48.10131],[-1.05068,48.09461],[-1.04934,48.08975],[-1.04079,48.0783],[-1.02538,48.06988],[-1.02294,48.06885],[-1.02836,48.06324],[-1.02826,48.06063],[-1.03112,48.04907],[-1.02809,48.0449],[-1.02801,48.03907],[-1.02926,48.03672],[-1.03444,48.0336],[-1.02489,48.02033],[-1.02138,48.01759],[-1.01831,48.013],[-1.01689,48.00359],[-1.02115,47.99509],[-1.03045,47.99257],[-1.03768,47.99167],[-1.04492,47.98814],[-1.06817,47.98307],[-1.07891,47.98445],[-1.09296,47.98756],[-1.09604,47.98647],[-1.09779,47.98661],[-1.09876,47.9883],[-1.10906,47.9887],[-1.12519,47.98676],[-1.12662,47.98275],[-1.12651,47.97375],[-1.12907,47.97122],[-1.13432,47.96786],[-1.14859,47.96806],[-1.15653,47.96302],[-1.16052,47.95348],[-1.16156,47.95282],[-1.15995,47.93936],[-1.16731,47.93413],[-1.16557,47.92459],[-1.16837,47.91876],[-1.17543,47.9103],[-1.17684,47.90291],[-1.17603,47.89753],[-1.18609,47.89237],[-1.19021,47.892],[-1.19679,47.88912],[-1.19751,47.88091],[-1.19425,47.87665],[-1.19058,47.87392],[-1.18888,47.87065],[-1.18904,47.86786],[-1.191,47.86586],[-1.19792,47.86299],[-1.20313,47.8569],[-1.21302,47.85732],[-1.21582,47.85743],[-1.2211,47.85327],[-1.21421,47.84456],[-1.21605,47.83614],[-1.22011,47.82768],[-1.22014,47.82062],[-1.22294,47.81932],[-1.22606,47.82052],[-1.23284,47.81993],[-1.23428,47.81884],[-1.23811,47.80982],[-1.24264,47.80792],[-1.23944,47.80606],[-1.2402,47.80228],[-1.23928,47.8005],[-1.24607,47.77673],[-1.2906,47.78573],[-1.3108,47.79093],[-1.33727,47.79466],[-1.34,47.79521],[-1.34788,47.79679],[-1.3778,47.81159],[-1.3778,47.81643],[-1.38328,47.8243],[-1.389,47.82803],[-1.39622,47.82932],[-1.40949,47.82741],[-1.41255,47.82892],[-1.41464,47.82746],[-1.41772,47.8274],[-1.41941,47.82897],[-1.42711,47.83054],[-1.43551,47.83138],[-1.44172,47.83118],[-1.47062,47.83438],[-1.48279,47.83161],[-1.47396,47.82123],[-1.46733,47.80997],[-1.46713,47.80808],[-1.46857,47.806],[-1.47995,47.80121],[-1.49333,47.79837],[-1.50046,47.79864],[-1.50283,47.8],[-1.50343,47.8013],[-1.51238,47.79719],[-1.52078,47.79335],[-1.52771,47.78653],[-1.53337,47.7845],[-1.54299,47.7831],[-1.55092,47.78324],[-1.56137,47.78172],[-1.5754,47.77827],[-1.57756,47.7777],[-1.58437,47.7788],[-1.59405,47.77567],[-1.59818,47.76649],[-1.60456,47.76288],[-1.61392,47.76405],[-1.61944,47.7634],[-1.62368,47.76223],[-1.62734,47.75965],[-1.62608,47.75657],[-1.63721,47.7394],[-1.63959,47.72682],[-1.63818,47.72231],[-1.64431,47.72214],[-1.65036,47.71833],[-1.65825,47.71126],[-1.69121,47.7129],[-1.69854,47.71022],[-1.70412,47.70673],[-1.70362,47.70047],[-1.71651,47.6998],[-1.73266,47.70174],[-1.73883,47.70485],[-1.74986,47.70708],[-1.75371,47.70671],[-1.75899,47.7039],[-1.77403,47.69942],[-1.78385,47.69924],[-1.78573,47.69976],[-1.80286,47.70231],[-1.81622,47.70514],[-1.82514,47.70837],[-1.83785,47.70691],[-1.84071,47.70553],[-1.85336,47.70825],[-1.85839,47.70828],[-1.86344,47.70724],[-1.86943,47.70078],[-1.87633,47.69612],[-1.87823,47.69539],[-1.88278,47.69521],[-1.88487,47.69594],[-1.89654,47.69593],[-1.93625,47.68674],[-1.9414,47.68426],[-1.95354,47.67231],[-1.95654,47.6712],[-1.95891,47.67119],[-1.96471,47.67408],[-1.96917,47.67767],[-1.96896,47.68164],[-1.97264,47.69414],[-1.97356,47.69445],[-1.97794,47.69171],[-1.98566,47.68337],[-2.01222,47.66655],[-2.04114,47.66673],[-2.04309,47.66569],[-2.04906,47.66112],[-2.0481,47.65801],[-2.05121,47.64986],[-2.05401,47.64928],[-2.06296,47.64987],[-2.07433,47.65188],[-2.08145,47.65015],[-2.08983,47.64273],[-2.09671,47.63167],[-2.09096,47.62856],[-2.0851,47.62183],[-2.08368,47.61156],[-2.08538,47.6068],[-2.08607,47.60409],[-2.08806,47.60225],[-2.10237,47.59564],[-2.10383,47.5908],[-2.10177,47.58534],[-2.10506,47.57754],[-2.10462,47.57629],[-2.0985,47.57194],[-2.09668,47.57268],[-2.10257,47.55104],[-2.10297,47.54505],[-2.09842,47.53827],[-2.09883,47.53345],[-2.11446,47.52846],[-2.14103,47.52489],[-2.14399,47.52509],[-2.15604,47.52202],[-2.1543,47.50757],[-2.15428,47.49748],[-2.1652,47.48967],[-2.18111,47.49112],[-2.18981,47.49433],[-2.19215,47.49667],[-2.19255,47.50011],[-2.18648,47.5005],[-2.18369,47.50164],[-2.18617,47.50859],[-2.1901,47.51226],[-2.19847,47.51119],[-2.20573,47.51026],[-2.21583,47.50731],[-2.24377,47.49389],[-2.24954,47.49609],[-2.2577,47.50498],[-2.25524,47.50711],[-2.25487,47.51163],[-2.2599,47.51323],[-2.27287,47.51193],[-2.28512,47.51206],[-2.29703,47.51585],[-2.29854,47.51589],[-2.29804,47.50636],[-2.29942,47.50082],[-2.30367,47.49241],[-2.309,47.48877],[-2.31373,47.48283],[-2.31368,47.47462],[-2.31197,47.46508],[-2.31679,47.46147],[-2.3262,47.45908],[-2.34608,47.45764],[-2.36243,47.45918],[-2.37763,47.46276],[-2.38398,47.46214],[-2.38342,47.4599],[-2.39039,47.45687],[-2.39833,47.45593],[-2.40545,47.45738],[-2.40983,47.45878],[-2.41871,47.46485],[-2.41948,47.47319],[-2.42311,47.47723],[-2.43183,47.47409],[-2.44509,47.46521],[-2.44974,47.46104],[-2.45877,47.44806],[-2.45618,47.44744],[-2.45274,47.445],[-2.44847,47.44114],[-2.44586,47.43716],[-2.44582,47.43573],[-2.44753,47.43507],[-2.45759,47.42332],[-2.44899,47.42415],[-2.43311,47.4174],[-2.43142,47.41589],[-2.43388,47.41306],[-2.43542,47.41398],[-2.45411,47.41272],[-2.46078,47.41373],[-2.46657,47.4155],[-2.47766,47.41428],[-2.48929,47.40713],[-2.49205,47.40433],[-2.49817,47.40392],[-2.49994,47.40427],[-2.50872,47.40028],[-2.535,47.383],[-2.54222,47.38121],[-2.54198,47.3835],[-2.54259,47.38383],[-2.54441,47.38356],[-2.54216,47.38353],[-2.54231,47.38148],[-2.55031,47.37977],[-2.55558,47.37766],[-2.55877,47.37498],[-2.55411,47.37071],[-2.54994,47.3688],[-2.54261,47.36611],[-2.52741,47.36315],[-2.52166,47.35894],[-2.51491,47.34728],[-2.51382,47.34841],[-2.51033,47.34584],[-2.5117,47.3451],[-2.51371,47.34604],[-2.512,47.34473],[-2.51052,47.34541],[-2.50894,47.34444],[-2.50518,47.33663],[-2.50337,47.3269],[-2.50396,47.31709],[-2.50604,47.31219],[-2.51316,47.30281],[-2.5113,47.30056],[-2.48602,47.30133],[-2.4763,47.30028],[-2.47108,47.30238],[-2.47001,47.30182],[-2.47248,47.30166],[-2.47324,47.29911],[-2.47096,47.2954],[-2.46878,47.29604],[-2.46742,47.29878],[-2.46645,47.29867],[-2.46632,47.29751],[-2.46947,47.29532],[-2.46684,47.2929],[-2.47984,47.29167],[-2.50249,47.28486],[-2.51141,47.29532],[-2.51809,47.30026],[-2.52091,47.30466],[-2.52331,47.30767],[-2.52072,47.30422],[-2.5208,47.30135],[-2.53245,47.30052],[-2.54477,47.29838],[-2.54548,47.29764],[-2.54733,47.29296],[-2.54629,47.29101],[-2.53268,47.28793],[-2.52269,47.2869],[-2.51365,47.28424],[-2.50414,47.28017],[-2.50399,47.28071],[-2.50278,47.28113],[-2.49867,47.2805],[-2.48785,47.27458],[-2.467,47.2698],[-2.45339,47.26549],[-2.45001,47.26369],[-2.43316,47.2601],[-2.42403,47.26109],[-2.41927,47.26398],[-2.42596,47.27549],[-2.42809,47.27798],[-2.42618,47.28243],[-2.42376,47.2838],[-2.41686,47.28522],[-2.4126,47.28466],[-2.42456,47.28245],[-2.42604,47.28147],[-2.4273,47.27833],[-2.42328,47.27424],[-2.42051,47.27614],[-2.41557,47.27799],[-2.40112,47.28097],[-2.39164,47.28137],[-2.38127,47.27993],[-2.36973,47.27726],[-2.3576,47.27278],[-2.3461,47.26502],[-2.34476,47.26299],[-2.34695,47.26183],[-2.34733,47.26015],[-2.3469,47.26179],[-2.34437,47.26315],[-2.34172,47.25881],[-2.34285,47.25772],[-2.34225,47.2569],[-2.33566,47.25253],[-2.32369,47.24718],[-2.30345,47.23712],[-2.29778,47.23459],[-2.29276,47.23476],[-2.29232,47.23547],[-2.26664,47.24012],[-2.26215,47.24333],[-2.25377,47.25289],[-2.2536,47.25321],[-2.23964,47.25614],[-2.23129,47.25596],[-2.22866,47.25598],[-2.22332,47.25966],[-2.225,47.26459],[-2.2202,47.26731],[-2.20992,47.27027],[-2.2045,47.27057],[-2.20408,47.26607],[-2.20138,47.26715],[-2.19748,47.27455],[-2.1967,47.27569],[-2.18721,47.28075],[-2.1806,47.27578],[-2.17026,47.26771],[-2.17105,47.26264],[-2.16988,47.2526],[-2.17149,47.23954],[-2.17441,47.23713],[-2.17752,47.23798],[-2.18072,47.23607],[-2.18163,47.23295],[-2.16249,47.20797],[-2.15911,47.19783],[-2.15816,47.19731],[-2.1591,47.19716],[-2.16084,47.19366],[-2.16208,47.18335],[-2.16427,47.17569],[-2.16577,47.17557],[-2.16641,47.17531],[-2.16439,47.17567],[-2.16804,47.16632],[-2.17226,47.16148],[-2.17614,47.1574],[-2.17984,47.15581],[-2.18837,47.15733],[-2.20541,47.1566],[-2.21293,47.15557],[-2.22045,47.15338],[-2.2262,47.15045],[-2.22892,47.14486],[-2.24218,47.13594],[-2.23431,47.13157],[-2.22139,47.12658],[-2.21207,47.12424],[-2.19138,47.12223],[-2.17745,47.12204],[-2.15452,47.11335],[-2.14325,47.11188],[-2.11787,47.11026],[-2.11665,47.10959],[-2.11686,47.10906],[-2.11614,47.10739],[-2.11151,47.10768],[-2.11615,47.10743],[-2.11648,47.10946],[-2.1112,47.11036],[-2.10085,47.1143],[-2.10402,47.11261],[-2.10771,47.10908],[-2.10547,47.10666],[-2.0975,47.10693],[-2.07065,47.09889],[-2.05318,47.09466],[-2.04002,47.07781],[-2.03132,47.07314],[-2.02072,47.06898],[-2.01363,47.06483],[-2.00457,47.0613],[-1.9976,47.05394],[-1.98593,47.03479],[-1.98147,47.03152],[-1.97559,47.02884],[-1.99721,47.01852],[-2.01251,47.01494],[-2.02903,47.00777],[-2.0361,46.99791],[-2.0363,46.99503],[-2.03956,46.98745],[-2.04595,46.97824],[-2.04463,46.96796],[-2.05815,46.95075],[-2.0747,46.94025],[-2.07096,46.93509],[-2.07192,46.93588],[-2.07886,46.93526],[-2.08868,46.93178],[-2.10949,46.91649],[-2.11888,46.90724],[-2.11959,46.90146],[-2.11418,46.90034],[-2.11448,46.89984],[-2.12677,46.89306],[-2.13912,46.89073],[-2.15319,46.89068],[-2.1562,46.8892],[-2.1568,46.88704],[-2.15542,46.88284],[-2.14845,46.86876],[-2.14667,46.85762],[-2.14614,46.83736],[-2.14405,46.82477],[-2.1419,46.81892],[-2.12566,46.80797],[-2.10323,46.79659],[-2.07627,46.7846],[-2.05853,46.77512],[-2.03459,46.75786],[-2.01913,46.74827],[-1.9833,46.72102],[-1.97993,46.71742],[-1.97925,46.71445],[-1.97999,46.70872],[-1.97879,46.70419],[-1.96614,46.69245],[-1.96138,46.69221],[-1.96006,46.69434],[-1.95003,46.69664],[-1.93486,46.69613],[-1.93342,46.69178],[-1.93969,46.69239],[-1.94706,46.69631],[-1.94784,46.69601],[-1.95207,46.69291],[-1.95431,46.69098],[-1.94838,46.69549],[-1.94442,46.69369],[-1.93438,46.68473],[-1.92248,46.67163],[-1.91095,46.65965],[-1.90481,46.64874],[-1.89936,46.64292],[-1.89187,46.63632],[-1.87441,46.62492],[-1.86614,46.61597],[-1.85718,46.60992],[-1.85378,46.60356],[-1.84716,46.58511],[-1.82728,46.54026],[-1.82004,46.51827],[-1.81874,46.51054],[-1.8141,46.49674],[-1.8047,46.48938],[-1.794,46.48881],[-1.79661,46.49791]]]]}},{"type":"Feature","properties":{"code":"75","nom":"Nouvelle-Aquitaine"},"geometry":{"type":"MultiPolygon","coordinates":[[[[-1.42437,43.12498],[-1.42661,43.12159],[-1.42695,43.1199],[-1.43391,43.1143],[-1.45187,43.10238],[-1.46454,43.09737],[-1.47128,43.091],[-1.47236,43.08327],[-1.47161,43.08079],[-1.45607,43.06324],[-1.44125,43.04627],[-1.36554,43.03073],[-1.35389,43.0283],[-1.35269,43.03109],[-1.34512,43.05064],[-1.3444,43.05559],[-1.34195,43.07584],[-1.34457,43.08675],[-1.34126,43.09734],[-1.33237,43.10784],[-1.32875,43.10847],[-1.32487,43.11064],[-1.31647,43.11323],[-1.30381,43.11548],[-1.27808,43.11849],[-1.26998,43.11827],[-1.27349,43.11484],[-1.2812,43.10999],[-1.28962,43.10281],[-1.29852,43.09274],[-1.30108,43.08916],[-1.30691,43.07511],[-1.30418,43.06776],[-1.28705,43.06309],[-1.28327,43.06124],[-1.27401,43.05552],[-1.26681,43.04923],[-1.26421,43.04579],[-1.25478,43.04294],[-1.2476,43.04264],[-1.24047,43.04703],[-1.22975,43.05551],[-1.21258,43.05145],[-1.21184,43.04968],[-1.18097,43.03262],[-1.17426,43.03464],[-1.17396,43.03763],[-1.15875,43.03165],[-1.14558,43.02488],[-1.14445,43.02334],[-1.1444,43.01463],[-1.14256,43.01049],[-1.14008,43.00941],[-1.13582,43.00892],[-1.13354,43.00989],[-1.11848,43.02019],[-1.11052,43.01994],[-1.10577,43.01658],[-1.0934,43.01184],[-1.08869,43.0111],[-1.08352,43.01133],[-1.08488,43.0078],[-1.08511,43.00369],[-1.08414,43.00203],[-1.07434,42.99888],[-1.06329,42.99696],[-1.01649,42.99393],[-1.01016,42.99191],[-1.00631,42.98899],[-1.00046,42.97807],[-0.99706,42.97544],[-0.98686,42.97232],[-0.97533,42.96422],[-0.96297,42.96097],[-0.94688,42.95483],[-0.93599,42.9531],[-0.92401,42.95458],[-0.92005,42.95627],[-0.92039,42.95791],[-0.91463,42.96364],[-0.90835,42.9645],[-0.90206,42.96289],[-0.89917,42.9614],[-0.89736,42.95949],[-0.89708,42.95617],[-0.8956,42.95548],[-0.88516,42.95554],[-0.87659,42.95472],[-0.8702,42.953],[-0.85838,42.95131],[-0.84893,42.95197],[-0.83786,42.95401],[-0.81869,42.95106],[-0.81196,42.95128],[-0.79996,42.95896],[-0.79299,42.96243],[-0.78383,42.96447],[-0.76388,42.96847],[-0.75823,42.96785],[-0.75128,42.96569],[-0.74058,42.94884],[-0.73074,42.93868],[-0.72757,42.92588],[-0.72958,42.91688],[-0.73324,42.90863],[-0.73239,42.89917],[-0.73034,42.89625],[-0.7188,42.88711],[-0.70003,42.88058],[-0.68252,42.88321],[-0.67608,42.8821],[-0.66602,42.87433],[-0.66271,42.87074],[-0.66211,42.86643],[-0.65593,42.85888],[-0.64874,42.85518],[-0.63615,42.85331],[-0.63258,42.85145],[-0.62958,42.84672],[-0.61965,42.83795],[-0.61309,42.83545],[-0.60205,42.82877],[-0.59965,42.81043],[-0.60048,42.80713],[-0.5992,42.80526],[-0.59258,42.80309],[-0.57961,42.806],[-0.57673,42.80821],[-0.56918,42.80694],[-0.56858,42.80633],[-0.56614,42.80371],[-0.56461,42.7999],[-0.57018,42.78786],[-0.57049,42.78299],[-0.56762,42.78081],[-0.55343,42.7788],[-0.55104,42.77935],[-0.54549,42.78909],[-0.53968,42.79331],[-0.52966,42.79166],[-0.523,42.79938],[-0.5238,42.81276],[-0.51269,42.82227],[-0.50123,42.82781],[-0.49469,42.82124],[-0.4891,42.81704],[-0.47186,42.80817],[-0.46355,42.80512],[-0.45524,42.80379],[-0.44393,42.79607],[-0.44181,42.79536],[-0.42698,42.8009],[-0.41264,42.80828],[-0.40757,42.80747],[-0.40179,42.80325],[-0.39413,42.8008],[-0.39004,42.80026],[-0.38503,42.80086],[-0.38319,42.80663],[-0.38196,42.80794],[-0.3683,42.81366],[-0.36535,42.81586],[-0.35327,42.8316],[-0.34636,42.83782],[-0.33757,42.83724],[-0.33175,42.83496],[-0.32509,42.83847],[-0.31896,42.84326],[-0.31325,42.8494],[-0.31012,42.8545],[-0.30793,42.86751],[-0.31097,42.87659],[-0.31396,42.87992],[-0.31567,42.8848],[-0.31556,42.8901],[-0.32459,42.90526],[-0.32688,42.91687],[-0.31675,42.91776],[-0.31089,42.91972],[-0.30345,42.92728],[-0.29778,42.93097],[-0.29004,42.92909],[-0.28535,42.92991],[-0.2812,42.93429],[-0.27928,42.94235],[-0.28072,42.94322],[-0.2863,42.95743],[-0.29259,42.9918],[-0.28758,43.00551],[-0.27637,43.00598],[-0.2676,43.00832],[-0.26478,43.01011],[-0.25902,43.01629],[-0.25592,43.02291],[-0.25696,43.02916],[-0.25948,43.03719],[-0.26044,43.03802],[-0.26066,43.03862],[-0.25792,43.03831],[-0.25367,43.03936],[-0.23679,43.0395],[-0.22933,43.03686],[-0.22392,43.03371],[-0.21424,43.03621],[-0.19716,43.04606],[-0.18196,43.05253],[-0.18566,43.05679],[-0.1922,43.05703],[-0.19695,43.06043],[-0.19891,43.06444],[-0.19823,43.07002],[-0.19166,43.07722],[-0.18797,43.08509],[-0.18712,43.09073],[-0.19541,43.09513],[-0.19786,43.09941],[-0.19827,43.10172],[-0.19593,43.10406],[-0.1919,43.10479],[-0.19094,43.11134],[-0.19404,43.11511],[-0.19261,43.1156],[-0.18434,43.11296],[-0.17024,43.11569],[-0.16519,43.12242],[-0.15337,43.12598],[-0.14774,43.12912],[-0.14662,43.12809],[-0.14279,43.13301],[-0.13853,43.14921],[-0.13475,43.15181],[-0.12646,43.16038],[-0.1252,43.16729],[-0.12263,43.17098],[-0.11772,43.18027],[-0.11242,43.1802],[-0.10808,43.17332],[-0.09942,43.1728],[-0.06827,43.17727],[-0.06779,43.18109],[-0.07089,43.19435],[-0.07164,43.21157],[-0.07411,43.22247],[-0.07206,43.22473],[-0.06192,43.22258],[-0.06155,43.22114],[-0.04977,43.21733],[-0.04704,43.22391],[-0.03999,43.2399],[-0.02388,43.25589],[-0.01894,43.26841],[-0.02455,43.28013],[-0.03599,43.28187],[-0.04102,43.2836],[-0.04447,43.28574],[-0.04404,43.28978],[-0.04618,43.29969],[-0.04485,43.30352],[-0.03436,43.30956],[-0.02896,43.31665],[-0.02923,43.31919],[-0.02792,43.32356],[-0.02556,43.32979],[-0.02119,43.32903],[-0.01852,43.33157],[-0.00333,43.3321],[0.00179,43.33049],[0.007,43.32698],[0.00669,43.32606],[0.01003,43.32525],[0.01274,43.3277],[0.01628,43.33222],[0.02402,43.33856],[0.02567,43.34036],[0.02979,43.34611],[0.02656,43.34838],[0.02414,43.34907],[0.00551,43.36333],[0.00871,43.36704],[0.00657,43.37037],[0.00458,43.37148],[0.00466,43.37085],[0.00152,43.36913],[-0.00341,43.3722],[-0.00498,43.37531],[-0.00415,43.37887],[0.00102,43.3837],[0.00068,43.38561],[-0.00198,43.38686],[-0.0003,43.38914],[-0.00429,43.39337],[-0.0046,43.39504],[-0.00039,43.39624],[-0.00409,43.39818],[-0.00184,43.39909],[0.001,43.40743],[0.00965,43.4222],[-0.0047,43.43154],[-0.00092,43.43999],[-0.00146,43.44504],[-0.00246,43.44517],[-0.0088,43.44383],[-0.01645,43.44392],[-0.01728,43.44109],[-0.02484,43.43001],[-0.02712,43.43098],[-0.03186,43.42771],[-0.03558,43.42367],[-0.03795,43.41877],[-0.04419,43.4095],[-0.06503,43.40934],[-0.06714,43.4104],[-0.06527,43.41244],[-0.0539,43.41905],[-0.05443,43.42347],[-0.06661,43.43961],[-0.0656,43.44123],[-0.06682,43.4437],[-0.06365,43.44792],[-0.06143,43.45292],[-0.06608,43.46025],[-0.065,43.46359],[-0.04527,43.46518],[-0.03773,43.46486],[-0.03208,43.46607],[-0.01932,43.46755],[-0.01891,43.47006],[-0.01738,43.47214],[-0.02732,43.47353],[-0.02633,43.47471],[-0.03377,43.4777],[-0.04032,43.48961],[-0.04674,43.49829],[-0.04386,43.50667],[-0.04,43.51257],[-0.04446,43.51698],[-0.04337,43.52087],[-0.04392,43.52356],[-0.04873,43.52976],[-0.05175,43.52965],[-0.05617,43.53303],[-0.05978,43.53889],[-0.06738,43.54758],[-0.07585,43.54688],[-0.0871,43.54233],[-0.09197,43.54244],[-0.09425,43.54392],[-0.09432,43.5487],[-0.08876,43.55707],[-0.08965,43.55997],[-0.0933,43.56366],[-0.09264,43.57118],[-0.09705,43.5822],[-0.11745,43.58557],[-0.1281,43.58317],[-0.1288,43.58121],[-0.143,43.5845],[-0.1568,43.58271],[-0.15783,43.58144],[-0.16091,43.58055],[-0.16238,43.58175],[-0.17656,43.59684],[-0.17883,43.59607],[-0.1848,43.59115],[-0.19099,43.58841],[-0.20501,43.584],[-0.2087,43.59116],[-0.21081,43.59317],[-0.23026,43.58976],[-0.23329,43.58807],[-0.23361,43.58407],[-0.23637,43.5829],[-0.24208,43.58334],[-0.24252,43.58483],[-0.24296,43.58853],[-0.24809,43.59681],[-0.25392,43.59687],[-0.2546,43.59933],[-0.25213,43.60206],[-0.24748,43.61051],[-0.2472,43.61584],[-0.25481,43.61522],[-0.2685,43.61633],[-0.27515,43.61908],[-0.28148,43.62392],[-0.28117,43.6366],[-0.28212,43.64294],[-0.27957,43.64237],[-0.27324,43.63899],[-0.26365,43.63596],[-0.26301,43.63711],[-0.26388,43.64452],[-0.26202,43.64787],[-0.26122,43.64911],[-0.24807,43.65647],[-0.24432,43.66027],[-0.24407,43.66324],[-0.24307,43.66404],[-0.23967,43.66972],[-0.23974,43.67123],[-0.25274,43.67224],[-0.2581,43.67373],[-0.25642,43.68033],[-0.25443,43.68355],[-0.2491,43.68521],[-0.23865,43.69307],[-0.24078,43.69728],[-0.24532,43.69916],[-0.24428,43.70049],[-0.24361,43.70191],[-0.24665,43.70545],[-0.24336,43.70906],[-0.23693,43.71315],[-0.22225,43.71905],[-0.21537,43.72253],[-0.19397,43.73695],[-0.1952,43.74516],[-0.19755,43.7477],[-0.20612,43.74992],[-0.21806,43.74969],[-0.21873,43.75198],[-0.21813,43.75378],[-0.21399,43.75557],[-0.21272,43.75634],[-0.21308,43.77921],[-0.21579,43.78386],[-0.22207,43.78724],[-0.21866,43.79696],[-0.22127,43.80003],[-0.22233,43.80548],[-0.22092,43.80946],[-0.21733,43.80997],[-0.21585,43.81258],[-0.21387,43.81176],[-0.2125,43.80922],[-0.20232,43.80878],[-0.20075,43.8067],[-0.19471,43.80828],[-0.19271,43.81034],[-0.19352,43.81587],[-0.19715,43.82246],[-0.19817,43.82841],[-0.19371,43.84055],[-0.19677,43.84601],[-0.20625,43.85428],[-0.20874,43.8576],[-0.20424,43.86039],[-0.18568,43.86692],[-0.19419,43.88165],[-0.20126,43.88549],[-0.21529,43.88893],[-0.23401,43.89099],[-0.23712,43.89313],[-0.2403,43.89795],[-0.23313,43.90084],[-0.22911,43.91055],[-0.22533,43.91349],[-0.20874,43.91192],[-0.20412,43.91263],[-0.20038,43.91467],[-0.19718,43.92028],[-0.19227,43.92575],[-0.18063,43.93409],[-0.1697,43.93032],[-0.16417,43.9274],[-0.15978,43.92761],[-0.15416,43.93231],[-0.15303,43.93904],[-0.1353,43.93613],[-0.13452,43.93781],[-0.12616,43.94385],[-0.11347,43.93558],[-0.10276,43.92712],[-0.09514,43.9297],[-0.09365,43.93183],[-0.09869,43.94242],[-0.09348,43.94844],[-0.09114,43.94917],[-0.08888,43.94916],[-0.08363,43.94399],[-0.0806,43.94267],[-0.06998,43.94825],[-0.06816,43.95242],[-0.05944,43.961],[-0.04987,43.96124],[-0.04354,43.96469],[-0.04057,43.96946],[-0.03616,43.98374],[-0.0189,43.97104],[-0.00109,43.96057],[0.00151,43.95994],[0.00551,43.95692],[0.00692,43.94973],[0.00605,43.94538],[0.0036,43.94331],[-0.0081,43.93818],[-0.0173,43.9325],[-0.01982,43.92885],[-0.01532,43.92407],[0.00042,43.91949],[0.01474,43.91311],[0.03318,43.89998],[0.04976,43.90004],[0.05915,43.89927],[0.06964,43.90558],[0.07226,43.91438],[0.07482,43.91473],[0.0765,43.91585],[0.07026,43.93532],[0.0569,43.9514],[0.05573,43.95657],[0.0561,43.96146],[0.0614,43.96368],[0.0677,43.97453],[0.07251,43.97818],[0.074,43.98227],[0.07592,43.98294],[0.08492,43.98428],[0.1074,43.98532],[0.11513,43.98787],[0.11876,43.99068],[0.12122,43.99616],[0.12729,44.00229],[0.12842,44.00105],[0.13405,43.99999],[0.1381,43.99813],[0.14127,43.99479],[0.14097,43.98859],[0.13824,43.97825],[0.13856,43.97467],[0.1503,43.97367],[0.15869,43.97365],[0.16138,43.97431],[0.16433,43.97708],[0.16607,43.98099],[0.16562,43.993],[0.17075,43.99816],[0.18171,44.00366],[0.19007,44.01501],[0.19358,44.01381],[0.2009,44.01385],[0.20511,44.01924],[0.21321,44.02162],[0.21882,44.02086],[0.22515,44.019],[0.23337,44.02257],[0.23057,44.01172],[0.23535,44.00851],[0.24829,44.00424],[0.2606,44.00532],[0.26939,44.0042],[0.27077,44.00152],[0.27347,43.99803],[0.27566,43.99872],[0.28008,43.99865],[0.29173,43.99403],[0.2988,43.99276],[0.30582,43.99403],[0.30885,43.99546],[0.31768,43.99453],[0.31987,43.9985],[0.31624,44.00321],[0.3139,44.0085],[0.3162,44.01],[0.32101,44.00806],[0.32714,44.00715],[0.34083,44.012],[0.35755,44.01631],[0.365,44.01492],[0.3675,44.01022],[0.37098,44.00824],[0.38137,44.00641],[0.3846,44.00888],[0.39027,44.0159],[0.40544,44.02217],[0.41676,44.02924],[0.41873,44.02903],[0.43566,44.02935],[0.44255,44.02871],[0.45037,44.04432],[0.4507,44.04572],[0.45964,44.05553],[0.46353,44.05487],[0.47658,44.0549],[0.48543,44.05623],[0.48556,44.0592],[0.49855,44.05474],[0.50462,44.05071],[0.50581,44.05186],[0.506,44.05617],[0.51157,44.06341],[0.51593,44.06122],[0.53503,44.05502],[0.53853,44.05293],[0.54237,44.0561],[0.55851,44.05818],[0.56634,44.05995],[0.5715,44.06562],[0.57381,44.06954],[0.58494,44.07566],[0.58511,44.07669],[0.60131,44.07807],[0.60372,44.07331],[0.60729,44.07076],[0.61827,44.06655],[0.62735,44.06063],[0.63078,44.05598],[0.63068,44.05159],[0.63169,44.04955],[0.63853,44.04982],[0.6509,44.04102],[0.65371,44.03724],[0.6544,44.03193],[0.6614,44.02442],[0.66339,44.02409],[0.67386,44.02665],[0.6796,44.02949],[0.67965,44.03685],[0.68241,44.04211],[0.68505,44.04498],[0.69183,44.04637],[0.69898,44.05069],[0.70714,44.05695],[0.7077,44.0584],[0.71073,44.05804],[0.72619,44.06052],[0.73886,44.06096],[0.74189,44.06522],[0.73848,44.06954],[0.7383,44.07562],[0.74511,44.08429],[0.748,44.09319],[0.75316,44.10346],[0.75599,44.10692],[0.76689,44.11054],[0.77091,44.11295],[0.77499,44.11686],[0.77761,44.11453],[0.78234,44.11261],[0.79865,44.11059],[0.79856,44.11227],[0.79596,44.11529],[0.79523,44.12128],[0.79513,44.1285],[0.79743,44.13048],[0.79043,44.14104],[0.7879,44.14279],[0.78821,44.14373],[0.79022,44.14456],[0.79538,44.14562],[0.8195,44.14381],[0.83343,44.13705],[0.8569,44.1305],[0.85708,44.12754],[0.86684,44.12656],[0.86891,44.1273],[0.86895,44.12796],[0.882,44.14109],[0.89218,44.13733],[0.89422,44.13797],[0.89427,44.14229],[0.89342,44.14393],[0.88831,44.14732],[0.88848,44.14881],[0.88719,44.15911],[0.88979,44.16684],[0.89042,44.16992],[0.8896,44.17146],[0.88303,44.17548],[0.87992,44.1735],[0.86404,44.17362],[0.85291,44.17497],[0.85338,44.17969],[0.86038,44.19106],[0.85962,44.19294],[0.86119,44.19312],[0.86628,44.19349],[0.88385,44.19129],[0.89626,44.19123],[0.903,44.19021],[0.90624,44.19035],[0.90736,44.19479],[0.90544,44.19608],[0.90719,44.19962],[0.91499,44.20842],[0.92075,44.21751],[0.9241,44.22484],[0.92924,44.23036],[0.92579,44.2345],[0.92275,44.2367],[0.9188,44.23819],[0.92422,44.24583],[0.93015,44.2484],[0.93275,44.25053],[0.93042,44.25987],[0.92829,44.26209],[0.92783,44.26729],[0.94022,44.26345],[0.9456,44.26675],[0.9509,44.2751],[0.93433,44.28508],[0.92577,44.28694],[0.92346,44.28975],[0.92366,44.29186],[0.91635,44.30234],[0.89498,44.29694],[0.88971,44.29979],[0.887,44.30491],[0.87968,44.3085],[0.87191,44.31064],[0.86927,44.30917],[0.86955,44.31123],[0.87133,44.31412],[0.87377,44.31568],[0.87506,44.31884],[0.87306,44.32379],[0.88312,44.32871],[0.88699,44.33584],[0.89562,44.34626],[0.89194,44.34995],[0.89313,44.35521],[0.89001,44.36132],[0.88663,44.36541],[0.89396,44.37309],[0.89517,44.37679],[0.9,44.38125],[0.91087,44.38297],[0.91596,44.38431],[0.91978,44.38439],[0.93008,44.37436],[0.93453,44.37239],[0.93667,44.36984],[0.94109,44.34447],[0.94222,44.34456],[0.94655,44.3558],[0.95114,44.36055],[0.96496,44.36122],[0.97576,44.35909],[0.97814,44.3574],[0.98201,44.35858],[0.99018,44.36298],[0.99666,44.36915],[1.0097,44.36509],[1.0243,44.36351],[1.02657,44.36347],[1.02827,44.36425],[1.04825,44.36228],[1.05575,44.365],[1.05968,44.36696],[1.06423,44.37862],[1.0604,44.38953],[1.05855,44.39052],[1.05084,44.39202],[1.05691,44.39886],[1.06154,44.40204],[1.05954,44.40457],[1.06063,44.41101],[1.06052,44.41964],[1.05736,44.42787],[1.05503,44.42742],[1.0489,44.42925],[1.04708,44.43087],[1.04678,44.43147],[1.03373,44.4343],[1.02606,44.44237],[1.02428,44.44661],[1.02399,44.45147],[1.02116,44.4563],[1.02355,44.45887],[1.02335,44.46907],[1.02168,44.47313],[1.02302,44.47546],[1.00901,44.48004],[1.01316,44.48964],[1.01707,44.4891],[1.01776,44.49201],[1.01609,44.50638],[1.0109,44.51063],[1.00366,44.52009],[0.99194,44.53108],[0.98151,44.54444],[0.98766,44.54793],[0.99406,44.54971],[1.00468,44.54794],[1.01014,44.5443],[1.01312,44.53621],[1.01943,44.54319],[1.02974,44.55189],[1.04148,44.55754],[1.04241,44.558],[1.04632,44.56209],[1.05152,44.56329],[1.06377,44.56456],[1.07034,44.56639],[1.07302,44.5713],[1.07439,44.57727],[1.07514,44.57733],[1.07555,44.57576],[1.07761,44.5742],[1.0866,44.57138],[1.10321,44.57173],[1.10347,44.57435],[1.10152,44.5765],[1.10233,44.58059],[1.10346,44.58097],[1.09707,44.59056],[1.10119,44.59805],[1.10748,44.60391],[1.11087,44.60711],[1.12448,44.61573],[1.12729,44.61678],[1.15079,44.63342],[1.1538,44.63955],[1.15087,44.64657],[1.1465,44.65309],[1.14752,44.66358],[1.14707,44.67081],[1.14872,44.67036],[1.16012,44.67268],[1.16362,44.67462],[1.16963,44.6804],[1.18135,44.68327],[1.21242,44.68309],[1.22455,44.68427],[1.22486,44.68577],[1.2572,44.70931],[1.26832,44.71929],[1.27014,44.72244],[1.27223,44.723],[1.27414,44.72226],[1.28708,44.71466],[1.29621,44.72499],[1.30061,44.74304],[1.30017,44.74445],[1.3028,44.74435],[1.31583,44.74047],[1.31863,44.75396],[1.32153,44.76113],[1.32135,44.76504],[1.31339,44.76601],[1.30811,44.77086],[1.30185,44.77684],[1.29928,44.78197],[1.29787,44.78891],[1.2934,44.78982],[1.30058,44.79751],[1.32533,44.80599],[1.32987,44.80686],[1.34094,44.80646],[1.35396,44.809],[1.35648,44.81029],[1.3641,44.81163],[1.3601,44.82568],[1.36329,44.84268],[1.36544,44.84522],[1.36576,44.84585],[1.37027,44.84687],[1.38607,44.84757],[1.40284,44.84931],[1.40287,44.85081],[1.40467,44.85594],[1.40509,44.86315],[1.40912,44.86491],[1.41172,44.87063],[1.41093,44.8721],[1.41156,44.87277],[1.41674,44.87121],[1.41875,44.87086],[1.4316,44.87174],[1.43921,44.87457],[1.44206,44.87837],[1.44243,44.88194],[1.43989,44.88674],[1.4397,44.88896],[1.43272,44.89046],[1.42188,44.89604],[1.41843,44.89971],[1.41668,44.90478],[1.41334,44.90869],[1.41075,44.90888],[1.41731,44.91498],[1.42482,44.9199],[1.43013,44.91928],[1.43595,44.92133],[1.43821,44.92597],[1.43713,44.93546],[1.4331,44.93722],[1.43633,44.94094],[1.43311,44.94611],[1.43065,44.94572],[1.4279,44.94695],[1.41885,44.95732],[1.4172,44.96048],[1.41803,44.96927],[1.41587,44.97919],[1.41444,44.99489],[1.41345,44.99923],[1.4091,45.00686],[1.42333,45.00851],[1.43188,45.01026],[1.43662,45.01216],[1.44824,45.01941],[1.45546,45.01503],[1.45935,45.01376],[1.46413,45.01427],[1.47275,45.0177],[1.47744,45.02363],[1.47635,45.02508],[1.47678,45.02668],[1.47994,45.02659],[1.49605,45.0352],[1.51964,45.04117],[1.52698,45.04335],[1.52674,45.04416],[1.52814,45.04537],[1.53425,45.04557],[1.54033,45.04484],[1.54373,45.03059],[1.54454,45.02904],[1.54814,45.02856],[1.55197,45.02837],[1.5543,45.02929],[1.56375,45.03457],[1.56947,45.03896],[1.5734,45.04012],[1.57844,45.04021],[1.58969,45.03636],[1.60807,45.03352],[1.60735,45.03064],[1.60906,45.02895],[1.60835,45.0307],[1.60935,45.03232],[1.61318,45.03332],[1.6265,45.03367],[1.63249,45.0321],[1.63564,45.02925],[1.64752,45.02568],[1.65179,45.02525],[1.65944,45.0141],[1.67141,45.0043],[1.68436,45.00255],[1.68959,44.99446],[1.69226,44.9926],[1.70123,44.98874],[1.70342,44.98656],[1.70667,44.97955],[1.70887,44.96962],[1.71003,44.96951],[1.71103,44.9673],[1.71345,44.96783],[1.72272,44.96827],[1.72802,44.96632],[1.73253,44.96266],[1.73447,44.95961],[1.74023,44.95977],[1.74063,44.96057],[1.74972,44.95626],[1.75398,44.94085],[1.7605,44.93609],[1.76754,44.9324],[1.77403,44.92453],[1.7746,44.92356],[1.78223,44.92947],[1.78467,44.93722],[1.7857,44.93691],[1.79596,44.93044],[1.80046,44.92294],[1.80017,44.92028],[1.80089,44.92038],[1.80128,44.92212],[1.80459,44.92609],[1.80889,44.92773],[1.81256,44.92826],[1.81384,44.92736],[1.82333,44.92724],[1.82732,44.93004],[1.82956,44.93421],[1.83047,44.94215],[1.83126,44.94543],[1.83233,44.94614],[1.83701,44.94546],[1.84278,44.93713],[1.85111,44.94623],[1.85405,44.94619],[1.86339,44.94877],[1.86735,44.9534],[1.88703,44.95635],[1.89472,44.96721],[1.90764,44.97784],[1.91272,44.97883],[1.91644,44.97781],[1.92649,44.97784],[1.92731,44.97858],[1.929,44.97836],[1.93915,44.97333],[1.94015,44.97183],[1.94177,44.95828],[1.94066,44.95512],[1.9441,44.95324],[1.94956,44.95259],[1.95084,44.95327],[1.98102,44.9725],[1.98816,44.97531],[2.0083,44.97636],[2.04525,44.98373],[2.05342,44.97593],[2.0583,44.97522],[2.06288,44.97662],[2.07458,44.97774],[2.07994,44.98024],[2.08552,44.98405],[2.08961,44.9846],[2.12357,44.98592],[2.13052,44.98415],[2.13317,44.9856],[2.13936,45.00361],[2.14122,45.00544],[2.12547,45.01427],[2.11632,45.02179],[2.11434,45.02468],[2.11118,45.03607],[2.10854,45.04163],[2.09913,45.04843],[2.0952,45.05604],[2.09936,45.05551],[2.10085,45.05627],[2.10041,45.05763],[2.09725,45.05894],[2.09877,45.06164],[2.10021,45.06206],[2.10216,45.06226],[2.12344,45.07455],[2.13819,45.08136],[2.1461,45.08561],[2.1587,45.0851],[2.17254,45.08138],[2.17563,45.08137],[2.17852,45.09199],[2.17959,45.09968],[2.17819,45.10296],[2.17944,45.10918],[2.183,45.11343],[2.18554,45.11411],[2.17908,45.1363],[2.18349,45.13635],[2.1918,45.13493],[2.20291,45.1398],[2.20952,45.14518],[2.21701,45.15952],[2.22591,45.16043],[2.23042,45.1621],[2.23359,45.16682],[2.23301,45.16732],[2.22409,45.17007],[2.20156,45.18164],[2.19901,45.1911],[2.19138,45.20091],[2.19343,45.21133],[2.19296,45.21593],[2.18939,45.2225],[2.19128,45.22308],[2.19303,45.22125],[2.19477,45.22081],[2.2028,45.22316],[2.22475,45.24167],[2.23613,45.24658],[2.23813,45.25144],[2.24031,45.26174],[2.24254,45.2656],[2.24465,45.26723],[2.25514,45.26837],[2.2584,45.27021],[2.26072,45.2764],[2.26157,45.28356],[2.26942,45.2903],[2.27202,45.29043],[2.27611,45.28853],[2.28517,45.28683],[2.28875,45.28706],[2.30577,45.30723],[2.30593,45.31042],[2.30738,45.31305],[2.31687,45.3227],[2.33013,45.32553],[2.33994,45.32587],[2.34921,45.32771],[2.35929,45.33612],[2.35865,45.33918],[2.35224,45.34355],[2.35018,45.34637],[2.35157,45.34878],[2.35586,45.35208],[2.36089,45.35418],[2.36456,45.3586],[2.36761,45.36655],[2.36434,45.37196],[2.3645,45.37468],[2.36318,45.37856],[2.36352,45.38029],[2.36716,45.38296],[2.36953,45.38714],[2.36051,45.39824],[2.35578,45.4004],[2.34979,45.4096],[2.34937,45.41208],[2.3518,45.41398],[2.35517,45.41507],[2.36221,45.415],[2.36954,45.41618],[2.38085,45.41354],[2.38917,45.41058],[2.39514,45.40743],[2.39613,45.4058],[2.39588,45.40315],[2.39843,45.40001],[2.40311,45.3982],[2.41206,45.39688],[2.41943,45.39754],[2.42309,45.39703],[2.43788,45.38786],[2.44154,45.38452],[2.4452,45.3832],[2.45294,45.38357],[2.45746,45.38451],[2.47507,45.38111],[2.47485,45.37932],[2.47325,45.37757],[2.47783,45.37041],[2.4802,45.36969],[2.48225,45.37517],[2.48577,45.37895],[2.51242,45.38313],[2.51785,45.38497],[2.52049,45.38477],[2.52336,45.38148],[2.52682,45.39037],[2.52164,45.4003],[2.52222,45.40266],[2.51597,45.40324],[2.49306,45.41372],[2.48753,45.41817],[2.49347,45.43276],[2.49559,45.4455],[2.49688,45.44726],[2.49975,45.44862],[2.50361,45.46158],[2.50727,45.46464],[2.50966,45.47291],[2.5084,45.47834],[2.50783,45.48339],[2.51437,45.49301],[2.50848,45.50114],[2.50747,45.5039],[2.51354,45.51396],[2.51532,45.52668],[2.51489,45.54139],[2.51564,45.54267],[2.51789,45.5432],[2.51622,45.55384],[2.49665,45.55686],[2.49164,45.56013],[2.49158,45.56454],[2.48859,45.56931],[2.47997,45.5742],[2.4747,45.57866],[2.47348,45.58301],[2.46657,45.59273],[2.46569,45.60111],[2.47842,45.60797],[2.47982,45.61247],[2.48017,45.62534],[2.48215,45.63535],[2.48297,45.63704],[2.48994,45.64217],[2.49509,45.63984],[2.50432,45.63875],[2.51385,45.63947],[2.51896,45.647],[2.5194,45.65893],[2.51495,45.66405],[2.51264,45.66942],[2.5146,45.67208],[2.52862,45.68238],[2.52632,45.68529],[2.52579,45.69085],[2.52693,45.69487],[2.5248,45.69485],[2.5198,45.70251],[2.51795,45.71288],[2.50667,45.72476],[2.49954,45.73075],[2.49371,45.73777],[2.49216,45.73787],[2.49099,45.73987],[2.48182,45.74838],[2.46948,45.75373],[2.45492,45.76131],[2.45169,45.76137],[2.45096,45.75956],[2.44283,45.76063],[2.43534,45.76705],[2.43392,45.77017],[2.43201,45.78732],[2.43079,45.7884],[2.42614,45.7915],[2.41056,45.80875],[2.40492,45.81369],[2.39973,45.8178],[2.38941,45.82389],[2.38808,45.82575],[2.38833,45.82754],[2.39863,45.83452],[2.41802,45.83497],[2.43273,45.83904],[2.43437,45.84551],[2.43594,45.84701],[2.44559,45.845],[2.44763,45.84581],[2.44759,45.8485],[2.44379,45.85981],[2.44316,45.86626],[2.46176,45.86688],[2.46559,45.86829],[2.46527,45.87135],[2.46918,45.87219],[2.47914,45.87061],[2.47901,45.86834],[2.48197,45.86459],[2.49216,45.86416],[2.49167,45.86714],[2.49782,45.87115],[2.50122,45.87534],[2.50322,45.88015],[2.51025,45.88757],[2.52894,45.89915],[2.53421,45.90123],[2.53726,45.90128],[2.54248,45.90403],[2.55334,45.91175],[2.55777,45.9128],[2.54656,45.91579],[2.54137,45.92059],[2.54388,45.92742],[2.54838,45.93268],[2.55123,45.94123],[2.56955,45.94735],[2.5632,45.95615],[2.56964,45.95882],[2.60656,45.9665],[2.60897,45.96667],[2.61128,45.97199],[2.61053,45.97419],[2.60737,45.97907],[2.59661,45.98667],[2.59489,45.98908],[2.59405,46.00149],[2.59829,46.01525],[2.59764,46.01566],[2.60018,46.02921],[2.60196,46.03288],[2.60265,46.0328],[2.59779,46.03617],[2.57905,46.04427],[2.57136,46.04857],[2.56317,46.06478],[2.55679,46.07125],[2.55386,46.0773],[2.5513,46.08534],[2.55249,46.09342],[2.55051,46.09784],[2.55101,46.09964],[2.5521,46.10046],[2.55208,46.10338],[2.55089,46.10645],[2.54796,46.10964],[2.5473,46.11283],[2.55094,46.11905],[2.55251,46.11951],[2.55925,46.1288],[2.56026,46.13525],[2.5587,46.13776],[2.55946,46.13865],[2.56083,46.1388],[2.5663,46.14315],[2.56684,46.14429],[2.5616,46.1573],[2.55935,46.174],[2.55813,46.17507],[2.55375,46.17591],[2.55074,46.17738],[2.54397,46.17576],[2.54196,46.17601],[2.53273,46.18153],[2.52839,46.18513],[2.52783,46.19073],[2.52177,46.20256],[2.52032,46.21623],[2.51723,46.22066],[2.51552,46.22571],[2.51629,46.23246],[2.5153,46.23862],[2.51597,46.23957],[2.50207,46.2472],[2.48952,46.24747],[2.48891,46.25],[2.48832,46.25302],[2.47676,46.26985],[2.47941,46.27558],[2.4807,46.28105],[2.44303,46.295],[2.43285,46.29476],[2.42598,46.28453],[2.42461,46.285],[2.42275,46.28379],[2.42124,46.28456],[2.4161,46.30006],[2.41987,46.30248],[2.42047,46.31013],[2.41943,46.30946],[2.41301,46.31328],[2.39835,46.32521],[2.38731,46.33053],[2.3882,46.33161],[2.38587,46.33204],[2.38504,46.32954],[2.37724,46.32149],[2.37069,46.31273],[2.36477,46.31079],[2.36315,46.3122],[2.36179,46.31942],[2.35468,46.32584],[2.34742,46.32584],[2.34276,46.32507],[2.33406,46.32599],[2.31922,46.33202],[2.31471,46.33513],[2.31159,46.34183],[2.30194,46.34245],[2.30108,46.34229],[2.30079,46.34369],[2.30918,46.35573],[2.31928,46.36173],[2.33332,46.36506],[2.33775,46.36439],[2.33648,46.36913],[2.33497,46.37324],[2.33164,46.37806],[2.32709,46.37802],[2.32208,46.37703],[2.30407,46.37894],[2.28768,46.38227],[2.28478,46.38631],[2.28545,46.38828],[2.28432,46.39739],[2.27878,46.40767],[2.28072,46.41041],[2.28205,46.41085],[2.27969,46.41312],[2.2789,46.41599],[2.27909,46.41928],[2.28109,46.42047],[2.2536,46.42566],[2.25021,46.42637],[2.24398,46.42577],[2.23817,46.42393],[2.21384,46.42321],[2.20016,46.42812],[2.19789,46.42832],[2.19398,46.42594],[2.1848,46.42315],[2.17091,46.42299],[2.16814,46.42398],[2.14043,46.4212],[2.12842,46.41987],[2.11085,46.41646],[2.10995,46.41468],[2.10354,46.41108],[2.09791,46.4098],[2.08899,46.40976],[2.08872,46.41037],[2.08621,46.41093],[2.0763,46.41642],[2.0725,46.42011],[2.06384,46.42155],[2.04846,46.42121],[2.02938,46.42467],[2.02563,46.42784],[2.01952,46.42972],[2.00368,46.42924],[1.99308,46.43117],[1.9907,46.43522],[1.98937,46.43487],[1.97859,46.44161],[1.97806,46.43977],[1.95966,46.43878],[1.9488,46.43592],[1.92622,46.43192],[1.92421,46.43193],[1.92189,46.4339],[1.92182,46.43566],[1.91911,46.44029],[1.91467,46.44286],[1.91111,46.44354],[1.90844,46.44299],[1.90741,46.44127],[1.90238,46.43773],[1.89988,46.43858],[1.89984,46.43856],[1.89029,46.43671],[1.88436,46.43407],[1.88356,46.43273],[1.87566,46.43228],[1.86075,46.43335],[1.83539,46.42819],[1.81953,46.43003],[1.81851,46.43152],[1.81943,46.43195],[1.81761,46.43741],[1.81245,46.44177],[1.80309,46.44702],[1.80048,46.45004],[1.79806,46.45524],[1.79168,46.45345],[1.77501,46.45377],[1.75676,46.4524],[1.74886,46.4508],[1.74779,46.44984],[1.75278,46.44573],[1.76007,46.42697],[1.75801,46.42407],[1.75466,46.42175],[1.75205,46.41709],[1.74978,46.40921],[1.7505,46.40559],[1.7381,46.39955],[1.72638,46.39051],[1.72465,46.39094],[1.71952,46.3902],[1.71022,46.39254],[1.702,46.39955],[1.68373,46.41818],[1.67527,46.41352],[1.66164,46.40403],[1.65508,46.3954],[1.64455,46.38632],[1.63817,46.38559],[1.63014,46.38845],[1.61448,46.39945],[1.61454,46.40629],[1.61672,46.40993],[1.61176,46.4215],[1.6093,46.42309],[1.59711,46.4129],[1.58809,46.40718],[1.57438,46.40653],[1.57424,46.4069],[1.5739,46.4071],[1.56525,46.403],[1.55256,46.39417],[1.54624,46.3932],[1.54366,46.41572],[1.54427,46.41906],[1.53491,46.42434],[1.52538,46.42681],[1.51982,46.42393],[1.50978,46.41569],[1.50626,46.4101],[1.50055,46.40552],[1.49966,46.40573],[1.4995,46.39897],[1.49743,46.39468],[1.49328,46.3986],[1.47809,46.39417],[1.47294,46.38362],[1.46724,46.37839],[1.46013,46.37596],[1.45489,46.37608],[1.4458,46.3727],[1.44169,46.36951],[1.43573,46.36292],[1.43596,46.36022],[1.42875,46.3538],[1.41562,46.3469],[1.40511,46.36402],[1.3967,46.37193],[1.39289,46.37131],[1.3902,46.37182],[1.38364,46.37473],[1.37643,46.38354],[1.36248,46.39576],[1.35624,46.40016],[1.34955,46.3995],[1.34469,46.40158],[1.33659,46.39789],[1.32365,46.39606],[1.31605,46.39622],[1.3132,46.39493],[1.31264,46.39371],[1.31927,46.3914],[1.32266,46.38899],[1.32289,46.38562],[1.32131,46.38232],[1.31385,46.37531],[1.2989,46.37297],[1.28255,46.37219],[1.27978,46.37655],[1.2693,46.37638],[1.26061,46.37896],[1.25121,46.37707],[1.24336,46.37171],[1.24072,46.36737],[1.23795,46.3664],[1.23693,46.36708],[1.22745,46.36694],[1.21917,46.3656],[1.21672,46.36695],[1.21474,46.36989],[1.21146,46.37897],[1.2161,46.38351],[1.21474,46.38706],[1.21297,46.38796],[1.20861,46.38924],[1.20582,46.38812],[1.19298,46.37736],[1.18403,46.37709],[1.18062,46.37971],[1.17978,46.38215],[1.17749,46.38393],[1.19693,46.40152],[1.19478,46.41062],[1.21322,46.43313],[1.19919,46.43105],[1.19081,46.43138],[1.18542,46.43393],[1.18684,46.4405],[1.16859,46.44623],[1.15704,46.44734],[1.15184,46.44865],[1.13518,46.47096],[1.15169,46.47017],[1.15338,46.47265],[1.14003,46.486],[1.13327,46.49802],[1.13514,46.49803],[1.14885,46.50212],[1.14633,46.5058],[1.12351,46.52208],[1.11092,46.52822],[1.10635,46.53258],[1.09399,46.53705],[1.08775,46.53832],[1.0719,46.53738],[1.06414,46.53966],[1.04451,46.53684],[1.03316,46.53734],[1.02342,46.536],[1.02048,46.5372],[1.02271,46.5463],[1.02273,46.5524],[1.01871,46.5644],[1.01441,46.56777],[0.98849,46.56531],[0.98497,46.56691],[0.98192,46.57355],[0.96603,46.57279],[0.95771,46.57668],[0.94124,46.58097],[0.93772,46.58534],[0.93628,46.58903],[0.93768,46.59443],[0.91597,46.59665],[0.91562,46.59977],[0.90981,46.60351],[0.90735,46.61333],[0.90337,46.61983],[0.89998,46.62336],[0.89419,46.62584],[0.89396,46.62864],[0.8957,46.6322],[0.90712,46.64624],[0.91145,46.64936],[0.91716,46.65048],[0.91597,46.65432],[0.90675,46.66547],[0.90718,46.66652],[0.91168,46.67088],[0.91211,46.6748],[0.91067,46.67738],[0.90925,46.67809],[0.90615,46.67847],[0.90243,46.6777],[0.90246,46.67942],[0.90444,46.68139],[0.91526,46.68868],[0.92368,46.69282],[0.92491,46.70019],[0.91569,46.70947],[0.90477,46.72939],[0.90288,46.73055],[0.9018,46.73438],[0.89507,46.73692],[0.88202,46.73867],[0.87009,46.74549],[0.86741,46.74819],[0.86447,46.75247],[0.85979,46.75588],[0.85909,46.75678],[0.84938,46.7605],[0.84265,46.7654],[0.83128,46.7752],[0.83002,46.77947],[0.81638,46.78791],[0.81224,46.79929],[0.81011,46.81418],[0.80981,46.81589],[0.80898,46.82329],[0.80406,46.82816],[0.79837,46.83217],[0.79507,46.83274],[0.79127,46.83501],[0.78699,46.84007],[0.78666,46.84345],[0.78769,46.84496],[0.79537,46.84646],[0.79655,46.84736],[0.79595,46.85012],[0.7905,46.85249],[0.76802,46.85115],[0.76681,46.8526],[0.76619,46.85627],[0.76834,46.8585],[0.7608,46.86335],[0.74354,46.87172],[0.73769,46.87345],[0.73322,46.8765],[0.72939,46.8833],[0.71229,46.89825],[0.70532,46.90235],[0.70404,46.90444],[0.70378,46.90942],[0.70473,46.91231],[0.70324,46.92608],[0.70594,46.93813],[0.70326,46.94703],[0.69639,46.95628],[0.69601,46.95937],[0.69502,46.96245],[0.6945,46.96442],[0.69557,46.96916],[0.69375,46.97317],[0.69217,46.97443],[0.67819,46.97766],[0.66162,46.97809],[0.65804,46.98051],[0.65662,46.9854],[0.6479,46.98834],[0.64324,46.98806],[0.63776,46.98548],[0.62953,46.98894],[0.6241,46.99375],[0.62137,46.9965],[0.6218,46.99943],[0.62407,47.00193],[0.6237,47.00418],[0.61994,47.00719],[0.61579,47.00822],[0.59057,47.00666],[0.57447,47.0047],[0.56758,47.00651],[0.56707,47.00263],[0.56759,47.00033],[0.57412,46.99527],[0.57453,46.99292],[0.57279,46.98831],[0.57394,46.98343],[0.57978,46.97912],[0.59365,46.9776],[0.60056,46.97371],[0.60173,46.97148],[0.60158,46.95883],[0.5988,46.95641],[0.57011,46.95565],[0.56497,46.95564],[0.55811,46.95676],[0.55435,46.95846],[0.54699,46.95998],[0.5401,46.96035],[0.52737,46.95708],[0.51288,46.95603],[0.50844,46.95746],[0.50523,46.96002],[0.50052,46.95641],[0.49146,46.9554],[0.47812,46.95026],[0.46576,46.94708],[0.45212,46.94198],[0.44489,46.94127],[0.44302,46.93527],[0.43864,46.92949],[0.41514,46.93721],[0.40632,46.93682],[0.40537,46.93613],[0.38775,46.94385],[0.38773,46.94327],[0.3832,46.9437],[0.37928,46.94466],[0.36651,46.94987],[0.36073,46.94846],[0.35298,46.94241],[0.3515,46.93975],[0.34787,46.93658],[0.33842,46.9362],[0.32982,46.9327],[0.32356,46.93115],[0.31121,46.93796],[0.30769,46.94506],[0.30551,46.95328],[0.30221,46.95535],[0.30131,46.95585],[0.30379,46.95914],[0.3049,46.9652],[0.30085,46.97042],[0.29806,46.97125],[0.29953,46.97321],[0.29733,46.98478],[0.29135,46.99037],[0.30405,46.99068],[0.30811,46.99996],[0.30594,47.00246],[0.3029,47.01479],[0.30703,47.02419],[0.31029,47.02574],[0.30994,47.02803],[0.30894,47.04571],[0.3071,47.04864],[0.30241,47.05301],[0.29833,47.05404],[0.27951,47.04594],[0.26584,47.04558],[0.26395,47.04629],[0.26669,47.04872],[0.2663,47.06435],[0.25878,47.0691],[0.24422,47.0715],[0.23516,47.06917],[0.23299,47.06457],[0.22955,47.06249],[0.21393,47.05444],[0.20796,47.05332],[0.20694,47.05501],[0.19841,47.06134],[0.19167,47.06467],[0.18706,47.06058],[0.17967,47.05912],[0.17571,47.06074],[0.17685,47.06471],[0.17371,47.06742],[0.17417,47.07127],[0.18297,47.0794],[0.1919,47.08357],[0.19642,47.08789],[0.19821,47.09369],[0.19367,47.09761],[0.18508,47.10858],[0.18324,47.11404],[0.1815,47.11529],[0.18122,47.1144],[0.17609,47.11263],[0.16652,47.10765],[0.16351,47.10412],[0.16186,47.10008],[0.15276,47.10438],[0.14652,47.10612],[0.14004,47.10568],[0.13518,47.10711],[0.13397,47.10997],[0.13412,47.11448],[0.14069,47.12466],[0.1318,47.12281],[0.12549,47.12253],[0.1221,47.12845],[0.11123,47.13036],[0.10699,47.12863],[0.10433,47.12475],[0.10456,47.1208],[0.0841,47.11842],[0.07837,47.14642],[0.06626,47.14322],[0.06165,47.15284],[0.0575,47.15853],[0.05416,47.16103],[0.05391,47.16368],[0.04796,47.16779],[0.04017,47.1638],[0.03626,47.16005],[0.01888,47.17599],[0.01055,47.16961],[-0.00182,47.16376],[-0.0121,47.15645],[-0.03419,47.12739],[-0.03444,47.12062],[-0.03984,47.11475],[-0.0401,47.1128],[-0.0384,47.10946],[-0.03728,47.1077],[-0.02653,47.10609],[-0.02934,47.09555],[-0.03543,47.08687],[-0.03967,47.08701],[-0.04095,47.08771],[-0.04464,47.09338],[-0.05698,47.09522],[-0.06771,47.09356],[-0.08299,47.09926],[-0.08591,47.10101],[-0.09512,47.09518],[-0.09722,47.09166],[-0.10128,47.08578],[-0.10067,47.08477],[-0.10503,47.0713],[-0.1021,47.06517],[-0.11938,47.05927],[-0.12879,47.05442],[-0.13015,47.05498],[-0.13844,47.06547],[-0.14512,47.06831],[-0.15091,47.06988],[-0.15734,47.07024],[-0.16601,47.0647],[-0.17458,47.06764],[-0.17885,47.07003],[-0.16529,47.08244],[-0.16269,47.08423],[-0.15282,47.08793],[-0.14573,47.09164],[-0.14055,47.0984],[-0.1414,47.10413],[-0.14807,47.1023],[-0.1578,47.10205],[-0.16733,47.10401],[-0.17985,47.10817],[-0.18527,47.10841],[-0.18469,47.10698],[-0.18665,47.1014],[-0.20614,47.09317],[-0.2174,47.09852],[-0.23407,47.1036],[-0.25215,47.10236],[-0.25479,47.10089],[-0.26056,47.09977],[-0.26305,47.10158],[-0.26262,47.1057],[-0.26573,47.10549],[-0.26739,47.10181],[-0.26941,47.10112],[-0.28032,47.09989],[-0.2875,47.10169],[-0.29792,47.0997],[-0.31256,47.09226],[-0.34019,47.08755],[-0.34176,47.08738],[-0.34212,47.08872],[-0.34798,47.09171],[-0.35913,47.09366],[-0.3771,47.08869],[-0.38256,47.0882],[-0.38696,47.09112],[-0.38711,47.09228],[-0.39606,47.09154],[-0.39806,47.07972],[-0.4012,47.07075],[-0.40423,47.06815],[-0.40862,47.06638],[-0.41756,47.07066],[-0.42698,47.07299],[-0.44031,47.06848],[-0.44614,47.06756],[-0.45469,47.06736],[-0.46108,47.06881],[-0.46502,47.06689],[-0.47246,47.0577],[-0.47634,47.05436],[-0.48032,47.05334],[-0.48533,47.06389],[-0.48499,47.06597],[-0.47809,47.07191],[-0.47178,47.07243],[-0.46418,47.07436],[-0.45899,47.07994],[-0.45966,47.08213],[-0.46397,47.08192],[-0.49038,47.08237],[-0.50217,47.08017],[-0.51059,47.07767],[-0.51368,47.07745],[-0.51525,47.07803],[-0.51911,47.07603],[-0.54044,47.06963],[-0.5579,47.06339],[-0.55946,47.06181],[-0.5567,47.06069],[-0.55437,47.05726],[-0.55799,47.05526],[-0.55827,47.05323],[-0.55601,47.04438],[-0.54428,47.03731],[-0.54204,47.03497],[-0.54234,47.03253],[-0.54701,47.02883],[-0.55086,47.02907],[-0.55359,47.02978],[-0.55982,47.02652],[-0.5758,47.01705],[-0.58712,47.0071],[-0.58719,47.00623],[-0.59549,46.99791],[-0.61578,46.99286],[-0.61878,46.99234],[-0.62009,46.99331],[-0.62723,46.99512],[-0.63815,46.99566],[-0.64387,46.99351],[-0.64814,46.99374],[-0.66036,46.99833],[-0.66994,47.0008],[-0.67518,46.99871],[-0.68038,46.99324],[-0.67853,46.99211],[-0.67769,46.98998],[-0.68019,46.98766],[-0.6868,46.98803],[-0.69209,46.99277],[-0.69696,46.99471],[-0.69858,46.99465],[-0.70651,46.98902],[-0.7122,46.98667],[-0.71932,46.98815],[-0.72926,46.99593],[-0.74341,47.00099],[-0.74363,46.99434],[-0.74915,46.99214],[-0.76152,46.99226],[-0.76828,46.99508],[-0.76866,47.00151],[-0.77227,47.00458],[-0.78757,47.00512],[-0.78963,47.00241],[-0.80963,46.99266],[-0.81103,46.99151],[-0.80914,46.99059],[-0.80837,46.99157],[-0.8051,46.98954],[-0.80735,46.98861],[-0.81129,46.98885],[-0.8115,46.99392],[-0.82163,46.99363],[-0.8453,46.98805],[-0.84766,46.98623],[-0.84924,46.97382],[-0.8526,46.97101],[-0.86066,46.96889],[-0.86255,46.97131],[-0.8669,46.97311],[-0.89219,46.97608],[-0.90352,46.97157],[-0.90207,46.97102],[-0.9025,46.97062],[-0.90219,46.9703],[-0.89619,46.96845],[-0.88336,46.96283],[-0.87777,46.95953],[-0.87425,46.95629],[-0.87235,46.95302],[-0.87593,46.9536],[-0.88391,46.95057],[-0.88102,46.94644],[-0.86573,46.94606],[-0.85365,46.94716],[-0.84966,46.94632],[-0.84762,46.94423],[-0.84948,46.9398],[-0.84043,46.93577],[-0.82957,46.9335],[-0.82934,46.93342],[-0.8281,46.92818],[-0.81917,46.91896],[-0.81235,46.92032],[-0.80741,46.92006],[-0.80954,46.9172],[-0.8137,46.91417],[-0.81831,46.90764],[-0.82062,46.89926],[-0.82615,46.89009],[-0.8283,46.88726],[-0.83234,46.88465],[-0.82895,46.88481],[-0.81861,46.8814],[-0.80423,46.8671],[-0.79395,46.85821],[-0.7914,46.85708],[-0.78684,46.85205],[-0.77477,46.84079],[-0.77322,46.84048],[-0.77251,46.83885],[-0.76928,46.83619],[-0.75796,46.83151],[-0.75717,46.83212],[-0.73881,46.82926],[-0.73694,46.82644],[-0.72497,46.82263],[-0.71237,46.82064],[-0.71024,46.82154],[-0.70898,46.82132],[-0.69851,46.81074],[-0.69901,46.80889],[-0.70059,46.80915],[-0.70816,46.8058],[-0.71807,46.80034],[-0.72048,46.78955],[-0.72561,46.77939],[-0.72719,46.76779],[-0.72628,46.76513],[-0.72,46.76252],[-0.71956,46.75581],[-0.71548,46.75193],[-0.70872,46.74991],[-0.70393,46.74946],[-0.6983,46.75176],[-0.69723,46.74876],[-0.69689,46.73925],[-0.69447,46.73117],[-0.6887,46.72595],[-0.68717,46.72721],[-0.68194,46.72607],[-0.67539,46.72284],[-0.6734,46.72177],[-0.66637,46.71366],[-0.6562,46.70033],[-0.66105,46.6985],[-0.68108,46.68698],[-0.65804,46.67677],[-0.64724,46.67052],[-0.64174,46.66406],[-0.63697,46.66338],[-0.63752,46.66228],[-0.64153,46.66022],[-0.64846,46.65114],[-0.65344,46.64335],[-0.6596,46.63895],[-0.65707,46.63423],[-0.64448,46.6382],[-0.63493,46.63761],[-0.62631,46.63422],[-0.61405,46.62161],[-0.61411,46.6205],[-0.61583,46.62025],[-0.61763,46.61883],[-0.62255,46.61178],[-0.62301,46.60808],[-0.62694,46.6056],[-0.61431,46.59671],[-0.61162,46.58819],[-0.61442,46.58407],[-0.61871,46.58063],[-0.6247,46.57744],[-0.61994,46.56926],[-0.61794,46.56174],[-0.60998,46.55937],[-0.60637,46.55486],[-0.60713,46.55055],[-0.60324,46.54276],[-0.6023,46.54197],[-0.60223,46.53335],[-0.61114,46.52965],[-0.61987,46.52731],[-0.63597,46.52604],[-0.64204,46.52488],[-0.64642,46.51159],[-0.64609,46.50978],[-0.6446,46.50822],[-0.63443,46.50479],[-0.62526,46.49563],[-0.62456,46.48539],[-0.62037,46.47268],[-0.60817,46.45425],[-0.61732,46.44699],[-0.61633,46.44473],[-0.61851,46.43896],[-0.63636,46.43246],[-0.63998,46.41628],[-0.6394,46.41346],[-0.63631,46.40877],[-0.63423,46.39573],[-0.62091,46.39067],[-0.61576,46.39895],[-0.61279,46.41142],[-0.61003,46.41374],[-0.60055,46.41236],[-0.59208,46.40869],[-0.58859,46.40571],[-0.57655,46.40165],[-0.57239,46.40081],[-0.57185,46.39611],[-0.56615,46.39308],[-0.55178,46.39329],[-0.53815,46.38635],[-0.54805,46.37311],[-0.55201,46.3696],[-0.55759,46.36425],[-0.55896,46.36128],[-0.57696,46.35544],[-0.58599,46.35694],[-0.60311,46.36148],[-0.60694,46.35554],[-0.6055,46.34737],[-0.61875,46.33897],[-0.62946,46.33625],[-0.63448,46.33352],[-0.6434,46.31945],[-0.64869,46.31703],[-0.65199,46.31752],[-0.67213,46.31634],[-0.69731,46.32506],[-0.70774,46.31763],[-0.71641,46.31687],[-0.72103,46.31427],[-0.72209,46.31086],[-0.72197,46.30918],[-0.71593,46.30693],[-0.7197,46.30307],[-0.72175,46.30263],[-0.72687,46.30355],[-0.73463,46.30505],[-0.74149,46.30489],[-0.74567,46.30368],[-0.75038,46.3044],[-0.76745,46.3126],[-0.77577,46.31862],[-0.77949,46.31834],[-0.78504,46.31917],[-0.803,46.32541],[-0.8072,46.33029],[-0.82631,46.3368],[-0.83127,46.3419],[-0.83409,46.34216],[-0.83975,46.34078],[-0.84868,46.33241],[-0.84862,46.32962],[-0.84515,46.3269],[-0.84482,46.32521],[-0.84977,46.31781],[-0.85964,46.31766],[-0.86292,46.31913],[-0.8871,46.3269],[-0.89186,46.32316],[-0.89293,46.32029],[-0.89681,46.31698],[-0.91239,46.31309],[-0.91351,46.31378],[-0.94238,46.31692],[-0.95211,46.31955],[-0.95665,46.32318],[-0.95622,46.32684],[-0.94314,46.33709],[-0.93893,46.3456],[-0.93428,46.36002],[-0.93202,46.36546],[-0.92745,46.37074],[-0.9307,46.37077],[-0.94596,46.36468],[-0.95314,46.36353],[-0.96131,46.36397],[-0.96448,46.3653],[-0.96497,46.36534],[-0.97053,46.3548],[-0.97481,46.35123],[-0.98639,46.35108],[-0.99698,46.35309],[-1.01285,46.34928],[-1.02659,46.35003],[-1.03784,46.34798],[-1.05246,46.34257],[-1.05369,46.34952],[-1.05469,46.34696],[-1.06472,46.33515],[-1.07169,46.32986],[-1.07342,46.32701],[-1.07672,46.32077],[-1.0803,46.31875],[-1.09414,46.31507],[-1.10533,46.31479],[-1.10516,46.31334],[-1.1148,46.31376],[-1.12092,46.31321],[-1.12609,46.30788],[-1.12633,46.30223],[-1.13319,46.30232],[-1.12312,46.30153],[-1.11992,46.29557],[-1.12367,46.29412],[-1.12249,46.29119],[-1.11355,46.27045],[-1.10709,46.26213],[-1.11369,46.26073],[-1.12918,46.25372],[-1.14125,46.24974],[-1.14632,46.24108],[-1.15678,46.23487],[-1.17109,46.2238],[-1.17442,46.22202],[-1.18561,46.21955],[-1.19915,46.2128],[-1.20642,46.20384],[-1.20579,46.20239],[-1.20185,46.20187],[-1.20047,46.20232],[-1.19885,46.20467],[-1.19735,46.20568],[-1.19533,46.20571],[-1.19527,46.20695],[-1.19475,46.20571],[-1.19932,46.19809],[-1.19914,46.19436],[-1.20105,46.19093],[-1.20503,46.18566],[-1.2197,46.17625],[-1.23078,46.16578],[-1.23784,46.16528],[-1.24087,46.16305],[-1.2414,46.15912],[-1.23928,46.15899],[-1.23012,46.16157],[-1.2234,46.16121],[-1.21791,46.15897],[-1.21687,46.15723],[-1.22438,46.15561],[-1.23356,46.15475],[-1.2318,46.15197],[-1.22878,46.14994],[-1.22344,46.15025],[-1.22103,46.14909],[-1.22102,46.14754],[-1.22736,46.14828],[-1.22674,46.1477],[-1.2137,46.14713],[-1.20671,46.14605],[-1.19259,46.14989],[-1.17428,46.15289],[-1.16017,46.15432],[-1.15901,46.15526],[-1.15738,46.15477],[-1.15567,46.15522],[-1.15284,46.15799],[-1.15081,46.15792],[-1.14985,46.15597],[-1.15235,46.15625],[-1.15323,46.15528],[-1.15366,46.1548],[-1.15281,46.15462],[-1.1512,46.1541],[-1.15126,46.15048],[-1.15203,46.15],[-1.15231,46.15442],[-1.15575,46.15398],[-1.1599,46.15224],[-1.16127,46.14872],[-1.16743,46.14734],[-1.16262,46.14811],[-1.16176,46.14638],[-1.16369,46.14194],[-1.16599,46.1413],[-1.17036,46.14192],[-1.17239,46.14642],[-1.16985,46.1479],[-1.17227,46.14685],[-1.17301,46.1455],[-1.17191,46.13973],[-1.16915,46.13843],[-1.16422,46.13801],[-1.14917,46.13314],[-1.14881,46.13001],[-1.14588,46.1274],[-1.12993,46.12699],[-1.12735,46.12608],[-1.12439,46.11911],[-1.12398,46.11359],[-1.12562,46.1109],[-1.13196,46.1097],[-1.12224,46.10302],[-1.10737,46.09757],[-1.10335,46.09501],[-1.10097,46.09423],[-1.09797,46.08623],[-1.09383,46.07348],[-1.0937,46.06225],[-1.09477,46.06221],[-1.09556,46.06152],[-1.09547,46.06055],[-1.09508,46.06188],[-1.09286,46.06209],[-1.08949,46.05848],[-1.08859,46.05378],[-1.08304,46.05288],[-1.07676,46.05324],[-1.0626,46.0485],[-1.0609,46.04604],[-1.05624,46.03261],[-1.05675,46.0299],[-1.06091,46.02875],[-1.06112,46.02627],[-1.05868,46.01871],[-1.0531,46.01239],[-1.05296,46.00379],[-1.05603,45.99838],[-1.06086,45.99403],[-1.06546,45.99416],[-1.07678,45.99645],[-1.08836,45.99371],[-1.10791,45.99698],[-1.08891,45.98204],[-1.08303,45.97451],[-1.07935,45.96227],[-1.07611,45.95828],[-1.0771,45.9541],[-1.07816,45.94962],[-1.08249,45.94905],[-1.09493,45.94933],[-1.09991,45.94472],[-1.09551,45.94197],[-1.07742,45.9373],[-1.07466,45.92655],[-1.07293,45.91582],[-1.07633,45.90628],[-1.08118,45.89889],[-1.09125,45.88887],[-1.09865,45.87889],[-1.10438,45.86585],[-1.10611,45.86678],[-1.11427,45.86423],[-1.11779,45.85929],[-1.12091,45.85816],[-1.11956,45.85715],[-1.12109,45.85776],[-1.12127,45.85618],[-1.12531,45.85679],[-1.12995,45.85886],[-1.13802,45.85939],[-1.14096,45.86095],[-1.15466,45.86212],[-1.15583,45.86127],[-1.15543,45.85993],[-1.15292,45.85748],[-1.14351,45.85616],[-1.14039,45.85412],[-1.14439,45.85617],[-1.1484,45.85602],[-1.15647,45.85285],[-1.16452,45.85284],[-1.16758,45.84778],[-1.16677,45.84469],[-1.16287,45.84234],[-1.16021,45.84365],[-1.15728,45.84278],[-1.15274,45.83659],[-1.15049,45.83057],[-1.14004,45.82253],[-1.13757,45.82043],[-1.13641,45.80968],[-1.13433,45.80206],[-1.13916,45.79892],[-1.1424,45.79712],[-1.14693,45.79723],[-1.14916,45.79778],[-1.15539,45.80246],[-1.15693,45.80232],[-1.16613,45.79915],[-1.17502,45.79401],[-1.18626,45.79018],[-1.18987,45.78946],[-1.196,45.78955],[-1.2083,45.79337],[-1.2351,45.78629],[-1.2393,45.78441],[-1.24207,45.78189],[-1.24365,45.77894],[-1.24449,45.77187],[-1.24087,45.75366],[-1.23848,45.70999],[-1.2347,45.69364],[-1.23066,45.67871],[-1.22856,45.67508],[-1.22574,45.67252],[-1.20725,45.67131],[-1.19145,45.67476],[-1.20761,45.67326],[-1.21562,45.67366],[-1.21788,45.67485],[-1.22228,45.67935],[-1.22921,45.68821],[-1.23073,45.69262],[-1.22976,45.69367],[-1.22567,45.69483],[-1.21175,45.69719],[-1.20467,45.69626],[-1.1998,45.69465],[-1.17851,45.68085],[-1.14717,45.66757],[-1.12444,45.65223],[-1.11307,45.64675],[-1.09747,45.64098],[-1.08769,45.63877],[-1.07782,45.63889],[-1.07532,45.63785],[-1.06778,45.63116],[-1.06118,45.62677],[-1.05609,45.62568],[-1.05417,45.62741],[-1.0512,45.62645],[-1.04344,45.62001],[-1.04232,45.62015],[-1.04228,45.61926],[-1.03517,45.61906],[-1.03463,45.61954],[-1.03224,45.61895],[-1.03211,45.61817],[-1.02913,45.61755],[-1.02717,45.61855],[-1.03016,45.61789],[-1.03102,45.61967],[-1.02562,45.62333],[-1.0204,45.62117],[-1.01302,45.61574],[-1.01032,45.61196],[-1.00917,45.60793],[-1.01017,45.6055],[-0.99921,45.60072],[-0.99428,45.59734],[-0.98964,45.58849],[-0.98872,45.58332],[-0.99078,45.57927],[-0.99288,45.57767],[-0.98824,45.57431],[-0.97358,45.56373],[-0.96279,45.55758],[-0.94057,45.54933],[-0.93496,45.54726],[-0.92959,45.54461],[-0.90902,45.53448],[-0.89597,45.52693],[-0.873,45.51363],[-0.86241,45.5065],[-0.84272,45.49324],[-0.82295,45.47734],[-0.8213,45.47602],[-0.80029,45.45602],[-0.79888,45.45467],[-0.77943,45.4331],[-0.77733,45.43077],[-0.76547,45.4156],[-0.75672,45.40439],[-0.75304,45.39873],[-0.74448,45.38558],[-0.73477,45.36629],[-0.73199,45.35893],[-0.72006,45.32738],[-0.71109,45.30363],[-0.70543,45.28453],[-0.69122,45.23657],[-0.67374,45.17748],[-0.6736,45.17655],[-0.67294,45.17221],[-0.66934,45.14849],[-0.66749,45.13625],[-0.66375,45.12342],[-0.65489,45.10914],[-0.64332,45.09049],[-0.63581,45.07838],[-0.63169,45.07174],[-0.61995,45.06104],[-0.61497,45.05758],[-0.59456,45.04335],[-0.59378,45.04281],[-0.59307,45.04046],[-0.59435,45.03929],[-0.59509,45.03861],[-0.59859,45.038],[-0.59883,45.03806],[-0.60135,45.03556],[-0.59112,45.0237],[-0.57485,45.01138],[-0.57311,45.00809],[-0.57288,45.00764],[-0.57416,45.00525],[-0.58303,45.00658],[-0.60095,45.01379],[-0.62906,45.03095],[-0.63944,45.03972],[-0.65096,45.04943],[-0.65816,45.05694],[-0.67638,45.0759],[-0.67806,45.07812],[-0.68612,45.08872],[-0.68653,45.08926],[-0.6971,45.10738],[-0.71137,45.13184],[-0.7147,45.13875],[-0.73289,45.17649],[-0.73475,45.18036],[-0.74119,45.19874],[-0.74249,45.20244],[-0.74779,45.22673],[-0.75196,45.24579],[-0.76529,45.28023],[-0.76726,45.28383],[-0.78173,45.3102],[-0.78757,45.32084],[-0.80797,45.34931],[-0.80976,45.35181],[-0.8217,45.36383],[-0.83969,45.37757],[-0.84189,45.37926],[-0.86149,45.39181],[-0.89309,45.41204],[-0.89394,45.41266],[-0.93357,45.44142],[-0.97197,45.46401],[-0.97226,45.46418],[-0.99967,45.48939],[-1.0051,45.49106],[-1.01537,45.49421],[-1.03226,45.50588],[-1.03454,45.50896],[-1.03876,45.51466],[-1.0411,45.52695],[-1.0437,45.54054],[-1.05494,45.55161],[-1.06069,45.5615],[-1.06272,45.56805],[-1.06141,45.57251],[-1.09048,45.56639],[-1.09412,45.56166],[-1.09805,45.55044],[-1.10385,45.53948],[-1.11666,45.52518],[-1.13018,45.51515],[-1.14053,45.4985],[-1.15028,45.48724],[-1.15233,45.48402],[-1.15483,45.4675],[-1.15065,45.45175],[-1.15043,45.44099],[-1.15915,45.41692],[-1.16032,45.40566],[-1.15989,45.39036],[-1.15845,45.35669],[-1.16116,45.30382],[-1.16333,45.28514],[-1.1688,45.24996],[-1.18665,45.1285],[-1.1942,45.06826],[-1.20411,44.9848],[-1.21416,44.92078],[-1.22419,44.85457],[-1.23273,44.80898],[-1.23742,44.78342],[-1.25175,44.71057],[-1.26089,44.64285],[-1.25987,44.63218],[-1.25777,44.62633],[-1.25611,44.62422],[-1.25007,44.62155],[-1.24551,44.62155],[-1.2445,44.62312],[-1.24003,44.65493],[-1.23996,44.66936],[-1.23675,44.68304],[-1.23032,44.69595],[-1.2228,44.70549],[-1.19107,44.73072],[-1.18999,44.73297],[-1.17346,44.75181],[-1.17347,44.76525],[-1.17022,44.77005],[-1.16889,44.77407],[-1.16205,44.77588],[-1.16104,44.7755],[-1.15927,44.77213],[-1.15726,44.7704],[-1.15342,44.76914],[-1.15088,44.76726],[-1.15424,44.76753],[-1.15422,44.76746],[-1.15341,44.76709],[-1.15214,44.76686],[-1.15102,44.76679],[-1.151,44.76403],[-1.14841,44.76256],[-1.14227,44.76115],[-1.12988,44.75188],[-1.12557,44.75061],[-1.12281,44.75151],[-1.11782,44.7442],[-1.11309,44.74444],[-1.11053,44.74236],[-1.10934,44.74196],[-1.11182,44.74359],[-1.1087,44.74415],[-1.10132,44.73995],[-1.08935,44.72965],[-1.07837,44.72262],[-1.06824,44.71449],[-1.06089,44.71026],[-1.0569,44.70875],[-1.05638,44.71027],[-1.0534,44.71036],[-1.05621,44.7092],[-1.05558,44.70737],[-1.05446,44.707],[-1.05354,44.70364],[-1.03695,44.69403],[-1.03619,44.69347],[-1.03771,44.69232],[-1.04625,44.69231],[-1.05651,44.694],[-1.06367,44.69738],[-1.06929,44.69613],[-1.05888,44.68768],[-1.0497,44.68204],[-1.03799,44.68583],[-1.02855,44.68759],[-1.03793,44.68547],[-1.04006,44.68444],[-1.04024,44.68319],[-1.0383,44.6798],[-1.02227,44.67324],[-1.01802,44.66821],[-1.01263,44.6544],[-1.00898,44.65169],[-1.00061,44.64655],[-1.00106,44.64542],[-0.99984,44.64512],[-1.00005,44.64402],[-0.99809,44.64232],[-0.99903,44.64218],[-1.00027,44.64401],[-1.00027,44.64499],[-1.00203,44.64518],[-1.00053,44.64322],[-1.0074,44.6501],[-1.02403,44.65014],[-1.03862,44.65369],[-1.04196,44.65274],[-1.04456,44.64858],[-1.04416,44.64791],[-1.05326,44.6436],[-1.05364,44.64471],[-1.05787,44.64681],[-1.06673,44.64519],[-1.0805,44.64056],[-1.09472,44.64213],[-1.09615,44.64503],[-1.09808,44.64219],[-1.09741,44.64093],[-1.09815,44.64099],[-1.09845,44.64198],[-1.09699,44.64485],[-1.09801,44.64516],[-1.0993,44.64241],[-1.10006,44.64254],[-1.09861,44.64529],[-1.10106,44.64686],[-1.10233,44.64636],[-1.10341,44.64431],[-1.10586,44.64418],[-1.1129,44.64591],[-1.11545,44.64547],[-1.11672,44.64445],[-1.11878,44.63951],[-1.1178,44.64728],[-1.13233,44.64758],[-1.14125,44.64779],[-1.14562,44.64587],[-1.14328,44.63812],[-1.14647,44.63931],[-1.14733,44.64724],[-1.14437,44.65119],[-1.13912,44.65369],[-1.14377,44.65667],[-1.14233,44.65959],[-1.14915,44.66215],[-1.14389,44.65981],[-1.14424,44.65828],[-1.14516,44.65763],[-1.14845,44.65809],[-1.15206,44.65961],[-1.15334,44.66108],[-1.15323,44.66252],[-1.15229,44.66292],[-1.15293,44.66283],[-1.15325,44.66256],[-1.15338,44.66109],[-1.15591,44.66254],[-1.16371,44.66429],[-1.18076,44.66371],[-1.18946,44.66172],[-1.19323,44.66001],[-1.19577,44.65684],[-1.19594,44.65341],[-1.20258,44.6434],[-1.20453,44.63867],[-1.20345,44.6226],[-1.20464,44.61494],[-1.20666,44.61018],[-1.22258,44.58097],[-1.22793,44.57426],[-1.23737,44.56571],[-1.2553,44.53695],[-1.25771,44.5253],[-1.25391,44.51618],[-1.25073,44.5031],[-1.24984,44.49509],[-1.25367,44.46749],[-1.25457,44.46579],[-1.25462,44.4598],[-1.26545,44.39244],[-1.27566,44.33582],[-1.28121,44.30763],[-1.2879,44.27101],[-1.31153,44.14881],[-1.31697,44.12889],[-1.32608,44.09435],[-1.32315,44.08927],[-1.31007,44.08607],[-1.31347,44.08475],[-1.31815,44.08615],[-1.32508,44.08668],[-1.32868,44.08364],[-1.35133,44.00141],[-1.35551,43.98983],[-1.37702,43.9077],[-1.38415,43.88439],[-1.39962,43.83632],[-1.41219,43.79805],[-1.41565,43.78597],[-1.41189,43.78496],[-1.41027,43.78316],[-1.41798,43.7778],[-1.42808,43.7416],[-1.43973,43.69955],[-1.44138,43.68364],[-1.44292,43.66598],[-1.4463,43.65842],[-1.44737,43.656],[-1.44605,43.65011],[-1.44727,43.64278],[-1.45355,43.62982],[-1.46654,43.61019],[-1.48264,43.58643],[-1.49369,43.57048],[-1.52189,43.53111],[-1.53001,43.53157],[-1.52414,43.53116],[-1.52174,43.5304],[-1.52117,43.52882],[-1.53771,43.50839],[-1.54583,43.49551],[-1.54865,43.49308],[-1.55274,43.49191],[-1.5538,43.48961],[-1.55856,43.48526],[-1.56122,43.48359],[-1.56346,43.48335],[-1.56868,43.47383],[-1.57706,43.46271],[-1.59679,43.43609],[-1.60273,43.43045],[-1.6085,43.42704],[-1.61725,43.42455],[-1.6203,43.42176],[-1.61986,43.42035],[-1.62043,43.42114],[-1.62264,43.42133],[-1.63225,43.41243],[-1.64581,43.40483],[-1.65348,43.40527],[-1.66034,43.40254],[-1.66479,43.39955],[-1.66232,43.39895],[-1.66046,43.39652],[-1.66058,43.39289],[-1.66235,43.39077],[-1.66673,43.38833],[-1.66997,43.38803],[-1.67717,43.3883],[-1.6823,43.38952],[-1.68495,43.39367],[-1.68469,43.39517],[-1.68909,43.39465],[-1.69256,43.39422],[-1.71799,43.38618],[-1.72831,43.3826],[-1.73316,43.38013],[-1.73438,43.37972],[-1.73376,43.381],[-1.73562,43.38095],[-1.74239,43.37939],[-1.74706,43.38086],[-1.75575,43.37947],[-1.76331,43.37579],[-1.77557,43.37309],[-1.78348,43.37301],[-1.78883,43.37413],[-1.78689,43.37796],[-1.78875,43.37838],[-1.79201,43.37282],[-1.79235,43.37061],[-1.79062,43.36683],[-1.78923,43.35462],[-1.78541,43.34991],[-1.77591,43.34393],[-1.77193,43.34229],[-1.76896,43.34219],[-1.76202,43.34409],[-1.76093,43.34413],[-1.75727,43.34369],[-1.75395,43.34178],[-1.74183,43.33162],[-1.73714,43.31081],[-1.73016,43.29577],[-1.71584,43.30029],[-1.70964,43.30314],[-1.70347,43.30915],[-1.68441,43.30967],[-1.67428,43.31186],[-1.66842,43.31484],[-1.6539,43.31181],[-1.63541,43.30902],[-1.62487,43.3065],[-1.62387,43.30569],[-1.6229,43.30218],[-1.62486,43.29708],[-1.62859,43.29225],[-1.63068,43.28502],[-1.6281,43.2807],[-1.62549,43.27055],[-1.61787,43.25807],[-1.60934,43.25289],[-1.60524,43.25261],[-1.60163,43.25363],[-1.5909,43.25377],[-1.58272,43.25299],[-1.57515,43.24992],[-1.56858,43.25739],[-1.56077,43.27392],[-1.56148,43.28412],[-1.56366,43.28468],[-1.56502,43.28801],[-1.55215,43.2919],[-1.53292,43.29374],[-1.52904,43.29344],[-1.50596,43.29352],[-1.50266,43.2888],[-1.49655,43.2844],[-1.4608,43.2714],[-1.44603,43.26905],[-1.43846,43.26658],[-1.42712,43.26708],[-1.42062,43.26925],[-1.41658,43.27263],[-1.41321,43.27348],[-1.40311,43.26899],[-1.38254,43.2531],[-1.38156,43.24452],[-1.37828,43.2351],[-1.37807,43.23202],[-1.38191,43.22564],[-1.38565,43.19272],[-1.39087,43.18631],[-1.40194,43.17843],[-1.40399,43.16041],[-1.40755,43.15548],[-1.41587,43.14967],[-1.41402,43.13612],[-1.41416,43.12986],[-1.41667,43.12707],[-1.42437,43.12498]],[[-0.10615,43.36228],[-0.10735,43.37096],[-0.10012,43.37359],[-0.09301,43.37406],[-0.08273,43.36653],[-0.07866,43.36521],[-0.07838,43.3652],[-0.07369,43.36225],[-0.06513,43.35478],[-0.06306,43.34752],[-0.06523,43.34104],[-0.06411,43.33909],[-0.0665,43.33108],[-0.06828,43.3282],[-0.06954,43.31929],[-0.07071,43.31665],[-0.06906,43.31216],[-0.0752,43.30716],[-0.07534,43.30716],[-0.08285,43.30786],[-0.10384,43.3127],[-0.11192,43.31715],[-0.11506,43.32218],[-0.11543,43.33211],[-0.10857,43.33793],[-0.09248,43.33327],[-0.08762,43.33375],[-0.08804,43.34728],[-0.09024,43.35922],[-0.09206,43.35847],[-0.10312,43.35874],[-0.10436,43.35918],[-0.10615,43.36228]],[[-0.10788,43.30843],[-0.09982,43.30388],[-0.09224,43.30068],[-0.08914,43.30118],[-0.09605,43.28552],[-0.09215,43.28122],[-0.0848,43.2772],[-0.07944,43.27169],[-0.07982,43.26308],[-0.08457,43.2577],[-0.09035,43.25331],[-0.09164,43.25263],[-0.09286,43.25298],[-0.09441,43.25533],[-0.0963,43.25413],[-0.10034,43.24905],[-0.1032,43.24296],[-0.10495,43.24306],[-0.11484,43.24229],[-0.12202,43.24362],[-0.12414,43.24637],[-0.12617,43.25183],[-0.12983,43.25634],[-0.134,43.25886],[-0.13569,43.26132],[-0.13848,43.2659],[-0.14054,43.27178],[-0.13725,43.28191],[-0.1356,43.28216],[-0.13496,43.28346],[-0.13745,43.2856],[-0.13388,43.28751],[-0.12779,43.29278],[-0.1223,43.30172],[-0.11977,43.30655],[-0.11237,43.30965],[-0.10788,43.30843]]],[[[-1.21468,45.81602],[-1.20248,45.8265],[-1.19903,45.8339],[-1.20219,45.83842],[-1.20399,45.84622],[-1.2079,45.84904],[-1.21133,45.8502],[-1.2136,45.85031],[-1.21461,45.84962],[-1.21394,45.85036],[-1.21274,45.85056],[-1.20975,45.84999],[-1.20799,45.85068],[-1.20322,45.85376],[-1.20257,45.8553],[-1.20361,45.85857],[-1.20109,45.8618],[-1.19555,45.86185],[-1.19073,45.85974],[-1.18863,45.85956],[-1.19079,45.85986],[-1.19628,45.8631],[-1.19763,45.8661],[-1.19908,45.86703],[-1.19723,45.86617],[-1.19599,45.86776],[-1.19842,45.86896],[-1.19637,45.87091],[-1.19379,45.87101],[-1.19475,45.87212],[-1.19766,45.87236],[-1.19923,45.87307],[-1.20198,45.87561],[-1.19791,45.87256],[-1.19406,45.87233],[-1.19272,45.8745],[-1.19531,45.88363],[-1.19078,45.88397],[-1.19453,45.89022],[-1.20072,45.89537],[-1.20519,45.90152],[-1.21058,45.9037],[-1.21932,45.90498],[-1.22192,45.91174],[-1.22927,45.92079],[-1.22905,45.92377],[-1.23254,45.92273],[-1.23424,45.92475],[-1.23417,45.92585],[-1.23225,45.92309],[-1.23012,45.92378],[-1.23245,45.92514],[-1.23267,45.92615],[-1.22883,45.94043],[-1.23513,45.9478],[-1.2444,45.9643],[-1.24147,45.96665],[-1.23833,45.97107],[-1.23393,45.9793],[-1.23438,45.98252],[-1.23789,45.98667],[-1.2492,45.99039],[-1.26039,45.9901],[-1.28688,45.98735],[-1.30096,45.98946],[-1.31058,45.992],[-1.3142,45.9938],[-1.32065,45.99764],[-1.32367,46.00196],[-1.33159,46.0086],[-1.35661,46.02358],[-1.3667,46.02781],[-1.37065,46.0309],[-1.37201,46.03305],[-1.37167,46.0377],[-1.36898,46.03763],[-1.36803,46.03534],[-1.36851,46.03719],[-1.36921,46.03815],[-1.37122,46.03939],[-1.39184,46.04248],[-1.4066,46.04757],[-1.41199,46.04763],[-1.41303,46.04664],[-1.40127,46.0202],[-1.38941,46.00317],[-1.38727,45.9968],[-1.38871,45.98902],[-1.39092,45.98442],[-1.39022,45.97206],[-1.38725,45.95909],[-1.38452,45.95188],[-1.37581,45.94571],[-1.37327,45.94289],[-1.36783,45.93916],[-1.34713,45.92322],[-1.33617,45.91748],[-1.3284,45.91555],[-1.32515,45.91381],[-1.32638,45.91079],[-1.3276,45.91081],[-1.32536,45.91038],[-1.32337,45.91222],[-1.31822,45.91095],[-1.30754,45.90296],[-1.30066,45.89996],[-1.2912,45.89836],[-1.2794,45.88709],[-1.26843,45.88113],[-1.2641,45.8765],[-1.25885,45.86853],[-1.25269,45.85533],[-1.25018,45.84597],[-1.24621,45.82564],[-1.24194,45.81337],[-1.23494,45.80467],[-1.23232,45.80323],[-1.22935,45.80288],[-1.22662,45.80355],[-1.22568,45.80485],[-1.23207,45.80366],[-1.23648,45.80736],[-1.22953,45.80736],[-1.21468,45.81602]]],[[[-1.38785,46.1756],[-1.37063,46.16742],[-1.36353,46.16225],[-1.35206,46.15517],[-1.34375,46.15226],[-1.33164,46.15011],[-1.32399,46.14568],[-1.31843,46.14541],[-1.31395,46.14393],[-1.30752,46.14329],[-1.28688,46.14597],[-1.28394,46.14551],[-1.28189,46.14492],[-1.27604,46.14873],[-1.26911,46.15454],[-1.26333,46.1612],[-1.27061,46.15984],[-1.27339,46.15988],[-1.27651,46.16107],[-1.28169,46.16515],[-1.28452,46.17321],[-1.29084,46.18565],[-1.29328,46.18753],[-1.30776,46.19064],[-1.31666,46.18706],[-1.32382,46.18727],[-1.32375,46.18851],[-1.32242,46.18902],[-1.32335,46.18891],[-1.32401,46.18851],[-1.32653,46.18951],[-1.34233,46.20022],[-1.35808,46.2062],[-1.36559,46.20703],[-1.39256,46.2034],[-1.40049,46.20326],[-1.42479,46.20504],[-1.43944,46.21061],[-1.44092,46.21419],[-1.42274,46.21812],[-1.411,46.22669],[-1.41145,46.22941],[-1.41471,46.23049],[-1.41996,46.23052],[-1.44775,46.2285],[-1.4591,46.22554],[-1.46599,46.22074],[-1.46693,46.21664],[-1.47375,46.21403],[-1.47954,46.21439],[-1.48281,46.21254],[-1.48122,46.21024],[-1.47892,46.21098],[-1.47538,46.20993],[-1.47909,46.21076],[-1.48048,46.20995],[-1.47713,46.20742],[-1.48455,46.20401],[-1.48921,46.20589],[-1.49415,46.21127],[-1.49366,46.21297],[-1.49829,46.21611],[-1.50089,46.21618],[-1.51038,46.21239],[-1.51153,46.20948],[-1.51224,46.21028],[-1.51115,46.21239],[-1.50667,46.21464],[-1.50777,46.21775],[-1.511,46.22013],[-1.51328,46.22393],[-1.51589,46.23062],[-1.51482,46.23508],[-1.50376,46.22885],[-1.48401,46.22835],[-1.48106,46.22878],[-1.47417,46.23308],[-1.48179,46.24437],[-1.48877,46.25209],[-1.49435,46.25612],[-1.49997,46.25775],[-1.51144,46.25793],[-1.51971,46.25404],[-1.52348,46.25124],[-1.53045,46.24736],[-1.54257,46.24295],[-1.55022,46.24325],[-1.55995,46.2451],[-1.56244,46.24463],[-1.56075,46.23681],[-1.55715,46.23277],[-1.55205,46.22923],[-1.54347,46.21985],[-1.53562,46.20439],[-1.53351,46.20241],[-1.51937,46.20013],[-1.51373,46.19826],[-1.5078,46.19515],[-1.49251,46.19779],[-1.47442,46.20297],[-1.46757,46.20351],[-1.46068,46.20206],[-1.41246,46.18445],[-1.38785,46.1756]]],[[[-1.17455,46.02424],[-1.17899,46.01267],[-1.17878,46.00932],[-1.177,46.00795],[-1.17537,46.00785],[-1.16875,46.01524],[-1.16432,46.0185],[-1.15609,46.01819],[-1.15437,46.01886],[-1.15664,46.02102],[-1.16287,46.0242],[-1.16691,46.02502],[-1.17455,46.02424]]]]}},{"type":"Feature","properties":{"code":"53","nom":"Bretagne"},"geometry":{"type":"MultiPolygon","coordinates":[[[[-4.21585,47.79472],[-4.21641,47.79553],[-4.21316,47.80278],[-4.21059,47.80328],[-4.20825,47.80143],[-4.20752,47.80044],[-4.19732,47.79775],[-4.19225,47.7974],[-4.18243,47.80167],[-4.17888,47.80416],[-4.1755,47.80868],[-4.16723,47.81599],[-4.1597,47.83096],[-4.1634,47.83414],[-4.17479,47.83805],[-4.17714,47.83698],[-4.18567,47.84347],[-4.19078,47.85185],[-4.19426,47.85291],[-4.19355,47.85391],[-4.20683,47.86406],[-4.21277,47.86655],[-4.22162,47.86725],[-4.22159,47.8679],[-4.21116,47.86765],[-4.19839,47.86386],[-4.18551,47.85667],[-4.17812,47.85057],[-4.17677,47.85265],[-4.17682,47.85496],[-4.17985,47.8604],[-4.18747,47.86599],[-4.18911,47.8716],[-4.18547,47.87486],[-4.18339,47.87557],[-4.18278,47.87856],[-4.1848,47.88082],[-4.17857,47.8791],[-4.17177,47.87509],[-4.16982,47.86427],[-4.16634,47.85672],[-4.16482,47.85202],[-4.16997,47.84142],[-4.16813,47.83938],[-4.16354,47.84804],[-4.1513,47.85475],[-4.14024,47.85958],[-4.12558,47.8639],[-4.12023,47.86467],[-4.11325,47.86224],[-4.11297,47.86775],[-4.12327,47.87854],[-4.1266,47.88581],[-4.13834,47.89467],[-4.14068,47.89598],[-4.14412,47.89585],[-4.15969,47.89328],[-4.17141,47.89527],[-4.17533,47.90379],[-4.17594,47.90743],[-4.17452,47.90769],[-4.17368,47.90694],[-4.17315,47.90404],[-4.16818,47.89785],[-4.16374,47.89636],[-4.15809,47.89557],[-4.14878,47.89743],[-4.14635,47.90177],[-4.14841,47.90764],[-4.14853,47.91118],[-4.14089,47.92359],[-4.13125,47.93155],[-4.12468,47.93252],[-4.11804,47.93152],[-4.11163,47.936],[-4.11101,47.93714],[-4.11309,47.95501],[-4.12085,47.96539],[-4.11534,47.96873],[-4.1121,47.97199],[-4.11691,47.9752],[-4.1181,47.97726],[-4.11719,47.98371],[-4.11495,47.98373],[-4.11321,47.97639],[-4.11097,47.97526],[-4.10074,47.97426],[-4.09584,47.96992],[-4.09599,47.95947],[-4.09875,47.95261],[-4.10531,47.95049],[-4.10873,47.94798],[-4.10888,47.94402],[-4.10304,47.94304],[-4.0951,47.94389],[-4.08417,47.9529],[-4.08371,47.9515],[-4.08151,47.95125],[-4.08252,47.95197],[-4.07948,47.95195],[-4.0774,47.94983],[-4.0777,47.94883],[-4.08303,47.94991],[-4.08541,47.94927],[-4.09429,47.94175],[-4.09227,47.93939],[-4.06915,47.93293],[-4.07377,47.933],[-4.0797,47.9353],[-4.08948,47.93775],[-4.09606,47.9409],[-4.1052,47.94235],[-4.10961,47.93868],[-4.11117,47.93482],[-4.11449,47.93124],[-4.11767,47.93011],[-4.13072,47.92924],[-4.13907,47.92198],[-4.14366,47.91379],[-4.14416,47.91062],[-4.14167,47.90258],[-4.12797,47.89271],[-4.12304,47.89337],[-4.11627,47.89681],[-4.11855,47.89448],[-4.11579,47.88943],[-4.11199,47.88455],[-4.10573,47.88085],[-4.11184,47.88246],[-4.11467,47.88232],[-4.11695,47.87962],[-4.11607,47.87639],[-4.1114,47.872],[-4.09905,47.86383],[-4.09238,47.86384],[-4.07699,47.86636],[-4.06749,47.87083],[-4.06585,47.86434],[-4.06276,47.86023],[-4.05878,47.85668],[-4.04797,47.85114],[-4.0415,47.84524],[-4.04026,47.84443],[-4.03541,47.848],[-4.02724,47.85016],[-4.00296,47.85145],[-3.97775,47.85651],[-3.98405,47.86138],[-3.98579,47.86628],[-3.98523,47.87457],[-3.99,47.88271],[-3.98751,47.89097],[-3.99155,47.8946],[-3.99203,47.89677],[-3.99021,47.89708],[-3.98949,47.89583],[-3.98336,47.89387],[-3.96767,47.89633],[-3.95171,47.89584],[-3.94602,47.90511],[-3.94112,47.89423],[-3.94494,47.89169],[-3.94764,47.88771],[-3.94373,47.88532],[-3.93434,47.88247],[-3.93058,47.87904],[-3.93089,47.87736],[-3.92914,47.87391],[-3.93087,47.87246],[-3.92986,47.87131],[-3.92619,47.86958],[-3.92206,47.87001],[-3.92112,47.86829],[-3.92109,47.86968],[-3.91652,47.86816],[-3.91562,47.86883],[-3.91693,47.87142],[-3.91733,47.87376],[-3.91163,47.87619],[-3.90755,47.8753],[-3.90739,47.87378],[-3.91012,47.87299],[-3.91101,47.87164],[-3.91147,47.86789],[-3.91695,47.8573],[-3.91051,47.85207],[-3.90222,47.84996],[-3.89613,47.84936],[-3.88995,47.84956],[-3.88778,47.84851],[-3.90178,47.84022],[-3.90172,47.8345],[-3.89186,47.83202],[-3.87086,47.81444],[-3.85518,47.80439],[-3.85089,47.80039],[-3.85047,47.79901],[-3.85192,47.79615],[-3.84182,47.79531],[-3.83185,47.79694],[-3.81675,47.79561],[-3.81112,47.79415],[-3.80732,47.78966],[-3.79828,47.78844],[-3.77809,47.7903],[-3.76259,47.79054],[-3.75639,47.79168],[-3.74244,47.79743],[-3.7401,47.80129],[-3.74034,47.80632],[-3.74629,47.81846],[-3.7473,47.82776],[-3.75111,47.83327],[-3.75302,47.84059],[-3.75532,47.84395],[-3.74877,47.84834],[-3.74756,47.85069],[-3.74785,47.85409],[-3.74658,47.85114],[-3.7483,47.84783],[-3.74941,47.84517],[-3.74835,47.84335],[-3.74432,47.84231],[-3.74313,47.84087],[-3.7447,47.84203],[-3.74702,47.84186],[-3.75056,47.83539],[-3.75043,47.83384],[-3.74944,47.83255],[-3.74738,47.83207],[-3.7437,47.82794],[-3.74349,47.81649],[-3.74187,47.8123],[-3.73491,47.80419],[-3.73256,47.80339],[-3.73015,47.80338],[-3.72518,47.80526],[-3.70305,47.81782],[-3.69586,47.82104],[-3.66852,47.82538],[-3.66074,47.82457],[-3.65121,47.82168],[-3.652,47.8198],[-3.659,47.82254],[-3.66551,47.82377],[-3.6713,47.82382],[-3.67817,47.82276],[-3.70064,47.81572],[-3.71875,47.80643],[-3.72023,47.80503],[-3.72155,47.79779],[-3.68104,47.77692],[-3.67381,47.77648],[-3.6722,47.77806],[-3.67008,47.78167],[-3.67032,47.78553],[-3.66898,47.79051],[-3.66786,47.78831],[-3.66835,47.78637],[-3.66476,47.78268],[-3.65954,47.77962],[-3.62959,47.77204],[-3.61677,47.76933],[-3.61611,47.77001],[-3.6138,47.76914],[-3.59542,47.76919],[-3.58342,47.76817],[-3.57356,47.76968],[-3.5648,47.76883],[-3.55794,47.76615],[-3.54806,47.76452],[-3.53552,47.76522],[-3.53225,47.77154],[-3.53192,47.79055],[-3.52706,47.79706],[-3.52311,47.79789],[-3.52337,47.79719],[-3.52363,47.79648],[-3.52516,47.79588],[-3.52988,47.78136],[-3.52935,47.77495],[-3.53035,47.77259],[-3.52932,47.7733],[-3.52611,47.77063],[-3.52557,47.76823],[-3.52635,47.76734],[-3.52463,47.76332],[-3.51804,47.7568],[-3.51224,47.75298],[-3.50284,47.73987],[-3.50199,47.73802],[-3.5002,47.73472],[-3.49202,47.72567],[-3.47904,47.71468],[-3.46966,47.70804],[-3.46543,47.7061],[-3.46286,47.7063],[-3.45889,47.70344],[-3.45903,47.70143],[-3.46024,47.70094],[-3.4465,47.69672],[-3.43247,47.70123],[-3.41189,47.7022],[-3.39515,47.70207],[-3.38785,47.70192],[-3.38094,47.70551],[-3.38114,47.70768],[-3.36918,47.71549],[-3.36755,47.71778],[-3.36913,47.72413],[-3.36798,47.72517],[-3.36703,47.72636],[-3.35942,47.72943],[-3.35634,47.7317],[-3.3518,47.74185],[-3.35439,47.7433],[-3.35709,47.74365],[-3.3609,47.74512],[-3.36048,47.7456],[-3.35656,47.74425],[-3.3514,47.74344],[-3.35013,47.74431],[-3.35184,47.74593],[-3.35156,47.74936],[-3.35413,47.75517],[-3.35431,47.75539],[-3.3557,47.75785],[-3.36484,47.76088],[-3.36413,47.76146],[-3.35802,47.76263],[-3.35432,47.76076],[-3.35102,47.75688],[-3.34672,47.7421],[-3.34215,47.74136],[-3.33295,47.74344],[-3.32475,47.74688],[-3.32323,47.74832],[-3.32227,47.75073],[-3.32369,47.75564],[-3.32607,47.75923],[-3.32487,47.75962],[-3.30899,47.76222],[-3.30075,47.77203],[-3.29276,47.7729],[-3.28998,47.77603],[-3.28981,47.78059],[-3.29441,47.7933],[-3.29543,47.79377],[-3.2922,47.79382],[-3.28367,47.79564],[-3.27743,47.79798],[-3.27732,47.7987],[-3.27677,47.7986],[-3.27614,47.7985],[-3.28782,47.79213],[-3.28908,47.78718],[-3.28851,47.78269],[-3.28293,47.78014],[-3.28196,47.77706],[-3.28602,47.76886],[-3.28739,47.76829],[-3.29135,47.76898],[-3.29518,47.77098],[-3.29754,47.76929],[-3.30008,47.7658],[-3.30616,47.74814],[-3.30773,47.74733],[-3.31413,47.74647],[-3.3151,47.74495],[-3.31651,47.73965],[-3.32177,47.73534],[-3.34721,47.73458],[-3.34824,47.73168],[-3.34278,47.71905],[-3.34296,47.71588],[-3.35046,47.71041],[-3.35467,47.70942],[-3.35769,47.71058],[-3.36301,47.71036],[-3.35547,47.7041],[-3.35252,47.70312],[-3.3505,47.70349],[-3.34507,47.70823],[-3.3412,47.70889],[-3.30715,47.70374],[-3.29127,47.70532],[-3.28874,47.70686],[-3.28638,47.70624],[-3.28368,47.70418],[-3.28535,47.70402],[-3.28753,47.70531],[-3.28809,47.70242],[-3.28061,47.68989],[-3.28733,47.68667],[-3.30131,47.69056],[-3.31761,47.69708],[-3.32591,47.69826],[-3.33365,47.6983],[-3.34151,47.69668],[-3.34684,47.69655],[-3.3547,47.69878],[-3.35984,47.68875],[-3.35942,47.68701],[-3.35634,47.687],[-3.35296,47.69015],[-3.35395,47.69152],[-3.35311,47.69278],[-3.3482,47.69473],[-3.34174,47.69562],[-3.31967,47.69375],[-3.30294,47.69017],[-3.28849,47.68585],[-3.27158,47.67901],[-3.23862,47.65991],[-3.22101,47.64823],[-3.21375,47.64475],[-3.2122,47.64667],[-3.21052,47.65433],[-3.21189,47.66178],[-3.21507,47.66352],[-3.21174,47.66896],[-3.20739,47.67422],[-3.20304,47.67767],[-3.19958,47.68307],[-3.21522,47.69131],[-3.21576,47.69323],[-3.21486,47.69605],[-3.21265,47.69801],[-3.21072,47.69691],[-3.20971,47.69262],[-3.20674,47.68981],[-3.1997,47.68771],[-3.17725,47.69414],[-3.17227,47.69328],[-3.16512,47.6955],[-3.15182,47.69286],[-3.15054,47.69174],[-3.15026,47.68931],[-3.16168,47.68075],[-3.17605,47.68127],[-3.18396,47.68347],[-3.18987,47.68128],[-3.19802,47.6743],[-3.20612,47.66966],[-3.19607,47.6638],[-3.19203,47.66293],[-3.18751,47.66088],[-3.19434,47.66147],[-3.2028,47.66389],[-3.20449,47.66533],[-3.2058,47.66495],[-3.20777,47.6634],[-3.20426,47.64914],[-3.20589,47.64317],[-3.20568,47.63724],[-3.1917,47.62192],[-3.18264,47.61609],[-3.17524,47.6145],[-3.15993,47.60666],[-3.14982,47.59597],[-3.14045,47.57959],[-3.13939,47.57621],[-3.13838,47.5597],[-3.13508,47.54887],[-3.13493,47.54509],[-3.14219,47.53425],[-3.14995,47.5257],[-3.15285,47.5205],[-3.15091,47.51085],[-3.15135,47.50406],[-3.14485,47.4891],[-3.14511,47.48752],[-3.14057,47.48239],[-3.13289,47.47655],[-3.12933,47.47516],[-3.1254,47.47487],[-3.12183,47.47568],[-3.12543,47.47492],[-3.12772,47.4756],[-3.12528,47.47802],[-3.11922,47.47923],[-3.11162,47.47467],[-3.10146,47.47306],[-3.09324,47.47346],[-3.09242,47.47705],[-3.09423,47.48279],[-3.09741,47.4834],[-3.09864,47.48524],[-3.09771,47.48672],[-3.09901,47.48786],[-3.09871,47.48913],[-3.09916,47.48947],[-3.09956,47.4883],[-3.09789,47.48669],[-3.09866,47.48537],[-3.10196,47.48588],[-3.11114,47.49152],[-3.11816,47.49743],[-3.11963,47.503],[-3.11859,47.5074],[-3.13132,47.52709],[-3.13295,47.53344],[-3.13278,47.54746],[-3.12698,47.5613],[-3.12324,47.56881],[-3.12391,47.57233],[-3.13032,47.57671],[-3.1305,47.58888],[-3.12747,47.592],[-3.12725,47.59341],[-3.12797,47.59376],[-3.12825,47.59283],[-3.13119,47.59592],[-3.12922,47.59796],[-3.12476,47.59881],[-3.11816,47.59122],[-3.10336,47.58385],[-3.09673,47.58078],[-3.0962,47.57662],[-3.10022,47.57],[-3.09456,47.56478],[-3.0849,47.56684],[-3.07867,47.56884],[-3.06155,47.57231],[-3.05241,47.57759],[-3.04043,47.5792],[-3.02515,47.56872],[-3.02285,47.56754],[-3.01924,47.56767],[-3.01839,47.56707],[-3.02037,47.57118],[-3.0235,47.57319],[-3.02274,47.57658],[-3.02689,47.58313],[-3.02852,47.58945],[-3.02714,47.59187],[-3.02494,47.59238],[-3.02307,47.59187],[-3.0126,47.58063],[-3.01162,47.57659],[-3.00741,47.56879],[-3.00407,47.56655],[-2.99225,47.57099],[-2.99308,47.57703],[-2.99715,47.58388],[-2.99838,47.58917],[-2.99594,47.59103],[-2.99466,47.59101],[-2.98931,47.58374],[-2.97769,47.57614],[-2.97077,47.57044],[-2.97128,47.56838],[-2.9688,47.55967],[-2.97009,47.5592],[-2.97444,47.55982],[-2.97619,47.56202],[-2.97547,47.56285],[-2.9774,47.56292],[-2.97864,47.56195],[-2.97569,47.56087],[-2.9737,47.55911],[-2.96374,47.55675],[-2.94625,47.55657],[-2.93802,47.55466],[-2.92908,47.55426],[-2.92689,47.55726],[-2.92776,47.55869],[-2.93599,47.56179],[-2.94537,47.57389],[-2.95069,47.57902],[-2.95675,47.57985],[-2.96145,47.58309],[-2.96512,47.5888],[-2.95942,47.59422],[-2.95937,47.6004],[-2.96686,47.60506],[-2.97196,47.60677],[-2.97213,47.60747],[-2.96392,47.61105],[-2.95587,47.61233],[-2.95435,47.61201],[-2.95348,47.61266],[-2.96038,47.62656],[-2.967,47.63278],[-2.97187,47.63907],[-2.97531,47.64725],[-2.98115,47.65569],[-2.97788,47.6567],[-2.97491,47.65646],[-2.97339,47.65506],[-2.96702,47.6462],[-2.95546,47.63905],[-2.95476,47.63871],[-2.95988,47.63479],[-2.95831,47.6274],[-2.95567,47.62611],[-2.94915,47.62771],[-2.94611,47.62927],[-2.94276,47.62927],[-2.93494,47.62523],[-2.94037,47.6258],[-2.94905,47.62012],[-2.94872,47.6077],[-2.93714,47.59671],[-2.923,47.59367],[-2.91316,47.59199],[-2.91057,47.59215],[-2.9053,47.59041],[-2.90439,47.58894],[-2.90431,47.58593],[-2.906,47.58442],[-2.8917,47.582],[-2.89046,47.58424],[-2.88986,47.58939],[-2.89182,47.59843],[-2.88843,47.60341],[-2.88537,47.60381],[-2.86654,47.59779],[-2.86194,47.59801],[-2.85886,47.60113],[-2.85888,47.60219],[-2.86961,47.61951],[-2.86733,47.6185],[-2.86561,47.61863],[-2.86385,47.62166],[-2.85938,47.62317],[-2.84964,47.61963],[-2.84799,47.61794],[-2.83117,47.61434],[-2.82244,47.61816],[-2.82018,47.61986],[-2.81253,47.62247],[-2.80492,47.621],[-2.80262,47.61956],[-2.7981,47.6195],[-2.78329,47.62121],[-2.78104,47.62436],[-2.78195,47.62612],[-2.77813,47.62651],[-2.77678,47.62676],[-2.77648,47.62757],[-2.78044,47.6318],[-2.77869,47.63282],[-2.77809,47.63287],[-2.77018,47.63026],[-2.764,47.63182],[-2.76324,47.63238],[-2.76143,47.64084],[-2.75503,47.63813],[-2.75615,47.63143],[-2.75131,47.6227],[-2.7481,47.62086],[-2.74618,47.6211],[-2.74563,47.62704],[-2.74645,47.63099],[-2.74502,47.63217],[-2.74304,47.6251],[-2.73541,47.61577],[-2.73707,47.61419],[-2.7422,47.61431],[-2.77479,47.62539],[-2.77791,47.62532],[-2.77949,47.62306],[-2.77828,47.61887],[-2.7625,47.61444],[-2.74774,47.60834],[-2.72096,47.60337],[-2.71757,47.59797],[-2.71827,47.59234],[-2.72159,47.59122],[-2.71931,47.58899],[-2.71405,47.57929],[-2.71696,47.57367],[-2.7269,47.56227],[-2.73115,47.55417],[-2.73024,47.55061],[-2.7286,47.54821],[-2.73037,47.54318],[-2.74538,47.54203],[-2.75514,47.53738],[-2.77291,47.53867],[-2.782,47.54811],[-2.78851,47.55189],[-2.79298,47.55003],[-2.79863,47.54545],[-2.79669,47.54242],[-2.79833,47.53788],[-2.79945,47.53715],[-2.80376,47.53999],[-2.80637,47.54675],[-2.8058,47.55162],[-2.81018,47.55377],[-2.82306,47.55693],[-2.82421,47.55684],[-2.8254,47.55533],[-2.82416,47.55318],[-2.82007,47.55013],[-2.81911,47.54764],[-2.81962,47.54335],[-2.82562,47.54219],[-2.8383,47.544],[-2.84431,47.54355],[-2.84913,47.53988],[-2.85377,47.53648],[-2.85444,47.53795],[-2.85939,47.54102],[-2.86155,47.54005],[-2.86268,47.54153],[-2.86282,47.54726],[-2.86506,47.55207],[-2.87751,47.55938],[-2.88368,47.5611],[-2.90262,47.55687],[-2.91816,47.54866],[-2.9024,47.54269],[-2.89106,47.54407],[-2.86937,47.53045],[-2.85256,47.51699],[-2.84833,47.50855],[-2.85002,47.50299],[-2.84986,47.49938],[-2.84073,47.49503],[-2.82425,47.49009],[-2.80465,47.48869],[-2.8025,47.48824],[-2.77589,47.49666],[-2.7711,47.49752],[-2.75699,47.49737],[-2.7521,47.49834],[-2.74112,47.50198],[-2.73961,47.50388],[-2.73621,47.50534],[-2.72913,47.50657],[-2.71563,47.50593],[-2.68707,47.49727],[-2.67941,47.49843],[-2.67072,47.50522],[-2.66722,47.51031],[-2.66315,47.5195],[-2.6397,47.51638],[-2.63376,47.51115],[-2.63197,47.509],[-2.6329,47.50703],[-2.63004,47.50537],[-2.61918,47.50547],[-2.61336,47.50807],[-2.60497,47.51583],[-2.59694,47.51743],[-2.58999,47.51789],[-2.57044,47.51637],[-2.55248,47.51214],[-2.54427,47.52268],[-2.53825,47.52692],[-2.51778,47.52711],[-2.50538,47.52334],[-2.50006,47.51788],[-2.47787,47.51329],[-2.46693,47.51211],[-2.46471,47.51005],[-2.44795,47.50267],[-2.44179,47.49917],[-2.43955,47.49865],[-2.42038,47.49851],[-2.41032,47.49927],[-2.40505,47.50446],[-2.38856,47.50679],[-2.38576,47.50388],[-2.38389,47.49879],[-2.38588,47.49727],[-2.38845,47.49861],[-2.39394,47.49863],[-2.40043,47.4972],[-2.42353,47.4858],[-2.4263,47.48661],[-2.42676,47.48827],[-2.42504,47.49138],[-2.42244,47.49256],[-2.43074,47.49429],[-2.44263,47.49429],[-2.44938,47.49267],[-2.45118,47.49092],[-2.45443,47.48955],[-2.46577,47.48724],[-2.47086,47.4883],[-2.47484,47.49208],[-2.48224,47.4958],[-2.49315,47.49643],[-2.49725,47.49508],[-2.49861,47.49389],[-2.50028,47.48745],[-2.49186,47.47815],[-2.48801,47.4712],[-2.49073,47.46585],[-2.49636,47.46027],[-2.49757,47.45638],[-2.49291,47.44847],[-2.4906,47.44657],[-2.48247,47.44304],[-2.47678,47.44485],[-2.45877,47.44806],[-2.44974,47.46104],[-2.44509,47.46521],[-2.43183,47.47409],[-2.42311,47.47723],[-2.41948,47.47319],[-2.41871,47.46485],[-2.40983,47.45878],[-2.40545,47.45738],[-2.39833,47.45593],[-2.39039,47.45687],[-2.38342,47.4599],[-2.38398,47.46214],[-2.37763,47.46276],[-2.36243,47.45918],[-2.34608,47.45764],[-2.3262,47.45908],[-2.31679,47.46147],[-2.31197,47.46508],[-2.31368,47.47462],[-2.31373,47.48283],[-2.309,47.48877],[-2.30367,47.49241],[-2.29942,47.50082],[-2.29804,47.50636],[-2.29854,47.51589],[-2.29703,47.51585],[-2.28512,47.51206],[-2.27287,47.51193],[-2.2599,47.51323],[-2.25487,47.51163],[-2.25524,47.50711],[-2.2577,47.50498],[-2.24954,47.49609],[-2.24377,47.49389],[-2.21583,47.50731],[-2.20573,47.51026],[-2.19847,47.51119],[-2.1901,47.51226],[-2.18617,47.50859],[-2.18369,47.50164],[-2.18648,47.5005],[-2.19255,47.50011],[-2.19215,47.49667],[-2.18981,47.49433],[-2.18111,47.49112],[-2.1652,47.48967],[-2.15428,47.49748],[-2.1543,47.50757],[-2.15604,47.52202],[-2.14399,47.52509],[-2.14103,47.52489],[-2.11446,47.52846],[-2.09883,47.53345],[-2.09842,47.53827],[-2.10297,47.54505],[-2.10257,47.55104],[-2.09668,47.57268],[-2.0985,47.57194],[-2.10462,47.57629],[-2.10506,47.57754],[-2.10177,47.58534],[-2.10383,47.5908],[-2.10237,47.59564],[-2.08806,47.60225],[-2.08607,47.60409],[-2.08538,47.6068],[-2.08368,47.61156],[-2.0851,47.62183],[-2.09096,47.62856],[-2.09671,47.63167],[-2.08983,47.64273],[-2.08145,47.65015],[-2.07433,47.65188],[-2.06296,47.64987],[-2.05401,47.64928],[-2.05121,47.64986],[-2.0481,47.65801],[-2.04906,47.66112],[-2.04309,47.66569],[-2.04114,47.66673],[-2.01222,47.66655],[-1.98566,47.68337],[-1.97794,47.69171],[-1.97356,47.69445],[-1.97264,47.69414],[-1.96896,47.68164],[-1.96917,47.67767],[-1.96471,47.67408],[-1.95891,47.67119],[-1.95654,47.6712],[-1.95354,47.67231],[-1.9414,47.68426],[-1.93625,47.68674],[-1.89654,47.69593],[-1.88487,47.69594],[-1.88278,47.69521],[-1.87823,47.69539],[-1.87633,47.69612],[-1.86943,47.70078],[-1.86344,47.70724],[-1.85839,47.70828],[-1.85336,47.70825],[-1.84071,47.70553],[-1.83785,47.70691],[-1.82514,47.70837],[-1.81622,47.70514],[-1.80286,47.70231],[-1.78573,47.69976],[-1.78385,47.69924],[-1.77403,47.69942],[-1.75899,47.7039],[-1.75371,47.70671],[-1.74986,47.70708],[-1.73883,47.70485],[-1.73266,47.70174],[-1.71651,47.6998],[-1.70362,47.70047],[-1.70412,47.70673],[-1.69854,47.71022],[-1.69121,47.7129],[-1.65825,47.71126],[-1.65036,47.71833],[-1.64431,47.72214],[-1.63818,47.72231],[-1.63959,47.72682],[-1.63721,47.7394],[-1.62608,47.75657],[-1.62734,47.75965],[-1.62368,47.76223],[-1.61944,47.7634],[-1.61392,47.76405],[-1.60456,47.76288],[-1.59818,47.76649],[-1.59405,47.77567],[-1.58437,47.7788],[-1.57756,47.7777],[-1.5754,47.77827],[-1.56137,47.78172],[-1.55092,47.78324],[-1.54299,47.7831],[-1.53337,47.7845],[-1.52771,47.78653],[-1.52078,47.79335],[-1.51238,47.79719],[-1.50343,47.8013],[-1.50283,47.8],[-1.50046,47.79864],[-1.49333,47.79837],[-1.47995,47.80121],[-1.46857,47.806],[-1.46713,47.80808],[-1.46733,47.80997],[-1.47396,47.82123],[-1.48279,47.83161],[-1.47062,47.83438],[-1.44172,47.83118],[-1.43551,47.83138],[-1.42711,47.83054],[-1.41941,47.82897],[-1.41772,47.8274],[-1.41464,47.82746],[-1.41255,47.82892],[-1.40949,47.82741],[-1.39622,47.82932],[-1.389,47.82803],[-1.38328,47.8243],[-1.3778,47.81643],[-1.3778,47.81159],[-1.34788,47.79679],[-1.34,47.79521],[-1.33727,47.79466],[-1.3108,47.79093],[-1.2906,47.78573],[-1.24607,47.77673],[-1.23928,47.8005],[-1.2402,47.80228],[-1.23944,47.80606],[-1.24264,47.80792],[-1.23811,47.80982],[-1.23428,47.81884],[-1.23284,47.81993],[-1.22606,47.82052],[-1.22294,47.81932],[-1.22014,47.82062],[-1.22011,47.82768],[-1.21605,47.83614],[-1.21421,47.84456],[-1.2211,47.85327],[-1.21582,47.85743],[-1.21302,47.85732],[-1.20313,47.8569],[-1.19792,47.86299],[-1.191,47.86586],[-1.18904,47.86786],[-1.18888,47.87065],[-1.19058,47.87392],[-1.19425,47.87665],[-1.19751,47.88091],[-1.19679,47.88912],[-1.19021,47.892],[-1.18609,47.89237],[-1.17603,47.89753],[-1.17684,47.90291],[-1.17543,47.9103],[-1.16837,47.91876],[-1.16557,47.92459],[-1.16731,47.93413],[-1.15995,47.93936],[-1.16156,47.95282],[-1.16052,47.95348],[-1.15653,47.96302],[-1.14859,47.96806],[-1.13432,47.96786],[-1.12907,47.97122],[-1.12651,47.97375],[-1.12662,47.98275],[-1.12519,47.98676],[-1.10906,47.9887],[-1.09876,47.9883],[-1.09779,47.98661],[-1.09604,47.98647],[-1.09296,47.98756],[-1.07891,47.98445],[-1.06817,47.98307],[-1.04492,47.98814],[-1.03768,47.99167],[-1.03045,47.99257],[-1.02115,47.99509],[-1.01689,48.00359],[-1.01831,48.013],[-1.02138,48.01759],[-1.02489,48.02033],[-1.03444,48.0336],[-1.02926,48.03672],[-1.02801,48.03907],[-1.02809,48.0449],[-1.03112,48.04907],[-1.02826,48.06063],[-1.02836,48.06324],[-1.02294,48.06885],[-1.02538,48.06988],[-1.04079,48.0783],[-1.04934,48.08975],[-1.05068,48.09461],[-1.05073,48.10131],[-1.05168,48.10519],[-1.05308,48.1061],[-1.05446,48.11477],[-1.05937,48.12571],[-1.06405,48.15935],[-1.06658,48.16011],[-1.07442,48.15932],[-1.07324,48.16342],[-1.07726,48.1721],[-1.07861,48.17995],[-1.07979,48.18246],[-1.07729,48.1924],[-1.08166,48.20478],[-1.08722,48.21013],[-1.08055,48.21817],[-1.08068,48.21963],[-1.09073,48.23669],[-1.10005,48.25761],[-1.09885,48.26753],[-1.09999,48.26847],[-1.0936,48.27293],[-1.09265,48.27505],[-1.09336,48.2776],[-1.09273,48.2826],[-1.08864,48.28992],[-1.07821,48.30063],[-1.06136,48.31119],[-1.06134,48.31145],[-1.04509,48.32781],[-1.0483,48.33274],[-1.05598,48.34115],[-1.06508,48.36731],[-1.05707,48.37915],[-1.05423,48.37912],[-1.05412,48.38094],[-1.05302,48.38097],[-1.06226,48.39704],[-1.08046,48.41694],[-1.07891,48.41832],[-1.07807,48.42215],[-1.08284,48.43354],[-1.08121,48.44114],[-1.07876,48.44351],[-1.06523,48.45142],[-1.06706,48.46021],[-1.07549,48.48283],[-1.07728,48.49294],[-1.07584,48.49868],[-1.07008,48.50882],[-1.09313,48.51103],[-1.1021,48.51297],[-1.11503,48.51834],[-1.11723,48.52172],[-1.13632,48.52017],[-1.13922,48.5184],[-1.14717,48.51777],[-1.15363,48.51924],[-1.1601,48.52429],[-1.16198,48.52432],[-1.16302,48.52733],[-1.16671,48.53025],[-1.17592,48.53042],[-1.1885,48.52875],[-1.19214,48.52877],[-1.19807,48.53143],[-1.19989,48.53653],[-1.20441,48.54139],[-1.20685,48.54232],[-1.20663,48.54063],[-1.21673,48.53768],[-1.23177,48.53773],[-1.23894,48.53861],[-1.24705,48.5408],[-1.249,48.54201],[-1.24893,48.54369],[-1.24926,48.54371],[-1.25179,48.54378],[-1.25648,48.5425],[-1.26363,48.53936],[-1.27276,48.53389],[-1.26894,48.52991],[-1.2696,48.52554],[-1.27028,48.52352],[-1.2761,48.51667],[-1.27903,48.50929],[-1.2875,48.50959],[-1.28812,48.50703],[-1.2982,48.50075],[-1.31498,48.49681],[-1.32199,48.50003],[-1.32556,48.49428],[-1.3295,48.48831],[-1.32874,48.48625],[-1.33038,48.48614],[-1.33211,48.48848],[-1.33614,48.49084],[-1.33822,48.49133],[-1.34065,48.49032],[-1.34142,48.48934],[-1.34913,48.48222],[-1.34484,48.47274],[-1.35342,48.46816],[-1.37471,48.45914],[-1.37854,48.45741],[-1.38277,48.45677],[-1.39716,48.46227],[-1.39948,48.46102],[-1.4193,48.46089],[-1.42986,48.46401],[-1.44092,48.47193],[-1.43632,48.47859],[-1.44926,48.48716],[-1.46595,48.48841],[-1.47015,48.48666],[-1.47753,48.4885],[-1.48425,48.49134],[-1.48992,48.48932],[-1.49495,48.50335],[-1.49556,48.50868],[-1.50712,48.52025],[-1.5153,48.53034],[-1.51688,48.52928],[-1.51786,48.5298],[-1.51889,48.53859],[-1.52168,48.54163],[-1.52602,48.54265],[-1.53402,48.5493],[-1.53351,48.55324],[-1.52741,48.56173],[-1.52377,48.56629],[-1.5226,48.57051],[-1.52816,48.57886],[-1.53742,48.58],[-1.54311,48.57993],[-1.54427,48.58713],[-1.53726,48.59893],[-1.54401,48.60608],[-1.55481,48.60919],[-1.56559,48.61962],[-1.5681,48.62387],[-1.57091,48.6263],[-1.63743,48.61477],[-1.66512,48.60999],[-1.66847,48.61057],[-1.67628,48.61112],[-1.6885,48.60984],[-1.7055,48.60683],[-1.74138,48.60539],[-1.75656,48.60421],[-1.76764,48.60241],[-1.76825,48.60237],[-1.79087,48.60616],[-1.8164,48.60901],[-1.8353,48.61285],[-1.84558,48.61639],[-1.85619,48.62496],[-1.85737,48.62472],[-1.86439,48.63227],[-1.87013,48.64348],[-1.86789,48.65204],[-1.86426,48.65729],[-1.86343,48.65816],[-1.86479,48.66331],[-1.8626,48.66778],[-1.85293,48.67103],[-1.85035,48.67257],[-1.84292,48.67793],[-1.83931,48.68237],[-1.84208,48.68617],[-1.84676,48.69005],[-1.8482,48.6977],[-1.85278,48.70222],[-1.85849,48.70302],[-1.87649,48.69582],[-1.88644,48.69682],[-1.8921,48.69673],[-1.89226,48.69595],[-1.89711,48.69234],[-1.9044,48.69007],[-1.93814,48.69425],[-1.94588,48.69184],[-1.95869,48.69145],[-1.9599,48.68958],[-1.95801,48.68791],[-1.95483,48.68772],[-1.95382,48.6881],[-1.95325,48.69051],[-1.94969,48.69068],[-1.9417,48.68675],[-1.94032,48.68496],[-1.95615,48.68075],[-1.9615,48.68077],[-1.9621,48.6856],[-1.97089,48.68501],[-1.98152,48.68172],[-1.982,48.67366],[-1.98622,48.66854],[-1.99022,48.66351],[-1.99637,48.65998],[-2.00964,48.65414],[-2.01487,48.65249],[-2.02071,48.65192],[-2.02549,48.65143],[-2.0285,48.64986],[-2.02803,48.64558],[-2.02489,48.64423],[-2.01952,48.63801],[-2.01955,48.63789],[-2.02083,48.63676],[-2.01343,48.62696],[-2.01296,48.62422],[-2.01756,48.62015],[-2.01833,48.61836],[-2.01504,48.61544],[-2.00772,48.60578],[-1.99909,48.60339],[-1.99731,48.60357],[-1.9813,48.59283],[-1.96229,48.59293],[-1.9539,48.57842],[-1.95453,48.576],[-1.95546,48.5761],[-1.98139,48.58634],[-1.98254,48.58655],[-1.98651,48.58488],[-1.9825,48.57649],[-1.97866,48.57154],[-1.9651,48.55705],[-1.96294,48.556],[-1.9604,48.54896],[-1.96949,48.53848],[-1.96878,48.53593],[-1.9587,48.53658],[-1.94625,48.54001],[-1.95479,48.52246],[-1.95178,48.52064],[-1.94121,48.518],[-1.94765,48.51784],[-1.95172,48.51856],[-1.95705,48.52191],[-1.95732,48.52362],[-1.96367,48.52319],[-1.97045,48.5216],[-1.98122,48.50965],[-1.97976,48.49902],[-1.99501,48.49278],[-2.0016,48.49133],[-2.00147,48.49406],[-1.99842,48.49423],[-1.98991,48.4992],[-1.98864,48.49933],[-1.98341,48.50531],[-1.98439,48.52104],[-1.98106,48.528],[-1.97514,48.53179],[-1.97215,48.53481],[-1.97397,48.54294],[-1.97574,48.54495],[-1.98616,48.54692],[-1.99582,48.55148],[-1.99158,48.55369],[-1.99324,48.55879],[-2.0004,48.56379],[-2.00712,48.56565],[-2.00422,48.57152],[-1.99976,48.57658],[-1.9966,48.57687],[-1.99466,48.57829],[-1.99719,48.58434],[-2.00347,48.58716],[-2.01158,48.58649],[-2.01387,48.58747],[-2.02578,48.60112],[-2.03607,48.60185],[-2.02837,48.61652],[-2.033,48.62044],[-2.0315,48.6212],[-2.02998,48.62422],[-2.03256,48.62655],[-2.04048,48.62565],[-2.05482,48.62723],[-2.05453,48.62779],[-2.05471,48.63267],[-2.05649,48.63712],[-2.05623,48.63849],[-2.05772,48.64006],[-2.06116,48.64049],[-2.07297,48.63938],[-2.08208,48.63619],[-2.08637,48.63467],[-2.09465,48.6338],[-2.10511,48.63691],[-2.1198,48.63672],[-2.12433,48.63526],[-2.12665,48.63498],[-2.1283,48.6356],[-2.13519,48.63477],[-2.14783,48.62951],[-2.13816,48.62024],[-2.13038,48.61003],[-2.12361,48.60658],[-2.12383,48.60454],[-2.1263,48.60401],[-2.13225,48.60583],[-2.14078,48.61028],[-2.14233,48.61421],[-2.14672,48.6164],[-2.15315,48.61535],[-2.1667,48.60213],[-2.17039,48.59614],[-2.17013,48.59438],[-2.16887,48.59359],[-2.16444,48.5931],[-2.15998,48.58947],[-2.1528,48.5856],[-2.15612,48.58726],[-2.15883,48.58735],[-2.16586,48.5823],[-2.16724,48.577],[-2.17575,48.57643],[-2.18257,48.57708],[-2.18637,48.58154],[-2.18522,48.5911],[-2.18256,48.60034],[-2.18438,48.60584],[-2.19288,48.6085],[-2.19143,48.59501],[-2.20565,48.57559],[-2.21241,48.57303],[-2.2156,48.57012],[-2.21419,48.56729],[-2.21772,48.55731],[-2.22014,48.55308],[-2.22268,48.55186],[-2.22372,48.55027],[-2.22375,48.54724],[-2.2189,48.54227],[-2.21568,48.54121],[-2.22622,48.53806],[-2.22349,48.54628],[-2.22457,48.54783],[-2.22446,48.55024],[-2.22031,48.55842],[-2.21928,48.56376],[-2.22098,48.56698],[-2.22592,48.57012],[-2.22402,48.57161],[-2.21536,48.57408],[-2.21079,48.57638],[-2.21035,48.58693],[-2.21331,48.59221],[-2.22504,48.60406],[-2.23969,48.61477],[-2.24827,48.6262],[-2.25472,48.63228],[-2.25621,48.63611],[-2.25326,48.63811],[-2.24516,48.64157],[-2.24262,48.63964],[-2.24503,48.63803],[-2.24319,48.63859],[-2.24276,48.63895],[-2.24253,48.63946],[-2.24281,48.64201],[-2.24449,48.64437],[-2.24748,48.64605],[-2.259,48.64446],[-2.27242,48.63932],[-2.28864,48.62899],[-2.28883,48.62731],[-2.28645,48.62678],[-2.29052,48.62591],[-2.29265,48.62389],[-2.29265,48.62047],[-2.29419,48.6197],[-2.29322,48.62192],[-2.29396,48.62414],[-2.29715,48.62651],[-2.30827,48.61597],[-2.31375,48.61435],[-2.32078,48.61349],[-2.32027,48.6164],[-2.32196,48.61796],[-2.32637,48.61914],[-2.3338,48.61926],[-2.33562,48.61867],[-2.33751,48.61956],[-2.33442,48.62246],[-2.32524,48.62774],[-2.32208,48.62865],[-2.31216,48.63404],[-2.30928,48.63771],[-2.30895,48.64064],[-2.29956,48.6527],[-2.28615,48.66546],[-2.28447,48.66802],[-2.29879,48.66762],[-2.31061,48.67034],[-2.31483,48.67427],[-2.31208,48.68107],[-2.31658,48.68755],[-2.31858,48.68845],[-2.32623,48.67748],[-2.34216,48.66772],[-2.35032,48.66126],[-2.35629,48.65898],[-2.36713,48.65629],[-2.38388,48.6531],[-2.39314,48.6455],[-2.40968,48.63694],[-2.40886,48.63581],[-2.41254,48.63259],[-2.41841,48.63225],[-2.42038,48.63312],[-2.41989,48.63938],[-2.42113,48.64408],[-2.42674,48.6487],[-2.43405,48.65087],[-2.44356,48.65061],[-2.45687,48.64784],[-2.48299,48.64497],[-2.48663,48.64233],[-2.48227,48.63786],[-2.4805,48.63652],[-2.46827,48.63609],[-2.46679,48.63366],[-2.46717,48.63158],[-2.47326,48.62233],[-2.49364,48.6095],[-2.49863,48.60731],[-2.52701,48.59847],[-2.55111,48.59412],[-2.55418,48.59029],[-2.56983,48.58066],[-2.57517,48.57583],[-2.58087,48.57033],[-2.60255,48.55347],[-2.61289,48.54773],[-2.62532,48.54243],[-2.62834,48.53996],[-2.62835,48.53996],[-2.62989,48.5388],[-2.63201,48.53587],[-2.63353,48.53031],[-2.61998,48.51914],[-2.62006,48.51818],[-2.63192,48.52577],[-2.64195,48.52355],[-2.65675,48.52605],[-2.65854,48.52689],[-2.66479,48.53363],[-2.6687,48.53517],[-2.68146,48.53267],[-2.6823,48.53169],[-2.67625,48.51847],[-2.67532,48.51024],[-2.67584,48.5085],[-2.68438,48.49862],[-2.68432,48.4972],[-2.6829,48.49544],[-2.678,48.4934],[-2.6737,48.49266],[-2.67533,48.49099],[-2.67992,48.48978],[-2.68086,48.4902],[-2.69834,48.50576],[-2.70122,48.50975],[-2.71376,48.51959],[-2.71556,48.52901],[-2.71832,48.53109],[-2.72646,48.528],[-2.73259,48.52787],[-2.73366,48.5288],[-2.7355,48.52893],[-2.73812,48.5272],[-2.7378,48.52838],[-2.73613,48.52918],[-2.73324,48.5295],[-2.73008,48.52872],[-2.72474,48.5307],[-2.71858,48.53598],[-2.7189,48.54034],[-2.72443,48.54557],[-2.71813,48.55137],[-2.72076,48.55559],[-2.73086,48.55932],[-2.74471,48.56118],[-2.75963,48.56504],[-2.77225,48.5702],[-2.77346,48.57096],[-2.77507,48.57182],[-2.77616,48.57989],[-2.77892,48.58457],[-2.80035,48.58822],[-2.80475,48.59114],[-2.80766,48.59251],[-2.80832,48.59204],[-2.81968,48.59355],[-2.82322,48.59667],[-2.82503,48.60008],[-2.81532,48.60997],[-2.81531,48.61137],[-2.81655,48.61669],[-2.81827,48.61804],[-2.82325,48.62589],[-2.82495,48.64358],[-2.82576,48.64377],[-2.82738,48.64677],[-2.82629,48.64807],[-2.82475,48.64775],[-2.82245,48.64536],[-2.81836,48.64587],[-2.81705,48.64715],[-2.81818,48.6462],[-2.82264,48.6459],[-2.82275,48.64807],[-2.81995,48.64963],[-2.81757,48.64966],[-2.81511,48.64761],[-2.81748,48.64988],[-2.82189,48.64978],[-2.83523,48.65509],[-2.84146,48.66324],[-2.84378,48.66484],[-2.85032,48.6672],[-2.85776,48.67445],[-2.86922,48.67275],[-2.88065,48.67437],[-2.88561,48.68586],[-2.88575,48.69157],[-2.88976,48.69588],[-2.89737,48.69978],[-2.91883,48.70486],[-2.92545,48.70809],[-2.92943,48.71342],[-2.94517,48.72067],[-2.94782,48.72436],[-2.94824,48.72724],[-2.94431,48.72811],[-2.94039,48.73055],[-2.93481,48.73674],[-2.94085,48.74606],[-2.93953,48.75209],[-2.94128,48.75728],[-2.95771,48.76407],[-2.9654,48.76242],[-2.9905,48.76274],[-2.99658,48.76491],[-3.01282,48.76629],[-3.01802,48.76811],[-3.02413,48.77283],[-3.02528,48.77616],[-3.02246,48.77967],[-3.01683,48.78202],[-3.02556,48.78296],[-3.0436,48.78312],[-3.04636,48.78556],[-3.04491,48.7857],[-3.04486,48.78771],[-3.04436,48.78881],[-3.03966,48.79011],[-3.03185,48.79063],[-3.01449,48.79937],[-3.0092,48.80429],[-3.01486,48.80813],[-3.01715,48.81166],[-3.0106,48.81691],[-3.01525,48.81946],[-3.02059,48.82098],[-3.03934,48.81895],[-3.04882,48.81861],[-3.0636,48.82188],[-3.07213,48.82038],[-3.08566,48.81043],[-3.08826,48.80114],[-3.0935,48.79276],[-3.09884,48.77995],[-3.09845,48.76943],[-3.10277,48.76593],[-3.11181,48.76572],[-3.11547,48.76484],[-3.11979,48.7592],[-3.11987,48.75619],[-3.12154,48.75624],[-3.12669,48.75764],[-3.12184,48.77243],[-3.11608,48.77565],[-3.1007,48.78343],[-3.09811,48.79605],[-3.0925,48.8088],[-3.08817,48.81349],[-3.08137,48.83022],[-3.08195,48.83258],[-3.09672,48.8313],[-3.09878,48.83029],[-3.10001,48.83091],[-3.098,48.83161],[-3.08683,48.8436],[-3.08651,48.85075],[-3.09447,48.85855],[-3.09011,48.86182],[-3.08396,48.86262],[-3.07825,48.85651],[-3.07672,48.85647],[-3.07635,48.85769],[-3.07672,48.85894],[-3.08471,48.86648],[-3.09622,48.86595],[-3.10162,48.86655],[-3.09939,48.86818],[-3.09645,48.8689],[-3.09807,48.86905],[-3.10185,48.86707],[-3.10785,48.86545],[-3.11638,48.86593],[-3.12501,48.86449],[-3.13222,48.86139],[-3.13691,48.85771],[-3.14697,48.85387],[-3.15581,48.85195],[-3.16161,48.85239],[-3.16752,48.84836],[-3.17368,48.8421],[-3.1826,48.84284],[-3.18761,48.83866],[-3.19822,48.82633],[-3.19686,48.81835],[-3.20276,48.81883],[-3.20664,48.81946],[-3.20379,48.82873],[-3.20376,48.83429],[-3.20649,48.83718],[-3.21637,48.83564],[-3.21927,48.83191],[-3.21875,48.83635],[-3.21031,48.84712],[-3.21122,48.85424],[-3.21188,48.85638],[-3.21738,48.86301],[-3.22229,48.86668],[-3.22651,48.86788],[-3.2388,48.86703],[-3.23717,48.86511],[-3.23496,48.86701],[-3.23233,48.86719],[-3.2344,48.86233],[-3.24281,48.85905],[-3.24586,48.85675],[-3.25494,48.8446],[-3.2567,48.84037],[-3.26255,48.83497],[-3.26558,48.834],[-3.26954,48.83397],[-3.27252,48.83617],[-3.2804,48.83697],[-3.28677,48.8365],[-3.29142,48.83158],[-3.29561,48.83194],[-3.30307,48.83566],[-3.31829,48.83738],[-3.32395,48.83669],[-3.3352,48.82837],[-3.36592,48.81856],[-3.38121,48.81634],[-3.38775,48.81452],[-3.38866,48.80308],[-3.40663,48.79997],[-3.43032,48.79718],[-3.44052,48.79814],[-3.44247,48.80215],[-3.43859,48.80846],[-3.435,48.81232],[-3.42836,48.81645],[-3.42869,48.82085],[-3.43712,48.82023],[-3.4508,48.81594],[-3.45675,48.81572],[-3.4606,48.81697],[-3.47316,48.82871],[-3.47341,48.83096],[-3.47717,48.83694],[-3.48024,48.83778],[-3.48247,48.83744],[-3.48697,48.8345],[-3.48972,48.82986],[-3.48685,48.82952],[-3.48563,48.82675],[-3.48665,48.82567],[-3.4903,48.82567],[-3.50267,48.82414],[-3.50845,48.82616],[-3.51015,48.82758],[-3.51049,48.82925],[-3.51455,48.83118],[-3.52322,48.8291],[-3.53423,48.82427],[-3.5382,48.82494],[-3.54004,48.82447],[-3.5412,48.8229],[-3.54085,48.81572],[-3.53375,48.80595],[-3.53473,48.80267],[-3.55447,48.79141],[-3.55833,48.79166],[-3.55887,48.79468],[-3.56039,48.79546],[-3.56665,48.79617],[-3.56772,48.7935],[-3.56786,48.79159],[-3.56771,48.79201],[-3.56777,48.7925],[-3.56761,48.79259],[-3.56678,48.79182],[-3.57126,48.78965],[-3.57795,48.78798],[-3.57841,48.78472],[-3.58204,48.779],[-3.5843,48.77067],[-3.58597,48.76904],[-3.58885,48.7689],[-3.58611,48.76747],[-3.58478,48.76869],[-3.5822,48.76815],[-3.58019,48.76679],[-3.57806,48.76273],[-3.56129,48.75824],[-3.54931,48.74601],[-3.55098,48.73501],[-3.53032,48.73322],[-3.52003,48.73341],[-3.47887,48.7396],[-3.46912,48.73662],[-3.46854,48.73536],[-3.46702,48.73278],[-3.46488,48.73179],[-3.46494,48.73163],[-3.46686,48.73215],[-3.46968,48.73463],[-3.4751,48.73669],[-3.48112,48.73764],[-3.49553,48.73686],[-3.4981,48.73611],[-3.50835,48.73295],[-3.52055,48.73132],[-3.52897,48.73106],[-3.53531,48.72762],[-3.54,48.72901],[-3.55284,48.72731],[-3.55549,48.72795],[-3.56086,48.7295],[-3.57831,48.72313],[-3.58153,48.7231],[-3.58337,48.71934],[-3.58364,48.71583],[-3.58166,48.7102],[-3.58096,48.70179],[-3.58304,48.69209],[-3.58124,48.68931],[-3.57176,48.68751],[-3.56897,48.68677],[-3.56744,48.68445],[-3.56902,48.68052],[-3.57316,48.67507],[-3.5795,48.67108],[-3.58215,48.67031],[-3.59655,48.66932],[-3.61008,48.66978],[-3.61195,48.67062],[-3.61374,48.67295],[-3.61616,48.68331],[-3.61705,48.68416],[-3.62318,48.68532],[-3.63517,48.6823],[-3.63739,48.6791],[-3.63738,48.67625],[-3.66143,48.65482],[-3.66156,48.6556],[-3.65379,48.66647],[-3.64378,48.6721],[-3.63991,48.67597],[-3.6462,48.67771],[-3.65474,48.68214],[-3.65159,48.6877],[-3.64512,48.69176],[-3.6433,48.69642],[-3.651,48.69313],[-3.65823,48.69482],[-3.66456,48.69232],[-3.67587,48.6874],[-3.6856,48.68859],[-3.69375,48.69082],[-3.70215,48.69029],[-3.71297,48.69807],[-3.71678,48.70321],[-3.71954,48.70506],[-3.73342,48.70768],[-3.74818,48.70779],[-3.7582,48.70909],[-3.76657,48.70866],[-3.77453,48.70481],[-3.77588,48.70297],[-3.77991,48.70182],[-3.785,48.70123],[-3.80748,48.71147],[-3.81809,48.71403],[-3.82071,48.70222],[-3.82824,48.70458],[-3.82996,48.71132],[-3.83236,48.71214],[-3.83808,48.70613],[-3.84004,48.70107],[-3.85187,48.68431],[-3.84866,48.67994],[-3.84753,48.6758],[-3.84609,48.66029],[-3.85741,48.66941],[-3.86211,48.66783],[-3.85744,48.65844],[-3.84954,48.63738],[-3.84551,48.62963],[-3.84342,48.62857],[-3.84394,48.62808],[-3.85066,48.62379],[-3.85825,48.61573],[-3.85328,48.60809],[-3.85076,48.60636],[-3.8492,48.60369],[-3.85119,48.60443],[-3.85947,48.60493],[-3.8679,48.60431],[-3.87344,48.60252],[-3.85827,48.61832],[-3.85672,48.62027],[-3.85711,48.62625],[-3.85833,48.62896],[-3.85987,48.6317],[-3.86479,48.63463],[-3.87589,48.63861],[-3.88062,48.63936],[-3.89311,48.64322],[-3.89797,48.64675],[-3.90371,48.65611],[-3.90295,48.66476],[-3.89698,48.66784],[-3.90072,48.67079],[-3.912,48.67111],[-3.91886,48.66992],[-3.92587,48.6669],[-3.94229,48.65545],[-3.95072,48.64483],[-3.9516,48.64478],[-3.95459,48.64571],[-3.95772,48.64809],[-3.95608,48.65252],[-3.9532,48.65615],[-3.95177,48.66159],[-3.95402,48.67094],[-3.95667,48.67309],[-3.96192,48.67415],[-3.96705,48.67767],[-3.97056,48.68265],[-3.97038,48.68651],[-3.96662,48.68973],[-3.96377,48.68839],[-3.96168,48.68548],[-3.95883,48.68339],[-3.9616,48.68572],[-3.96166,48.68809],[-3.96664,48.69009],[-3.96976,48.69389],[-3.97598,48.69894],[-3.97606,48.70002],[-3.97336,48.70274],[-3.97367,48.70398],[-3.96575,48.72139],[-3.97175,48.72474],[-3.97921,48.72262],[-3.983,48.72653],[-3.98884,48.72709],[-3.99238,48.72132],[-3.99089,48.71843],[-3.99292,48.71517],[-4.00082,48.71159],[-4.00473,48.71487],[-4.00686,48.71931],[-4.00667,48.72209],[-4.00319,48.72602],[-4.00651,48.72701],[-4.0071,48.724],[-4.00999,48.72042],[-4.01127,48.71663],[-4.0119,48.71545],[-4.01637,48.7123],[-4.03704,48.70682],[-4.04724,48.70483],[-4.05153,48.70497],[-4.05467,48.70266],[-4.05644,48.69865],[-4.05721,48.69256],[-4.05418,48.68709],[-4.04307,48.68906],[-4.03564,48.68794],[-4.03754,48.68688],[-4.05076,48.68612],[-4.0588,48.68645],[-4.06234,48.6844],[-4.06209,48.68024],[-4.0558,48.66933],[-4.05748,48.6694],[-4.06114,48.67663],[-4.08067,48.6919],[-4.08396,48.69329],[-4.09298,48.69001],[-4.09581,48.68581],[-4.09493,48.69254],[-4.09593,48.6937],[-4.09972,48.69452],[-4.10772,48.69489],[-4.12664,48.69379],[-4.13461,48.69417],[-4.16177,48.68991],[-4.16942,48.68698],[-4.17394,48.6861],[-4.18233,48.68552],[-4.1836,48.6874],[-4.18685,48.68635],[-4.19817,48.67717],[-4.21236,48.66872],[-4.21554,48.66793],[-4.21577,48.66784],[-4.21703,48.66658],[-4.21549,48.66792],[-4.21356,48.66809],[-4.21393,48.66492],[-4.21577,48.66209],[-4.2108,48.65742],[-4.19866,48.65604],[-4.19532,48.65448],[-4.19434,48.652],[-4.22086,48.64841],[-4.23929,48.65036],[-4.24495,48.64966],[-4.26276,48.64997],[-4.27216,48.64934],[-4.27759,48.64678],[-4.2935,48.63631],[-4.29656,48.63254],[-4.30275,48.63293],[-4.3116,48.63516],[-4.31609,48.63772],[-4.31611,48.64055],[-4.31143,48.642],[-4.30856,48.6441],[-4.31863,48.64642],[-4.31568,48.64783],[-4.31092,48.64805],[-4.30932,48.64717],[-4.31183,48.64587],[-4.30955,48.6462],[-4.30577,48.65002],[-4.3019,48.65229],[-4.29655,48.66062],[-4.29989,48.66491],[-4.31056,48.66782],[-4.31264,48.66863],[-4.33071,48.67553],[-4.34073,48.67719],[-4.34937,48.67662],[-4.36612,48.66892],[-4.37323,48.66829],[-4.37664,48.66383],[-4.38037,48.66276],[-4.38178,48.66142],[-4.37985,48.65983],[-4.38122,48.66111],[-4.37886,48.66192],[-4.37951,48.65939],[-4.38557,48.66087],[-4.38982,48.65944],[-4.39213,48.65771],[-4.39806,48.65585],[-4.406,48.65451],[-4.42224,48.65318],[-4.43087,48.65435],[-4.43216,48.65566],[-4.43524,48.65513],[-4.43561,48.65379],[-4.43319,48.64933],[-4.42836,48.64674],[-4.40223,48.64063],[-4.39814,48.6382],[-4.39758,48.63645],[-4.41634,48.63785],[-4.43492,48.63759],[-4.45084,48.63648],[-4.4581,48.63013],[-4.46315,48.62724],[-4.47352,48.62488],[-4.49834,48.62232],[-4.51301,48.6272],[-4.51228,48.6289],[-4.52516,48.63102],[-4.54413,48.62888],[-4.56288,48.62249],[-4.56698,48.61685],[-4.56901,48.61096],[-4.56855,48.60924],[-4.55279,48.60566],[-4.54033,48.60116],[-4.5252,48.59527],[-4.51517,48.58754],[-4.51537,48.58651],[-4.52196,48.5844],[-4.52879,48.59232],[-4.52763,48.59417],[-4.52851,48.59472],[-4.54192,48.59781],[-4.58456,48.59491],[-4.58914,48.60121],[-4.59696,48.6083],[-4.59817,48.6084],[-4.60317,48.60459],[-4.60803,48.59712],[-4.60602,48.59054],[-4.60864,48.57877],[-4.60313,48.57648],[-4.59451,48.57465],[-4.59138,48.57217],[-4.589,48.56788],[-4.58331,48.56202],[-4.55081,48.5596],[-4.53857,48.55983],[-4.52572,48.55615],[-4.51443,48.55101],[-4.50952,48.55198],[-4.50847,48.55331],[-4.50293,48.55261],[-4.50415,48.55208],[-4.50807,48.55277],[-4.50822,48.5488],[-4.5054,48.54619],[-4.50661,48.54588],[-4.51154,48.54974],[-4.52611,48.55462],[-4.52943,48.55458],[-4.53169,48.55303],[-4.52901,48.55078],[-4.53168,48.54939],[-4.53265,48.55142],[-4.54312,48.55689],[-4.55004,48.55691],[-4.55872,48.5591],[-4.57449,48.56023],[-4.58488,48.55943],[-4.5818,48.55633],[-4.57957,48.55529],[-4.5907,48.55459],[-4.59486,48.55333],[-4.59616,48.5561],[-4.59273,48.56202],[-4.5964,48.56999],[-4.59825,48.57195],[-4.60573,48.57251],[-4.62711,48.57765],[-4.64626,48.57214],[-4.65168,48.57144],[-4.66377,48.57133],[-4.66777,48.57411],[-4.67064,48.57463],[-4.67059,48.57236],[-4.67185,48.57085],[-4.67567,48.56856],[-4.68031,48.56734],[-4.67986,48.56714],[-4.67984,48.56685],[-4.68007,48.56653],[-4.68011,48.56669],[-4.67992,48.5669],[-4.67998,48.56716],[-4.68513,48.56826],[-4.68524,48.57042],[-4.69007,48.57162],[-4.69314,48.56955],[-4.69703,48.57053],[-4.70215,48.5702],[-4.70362,48.5683],[-4.70168,48.5673],[-4.70103,48.56586],[-4.70265,48.56222],[-4.69955,48.55555],[-4.70462,48.55],[-4.71838,48.55888],[-4.72333,48.55821],[-4.73117,48.55579],[-4.7415,48.5472],[-4.75094,48.54086],[-4.75742,48.5324],[-4.76006,48.52527],[-4.75809,48.52076],[-4.76068,48.52022],[-4.76415,48.52131],[-4.76537,48.52264],[-4.7692,48.52155],[-4.76919,48.52079],[-4.7667,48.5212],[-4.76374,48.5196],[-4.77212,48.50752],[-4.77725,48.50479],[-4.77795,48.50357],[-4.77814,48.49932],[-4.77435,48.49008],[-4.76672,48.48028],[-4.76571,48.47541],[-4.76192,48.47176],[-4.75929,48.47045],[-4.72653,48.47501],[-4.72514,48.47595],[-4.71834,48.47515],[-4.71675,48.4687],[-4.7179,48.46896],[-4.71872,48.4716],[-4.72422,48.47297],[-4.73113,48.47358],[-4.74559,48.47167],[-4.75488,48.46577],[-4.75981,48.45977],[-4.75993,48.46117],[-4.75675,48.46632],[-4.75744,48.46799],[-4.75877,48.46833],[-4.7614,48.468],[-4.76525,48.46579],[-4.7753,48.45331],[-4.77742,48.44595],[-4.7762,48.4438],[-4.77982,48.44061],[-4.7856,48.43253],[-4.79098,48.41993],[-4.79348,48.4163],[-4.79413,48.41275],[-4.78534,48.40871],[-4.77586,48.40672],[-4.77381,48.40545],[-4.77351,48.40383],[-4.7744,48.39684],[-4.77602,48.39277],[-4.7752,48.38948],[-4.76379,48.37966],[-4.76087,48.3784],[-4.7614,48.37551],[-4.7605,48.37364],[-4.76494,48.36817],[-4.76914,48.36528],[-4.77439,48.36442],[-4.78014,48.3609],[-4.78054,48.3569],[-4.77469,48.35052],[-4.77317,48.34616],[-4.77136,48.33528],[-4.7736,48.33003],[-4.76978,48.32862],[-4.76556,48.32812],[-4.74582,48.32949],[-4.74211,48.33188],[-4.74203,48.33078],[-4.73744,48.33236],[-4.73273,48.33237],[-4.73191,48.33117],[-4.72897,48.33004],[-4.71422,48.33024],[-4.71023,48.33101],[-4.69815,48.33827],[-4.70344,48.3455],[-4.70319,48.34743],[-4.70121,48.34983],[-4.69115,48.35474],[-4.6789,48.35562],[-4.664,48.35208],[-4.64432,48.34526],[-4.6279,48.33761],[-4.62399,48.33763],[-4.62206,48.33865],[-4.60799,48.33834],[-4.58648,48.34755],[-4.5737,48.3495],[-4.5711,48.35051],[-4.56715,48.35228],[-4.56706,48.35476],[-4.5637,48.3564],[-4.55756,48.3565],[-4.55444,48.36119],[-4.55378,48.36201],[-4.5504,48.3622],[-4.54662,48.36039],[-4.54253,48.35931],[-4.53254,48.36027],[-4.53042,48.3634],[-4.52442,48.36596],[-4.51932,48.36265],[-4.51823,48.36255],[-4.49068,48.36843],[-4.51797,48.36277],[-4.51948,48.36286],[-4.52377,48.36575],[-4.51247,48.37194],[-4.51124,48.37268],[-4.49531,48.37752],[-4.48903,48.38084],[-4.48602,48.37811],[-4.48902,48.37712],[-4.49165,48.37756],[-4.49035,48.3771],[-4.4893,48.37703],[-4.4883,48.37716],[-4.48502,48.37798],[-4.48333,48.38073],[-4.48148,48.38103],[-4.48201,48.38259],[-4.47195,48.38354],[-4.4627,48.38541],[-4.45541,48.38343],[-4.44745,48.37971],[-4.44499,48.37937],[-4.4414,48.38012],[-4.43553,48.38334],[-4.43346,48.38896],[-4.43036,48.38977],[-4.43319,48.38948],[-4.4339,48.39595],[-4.4227,48.39689],[-4.40788,48.39052],[-4.40296,48.39015],[-4.39821,48.39245],[-4.39635,48.39381],[-4.39675,48.39395],[-4.39283,48.39743],[-4.37681,48.40003],[-4.37635,48.40023],[-4.3583,48.40902],[-4.34247,48.41271],[-4.33787,48.41494],[-4.32831,48.41797],[-4.30482,48.42551],[-4.29076,48.43528],[-4.27754,48.44022],[-4.27803,48.44207],[-4.27314,48.44484],[-4.26968,48.44471],[-4.26956,48.44177],[-4.27611,48.43871],[-4.31406,48.41569],[-4.32488,48.41203],[-4.34811,48.40202],[-4.35236,48.40231],[-4.3674,48.395],[-4.39182,48.38749],[-4.40469,48.38187],[-4.41664,48.36987],[-4.42252,48.3672],[-4.43042,48.36489],[-4.43518,48.36148],[-4.4437,48.34884],[-4.44253,48.34599],[-4.44307,48.33992],[-4.44766,48.33329],[-4.45583,48.32839],[-4.45829,48.32786],[-4.45823,48.3266],[-4.44641,48.32583],[-4.42288,48.33264],[-4.41326,48.33834],[-4.4094,48.33878],[-4.40564,48.33651],[-4.40639,48.33735],[-4.40822,48.33862],[-4.40138,48.34168],[-4.39762,48.3424],[-4.39195,48.34177],[-4.39044,48.34251],[-4.39303,48.34052],[-4.39613,48.34085],[-4.40381,48.33736],[-4.41732,48.32487],[-4.40167,48.32424],[-4.37456,48.32648],[-4.37123,48.32885],[-4.36911,48.33329],[-4.3684,48.33552],[-4.36966,48.33837],[-4.36724,48.34461],[-4.35027,48.35205],[-4.35568,48.34423],[-4.35342,48.34268],[-4.35317,48.34284],[-4.35347,48.34368],[-4.35189,48.34453],[-4.34708,48.3436],[-4.34179,48.3459],[-4.33685,48.34977],[-4.33015,48.3527],[-4.32893,48.35489],[-4.32668,48.35677],[-4.3238,48.3578],[-4.31902,48.36225],[-4.31739,48.36214],[-4.32047,48.35774],[-4.32601,48.35307],[-4.33065,48.34727],[-4.33102,48.34422],[-4.32971,48.34104],[-4.32397,48.34109],[-4.31257,48.34341],[-4.30187,48.34676],[-4.304,48.34687],[-4.30584,48.34952],[-4.30524,48.35409],[-4.30236,48.3556],[-4.29793,48.35626],[-4.29473,48.35478],[-4.28628,48.35387],[-4.27467,48.3555],[-4.26904,48.35794],[-4.27793,48.34463],[-4.29704,48.33903],[-4.3173,48.33516],[-4.31765,48.33232],[-4.31618,48.33139],[-4.30759,48.33306],[-4.30525,48.33291],[-4.30243,48.33206],[-4.30186,48.3316],[-4.30263,48.33198],[-4.30291,48.33041],[-4.30581,48.32956],[-4.30897,48.32728],[-4.31178,48.32758],[-4.31386,48.32881],[-4.31887,48.32908],[-4.32211,48.32708],[-4.32191,48.32624],[-4.3168,48.32557],[-4.31862,48.32226],[-4.32801,48.31956],[-4.33626,48.31563],[-4.33671,48.31478],[-4.33482,48.31513],[-4.33417,48.31405],[-4.33397,48.31406],[-4.33455,48.31507],[-4.33437,48.3152],[-4.33118,48.31449],[-4.32425,48.31549],[-4.31115,48.31542],[-4.30647,48.31501],[-4.29325,48.31158],[-4.28974,48.31279],[-4.28319,48.31702],[-4.28224,48.31945],[-4.28431,48.32084],[-4.28301,48.32295],[-4.28341,48.32057],[-4.28144,48.31943],[-4.27319,48.3196],[-4.25685,48.32505],[-4.25545,48.32697],[-4.2498,48.32697],[-4.24985,48.32449],[-4.28123,48.31436],[-4.27998,48.31212],[-4.27515,48.30969],[-4.25301,48.30405],[-4.24326,48.31009],[-4.22099,48.31398],[-4.22266,48.31294],[-4.24102,48.30758],[-4.24113,48.30557],[-4.2351,48.29948],[-4.2238,48.29639],[-4.19512,48.29816],[-4.19324,48.2975],[-4.18646,48.29651],[-4.19598,48.29171],[-4.19961,48.29407],[-4.20151,48.29404],[-4.20772,48.29253],[-4.22738,48.29035],[-4.24482,48.28582],[-4.26049,48.27986],[-4.26905,48.27921],[-4.27693,48.28105],[-4.27996,48.2789],[-4.27646,48.27661],[-4.26381,48.27125],[-4.25107,48.26693],[-4.24917,48.26557],[-4.24398,48.25756],[-4.23982,48.25408],[-4.23697,48.25394],[-4.225,48.26011],[-4.21659,48.2611],[-4.21095,48.25855],[-4.20083,48.24953],[-4.20071,48.24755],[-4.20058,48.24566],[-4.20587,48.23761],[-4.2113,48.24326],[-4.21543,48.25417],[-4.2182,48.25849],[-4.24261,48.25043],[-4.24289,48.24869],[-4.25292,48.25694],[-4.25594,48.26226],[-4.26022,48.26669],[-4.27192,48.27046],[-4.28602,48.27381],[-4.289,48.27333],[-4.28711,48.28264],[-4.28391,48.28846],[-4.28105,48.28963],[-4.27739,48.28989],[-4.27303,48.28864],[-4.27161,48.28597],[-4.26862,48.28414],[-4.26559,48.2847],[-4.26423,48.28889],[-4.26624,48.29302],[-4.26893,48.29508],[-4.27508,48.29636],[-4.28483,48.29716],[-4.30659,48.2976],[-4.32644,48.29092],[-4.3389,48.28345],[-4.33952,48.28583],[-4.34839,48.28656],[-4.35238,48.28609],[-4.35933,48.28149],[-4.36714,48.27787],[-4.38428,48.27508],[-4.39707,48.27467],[-4.409,48.27561],[-4.41182,48.27714],[-4.41596,48.28133],[-4.42059,48.28796],[-4.42651,48.29012],[-4.4337,48.29154],[-4.44288,48.29153],[-4.45794,48.2931],[-4.46336,48.29166],[-4.47407,48.28654],[-4.48898,48.28274],[-4.50321,48.28106],[-4.50907,48.28438],[-4.51772,48.29337],[-4.50173,48.30562],[-4.49811,48.30459],[-4.49753,48.30473],[-4.49692,48.30556],[-4.49812,48.30469],[-4.50148,48.30581],[-4.49959,48.31062],[-4.49594,48.30949],[-4.49567,48.30781],[-4.49577,48.30996],[-4.49951,48.31118],[-4.50835,48.31036],[-4.51952,48.2983],[-4.52317,48.29271],[-4.52172,48.29145],[-4.52229,48.29003],[-4.52751,48.2868],[-4.53514,48.28417],[-4.53846,48.28512],[-4.54132,48.28751],[-4.54126,48.28928],[-4.53866,48.29085],[-4.53773,48.29276],[-4.53867,48.29309],[-4.53996,48.29075],[-4.54233,48.29022],[-4.54885,48.29224],[-4.55324,48.29478],[-4.55598,48.29933],[-4.55614,48.30381],[-4.54986,48.30806],[-4.54704,48.31176],[-4.54485,48.31815],[-4.54476,48.32233],[-4.54079,48.32956],[-4.53343,48.33795],[-4.53247,48.34139],[-4.53598,48.34146],[-4.54964,48.33891],[-4.55731,48.33652],[-4.56737,48.33113],[-4.57831,48.32283],[-4.58019,48.31968],[-4.57488,48.31177],[-4.57127,48.30343],[-4.57131,48.299],[-4.56736,48.29198],[-4.56608,48.28845],[-4.56704,48.2861],[-4.56989,48.28236],[-4.57818,48.27782],[-4.58801,48.27516],[-4.59443,48.27557],[-4.59888,48.28058],[-4.59621,48.28122],[-4.59418,48.28094],[-4.59144,48.27924],[-4.59076,48.27982],[-4.59143,48.28054],[-4.60099,48.28249],[-4.6011,48.28482],[-4.60813,48.28478],[-4.62181,48.27969],[-4.61749,48.26848],[-4.61323,48.26215],[-4.5987,48.25677],[-4.59304,48.25328],[-4.58318,48.25163],[-4.56535,48.25508],[-4.5617,48.25684],[-4.5603,48.25934],[-4.557,48.25869],[-4.54849,48.25449],[-4.54429,48.24828],[-4.54394,48.24601],[-4.54442,48.24166],[-4.54548,48.24041],[-4.56362,48.23594],[-4.56549,48.23224],[-4.55863,48.22214],[-4.55264,48.20607],[-4.55138,48.19846],[-4.55173,48.18787],[-4.55968,48.17588],[-4.55761,48.17017],[-4.55487,48.16871],[-4.55118,48.16822],[-4.54342,48.1687],[-4.53954,48.17045],[-4.54029,48.18092],[-4.52618,48.18668],[-4.51958,48.19346],[-4.51562,48.2003],[-4.51412,48.20673],[-4.50939,48.21276],[-4.49946,48.21644],[-4.49575,48.21904],[-4.49318,48.22407],[-4.49346,48.22576],[-4.49334,48.22422],[-4.49472,48.2229],[-4.50184,48.2239],[-4.50401,48.22516],[-4.50183,48.22975],[-4.49815,48.23317],[-4.48916,48.23625],[-4.47351,48.2367],[-4.46564,48.23889],[-4.4457,48.23481],[-4.44188,48.23439],[-4.43465,48.23512],[-4.42851,48.23453],[-4.41445,48.22606],[-4.40499,48.22254],[-4.40136,48.22078],[-4.37799,48.21881],[-4.36907,48.20982],[-4.36033,48.20628],[-4.33218,48.20642],[-4.3279,48.20283],[-4.3208,48.20404],[-4.31612,48.20326],[-4.30501,48.19566],[-4.29706,48.18566],[-4.29513,48.18459],[-4.29402,48.18047],[-4.29441,48.16772],[-4.29611,48.16275],[-4.28996,48.15785],[-4.27474,48.15599],[-4.27259,48.15228],[-4.272,48.14723],[-4.28462,48.10786],[-4.28661,48.10331],[-4.29682,48.09195],[-4.31128,48.09082],[-4.32244,48.0926],[-4.32408,48.09368],[-4.32434,48.09686],[-4.33578,48.09456],[-4.33618,48.09447],[-4.33937,48.09595],[-4.3393,48.09839],[-4.36379,48.10916],[-4.37351,48.11018],[-4.37556,48.1099],[-4.379,48.10781],[-4.3897,48.10462],[-4.39476,48.10438],[-4.40424,48.10533],[-4.42369,48.1028],[-4.42681,48.09982],[-4.43965,48.09659],[-4.45732,48.09657],[-4.4629,48.09878],[-4.46659,48.09925],[-4.4887,48.08633],[-4.49932,48.08882],[-4.5013,48.09095],[-4.50338,48.09151],[-4.50354,48.08817],[-4.5083,48.08991],[-4.50971,48.08903],[-4.51187,48.09077],[-4.51197,48.08958],[-4.51702,48.08846],[-4.52269,48.08584],[-4.52807,48.08607],[-4.53258,48.0882],[-4.5427,48.08254],[-4.54909,48.07707],[-4.55908,48.07865],[-4.5633,48.08032],[-4.58323,48.08002],[-4.59429,48.07524],[-4.59815,48.07616],[-4.60361,48.07568],[-4.62131,48.06847],[-4.63747,48.06754],[-4.66274,48.0711],[-4.67988,48.06169],[-4.70173,48.06211],[-4.71388,48.06485],[-4.71634,48.06298],[-4.71148,48.05602],[-4.71328,48.05288],[-4.70546,48.04924],[-4.70602,48.04667],[-4.70713,48.04452],[-4.71285,48.04177],[-4.73345,48.04079],[-4.73522,48.03857],[-4.72798,48.03433],[-4.70792,48.0319],[-4.69751,48.02769],[-4.66245,48.02574],[-4.65467,48.02208],[-4.65156,48.02186],[-4.64651,48.0232],[-4.63821,48.02782],[-4.63301,48.0296],[-4.62235,48.01875],[-4.61684,48.01672],[-4.60302,48.01533],[-4.58338,48.00481],[-4.57013,48.00099],[-4.56364,48.00314],[-4.54936,48.01149],[-4.54231,48.01201],[-4.53558,48.01948],[-4.53851,48.02326],[-4.5354,48.02464],[-4.53385,48.02366],[-4.53269,48.01969],[-4.53706,48.01205],[-4.53519,48.0104],[-4.52531,48.00592],[-4.52062,48.00534],[-4.5152,48.006],[-4.50993,48.00484],[-4.49441,47.99937],[-4.4859,47.99485],[-4.47831,47.98886],[-4.46414,47.98546],[-4.46226,47.98583],[-4.45995,47.98381],[-4.42374,47.96304],[-4.41932,47.95919],[-4.41113,47.94815],[-4.39906,47.93741],[-4.38652,47.92547],[-4.37333,47.9056],[-4.36377,47.88943],[-4.35228,47.86296],[-4.34771,47.84903],[-4.34563,47.84042],[-4.3476,47.83293],[-4.34992,47.83037],[-4.35387,47.82768],[-4.35869,47.82613],[-4.36734,47.82709],[-4.37667,47.82388],[-4.38033,47.82132],[-4.38092,47.81722],[-4.38455,47.81291],[-4.38279,47.81126],[-4.38451,47.81289],[-4.38143,47.81573],[-4.37708,47.81711],[-4.37273,47.8115],[-4.37418,47.80085],[-4.37165,47.79741],[-4.3671,47.79602],[-4.35504,47.79703],[-4.35407,47.79559],[-4.34887,47.79861],[-4.34359,47.79967],[-4.33409,47.79882],[-4.30104,47.80049],[-4.3015,47.80129],[-4.29648,47.79922],[-4.29353,47.79694],[-4.29403,47.79378],[-4.28778,47.79253],[-4.27703,47.79593],[-4.27482,47.79923],[-4.27258,47.80072],[-4.27137,47.79969],[-4.27136,47.79821],[-4.27384,47.79643],[-4.27668,47.79226],[-4.26328,47.79141],[-4.24484,47.79214],[-4.23279,47.79364],[-4.22637,47.79336],[-4.22597,47.79268],[-4.22337,47.79262],[-4.21576,47.7947],[-4.21075,47.79476],[-4.21074,47.79488],[-4.21133,47.79489],[-4.21585,47.79472]]],[[[-4.85033,48.0328],[-4.84764,48.03225],[-4.85264,48.03894],[-4.86509,48.04292],[-4.87129,48.04055],[-4.85291,48.03505],[-4.85033,48.0328]]],[[[-4.96263,48.40063],[-4.96712,48.3983],[-4.96405,48.39216],[-4.96271,48.39121],[-4.95886,48.39033],[-4.95507,48.39218],[-4.95389,48.39347],[-4.95417,48.39601],[-4.95803,48.40169],[-4.96263,48.40063]]],[[[-5.07435,48.48326],[-5.0756,48.48099],[-5.07367,48.48],[-5.07162,48.48012],[-5.07126,48.4791],[-5.07665,48.47433],[-5.082,48.47291],[-5.08952,48.47318],[-5.10777,48.47059],[-5.11837,48.46352],[-5.12807,48.46058],[-5.14071,48.44973],[-5.14126,48.44918],[-5.13932,48.44813],[-5.13291,48.44899],[-5.10137,48.45602],[-5.09675,48.45473],[-5.09228,48.45203],[-5.09251,48.44991],[-5.09368,48.4489],[-5.10051,48.44502],[-5.11818,48.43847],[-5.11348,48.4365],[-5.10566,48.43664],[-5.09519,48.44027],[-5.08326,48.44765],[-5.07345,48.45067],[-5.06698,48.45062],[-5.05615,48.45355],[-5.0503,48.45627],[-5.04219,48.46176],[-5.05322,48.47274],[-5.05798,48.47638],[-5.06788,48.48211],[-5.07435,48.48326]]],[[[-4.01079,48.75272],[-4.01995,48.75257],[-4.04071,48.74588],[-4.03795,48.74401],[-4.02587,48.74088],[-4.00916,48.74319],[-4.00169,48.74127],[-3.99389,48.74261],[-4.00585,48.75047],[-4.01079,48.75272]]],[[[-3.43442,47.64341],[-3.43766,47.64421],[-3.44536,47.6432],[-3.44686,47.64377],[-3.44635,47.6433],[-3.44762,47.64291],[-3.45004,47.64433],[-3.48899,47.65274],[-3.49804,47.65343],[-3.51307,47.65182],[-3.51495,47.64839],[-3.51442,47.64771],[-3.5114,47.64356],[-3.50718,47.64055],[-3.48623,47.62979],[-3.45754,47.62157],[-3.44747,47.62296],[-3.4409,47.62789],[-3.43473,47.62666],[-3.42941,47.62449],[-3.42497,47.62147],[-3.41982,47.62447],[-3.41627,47.63205],[-3.41669,47.63442],[-3.42218,47.63843],[-3.43442,47.64341]]],[[[-3.22767,47.30199],[-3.22397,47.29608],[-3.22184,47.29461],[-3.219,47.29375],[-3.19776,47.29452],[-3.18225,47.29756],[-3.17669,47.30026],[-3.16952,47.30165],[-3.16423,47.29803],[-3.15984,47.29283],[-3.15823,47.29258],[-3.14167,47.28776],[-3.13758,47.28732],[-3.13052,47.28747],[-3.12464,47.29022],[-3.12064,47.29074],[-3.11318,47.28807],[-3.10784,47.28737],[-3.10518,47.28535],[-3.09926,47.28387],[-3.09561,47.27922],[-3.092,47.27852],[-3.08194,47.28436],[-3.06826,47.29924],[-3.0585,47.30714],[-3.05642,47.30745],[-3.05862,47.31198],[-3.06341,47.31514],[-3.06871,47.31704],[-3.09699,47.31542],[-3.11035,47.31841],[-3.11475,47.32394],[-3.11983,47.32373],[-3.12193,47.32299],[-3.13124,47.3279],[-3.13877,47.32901],[-3.14515,47.33347],[-3.14612,47.33791],[-3.14562,47.34055],[-3.14758,47.34331],[-3.15244,47.34649],[-3.15848,47.34802],[-3.1638,47.34546],[-3.16386,47.3458],[-3.15344,47.35056],[-3.1564,47.35982],[-3.16001,47.36357],[-3.17117,47.36101],[-3.183,47.36419],[-3.19383,47.36582],[-3.1949,47.36537],[-3.19621,47.36837],[-3.20116,47.37244],[-3.21546,47.37352],[-3.21908,47.37094],[-3.21966,47.36914],[-3.21785,47.36571],[-3.21844,47.36313],[-3.22169,47.36871],[-3.22109,47.37081],[-3.21847,47.37335],[-3.21852,47.3792],[-3.22761,47.37841],[-3.23458,47.37939],[-3.24347,47.38612],[-3.24957,47.3834],[-3.25051,47.37824],[-3.25628,47.37329],[-3.25887,47.37321],[-3.26106,47.37223],[-3.26114,47.35506],[-3.25753,47.34475],[-3.24891,47.33097],[-3.24332,47.3296],[-3.23597,47.32433],[-3.24401,47.31888],[-3.24523,47.31558],[-3.24702,47.31555],[-3.24723,47.31659],[-3.24891,47.31685],[-3.24846,47.3138],[-3.24645,47.3124],[-3.24445,47.30892],[-3.24072,47.30883],[-3.23847,47.3028],[-3.23466,47.30115],[-3.22767,47.30199]]],[[[-2.99343,47.39282],[-2.99084,47.39417],[-2.9869,47.39457],[-2.98163,47.39214],[-2.97546,47.38705],[-2.97092,47.38517],[-2.95422,47.3835],[-2.95031,47.38824],[-2.95253,47.39068],[-2.95819,47.39239],[-2.97424,47.39489],[-2.9927,47.39514],[-2.99471,47.39394],[-2.99343,47.39282]]],[[[-2.88784,47.33659],[-2.88454,47.33265],[-2.8802,47.33303],[-2.86516,47.33699],[-2.86168,47.34078],[-2.86405,47.34915],[-2.86669,47.34872],[-2.87064,47.34545],[-2.87638,47.34342],[-2.88229,47.34274],[-2.88632,47.34384],[-2.89124,47.34643],[-2.88784,47.33659]]],[[[-2.84136,47.60505],[-2.84694,47.59886],[-2.85023,47.59881],[-2.85128,47.60039],[-2.85398,47.60162],[-2.85518,47.60046],[-2.85255,47.59981],[-2.85089,47.59764],[-2.85182,47.59509],[-2.85561,47.59174],[-2.85737,47.58119],[-2.86212,47.56907],[-2.86097,47.56391],[-2.85224,47.56621],[-2.85371,47.57535],[-2.84974,47.58735],[-2.8464,47.58996],[-2.8365,47.59187],[-2.83939,47.60044],[-2.83711,47.60531],[-2.83748,47.60721],[-2.83892,47.60701],[-2.84136,47.60505]]],[[[-2.80884,47.57847],[-2.79823,47.58962],[-2.79309,47.59355],[-2.78937,47.59394],[-2.78599,47.59247],[-2.78719,47.59716],[-2.79407,47.60224],[-2.80299,47.59742],[-2.80896,47.58555],[-2.81287,47.58389],[-2.81447,47.58506],[-2.81604,47.58526],[-2.81326,47.57924],[-2.80884,47.57847]]],[[[-3.01249,48.85776],[-3.01292,48.85638],[-3.00802,48.85404],[-3.00505,48.85353],[-3.00175,48.85496],[-3.00013,48.85453],[-2.99862,48.8511],[-2.99955,48.84945],[-3.00239,48.84929],[-3.00382,48.85057],[-3.00681,48.85142],[-3.01355,48.85077],[-3.0094,48.84477],[-3.01001,48.84118],[-3.00144,48.83708],[-2.99733,48.83946],[-2.99471,48.85981],[-2.9911,48.86371],[-2.99215,48.8608],[-2.9902,48.85967],[-2.9869,48.85926],[-2.98496,48.86252],[-2.98623,48.86456],[-2.99432,48.86421],[-3.0103,48.85931],[-3.01249,48.85776]]]]}},{"type":"Feature","properties":{"code":"94","nom":"Corse"},"geometry":{"type":"Polygon","coordinates":[[[8.79089,41.60646],[8.78623,41.59707],[8.78276,41.59511],[8.78203,41.58771],[8.78172,41.58589],[8.78355,41.58568],[8.7868,41.58569],[8.78856,41.58736],[8.79223,41.58673],[8.7927,41.58456],[8.79179,41.58011],[8.79917,41.57525],[8.79712,41.57018],[8.78759,41.56421],[8.78758,41.56126],[8.78893,41.55776],[8.79283,41.55645],[8.81062,41.55577],[8.81409,41.55348],[8.81474,41.54956],[8.83981,41.54621],[8.85147,41.54188],[8.8537,41.53767],[8.85393,41.53357],[8.84945,41.53131],[8.84174,41.52398],[8.84094,41.52195],[8.84134,41.51983],[8.8435,41.51837],[8.85067,41.51832],[8.8644,41.52025],[8.86717,41.52075],[8.87276,41.52369],[8.88158,41.52145],[8.88922,41.51718],[8.89458,41.51196],[8.90058,41.50858],[8.91198,41.50846],[8.91483,41.50745],[8.9186,41.50332],[8.92091,41.49833],[8.93071,41.49369],[8.94012,41.48988],[8.94048,41.49025],[8.94129,41.48938],[8.94574,41.48995],[8.95496,41.4928],[8.95983,41.49202],[8.96568,41.49006],[8.97368,41.48487],[8.9817,41.4768],[8.98629,41.47752],[8.99278,41.48543],[8.99542,41.48564],[9.01845,41.46822],[9.0276,41.4647],[9.02858,41.46684],[9.03501,41.47108],[9.03892,41.46963],[9.04047,41.46553],[9.03902,41.46171],[9.04318,41.4582],[9.05022,41.46044],[9.05653,41.4641],[9.07344,41.47906],[9.07511,41.47831],[9.07354,41.47811],[9.077,41.47686],[9.07925,41.482],[9.08119,41.4815],[9.08351,41.4792],[9.078,41.47441],[9.07211,41.46747],[9.06874,41.46191],[9.06618,41.45513],[9.06754,41.45015],[9.06991,41.44524],[9.07977,41.44184],[9.0821,41.44219],[9.08736,41.44523],[9.09368,41.45002],[9.09539,41.44955],[9.09667,41.44647],[9.10348,41.44281],[9.10889,41.44098],[9.11469,41.44112],[9.12104,41.44326],[9.12315,41.44252],[9.11979,41.43827],[9.11058,41.43038],[9.09897,41.41555],[9.09391,41.407],[9.09143,41.40182],[9.09465,41.39401],[9.09643,41.39237],[9.10012,41.39278],[9.11276,41.39631],[9.13172,41.39973],[9.13092,41.39744],[9.12717,41.39533],[9.12665,41.39444],[9.12743,41.39382],[9.12948,41.39291],[9.13273,41.39393],[9.13675,41.39304],[9.13788,41.3908],[9.14295,41.38825],[9.1464,41.38875],[9.15035,41.38576],[9.16847,41.385],[9.17287,41.38076],[9.17849,41.37037],[9.18306,41.3682],[9.18819,41.36662],[9.20053,41.36616],[9.21875,41.36781],[9.22053,41.37405],[9.22694,41.38055],[9.24276,41.40011],[9.24954,41.4074],[9.25574,41.41186],[9.2591,41.41569],[9.26515,41.42821],[9.25892,41.42839],[9.24301,41.42057],[9.22547,41.40565],[9.21648,41.40803],[9.20945,41.41331],[9.2123,41.41428],[9.21932,41.41446],[9.22522,41.41931],[9.22572,41.42904],[9.22254,41.43705],[9.22294,41.44174],[9.22376,41.44272],[9.24393,41.44731],[9.25381,41.4542],[9.25895,41.45996],[9.26883,41.46851],[9.28072,41.47649],[9.28728,41.48384],[9.2861,41.49848],[9.27943,41.50911],[9.28401,41.51714],[9.28331,41.52054],[9.27894,41.52287],[9.27987,41.52686],[9.28205,41.53038],[9.29456,41.53778],[9.29779,41.54186],[9.3053,41.54697],[9.32591,41.55832],[9.33307,41.56051],[9.34068,41.55936],[9.34332,41.55992],[9.34606,41.56191],[9.34996,41.56632],[9.34952,41.5729],[9.35191,41.57748],[9.3587,41.58641],[9.36022,41.59033],[9.35447,41.59482],[9.33763,41.6001],[9.33384,41.6024],[9.3208,41.60489],[9.318,41.60426],[9.31356,41.60158],[9.30268,41.58955],[9.3012,41.58904],[9.30007,41.58674],[9.29875,41.58467],[9.29544,41.58373],[9.2924,41.58611],[9.29326,41.58705],[9.28404,41.59607],[9.28091,41.59717],[9.28011,41.59691],[9.28355,41.59894],[9.28612,41.60159],[9.28583,41.60435],[9.29677,41.61097],[9.30563,41.61821],[9.3041,41.62296],[9.30573,41.62738],[9.30832,41.62884],[9.31385,41.62892],[9.31374,41.62562],[9.32525,41.61798],[9.34133,41.61987],[9.34579,41.6226],[9.3467,41.62922],[9.34579,41.63207],[9.34741,41.63674],[9.3511,41.63975],[9.35819,41.6412],[9.36254,41.63999],[9.37969,41.64661],[9.382,41.64865],[9.38648,41.65607],[9.38698,41.65858],[9.38244,41.66598],[9.37505,41.67109],[9.37313,41.67483],[9.37245,41.6789],[9.38091,41.68784],[9.40019,41.69751],[9.40246,41.7087],[9.40136,41.71792],[9.4055,41.72198],[9.4047,41.72583],[9.40486,41.74054],[9.40565,41.75657],[9.40696,41.76344],[9.40142,41.77182],[9.39917,41.77176],[9.39664,41.77371],[9.3955,41.77642],[9.39681,41.77736],[9.39846,41.7833],[9.39908,41.78973],[9.39609,41.80067],[9.40076,41.81067],[9.40528,41.8178],[9.40584,41.82075],[9.40315,41.84087],[9.40065,41.8506],[9.40267,41.85661],[9.40154,41.85906],[9.40366,41.85958],[9.40474,41.85773],[9.40409,41.8562],[9.40475,41.85668],[9.40499,41.85766],[9.4038,41.85991],[9.40153,41.85955],[9.39877,41.86444],[9.39728,41.87691],[9.40279,41.89871],[9.40867,41.90679],[9.41307,41.91527],[9.41498,41.92518],[9.4128,41.93807],[9.41189,41.94198],[9.41214,41.94817],[9.41349,41.95385],[9.41572,41.95844],[9.42647,41.97358],[9.43981,41.98775],[9.44192,41.9898],[9.45247,41.99889],[9.46606,42.01229],[9.49731,42.04848],[9.52868,42.08458],[9.54928,42.1042],[9.55482,42.12507],[9.55583,42.14239],[9.55452,42.14706],[9.55429,42.15669],[9.55763,42.19874],[9.55259,42.22379],[9.55323,42.24145],[9.55533,42.25284],[9.55999,42.28233],[9.55346,42.29922],[9.55087,42.3115],[9.54337,42.32841],[9.54148,42.33724],[9.54126,42.33809],[9.5426,42.33886],[9.54245,42.34033],[9.54175,42.34128],[9.54248,42.33887],[9.54036,42.33791],[9.53937,42.33997],[9.53985,42.34165],[9.54065,42.34237],[9.54149,42.34185],[9.54079,42.34254],[9.53853,42.34291],[9.53784,42.34382],[9.53497,42.3592],[9.53234,42.37452],[9.53269,42.37791],[9.53215,42.3826],[9.53535,42.39396],[9.53817,42.41165],[9.5434,42.42786],[9.5414,42.43847],[9.54107,42.4567],[9.53987,42.4618],[9.53617,42.47036],[9.53142,42.48385],[9.52987,42.49037],[9.52991,42.49552],[9.53068,42.50644],[9.53436,42.52325],[9.53348,42.52672],[9.53343,42.54475],[9.52743,42.56488],[9.52158,42.57546],[9.51473,42.58498],[9.48567,42.61325],[9.47149,42.6285],[9.46299,42.63924],[9.45458,42.65197],[9.44964,42.66226],[9.44682,42.67182],[9.44645,42.67769],[9.44647,42.67775],[9.44686,42.68485],[9.44784,42.68998],[9.45003,42.69117],[9.4528,42.69194],[9.45385,42.69352],[9.4521,42.69488],[9.45159,42.69451],[9.45118,42.69613],[9.45266,42.69553],[9.45302,42.69784],[9.45262,42.69891],[9.45253,42.69899],[9.45248,42.70062],[9.45472,42.70426],[9.45463,42.70841],[9.45633,42.71763],[9.45599,42.72042],[9.46245,42.73568],[9.46134,42.7402],[9.46351,42.74628],[9.46806,42.75268],[9.46755,42.75498],[9.4661,42.75655],[9.46705,42.76174],[9.47129,42.76868],[9.48599,42.78763],[9.49115,42.79756],[9.49195,42.80293],[9.48709,42.82688],[9.48128,42.83598],[9.48219,42.84332],[9.48492,42.85281],[9.48011,42.86036],[9.48147,42.86117],[9.48185,42.86506],[9.48115,42.868],[9.47828,42.87121],[9.47744,42.88192],[9.47565,42.88419],[9.47302,42.89559],[9.47307,42.89908],[9.47451,42.9002],[9.47286,42.90199],[9.47106,42.91048],[9.46773,42.93453],[9.46889,42.9366],[9.46193,42.94521],[9.45532,42.95676],[9.45578,42.95796],[9.45539,42.96097],[9.4546,42.96144],[9.45544,42.9595],[9.4555,42.95784],[9.45477,42.95783],[9.45368,42.95829],[9.45148,42.96279],[9.45793,42.97671],[9.4588,42.98307],[9.45725,42.988],[9.44354,42.99529],[9.42882,43.00837],[9.42225,43.00884],[9.41588,43.008],[9.41442,43.00659],[9.41235,43.006],[9.40561,43.00571],[9.40487,43.00451],[9.38207,43.00936],[9.37967,43.00793],[9.35496,43.00403],[9.34377,42.99762],[9.34136,42.99425],[9.34386,42.98051],[9.34808,42.97496],[9.35061,42.96849],[9.34991,42.9608],[9.34728,42.95868],[9.34659,42.95672],[9.34735,42.95286],[9.35117,42.95032],[9.35674,42.9393],[9.35648,42.92703],[9.35952,42.92331],[9.35645,42.92288],[9.35527,42.92028],[9.34247,42.9102],[9.33253,42.90536],[9.3265,42.9012],[9.32411,42.90024],[9.32353,42.89207],[9.32736,42.88172],[9.33527,42.86948],[9.34014,42.86741],[9.34034,42.86593],[9.31746,42.8442],[9.31041,42.83427],[9.32135,42.82252],[9.32439,42.81666],[9.32511,42.8131],[9.32624,42.81222],[9.32971,42.81148],[9.33338,42.80914],[9.33828,42.80439],[9.34306,42.79589],[9.34258,42.78602],[9.33995,42.77623],[9.33978,42.76065],[9.33915,42.7584],[9.34294,42.74969],[9.34453,42.74081],[9.34398,42.73974],[9.3447,42.73746],[9.33886,42.7288],[9.33438,42.7225],[9.33023,42.71873],[9.32958,42.71898],[9.32199,42.70781],[9.32298,42.69713],[9.32157,42.69629],[9.31376,42.68872],[9.30438,42.68406],[9.30046,42.68343],[9.29879,42.68214],[9.29778,42.68118],[9.29879,42.68149],[9.30114,42.68026],[9.30125,42.67871],[9.29881,42.67898],[9.29775,42.67998],[9.29813,42.67911],[9.30006,42.67852],[9.29868,42.67636],[9.29408,42.67443],[9.28751,42.67443],[9.28353,42.6774],[9.28125,42.68216],[9.27882,42.68393],[9.27972,42.68899],[9.27785,42.68964],[9.2762,42.6888],[9.27562,42.68718],[9.27467,42.68701],[9.2755,42.68725],[9.27559,42.68929],[9.27724,42.6911],[9.27521,42.6937],[9.25917,42.70063],[9.25834,42.70164],[9.25553,42.70806],[9.25489,42.71195],[9.25552,42.71421],[9.24907,42.71687],[9.24099,42.71909],[9.23349,42.71988],[9.23199,42.7207],[9.22874,42.72722],[9.22381,42.73257],[9.21927,42.73416],[9.21202,42.73115],[9.21,42.72895],[9.20494,42.72661],[9.19836,42.72455],[9.17746,42.73107],[9.16953,42.73415],[9.16664,42.73613],[9.16386,42.73634],[9.14585,42.7322],[9.13069,42.73025],[9.11454,42.7266],[9.10443,42.72197],[9.10088,42.71809],[9.10038,42.71566],[9.09992,42.71512],[9.09238,42.715],[9.07584,42.69719],[9.07008,42.69528],[9.0618,42.69376],[9.05434,42.68004],[9.0577,42.66853],[9.06173,42.66514],[9.05876,42.65973],[9.0383,42.65364],[9.02485,42.64853],[9.02149,42.64497],[9.01773,42.64247],[9.01081,42.64011],[9.00028,42.64158],[8.99726,42.63994],[8.98719,42.64104],[8.97986,42.63946],[8.94837,42.63356],[8.94065,42.63443],[8.93835,42.63731],[8.93278,42.63804],[8.92426,42.63807],[8.91379,42.63009],[8.90723,42.62784],[8.90328,42.62709],[8.88913,42.62847],[8.88117,42.62649],[8.87448,42.61796],[8.87556,42.61516],[8.87583,42.61404],[8.8734,42.61138],[8.86743,42.60826],[8.86478,42.60792],[8.86214,42.60964],[8.85579,42.60868],[8.85364,42.61026],[8.85419,42.61069],[8.85223,42.6124],[8.84794,42.60936],[8.83458,42.60493],[8.82689,42.60354],[8.8208,42.60522],[8.80779,42.6038],[8.80143,42.60167],[8.80596,42.58899],[8.80534,42.57553],[8.7966,42.565],[8.79357,42.56117],[8.78754,42.55792],[8.77389,42.55563],[8.7653,42.55646],[8.7593,42.55928],[8.75732,42.56107],[8.75613,42.56388],[8.75892,42.5665],[8.75854,42.56881],[8.7575,42.5696],[8.75039,42.5688],[8.73771,42.56563],[8.72693,42.5647],[8.72411,42.5791],[8.72068,42.58145],[8.71508,42.57835],[8.71193,42.57544],[8.70934,42.57219],[8.71523,42.56666],[8.72308,42.55667],[8.71518,42.53447],[8.71655,42.53347],[8.71745,42.52908],[8.71336,42.52627],[8.69078,42.51909],[8.67804,42.51777],[8.67401,42.51865],[8.66747,42.51617],[8.66634,42.51494],[8.66539,42.51265],[8.66536,42.50609],[8.6665,42.50019],[8.66569,42.49473],[8.66212,42.49007],[8.65023,42.47852],[8.64943,42.47464],[8.65093,42.47397],[8.67506,42.47651],[8.67928,42.47176],[8.67997,42.46909],[8.67941,42.46731],[8.66681,42.45752],[8.66684,42.45408],[8.66506,42.44854],[8.66156,42.44499],[8.65126,42.44447],[8.64842,42.44255],[8.65229,42.4396],[8.66246,42.43473],[8.66225,42.42632],[8.65959,42.42149],[8.6544,42.41551],[8.65014,42.4137],[8.64635,42.41335],[8.638,42.4182],[8.63074,42.4206],[8.62426,42.42086],[8.6099,42.41646],[8.60551,42.41437],[8.60485,42.41023],[8.60877,42.38749],[8.60581,42.38594],[8.5964,42.38382],[8.58536,42.38426],[8.57751,42.38374],[8.57326,42.38157],[8.57488,42.3802],[8.57679,42.37456],[8.5726,42.37119],[8.56773,42.37037],[8.56122,42.37049],[8.55352,42.3721],[8.55084,42.37907],[8.5481,42.37907],[8.54595,42.37746],[8.54367,42.36968],[8.54547,42.36772],[8.55519,42.36373],[8.55715,42.35992],[8.55372,42.34619],[8.55407,42.33513],[8.55522,42.33371],[8.56202,42.33312],[8.57257,42.33788],[8.57663,42.34108],[8.58316,42.34863],[8.58987,42.35255],[8.59399,42.35337],[8.60052,42.35321],[8.61275,42.34855],[8.628,42.33822],[8.6283,42.33229],[8.62209,42.32797],[8.60816,42.32394],[8.59944,42.32001],[8.59975,42.31611],[8.60317,42.30997],[8.61136,42.30878],[8.61802,42.31054],[8.62497,42.31018],[8.63091,42.309],[8.63746,42.30264],[8.64521,42.3007],[8.66051,42.30251],[8.68716,42.28199],[8.69175,42.27671],[8.69064,42.27495],[8.69375,42.26647],[8.689,42.26325],[8.67646,42.26243],[8.66135,42.25879],[8.65156,42.25811],[8.64126,42.25535],[8.62381,42.25266],[8.61626,42.25366],[8.5943,42.24585],[8.58542,42.24391],[8.57122,42.23872],[8.56178,42.23736],[8.55456,42.23719],[8.54919,42.23965],[8.54412,42.23893],[8.54015,42.23748],[8.54025,42.23513],[8.54812,42.23033],[8.55751,42.22906],[8.56222,42.23149],[8.57082,42.23001],[8.57375,42.22793],[8.57407,42.22667],[8.57135,42.21789],[8.57189,42.21209],[8.57517,42.20741],[8.57842,42.20756],[8.58171,42.2059],[8.58121,42.2],[8.57785,42.19376],[8.57811,42.18848],[8.58233,42.18323],[8.58678,42.18206],[8.58545,42.17894],[8.56726,42.17795],[8.56457,42.17614],[8.56133,42.17156],[8.57094,42.1688],[8.57743,42.16949],[8.58547,42.17171],[8.58831,42.17145],[8.59079,42.17061],[8.59334,42.16854],[8.59329,42.16635],[8.58919,42.1626],[8.58017,42.15785],[8.56947,42.15451],[8.56206,42.15113],[8.55834,42.14612],[8.56049,42.14581],[8.57478,42.15219],[8.58419,42.15114],[8.59028,42.14884],[8.59427,42.14327],[8.58451,42.13493],[8.58182,42.1306],[8.58177,42.12864],[8.59608,42.13013],[8.60467,42.13323],[8.61221,42.13462],[8.61643,42.13269],[8.61762,42.13076],[8.61793,42.12725],[8.62098,42.12451],[8.62575,42.12265],[8.64651,42.12134],[8.64986,42.11907],[8.65118,42.11688],[8.65225,42.11391],[8.65793,42.10915],[8.66484,42.10523],[8.67565,42.10667],[8.68791,42.1123],[8.70154,42.1112],[8.70755,42.10072],[8.71441,42.08269],[8.71733,42.07756],[8.72046,42.06562],[8.73273,42.06486],[8.73601,42.06591],[8.73796,42.06532],[8.74405,42.05947],[8.74375,42.05712],[8.74741,42.04995],[8.74577,42.04546],[8.7426,42.04192],[8.74056,42.04074],[8.73657,42.03994],[8.71445,42.02955],[8.70106,42.02601],[8.69595,42.027],[8.68409,42.02497],[8.67018,42.01923],[8.66025,42.01191],[8.65679,42.00393],[8.65598,42.00321],[8.65539,41.99807],[8.65884,41.99182],[8.66655,41.99398],[8.66815,41.99276],[8.66935,41.99016],[8.66991,41.98644],[8.66863,41.98199],[8.65825,41.97411],[8.64566,41.96815],[8.64108,41.96751],[8.63509,41.96772],[8.62278,41.97059],[8.61385,41.97151],[8.60073,41.96733],[8.59245,41.96111],[8.60684,41.94732],[8.61196,41.94328],[8.62049,41.94],[8.62271,41.937],[8.62351,41.93404],[8.62239,41.92772],[8.61548,41.92077],[8.61038,41.91297],[8.61002,41.90883],[8.61349,41.90136],[8.61604,41.89996],[8.64174,41.91008],[8.64623,41.90991],[8.66886,41.9058],[8.69186,41.90913],[8.70807,41.90794],[8.71455,41.90866],[8.72557,41.91241],[8.72672,41.91241],[8.73223,41.91661],[8.73623,41.9169],[8.7403,41.91575],[8.74157,41.91706],[8.74026,41.91882],[8.74078,41.92278],[8.74063,41.92648],[8.743,41.92813],[8.7431,41.92952],[8.74286,41.92813],[8.74142,41.9277],[8.74131,41.92779],[8.74037,41.92952],[8.74077,41.93163],[8.74085,41.93168],[8.74413,41.93291],[8.74413,41.93291],[8.74724,41.93355],[8.75257,41.9334],[8.75522,41.93263],[8.7665,41.92587],[8.76952,41.92737],[8.77245,41.92763],[8.77578,41.9269],[8.78273,41.92311],[8.79302,41.91273],[8.79808,41.90473],[8.80264,41.8976],[8.80358,41.89405],[8.80321,41.8912],[8.80174,41.88959],[8.78199,41.88121],[8.78333,41.87411],[8.78635,41.86912],[8.78789,41.86853],[8.78996,41.8673],[8.79071,41.8652],[8.79069,41.8563],[8.78965,41.8532],[8.78839,41.85045],[8.78231,41.84734],[8.77289,41.84607],[8.75916,41.84693],[8.7509,41.84519],[8.7508,41.84336],[8.75186,41.84242],[8.75971,41.84147],[8.76795,41.83946],[8.78002,41.83109],[8.78006,41.82702],[8.77199,41.81199],[8.76913,41.81007],[8.75929,41.80903],[8.75539,41.81238],[8.7495,41.8113],[8.74224,41.80468],[8.74121,41.79889],[8.73814,41.7971],[8.73553,41.79696],[8.7287,41.79833],[8.72047,41.80175],[8.71508,41.79903],[8.71253,41.79477],[8.72121,41.7916],[8.72721,41.78648],[8.73267,41.77918],[8.73039,41.77604],[8.70994,41.75836],[8.69551,41.75295],[8.68597,41.74784],[8.6711,41.7526],[8.66618,41.75215],[8.66062,41.74857],[8.65859,41.74162],[8.66064,41.73935],[8.66208,41.73965],[8.66515,41.74217],[8.69841,41.7412],[8.70486,41.73929],[8.7076,41.73646],[8.70292,41.72574],[8.70664,41.72262],[8.70898,41.72222],[8.71878,41.72333],[8.73166,41.72906],[8.74719,41.73368],[8.7565,41.73732],[8.77269,41.74164],[8.77661,41.74102],[8.78032,41.7394],[8.78425,41.73514],[8.78462,41.73178],[8.7809,41.72416],[8.77909,41.72243],[8.7745,41.72035],[8.77177,41.71371],[8.77225,41.71223],[8.783,41.70684],[8.78784,41.70617],[8.79388,41.70725],[8.79994,41.71096],[8.81005,41.71433],[8.81503,41.71374],[8.82565,41.70963],[8.84124,41.69782],[8.84558,41.69708],[8.87883,41.69597],[8.88176,41.69497],[8.8859,41.69031],[8.88844,41.68941],[8.90958,41.6912],[8.9128,41.69093],[8.91615,41.68708],[8.91649,41.68188],[8.90186,41.67696],[8.89421,41.67543],[8.88119,41.66901],[8.87665,41.65087],[8.87232,41.6468],[8.86932,41.64551],[8.86684,41.64791],[8.86368,41.64827],[8.85065,41.64542],[8.82367,41.63213],[8.80433,41.63635],[8.79752,41.63284],[8.79227,41.62693],[8.78996,41.61647],[8.79089,41.60646]]]}},{"type":"Feature","properties":{"code":"NR","nom":"Saint-Martin"},"geometry":{"type":"MultiPolygon","coordinates":[[[[3.78389,41.37984],[3.80349,41.3865],[3.8101,41.3988],[3.82383,41.40814],[3.85973,41.42112],[3.88674,41.41883],[3.91671,41.40687],[3.95656,41.38143],[3.96284,41.36711],[3.98578,41.37175],[4.04395,41.36834],[4.06638,41.37502],[4.07586,41.38374],[4.05717,41.39141],[3.98061,41.39268],[3.92377,41.41535],[3.90813,41.43476],[3.92553,41.45979],[3.92798,41.47425],[3.9237,41.47885],[3.90541,41.47516],[3.85778,41.45303],[3.8266,41.44678],[3.79806,41.44833],[3.72027,41.46593],[3.6732,41.46112],[3.66233,41.43934],[3.6389,41.41297],[3.64138,41.39944],[3.70437,41.37231],[3.72923,41.3495],[3.73132,41.34495],[3.7717,41.34227],[3.78389,41.37984]]],[[[4.22126,41.33115],[4.22967,41.35272],[4.24977,41.3617],[4.28413,41.36446],[4.29441,41.37986],[4.30554,41.3903],[4.33345,41.40142],[4.40154,41.40229],[4.45964,41.37115],[4.50507,41.36172],[4.67272,41.34602],[4.69654,41.33943],[4.71456,41.36218],[4.71139,41.40814],[4.70477,41.41755],[4.66792,41.41449],[4.61766,41.43391],[4.5965,41.4329],[4.58827,41.45757],[4.61298,41.46769],[4.64824,41.45224],[4.67751,41.48755],[4.656,41.53921],[4.63429,41.5624],[4.62237,41.59336],[4.65856,41.70104],[4.65488,41.74986],[4.6324,41.76078],[4.6082,41.76829],[4.53613,41.76065],[4.45383,41.72339],[4.39911,41.68105],[4.39637,41.67283],[4.31785,41.62151],[4.21755,41.58301],[4.21224,41.58643],[4.20282,41.58391],[4.17157,41.5526],[4.18026,41.49445],[4.16771,41.47633],[4.05873,41.39828],[4.12542,41.41211],[4.13031,41.41613],[4.13392,41.41319],[4.12281,41.38852],[4.12227,41.37602],[4.07709,41.32362],[4.11962,41.30148],[4.19856,41.31874],[4.22126,41.33115]]]]}},{"type":"Feature","properties":{"code":"NR","nom":"Saint-Barthélemy"},"geometry":{"type":"Polygon","coordinates":[[[1.83041,41.53614],[1.79809,41.57886],[1.77144,41.61052],[1.61435,41.68755],[1.43042,41.74325],[1.37586,41.73955],[1.36573,41.68742],[1.41586,41.62828],[1.48338,41.58255],[1.55893,41.55118],[1.67064,41.4558],[1.6915,41.43593],[1.6822,41.42426],[1.66,41.4381],[1.63666,41.43472],[1.63424,41.41868],[1.69523,41.36656],[1.73065,41.34322],[1.79744,41.287],[1.91516,41.21481],[2.05442,41.24857],[2.09505,41.28159],[2.30364,41.31749],[2.31248,41.34812],[2.32894,41.3615],[2.45934,41.41429],[2.53817,41.42438],[2.58072,41.44957],[2.62083,41.51497],[2.62673,41.5706],[2.6121,41.59258],[2.57668,41.55637],[2.50196,41.54099],[2.42081,41.56802],[2.30221,41.6534],[2.241,41.66722],[2.19344,41.64505],[2.13958,41.55812],[2.08625,41.53899],[2.01083,41.53217],[1.95715,41.51062],[1.89291,41.51822],[1.83041,41.53614]]]}},{"type":"Feature","properties":{"code":"01","nom":"Guadeloupe"},"geometry":{"type":"MultiPolygon","coordinates":[[[[-4.18474,45.59605],[-4.18376,45.5836],[-4.15242,45.57513],[-4.13939,45.57954],[-4.12769,45.59443],[-4.12846,45.59646],[-4.12607,45.60117],[-4.12334,45.60078],[-4.1225,45.59869],[-4.11703,45.60625],[-4.14546,45.61824],[-4.155,45.61914],[-4.16501,45.61711],[-4.18474,45.59605]]],[[[-4.33998,45.74391],[-4.33317,45.73626],[-4.32259,45.73455],[-4.3112,45.73581],[-4.28133,45.74253],[-4.26755,45.74763],[-4.26157,45.75709],[-4.25407,45.7637],[-4.24551,45.76728],[-4.2229,45.77253],[-4.19651,45.77657],[-4.17049,45.77715],[-4.14812,45.79072],[-4.14094,45.80956],[-4.11064,45.83906],[-4.0987,45.84416],[-4.07225,45.86614],[-4.06098,45.87166],[-4.05583,45.87407],[-4.05209,45.87767],[-4.05136,45.88127],[-4.04405,45.8912],[-4.03556,45.91524],[-4.02744,45.92435],[-4.03862,45.93678],[-4.04188,45.95438],[-4.0449,45.99016],[-4.04806,45.99633],[-4.05885,46.0099],[-4.06394,46.01109],[-4.06838,46.01426],[-4.07212,46.01936],[-4.07288,46.02366],[-4.07182,46.0311],[-4.06832,46.0351],[-4.05956,46.03968],[-4.05333,46.04528],[-4.0579,46.05116],[-4.06183,46.05357],[-4.09086,46.0565],[-4.0924,46.05661],[-4.0937,46.06485],[-4.09187,46.07185],[-4.09509,46.08107],[-4.11042,46.0929],[-4.11374,46.09575],[-4.11599,46.10042],[-4.1215,46.12288],[-4.12877,46.12985],[-4.13343,46.14079],[-4.13138,46.14928],[-4.12532,46.15443],[-4.12518,46.15447],[-4.12356,46.15575],[-4.12005,46.16099],[-4.13028,46.17303],[-4.13519,46.18199],[-4.13005,46.20515],[-4.12762,46.20825],[-4.11942,46.2133],[-4.07379,46.21297],[-4.06488,46.20819],[-4.05843,46.19896],[-4.05524,46.19659],[-4.0463,46.19567],[-4.03893,46.1975],[-4.03914,46.20658],[-4.05451,46.22158],[-4.05895,46.23253],[-4.05722,46.24326],[-4.05753,46.26324],[-4.06234,46.28027],[-4.06574,46.28268],[-4.07105,46.28187],[-4.07891,46.27526],[-4.08671,46.27772],[-4.08719,46.27884],[-4.08648,46.28358],[-4.08341,46.28435],[-4.07707,46.28319],[-4.07505,46.28171],[-4.07076,46.28268],[-4.07233,46.28737],[-4.07636,46.29231],[-4.08486,46.29452],[-4.09472,46.2937],[-4.10647,46.28972],[-4.13105,46.28419],[-4.13759,46.26997],[-4.13707,46.26504],[-4.14979,46.25892],[-4.15369,46.25816],[-4.16271,46.25656],[-4.2034,46.26236],[-4.19999,46.26691],[-4.19984,46.27334],[-4.20177,46.2746],[-4.2265,46.26753],[-4.23107,46.26243],[-4.23403,46.26301],[-4.22187,46.28035],[-4.19812,46.30102],[-4.1903,46.30458],[-4.18558,46.307],[-4.18259,46.31092],[-4.18237,46.31379],[-4.18547,46.31529],[-4.19813,46.31573],[-4.21844,46.31079],[-4.23705,46.30855],[-4.26622,46.31869],[-4.28123,46.33162],[-4.29369,46.33447],[-4.32113,46.33138],[-4.33318,46.33331],[-4.34753,46.33838],[-4.35547,46.33978],[-4.37564,46.33753],[-4.37489,46.34162],[-4.37693,46.34383],[-4.39663,46.34938],[-4.41663,46.35156],[-4.43509,46.35096],[-4.44268,46.35348],[-4.44788,46.36053],[-4.45635,46.36632],[-4.4757,46.37887],[-4.5069,46.38173],[-4.51542,46.38076],[-4.53895,46.37195],[-4.54719,46.37151],[-4.55573,46.36951],[-4.57848,46.35915],[-4.58318,46.35567],[-4.61106,46.30987],[-4.61884,46.30294],[-4.62336,46.29537],[-4.62267,46.28165],[-4.62453,46.26365],[-4.62202,46.24616],[-4.62656,46.23818],[-4.62606,46.22728],[-4.62438,46.21526],[-4.61122,46.18949],[-4.59889,46.18113],[-4.58718,46.17497],[-4.57289,46.16476],[-4.56815,46.15559],[-4.56799,46.1505],[-4.56453,46.13072],[-4.56617,46.12844],[-4.56721,46.11823],[-4.56459,46.1113],[-4.55578,46.10355],[-4.55816,46.09531],[-4.5556,46.08406],[-4.5524,46.0819],[-4.54557,46.08315],[-4.53774,46.07849],[-4.53511,46.05431],[-4.53254,46.04557],[-4.53308,46.0445],[-4.53064,46.04287],[-4.51939,46.00871],[-4.52173,46.00644],[-4.52077,45.99468],[-4.51921,45.98264],[-4.51187,45.95613],[-4.50393,45.95131],[-4.49805,45.95182],[-4.49953,45.92967],[-4.49868,45.91716],[-4.49949,45.90398],[-4.48646,45.89013],[-4.48569,45.8883],[-4.4657,45.87609],[-4.4553,45.86695],[-4.45208,45.86477],[-4.45008,45.86534],[-4.45037,45.8625],[-4.44193,45.84688],[-4.43932,45.84663],[-4.43857,45.83989],[-4.43681,45.83042],[-4.43568,45.82872],[-4.43336,45.82841],[-4.42049,45.81809],[-4.40511,45.81006],[-4.39269,45.79974],[-4.37852,45.79232],[-4.36131,45.78779],[-4.3497,45.77573],[-4.34679,45.77037],[-4.33998,45.74391]]],[[[-4.08985,45.60671],[-4.07508,45.60184],[-4.06459,45.60072],[-4.03198,45.61775],[-4.02067,45.62816],[-4.0209,45.62987],[-4.0187,45.64167],[-4.02084,45.64696],[-4.02836,45.65362],[-4.04503,45.63059],[-4.05656,45.61985],[-4.08039,45.61722],[-4.08985,45.60671]]],[[[-3.49994,45.71637],[-3.49603,45.70858],[-3.48763,45.70172],[-3.48227,45.69574],[-3.46315,45.68539],[-3.43229,45.67744],[-3.42722,45.67755],[-3.37543,45.66946],[-3.35556,45.67137],[-3.33769,45.67777],[-3.31724,45.68029],[-3.29859,45.68722],[-3.28159,45.6965],[-3.26148,45.70957],[-3.2523,45.72014],[-3.22271,45.73295],[-3.21311,45.75178],[-3.20967,45.76518],[-3.20997,45.78178],[-3.22192,45.8013],[-3.24183,45.81489],[-3.27981,45.83076],[-3.29186,45.84085],[-3.29992,45.85708],[-3.30916,45.86338],[-3.3192,45.86695],[-3.33385,45.87076],[-3.3474,45.87187],[-3.35538,45.87488],[-3.36612,45.88125],[-3.38132,45.88566],[-3.39364,45.88714],[-3.40648,45.88703],[-3.43102,45.88445],[-3.44551,45.87204],[-3.46267,45.84224],[-3.47186,45.83873],[-3.48572,45.82235],[-3.48557,45.80718],[-3.49335,45.7934],[-3.52176,45.77978],[-3.52171,45.77771],[-3.50613,45.73709],[-3.49994,45.71637]]],[[[-3.99989,46.19061],[-4.00131,46.19057],[-4.00517,46.19032],[-4.01147,46.19475],[-4.00692,46.18955],[-4.00441,46.18629],[-3.98929,46.18364],[-3.96534,46.19032],[-3.96265,46.19001],[-3.9582,46.18796],[-3.95482,46.18432],[-3.95574,46.17626],[-3.95393,46.17453],[-3.95112,46.17505],[-3.95186,46.17354],[-3.95026,46.17375],[-3.95021,46.17519],[-3.93273,46.1746],[-3.9051,46.17553],[-3.90248,46.1737],[-3.89386,46.1717],[-3.8711,46.16767],[-3.86935,46.16907],[-3.84813,46.1725],[-3.82541,46.17398],[-3.82047,46.17595],[-3.81093,46.18276],[-3.81016,46.18572],[-3.80126,46.18897],[-3.7869,46.19163],[-3.77519,46.19274],[-3.76768,46.19134],[-3.7598,46.19355],[-3.75024,46.19614],[-3.72987,46.2055],[-3.71291,46.21093],[-3.69654,46.22048],[-3.6723,46.22076],[-3.66519,46.22612],[-3.66498,46.22622],[-3.65845,46.23236],[-3.6505,46.23688],[-3.63933,46.24057],[-3.62876,46.24198],[-3.60134,46.24914],[-3.58531,46.25577],[-3.56086,46.25615],[-3.55929,46.25974],[-3.5556,46.26107],[-3.53743,46.25692],[-3.5045,46.2634],[-3.49316,46.26381],[-3.47962,46.26697],[-3.45931,46.27733],[-3.44342,46.27799],[-3.43514,46.28149],[-3.43441,46.28332],[-3.42906,46.28228],[-3.42623,46.27996],[-3.41625,46.28638],[-3.40525,46.29035],[-3.36121,46.28897],[-3.3234,46.28943],[-3.29702,46.2869],[-3.27373,46.28764],[-3.25332,46.28586],[-3.23293,46.28017],[-3.22665,46.2803],[-3.22468,46.2839],[-3.26244,46.29654],[-3.28834,46.29388],[-3.29753,46.29495],[-3.33615,46.3071],[-3.35594,46.3097],[-3.37828,46.31788],[-3.39557,46.32627],[-3.40659,46.34343],[-3.42561,46.36511],[-3.45241,46.3753],[-3.46805,46.38292],[-3.46944,46.38242],[-3.48797,46.38885],[-3.52182,46.39153],[-3.54934,46.40208],[-3.55327,46.39968],[-3.55999,46.39807],[-3.58528,46.40133],[-3.60473,46.40124],[-3.61129,46.39976],[-3.61121,46.39486],[-3.61475,46.39299],[-3.6168,46.39776],[-3.62633,46.40393],[-3.63871,46.39863],[-3.6431,46.39966],[-3.6498,46.40126],[-3.65912,46.40163],[-3.66307,46.40312],[-3.66717,46.39964],[-3.67424,46.39907],[-3.67602,46.39949],[-3.68024,46.40608],[-3.69531,46.40946],[-3.72419,46.42962],[-3.75391,46.455],[-3.7655,46.47136],[-3.76805,46.48638],[-3.76925,46.48974],[-3.76852,46.50077],[-3.7666,46.50913],[-3.76189,46.51737],[-3.75899,46.53306],[-3.76018,46.543],[-3.76978,46.56173],[-3.77635,46.5702],[-3.79083,46.5893],[-3.79443,46.59668],[-3.79369,46.60088],[-3.795,46.60364],[-3.80133,46.60806],[-3.8166,46.61104],[-3.8367,46.61939],[-3.8809,46.64573],[-3.89042,46.64704],[-3.91646,46.64661],[-3.92053,46.64944],[-3.92707,46.6613],[-3.93907,46.66324],[-3.94548,46.6615],[-3.95843,46.6409],[-3.97192,46.63038],[-3.98664,46.62264],[-4.00422,46.61582],[-4.0072,46.60653],[-4.00686,46.60466],[-4.02211,46.5952],[-4.026,46.59486],[-4.0429,46.58583],[-4.07003,46.56537],[-4.07031,46.56191],[-4.07044,46.55383],[-4.0735,46.54551],[-4.07252,46.53748],[-4.06154,46.52005],[-4.05937,46.51286],[-4.05007,46.49511],[-4.05101,46.49475],[-4.04182,46.48015],[-4.02542,46.46862],[-3.99479,46.45884],[-3.99379,46.46529],[-3.9733,46.45599],[-3.96685,46.44904],[-3.96793,46.44882],[-3.96489,46.4333],[-3.96499,46.42191],[-3.96063,46.41548],[-3.94923,46.41096],[-3.95724,46.40925],[-3.99015,46.39362],[-3.99951,46.39051],[-4.01368,46.39098],[-4.02781,46.38436],[-4.043,46.36998],[-4.04056,46.36385],[-4.03472,46.36202],[-4.03753,46.36155],[-4.03917,46.35868],[-4.03673,46.33933],[-4.04802,46.32377],[-4.05569,46.31962],[-4.05741,46.3195],[-4.0588,46.32112],[-4.05871,46.32283],[-4.05619,46.32341],[-4.05681,46.32431],[-4.06103,46.32189],[-4.06144,46.31585],[-4.05598,46.31097],[-4.04855,46.30884],[-4.04527,46.30457],[-4.049,46.29758],[-4.04986,46.30161],[-4.05337,46.30525],[-4.05711,46.30596],[-4.06507,46.30218],[-4.06649,46.29525],[-4.06301,46.28915],[-4.0571,46.26841],[-4.05076,46.24713],[-4.05374,46.24344],[-4.05546,46.24282],[-4.05214,46.23732],[-4.03761,46.2294],[-4.03046,46.22304],[-4.03111,46.21877],[-4.02706,46.21592],[-4.02376,46.21466],[-4.02091,46.21838],[-4.01925,46.21791],[-4.01987,46.21228],[-4.01752,46.20825],[-4.01639,46.20715],[-4.01275,46.20705],[-4.01104,46.20457],[-4.00785,46.20422],[-4.00841,46.2031],[-4.01391,46.20272],[-4.01408,46.2001],[-4.00845,46.19886],[-4.00615,46.1932],[-3.99996,46.19234],[-3.99989,46.19061]]],[[[-3.06375,46.36682],[-3.0608,46.36539],[-3.05945,46.36948],[-3.0531,46.37354],[-3.00831,46.3884],[-2.96925,46.39646],[-2.95918,46.39923],[-2.93312,46.4164],[-2.91094,46.42883],[-2.89527,46.43518],[-2.88004,46.43845],[-2.86573,46.44505],[-2.86283,46.44897],[-2.8751,46.46497],[-2.88499,46.4673],[-2.89748,46.46826],[-2.91677,46.45649],[-2.93906,46.44717],[-2.98653,46.42169],[-3.00462,46.41466],[-3.02672,46.40277],[-3.04804,46.40016],[-3.05403,46.39617],[-3.05839,46.39014],[-3.06345,46.38905],[-3.06397,46.38789],[-3.06552,46.38837],[-3.06765,46.38583],[-3.0629,46.3786],[-3.06683,46.37111],[-3.06375,46.36682]]]]}},{"type":"Feature","properties":{"code":"02","nom":"Martinique"},"geometry":{"type":"Polygon","coordinates":[[[-3.95679,44.64787],[-3.95132,44.6403],[-3.94428,44.63374],[-3.91031,44.6167],[-3.89567,44.61515],[-3.89135,44.61825],[-3.8883,44.61952],[-3.87308,44.64458],[-3.85857,44.65254],[-3.84059,44.65884],[-3.82179,44.66333],[-3.79928,44.6512],[-3.796,44.65002],[-3.79282,44.65035],[-3.79886,44.66444],[-3.79854,44.6673],[-3.79651,44.66919],[-3.7906,44.66292],[-3.79479,44.66046],[-3.79511,44.65873],[-3.79075,44.66258],[-3.78739,44.66239],[-3.77981,44.65182],[-3.77121,44.64694],[-3.75904,44.64448],[-3.74597,44.65693],[-3.74649,44.67684],[-3.74431,44.67368],[-3.71869,44.65948],[-3.6965,44.65439],[-3.67246,44.65093],[-3.66064,44.65189],[-3.64363,44.64973],[-3.63574,44.64656],[-3.62957,44.64761],[-3.61373,44.65417],[-3.60104,44.65918],[-3.603,44.66586],[-3.59609,44.65929],[-3.58679,44.66015],[-3.58727,44.6517],[-3.58558,44.65794],[-3.58589,44.65993],[-3.58545,44.66003],[-3.57576,44.64232],[-3.55639,44.6287],[-3.54791,44.63388],[-3.53665,44.64884],[-3.52511,44.65977],[-3.5161,44.66442],[-3.51482,44.66768],[-3.49403,44.66777],[-3.48407,44.66263],[-3.47447,44.66291],[-3.47572,44.64462],[-3.47865,44.64063],[-3.48232,44.63999],[-3.49033,44.64424],[-3.49588,44.64231],[-3.51338,44.62005],[-3.51215,44.61642],[-3.52317,44.59698],[-3.53369,44.58752],[-3.50841,44.56247],[-3.4963,44.55262],[-3.48287,44.54977],[-3.45324,44.55393],[-3.45219,44.55844],[-3.44064,44.57697],[-3.44596,44.61703],[-3.42459,44.60793],[-3.42295,44.60582],[-3.42209,44.59834],[-3.42775,44.59776],[-3.42431,44.59606],[-3.41102,44.5994],[-3.41053,44.60723],[-3.40577,44.61322],[-3.39548,44.62016],[-3.39154,44.6345],[-3.39312,44.64173],[-3.38984,44.64928],[-3.38717,44.65361],[-3.37808,44.65972],[-3.39392,44.67529],[-3.39873,44.67612],[-3.38069,44.68042],[-3.37596,44.68325],[-3.3723,44.68773],[-3.371,44.69256],[-3.38144,44.70301],[-3.3939,44.71077],[-3.39869,44.71248],[-3.40236,44.71962],[-3.40365,44.73051],[-3.41049,44.74288],[-3.43095,44.75065],[-3.42885,44.76121],[-3.43678,44.78051],[-3.42636,44.77839],[-3.41861,44.77914],[-3.4167,44.78043],[-3.43033,44.79299],[-3.43512,44.79446],[-3.43584,44.79374],[-3.43313,44.79381],[-3.4337,44.79235],[-3.43796,44.79242],[-3.44766,44.79821],[-3.44841,44.80029],[-3.44764,44.80229],[-3.43963,44.80832],[-3.42936,44.81902],[-3.42919,44.82481],[-3.42432,44.82858],[-3.42132,44.82932],[-3.43186,44.83102],[-3.43418,44.82873],[-3.43786,44.82772],[-3.43538,44.82831],[-3.43491,44.82673],[-3.44679,44.81974],[-3.44891,44.81542],[-3.46266,44.80928],[-3.4646,44.80948],[-3.46608,44.81437],[-3.46485,44.81634],[-3.4625,44.81695],[-3.46449,44.82186],[-3.46897,44.82103],[-3.47986,44.82685],[-3.48404,44.83131],[-3.48491,44.83456],[-3.4848,44.83751],[-3.48301,44.83884],[-3.46425,44.84433],[-3.46791,44.85235],[-3.47732,44.85364],[-3.48082,44.8617],[-3.49301,44.86084],[-3.50266,44.85762],[-3.51723,44.85887],[-3.52735,44.86726],[-3.52443,44.87597],[-3.53492,44.88622],[-3.54493,44.8899],[-3.54594,44.89093],[-3.54043,44.89566],[-3.52773,44.90198],[-3.54303,44.90739],[-3.54857,44.90463],[-3.55893,44.90266],[-3.56109,44.90009],[-3.55837,44.90241],[-3.55582,44.89895],[-3.5622,44.89573],[-3.5645,44.89682],[-3.56475,44.89962],[-3.5751,44.90225],[-3.58039,44.90146],[-3.58369,44.90328],[-3.58519,44.90348],[-3.58314,44.92992],[-3.58909,44.9361],[-3.60581,44.94204],[-3.60886,44.94608],[-3.60338,44.95271],[-3.5985,44.95365],[-3.58635,44.94985],[-3.56874,44.95549],[-3.56425,44.97273],[-3.58368,44.9739],[-3.60583,44.96966],[-3.62582,44.97196],[-3.63103,44.97076],[-3.63689,44.96832],[-3.64167,44.95571],[-3.64676,44.95066],[-3.6569,44.94703],[-3.67391,44.95802],[-3.6805,44.96743],[-3.68462,44.96748],[-3.69494,44.97885],[-3.68598,44.99564],[-3.65937,45.00799],[-3.63145,45.01673],[-3.62154,45.02883],[-3.64435,45.03458],[-3.67261,45.0344],[-3.67851,45.03994],[-3.67927,45.04623],[-3.67504,45.04856],[-3.67512,45.05054],[-3.67682,45.05123],[-3.67779,45.05209],[-3.67521,45.05647],[-3.67108,45.05639],[-3.66889,45.05766],[-3.66925,45.05916],[-3.6737,45.06002],[-3.68148,45.05726],[-3.6896,45.04501],[-3.7028,45.04452],[-3.71497,45.06287],[-3.71553,45.06817],[-3.71391,45.07143],[-3.70256,45.10118],[-3.69744,45.10366],[-3.68282,45.10446],[-3.65517,45.10014],[-3.64461,45.09603],[-3.64212,45.08883],[-3.63309,45.08439],[-3.60962,45.08548],[-3.60254,45.08815],[-3.5976,45.09271],[-3.6015,45.10604],[-3.61143,45.11987],[-3.61538,45.1219],[-3.61538,45.12604],[-3.60918,45.13385],[-3.60086,45.13692],[-3.58757,45.13843],[-3.58323,45.13777],[-3.58428,45.13219],[-3.58143,45.12767],[-3.5768,45.12482],[-3.56686,45.1247],[-3.56493,45.12903],[-3.56575,45.14572],[-3.58372,45.15236],[-3.59433,45.15425],[-3.60329,45.15398],[-3.61658,45.14247],[-3.66451,45.11888],[-3.67742,45.12289],[-3.69701,45.12005],[-3.71643,45.11238],[-3.71951,45.10959],[-3.73428,45.09103],[-3.73447,45.08526],[-3.73666,45.08018],[-3.74186,45.0775],[-3.75023,45.07916],[-3.75512,45.08339],[-3.75493,45.08614],[-3.75755,45.0923],[-3.75901,45.09452],[-3.76312,45.0964],[-3.76875,45.10297],[-3.76689,45.10696],[-3.78193,45.11782],[-3.79896,45.12837],[-3.80678,45.13513],[-3.82217,45.14227],[-3.84349,45.15637],[-3.87578,45.18155],[-3.88419,45.18173],[-3.89179,45.18517],[-3.89736,45.18935],[-3.90731,45.20441],[-3.94307,45.21715],[-3.94761,45.22221],[-3.95413,45.22329],[-3.96224,45.21821],[-3.968,45.21649],[-3.97548,45.21683],[-3.99139,45.22225],[-4.0287,45.23456],[-4.04272,45.24314],[-4.09865,45.26199],[-4.12801,45.26615],[-4.13927,45.27038],[-4.16705,45.27358],[-4.19838,45.27248],[-4.22902,45.26957],[-4.24566,45.26475],[-4.26125,45.264],[-4.27806,45.25177],[-4.29392,45.24394],[-4.30826,45.23941],[-4.31604,45.23671],[-4.32271,45.23007],[-4.34411,45.19626],[-4.35307,45.17411],[-4.35147,45.15759],[-4.34519,45.14671],[-4.32279,45.12083],[-4.31477,45.11295],[-4.31157,45.11148],[-4.28576,45.10343],[-4.27148,45.08941],[-4.24214,45.07537],[-4.22929,45.06558],[-4.22353,45.06044],[-4.22166,45.05695],[-4.22109,45.04673],[-4.22456,45.03862],[-4.23164,45.00621],[-4.23144,44.99958],[-4.21715,44.9777],[-4.20754,44.96763],[-4.18886,44.95194],[-4.18741,44.94925],[-4.18213,44.94649],[-4.17268,44.93684],[-4.15307,44.9205],[-4.13096,44.90668],[-4.11027,44.89022],[-4.10327,44.88762],[-4.06851,44.88197],[-4.05703,44.88047],[-4.05297,44.87899],[-4.0533,44.87755],[-4.04964,44.87515],[-4.04254,44.873],[-4.02731,44.86237],[-4.01634,44.85142],[-4.01507,44.84857],[-4.006,44.84239],[-4.00321,44.84205],[-4.00549,44.83908],[-3.96756,44.847],[-3.95069,44.84973],[-3.94868,44.85093],[-3.94708,44.84775],[-3.93986,44.84626],[-3.93574,44.8498],[-3.93827,44.84139],[-3.9358,44.84026],[-3.93676,44.83771],[-3.93096,44.83524],[-3.93195,44.8378],[-3.92935,44.83842],[-3.92567,44.83883],[-3.92311,44.84349],[-3.92026,44.84377],[-3.90948,44.83655],[-3.90106,44.83978],[-3.8929,44.84494],[-3.88805,44.86393],[-3.86161,44.8744],[-3.84673,44.87698],[-3.82948,44.8739],[-3.82559,44.87229],[-3.8513,44.86225],[-3.82966,44.86988],[-3.82774,44.86892],[-3.83025,44.86105],[-3.83649,44.85613],[-3.81075,44.8583],[-3.8125,44.85601],[-3.8206,44.85304],[-3.81395,44.85511],[-3.81283,44.85314],[-3.81367,44.85212],[-3.81949,44.85155],[-3.81923,44.84688],[-3.82217,44.84386],[-3.82721,44.84174],[-3.83167,44.83435],[-3.81372,44.82512],[-3.80711,44.81382],[-3.80968,44.80241],[-3.80246,44.79471],[-3.80098,44.80015],[-3.79062,44.81186],[-3.7819,44.81323],[-3.77976,44.79972],[-3.77178,44.78982],[-3.74519,44.78691],[-3.7404,44.7843],[-3.74481,44.78072],[-3.7454,44.78221],[-3.75303,44.78097],[-3.75949,44.77848],[-3.76547,44.77164],[-3.76132,44.76798],[-3.76109,44.76283],[-3.76693,44.75062],[-3.77488,44.74663],[-3.79217,44.74643],[-3.79461,44.74733],[-3.82282,44.75144],[-3.84796,44.75032],[-3.87404,44.75616],[-3.88823,44.76545],[-3.8832,44.7707],[-3.89462,44.77665],[-3.91416,44.78041],[-3.92726,44.76227],[-3.95196,44.75015],[-3.95406,44.75011],[-3.95608,44.75049],[-3.9657,44.7465],[-3.98404,44.7316],[-3.99474,44.71982],[-3.99989,44.71161],[-4.0043,44.69771],[-3.9782,44.69084],[-3.96731,44.68622],[-3.95442,44.66607],[-3.95272,44.65503],[-3.95679,44.64787]]]}},{"type":"Feature","properties":{"code":"03","nom":"Guyane"},"geometry":{"type":"Polygon","coordinates":[[[-3.43194,43.13264],[-3.43129,43.13192],[-3.43009,43.12805],[-3.42951,43.12702],[-3.42734,43.12501],[-3.42356,43.12247],[-3.4218,43.12215],[-3.4202,43.12242],[-3.41639,43.12194],[-3.41167,43.11889],[-3.40947,43.11791],[-3.40731,43.11737],[-3.40577,43.11371],[-3.40438,43.11263],[-3.40129,43.11249],[-3.3938,43.11282],[-3.39221,43.11089],[-3.39174,43.10869],[-3.39516,43.10824],[-3.39686,43.10671],[-3.39993,43.10497],[-3.40132,43.105],[-3.40237,43.10535],[-3.40386,43.10503],[-3.40397,43.10345],[-3.40302,43.10071],[-3.40354,43.09953],[-3.40473,43.09812],[-3.40657,43.0976],[-3.40903,43.09788],[-3.41172,43.0967],[-3.41111,43.09622],[-3.41033,43.09621],[-3.40969,43.09514],[-3.40949,43.09393],[-3.40968,43.09131],[-3.41073,43.09066],[-3.41059,43.08897],[-3.40956,43.08826],[-3.40734,43.08841],[-3.40305,43.08954],[-3.39923,43.09434],[-3.3985,43.09496],[-3.39751,43.09527],[-3.39374,43.09524],[-3.3921,43.09384],[-3.38962,43.09307],[-3.38562,43.09351],[-3.38384,43.09449],[-3.38347,43.09534],[-3.3799,43.09643],[-3.3767,43.09688],[-3.37397,43.09699],[-3.37024,43.09787],[-3.36809,43.09873],[-3.36246,43.10008],[-3.35863,43.09997],[-3.35136,43.10225],[-3.346,43.10217],[-3.34138,43.10246],[-3.33265,43.1023],[-3.32779,43.10127],[-3.32397,43.09851],[-3.32165,43.09539],[-3.31848,43.09411],[-3.31619,43.09346],[-3.31282,43.0927],[-3.30812,43.09236],[-3.3023,43.0914],[-3.29773,43.09115],[-3.2948,43.09061],[-3.2927,43.08969],[-3.29101,43.08863],[-3.2881,43.08869],[-3.28713,43.08892],[-3.28647,43.08949],[-3.28484,43.09004],[-3.27714,43.09143],[-3.27449,43.09232],[-3.27157,43.09413],[-3.27175,43.09632],[-3.27031,43.0976],[-3.26911,43.09735],[-3.26086,43.09692],[-3.25865,43.09749],[-3.25716,43.09847],[-3.25675,43.09965],[-3.25536,43.10185],[-3.25211,43.10589],[-3.25153,43.10719],[-3.25156,43.10912],[-3.25037,43.11181],[-3.24828,43.11206],[-3.24762,43.11274],[-3.24677,43.11446],[-3.24689,43.11763],[-3.24594,43.11869],[-3.24052,43.11968],[-3.23959,43.12012],[-3.23906,43.12136],[-3.2403,43.12285],[-3.2408,43.12432],[-3.24035,43.12517],[-3.2378,43.1251],[-3.23369,43.12573],[-3.23357,43.12597],[-3.23428,43.12684],[-3.23543,43.12728],[-3.23414,43.1285],[-3.23203,43.12922],[-3.22543,43.13045],[-3.21925,43.13275],[-3.20751,43.13869],[-3.20669,43.1393],[-3.20024,43.14147],[-3.1962,43.1435],[-3.18815,43.14642],[-3.18647,43.14765],[-3.18549,43.15037],[-3.18377,43.15174],[-3.17282,43.15557],[-3.16763,43.15658],[-3.16512,43.15733],[-3.16241,43.16254],[-3.16322,43.16482],[-3.16392,43.16498],[-3.16367,43.16612],[-3.1609,43.16942],[-3.15946,43.17067],[-3.1587,43.1719],[-3.15864,43.17274],[-3.15927,43.17578],[-3.15663,43.17849],[-3.15479,43.17932],[-3.14796,43.18],[-3.1459,43.18192],[-3.1464,43.1828],[-3.15043,43.1843],[-3.15093,43.18469],[-3.1512,43.18534],[-3.15109,43.18679],[-3.14995,43.18839],[-3.14865,43.18874],[-3.14208,43.1891],[-3.13996,43.1902],[-3.13944,43.19187],[-3.13746,43.19506],[-3.1335,43.19804],[-3.1296,43.20179],[-3.12589,43.2031],[-3.12422,43.20429],[-3.12409,43.20583],[-3.12804,43.21047],[-3.12888,43.21215],[-3.12486,43.21575],[-3.11983,43.21768],[-3.11847,43.22009],[-3.11717,43.22144],[-3.11655,43.22379],[-3.11838,43.22729],[-3.12204,43.2292],[-3.12337,43.23072],[-3.12392,43.2323],[-3.12353,43.2334],[-3.1236,43.23444],[-3.12413,43.23557],[-3.12544,43.23643],[-3.12775,43.23681],[-3.12922,43.23814],[-3.12924,43.23907],[-3.12636,43.24233],[-3.12457,43.24335],[-3.12184,43.24319],[-3.12062,43.24249],[-3.11977,43.24256],[-3.11899,43.24302],[-3.11805,43.24735],[-3.11597,43.25034],[-3.11604,43.25178],[-3.11418,43.25505],[-3.11133,43.25812],[-3.10905,43.26464],[-3.10727,43.26638],[-3.10564,43.26717],[-3.10413,43.26939],[-3.10215,43.27341],[-3.10144,43.27727],[-3.10163,43.28099],[-3.10144,43.28339],[-3.10052,43.28612],[-3.09967,43.28776],[-3.09475,43.2947],[-3.09023,43.30435],[-3.08452,43.31272],[-3.08278,43.31603],[-3.07995,43.31769],[-3.07759,43.31867],[-3.07156,43.31905],[-3.06955,43.31975],[-3.06488,43.3252],[-3.06481,43.32622],[-3.06525,43.3267],[-3.06604,43.32653],[-3.06675,43.32581],[-3.06879,43.32542],[-3.07259,43.32826],[-3.07279,43.32908],[-3.07116,43.3328],[-3.06705,43.33797],[-3.06402,43.34314],[-3.0633,43.3452],[-3.06441,43.34793],[-3.06293,43.34961],[-3.06217,43.35393],[-3.06037,43.3562],[-3.05801,43.35806],[-3.05497,43.36492],[-3.05325,43.36695],[-3.05174,43.3694],[-3.04937,43.37249],[-3.04886,43.37446],[-3.04932,43.37522],[-3.05133,43.37639],[-3.05619,43.37857],[-3.05692,43.37913],[-3.05747,43.37994],[-3.05784,43.38198],[-3.05768,43.38302],[-3.05553,43.38536],[-3.05502,43.38637],[-3.05564,43.38697],[-3.05687,43.38701],[-3.05828,43.38659],[-3.0605,43.38723],[-3.06134,43.3882],[-3.06125,43.38925],[-3.05973,43.39139],[-3.05901,43.39142],[-3.05734,43.39101],[-3.05405,43.39115],[-3.05297,43.392],[-3.05491,43.39626],[-3.05367,43.39912],[-3.05332,43.40106],[-3.05162,43.4022],[-3.04196,43.40328],[-3.04128,43.40376],[-3.04104,43.40493],[-3.04299,43.40986],[-3.04309,43.41132],[-3.03994,43.41619],[-3.03969,43.41753],[-3.03869,43.41994],[-3.03263,43.42264],[-3.03036,43.42446],[-3.02846,43.42743],[-3.02738,43.42806],[-3.02305,43.42766],[-3.02233,43.42734],[-3.02169,43.42679],[-3.02152,43.42498],[-3.02116,43.42444],[-3.01961,43.42381],[-3.01731,43.42455],[-3.01563,43.42554],[-3.01481,43.42641],[-3.00954,43.43334],[-3.00746,43.43657],[-3.00489,43.43962],[-3.00215,43.4417],[-3.00092,43.44319],[-3.0,43.44474],[-3.00086,43.44626],[-2.99915,43.44967],[-2.99749,43.45093],[-2.99446,43.45426],[-2.99447,43.45515],[-2.99279,43.45754],[-2.99016,43.4594],[-2.98917,43.46083],[-2.98453,43.46865],[-2.98373,43.46941],[-2.98215,43.4718],[-2.97844,43.47855],[-2.97407,43.48489],[-2.97113,43.49039],[-2.97039,43.49114],[-2.96593,43.49388],[-2.96563,43.49428],[-2.96547,43.49606],[-2.96582,43.49786],[-2.96547,43.49908],[-2.96345,43.50206],[-2.96043,43.50355],[-2.95819,43.50568],[-2.95711,43.5081],[-2.95486,43.51134],[-2.95365,43.5117],[-2.95317,43.51216],[-2.95111,43.51603],[-2.94746,43.52146],[-2.94157,43.53022],[-2.93987,43.53327],[-2.9316,43.54074],[-2.92703,43.54564],[-2.92757,43.54751],[-2.9284,43.54868],[-2.92831,43.5517],[-2.9275,43.55448],[-2.92812,43.55655],[-2.92766,43.5589],[-2.92697,43.56023],[-2.92591,43.56073],[-2.92479,43.56213],[-2.92321,43.5677],[-2.92228,43.56951],[-2.91885,43.57165],[-2.91648,43.57395],[-2.91497,43.57459],[-2.91388,43.57471],[-2.90889,43.57419],[-2.90386,43.57517],[-2.90297,43.57548],[-2.90258,43.57585],[-2.90167,43.57809],[-2.90207,43.58326],[-2.9032,43.58588],[-2.90457,43.58769],[-2.90512,43.58969],[-2.90383,43.59248],[-2.90311,43.59298],[-2.90247,43.59309],[-2.89919,43.59266],[-2.89521,43.59407],[-2.89512,43.5953],[-2.89591,43.59628],[-2.89712,43.59665],[-2.89759,43.59703],[-2.89784,43.59826],[-2.89716,43.59886],[-2.89629,43.59889],[-2.89163,43.5977],[-2.88682,43.60011],[-2.8851,43.60051],[-2.88368,43.60201],[-2.88331,43.60374],[-2.88182,43.60618],[-2.87906,43.60917],[-2.87295,43.61414],[-2.8692,43.61607],[-2.86622,43.61798],[-2.86506,43.62052],[-2.86399,43.62204],[-2.8613,43.62339],[-2.85687,43.62697],[-2.85252,43.63475],[-2.85094,43.63842],[-2.85118,43.64179],[-2.85224,43.64591],[-2.85247,43.65028],[-2.85207,43.65174],[-2.85085,43.6535],[-2.85014,43.65411],[-2.84574,43.65664],[-2.84222,43.65982],[-2.83853,43.66221],[-2.83616,43.66321],[-2.83203,43.66453],[-2.83036,43.66562],[-2.82571,43.66754],[-2.82073,43.67027],[-2.81388,43.67294],[-2.80902,43.67541],[-2.80837,43.67605],[-2.80449,43.67848],[-2.80318,43.67977],[-2.8005,43.68757],[-2.79955,43.69463],[-2.79932,43.69863],[-2.79792,43.70379],[-2.79835,43.71094],[-2.79814,43.71667],[-2.79597,43.72135],[-2.79515,43.72244],[-2.79233,43.72438],[-2.7988,43.72393],[-2.80035,43.72611],[-2.80164,43.7274],[-2.80389,43.72901],[-2.8068,43.7306],[-2.80841,43.73112],[-2.80979,43.73088],[-2.81076,43.72874],[-2.81052,43.72624],[-2.81078,43.72476],[-2.81229,43.72219],[-2.81285,43.72213],[-2.81125,43.7249],[-2.811,43.72641],[-2.81122,43.72904],[-2.80924,43.73364],[-2.81092,43.7362],[-2.81234,43.73681],[-2.8137,43.73702],[-2.81663,43.73868],[-2.82163,43.74415],[-2.82407,43.74594],[-2.8294,43.75076],[-2.83178,43.75339],[-2.83347,43.75598],[-2.83635,43.761],[-2.8373,43.76346],[-2.83816,43.76702],[-2.83776,43.7688],[-2.83686,43.77],[-2.83588,43.77051],[-2.83513,43.77131],[-2.83403,43.77442],[-2.83361,43.77486],[-2.83147,43.77646],[-2.82961,43.77701],[-2.82817,43.77775],[-2.82774,43.77993],[-2.8284,43.78051],[-2.83135,43.78068],[-2.83356,43.77853],[-2.83576,43.77793],[-2.83795,43.77931],[-2.83984,43.77992],[-2.84457,43.78092],[-2.84853,43.78256],[-2.84896,43.78281],[-2.84866,43.7835],[-2.84942,43.78419],[-2.85194,43.78574],[-2.8544,43.78685],[-2.85529,43.78796],[-2.85464,43.78992],[-2.85328,43.79217],[-2.85237,43.79238],[-2.8526,43.79348],[-2.85392,43.79464],[-2.85618,43.79574],[-2.86023,43.7989],[-2.86314,43.80214],[-2.86507,43.80501],[-2.86644,43.80836],[-2.86648,43.81135],[-2.86842,43.81599],[-2.86919,43.81973],[-2.87123,43.82396],[-2.87268,43.8322],[-2.8754,43.83642],[-2.87661,43.84],[-2.87816,43.84243],[-2.88386,43.84603],[-2.887,43.84848],[-2.89011,43.85039],[-2.89922,43.85535],[-2.90383,43.8572],[-2.90824,43.85858],[-2.92013,43.8611],[-2.92517,43.86061],[-2.92803,43.86089],[-2.92932,43.86176],[-2.93017,43.86198],[-2.93191,43.86064],[-2.93388,43.85726],[-2.93468,43.85538],[-2.93488,43.85182],[-2.93118,43.83295],[-2.93019,43.82442],[-2.93006,43.81619],[-2.92903,43.8083],[-2.92853,43.80527],[-2.92649,43.79962],[-2.92579,43.79657],[-2.92521,43.79227],[-2.92512,43.78736],[-2.9259,43.78389],[-2.92804,43.77866],[-2.93476,43.77971],[-2.93397,43.78283],[-2.93427,43.787],[-2.93663,43.79513],[-2.93979,43.80283],[-2.94016,43.8052],[-2.93994,43.81215],[-2.94158,43.81694],[-2.943,43.81892],[-2.94862,43.82387],[-2.9542,43.83],[-2.96,43.83844],[-2.96194,43.84086],[-2.9634,43.84415],[-2.9695,43.85195],[-2.97045,43.8537],[-2.9727,43.85527],[-2.97843,43.85788],[-2.98087,43.85864],[-2.98635,43.85954],[-2.98723,43.85912],[-2.99049,43.85565],[-2.99078,43.85273],[-2.99056,43.84925],[-2.99105,43.84846],[-2.99266,43.8494],[-2.9933,43.85067],[-2.9936,43.85285],[-2.99256,43.85527],[-2.99332,43.85739],[-2.99466,43.85829],[-2.99564,43.85859],[-2.99837,43.86231],[-3.0023,43.86373],[-3.00877,43.87005],[-3.0127,43.8729],[-3.01337,43.87492],[-3.01535,43.87704],[-3.02656,43.88188],[-3.02879,43.88431],[-3.03202,43.88519],[-3.03621,43.88363],[-3.03571,43.88568],[-3.03612,43.88639],[-3.03784,43.88701],[-3.03887,43.88889],[-3.03963,43.8916],[-3.04013,43.89239],[-3.04164,43.89368],[-3.044,43.8951],[-3.05107,43.89744],[-3.0573,43.90106],[-3.05817,43.90125],[-3.06136,43.90157],[-3.06385,43.90139],[-3.06962,43.90016],[-3.06992,43.89971],[-3.06857,43.89779],[-3.0714,43.89574],[-3.07722,43.89723],[-3.0812,43.89863],[-3.08279,43.89827],[-3.08317,43.8972],[-3.08199,43.89617],[-3.08156,43.89547],[-3.08535,43.89402],[-3.08876,43.8943],[-3.09041,43.8947],[-3.09167,43.89496],[-3.0911,43.89713],[-3.08989,43.89921],[-3.08831,43.90123],[-3.08814,43.90164],[-3.08861,43.90226],[-3.08791,43.90217],[-3.08653,43.90343],[-3.08459,43.90415],[-3.08068,43.90422],[-3.07931,43.90399],[-3.07923,43.90381],[-3.07645,43.90522],[-3.07545,43.90645],[-3.07266,43.90892],[-3.07143,43.91063],[-3.07077,43.91232],[-3.07185,43.91422],[-3.07894,43.91791],[-3.07966,43.91986],[-3.0789,43.92113],[-3.08006,43.92262],[-3.08371,43.9252],[-3.0873,43.92714],[-3.08865,43.92793],[-3.08896,43.92842],[-3.09137,43.92955],[-3.09165,43.9295],[-3.09254,43.92947],[-3.0942,43.93019],[-3.09542,43.93084],[-3.09644,43.93183],[-3.09806,43.93223],[-3.10024,43.93222],[-3.1013,43.93182],[-3.10267,43.93091],[-3.10348,43.93001],[-3.10569,43.93007],[-3.10726,43.92967],[-3.10983,43.92915],[-3.11061,43.92889],[-3.11098,43.92822],[-3.11229,43.92749],[-3.11216,43.92721],[-3.11219,43.92748],[-3.11151,43.92751],[-3.11005,43.92686],[-3.10969,43.92555],[-3.10968,43.92393],[-3.11022,43.92273],[-3.11158,43.92141],[-3.11153,43.92113],[-3.11305,43.91897],[-3.11474,43.91778],[-3.1168,43.91717],[-3.11814,43.91717],[-3.11938,43.9175],[-3.12105,43.9166],[-3.12262,43.91789],[-3.12398,43.919],[-3.12125,43.91961],[-3.1198,43.92046],[-3.11894,43.92141],[-3.12171,43.92199],[-3.12808,43.92525],[-3.12868,43.92571],[-3.13706,43.93151],[-3.13854,43.93254],[-3.14292,43.93525],[-3.14537,43.93669],[-3.15048,43.9389],[-3.15334,43.94069],[-3.16025,43.94424],[-3.16458,43.94635],[-3.16789,43.94881],[-3.17314,43.95068],[-3.17649,43.95149],[-3.17906,43.953],[-3.18557,43.95619],[-3.19075,43.95809],[-3.19522,43.9601],[-3.19609,43.96148],[-3.19854,43.9633],[-3.20002,43.96409],[-3.20401,43.96483],[-3.20513,43.96532],[-3.21316,43.96961],[-3.2282,43.97793],[-3.23173,43.97958],[-3.23658,43.98244],[-3.2386,43.98337],[-3.24109,43.98351],[-3.24229,43.98276],[-3.24434,43.98233],[-3.2556,43.98287],[-3.2561,43.98372],[-3.25472,43.98404],[-3.25226,43.98413],[-3.24966,43.9838],[-3.24418,43.98349],[-3.24257,43.98398],[-3.24187,43.985],[-3.23972,43.98684],[-3.23879,43.98698],[-3.23799,43.98677],[-3.23788,43.98661],[-3.23749,43.98674],[-3.2374,43.98735],[-3.23839,43.98798],[-3.23931,43.98838],[-3.23985,43.98843],[-3.2401,43.98819],[-3.24109,43.98843],[-3.24362,43.98977],[-3.24619,43.99154],[-3.24735,43.99232],[-3.25424,43.99727],[-3.25803,43.99924],[-3.26283,44.00142],[-3.26608,44.00211],[-3.27284,44.00528],[-3.27689,44.0068],[-3.28277,44.0096],[-3.29567,44.01684],[-3.29984,44.01859],[-3.3091,44.02502],[-3.31061,44.02584],[-3.31348,44.02684],[-3.31695,44.02669],[-3.32015,44.02864],[-3.32037,44.0294],[-3.32344,44.03071],[-3.32602,44.03073],[-3.32697,44.03013],[-3.32858,44.03001],[-3.33086,44.0304],[-3.33268,44.03106],[-3.33239,44.03251],[-3.33299,44.03347],[-3.33504,44.0355],[-3.33903,44.03736],[-3.34325,44.0383],[-3.34878,44.04026],[-3.35212,44.04224],[-3.35192,44.04223],[-3.35194,44.04263],[-3.35409,44.04407],[-3.35919,44.04557],[-3.36088,44.04524],[-3.36316,44.0455],[-3.37267,44.04871],[-3.37907,44.05137],[-3.38092,44.05127],[-3.38221,44.05073],[-3.38291,44.04772],[-3.38401,44.04505],[-3.38514,44.04687],[-3.38378,44.04776],[-3.38318,44.04871],[-3.38323,44.05089],[-3.38395,44.05238],[-3.38742,44.05453],[-3.39001,44.05565],[-3.39633,44.05772],[-3.39882,44.05792],[-3.40347,44.05724],[-3.40891,44.05811],[-3.40864,44.05925],[-3.40918,44.05987],[-3.40994,44.06044],[-3.41144,44.06091],[-3.41421,44.06099],[-3.41539,44.05975],[-3.41677,44.05919],[-3.41845,44.05997],[-3.41836,44.06208],[-3.41906,44.06327],[-3.41975,44.06378],[-3.42048,44.06391],[-3.42192,44.06357],[-3.42236,44.06304],[-3.42179,44.06114],[-3.42231,44.05927],[-3.42704,44.05798],[-3.42806,44.05881],[-3.42792,44.0593],[-3.42529,44.0606],[-3.42438,44.06198],[-3.42485,44.06216],[-3.42711,44.06092],[-3.42861,44.05976],[-3.42908,44.05787],[-3.42839,44.05638],[-3.4286,44.05615],[-3.43075,44.05621],[-3.43365,44.05666],[-3.43861,44.0592],[-3.44174,44.05827],[-3.44549,44.05908],[-3.46,44.06317],[-3.47186,44.06609],[-3.48397,44.06953],[-3.4929,44.07171],[-3.49684,44.07295],[-3.5016,44.07485],[-3.50437,44.07548],[-3.50525,44.07534],[-3.50535,44.07501],[-3.50605,44.07467],[-3.50696,44.07465],[-3.51644,44.07666],[-3.52593,44.07786],[-3.52765,44.0777],[-3.52875,44.07784],[-3.53526,44.07926],[-3.54084,44.07927],[-3.54969,44.07985],[-3.55872,44.08153],[-3.57568,44.08422],[-3.58186,44.08568],[-3.58496,44.08667],[-3.58949,44.08686],[-3.59288,44.08671],[-3.59858,44.08741],[-3.60486,44.0891],[-3.61365,44.09052],[-3.64447,44.09778],[-3.64776,44.09833],[-3.65187,44.09813],[-3.65507,44.09849],[-3.65915,44.09901],[-3.66726,44.10204],[-3.67821,44.1046],[-3.69069,44.10785],[-3.69342,44.1088],[-3.71058,44.11729],[-3.71749,44.12035],[-3.72333,44.12213],[-3.73312,44.12559],[-3.73656,44.1264],[-3.7417,44.12798],[-3.74416,44.1296],[-3.74996,44.12965],[-3.75102,44.12986],[-3.75521,44.12976],[-3.75577,44.12907],[-3.75073,44.12768],[-3.7456,44.12639],[-3.74064,44.12472],[-3.73326,44.12126],[-3.73109,44.11982],[-3.7295,44.1181],[-3.72866,44.11644],[-3.72828,44.11265],[-3.72838,44.10918],[-3.72955,44.10908],[-3.7298,44.11299],[-3.73043,44.11575],[-3.73104,44.11761],[-3.73209,44.11879],[-3.73579,44.12077],[-3.74637,44.12462],[-3.74894,44.1254],[-3.75141,44.12582],[-3.75656,44.127],[-3.76171,44.1275],[-3.76496,44.12849],[-3.76637,44.12867],[-3.7704,44.12884],[-3.77358,44.12822],[-3.77991,44.12831],[-3.78397,44.12869],[-3.78722,44.12979],[-3.7835,44.1288],[-3.78029,44.12867],[-3.77571,44.12883],[-3.76862,44.12993],[-3.7669,44.13001],[-3.76592,44.13037],[-3.76761,44.13128],[-3.76937,44.13182],[-3.77657,44.13273],[-3.79161,44.13195],[-3.79669,44.13191],[-3.80152,44.13105],[-3.80451,44.12989],[-3.81187,44.12997],[-3.81209,44.12775],[-3.81318,44.1265],[-3.81675,44.12348],[-3.81907,44.1204],[-3.82446,44.10941],[-3.82582,44.10685],[-3.8276,44.10433],[-3.82769,44.10205],[-3.82704,44.09872],[-3.82725,44.097],[-3.82909,44.09498],[-3.83122,44.09357],[-3.83233,44.09246],[-3.83243,44.09059],[-3.83139,44.08922],[-3.8291,44.08801],[-3.82818,44.08701],[-3.8257,44.08316],[-3.8256,44.08182],[-3.82602,44.08003],[-3.82559,44.07786],[-3.82516,44.07692],[-3.82266,44.07409],[-3.82216,44.07307],[-3.82241,44.07192],[-3.82286,44.07131],[-3.82444,44.07017],[-3.82494,44.06934],[-3.82478,44.06495],[-3.82511,44.06349],[-3.82586,44.06234],[-3.82666,44.06148],[-3.8278,44.06085],[-3.83205,44.05919],[-3.83386,44.05771],[-3.83466,44.05562],[-3.83694,44.05222],[-3.83813,44.05151],[-3.84255,44.04963],[-3.84422,44.04729],[-3.84651,44.04487],[-3.85128,44.03937],[-3.85373,44.0329],[-3.85454,44.03221],[-3.85865,44.03114],[-3.86045,44.03032],[-3.86217,44.0289],[-3.86332,44.0277],[-3.8668,44.02269],[-3.867,44.02165],[-3.86725,44.01969],[-3.87175,44.01344],[-3.87516,44.01023],[-3.87842,44.00814],[-3.88025,44.00746],[-3.8826,44.00555],[-3.88391,44.00395],[-3.88562,44.00062],[-3.88641,43.99974],[-3.88784,43.99867],[-3.88929,43.99807],[-3.8925,43.99722],[-3.89501,43.99494],[-3.89569,43.99292],[-3.8962,43.99245],[-3.89721,43.99211],[-3.90118,43.99168],[-3.90268,43.99131],[-3.90411,43.99068],[-3.90709,43.98852],[-3.90926,43.98623],[-3.91372,43.98502],[-3.91666,43.98385],[-3.91801,43.98303],[-3.92229,43.98009],[-3.92501,43.97719],[-3.92758,43.97331],[-3.93079,43.97056],[-3.93324,43.96888],[-3.93445,43.96756],[-3.93559,43.96605],[-3.93734,43.96176],[-3.94172,43.95599],[-3.94375,43.95179],[-3.94681,43.94887],[-3.94776,43.94817],[-3.94907,43.94644],[-3.94933,43.94564],[-3.94883,43.94333],[-3.94911,43.94237],[-3.95273,43.93987],[-3.95385,43.93959],[-3.95564,43.93865],[-3.95674,43.93753],[-3.95646,43.93498],[-3.9568,43.93314],[-3.95763,43.93117],[-3.95921,43.92972],[-3.96526,43.92622],[-3.96724,43.92532],[-3.97268,43.9236],[-3.97483,43.92166],[-3.97525,43.91994],[-3.97447,43.91395],[-3.97658,43.90795],[-3.97904,43.90431],[-3.98105,43.90218],[-3.98149,43.90118],[-3.98106,43.89777],[-3.98002,43.89528],[-3.98074,43.88861],[-3.98007,43.88219],[-3.98115,43.87851],[-3.98235,43.87685],[-3.98605,43.87458],[-3.98809,43.87166],[-3.99128,43.86946],[-3.99461,43.86611],[-3.99367,43.86423],[-3.99234,43.86379],[-3.99099,43.86282],[-3.98994,43.86166],[-3.98842,43.85664],[-3.98882,43.85256],[-3.98801,43.84851],[-3.98636,43.844],[-3.98637,43.84173],[-3.98572,43.83783],[-3.98459,43.83447],[-3.98307,43.83162],[-3.98285,43.82823],[-3.9838,43.81876],[-3.98255,43.81653],[-3.98037,43.81457],[-3.97907,43.81381],[-3.97716,43.81382],[-3.97067,43.81446],[-3.96855,43.8144],[-3.96542,43.81385],[-3.96423,43.81296],[-3.96297,43.80925],[-3.96358,43.80586],[-3.96514,43.80206],[-3.96563,43.79959],[-3.96372,43.79633],[-3.96321,43.79252],[-3.96544,43.78999],[-3.96531,43.78824],[-3.96442,43.78519],[-3.96196,43.78321],[-3.95908,43.78179],[-3.95759,43.78078],[-3.95799,43.77956],[-3.9582,43.77703],[-3.95797,43.77455],[-3.95735,43.77237],[-3.95517,43.77105],[-3.95534,43.76972],[-3.95737,43.7646],[-3.95796,43.762],[-3.96112,43.76062],[-3.96274,43.76029],[-3.96641,43.75804],[-3.96918,43.75562],[-3.96931,43.75481],[-3.96819,43.75183],[-3.9648,43.74731],[-3.96467,43.74175],[-3.96106,43.73925],[-3.95996,43.7376],[-3.96065,43.73317],[-3.96312,43.72901],[-3.96307,43.72837],[-3.9621,43.72648],[-3.95754,43.72246],[-3.95638,43.72004],[-3.95674,43.71906],[-3.95642,43.71727],[-3.95602,43.71626],[-3.95473,43.71542],[-3.95413,43.71372],[-3.95427,43.7118],[-3.95506,43.71059],[-3.95473,43.70985],[-3.95214,43.70886],[-3.94987,43.70873],[-3.94745,43.70938],[-3.9435,43.70931],[-3.94135,43.70828],[-3.9396,43.707],[-3.93705,43.70449],[-3.9385,43.69862],[-3.93855,43.69573],[-3.93857,43.6893],[-3.93778,43.68553],[-3.93672,43.68334],[-3.93482,43.6817],[-3.93344,43.68094],[-3.93291,43.67974],[-3.93266,43.6781],[-3.93457,43.67349],[-3.93492,43.66944],[-3.93656,43.66109],[-3.93626,43.65997],[-3.93495,43.65769],[-3.93211,43.65359],[-3.931,43.65287],[-3.93019,43.65274],[-3.9224,43.65246],[-3.91468,43.64938],[-3.91296,43.64811],[-3.91017,43.6469],[-3.90848,43.64625],[-3.90464,43.64556],[-3.90428,43.64496],[-3.90375,43.64164],[-3.90817,43.63911],[-3.91129,43.63652],[-3.9125,43.63174],[-3.91116,43.62956],[-3.91145,43.62582],[-3.91213,43.62483],[-3.91331,43.62169],[-3.91591,43.61968],[-3.91685,43.61784],[-3.91555,43.61554],[-3.91445,43.61441],[-3.90995,43.61238],[-3.90747,43.61279],[-3.90624,43.61219],[-3.90368,43.6101],[-3.90311,43.60935],[-3.89921,43.60663],[-3.89037,43.60163],[-3.88658,43.59736],[-3.88469,43.59035],[-3.88353,43.58906],[-3.8822,43.58845],[-3.88178,43.5837],[-3.88032,43.5816],[-3.87536,43.57769],[-3.87421,43.577],[-3.87088,43.57601],[-3.86673,43.57345],[-3.86567,43.56966],[-3.86139,43.56539],[-3.86058,43.56375],[-3.85869,43.56189],[-3.85756,43.56132],[-3.8539,43.56092],[-3.85109,43.56134],[-3.84817,43.56142],[-3.84154,43.56012],[-3.83936,43.55857],[-3.83888,43.55745],[-3.83916,43.55605],[-3.84045,43.55464],[-3.84181,43.55387],[-3.84247,43.55318],[-3.84296,43.55185],[-3.84109,43.54725],[-3.83967,43.54605],[-3.83827,43.54541],[-3.8359,43.54541],[-3.83174,43.54609],[-3.82866,43.54722],[-3.82569,43.54758],[-3.82457,43.54748],[-3.8174,43.54717],[-3.81289,43.5466],[-3.80969,43.54487],[-3.80646,43.54115],[-3.80526,43.53866],[-3.79947,43.53313],[-3.7985,43.53111],[-3.79689,43.52784],[-3.7962,43.52725],[-3.79106,43.52469],[-3.78908,43.52229],[-3.78877,43.521],[-3.78903,43.51952],[-3.78975,43.51795],[-3.79106,43.51611],[-3.79124,43.51397],[-3.78934,43.51039],[-3.78719,43.50925],[-3.77951,43.50723],[-3.77648,43.5059],[-3.77539,43.50494],[-3.77501,43.50397],[-3.77494,43.50294],[-3.77558,43.50117],[-3.77536,43.4999],[-3.77479,43.4994],[-3.77279,43.49911],[-3.76904,43.49854],[-3.76657,43.49881],[-3.76502,43.49986],[-3.7646,43.50109],[-3.76503,43.50248],[-3.76424,43.50333],[-3.76091,43.50494],[-3.75861,43.50503],[-3.7564,43.50423],[-3.75125,43.49918],[-3.74979,43.4957],[-3.74904,43.4951],[-3.74684,43.49405],[-3.74532,43.49161],[-3.74574,43.48725],[-3.74634,43.48523],[-3.74758,43.48418],[-3.75024,43.48275],[-3.75429,43.48116],[-3.75498,43.48025],[-3.75489,43.47896],[-3.75364,43.47701],[-3.75316,43.47424],[-3.75338,43.47314],[-3.75451,43.47199],[-3.75454,43.47132],[-3.75374,43.47022],[-3.75201,43.46914],[-3.7506,43.46879],[-3.75014,43.46796],[-3.75045,43.46706],[-3.75198,43.46495],[-3.75286,43.46267],[-3.75301,43.46152],[-3.75282,43.45791],[-3.75177,43.45104],[-3.75373,43.44864],[-3.75412,43.44621],[-3.75504,43.44445],[-3.75515,43.44105],[-3.75232,43.4379],[-3.75512,43.43383],[-3.75786,43.43227],[-3.75966,43.43172],[-3.76109,43.43076],[-3.76531,43.42577],[-3.76619,43.42527],[-3.76853,43.42521],[-3.76855,43.42351],[-3.76789,43.42167],[-3.76717,43.42066],[-3.76691,43.41856],[-3.77004,43.41237],[-3.77053,43.40879],[-3.76933,43.40428],[-3.7695,43.40318],[-3.77075,43.40115],[-3.77525,43.39728],[-3.77784,43.39671],[-3.77918,43.39672],[-3.78046,43.39701],[-3.78546,43.39646],[-3.78934,43.39398],[-3.7909,43.3933],[-3.79144,43.39212],[-3.79175,43.38961],[-3.79749,43.3875],[-3.80029,43.38329],[-3.80209,43.38175],[-3.80319,43.37978],[-3.80321,43.3778],[-3.80348,43.3772],[-3.80494,43.37647],[-3.8075,43.3759],[-3.80859,43.37376],[-3.81083,43.36985],[-3.81266,43.36886],[-3.81493,43.3682],[-3.81684,43.36733],[-3.81785,43.36603],[-3.81942,43.36319],[-3.8205,43.35897],[-3.82075,43.35712],[-3.82039,43.35508],[-3.82052,43.35437],[-3.82121,43.35355],[-3.82296,43.3524],[-3.82363,43.35222],[-3.82468,43.35269],[-3.82547,43.35202],[-3.82555,43.35163],[-3.82388,43.34912],[-3.82219,43.34901],[-3.82106,43.34954],[-3.82004,43.34963],[-3.81967,43.34947],[-3.81987,43.34894],[-3.82186,43.34787],[-3.82497,43.34697],[-3.82511,43.34649],[-3.82479,43.34561],[-3.82338,43.34434],[-3.8189,43.34379],[-3.81599,43.34715],[-3.8133,43.34742],[-3.81048,43.34414],[-3.81009,43.34184],[-3.80831,43.33994],[-3.80889,43.3361],[-3.80991,43.33422],[-3.80989,43.33323],[-3.80888,43.33209],[-3.80728,43.33199],[-3.8066,43.33153],[-3.80633,43.33083],[-3.80649,43.32895],[-3.80734,43.32864],[-3.80908,43.32911],[-3.81038,43.32897],[-3.81311,43.32767],[-3.8139,43.32672],[-3.81414,43.32573],[-3.81332,43.32363],[-3.81155,43.323],[-3.8087,43.32054],[-3.80658,43.31692],[-3.80433,43.31487],[-3.80328,43.31358],[-3.80269,43.31232],[-3.80243,43.30996],[-3.80359,43.30876],[-3.80511,43.30776],[-3.80702,43.30758],[-3.80767,43.30603],[-3.80558,43.30164],[-3.80429,43.30021],[-3.80183,43.29949],[-3.80012,43.29973],[-3.79853,43.29952],[-3.79726,43.29815],[-3.79762,43.29758],[-3.7988,43.29703],[-3.80105,43.29718],[-3.802,43.29697],[-3.80326,43.29449],[-3.80313,43.29118],[-3.80177,43.28861],[-3.80342,43.28611],[-3.80526,43.28539],[-3.80681,43.28424],[-3.80711,43.28274],[-3.80571,43.28232],[-3.80544,43.28097],[-3.80563,43.27903],[-3.80753,43.27591],[-3.80839,43.27324],[-3.80798,43.27177],[-3.80631,43.26812],[-3.8049,43.26728],[-3.80411,43.26713],[-3.80302,43.26729],[-3.80235,43.26706],[-3.80156,43.26582],[-3.80132,43.26481],[-3.8032,43.2591],[-3.80725,43.25726],[-3.80746,43.25761],[-3.80823,43.25763],[-3.81196,43.256],[-3.81193,43.255],[-3.81037,43.25229],[-3.80787,43.24919],[-3.80703,43.24851],[-3.80856,43.24671],[-3.81056,43.24512],[-3.81142,43.24302],[-3.81034,43.24033],[-3.81558,43.23339],[-3.81843,43.23144],[-3.82037,43.23076],[-3.82223,43.22924],[-3.82395,43.2269],[-3.8274,43.22496],[-3.8298,43.22403],[-3.83163,43.22267],[-3.83207,43.22167],[-3.83487,43.20693],[-3.83578,43.20569],[-3.83743,43.2043],[-3.84076,43.20247],[-3.84418,43.19931],[-3.84706,43.19617],[-3.84981,43.19267],[-3.84962,43.19081],[-3.85087,43.18737],[-3.85101,43.18403],[-3.8529,43.18029],[-3.85315,43.17863],[-3.85268,43.17663],[-3.85335,43.17552],[-3.85572,43.17366],[-3.85772,43.17343],[-3.85881,43.17304],[-3.85933,43.17257],[-3.85974,43.17162],[-3.85817,43.16776],[-3.85782,43.16542],[-3.85975,43.16206],[-3.85945,43.16125],[-3.8607,43.15954],[-3.86514,43.15709],[-3.8675,43.15613],[-3.8682,43.15502],[-3.86875,43.15226],[-3.87004,43.15008],[-3.87255,43.14758],[-3.87441,43.14483],[-3.87617,43.14363],[-3.8829,43.13622],[-3.8867,43.13365],[-3.89168,43.13191],[-3.89962,43.13162],[-3.90389,43.13187],[-3.90576,43.13163],[-3.90762,43.1306],[-3.90978,43.1274],[-3.91373,43.12314],[-3.91535,43.12225],[-3.9168,43.12099],[-3.91823,43.11803],[-3.91839,43.11498],[-3.91974,43.10989],[-3.91974,43.10806],[-3.91921,43.10626],[-3.91795,43.1043],[-3.91807,43.10281],[-3.91864,43.10138],[-3.9284,43.10031],[-3.93121,43.10243],[-3.93609,43.10396],[-3.94247,43.10488],[-3.94444,43.10493],[-3.94569,43.10485],[-3.94611,43.10449],[-3.95148,43.10291],[-3.9546,43.10009],[-3.95627,43.09809],[-3.95121,43.09557],[-3.94931,43.09537],[-3.93858,43.09748],[-3.93247,43.09749],[-3.93003,43.09701],[-3.92732,43.09503],[-3.9273,43.09402],[-3.9288,43.09082],[-3.92679,43.08763],[-3.92082,43.08704],[-3.91997,43.0865],[-3.91822,43.08441],[-3.91837,43.08402],[-3.91957,43.08335],[-3.92462,43.08266],[-3.92997,43.08142],[-3.92991,43.0807],[-3.9289,43.07956],[-3.92519,43.07831],[-3.92149,43.07626],[-3.92003,43.07606],[-3.91754,43.07626],[-3.91389,43.07718],[-3.91179,43.07654],[-3.90906,43.07435],[-3.91016,43.07336],[-3.90964,43.0713],[-3.90924,43.07082],[-3.90816,43.07039],[-3.90685,43.071],[-3.90492,43.07122],[-3.90236,43.07003],[-3.90138,43.06739],[-3.89978,43.06615],[-3.89765,43.06521],[-3.89402,43.06418],[-3.89015,43.06376],[-3.88558,43.06441],[-3.88299,43.06656],[-3.88221,43.06696],[-3.87772,43.06723],[-3.87649,43.06616],[-3.87643,43.0647],[-3.87232,43.06233],[-3.86669,43.0643],[-3.86585,43.06495],[-3.8636,43.06557],[-3.86082,43.06479],[-3.85663,43.06623],[-3.85454,43.0675],[-3.85313,43.06735],[-3.85121,43.06635],[-3.85047,43.06553],[-3.85414,43.0605],[-3.85404,43.05984],[-3.85318,43.05838],[-3.85158,43.05704],[-3.84849,43.05584],[-3.84785,43.05596],[-3.84778,43.0565],[-3.84377,43.05632],[-3.84306,43.0559],[-3.84341,43.0548],[-3.84483,43.05323],[-3.84408,43.05118],[-3.84303,43.05085],[-3.83711,43.05197],[-3.83427,43.05344],[-3.82238,43.0511],[-3.81298,43.05027],[-3.81218,43.05067],[-3.81004,43.05255],[-3.8074,43.05372],[-3.80319,43.05368],[-3.79542,43.05301],[-3.79088,43.05545],[-3.78746,43.05799],[-3.7819,43.06034],[-3.78027,43.06042],[-3.78005,43.05816],[-3.77922,43.0568],[-3.7747,43.05197],[-3.77408,43.05005],[-3.77214,43.04844],[-3.77006,43.04846],[-3.76753,43.04769],[-3.76743,43.04641],[-3.76189,43.04547],[-3.76046,43.04535],[-3.75825,43.04692],[-3.75522,43.04739],[-3.7529,43.04719],[-3.74906,43.04626],[-3.74679,43.04487],[-3.74504,43.04523],[-3.74546,43.04844],[-3.74358,43.05064],[-3.74192,43.05174],[-3.73948,43.05511],[-3.73946,43.05904],[-3.73757,43.064],[-3.73505,43.06571],[-3.73314,43.06826],[-3.73228,43.06994],[-3.73057,43.07027],[-3.72907,43.06995],[-3.72712,43.06912],[-3.72458,43.06875],[-3.72133,43.06888],[-3.71947,43.06917],[-3.71661,43.06873],[-3.71374,43.06768],[-3.71209,43.0678],[-3.7115,43.06797],[-3.70969,43.06973],[-3.70755,43.07242],[-3.70599,43.07392],[-3.70291,43.07581],[-3.70125,43.07645],[-3.69963,43.07657],[-3.69798,43.07636],[-3.69564,43.07708],[-3.69343,43.07816],[-3.69214,43.07947],[-3.68985,43.07995],[-3.6875,43.08004],[-3.68455,43.07968],[-3.68227,43.08182],[-3.68194,43.08539],[-3.68065,43.08622],[-3.68059,43.08717],[-3.68111,43.08856],[-3.68251,43.09096],[-3.68242,43.09253],[-3.68121,43.09555],[-3.68227,43.09777],[-3.68158,43.09879],[-3.67999,43.09905],[-3.67532,43.0988],[-3.67376,43.09763],[-3.6729,43.09457],[-3.67183,43.09392],[-3.66902,43.09396],[-3.6665,43.09608],[-3.66293,43.09823],[-3.66197,43.10143],[-3.66185,43.1027],[-3.66207,43.10405],[-3.66253,43.10487],[-3.66136,43.10885],[-3.65659,43.10907],[-3.65171,43.11023],[-3.65034,43.10952],[-3.64841,43.10801],[-3.64667,43.108],[-3.64152,43.10912],[-3.63968,43.10998],[-3.63796,43.11049],[-3.63305,43.11134],[-3.63298,43.1119],[-3.63338,43.11293],[-3.63383,43.11377],[-3.63482,43.11475],[-3.63637,43.1152],[-3.63886,43.11443],[-3.64029,43.11455],[-3.64225,43.11535],[-3.64278,43.11595],[-3.64248,43.11703],[-3.64172,43.11749],[-3.64005,43.11794],[-3.63647,43.11852],[-3.63255,43.12025],[-3.6323,43.12099],[-3.6326,43.1222],[-3.62804,43.12664],[-3.62204,43.12738],[-3.62177,43.12865],[-3.62045,43.12975],[-3.61433,43.13151],[-3.61178,43.13053],[-3.60992,43.13032],[-3.60709,43.13037],[-3.60584,43.13163],[-3.60441,43.13182],[-3.60347,43.13119],[-3.60385,43.12959],[-3.60439,43.12926],[-3.60909,43.12788],[-3.60954,43.12745],[-3.60912,43.12674],[-3.60743,43.12618],[-3.60617,43.12616],[-3.6042,43.128],[-3.60246,43.12749],[-3.5999,43.12531],[-3.59737,43.12533],[-3.59687,43.12437],[-3.59745,43.12306],[-3.60194,43.1169],[-3.6031,43.11602],[-3.60654,43.11545],[-3.60662,43.11439],[-3.60565,43.11303],[-3.60278,43.11148],[-3.60059,43.11139],[-3.59933,43.11155],[-3.59895,43.11202],[-3.59876,43.11311],[-3.5982,43.11334],[-3.59536,43.11335],[-3.59157,43.11295],[-3.58867,43.11313],[-3.58743,43.11393],[-3.5861,43.11395],[-3.5829,43.11312],[-3.58267,43.11279],[-3.58312,43.112],[-3.58274,43.11093],[-3.58178,43.10951],[-3.58034,43.10882],[-3.57934,43.10888],[-3.57564,43.11098],[-3.5739,43.11163],[-3.57203,43.11175],[-3.56927,43.11102],[-3.56696,43.10999],[-3.56764,43.10902],[-3.56841,43.10684],[-3.5683,43.10579],[-3.56787,43.10561],[-3.56629,43.1054],[-3.56445,43.10545],[-3.56053,43.10576],[-3.55748,43.10629],[-3.55285,43.10542],[-3.55124,43.10549],[-3.54894,43.10664],[-3.54672,43.10731],[-3.54504,43.10696],[-3.53984,43.10431],[-3.53698,43.10362],[-3.53481,43.10412],[-3.53118,43.10417],[-3.52736,43.10308],[-3.52524,43.10159],[-3.52329,43.10091],[-3.52137,43.10051],[-3.51676,43.1003],[-3.5137,43.10096],[-3.5117,43.1025],[-3.50956,43.10364],[-3.50464,43.10301],[-3.50127,43.10293],[-3.49945,43.10365],[-3.49747,43.10373],[-3.49553,43.10334],[-3.49449,43.10288],[-3.4889,43.10225],[-3.48717,43.10282],[-3.48311,43.10573],[-3.47953,43.1103],[-3.47642,43.1129],[-3.47324,43.11374],[-3.4702,43.11366],[-3.46779,43.11394],[-3.46608,43.11483],[-3.46558,43.11532],[-3.46488,43.11731],[-3.46366,43.1195],[-3.46214,43.12001],[-3.45821,43.12044],[-3.45286,43.12254],[-3.44785,43.12728],[-3.44763,43.12803],[-3.44786,43.12979],[-3.44943,43.13118],[-3.44952,43.13158],[-3.44933,43.13203],[-3.44755,43.13329],[-3.44259,43.13463],[-3.44168,43.13474],[-3.44067,43.1345],[-3.43798,43.13328],[-3.43795,43.13163],[-3.43712,43.13005],[-3.43393,43.13113],[-3.43303,43.1324],[-3.43194,43.13264]]]}},{"type":"Feature","properties":{"code":"04","nom":"La Réunion"},"geometry":{"type":"Polygon","coordinates":[[[-2.88826,42.09731],[-2.89077,42.09854],[-2.89078,42.09746],[-2.89308,42.09698],[-2.89403,42.09897],[-2.88799,42.10004],[-2.88541,42.09632],[-2.88132,42.09368],[-2.8709,42.09252],[-2.86645,42.09283],[-2.85097,42.09344],[-2.84468,42.09053],[-2.84165,42.09092],[-2.84164,42.09093],[-2.82577,42.08529],[-2.82281,42.08555],[-2.80469,42.08096],[-2.79736,42.08011],[-2.7922,42.08064],[-2.77238,42.07363],[-2.73956,42.0689],[-2.71509,42.07357],[-2.70456,42.07175],[-2.68129,42.06067],[-2.66587,42.05837],[-2.66576,42.05839],[-2.65477,42.06048],[-2.64803,42.06345],[-2.6334,42.06538],[-2.62227,42.0652],[-2.61479,42.06253],[-2.6051,42.06111],[-2.59393,42.06628],[-2.57838,42.06746],[-2.55851,42.07957],[-2.55572,42.08031],[-2.5245,42.07976],[-2.49874,42.08317],[-2.47779,42.0916],[-2.46795,42.09315],[-2.46114,42.09273],[-2.45571,42.0935],[-2.44525,42.09598],[-2.4414,42.09747],[-2.44017,42.09917],[-2.43133,42.10199],[-2.42459,42.10213],[-2.41327,42.10037],[-2.40482,42.10213],[-2.39689,42.10599],[-2.3856,42.11449],[-2.37323,42.1218],[-2.36758,42.12694],[-2.35747,42.14046],[-2.35506,42.14738],[-2.36009,42.1552],[-2.36459,42.17271],[-2.36534,42.18702],[-2.36446,42.19781],[-2.36224,42.20515],[-2.37134,42.21971],[-2.37408,42.23429],[-2.37243,42.24981],[-2.36852,42.28256],[-2.36252,42.29088],[-2.36129,42.29978],[-2.34892,42.30929],[-2.34522,42.31654],[-2.34706,42.33177],[-2.34607,42.33679],[-2.34474,42.33746],[-2.33656,42.3417],[-2.33266,42.34673],[-2.33627,42.36423],[-2.34209,42.37661],[-2.3496,42.38769],[-2.35786,42.39357],[-2.36438,42.3961],[-2.37319,42.39659],[-2.38128,42.39945],[-2.38871,42.40565],[-2.39921,42.41121],[-2.4095,42.41312],[-2.42021,42.41106],[-2.4261,42.41318],[-2.43097,42.41738],[-2.44345,42.43197],[-2.44773,42.43572],[-2.45241,42.4378],[-2.46205,42.44254],[-2.47099,42.45373],[-2.48104,42.46163],[-2.49418,42.46915],[-2.50726,42.47982],[-2.51682,42.48989],[-2.51843,42.49531],[-2.51746,42.50175],[-2.51744,42.50443],[-2.52348,42.50722],[-2.52687,42.50901],[-2.52814,42.51116],[-2.53402,42.51698],[-2.5342,42.51711],[-2.54696,42.527],[-2.56087,42.53041],[-2.57033,42.54384],[-2.57463,42.55882],[-2.57581,42.56788],[-2.57851,42.5927],[-2.58649,42.60932],[-2.60178,42.62407],[-2.61243,42.63533],[-2.63294,42.64771],[-2.64635,42.6588],[-2.6704,42.66796],[-2.6872,42.6716],[-2.70609,42.67339],[-2.72038,42.67316],[-2.73395,42.67724],[-2.76225,42.68701],[-2.77008,42.68872],[-2.78052,42.68587],[-2.78458,42.68567],[-2.79612,42.68869],[-2.80188,42.69049],[-2.82299,42.6911],[-2.82673,42.69057],[-2.83014,42.68878],[-2.83461,42.68615],[-2.84066,42.68525],[-2.85128,42.68548],[-2.85696,42.68686],[-2.86035,42.68905],[-2.86318,42.68932],[-2.89722,42.69405],[-2.90333,42.69607],[-2.91491,42.69748],[-2.91811,42.69708],[-2.93912,42.69126],[-2.9469,42.69096],[-2.95518,42.69156],[-2.96511,42.69149],[-2.96912,42.69113],[-2.97433,42.69221],[-2.9747,42.69225],[-2.98419,42.696],[-2.99284,42.69946],[-2.99484,42.70076],[-3.0029,42.70233],[-3.01061,42.70289],[-3.01242,42.7007],[-3.01762,42.69917],[-3.02149,42.69849],[-3.02684,42.69942],[-3.03059,42.70051],[-3.04137,42.7005],[-3.05169,42.69914],[-3.06888,42.69327],[-3.07862,42.69087],[-3.09707,42.6832],[-3.12365,42.66635],[-3.15251,42.64713],[-3.16017,42.6436],[-3.17037,42.6312],[-3.16917,42.63063],[-3.18126,42.62513],[-3.19092,42.62124],[-3.19328,42.6208],[-3.19484,42.62032],[-3.19836,42.61611],[-3.20064,42.61066],[-3.20197,42.61024],[-3.21818,42.61194],[-3.2175,42.61617],[-3.22881,42.61619],[-3.24315,42.61703],[-3.2573,42.62065],[-3.2631,42.61806],[-3.26915,42.6138],[-3.2689,42.6122],[-3.2691,42.60536],[-3.26391,42.60546],[-3.26514,42.60853],[-3.26173,42.60633],[-3.26069,42.60102],[-3.26083,42.59951],[-3.2623,42.59957],[-3.26289,42.60154],[-3.26306,42.59944],[-3.26494,42.5994],[-3.26477,42.60162],[-3.26715,42.6017],[-3.26983,42.59699],[-3.27528,42.57607],[-3.26491,42.55904],[-3.26337,42.55045],[-3.26472,42.54111],[-3.26538,42.531],[-3.26727,42.52524],[-3.27068,42.52003],[-3.27822,42.51249],[-3.28857,42.5051],[-3.30262,42.49784],[-3.30291,42.49777],[-3.30623,42.4963],[-3.30644,42.49619],[-3.31552,42.49263],[-3.33484,42.49364],[-3.35222,42.4755],[-3.36135,42.46758],[-3.36168,42.46421],[-3.35872,42.45861],[-3.3472,42.44679],[-3.34763,42.44493],[-3.34949,42.44499],[-3.34833,42.44479],[-3.34743,42.44497],[-3.34366,42.44714],[-3.34339,42.44639],[-3.34806,42.44367],[-3.34981,42.4376],[-3.34946,42.4182],[-3.34676,42.41342],[-3.32817,42.39785],[-3.28909,42.37788],[-3.28418,42.36874],[-3.26846,42.3569],[-3.25885,42.35186],[-3.25685,42.34642],[-3.25642,42.33795],[-3.25368,42.33005],[-3.25013,42.32727],[-3.23779,42.3245],[-3.22904,42.31657],[-3.22661,42.3128],[-3.22861,42.30934],[-3.22786,42.30543],[-3.22938,42.30647],[-3.22919,42.30548],[-3.22743,42.30444],[-3.22458,42.2898],[-3.22407,42.2843],[-3.22606,42.27285],[-3.22798,42.26471],[-3.2183,42.24563],[-3.20915,42.23387],[-3.20693,42.22892],[-3.20611,42.22688],[-3.19939,42.22318],[-3.17734,42.21628],[-3.15934,42.20552],[-3.15868,42.20249],[-3.15598,42.20079],[-3.14186,42.1943],[-3.13622,42.1841],[-3.1355,42.17849],[-3.11994,42.16638],[-3.09557,42.1651],[-3.0606,42.16252],[-3.04317,42.15887],[-3.03806,42.15687],[-3.02759,42.15317],[-3.01532,42.14451],[-3.00189,42.13095],[-2.99131,42.12435],[-2.97864,42.1195],[-2.97128,42.11777],[-2.95434,42.11687],[-2.94581,42.11641],[-2.93666,42.11281],[-2.92858,42.10856],[-2.92585,42.10499],[-2.92511,42.10487],[-2.91624,42.10082],[-2.90752,42.09929],[-2.9023,42.09804],[-2.89958,42.09833],[-2.89447,42.09857],[-2.89424,42.09626],[-2.89066,42.09704],[-2.89027,42.09825],[-2.88828,42.09707],[-2.88826,42.09731]]]}},{"type":"Feature","properties":{"code":"NR","nom":"Saint-Pierre-et-Miquelon"},"geometry":{"type":"MultiPolygon","coordinates":[[[[-0.93736,41.38979],[-0.96529,41.39788],[-0.98944,41.40814],[-1.00538,41.41802],[-0.99259,41.429],[-0.99141,41.44118],[-0.95513,41.48626],[-0.9591,41.51294],[-0.96335,41.5217],[-0.98068,41.53251],[-0.98773,41.53617],[-0.9971,41.53619],[-1.02379,41.53207],[-1.06989,41.51884],[-1.10423,41.4851],[-1.11056,41.47302],[-1.13804,41.44586],[-1.1785,41.37458],[-1.17095,41.36353],[-1.15374,41.34966],[-1.12886,41.34618],[-1.12752,41.35321],[-1.12046,41.35959],[-1.06106,41.37274],[-1.05495,41.36251],[-1.03923,41.35633],[-1.02142,41.35475],[-0.98095,41.36427],[-0.96987,41.36331],[-0.94988,41.37017],[-0.93577,41.37884],[-0.93736,41.38979]]],[[[-0.9098,41.46281],[-0.90898,41.46766],[-0.93224,41.46295],[-0.93376,41.45461],[-0.94105,41.44822],[-0.95053,41.44131],[-0.93293,41.44054],[-0.92161,41.45609],[-0.9098,41.46281]]],[[[-0.96931,41.56411],[-0.98123,41.57024],[-1.00173,41.56905],[-1.01815,41.55796],[-1.01174,41.55438],[-1.00221,41.55355],[-0.98174,41.55643],[-0.96931,41.56411]]],[[[-1.51994,41.42235],[-1.52054,41.40994],[-1.51774,41.41008],[-1.50225,41.41769],[-1.45742,41.44737],[-1.45212,41.45787],[-1.43379,41.47697],[-1.37831,41.51079],[-1.35394,41.53261],[-1.31585,41.54656],[-1.28831,41.56946],[-1.26045,41.58667],[-1.24856,41.60011],[-1.22958,41.61469],[-1.22342,41.62369],[-1.21499,41.65424],[-1.21458,41.68458],[-1.22309,41.70109],[-1.24525,41.72952],[-1.3109,41.77086],[-1.3217,41.77634],[-1.33843,41.77382],[-1.35778,41.76655],[-1.37877,41.77009],[-1.4473,41.7883],[-1.46225,41.80074],[-1.47408,41.8195],[-1.48921,41.86964],[-1.48738,41.91734],[-1.47287,41.98318],[-1.46393,42.00152],[-1.44382,42.03047],[-1.47038,42.0515],[-1.48392,42.04205],[-1.49504,42.02802],[-1.50832,42.01732],[-1.52135,42.0136],[-1.53751,42.01884],[-1.55465,42.03543],[-1.58873,42.09287],[-1.58642,42.11258],[-1.53166,42.1071],[-1.50879,42.10081],[-1.48654,42.0991],[-1.47129,42.10305],[-1.45776,42.11212],[-1.4413,42.11483],[-1.42855,42.11399],[-1.41559,42.07178],[-1.3977,42.07169],[-1.37505,42.08116],[-1.34723,42.10943],[-1.33588,42.15107],[-1.30647,42.22494],[-1.30482,42.24641],[-1.30895,42.2788],[-1.31674,42.30571],[-1.35911,42.32233],[-1.43356,42.33577],[-1.48449,42.35169],[-1.51678,42.36723],[-1.55478,42.39345],[-1.5826,42.40655],[-1.61669,42.41414],[-1.63821,42.405],[-1.69249,42.32461],[-1.70318,42.36582],[-1.70231,42.3955],[-1.66167,42.4019],[-1.70109,42.43781],[-1.70543,42.45812],[-1.68879,42.4731],[-1.65835,42.48528],[-1.62238,42.51553],[-1.60453,42.52391],[-1.59824,42.52983],[-1.60565,42.56197],[-1.62188,42.55465],[-1.6267,42.54859],[-1.66671,42.52307],[-1.68332,42.51708],[-1.69154,42.51776],[-1.73807,42.49584],[-1.75296,42.45967],[-1.7503,42.43928],[-1.74545,42.42114],[-1.71791,42.39191],[-1.70559,42.3551],[-1.69755,42.30424],[-1.70983,42.27842],[-1.71103,42.26578],[-1.7015,42.24272],[-1.69478,42.19923],[-1.68327,42.16455],[-1.67738,42.15377],[-1.66152,42.14032],[-1.63977,42.13],[-1.61728,42.12268],[-1.60868,42.11567],[-1.59032,42.09054],[-1.53987,42.00236],[-1.51484,41.94226],[-1.50057,41.89603],[-1.4921,41.85167],[-1.49149,41.79147],[-1.49487,41.7754],[-1.5004,41.7689],[-1.50936,41.76677],[-1.52344,41.73712],[-1.52615,41.70417],[-1.53404,41.68807],[-1.54363,41.67845],[-1.57046,41.66326],[-1.61401,41.64847],[-1.63596,41.63373],[-1.6586,41.60447],[-1.69383,41.57376],[-1.69479,41.56943],[-1.69336,41.56341],[-1.67956,41.54433],[-1.67148,41.54125],[-1.64343,41.54936],[-1.62334,41.55046],[-1.61345,41.54927],[-1.59066,41.53735],[-1.58798,41.52571],[-1.59414,41.48761],[-1.59487,41.45967],[-1.57818,41.45184],[-1.55977,41.46042],[-1.52545,41.44582],[-1.51994,41.42235]]]]}},{"type":"Feature","properties":{"code":"06","nom":"Mayotte"},"geometry":{"type":"MultiPolygon","coordinates":[[[[0.25151,41.23526],[0.26341,41.21691],[0.28046,41.21637],[0.29608,41.22583],[0.30935,41.2428],[0.30299,41.26162],[0.30541,41.26407],[0.31686,41.27575],[0.33581,41.2737],[0.3508,41.2662],[0.36822,41.23558],[0.36786,41.23976],[0.37228,41.24831],[0.37789,41.25338],[0.39217,41.25568],[0.40256,41.25212],[0.41909,41.25499],[0.44588,41.27766],[0.44359,41.27921],[0.42995,41.27859],[0.38839,41.28717],[0.36572,41.2972],[0.34277,41.32672],[0.33768,41.33356],[0.34025,41.3461],[0.37366,41.38911],[0.38351,41.39175],[0.38029,41.39802],[0.3833,41.40503],[0.39075,41.40995],[0.41282,41.40792],[0.42827,41.40215],[0.44289,41.40276],[0.43823,41.40419],[0.43069,41.41103],[0.41728,41.41839],[0.41489,41.4313],[0.40872,41.43065],[0.41048,41.43875],[0.41247,41.43577],[0.41484,41.44648],[0.41939,41.45461],[0.42429,41.45811],[0.44739,41.46602],[0.45527,41.46878],[0.46567,41.47754],[0.48852,41.513],[0.48814,41.51521],[0.47935,41.51527],[0.447,41.53176],[0.42847,41.54391],[0.40983,41.55938],[0.40501,41.56988],[0.39824,41.57842],[0.39005,41.57919],[0.38298,41.57605],[0.37566,41.5807],[0.37834,41.58099],[0.37843,41.58374],[0.37553,41.58761],[0.39883,41.60564],[0.40945,41.62486],[0.41171,41.62571],[0.42618,41.65487],[0.4322,41.65822],[0.4349,41.65814],[0.44483,41.66456],[0.45815,41.67099],[0.46336,41.67815],[0.46359,41.6833],[0.46419,41.68562],[0.46581,41.68998],[0.46996,41.68989],[0.48288,41.69787],[0.47643,41.7017],[0.48117,41.70087],[0.48381,41.69829],[0.49155,41.7069],[0.49348,41.70887],[0.49669,41.71051],[0.50143,41.71085],[0.50493,41.7152],[0.52061,41.71263],[0.51824,41.72138],[0.51231,41.72519],[0.51037,41.73364],[0.50066,41.73647],[0.49434,41.73932],[0.5066,41.7599],[0.52252,41.76159],[0.52507,41.76312],[0.52569,41.76967],[0.51929,41.78689],[0.50644,41.78727],[0.49642,41.79313],[0.49778,41.7925],[0.48919,41.80382],[0.48451,41.80677],[0.47526,41.80487],[0.46636,41.80744],[0.4656,41.81074],[0.456,41.81007],[0.44866,41.81459],[0.43995,41.82422],[0.43928,41.82587],[0.43747,41.82532],[0.42966,41.82902],[0.42976,41.8312],[0.42516,41.83448],[0.41766,41.83574],[0.41615,41.83594],[0.38658,41.8378],[0.35216,41.83747],[0.32741,41.8405],[0.30918,41.83741],[0.29324,41.82922],[0.28432,41.82168],[0.27129,41.8177],[0.26182,41.82228],[0.25931,41.82771],[0.26128,41.83354],[0.25682,41.83591],[0.24828,41.83704],[0.2222,41.82608],[0.19997,41.83394],[0.18817,41.8363],[0.18601,41.83674],[0.18752,41.84528],[0.20005,41.85047],[0.1966,41.8633],[0.18781,41.87059],[0.18362,41.8714],[0.17837,41.87593],[0.17704,41.88718],[0.17632,41.89984],[0.15685,41.90725],[0.14583,41.91042],[0.13895,41.92973],[0.12328,41.93611],[0.11114,41.93561],[0.10694,41.94166],[0.11458,41.94796],[0.10789,41.95286],[0.0919,41.9591],[0.07775,41.95943],[0.08388,41.9693],[0.09779,41.97986],[0.10686,41.98298],[0.11402,42.00205],[0.09441,41.99235],[0.06547,41.97278],[0.05255,41.94747],[0.05243,41.94234],[0.0413,41.93465],[0.03277,41.93258],[0.01849,41.93127],[0.0203,41.91112],[0.01858,41.9084],[0.00649,41.89562],[-0.00407,41.89121],[-0.03888,41.88938],[-0.04443,41.88479],[-0.03872,41.87737],[-0.03921,41.87212],[-0.05014,41.85509],[-0.04164,41.84753],[-0.02535,41.84039],[-0.01653,41.82998],[-0.02578,41.81662],[-0.03979,41.80441],[-0.05855,41.78258],[-0.03636,41.77033],[-0.00715,41.77784],[0.00697,41.76656],[0.03919,41.74573],[0.05061,41.74256],[0.05675,41.74955],[0.07478,41.74727],[0.07599,41.74552],[0.08976,41.7364],[0.10095,41.74574],[0.11178,41.74845],[0.1198,41.7457],[0.12433,41.73111],[0.11984,41.72025],[0.11171,41.7096],[0.10567,41.70638],[0.10406,41.70191],[0.10602,41.68988],[0.11697,41.66453],[0.13173,41.6418],[0.13118,41.6184],[0.12826,41.60769],[0.12336,41.59262],[0.12527,41.58976],[0.14303,41.58659],[0.15701,41.58634],[0.1851,41.58027],[0.17379,41.57415],[0.1567,41.56901],[0.14663,41.56996],[0.14106,41.56737],[0.13639,41.56797],[0.12769,41.56555],[0.12619,41.56345],[0.11731,41.55466],[0.11185,41.55148],[0.11232,41.54284],[0.12292,41.53422],[0.13567,41.52669],[0.14372,41.52505],[0.1681,41.51373],[0.17623,41.50244],[0.19581,41.48478],[0.22301,41.46862],[0.23175,41.46808],[0.24034,41.46428],[0.24717,41.45566],[0.24918,41.44843],[0.25349,41.44684],[0.2489,41.45136],[0.24842,41.45623],[0.25856,41.44756],[0.26077,41.4374],[0.27492,41.42378],[0.27581,41.41765],[0.29229,41.3882],[0.2825,41.37309],[0.26505,41.36269],[0.23425,41.36045],[0.22364,41.3615],[0.21032,41.36606],[0.20698,41.36658],[0.20347,41.3708],[0.19327,41.37603],[0.16219,41.38512],[0.14445,41.3915],[0.13723,41.40161],[0.13705,41.43113],[0.13523,41.43391],[0.12846,41.43728],[0.126,41.44147],[0.11322,41.44411],[0.06762,41.44168],[0.06146,41.44245],[0.04652,41.44025],[0.04429,41.43961],[0.0445,41.43636],[0.07047,41.40876],[0.08092,41.38936],[0.08804,41.38935],[0.09197,41.38841],[0.09861,41.38134],[0.09973,41.37752],[0.09759,41.37549],[0.10351,41.37478],[0.11611,41.38053],[0.11829,41.38315],[0.12474,41.38372],[0.13191,41.38116],[0.13906,41.37558],[0.14352,41.36867],[0.14452,41.36542],[0.13405,41.33325],[0.11608,41.31667],[0.09504,41.30954],[0.07201,41.29691],[0.07562,41.29552],[0.08307,41.29936],[0.08614,41.2993],[0.11345,41.28835],[0.13677,41.2984],[0.14638,41.30747],[0.15959,41.31074],[0.16279,41.30508],[0.15712,41.24644],[0.16834,41.24052],[0.18746,41.25788],[0.21116,41.26036],[0.21004,41.25688],[0.21333,41.23305],[0.21644,41.22869],[0.22648,41.22677],[0.2429,41.239],[0.25151,41.23526]]],[[[-0.13198,42.01272],[-0.1126,41.99354],[-0.09255,42.00087],[-0.08255,42.01622],[-0.10412,42.03017],[-0.12166,42.03583],[-0.13481,42.02283],[-0.13198,42.01272]]],[[[0.58073,41.71748],[0.58879,41.71712],[0.62872,41.69675],[0.65072,41.67181],[0.66901,41.6574],[0.66941,41.67373],[0.67416,41.68016],[0.70301,41.71945],[0.70771,41.72101],[0.68714,41.75802],[0.67111,41.7718],[0.66009,41.76916],[0.65032,41.75739],[0.64389,41.74238],[0.63312,41.71374],[0.63136,41.71362],[0.62645,41.71354],[0.60632,41.70967],[0.5897,41.71702],[0.58803,41.72155],[0.58334,41.72523],[0.57727,41.72349],[0.57657,41.71931],[0.58073,41.71748]]]]}}]}