{"type":"FeatureCollection","features":[{"type":"Feature","properties":{"code":"03001","nom":"Abrest","departement":"03","region":"84"},"geometry":{"type":"MultiPolygon","coordinates":[[[[3.43661,46.11307],[3.43877,46.11335],[3.44527,46.11065],[3.46153,46.10139],[3.46984,46.10128],[3.47583,46.09931],[3.47915,46.09678],[3.48255,46.09151],[3.48773,46.08671],[3.48494,46.08355],[3.48004,46.08205],[3.47782,46.08286],[3.47525,46.08257],[3.46624,46.08081],[3.4613,46.079],[3.45972,46.08218],[3.45568,46.08637],[3.44065,46.09692],[3.43484,46.08736],[3.43153,46.08724],[3.42168,46.09055],[3.41512,46.09798],[3.42319,46.10551],[3.43661,46.11307]]]]}},{"type":"Feature","properties":{"code":"03068","nom":"Châtelus","departement":"03","region":"84"},"geometry":{"type":"MultiPolygon","coordinates":[[[[3.70261,46.19712],[3.70684,46.19837],[3.71361,46.19842],[3.72157,46.20014],[3.72859,46.21848],[3.73561,46.22306],[3.73766,46.2199],[3.73913,46.2125],[3.7374,46.20236],[3.73898,46.19464],[3.74026,46.19459],[3.73753,46.187],[3.72957,46.18376],[3.70887,46.18278],[3.70261,46.19712]]]]}},{"type":"Feature","properties":{"code":"03002","nom":"Agonges","departement":"03","region":"84"},"geometry":{"type":"MultiPolygon","coordinates":[[[[3.172,46.6445],[3.17112,46.64037],[3.16916,46.63713],[3.16948,46.63229],[3.18792,46.61898],[3.19052,46.6163],[3.19277,46.61159],[3.18966,46.60832],[3.18719,46.60828],[3.18698,46.60471],[3.20424,46.60217],[3.20525,46.59925],[3.20154,46.59722],[3.20089,46.59753],[3.19911,46.59894],[3.1895,46.60247],[3.17695,46.60465],[3.16225,46.59944],[3.14419,46.59727],[3.13071,46.59809],[3.12046,46.60342],[3.10607,46.60906],[3.1046,46.60816],[3.10262,46.61284],[3.09267,46.61626],[3.09303,46.61647],[3.0982,46.61734],[3.12116,46.62664],[3.12832,46.63194],[3.12974,46.63539],[3.13308,46.63729],[3.15097,46.64167],[3.15626,46.64455],[3.15899,46.64714],[3.15781,46.65063],[3.16068,46.65232],[3.172,46.6445]]]]}},{"type":"Feature","properties":{"code":"03003","nom":"Ainay-le-Château","departement":"03","region":"84"},"geometry":{"type":"MultiPolygon","coordinates":[[[[2.73453,46.74622],[2.74051,46.73745],[2.74397,46.72932],[2.74754,46.72691],[2.75618,46.72355],[2.75852,46.71766],[2.75641,46.71564],[2.75574,46.71335],[2.7599,46.71068],[2.75907,46.70572],[2.75309,46.70059],[2.74174,46.69798],[2.73457,46.69508],[2.73451,46.69351],[2.73242,46.69085],[2.71875,46.68786],[2.70071,46.69708],[2.68513,46.69894],[2.67782,46.70454],[2.67717,46.70558],[2.68275,46.71332],[2.68497,46.72022],[2.68789,46.72174],[2.70524,46.72619],[2.70484,46.73903],[2.70911,46.74131],[2.71767,46.74382],[2.72885,46.74849],[2.73453,46.74622]]]]}},{"type":"Feature","properties":{"code":"03004","nom":"Andelaroche","departement":"03","region":"84"},"geometry":{"type":"MultiPolygon","coordinates":[[[[3.69908,46.25944],[3.70501,46.26049],[3.71646,46.26458],[3.72797,46.26512],[3.73823,46.2688],[3.74998,46.27168],[3.75993,46.27151],[3.76685,46.27026],[3.77557,46.26739],[3.77436,46.26638],[3.77144,46.25808],[3.77811,46.25447],[3.77953,46.24931],[3.77807,46.24322],[3.76928,46.24127],[3.76821,46.23881],[3.77011,46.2328],[3.77335,46.22719],[3.75992,46.22324],[3.7431,46.22425],[3.74137,46.23243],[3.72639,46.24174],[3.71506,46.2467],[3.70551,46.24919],[3.70039,46.25338],[3.69877,46.25749],[3.69908,46.25944]]]]}},{"type":"Feature","properties":{"code":"03005","nom":"Archignat","departement":"03","region":"84"},"geometry":{"type":"MultiPolygon","coordinates":[[[[2.44873,46.35311],[2.43993,46.34912],[2.43508,46.34871],[2.4304,46.34948],[2.42201,46.35347],[2.42078,46.35317],[2.3882,46.33161],[2.38587,46.33204],[2.38441,46.33397],[2.37631,46.3398],[2.37674,46.34903],[2.38006,46.35246],[2.38326,46.35418],[2.3876,46.36445],[2.38559,46.37414],[2.383,46.38062],[2.37707,46.38299],[2.37201,46.38703],[2.38098,46.38514],[2.38353,46.38759],[2.38643,46.39285],[2.39095,46.39521],[2.40037,46.39399],[2.40625,46.39204],[2.43477,46.39343],[2.44132,46.38528],[2.44229,46.38141],[2.43927,46.37328],[2.43872,46.36676],[2.44627,46.35649],[2.44841,46.35505],[2.44873,46.35311]]]]}},{"type":"Feature","properties":{"code":"03006","nom":"Arfeuilles","departement":"03","region":"84"},"geometry":{"type":"MultiPolygon","coordinates":[[[[3.74026,46.19459],[3.74471,46.19398],[3.74688,46.19083],[3.75723,46.18184],[3.7713,46.16679],[3.79149,46.15662],[3.78978,46.15514],[3.79051,46.15104],[3.79549,46.14139],[3.80027,46.12827],[3.7933,46.11223],[3.79258,46.11042],[3.77547,46.10285],[3.77373,46.10168],[3.77324,46.10011],[3.76144,46.10075],[3.74226,46.10732],[3.7278,46.11338],[3.7198,46.11575],[3.71111,46.11719],[3.69857,46.12582],[3.68382,46.12969],[3.67578,46.13678],[3.67616,46.13773],[3.68215,46.13845],[3.69047,46.14163],[3.6916,46.14354],[3.69034,46.14685],[3.70252,46.16881],[3.70804,46.17578],[3.70887,46.18278],[3.72957,46.18376],[3.73753,46.187],[3.74026,46.19459]]]]}},{"type":"Feature","properties":{"code":"03007","nom":"Arpheuilles-Saint-Priest","departement":"03","region":"84"},"geometry":{"type":"MultiPolygon","coordinates":[[[[2.62369,46.23552],[2.63293,46.25353],[2.63258,46.25887],[2.64847,46.25396],[2.65348,46.24099],[2.65381,46.23969],[2.65978,46.23576],[2.66646,46.2331],[2.68526,46.23821],[2.70162,46.23919],[2.71129,46.23511],[2.71389,46.2325],[2.7157,46.23261],[2.71401,46.22324],[2.71218,46.22264],[2.70887,46.22182],[2.70564,46.22206],[2.69721,46.22553],[2.69202,46.22652],[2.68493,46.21995],[2.68345,46.21734],[2.68451,46.21521],[2.6812,46.21038],[2.66607,46.19573],[2.64884,46.20405],[2.64929,46.2047],[2.64458,46.21414],[2.64384,46.21757],[2.64437,46.22193],[2.64201,46.23057],[2.62966,46.23477],[2.62369,46.23552]]]]}},{"type":"Feature","properties":{"code":"03008","nom":"Arronnes","departement":"03","region":"84"},"geometry":{"type":"MultiPolygon","coordinates":[[[[3.54874,46.01616],[3.55077,46.01788],[3.55199,46.02627],[3.55159,46.0482],[3.55318,46.05002],[3.55485,46.05717],[3.55455,46.05843],[3.54469,46.06396],[3.53741,46.06977],[3.53297,46.07735],[3.53308,46.08278],[3.53761,46.08719],[3.54067,46.08457],[3.54644,46.07396],[3.56248,46.06993],[3.5739,46.07325],[3.59692,46.08603],[3.60171,46.08529],[3.60775,46.0794],[3.6063,46.07635],[3.60915,46.06983],[3.60732,46.05992],[3.604,46.05323],[3.59959,46.05161],[3.59748,46.04999],[3.59728,46.04903],[3.60035,46.04658],[3.59302,46.0365],[3.58826,46.02431],[3.58075,46.01998],[3.56942,46.01775],[3.56252,46.01841],[3.55289,46.01622],[3.55266,46.01549],[3.54874,46.01616]]]]}},{"type":"Feature","properties":{"code":"03009","nom":"Aubigny","departement":"03","region":"84"},"geometry":{"type":"MultiPolygon","coordinates":[[[[3.20437,46.67886],[3.20845,46.67678],[3.19389,46.67189],[3.17983,46.66276],[3.17146,46.65541],[3.17265,46.64921],[3.172,46.6445],[3.16068,46.65232],[3.15781,46.65063],[3.14642,46.65631],[3.13851,46.65902],[3.12758,46.66795],[3.12758,46.67511],[3.13831,46.6778],[3.1474,46.68338],[3.15215,46.69008],[3.15355,46.69453],[3.14407,46.70902],[3.14703,46.71023],[3.14886,46.70864],[3.15688,46.69961],[3.16612,46.69138],[3.18541,46.68508],[3.19025,46.68255],[3.20437,46.67886]]]]}},{"type":"Feature","properties":{"code":"03010","nom":"Audes","departement":"03","region":"84"},"geometry":{"type":"MultiPolygon","coordinates":[[[[2.59502,46.44676],[2.5852,46.44909],[2.56273,46.44672],[2.55923,46.43841],[2.54952,46.43942],[2.53295,46.43675],[2.51414,46.43794],[2.50644,46.44828],[2.50648,46.44981],[2.52183,46.45558],[2.52095,46.45907],[2.53303,46.47818],[2.54734,46.47869],[2.5794,46.48351],[2.58981,46.48678],[2.59765,46.48763],[2.61053,46.47822],[2.60364,46.45713],[2.59502,46.44676]]]]}},{"type":"Feature","properties":{"code":"03011","nom":"Aurouër","departement":"03","region":"84"},"geometry":{"type":"MultiPolygon","coordinates":[[[[3.28305,46.71514],[3.28598,46.71392],[3.29441,46.7149],[3.2987,46.71306],[3.31133,46.69307],[3.32404,46.68796],[3.33535,46.68537],[3.34269,46.68538],[3.35143,46.68614],[3.35748,46.68878],[3.35706,46.68238],[3.34981,46.66746],[3.32642,46.66118],[3.32084,46.66041],[3.31603,46.66103],[3.30362,46.66013],[3.29277,46.65813],[3.28971,46.65913],[3.28343,46.66563],[3.26645,46.67987],[3.26144,46.68564],[3.27305,46.70541],[3.28305,46.71514]]]]}},{"type":"Feature","properties":{"code":"03012","nom":"Autry-Issards","departement":"03","region":"84"},"geometry":{"type":"MultiPolygon","coordinates":[[[[3.1515,46.55682],[3.14948,46.5502],[3.15451,46.53925],[3.15535,46.53289],[3.14957,46.52699],[3.13974,46.52114],[3.13787,46.52035],[3.12915,46.51942],[3.12416,46.52073],[3.10655,46.52864],[3.08502,46.54268],[3.08867,46.55154],[3.09498,46.55882],[3.10792,46.56508],[3.12357,46.56937],[3.14548,46.5586],[3.1515,46.55682]]]]}},{"type":"Feature","properties":{"code":"03013","nom":"Avermes","departement":"03","region":"84"},"geometry":{"type":"MultiPolygon","coordinates":[[[[3.27335,46.61216],[3.29138,46.61647],[3.29718,46.6161],[3.30572,46.61248],[3.30656,46.61073],[3.3132,46.61008],[3.34092,46.6104],[3.35339,46.61142],[3.35518,46.61004],[3.3584,46.60928],[3.35945,46.60764],[3.35875,46.60409],[3.35087,46.59358],[3.34174,46.58917],[3.33349,46.58534],[3.33317,46.5814],[3.32729,46.57981],[3.3236,46.5788],[3.32216,46.57719],[3.31822,46.57524],[3.31671,46.57743],[3.31247,46.58038],[3.30911,46.58047],[3.28788,46.59651],[3.28709,46.59914],[3.28896,46.60146],[3.28936,46.60191],[3.27335,46.61216]]]]}},{"type":"Feature","properties":{"code":"03014","nom":"Avrilly","departement":"03","region":"84"},"geometry":{"type":"MultiPolygon","coordinates":[[[[4.0047,46.32756],[3.98879,46.31858],[3.98528,46.31748],[3.96905,46.32199],[3.95833,46.31917],[3.94906,46.31492],[3.94778,46.30562],[3.94581,46.30641],[3.94505,46.31738],[3.93971,46.33049],[3.93991,46.3332],[3.93767,46.33631],[3.93795,46.34121],[3.9428,46.34127],[3.96006,46.34607],[3.98742,46.35109],[3.98766,46.34661],[3.9861,46.3372],[3.98817,46.33185],[3.99159,46.32739],[3.99436,46.32765],[4.00016,46.32838],[4.0047,46.32756]]]]}},{"type":"Feature","properties":{"code":"03015","nom":"Bagneux","departement":"03","region":"84"},"geometry":{"type":"MultiPolygon","coordinates":[[[[3.172,46.6445],[3.17265,46.64921],[3.17146,46.65541],[3.17983,46.66276],[3.19389,46.67189],[3.20845,46.67678],[3.22564,46.66473],[3.22856,46.65931],[3.23658,46.65209],[3.24477,46.64251],[3.24586,46.6392],[3.23698,46.63993],[3.24044,46.63555],[3.23636,46.62965],[3.23176,46.62608],[3.22003,46.62315],[3.21175,46.62279],[3.19473,46.61917],[3.18792,46.61898],[3.16948,46.63229],[3.16916,46.63713],[3.17112,46.64037],[3.172,46.6445]]]]}},{"type":"Feature","properties":{"code":"03016","nom":"Barberier","departement":"03","region":"84"},"geometry":{"type":"MultiPolygon","coordinates":[[[[3.24404,46.20687],[3.23045,46.20876],[3.22692,46.21096],[3.22918,46.21913],[3.2348,46.22529],[3.24225,46.23727],[3.24133,46.243],[3.25039,46.23763],[3.2608,46.23469],[3.2626,46.22163],[3.26664,46.21514],[3.26689,46.2082],[3.26194,46.20177],[3.2543,46.20448],[3.24404,46.20687]]]]}},{"type":"Feature","properties":{"code":"03017","nom":"Barrais-Bussolles","departement":"03","region":"84"},"geometry":{"type":"MultiPolygon","coordinates":[[[[3.73218,46.30398],[3.7327,46.30289],[3.72927,46.29268],[3.72879,46.28721],[3.73823,46.2688],[3.72797,46.26512],[3.71646,46.26458],[3.70501,46.26049],[3.69908,46.25944],[3.68379,46.25722],[3.68371,46.24788],[3.66822,46.24962],[3.67098,46.25518],[3.66805,46.25961],[3.66149,46.26354],[3.66014,46.26579],[3.6649,46.2739],[3.66782,46.27543],[3.68408,46.27786],[3.69463,46.28109],[3.70061,46.28736],[3.7007,46.28954],[3.69899,46.29226],[3.69763,46.29271],[3.68481,46.29423],[3.66731,46.29424],[3.65656,46.29878],[3.65486,46.30222],[3.65532,46.30375],[3.65385,46.30469],[3.65261,46.30736],[3.66038,46.31213],[3.66453,46.31384],[3.66617,46.31375],[3.68962,46.30658],[3.71315,46.31197],[3.71902,46.30765],[3.72108,46.3029],[3.73218,46.30398]]]]}},{"type":"Feature","properties":{"code":"03018","nom":"Bayet","departement":"03","region":"84"},"geometry":{"type":"MultiPolygon","coordinates":[[[[3.2608,46.23469],[3.25039,46.23763],[3.24133,46.243],[3.24037,46.24352],[3.2404,46.24953],[3.24277,46.25164],[3.24085,46.26302],[3.24162,46.26471],[3.24391,46.26751],[3.26332,46.27787],[3.2669,46.27739],[3.27914,46.28669],[3.28401,46.28726],[3.30065,46.28159],[3.30829,46.27605],[3.31024,46.26701],[3.30714,46.25923],[3.30204,46.25338],[3.30012,46.24757],[3.30011,46.24199],[3.30144,46.2394],[3.29784,46.23516],[3.29451,46.23403],[3.29255,46.2327],[3.27229,46.23087],[3.26397,46.23217],[3.2608,46.23469]]]]}},{"type":"Feature","properties":{"code":"03019","nom":"Beaulon","departement":"03","region":"84"},"geometry":{"type":"MultiPolygon","coordinates":[[[[3.60961,46.57376],[3.61915,46.58417],[3.62079,46.59833],[3.61565,46.61652],[3.62636,46.62735],[3.6373,46.61569],[3.63949,46.61497],[3.66219,46.61745],[3.68785,46.62464],[3.69822,46.62489],[3.71631,46.63109],[3.72271,46.62761],[3.72437,46.62585],[3.72303,46.62207],[3.71323,46.61301],[3.71286,46.61023],[3.71765,46.60581],[3.72431,46.60456],[3.73093,46.60153],[3.73505,46.59723],[3.73903,46.58378],[3.74048,46.57593],[3.7351,46.57626],[3.71798,46.5703],[3.70278,46.5697],[3.69148,46.5672],[3.68802,46.56497],[3.68476,46.56114],[3.67989,46.55237],[3.67558,46.54904],[3.67109,46.54967],[3.6693,46.55072],[3.65879,46.55097],[3.64688,46.5425],[3.63229,46.54726],[3.61635,46.54584],[3.61514,46.54639],[3.61206,46.56493],[3.61255,46.56978],[3.60961,46.57376]]]]}},{"type":"Feature","properties":{"code":"03020","nom":"Beaune-d'Allier","departement":"03","region":"84"},"geometry":{"type":"MultiPolygon","coordinates":[[[[2.9248,46.26921],[2.92797,46.25518],[2.9259,46.24938],[2.9209,46.25033],[2.91448,46.24924],[2.90348,46.24888],[2.89812,46.25011],[2.88969,46.25353],[2.86893,46.25136],[2.86447,46.25147],[2.85959,46.25496],[2.85989,46.25659],[2.86081,46.25887],[2.85251,46.26148],[2.85155,46.26688],[2.85276,46.27132],[2.86215,46.28037],[2.86352,46.28014],[2.87406,46.29294],[2.88408,46.302],[2.88503,46.30404],[2.88424,46.30605],[2.88958,46.30674],[2.89368,46.30431],[2.90875,46.29298],[2.90726,46.28896],[2.91198,46.28652],[2.91629,46.28525],[2.91841,46.28554],[2.9248,46.26921]]]]}},{"type":"Feature","properties":{"code":"03021","nom":"Bègues","departement":"03","region":"84"},"geometry":{"type":"MultiPolygon","coordinates":[[[[3.16601,46.13411],[3.1666,46.11979],[3.15082,46.11121],[3.13529,46.11123],[3.1209,46.11445],[3.11436,46.1153],[3.11539,46.12178],[3.11673,46.1218],[3.12553,46.12591],[3.13387,46.13355],[3.14411,46.13599],[3.15743,46.13233],[3.16601,46.13411]]]]}},{"type":"Feature","properties":{"code":"03022","nom":"Bellenaves","departement":"03","region":"84"},"geometry":{"type":"MultiPolygon","coordinates":[[[[3.06598,46.17804],[3.04926,46.17884],[3.04006,46.17822],[3.03082,46.18329],[3.03038,46.18654],[3.02714,46.192],[3.0263,46.20113],[3.02771,46.2119],[3.02982,46.21797],[3.0309,46.23117],[3.03409,46.23162],[3.05098,46.22745],[3.05904,46.23242],[3.07009,46.24274],[3.07263,46.2424],[3.07591,46.24381],[3.08788,46.23639],[3.09936,46.22334],[3.09591,46.21303],[3.09124,46.20615],[3.09696,46.20084],[3.10546,46.19664],[3.11252,46.1973],[3.11798,46.193],[3.11787,46.19089],[3.10534,46.18528],[3.09984,46.1815],[3.09342,46.17423],[3.09148,46.1755],[3.08846,46.1799],[3.07515,46.1809],[3.06782,46.17973],[3.06598,46.17804]]]]}},{"type":"Feature","properties":{"code":"03023","nom":"Bellerive-sur-Allier","departement":"03","region":"84"},"geometry":{"type":"MultiPolygon","coordinates":[[[[3.42083,46.11785],[3.42646,46.11703],[3.43278,46.11612],[3.43661,46.11307],[3.42319,46.10551],[3.41512,46.09798],[3.41352,46.09715],[3.41043,46.09144],[3.40781,46.0907],[3.39924,46.09246],[3.38793,46.10104],[3.38535,46.10833],[3.38229,46.10997],[3.37357,46.10678],[3.37409,46.10965],[3.37121,46.11077],[3.37017,46.11868],[3.37714,46.12549],[3.3798,46.12562],[3.37915,46.12788],[3.37396,46.12967],[3.36978,46.13342],[3.37048,46.14165],[3.3745,46.1456],[3.37483,46.14749],[3.38613,46.14955],[3.39762,46.14972],[3.41092,46.14204],[3.41235,46.137],[3.41356,46.13233],[3.41401,46.12908],[3.4121,46.12747],[3.41162,46.12561],[3.41245,46.12338],[3.4131,46.12209],[3.41525,46.1205],[3.41713,46.11923],[3.42083,46.11785]]]]}},{"type":"Feature","properties":{"code":"03024","nom":"Bert","departement":"03","region":"84"},"geometry":{"type":"MultiPolygon","coordinates":[[[[3.66617,46.31375],[3.66694,46.32059],[3.6612,46.34254],[3.66225,46.34429],[3.68276,46.35248],[3.69453,46.35001],[3.71005,46.34416],[3.73636,46.33862],[3.74524,46.33861],[3.74696,46.33968],[3.74494,46.32491],[3.74156,46.31916],[3.73409,46.31009],[3.73218,46.30398],[3.72108,46.3029],[3.71902,46.30765],[3.71315,46.31197],[3.68962,46.30658],[3.66617,46.31375]]]]}},{"type":"Feature","properties":{"code":"03025","nom":"Bessay-sur-Allier","departement":"03","region":"84"},"geometry":{"type":"MultiPolygon","coordinates":[[[[3.35583,46.42283],[3.35746,46.42796],[3.34216,46.43428],[3.32828,46.44111],[3.33154,46.44431],[3.33297,46.44889],[3.32758,46.46117],[3.32767,46.47459],[3.32647,46.48665],[3.34643,46.48184],[3.34812,46.48307],[3.38399,46.4792],[3.38651,46.47974],[3.38786,46.47764],[3.38424,46.46687],[3.38766,46.46153],[3.40722,46.451],[3.40962,46.44905],[3.41595,46.43603],[3.41412,46.435],[3.41454,46.43338],[3.402,46.42333],[3.38928,46.41935],[3.38497,46.41579],[3.38319,46.41476],[3.37948,46.41473],[3.35713,46.4199],[3.35608,46.42045],[3.35583,46.42283]]]]}},{"type":"Feature","properties":{"code":"03026","nom":"Besson","departement":"03","region":"84"},"geometry":{"type":"MultiPolygon","coordinates":[[[[3.19934,46.48487],[3.20791,46.49168],[3.21931,46.50499],[3.23381,46.51508],[3.23626,46.51763],[3.23777,46.52122],[3.24058,46.51973],[3.25576,46.51687],[3.26665,46.51505],[3.26975,46.51584],[3.2888,46.50989],[3.2887,46.50893],[3.28762,46.49588],[3.29156,46.49326],[3.29418,46.49023],[3.30154,46.47881],[3.30279,46.46982],[3.3011,46.45642],[3.2986,46.4504],[3.29586,46.44852],[3.29632,46.44797],[3.29432,46.44739],[3.29084,46.44413],[3.28371,46.44286],[3.27715,46.44351],[3.25258,46.45617],[3.24659,46.45713],[3.24163,46.45684],[3.22296,46.45154],[3.22008,46.45333],[3.20927,46.46377],[3.20164,46.48157],[3.19934,46.48487]]]]}},{"type":"Feature","properties":{"code":"03027","nom":"Bézenet","departement":"03","region":"84"},"geometry":{"type":"MultiPolygon","coordinates":[[[[2.84122,46.35509],[2.84842,46.35304],[2.84965,46.35232],[2.84886,46.35144],[2.84978,46.35018],[2.86509,46.3448],[2.86887,46.32781],[2.86624,46.32217],[2.86151,46.31546],[2.8544,46.31144],[2.8512,46.31392],[2.84346,46.31617],[2.83812,46.31898],[2.83284,46.32582],[2.82301,46.33601],[2.82576,46.33709],[2.83703,46.34472],[2.84116,46.35232],[2.84122,46.35509]]]]}},{"type":"Feature","properties":{"code":"03028","nom":"Billezois","departement":"03","region":"84"},"geometry":{"type":"MultiPolygon","coordinates":[[[[3.54188,46.21294],[3.54339,46.21292],[3.56404,46.22709],[3.58897,46.23003],[3.58974,46.2278],[3.59218,46.22152],[3.60655,46.22317],[3.61134,46.22468],[3.6115,46.2186],[3.61351,46.21385],[3.60998,46.21303],[3.5996,46.20415],[3.593,46.19621],[3.59235,46.19208],[3.59039,46.18905],[3.58304,46.18756],[3.57207,46.18984],[3.56011,46.19009],[3.55614,46.19936],[3.54861,46.20776],[3.53813,46.2106],[3.5394,46.21255],[3.54188,46.21294]]]]}},{"type":"Feature","properties":{"code":"03029","nom":"Billy","departement":"03","region":"84"},"geometry":{"type":"MultiPolygon","coordinates":[[[[3.42117,46.24705],[3.44619,46.24935],[3.44872,46.24942],[3.45038,46.25029],[3.45548,46.25041],[3.46177,46.24617],[3.46304,46.2393],[3.46388,46.23876],[3.46373,46.23649],[3.45686,46.23709],[3.45426,46.23451],[3.45396,46.22715],[3.45847,46.2235],[3.46104,46.22035],[3.46087,46.21911],[3.44713,46.218],[3.44207,46.21454],[3.43874,46.21604],[3.42997,46.21513],[3.42111,46.21286],[3.41885,46.2233],[3.42422,46.23465],[3.42492,46.24084],[3.42117,46.24705]]]]}},{"type":"Feature","properties":{"code":"03030","nom":"Biozat","departement":"03","region":"84"},"geometry":{"type":"MultiPolygon","coordinates":[[[[3.25856,46.10031],[3.27122,46.09633],[3.308,46.09698],[3.31731,46.09586],[3.31745,46.08932],[3.32207,46.08332],[3.32968,46.08042],[3.33225,46.08094],[3.33282,46.08032],[3.33159,46.07744],[3.3291,46.07577],[3.30711,46.07013],[3.30505,46.06922],[3.30246,46.06594],[3.28692,46.0654],[3.27926,46.06426],[3.26548,46.06452],[3.25658,46.06596],[3.25888,46.0669],[3.26183,46.07641],[3.25868,46.08611],[3.25407,46.09258],[3.25856,46.10031]]]]}},{"type":"Feature","properties":{"code":"03031","nom":"Bizeneuille","departement":"03","region":"84"},"geometry":{"type":"MultiPolygon","coordinates":[[[[2.7001,46.37536],[2.69346,46.38243],[2.70148,46.39467],[2.7075,46.40052],[2.71053,46.40478],[2.70988,46.41013],[2.70309,46.41408],[2.69627,46.42701],[2.70067,46.43288],[2.70078,46.43476],[2.70206,46.43625],[2.70846,46.43561],[2.72579,46.43208],[2.73757,46.43169],[2.74245,46.43045],[2.75046,46.42516],[2.75162,46.42593],[2.75538,46.41842],[2.76305,46.41428],[2.77849,46.40769],[2.77692,46.40431],[2.75995,46.39071],[2.75222,46.38562],[2.74262,46.3813],[2.74591,46.37384],[2.7421,46.37131],[2.72747,46.37019],[2.72095,46.36817],[2.71591,46.36844],[2.70729,46.37037],[2.7001,46.37536]]]]}},{"type":"Feature","properties":{"code":"03032","nom":"Blomard","departement":"03","region":"84"},"geometry":{"type":"MultiPolygon","coordinates":[[[[2.96934,46.31083],[2.97542,46.30963],[2.99134,46.30171],[3.0104,46.2992],[3.00541,46.29138],[3.00333,46.28502],[3.00499,46.2754],[2.98874,46.27745],[2.97672,46.2765],[2.96644,46.27018],[2.95588,46.26832],[2.94213,46.26702],[2.9248,46.26921],[2.91841,46.28554],[2.9314,46.29741],[2.94789,46.297],[2.94878,46.29879],[2.94957,46.30121],[2.94889,46.30374],[2.95456,46.31221],[2.96138,46.31523],[2.96934,46.31083]]]]}},{"type":"Feature","properties":{"code":"03033","nom":"Bost","departement":"03","region":"84"},"geometry":{"type":"MultiPolygon","coordinates":[[[[3.49356,46.17275],[3.48448,46.17867],[3.48302,46.18063],[3.48252,46.18422],[3.48347,46.18452],[3.48482,46.19057],[3.49015,46.19452],[3.49528,46.19711],[3.50648,46.20159],[3.51783,46.20209],[3.51748,46.20025],[3.5211,46.18839],[3.51968,46.1831],[3.52187,46.17647],[3.52534,46.17095],[3.51831,46.1641],[3.51686,46.16413],[3.50891,46.169],[3.50157,46.16942],[3.49356,46.17275]]]]}},{"type":"Feature","properties":{"code":"03034","nom":"Boucé","departement":"03","region":"84"},"geometry":{"type":"MultiPolygon","coordinates":[[[[3.49951,46.34519],[3.50848,46.33866],[3.51243,46.33934],[3.52409,46.33691],[3.5257,46.33495],[3.5261,46.32981],[3.5237,46.31925],[3.52493,46.31631],[3.53181,46.30835],[3.52688,46.30978],[3.52237,46.30985],[3.51148,46.3057],[3.50369,46.30129],[3.49328,46.29815],[3.48993,46.2928],[3.48756,46.29304],[3.47865,46.2898],[3.47371,46.29484],[3.47127,46.29469],[3.47118,46.30285],[3.46889,46.30945],[3.46715,46.31254],[3.46172,46.31669],[3.46006,46.33133],[3.4612,46.33587],[3.46418,46.33847],[3.47027,46.34109],[3.47828,46.34282],[3.49951,46.34519]]]]}},{"type":"Feature","properties":{"code":"03035","nom":"Le Bouchaud","departement":"03","region":"84"},"geometry":{"type":"MultiPolygon","coordinates":[[[[3.93767,46.33631],[3.93991,46.3332],[3.93971,46.33049],[3.94505,46.31738],[3.94581,46.30641],[3.94778,46.30562],[3.9475,46.30341],[3.94005,46.2985],[3.9347,46.29666],[3.93001,46.29597],[3.91413,46.29685],[3.90117,46.2923],[3.89124,46.28525],[3.89394,46.27981],[3.89953,46.27593],[3.8955,46.27465],[3.88646,46.27381],[3.87838,46.28454],[3.87286,46.28674],[3.86705,46.2952],[3.86604,46.29858],[3.87078,46.30143],[3.8725,46.3046],[3.87696,46.31928],[3.89355,46.32057],[3.90006,46.32278],[3.90171,46.32515],[3.9066,46.3291],[3.91459,46.33254],[3.92936,46.33502],[3.93767,46.33631]]]]}},{"type":"Feature","properties":{"code":"03036","nom":"Bourbon-l'Archambault","departement":"03","region":"84"},"geometry":{"type":"MultiPolygon","coordinates":[[[[3.1046,46.60816],[3.10411,46.60599],[3.10675,46.5993],[3.10689,46.59447],[3.10544,46.58931],[3.09963,46.58223],[3.09558,46.57038],[3.10479,46.56466],[3.10792,46.56508],[3.09498,46.55882],[3.08867,46.55154],[3.08502,46.54268],[3.07654,46.54198],[3.06907,46.54942],[3.06787,46.54927],[3.05334,46.54565],[3.04781,46.55324],[3.03182,46.55925],[3.02518,46.5605],[3.0066,46.55641],[3.00426,46.55877],[3.00249,46.55851],[2.9964,46.55675],[2.99371,46.55519],[2.98917,46.55826],[2.99029,46.56651],[2.99377,46.57531],[2.99474,46.5812],[2.99306,46.58762],[2.98161,46.58994],[2.98291,46.59119],[2.99014,46.5919],[2.99344,46.59306],[3.00491,46.60088],[3.00795,46.60598],[3.01356,46.60424],[3.02913,46.60984],[3.03903,46.61689],[3.04596,46.62056],[3.05758,46.62316],[3.07534,46.61668],[3.09267,46.61626],[3.10262,46.61284],[3.1046,46.60816]]]]}},{"type":"Feature","properties":{"code":"03037","nom":"Braize","departement":"03","region":"84"},"geometry":{"type":"MultiPolygon","coordinates":[[[[2.62418,46.65609],[2.62381,46.6567],[2.62935,46.66293],[2.63149,46.66876],[2.62808,46.67438],[2.62388,46.67561],[2.62081,46.6809],[2.62023,46.68398],[2.62334,46.6887],[2.62546,46.69003],[2.6282,46.69033],[2.63738,46.69168],[2.64188,46.69027],[2.64507,46.68795],[2.64808,46.68908],[2.65036,46.68525],[2.66083,46.67876],[2.66731,46.66638],[2.6804,46.65242],[2.69293,46.64628],[2.70923,46.63971],[2.64595,46.6321],[2.63818,46.63271],[2.63967,46.63477],[2.63902,46.63899],[2.63447,46.65053],[2.62972,46.6524],[2.62418,46.65609]]]]}},{"type":"Feature","properties":{"code":"03038","nom":"Bransat","departement":"03","region":"84"},"geometry":{"type":"MultiPolygon","coordinates":[[[[3.24873,46.33593],[3.24869,46.32291],[3.25095,46.31876],[3.2504,46.31766],[3.24301,46.31662],[3.23103,46.31277],[3.2252,46.30798],[3.20897,46.31321],[3.20594,46.31523],[3.19635,46.3161],[3.18445,46.31615],[3.18191,46.31771],[3.19479,46.33472],[3.20102,46.35248],[3.20386,46.35489],[3.21394,46.35872],[3.21775,46.35817],[3.21667,46.3579],[3.2198,46.34124],[3.22462,46.33756],[3.22769,46.33618],[3.2449,46.33924],[3.24791,46.3375],[3.24873,46.33593]]]]}},{"type":"Feature","properties":{"code":"03039","nom":"Bresnay","departement":"03","region":"84"},"geometry":{"type":"MultiPolygon","coordinates":[[[[3.2644,46.42016],[3.23809,46.41268],[3.22439,46.41023],[3.22131,46.4101],[3.21453,46.41145],[3.20819,46.41755],[3.2076,46.42017],[3.21347,46.43195],[3.21421,46.43897],[3.21999,46.45034],[3.22296,46.45154],[3.24163,46.45684],[3.24659,46.45713],[3.25258,46.45617],[3.27715,46.44351],[3.28371,46.44286],[3.29084,46.44413],[3.29432,46.44739],[3.29632,46.44797],[3.30169,46.44438],[3.30594,46.4441],[3.30208,46.43588],[3.29982,46.43324],[3.27596,46.42238],[3.27257,46.42117],[3.2644,46.42016]]]]}},{"type":"Feature","properties":{"code":"03040","nom":"Bressolles","departement":"03","region":"84"},"geometry":{"type":"MultiPolygon","coordinates":[[[[3.23777,46.52122],[3.23752,46.52279],[3.24026,46.53055],[3.24292,46.53326],[3.24936,46.53618],[3.25006,46.53201],[3.25865,46.53225],[3.27007,46.53576],[3.27818,46.54038],[3.29623,46.54621],[3.3137,46.55005],[3.31471,46.55426],[3.31899,46.55267],[3.33351,46.53845],[3.3345,46.52134],[3.3314,46.5107],[3.3298,46.50853],[3.32609,46.50815],[3.30824,46.50956],[3.2887,46.50893],[3.2888,46.50989],[3.26975,46.51584],[3.26665,46.51505],[3.25576,46.51687],[3.24058,46.51973],[3.23777,46.52122]]]]}},{"type":"Feature","properties":{"code":"03041","nom":"Le Brethon","departement":"03","region":"84"},"geometry":{"type":"MultiPolygon","coordinates":[[[[2.66588,46.55277],[2.66634,46.55543],[2.66296,46.56135],[2.65179,46.57268],[2.65633,46.57489],[2.66778,46.58678],[2.67615,46.58901],[2.68162,46.59409],[2.69874,46.60072],[2.70937,46.60375],[2.72074,46.61106],[2.72797,46.6238],[2.72809,46.63178],[2.72685,46.63347],[2.73146,46.63324],[2.7461,46.63064],[2.75327,46.6175],[2.75537,46.6043],[2.77257,46.59634],[2.77533,46.59442],[2.76281,46.58331],[2.75507,46.57307],[2.74815,46.56794],[2.74121,46.56428],[2.73308,46.56302],[2.71783,46.55644],[2.71008,46.55485],[2.70326,46.5546],[2.69568,46.55278],[2.68986,46.54853],[2.68958,46.54633],[2.67706,46.54632],[2.67263,46.547],[2.67113,46.54764],[2.66998,46.55026],[2.67157,46.551],[2.67225,46.5539],[2.66588,46.55277]]]]}},{"type":"Feature","properties":{"code":"03042","nom":"Le Breuil","departement":"03","region":"84"},"geometry":{"type":"MultiPolygon","coordinates":[[[[3.67616,46.13773],[3.6744,46.14002],[3.66947,46.14102],[3.66067,46.1388],[3.65843,46.13712],[3.6548,46.14769],[3.64446,46.15927],[3.63102,46.17237],[3.62744,46.18096],[3.63114,46.19007],[3.62394,46.19548],[3.62755,46.19847],[3.62887,46.20344],[3.64303,46.20277],[3.65464,46.20125],[3.6665,46.2048],[3.67693,46.21354],[3.68164,46.21161],[3.70261,46.19712],[3.70887,46.18278],[3.70804,46.17578],[3.70252,46.16881],[3.69034,46.14685],[3.6916,46.14354],[3.69047,46.14163],[3.68215,46.13845],[3.67616,46.13773]]]]}},{"type":"Feature","properties":{"code":"03043","nom":"Broût-Vernet","departement":"03","region":"84"},"geometry":{"type":"MultiPolygon","coordinates":[[[[3.33213,46.18212],[3.33045,46.17965],[3.32404,46.17672],[3.31698,46.17379],[3.31409,46.17336],[3.29646,46.17622],[3.28145,46.17594],[3.28001,46.17383],[3.26888,46.1672],[3.26447,46.16685],[3.26206,46.16467],[3.2604,46.16431],[3.26053,46.16672],[3.25738,46.17419],[3.2495,46.18164],[3.24813,46.18205],[3.24083,46.17895],[3.23927,46.17985],[3.24106,46.18222],[3.24031,46.18795],[3.24738,46.19413],[3.25382,46.19649],[3.26194,46.20177],[3.26689,46.2082],[3.26664,46.21514],[3.2626,46.22163],[3.2608,46.23469],[3.26397,46.23217],[3.27229,46.23087],[3.29255,46.2327],[3.29451,46.23403],[3.30009,46.22581],[3.29892,46.2198],[3.30776,46.20988],[3.31605,46.20334],[3.31797,46.20257],[3.32693,46.20216],[3.33441,46.20056],[3.34728,46.19577],[3.34381,46.19172],[3.33426,46.18574],[3.33213,46.18212]]]]}},{"type":"Feature","properties":{"code":"03044","nom":"Brugheas","departement":"03","region":"84"},"geometry":{"type":"MultiPolygon","coordinates":[[[[3.4196,46.07442],[3.40679,46.06807],[3.37708,46.05986],[3.36028,46.05326],[3.35244,46.05212],[3.33617,46.04631],[3.33161,46.04395],[3.33136,46.0548],[3.32456,46.0562],[3.31353,46.05665],[3.31699,46.05911],[3.31934,46.06139],[3.31718,46.06203],[3.30609,46.06089],[3.30122,46.06116],[3.30246,46.06594],[3.30505,46.06922],[3.30711,46.07013],[3.3291,46.07577],[3.33159,46.07744],[3.33282,46.08032],[3.33559,46.08353],[3.34091,46.08551],[3.35909,46.08428],[3.36719,46.085],[3.37788,46.09074],[3.38584,46.10063],[3.38793,46.10104],[3.39924,46.09246],[3.40781,46.0907],[3.41043,46.09144],[3.41352,46.09715],[3.41512,46.09798],[3.42168,46.09055],[3.42136,46.0808],[3.4196,46.07442]]]]}},{"type":"Feature","properties":{"code":"03045","nom":"Busset","departement":"03","region":"84"},"geometry":{"type":"MultiPolygon","coordinates":[[[[3.48004,46.08205],[3.48494,46.08355],[3.48773,46.08671],[3.48893,46.08742],[3.5009,46.08755],[3.50888,46.09606],[3.50838,46.10133],[3.50933,46.10149],[3.51863,46.09582],[3.52056,46.09558],[3.52678,46.09338],[3.5353,46.08788],[3.53731,46.08734],[3.53761,46.08719],[3.53308,46.08278],[3.53297,46.07735],[3.53741,46.06977],[3.54469,46.06396],[3.55455,46.05843],[3.55485,46.05717],[3.55318,46.05002],[3.55159,46.0482],[3.55199,46.02627],[3.55077,46.01788],[3.54874,46.01616],[3.54334,46.01641],[3.53851,46.01915],[3.52072,46.0205],[3.51574,46.02152],[3.50324,46.03088],[3.49547,46.03887],[3.48894,46.04291],[3.4778,46.04151],[3.47685,46.04152],[3.47407,46.05081],[3.473,46.05887],[3.47414,46.06448],[3.47625,46.06869],[3.48104,46.07092],[3.48004,46.08205]]]]}},{"type":"Feature","properties":{"code":"03046","nom":"Buxières-les-Mines","departement":"03","region":"84"},"geometry":{"type":"MultiPolygon","coordinates":[[[[2.96554,46.50862],[2.97185,46.50771],[2.98031,46.50857],[2.98505,46.50335],[2.98849,46.49717],[2.99205,46.4872],[2.99168,46.48385],[2.99602,46.47592],[3.00393,46.46983],[3.00721,46.46577],[3.00703,46.45618],[3.00772,46.45218],[3.0095,46.44969],[2.99867,46.44051],[2.9911,46.43585],[2.98648,46.43388],[2.98555,46.43435],[2.97689,46.43835],[2.9639,46.44028],[2.94946,46.44471],[2.94037,46.44529],[2.93217,46.44492],[2.93065,46.44026],[2.92847,46.44006],[2.92295,46.44019],[2.9095,46.44773],[2.90757,46.44659],[2.90885,46.45393],[2.9061,46.4593],[2.89931,46.46316],[2.87868,46.47081],[2.90104,46.47127],[2.90279,46.47699],[2.90639,46.48053],[2.91597,46.48313],[2.91901,46.49119],[2.92408,46.49951],[2.92778,46.50008],[2.93924,46.50193],[2.94979,46.50162],[2.95669,46.50275],[2.96554,46.50862]]]]}},{"type":"Feature","properties":{"code":"03047","nom":"La Celle","departement":"03","region":"84"},"geometry":{"type":"MultiPolygon","coordinates":[[[[2.81037,46.19617],[2.80862,46.19474],[2.80137,46.19721],[2.79126,46.19918],[2.78678,46.19858],[2.78124,46.20423],[2.77007,46.21111],[2.75237,46.21562],[2.73262,46.22349],[2.72485,46.22902],[2.73428,46.2374],[2.74089,46.24511],[2.75391,46.2576],[2.75893,46.25872],[2.76434,46.25843],[2.76854,46.25689],[2.77102,46.2544],[2.78358,46.25375],[2.79092,46.24693],[2.79938,46.24222],[2.80403,46.24081],[2.81634,46.24506],[2.81819,46.24425],[2.8192,46.2419],[2.81869,46.23291],[2.82105,46.22758],[2.82291,46.22593],[2.82317,46.21992],[2.81856,46.21867],[2.81738,46.2169],[2.81746,46.20863],[2.81413,46.20014],[2.81037,46.19617]]]]}},{"type":"Feature","properties":{"code":"03048","nom":"Cérilly","departement":"03","region":"84"},"geometry":{"type":"MultiPolygon","coordinates":[[[[2.88787,46.63222],[2.87895,46.62194],[2.86858,46.61335],[2.85565,46.6043],[2.83765,46.59646],[2.82855,46.58555],[2.82025,46.58501],[2.8012,46.58054],[2.79737,46.58024],[2.78919,46.58309],[2.78379,46.58719],[2.77979,46.59177],[2.77533,46.59442],[2.77257,46.59634],[2.75537,46.6043],[2.75327,46.6175],[2.7461,46.63064],[2.73146,46.63324],[2.73755,46.64485],[2.74353,46.64809],[2.74477,46.64971],[2.79557,46.66165],[2.81201,46.66155],[2.82144,46.66666],[2.82148,46.66829],[2.8327,46.6725],[2.84463,46.66643],[2.84372,46.66339],[2.84477,46.65303],[2.85352,46.64828],[2.86501,46.64637],[2.8765,46.64216],[2.88113,46.6386],[2.88402,46.63379],[2.88787,46.63222]]]]}},{"type":"Feature","properties":{"code":"03049","nom":"Cesset","departement":"03","region":"84"},"geometry":{"type":"MultiPolygon","coordinates":[[[[3.18191,46.31771],[3.18445,46.31615],[3.19635,46.3161],[3.20594,46.31523],[3.20897,46.31321],[3.2252,46.30798],[3.22196,46.30181],[3.22893,46.30076],[3.2186,46.2882],[3.2162,46.28498],[3.21567,46.28214],[3.21357,46.28118],[3.18945,46.282],[3.18323,46.28643],[3.17859,46.29836],[3.17602,46.30224],[3.16866,46.30788],[3.17243,46.31181],[3.18191,46.31771]]]]}},{"type":"Feature","properties":{"code":"03050","nom":"La Chabanne","departement":"03","region":"84"},"geometry":{"type":"MultiPolygon","coordinates":[[[[3.70886,46.01126],[3.70751,46.0142],[3.70676,46.0202],[3.7031,46.02219],[3.70708,46.02789],[3.70933,46.02923],[3.72683,46.03117],[3.7378,46.04051],[3.73905,46.04269],[3.74562,46.04606],[3.75086,46.04681],[3.75722,46.04449],[3.76371,46.04337],[3.76964,46.04242],[3.77457,46.03724],[3.77974,46.03409],[3.7851,46.03273],[3.79902,46.02494],[3.8022,46.02232],[3.79916,46.01962],[3.7954,46.01794],[3.78499,46.01629],[3.77554,46.01295],[3.76652,46.00828],[3.7508,46.00731],[3.74178,46.00865],[3.73121,46.01043],[3.72888,46.01356],[3.72154,46.01575],[3.71796,46.01487],[3.71265,46.01206],[3.70886,46.01126]]]]}},{"type":"Feature","properties":{"code":"03051","nom":"Chambérat","departement":"03","region":"84"},"geometry":{"type":"MultiPolygon","coordinates":[[[[2.37724,46.41065],[2.39103,46.416],[2.39659,46.42067],[2.39999,46.43335],[2.41921,46.44394],[2.43,46.44297],[2.44541,46.43923],[2.46988,46.41218],[2.47127,46.40477],[2.47432,46.40117],[2.46265,46.39703],[2.44589,46.39571],[2.43971,46.39599],[2.43477,46.39343],[2.40625,46.39204],[2.40037,46.39399],[2.39095,46.39521],[2.38643,46.39285],[2.38353,46.38759],[2.38098,46.38514],[2.37201,46.38703],[2.37118,46.38898],[2.38343,46.39621],[2.38275,46.40644],[2.37724,46.41065]]]]}},{"type":"Feature","properties":{"code":"03052","nom":"Chamblet","departement":"03","region":"84"},"geometry":{"type":"MultiPolygon","coordinates":[[[[2.72433,46.30731],[2.71831,46.30504],[2.71418,46.30819],[2.68863,46.31508],[2.68275,46.3179],[2.66334,46.33013],[2.66609,46.33382],[2.67333,46.33803],[2.70158,46.34558],[2.71747,46.34749],[2.72417,46.34661],[2.73434,46.34273],[2.74885,46.34418],[2.74937,46.33685],[2.75241,46.33044],[2.75521,46.31852],[2.72628,46.31222],[2.72079,46.31012],[2.72433,46.30731]]]]}},{"type":"Feature","properties":{"code":"03053","nom":"Chantelle","departement":"03","region":"84"},"geometry":{"type":"MultiPolygon","coordinates":[[[[3.12303,46.23066],[3.1215,46.23236],[3.1244,46.23593],[3.12941,46.23881],[3.1385,46.23912],[3.15204,46.24074],[3.16664,46.24531],[3.17143,46.24866],[3.16811,46.25504],[3.17139,46.26195],[3.18441,46.25739],[3.18671,46.2546],[3.18234,46.25022],[3.17946,46.23967],[3.18129,46.23288],[3.18779,46.23148],[3.18286,46.22447],[3.17734,46.22199],[3.17132,46.22673],[3.16188,46.2222],[3.14788,46.22036],[3.12303,46.23066]]]]}},{"type":"Feature","properties":{"code":"03054","nom":"Chapeau","departement":"03","region":"84"},"geometry":{"type":"MultiPolygon","coordinates":[[[[3.56705,46.47148],[3.55986,46.46834],[3.52434,46.47303],[3.51244,46.47094],[3.504,46.47033],[3.48817,46.47095],[3.48676,46.47043],[3.47369,46.47563],[3.46837,46.4788],[3.46637,46.48786],[3.46563,46.49729],[3.46218,46.49868],[3.45785,46.49908],[3.46111,46.50274],[3.46775,46.50773],[3.48304,46.51265],[3.50854,46.51448],[3.52897,46.51492],[3.53049,46.51333],[3.5454,46.51331],[3.55899,46.51016],[3.56079,46.48873],[3.56504,46.48191],[3.56574,46.47837],[3.56751,46.4733],[3.56705,46.47148]]]]}},{"type":"Feature","properties":{"code":"03055","nom":"La Chapelaude","departement":"03","region":"84"},"geometry":{"type":"MultiPolygon","coordinates":[[[[2.52755,46.40723],[2.52595,46.40717],[2.51549,46.41332],[2.507,46.4168],[2.50305,46.41514],[2.49651,46.40955],[2.49072,46.40619],[2.48622,46.40466],[2.47655,46.40313],[2.47432,46.40117],[2.47127,46.40477],[2.46988,46.41218],[2.44541,46.43923],[2.48971,46.44931],[2.49005,46.44843],[2.49768,46.45129],[2.504,46.45226],[2.50648,46.44981],[2.50644,46.44828],[2.51414,46.43794],[2.53295,46.43675],[2.54952,46.43942],[2.55923,46.43841],[2.5681,46.43826],[2.57262,46.43465],[2.57737,46.42748],[2.57169,46.42159],[2.56773,46.42171],[2.56118,46.42365],[2.55451,46.4242],[2.53224,46.41608],[2.53095,46.41505],[2.534,46.40878],[2.52755,46.40723]]]]}},{"type":"Feature","properties":{"code":"03056","nom":"La Chapelle","departement":"03","region":"84"},"geometry":{"type":"MultiPolygon","coordinates":[[[[3.6432,46.0819],[3.64099,46.08144],[3.62869,46.07352],[3.62068,46.07175],[3.61024,46.07626],[3.60775,46.0794],[3.60171,46.08529],[3.59692,46.08603],[3.5739,46.07325],[3.56248,46.06993],[3.54644,46.07396],[3.54067,46.08457],[3.53761,46.08719],[3.53731,46.08734],[3.54515,46.09387],[3.5484,46.10251],[3.58035,46.10388],[3.59221,46.10195],[3.60244,46.10181],[3.61148,46.10337],[3.61915,46.10564],[3.63144,46.09634],[3.6432,46.0819]]]]}},{"type":"Feature","properties":{"code":"03057","nom":"La Chapelle-aux-Chasses","departement":"03","region":"84"},"geometry":{"type":"MultiPolygon","coordinates":[[[[3.48661,46.65408],[3.49078,46.66164],[3.5079,46.67437],[3.51217,46.68035],[3.52111,46.68588],[3.53025,46.6891],[3.53542,46.68698],[3.53771,46.68383],[3.54568,46.68233],[3.55409,46.68474],[3.5653,46.68033],[3.567,46.67924],[3.56583,46.67558],[3.56199,46.67248],[3.56134,46.66847],[3.56663,46.65877],[3.5678,46.65342],[3.56607,46.64196],[3.55786,46.63976],[3.55236,46.64096],[3.55053,46.64418],[3.54726,46.64439],[3.54172,46.64314],[3.52802,46.63654],[3.51166,46.63449],[3.50688,46.63472],[3.49493,46.64431],[3.48661,46.65408]]]]}},{"type":"Feature","properties":{"code":"03058","nom":"Chappes","departement":"03","region":"84"},"geometry":{"type":"MultiPolygon","coordinates":[[[[2.98038,46.39934],[2.97958,46.39825],[2.98105,46.39319],[2.97853,46.39218],[2.9804,46.38569],[2.97737,46.3777],[2.9758,46.36646],[2.97424,46.36458],[2.96296,46.36712],[2.9447,46.37155],[2.93029,46.36533],[2.9171,46.36336],[2.9155,46.36375],[2.90927,46.37011],[2.89983,46.38336],[2.91221,46.38753],[2.9195,46.3913],[2.93099,46.40177],[2.93071,46.40396],[2.94841,46.40093],[2.96994,46.39562],[2.97476,46.39672],[2.98038,46.39934]]]]}},{"type":"Feature","properties":{"code":"03059","nom":"Chareil-Cintrat","departement":"03","region":"84"},"geometry":{"type":"MultiPolygon","coordinates":[[[[3.2404,46.24953],[3.23721,46.24662],[3.22644,46.24396],[3.21684,46.24421],[3.2126,46.2465],[3.2014,46.26284],[3.21366,46.26928],[3.21567,46.28214],[3.2162,46.28498],[3.2186,46.2882],[3.22087,46.28572],[3.23785,46.28324],[3.25458,46.27874],[3.25731,46.28027],[3.25941,46.28033],[3.2636,46.27893],[3.26332,46.27787],[3.24391,46.26751],[3.24162,46.26471],[3.24085,46.26302],[3.24277,46.25164],[3.2404,46.24953]]]]}},{"type":"Feature","properties":{"code":"03060","nom":"Charmeil","departement":"03","region":"84"},"geometry":{"type":"MultiPolygon","coordinates":[[[[3.41092,46.14204],[3.39762,46.14972],[3.38613,46.14955],[3.37483,46.14749],[3.36864,46.15143],[3.37118,46.15394],[3.37645,46.16234],[3.3804,46.17308],[3.3809,46.17372],[3.39167,46.17393],[3.40131,46.17258],[3.40942,46.17377],[3.40993,46.17283],[3.40695,46.16075],[3.41039,46.15301],[3.40989,46.14463],[3.41092,46.14204]]]]}},{"type":"Feature","properties":{"code":"03061","nom":"Charmes","departement":"03","region":"84"},"geometry":{"type":"MultiPolygon","coordinates":[[[[3.25856,46.10031],[3.25407,46.09258],[3.25868,46.08611],[3.26183,46.07641],[3.25888,46.0669],[3.25658,46.06596],[3.24241,46.06286],[3.23145,46.06793],[3.23247,46.06967],[3.23431,46.07231],[3.24243,46.07944],[3.23236,46.08428],[3.22979,46.09682],[3.22794,46.10058],[3.25994,46.10338],[3.25856,46.10031]]]]}},{"type":"Feature","properties":{"code":"03062","nom":"Charroux","departement":"03","region":"84"},"geometry":{"type":"MultiPolygon","coordinates":[[[[3.13409,46.18499],[3.1374,46.18587],[3.14563,46.19095],[3.16714,46.19937],[3.17314,46.19815],[3.18379,46.19093],[3.18478,46.18938],[3.1859,46.18752],[3.18873,46.18579],[3.19036,46.18287],[3.19103,46.17725],[3.1829,46.17488],[3.16844,46.16126],[3.16467,46.16291],[3.15526,46.16992],[3.14956,46.1729],[3.14556,46.17227],[3.14118,46.17368],[3.14277,46.17912],[3.14219,46.18246],[3.14081,46.18411],[3.13858,46.18217],[3.13592,46.18219],[3.13409,46.18499]]]]}},{"type":"Feature","properties":{"code":"03063","nom":"Chassenard","departement":"03","region":"84"},"geometry":{"type":"MultiPolygon","coordinates":[[[[3.97757,46.39787],[3.96119,46.3977],[3.96539,46.41998],[3.96092,46.42516],[3.94364,46.43794],[3.93873,46.4441],[3.94779,46.44947],[3.95384,46.45511],[3.95281,46.45933],[3.94998,46.4638],[3.95763,46.47092],[3.96378,46.47495],[3.96538,46.47718],[3.96507,46.47809],[3.9774,46.47544],[3.9787,46.47439],[3.9902,46.4698],[3.99841,46.46531],[4.00097,46.46175],[4.00153,46.45866],[4.00012,46.45641],[4.00063,46.44342],[3.99418,46.435],[3.9946,46.42943],[3.9961,46.42738],[3.99531,46.4251],[3.98425,46.41887],[3.98433,46.41671],[3.98814,46.41179],[3.9887,46.40877],[3.98329,46.40351],[3.97818,46.40115],[3.97757,46.39787]]]]}},{"type":"Feature","properties":{"code":"03064","nom":"Château-sur-Allier","departement":"03","region":"84"},"geometry":{"type":"MultiPolygon","coordinates":[[[[3.03206,46.79491],[3.0323,46.79335],[3.03593,46.78883],[3.03674,46.78461],[3.03619,46.77648],[3.03757,46.77285],[3.03532,46.76404],[3.0237,46.76413],[3.01306,46.7671],[2.99468,46.76683],[2.99508,46.76636],[2.98311,46.76047],[2.96991,46.75845],[2.96246,46.76321],[2.95416,46.76383],[2.94349,46.77562],[2.93323,46.77951],[2.93146,46.78138],[2.93116,46.78596],[2.93289,46.78736],[2.9378,46.78847],[2.93996,46.79316],[2.94144,46.79512],[2.94258,46.79429],[2.95331,46.79194],[2.95897,46.79984],[2.95961,46.80429],[2.96055,46.8037],[2.97767,46.80383],[2.98331,46.80276],[2.98895,46.80005],[3.00326,46.79803],[3.0173,46.79994],[3.02091,46.79865],[3.02527,46.79467],[3.02973,46.79429],[3.03206,46.79491]]]]}},{"type":"Feature","properties":{"code":"03065","nom":"Châtel-de-Neuvre","departement":"03","region":"84"},"geometry":{"type":"MultiPolygon","coordinates":[[[[3.32828,46.44111],[3.32469,46.43523],[3.3239,46.4272],[3.32645,46.42083],[3.3267,46.41633],[3.32434,46.4047],[3.32199,46.3989],[3.31596,46.39381],[3.30536,46.39649],[3.28286,46.39399],[3.27299,46.39377],[3.2643,46.39514],[3.26419,46.41292],[3.2658,46.41655],[3.2644,46.42016],[3.27257,46.42117],[3.27596,46.42238],[3.29982,46.43324],[3.30208,46.43588],[3.30594,46.4441],[3.30836,46.44428],[3.32828,46.44111]]]]}},{"type":"Feature","properties":{"code":"03066","nom":"Châtel-Montagne","departement":"03","region":"84"},"geometry":{"type":"MultiPolygon","coordinates":[[[[3.65843,46.13712],[3.66067,46.1388],[3.66947,46.14102],[3.6744,46.14002],[3.67616,46.13773],[3.67578,46.13678],[3.68382,46.12969],[3.69857,46.12582],[3.71111,46.11719],[3.7198,46.11575],[3.7278,46.11338],[3.74226,46.10732],[3.76144,46.10075],[3.77324,46.10011],[3.77554,46.09158],[3.78498,46.07794],[3.78556,46.07439],[3.78376,46.0715],[3.77417,46.06374],[3.76206,46.06278],[3.75399,46.06675],[3.74368,46.07984],[3.72536,46.08521],[3.71554,46.08755],[3.70761,46.08463],[3.69507,46.08144],[3.68448,46.08649],[3.67666,46.09173],[3.65947,46.1093],[3.65851,46.12065],[3.65548,46.13184],[3.65753,46.1339],[3.65843,46.13712]]]]}},{"type":"Feature","properties":{"code":"03067","nom":"Châtelperron","departement":"03","region":"84"},"geometry":{"type":"MultiPolygon","coordinates":[[[[3.62293,46.36879],[3.62335,46.36926],[3.62163,46.36947],[3.61836,46.36852],[3.6164,46.37101],[3.61421,46.38087],[3.6111,46.38601],[3.60024,46.39428],[3.60941,46.40933],[3.61872,46.42117],[3.62561,46.42339],[3.63508,46.42358],[3.64418,46.42064],[3.64945,46.42058],[3.64997,46.42108],[3.65198,46.41971],[3.65451,46.41547],[3.65556,46.41133],[3.65359,46.40612],[3.66075,46.39167],[3.66164,46.38435],[3.64931,46.37474],[3.63511,46.37017],[3.6261,46.36869],[3.62293,46.36879]]]]}},{"type":"Feature","properties":{"code":"03069","nom":"Châtillon","departement":"03","region":"84"},"geometry":{"type":"MultiPolygon","coordinates":[[[[3.08238,46.44898],[3.08836,46.44943],[3.09951,46.45436],[3.10428,46.46002],[3.11422,46.46608],[3.12797,46.46812],[3.14169,46.48646],[3.14406,46.48759],[3.14646,46.4882],[3.15308,46.48708],[3.16094,46.47883],[3.16331,46.47266],[3.16128,46.47229],[3.15697,46.45976],[3.15156,46.45509],[3.13421,46.45435],[3.13032,46.4562],[3.12465,46.45609],[3.12025,46.45155],[3.11779,46.4399],[3.11527,46.43934],[3.10098,46.43966],[3.08257,46.44813],[3.08238,46.44898]]]]}},{"type":"Feature","properties":{"code":"03070","nom":"Chavenon","departement":"03","region":"84"},"geometry":{"type":"MultiPolygon","coordinates":[[[[2.92847,46.44006],[2.93065,46.44026],[2.93217,46.44492],[2.94037,46.44529],[2.94946,46.44471],[2.9639,46.44028],[2.97689,46.43835],[2.98555,46.43435],[2.97526,46.42338],[2.9716,46.41577],[2.97086,46.4107],[2.97286,46.40613],[2.97696,46.40134],[2.98038,46.39934],[2.97476,46.39672],[2.96994,46.39562],[2.94841,46.40093],[2.93071,46.40396],[2.92926,46.40422],[2.9257,46.41349],[2.92926,46.42904],[2.92766,46.43447],[2.92847,46.44006]]]]}},{"type":"Feature","properties":{"code":"03071","nom":"Chavroches","departement":"03","region":"84"},"geometry":{"type":"MultiPolygon","coordinates":[[[[3.57224,46.3437],[3.57171,46.34636],[3.56719,46.3474],[3.56444,46.34959],[3.56531,46.35428],[3.56803,46.35453],[3.57682,46.35797],[3.5797,46.3665],[3.59612,46.36488],[3.61836,46.36852],[3.62163,46.36947],[3.62335,46.36926],[3.62293,46.36879],[3.62082,46.36604],[3.61996,46.35944],[3.63048,46.35035],[3.63235,46.34695],[3.63171,46.34607],[3.61937,46.3474],[3.60799,46.34476],[3.59665,46.34064],[3.58937,46.3389],[3.58298,46.33985],[3.57224,46.3437]]]]}},{"type":"Feature","properties":{"code":"03072","nom":"Chazemais","departement":"03","region":"84"},"geometry":{"type":"MultiPolygon","coordinates":[[[[2.53665,46.5197],[2.53613,46.51742],[2.54095,46.51745],[2.54969,46.51885],[2.5575,46.51858],[2.56569,46.51322],[2.56901,46.49616],[2.55948,46.49285],[2.55289,46.4885],[2.54776,46.48096],[2.54734,46.47869],[2.53303,46.47818],[2.52095,46.45907],[2.52183,46.45558],[2.50648,46.44981],[2.504,46.45226],[2.49768,46.45129],[2.49005,46.44843],[2.48971,46.44931],[2.49039,46.45243],[2.48871,46.45606],[2.48915,46.4752],[2.48216,46.48045],[2.46039,46.4898],[2.48995,46.49514],[2.49587,46.49714],[2.49829,46.50258],[2.52687,46.5085],[2.53468,46.51431],[2.53665,46.5197]]]]}},{"type":"Feature","properties":{"code":"03073","nom":"Chemilly","departement":"03","region":"84"},"geometry":{"type":"MultiPolygon","coordinates":[[[[3.3298,46.50853],[3.32522,46.49996],[3.32647,46.48665],[3.32767,46.47459],[3.32758,46.46117],[3.33297,46.44889],[3.33154,46.44431],[3.32828,46.44111],[3.30836,46.44428],[3.30594,46.4441],[3.30169,46.44438],[3.29632,46.44797],[3.29586,46.44852],[3.2986,46.4504],[3.3011,46.45642],[3.30279,46.46982],[3.30154,46.47881],[3.29418,46.49023],[3.29156,46.49326],[3.28762,46.49588],[3.2887,46.50893],[3.30824,46.50956],[3.32609,46.50815],[3.3298,46.50853]]]]}},{"type":"Feature","properties":{"code":"03074","nom":"Chevagnes","departement":"03","region":"84"},"geometry":{"type":"MultiPolygon","coordinates":[[[[3.54551,46.57777],[3.54273,46.57832],[3.53446,46.58494],[3.52682,46.58841],[3.51809,46.58771],[3.52369,46.60425],[3.52003,46.60575],[3.50568,46.60852],[3.50779,46.62862],[3.50688,46.63472],[3.51166,46.63449],[3.52802,46.63654],[3.54172,46.64314],[3.54726,46.64439],[3.55053,46.64418],[3.55236,46.64096],[3.55786,46.63976],[3.56607,46.64196],[3.57576,46.6364],[3.59293,46.63201],[3.59967,46.62958],[3.61309,46.62121],[3.61513,46.61902],[3.61565,46.61652],[3.62079,46.59833],[3.61915,46.58417],[3.60961,46.57376],[3.58642,46.57806],[3.57769,46.57835],[3.56815,46.57591],[3.54551,46.57777]]]]}},{"type":"Feature","properties":{"code":"03075","nom":"Chezelle","departement":"03","region":"84"},"geometry":{"type":"MultiPolygon","coordinates":[[[[3.09936,46.22334],[3.1215,46.23236],[3.12303,46.23066],[3.12742,46.2175],[3.12732,46.20497],[3.11252,46.1973],[3.10546,46.19664],[3.09696,46.20084],[3.09124,46.20615],[3.09591,46.21303],[3.09936,46.22334]]]]}},{"type":"Feature","properties":{"code":"03076","nom":"Chézy","departement":"03","region":"84"},"geometry":{"type":"MultiPolygon","coordinates":[[[[3.50568,46.60852],[3.502,46.60362],[3.49742,46.60118],[3.47597,46.59402],[3.45483,46.59418],[3.44765,46.59401],[3.44578,46.59333],[3.44522,46.592],[3.44708,46.58201],[3.43118,46.57856],[3.40902,46.5776],[3.39312,46.57953],[3.39969,46.59145],[3.4068,46.59894],[3.42584,46.61466],[3.44966,46.62316],[3.4594,46.63039],[3.46362,46.63562],[3.4634,46.64113],[3.45531,46.65244],[3.4569,46.65178],[3.47352,46.65368],[3.47884,46.65277],[3.48171,46.65102],[3.48608,46.65257],[3.48661,46.65408],[3.49493,46.64431],[3.50688,46.63472],[3.50779,46.62862],[3.50568,46.60852]]]]}},{"type":"Feature","properties":{"code":"03077","nom":"Chirat-l'Église","departement":"03","region":"84"},"geometry":{"type":"MultiPolygon","coordinates":[[[[3.0309,46.23117],[3.02014,46.22821],[3.01696,46.22649],[3.01384,46.22608],[3.00654,46.23377],[2.9962,46.24147],[2.9951,46.24286],[2.99457,46.24804],[2.99758,46.24897],[3.00766,46.25513],[3.00821,46.25756],[3.01253,46.26263],[3.03024,46.27342],[3.03284,46.27251],[3.03579,46.26985],[3.04403,46.25678],[3.05131,46.25101],[3.05859,46.25216],[3.0617,46.25868],[3.06459,46.26048],[3.06516,46.2601],[3.07057,46.25507],[3.07255,46.25195],[3.07328,46.24866],[3.07268,46.24499],[3.07009,46.24274],[3.05904,46.23242],[3.05098,46.22745],[3.03409,46.23162],[3.0309,46.23117]]]]}},{"type":"Feature","properties":{"code":"03078","nom":"Chouvigny","departement":"03","region":"84"},"geometry":{"type":"MultiPolygon","coordinates":[[[[3.02595,46.10296],[3.01425,46.10412],[3.0088,46.11524],[2.99341,46.12392],[2.9874,46.12505],[2.97592,46.12435],[2.97144,46.12152],[2.96452,46.12911],[2.97379,46.13868],[2.98612,46.14751],[2.98945,46.14717],[2.99479,46.14546],[3.00261,46.13969],[3.01299,46.13521],[3.02602,46.13345],[3.03522,46.12709],[3.0368,46.12419],[3.03301,46.11812],[3.03625,46.11009],[3.03905,46.10756],[3.02595,46.10296]]]]}},{"type":"Feature","properties":{"code":"03079","nom":"Cindré","departement":"03","region":"84"},"geometry":{"type":"MultiPolygon","coordinates":[[[[3.57224,46.3437],[3.57111,46.34259],[3.5739,46.34099],[3.5753,46.3357],[3.57432,46.32826],[3.5714,46.32094],[3.57149,46.31662],[3.57557,46.30763],[3.57777,46.3054],[3.57491,46.30038],[3.56982,46.29492],[3.56728,46.2937],[3.56583,46.28992],[3.56453,46.28837],[3.5593,46.28878],[3.55394,46.28898],[3.54087,46.299],[3.53181,46.30835],[3.52493,46.31631],[3.5237,46.31925],[3.5261,46.32981],[3.5257,46.33495],[3.52409,46.33691],[3.51243,46.33934],[3.51604,46.34125],[3.52707,46.34423],[3.53535,46.34738],[3.5437,46.35147],[3.55448,46.35417],[3.56531,46.35428],[3.56444,46.34959],[3.56719,46.3474],[3.57171,46.34636],[3.57224,46.3437]]]]}},{"type":"Feature","properties":{"code":"03080","nom":"Cognat-Lyonne","departement":"03","region":"84"},"geometry":{"type":"MultiPolygon","coordinates":[[[[3.25994,46.10338],[3.26766,46.10825],[3.26962,46.11476],[3.27176,46.11788],[3.27958,46.12145],[3.28372,46.12175],[3.28765,46.12422],[3.28819,46.12213],[3.29361,46.11984],[3.29995,46.11912],[3.31396,46.1159],[3.3211,46.11284],[3.33997,46.11522],[3.34016,46.11416],[3.33783,46.11119],[3.32775,46.10298],[3.31919,46.09823],[3.31731,46.09586],[3.308,46.09698],[3.27122,46.09633],[3.25856,46.10031],[3.25994,46.10338]]]]}},{"type":"Feature","properties":{"code":"03081","nom":"Colombier","departement":"03","region":"84"},"geometry":{"type":"MultiPolygon","coordinates":[[[[2.79438,46.29116],[2.80744,46.28392],[2.81137,46.28043],[2.80645,46.27724],[2.80673,46.27141],[2.81242,46.26239],[2.81446,46.2493],[2.81634,46.24506],[2.80403,46.24081],[2.79938,46.24222],[2.79092,46.24693],[2.78358,46.25375],[2.77102,46.2544],[2.77385,46.26775],[2.77788,46.27532],[2.77828,46.2845],[2.7876,46.29391],[2.78769,46.29581],[2.79438,46.29116]]]]}},{"type":"Feature","properties":{"code":"03082","nom":"Commentry","departement":"03","region":"84"},"geometry":{"type":"MultiPolygon","coordinates":[[[[2.77628,46.29845],[2.78769,46.29581],[2.7876,46.29391],[2.77828,46.2845],[2.77788,46.27532],[2.77385,46.26775],[2.77102,46.2544],[2.76854,46.25689],[2.76434,46.25843],[2.75893,46.25872],[2.75391,46.2576],[2.74089,46.24511],[2.73676,46.25031],[2.7306,46.26379],[2.72441,46.27357],[2.72049,46.27551],[2.7152,46.27569],[2.71394,46.2763],[2.71722,46.27891],[2.71665,46.289],[2.72181,46.29711],[2.72653,46.29967],[2.7328,46.2997],[2.75017,46.30126],[2.77628,46.29845]]]]}},{"type":"Feature","properties":{"code":"03083","nom":"Contigny","departement":"03","region":"84"},"geometry":{"type":"MultiPolygon","coordinates":[[[[3.31022,46.36339],[3.33751,46.35904],[3.34647,46.34942],[3.35652,46.33641],[3.35664,46.33623],[3.34886,46.33505],[3.3431,46.33203],[3.33133,46.32771],[3.31801,46.32776],[3.30943,46.32642],[3.30928,46.32784],[3.30118,46.3367],[3.29532,46.34034],[3.28852,46.3423],[3.28697,46.3421],[3.28586,46.3417],[3.27807,46.34255],[3.27444,46.34404],[3.27271,46.3468],[3.28218,46.35919],[3.2826,46.36084],[3.29187,46.36406],[3.30151,46.36581],[3.30863,46.36458],[3.31022,46.36339]]]]}},{"type":"Feature","properties":{"code":"03084","nom":"Cosne-d'Allier","departement":"03","region":"84"},"geometry":{"type":"MultiPolygon","coordinates":[[[[2.79222,46.4557],[2.79475,46.46273],[2.79705,46.47454],[2.80105,46.4799],[2.79986,46.48943],[2.79709,46.49428],[2.79373,46.49754],[2.78965,46.50721],[2.80996,46.51912],[2.81411,46.52043],[2.82085,46.51246],[2.82138,46.51038],[2.82938,46.50487],[2.83916,46.49345],[2.8466,46.48979],[2.85047,46.48972],[2.85657,46.48827],[2.86527,46.48262],[2.87797,46.471],[2.86482,46.47165],[2.85359,46.46891],[2.8396,46.46036],[2.83954,46.45752],[2.82656,46.45612],[2.7977,46.45685],[2.79222,46.4557]]]]}},{"type":"Feature","properties":{"code":"03085","nom":"Coulandon","departement":"03","region":"84"},"geometry":{"type":"MultiPolygon","coordinates":[[[[3.27818,46.54038],[3.27007,46.53576],[3.25865,46.53225],[3.25006,46.53201],[3.24936,46.53618],[3.24671,46.53906],[3.24162,46.53987],[3.22579,46.54541],[3.20456,46.55522],[3.20362,46.55661],[3.21019,46.55751],[3.21725,46.56268],[3.22485,46.57189],[3.24069,46.57977],[3.25141,46.57726],[3.25797,46.5741],[3.27311,46.55634],[3.27818,46.54038]]]]}},{"type":"Feature","properties":{"code":"03086","nom":"Coulanges","departement":"03","region":"84"},"geometry":{"type":"MultiPolygon","coordinates":[[[[3.8871,46.4583],[3.87916,46.45464],[3.86891,46.44591],[3.86636,46.44565],[3.85629,46.4486],[3.85018,46.45226],[3.84527,46.46186],[3.84389,46.46353],[3.84097,46.46491],[3.83724,46.46648],[3.82475,46.46503],[3.82619,46.47288],[3.8255,46.47481],[3.8237,46.47493],[3.82387,46.4775],[3.83353,46.48882],[3.84233,46.49512],[3.84823,46.49757],[3.84925,46.49867],[3.85182,46.50531],[3.84682,46.50957],[3.84504,46.51308],[3.84582,46.51294],[3.84947,46.51302],[3.86173,46.50445],[3.86032,46.49996],[3.86085,46.49269],[3.86601,46.48911],[3.89124,46.48095],[3.89659,46.48123],[3.89822,46.48514],[3.89965,46.48563],[3.90625,46.48144],[3.90757,46.4753],[3.90318,46.46752],[3.89907,46.46386],[3.89371,46.46051],[3.8871,46.4583]]]]}},{"type":"Feature","properties":{"code":"03087","nom":"Couleuvre","departement":"03","region":"84"},"geometry":{"type":"MultiPolygon","coordinates":[[[[2.88787,46.63222],[2.88402,46.63379],[2.88113,46.6386],[2.8765,46.64216],[2.86501,46.64637],[2.85352,46.64828],[2.84477,46.65303],[2.84372,46.66339],[2.84463,46.66643],[2.8327,46.6725],[2.84781,46.67805],[2.84188,46.68669],[2.83868,46.69361],[2.84181,46.69897],[2.84559,46.69918],[2.85673,46.69506],[2.86303,46.70515],[2.86376,46.71392],[2.86479,46.71589],[2.86803,46.7171],[2.88171,46.71311],[2.89143,46.7116],[2.913,46.70235],[2.9172,46.6996],[2.9221,46.69325],[2.92806,46.68204],[2.92953,46.68084],[2.94158,46.67936],[2.95376,46.68319],[2.96662,46.68538],[2.9678,46.68251],[2.96785,46.67786],[2.97549,46.66964],[2.97509,46.66761],[2.96227,46.65483],[2.95198,46.65312],[2.93802,46.65229],[2.92251,46.64914],[2.91127,46.64768],[2.89976,46.64481],[2.89512,46.63844],[2.89421,46.63452],[2.88944,46.63535],[2.88787,46.63222]]]]}},{"type":"Feature","properties":{"code":"03088","nom":"Courçais","departement":"03","region":"84"},"geometry":{"type":"MultiPolygon","coordinates":[[[[2.40737,46.47789],[2.4361,46.48457],[2.45243,46.49014],[2.46039,46.4898],[2.48216,46.48045],[2.48915,46.4752],[2.48871,46.45606],[2.49039,46.45243],[2.48971,46.44931],[2.44541,46.43923],[2.43,46.44297],[2.41921,46.44394],[2.41474,46.44865],[2.40737,46.47789]]]]}},{"type":"Feature","properties":{"code":"03089","nom":"Coutansouze","departement":"03","region":"84"},"geometry":{"type":"MultiPolygon","coordinates":[[[[3.01384,46.22608],[3.01696,46.22649],[3.02014,46.22821],[3.0309,46.23117],[3.02982,46.21797],[3.02771,46.2119],[3.0263,46.20113],[3.02714,46.192],[3.03038,46.18654],[3.03082,46.18329],[3.02987,46.18299],[3.00462,46.18901],[2.99334,46.18834],[2.98283,46.18647],[2.98087,46.19479],[2.98292,46.20792],[2.98724,46.21453],[2.99221,46.21819],[3.00032,46.22162],[3.00855,46.22362],[3.01384,46.22608]]]]}},{"type":"Feature","properties":{"code":"03090","nom":"Couzon","departement":"03","region":"84"},"geometry":{"type":"MultiPolygon","coordinates":[[[[3.12758,46.66795],[3.13851,46.65902],[3.14642,46.65631],[3.15781,46.65063],[3.15899,46.64714],[3.15626,46.64455],[3.15097,46.64167],[3.13308,46.63729],[3.12974,46.63539],[3.12832,46.63194],[3.12116,46.62664],[3.0982,46.61734],[3.09303,46.61647],[3.09498,46.61986],[3.08726,46.62185],[3.08188,46.62848],[3.08137,46.6363],[3.08277,46.6487],[3.08468,46.6548],[3.08395,46.6564],[3.09252,46.65917],[3.11151,46.66776],[3.12758,46.66795]]]]}},{"type":"Feature","properties":{"code":"03091","nom":"Créchy","departement":"03","region":"84"},"geometry":{"type":"MultiPolygon","coordinates":[[[[3.44136,46.2663],[3.44184,46.26515],[3.44068,46.26266],[3.44619,46.24935],[3.42117,46.24705],[3.40994,46.26074],[3.40753,46.26673],[3.40943,46.26966],[3.40368,46.28206],[3.40051,46.28587],[3.40651,46.2886],[3.41396,46.28905],[3.43011,46.29206],[3.43816,46.28408],[3.44123,46.28325],[3.43922,46.27785],[3.43982,46.26946],[3.44136,46.2663]]]]}},{"type":"Feature","properties":{"code":"03092","nom":"Cressanges","departement":"03","region":"84"},"geometry":{"type":"MultiPolygon","coordinates":[[[[3.11676,46.41962],[3.11091,46.43316],[3.11527,46.43934],[3.11779,46.4399],[3.12025,46.45155],[3.12465,46.45609],[3.13032,46.4562],[3.13421,46.45435],[3.15156,46.45509],[3.15697,46.45976],[3.16128,46.47229],[3.16331,46.47266],[3.1719,46.47664],[3.17606,46.4803],[3.17535,46.48112],[3.17657,46.48218],[3.17786,46.48152],[3.19176,46.48241],[3.19934,46.48487],[3.20164,46.48157],[3.20927,46.46377],[3.22008,46.45333],[3.22296,46.45154],[3.21999,46.45034],[3.21421,46.43897],[3.21347,46.43195],[3.2076,46.42017],[3.20819,46.41755],[3.19349,46.4167],[3.17715,46.41709],[3.15126,46.41998],[3.14056,46.41733],[3.12386,46.41691],[3.11676,46.41962]]]]}},{"type":"Feature","properties":{"code":"03093","nom":"Creuzier-le-Neuf","departement":"03","region":"84"},"geometry":{"type":"MultiPolygon","coordinates":[[[[3.45048,46.19415],[3.47543,46.19002],[3.48482,46.19057],[3.48347,46.18452],[3.48252,46.18422],[3.48302,46.18063],[3.48448,46.17867],[3.49356,46.17275],[3.4933,46.17175],[3.48745,46.16749],[3.47611,46.1673],[3.4695,46.16629],[3.46864,46.16384],[3.45092,46.16238],[3.44641,46.16578],[3.43875,46.1745],[3.43341,46.18289],[3.4459,46.19233],[3.45048,46.19415]]]]}},{"type":"Feature","properties":{"code":"03094","nom":"Creuzier-le-Vieux","departement":"03","region":"84"},"geometry":{"type":"MultiPolygon","coordinates":[[[[3.41695,46.14422],[3.41039,46.15301],[3.40695,46.16075],[3.40993,46.17283],[3.40942,46.17377],[3.41301,46.17499],[3.42719,46.17834],[3.43341,46.18289],[3.43875,46.1745],[3.44641,46.16578],[3.45092,46.16238],[3.46864,46.16384],[3.46817,46.15568],[3.46306,46.15076],[3.46188,46.15209],[3.45948,46.15028],[3.44459,46.14664],[3.43101,46.15025],[3.42771,46.14564],[3.42576,46.14571],[3.42357,46.1436],[3.41724,46.14373],[3.41695,46.14422]]]]}},{"type":"Feature","properties":{"code":"03095","nom":"Cusset","departement":"03","region":"84"},"geometry":{"type":"MultiPolygon","coordinates":[[[[3.44165,46.12189],[3.44054,46.12063],[3.4394,46.12075],[3.43727,46.12481],[3.43425,46.13188],[3.43369,46.13462],[3.43178,46.13413],[3.43162,46.13479],[3.43115,46.13651],[3.42772,46.13844],[3.42771,46.14564],[3.43101,46.15025],[3.44459,46.14664],[3.45948,46.15028],[3.46188,46.15209],[3.46306,46.15076],[3.46817,46.15568],[3.46864,46.16384],[3.4695,46.16629],[3.47611,46.1673],[3.48745,46.16749],[3.4933,46.17175],[3.49356,46.17275],[3.50157,46.16942],[3.50891,46.169],[3.51686,46.16413],[3.5173,46.15946],[3.52185,46.15155],[3.52265,46.14584],[3.5185,46.13578],[3.51224,46.13637],[3.49748,46.13111],[3.50297,46.12137],[3.50856,46.11838],[3.51283,46.11769],[3.51779,46.112],[3.5199,46.10673],[3.52056,46.09558],[3.51863,46.09582],[3.50933,46.10149],[3.50838,46.10133],[3.49894,46.10301],[3.48438,46.10933],[3.47854,46.11444],[3.46814,46.12726],[3.45342,46.12679],[3.45056,46.11788],[3.44355,46.11733],[3.44307,46.12144],[3.44165,46.12189]]]]}},{"type":"Feature","properties":{"code":"03096","nom":"Deneuille-lès-Chantelle","departement":"03","region":"84"},"geometry":{"type":"MultiPolygon","coordinates":[[[[3.17139,46.26195],[3.16811,46.25504],[3.17143,46.24866],[3.16664,46.24531],[3.15204,46.24074],[3.1385,46.23912],[3.12941,46.23881],[3.12799,46.24725],[3.1241,46.25192],[3.12637,46.2609],[3.12735,46.26301],[3.13016,46.26529],[3.14189,46.26618],[3.17139,46.26195]]]]}},{"type":"Feature","properties":{"code":"03097","nom":"Deneuille-les-Mines","departement":"03","region":"84"},"geometry":{"type":"MultiPolygon","coordinates":[[[[2.72095,46.36817],[2.72747,46.37019],[2.7421,46.37131],[2.74591,46.37384],[2.74262,46.3813],[2.75222,46.38562],[2.75995,46.39071],[2.77692,46.40431],[2.77849,46.40769],[2.77889,46.40847],[2.79433,46.40806],[2.79673,46.40471],[2.80622,46.39954],[2.81507,46.38769],[2.81297,46.37457],[2.81312,46.37073],[2.81471,46.36969],[2.81036,46.36625],[2.80401,46.36351],[2.80129,46.36312],[2.79696,46.36458],[2.79148,46.36458],[2.77153,46.35909],[2.75274,46.35258],[2.74444,46.35455],[2.74105,46.35315],[2.7349,46.3542],[2.73044,46.35726],[2.72095,46.36817]]]]}},{"type":"Feature","properties":{"code":"03098","nom":"Désertines","departement":"03","region":"84"},"geometry":{"type":"MultiPolygon","coordinates":[[[[2.60933,46.37154],[2.61006,46.37188],[2.6387,46.36576],[2.64882,46.36264],[2.65086,46.35342],[2.64548,46.34471],[2.64303,46.34289],[2.64039,46.34279],[2.63877,46.34155],[2.63752,46.34147],[2.63113,46.34453],[2.62249,46.3437],[2.61657,46.34553],[2.61584,46.35322],[2.61285,46.35401],[2.61007,46.35361],[2.60814,46.35391],[2.60022,46.36259],[2.5995,46.36441],[2.60155,46.36718],[2.61106,46.36887],[2.61094,46.37066],[2.60933,46.37154]]]]}},{"type":"Feature","properties":{"code":"03099","nom":"Deux-Chaises","departement":"03","region":"84"},"geometry":{"type":"MultiPolygon","coordinates":[[[[2.98105,46.39319],[3.00352,46.39],[3.01947,46.3912],[3.03072,46.3942],[3.03472,46.39777],[3.0387,46.40318],[3.04752,46.4014],[3.06745,46.4004],[3.06741,46.3998],[3.07259,46.39919],[3.07526,46.39953],[3.08353,46.39872],[3.0878,46.39691],[3.09378,46.38926],[3.09199,46.38521],[3.09092,46.38481],[3.08848,46.38374],[3.0873,46.38186],[3.08851,46.37502],[3.09765,46.37177],[3.10269,46.35756],[3.10148,46.35407],[3.09859,46.35241],[3.08578,46.35614],[3.07999,46.35555],[3.06512,46.35168],[3.05275,46.35076],[3.04705,46.35074],[3.04571,46.35209],[3.0406,46.35302],[3.03465,46.3526],[3.02436,46.34953],[3.02058,46.34672],[3.00937,46.35444],[3.00002,46.35903],[2.98997,46.36017],[2.97424,46.36458],[2.9758,46.36646],[2.97737,46.3777],[2.9804,46.38569],[2.97853,46.39218],[2.98105,46.39319]]]]}},{"type":"Feature","properties":{"code":"03100","nom":"Diou","departement":"03","region":"84"},"geometry":{"type":"MultiPolygon","coordinates":[[[[3.73427,46.55436],[3.73195,46.55151],[3.73237,46.54855],[3.73393,46.54607],[3.74189,46.53911],[3.74901,46.53677],[3.75449,46.53613],[3.76668,46.53883],[3.7774,46.53277],[3.77821,46.53053],[3.78067,46.52836],[3.78315,46.5235],[3.77979,46.51736],[3.77399,46.51392],[3.77014,46.51261],[3.7641,46.51298],[3.75895,46.50794],[3.74228,46.50227],[3.72533,46.49768],[3.72238,46.49555],[3.72113,46.49098],[3.72188,46.48801],[3.72037,46.48646],[3.71575,46.48997],[3.71022,46.49608],[3.70199,46.51235],[3.7094,46.52169],[3.70984,46.52662],[3.70435,46.54333],[3.70439,46.54689],[3.71138,46.5528],[3.72538,46.55028],[3.7371,46.56031],[3.74098,46.5602],[3.73951,46.55762],[3.73427,46.55436]]]]}},{"type":"Feature","properties":{"code":"03101","nom":"Domérat","departement":"03","region":"84"},"geometry":{"type":"MultiPolygon","coordinates":[[[[2.50799,46.35123],[2.50708,46.3584],[2.50905,46.36316],[2.51198,46.36405],[2.51154,46.36918],[2.51682,46.38297],[2.516,46.38402],[2.516,46.3894],[2.5194,46.39106],[2.52755,46.40723],[2.534,46.40878],[2.54202,46.40682],[2.55785,46.39961],[2.57243,46.39473],[2.57337,46.39454],[2.56322,46.37818],[2.57086,46.37385],[2.57321,46.37328],[2.57815,46.37491],[2.58544,46.37472],[2.58809,46.373],[2.58797,46.37111],[2.58699,46.36511],[2.58238,46.36041],[2.58236,46.3604],[2.57699,46.34981],[2.57339,46.33831],[2.55031,46.3373],[2.53754,46.33316],[2.53493,46.33249],[2.52684,46.33599],[2.52054,46.34036],[2.50652,46.34269],[2.50506,46.34519],[2.50799,46.35123]]]]}},{"type":"Feature","properties":{"code":"03102","nom":"Dompierre-sur-Besbre","departement":"03","region":"84"},"geometry":{"type":"MultiPolygon","coordinates":[[[[3.61635,46.54584],[3.63229,46.54726],[3.64688,46.5425],[3.65879,46.55097],[3.6693,46.55072],[3.67109,46.54967],[3.67558,46.54904],[3.67989,46.55237],[3.68476,46.56114],[3.68802,46.56497],[3.69148,46.5672],[3.70278,46.5697],[3.71798,46.5703],[3.7351,46.57626],[3.74048,46.57593],[3.74098,46.5602],[3.7371,46.56031],[3.72538,46.55028],[3.71138,46.5528],[3.70439,46.54689],[3.70435,46.54333],[3.70984,46.52662],[3.7094,46.52169],[3.70199,46.51235],[3.71022,46.49608],[3.70175,46.49484],[3.69634,46.4928],[3.67717,46.49206],[3.66651,46.49551],[3.64937,46.49424],[3.63954,46.49503],[3.63489,46.49705],[3.64579,46.50423],[3.64799,46.50652],[3.64477,46.51613],[3.62198,46.51501],[3.61896,46.53254],[3.61557,46.53897],[3.61635,46.54584]]]]}},{"type":"Feature","properties":{"code":"03103","nom":"Le Donjon","departement":"03","region":"84"},"geometry":{"type":"MultiPolygon","coordinates":[[[[3.84725,46.32925],[3.84068,46.33037],[3.83395,46.32878],[3.81534,46.3215],[3.79116,46.31586],[3.78526,46.31241],[3.78141,46.31392],[3.76765,46.31707],[3.76198,46.32184],[3.75343,46.32434],[3.74494,46.32491],[3.74696,46.33968],[3.75302,46.34393],[3.76543,46.34713],[3.76825,46.35422],[3.76724,46.35968],[3.76815,46.36649],[3.7778,46.36558],[3.78685,46.36739],[3.79496,46.37205],[3.79343,46.37163],[3.79149,46.37393],[3.79083,46.37753],[3.79369,46.38004],[3.80464,46.38384],[3.81331,46.38565],[3.813,46.38694],[3.81476,46.38709],[3.81917,46.37798],[3.8189,46.37457],[3.81618,46.37257],[3.82026,46.36851],[3.82664,46.36513],[3.8375,46.36159],[3.85661,46.35739],[3.84414,46.349],[3.84305,46.34731],[3.84303,46.34546],[3.84513,46.34282],[3.8459,46.34003],[3.84725,46.32925]]]]}},{"type":"Feature","properties":{"code":"03104","nom":"Doyet","departement":"03","region":"84"},"geometry":{"type":"MultiPolygon","coordinates":[[[[2.74885,46.34418],[2.75072,46.35072],[2.75274,46.35258],[2.77153,46.35909],[2.79148,46.36458],[2.79696,46.36458],[2.80129,46.36312],[2.80401,46.36351],[2.81036,46.36625],[2.81471,46.36969],[2.81569,46.37056],[2.82534,46.37285],[2.83192,46.37368],[2.83232,46.37289],[2.82581,46.36035],[2.82859,46.35702],[2.83966,46.35484],[2.84122,46.35509],[2.84116,46.35232],[2.83703,46.34472],[2.82576,46.33709],[2.82301,46.33601],[2.80754,46.33013],[2.79998,46.32635],[2.79449,46.31884],[2.79204,46.31877],[2.7909,46.31743],[2.78744,46.31593],[2.78057,46.31559],[2.77194,46.31605],[2.75521,46.31852],[2.75241,46.33044],[2.74937,46.33685],[2.74885,46.34418]]]]}},{"type":"Feature","properties":{"code":"03105","nom":"Droiturier","departement":"03","region":"84"},"geometry":{"type":"MultiPolygon","coordinates":[[[[3.68371,46.24788],[3.68379,46.25722],[3.69908,46.25944],[3.69877,46.25749],[3.70039,46.25338],[3.70551,46.24919],[3.71506,46.2467],[3.72639,46.24174],[3.74137,46.23243],[3.7431,46.22425],[3.73598,46.22484],[3.73717,46.22383],[3.73561,46.22306],[3.72859,46.21848],[3.72157,46.20014],[3.71361,46.19842],[3.70684,46.19837],[3.70261,46.19712],[3.68164,46.21161],[3.67693,46.21354],[3.67396,46.21916],[3.67795,46.23401],[3.68271,46.24062],[3.68866,46.24474],[3.69033,46.24506],[3.68371,46.24788]]]]}},{"type":"Feature","properties":{"code":"03106","nom":"Durdat-Larequille","departement":"03","region":"84"},"geometry":{"type":"MultiPolygon","coordinates":[[[[2.65348,46.24099],[2.6563,46.24268],[2.65859,46.25287],[2.66011,46.26908],[2.66171,46.27417],[2.66322,46.27251],[2.6688,46.27195],[2.67349,46.27673],[2.6767,46.27828],[2.68207,46.27694],[2.68926,46.27282],[2.70321,46.27097],[2.70881,46.2725],[2.71394,46.2763],[2.7152,46.27569],[2.72049,46.27551],[2.72441,46.27357],[2.7306,46.26379],[2.73676,46.25031],[2.74089,46.24511],[2.73428,46.2374],[2.72485,46.22902],[2.71713,46.23372],[2.7157,46.23261],[2.71389,46.2325],[2.71129,46.23511],[2.70162,46.23919],[2.68526,46.23821],[2.66646,46.2331],[2.65978,46.23576],[2.65381,46.23969],[2.65348,46.24099]]]]}},{"type":"Feature","properties":{"code":"03107","nom":"Ébreuil","departement":"03","region":"84"},"geometry":{"type":"MultiPolygon","coordinates":[[[[3.1124,46.12281],[3.11539,46.12178],[3.11436,46.1153],[3.1209,46.11445],[3.11913,46.11325],[3.11948,46.1063],[3.11729,46.1015],[3.11206,46.09819],[3.11062,46.09832],[3.10886,46.09615],[3.10852,46.08858],[3.1113,46.08246],[3.11382,46.08139],[3.10315,46.0814],[3.10021,46.08227],[3.09847,46.08573],[3.09925,46.08956],[3.09646,46.10032],[3.09229,46.11223],[3.08056,46.10991],[3.07298,46.10674],[3.05447,46.10193],[3.04673,46.1018],[3.04085,46.1073],[3.03905,46.10756],[3.03625,46.11009],[3.03301,46.11812],[3.0368,46.12419],[3.03522,46.12709],[3.02602,46.13345],[3.02661,46.13519],[3.03324,46.14287],[3.03582,46.14307],[3.05113,46.13619],[3.05829,46.13893],[3.06813,46.14069],[3.06972,46.14055],[3.07856,46.1362],[3.08375,46.133],[3.10763,46.12346],[3.11029,46.12375],[3.1124,46.12281]]]]}},{"type":"Feature","properties":{"code":"03108","nom":"Échassières","departement":"03","region":"84"},"geometry":{"type":"MultiPolygon","coordinates":[[[[2.9579,46.17544],[2.95177,46.17109],[2.94839,46.16911],[2.94308,46.16861],[2.92452,46.17434],[2.91631,46.17493],[2.91555,46.17433],[2.91049,46.17867],[2.9158,46.1808],[2.9194,46.18428],[2.9207,46.18931],[2.91628,46.19712],[2.91044,46.20278],[2.91038,46.20497],[2.91434,46.21054],[2.91828,46.21405],[2.92335,46.21598],[2.92377,46.21724],[2.92365,46.21803],[2.92633,46.21948],[2.93616,46.22087],[2.9439,46.22153],[2.95012,46.21865],[2.95925,46.21173],[2.96268,46.21026],[2.98292,46.20792],[2.98087,46.19479],[2.98283,46.18647],[2.97289,46.18055],[2.96448,46.17687],[2.96016,46.17662],[2.9579,46.17544]]]]}},{"type":"Feature","properties":{"code":"03109","nom":"Escurolles","departement":"03","region":"84"},"geometry":{"type":"MultiPolygon","coordinates":[[[[3.2604,46.16431],[3.26206,46.16467],[3.26845,46.15621],[3.29414,46.15195],[3.29527,46.14845],[3.29296,46.13373],[3.28984,46.12651],[3.28765,46.12422],[3.28372,46.12175],[3.27958,46.12145],[3.27973,46.12243],[3.27794,46.12413],[3.26517,46.12716],[3.24581,46.12881],[3.24247,46.12802],[3.24338,46.13132],[3.24154,46.15084],[3.25876,46.16214],[3.2604,46.16431]]]]}},{"type":"Feature","properties":{"code":"03110","nom":"Espinasse-Vozelle","departement":"03","region":"84"},"geometry":{"type":"MultiPolygon","coordinates":[[[[3.29296,46.13373],[3.30539,46.13526],[3.32112,46.14513],[3.3214,46.14289],[3.32705,46.14016],[3.34599,46.13818],[3.35658,46.14396],[3.36213,46.14867],[3.36864,46.15143],[3.37483,46.14749],[3.3745,46.1456],[3.37048,46.14165],[3.36978,46.13342],[3.37396,46.12967],[3.37915,46.12788],[3.3798,46.12562],[3.37714,46.12549],[3.3721,46.12489],[3.36777,46.12312],[3.35927,46.11582],[3.35108,46.11308],[3.34016,46.11416],[3.33997,46.11522],[3.3211,46.11284],[3.31396,46.1159],[3.29995,46.11912],[3.29361,46.11984],[3.28819,46.12213],[3.28765,46.12422],[3.28984,46.12651],[3.29296,46.13373]]]]}},{"type":"Feature","properties":{"code":"03111","nom":"Estivareilles","departement":"03","region":"84"},"geometry":{"type":"MultiPolygon","coordinates":[[[[2.60343,46.43794],[2.61002,46.4398],[2.61705,46.44697],[2.61922,46.44736],[2.62307,46.44547],[2.62943,46.43785],[2.63621,46.43522],[2.6488,46.43637],[2.65284,46.43748],[2.65543,46.43937],[2.65886,46.43988],[2.66144,46.43607],[2.65656,46.43416],[2.64547,46.43149],[2.63754,46.42567],[2.63846,46.4206],[2.64405,46.41659],[2.64499,46.41167],[2.64182,46.40653],[2.63688,46.40447],[2.63495,46.40223],[2.63445,46.40402],[2.60725,46.41046],[2.60394,46.41241],[2.60539,46.41896],[2.6049,46.43201],[2.60343,46.43794]]]]}},{"type":"Feature","properties":{"code":"03112","nom":"Étroussat","departement":"03","region":"84"},"geometry":{"type":"MultiPolygon","coordinates":[[[[3.24133,46.243],[3.24225,46.23727],[3.2348,46.22529],[3.22918,46.21913],[3.22692,46.21096],[3.23045,46.20876],[3.24404,46.20687],[3.23811,46.20169],[3.22923,46.19563],[3.20236,46.19539],[3.20033,46.2216],[3.20091,46.22415],[3.20483,46.2276],[3.21521,46.24182],[3.21524,46.24319],[3.21684,46.24421],[3.22644,46.24396],[3.23721,46.24662],[3.2404,46.24953],[3.24037,46.24352],[3.24133,46.243]]]]}},{"type":"Feature","properties":{"code":"03113","nom":"Ferrières-sur-Sichon","departement":"03","region":"84"},"geometry":{"type":"MultiPolygon","coordinates":[[[[3.69317,46.02935],[3.69864,46.02097],[3.7031,46.02219],[3.70676,46.0202],[3.70751,46.0142],[3.70886,46.01126],[3.70501,46.01212],[3.70395,46.01037],[3.71206,45.99041],[3.70378,45.99261],[3.69302,45.99737],[3.69005,46.00051],[3.68519,46.00345],[3.68133,46.00423],[3.67176,45.99933],[3.67154,45.99808],[3.66736,45.99592],[3.6654,45.99742],[3.6642,45.99875],[3.64768,45.99901],[3.63428,46.00082],[3.61336,45.99748],[3.60114,46.01543],[3.59417,46.02093],[3.58826,46.02431],[3.59302,46.0365],[3.60035,46.04658],[3.62104,46.04211],[3.63002,46.04484],[3.64387,46.05064],[3.66073,46.04558],[3.66619,46.04216],[3.67492,46.0336],[3.68258,46.03288],[3.69317,46.02935]]]]}},{"type":"Feature","properties":{"code":"03114","nom":"La Ferté-Hauterive","departement":"03","region":"84"},"geometry":{"type":"MultiPolygon","coordinates":[[[[3.31596,46.39381],[3.32199,46.3989],[3.32434,46.4047],[3.3267,46.41633],[3.32645,46.42083],[3.3239,46.4272],[3.32469,46.43523],[3.32828,46.44111],[3.34216,46.43428],[3.35746,46.42796],[3.35583,46.42283],[3.35445,46.41989],[3.35336,46.40375],[3.36205,46.37537],[3.35032,46.37431],[3.33933,46.37239],[3.33656,46.3694],[3.33751,46.35904],[3.31022,46.36339],[3.31147,46.3903],[3.31596,46.39381]]]]}},{"type":"Feature","properties":{"code":"03115","nom":"Fleuriel","departement":"03","region":"84"},"geometry":{"type":"MultiPolygon","coordinates":[[[[3.17139,46.26195],[3.14189,46.26618],[3.1351,46.27679],[3.13732,46.28128],[3.13353,46.28747],[3.12625,46.29367],[3.11747,46.29596],[3.11557,46.29489],[3.11164,46.29681],[3.10942,46.30056],[3.10956,46.30492],[3.11179,46.30517],[3.11355,46.30746],[3.11753,46.30896],[3.13382,46.31063],[3.13403,46.32091],[3.1401,46.32045],[3.14333,46.32452],[3.14916,46.32189],[3.15945,46.31251],[3.16866,46.30788],[3.17602,46.30224],[3.17859,46.29836],[3.18323,46.28643],[3.18945,46.282],[3.21357,46.28118],[3.21567,46.28214],[3.21366,46.26928],[3.2014,46.26284],[3.18671,46.2546],[3.18441,46.25739],[3.17139,46.26195]]]]}},{"type":"Feature","properties":{"code":"03116","nom":"Fourilles","departement":"03","region":"84"},"geometry":{"type":"MultiPolygon","coordinates":[[[[3.2014,46.26284],[3.2126,46.2465],[3.21684,46.24421],[3.21524,46.24319],[3.21521,46.24182],[3.20483,46.2276],[3.20327,46.22856],[3.19703,46.22925],[3.18779,46.23148],[3.18129,46.23288],[3.17946,46.23967],[3.18234,46.25022],[3.18671,46.2546],[3.2014,46.26284]]]]}},{"type":"Feature","properties":{"code":"03117","nom":"Franchesse","departement":"03","region":"84"},"geometry":{"type":"MultiPolygon","coordinates":[[[[3.00795,46.60598],[3.01081,46.62109],[3.01032,46.62559],[3.00826,46.62767],[3.00342,46.62946],[2.99206,46.63808],[2.98903,46.64343],[2.98937,46.64668],[2.99278,46.65035],[2.99265,46.65589],[2.99,46.66916],[3.00741,46.67366],[3.01983,46.67946],[3.02798,46.68105],[3.03064,46.68241],[3.03402,46.67222],[3.04321,46.66776],[3.05672,46.66338],[3.05985,46.66401],[3.06597,46.66735],[3.07127,46.6643],[3.08395,46.6564],[3.08468,46.6548],[3.08277,46.6487],[3.08137,46.6363],[3.08188,46.62848],[3.08726,46.62185],[3.09498,46.61986],[3.09303,46.61647],[3.09267,46.61626],[3.07534,46.61668],[3.05758,46.62316],[3.04596,46.62056],[3.03903,46.61689],[3.02913,46.60984],[3.01356,46.60424],[3.00795,46.60598]]]]}},{"type":"Feature","properties":{"code":"03118","nom":"Gannat","departement":"03","region":"84"},"geometry":{"type":"MultiPolygon","coordinates":[[[[3.20296,46.0726],[3.17955,46.07356],[3.1774,46.07357],[3.17811,46.08121],[3.17605,46.08756],[3.1684,46.08872],[3.15716,46.08751],[3.14265,46.08395],[3.12085,46.07986],[3.11835,46.07855],[3.11382,46.08139],[3.1113,46.08246],[3.10852,46.08858],[3.10886,46.09615],[3.11062,46.09832],[3.11206,46.09819],[3.11729,46.1015],[3.11948,46.1063],[3.11913,46.11325],[3.1209,46.11445],[3.13529,46.11123],[3.15082,46.11121],[3.1666,46.11979],[3.18846,46.11918],[3.19822,46.12144],[3.2056,46.12437],[3.2166,46.12355],[3.22948,46.12529],[3.2324,46.12218],[3.22585,46.11779],[3.22243,46.1129],[3.22794,46.10058],[3.22979,46.09682],[3.23236,46.08428],[3.2307,46.07984],[3.22045,46.07758],[3.21445,46.07492],[3.20708,46.0728],[3.20296,46.0726]]]]}},{"type":"Feature","properties":{"code":"03119","nom":"Gannay-sur-Loire","departement":"03","region":"84"},"geometry":{"type":"MultiPolygon","coordinates":[[[[3.62856,46.69139],[3.61964,46.68969],[3.61217,46.68977],[3.60262,46.69797],[3.59465,46.6998],[3.59031,46.69955],[3.58866,46.69531],[3.58546,46.69104],[3.5653,46.68033],[3.55409,46.68474],[3.56095,46.68888],[3.5481,46.70623],[3.5477,46.72261],[3.55944,46.71746],[3.57243,46.71899],[3.57154,46.72084],[3.57535,46.72309],[3.57732,46.72277],[3.57845,46.72163],[3.57777,46.71901],[3.58131,46.71829],[3.58804,46.72008],[3.59792,46.72435],[3.59753,46.72741],[3.58346,46.74279],[3.57964,46.75006],[3.58853,46.76134],[3.5925,46.76298],[3.59785,46.76215],[3.59722,46.75584],[3.59787,46.75433],[3.6019,46.75137],[3.62078,46.7543],[3.62599,46.75269],[3.6294,46.74959],[3.62872,46.74603],[3.62402,46.7425],[3.62259,46.74013],[3.62511,46.73596],[3.63528,46.7284],[3.63695,46.72557],[3.63828,46.72038],[3.63764,46.70748],[3.63379,46.70775],[3.62822,46.7067],[3.62436,46.70331],[3.62856,46.69139]]]]}},{"type":"Feature","properties":{"code":"03120","nom":"Garnat-sur-Engièvre","departement":"03","region":"84"},"geometry":{"type":"MultiPolygon","coordinates":[[[[3.69961,46.65191],[3.70429,46.64543],[3.70801,46.6376],[3.71148,46.63393],[3.71631,46.63109],[3.69822,46.62489],[3.68785,46.62464],[3.66219,46.61745],[3.63949,46.61497],[3.6373,46.61569],[3.62636,46.62735],[3.63194,46.62952],[3.63743,46.63374],[3.63878,46.63665],[3.63775,46.64171],[3.64041,46.64751],[3.64603,46.65418],[3.6469,46.65315],[3.66798,46.64917],[3.67686,46.64901],[3.69471,46.65175],[3.69961,46.65191]]]]}},{"type":"Feature","properties":{"code":"03121","nom":"Gennetines","departement":"03","region":"84"},"geometry":{"type":"MultiPolygon","coordinates":[[[[3.45531,46.65244],[3.4634,46.64113],[3.46362,46.63562],[3.4594,46.63039],[3.44966,46.62316],[3.42584,46.61466],[3.4068,46.59894],[3.39969,46.59145],[3.39553,46.5906],[3.39137,46.59839],[3.38178,46.60213],[3.36835,46.60352],[3.35856,46.60229],[3.35875,46.60409],[3.35945,46.60764],[3.3584,46.60928],[3.35518,46.61004],[3.35339,46.61142],[3.35368,46.6139],[3.3521,46.61852],[3.3568,46.63153],[3.35951,46.63466],[3.36542,46.63716],[3.36808,46.63956],[3.37256,46.64435],[3.37354,46.64712],[3.37279,46.65257],[3.36755,46.65656],[3.36974,46.65909],[3.37878,46.66412],[3.38526,46.66151],[3.3825,46.66122],[3.3842,46.65723],[3.39326,46.65219],[3.40199,46.65022],[3.41652,46.65028],[3.42503,46.64932],[3.43143,46.65395],[3.43539,46.65834],[3.44208,46.662],[3.447,46.66082],[3.45213,46.65792],[3.45531,46.65244]]]]}},{"type":"Feature","properties":{"code":"03122","nom":"Gipcy","departement":"03","region":"84"},"geometry":{"type":"MultiPolygon","coordinates":[[[[3.0814,46.4828],[3.0755,46.4747],[3.07434,46.46803],[3.0698,46.4686],[3.06736,46.47039],[3.06476,46.47045],[3.05958,46.46765],[3.05547,46.47149],[3.05356,46.47489],[3.05622,46.48711],[3.04855,46.49154],[3.04058,46.49143],[3.0345,46.49454],[3.02531,46.50121],[3.02181,46.50556],[3.01811,46.51439],[3.02174,46.53492],[3.02727,46.53904],[3.04008,46.54462],[3.04495,46.54545],[3.05334,46.54565],[3.06787,46.54927],[3.06385,46.54315],[3.06436,46.53803],[3.06766,46.53167],[3.07554,46.52635],[3.08027,46.51977],[3.0764,46.50722],[3.07428,46.49285],[3.07842,46.48686],[3.08152,46.48494],[3.0814,46.4828]]]]}},{"type":"Feature","properties":{"code":"03124","nom":"Gouise","departement":"03","region":"84"},"geometry":{"type":"MultiPolygon","coordinates":[[[[3.4848,46.39222],[3.47795,46.38705],[3.47116,46.38381],[3.45863,46.38559],[3.45038,46.38861],[3.43779,46.39603],[3.42332,46.39811],[3.41156,46.39647],[3.40835,46.39734],[3.40789,46.39808],[3.41238,46.40918],[3.40418,46.4117],[3.39583,46.41296],[3.38497,46.41579],[3.38928,46.41935],[3.402,46.42333],[3.41454,46.43338],[3.41412,46.435],[3.41595,46.43603],[3.42021,46.43715],[3.4318,46.43431],[3.44537,46.42712],[3.44758,46.42467],[3.45364,46.42165],[3.4563,46.42125],[3.46071,46.42251],[3.4628,46.42357],[3.46414,46.42653],[3.47052,46.42644],[3.47124,46.42591],[3.47394,46.40735],[3.46802,46.40598],[3.46814,46.40523],[3.47404,46.39828],[3.4798,46.39425],[3.4848,46.39222]]]]}},{"type":"Feature","properties":{"code":"03125","nom":"La Guillermie","departement":"03","region":"84"},"geometry":{"type":"MultiPolygon","coordinates":[[[[3.66668,45.96122],[3.66126,45.961],[3.6461,45.96358],[3.63964,45.96327],[3.632,45.96101],[3.6288,45.97813],[3.6254,45.98586],[3.62275,45.98962],[3.61336,45.99748],[3.63428,46.00082],[3.64768,45.99901],[3.6642,45.99875],[3.6654,45.99742],[3.66529,45.99603],[3.66081,45.9896],[3.66748,45.97762],[3.67005,45.96465],[3.66668,45.96122]]]]}},{"type":"Feature","properties":{"code":"03126","nom":"Hauterive","departement":"03","region":"84"},"geometry":{"type":"MultiPolygon","coordinates":[[[[3.42168,46.09055],[3.43153,46.08724],[3.43484,46.08736],[3.44065,46.09692],[3.45568,46.08637],[3.45972,46.08218],[3.4613,46.079],[3.4485,46.069],[3.44893,46.0664],[3.4532,46.06388],[3.44333,46.05971],[3.4396,46.0594],[3.43541,46.06047],[3.4231,46.06835],[3.4196,46.07442],[3.42136,46.0808],[3.42168,46.09055]]]]}},{"type":"Feature","properties":{"code":"03127","nom":"Hérisson","departement":"03","region":"84"},"geometry":{"type":"MultiPolygon","coordinates":[[[[2.77094,46.52285],[2.76832,46.51893],[2.77221,46.51393],[2.77627,46.51183],[2.7722,46.50713],[2.76042,46.49962],[2.73193,46.49351],[2.72643,46.49442],[2.72224,46.49999],[2.70726,46.49897],[2.68601,46.49559],[2.68202,46.49646],[2.67911,46.49885],[2.67865,46.50116],[2.6807,46.50687],[2.68484,46.51072],[2.68325,46.51499],[2.67825,46.51982],[2.67286,46.52358],[2.66636,46.52431],[2.6622,46.51733],[2.66137,46.5166],[2.65816,46.51639],[2.65682,46.52369],[2.65265,46.52792],[2.65082,46.53111],[2.65058,46.53438],[2.65145,46.53672],[2.66047,46.54536],[2.66588,46.55277],[2.67225,46.5539],[2.67157,46.551],[2.66998,46.55026],[2.67113,46.54764],[2.67263,46.547],[2.67706,46.54632],[2.68958,46.54633],[2.69015,46.54412],[2.6965,46.54194],[2.70205,46.54249],[2.70879,46.53925],[2.72725,46.52641],[2.74239,46.52615],[2.75467,46.52119],[2.75791,46.52095],[2.76323,46.52388],[2.77094,46.52285]]]]}},{"type":"Feature","properties":{"code":"03128","nom":"Huriel","departement":"03","region":"84"},"geometry":{"type":"MultiPolygon","coordinates":[[[[2.49674,46.33465],[2.4868,46.34317],[2.47809,46.34589],[2.46386,46.35235],[2.45712,46.35661],[2.44873,46.35311],[2.44841,46.35505],[2.44627,46.35649],[2.43872,46.36676],[2.43927,46.37328],[2.44229,46.38141],[2.44132,46.38528],[2.43477,46.39343],[2.43971,46.39599],[2.44589,46.39571],[2.46265,46.39703],[2.47432,46.40117],[2.47655,46.40313],[2.48622,46.40466],[2.49072,46.40619],[2.49651,46.40955],[2.50305,46.41514],[2.507,46.4168],[2.51549,46.41332],[2.52595,46.40717],[2.52755,46.40723],[2.5194,46.39106],[2.516,46.3894],[2.516,46.38402],[2.51682,46.38297],[2.51154,46.36918],[2.51198,46.36405],[2.50905,46.36316],[2.50708,46.3584],[2.50799,46.35123],[2.50506,46.34519],[2.49674,46.33465]]]]}},{"type":"Feature","properties":{"code":"03129","nom":"Hyds","departement":"03","region":"84"},"geometry":{"type":"MultiPolygon","coordinates":[[[[2.83255,46.30022],[2.83466,46.29308],[2.84015,46.28427],[2.85073,46.28165],[2.86215,46.28037],[2.85276,46.27132],[2.85155,46.26688],[2.85251,46.26148],[2.86081,46.25887],[2.85989,46.25659],[2.83848,46.25125],[2.82703,46.2421],[2.81994,46.24127],[2.8192,46.2419],[2.81819,46.24425],[2.81634,46.24506],[2.81446,46.2493],[2.81242,46.26239],[2.80673,46.27141],[2.80645,46.27724],[2.81137,46.28043],[2.80744,46.28392],[2.79438,46.29116],[2.7967,46.2957],[2.80245,46.29764],[2.81013,46.29864],[2.81287,46.29939],[2.83255,46.30022]]]]}},{"type":"Feature","properties":{"code":"03130","nom":"Isle-et-Bardais","departement":"03","region":"84"},"geometry":{"type":"MultiPolygon","coordinates":[[[[2.77473,46.71894],[2.77927,46.71036],[2.78372,46.70509],[2.79444,46.701],[2.80405,46.69969],[2.81513,46.6997],[2.82402,46.70261],[2.82999,46.70258],[2.83876,46.70115],[2.84181,46.69897],[2.83868,46.69361],[2.84188,46.68669],[2.84781,46.67805],[2.8327,46.6725],[2.82148,46.66829],[2.82144,46.66666],[2.81201,46.66155],[2.79557,46.66165],[2.74477,46.64971],[2.71585,46.67436],[2.71074,46.68464],[2.71875,46.68786],[2.73242,46.69085],[2.73451,46.69351],[2.73457,46.69508],[2.74174,46.69798],[2.75309,46.70059],[2.75907,46.70572],[2.7599,46.71068],[2.75574,46.71335],[2.75641,46.71564],[2.75852,46.71766],[2.77473,46.71894]]]]}},{"type":"Feature","properties":{"code":"03131","nom":"Isserpent","departement":"03","region":"84"},"geometry":{"type":"MultiPolygon","coordinates":[[[[3.60856,46.12791],[3.59713,46.12288],[3.58854,46.12405],[3.59192,46.1326],[3.59208,46.13631],[3.58795,46.15756],[3.59257,46.16534],[3.60158,46.17663],[3.60646,46.18742],[3.62394,46.19548],[3.63114,46.19007],[3.62744,46.18096],[3.63102,46.17237],[3.64446,46.15927],[3.6548,46.14769],[3.65843,46.13712],[3.65753,46.1339],[3.65548,46.13184],[3.64262,46.13388],[3.64072,46.12971],[3.63837,46.12805],[3.62906,46.12784],[3.61162,46.12947],[3.60856,46.12791]]]]}},{"type":"Feature","properties":{"code":"03132","nom":"Jaligny-sur-Besbre","departement":"03","region":"84"},"geometry":{"type":"MultiPolygon","coordinates":[[[[3.56018,46.38636],[3.56146,46.3884],[3.58296,46.38527],[3.59165,46.38542],[3.59734,46.38738],[3.60024,46.39428],[3.6111,46.38601],[3.61421,46.38087],[3.6164,46.37101],[3.61836,46.36852],[3.59612,46.36488],[3.5797,46.3665],[3.58078,46.36982],[3.56764,46.37016],[3.56009,46.37474],[3.55505,46.3839],[3.56018,46.38636]]]]}},{"type":"Feature","properties":{"code":"03133","nom":"Jenzat","departement":"03","region":"84"},"geometry":{"type":"MultiPolygon","coordinates":[[[[3.19343,46.14439],[3.18823,46.14354],[3.18102,46.14401],[3.17458,46.14772],[3.17126,46.15252],[3.16844,46.16126],[3.1829,46.17488],[3.19103,46.17725],[3.19121,46.17553],[3.21568,46.16938],[3.22324,46.17072],[3.23139,46.17376],[3.22459,46.16623],[3.21931,46.15168],[3.21773,46.1523],[3.21375,46.14855],[3.19343,46.14439]]]]}},{"type":"Feature","properties":{"code":"03134","nom":"Laféline","departement":"03","region":"84"},"geometry":{"type":"MultiPolygon","coordinates":[[[[3.18191,46.31771],[3.17243,46.31181],[3.16866,46.30788],[3.15945,46.31251],[3.14916,46.32189],[3.14333,46.32452],[3.14617,46.33331],[3.14595,46.33877],[3.15595,46.35184],[3.16314,46.35907],[3.16225,46.36848],[3.16065,46.36955],[3.16135,46.37062],[3.17561,46.37526],[3.18,46.37751],[3.18175,46.37789],[3.18369,46.37717],[3.19737,46.37348],[3.20505,46.36756],[3.21394,46.35872],[3.20386,46.35489],[3.20102,46.35248],[3.19479,46.33472],[3.18191,46.31771]]]]}},{"type":"Feature","properties":{"code":"03135","nom":"Lalizolle","departement":"03","region":"84"},"geometry":{"type":"MultiPolygon","coordinates":[[[[3.03582,46.14307],[3.03324,46.14287],[3.02661,46.13519],[3.02602,46.13345],[3.01299,46.13521],[3.00261,46.13969],[2.99479,46.14546],[2.98945,46.14717],[2.98721,46.15081],[2.98351,46.16107],[2.98048,46.16579],[2.9579,46.17544],[2.96016,46.17662],[2.96448,46.17687],[2.97289,46.18055],[2.98283,46.18647],[2.99334,46.18834],[3.00462,46.18901],[3.02987,46.18299],[3.03082,46.18329],[3.04006,46.17822],[3.04308,46.17565],[3.04381,46.17124],[3.04073,46.16811],[3.03807,46.16273],[3.0386,46.1609],[3.04072,46.15772],[3.03582,46.14307]]]]}},{"type":"Feature","properties":{"code":"03136","nom":"Lamaids","departement":"03","region":"84"},"geometry":{"type":"MultiPolygon","coordinates":[[[[2.46202,46.31325],[2.46315,46.31205],[2.46214,46.30707],[2.45671,46.30379],[2.45076,46.30237],[2.44303,46.295],[2.43285,46.29476],[2.42598,46.28453],[2.42461,46.285],[2.42275,46.28379],[2.42124,46.28456],[2.4161,46.30006],[2.41987,46.30248],[2.42047,46.31013],[2.42099,46.31103],[2.43122,46.31072],[2.43611,46.31228],[2.44463,46.31717],[2.45491,46.32027],[2.45833,46.3204],[2.46017,46.31825],[2.46202,46.31325]]]]}},{"type":"Feature","properties":{"code":"03137","nom":"Langy","departement":"03","region":"84"},"geometry":{"type":"MultiPolygon","coordinates":[[[[3.44123,46.28325],[3.44868,46.28329],[3.46026,46.28159],[3.46596,46.28393],[3.47167,46.28766],[3.47127,46.29469],[3.47371,46.29484],[3.47865,46.2898],[3.47468,46.2896],[3.47409,46.28547],[3.47517,46.27687],[3.48011,46.2662],[3.48145,46.25895],[3.47004,46.25826],[3.46607,46.25861],[3.46131,46.26032],[3.44876,46.26636],[3.44349,46.26734],[3.44136,46.2663],[3.43982,46.26946],[3.43922,46.27785],[3.44123,46.28325]]]]}},{"type":"Feature","properties":{"code":"03138","nom":"Lapalisse","departement":"03","region":"84"},"geometry":{"type":"MultiPolygon","coordinates":[[[[3.65486,46.30222],[3.65656,46.29878],[3.66731,46.29424],[3.68481,46.29423],[3.69763,46.29271],[3.69899,46.29226],[3.7007,46.28954],[3.70061,46.28736],[3.69463,46.28109],[3.68408,46.27786],[3.66782,46.27543],[3.6649,46.2739],[3.66014,46.26579],[3.66149,46.26354],[3.66805,46.25961],[3.67098,46.25518],[3.66822,46.24962],[3.65732,46.25071],[3.64306,46.24945],[3.6363,46.24442],[3.62605,46.23267],[3.61134,46.22468],[3.60655,46.22317],[3.59218,46.22152],[3.58974,46.2278],[3.5939,46.23047],[3.59517,46.2384],[3.59936,46.24638],[3.60687,46.25662],[3.59991,46.25881],[3.61687,46.27793],[3.61849,46.28688],[3.63952,46.29247],[3.65179,46.2982],[3.65486,46.30222]]]]}},{"type":"Feature","properties":{"code":"03139","nom":"Laprugne","departement":"03","region":"84"},"geometry":{"type":"MultiPolygon","coordinates":[[[[3.83207,45.99966],[3.83172,45.99944],[3.82486,45.99562],[3.80972,45.98466],[3.79878,45.9842],[3.79615,45.98209],[3.79416,45.9787],[3.77789,45.97279],[3.77194,45.97631],[3.76006,45.98143],[3.75532,45.9825],[3.75422,45.9819],[3.75364,45.97811],[3.75398,45.97174],[3.74816,45.96789],[3.74211,45.96588],[3.73632,45.96661],[3.72232,45.97273],[3.70971,45.97423],[3.70754,45.97604],[3.70576,45.9807],[3.71263,45.98965],[3.71206,45.99041],[3.70395,46.01037],[3.70501,46.01212],[3.70886,46.01126],[3.71265,46.01206],[3.71796,46.01487],[3.72154,46.01575],[3.72888,46.01356],[3.73121,46.01043],[3.74178,46.00865],[3.7508,46.00731],[3.76652,46.00828],[3.77554,46.01295],[3.78499,46.01629],[3.7954,46.01794],[3.79916,46.01962],[3.8022,46.02232],[3.80386,46.02174],[3.80743,46.01666],[3.81045,46.00978],[3.8167,46.00637],[3.82455,46.00636],[3.82454,46.00632],[3.82595,46.00033],[3.82872,45.99925],[3.83107,46.00009],[3.83207,45.99966]]]]}},{"type":"Feature","properties":{"code":"03140","nom":"Lavault-Sainte-Anne","departement":"03","region":"84"},"geometry":{"type":"MultiPolygon","coordinates":[[[[2.63743,46.3066],[2.61049,46.29969],[2.60594,46.2967],[2.6002,46.29655],[2.60025,46.30055],[2.59492,46.30211],[2.58512,46.30117],[2.57247,46.29612],[2.57104,46.30465],[2.57323,46.31313],[2.58991,46.31983],[2.59902,46.32253],[2.59915,46.3207],[2.60443,46.31824],[2.61194,46.31698],[2.6266,46.31828],[2.62723,46.31739],[2.62905,46.31706],[2.63229,46.31454],[2.63743,46.3066]]]]}},{"type":"Feature","properties":{"code":"03141","nom":"Lavoine","departement":"03","region":"84"},"geometry":{"type":"MultiPolygon","coordinates":[[[[3.68273,45.94077],[3.67691,45.94955],[3.6817,45.951],[3.67685,45.95805],[3.66958,45.96135],[3.66668,45.96122],[3.67005,45.96465],[3.66748,45.97762],[3.66081,45.9896],[3.66529,45.99603],[3.6654,45.99742],[3.66736,45.99592],[3.67154,45.99808],[3.67176,45.99933],[3.68133,46.00423],[3.68519,46.00345],[3.69005,46.00051],[3.69302,45.99737],[3.70378,45.99261],[3.71206,45.99041],[3.71263,45.98965],[3.70576,45.9807],[3.70754,45.97604],[3.70971,45.97423],[3.70821,45.97314],[3.7032,45.96097],[3.69276,45.94509],[3.69402,45.93073],[3.68936,45.9347],[3.68676,45.93852],[3.68273,45.94077]]]]}},{"type":"Feature","properties":{"code":"03142","nom":"Lenax","departement":"03","region":"84"},"geometry":{"type":"MultiPolygon","coordinates":[[[[3.87696,46.31928],[3.8725,46.3046],[3.87078,46.30143],[3.86604,46.29858],[3.86705,46.2952],[3.87286,46.28674],[3.85365,46.28323],[3.84379,46.28048],[3.79784,46.2829],[3.79638,46.28333],[3.78861,46.29514],[3.7849,46.30722],[3.78285,46.3109],[3.78526,46.31241],[3.79116,46.31586],[3.81534,46.3215],[3.83395,46.32878],[3.84068,46.33037],[3.84725,46.32925],[3.84837,46.32924],[3.85362,46.32514],[3.86264,46.31658],[3.87247,46.31767],[3.87696,46.31928]]]]}},{"type":"Feature","properties":{"code":"03143","nom":"Lételon","departement":"03","region":"84"},"geometry":{"type":"MultiPolygon","coordinates":[[[[2.56738,46.65241],[2.56678,46.65356],[2.56982,46.65523],[2.5706,46.65916],[2.58747,46.66492],[2.60392,46.66649],[2.60903,46.66067],[2.62381,46.6567],[2.62418,46.65609],[2.61546,46.65295],[2.61174,46.65029],[2.593,46.64656],[2.58957,46.64797],[2.57413,46.64985],[2.56945,46.65096],[2.56738,46.65241]]]]}},{"type":"Feature","properties":{"code":"03144","nom":"Liernolles","departement":"03","region":"84"},"geometry":{"type":"MultiPolygon","coordinates":[[[[3.82011,46.40874],[3.81886,46.4086],[3.81689,46.40343],[3.813,46.38694],[3.81331,46.38565],[3.80464,46.38384],[3.79369,46.38004],[3.79083,46.37753],[3.79149,46.37393],[3.79343,46.37163],[3.79496,46.37205],[3.78685,46.36739],[3.7778,46.36558],[3.76815,46.36649],[3.7599,46.3717],[3.75316,46.37241],[3.73032,46.38626],[3.72047,46.38896],[3.72128,46.39273],[3.7176,46.39715],[3.71733,46.40358],[3.73224,46.42127],[3.73799,46.42073],[3.74652,46.42474],[3.75337,46.42644],[3.76005,46.42307],[3.76849,46.42256],[3.77269,46.4233],[3.77787,46.4289],[3.78621,46.42495],[3.80394,46.41999],[3.81505,46.41953],[3.82011,46.40874]]]]}},{"type":"Feature","properties":{"code":"03145","nom":"Lignerolles","departement":"03","region":"84"},"geometry":{"type":"MultiPolygon","coordinates":[[[[2.53096,46.2781],[2.54133,46.28632],[2.5591,46.29319],[2.57247,46.29612],[2.58512,46.30117],[2.59492,46.30211],[2.60025,46.30055],[2.6002,46.29655],[2.59637,46.2918],[2.57795,46.27388],[2.5721,46.2655],[2.57231,46.26203],[2.57191,46.26045],[2.56688,46.25939],[2.56381,46.26017],[2.56208,46.26244],[2.55994,46.26288],[2.54431,46.27477],[2.53346,46.27802],[2.53096,46.2781]]]]}},{"type":"Feature","properties":{"code":"03146","nom":"Limoise","departement":"03","region":"84"},"geometry":{"type":"MultiPolygon","coordinates":[[[[3.03064,46.68241],[3.0302,46.692],[3.03188,46.69357],[3.03791,46.69768],[3.04511,46.69677],[3.05258,46.69871],[3.05399,46.70142],[3.05249,46.70889],[3.05009,46.71336],[3.05516,46.71245],[3.06221,46.71301],[3.06349,46.71036],[3.06182,46.70331],[3.065,46.69906],[3.07021,46.69519],[3.07673,46.6866],[3.07859,46.67495],[3.07768,46.67077],[3.07724,46.66923],[3.07127,46.6643],[3.06597,46.66735],[3.05985,46.66401],[3.05672,46.66338],[3.04321,46.66776],[3.03402,46.67222],[3.03064,46.68241]]]]}},{"type":"Feature","properties":{"code":"03147","nom":"Loddes","departement":"03","region":"84"},"geometry":{"type":"MultiPolygon","coordinates":[[[[3.78526,46.31241],[3.78285,46.3109],[3.7849,46.30722],[3.78861,46.29514],[3.79638,46.28333],[3.79784,46.2829],[3.79277,46.27696],[3.77557,46.26739],[3.76685,46.27026],[3.75993,46.27151],[3.74998,46.27168],[3.73823,46.2688],[3.72879,46.28721],[3.72927,46.29268],[3.7327,46.30289],[3.73218,46.30398],[3.73409,46.31009],[3.74156,46.31916],[3.74494,46.32491],[3.75343,46.32434],[3.76198,46.32184],[3.76765,46.31707],[3.78141,46.31392],[3.78526,46.31241]]]]}},{"type":"Feature","properties":{"code":"03148","nom":"Loriges","departement":"03","region":"84"},"geometry":{"type":"MultiPolygon","coordinates":[[[[3.31024,46.26701],[3.32307,46.27398],[3.33232,46.28063],[3.33549,46.27949],[3.33964,46.28122],[3.34495,46.28161],[3.35484,46.28001],[3.35878,46.27364],[3.36855,46.26248],[3.37378,46.25821],[3.3769,46.25338],[3.37335,46.25284],[3.36981,46.25323],[3.36716,46.2507],[3.36097,46.25403],[3.35392,46.25566],[3.33288,46.26352],[3.33168,46.26368],[3.32697,46.26061],[3.32741,46.25873],[3.32533,46.25502],[3.3162,46.25548],[3.30844,46.25784],[3.30714,46.25923],[3.31024,46.26701]]]]}},{"type":"Feature","properties":{"code":"03149","nom":"Louchy-Montfand","departement":"03","region":"84"},"geometry":{"type":"MultiPolygon","coordinates":[[[[3.26192,46.3149],[3.26536,46.313],[3.26415,46.30688],[3.25376,46.29993],[3.25093,46.29816],[3.24854,46.29774],[3.24775,46.29842],[3.24665,46.2972],[3.24075,46.29913],[3.22893,46.30076],[3.22196,46.30181],[3.2252,46.30798],[3.23103,46.31277],[3.24301,46.31662],[3.2504,46.31766],[3.25924,46.31624],[3.26192,46.3149]]]]}},{"type":"Feature","properties":{"code":"03150","nom":"Louroux-Bourbonnais","departement":"03","region":"84"},"geometry":{"type":"MultiPolygon","coordinates":[[[[2.78965,46.50721],[2.78764,46.50765],[2.78372,46.5113],[2.77935,46.5123],[2.77627,46.51183],[2.77221,46.51393],[2.76832,46.51893],[2.77094,46.52285],[2.78229,46.52962],[2.79944,46.52794],[2.80343,46.52797],[2.80761,46.5297],[2.81163,46.53479],[2.80938,46.54436],[2.81307,46.54871],[2.81618,46.55469],[2.81741,46.55965],[2.83283,46.56434],[2.83532,46.56391],[2.86528,46.55655],[2.8762,46.55422],[2.87999,46.55415],[2.88503,46.5521],[2.88649,46.55035],[2.89403,46.53741],[2.89695,46.52794],[2.89483,46.52796],[2.89437,46.52706],[2.88497,46.52337],[2.86919,46.52022],[2.8591,46.51647],[2.84188,46.51384],[2.82276,46.51317],[2.82085,46.51246],[2.81411,46.52043],[2.80996,46.51912],[2.78965,46.50721]]]]}},{"type":"Feature","properties":{"code":"03151","nom":"Louroux-de-Beaune","departement":"03","region":"84"},"geometry":{"type":"MultiPolygon","coordinates":[[[[2.88424,46.30605],[2.88503,46.30404],[2.88408,46.302],[2.87406,46.29294],[2.86352,46.28014],[2.86215,46.28037],[2.85073,46.28165],[2.84015,46.28427],[2.83466,46.29308],[2.83255,46.30022],[2.83499,46.3007],[2.84845,46.30897],[2.8544,46.31144],[2.86151,46.31546],[2.86624,46.32217],[2.8757,46.32019],[2.88424,46.30605]]]]}},{"type":"Feature","properties":{"code":"03152","nom":"Louroux-de-Bouble","departement":"03","region":"84"},"geometry":{"type":"MultiPolygon","coordinates":[[[[2.94593,46.2417],[2.97237,46.24922],[2.97641,46.24929],[2.98456,46.24388],[2.99457,46.24804],[2.9951,46.24286],[2.9962,46.24147],[3.00654,46.23377],[3.01384,46.22608],[3.00855,46.22362],[3.00032,46.22162],[2.99221,46.21819],[2.98724,46.21453],[2.98292,46.20792],[2.96268,46.21026],[2.95925,46.21173],[2.95012,46.21865],[2.9439,46.22153],[2.93616,46.22087],[2.93321,46.22861],[2.94101,46.23934],[2.94593,46.2417]]]]}},{"type":"Feature","properties":{"code":"03154","nom":"Luneau","departement":"03","region":"84"},"geometry":{"type":"MultiPolygon","coordinates":[[[[3.93767,46.33631],[3.92936,46.33502],[3.90929,46.36391],[3.90787,46.36956],[3.92006,46.37218],[3.92729,46.38057],[3.93032,46.38198],[3.94207,46.38495],[3.96111,46.39659],[3.96119,46.3977],[3.97757,46.39787],[3.98187,46.38516],[3.98364,46.37915],[3.98842,46.37593],[3.99152,46.37103],[3.98866,46.36056],[3.98742,46.35109],[3.96006,46.34607],[3.9428,46.34127],[3.93795,46.34121],[3.93767,46.33631]]]]}},{"type":"Feature","properties":{"code":"03155","nom":"Lurcy-Lévis","departement":"03","region":"84"},"geometry":{"type":"MultiPolygon","coordinates":[[[[2.8454,46.72667],[2.84615,46.73003],[2.84375,46.73967],[2.84459,46.74227],[2.8612,46.75449],[2.87682,46.76275],[2.88112,46.77022],[2.89594,46.77519],[2.89913,46.77565],[2.90511,46.77738],[2.91057,46.78253],[2.90813,46.78618],[2.90828,46.78779],[2.91504,46.79142],[2.92214,46.79387],[2.93197,46.79557],[2.93782,46.79571],[2.93996,46.79316],[2.9378,46.78847],[2.93289,46.78736],[2.93116,46.78596],[2.93146,46.78138],[2.93323,46.77951],[2.94349,46.77562],[2.95416,46.76383],[2.95518,46.75064],[2.95742,46.74542],[2.96549,46.73664],[2.96833,46.73095],[2.965,46.72815],[2.96456,46.72395],[2.9677,46.72009],[2.97542,46.70737],[2.97794,46.6993],[2.97455,46.68956],[2.97188,46.68567],[2.96784,46.68478],[2.96662,46.68538],[2.95376,46.68319],[2.94158,46.67936],[2.92953,46.68084],[2.92806,46.68204],[2.9221,46.69325],[2.9172,46.6996],[2.913,46.70235],[2.89143,46.7116],[2.88171,46.71311],[2.86803,46.7171],[2.84942,46.72433],[2.8454,46.72667]]]]}},{"type":"Feature","properties":{"code":"03156","nom":"Lusigny","departement":"03","region":"84"},"geometry":{"type":"MultiPolygon","coordinates":[[[[3.52222,46.53846],[3.51642,46.5377],[3.50289,46.54137],[3.49559,46.54755],[3.48808,46.55067],[3.47905,46.553],[3.45731,46.55237],[3.43772,46.55473],[3.42425,46.57019],[3.41826,46.57487],[3.40902,46.5776],[3.43118,46.57856],[3.44708,46.58201],[3.44522,46.592],[3.44578,46.59333],[3.44765,46.59401],[3.45483,46.59418],[3.47597,46.59402],[3.49742,46.60118],[3.502,46.60362],[3.50568,46.60852],[3.52003,46.60575],[3.52369,46.60425],[3.51809,46.58771],[3.52682,46.58841],[3.53446,46.58494],[3.54273,46.57832],[3.54551,46.57777],[3.54499,46.57611],[3.54713,46.56864],[3.54368,46.55596],[3.54013,46.55078],[3.53022,46.54527],[3.52222,46.53846]]]]}},{"type":"Feature","properties":{"code":"03157","nom":"Magnet","departement":"03","region":"84"},"geometry":{"type":"MultiPolygon","coordinates":[[[[3.51676,46.23315],[3.51934,46.23332],[3.52352,46.23518],[3.52983,46.23383],[3.53357,46.2312],[3.53582,46.22881],[3.53866,46.21826],[3.54188,46.21294],[3.5394,46.21255],[3.53813,46.2106],[3.5366,46.21042],[3.5266,46.20487],[3.51783,46.20209],[3.50648,46.20159],[3.49528,46.19711],[3.49408,46.20128],[3.48925,46.20774],[3.47748,46.21728],[3.49139,46.22686],[3.50384,46.23099],[3.505,46.23066],[3.51676,46.23315]]]]}},{"type":"Feature","properties":{"code":"03158","nom":"Haut-Bocage","departement":"03","region":"84"},"geometry":{"type":"MultiPolygon","coordinates":[[[[2.65816,46.51639],[2.66137,46.5166],[2.6622,46.51733],[2.66636,46.52431],[2.67286,46.52358],[2.67825,46.51982],[2.68325,46.51499],[2.68484,46.51072],[2.6807,46.50687],[2.67865,46.50116],[2.67911,46.49885],[2.68202,46.49646],[2.68601,46.49559],[2.70726,46.49897],[2.72224,46.49999],[2.72643,46.49442],[2.73193,46.49351],[2.73028,46.49095],[2.72918,46.4808],[2.73018,46.4746],[2.73799,46.46021],[2.74197,46.45582],[2.74941,46.4516],[2.75166,46.4493],[2.75992,46.43543],[2.76084,46.42717],[2.75162,46.42593],[2.75046,46.42516],[2.74245,46.43045],[2.73757,46.43169],[2.72579,46.43208],[2.70846,46.43561],[2.70206,46.43625],[2.70078,46.43476],[2.69776,46.43701],[2.69191,46.44492],[2.68831,46.44487],[2.68012,46.44321],[2.67541,46.44258],[2.67195,46.4408],[2.67138,46.43892],[2.66466,46.43624],[2.66144,46.43607],[2.65886,46.43988],[2.65543,46.43937],[2.65284,46.43748],[2.6488,46.43637],[2.63621,46.43522],[2.62943,46.43785],[2.62307,46.44547],[2.61922,46.44736],[2.61705,46.44697],[2.61738,46.4476],[2.62463,46.44927],[2.6267,46.45305],[2.62769,46.45801],[2.62988,46.46945],[2.62783,46.47281],[2.6207,46.47588],[2.62038,46.47721],[2.62093,46.48268],[2.61827,46.48322],[2.62273,46.49071],[2.62835,46.49722],[2.63057,46.50497],[2.62769,46.51152],[2.62811,46.51582],[2.65601,46.51462],[2.65816,46.51639]]]]}},{"type":"Feature","properties":{"code":"03159","nom":"Malicorne","departement":"03","region":"84"},"geometry":{"type":"MultiPolygon","coordinates":[[[[2.75521,46.31852],[2.77194,46.31605],[2.78057,46.31559],[2.78744,46.31593],[2.7909,46.31743],[2.79204,46.31877],[2.79449,46.31884],[2.80705,46.31051],[2.80963,46.30479],[2.81013,46.29864],[2.80245,46.29764],[2.7967,46.2957],[2.79438,46.29116],[2.78769,46.29581],[2.77628,46.29845],[2.75017,46.30126],[2.7328,46.2997],[2.73207,46.30198],[2.72902,46.30531],[2.72433,46.30731],[2.72079,46.31012],[2.72628,46.31222],[2.75521,46.31852]]]]}},{"type":"Feature","properties":{"code":"03160","nom":"Marcenat","departement":"03","region":"84"},"geometry":{"type":"MultiPolygon","coordinates":[[[[3.37378,46.25821],[3.3944,46.26303],[3.4056,46.26733],[3.40753,46.26673],[3.40994,46.26074],[3.42117,46.24705],[3.42492,46.24084],[3.42422,46.23465],[3.41885,46.2233],[3.42111,46.21286],[3.42136,46.21252],[3.39548,46.21175],[3.3842,46.21243],[3.38075,46.21359],[3.37699,46.22461],[3.37217,46.23318],[3.36716,46.2507],[3.36981,46.25323],[3.37335,46.25284],[3.3769,46.25338],[3.37378,46.25821]]]]}},{"type":"Feature","properties":{"code":"03161","nom":"Marcillat-en-Combraille","departement":"03","region":"84"},"geometry":{"type":"MultiPolygon","coordinates":[[[[2.5824,46.17554],[2.58163,46.17584],[2.58437,46.18011],[2.5918,46.18689],[2.59931,46.18954],[2.60464,46.19029],[2.61072,46.19269],[2.61346,46.1929],[2.61677,46.1918],[2.63666,46.19597],[2.64159,46.19876],[2.64457,46.20328],[2.64884,46.20405],[2.66607,46.19573],[2.67542,46.17848],[2.67832,46.17685],[2.68331,46.17706],[2.68529,46.1765],[2.68562,46.17569],[2.68289,46.17531],[2.67505,46.17114],[2.67493,46.16446],[2.67305,46.15561],[2.6613,46.14263],[2.66418,46.14051],[2.66221,46.1373],[2.65816,46.14232],[2.6433,46.1455],[2.62706,46.14532],[2.61464,46.14432],[2.59988,46.14662],[2.59894,46.1474],[2.59209,46.15559],[2.58969,46.16741],[2.58712,46.17468],[2.58647,46.17578],[2.58406,46.17626],[2.5824,46.17554]]]]}},{"type":"Feature","properties":{"code":"03162","nom":"Marigny","departement":"03","region":"84"},"geometry":{"type":"MultiPolygon","coordinates":[[[[3.20525,46.59925],[3.21504,46.60078],[3.24215,46.59687],[3.24594,46.59124],[3.24163,46.58547],[3.2373,46.58425],[3.23675,46.58245],[3.23812,46.58035],[3.24069,46.57977],[3.22485,46.57189],[3.21725,46.56268],[3.21019,46.55751],[3.20362,46.55661],[3.20195,46.5575],[3.19385,46.55365],[3.18171,46.55687],[3.17757,46.56241],[3.18094,46.5664],[3.18161,46.57045],[3.17934,46.57412],[3.18302,46.58418],[3.19869,46.5968],[3.20089,46.59753],[3.20154,46.59722],[3.20525,46.59925]]]]}},{"type":"Feature","properties":{"code":"03163","nom":"Mariol","departement":"03","region":"84"},"geometry":{"type":"MultiPolygon","coordinates":[[[[3.47328,46.01117],[3.46389,46.00819],[3.46312,46.00968],[3.46392,46.01861],[3.46839,46.0389],[3.4718,46.03928],[3.4717,46.04019],[3.4778,46.04151],[3.48894,46.04291],[3.49547,46.03887],[3.50324,46.03088],[3.51574,46.02152],[3.52072,46.0205],[3.52383,46.01488],[3.52275,46.01323],[3.51354,46.01618],[3.50769,46.0163],[3.4824,46.0143],[3.47328,46.01117]]]]}},{"type":"Feature","properties":{"code":"03164","nom":"Le Mayet-d'École","departement":"03","region":"84"},"geometry":{"type":"MultiPolygon","coordinates":[[[[3.23139,46.17376],[3.23927,46.17985],[3.24083,46.17895],[3.24813,46.18205],[3.2495,46.18164],[3.25738,46.17419],[3.26053,46.16672],[3.2604,46.16431],[3.25876,46.16214],[3.24154,46.15084],[3.21991,46.15114],[3.21931,46.15168],[3.22459,46.16623],[3.23139,46.17376]]]]}},{"type":"Feature","properties":{"code":"03165","nom":"Le Mayet-de-Montagne","departement":"03","region":"84"},"geometry":{"type":"MultiPolygon","coordinates":[[[[3.60035,46.04658],[3.59728,46.04903],[3.59748,46.04999],[3.59959,46.05161],[3.604,46.05323],[3.60732,46.05992],[3.60915,46.06983],[3.6063,46.07635],[3.60775,46.0794],[3.61024,46.07626],[3.62068,46.07175],[3.62869,46.07352],[3.64099,46.08144],[3.6432,46.0819],[3.65716,46.08034],[3.66983,46.08718],[3.67498,46.09148],[3.67666,46.09173],[3.68448,46.08649],[3.69507,46.08144],[3.69532,46.07963],[3.69408,46.07807],[3.68858,46.07516],[3.6877,46.07378],[3.68617,46.06571],[3.68668,46.06219],[3.68882,46.06005],[3.69432,46.05881],[3.6994,46.05493],[3.70054,46.05128],[3.70064,46.0438],[3.69518,46.03476],[3.69317,46.02935],[3.68258,46.03288],[3.67492,46.0336],[3.66619,46.04216],[3.66073,46.04558],[3.64387,46.05064],[3.63002,46.04484],[3.62104,46.04211],[3.60035,46.04658]]]]}},{"type":"Feature","properties":{"code":"03166","nom":"Mazerier","departement":"03","region":"84"},"geometry":{"type":"MultiPolygon","coordinates":[[[[3.2056,46.12437],[3.19822,46.12144],[3.18846,46.11918],[3.1666,46.11979],[3.16601,46.13411],[3.17126,46.15252],[3.17458,46.14772],[3.18102,46.14401],[3.18823,46.14354],[3.19343,46.14439],[3.19591,46.13154],[3.20609,46.12868],[3.20823,46.12969],[3.2056,46.12437]]]]}},{"type":"Feature","properties":{"code":"03167","nom":"Mazirat","departement":"03","region":"84"},"geometry":{"type":"MultiPolygon","coordinates":[[[[2.58948,46.22842],[2.59316,46.22547],[2.59773,46.21535],[2.59177,46.20437],[2.58893,46.20193],[2.58565,46.20025],[2.57673,46.19808],[2.55692,46.20144],[2.53858,46.20549],[2.52815,46.20505],[2.52177,46.20256],[2.52032,46.21623],[2.51723,46.22066],[2.51552,46.22571],[2.51629,46.23246],[2.5153,46.23862],[2.51597,46.23957],[2.52046,46.23993],[2.53892,46.24447],[2.53866,46.24388],[2.54915,46.23217],[2.5573,46.22704],[2.56141,46.22711],[2.57366,46.23126],[2.58195,46.23168],[2.58948,46.22842]]]]}},{"type":"Feature","properties":{"code":"03168","nom":"Meaulne-Vitray","departement":"03","region":"84"},"geometry":{"type":"MultiPolygon","coordinates":[[[[2.65179,46.57268],[2.63964,46.57897],[2.63395,46.57999],[2.6266,46.57761],[2.61983,46.57351],[2.60813,46.57294],[2.60414,46.57907],[2.60336,46.58698],[2.59931,46.59515],[2.59107,46.59375],[2.58152,46.59322],[2.57858,46.59986],[2.57075,46.60833],[2.56851,46.60914],[2.58596,46.6143],[2.58873,46.61699],[2.60188,46.61688],[2.62608,46.62055],[2.62914,46.61937],[2.63271,46.62257],[2.63818,46.63271],[2.64595,46.6321],[2.70923,46.63971],[2.71653,46.64054],[2.71029,46.63381],[2.72685,46.63347],[2.72809,46.63178],[2.72797,46.6238],[2.72074,46.61106],[2.70937,46.60375],[2.69874,46.60072],[2.68162,46.59409],[2.67615,46.58901],[2.66778,46.58678],[2.65633,46.57489],[2.65179,46.57268]]]]}},{"type":"Feature","properties":{"code":"03169","nom":"Meillard","departement":"03","region":"84"},"geometry":{"type":"MultiPolygon","coordinates":[[[[3.18369,46.37717],[3.19408,46.38315],[3.19283,46.38559],[3.19554,46.39459],[3.20503,46.39839],[3.20998,46.4024],[3.21401,46.40709],[3.21453,46.41145],[3.22131,46.4101],[3.22439,46.41023],[3.23809,46.41268],[3.2644,46.42016],[3.2658,46.41655],[3.26419,46.41292],[3.2643,46.39514],[3.26714,46.38455],[3.26104,46.37289],[3.24345,46.36642],[3.22412,46.36305],[3.21775,46.35817],[3.21394,46.35872],[3.20505,46.36756],[3.19737,46.37348],[3.18369,46.37717]]]]}},{"type":"Feature","properties":{"code":"03170","nom":"Meillers","departement":"03","region":"84"},"geometry":{"type":"MultiPolygon","coordinates":[[[[3.0814,46.4828],[3.08152,46.48494],[3.07842,46.48686],[3.07428,46.49285],[3.0764,46.50722],[3.08027,46.51977],[3.07554,46.52635],[3.06766,46.53167],[3.06436,46.53803],[3.06385,46.54315],[3.06787,46.54927],[3.06907,46.54942],[3.07654,46.54198],[3.08502,46.54268],[3.10655,46.52864],[3.12416,46.52073],[3.12915,46.51942],[3.13787,46.52035],[3.13974,46.52114],[3.14959,46.51458],[3.15546,46.50841],[3.13079,46.49975],[3.11855,46.49415],[3.0913,46.48644],[3.0814,46.4828]]]]}},{"type":"Feature","properties":{"code":"03171","nom":"Mercy","departement":"03","region":"84"},"geometry":{"type":"MultiPolygon","coordinates":[[[[3.53575,46.42449],[3.52398,46.43082],[3.51598,46.43158],[3.50928,46.43082],[3.50056,46.43088],[3.48885,46.43716],[3.48496,46.4377],[3.4803,46.43311],[3.47562,46.43234],[3.47234,46.43267],[3.47128,46.44545],[3.47428,46.45048],[3.47778,46.45352],[3.48044,46.45391],[3.48482,46.45957],[3.48833,46.46547],[3.48676,46.47043],[3.48817,46.47095],[3.504,46.47033],[3.51244,46.47094],[3.52434,46.47303],[3.55986,46.46834],[3.56705,46.47148],[3.57568,46.46876],[3.57802,46.46614],[3.57772,46.46411],[3.56605,46.44576],[3.55281,46.43951],[3.54818,46.43619],[3.54452,46.42655],[3.53575,46.42449]]]]}},{"type":"Feature","properties":{"code":"03172","nom":"Mesples","departement":"03","region":"84"},"geometry":{"type":"MultiPolygon","coordinates":[[[[2.33874,46.44264],[2.35521,46.44408],[2.3664,46.44354],[2.38312,46.43944],[2.39999,46.43335],[2.39659,46.42067],[2.39103,46.416],[2.37724,46.41065],[2.36518,46.41085],[2.36121,46.41392],[2.35494,46.41677],[2.33698,46.42141],[2.33193,46.42183],[2.32657,46.42959],[2.32788,46.43261],[2.33328,46.43954],[2.33874,46.44264]]]]}},{"type":"Feature","properties":{"code":"03173","nom":"Molinet","departement":"03","region":"84"},"geometry":{"type":"MultiPolygon","coordinates":[[[[3.91651,46.49618],[3.92046,46.49578],[3.92785,46.49228],[3.93409,46.49104],[3.94981,46.4925],[3.95548,46.49172],[3.95812,46.4906],[3.95626,46.48604],[3.96051,46.47775],[3.96507,46.47809],[3.96538,46.47718],[3.96378,46.47495],[3.95763,46.47092],[3.94998,46.4638],[3.95281,46.45933],[3.95384,46.45511],[3.94779,46.44947],[3.93873,46.4441],[3.94364,46.43794],[3.93264,46.43156],[3.92144,46.42789],[3.91225,46.4264],[3.90775,46.43339],[3.90671,46.43702],[3.89942,46.4475],[3.8871,46.4583],[3.89371,46.46051],[3.89907,46.46386],[3.90318,46.46752],[3.90757,46.4753],[3.90625,46.48144],[3.89965,46.48563],[3.89822,46.48514],[3.90022,46.48945],[3.90348,46.49209],[3.90971,46.49527],[3.91651,46.49618]]]]}},{"type":"Feature","properties":{"code":"03174","nom":"Molles","departement":"03","region":"84"},"geometry":{"type":"MultiPolygon","coordinates":[[[[3.52056,46.09558],[3.5199,46.10673],[3.51779,46.112],[3.51283,46.11769],[3.50856,46.11838],[3.50297,46.12137],[3.49748,46.13111],[3.51224,46.13637],[3.5185,46.13578],[3.52084,46.13395],[3.53845,46.13542],[3.54548,46.13463],[3.55571,46.13138],[3.57406,46.1278],[3.58227,46.12744],[3.58854,46.12405],[3.59713,46.12288],[3.60856,46.12791],[3.61494,46.11655],[3.61915,46.10564],[3.61148,46.10337],[3.60244,46.10181],[3.59221,46.10195],[3.58035,46.10388],[3.5484,46.10251],[3.54515,46.09387],[3.53731,46.08734],[3.5353,46.08788],[3.52678,46.09338],[3.52056,46.09558]]]]}},{"type":"Feature","properties":{"code":"03175","nom":"Monestier","departement":"03","region":"84"},"geometry":{"type":"MultiPolygon","coordinates":[[[[3.14189,46.26618],[3.13016,46.26529],[3.12735,46.26301],[3.12637,46.2609],[3.1241,46.25192],[3.12799,46.24725],[3.12941,46.23881],[3.1244,46.23593],[3.1215,46.23236],[3.09936,46.22334],[3.08788,46.23639],[3.07591,46.24381],[3.07263,46.2424],[3.07009,46.24274],[3.07268,46.24499],[3.07328,46.24866],[3.07255,46.25195],[3.07057,46.25507],[3.06516,46.2601],[3.07251,46.27391],[3.09335,46.28192],[3.09223,46.29617],[3.09351,46.29704],[3.09675,46.29743],[3.10081,46.29751],[3.10956,46.30492],[3.10942,46.30056],[3.11164,46.29681],[3.11557,46.29489],[3.11747,46.29596],[3.12625,46.29367],[3.13353,46.28747],[3.13732,46.28128],[3.1351,46.27679],[3.14189,46.26618]]]]}},{"type":"Feature","properties":{"code":"03176","nom":"Monétay-sur-Allier","departement":"03","region":"84"},"geometry":{"type":"MultiPolygon","coordinates":[[[[3.26104,46.37289],[3.26714,46.38455],[3.2643,46.39514],[3.27299,46.39377],[3.28286,46.39399],[3.30536,46.39649],[3.31596,46.39381],[3.31147,46.3903],[3.31022,46.36339],[3.30863,46.36458],[3.30151,46.36581],[3.29187,46.36406],[3.2826,46.36084],[3.27481,46.36899],[3.26104,46.37289]]]]}},{"type":"Feature","properties":{"code":"03177","nom":"Monétay-sur-Loire","departement":"03","region":"84"},"geometry":{"type":"MultiPolygon","coordinates":[[[[3.82011,46.40874],[3.81505,46.41953],[3.80394,46.41999],[3.78621,46.42495],[3.77787,46.4289],[3.78368,46.44065],[3.78345,46.44577],[3.78521,46.45277],[3.79352,46.45869],[3.80367,46.46301],[3.8103,46.46098],[3.81438,46.45838],[3.81442,46.4574],[3.81863,46.45643],[3.82122,46.45743],[3.8246,46.4624],[3.82475,46.46503],[3.83724,46.46648],[3.84097,46.46491],[3.84389,46.46353],[3.84527,46.46186],[3.85018,46.45226],[3.85629,46.4486],[3.86636,46.44565],[3.86023,46.43362],[3.86649,46.42184],[3.86415,46.41713],[3.85532,46.41239],[3.8553,46.41158],[3.85387,46.41213],[3.84324,46.40726],[3.82653,46.4013],[3.82393,46.40097],[3.82011,46.40874]]]]}},{"type":"Feature","properties":{"code":"03178","nom":"Montaiguët-en-Forez","departement":"03","region":"84"},"geometry":{"type":"MultiPolygon","coordinates":[[[[3.77807,46.24322],[3.77953,46.24931],[3.77811,46.25447],[3.77144,46.25808],[3.77436,46.26638],[3.77557,46.26739],[3.79277,46.27696],[3.79784,46.2829],[3.84379,46.28048],[3.85365,46.28323],[3.87286,46.28674],[3.87838,46.28454],[3.88646,46.27381],[3.87779,46.27589],[3.86774,46.2626],[3.85001,46.26222],[3.83504,46.2594],[3.82306,46.25969],[3.8046,46.25639],[3.80529,46.25062],[3.80269,46.23851],[3.78817,46.24244],[3.77807,46.24322]]]]}},{"type":"Feature","properties":{"code":"03179","nom":"Montaigu-le-Blin","departement":"03","region":"84"},"geometry":{"type":"MultiPolygon","coordinates":[[[[3.48993,46.2928],[3.49328,46.29815],[3.50369,46.30129],[3.51148,46.3057],[3.52237,46.30985],[3.52688,46.30978],[3.53181,46.30835],[3.54087,46.299],[3.55394,46.28898],[3.53583,46.28349],[3.52923,46.27834],[3.52054,46.27746],[3.51152,46.27809],[3.4933,46.27306],[3.4885,46.27448],[3.48408,46.28066],[3.48856,46.28681],[3.49006,46.29044],[3.48993,46.2928]]]]}},{"type":"Feature","properties":{"code":"03180","nom":"Montbeugny","departement":"03","region":"84"},"geometry":{"type":"MultiPolygon","coordinates":[[[[3.52897,46.51492],[3.50854,46.51448],[3.48304,46.51265],[3.46775,46.50773],[3.46111,46.50274],[3.45785,46.49908],[3.44251,46.5011],[3.44308,46.50391],[3.44167,46.50522],[3.43424,46.50606],[3.43287,46.51592],[3.43407,46.53125],[3.43095,46.53951],[3.43081,46.54765],[3.43459,46.55067],[3.43772,46.55473],[3.45731,46.55237],[3.47905,46.553],[3.48808,46.55067],[3.49559,46.54755],[3.50289,46.54137],[3.51642,46.5377],[3.52222,46.53846],[3.52139,46.53649],[3.52612,46.5329],[3.53366,46.53038],[3.54014,46.53059],[3.54108,46.52933],[3.54154,46.52593],[3.53449,46.51675],[3.52897,46.51492]]]]}},{"type":"Feature","properties":{"code":"03181","nom":"Montcombroux-les-Mines","departement":"03","region":"84"},"geometry":{"type":"MultiPolygon","coordinates":[[[[3.76815,46.36649],[3.76724,46.35968],[3.76825,46.35422],[3.76543,46.34713],[3.75302,46.34393],[3.74696,46.33968],[3.74524,46.33861],[3.73636,46.33862],[3.71005,46.34416],[3.69453,46.35001],[3.68276,46.35248],[3.68441,46.3578],[3.69741,46.3738],[3.70764,46.37889],[3.72047,46.38896],[3.73032,46.38626],[3.75316,46.37241],[3.7599,46.3717],[3.76815,46.36649]]]]}},{"type":"Feature","properties":{"code":"03182","nom":"Monteignet-sur-l'Andelot","departement":"03","region":"84"},"geometry":{"type":"MultiPolygon","coordinates":[[[[3.22948,46.12529],[3.23149,46.1252],[3.24247,46.12802],[3.24581,46.12881],[3.26517,46.12716],[3.27794,46.12413],[3.27973,46.12243],[3.27958,46.12145],[3.27176,46.11788],[3.26962,46.11476],[3.26766,46.10825],[3.25994,46.10338],[3.22794,46.10058],[3.22243,46.1129],[3.22585,46.11779],[3.2324,46.12218],[3.22948,46.12529]]]]}},{"type":"Feature","properties":{"code":"03183","nom":"Le Montet","departement":"03","region":"84"},"geometry":{"type":"MultiPolygon","coordinates":[[[[3.06745,46.4004],[3.04752,46.4014],[3.0387,46.40318],[3.03935,46.40563],[3.04506,46.40531],[3.04947,46.40896],[3.04603,46.41217],[3.04886,46.41435],[3.05052,46.41422],[3.05305,46.41177],[3.06249,46.40877],[3.06745,46.4004]]]]}},{"type":"Feature","properties":{"code":"03184","nom":"Montilly","departement":"03","region":"84"},"geometry":{"type":"MultiPolygon","coordinates":[[[[3.28896,46.60146],[3.28285,46.59953],[3.28201,46.59812],[3.27281,46.59408],[3.23675,46.58245],[3.2373,46.58425],[3.24163,46.58547],[3.24594,46.59124],[3.24215,46.59687],[3.21504,46.60078],[3.20525,46.59925],[3.20424,46.60217],[3.18698,46.60471],[3.18719,46.60828],[3.18966,46.60832],[3.19277,46.61159],[3.19052,46.6163],[3.18792,46.61898],[3.19473,46.61917],[3.21175,46.62279],[3.22003,46.62315],[3.23176,46.62608],[3.23636,46.62965],[3.24044,46.63555],[3.23698,46.63993],[3.24586,46.6392],[3.25524,46.63386],[3.26219,46.62364],[3.27335,46.61216],[3.28936,46.60191],[3.28896,46.60146]]]]}},{"type":"Feature","properties":{"code":"03185","nom":"Montluçon","departement":"03","region":"84"},"geometry":{"type":"MultiPolygon","coordinates":[[[[2.58093,46.3206],[2.57536,46.33103],[2.57325,46.33483],[2.57397,46.33833],[2.57339,46.33831],[2.57699,46.34981],[2.58236,46.3604],[2.58238,46.36041],[2.58699,46.36511],[2.58797,46.37111],[2.5998,46.37216],[2.60779,46.37217],[2.60933,46.37154],[2.61094,46.37066],[2.61106,46.36887],[2.60155,46.36718],[2.5995,46.36441],[2.60022,46.36259],[2.60814,46.35391],[2.61007,46.35361],[2.61285,46.35401],[2.61584,46.35322],[2.61657,46.34553],[2.62249,46.3437],[2.63113,46.34453],[2.63752,46.34147],[2.63877,46.34155],[2.63985,46.34001],[2.6406,46.33533],[2.64585,46.33443],[2.63777,46.32722],[2.63948,46.32099],[2.63426,46.3181],[2.62994,46.3175],[2.62905,46.31706],[2.62723,46.31739],[2.6266,46.31828],[2.61194,46.31698],[2.60443,46.31824],[2.59915,46.3207],[2.59902,46.32253],[2.58991,46.31983],[2.57323,46.31313],[2.58096,46.32052],[2.58093,46.3206]]]]}},{"type":"Feature","properties":{"code":"03186","nom":"Montmarault","departement":"03","region":"84"},"geometry":{"type":"MultiPolygon","coordinates":[[[[2.96934,46.31083],[2.96138,46.31523],[2.95456,46.31221],[2.94889,46.30374],[2.94957,46.30121],[2.94878,46.29879],[2.93518,46.30975],[2.93232,46.31472],[2.92194,46.32764],[2.92317,46.32895],[2.92595,46.32763],[2.92887,46.32768],[2.93941,46.33079],[2.95545,46.33306],[2.96103,46.33231],[2.96531,46.33047],[2.97351,46.32884],[2.98413,46.3284],[2.98572,46.32957],[2.98728,46.32845],[2.98118,46.32402],[2.9722,46.32183],[2.97059,46.3119],[2.96934,46.31083]]]]}},{"type":"Feature","properties":{"code":"03187","nom":"Montoldre","departement":"03","region":"84"},"geometry":{"type":"MultiPolygon","coordinates":[[[[3.41389,46.34526],[3.41767,46.34599],[3.42062,46.34837],[3.42379,46.34921],[3.43181,46.35319],[3.44426,46.35676],[3.45366,46.35773],[3.46021,46.35601],[3.46754,46.35759],[3.47234,46.36332],[3.47956,46.36074],[3.48965,46.35505],[3.49885,46.34776],[3.49951,46.34519],[3.47828,46.34282],[3.47027,46.34109],[3.46418,46.33847],[3.4612,46.33587],[3.46006,46.33133],[3.46172,46.31669],[3.45756,46.31246],[3.45106,46.30908],[3.44743,46.30878],[3.44509,46.30935],[3.44229,46.31189],[3.43895,46.31203],[3.43417,46.31043],[3.42785,46.31193],[3.42388,46.31521],[3.42624,46.33374],[3.42507,46.33874],[3.41765,46.34179],[3.41389,46.34526]]]]}},{"type":"Feature","properties":{"code":"03188","nom":"Montord","departement":"03","region":"84"},"geometry":{"type":"MultiPolygon","coordinates":[[[[3.25731,46.28027],[3.25458,46.27874],[3.23785,46.28324],[3.22087,46.28572],[3.2186,46.2882],[3.22893,46.30076],[3.24075,46.29913],[3.24665,46.2972],[3.26252,46.28517],[3.25731,46.28027]]]]}},{"type":"Feature","properties":{"code":"03189","nom":"Montvicq","departement":"03","region":"84"},"geometry":{"type":"MultiPolygon","coordinates":[[[[2.8544,46.31144],[2.84845,46.30897],[2.83499,46.3007],[2.83255,46.30022],[2.81287,46.29939],[2.81013,46.29864],[2.80963,46.30479],[2.80705,46.31051],[2.79449,46.31884],[2.79998,46.32635],[2.80754,46.33013],[2.82301,46.33601],[2.83284,46.32582],[2.83812,46.31898],[2.84346,46.31617],[2.8512,46.31392],[2.8544,46.31144]]]]}},{"type":"Feature","properties":{"code":"03190","nom":"Moulins","departement":"03","region":"84"},"geometry":{"type":"MultiPolygon","coordinates":[[[[3.33652,46.53854],[3.33582,46.53842],[3.33513,46.53741],[3.33351,46.53845],[3.31899,46.55267],[3.31471,46.55426],[3.30599,46.57303],[3.30593,46.57901],[3.30911,46.58047],[3.31247,46.58038],[3.31671,46.57743],[3.31822,46.57524],[3.32216,46.57719],[3.3236,46.5788],[3.32729,46.57981],[3.33317,46.5814],[3.33684,46.57458],[3.34014,46.572],[3.34584,46.56942],[3.34461,46.56456],[3.34225,46.56358],[3.33853,46.55955],[3.33843,46.55929],[3.33554,46.55592],[3.34097,46.54658],[3.34641,46.53712],[3.34383,46.53689],[3.33652,46.53854]]]]}},{"type":"Feature","properties":{"code":"03191","nom":"Murat","departement":"03","region":"84"},"geometry":{"type":"MultiPolygon","coordinates":[[[[2.93071,46.40396],[2.93099,46.40177],[2.9195,46.3913],[2.91221,46.38753],[2.89983,46.38336],[2.8919,46.38295],[2.88596,46.38369],[2.88422,46.39112],[2.87096,46.39705],[2.86827,46.40071],[2.86749,46.40323],[2.87601,46.41127],[2.87634,46.4139],[2.87947,46.41188],[2.88547,46.41442],[2.88777,46.41638],[2.89451,46.43331],[2.90757,46.44659],[2.9095,46.44773],[2.92295,46.44019],[2.92847,46.44006],[2.92766,46.43447],[2.92926,46.42904],[2.9257,46.41349],[2.92926,46.40422],[2.93071,46.40396]]]]}},{"type":"Feature","properties":{"code":"03192","nom":"Nades","departement":"03","region":"84"},"geometry":{"type":"MultiPolygon","coordinates":[[[[2.96452,46.12911],[2.96169,46.13171],[2.95652,46.14295],[2.95522,46.15095],[2.95593,46.16002],[2.95303,46.17096],[2.95177,46.17109],[2.9579,46.17544],[2.98048,46.16579],[2.98351,46.16107],[2.98721,46.15081],[2.98945,46.14717],[2.98612,46.14751],[2.97379,46.13868],[2.96452,46.12911]]]]}},{"type":"Feature","properties":{"code":"03193","nom":"Nassigny","departement":"03","region":"84"},"geometry":{"type":"MultiPolygon","coordinates":[[[[2.61053,46.47822],[2.59765,46.48763],[2.58981,46.48678],[2.5794,46.48351],[2.54734,46.47869],[2.54776,46.48096],[2.55289,46.4885],[2.55948,46.49285],[2.56901,46.49616],[2.56569,46.51322],[2.57293,46.51505],[2.59769,46.51382],[2.61715,46.51545],[2.62688,46.51788],[2.62811,46.51582],[2.62769,46.51152],[2.63057,46.50497],[2.62835,46.49722],[2.62273,46.49071],[2.61827,46.48322],[2.62093,46.48268],[2.62038,46.47721],[2.61053,46.47822]]]]}},{"type":"Feature","properties":{"code":"03194","nom":"Naves","departement":"03","region":"84"},"geometry":{"type":"MultiPolygon","coordinates":[[[[3.11608,46.16169],[3.10871,46.16365],[3.10315,46.16329],[3.1003,46.164],[3.08909,46.16733],[3.08773,46.16911],[3.0861,46.17124],[3.09342,46.17423],[3.09984,46.1815],[3.10534,46.18528],[3.11787,46.19089],[3.1291,46.18965],[3.13409,46.18499],[3.13592,46.18219],[3.13858,46.18217],[3.14081,46.18411],[3.14219,46.18246],[3.14277,46.17912],[3.14118,46.17368],[3.12877,46.16872],[3.12092,46.1669],[3.11608,46.16169]]]]}},{"type":"Feature","properties":{"code":"03195","nom":"Néris-les-Bains","departement":"03","region":"84"},"geometry":{"type":"MultiPolygon","coordinates":[[[[2.7328,46.2997],[2.72653,46.29967],[2.72181,46.29711],[2.71665,46.289],[2.71722,46.27891],[2.71394,46.2763],[2.70881,46.2725],[2.70321,46.27097],[2.68926,46.27282],[2.68207,46.27694],[2.6767,46.27828],[2.67349,46.27673],[2.6688,46.27195],[2.66322,46.27251],[2.66171,46.27417],[2.66048,46.27581],[2.6375,46.28324],[2.63556,46.29135],[2.63815,46.2974],[2.64306,46.30281],[2.63971,46.30577],[2.63743,46.3066],[2.63229,46.31454],[2.62905,46.31706],[2.62994,46.3175],[2.63426,46.3181],[2.63948,46.32099],[2.63777,46.32722],[2.64585,46.33443],[2.65058,46.3344],[2.65713,46.33146],[2.66334,46.33013],[2.68275,46.3179],[2.68863,46.31508],[2.71418,46.30819],[2.71831,46.30504],[2.72433,46.30731],[2.72902,46.30531],[2.73207,46.30198],[2.7328,46.2997]]]]}},{"type":"Feature","properties":{"code":"03196","nom":"Neuilly-en-Donjon","departement":"03","region":"84"},"geometry":{"type":"MultiPolygon","coordinates":[[[[3.85661,46.35739],[3.85936,46.35756],[3.87395,46.36208],[3.89424,46.36969],[3.90787,46.36956],[3.90929,46.36391],[3.92936,46.33502],[3.91459,46.33254],[3.9066,46.3291],[3.90171,46.32515],[3.90006,46.32278],[3.89355,46.32057],[3.87696,46.31928],[3.87247,46.31767],[3.86264,46.31658],[3.85362,46.32514],[3.84837,46.32924],[3.84725,46.32925],[3.8459,46.34003],[3.84513,46.34282],[3.84303,46.34546],[3.84305,46.34731],[3.84414,46.349],[3.85661,46.35739]]]]}},{"type":"Feature","properties":{"code":"03197","nom":"Neuilly-le-Réal","departement":"03","region":"84"},"geometry":{"type":"MultiPolygon","coordinates":[[[[3.41595,46.43603],[3.40962,46.44905],[3.40722,46.451],[3.38766,46.46153],[3.38424,46.46687],[3.38786,46.47764],[3.38651,46.47974],[3.38928,46.48973],[3.40249,46.4976],[3.41777,46.50184],[3.4292,46.50659],[3.43424,46.50606],[3.44167,46.50522],[3.44308,46.50391],[3.44251,46.5011],[3.45785,46.49908],[3.46218,46.49868],[3.46563,46.49729],[3.46637,46.48786],[3.46837,46.4788],[3.47369,46.47563],[3.48676,46.47043],[3.48833,46.46547],[3.48482,46.45957],[3.48044,46.45391],[3.47778,46.45352],[3.47428,46.45048],[3.47128,46.44545],[3.47234,46.43267],[3.47254,46.42595],[3.47124,46.42591],[3.47052,46.42644],[3.46414,46.42653],[3.4628,46.42357],[3.46071,46.42251],[3.4563,46.42125],[3.45364,46.42165],[3.44758,46.42467],[3.44537,46.42712],[3.4318,46.43431],[3.42021,46.43715],[3.41595,46.43603]]]]}},{"type":"Feature","properties":{"code":"03198","nom":"Neure","departement":"03","region":"84"},"geometry":{"type":"MultiPolygon","coordinates":[[[[2.9677,46.72009],[2.96456,46.72395],[2.965,46.72815],[2.96833,46.73095],[2.96549,46.73664],[2.95742,46.74542],[2.95518,46.75064],[2.95416,46.76383],[2.96246,46.76321],[2.96991,46.75845],[2.98311,46.76047],[2.99508,46.76636],[2.99876,46.76237],[2.99693,46.75825],[2.99827,46.75306],[3.00394,46.74412],[3.00226,46.73951],[2.99814,46.73543],[2.98033,46.72315],[2.9677,46.72009]]]]}},{"type":"Feature","properties":{"code":"03200","nom":"Neuvy","departement":"03","region":"84"},"geometry":{"type":"MultiPolygon","coordinates":[[[[3.23675,46.58245],[3.27281,46.59408],[3.28201,46.59812],[3.28285,46.59953],[3.28896,46.60146],[3.28709,46.59914],[3.28788,46.59651],[3.30911,46.58047],[3.30593,46.57901],[3.30599,46.57303],[3.31471,46.55426],[3.3137,46.55005],[3.29623,46.54621],[3.27818,46.54038],[3.27311,46.55634],[3.25797,46.5741],[3.25141,46.57726],[3.24069,46.57977],[3.23812,46.58035],[3.23675,46.58245]]]]}},{"type":"Feature","properties":{"code":"03201","nom":"Nizerolles","departement":"03","region":"84"},"geometry":{"type":"MultiPolygon","coordinates":[[[[3.67666,46.09173],[3.67498,46.09148],[3.66983,46.08718],[3.65716,46.08034],[3.6432,46.0819],[3.63144,46.09634],[3.61915,46.10564],[3.61494,46.11655],[3.60856,46.12791],[3.61162,46.12947],[3.62906,46.12784],[3.63837,46.12805],[3.64072,46.12971],[3.64262,46.13388],[3.65548,46.13184],[3.65851,46.12065],[3.65947,46.1093],[3.67666,46.09173]]]]}},{"type":"Feature","properties":{"code":"03202","nom":"Noyant-d'Allier","departement":"03","region":"84"},"geometry":{"type":"MultiPolygon","coordinates":[[[[3.07434,46.46803],[3.0755,46.4747],[3.0814,46.4828],[3.0913,46.48644],[3.11855,46.49415],[3.13079,46.49975],[3.15546,46.50841],[3.15758,46.50766],[3.16155,46.49694],[3.16552,46.48956],[3.16945,46.48579],[3.17657,46.48218],[3.17535,46.48112],[3.17606,46.4803],[3.1719,46.47664],[3.16331,46.47266],[3.16094,46.47883],[3.15308,46.48708],[3.14646,46.4882],[3.14406,46.48759],[3.14169,46.48646],[3.12797,46.46812],[3.11422,46.46608],[3.10428,46.46002],[3.09951,46.45436],[3.08836,46.44943],[3.08238,46.44898],[3.07411,46.4662],[3.07434,46.46803]]]]}},{"type":"Feature","properties":{"code":"03203","nom":"Paray-le-Frésil","departement":"03","region":"84"},"geometry":{"type":"MultiPolygon","coordinates":[[[[3.5653,46.68033],[3.58546,46.69104],[3.58866,46.69531],[3.59031,46.69955],[3.59465,46.6998],[3.60262,46.69797],[3.61217,46.68977],[3.61964,46.68969],[3.62856,46.69139],[3.63997,46.67893],[3.63928,46.6726],[3.63456,46.66598],[3.63682,46.66225],[3.64603,46.65418],[3.64041,46.64751],[3.63775,46.64171],[3.63878,46.63665],[3.63743,46.63374],[3.63194,46.62952],[3.62636,46.62735],[3.61565,46.61652],[3.61513,46.61902],[3.61309,46.62121],[3.59967,46.62958],[3.59293,46.63201],[3.57576,46.6364],[3.56607,46.64196],[3.5678,46.65342],[3.56663,46.65877],[3.56134,46.66847],[3.56199,46.67248],[3.56583,46.67558],[3.567,46.67924],[3.5653,46.68033]]]]}},{"type":"Feature","properties":{"code":"03204","nom":"Paray-sous-Briailles","departement":"03","region":"84"},"geometry":{"type":"MultiPolygon","coordinates":[[[[3.37378,46.25821],[3.36855,46.26248],[3.35878,46.27364],[3.35484,46.28001],[3.34495,46.28161],[3.33964,46.28122],[3.33549,46.27949],[3.33232,46.28063],[3.34097,46.29078],[3.34711,46.30096],[3.34499,46.31094],[3.35054,46.32281],[3.35887,46.33205],[3.36281,46.32478],[3.38125,46.31011],[3.38331,46.30241],[3.39148,46.28692],[3.40051,46.28587],[3.40368,46.28206],[3.40943,46.26966],[3.40753,46.26673],[3.4056,46.26733],[3.3944,46.26303],[3.37378,46.25821]]]]}},{"type":"Feature","properties":{"code":"03304","nom":"Vendat","departement":"03","region":"84"},"geometry":{"type":"MultiPolygon","coordinates":[[[[3.32112,46.14513],[3.31797,46.16185],[3.32325,46.16622],[3.32474,46.17098],[3.32404,46.17672],[3.33045,46.17965],[3.33213,46.18212],[3.33634,46.17886],[3.35976,46.1811],[3.36955,46.18052],[3.3745,46.17636],[3.3804,46.17308],[3.37645,46.16234],[3.37118,46.15394],[3.36864,46.15143],[3.36213,46.14867],[3.35658,46.14396],[3.34599,46.13818],[3.32705,46.14016],[3.3214,46.14289],[3.32112,46.14513]]]]}},{"type":"Feature","properties":{"code":"03205","nom":"Périgny","departement":"03","region":"84"},"geometry":{"type":"MultiPolygon","coordinates":[[[[3.58974,46.2278],[3.58897,46.23003],[3.56404,46.22709],[3.54339,46.21292],[3.54188,46.21294],[3.53866,46.21826],[3.53582,46.22881],[3.53357,46.2312],[3.52983,46.23383],[3.52352,46.23518],[3.51934,46.23332],[3.51676,46.23315],[3.51769,46.23989],[3.53118,46.25872],[3.53796,46.26521],[3.54938,46.27065],[3.55701,46.27602],[3.55635,46.27675],[3.55818,46.27713],[3.56589,46.27574],[3.5844,46.26518],[3.58879,46.26357],[3.59364,46.26294],[3.59991,46.25881],[3.60687,46.25662],[3.59936,46.24638],[3.59517,46.2384],[3.5939,46.23047],[3.58974,46.2278]]]]}},{"type":"Feature","properties":{"code":"03206","nom":"La Petite-Marche","departement":"03","region":"84"},"geometry":{"type":"MultiPolygon","coordinates":[[[[2.52177,46.20256],[2.52815,46.20505],[2.53858,46.20549],[2.55692,46.20144],[2.57673,46.19808],[2.58565,46.20025],[2.58893,46.20193],[2.61072,46.19269],[2.60464,46.19029],[2.59931,46.18954],[2.5918,46.18689],[2.58437,46.18011],[2.58163,46.17584],[2.5824,46.17554],[2.58011,46.17389],[2.57616,46.17278],[2.55935,46.174],[2.55813,46.17507],[2.55375,46.17591],[2.55074,46.17738],[2.54397,46.17576],[2.54196,46.17601],[2.53273,46.18153],[2.52839,46.18513],[2.52783,46.19073],[2.52177,46.20256]]]]}},{"type":"Feature","properties":{"code":"03207","nom":"Pierrefitte-sur-Loire","departement":"03","region":"84"},"geometry":{"type":"MultiPolygon","coordinates":[[[[3.81135,46.52052],[3.81777,46.5252],[3.83441,46.53132],[3.83791,46.5317],[3.84166,46.53027],[3.84646,46.52436],[3.84584,46.52293],[3.84058,46.51922],[3.83976,46.51756],[3.84092,46.5148],[3.84504,46.51308],[3.84682,46.50957],[3.85182,46.50531],[3.84925,46.49867],[3.84823,46.49757],[3.84233,46.49512],[3.83353,46.48882],[3.82387,46.4775],[3.8237,46.47493],[3.82392,46.47421],[3.81719,46.47147],[3.8102,46.4743],[3.804,46.47815],[3.79254,46.48749],[3.78415,46.49721],[3.7664,46.49677],[3.75922,46.50627],[3.75895,46.50794],[3.7641,46.51298],[3.77014,46.51261],[3.77399,46.51392],[3.77979,46.51736],[3.78315,46.5235],[3.78067,46.52836],[3.78366,46.52778],[3.80299,46.51957],[3.80728,46.51934],[3.81135,46.52052]]]]}},{"type":"Feature","properties":{"code":"03208","nom":"Le Pin","departement":"03","region":"84"},"geometry":{"type":"MultiPolygon","coordinates":[[[[3.8871,46.4583],[3.89942,46.4475],[3.90671,46.43702],[3.90775,46.43339],[3.91225,46.4264],[3.91009,46.42486],[3.91678,46.38932],[3.91342,46.38784],[3.91009,46.38755],[3.89967,46.387],[3.89468,46.38742],[3.88691,46.39777],[3.87768,46.40467],[3.86858,46.40744],[3.86328,46.40756],[3.85939,46.40651],[3.8553,46.41158],[3.85532,46.41239],[3.86415,46.41713],[3.86649,46.42184],[3.86023,46.43362],[3.86636,46.44565],[3.86891,46.44591],[3.87916,46.45464],[3.8871,46.4583]]]]}},{"type":"Feature","properties":{"code":"03209","nom":"Poëzat","departement":"03","region":"84"},"geometry":{"type":"MultiPolygon","coordinates":[[[[3.21445,46.07492],[3.22045,46.07758],[3.2307,46.07984],[3.23236,46.08428],[3.24243,46.07944],[3.23431,46.07231],[3.23247,46.06967],[3.21445,46.07492]]]]}},{"type":"Feature","properties":{"code":"03210","nom":"Pouzy-Mésangy","departement":"03","region":"84"},"geometry":{"type":"MultiPolygon","coordinates":[[[[2.97509,46.66761],[2.97549,46.66964],[2.96785,46.67786],[2.9678,46.68251],[2.96662,46.68538],[2.96784,46.68478],[2.97188,46.68567],[2.97455,46.68956],[2.97794,46.6993],[2.97542,46.70737],[2.9677,46.72009],[2.98033,46.72315],[2.99814,46.73543],[3.00226,46.73951],[3.00394,46.74412],[3.01561,46.74316],[3.02437,46.74111],[3.03066,46.73669],[3.03264,46.73134],[3.05009,46.71336],[3.05249,46.70889],[3.05399,46.70142],[3.05258,46.69871],[3.04511,46.69677],[3.03791,46.69768],[3.03188,46.69357],[3.0302,46.692],[3.03064,46.68241],[3.02798,46.68105],[3.01983,46.67946],[3.00741,46.67366],[2.99,46.66916],[2.98014,46.67108],[2.97509,46.66761]]]]}},{"type":"Feature","properties":{"code":"03211","nom":"Prémilhat","departement":"03","region":"84"},"geometry":{"type":"MultiPolygon","coordinates":[[[[2.53096,46.2781],[2.52597,46.27992],[2.52007,46.28422],[2.51423,46.29233],[2.52167,46.3073],[2.52026,46.30901],[2.52422,46.31654],[2.53272,46.32019],[2.53754,46.33316],[2.55031,46.3373],[2.57339,46.33831],[2.57397,46.33833],[2.57325,46.33483],[2.57536,46.33103],[2.58093,46.3206],[2.58096,46.32052],[2.57323,46.31313],[2.57104,46.30465],[2.57247,46.29612],[2.5591,46.29319],[2.54133,46.28632],[2.53096,46.2781]]]]}},{"type":"Feature","properties":{"code":"03212","nom":"Quinssaines","departement":"03","region":"84"},"geometry":{"type":"MultiPolygon","coordinates":[[[[2.47941,46.27558],[2.4807,46.28105],[2.44303,46.295],[2.45076,46.30237],[2.45671,46.30379],[2.46214,46.30707],[2.46315,46.31205],[2.46202,46.31325],[2.46969,46.31759],[2.48627,46.32528],[2.49149,46.32695],[2.49514,46.33121],[2.49674,46.33465],[2.50506,46.34519],[2.50652,46.34269],[2.52054,46.34036],[2.52684,46.33599],[2.53493,46.33249],[2.53754,46.33316],[2.53272,46.32019],[2.52422,46.31654],[2.52026,46.30901],[2.52167,46.3073],[2.51423,46.29233],[2.50659,46.28707],[2.4902,46.27821],[2.47941,46.27558]]]]}},{"type":"Feature","properties":{"code":"03213","nom":"Reugny","departement":"03","region":"84"},"geometry":{"type":"MultiPolygon","coordinates":[[[[2.62038,46.47721],[2.6207,46.47588],[2.62783,46.47281],[2.62988,46.46945],[2.62769,46.45801],[2.6267,46.45305],[2.62463,46.44927],[2.61738,46.4476],[2.61705,46.44697],[2.61002,46.4398],[2.60343,46.43794],[2.59502,46.44676],[2.60364,46.45713],[2.61053,46.47822],[2.62038,46.47721]]]]}},{"type":"Feature","properties":{"code":"03214","nom":"Rocles","departement":"03","region":"84"},"geometry":{"type":"MultiPolygon","coordinates":[[[[3.05356,46.47489],[3.05547,46.47149],[3.05958,46.46765],[3.06476,46.47045],[3.06736,46.47039],[3.0698,46.4686],[3.06425,46.4669],[3.06561,46.46568],[3.06705,46.45649],[3.06546,46.44521],[3.06204,46.43758],[3.05339,46.43283],[3.04594,46.42729],[3.05052,46.41422],[3.04886,46.41435],[3.04603,46.41217],[3.04947,46.40896],[3.04582,46.40877],[3.03954,46.41061],[3.03013,46.41503],[3.02168,46.42107],[3.01272,46.43221],[2.99916,46.43342],[2.99122,46.43486],[2.9911,46.43585],[2.99867,46.44051],[3.0095,46.44969],[3.0218,46.45556],[3.02603,46.46071],[3.02345,46.46484],[3.02542,46.46666],[3.04572,46.47309],[3.05356,46.47489]]]]}},{"type":"Feature","properties":{"code":"03215","nom":"Rongères","departement":"03","region":"84"},"geometry":{"type":"MultiPolygon","coordinates":[[[[3.43011,46.29206],[3.43031,46.29875],[3.43501,46.30346],[3.43417,46.31043],[3.43895,46.31203],[3.44229,46.31189],[3.44509,46.30935],[3.44743,46.30878],[3.45106,46.30908],[3.45756,46.31246],[3.46172,46.31669],[3.46715,46.31254],[3.46889,46.30945],[3.47118,46.30285],[3.47127,46.29469],[3.47167,46.28766],[3.46596,46.28393],[3.46026,46.28159],[3.44868,46.28329],[3.44123,46.28325],[3.43816,46.28408],[3.43011,46.29206]]]]}},{"type":"Feature","properties":{"code":"03216","nom":"Ronnet","departement":"03","region":"84"},"geometry":{"type":"MultiPolygon","coordinates":[[[[2.66607,46.19573],[2.6812,46.21038],[2.68451,46.21521],[2.68345,46.21734],[2.68493,46.21995],[2.69202,46.22652],[2.69721,46.22553],[2.70564,46.22206],[2.70887,46.22182],[2.71218,46.22264],[2.71401,46.22324],[2.7157,46.23261],[2.71713,46.23372],[2.72485,46.22902],[2.73262,46.22349],[2.72518,46.21498],[2.72085,46.212],[2.72199,46.20795],[2.72641,46.20072],[2.7269,46.1953],[2.721,46.18643],[2.72317,46.18145],[2.70271,46.18066],[2.68834,46.17599],[2.68562,46.17569],[2.68529,46.1765],[2.68331,46.17706],[2.67832,46.17685],[2.67542,46.17848],[2.66607,46.19573]]]]}},{"type":"Feature","properties":{"code":"03217","nom":"Saint-Angel","departement":"03","region":"84"},"geometry":{"type":"MultiPolygon","coordinates":[[[[2.7001,46.37536],[2.70729,46.37037],[2.71591,46.36844],[2.72095,46.36817],[2.73044,46.35726],[2.7349,46.3542],[2.74105,46.35315],[2.74444,46.35455],[2.75274,46.35258],[2.75072,46.35072],[2.74885,46.34418],[2.73434,46.34273],[2.72417,46.34661],[2.71747,46.34749],[2.70158,46.34558],[2.67333,46.33803],[2.66609,46.33382],[2.66334,46.33013],[2.65713,46.33146],[2.65058,46.3344],[2.64585,46.33443],[2.6406,46.33533],[2.63985,46.34001],[2.63877,46.34155],[2.64039,46.34279],[2.64303,46.34289],[2.64548,46.34471],[2.65086,46.35342],[2.64882,46.36264],[2.6387,46.36576],[2.63989,46.36999],[2.64116,46.3712],[2.64999,46.37451],[2.65398,46.37937],[2.65568,46.37829],[2.6735,46.3752],[2.69016,46.37345],[2.7001,46.37536]]]]}},{"type":"Feature","properties":{"code":"03218","nom":"Saint-Aubin-le-Monial","departement":"03","region":"84"},"geometry":{"type":"MultiPolygon","coordinates":[[[[3.05334,46.54565],[3.04495,46.54545],[3.04008,46.54462],[3.02727,46.53904],[3.02174,46.53492],[3.01811,46.51439],[3.0074,46.51381],[2.99539,46.51547],[2.98031,46.50857],[2.97185,46.50771],[2.96554,46.50862],[2.96691,46.51506],[2.96637,46.52035],[2.96449,46.52651],[2.96197,46.52947],[2.96056,46.53476],[2.96795,46.54321],[2.98531,46.54357],[2.98888,46.54521],[2.99438,46.55131],[2.99505,46.55467],[2.99371,46.55519],[2.9964,46.55675],[3.00249,46.55851],[3.00426,46.55877],[3.0066,46.55641],[3.02518,46.5605],[3.03182,46.55925],[3.04781,46.55324],[3.05334,46.54565]]]]}},{"type":"Feature","properties":{"code":"03219","nom":"Saint-Bonnet-de-Four","departement":"03","region":"84"},"geometry":{"type":"MultiPolygon","coordinates":[[[[2.86509,46.3448],[2.88972,46.33425],[2.90064,46.33183],[2.91348,46.33213],[2.92336,46.33502],[2.92587,46.33225],[2.92619,46.33046],[2.92317,46.32895],[2.92194,46.32764],[2.93232,46.31472],[2.93518,46.30975],[2.94878,46.29879],[2.94789,46.297],[2.9314,46.29741],[2.91841,46.28554],[2.91629,46.28525],[2.91198,46.28652],[2.90726,46.28896],[2.90875,46.29298],[2.89368,46.30431],[2.88958,46.30674],[2.88424,46.30605],[2.8757,46.32019],[2.86624,46.32217],[2.86887,46.32781],[2.86509,46.3448]]]]}},{"type":"Feature","properties":{"code":"03220","nom":"Saint-Bonnet-de-Rochefort","departement":"03","region":"84"},"geometry":{"type":"MultiPolygon","coordinates":[[[[3.17126,46.15252],[3.16601,46.13411],[3.15743,46.13233],[3.14411,46.13599],[3.13387,46.13355],[3.12553,46.12591],[3.11673,46.1218],[3.11539,46.12178],[3.1124,46.12281],[3.11732,46.12697],[3.1186,46.13008],[3.1186,46.13346],[3.11214,46.13844],[3.11045,46.14306],[3.11083,46.14797],[3.11868,46.15286],[3.12332,46.1571],[3.11825,46.16105],[3.11608,46.16169],[3.12092,46.1669],[3.12877,46.16872],[3.14118,46.17368],[3.14556,46.17227],[3.14956,46.1729],[3.15526,46.16992],[3.16467,46.16291],[3.16844,46.16126],[3.17126,46.15252]]]]}},{"type":"Feature","properties":{"code":"03221","nom":"Saint-Bonnet-Tronçais","departement":"03","region":"84"},"geometry":{"type":"MultiPolygon","coordinates":[[[[2.73146,46.63324],[2.72685,46.63347],[2.71029,46.63381],[2.71653,46.64054],[2.70923,46.63971],[2.69293,46.64628],[2.6804,46.65242],[2.66731,46.66638],[2.66083,46.67876],[2.65036,46.68525],[2.64808,46.68908],[2.65353,46.6933],[2.6552,46.69692],[2.67782,46.70454],[2.68513,46.69894],[2.70071,46.69708],[2.71875,46.68786],[2.71074,46.68464],[2.71585,46.67436],[2.74477,46.64971],[2.74353,46.64809],[2.73755,46.64485],[2.73146,46.63324]]]]}},{"type":"Feature","properties":{"code":"03222","nom":"Saint-Caprais","departement":"03","region":"84"},"geometry":{"type":"MultiPolygon","coordinates":[[[[2.75507,46.57307],[2.75639,46.57292],[2.76154,46.56915],[2.76525,46.5641],[2.76389,46.56179],[2.76418,46.5541],[2.77331,46.53539],[2.77815,46.53098],[2.78229,46.52962],[2.77094,46.52285],[2.76323,46.52388],[2.75791,46.52095],[2.75467,46.52119],[2.74239,46.52615],[2.72725,46.52641],[2.70879,46.53925],[2.70205,46.54249],[2.6965,46.54194],[2.69015,46.54412],[2.68958,46.54633],[2.68986,46.54853],[2.69568,46.55278],[2.70326,46.5546],[2.71008,46.55485],[2.71783,46.55644],[2.73308,46.56302],[2.74121,46.56428],[2.74815,46.56794],[2.75507,46.57307]]]]}},{"type":"Feature","properties":{"code":"03223","nom":"Saint-Christophe-en-Bourbonnais","departement":"03","region":"84"},"geometry":{"type":"MultiPolygon","coordinates":[[[[3.58854,46.12405],[3.58227,46.12744],[3.57406,46.1278],[3.55571,46.13138],[3.54548,46.13463],[3.53845,46.13542],[3.54048,46.14314],[3.54582,46.14657],[3.54958,46.15093],[3.5521,46.15656],[3.55018,46.17136],[3.55206,46.18315],[3.56011,46.19009],[3.57207,46.18984],[3.58304,46.18756],[3.59039,46.18905],[3.59235,46.19208],[3.593,46.19621],[3.5996,46.20415],[3.60998,46.21303],[3.61159,46.2115],[3.625,46.20679],[3.62876,46.20435],[3.62887,46.20344],[3.62755,46.19847],[3.62394,46.19548],[3.60646,46.18742],[3.60158,46.17663],[3.59257,46.16534],[3.58795,46.15756],[3.59208,46.13631],[3.59192,46.1326],[3.58854,46.12405]]]]}},{"type":"Feature","properties":{"code":"03224","nom":"Saint-Clément","departement":"03","region":"84"},"geometry":{"type":"MultiPolygon","coordinates":[[[[3.69317,46.02935],[3.69518,46.03476],[3.70064,46.0438],[3.70054,46.05128],[3.6994,46.05493],[3.69432,46.05881],[3.68882,46.06005],[3.68668,46.06219],[3.68617,46.06571],[3.6877,46.07378],[3.68858,46.07516],[3.69408,46.07807],[3.69532,46.07963],[3.69507,46.08144],[3.70761,46.08463],[3.71554,46.08755],[3.72536,46.08521],[3.74368,46.07984],[3.75399,46.06675],[3.76206,46.06278],[3.75702,46.05836],[3.7649,46.04897],[3.76532,46.04646],[3.76371,46.04337],[3.75722,46.04449],[3.75086,46.04681],[3.74562,46.04606],[3.73905,46.04269],[3.7378,46.04051],[3.72683,46.03117],[3.70933,46.02923],[3.70708,46.02789],[3.7031,46.02219],[3.69864,46.02097],[3.69317,46.02935]]]]}},{"type":"Feature","properties":{"code":"03225","nom":"Saint-Désiré","departement":"03","region":"84"},"geometry":{"type":"MultiPolygon","coordinates":[[[[2.39697,46.48035],[2.39279,46.48127],[2.38947,46.48406],[2.39248,46.49017],[2.39554,46.49256],[2.3973,46.49238],[2.39392,46.49769],[2.38923,46.50183],[2.38396,46.50498],[2.37581,46.50803],[2.36771,46.51565],[2.3683,46.51843],[2.38407,46.51829],[2.41706,46.52067],[2.42073,46.52532],[2.42945,46.52643],[2.4397,46.52568],[2.45056,46.52172],[2.47261,46.52778],[2.48285,46.53267],[2.49693,46.53363],[2.49593,46.52332],[2.49701,46.52139],[2.50256,46.52144],[2.51244,46.52395],[2.51354,46.52595],[2.51228,46.52802],[2.52024,46.53123],[2.52837,46.52703],[2.53282,46.52169],[2.53665,46.5197],[2.53468,46.51431],[2.52687,46.5085],[2.49829,46.50258],[2.49587,46.49714],[2.48995,46.49514],[2.46039,46.4898],[2.45243,46.49014],[2.4361,46.48457],[2.40737,46.47789],[2.40443,46.47958],[2.39697,46.48035]]]]}},{"type":"Feature","properties":{"code":"03226","nom":"Saint-Didier-en-Donjon","departement":"03","region":"84"},"geometry":{"type":"MultiPolygon","coordinates":[[[[3.91678,46.38932],[3.92248,46.38539],[3.92729,46.38057],[3.92006,46.37218],[3.90787,46.36956],[3.89424,46.36969],[3.87395,46.36208],[3.85936,46.35756],[3.85661,46.35739],[3.8375,46.36159],[3.82664,46.36513],[3.82026,46.36851],[3.81618,46.37257],[3.8189,46.37457],[3.81917,46.37798],[3.81476,46.38709],[3.813,46.38694],[3.81689,46.40343],[3.81886,46.4086],[3.82011,46.40874],[3.82393,46.40097],[3.82653,46.4013],[3.84324,46.40726],[3.85387,46.41213],[3.8553,46.41158],[3.85939,46.40651],[3.86328,46.40756],[3.86858,46.40744],[3.87768,46.40467],[3.88691,46.39777],[3.89468,46.38742],[3.89967,46.387],[3.91009,46.38755],[3.91342,46.38784],[3.91678,46.38932]]]]}},{"type":"Feature","properties":{"code":"03227","nom":"Saint-Didier-la-Forêt","departement":"03","region":"84"},"geometry":{"type":"MultiPolygon","coordinates":[[[[3.34728,46.19577],[3.33441,46.20056],[3.32693,46.20216],[3.31797,46.20257],[3.31605,46.20334],[3.30776,46.20988],[3.29892,46.2198],[3.30009,46.22581],[3.29451,46.23403],[3.29784,46.23516],[3.30144,46.2394],[3.30011,46.24199],[3.30012,46.24757],[3.30204,46.25338],[3.30714,46.25923],[3.30844,46.25784],[3.3162,46.25548],[3.32533,46.25502],[3.32741,46.25873],[3.32697,46.26061],[3.33168,46.26368],[3.33288,46.26352],[3.35392,46.25566],[3.36097,46.25403],[3.36716,46.2507],[3.37217,46.23318],[3.37699,46.22461],[3.38075,46.21359],[3.38001,46.21148],[3.37139,46.21131],[3.35995,46.20731],[3.35477,46.19734],[3.35372,46.19656],[3.34728,46.19577]]]]}},{"type":"Feature","properties":{"code":"03228","nom":"Saint-Éloy-d'Allier","departement":"03","region":"84"},"geometry":{"type":"MultiPolygon","coordinates":[[[[2.32953,46.48183],[2.32958,46.48312],[2.32572,46.4871],[2.32735,46.49136],[2.33286,46.49868],[2.35161,46.51226],[2.36129,46.51641],[2.3683,46.51843],[2.36771,46.51565],[2.37581,46.50803],[2.38396,46.50498],[2.38923,46.50183],[2.39392,46.49769],[2.3973,46.49238],[2.39554,46.49256],[2.39248,46.49017],[2.38947,46.48406],[2.39279,46.48127],[2.39697,46.48035],[2.39622,46.47961],[2.39006,46.47861],[2.38194,46.47942],[2.37798,46.4823],[2.37745,46.48358],[2.37233,46.4863],[2.34729,46.48819],[2.3423,46.48778],[2.33684,46.48632],[2.32953,46.48183]]]]}},{"type":"Feature","properties":{"code":"03229","nom":"Saint-Ennemond","departement":"03","region":"84"},"geometry":{"type":"MultiPolygon","coordinates":[[[[3.34981,46.66746],[3.35706,46.68238],[3.35748,46.68878],[3.36924,46.69461],[3.373,46.69803],[3.37605,46.70103],[3.37816,46.70483],[3.3792,46.7099],[3.38319,46.71318],[3.39008,46.71484],[3.41708,46.7104],[3.43436,46.71241],[3.43012,46.70312],[3.43017,46.69873],[3.43291,46.6943],[3.44597,46.69322],[3.44819,46.69235],[3.45113,46.69006],[3.45285,46.68733],[3.45444,46.68158],[3.44711,46.66361],[3.44208,46.662],[3.43539,46.65834],[3.43143,46.65395],[3.42503,46.64932],[3.41652,46.65028],[3.40199,46.65022],[3.39326,46.65219],[3.3842,46.65723],[3.3825,46.66122],[3.38526,46.66151],[3.37878,46.66412],[3.36974,46.65909],[3.36755,46.65656],[3.36574,46.65739],[3.35949,46.66538],[3.35483,46.66721],[3.34981,46.66746]]]]}},{"type":"Feature","properties":{"code":"03230","nom":"Saint-Étienne-de-Vicq","departement":"03","region":"84"},"geometry":{"type":"MultiPolygon","coordinates":[[[[3.53845,46.13542],[3.52084,46.13395],[3.5185,46.13578],[3.52265,46.14584],[3.52185,46.15155],[3.5173,46.15946],[3.51686,46.16413],[3.51831,46.1641],[3.52534,46.17095],[3.52187,46.17647],[3.51968,46.1831],[3.5211,46.18839],[3.51748,46.20025],[3.51783,46.20209],[3.5266,46.20487],[3.5366,46.21042],[3.53813,46.2106],[3.54861,46.20776],[3.55614,46.19936],[3.56011,46.19009],[3.55206,46.18315],[3.55018,46.17136],[3.5521,46.15656],[3.54958,46.15093],[3.54582,46.14657],[3.54048,46.14314],[3.53845,46.13542]]]]}},{"type":"Feature","properties":{"code":"03231","nom":"Saint-Fargeol","departement":"03","region":"84"},"geometry":{"type":"MultiPolygon","coordinates":[[[[2.60247,46.1309],[2.59863,46.14175],[2.59807,46.14584],[2.59894,46.1474],[2.59988,46.14662],[2.61464,46.14432],[2.62706,46.14532],[2.6433,46.1455],[2.65816,46.14232],[2.66221,46.1373],[2.6565,46.1335],[2.65448,46.12431],[2.64465,46.11982],[2.64068,46.11836],[2.63453,46.11915],[2.63086,46.12071],[2.62688,46.12397],[2.62353,46.12263],[2.62189,46.12264],[2.60247,46.1309]]]]}},{"type":"Feature","properties":{"code":"03232","nom":"Saint-Félix","departement":"03","region":"84"},"geometry":{"type":"MultiPolygon","coordinates":[[[[3.49389,46.2381],[3.49884,46.23547],[3.50384,46.23099],[3.49139,46.22686],[3.47748,46.21728],[3.47643,46.21681],[3.46172,46.21747],[3.46045,46.21769],[3.46087,46.21911],[3.46104,46.22035],[3.45847,46.2235],[3.45396,46.22715],[3.45426,46.23451],[3.45686,46.23709],[3.46373,46.23649],[3.46388,46.23876],[3.47163,46.23538],[3.48127,46.23431],[3.48888,46.23561],[3.49382,46.23718],[3.49389,46.2381]]]]}},{"type":"Feature","properties":{"code":"03233","nom":"Saint-Genest","departement":"03","region":"84"},"geometry":{"type":"MultiPolygon","coordinates":[[[[2.59637,46.2918],[2.63127,46.26138],[2.63258,46.25887],[2.63293,46.25353],[2.62369,46.23552],[2.61178,46.24142],[2.60727,46.24758],[2.60259,46.25063],[2.5964,46.25065],[2.58516,46.25237],[2.58227,46.25364],[2.57231,46.26203],[2.5721,46.2655],[2.57795,46.27388],[2.59637,46.2918]]]]}},{"type":"Feature","properties":{"code":"03234","nom":"Saint-Gérand-de-Vaux","departement":"03","region":"84"},"geometry":{"type":"MultiPolygon","coordinates":[[[[3.38497,46.41579],[3.39583,46.41296],[3.40418,46.4117],[3.41238,46.40918],[3.40789,46.39808],[3.40835,46.39734],[3.41156,46.39647],[3.42332,46.39811],[3.43779,46.39603],[3.45038,46.38861],[3.45863,46.38559],[3.47116,46.38381],[3.46336,46.37283],[3.46778,46.36573],[3.47234,46.36332],[3.46754,46.35759],[3.46021,46.35601],[3.45366,46.35773],[3.44426,46.35676],[3.43181,46.35319],[3.42379,46.34921],[3.41254,46.35848],[3.39806,46.36844],[3.39316,46.36171],[3.38174,46.36252],[3.3638,46.37004],[3.36205,46.37537],[3.35336,46.40375],[3.35445,46.41989],[3.35583,46.42283],[3.35608,46.42045],[3.35713,46.4199],[3.37948,46.41473],[3.38319,46.41476],[3.38497,46.41579]]]]}},{"type":"Feature","properties":{"code":"03235","nom":"Saint-Gérand-le-Puy","departement":"03","region":"84"},"geometry":{"type":"MultiPolygon","coordinates":[[[[3.47865,46.2898],[3.48756,46.29304],[3.48993,46.2928],[3.49006,46.29044],[3.48856,46.28681],[3.48408,46.28066],[3.4885,46.27448],[3.4933,46.27306],[3.51152,46.27809],[3.52054,46.27746],[3.52923,46.27834],[3.53583,46.28349],[3.55394,46.28898],[3.5593,46.28878],[3.55601,46.28182],[3.55635,46.27675],[3.55701,46.27602],[3.54938,46.27065],[3.53796,46.26521],[3.53118,46.25872],[3.51769,46.23989],[3.51676,46.23315],[3.505,46.23066],[3.50384,46.23099],[3.49884,46.23547],[3.49389,46.2381],[3.4907,46.24031],[3.48779,46.25481],[3.48446,46.26213],[3.48214,46.26614],[3.48011,46.2662],[3.47517,46.27687],[3.47409,46.28547],[3.47468,46.2896],[3.47865,46.2898]]]]}},{"type":"Feature","properties":{"code":"03236","nom":"Saint-Germain-des-Fossés","departement":"03","region":"84"},"geometry":{"type":"MultiPolygon","coordinates":[[[[3.44207,46.21454],[3.44094,46.21352],[3.44135,46.20815],[3.45048,46.19415],[3.4459,46.19233],[3.43341,46.18289],[3.42719,46.17834],[3.41301,46.17499],[3.41211,46.17894],[3.41265,46.18253],[3.41515,46.18623],[3.41733,46.19479],[3.41643,46.20251],[3.4217,46.21056],[3.42136,46.21252],[3.42111,46.21286],[3.42997,46.21513],[3.43874,46.21604],[3.44207,46.21454]]]]}},{"type":"Feature","properties":{"code":"03237","nom":"Saint-Germain-de-Salles","departement":"03","region":"84"},"geometry":{"type":"MultiPolygon","coordinates":[[[[3.24404,46.20687],[3.2543,46.20448],[3.26194,46.20177],[3.25382,46.19649],[3.24738,46.19413],[3.24031,46.18795],[3.24106,46.18222],[3.23927,46.17985],[3.23139,46.17376],[3.22324,46.17072],[3.21568,46.16938],[3.19121,46.17553],[3.19103,46.17725],[3.19036,46.18287],[3.18873,46.18579],[3.1859,46.18752],[3.18478,46.18938],[3.20236,46.19539],[3.22923,46.19563],[3.23811,46.20169],[3.24404,46.20687]]]]}},{"type":"Feature","properties":{"code":"03238","nom":"Saint-Hilaire","departement":"03","region":"84"},"geometry":{"type":"MultiPolygon","coordinates":[[[[3.05356,46.47489],[3.04572,46.47309],[3.02542,46.46666],[3.02345,46.46484],[3.02603,46.46071],[3.0218,46.45556],[3.0095,46.44969],[3.00772,46.45218],[3.00703,46.45618],[3.00721,46.46577],[3.00393,46.46983],[2.99602,46.47592],[2.99168,46.48385],[2.99205,46.4872],[2.98849,46.49717],[2.98505,46.50335],[2.98031,46.50857],[2.99539,46.51547],[3.0074,46.51381],[3.01811,46.51439],[3.02181,46.50556],[3.02531,46.50121],[3.0345,46.49454],[3.04058,46.49143],[3.04855,46.49154],[3.05622,46.48711],[3.05356,46.47489]]]]}},{"type":"Feature","properties":{"code":"03239","nom":"Saint-Léger-sur-Vouzance","departement":"03","region":"84"},"geometry":{"type":"MultiPolygon","coordinates":[[[[3.92729,46.38057],[3.92248,46.38539],[3.91678,46.38932],[3.91009,46.42486],[3.91225,46.4264],[3.92144,46.42789],[3.93264,46.43156],[3.94364,46.43794],[3.96092,46.42516],[3.96539,46.41998],[3.96119,46.3977],[3.96111,46.39659],[3.94207,46.38495],[3.93032,46.38198],[3.92729,46.38057]]]]}},{"type":"Feature","properties":{"code":"03240","nom":"Saint-Léon","departement":"03","region":"84"},"geometry":{"type":"MultiPolygon","coordinates":[[[[3.69741,46.3738],[3.67265,46.38214],[3.66164,46.38435],[3.66075,46.39167],[3.65359,46.40612],[3.65556,46.41133],[3.65451,46.41547],[3.65198,46.41971],[3.64997,46.42108],[3.64666,46.42244],[3.64516,46.42536],[3.65192,46.43402],[3.67046,46.44169],[3.67968,46.44267],[3.68568,46.44443],[3.6911,46.44658],[3.69325,46.44984],[3.69729,46.4502],[3.69549,46.44833],[3.69566,46.44637],[3.70075,46.42852],[3.70571,46.42586],[3.71324,46.42676],[3.71442,46.42769],[3.72172,46.42642],[3.72846,46.42445],[3.73224,46.42127],[3.71733,46.40358],[3.7176,46.39715],[3.72128,46.39273],[3.72047,46.38896],[3.70764,46.37889],[3.69741,46.3738]]]]}},{"type":"Feature","properties":{"code":"03241","nom":"Saint-Léopardin-d'Augy","departement":"03","region":"84"},"geometry":{"type":"MultiPolygon","coordinates":[[[[3.14703,46.71023],[3.14407,46.70902],[3.15355,46.69453],[3.15215,46.69008],[3.1474,46.68338],[3.13831,46.6778],[3.12758,46.67511],[3.12758,46.66795],[3.11151,46.66776],[3.09252,46.65917],[3.08395,46.6564],[3.07127,46.6643],[3.07724,46.66923],[3.07768,46.67077],[3.07859,46.67495],[3.07673,46.6866],[3.07021,46.69519],[3.065,46.69906],[3.06182,46.70331],[3.06349,46.71036],[3.06221,46.71301],[3.07868,46.72095],[3.08052,46.72455],[3.08088,46.73459],[3.08354,46.73786],[3.10461,46.73316],[3.11174,46.73089],[3.12263,46.72955],[3.12956,46.72743],[3.13267,46.72503],[3.14357,46.71268],[3.14703,46.71023]]]]}},{"type":"Feature","properties":{"code":"03242","nom":"Saint-Loup","departement":"03","region":"84"},"geometry":{"type":"MultiPolygon","coordinates":[[[[3.42379,46.34921],[3.42062,46.34837],[3.41767,46.34599],[3.41389,46.34526],[3.39278,46.34255],[3.37908,46.33839],[3.35652,46.33641],[3.34647,46.34942],[3.33751,46.35904],[3.33656,46.3694],[3.33933,46.37239],[3.35032,46.37431],[3.36205,46.37537],[3.3638,46.37004],[3.38174,46.36252],[3.39316,46.36171],[3.39806,46.36844],[3.41254,46.35848],[3.42379,46.34921]]]]}},{"type":"Feature","properties":{"code":"03243","nom":"Saint-Marcel-en-Murat","departement":"03","region":"84"},"geometry":{"type":"MultiPolygon","coordinates":[[[[3.0104,46.2992],[2.99134,46.30171],[2.97542,46.30963],[2.96934,46.31083],[2.97059,46.3119],[2.9722,46.32183],[2.98118,46.32402],[2.98728,46.32845],[2.98572,46.32957],[2.98932,46.33903],[2.99403,46.34337],[3.02058,46.34672],[3.02175,46.33567],[3.03263,46.32962],[3.03734,46.32838],[3.0337,46.31994],[3.02922,46.31311],[3.0104,46.2992]]]]}},{"type":"Feature","properties":{"code":"03244","nom":"Saint-Marcel-en-Marcillat","departement":"03","region":"84"},"geometry":{"type":"MultiPolygon","coordinates":[[[[2.59124,46.12696],[2.57325,46.14027],[2.5663,46.14315],[2.56684,46.14429],[2.5616,46.1573],[2.55935,46.174],[2.57616,46.17278],[2.58011,46.17389],[2.5824,46.17554],[2.58406,46.17626],[2.58647,46.17578],[2.58712,46.17468],[2.58969,46.16741],[2.59209,46.15559],[2.59894,46.1474],[2.59807,46.14584],[2.59863,46.14175],[2.60247,46.1309],[2.59124,46.12696]]]]}},{"type":"Feature","properties":{"code":"03245","nom":"Saint-Martin-des-Lais","departement":"03","region":"84"},"geometry":{"type":"MultiPolygon","coordinates":[[[[3.62856,46.69139],[3.62436,46.70331],[3.62822,46.7067],[3.63379,46.70775],[3.63764,46.70748],[3.63873,46.70652],[3.65139,46.70282],[3.65532,46.68772],[3.66901,46.67589],[3.68251,46.66774],[3.69181,46.664],[3.69613,46.66131],[3.69784,46.65931],[3.69936,46.65489],[3.69961,46.65191],[3.69471,46.65175],[3.67686,46.64901],[3.66798,46.64917],[3.6469,46.65315],[3.64603,46.65418],[3.63682,46.66225],[3.63456,46.66598],[3.63928,46.6726],[3.63997,46.67893],[3.62856,46.69139]]]]}},{"type":"Feature","properties":{"code":"03246","nom":"Saint-Martinien","departement":"03","region":"84"},"geometry":{"type":"MultiPolygon","coordinates":[[[[2.42047,46.31013],[2.41943,46.30946],[2.41301,46.31328],[2.39835,46.32521],[2.38731,46.33053],[2.3882,46.33161],[2.42078,46.35317],[2.42201,46.35347],[2.4304,46.34948],[2.43508,46.34871],[2.43993,46.34912],[2.44873,46.35311],[2.45712,46.35661],[2.46386,46.35235],[2.47809,46.34589],[2.4868,46.34317],[2.49674,46.33465],[2.49514,46.33121],[2.49149,46.32695],[2.48627,46.32528],[2.46969,46.31759],[2.46202,46.31325],[2.46017,46.31825],[2.45833,46.3204],[2.45491,46.32027],[2.44463,46.31717],[2.43611,46.31228],[2.43122,46.31072],[2.42099,46.31103],[2.42047,46.31013]]]]}},{"type":"Feature","properties":{"code":"03247","nom":"Saint-Menoux","departement":"03","region":"84"},"geometry":{"type":"MultiPolygon","coordinates":[[[[3.20089,46.59753],[3.19869,46.5968],[3.18302,46.58418],[3.17934,46.57412],[3.18161,46.57045],[3.18094,46.5664],[3.17757,46.56241],[3.1713,46.5605],[3.16586,46.56297],[3.1593,46.56289],[3.15321,46.55924],[3.1515,46.55682],[3.14548,46.5586],[3.12357,46.56937],[3.10792,46.56508],[3.10479,46.56466],[3.09558,46.57038],[3.09963,46.58223],[3.10544,46.58931],[3.10689,46.59447],[3.10675,46.5993],[3.10411,46.60599],[3.1046,46.60816],[3.10607,46.60906],[3.12046,46.60342],[3.13071,46.59809],[3.14419,46.59727],[3.16225,46.59944],[3.17695,46.60465],[3.1895,46.60247],[3.19911,46.59894],[3.20089,46.59753]]]]}},{"type":"Feature","properties":{"code":"03248","nom":"Saint-Nicolas-des-Biefs","departement":"03","region":"84"},"geometry":{"type":"MultiPolygon","coordinates":[[[[3.82129,46.09024],[3.82188,46.08798],[3.81817,46.07759],[3.8148,46.07091],[3.80749,46.06183],[3.80557,46.05315],[3.807,46.04546],[3.81374,46.03399],[3.81356,46.02704],[3.81537,46.02145],[3.81929,46.01546],[3.82256,46.01315],[3.82455,46.00636],[3.8167,46.00637],[3.81045,46.00978],[3.80743,46.01666],[3.80386,46.02174],[3.8022,46.02232],[3.79902,46.02494],[3.7851,46.03273],[3.77974,46.03409],[3.77457,46.03724],[3.76964,46.04242],[3.76371,46.04337],[3.76532,46.04646],[3.7649,46.04897],[3.75702,46.05836],[3.76206,46.06278],[3.77417,46.06374],[3.78376,46.0715],[3.78556,46.07439],[3.78498,46.07794],[3.77554,46.09158],[3.77324,46.10011],[3.77373,46.10168],[3.77547,46.10285],[3.79258,46.11042],[3.7933,46.11223],[3.79967,46.11131],[3.8037,46.10955],[3.80597,46.1074],[3.81179,46.09779],[3.82129,46.09024]]]]}},{"type":"Feature","properties":{"code":"03249","nom":"Saint-Palais","departement":"03","region":"84"},"geometry":{"type":"MultiPolygon","coordinates":[[[[2.33193,46.42183],[2.31771,46.42104],[2.30851,46.41834],[2.30558,46.41546],[2.29889,46.4118],[2.28242,46.40758],[2.28372,46.40961],[2.28205,46.41085],[2.27969,46.41312],[2.2789,46.41599],[2.27909,46.41928],[2.28109,46.42047],[2.28184,46.42108],[2.28127,46.4317],[2.28396,46.44524],[2.28405,46.45018],[2.2862,46.454],[2.30537,46.47546],[2.31675,46.46868],[2.33874,46.44264],[2.33328,46.43954],[2.32788,46.43261],[2.32657,46.42959],[2.33193,46.42183]]]]}},{"type":"Feature","properties":{"code":"03250","nom":"Saint-Pierre-Laval","departement":"03","region":"84"},"geometry":{"type":"MultiPolygon","coordinates":[[[[3.7431,46.22425],[3.75992,46.22324],[3.77335,46.22719],[3.7761,46.22702],[3.78115,46.22309],[3.79088,46.21044],[3.79162,46.2032],[3.78914,46.19563],[3.7901,46.18909],[3.79292,46.18271],[3.7998,46.17491],[3.80787,46.16159],[3.79571,46.15635],[3.79149,46.15662],[3.7713,46.16679],[3.75723,46.18184],[3.74688,46.19083],[3.74471,46.19398],[3.74026,46.19459],[3.73898,46.19464],[3.7374,46.20236],[3.73913,46.2125],[3.73766,46.2199],[3.73561,46.22306],[3.73717,46.22383],[3.73598,46.22484],[3.7431,46.22425]]]]}},{"type":"Feature","properties":{"code":"03251","nom":"Saint-Plaisir","departement":"03","region":"84"},"geometry":{"type":"MultiPolygon","coordinates":[[[[2.98161,46.58994],[2.9765,46.58738],[2.96845,46.58693],[2.96167,46.58908],[2.96168,46.59026],[2.95182,46.59285],[2.93278,46.58908],[2.91058,46.61209],[2.89634,46.61728],[2.89397,46.62194],[2.89421,46.63452],[2.89512,46.63844],[2.89976,46.64481],[2.91127,46.64768],[2.92251,46.64914],[2.93802,46.65229],[2.95198,46.65312],[2.96227,46.65483],[2.97509,46.66761],[2.98014,46.67108],[2.99,46.66916],[2.99265,46.65589],[2.99278,46.65035],[2.98937,46.64668],[2.98903,46.64343],[2.99206,46.63808],[3.00342,46.62946],[3.00826,46.62767],[3.01032,46.62559],[3.01081,46.62109],[3.00795,46.60598],[3.00491,46.60088],[2.99344,46.59306],[2.99014,46.5919],[2.98291,46.59119],[2.98161,46.58994]]]]}},{"type":"Feature","properties":{"code":"03252","nom":"Saint-Pont","departement":"03","region":"84"},"geometry":{"type":"MultiPolygon","coordinates":[[[[3.32112,46.14513],[3.30539,46.13526],[3.29296,46.13373],[3.29527,46.14845],[3.29414,46.15195],[3.26845,46.15621],[3.26206,46.16467],[3.26447,46.16685],[3.26888,46.1672],[3.28001,46.17383],[3.28145,46.17594],[3.29646,46.17622],[3.31409,46.17336],[3.31698,46.17379],[3.32404,46.17672],[3.32474,46.17098],[3.32325,46.16622],[3.31797,46.16185],[3.32112,46.14513]]]]}},{"type":"Feature","properties":{"code":"03253","nom":"Saint-Pourçain-sur-Besbre","departement":"03","region":"84"},"geometry":{"type":"MultiPolygon","coordinates":[[[[3.71022,46.49608],[3.71575,46.48997],[3.72037,46.48646],[3.7083,46.47948],[3.6921,46.46439],[3.69127,46.4644],[3.66761,46.45564],[3.66596,46.45627],[3.66675,46.45855],[3.66418,46.46374],[3.65907,46.46568],[3.65005,46.4674],[3.64298,46.46262],[3.642,46.45731],[3.6406,46.45513],[3.63764,46.45475],[3.62741,46.45773],[3.60813,46.46181],[3.59503,46.46848],[3.5901,46.47211],[3.58721,46.478],[3.58717,46.47867],[3.59199,46.48088],[3.60478,46.49003],[3.62116,46.49776],[3.61761,46.5096],[3.62198,46.51501],[3.64477,46.51613],[3.64799,46.50652],[3.64579,46.50423],[3.63489,46.49705],[3.63954,46.49503],[3.64937,46.49424],[3.66651,46.49551],[3.67717,46.49206],[3.69634,46.4928],[3.70175,46.49484],[3.71022,46.49608]]]]}},{"type":"Feature","properties":{"code":"03254","nom":"Saint-Pourçain-sur-Sioule","departement":"03","region":"84"},"geometry":{"type":"MultiPolygon","coordinates":[[[[3.35887,46.33205],[3.35054,46.32281],[3.34499,46.31094],[3.34711,46.30096],[3.34097,46.29078],[3.33232,46.28063],[3.32307,46.27398],[3.31024,46.26701],[3.30829,46.27605],[3.30065,46.28159],[3.28401,46.28726],[3.27914,46.28669],[3.2669,46.27739],[3.26332,46.27787],[3.2636,46.27893],[3.25941,46.28033],[3.25731,46.28027],[3.26252,46.28517],[3.24665,46.2972],[3.24775,46.29842],[3.24854,46.29774],[3.25093,46.29816],[3.25376,46.29993],[3.26415,46.30688],[3.26536,46.313],[3.26192,46.3149],[3.27397,46.31271],[3.28565,46.31944],[3.2845,46.33128],[3.28697,46.3421],[3.28852,46.3423],[3.29532,46.34034],[3.30118,46.3367],[3.30928,46.32784],[3.30943,46.32642],[3.31801,46.32776],[3.33133,46.32771],[3.3431,46.33203],[3.34886,46.33505],[3.35664,46.33623],[3.35887,46.33205]]]]}},{"type":"Feature","properties":{"code":"03255","nom":"Saint-Priest-d'Andelot","departement":"03","region":"84"},"geometry":{"type":"MultiPolygon","coordinates":[[[[3.17955,46.07356],[3.17932,46.06648],[3.1691,46.0657],[3.16104,46.06635],[3.13533,46.06982],[3.12892,46.07086],[3.1285,46.07152],[3.11835,46.07855],[3.12085,46.07986],[3.14265,46.08395],[3.15716,46.08751],[3.1684,46.08872],[3.17605,46.08756],[3.17811,46.08121],[3.1774,46.07357],[3.17955,46.07356]]]]}},{"type":"Feature","properties":{"code":"03256","nom":"Saint-Priest-en-Murat","departement":"03","region":"84"},"geometry":{"type":"MultiPolygon","coordinates":[[[[2.86509,46.3448],[2.84978,46.35018],[2.84886,46.35144],[2.85222,46.35118],[2.85813,46.35255],[2.86354,46.3557],[2.86855,46.36261],[2.87449,46.37555],[2.8769,46.37829],[2.88445,46.38356],[2.88596,46.38369],[2.8919,46.38295],[2.89983,46.38336],[2.90927,46.37011],[2.9155,46.36375],[2.9171,46.36336],[2.93029,46.36533],[2.9447,46.37155],[2.96296,46.36712],[2.96334,46.36343],[2.94931,46.3622],[2.93708,46.3586],[2.93639,46.35255],[2.94006,46.34438],[2.94026,46.34046],[2.93617,46.33676],[2.92336,46.33502],[2.91348,46.33213],[2.90064,46.33183],[2.88972,46.33425],[2.86509,46.3448]]]]}},{"type":"Feature","properties":{"code":"03257","nom":"Saint-Prix","departement":"03","region":"84"},"geometry":{"type":"MultiPolygon","coordinates":[[[[3.66822,46.24962],[3.68371,46.24788],[3.69033,46.24506],[3.68866,46.24474],[3.68271,46.24062],[3.67795,46.23401],[3.67396,46.21916],[3.67693,46.21354],[3.6665,46.2048],[3.65464,46.20125],[3.64303,46.20277],[3.62887,46.20344],[3.62876,46.20435],[3.625,46.20679],[3.61159,46.2115],[3.60998,46.21303],[3.61351,46.21385],[3.6115,46.2186],[3.61134,46.22468],[3.62605,46.23267],[3.6363,46.24442],[3.64306,46.24945],[3.65732,46.25071],[3.66822,46.24962]]]]}},{"type":"Feature","properties":{"code":"03258","nom":"Saint-Rémy-en-Rollat","departement":"03","region":"84"},"geometry":{"type":"MultiPolygon","coordinates":[[[[3.3804,46.17308],[3.3745,46.17636],[3.36955,46.18052],[3.35976,46.1811],[3.33634,46.17886],[3.33213,46.18212],[3.33426,46.18574],[3.34381,46.19172],[3.34728,46.19577],[3.35372,46.19656],[3.35477,46.19734],[3.35995,46.20731],[3.37139,46.21131],[3.38001,46.21148],[3.38075,46.21359],[3.3842,46.21243],[3.39548,46.21175],[3.42136,46.21252],[3.4217,46.21056],[3.41643,46.20251],[3.41733,46.19479],[3.41515,46.18623],[3.41265,46.18253],[3.41211,46.17894],[3.41301,46.17499],[3.40942,46.17377],[3.40131,46.17258],[3.39167,46.17393],[3.3809,46.17372],[3.3804,46.17308]]]]}},{"type":"Feature","properties":{"code":"03259","nom":"Saint-Sauvier","departement":"03","region":"84"},"geometry":{"type":"MultiPolygon","coordinates":[[[[2.28205,46.41085],[2.28372,46.40961],[2.28242,46.40758],[2.29889,46.4118],[2.30558,46.41546],[2.30851,46.41834],[2.31771,46.42104],[2.33193,46.42183],[2.33698,46.42141],[2.35494,46.41677],[2.36121,46.41392],[2.36518,46.41085],[2.37724,46.41065],[2.38275,46.40644],[2.38343,46.39621],[2.37118,46.38898],[2.37201,46.38703],[2.37707,46.38299],[2.35987,46.3721],[2.34493,46.37148],[2.33648,46.36913],[2.33497,46.37324],[2.33164,46.37806],[2.32709,46.37802],[2.32208,46.37703],[2.30407,46.37894],[2.28768,46.38227],[2.28478,46.38631],[2.28545,46.38828],[2.28432,46.39739],[2.27878,46.40767],[2.28072,46.41041],[2.28205,46.41085]]]]}},{"type":"Feature","properties":{"code":"03260","nom":"Saint-Sornin","departement":"03","region":"84"},"geometry":{"type":"MultiPolygon","coordinates":[[[[2.98555,46.43435],[2.98648,46.43388],[2.9911,46.43585],[2.99122,46.43486],[2.99916,46.43342],[3.01272,46.43221],[3.02168,46.42107],[3.03013,46.41503],[3.03954,46.41061],[3.04582,46.40877],[3.04947,46.40896],[3.04506,46.40531],[3.03935,46.40563],[3.0387,46.40318],[3.03472,46.39777],[3.03072,46.3942],[3.01947,46.3912],[3.00352,46.39],[2.98105,46.39319],[2.97958,46.39825],[2.98038,46.39934],[2.97696,46.40134],[2.97286,46.40613],[2.97086,46.4107],[2.9716,46.41577],[2.97526,46.42338],[2.98555,46.43435]]]]}},{"type":"Feature","properties":{"code":"03261","nom":"Sainte-Thérence","departement":"03","region":"84"},"geometry":{"type":"MultiPolygon","coordinates":[[[[2.58948,46.22842],[2.58195,46.23168],[2.57366,46.23126],[2.56141,46.22711],[2.5573,46.22704],[2.54915,46.23217],[2.53866,46.24388],[2.53892,46.24447],[2.543,46.24558],[2.55231,46.25395],[2.55994,46.26288],[2.56208,46.26244],[2.56381,46.26017],[2.56688,46.25939],[2.57191,46.26045],[2.57231,46.26203],[2.58227,46.25364],[2.58516,46.25237],[2.5964,46.25065],[2.60259,46.25063],[2.60727,46.24758],[2.61178,46.24142],[2.60502,46.23662],[2.58948,46.22842]]]]}},{"type":"Feature","properties":{"code":"03262","nom":"Saint-Victor","departement":"03","region":"84"},"geometry":{"type":"MultiPolygon","coordinates":[[[[2.57243,46.39473],[2.57051,46.39889],[2.57836,46.40589],[2.5865,46.40608],[2.59503,46.40373],[2.60394,46.41241],[2.60725,46.41046],[2.63445,46.40402],[2.63495,46.40223],[2.63972,46.39893],[2.64551,46.39168],[2.64396,46.38634],[2.65398,46.37937],[2.64999,46.37451],[2.64116,46.3712],[2.63989,46.36999],[2.6387,46.36576],[2.61006,46.37188],[2.60933,46.37154],[2.60779,46.37217],[2.5998,46.37216],[2.58797,46.37111],[2.58809,46.373],[2.58544,46.37472],[2.57815,46.37491],[2.57321,46.37328],[2.57086,46.37385],[2.56322,46.37818],[2.57337,46.39454],[2.57243,46.39473]]]]}},{"type":"Feature","properties":{"code":"03263","nom":"Saint-Voir","departement":"03","region":"84"},"geometry":{"type":"MultiPolygon","coordinates":[[[[3.47234,46.43267],[3.47562,46.43234],[3.4803,46.43311],[3.48496,46.4377],[3.48885,46.43716],[3.50056,46.43088],[3.50928,46.43082],[3.51598,46.43158],[3.52398,46.43082],[3.53575,46.42449],[3.54459,46.40873],[3.54327,46.40106],[3.53848,46.38887],[3.53925,46.38855],[3.53733,46.38745],[3.52927,46.38588],[3.51045,46.38694],[3.50073,46.38621],[3.4848,46.39222],[3.4798,46.39425],[3.47404,46.39828],[3.46814,46.40523],[3.46802,46.40598],[3.47394,46.40735],[3.47124,46.42591],[3.47254,46.42595],[3.47234,46.43267]]]]}},{"type":"Feature","properties":{"code":"03264","nom":"Saint-Yorre","departement":"03","region":"84"},"geometry":{"type":"MultiPolygon","coordinates":[[[[3.48004,46.08205],[3.48104,46.07092],[3.47625,46.06869],[3.47414,46.06448],[3.473,46.05887],[3.47407,46.05081],[3.47685,46.04152],[3.4778,46.04151],[3.4717,46.04019],[3.46811,46.04517],[3.46276,46.04785],[3.46062,46.05032],[3.4573,46.05975],[3.45948,46.06107],[3.45864,46.06198],[3.4532,46.06388],[3.44893,46.0664],[3.4485,46.069],[3.4613,46.079],[3.46624,46.08081],[3.47525,46.08257],[3.47782,46.08286],[3.48004,46.08205]]]]}},{"type":"Feature","properties":{"code":"03265","nom":"Saligny-sur-Roudon","departement":"03","region":"84"},"geometry":{"type":"MultiPolygon","coordinates":[[[[3.77787,46.4289],[3.77269,46.4233],[3.76849,46.42256],[3.76005,46.42307],[3.75337,46.42644],[3.74652,46.42474],[3.73799,46.42073],[3.73224,46.42127],[3.72846,46.42445],[3.72172,46.42642],[3.71442,46.42769],[3.71324,46.42676],[3.70571,46.42586],[3.70075,46.42852],[3.69566,46.44637],[3.69549,46.44833],[3.69729,46.4502],[3.69838,46.45246],[3.69756,46.45612],[3.69127,46.4644],[3.6921,46.46439],[3.7083,46.47948],[3.72037,46.48646],[3.72188,46.48801],[3.72113,46.49098],[3.72238,46.49555],[3.72533,46.49768],[3.74228,46.50227],[3.75895,46.50794],[3.75922,46.50627],[3.7664,46.49677],[3.78415,46.49721],[3.79254,46.48749],[3.804,46.47815],[3.8102,46.4743],[3.81719,46.47147],[3.82392,46.47421],[3.8237,46.47493],[3.8255,46.47481],[3.82619,46.47288],[3.82475,46.46503],[3.8246,46.4624],[3.82122,46.45743],[3.81863,46.45643],[3.81442,46.4574],[3.81438,46.45838],[3.8103,46.46098],[3.80367,46.46301],[3.79352,46.45869],[3.78521,46.45277],[3.78345,46.44577],[3.78368,46.44065],[3.77787,46.4289]]]]}},{"type":"Feature","properties":{"code":"03266","nom":"Sanssat","departement":"03","region":"84"},"geometry":{"type":"MultiPolygon","coordinates":[[[[3.49389,46.2381],[3.49382,46.23718],[3.48888,46.23561],[3.48127,46.23431],[3.47163,46.23538],[3.46388,46.23876],[3.46304,46.2393],[3.46177,46.24617],[3.45548,46.25041],[3.45038,46.25029],[3.44872,46.24942],[3.44619,46.24935],[3.44068,46.26266],[3.44184,46.26515],[3.44136,46.2663],[3.44349,46.26734],[3.44876,46.26636],[3.46131,46.26032],[3.46607,46.25861],[3.47004,46.25826],[3.48145,46.25895],[3.48011,46.2662],[3.48214,46.26614],[3.48446,46.26213],[3.48779,46.25481],[3.4907,46.24031],[3.49389,46.2381]]]]}},{"type":"Feature","properties":{"code":"03267","nom":"Saulcet","departement":"03","region":"84"},"geometry":{"type":"MultiPolygon","coordinates":[[[[3.28697,46.3421],[3.2845,46.33128],[3.28565,46.31944],[3.27397,46.31271],[3.26192,46.3149],[3.25924,46.31624],[3.2504,46.31766],[3.25095,46.31876],[3.24869,46.32291],[3.24873,46.33593],[3.25911,46.34205],[3.26912,46.34396],[3.27444,46.34404],[3.27807,46.34255],[3.28586,46.3417],[3.28697,46.3421]]]]}},{"type":"Feature","properties":{"code":"03268","nom":"Saulzet","departement":"03","region":"84"},"geometry":{"type":"MultiPolygon","coordinates":[[[[3.24154,46.15084],[3.24338,46.13132],[3.24247,46.12802],[3.23149,46.1252],[3.22948,46.12529],[3.2166,46.12355],[3.2056,46.12437],[3.20823,46.12969],[3.20609,46.12868],[3.19591,46.13154],[3.19343,46.14439],[3.21375,46.14855],[3.21773,46.1523],[3.21931,46.15168],[3.21991,46.15114],[3.24154,46.15084]]]]}},{"type":"Feature","properties":{"code":"03269","nom":"Sauvagny","departement":"03","region":"84"},"geometry":{"type":"MultiPolygon","coordinates":[[[[2.79433,46.40806],[2.77889,46.40847],[2.77849,46.40769],[2.76305,46.41428],[2.75538,46.41842],[2.75162,46.42593],[2.76084,46.42717],[2.76933,46.4269],[2.77663,46.42945],[2.77871,46.43195],[2.77983,46.43721],[2.78401,46.44602],[2.79222,46.4557],[2.7977,46.45685],[2.82656,46.45612],[2.83954,46.45752],[2.84573,46.44278],[2.82949,46.44015],[2.82504,46.43867],[2.80982,46.42249],[2.79866,46.41803],[2.79616,46.41405],[2.79433,46.40806]]]]}},{"type":"Feature","properties":{"code":"03270","nom":"Sazeret","departement":"03","region":"84"},"geometry":{"type":"MultiPolygon","coordinates":[[[[2.97424,46.36458],[2.98997,46.36017],[3.00002,46.35903],[3.00937,46.35444],[3.02058,46.34672],[2.99403,46.34337],[2.98932,46.33903],[2.98572,46.32957],[2.98413,46.3284],[2.97351,46.32884],[2.96531,46.33047],[2.96103,46.33231],[2.95545,46.33306],[2.93941,46.33079],[2.92887,46.32768],[2.92595,46.32763],[2.92317,46.32895],[2.92619,46.33046],[2.92587,46.33225],[2.92336,46.33502],[2.93617,46.33676],[2.94026,46.34046],[2.94006,46.34438],[2.93639,46.35255],[2.93708,46.3586],[2.94931,46.3622],[2.96334,46.36343],[2.96296,46.36712],[2.97424,46.36458]]]]}},{"type":"Feature","properties":{"code":"03271","nom":"Serbannes","departement":"03","region":"84"},"geometry":{"type":"MultiPolygon","coordinates":[[[[3.38793,46.10104],[3.38584,46.10063],[3.37788,46.09074],[3.36719,46.085],[3.35909,46.08428],[3.34091,46.08551],[3.33559,46.08353],[3.33282,46.08032],[3.33225,46.08094],[3.32968,46.08042],[3.32207,46.08332],[3.31745,46.08932],[3.31731,46.09586],[3.31919,46.09823],[3.32775,46.10298],[3.33783,46.11119],[3.34016,46.11416],[3.35108,46.11308],[3.35927,46.11582],[3.36777,46.12312],[3.3721,46.12489],[3.37714,46.12549],[3.37017,46.11868],[3.37121,46.11077],[3.37409,46.10965],[3.37357,46.10678],[3.38229,46.10997],[3.38535,46.10833],[3.38793,46.10104]]]]}},{"type":"Feature","properties":{"code":"03272","nom":"Servilly","departement":"03","region":"84"},"geometry":{"type":"MultiPolygon","coordinates":[[[[3.61574,46.29111],[3.61582,46.28981],[3.61818,46.28845],[3.61849,46.28688],[3.61687,46.27793],[3.59991,46.25881],[3.59364,46.26294],[3.58879,46.26357],[3.5844,46.26518],[3.56589,46.27574],[3.55818,46.27713],[3.55635,46.27675],[3.55601,46.28182],[3.5593,46.28878],[3.56453,46.28837],[3.56583,46.28992],[3.5818,46.29635],[3.59413,46.29571],[3.6061,46.29115],[3.61574,46.29111]]]]}},{"type":"Feature","properties":{"code":"03273","nom":"Seuillet","departement":"03","region":"84"},"geometry":{"type":"MultiPolygon","coordinates":[[[[3.47748,46.21728],[3.48925,46.20774],[3.49408,46.20128],[3.49528,46.19711],[3.49015,46.19452],[3.48482,46.19057],[3.47543,46.19002],[3.45048,46.19415],[3.44135,46.20815],[3.44094,46.21352],[3.44207,46.21454],[3.44713,46.218],[3.46087,46.21911],[3.46045,46.21769],[3.46172,46.21747],[3.47643,46.21681],[3.47748,46.21728]]]]}},{"type":"Feature","properties":{"code":"03274","nom":"Sorbier","departement":"03","region":"84"},"geometry":{"type":"MultiPolygon","coordinates":[[[[3.68276,46.35248],[3.66225,46.34429],[3.6612,46.34254],[3.65794,46.34028],[3.65195,46.33834],[3.63176,46.34605],[3.63171,46.34607],[3.63235,46.34695],[3.63048,46.35035],[3.61996,46.35944],[3.62082,46.36604],[3.62293,46.36879],[3.6261,46.36869],[3.63511,46.37017],[3.64931,46.37474],[3.66164,46.38435],[3.67265,46.38214],[3.69741,46.3738],[3.68441,46.3578],[3.68276,46.35248]]]]}},{"type":"Feature","properties":{"code":"03275","nom":"Souvigny","departement":"03","region":"84"},"geometry":{"type":"MultiPolygon","coordinates":[[[[3.24936,46.53618],[3.24292,46.53326],[3.24026,46.53055],[3.23752,46.52279],[3.23777,46.52122],[3.23626,46.51763],[3.23381,46.51508],[3.21931,46.50499],[3.20791,46.49168],[3.19934,46.48487],[3.19176,46.48241],[3.17786,46.48152],[3.17657,46.48218],[3.16945,46.48579],[3.16552,46.48956],[3.16155,46.49694],[3.15758,46.50766],[3.15546,46.50841],[3.14959,46.51458],[3.13974,46.52114],[3.14957,46.52699],[3.15535,46.53289],[3.15451,46.53925],[3.14948,46.5502],[3.1515,46.55682],[3.15321,46.55924],[3.1593,46.56289],[3.16586,46.56297],[3.1713,46.5605],[3.17757,46.56241],[3.18171,46.55687],[3.19385,46.55365],[3.20195,46.5575],[3.20362,46.55661],[3.20456,46.55522],[3.22579,46.54541],[3.24162,46.53987],[3.24671,46.53906],[3.24936,46.53618]]]]}},{"type":"Feature","properties":{"code":"03276","nom":"Sussat","departement":"03","region":"84"},"geometry":{"type":"MultiPolygon","coordinates":[[[[3.0728,46.16913],[3.0761,46.16834],[3.0801,46.16841],[3.07946,46.16164],[3.06813,46.14069],[3.05829,46.13893],[3.05113,46.13619],[3.03582,46.14307],[3.04072,46.15772],[3.0386,46.1609],[3.04897,46.16457],[3.0554,46.16243],[3.06551,46.16139],[3.0728,46.16913]]]]}},{"type":"Feature","properties":{"code":"03277","nom":"Target","departement":"03","region":"84"},"geometry":{"type":"MultiPolygon","coordinates":[[[[3.00499,46.2754],[3.00333,46.28502],[3.00541,46.29138],[3.0104,46.2992],[3.02922,46.31311],[3.04686,46.30696],[3.05342,46.30233],[3.05807,46.30086],[3.06444,46.30079],[3.07169,46.30166],[3.08159,46.30086],[3.09675,46.29743],[3.09351,46.29704],[3.09223,46.29617],[3.09335,46.28192],[3.07251,46.27391],[3.06516,46.2601],[3.06459,46.26048],[3.0617,46.25868],[3.05859,46.25216],[3.05131,46.25101],[3.04403,46.25678],[3.03579,46.26985],[3.03284,46.27251],[3.03024,46.27342],[3.02545,46.27595],[3.01842,46.27376],[3.00499,46.2754]]]]}},{"type":"Feature","properties":{"code":"03278","nom":"Taxat-Senat","departement":"03","region":"84"},"geometry":{"type":"MultiPolygon","coordinates":[[[[3.17734,46.22199],[3.17794,46.22105],[3.17601,46.21306],[3.17545,46.20502],[3.17314,46.19815],[3.16714,46.19937],[3.14563,46.19095],[3.1374,46.18587],[3.13409,46.18499],[3.1291,46.18965],[3.11787,46.19089],[3.11798,46.193],[3.11252,46.1973],[3.12732,46.20497],[3.12742,46.2175],[3.12303,46.23066],[3.14788,46.22036],[3.16188,46.2222],[3.17132,46.22673],[3.17734,46.22199]]]]}},{"type":"Feature","properties":{"code":"03279","nom":"Teillet-Argenty","departement":"03","region":"84"},"geometry":{"type":"MultiPolygon","coordinates":[[[[2.48891,46.25],[2.48832,46.25302],[2.47676,46.26985],[2.47941,46.27558],[2.4902,46.27821],[2.50659,46.28707],[2.51423,46.29233],[2.52007,46.28422],[2.52597,46.27992],[2.53096,46.2781],[2.53346,46.27802],[2.54431,46.27477],[2.55994,46.26288],[2.55231,46.25395],[2.543,46.24558],[2.53892,46.24447],[2.52046,46.23993],[2.51597,46.23957],[2.50207,46.2472],[2.48952,46.24747],[2.48891,46.25]]]]}},{"type":"Feature","properties":{"code":"03280","nom":"Terjat","departement":"03","region":"84"},"geometry":{"type":"MultiPolygon","coordinates":[[[[2.61072,46.19269],[2.58893,46.20193],[2.59177,46.20437],[2.59773,46.21535],[2.59316,46.22547],[2.58948,46.22842],[2.60502,46.23662],[2.61178,46.24142],[2.62369,46.23552],[2.62966,46.23477],[2.64201,46.23057],[2.64437,46.22193],[2.64384,46.21757],[2.64458,46.21414],[2.64929,46.2047],[2.64884,46.20405],[2.64457,46.20328],[2.64159,46.19876],[2.63666,46.19597],[2.61677,46.1918],[2.61346,46.1929],[2.61072,46.19269]]]]}},{"type":"Feature","properties":{"code":"03281","nom":"Le Theil","departement":"03","region":"84"},"geometry":{"type":"MultiPolygon","coordinates":[[[[3.12709,46.38631],[3.13023,46.38335],[3.13959,46.38202],[3.15103,46.38229],[3.15429,46.38337],[3.15725,46.38055],[3.15925,46.3762],[3.15967,46.36942],[3.16065,46.36955],[3.16225,46.36848],[3.16314,46.35907],[3.15595,46.35184],[3.14595,46.33877],[3.14617,46.33331],[3.14333,46.32452],[3.1401,46.32045],[3.13403,46.32091],[3.11672,46.33443],[3.11126,46.33573],[3.0913,46.33278],[3.08933,46.33268],[3.08769,46.33382],[3.08079,46.34241],[3.08599,46.34686],[3.09427,46.35019],[3.0972,46.35048],[3.09859,46.35241],[3.10148,46.35407],[3.10269,46.35756],[3.09765,46.37177],[3.08851,46.37502],[3.0873,46.38186],[3.08848,46.38374],[3.09092,46.38481],[3.09369,46.38272],[3.10339,46.37946],[3.11088,46.38064],[3.12709,46.38631]]]]}},{"type":"Feature","properties":{"code":"03282","nom":"Theneuille","departement":"03","region":"84"},"geometry":{"type":"MultiPolygon","coordinates":[[[[2.88787,46.63222],[2.88944,46.63535],[2.89421,46.63452],[2.89397,46.62194],[2.89634,46.61728],[2.91058,46.61209],[2.93278,46.58908],[2.92195,46.5853],[2.92105,46.57634],[2.91715,46.57065],[2.90429,46.5634],[2.87999,46.55415],[2.8762,46.55422],[2.86528,46.55655],[2.83532,46.56391],[2.82937,46.57334],[2.82855,46.58555],[2.83765,46.59646],[2.85565,46.6043],[2.86858,46.61335],[2.87895,46.62194],[2.88787,46.63222]]]]}},{"type":"Feature","properties":{"code":"03283","nom":"Thiel-sur-Acolin","departement":"03","region":"84"},"geometry":{"type":"MultiPolygon","coordinates":[[[[3.52897,46.51492],[3.53449,46.51675],[3.54154,46.52593],[3.54108,46.52933],[3.54014,46.53059],[3.53366,46.53038],[3.52612,46.5329],[3.52139,46.53649],[3.52222,46.53846],[3.53022,46.54527],[3.54013,46.55078],[3.54368,46.55596],[3.54713,46.56864],[3.54499,46.57611],[3.54551,46.57777],[3.56815,46.57591],[3.57769,46.57835],[3.58642,46.57806],[3.60961,46.57376],[3.61255,46.56978],[3.61206,46.56493],[3.61514,46.54639],[3.61635,46.54584],[3.61557,46.53897],[3.61896,46.53254],[3.62198,46.51501],[3.61761,46.5096],[3.62116,46.49776],[3.60478,46.49003],[3.59199,46.48088],[3.58717,46.47867],[3.58721,46.478],[3.57931,46.47753],[3.56574,46.47837],[3.56504,46.48191],[3.56079,46.48873],[3.55899,46.51016],[3.5454,46.51331],[3.53049,46.51333],[3.52897,46.51492]]]]}},{"type":"Feature","properties":{"code":"03284","nom":"Thionne","departement":"03","region":"84"},"geometry":{"type":"MultiPolygon","coordinates":[[[[3.61872,46.42117],[3.60941,46.40933],[3.60024,46.39428],[3.59734,46.38738],[3.59165,46.38542],[3.58296,46.38527],[3.56146,46.3884],[3.56018,46.38636],[3.55518,46.38856],[3.54152,46.38941],[3.53925,46.38855],[3.53848,46.38887],[3.54327,46.40106],[3.54459,46.40873],[3.53575,46.42449],[3.54452,46.42655],[3.54818,46.43619],[3.55281,46.43951],[3.56605,46.44576],[3.56571,46.44491],[3.57709,46.43432],[3.59145,46.43306],[3.59755,46.42985],[3.60143,46.42544],[3.61872,46.42117]]]]}},{"type":"Feature","properties":{"code":"03285","nom":"Tortezais","departement":"03","region":"84"},"geometry":{"type":"MultiPolygon","coordinates":[[[[2.87634,46.4139],[2.85919,46.42226],[2.85309,46.42683],[2.84826,46.4315],[2.84573,46.44278],[2.83954,46.45752],[2.8396,46.46036],[2.85359,46.46891],[2.86482,46.47165],[2.87797,46.471],[2.87868,46.47081],[2.89931,46.46316],[2.9061,46.4593],[2.90885,46.45393],[2.90757,46.44659],[2.89451,46.43331],[2.88777,46.41638],[2.88547,46.41442],[2.87947,46.41188],[2.87634,46.4139]]]]}},{"type":"Feature","properties":{"code":"03286","nom":"Toulon-sur-Allier","departement":"03","region":"84"},"geometry":{"type":"MultiPolygon","coordinates":[[[[3.43424,46.50606],[3.4292,46.50659],[3.41777,46.50184],[3.40249,46.4976],[3.38928,46.48973],[3.38651,46.47974],[3.38399,46.4792],[3.34812,46.48307],[3.34643,46.48184],[3.32647,46.48665],[3.32522,46.49996],[3.3298,46.50853],[3.3314,46.5107],[3.3345,46.52134],[3.33351,46.53845],[3.33513,46.53741],[3.33582,46.53842],[3.33652,46.53854],[3.34383,46.53689],[3.34641,46.53712],[3.34957,46.53166],[3.35706,46.53283],[3.35929,46.5314],[3.37693,46.52812],[3.39213,46.53398],[3.40937,46.53837],[3.4128,46.53905],[3.43095,46.53951],[3.43407,46.53125],[3.43287,46.51592],[3.43424,46.50606]]]]}},{"type":"Feature","properties":{"code":"03287","nom":"Treban","departement":"03","region":"84"},"geometry":{"type":"MultiPolygon","coordinates":[[[[3.20819,46.41755],[3.21453,46.41145],[3.21401,46.40709],[3.20998,46.4024],[3.20503,46.39839],[3.19554,46.39459],[3.19283,46.38559],[3.19408,46.38315],[3.18369,46.37717],[3.18175,46.37789],[3.18,46.37751],[3.17561,46.37526],[3.16135,46.37062],[3.16065,46.36955],[3.15967,46.36942],[3.15925,46.3762],[3.15725,46.38055],[3.15429,46.38337],[3.15103,46.38229],[3.13959,46.38202],[3.13023,46.38335],[3.12709,46.38631],[3.12613,46.38754],[3.12619,46.39415],[3.12747,46.39963],[3.12508,46.40685],[3.11676,46.41962],[3.12386,46.41691],[3.14056,46.41733],[3.15126,46.41998],[3.17715,46.41709],[3.19349,46.4167],[3.20819,46.41755]]]]}},{"type":"Feature","properties":{"code":"03288","nom":"Treignat","departement":"03","region":"84"},"geometry":{"type":"MultiPolygon","coordinates":[[[[2.33648,46.36913],[2.34493,46.37148],[2.35987,46.3721],[2.37707,46.38299],[2.383,46.38062],[2.38559,46.37414],[2.3876,46.36445],[2.38326,46.35418],[2.38006,46.35246],[2.37674,46.34903],[2.37631,46.3398],[2.38441,46.33397],[2.38587,46.33204],[2.38504,46.32954],[2.37724,46.32149],[2.37069,46.31273],[2.36477,46.31079],[2.36315,46.3122],[2.36179,46.31942],[2.35468,46.32584],[2.34742,46.32584],[2.34276,46.32507],[2.33406,46.32599],[2.31922,46.33202],[2.31471,46.33513],[2.31159,46.34183],[2.30194,46.34245],[2.30108,46.34229],[2.30079,46.34369],[2.30918,46.35573],[2.31928,46.36173],[2.33332,46.36506],[2.33775,46.36439],[2.33648,46.36913]]]]}},{"type":"Feature","properties":{"code":"03289","nom":"Treteau","departement":"03","region":"84"},"geometry":{"type":"MultiPolygon","coordinates":[[[[3.51243,46.33934],[3.50848,46.33866],[3.49951,46.34519],[3.49885,46.34776],[3.48965,46.35505],[3.47956,46.36074],[3.47234,46.36332],[3.46778,46.36573],[3.46336,46.37283],[3.47116,46.38381],[3.47795,46.38705],[3.4848,46.39222],[3.50073,46.38621],[3.51045,46.38694],[3.52927,46.38588],[3.53733,46.38745],[3.53925,46.38855],[3.54152,46.38941],[3.55518,46.38856],[3.56018,46.38636],[3.55505,46.3839],[3.56009,46.37474],[3.56764,46.37016],[3.58078,46.36982],[3.5797,46.3665],[3.57682,46.35797],[3.56803,46.35453],[3.56531,46.35428],[3.55448,46.35417],[3.5437,46.35147],[3.53535,46.34738],[3.52707,46.34423],[3.51604,46.34125],[3.51243,46.33934]]]]}},{"type":"Feature","properties":{"code":"03290","nom":"Trévol","departement":"03","region":"84"},"geometry":{"type":"MultiPolygon","coordinates":[[[[3.25524,46.63386],[3.26261,46.64039],[3.26539,46.64501],[3.26456,46.65073],[3.27071,46.65329],[3.29277,46.65813],[3.30362,46.66013],[3.31603,46.66103],[3.32084,46.66041],[3.32642,46.66118],[3.34981,46.66746],[3.35483,46.66721],[3.35949,46.66538],[3.36574,46.65739],[3.36755,46.65656],[3.37279,46.65257],[3.37354,46.64712],[3.37256,46.64435],[3.36808,46.63956],[3.36542,46.63716],[3.35951,46.63466],[3.3568,46.63153],[3.3521,46.61852],[3.35368,46.6139],[3.35339,46.61142],[3.34092,46.6104],[3.3132,46.61008],[3.30656,46.61073],[3.30572,46.61248],[3.29718,46.6161],[3.29138,46.61647],[3.27335,46.61216],[3.26219,46.62364],[3.25524,46.63386]]]]}},{"type":"Feature","properties":{"code":"03291","nom":"Trézelles","departement":"03","region":"84"},"geometry":{"type":"MultiPolygon","coordinates":[[[[3.56583,46.28992],[3.56728,46.2937],[3.56982,46.29492],[3.57491,46.30038],[3.57777,46.3054],[3.57557,46.30763],[3.57149,46.31662],[3.5714,46.32094],[3.57432,46.32826],[3.5753,46.3357],[3.5739,46.34099],[3.57111,46.34259],[3.57224,46.3437],[3.58298,46.33985],[3.58937,46.3389],[3.59665,46.34064],[3.60799,46.34476],[3.61937,46.3474],[3.63171,46.34607],[3.63176,46.34605],[3.62153,46.33849],[3.61552,46.32774],[3.61573,46.32018],[3.61348,46.30787],[3.61582,46.29677],[3.61574,46.29111],[3.6061,46.29115],[3.59413,46.29571],[3.5818,46.29635],[3.56583,46.28992]]]]}},{"type":"Feature","properties":{"code":"03292","nom":"Tronget","departement":"03","region":"84"},"geometry":{"type":"MultiPolygon","coordinates":[[[[3.08238,46.44898],[3.08257,46.44813],[3.10098,46.43966],[3.11527,46.43934],[3.11091,46.43316],[3.11676,46.41962],[3.12508,46.40685],[3.12747,46.39963],[3.12619,46.39415],[3.12613,46.38754],[3.12709,46.38631],[3.11088,46.38064],[3.10339,46.37946],[3.09369,46.38272],[3.09092,46.38481],[3.09199,46.38521],[3.09378,46.38926],[3.0878,46.39691],[3.08353,46.39872],[3.07526,46.39953],[3.07259,46.39919],[3.06741,46.3998],[3.06745,46.4004],[3.06249,46.40877],[3.05305,46.41177],[3.05052,46.41422],[3.04594,46.42729],[3.05339,46.43283],[3.06204,46.43758],[3.06546,46.44521],[3.06705,46.45649],[3.06561,46.46568],[3.06425,46.4669],[3.0698,46.4686],[3.07434,46.46803],[3.07411,46.4662],[3.08238,46.44898]]]]}},{"type":"Feature","properties":{"code":"03293","nom":"Urçay","departement":"03","region":"84"},"geometry":{"type":"MultiPolygon","coordinates":[[[[2.63818,46.63271],[2.63271,46.62257],[2.62914,46.61937],[2.62608,46.62055],[2.60188,46.61688],[2.58873,46.61699],[2.58617,46.61925],[2.58463,46.62543],[2.59172,46.62981],[2.59655,46.63751],[2.593,46.64656],[2.61174,46.65029],[2.61546,46.65295],[2.62418,46.65609],[2.62972,46.6524],[2.63447,46.65053],[2.63902,46.63899],[2.63967,46.63477],[2.63818,46.63271]]]]}},{"type":"Feature","properties":{"code":"03294","nom":"Ussel-d'Allier","departement":"03","region":"84"},"geometry":{"type":"MultiPolygon","coordinates":[[[[3.20483,46.2276],[3.20091,46.22415],[3.20033,46.2216],[3.20236,46.19539],[3.18478,46.18938],[3.18379,46.19093],[3.17314,46.19815],[3.17545,46.20502],[3.17601,46.21306],[3.17794,46.22105],[3.17734,46.22199],[3.18286,46.22447],[3.18779,46.23148],[3.19703,46.22925],[3.20327,46.22856],[3.20483,46.2276]]]]}},{"type":"Feature","properties":{"code":"03295","nom":"Valignat","departement":"03","region":"84"},"geometry":{"type":"MultiPolygon","coordinates":[[[[3.0728,46.16913],[3.06359,46.17116],[3.06598,46.17804],[3.06782,46.17973],[3.07515,46.1809],[3.08846,46.1799],[3.09148,46.1755],[3.09342,46.17423],[3.0861,46.17124],[3.08773,46.16911],[3.0801,46.16841],[3.0761,46.16834],[3.0728,46.16913]]]]}},{"type":"Feature","properties":{"code":"03296","nom":"Valigny","departement":"03","region":"84"},"geometry":{"type":"MultiPolygon","coordinates":[[[[2.8454,46.72667],[2.84942,46.72433],[2.86803,46.7171],[2.86479,46.71589],[2.86376,46.71392],[2.86303,46.70515],[2.85673,46.69506],[2.84559,46.69918],[2.84181,46.69897],[2.83876,46.70115],[2.82999,46.70258],[2.82402,46.70261],[2.81513,46.6997],[2.80405,46.69969],[2.79444,46.701],[2.78372,46.70509],[2.77927,46.71036],[2.77473,46.71894],[2.77599,46.72061],[2.79738,46.73415],[2.82752,46.73534],[2.83316,46.73013],[2.83711,46.72821],[2.8454,46.72667]]]]}},{"type":"Feature","properties":{"code":"03297","nom":"Vallon-en-Sully","departement":"03","region":"84"},"geometry":{"type":"MultiPolygon","coordinates":[[[[2.65179,46.57268],[2.66296,46.56135],[2.66634,46.55543],[2.66588,46.55277],[2.66047,46.54536],[2.65145,46.53672],[2.65058,46.53438],[2.65082,46.53111],[2.65265,46.52792],[2.65682,46.52369],[2.65816,46.51639],[2.65601,46.51462],[2.62811,46.51582],[2.62688,46.51788],[2.61715,46.51545],[2.59769,46.51382],[2.57293,46.51505],[2.56569,46.51322],[2.5575,46.51858],[2.54969,46.51885],[2.54095,46.51745],[2.53613,46.51742],[2.53665,46.5197],[2.54751,46.52688],[2.55546,46.52975],[2.57278,46.53435],[2.57537,46.53816],[2.58617,46.54364],[2.59867,46.54818],[2.60765,46.54995],[2.61109,46.55323],[2.61275,46.55647],[2.60813,46.57294],[2.61983,46.57351],[2.6266,46.57761],[2.63395,46.57999],[2.63964,46.57897],[2.65179,46.57268]]]]}},{"type":"Feature","properties":{"code":"03298","nom":"Varennes-sur-Allier","departement":"03","region":"84"},"geometry":{"type":"MultiPolygon","coordinates":[[[[3.41389,46.34526],[3.41765,46.34179],[3.42507,46.33874],[3.42624,46.33374],[3.42388,46.31521],[3.42785,46.31193],[3.43417,46.31043],[3.43501,46.30346],[3.43031,46.29875],[3.43011,46.29206],[3.41396,46.28905],[3.40651,46.2886],[3.40051,46.28587],[3.39148,46.28692],[3.38331,46.30241],[3.38125,46.31011],[3.36281,46.32478],[3.35887,46.33205],[3.35664,46.33623],[3.35652,46.33641],[3.37908,46.33839],[3.39278,46.34255],[3.41389,46.34526]]]]}},{"type":"Feature","properties":{"code":"03299","nom":"Varennes-sur-Tèche","departement":"03","region":"84"},"geometry":{"type":"MultiPolygon","coordinates":[[[[3.63176,46.34605],[3.65195,46.33834],[3.65794,46.34028],[3.6612,46.34254],[3.66694,46.32059],[3.66617,46.31375],[3.66453,46.31384],[3.66038,46.31213],[3.65261,46.30736],[3.65385,46.30469],[3.65532,46.30375],[3.65486,46.30222],[3.65179,46.2982],[3.63952,46.29247],[3.61849,46.28688],[3.61818,46.28845],[3.61582,46.28981],[3.61574,46.29111],[3.61582,46.29677],[3.61348,46.30787],[3.61573,46.32018],[3.61552,46.32774],[3.62153,46.33849],[3.63176,46.34605]]]]}},{"type":"Feature","properties":{"code":"03300","nom":"Vaumas","departement":"03","region":"84"},"geometry":{"type":"MultiPolygon","coordinates":[[[[3.56574,46.47837],[3.57931,46.47753],[3.58721,46.478],[3.5901,46.47211],[3.59503,46.46848],[3.60813,46.46181],[3.62741,46.45773],[3.63764,46.45475],[3.6406,46.45513],[3.642,46.45731],[3.64298,46.46262],[3.65005,46.4674],[3.65907,46.46568],[3.66418,46.46374],[3.66675,46.45855],[3.66596,46.45627],[3.66761,46.45564],[3.69127,46.4644],[3.69756,46.45612],[3.69838,46.45246],[3.69729,46.4502],[3.69325,46.44984],[3.6911,46.44658],[3.68568,46.44443],[3.67968,46.44267],[3.67046,46.44169],[3.65192,46.43402],[3.64516,46.42536],[3.64666,46.42244],[3.64997,46.42108],[3.64945,46.42058],[3.64418,46.42064],[3.63508,46.42358],[3.62561,46.42339],[3.61872,46.42117],[3.60143,46.42544],[3.59755,46.42985],[3.59145,46.43306],[3.57709,46.43432],[3.56571,46.44491],[3.56605,46.44576],[3.57772,46.46411],[3.57802,46.46614],[3.57568,46.46876],[3.56705,46.47148],[3.56751,46.4733],[3.56574,46.47837]]]]}},{"type":"Feature","properties":{"code":"03301","nom":"Vaux","departement":"03","region":"84"},"geometry":{"type":"MultiPolygon","coordinates":[[[[2.55923,46.43841],[2.56273,46.44672],[2.5852,46.44909],[2.59502,46.44676],[2.60343,46.43794],[2.6049,46.43201],[2.60539,46.41896],[2.60394,46.41241],[2.59503,46.40373],[2.5865,46.40608],[2.57836,46.40589],[2.57051,46.39889],[2.57243,46.39473],[2.55785,46.39961],[2.54202,46.40682],[2.534,46.40878],[2.53095,46.41505],[2.53224,46.41608],[2.55451,46.4242],[2.56118,46.42365],[2.56773,46.42171],[2.57169,46.42159],[2.57737,46.42748],[2.57262,46.43465],[2.5681,46.43826],[2.55923,46.43841]]]]}},{"type":"Feature","properties":{"code":"03302","nom":"Veauce","departement":"03","region":"84"},"geometry":{"type":"MultiPolygon","coordinates":[[[[3.06598,46.17804],[3.06359,46.17116],[3.0728,46.16913],[3.06551,46.16139],[3.0554,46.16243],[3.04897,46.16457],[3.0386,46.1609],[3.03807,46.16273],[3.04073,46.16811],[3.04381,46.17124],[3.04308,46.17565],[3.04006,46.17822],[3.04926,46.17884],[3.06598,46.17804]]]]}},{"type":"Feature","properties":{"code":"03303","nom":"Venas","departement":"03","region":"84"},"geometry":{"type":"MultiPolygon","coordinates":[[[[2.78965,46.50721],[2.79373,46.49754],[2.79709,46.49428],[2.79986,46.48943],[2.80105,46.4799],[2.79705,46.47454],[2.79475,46.46273],[2.79222,46.4557],[2.78401,46.44602],[2.77983,46.43721],[2.77871,46.43195],[2.77663,46.42945],[2.76933,46.4269],[2.76084,46.42717],[2.75992,46.43543],[2.75166,46.4493],[2.74941,46.4516],[2.74197,46.45582],[2.73799,46.46021],[2.73018,46.4746],[2.72918,46.4808],[2.73028,46.49095],[2.73193,46.49351],[2.76042,46.49962],[2.7722,46.50713],[2.77627,46.51183],[2.77935,46.5123],[2.78372,46.5113],[2.78764,46.50765],[2.78965,46.50721]]]]}},{"type":"Feature","properties":{"code":"03305","nom":"Verneix","departement":"03","region":"84"},"geometry":{"type":"MultiPolygon","coordinates":[[[[2.7001,46.37536],[2.69016,46.37345],[2.6735,46.3752],[2.65568,46.37829],[2.65398,46.37937],[2.64396,46.38634],[2.64551,46.39168],[2.63972,46.39893],[2.63495,46.40223],[2.63688,46.40447],[2.64182,46.40653],[2.64499,46.41167],[2.64405,46.41659],[2.63846,46.4206],[2.63754,46.42567],[2.64547,46.43149],[2.65656,46.43416],[2.66144,46.43607],[2.66466,46.43624],[2.67138,46.43892],[2.67195,46.4408],[2.67541,46.44258],[2.68012,46.44321],[2.68831,46.44487],[2.69191,46.44492],[2.69776,46.43701],[2.70078,46.43476],[2.70067,46.43288],[2.69627,46.42701],[2.70309,46.41408],[2.70988,46.41013],[2.71053,46.40478],[2.7075,46.40052],[2.70148,46.39467],[2.69346,46.38243],[2.7001,46.37536]]]]}},{"type":"Feature","properties":{"code":"03306","nom":"Le Vernet","departement":"03","region":"84"},"geometry":{"type":"MultiPolygon","coordinates":[[[[3.44355,46.11733],[3.45056,46.11788],[3.45342,46.12679],[3.46814,46.12726],[3.47854,46.11444],[3.48438,46.10933],[3.49894,46.10301],[3.50838,46.10133],[3.50888,46.09606],[3.5009,46.08755],[3.48893,46.08742],[3.48773,46.08671],[3.48255,46.09151],[3.47915,46.09678],[3.47583,46.09931],[3.46984,46.10128],[3.46153,46.10139],[3.44527,46.11065],[3.44355,46.11733]]]]}},{"type":"Feature","properties":{"code":"03307","nom":"Verneuil-en-Bourbonnais","departement":"03","region":"84"},"geometry":{"type":"MultiPolygon","coordinates":[[[[3.27444,46.34404],[3.26912,46.34396],[3.25911,46.34205],[3.24873,46.33593],[3.24791,46.3375],[3.2449,46.33924],[3.22769,46.33618],[3.22462,46.33756],[3.2198,46.34124],[3.21667,46.3579],[3.21775,46.35817],[3.22412,46.36305],[3.24345,46.36642],[3.26104,46.37289],[3.27481,46.36899],[3.2826,46.36084],[3.28218,46.35919],[3.27271,46.3468],[3.27444,46.34404]]]]}},{"type":"Feature","properties":{"code":"03308","nom":"Vernusse","departement":"03","region":"84"},"geometry":{"type":"MultiPolygon","coordinates":[[[[3.00499,46.2754],[3.01842,46.27376],[3.02545,46.27595],[3.03024,46.27342],[3.01253,46.26263],[3.00821,46.25756],[3.00766,46.25513],[2.99758,46.24897],[2.99457,46.24804],[2.98456,46.24388],[2.97641,46.24929],[2.97237,46.24922],[2.94593,46.2417],[2.93726,46.24269],[2.9259,46.24938],[2.92797,46.25518],[2.9248,46.26921],[2.94213,46.26702],[2.95588,46.26832],[2.96644,46.27018],[2.97672,46.2765],[2.98874,46.27745],[3.00499,46.2754]]]]}},{"type":"Feature","properties":{"code":"03309","nom":"Le Veurdre","departement":"03","region":"84"},"geometry":{"type":"MultiPolygon","coordinates":[[[[3.03757,46.77285],[3.04888,46.75835],[3.06088,46.75012],[3.08354,46.73786],[3.08088,46.73459],[3.08052,46.72455],[3.07868,46.72095],[3.06221,46.71301],[3.05516,46.71245],[3.05009,46.71336],[3.03264,46.73134],[3.03066,46.73669],[3.02437,46.74111],[3.01561,46.74316],[3.00394,46.74412],[2.99827,46.75306],[2.99693,46.75825],[2.99876,46.76237],[2.99508,46.76636],[2.99468,46.76683],[3.01306,46.7671],[3.0237,46.76413],[3.03532,46.76404],[3.03757,46.77285]]]]}},{"type":"Feature","properties":{"code":"03310","nom":"Vichy","departement":"03","region":"84"},"geometry":{"type":"MultiPolygon","coordinates":[[[[3.44165,46.12189],[3.44307,46.12144],[3.44355,46.11733],[3.44527,46.11065],[3.43877,46.11335],[3.43661,46.11307],[3.43278,46.11612],[3.42646,46.11703],[3.42083,46.11785],[3.41713,46.11923],[3.41525,46.1205],[3.4131,46.12209],[3.41245,46.12338],[3.41162,46.12561],[3.4121,46.12747],[3.41401,46.12908],[3.41356,46.13233],[3.41235,46.137],[3.41092,46.14204],[3.40989,46.14463],[3.41039,46.15301],[3.41695,46.14422],[3.41724,46.14373],[3.42357,46.1436],[3.42576,46.14571],[3.42771,46.14564],[3.42772,46.13844],[3.43115,46.13651],[3.43162,46.13479],[3.43178,46.13413],[3.43369,46.13462],[3.43425,46.13188],[3.43727,46.12481],[3.4394,46.12075],[3.44054,46.12063],[3.44165,46.12189]]]]}},{"type":"Feature","properties":{"code":"03311","nom":"Vicq","departement":"03","region":"84"},"geometry":{"type":"MultiPolygon","coordinates":[[[[3.06813,46.14069],[3.07946,46.16164],[3.0801,46.16841],[3.08773,46.16911],[3.08909,46.16733],[3.1003,46.164],[3.10315,46.16329],[3.10871,46.16365],[3.11608,46.16169],[3.11825,46.16105],[3.12332,46.1571],[3.11868,46.15286],[3.11083,46.14797],[3.11045,46.14306],[3.11214,46.13844],[3.1186,46.13346],[3.1186,46.13008],[3.11732,46.12697],[3.1124,46.12281],[3.11029,46.12375],[3.10763,46.12346],[3.08375,46.133],[3.07856,46.1362],[3.06972,46.14055],[3.06813,46.14069]]]]}},{"type":"Feature","properties":{"code":"03312","nom":"Vieure","departement":"03","region":"84"},"geometry":{"type":"MultiPolygon","coordinates":[[[[2.82085,46.51246],[2.82276,46.51317],[2.84188,46.51384],[2.8591,46.51647],[2.86919,46.52022],[2.88497,46.52337],[2.89437,46.52706],[2.89483,46.52796],[2.89695,46.52794],[2.90364,46.52386],[2.91812,46.51785],[2.92368,46.51324],[2.92747,46.50931],[2.92915,46.50207],[2.92778,46.50008],[2.92408,46.49951],[2.91901,46.49119],[2.91597,46.48313],[2.90639,46.48053],[2.90279,46.47699],[2.90104,46.47127],[2.87868,46.47081],[2.87797,46.471],[2.86527,46.48262],[2.85657,46.48827],[2.85047,46.48972],[2.8466,46.48979],[2.83916,46.49345],[2.82938,46.50487],[2.82138,46.51038],[2.82085,46.51246]]]]}},{"type":"Feature","properties":{"code":"03313","nom":"Le Vilhain","departement":"03","region":"84"},"geometry":{"type":"MultiPolygon","coordinates":[[[[2.83532,46.56391],[2.83283,46.56434],[2.81741,46.55965],[2.81618,46.55469],[2.81307,46.54871],[2.80938,46.54436],[2.81163,46.53479],[2.80761,46.5297],[2.80343,46.52797],[2.79944,46.52794],[2.78229,46.52962],[2.77815,46.53098],[2.77331,46.53539],[2.76418,46.5541],[2.76389,46.56179],[2.76525,46.5641],[2.76154,46.56915],[2.75639,46.57292],[2.75507,46.57307],[2.76281,46.58331],[2.77533,46.59442],[2.77979,46.59177],[2.78379,46.58719],[2.78919,46.58309],[2.79737,46.58024],[2.8012,46.58054],[2.82025,46.58501],[2.82855,46.58555],[2.82937,46.57334],[2.83532,46.56391]]]]}},{"type":"Feature","properties":{"code":"03314","nom":"Villebret","departement":"03","region":"84"},"geometry":{"type":"MultiPolygon","coordinates":[[[[2.63258,46.25887],[2.63127,46.26138],[2.59637,46.2918],[2.6002,46.29655],[2.60594,46.2967],[2.61049,46.29969],[2.63743,46.3066],[2.63971,46.30577],[2.64306,46.30281],[2.63815,46.2974],[2.63556,46.29135],[2.6375,46.28324],[2.66048,46.27581],[2.66171,46.27417],[2.66011,46.26908],[2.65859,46.25287],[2.6563,46.24268],[2.65348,46.24099],[2.64847,46.25396],[2.63258,46.25887]]]]}},{"type":"Feature","properties":{"code":"03315","nom":"Villefranche-d'Allier","departement":"03","region":"84"},"geometry":{"type":"MultiPolygon","coordinates":[[[[2.81471,46.36969],[2.81312,46.37073],[2.81297,46.37457],[2.81507,46.38769],[2.80622,46.39954],[2.79673,46.40471],[2.79433,46.40806],[2.79616,46.41405],[2.79866,46.41803],[2.80982,46.42249],[2.82504,46.43867],[2.82949,46.44015],[2.84573,46.44278],[2.84826,46.4315],[2.85309,46.42683],[2.85919,46.42226],[2.87634,46.4139],[2.87601,46.41127],[2.86749,46.40323],[2.86827,46.40071],[2.87096,46.39705],[2.88422,46.39112],[2.88596,46.38369],[2.88445,46.38356],[2.8769,46.37829],[2.87449,46.37555],[2.86855,46.36261],[2.86354,46.3557],[2.85813,46.35255],[2.85222,46.35118],[2.84886,46.35144],[2.84965,46.35232],[2.84842,46.35304],[2.84122,46.35509],[2.83966,46.35484],[2.82859,46.35702],[2.82581,46.36035],[2.83232,46.37289],[2.83192,46.37368],[2.82534,46.37285],[2.81569,46.37056],[2.81471,46.36969]]]]}},{"type":"Feature","properties":{"code":"03316","nom":"Villeneuve-sur-Allier","departement":"03","region":"84"},"geometry":{"type":"MultiPolygon","coordinates":[[[[3.29277,46.65813],[3.27071,46.65329],[3.26456,46.65073],[3.26539,46.64501],[3.26261,46.64039],[3.25524,46.63386],[3.24586,46.6392],[3.24477,46.64251],[3.23658,46.65209],[3.22856,46.65931],[3.22564,46.66473],[3.20845,46.67678],[3.20437,46.67886],[3.20595,46.68138],[3.21166,46.68159],[3.21948,46.68461],[3.22773,46.69021],[3.2285,46.69644],[3.23413,46.69752],[3.25467,46.7062],[3.26895,46.71625],[3.27763,46.71664],[3.28305,46.71514],[3.27305,46.70541],[3.26144,46.68564],[3.26645,46.67987],[3.28343,46.66563],[3.28971,46.65913],[3.29277,46.65813]]]]}},{"type":"Feature","properties":{"code":"03317","nom":"Viplaix","departement":"03","region":"84"},"geometry":{"type":"MultiPolygon","coordinates":[[[[2.39697,46.48035],[2.40443,46.47958],[2.40737,46.47789],[2.41474,46.44865],[2.41921,46.44394],[2.39999,46.43335],[2.38312,46.43944],[2.3664,46.44354],[2.35521,46.44408],[2.33874,46.44264],[2.31675,46.46868],[2.31924,46.46877],[2.32348,46.47058],[2.32751,46.47486],[2.32973,46.47958],[2.32953,46.48183],[2.33684,46.48632],[2.3423,46.48778],[2.34729,46.48819],[2.37233,46.4863],[2.37745,46.48358],[2.37798,46.4823],[2.38194,46.47942],[2.39006,46.47861],[2.39622,46.47961],[2.39697,46.48035]]]]}},{"type":"Feature","properties":{"code":"03319","nom":"Voussac","departement":"03","region":"84"},"geometry":{"type":"MultiPolygon","coordinates":[[[[3.02058,46.34672],[3.02436,46.34953],[3.03465,46.3526],[3.0406,46.35302],[3.04571,46.35209],[3.04705,46.35074],[3.05275,46.35076],[3.06512,46.35168],[3.07999,46.35555],[3.08578,46.35614],[3.09859,46.35241],[3.0972,46.35048],[3.09427,46.35019],[3.08599,46.34686],[3.08079,46.34241],[3.08769,46.33382],[3.08933,46.33268],[3.0913,46.33278],[3.11126,46.33573],[3.11672,46.33443],[3.13403,46.32091],[3.13382,46.31063],[3.11753,46.30896],[3.11355,46.30746],[3.11179,46.30517],[3.10956,46.30492],[3.10081,46.29751],[3.09675,46.29743],[3.08159,46.30086],[3.07169,46.30166],[3.06444,46.30079],[3.05807,46.30086],[3.05342,46.30233],[3.04686,46.30696],[3.02922,46.31311],[3.0337,46.31994],[3.03734,46.32838],[3.03263,46.32962],[3.02175,46.33567],[3.02058,46.34672]]]]}},{"type":"Feature","properties":{"code":"03320","nom":"Ygrande","departement":"03","region":"84"},"geometry":{"type":"MultiPolygon","coordinates":[[[[2.99371,46.55519],[2.99505,46.55467],[2.99438,46.55131],[2.98888,46.54521],[2.98531,46.54357],[2.96795,46.54321],[2.96056,46.53476],[2.96197,46.52947],[2.96449,46.52651],[2.96637,46.52035],[2.96691,46.51506],[2.96554,46.50862],[2.95669,46.50275],[2.94979,46.50162],[2.93924,46.50193],[2.92778,46.50008],[2.92915,46.50207],[2.92747,46.50931],[2.92368,46.51324],[2.91812,46.51785],[2.90364,46.52386],[2.89695,46.52794],[2.89403,46.53741],[2.88649,46.55035],[2.88503,46.5521],[2.87999,46.55415],[2.90429,46.5634],[2.91715,46.57065],[2.92105,46.57634],[2.92195,46.5853],[2.93278,46.58908],[2.95182,46.59285],[2.96168,46.59026],[2.96167,46.58908],[2.96845,46.58693],[2.9765,46.58738],[2.98161,46.58994],[2.99306,46.58762],[2.99474,46.5812],[2.99377,46.57531],[2.99029,46.56651],[2.98917,46.55826],[2.99371,46.55519]]]]}},{"type":"Feature","properties":{"code":"03321","nom":"Yzeure","departement":"03","region":"84"},"geometry":{"type":"MultiPolygon","coordinates":[[[[3.35706,46.53283],[3.34957,46.53166],[3.34641,46.53712],[3.34097,46.54658],[3.33554,46.55592],[3.33843,46.55929],[3.33853,46.55955],[3.34225,46.56358],[3.34461,46.56456],[3.34584,46.56942],[3.34014,46.572],[3.33684,46.57458],[3.33317,46.5814],[3.33349,46.58534],[3.34174,46.58917],[3.35087,46.59358],[3.35875,46.60409],[3.35856,46.60229],[3.36835,46.60352],[3.38178,46.60213],[3.39137,46.59839],[3.39553,46.5906],[3.39969,46.59145],[3.39312,46.57953],[3.40902,46.5776],[3.41826,46.57487],[3.42425,46.57019],[3.43772,46.55473],[3.43459,46.55067],[3.43081,46.54765],[3.43095,46.53951],[3.4128,46.53905],[3.40937,46.53837],[3.39213,46.53398],[3.37693,46.52812],[3.35929,46.5314],[3.35706,46.53283]]]]}}]}