{"type":"FeatureCollection","features":[{"type":"Feature","properties":{"code":"29011","nom":"Bohars","departement":"29","region":"53"},"geometry":{"type":"MultiPolygon","coordinates":[[[[-4.52158,48.41028],[-4.52495,48.40926],[-4.53082,48.41555],[-4.53524,48.42403],[-4.53746,48.42568],[-4.53796,48.43388],[-4.5396,48.43522],[-4.54153,48.43746],[-4.54063,48.43949],[-4.53419,48.44126],[-4.52518,48.44922],[-4.5196,48.44911],[-4.51527,48.44897],[-4.50669,48.44421],[-4.50405,48.43817],[-4.50332,48.43221],[-4.51489,48.42328],[-4.51498,48.42142],[-4.52158,48.41028]]]]}},{"type":"Feature","properties":{"code":"29001","nom":"Argol","departement":"29","region":"53"},"geometry":{"type":"MultiPolygon","coordinates":[[[[-4.32832,48.26436],[-4.31813,48.26965],[-4.30062,48.273],[-4.289,48.27333],[-4.28602,48.27381],[-4.27192,48.27046],[-4.26022,48.26669],[-4.25594,48.26226],[-4.25292,48.25694],[-4.24289,48.24869],[-4.24297,48.24667],[-4.24874,48.23884],[-4.25655,48.23562],[-4.26003,48.23497],[-4.26571,48.23101],[-4.26648,48.22965],[-4.26996,48.23119],[-4.28382,48.23038],[-4.2934,48.22868],[-4.30099,48.22594],[-4.30349,48.22441],[-4.30508,48.2207],[-4.3208,48.20404],[-4.32789,48.20283],[-4.33218,48.20642],[-4.32868,48.20942],[-4.3241,48.2114],[-4.32087,48.21575],[-4.31898,48.22295],[-4.31922,48.2283],[-4.32237,48.23743],[-4.32807,48.24194],[-4.33154,48.24277],[-4.33395,48.24671],[-4.3342,48.2522],[-4.32909,48.26175],[-4.32832,48.26436]]],[[[-4.36052,48.26702],[-4.36556,48.26655],[-4.36714,48.27787],[-4.35933,48.28149],[-4.35238,48.28609],[-4.34839,48.28656],[-4.33952,48.28583],[-4.3389,48.28345],[-4.34802,48.2734],[-4.35611,48.26831],[-4.36052,48.26702]]]]}},{"type":"Feature","properties":{"code":"29002","nom":"Arzano","departement":"29","region":"53"},"geometry":{"type":"MultiPolygon","coordinates":[[[[-3.49936,47.88825],[-3.4974,47.89866],[-3.49567,47.90124],[-3.49362,47.90217],[-3.48234,47.90322],[-3.4679,47.90303],[-3.45906,47.90883],[-3.45164,47.9192],[-3.43907,47.92699],[-3.42674,47.92635],[-3.4207,47.92511],[-3.40916,47.92005],[-3.4069,47.9186],[-3.40662,47.91734],[-3.4091,47.91572],[-3.40891,47.91241],[-3.40432,47.89935],[-3.40247,47.88524],[-3.40288,47.87407],[-3.4001,47.86423],[-3.39817,47.86321],[-3.40812,47.86267],[-3.4113,47.86391],[-3.41336,47.86828],[-3.42292,47.86914],[-3.44822,47.86368],[-3.44953,47.86099],[-3.4514,47.86695],[-3.45802,47.87162],[-3.47578,47.8733],[-3.48934,47.88105],[-3.49581,47.88794],[-3.49936,47.88825]]]]}},{"type":"Feature","properties":{"code":"29003","nom":"Audierne","departement":"29","region":"53"},"geometry":{"type":"MultiPolygon","coordinates":[[[[-4.53939,48.04913],[-4.53494,48.04702],[-4.52737,48.03975],[-4.52715,48.03797],[-4.52821,48.03732],[-4.53119,48.03602],[-4.53215,48.03458],[-4.53484,48.0318],[-4.53297,48.02802],[-4.5354,48.02464],[-4.53851,48.02326],[-4.53558,48.01948],[-4.54231,48.01201],[-4.54936,48.01149],[-4.56364,48.00314],[-4.57013,48.00099],[-4.58338,48.00481],[-4.60302,48.01533],[-4.60278,48.01771],[-4.5999,48.01892],[-4.58205,48.02132],[-4.57745,48.02218],[-4.57632,48.02305],[-4.57793,48.03511],[-4.58576,48.03917],[-4.58721,48.03924],[-4.58034,48.04546],[-4.57083,48.05],[-4.56468,48.05535],[-4.55872,48.05623],[-4.53939,48.04913]]]]}},{"type":"Feature","properties":{"code":"29004","nom":"Bannalec","departement":"29","region":"53"},"geometry":{"type":"MultiPolygon","coordinates":[[[[-3.64525,47.98146],[-3.63722,47.97125],[-3.63661,47.96369],[-3.63809,47.96217],[-3.65016,47.95663],[-3.65722,47.94991],[-3.64996,47.94163],[-3.63189,47.93588],[-3.6232,47.928],[-3.61997,47.927],[-3.61807,47.92728],[-3.61555,47.92523],[-3.61304,47.92132],[-3.61363,47.91521],[-3.61856,47.90782],[-3.6184,47.90266],[-3.62821,47.90308],[-3.64599,47.9069],[-3.67943,47.90508],[-3.6972,47.8993],[-3.7321,47.88314],[-3.75655,47.90099],[-3.75801,47.91402],[-3.76298,47.92425],[-3.7587,47.93212],[-3.75392,47.93595],[-3.75446,47.94057],[-3.75414,47.9417],[-3.76174,47.9581],[-3.758,47.9688],[-3.75135,47.97121],[-3.73367,47.97004],[-3.72779,47.96836],[-3.7252,47.96533],[-3.72522,47.96152],[-3.71135,47.95822],[-3.69489,47.95538],[-3.68658,47.95861],[-3.6911,47.96453],[-3.69742,47.96793],[-3.70384,47.97578],[-3.70419,47.97747],[-3.69681,47.98394],[-3.68921,47.98869],[-3.67463,47.98801],[-3.66187,47.98348],[-3.64525,47.98146]]]]}},{"type":"Feature","properties":{"code":"29005","nom":"Baye","departement":"29","region":"53"},"geometry":{"type":"MultiPolygon","coordinates":[[[[-3.59218,47.86478],[-3.59365,47.864],[-3.59183,47.86017],[-3.59135,47.85385],[-3.61101,47.8418],[-3.61808,47.84472],[-3.633,47.84069],[-3.63393,47.84352],[-3.62887,47.85525],[-3.63208,47.86219],[-3.63047,47.86568],[-3.61856,47.87],[-3.61398,47.87008],[-3.59218,47.86478]]]]}},{"type":"Feature","properties":{"code":"29006","nom":"Bénodet","departement":"29","region":"53"},"geometry":{"type":"MultiPolygon","coordinates":[[[[-4.10573,47.88085],[-4.10304,47.88061],[-4.09283,47.88188],[-4.08457,47.88752],[-4.07729,47.89092],[-4.06229,47.88875],[-4.04852,47.88935],[-4.04562,47.89015],[-4.0403,47.89089],[-4.03572,47.89041],[-4.03113,47.88833],[-4.03495,47.88514],[-4.03718,47.88123],[-4.03919,47.87974],[-4.04607,47.87728],[-4.05689,47.87704],[-4.06159,47.87593],[-4.06749,47.87083],[-4.07699,47.86636],[-4.09238,47.86384],[-4.09905,47.86383],[-4.1114,47.872],[-4.11607,47.87639],[-4.11695,47.87962],[-4.11467,47.88232],[-4.11184,47.88246],[-4.10573,47.88085]]]]}},{"type":"Feature","properties":{"code":"29007","nom":"Berrien","departement":"29","region":"53"},"geometry":{"type":"MultiPolygon","coordinates":[[[[-3.84624,48.42186],[-3.83542,48.42844],[-3.82359,48.43034],[-3.81628,48.42949],[-3.8056,48.43043],[-3.79974,48.43523],[-3.77388,48.4399],[-3.77083,48.43306],[-3.74248,48.42038],[-3.7354,48.42047],[-3.73229,48.42213],[-3.72439,48.42206],[-3.71659,48.41876],[-3.70007,48.40938],[-3.69171,48.40637],[-3.686,48.40255],[-3.68417,48.39606],[-3.6841,48.39248],[-3.68724,48.38789],[-3.68684,48.3862],[-3.705,48.3887],[-3.71513,48.38305],[-3.71713,48.37451],[-3.72012,48.375],[-3.72267,48.37427],[-3.72512,48.37215],[-3.72252,48.36815],[-3.72461,48.36697],[-3.72968,48.36648],[-3.73283,48.36673],[-3.73454,48.36796],[-3.73849,48.37268],[-3.73974,48.37603],[-3.74194,48.37797],[-3.76275,48.37623],[-3.76659,48.3751],[-3.76853,48.37438],[-3.77322,48.36714],[-3.77795,48.36641],[-3.79039,48.36911],[-3.79744,48.37255],[-3.8003,48.37956],[-3.80719,48.38781],[-3.82124,48.39778],[-3.84522,48.41978],[-3.84624,48.42186]]]]}},{"type":"Feature","properties":{"code":"29008","nom":"Beuzec-Cap-Sizun","departement":"29","region":"53"},"geometry":{"type":"MultiPolygon","coordinates":[[[[-4.46601,48.05284],[-4.48,48.05479],[-4.49058,48.05992],[-4.49681,48.05968],[-4.50076,48.058],[-4.50337,48.05382],[-4.51107,48.05049],[-4.51893,48.04967],[-4.53642,48.05003],[-4.53931,48.04966],[-4.53939,48.04913],[-4.55872,48.05623],[-4.56468,48.05535],[-4.56765,48.06317],[-4.57068,48.0674],[-4.57909,48.06962],[-4.5815,48.07219],[-4.58323,48.08002],[-4.5633,48.08032],[-4.55908,48.07865],[-4.54909,48.07707],[-4.5427,48.08254],[-4.53258,48.0882],[-4.52807,48.08607],[-4.52269,48.08584],[-4.51702,48.08846],[-4.51197,48.08958],[-4.51187,48.09077],[-4.50971,48.08903],[-4.5083,48.08991],[-4.50354,48.08817],[-4.50338,48.09151],[-4.5013,48.09095],[-4.49932,48.08882],[-4.4887,48.08633],[-4.46659,48.09925],[-4.4629,48.09878],[-4.45732,48.09657],[-4.45749,48.09516],[-4.45509,48.0927],[-4.43954,48.07972],[-4.45161,48.0724],[-4.45515,48.06075],[-4.4656,48.05529],[-4.46601,48.05284]]]]}},{"type":"Feature","properties":{"code":"29010","nom":"Bodilis","departement":"29","region":"53"},"geometry":{"type":"MultiPolygon","coordinates":[[[[-4.09947,48.49861],[-4.11894,48.49254],[-4.11934,48.4915],[-4.12239,48.49007],[-4.14951,48.48513],[-4.14623,48.49902],[-4.14802,48.50839],[-4.14604,48.5206],[-4.14248,48.52827],[-4.13802,48.5342],[-4.13547,48.53764],[-4.12954,48.539],[-4.12343,48.53939],[-4.11676,48.53766],[-4.10124,48.53905],[-4.09096,48.5409],[-4.08664,48.54046],[-4.08518,48.5313],[-4.08346,48.52982],[-4.08309,48.52922],[-4.09315,48.52182],[-4.10036,48.5115],[-4.10002,48.50985],[-4.10005,48.50874],[-4.09697,48.5064],[-4.09947,48.49861]]]]}},{"type":"Feature","properties":{"code":"29012","nom":"Bolazec","departement":"29","region":"53"},"geometry":{"type":"MultiPolygon","coordinates":[[[[-3.603,48.40028],[-3.60657,48.40763],[-3.60993,48.41864],[-3.62197,48.4264],[-3.62447,48.42922],[-3.62493,48.43371],[-3.62068,48.44181],[-3.61875,48.44494],[-3.61285,48.44885],[-3.61192,48.46187],[-3.6116,48.46754],[-3.60515,48.47027],[-3.6019,48.47104],[-3.59967,48.47073],[-3.58139,48.4648],[-3.57854,48.46301],[-3.57951,48.45957],[-3.57165,48.45445],[-3.56895,48.45302],[-3.55081,48.44782],[-3.55107,48.44679],[-3.56186,48.44075],[-3.5823,48.43358],[-3.59927,48.42294],[-3.60053,48.42165],[-3.60085,48.41762],[-3.6001,48.40227],[-3.603,48.40028]]]]}},{"type":"Feature","properties":{"code":"29013","nom":"Botmeur","departement":"29","region":"53"},"geometry":{"type":"MultiPolygon","coordinates":[[[[-3.91961,48.40179],[-3.90959,48.3962],[-3.89629,48.38645],[-3.89856,48.38356],[-3.89714,48.37492],[-3.90175,48.3615],[-3.90027,48.35741],[-3.90299,48.35799],[-3.90364,48.35931],[-3.90671,48.361],[-3.93021,48.36222],[-3.93374,48.36217],[-3.94931,48.35836],[-3.95031,48.36527],[-3.95669,48.36725],[-3.9514,48.37624],[-3.94412,48.38362],[-3.93414,48.39186],[-3.91961,48.40179]]]]}},{"type":"Feature","properties":{"code":"29014","nom":"Botsorhel","departement":"29","region":"53"},"geometry":{"type":"MultiPolygon","coordinates":[[[[-3.62648,48.54196],[-3.62575,48.54069],[-3.61962,48.53707],[-3.6174,48.53402],[-3.61639,48.51644],[-3.60916,48.51163],[-3.59879,48.49889],[-3.59763,48.4986],[-3.60225,48.49676],[-3.60377,48.49072],[-3.59746,48.47288],[-3.59967,48.47073],[-3.6019,48.47104],[-3.60515,48.47027],[-3.6116,48.46754],[-3.61192,48.46187],[-3.64077,48.47505],[-3.64576,48.48099],[-3.64233,48.4873],[-3.63835,48.48987],[-3.63997,48.49381],[-3.64604,48.50166],[-3.65545,48.50855],[-3.65796,48.52684],[-3.65879,48.53001],[-3.65704,48.53398],[-3.64419,48.54424],[-3.64492,48.54726],[-3.63256,48.55414],[-3.62755,48.54833],[-3.62888,48.54393],[-3.62648,48.54196]]]]}},{"type":"Feature","properties":{"code":"29015","nom":"Bourg-Blanc","departement":"29","region":"53"},"geometry":{"type":"MultiPolygon","coordinates":[[[[-4.45679,48.49652],[-4.45334,48.493],[-4.47132,48.47959],[-4.48066,48.47762],[-4.4833,48.47864],[-4.48989,48.47849],[-4.48857,48.47558],[-4.47976,48.46826],[-4.47841,48.46621],[-4.47891,48.4646],[-4.49054,48.45366],[-4.49259,48.45398],[-4.49505,48.45925],[-4.49881,48.45882],[-4.49988,48.45545],[-4.50188,48.45497],[-4.5049,48.45861],[-4.50612,48.4652],[-4.50808,48.46897],[-4.51881,48.47118],[-4.52695,48.47582],[-4.52794,48.4775],[-4.52463,48.47914],[-4.52364,48.484],[-4.52842,48.49189],[-4.53382,48.50978],[-4.53878,48.51634],[-4.53953,48.51963],[-4.53613,48.5234],[-4.53114,48.52334],[-4.52286,48.52615],[-4.51967,48.53285],[-4.50133,48.52537],[-4.49183,48.52236],[-4.47835,48.51488],[-4.46631,48.50328],[-4.46477,48.49889],[-4.45996,48.49642],[-4.45679,48.49652]]]]}},{"type":"Feature","properties":{"code":"29016","nom":"Brasparts","departement":"29","region":"53"},"geometry":{"type":"MultiPolygon","coordinates":[[[[-3.94931,48.35836],[-3.93374,48.36217],[-3.93021,48.36222],[-3.90671,48.361],[-3.90364,48.35931],[-3.90299,48.35799],[-3.90027,48.35741],[-3.89598,48.35446],[-3.89879,48.33783],[-3.89669,48.33246],[-3.90439,48.31997],[-3.90863,48.31817],[-3.91052,48.31525],[-3.91019,48.31354],[-3.90329,48.30549],[-3.92372,48.30041],[-3.92822,48.29836],[-3.92976,48.29677],[-3.93139,48.29672],[-3.95675,48.28942],[-3.96709,48.27935],[-3.97377,48.27512],[-3.98405,48.27599],[-3.99439,48.27939],[-3.9981,48.28269],[-4.00207,48.3062],[-4.00025,48.31087],[-4.01079,48.32426],[-4.00357,48.32656],[-4.00152,48.32905],[-3.99314,48.33322],[-3.98243,48.33476],[-3.96019,48.3365],[-3.94768,48.33863],[-3.94225,48.34448],[-3.94067,48.34896],[-3.94931,48.35836]]]]}},{"type":"Feature","properties":{"code":"29017","nom":"Brélès","departement":"29","region":"53"},"geometry":{"type":"MultiPolygon","coordinates":[[[[-4.72514,48.47595],[-4.72514,48.47835],[-4.72398,48.47947],[-4.70934,48.48228],[-4.69815,48.48587],[-4.69792,48.48654],[-4.69063,48.493],[-4.6832,48.49373],[-4.67586,48.48846],[-4.66917,48.4796],[-4.66876,48.47749],[-4.67283,48.47456],[-4.67039,48.47207],[-4.65025,48.47468],[-4.65295,48.47131],[-4.65917,48.45852],[-4.65965,48.45446],[-4.66369,48.45303],[-4.67508,48.45304],[-4.69289,48.4563],[-4.69926,48.4557],[-4.70468,48.4561],[-4.70678,48.45693],[-4.71025,48.4604],[-4.71254,48.46603],[-4.71481,48.46828],[-4.71675,48.4687],[-4.71834,48.47515],[-4.72514,48.47595]]]]}},{"type":"Feature","properties":{"code":"29018","nom":"Brennilis","departement":"29","region":"53"},"geometry":{"type":"MultiPolygon","coordinates":[[[[-3.78587,48.35261],[-3.79523,48.34444],[-3.8039,48.34397],[-3.81516,48.34154],[-3.81806,48.33955],[-3.82073,48.33966],[-3.84944,48.34477],[-3.86324,48.35117],[-3.87022,48.35337],[-3.89598,48.35446],[-3.90027,48.35741],[-3.90175,48.3615],[-3.89714,48.37492],[-3.89856,48.38356],[-3.89629,48.38645],[-3.89301,48.38771],[-3.88971,48.38719],[-3.8746,48.38161],[-3.87107,48.37989],[-3.864,48.37379],[-3.85684,48.37223],[-3.85137,48.37318],[-3.84173,48.36761],[-3.83745,48.36224],[-3.82442,48.36031],[-3.80191,48.36283],[-3.78587,48.35261]]]]}},{"type":"Feature","properties":{"code":"29019","nom":"Brest","departement":"29","region":"53"},"geometry":{"type":"MultiPolygon","coordinates":[[[[-4.5504,48.3622],[-4.55378,48.36201],[-4.55444,48.36119],[-4.55475,48.36127],[-4.56486,48.36459],[-4.56675,48.36592],[-4.56693,48.36899],[-4.56037,48.37839],[-4.56382,48.38801],[-4.56892,48.39278],[-4.55838,48.39795],[-4.545,48.40288],[-4.54292,48.40252],[-4.53415,48.40238],[-4.52358,48.40474],[-4.52354,48.40479],[-4.52492,48.4065],[-4.52495,48.40926],[-4.52158,48.41028],[-4.51498,48.42142],[-4.51489,48.42328],[-4.50332,48.43221],[-4.50405,48.43817],[-4.50669,48.44421],[-4.51527,48.44897],[-4.5196,48.44911],[-4.51957,48.45025],[-4.50188,48.45497],[-4.49988,48.45545],[-4.49881,48.45882],[-4.49505,48.45925],[-4.49259,48.45398],[-4.48456,48.44111],[-4.47752,48.43645],[-4.47317,48.43048],[-4.47338,48.42762],[-4.47126,48.42807],[-4.46584,48.42679],[-4.46035,48.4241],[-4.45911,48.42484],[-4.45236,48.41887],[-4.45165,48.4168],[-4.4545,48.41811],[-4.45985,48.41585],[-4.45951,48.41326],[-4.45733,48.41156],[-4.45722,48.41147],[-4.454,48.41115],[-4.45106,48.40743],[-4.43659,48.39729],[-4.43537,48.39575],[-4.43428,48.39614],[-4.4339,48.39595],[-4.43319,48.38948],[-4.43036,48.38977],[-4.43346,48.38896],[-4.43553,48.38334],[-4.4414,48.38012],[-4.44499,48.37937],[-4.44745,48.37971],[-4.45541,48.38343],[-4.4627,48.38541],[-4.47195,48.38354],[-4.48201,48.38259],[-4.48148,48.38103],[-4.48333,48.38073],[-4.48502,48.37798],[-4.4883,48.37716],[-4.4893,48.37703],[-4.49035,48.3771],[-4.49165,48.37756],[-4.48902,48.37712],[-4.48602,48.37811],[-4.48903,48.38084],[-4.49531,48.37752],[-4.51124,48.37268],[-4.51247,48.37194],[-4.52377,48.36575],[-4.51948,48.36286],[-4.51797,48.36277],[-4.49068,48.36843],[-4.51823,48.36255],[-4.51932,48.36265],[-4.52442,48.36596],[-4.53042,48.3634],[-4.53254,48.36027],[-4.54253,48.35931],[-4.54662,48.36039],[-4.5504,48.3622]]]]}},{"type":"Feature","properties":{"code":"29020","nom":"Briec","departement":"29","region":"53"},"geometry":{"type":"MultiPolygon","coordinates":[[[[-4.06723,48.04943],[-4.06548,48.04979],[-4.0642,48.05145],[-4.06801,48.05839],[-4.06747,48.06033],[-4.06246,48.06819],[-4.05034,48.08211],[-4.04572,48.10249],[-4.04831,48.10743],[-4.05952,48.111],[-4.06674,48.11614],[-4.07301,48.12623],[-4.05845,48.14094],[-4.05867,48.14889],[-4.06054,48.15719],[-4.05416,48.16168],[-4.01696,48.15931],[-4.01342,48.15248],[-4.01072,48.14398],[-4.0073,48.13793],[-4.01289,48.12782],[-4.02026,48.12206],[-4.02227,48.11742],[-4.01743,48.10649],[-4.01033,48.10617],[-4.00717,48.10689],[-4.0038,48.10826],[-4.00536,48.10982],[-4.00467,48.11049],[-3.9993,48.11125],[-3.98991,48.11006],[-3.98824,48.10844],[-3.98702,48.10221],[-3.99176,48.08762],[-3.99275,48.07928],[-3.99255,48.07662],[-3.98873,48.07367],[-3.98028,48.07679],[-3.97672,48.08281],[-3.97183,48.0855],[-3.97183,48.08926],[-3.97418,48.09409],[-3.97219,48.10026],[-3.9712,48.10165],[-3.95856,48.10857],[-3.95095,48.10682],[-3.93671,48.09757],[-3.93594,48.0945],[-3.93698,48.08633],[-3.93549,48.08017],[-3.93565,48.07418],[-3.94546,48.06742],[-3.94851,48.07069],[-3.95378,48.07353],[-3.96827,48.07805],[-3.97105,48.0807],[-3.97766,48.07993],[-3.97923,48.07618],[-3.98586,48.0731],[-3.98795,48.06996],[-3.99333,48.06677],[-3.99969,48.06389],[-4.01199,48.06189],[-4.02135,48.05595],[-4.02082,48.05338],[-4.0009,48.04353],[-4.00209,48.04213],[-4.00575,48.04129],[-4.00416,48.03785],[-4.01382,48.03283],[-4.02124,48.03194],[-4.03245,48.03215],[-4.04259,48.03402],[-4.0472,48.03433],[-4.04948,48.03352],[-4.05851,48.03463],[-4.05785,48.03704],[-4.06614,48.04471],[-4.06816,48.04549],[-4.06723,48.04943]]]]}},{"type":"Feature","properties":{"code":"29021","nom":"Plounéour-Brignogan-plages","departement":"29","region":"53"},"geometry":{"type":"MultiPolygon","coordinates":[[[[-4.34937,48.67662],[-4.34073,48.67719],[-4.33071,48.67553],[-4.31264,48.66863],[-4.31056,48.66782],[-4.29989,48.66491],[-4.29655,48.66062],[-4.3019,48.65229],[-4.30577,48.65002],[-4.30955,48.6462],[-4.31183,48.64587],[-4.30932,48.64717],[-4.31092,48.64805],[-4.31568,48.64783],[-4.31863,48.64642],[-4.30856,48.6441],[-4.31143,48.642],[-4.31611,48.64055],[-4.31609,48.63772],[-4.32335,48.63531],[-4.33498,48.62696],[-4.34001,48.62565],[-4.34562,48.62587],[-4.34891,48.62705],[-4.34753,48.62845],[-4.35303,48.64403],[-4.35376,48.65047],[-4.34943,48.66394],[-4.34768,48.66942],[-4.34937,48.67662]]]]}},{"type":"Feature","properties":{"code":"29022","nom":"Camaret-sur-Mer","departement":"29","region":"53"},"geometry":{"type":"MultiPolygon","coordinates":[[[[-4.55686,48.25884],[-4.557,48.25869],[-4.5603,48.25934],[-4.5617,48.25684],[-4.56535,48.25508],[-4.58318,48.25163],[-4.59304,48.25328],[-4.5987,48.25677],[-4.61323,48.26215],[-4.61749,48.26848],[-4.62181,48.27969],[-4.60813,48.28478],[-4.6011,48.28482],[-4.60099,48.28249],[-4.59143,48.28054],[-4.59076,48.27982],[-4.59144,48.27924],[-4.59418,48.28094],[-4.59621,48.28122],[-4.59888,48.28058],[-4.59443,48.27557],[-4.58801,48.27516],[-4.57818,48.27782],[-4.56989,48.28236],[-4.56704,48.2861],[-4.56624,48.28419],[-4.56554,48.28496],[-4.56483,48.28433],[-4.56124,48.27794],[-4.55427,48.26997],[-4.55308,48.26541],[-4.55426,48.2613],[-4.55686,48.25884]]]]}},{"type":"Feature","properties":{"code":"29023","nom":"Carantec","departement":"29","region":"53"},"geometry":{"type":"MultiPolygon","coordinates":[[[[-3.88062,48.63936],[-3.88141,48.638],[-3.88482,48.63625],[-3.8838,48.63513],[-3.88646,48.63529],[-3.89105,48.63759],[-3.89542,48.63856],[-3.91465,48.64283],[-3.92855,48.64365],[-3.93307,48.64547],[-3.94037,48.65084],[-3.94063,48.65389],[-3.94229,48.65545],[-3.92587,48.6669],[-3.91886,48.66992],[-3.912,48.67111],[-3.90072,48.67079],[-3.89698,48.66784],[-3.90295,48.66476],[-3.90371,48.65611],[-3.89797,48.64675],[-3.89311,48.64322],[-3.88062,48.63936]]]]}},{"type":"Feature","properties":{"code":"29024","nom":"Carhaix-Plouguer","departement":"29","region":"53"},"geometry":{"type":"MultiPolygon","coordinates":[[[[-3.61266,48.24712],[-3.60952,48.24759],[-3.60731,48.24978],[-3.60739,48.25591],[-3.60923,48.26018],[-3.6091,48.26195],[-3.60703,48.26345],[-3.60021,48.27066],[-3.6,48.28392],[-3.5877,48.28261],[-3.58244,48.28428],[-3.56641,48.29323],[-3.55224,48.2996],[-3.5531,48.29746],[-3.54984,48.29235],[-3.53839,48.28682],[-3.5264,48.28651],[-3.51955,48.28224],[-3.51804,48.28228],[-3.52028,48.27423],[-3.52518,48.27462],[-3.52617,48.27119],[-3.52308,48.25571],[-3.52424,48.25677],[-3.53687,48.25546],[-3.53665,48.25461],[-3.54074,48.25306],[-3.55474,48.25451],[-3.56316,48.25096],[-3.6009,48.24161],[-3.61266,48.24712]]]]}},{"type":"Feature","properties":{"code":"29025","nom":"Cast","departement":"29","region":"53"},"geometry":{"type":"MultiPolygon","coordinates":[[[[-4.07301,48.12623],[-4.07901,48.12157],[-4.08517,48.12583],[-4.08978,48.12746],[-4.09871,48.12908],[-4.10673,48.12979],[-4.11206,48.12704],[-4.12088,48.13451],[-4.12489,48.14006],[-4.12955,48.14238],[-4.13547,48.14382],[-4.13898,48.1426],[-4.15461,48.13367],[-4.16314,48.13046],[-4.17453,48.12896],[-4.19183,48.13056],[-4.19702,48.13527],[-4.20086,48.13544],[-4.20221,48.13852],[-4.20198,48.14797],[-4.19615,48.14632],[-4.18292,48.14562],[-4.17062,48.14926],[-4.16754,48.1543],[-4.16931,48.16405],[-4.15541,48.1618],[-4.14604,48.16295],[-4.13422,48.16673],[-4.13192,48.1682],[-4.12542,48.17378],[-4.12513,48.17856],[-4.12048,48.17527],[-4.11326,48.17101],[-4.10555,48.1682],[-4.09489,48.17258],[-4.09638,48.17525],[-4.09604,48.17698],[-4.0939,48.17814],[-4.08932,48.17822],[-4.07664,48.17628],[-4.07997,48.16582],[-4.0776,48.16217],[-4.06572,48.16109],[-4.06287,48.16319],[-4.05819,48.1639],[-4.0542,48.16184],[-4.05416,48.16168],[-4.06054,48.15719],[-4.05867,48.14889],[-4.05845,48.14094],[-4.07301,48.12623]]]]}},{"type":"Feature","properties":{"code":"29026","nom":"Châteaulin","departement":"29","region":"53"},"geometry":{"type":"MultiPolygon","coordinates":[[[[-4.09489,48.17258],[-4.10555,48.1682],[-4.11326,48.17101],[-4.12048,48.17527],[-4.11889,48.17577],[-4.115,48.18116],[-4.1128,48.1855],[-4.11133,48.19222],[-4.10902,48.20662],[-4.09707,48.21112],[-4.09067,48.21426],[-4.07928,48.21729],[-4.07585,48.21672],[-4.07417,48.21525],[-4.074,48.21365],[-4.07577,48.2111],[-4.07202,48.21035],[-4.06644,48.21272],[-4.06873,48.21739],[-4.06807,48.21814],[-4.06978,48.22396],[-4.06612,48.22994],[-4.05001,48.2363],[-4.04471,48.23649],[-4.04348,48.22511],[-4.03256,48.21545],[-4.03669,48.21341],[-4.03828,48.2098],[-4.03859,48.20262],[-4.03533,48.19439],[-4.03566,48.18941],[-4.04148,48.18173],[-4.04302,48.18108],[-4.0458,48.18137],[-4.04979,48.18242],[-4.05352,48.1862],[-4.05389,48.18821],[-4.04852,48.2006],[-4.05079,48.20361],[-4.0563,48.20616],[-4.06108,48.20588],[-4.06388,48.20466],[-4.07526,48.19255],[-4.07808,48.19067],[-4.08586,48.18791],[-4.08909,48.18814],[-4.09175,48.18993],[-4.09398,48.18879],[-4.09914,48.18156],[-4.09876,48.17472],[-4.09638,48.17525],[-4.09489,48.17258]]]]}},{"type":"Feature","properties":{"code":"29027","nom":"Châteauneuf-du-Faou","departement":"29","region":"53"},"geometry":{"type":"MultiPolygon","coordinates":[[[[-3.88263,48.20374],[-3.8673,48.20041],[-3.864,48.20037],[-3.86435,48.20085],[-3.85063,48.21163],[-3.84159,48.21302],[-3.83139,48.21061],[-3.82433,48.20979],[-3.81043,48.21238],[-3.77987,48.21319],[-3.76056,48.21042],[-3.75422,48.20754],[-3.76281,48.19416],[-3.76271,48.19227],[-3.75962,48.19048],[-3.7629,48.17808],[-3.77086,48.17408],[-3.78003,48.17884],[-3.78666,48.17869],[-3.79067,48.17577],[-3.79097,48.17105],[-3.79278,48.16806],[-3.79641,48.16602],[-3.80096,48.16484],[-3.80414,48.16665],[-3.80655,48.17014],[-3.80776,48.17871],[-3.81296,48.18096],[-3.81814,48.17757],[-3.81794,48.16133],[-3.82249,48.15851],[-3.83582,48.15861],[-3.86713,48.16637],[-3.86807,48.16755],[-3.87511,48.17065],[-3.88168,48.17211],[-3.89776,48.17914],[-3.89634,48.18106],[-3.89063,48.18334],[-3.88728,48.184],[-3.88074,48.18284],[-3.87583,48.18352],[-3.87348,48.18663],[-3.87276,48.18908],[-3.87444,48.19266],[-3.88263,48.20374]]]]}},{"type":"Feature","properties":{"code":"29028","nom":"Cléden-Cap-Sizun","departement":"29","region":"53"},"geometry":{"type":"MultiPolygon","coordinates":[[[[-4.62131,48.06847],[-4.61254,48.05163],[-4.61293,48.03822],[-4.62256,48.03944],[-4.63451,48.03836],[-4.67426,48.0438],[-4.70602,48.04667],[-4.70546,48.04924],[-4.71328,48.05288],[-4.71148,48.05602],[-4.71634,48.06298],[-4.71388,48.06485],[-4.70173,48.06211],[-4.67988,48.06169],[-4.66274,48.0711],[-4.63747,48.06754],[-4.62131,48.06847]]]]}},{"type":"Feature","properties":{"code":"29029","nom":"Cléden-Poher","departement":"29","region":"53"},"geometry":{"type":"MultiPolygon","coordinates":[[[[-3.66138,48.2178],[-3.66358,48.21906],[-3.6903,48.22215],[-3.70168,48.22003],[-3.70371,48.21872],[-3.70584,48.22058],[-3.71004,48.22181],[-3.71919,48.22729],[-3.72078,48.23452],[-3.71836,48.23812],[-3.71376,48.23969],[-3.70814,48.23848],[-3.70345,48.23579],[-3.70146,48.23574],[-3.70006,48.23655],[-3.69782,48.24069],[-3.6981,48.24492],[-3.69931,48.24629],[-3.70569,48.24844],[-3.7067,48.25235],[-3.70491,48.25703],[-3.69605,48.26488],[-3.67752,48.26114],[-3.66285,48.25982],[-3.65153,48.26161],[-3.64859,48.26479],[-3.63904,48.26683],[-3.62536,48.26596],[-3.60703,48.26345],[-3.6091,48.26195],[-3.60923,48.26018],[-3.60739,48.25591],[-3.60731,48.24978],[-3.60952,48.24759],[-3.61266,48.24712],[-3.61788,48.24721],[-3.61948,48.24261],[-3.62406,48.23561],[-3.63501,48.22834],[-3.64417,48.22576],[-3.65591,48.22081],[-3.65795,48.2183],[-3.66138,48.2178]]]]}},{"type":"Feature","properties":{"code":"29030","nom":"Cléder","departement":"29","region":"53"},"geometry":{"type":"MultiPolygon","coordinates":[[[[-4.09041,48.64121],[-4.09752,48.64171],[-4.10269,48.63884],[-4.10494,48.63552],[-4.10585,48.63196],[-4.111,48.62853],[-4.13823,48.62011],[-4.14046,48.61857],[-4.1471,48.62158],[-4.1471,48.62302],[-4.15942,48.63304],[-4.16161,48.63968],[-4.17062,48.64757],[-4.16782,48.64763],[-4.1646,48.64619],[-4.15397,48.64525],[-4.15094,48.64521],[-4.15025,48.64614],[-4.1505,48.65685],[-4.15178,48.66175],[-4.15755,48.66734],[-4.1614,48.67829],[-4.16177,48.68991],[-4.13461,48.69417],[-4.12664,48.69379],[-4.10772,48.69489],[-4.09972,48.69452],[-4.09593,48.6937],[-4.09493,48.69254],[-4.09581,48.68581],[-4.09553,48.68421],[-4.08672,48.67624],[-4.08462,48.65971],[-4.08021,48.65282],[-4.07796,48.65177],[-4.07991,48.64915],[-4.09041,48.64121]]]]}},{"type":"Feature","properties":{"code":"29031","nom":"Clohars-Carnoët","departement":"29","region":"53"},"geometry":{"type":"MultiPolygon","coordinates":[[[[-3.58523,47.82415],[-3.57881,47.8335],[-3.57231,47.83247],[-3.55858,47.82469],[-3.54939,47.82326],[-3.53986,47.82272],[-3.53118,47.81294],[-3.52263,47.80879],[-3.52062,47.79864],[-3.52337,47.79719],[-3.52311,47.79789],[-3.52706,47.79706],[-3.53192,47.79055],[-3.53225,47.77154],[-3.53552,47.76522],[-3.54806,47.76452],[-3.55794,47.76615],[-3.5648,47.76883],[-3.57356,47.76968],[-3.58342,47.76817],[-3.59542,47.76919],[-3.6138,47.76914],[-3.61611,47.77001],[-3.61691,47.77532],[-3.61445,47.78089],[-3.61036,47.78639],[-3.60314,47.80443],[-3.58894,47.8117],[-3.58207,47.82015],[-3.58275,47.82119],[-3.58523,47.82415]]]]}},{"type":"Feature","properties":{"code":"29032","nom":"Clohars-Fouesnant","departement":"29","region":"53"},"geometry":{"type":"MultiPolygon","coordinates":[[[[-4.10573,47.88085],[-4.11199,47.88455],[-4.11579,47.88943],[-4.11855,47.89448],[-4.11627,47.89681],[-4.10413,47.89893],[-4.09701,47.89886],[-4.09101,47.90129],[-4.09031,47.90499],[-4.09583,47.91494],[-4.09576,47.91782],[-4.08235,47.91772],[-4.07568,47.91938],[-4.0688,47.91651],[-4.06455,47.91358],[-4.05811,47.90706],[-4.04918,47.90152],[-4.04597,47.89801],[-4.04562,47.89015],[-4.04852,47.88935],[-4.06229,47.88875],[-4.07729,47.89092],[-4.08457,47.88752],[-4.09283,47.88188],[-4.10304,47.88061],[-4.10573,47.88085]]]]}},{"type":"Feature","properties":{"code":"29033","nom":"Le Cloître-Pleyben","departement":"29","region":"53"},"geometry":{"type":"MultiPolygon","coordinates":[[[[-3.87668,48.28545],[-3.87043,48.27881],[-3.86509,48.26628],[-3.86163,48.25488],[-3.86355,48.24857],[-3.86753,48.24363],[-3.87336,48.2313],[-3.88524,48.23348],[-3.9118,48.24201],[-3.91329,48.24088],[-3.93115,48.24455],[-3.93153,48.24797],[-3.92614,48.25411],[-3.92445,48.25982],[-3.93607,48.27217],[-3.93974,48.2776],[-3.93877,48.28017],[-3.93228,48.28388],[-3.92515,48.28397],[-3.91513,48.27245],[-3.89741,48.26776],[-3.89215,48.27195],[-3.88312,48.28301],[-3.87668,48.28545]]]]}},{"type":"Feature","properties":{"code":"29034","nom":"Le Cloître-Saint-Thégonnec","departement":"29","region":"53"},"geometry":{"type":"MultiPolygon","coordinates":[[[[-3.75962,48.48699],[-3.75435,48.48012],[-3.75651,48.47241],[-3.75386,48.46547],[-3.75243,48.45679],[-3.75248,48.44736],[-3.75371,48.44685],[-3.76886,48.44224],[-3.77388,48.4399],[-3.79974,48.43523],[-3.8056,48.43043],[-3.81628,48.42949],[-3.82359,48.43034],[-3.82448,48.43601],[-3.82976,48.44051],[-3.83351,48.44761],[-3.82577,48.4544],[-3.81801,48.46284],[-3.82105,48.46812],[-3.8255,48.47262],[-3.82605,48.48633],[-3.80708,48.48359],[-3.77659,48.48301],[-3.75962,48.48699]]]]}},{"type":"Feature","properties":{"code":"29035","nom":"Coat-Méal","departement":"29","region":"53"},"geometry":{"type":"MultiPolygon","coordinates":[[[[-4.52794,48.4775],[-4.53408,48.47611],[-4.53521,48.47803],[-4.54034,48.4802],[-4.54749,48.48055],[-4.54692,48.48438],[-4.55559,48.49787],[-4.56542,48.50616],[-4.5674,48.50659],[-4.56397,48.50725],[-4.55879,48.5101],[-4.55562,48.51387],[-4.55403,48.51975],[-4.55188,48.52293],[-4.5492,48.52484],[-4.54142,48.5281],[-4.5373,48.52831],[-4.52662,48.54011],[-4.52605,48.53807],[-4.52365,48.53852],[-4.52024,48.5367],[-4.51967,48.53285],[-4.52286,48.52615],[-4.53114,48.52334],[-4.53613,48.5234],[-4.53953,48.51963],[-4.53878,48.51634],[-4.53382,48.50978],[-4.52842,48.49189],[-4.52364,48.484],[-4.52463,48.47914],[-4.52794,48.4775]]]]}},{"type":"Feature","properties":{"code":"29036","nom":"Collorec","departement":"29","region":"53"},"geometry":{"type":"MultiPolygon","coordinates":[[[[-3.77473,48.26073],[-3.78692,48.25858],[-3.79033,48.25862],[-3.79561,48.26108],[-3.79725,48.26288],[-3.79714,48.2647],[-3.79545,48.26799],[-3.79154,48.27058],[-3.7894,48.27382],[-3.78963,48.27521],[-3.81066,48.28737],[-3.81577,48.29614],[-3.81444,48.30143],[-3.81565,48.31209],[-3.80664,48.31474],[-3.79768,48.31602],[-3.79255,48.3184],[-3.79093,48.3207],[-3.77175,48.31487],[-3.76028,48.30623],[-3.7528,48.30253],[-3.74544,48.3026],[-3.74103,48.30499],[-3.73275,48.30588],[-3.7254,48.30435],[-3.71795,48.29437],[-3.70827,48.28421],[-3.72194,48.2814],[-3.74154,48.28322],[-3.75217,48.28161],[-3.76559,48.26518],[-3.7681,48.26329],[-3.77473,48.26073]]]]}},{"type":"Feature","properties":{"code":"29037","nom":"Combrit","departement":"29","region":"53"},"geometry":{"type":"MultiPolygon","coordinates":[[[[-4.17594,47.90743],[-4.17533,47.90379],[-4.17141,47.89527],[-4.15969,47.89328],[-4.14412,47.89585],[-4.14068,47.89598],[-4.13834,47.89467],[-4.1266,47.88581],[-4.12327,47.87854],[-4.11297,47.86775],[-4.11325,47.86224],[-4.12023,47.86467],[-4.12558,47.8639],[-4.14024,47.85958],[-4.1513,47.85475],[-4.15615,47.85853],[-4.16289,47.85943],[-4.16634,47.85672],[-4.16982,47.86427],[-4.17177,47.87509],[-4.17857,47.8791],[-4.1848,47.88082],[-4.19464,47.88699],[-4.20295,47.88992],[-4.20783,47.89344],[-4.20902,47.89805],[-4.20211,47.90626],[-4.20045,47.91301],[-4.20085,47.91896],[-4.19388,47.92596],[-4.18875,47.9296],[-4.18015,47.92346],[-4.17239,47.91529],[-4.17327,47.91248],[-4.17766,47.9092],[-4.17799,47.90752],[-4.17594,47.90743]]]]}},{"type":"Feature","properties":{"code":"29038","nom":"Commana","departement":"29","region":"53"},"geometry":{"type":"MultiPolygon","coordinates":[[[[-4.01228,48.42583],[-4.01046,48.42992],[-4.00186,48.4301],[-3.99569,48.43101],[-3.98826,48.4332],[-3.97957,48.43768],[-3.97994,48.44269],[-3.97568,48.4477],[-3.9711,48.45049],[-3.96975,48.45001],[-3.96239,48.44624],[-3.95578,48.44397],[-3.95231,48.44356],[-3.94939,48.44134],[-3.94109,48.43771],[-3.93004,48.42934],[-3.92209,48.41659],[-3.91794,48.40562],[-3.91767,48.40256],[-3.91961,48.40179],[-3.93414,48.39186],[-3.94412,48.38362],[-3.94903,48.38401],[-3.95576,48.38283],[-3.97564,48.37461],[-3.97903,48.37433],[-3.9859,48.37717],[-4.00072,48.38509],[-4.01117,48.3965],[-4.02601,48.40881],[-4.02752,48.41211],[-4.02521,48.41508],[-4.02304,48.41626],[-4.01144,48.41787],[-4.00905,48.41888],[-4.00777,48.42395],[-4.01228,48.42583]]]]}},{"type":"Feature","properties":{"code":"29039","nom":"Concarneau","departement":"29","region":"53"},"geometry":{"type":"MultiPolygon","coordinates":[[[[-3.91695,47.8573],[-3.91147,47.86789],[-3.91101,47.87164],[-3.91012,47.87299],[-3.90739,47.87378],[-3.90755,47.8753],[-3.91163,47.87619],[-3.91733,47.87376],[-3.91693,47.87142],[-3.91562,47.86883],[-3.91652,47.86816],[-3.92109,47.86968],[-3.92112,47.86829],[-3.92206,47.87001],[-3.92619,47.86958],[-3.92986,47.87131],[-3.93087,47.87246],[-3.92914,47.87391],[-3.93089,47.87736],[-3.93058,47.87904],[-3.93434,47.88247],[-3.94374,47.88532],[-3.94764,47.88771],[-3.94494,47.89169],[-3.94112,47.89423],[-3.94602,47.90511],[-3.94805,47.9089],[-3.94992,47.91915],[-3.9491,47.92279],[-3.94596,47.92522],[-3.94113,47.9248],[-3.93198,47.92694],[-3.93109,47.92771],[-3.93135,47.93409],[-3.93744,47.93777],[-3.93879,47.93946],[-3.9337,47.9431],[-3.93042,47.94414],[-3.92151,47.94517],[-3.91799,47.94239],[-3.9075,47.93868],[-3.90184,47.93881],[-3.89269,47.93108],[-3.88662,47.91834],[-3.89242,47.91384],[-3.89468,47.91085],[-3.87859,47.89084],[-3.87583,47.88382],[-3.86589,47.8835],[-3.85582,47.88219],[-3.84894,47.87964],[-3.84887,47.87305],[-3.8678,47.86401],[-3.88042,47.85902],[-3.88271,47.85874],[-3.88691,47.85632],[-3.89613,47.84936],[-3.90222,47.84996],[-3.91051,47.85207],[-3.91695,47.8573]]]]}},{"type":"Feature","properties":{"code":"29132","nom":"Locquénolé","departement":"29","region":"53"},"geometry":{"type":"MultiPolygon","coordinates":[[[[-3.85833,48.62896],[-3.85711,48.62625],[-3.85672,48.62027],[-3.85827,48.61832],[-3.87076,48.62172],[-3.87112,48.62646],[-3.85833,48.62896]]]]}},{"type":"Feature","properties":{"code":"29040","nom":"Le Conquet","departement":"29","region":"53"},"geometry":{"type":"MultiPolygon","coordinates":[[[[-4.74539,48.35627],[-4.7444,48.35476],[-4.74452,48.34349],[-4.74902,48.34151],[-4.77136,48.33528],[-4.77317,48.34616],[-4.77469,48.35052],[-4.78054,48.3569],[-4.78014,48.3609],[-4.77439,48.36442],[-4.76914,48.36528],[-4.76494,48.36817],[-4.7605,48.37364],[-4.7614,48.37551],[-4.76087,48.3784],[-4.75286,48.37481],[-4.74648,48.36707],[-4.74714,48.36571],[-4.74924,48.36514],[-4.75059,48.36134],[-4.74539,48.35627]]]]}},{"type":"Feature","properties":{"code":"29041","nom":"Coray","departement":"29","region":"53"},"geometry":{"type":"MultiPolygon","coordinates":[[[[-3.84996,48.03839],[-3.85728,48.03807],[-3.87251,48.04401],[-3.88392,48.04608],[-3.89481,48.04621],[-3.90152,48.04426],[-3.90828,48.04542],[-3.91354,48.04736],[-3.91541,48.05491],[-3.90411,48.06033],[-3.88612,48.07078],[-3.88113,48.07696],[-3.8707,48.08081],[-3.86592,48.08344],[-3.86335,48.08587],[-3.85713,48.09427],[-3.85282,48.09778],[-3.84985,48.09953],[-3.84113,48.09986],[-3.83578,48.10299],[-3.81149,48.07693],[-3.80991,48.06661],[-3.81208,48.06683],[-3.81614,48.05581],[-3.82944,48.04833],[-3.84344,48.04217],[-3.84594,48.04176],[-3.84996,48.03839]]]]}},{"type":"Feature","properties":{"code":"29042","nom":"Crozon","departement":"29","region":"53"},"geometry":{"type":"MultiPolygon","coordinates":[[[[-4.50183,48.22975],[-4.50401,48.22516],[-4.50184,48.2239],[-4.49472,48.2229],[-4.49334,48.22422],[-4.49346,48.22576],[-4.49318,48.22407],[-4.49575,48.21904],[-4.49946,48.21644],[-4.50939,48.21276],[-4.51412,48.20673],[-4.51562,48.2003],[-4.51958,48.19346],[-4.52618,48.18668],[-4.54029,48.18092],[-4.53954,48.17045],[-4.54342,48.1687],[-4.55118,48.16822],[-4.55487,48.16871],[-4.55761,48.17017],[-4.55968,48.17588],[-4.55173,48.18787],[-4.55138,48.19846],[-4.55264,48.20607],[-4.55863,48.22214],[-4.56549,48.23224],[-4.56362,48.23594],[-4.54548,48.24041],[-4.54442,48.24166],[-4.54394,48.24601],[-4.54429,48.24828],[-4.54849,48.25449],[-4.557,48.25869],[-4.55686,48.25884],[-4.55426,48.2613],[-4.55308,48.26541],[-4.55427,48.26997],[-4.56124,48.27794],[-4.56483,48.28433],[-4.56554,48.28496],[-4.56624,48.28419],[-4.56704,48.2861],[-4.56608,48.28845],[-4.56736,48.29198],[-4.5643,48.29491],[-4.56239,48.29535],[-4.5566,48.29516],[-4.55537,48.29369],[-4.55324,48.29478],[-4.54885,48.29224],[-4.54233,48.29022],[-4.53996,48.29075],[-4.53867,48.29309],[-4.53773,48.29276],[-4.53866,48.29085],[-4.54126,48.28928],[-4.54132,48.28751],[-4.53846,48.28512],[-4.53514,48.28417],[-4.52751,48.2868],[-4.52229,48.29003],[-4.52172,48.29145],[-4.52317,48.29271],[-4.51952,48.2983],[-4.50835,48.31036],[-4.49951,48.31118],[-4.49577,48.30996],[-4.49567,48.30781],[-4.49594,48.30949],[-4.49959,48.31062],[-4.50148,48.30581],[-4.49812,48.30469],[-4.49692,48.30556],[-4.49753,48.30473],[-4.49811,48.30459],[-4.50173,48.30562],[-4.51772,48.29337],[-4.50907,48.28438],[-4.50321,48.28106],[-4.49708,48.27489],[-4.47574,48.26896],[-4.46403,48.26231],[-4.44903,48.25976],[-4.43249,48.26012],[-4.40332,48.26556],[-4.38523,48.2676],[-4.38428,48.27508],[-4.36714,48.27787],[-4.36556,48.26655],[-4.36751,48.26022],[-4.37234,48.25542],[-4.38589,48.24969],[-4.39362,48.24386],[-4.40499,48.22254],[-4.41445,48.22606],[-4.42851,48.23453],[-4.43465,48.23512],[-4.44188,48.23439],[-4.4457,48.23481],[-4.46564,48.23889],[-4.47351,48.2367],[-4.48916,48.23625],[-4.49815,48.23317],[-4.50183,48.22975]]]]}},{"type":"Feature","properties":{"code":"29043","nom":"Daoulas","departement":"29","region":"53"},"geometry":{"type":"MultiPolygon","coordinates":[[[[-4.24692,48.34681],[-4.25956,48.34242],[-4.27793,48.34463],[-4.26904,48.35794],[-4.27442,48.36636],[-4.2725,48.37185],[-4.26991,48.37059],[-4.26327,48.37043],[-4.25939,48.37153],[-4.25792,48.37362],[-4.25618,48.37275],[-4.25166,48.36625],[-4.24956,48.35034],[-4.24692,48.34681]]]]}},{"type":"Feature","properties":{"code":"29044","nom":"Dinéault","departement":"29","region":"53"},"geometry":{"type":"MultiPolygon","coordinates":[[[[-4.10902,48.20662],[-4.11133,48.19222],[-4.12225,48.18916],[-4.12652,48.18519],[-4.13353,48.18478],[-4.15644,48.18578],[-4.17964,48.19319],[-4.18405,48.19553],[-4.18984,48.20149],[-4.19181,48.20249],[-4.22864,48.20553],[-4.24071,48.20793],[-4.24096,48.20857],[-4.2426,48.21282],[-4.2424,48.21828],[-4.24491,48.22272],[-4.24212,48.22454],[-4.2318,48.22668],[-4.2162,48.22732],[-4.21125,48.22656],[-4.20593,48.22867],[-4.20322,48.23085],[-4.20587,48.23761],[-4.20058,48.24566],[-4.20071,48.24755],[-4.18364,48.24816],[-4.15382,48.24629],[-4.15028,48.24518],[-4.14053,48.23758],[-4.13757,48.23687],[-4.13186,48.23741],[-4.1276,48.23992],[-4.1228,48.24473],[-4.11317,48.24734],[-4.11035,48.24709],[-4.10818,48.2447],[-4.10838,48.24252],[-4.11095,48.24022],[-4.11501,48.23118],[-4.11798,48.21696],[-4.11766,48.2142],[-4.11622,48.21227],[-4.11127,48.20721],[-4.10902,48.20662]]]]}},{"type":"Feature","properties":{"code":"29045","nom":"Dirinon","departement":"29","region":"53"},"geometry":{"type":"MultiPolygon","coordinates":[[[[-4.23806,48.42629],[-4.23737,48.42578],[-4.22911,48.43208],[-4.22406,48.43021],[-4.21261,48.4237],[-4.21995,48.41972],[-4.23284,48.41975],[-4.2376,48.4149],[-4.23699,48.40939],[-4.23368,48.40087],[-4.23435,48.39851],[-4.23685,48.39349],[-4.24572,48.38584],[-4.25561,48.38364],[-4.25725,48.38214],[-4.25905,48.3738],[-4.25792,48.37362],[-4.25939,48.37153],[-4.26327,48.37043],[-4.26991,48.37059],[-4.2725,48.37185],[-4.27442,48.36636],[-4.26904,48.35794],[-4.27467,48.3555],[-4.28628,48.35387],[-4.29473,48.35478],[-4.29793,48.35626],[-4.30236,48.3556],[-4.30378,48.3562],[-4.30586,48.36521],[-4.30478,48.36994],[-4.30174,48.3737],[-4.29515,48.37767],[-4.28548,48.3812],[-4.28184,48.3839],[-4.2819,48.386],[-4.28723,48.39893],[-4.29047,48.40268],[-4.30034,48.41098],[-4.31406,48.41569],[-4.27611,48.43871],[-4.26956,48.44177],[-4.26629,48.43643],[-4.261,48.43125],[-4.2598,48.43097],[-4.24055,48.42508],[-4.23797,48.42505],[-4.23806,48.42629]]]]}},{"type":"Feature","properties":{"code":"29046","nom":"Douarnenez","departement":"29","region":"53"},"geometry":{"type":"MultiPolygon","coordinates":[[[[-4.29682,48.09195],[-4.29227,48.08941],[-4.27692,48.08573],[-4.26963,48.07836],[-4.27991,48.07585],[-4.28888,48.0708],[-4.29174,48.05944],[-4.29881,48.04848],[-4.30246,48.04866],[-4.30661,48.051],[-4.31554,48.0567],[-4.3194,48.06042],[-4.32456,48.0666],[-4.32452,48.0735],[-4.33273,48.07086],[-4.34337,48.06495],[-4.34989,48.06328],[-4.3533,48.06317],[-4.36995,48.06812],[-4.37501,48.07382],[-4.37592,48.07586],[-4.3744,48.08216],[-4.36778,48.08226],[-4.3613,48.08088],[-4.36052,48.08588],[-4.36686,48.09062],[-4.37223,48.09608],[-4.379,48.10781],[-4.37556,48.1099],[-4.37351,48.11018],[-4.36379,48.10916],[-4.3393,48.09839],[-4.33937,48.09595],[-4.33618,48.09447],[-4.33578,48.09456],[-4.32434,48.09686],[-4.32408,48.09368],[-4.32244,48.0926],[-4.31128,48.09082],[-4.29682,48.09195]]]]}},{"type":"Feature","properties":{"code":"29047","nom":"Le Drennec","departement":"29","region":"53"},"geometry":{"type":"MultiPolygon","coordinates":[[[[-4.35706,48.51562],[-4.36521,48.51394],[-4.36767,48.51537],[-4.37023,48.51518],[-4.38702,48.52033],[-4.40134,48.53029],[-4.40177,48.5474],[-4.39421,48.55527],[-4.38697,48.54517],[-4.38556,48.54475],[-4.38176,48.54534],[-4.36912,48.55225],[-4.37147,48.54811],[-4.36438,48.54708],[-4.36763,48.54352],[-4.36893,48.54344],[-4.36072,48.52408],[-4.35896,48.51723],[-4.35706,48.51562]]]]}},{"type":"Feature","properties":{"code":"29048","nom":"Edern","departement":"29","region":"53"},"geometry":{"type":"MultiPolygon","coordinates":[[[[-3.89773,48.11871],[-3.89411,48.1014],[-3.90131,48.09777],[-3.91174,48.09823],[-3.9245,48.09683],[-3.93671,48.09757],[-3.95095,48.10682],[-3.95856,48.10857],[-3.9712,48.10165],[-3.97219,48.10026],[-3.97418,48.09409],[-3.97183,48.08926],[-3.97183,48.0855],[-3.97672,48.08281],[-3.98028,48.07679],[-3.98873,48.07367],[-3.99255,48.07662],[-3.99275,48.07928],[-3.99176,48.08762],[-3.98702,48.10221],[-3.98824,48.10844],[-3.98991,48.11006],[-3.9993,48.11125],[-4.00467,48.11049],[-4.00536,48.10982],[-4.0038,48.10826],[-4.00717,48.10689],[-4.01033,48.10617],[-4.01743,48.10649],[-4.02227,48.11742],[-4.02026,48.12206],[-4.01289,48.12782],[-4.0073,48.13793],[-4.01072,48.14398],[-3.99824,48.14309],[-3.97996,48.14527],[-3.95314,48.15215],[-3.94577,48.1528],[-3.93481,48.15211],[-3.93332,48.15156],[-3.93253,48.14973],[-3.93751,48.14241],[-3.92991,48.13422],[-3.92326,48.12783],[-3.91741,48.12677],[-3.90894,48.1264],[-3.90757,48.12488],[-3.90757,48.12135],[-3.90601,48.11963],[-3.89773,48.11871]]]]}},{"type":"Feature","properties":{"code":"29049","nom":"Elliant","departement":"29","region":"53"},"geometry":{"type":"MultiPolygon","coordinates":[[[[-3.96699,47.98321],[-3.96216,48.00472],[-3.9507,48.02904],[-3.95241,48.03113],[-3.95896,48.03496],[-3.97348,48.03891],[-3.97239,48.04036],[-3.96667,48.04264],[-3.96278,48.04311],[-3.95076,48.04269],[-3.93998,48.0489],[-3.92993,48.05199],[-3.91541,48.05491],[-3.91354,48.04736],[-3.90828,48.04542],[-3.90152,48.04426],[-3.89481,48.04621],[-3.88392,48.04608],[-3.87251,48.04401],[-3.85728,48.03807],[-3.84996,48.03839],[-3.84612,48.03582],[-3.84438,48.02864],[-3.84815,48.01973],[-3.84721,48.0058],[-3.84573,48.00212],[-3.83984,47.99824],[-3.83717,47.99538],[-3.84302,47.98938],[-3.84913,47.9865],[-3.85608,47.97695],[-3.8565,47.97446],[-3.85463,47.97222],[-3.85642,47.96338],[-3.85988,47.96073],[-3.86473,47.95978],[-3.86994,47.95978],[-3.87519,47.96261],[-3.88235,47.96464],[-3.89876,47.96666],[-3.92124,47.97526],[-3.92741,47.97695],[-3.94626,47.97985],[-3.95159,47.98132],[-3.96699,47.98321]]]]}},{"type":"Feature","properties":{"code":"29051","nom":"Ergué-Gabéric","departement":"29","region":"53"},"geometry":{"type":"MultiPolygon","coordinates":[[[[-3.96216,48.00472],[-3.96699,47.98321],[-3.97868,47.98401],[-3.98063,47.98362],[-3.9985,47.98836],[-4.0157,47.98841],[-4.01804,47.98997],[-4.02617,47.99206],[-4.05708,47.99337],[-4.06836,47.99177],[-4.07172,47.99393],[-4.06937,47.99355],[-4.06636,47.99529],[-4.06383,48.00721],[-4.06209,48.01549],[-4.05624,48.03041],[-4.06025,48.03449],[-4.05851,48.03463],[-4.04948,48.03352],[-4.0472,48.03433],[-4.04259,48.03402],[-4.03245,48.03215],[-4.02124,48.03194],[-4.01382,48.03283],[-4.00416,48.03785],[-3.99032,48.03899],[-3.97691,48.03613],[-3.97348,48.03891],[-3.95896,48.03496],[-3.95241,48.03113],[-3.9507,48.02904],[-3.96216,48.00472]]]]}},{"type":"Feature","properties":{"code":"29053","nom":"Le Faou","departement":"29","region":"53"},"geometry":{"type":"MultiPolygon","coordinates":[[[[-4.15649,48.28513],[-4.15476,48.28639],[-4.14826,48.28471],[-4.14678,48.28346],[-4.1504,48.28123],[-4.15649,48.28513]]],[[[-4.09172,48.30735],[-4.10027,48.30607],[-4.10192,48.30666],[-4.11033,48.30587],[-4.11863,48.30403],[-4.12896,48.30042],[-4.15257,48.29626],[-4.16027,48.29885],[-4.16405,48.29816],[-4.17097,48.28984],[-4.16901,48.28583],[-4.17384,48.28446],[-4.18115,48.28519],[-4.19598,48.29171],[-4.18646,48.29651],[-4.19324,48.2975],[-4.1881,48.30321],[-4.17336,48.30102],[-4.16219,48.30282],[-4.15331,48.30821],[-4.14883,48.31222],[-4.14653,48.317],[-4.14068,48.32043],[-4.12665,48.32354],[-4.11644,48.32198],[-4.10658,48.31855],[-4.09368,48.31126],[-4.08851,48.31015],[-4.09172,48.30735]]]]}},{"type":"Feature","properties":{"code":"29054","nom":"La Feuillée","departement":"29","region":"53"},"geometry":{"type":"MultiPolygon","coordinates":[[[[-3.89629,48.38645],[-3.90959,48.3962],[-3.91961,48.40179],[-3.91767,48.40256],[-3.88662,48.41313],[-3.84624,48.42186],[-3.84522,48.41978],[-3.82124,48.39778],[-3.80719,48.38781],[-3.8003,48.37956],[-3.79744,48.37255],[-3.7987,48.37226],[-3.80171,48.36859],[-3.80387,48.36464],[-3.80191,48.36283],[-3.82442,48.36031],[-3.83745,48.36224],[-3.84173,48.36761],[-3.85137,48.37318],[-3.85684,48.37223],[-3.864,48.37379],[-3.87107,48.37989],[-3.8746,48.38161],[-3.88971,48.38719],[-3.89301,48.38771],[-3.89629,48.38645]]]]}},{"type":"Feature","properties":{"code":"29055","nom":"Le Folgoët","departement":"29","region":"53"},"geometry":{"type":"MultiPolygon","coordinates":[[[[-4.33195,48.57029],[-4.32965,48.56233],[-4.32972,48.55753],[-4.33091,48.55439],[-4.3476,48.54957],[-4.35391,48.54985],[-4.36438,48.54708],[-4.37147,48.54811],[-4.36912,48.55225],[-4.36705,48.55701],[-4.36712,48.57074],[-4.36872,48.57311],[-4.37378,48.57527],[-4.37521,48.57765],[-4.37502,48.57804],[-4.37338,48.58348],[-4.36893,48.58845],[-4.35808,48.58356],[-4.33329,48.57663],[-4.33591,48.57306],[-4.33313,48.56968],[-4.33195,48.57029]]]]}},{"type":"Feature","properties":{"code":"29056","nom":"La Forest-Landerneau","departement":"29","region":"53"},"geometry":{"type":"MultiPolygon","coordinates":[[[[-4.28195,48.4412],[-4.27754,48.44022],[-4.29076,48.43528],[-4.30482,48.42551],[-4.32831,48.41797],[-4.33874,48.42357],[-4.34204,48.43485],[-4.33973,48.43526],[-4.32873,48.44572],[-4.31255,48.44718],[-4.30124,48.44604],[-4.29831,48.44504],[-4.29411,48.44539],[-4.28195,48.4412]]]]}},{"type":"Feature","properties":{"code":"29057","nom":"La Forêt-Fouesnant","departement":"29","region":"53"},"geometry":{"type":"MultiPolygon","coordinates":[[[[-3.99021,47.89708],[-3.9916,47.90643],[-3.99544,47.91379],[-3.99622,47.92644],[-3.98363,47.94256],[-3.97719,47.94535],[-3.96045,47.94325],[-3.93879,47.93946],[-3.93744,47.93777],[-3.93135,47.93409],[-3.93109,47.92771],[-3.93198,47.92694],[-3.94113,47.9248],[-3.94596,47.92522],[-3.9491,47.92279],[-3.94992,47.91915],[-3.94805,47.9089],[-3.94602,47.90511],[-3.95171,47.89584],[-3.96767,47.89633],[-3.98336,47.89387],[-3.98949,47.89583],[-3.99021,47.89708]]]]}},{"type":"Feature","properties":{"code":"29058","nom":"Fouesnant","departement":"29","region":"53"},"geometry":{"type":"MultiPolygon","coordinates":[[[[-3.98523,47.87457],[-3.98579,47.86628],[-3.98405,47.86138],[-3.97775,47.85651],[-4.00296,47.85145],[-4.02724,47.85016],[-4.03541,47.848],[-4.04026,47.84443],[-4.0415,47.84524],[-4.04797,47.85114],[-4.05878,47.85668],[-4.06276,47.86023],[-4.06585,47.86434],[-4.06749,47.87083],[-4.06159,47.87593],[-4.05689,47.87704],[-4.04607,47.87728],[-4.03919,47.87974],[-4.03718,47.88123],[-4.03495,47.88514],[-4.03113,47.88833],[-4.02698,47.89],[-4.02166,47.89514],[-4.02554,47.90109],[-4.0219,47.91269],[-4.02064,47.92282],[-4.01608,47.92368],[-4.01675,47.92467],[-4.01579,47.92574],[-4.01126,47.92715],[-3.99622,47.92644],[-3.99544,47.91379],[-3.9916,47.90643],[-3.99021,47.89708],[-3.99203,47.89677],[-3.99155,47.8946],[-3.98751,47.89097],[-3.99,47.88271],[-3.98523,47.87457]]]]}},{"type":"Feature","properties":{"code":"29059","nom":"Garlan","departement":"29","region":"53"},"geometry":{"type":"MultiPolygon","coordinates":[[[[-3.7909,48.58136],[-3.79025,48.58697],[-3.78741,48.59199],[-3.78413,48.59407],[-3.78345,48.59624],[-3.78661,48.60533],[-3.79191,48.61222],[-3.78418,48.61291],[-3.77825,48.61652],[-3.76884,48.62658],[-3.75383,48.62865],[-3.75044,48.63145],[-3.74386,48.62283],[-3.74667,48.61093],[-3.74819,48.60664],[-3.74249,48.59301],[-3.75092,48.58836],[-3.75573,48.58706],[-3.78054,48.58116],[-3.79047,48.57948],[-3.7909,48.58136]]]]}},{"type":"Feature","properties":{"code":"29060","nom":"Gouesnach","departement":"29","region":"53"},"geometry":{"type":"MultiPolygon","coordinates":[[[[-4.07568,47.91938],[-4.08235,47.91772],[-4.09576,47.91782],[-4.09583,47.91494],[-4.09031,47.90499],[-4.09101,47.90129],[-4.09701,47.89886],[-4.10413,47.89893],[-4.11627,47.89681],[-4.12304,47.89337],[-4.12797,47.89271],[-4.14167,47.90258],[-4.14416,47.91062],[-4.14366,47.91379],[-4.13907,47.92198],[-4.13072,47.92924],[-4.11767,47.93011],[-4.11449,47.93124],[-4.11117,47.93482],[-4.10961,47.93868],[-4.1052,47.94235],[-4.09606,47.9409],[-4.08948,47.93775],[-4.0797,47.9353],[-4.07533,47.92119],[-4.07568,47.91938]]]]}},{"type":"Feature","properties":{"code":"29061","nom":"Gouesnou","departement":"29","region":"53"},"geometry":{"type":"MultiPolygon","coordinates":[[[[-4.45911,48.42484],[-4.46035,48.4241],[-4.46584,48.42679],[-4.47126,48.42807],[-4.47338,48.42762],[-4.47317,48.43048],[-4.47752,48.43645],[-4.48456,48.44111],[-4.49259,48.45398],[-4.49054,48.45366],[-4.47891,48.4646],[-4.47841,48.46621],[-4.47976,48.46826],[-4.4711,48.47013],[-4.4651,48.46387],[-4.46475,48.46059],[-4.46362,48.45716],[-4.4606,48.45699],[-4.44785,48.45516],[-4.44114,48.45585],[-4.43679,48.45804],[-4.4309,48.45915],[-4.43508,48.44613],[-4.44145,48.44122],[-4.44408,48.4355],[-4.4428,48.43379],[-4.44128,48.43284],[-4.45911,48.42484]]]]}},{"type":"Feature","properties":{"code":"29062","nom":"Gouézec","departement":"29","region":"53"},"geometry":{"type":"MultiPolygon","coordinates":[[[[-3.9343,48.19],[-3.93189,48.18771],[-3.92803,48.17486],[-3.92169,48.17158],[-3.92268,48.1642],[-3.92597,48.15857],[-3.93481,48.15211],[-3.94577,48.1528],[-3.95314,48.15215],[-3.97996,48.14527],[-3.99824,48.14309],[-4.01072,48.14398],[-4.01342,48.15248],[-4.01696,48.15931],[-4.01531,48.16563],[-4.01148,48.16995],[-4.00294,48.17647],[-4.00007,48.18072],[-4.0002,48.18332],[-4.00256,48.1858],[-4.00899,48.19757],[-4.0021,48.19917],[-3.99723,48.19823],[-3.99401,48.19589],[-3.99271,48.19117],[-3.99069,48.19038],[-3.98557,48.19073],[-3.97552,48.19624],[-3.97281,48.19945],[-3.96833,48.20175],[-3.96638,48.20192],[-3.96252,48.20062],[-3.96046,48.19707],[-3.9602,48.18876],[-3.9592,48.18743],[-3.95499,48.18707],[-3.94547,48.19008],[-3.94032,48.19081],[-3.9343,48.19]]]]}},{"type":"Feature","properties":{"code":"29063","nom":"Goulien","departement":"29","region":"53"},"geometry":{"type":"MultiPolygon","coordinates":[[[[-4.62131,48.06847],[-4.60361,48.07568],[-4.59815,48.07616],[-4.59429,48.07524],[-4.58323,48.08002],[-4.5815,48.07219],[-4.57909,48.06962],[-4.57068,48.0674],[-4.56765,48.06317],[-4.56468,48.05535],[-4.57083,48.05],[-4.58034,48.04546],[-4.58721,48.03924],[-4.59036,48.03806],[-4.59826,48.03757],[-4.61293,48.03822],[-4.61254,48.05163],[-4.62131,48.06847]]]]}},{"type":"Feature","properties":{"code":"29064","nom":"Goulven","departement":"29","region":"53"},"geometry":{"type":"MultiPolygon","coordinates":[[[[-4.2935,48.63631],[-4.27956,48.6328],[-4.27217,48.6273],[-4.27363,48.62519],[-4.27274,48.62233],[-4.27975,48.61968],[-4.28854,48.61227],[-4.29252,48.61135],[-4.30915,48.61386],[-4.31889,48.61906],[-4.32004,48.621],[-4.3116,48.63516],[-4.30275,48.63293],[-4.29656,48.63254],[-4.2935,48.63631]]]]}},{"type":"Feature","properties":{"code":"29065","nom":"Gourlizon","departement":"29","region":"53"},"geometry":{"type":"MultiPolygon","coordinates":[[[[-4.283,48.04551],[-4.26896,48.04028],[-4.25375,48.03752],[-4.24196,48.03404],[-4.23992,48.03228],[-4.24157,48.03274],[-4.24493,48.03184],[-4.24924,48.02527],[-4.25155,48.01816],[-4.26084,48.00949],[-4.2868,48.00923],[-4.28872,48.00977],[-4.29403,48.01302],[-4.28663,48.0237],[-4.29061,48.03211],[-4.283,48.04551]]]]}},{"type":"Feature","properties":{"code":"29066","nom":"Guengat","departement":"29","region":"53"},"geometry":{"type":"MultiPolygon","coordinates":[[[[-4.24196,48.03404],[-4.2342,48.04175],[-4.23075,48.04738],[-4.23195,48.05108],[-4.24024,48.0537],[-4.2431,48.05541],[-4.24516,48.05895],[-4.2441,48.06066],[-4.21684,48.06428],[-4.18891,48.06369],[-4.18539,48.0602],[-4.18066,48.04946],[-4.17662,48.04614],[-4.14795,48.03193],[-4.14874,48.0294],[-4.14626,48.02661],[-4.14212,48.02407],[-4.13433,48.02227],[-4.13206,48.01777],[-4.1433,48.01922],[-4.15238,48.01705],[-4.16038,48.01675],[-4.1651,48.01747],[-4.17112,48.02227],[-4.1768,48.02252],[-4.1821,48.02129],[-4.1982,48.03228],[-4.20658,48.03333],[-4.20983,48.03255],[-4.21154,48.02982],[-4.22174,48.02802],[-4.23713,48.03048],[-4.23992,48.03228],[-4.24196,48.03404]]]]}},{"type":"Feature","properties":{"code":"29067","nom":"Guerlesquin","departement":"29","region":"53"},"geometry":{"type":"MultiPolygon","coordinates":[[[[-3.59931,48.55848],[-3.59734,48.55616],[-3.59319,48.55447],[-3.58304,48.55415],[-3.57653,48.55507],[-3.56574,48.55239],[-3.55724,48.54647],[-3.55387,48.54092],[-3.53982,48.53821],[-3.56127,48.52441],[-3.575,48.51437],[-3.5855,48.50413],[-3.59763,48.4986],[-3.59879,48.49889],[-3.60916,48.51163],[-3.61639,48.51644],[-3.6174,48.53402],[-3.61962,48.53707],[-3.62575,48.54069],[-3.62648,48.54196],[-3.61162,48.54717],[-3.6084,48.55003],[-3.6059,48.55605],[-3.60215,48.5592],[-3.59931,48.55848]]]]}},{"type":"Feature","properties":{"code":"29068","nom":"Guiclan","departement":"29","region":"53"},"geometry":{"type":"MultiPolygon","coordinates":[[[[-4.02851,48.53558],[-4.02347,48.53956],[-4.02154,48.55088],[-4.01727,48.55492],[-4.00398,48.56218],[-3.99435,48.56569],[-3.98912,48.56554],[-3.98606,48.56232],[-3.98149,48.5628],[-3.97558,48.56695],[-3.97257,48.57649],[-3.96805,48.57884],[-3.95677,48.58252],[-3.95146,48.58429],[-3.93502,48.59807],[-3.92888,48.59244],[-3.92483,48.58412],[-3.92612,48.58142],[-3.93027,48.57294],[-3.93457,48.55817],[-3.93949,48.55175],[-3.95432,48.5396],[-3.95813,48.53487],[-3.95792,48.52635],[-3.97284,48.5094],[-3.97842,48.49893],[-3.99618,48.50108],[-4.01651,48.5016],[-4.02915,48.50634],[-4.02343,48.52002],[-4.02318,48.52587],[-4.02349,48.53421],[-4.02851,48.53558]]]]}},{"type":"Feature","properties":{"code":"29069","nom":"Guilers","departement":"29","region":"53"},"geometry":{"type":"MultiPolygon","coordinates":[[[[-4.57911,48.43609],[-4.57294,48.44041],[-4.56066,48.4446],[-4.55351,48.44338],[-4.54972,48.44158],[-4.54713,48.43755],[-4.54473,48.43529],[-4.54226,48.43455],[-4.5396,48.43522],[-4.53796,48.43388],[-4.53746,48.42568],[-4.53524,48.42403],[-4.53082,48.41555],[-4.52495,48.40926],[-4.52492,48.4065],[-4.52354,48.40479],[-4.52358,48.40474],[-4.53415,48.40238],[-4.54292,48.40252],[-4.545,48.40288],[-4.55838,48.39795],[-4.56892,48.39278],[-4.56969,48.39249],[-4.57583,48.39463],[-4.57661,48.40144],[-4.57906,48.40411],[-4.58741,48.40951],[-4.59143,48.41041],[-4.59089,48.41184],[-4.59385,48.41784],[-4.60151,48.4272],[-4.59932,48.42838],[-4.57911,48.43609]]]]}},{"type":"Feature","properties":{"code":"29070","nom":"Guiler-sur-Goyen","departement":"29","region":"53"},"geometry":{"type":"MultiPolygon","coordinates":[[[[-4.37052,48.00522],[-4.38686,48.00919],[-4.3888,48.01044],[-4.38753,48.01389],[-4.39104,48.02233],[-4.38708,48.03109],[-4.38448,48.0335],[-4.37985,48.03541],[-4.37003,48.03455],[-4.36818,48.03265],[-4.36784,48.02636],[-4.36399,48.0247],[-4.33186,48.024],[-4.32993,48.01686],[-4.32714,48.01265],[-4.32722,48.01069],[-4.33394,48.0035],[-4.3378,48.0024],[-4.35419,48.00132],[-4.36424,48.00316],[-4.37052,48.00522]]]]}},{"type":"Feature","properties":{"code":"29071","nom":"Guilligomarc'h","departement":"29","region":"53"},"geometry":{"type":"MultiPolygon","coordinates":[[[[-3.39301,47.951],[-3.40122,47.94532],[-3.40172,47.94348],[-3.40014,47.93979],[-3.39374,47.93309],[-3.38831,47.92981],[-3.38686,47.92561],[-3.39246,47.91989],[-3.39663,47.91801],[-3.40081,47.91899],[-3.40662,47.91734],[-3.4069,47.9186],[-3.40916,47.92005],[-3.4207,47.92511],[-3.42674,47.92635],[-3.43907,47.92699],[-3.45164,47.9192],[-3.45874,47.92344],[-3.46021,47.93132],[-3.45864,47.93361],[-3.46147,47.93809],[-3.47016,47.94346],[-3.46935,47.94509],[-3.46764,47.94576],[-3.46682,47.94545],[-3.464,47.94709],[-3.4543,47.95698],[-3.44133,47.96045],[-3.42611,47.9661],[-3.41714,47.97294],[-3.41067,47.97087],[-3.40358,47.96697],[-3.39301,47.951]]]]}},{"type":"Feature","properties":{"code":"29072","nom":"Guilvinec","departement":"29","region":"53"},"geometry":{"type":"MultiPolygon","coordinates":[[[[-4.3015,47.80129],[-4.29678,47.80581],[-4.29169,47.80705],[-4.28411,47.80623],[-4.27732,47.80653],[-4.27521,47.80755],[-4.27375,47.80706],[-4.27426,47.80415],[-4.27258,47.80072],[-4.27482,47.79923],[-4.27703,47.79593],[-4.28778,47.79253],[-4.29403,47.79378],[-4.29353,47.79694],[-4.29648,47.79922],[-4.3015,47.80129]]]]}},{"type":"Feature","properties":{"code":"29073","nom":"Guimaëc","departement":"29","region":"53"},"geometry":{"type":"MultiPolygon","coordinates":[[[[-3.74009,48.67746],[-3.73886,48.67904],[-3.74119,48.68783],[-3.74652,48.70694],[-3.74818,48.70779],[-3.73342,48.70768],[-3.71954,48.70506],[-3.71678,48.70321],[-3.71297,48.69807],[-3.70215,48.69029],[-3.70027,48.68905],[-3.70162,48.68312],[-3.69823,48.67996],[-3.69466,48.67811],[-3.68958,48.67882],[-3.68396,48.68207],[-3.67359,48.68154],[-3.66084,48.67364],[-3.65379,48.66647],[-3.66156,48.6556],[-3.66354,48.65387],[-3.67547,48.65633],[-3.68277,48.65639],[-3.68552,48.65926],[-3.68508,48.66113],[-3.68722,48.66442],[-3.69738,48.66769],[-3.70648,48.66729],[-3.71573,48.66229],[-3.7196,48.65851],[-3.72358,48.66141],[-3.72747,48.66608],[-3.73023,48.67155],[-3.73324,48.67434],[-3.7358,48.67619],[-3.74009,48.67746]]]]}},{"type":"Feature","properties":{"code":"29074","nom":"Guimiliau","departement":"29","region":"53"},"geometry":{"type":"MultiPolygon","coordinates":[[[[-3.97317,48.46502],[-3.98462,48.47124],[-3.98708,48.47039],[-3.99197,48.46667],[-3.99786,48.46513],[-4.01061,48.46593],[-4.01519,48.46485],[-4.01705,48.46358],[-4.02217,48.47466],[-4.01408,48.4842],[-4.0137,48.48918],[-4.01651,48.5016],[-3.99618,48.50108],[-3.97842,48.49893],[-3.98115,48.49317],[-3.98172,48.48828],[-3.98034,48.48413],[-3.97658,48.48108],[-3.96997,48.47083],[-3.97317,48.46502]]]]}},{"type":"Feature","properties":{"code":"29075","nom":"Guipavas","departement":"29","region":"53"},"geometry":{"type":"MultiPolygon","coordinates":[[[[-4.43537,48.39575],[-4.43659,48.39729],[-4.45106,48.40743],[-4.454,48.41115],[-4.45722,48.41147],[-4.45733,48.41156],[-4.45951,48.41326],[-4.45985,48.41585],[-4.4545,48.41811],[-4.45165,48.4168],[-4.45236,48.41887],[-4.45911,48.42484],[-4.44128,48.43284],[-4.4428,48.43379],[-4.44408,48.4355],[-4.44145,48.44122],[-4.43508,48.44613],[-4.4309,48.45915],[-4.42613,48.45828],[-4.42103,48.459],[-4.40277,48.46294],[-4.39864,48.46443],[-4.39001,48.46172],[-4.39047,48.45997],[-4.38758,48.46055],[-4.38625,48.4588],[-4.37476,48.4532],[-4.36255,48.45718],[-4.36153,48.45559],[-4.34784,48.45128],[-4.34458,48.43734],[-4.34204,48.43485],[-4.33874,48.42357],[-4.32831,48.41797],[-4.33787,48.41494],[-4.34247,48.41271],[-4.3583,48.40902],[-4.37635,48.40023],[-4.37965,48.40602],[-4.38827,48.4152],[-4.39036,48.41459],[-4.40336,48.41508],[-4.40516,48.4147],[-4.40489,48.414],[-4.41335,48.41137],[-4.41271,48.41029],[-4.41595,48.4099],[-4.41906,48.40965],[-4.42579,48.40303],[-4.42648,48.39926],[-4.42233,48.39845],[-4.4227,48.39689],[-4.4339,48.39595],[-4.43428,48.39614],[-4.43537,48.39575]]]]}},{"type":"Feature","properties":{"code":"29076","nom":"Milizac-Guipronvel","departement":"29","region":"53"},"geometry":{"type":"MultiPolygon","coordinates":[[[[-4.5844,48.50773],[-4.58412,48.5101],[-4.58622,48.5092],[-4.58762,48.51136],[-4.58008,48.51225],[-4.57346,48.51053],[-4.57204,48.50651],[-4.5674,48.50659],[-4.56542,48.50616],[-4.55559,48.49787],[-4.54692,48.48438],[-4.54749,48.48055],[-4.54034,48.4802],[-4.53521,48.47803],[-4.53408,48.47611],[-4.52794,48.4775],[-4.52695,48.47582],[-4.51881,48.47118],[-4.50808,48.46897],[-4.50612,48.4652],[-4.5049,48.45861],[-4.50188,48.45497],[-4.51957,48.45025],[-4.5196,48.44911],[-4.52518,48.44922],[-4.53419,48.44126],[-4.54063,48.43949],[-4.54153,48.43746],[-4.5396,48.43522],[-4.54226,48.43455],[-4.54473,48.43529],[-4.54713,48.43755],[-4.54972,48.44158],[-4.55351,48.44338],[-4.56066,48.4446],[-4.57294,48.44041],[-4.57911,48.43609],[-4.59932,48.42838],[-4.61234,48.43313],[-4.60975,48.43655],[-4.60945,48.44211],[-4.61377,48.44745],[-4.6211,48.44995],[-4.6213,48.44895],[-4.62308,48.44899],[-4.6251,48.45442],[-4.61909,48.45481],[-4.61361,48.45358],[-4.61284,48.45521],[-4.61106,48.46147],[-4.61351,48.47544],[-4.61267,48.48335],[-4.5957,48.48144],[-4.59117,48.48183],[-4.58553,48.48521],[-4.5837,48.48861],[-4.58476,48.50206],[-4.58247,48.50573],[-4.5844,48.50773]]]]}},{"type":"Feature","properties":{"code":"29077","nom":"Guissény","departement":"29","region":"53"},"geometry":{"type":"MultiPolygon","coordinates":[[[[-4.3492,48.61623],[-4.36949,48.61668],[-4.37833,48.61362],[-4.38615,48.60973],[-4.3877,48.60833],[-4.39196,48.59609],[-4.39805,48.58662],[-4.40608,48.58988],[-4.41819,48.59216],[-4.44084,48.60275],[-4.45188,48.61116],[-4.45376,48.61865],[-4.44738,48.62385],[-4.44394,48.62956],[-4.44901,48.6315],[-4.45222,48.63052],[-4.45394,48.62578],[-4.4572,48.62565],[-4.46315,48.62724],[-4.4581,48.63013],[-4.45084,48.63648],[-4.43492,48.63759],[-4.41634,48.63785],[-4.39758,48.63645],[-4.38214,48.62711],[-4.37872,48.62745],[-4.35508,48.62315],[-4.35404,48.62179],[-4.35296,48.62213],[-4.35044,48.62083],[-4.3492,48.61623]]]]}},{"type":"Feature","properties":{"code":"29078","nom":"Hanvec","departement":"29","region":"53"},"geometry":{"type":"MultiPolygon","coordinates":[[[[-4.15482,48.35357],[-4.14997,48.35485],[-4.12371,48.35748],[-4.05897,48.35158],[-4.05001,48.35738],[-4.04562,48.34839],[-4.04982,48.33917],[-4.05033,48.33582],[-4.04911,48.33104],[-4.05182,48.32409],[-4.0543,48.32149],[-4.07251,48.31029],[-4.0787,48.30938],[-4.08588,48.31098],[-4.08851,48.31015],[-4.09368,48.31126],[-4.10658,48.31855],[-4.11644,48.32198],[-4.12665,48.32354],[-4.14068,48.32043],[-4.14653,48.317],[-4.14883,48.31222],[-4.15331,48.30821],[-4.16219,48.30282],[-4.17336,48.30102],[-4.1881,48.30321],[-4.19324,48.2975],[-4.19512,48.29816],[-4.2238,48.29639],[-4.2351,48.29948],[-4.24113,48.30557],[-4.24102,48.30758],[-4.22266,48.31294],[-4.22099,48.31398],[-4.22058,48.31594],[-4.20834,48.32386],[-4.20764,48.33033],[-4.20746,48.33865],[-4.21863,48.34308],[-4.21665,48.34362],[-4.20745,48.34961],[-4.19625,48.35234],[-4.1878,48.34849],[-4.18505,48.34769],[-4.18117,48.34768],[-4.17003,48.34817],[-4.16359,48.34921],[-4.15482,48.35357]]]]}},{"type":"Feature","properties":{"code":"29079","nom":"Henvic","departement":"29","region":"53"},"geometry":{"type":"MultiPolygon","coordinates":[[[[-3.9516,48.64478],[-3.95072,48.64483],[-3.94229,48.65545],[-3.94063,48.65389],[-3.94037,48.65084],[-3.93307,48.64547],[-3.92855,48.64365],[-3.91465,48.64283],[-3.89542,48.63856],[-3.91954,48.62613],[-3.92143,48.61861],[-3.92784,48.6152],[-3.93662,48.61398],[-3.94472,48.61507],[-3.94572,48.61748],[-3.94938,48.62009],[-3.95146,48.63094],[-3.94883,48.64011],[-3.9516,48.64478]]]]}},{"type":"Feature","properties":{"code":"29080","nom":"Hôpital-Camfrout","departement":"29","region":"53"},"geometry":{"type":"MultiPolygon","coordinates":[[[[-4.22099,48.31398],[-4.24326,48.31009],[-4.25301,48.30405],[-4.27515,48.30969],[-4.27998,48.31212],[-4.28123,48.31436],[-4.24985,48.32449],[-4.2498,48.32697],[-4.25545,48.32697],[-4.25901,48.33102],[-4.26216,48.33239],[-4.25794,48.3367],[-4.25131,48.34008],[-4.24967,48.34013],[-4.24629,48.33887],[-4.2325,48.33973],[-4.21863,48.34308],[-4.20746,48.33865],[-4.20764,48.33033],[-4.20834,48.32386],[-4.22058,48.31594],[-4.22099,48.31398]]]]}},{"type":"Feature","properties":{"code":"29081","nom":"Huelgoat","departement":"29","region":"53"},"geometry":{"type":"MultiPolygon","coordinates":[[[[-3.737,48.3457],[-3.74011,48.34581],[-3.74396,48.34714],[-3.75658,48.34742],[-3.76822,48.3467],[-3.77489,48.34768],[-3.78587,48.35261],[-3.80191,48.36283],[-3.80387,48.36464],[-3.80171,48.36859],[-3.7987,48.37226],[-3.79744,48.37255],[-3.79039,48.36911],[-3.77795,48.36641],[-3.77322,48.36714],[-3.76853,48.37438],[-3.76659,48.3751],[-3.76275,48.37623],[-3.74194,48.37797],[-3.73974,48.37603],[-3.73849,48.37268],[-3.73454,48.36796],[-3.73283,48.36673],[-3.72968,48.36648],[-3.72461,48.36697],[-3.72252,48.36815],[-3.72512,48.37215],[-3.72267,48.37427],[-3.72012,48.375],[-3.71713,48.37451],[-3.71501,48.36244],[-3.73734,48.34782],[-3.737,48.3457]]]]}},{"type":"Feature","properties":{"code":"29082","nom":"Île-de-Batz","departement":"29","region":"53"},"geometry":{"type":"MultiPolygon","coordinates":[[[[-4.04071,48.74588],[-4.01995,48.75257],[-4.01079,48.75272],[-4.00585,48.75047],[-3.99389,48.74261],[-4.00169,48.74127],[-4.00916,48.74319],[-4.02587,48.74088],[-4.03795,48.74401],[-4.04071,48.74588]]]]}},{"type":"Feature","properties":{"code":"29083","nom":"Île-de-Sein","departement":"29","region":"53"},"geometry":{"type":"MultiPolygon","coordinates":[[[[-4.87129,48.04055],[-4.86509,48.04292],[-4.85264,48.03894],[-4.84764,48.03225],[-4.85033,48.0328],[-4.85291,48.03505],[-4.87129,48.04055]]]]}},{"type":"Feature","properties":{"code":"29084","nom":"Île-Molène","departement":"29","region":"53"},"geometry":{"type":"MultiPolygon","coordinates":[[[[-4.96712,48.3983],[-4.96263,48.40063],[-4.95803,48.40169],[-4.95417,48.39601],[-4.95389,48.39347],[-4.95507,48.39218],[-4.95886,48.39033],[-4.96271,48.39121],[-4.96405,48.39216],[-4.96712,48.3983]]]]}},{"type":"Feature","properties":{"code":"29085","nom":"Île-Tudy","departement":"29","region":"53"},"geometry":{"type":"MultiPolygon","coordinates":[[[[-4.16634,47.85672],[-4.16289,47.85943],[-4.15615,47.85853],[-4.1513,47.85475],[-4.16354,47.84804],[-4.16813,47.83938],[-4.16997,47.84142],[-4.16482,47.85202],[-4.16634,47.85672]]]]}},{"type":"Feature","properties":{"code":"29086","nom":"Irvillac","departement":"29","region":"53"},"geometry":{"type":"MultiPolygon","coordinates":[[[[-4.25166,48.36625],[-4.23553,48.37177],[-4.22672,48.37693],[-4.21641,48.38571],[-4.21117,48.39237],[-4.2076,48.39447],[-4.19258,48.39629],[-4.17925,48.39596],[-4.18103,48.39393],[-4.17521,48.39064],[-4.16227,48.38651],[-4.14247,48.37481],[-4.14907,48.37426],[-4.15466,48.37208],[-4.15938,48.36945],[-4.16735,48.36133],[-4.16372,48.35589],[-4.15901,48.35617],[-4.15534,48.35467],[-4.15482,48.35357],[-4.16359,48.34921],[-4.17003,48.34817],[-4.18117,48.34768],[-4.18505,48.34769],[-4.1878,48.34849],[-4.19625,48.35234],[-4.20745,48.34961],[-4.21665,48.34362],[-4.21863,48.34308],[-4.2325,48.33973],[-4.24629,48.33887],[-4.24967,48.34013],[-4.24618,48.34473],[-4.24692,48.34681],[-4.24956,48.35034],[-4.25166,48.36625]]]]}},{"type":"Feature","properties":{"code":"29087","nom":"Le Juch","departement":"29","region":"53"},"geometry":{"type":"MultiPolygon","coordinates":[[[[-4.29881,48.04848],[-4.29174,48.05944],[-4.28888,48.0708],[-4.27991,48.07585],[-4.26963,48.07836],[-4.25596,48.0717],[-4.25087,48.06361],[-4.2441,48.06066],[-4.24516,48.05895],[-4.2431,48.05541],[-4.24024,48.0537],[-4.23195,48.05108],[-4.23075,48.04738],[-4.2342,48.04175],[-4.24196,48.03404],[-4.25375,48.03752],[-4.26896,48.04028],[-4.283,48.04551],[-4.29881,48.04848]]]]}},{"type":"Feature","properties":{"code":"29089","nom":"Kergloff","departement":"29","region":"53"},"geometry":{"type":"MultiPolygon","coordinates":[[[[-3.60021,48.27066],[-3.60703,48.26345],[-3.62536,48.26596],[-3.63904,48.26683],[-3.64859,48.26479],[-3.65153,48.26161],[-3.66285,48.25982],[-3.67752,48.26114],[-3.69605,48.26488],[-3.69185,48.27322],[-3.69286,48.27582],[-3.69286,48.27878],[-3.68568,48.28663],[-3.67971,48.29594],[-3.67015,48.29344],[-3.65986,48.29241],[-3.63313,48.30423],[-3.61499,48.30573],[-3.61228,48.30518],[-3.60656,48.28669],[-3.60416,48.28491],[-3.6,48.28392],[-3.60021,48.27066]]]]}},{"type":"Feature","properties":{"code":"29090","nom":"Kerlaz","departement":"29","region":"53"},"geometry":{"type":"MultiPolygon","coordinates":[[[[-4.28462,48.10786],[-4.26603,48.10927],[-4.25868,48.1082],[-4.25448,48.1046],[-4.2526,48.10074],[-4.24274,48.09505],[-4.23529,48.09532],[-4.23667,48.08506],[-4.23079,48.07926],[-4.2321,48.0794],[-4.25384,48.07144],[-4.25596,48.0717],[-4.26963,48.07836],[-4.27692,48.08573],[-4.29227,48.08941],[-4.29682,48.09195],[-4.28661,48.10331],[-4.28462,48.10786]]]]}},{"type":"Feature","properties":{"code":"29091","nom":"Kerlouan","departement":"29","region":"53"},"geometry":{"type":"MultiPolygon","coordinates":[[[[-4.35508,48.62315],[-4.37872,48.62745],[-4.38214,48.62711],[-4.39758,48.63645],[-4.39814,48.6382],[-4.40223,48.64063],[-4.42836,48.64674],[-4.43319,48.64933],[-4.43561,48.65379],[-4.43524,48.65513],[-4.43216,48.65566],[-4.43087,48.65435],[-4.42224,48.65318],[-4.406,48.65451],[-4.39806,48.65585],[-4.39213,48.65771],[-4.38982,48.65944],[-4.38557,48.66087],[-4.37951,48.65939],[-4.37886,48.66192],[-4.38122,48.66111],[-4.37985,48.65983],[-4.38178,48.66142],[-4.38037,48.66276],[-4.37664,48.66383],[-4.37323,48.6683],[-4.36612,48.66892],[-4.34937,48.67662],[-4.34768,48.66942],[-4.34943,48.66394],[-4.35376,48.65047],[-4.35303,48.64403],[-4.34753,48.62845],[-4.34891,48.62705],[-4.35408,48.62509],[-4.35508,48.62315]]]]}},{"type":"Feature","properties":{"code":"29093","nom":"Kernilis","departement":"29","region":"53"},"geometry":{"type":"MultiPolygon","coordinates":[[[[-4.40746,48.55962],[-4.41591,48.56097],[-4.42484,48.564],[-4.44886,48.57015],[-4.43058,48.57944],[-4.42281,48.58905],[-4.41819,48.59216],[-4.40608,48.58988],[-4.39805,48.58662],[-4.37502,48.57804],[-4.37521,48.57765],[-4.40431,48.56313],[-4.40746,48.55962]]]]}},{"type":"Feature","properties":{"code":"29094","nom":"Kernouës","departement":"29","region":"53"},"geometry":{"type":"MultiPolygon","coordinates":[[[[-4.36893,48.58845],[-4.34465,48.61514],[-4.34113,48.61465],[-4.333,48.60564],[-4.32411,48.60339],[-4.33,48.58963],[-4.33329,48.57663],[-4.35808,48.58356],[-4.36893,48.58845]]]]}},{"type":"Feature","properties":{"code":"29095","nom":"Kersaint-Plabennec","departement":"29","region":"53"},"geometry":{"type":"MultiPolygon","coordinates":[[[[-4.38758,48.46055],[-4.38405,48.46126],[-4.38293,48.4792],[-4.37638,48.48232],[-4.37602,48.48131],[-4.37344,48.48198],[-4.37061,48.48593],[-4.37404,48.49176],[-4.37441,48.4968],[-4.37323,48.49834],[-4.3709,48.4997],[-4.3647,48.49902],[-4.36159,48.50124],[-4.36057,48.50553],[-4.36521,48.51394],[-4.35706,48.51562],[-4.35446,48.51175],[-4.35311,48.50583],[-4.34772,48.50082],[-4.34695,48.5],[-4.35016,48.49494],[-4.3527,48.48782],[-4.35036,48.48169],[-4.34674,48.47802],[-4.34484,48.47729],[-4.34136,48.47321],[-4.34032,48.46893],[-4.34114,48.46533],[-4.34284,48.46363],[-4.36255,48.45718],[-4.37476,48.4532],[-4.38625,48.4588],[-4.38758,48.46055]]]]}},{"type":"Feature","properties":{"code":"29097","nom":"Lampaul-Guimiliau","departement":"29","region":"53"},"geometry":{"type":"MultiPolygon","coordinates":[[[[-4.02915,48.50634],[-4.01651,48.5016],[-4.0137,48.48918],[-4.01408,48.4842],[-4.02217,48.47466],[-4.01705,48.46358],[-4.0151,48.45769],[-4.01773,48.45405],[-4.02299,48.45397],[-4.02826,48.455],[-4.03537,48.45763],[-4.03654,48.45924],[-4.05555,48.47213],[-4.07312,48.47678],[-4.0725,48.47883],[-4.0745,48.48514],[-4.07954,48.49463],[-4.04069,48.50507],[-4.02915,48.50634]]]]}},{"type":"Feature","properties":{"code":"29098","nom":"Lampaul-Plouarzel","departement":"29","region":"53"},"geometry":{"type":"MultiPolygon","coordinates":[[[[-4.7762,48.4438],[-4.77742,48.44595],[-4.7753,48.45331],[-4.76525,48.46579],[-4.7614,48.468],[-4.75877,48.46833],[-4.75744,48.46799],[-4.75675,48.46632],[-4.75993,48.46117],[-4.75981,48.45977],[-4.7618,48.45184],[-4.76117,48.45069],[-4.75643,48.44753],[-4.75448,48.44733],[-4.75059,48.44855],[-4.74552,48.44786],[-4.74859,48.43968],[-4.76155,48.43752],[-4.7723,48.441],[-4.77289,48.44323],[-4.77459,48.44424],[-4.7762,48.4438]]]]}},{"type":"Feature","properties":{"code":"29099","nom":"Lampaul-Ploudalmézeau","departement":"29","region":"53"},"geometry":{"type":"MultiPolygon","coordinates":[[[[-4.62925,48.54624],[-4.62934,48.54439],[-4.63532,48.54115],[-4.64216,48.53836],[-4.64378,48.5386],[-4.64543,48.5414],[-4.64899,48.54372],[-4.65673,48.54492],[-4.65943,48.54709],[-4.66398,48.55733],[-4.66481,48.56623],[-4.66377,48.57133],[-4.65168,48.57144],[-4.64626,48.57214],[-4.64713,48.56765],[-4.64065,48.55812],[-4.62925,48.54624]]]]}},{"type":"Feature","properties":{"code":"29100","nom":"Lanarvily","departement":"29","region":"53"},"geometry":{"type":"MultiPolygon","coordinates":[[[[-4.39421,48.55527],[-4.39607,48.55665],[-4.40746,48.55962],[-4.40431,48.56313],[-4.37521,48.57765],[-4.37378,48.57527],[-4.36872,48.57311],[-4.36712,48.57074],[-4.36705,48.55701],[-4.36912,48.55225],[-4.38176,48.54534],[-4.38556,48.54475],[-4.38697,48.54517],[-4.39421,48.55527]]]]}},{"type":"Feature","properties":{"code":"29101","nom":"Landéda","departement":"29","region":"53"},"geometry":{"type":"MultiPolygon","coordinates":[[[[-4.59451,48.57465],[-4.60313,48.57648],[-4.60864,48.57877],[-4.60602,48.59054],[-4.60803,48.59712],[-4.60317,48.60459],[-4.59817,48.6084],[-4.59696,48.6083],[-4.58914,48.60121],[-4.58456,48.59491],[-4.54192,48.59781],[-4.52851,48.59472],[-4.52763,48.59417],[-4.52879,48.59232],[-4.53975,48.58992],[-4.54719,48.58379],[-4.55806,48.57876],[-4.5657,48.57646],[-4.58543,48.58026],[-4.59306,48.57867],[-4.59451,48.57465]]]]}},{"type":"Feature","properties":{"code":"29102","nom":"Landeleau","departement":"29","region":"53"},"geometry":{"type":"MultiPolygon","coordinates":[[[[-3.70827,48.28421],[-3.69759,48.27649],[-3.69286,48.27582],[-3.69185,48.27322],[-3.69605,48.26488],[-3.70491,48.25703],[-3.7067,48.25235],[-3.70569,48.24844],[-3.69931,48.24629],[-3.6981,48.24492],[-3.69782,48.24069],[-3.70006,48.23655],[-3.70146,48.23574],[-3.70345,48.23579],[-3.70814,48.23848],[-3.71376,48.23969],[-3.71836,48.23812],[-3.72078,48.23452],[-3.71919,48.22729],[-3.71004,48.22181],[-3.70584,48.22058],[-3.70371,48.21872],[-3.70555,48.21632],[-3.71522,48.21513],[-3.72095,48.21692],[-3.72529,48.22058],[-3.73111,48.2213],[-3.73648,48.2195],[-3.73944,48.21601],[-3.74094,48.21632],[-3.75262,48.22588],[-3.76174,48.23721],[-3.76966,48.24921],[-3.77473,48.26073],[-3.7681,48.26329],[-3.76559,48.26518],[-3.75217,48.28161],[-3.74154,48.28322],[-3.72194,48.2814],[-3.70827,48.28421]]]]}},{"type":"Feature","properties":{"code":"29103","nom":"Landerneau","departement":"29","region":"53"},"geometry":{"type":"MultiPolygon","coordinates":[[[[-4.24244,48.45258],[-4.23925,48.45261],[-4.23206,48.45019],[-4.23135,48.44656],[-4.23925,48.44221],[-4.24189,48.43934],[-4.23994,48.42778],[-4.23806,48.42629],[-4.23797,48.42505],[-4.24055,48.42508],[-4.2598,48.43097],[-4.261,48.43125],[-4.26629,48.43643],[-4.26956,48.44177],[-4.26968,48.44471],[-4.27314,48.44484],[-4.27803,48.44207],[-4.27754,48.44022],[-4.28195,48.4412],[-4.29411,48.44539],[-4.29831,48.44504],[-4.30124,48.44604],[-4.30189,48.44883],[-4.30041,48.44881],[-4.29571,48.45176],[-4.29094,48.46012],[-4.29052,48.46603],[-4.29278,48.47368],[-4.28357,48.47083],[-4.28249,48.47085],[-4.27979,48.46586],[-4.27821,48.46601],[-4.26396,48.46905],[-4.25997,48.46899],[-4.25643,48.46751],[-4.25089,48.46302],[-4.23581,48.45981],[-4.23419,48.45999],[-4.24365,48.45326],[-4.24244,48.45258]]]]}},{"type":"Feature","properties":{"code":"29104","nom":"Landévennec","departement":"29","region":"53"},"geometry":{"type":"MultiPolygon","coordinates":[[[[-4.35611,48.26831],[-4.34802,48.2734],[-4.3389,48.28345],[-4.32644,48.29092],[-4.30659,48.2976],[-4.28483,48.29716],[-4.27508,48.29636],[-4.26893,48.29508],[-4.26624,48.29302],[-4.26423,48.28889],[-4.26559,48.2847],[-4.26862,48.28414],[-4.27161,48.28597],[-4.27303,48.28864],[-4.27739,48.28989],[-4.28105,48.28963],[-4.28391,48.28846],[-4.28711,48.28264],[-4.289,48.27333],[-4.30062,48.273],[-4.31813,48.26965],[-4.32832,48.26436],[-4.32909,48.26175],[-4.35444,48.2627],[-4.3566,48.26496],[-4.35611,48.26831]]]]}},{"type":"Feature","properties":{"code":"29105","nom":"Landivisiau","departement":"29","region":"53"},"geometry":{"type":"MultiPolygon","coordinates":[[[[-4.10002,48.50985],[-4.10036,48.5115],[-4.09315,48.52182],[-4.08309,48.52922],[-4.08346,48.52982],[-4.07046,48.53365],[-4.0492,48.53241],[-4.04776,48.5352],[-4.04502,48.5365],[-4.03891,48.53733],[-4.03352,48.5374],[-4.02851,48.53558],[-4.02349,48.53421],[-4.02318,48.52587],[-4.02343,48.52002],[-4.02915,48.50634],[-4.04069,48.50507],[-4.07954,48.49463],[-4.09947,48.49861],[-4.09697,48.5064],[-4.10005,48.50874],[-4.10002,48.50985]]]]}},{"type":"Feature","properties":{"code":"29106","nom":"Landrévarzec","departement":"29","region":"53"},"geometry":{"type":"MultiPolygon","coordinates":[[[[-4.102,48.10587],[-4.09142,48.11162],[-4.07901,48.12157],[-4.07301,48.12623],[-4.06674,48.11614],[-4.05952,48.111],[-4.04831,48.10743],[-4.04572,48.10249],[-4.05034,48.08211],[-4.06246,48.06819],[-4.06747,48.06033],[-4.06801,48.05839],[-4.0642,48.05145],[-4.06548,48.04979],[-4.06723,48.04943],[-4.07521,48.06067],[-4.08448,48.06451],[-4.09356,48.06555],[-4.1031,48.06378],[-4.10654,48.06474],[-4.10288,48.06659],[-4.09749,48.0796],[-4.09739,48.09568],[-4.102,48.10587]]]]}},{"type":"Feature","properties":{"code":"29107","nom":"Landudal","departement":"29","region":"53"},"geometry":{"type":"MultiPolygon","coordinates":[[[[-4.00416,48.03785],[-4.00575,48.04129],[-4.00209,48.04213],[-4.0009,48.04353],[-4.02082,48.05338],[-4.02135,48.05595],[-4.01199,48.06189],[-3.99969,48.06389],[-3.99333,48.06677],[-3.98795,48.06996],[-3.98586,48.0731],[-3.97923,48.07618],[-3.97766,48.07993],[-3.97105,48.0807],[-3.96827,48.07805],[-3.95378,48.07353],[-3.94851,48.07069],[-3.94546,48.06742],[-3.95093,48.0568],[-3.94616,48.05219],[-3.93998,48.0489],[-3.95076,48.04269],[-3.96278,48.04311],[-3.96667,48.04264],[-3.97239,48.04036],[-3.97348,48.03891],[-3.97691,48.03613],[-3.99032,48.03899],[-4.00416,48.03785]]]]}},{"type":"Feature","properties":{"code":"29108","nom":"Landudec","departement":"29","region":"53"},"geometry":{"type":"MultiPolygon","coordinates":[[[[-4.37836,47.98031],[-4.37275,47.98815],[-4.37042,47.99832],[-4.37052,48.00522],[-4.36424,48.00316],[-4.35419,48.00132],[-4.3378,48.0024],[-4.33394,48.0035],[-4.32722,48.01069],[-4.32714,48.01265],[-4.32993,48.01686],[-4.33186,48.024],[-4.3146,48.02161],[-4.30488,48.0149],[-4.29917,48.01294],[-4.29557,48.01246],[-4.29403,48.01302],[-4.28872,48.00977],[-4.29435,47.99768],[-4.29244,47.99187],[-4.28833,47.98577],[-4.30208,47.98032],[-4.32127,47.97823],[-4.34023,47.97491],[-4.34968,47.97562],[-4.35621,47.97821],[-4.36129,47.98185],[-4.36772,47.98206],[-4.37836,47.98031]]]]}},{"type":"Feature","properties":{"code":"29109","nom":"Landunvez","departement":"29","region":"53"},"geometry":{"type":"MultiPolygon","coordinates":[[[[-4.70462,48.55],[-4.70014,48.53933],[-4.70721,48.52971],[-4.71037,48.52671],[-4.71493,48.52459],[-4.71883,48.5194],[-4.71996,48.51427],[-4.71915,48.5128],[-4.72475,48.51152],[-4.73357,48.51257],[-4.73869,48.51789],[-4.74136,48.51829],[-4.74611,48.51796],[-4.75008,48.51642],[-4.75324,48.51631],[-4.75758,48.51887],[-4.76374,48.5196],[-4.7667,48.5212],[-4.76919,48.52079],[-4.7692,48.52155],[-4.76537,48.52264],[-4.76415,48.52131],[-4.76068,48.52022],[-4.75809,48.52076],[-4.76006,48.52527],[-4.75742,48.5324],[-4.75094,48.54086],[-4.7415,48.5472],[-4.73117,48.55579],[-4.72333,48.55821],[-4.71838,48.55888],[-4.70462,48.55]]]]}},{"type":"Feature","properties":{"code":"29110","nom":"Langolen","departement":"29","region":"53"},"geometry":{"type":"MultiPolygon","coordinates":[[[[-3.94546,48.06742],[-3.93565,48.07418],[-3.93549,48.08017],[-3.93698,48.08633],[-3.93594,48.0945],[-3.93671,48.09757],[-3.9245,48.09683],[-3.91174,48.09823],[-3.90131,48.09777],[-3.90379,48.09554],[-3.90372,48.09464],[-3.89894,48.08436],[-3.89437,48.08229],[-3.88811,48.08247],[-3.88254,48.08584],[-3.87549,48.08637],[-3.8707,48.08081],[-3.88113,48.07696],[-3.88612,48.07078],[-3.90411,48.06033],[-3.91541,48.05491],[-3.92993,48.05199],[-3.93998,48.0489],[-3.94616,48.05219],[-3.95093,48.0568],[-3.94546,48.06742]]]]}},{"type":"Feature","properties":{"code":"29111","nom":"Lanhouarneau","departement":"29","region":"53"},"geometry":{"type":"MultiPolygon","coordinates":[[[[-4.24547,48.56726],[-4.24091,48.57393],[-4.23861,48.57481],[-4.23885,48.5768],[-4.24298,48.57689],[-4.24395,48.58883],[-4.24529,48.59196],[-4.23634,48.59074],[-4.23043,48.58848],[-4.2122,48.58847],[-4.19575,48.59173],[-4.18204,48.58997],[-4.17018,48.59393],[-4.16607,48.58634],[-4.16984,48.57609],[-4.16883,48.56717],[-4.1723,48.56876],[-4.17589,48.56878],[-4.17726,48.56778],[-4.17904,48.55894],[-4.18166,48.55482],[-4.18413,48.55435],[-4.18662,48.5543],[-4.2106,48.55966],[-4.21368,48.56091],[-4.21506,48.56178],[-4.24122,48.56475],[-4.24547,48.56726]]]]}},{"type":"Feature","properties":{"code":"29112","nom":"Lanildut","departement":"29","region":"53"},"geometry":{"type":"MultiPolygon","coordinates":[[[[-4.72919,48.49083],[-4.71811,48.49317],[-4.70619,48.49208],[-4.70276,48.49156],[-4.70004,48.48991],[-4.69792,48.48654],[-4.69815,48.48587],[-4.70934,48.48228],[-4.72398,48.47947],[-4.72514,48.47835],[-4.72514,48.47595],[-4.72653,48.47501],[-4.75929,48.47045],[-4.76192,48.47176],[-4.76571,48.47541],[-4.76672,48.48028],[-4.74364,48.48069],[-4.73496,48.48336],[-4.72919,48.49083]]]]}},{"type":"Feature","properties":{"code":"29113","nom":"Lanmeur","departement":"29","region":"53"},"geometry":{"type":"MultiPolygon","coordinates":[[[[-3.75044,48.63145],[-3.75257,48.64362],[-3.75247,48.65841],[-3.74866,48.67241],[-3.74431,48.67624],[-3.74009,48.67746],[-3.7358,48.67619],[-3.73324,48.67434],[-3.73023,48.67155],[-3.72747,48.66608],[-3.72358,48.66141],[-3.7196,48.65851],[-3.71573,48.66229],[-3.70648,48.66729],[-3.69738,48.66769],[-3.68722,48.66442],[-3.68508,48.66113],[-3.68552,48.65926],[-3.68277,48.65639],[-3.68239,48.64952],[-3.6872,48.64288],[-3.69422,48.63731],[-3.69811,48.62919],[-3.69643,48.61852],[-3.70365,48.61483],[-3.72725,48.61102],[-3.74667,48.61093],[-3.74386,48.62283],[-3.75044,48.63145]]]]}},{"type":"Feature","properties":{"code":"29114","nom":"Lannéanou","departement":"29","region":"53"},"geometry":{"type":"MultiPolygon","coordinates":[[[[-3.65796,48.52684],[-3.65545,48.50855],[-3.64604,48.50166],[-3.63997,48.49381],[-3.63835,48.48987],[-3.64233,48.4873],[-3.64576,48.48099],[-3.64077,48.47505],[-3.65142,48.46789],[-3.65961,48.46576],[-3.66801,48.46492],[-3.67305,48.46556],[-3.6717,48.47657],[-3.67625,48.49199],[-3.6834,48.49894],[-3.68625,48.50345],[-3.68575,48.5096],[-3.6935,48.5213],[-3.69205,48.52736],[-3.69083,48.52683],[-3.68031,48.52878],[-3.65796,48.52684]]]]}},{"type":"Feature","properties":{"code":"29115","nom":"Lannédern","departement":"29","region":"53"},"geometry":{"type":"MultiPolygon","coordinates":[[[[-3.87668,48.28545],[-3.88312,48.28301],[-3.89215,48.27195],[-3.89741,48.26776],[-3.91513,48.27245],[-3.92515,48.28397],[-3.92754,48.28684],[-3.93139,48.29672],[-3.92976,48.29677],[-3.92822,48.29836],[-3.92372,48.30041],[-3.90329,48.30549],[-3.89108,48.30848],[-3.88492,48.30897],[-3.87793,48.30745],[-3.87515,48.30106],[-3.8758,48.30069],[-3.87686,48.3013],[-3.88351,48.2983],[-3.87668,48.28545]]]]}},{"type":"Feature","properties":{"code":"29116","nom":"Lanneuffret","departement":"29","region":"53"},"geometry":{"type":"MultiPolygon","coordinates":[[[[-4.21664,48.49144],[-4.21741,48.49464],[-4.21638,48.49473],[-4.20733,48.49818],[-4.20605,48.50229],[-4.20752,48.50367],[-4.20696,48.50427],[-4.20164,48.50665],[-4.19844,48.50595],[-4.19162,48.49607],[-4.19108,48.49294],[-4.20224,48.48522],[-4.20335,48.48582],[-4.20423,48.49084],[-4.21483,48.49191],[-4.21664,48.49144]]]]}},{"type":"Feature","properties":{"code":"29117","nom":"Lannilis","departement":"29","region":"53"},"geometry":{"type":"MultiPolygon","coordinates":[[[[-4.45332,48.57041],[-4.46107,48.56924],[-4.47602,48.55511],[-4.48186,48.55302],[-4.48909,48.55191],[-4.49932,48.55291],[-4.50286,48.55262],[-4.50293,48.55261],[-4.50847,48.55331],[-4.50952,48.55198],[-4.51443,48.55101],[-4.52572,48.55615],[-4.53857,48.55983],[-4.55081,48.5596],[-4.58331,48.56202],[-4.589,48.56788],[-4.59138,48.57217],[-4.59451,48.57465],[-4.59306,48.57867],[-4.58543,48.58026],[-4.5657,48.57646],[-4.55806,48.57876],[-4.54719,48.58379],[-4.53975,48.58992],[-4.52879,48.59232],[-4.52196,48.5844],[-4.51537,48.58651],[-4.51517,48.58754],[-4.50642,48.58784],[-4.50006,48.58565],[-4.4932,48.58113],[-4.48843,48.5758],[-4.48479,48.57372],[-4.47822,48.57188],[-4.4701,48.5709],[-4.45463,48.57108],[-4.45332,48.57041]]]]}},{"type":"Feature","properties":{"code":"29119","nom":"Lanrivoaré","departement":"29","region":"53"},"geometry":{"type":"MultiPolygon","coordinates":[[[[-4.63031,48.49469],[-4.61927,48.49545],[-4.61267,48.48335],[-4.61351,48.47544],[-4.61106,48.46147],[-4.61284,48.45521],[-4.61361,48.45358],[-4.61909,48.45481],[-4.6251,48.45442],[-4.62308,48.44899],[-4.62465,48.44814],[-4.62394,48.44523],[-4.62724,48.44028],[-4.64201,48.44121],[-4.64911,48.4439],[-4.66369,48.45303],[-4.65965,48.45446],[-4.65917,48.45852],[-4.65295,48.47131],[-4.65025,48.47468],[-4.64644,48.4768],[-4.64698,48.47851],[-4.64455,48.48498],[-4.63203,48.48828],[-4.63067,48.49039],[-4.63031,48.49469]]]]}},{"type":"Feature","properties":{"code":"29120","nom":"Lanvéoc","departement":"29","region":"53"},"geometry":{"type":"MultiPolygon","coordinates":[[[[-4.38428,48.27508],[-4.38523,48.2676],[-4.40332,48.26556],[-4.43249,48.26012],[-4.44903,48.25976],[-4.46403,48.26231],[-4.47574,48.26896],[-4.49708,48.27489],[-4.50321,48.28106],[-4.48898,48.28274],[-4.47407,48.28654],[-4.46336,48.29166],[-4.45794,48.2931],[-4.44288,48.29153],[-4.4337,48.29154],[-4.42651,48.29012],[-4.42059,48.28796],[-4.41596,48.28133],[-4.41182,48.27714],[-4.409,48.27561],[-4.39707,48.27467],[-4.38428,48.27508]]]]}},{"type":"Feature","properties":{"code":"29122","nom":"Laz","departement":"29","region":"53"},"geometry":{"type":"MultiPolygon","coordinates":[[[[-3.86713,48.16637],[-3.83582,48.15861],[-3.82249,48.15851],[-3.82626,48.15183],[-3.82032,48.14522],[-3.78407,48.13765],[-3.77337,48.13663],[-3.76707,48.1267],[-3.76367,48.12462],[-3.76443,48.12384],[-3.77248,48.12264],[-3.78273,48.12297],[-3.79095,48.12158],[-3.80004,48.11727],[-3.83578,48.10299],[-3.83991,48.11609],[-3.84523,48.12398],[-3.86461,48.12742],[-3.87643,48.12595],[-3.88464,48.124],[-3.89773,48.11871],[-3.90601,48.11963],[-3.90757,48.12135],[-3.90757,48.12488],[-3.90894,48.1264],[-3.90495,48.1281],[-3.89737,48.12942],[-3.89265,48.14283],[-3.88612,48.1525],[-3.87639,48.16013],[-3.87021,48.16195],[-3.86713,48.16637]]]]}},{"type":"Feature","properties":{"code":"29123","nom":"Lennon","departement":"29","region":"53"},"geometry":{"type":"MultiPolygon","coordinates":[[[[-3.91329,48.24088],[-3.9118,48.24201],[-3.88524,48.23348],[-3.87336,48.2313],[-3.87293,48.22648],[-3.88021,48.21446],[-3.88356,48.20694],[-3.88263,48.20374],[-3.87444,48.19266],[-3.87276,48.18908],[-3.87348,48.18663],[-3.87583,48.18352],[-3.88074,48.18284],[-3.88728,48.184],[-3.89063,48.18334],[-3.89634,48.18106],[-3.89776,48.17914],[-3.9008,48.18009],[-3.90847,48.17907],[-3.92169,48.17158],[-3.92803,48.17486],[-3.93189,48.18771],[-3.9343,48.19],[-3.92793,48.20524],[-3.91891,48.2211],[-3.91482,48.22565],[-3.91395,48.23451],[-3.91495,48.23891],[-3.91329,48.24088]]]]}},{"type":"Feature","properties":{"code":"29124","nom":"Lesneven","departement":"29","region":"53"},"geometry":{"type":"MultiPolygon","coordinates":[[[[-4.33195,48.57029],[-4.33313,48.56968],[-4.33591,48.57306],[-4.33329,48.57663],[-4.33,48.58963],[-4.32411,48.60339],[-4.31167,48.59419],[-4.29143,48.58681],[-4.28952,48.58505],[-4.28416,48.57342],[-4.28957,48.57053],[-4.29265,48.57003],[-4.30485,48.56882],[-4.31265,48.56461],[-4.312,48.56266],[-4.3155,48.5609],[-4.32965,48.56233],[-4.33195,48.57029]]]]}},{"type":"Feature","properties":{"code":"29125","nom":"Leuhan","departement":"29","region":"53"},"geometry":{"type":"MultiPolygon","coordinates":[[[[-3.72337,48.12494],[-3.7287,48.11442],[-3.7308,48.10137],[-3.73332,48.0964],[-3.73388,48.0948],[-3.74001,48.09135],[-3.75028,48.08901],[-3.77023,48.08624],[-3.77949,48.07764],[-3.78808,48.0749],[-3.78984,48.07315],[-3.79266,48.06832],[-3.79247,48.06579],[-3.7908,48.0654],[-3.79012,48.06371],[-3.7904,48.05802],[-3.79642,48.05868],[-3.79597,48.06189],[-3.80157,48.06442],[-3.80991,48.06661],[-3.81149,48.07693],[-3.83578,48.10299],[-3.80004,48.11727],[-3.79095,48.12158],[-3.78273,48.12297],[-3.77248,48.12264],[-3.76443,48.12384],[-3.76367,48.12462],[-3.75966,48.12676],[-3.74917,48.12906],[-3.72337,48.12494]]]]}},{"type":"Feature","properties":{"code":"29126","nom":"Loc-Brévalaire","departement":"29","region":"53"},"geometry":{"type":"MultiPolygon","coordinates":[[[[-4.39421,48.55527],[-4.40177,48.5474],[-4.40753,48.54713],[-4.40676,48.54873],[-4.41055,48.54926],[-4.41887,48.55326],[-4.41591,48.56097],[-4.40746,48.55962],[-4.39607,48.55665],[-4.39421,48.55527]]]]}},{"type":"Feature","properties":{"code":"29128","nom":"Loc-Eguiner","departement":"29","region":"53"},"geometry":{"type":"MultiPolygon","coordinates":[[[[-4.07954,48.49463],[-4.0745,48.48514],[-4.0725,48.47883],[-4.07312,48.47678],[-4.07628,48.45688],[-4.08287,48.45142],[-4.08546,48.45125],[-4.10239,48.45324],[-4.10543,48.46505],[-4.1069,48.47596],[-4.1048,48.4784],[-4.10977,48.4837],[-4.11934,48.4915],[-4.11894,48.49254],[-4.09947,48.49861],[-4.07954,48.49463]]]]}},{"type":"Feature","properties":{"code":"29130","nom":"Locmaria-Plouzané","departement":"29","region":"53"},"geometry":{"type":"MultiPolygon","coordinates":[[[[-4.63113,48.38452],[-4.6321,48.38272],[-4.63119,48.38097],[-4.62575,48.37706],[-4.62226,48.37145],[-4.61717,48.35765],[-4.61857,48.35254],[-4.62283,48.34772],[-4.62353,48.34148],[-4.62206,48.33865],[-4.62399,48.33763],[-4.6279,48.33761],[-4.64432,48.34526],[-4.664,48.35208],[-4.6789,48.35562],[-4.68034,48.36291],[-4.67538,48.37163],[-4.67544,48.37745],[-4.68083,48.38152],[-4.68564,48.38137],[-4.68523,48.38826],[-4.67923,48.39195],[-4.67171,48.39295],[-4.66549,48.39489],[-4.65868,48.39825],[-4.64087,48.40513],[-4.63454,48.39716],[-4.63113,48.38452]]]]}},{"type":"Feature","properties":{"code":"29131","nom":"Locmélar","departement":"29","region":"53"},"geometry":{"type":"MultiPolygon","coordinates":[[[[-4.07312,48.47678],[-4.05555,48.47213],[-4.03654,48.45924],[-4.03537,48.45763],[-4.02826,48.455],[-4.02682,48.44049],[-4.03114,48.43477],[-4.03563,48.43184],[-4.05321,48.43038],[-4.0669,48.43221],[-4.09444,48.44163],[-4.08546,48.45125],[-4.08287,48.45142],[-4.07628,48.45688],[-4.07312,48.47678]]]]}},{"type":"Feature","properties":{"code":"29133","nom":"Locquirec","departement":"29","region":"53"},"geometry":{"type":"MultiPolygon","coordinates":[[[[-3.70215,48.69029],[-3.69375,48.69082],[-3.6856,48.68859],[-3.67587,48.6874],[-3.66456,48.69232],[-3.65823,48.69482],[-3.651,48.69313],[-3.6433,48.69642],[-3.64512,48.69176],[-3.65159,48.6877],[-3.65474,48.68214],[-3.6462,48.67771],[-3.63991,48.67597],[-3.64378,48.6721],[-3.65379,48.66647],[-3.66084,48.67364],[-3.67359,48.68154],[-3.68396,48.68207],[-3.68958,48.67882],[-3.69466,48.67811],[-3.69823,48.67996],[-3.70162,48.68312],[-3.70027,48.68905],[-3.70215,48.69029]]]]}},{"type":"Feature","properties":{"code":"29134","nom":"Locronan","departement":"29","region":"53"},"geometry":{"type":"MultiPolygon","coordinates":[[[[-4.23079,48.07926],[-4.23667,48.08506],[-4.23529,48.09532],[-4.2334,48.10459],[-4.22819,48.10795],[-4.21205,48.10864],[-4.20242,48.11062],[-4.20197,48.1118],[-4.19601,48.11105],[-4.18123,48.10291],[-4.18055,48.09893],[-4.21047,48.09042],[-4.21743,48.08723],[-4.22488,48.08021],[-4.23079,48.07926]]]]}},{"type":"Feature","properties":{"code":"29135","nom":"Loctudy","departement":"29","region":"53"},"geometry":{"type":"MultiPolygon","coordinates":[[[[-4.19426,47.85291],[-4.19078,47.85185],[-4.18567,47.84347],[-4.17714,47.83698],[-4.17479,47.83805],[-4.1634,47.83414],[-4.1597,47.83096],[-4.16723,47.81599],[-4.1755,47.80868],[-4.17888,47.80416],[-4.18243,47.80167],[-4.19225,47.7974],[-4.19732,47.79775],[-4.20752,47.80044],[-4.20825,47.80143],[-4.19963,47.80664],[-4.19676,47.81462],[-4.19939,47.81963],[-4.20501,47.82606],[-4.20729,47.83142],[-4.20878,47.83561],[-4.20776,47.84275],[-4.20797,47.84469],[-4.20557,47.84986],[-4.19426,47.85291]]]]}},{"type":"Feature","properties":{"code":"29136","nom":"Locunolé","departement":"29","region":"53"},"geometry":{"type":"MultiPolygon","coordinates":[[[[-3.45164,47.9192],[-3.45906,47.90883],[-3.4679,47.90303],[-3.48234,47.90322],[-3.49362,47.90217],[-3.49388,47.90387],[-3.50567,47.91039],[-3.51667,47.923],[-3.51309,47.93047],[-3.51264,47.93798],[-3.50848,47.94486],[-3.502,47.94721],[-3.48437,47.94207],[-3.47016,47.94346],[-3.46147,47.93809],[-3.45864,47.93361],[-3.46021,47.93132],[-3.45874,47.92344],[-3.45164,47.9192]]]]}},{"type":"Feature","properties":{"code":"29137","nom":"Logonna-Daoulas","departement":"29","region":"53"},"geometry":{"type":"MultiPolygon","coordinates":[[[[-4.25545,48.32697],[-4.25685,48.32505],[-4.27319,48.3196],[-4.28144,48.31943],[-4.28341,48.32057],[-4.28301,48.32295],[-4.28431,48.32084],[-4.28224,48.31945],[-4.28319,48.31702],[-4.28974,48.31279],[-4.29325,48.31158],[-4.30647,48.31501],[-4.31115,48.31542],[-4.32425,48.31549],[-4.33118,48.31449],[-4.33437,48.3152],[-4.33455,48.31507],[-4.33397,48.31406],[-4.33417,48.31405],[-4.33482,48.31513],[-4.33671,48.31478],[-4.33626,48.31563],[-4.32801,48.31956],[-4.31862,48.32226],[-4.3168,48.32557],[-4.32191,48.32624],[-4.32211,48.32708],[-4.31887,48.32908],[-4.31386,48.32881],[-4.31178,48.32758],[-4.30897,48.32728],[-4.30581,48.32956],[-4.30291,48.33041],[-4.30263,48.33198],[-4.30186,48.3316],[-4.30243,48.33206],[-4.30525,48.33291],[-4.30759,48.33306],[-4.31618,48.33139],[-4.31765,48.33232],[-4.3173,48.33516],[-4.29704,48.33903],[-4.27793,48.34463],[-4.25956,48.34242],[-4.24692,48.34681],[-4.24618,48.34473],[-4.24967,48.34013],[-4.25131,48.34008],[-4.25794,48.3367],[-4.26216,48.33239],[-4.25901,48.33102],[-4.25545,48.32697]]]]}},{"type":"Feature","properties":{"code":"29139","nom":"Lopérec","departement":"29","region":"53"},"geometry":{"type":"MultiPolygon","coordinates":[[[[-4.0466,48.25476],[-4.04968,48.2554],[-4.0646,48.26315],[-4.06719,48.26866],[-4.06733,48.28039],[-4.06725,48.28959],[-4.06444,48.29921],[-4.06853,48.30978],[-4.07251,48.31029],[-4.0543,48.32149],[-4.05182,48.32409],[-4.04911,48.33104],[-4.05033,48.33582],[-4.04982,48.33917],[-4.04562,48.34839],[-4.05001,48.35738],[-4.04858,48.35779],[-4.04843,48.35706],[-4.04152,48.35523],[-4.02433,48.35206],[-4.0189,48.34893],[-4.01412,48.33703],[-4.01079,48.32426],[-4.00025,48.31087],[-4.00207,48.3062],[-3.9981,48.28269],[-4.00303,48.27996],[-4.02763,48.26079],[-4.03371,48.25773],[-4.0466,48.25476]]]]}},{"type":"Feature","properties":{"code":"29140","nom":"Loperhet","departement":"29","region":"53"},"geometry":{"type":"MultiPolygon","coordinates":[[[[-4.30236,48.3556],[-4.30524,48.35409],[-4.30584,48.34952],[-4.304,48.34687],[-4.30187,48.34676],[-4.31257,48.34341],[-4.32397,48.34109],[-4.32971,48.34104],[-4.33102,48.34422],[-4.33065,48.34727],[-4.32601,48.35307],[-4.32047,48.35774],[-4.31739,48.36214],[-4.31902,48.36225],[-4.32559,48.37682],[-4.33186,48.3836],[-4.34136,48.39008],[-4.34811,48.40202],[-4.32488,48.41203],[-4.31406,48.41569],[-4.30034,48.41098],[-4.29047,48.40268],[-4.28723,48.39893],[-4.2819,48.386],[-4.28184,48.3839],[-4.28548,48.3812],[-4.29515,48.37767],[-4.30174,48.3737],[-4.30478,48.36994],[-4.30586,48.36521],[-4.30378,48.3562],[-4.30236,48.3556]]]]}},{"type":"Feature","properties":{"code":"29141","nom":"Loqueffret","departement":"29","region":"53"},"geometry":{"type":"MultiPolygon","coordinates":[[[[-3.90329,48.30549],[-3.91019,48.31354],[-3.91052,48.31525],[-3.90863,48.31817],[-3.90439,48.31997],[-3.89669,48.33246],[-3.89879,48.33783],[-3.89598,48.35446],[-3.87022,48.35337],[-3.86324,48.35117],[-3.84944,48.34477],[-3.82073,48.33966],[-3.81806,48.33955],[-3.81516,48.34154],[-3.8039,48.34397],[-3.79523,48.34444],[-3.78848,48.3416],[-3.784,48.33749],[-3.7848,48.33454],[-3.79581,48.32702],[-3.79626,48.32759],[-3.80193,48.32819],[-3.8157,48.32833],[-3.83909,48.32647],[-3.84245,48.32253],[-3.84264,48.31694],[-3.84614,48.31247],[-3.85249,48.30863],[-3.87515,48.30106],[-3.87793,48.30745],[-3.88492,48.30897],[-3.89108,48.30848],[-3.90329,48.30549]]]]}},{"type":"Feature","properties":{"code":"29142","nom":"Lothey","departement":"29","region":"53"},"geometry":{"type":"MultiPolygon","coordinates":[[[[-4.0542,48.16184],[-4.04456,48.17931],[-4.0458,48.18137],[-4.04302,48.18108],[-4.04148,48.18173],[-4.03566,48.18941],[-4.03533,48.19439],[-4.03859,48.20262],[-4.03828,48.2098],[-4.03669,48.21341],[-4.03256,48.21545],[-4.02524,48.21551],[-4.02225,48.21382],[-4.02789,48.20409],[-4.02911,48.19943],[-4.02814,48.19818],[-4.02395,48.19654],[-4.00899,48.19757],[-4.00256,48.1858],[-4.0002,48.18332],[-4.00007,48.18072],[-4.00294,48.17647],[-4.01148,48.16995],[-4.01531,48.16563],[-4.01696,48.15931],[-4.05416,48.16168],[-4.0542,48.16184]]]]}},{"type":"Feature","properties":{"code":"29143","nom":"Mahalon","departement":"29","region":"53"},"geometry":{"type":"MultiPolygon","coordinates":[[[[-4.43106,48.00912],[-4.43305,48.00859],[-4.44468,48.01259],[-4.44941,48.01598],[-4.45008,48.02345],[-4.4544,48.02658],[-4.46213,48.02917],[-4.46902,48.02917],[-4.47614,48.03224],[-4.48096,48.03759],[-4.47409,48.03939],[-4.46903,48.03832],[-4.44933,48.04156],[-4.43925,48.04155],[-4.42337,48.03981],[-4.40914,48.03691],[-4.40332,48.03667],[-4.40187,48.0386],[-4.40145,48.04418],[-4.38542,48.04278],[-4.37617,48.04437],[-4.36897,48.04683],[-4.35917,48.0466],[-4.37003,48.03455],[-4.37985,48.03541],[-4.38448,48.0335],[-4.38708,48.03109],[-4.39104,48.02233],[-4.38753,48.01389],[-4.3888,48.01044],[-4.40713,48.00346],[-4.41291,48.00213],[-4.41529,48.0025],[-4.41904,48.00654],[-4.42687,48.01024],[-4.43106,48.00912]]]]}},{"type":"Feature","properties":{"code":"29144","nom":"La Martyre","departement":"29","region":"53"},"geometry":{"type":"MultiPolygon","coordinates":[[[[-4.15303,48.40482],[-4.1575,48.41104],[-4.15422,48.41745],[-4.15423,48.42072],[-4.15646,48.42349],[-4.1678,48.43168],[-4.1842,48.43257],[-4.18805,48.43194],[-4.19221,48.43003],[-4.19587,48.42693],[-4.20277,48.41767],[-4.204,48.41744],[-4.21235,48.42376],[-4.21361,48.42514],[-4.20339,48.4335],[-4.20202,48.43777],[-4.20617,48.45574],[-4.18935,48.45904],[-4.18187,48.46312],[-4.17917,48.46267],[-4.17109,48.45998],[-4.15524,48.45184],[-4.13158,48.43404],[-4.12828,48.42584],[-4.13633,48.41855],[-4.15054,48.40893],[-4.15303,48.40482]]]]}},{"type":"Feature","properties":{"code":"29145","nom":"Confort-Meilars","departement":"29","region":"53"},"geometry":{"type":"MultiPolygon","coordinates":[[[[-4.40145,48.04418],[-4.40187,48.0386],[-4.40332,48.03667],[-4.40914,48.03691],[-4.42337,48.03981],[-4.43925,48.04155],[-4.44933,48.04156],[-4.46903,48.03832],[-4.4661,48.04738],[-4.46601,48.05284],[-4.4656,48.05529],[-4.45515,48.06075],[-4.45161,48.0724],[-4.43954,48.07972],[-4.42789,48.08268],[-4.4232,48.08214],[-4.42194,48.08134],[-4.41979,48.07639],[-4.41975,48.07184],[-4.42224,48.06585],[-4.41902,48.05812],[-4.41627,48.05538],[-4.40184,48.05136],[-4.40145,48.04418]]]]}},{"type":"Feature","properties":{"code":"29146","nom":"Melgven","departement":"29","region":"53"},"geometry":{"type":"MultiPolygon","coordinates":[[[[-3.78483,47.9052],[-3.79055,47.8987],[-3.79727,47.88372],[-3.79553,47.8735],[-3.79647,47.87227],[-3.80264,47.86838],[-3.8148,47.86867],[-3.82155,47.88002],[-3.83172,47.88335],[-3.84894,47.87964],[-3.85582,47.88219],[-3.86589,47.8835],[-3.87583,47.88382],[-3.87859,47.89084],[-3.89468,47.91085],[-3.89242,47.91384],[-3.88662,47.91834],[-3.89269,47.93108],[-3.90184,47.93881],[-3.89557,47.94186],[-3.89382,47.94494],[-3.89059,47.94794],[-3.88702,47.9492],[-3.87747,47.94881],[-3.87425,47.95088],[-3.85329,47.95225],[-3.8471,47.95169],[-3.83985,47.94489],[-3.8323,47.94357],[-3.82439,47.94327],[-3.8172,47.94428],[-3.81047,47.94041],[-3.79891,47.92926],[-3.80006,47.92521],[-3.79301,47.91009],[-3.79022,47.90745],[-3.78483,47.9052]]]]}},{"type":"Feature","properties":{"code":"29147","nom":"Mellac","departement":"29","region":"53"},"geometry":{"type":"MultiPolygon","coordinates":[[[[-3.55709,47.91395],[-3.54794,47.90355],[-3.54736,47.8897],[-3.55085,47.89009],[-3.56497,47.88436],[-3.56482,47.88324],[-3.57359,47.87857],[-3.5816,47.87248],[-3.58478,47.86925],[-3.5845,47.86741],[-3.58598,47.86716],[-3.59218,47.86478],[-3.61398,47.87008],[-3.61106,47.87136],[-3.61012,47.87405],[-3.61302,47.87667],[-3.61773,47.88424],[-3.61795,47.88933],[-3.61364,47.89805],[-3.6184,47.90266],[-3.61856,47.90782],[-3.61363,47.91521],[-3.61304,47.92132],[-3.61555,47.92523],[-3.61807,47.92728],[-3.61997,47.927],[-3.61326,47.93138],[-3.60837,47.93232],[-3.59925,47.92776],[-3.59683,47.92737],[-3.56493,47.91807],[-3.55709,47.91395]]]]}},{"type":"Feature","properties":{"code":"29148","nom":"Mespaul","departement":"29","region":"53"},"geometry":{"type":"MultiPolygon","coordinates":[[[[-3.99701,48.59889],[-4.01796,48.6001],[-4.02281,48.60141],[-4.02561,48.60899],[-4.03152,48.61564],[-4.03361,48.61643],[-4.04216,48.61543],[-4.04377,48.61464],[-4.04756,48.60697],[-4.05594,48.60103],[-4.05678,48.60225],[-4.06108,48.60242],[-4.06107,48.60383],[-4.06019,48.60535],[-4.0653,48.61015],[-4.07583,48.61278],[-4.07643,48.61965],[-4.0458,48.62814],[-4.04049,48.62836],[-4.03596,48.62705],[-4.02861,48.62659],[-4.01905,48.62784],[-4.00882,48.62551],[-4.00691,48.62244],[-3.9947,48.61244],[-3.99701,48.59889]]]]}},{"type":"Feature","properties":{"code":"29150","nom":"Moëlan-sur-Mer","departement":"29","region":"53"},"geometry":{"type":"MultiPolygon","coordinates":[[[[-3.58207,47.82015],[-3.58894,47.8117],[-3.60314,47.80443],[-3.61036,47.78639],[-3.61445,47.78089],[-3.61691,47.77532],[-3.61611,47.77001],[-3.61677,47.76933],[-3.62959,47.77204],[-3.65954,47.77962],[-3.66476,47.78268],[-3.66835,47.78637],[-3.66786,47.78831],[-3.66898,47.79051],[-3.67032,47.78553],[-3.67008,47.78167],[-3.6722,47.77806],[-3.67381,47.77648],[-3.68104,47.77692],[-3.72155,47.79779],[-3.72023,47.80503],[-3.71875,47.80643],[-3.70064,47.81572],[-3.67817,47.82276],[-3.6713,47.82382],[-3.66551,47.82377],[-3.659,47.82254],[-3.652,47.8198],[-3.65121,47.82168],[-3.64696,47.82312],[-3.63628,47.83118],[-3.633,47.84069],[-3.61808,47.84472],[-3.61101,47.8418],[-3.60149,47.83959],[-3.59784,47.83916],[-3.59483,47.84014],[-3.58895,47.83863],[-3.586,47.83512],[-3.58601,47.82502],[-3.58523,47.82415],[-3.58275,47.82119],[-3.58207,47.82015]]]]}},{"type":"Feature","properties":{"code":"29151","nom":"Morlaix","departement":"29","region":"53"},"geometry":{"type":"MultiPolygon","coordinates":[[[[-3.80558,48.57136],[-3.80284,48.57064],[-3.79981,48.56714],[-3.79928,48.56519],[-3.80083,48.56344],[-3.8084,48.5649],[-3.82066,48.57353],[-3.82308,48.57258],[-3.82245,48.56847],[-3.8245,48.56623],[-3.8258,48.56601],[-3.8325,48.56781],[-3.83707,48.56786],[-3.84153,48.57054],[-3.84038,48.57737],[-3.83586,48.58393],[-3.83706,48.58682],[-3.8407,48.59403],[-3.84637,48.6016],[-3.8492,48.60369],[-3.85076,48.60636],[-3.85328,48.60809],[-3.85825,48.61573],[-3.85066,48.62379],[-3.84394,48.62808],[-3.84217,48.62765],[-3.82161,48.62903],[-3.8102,48.62696],[-3.79191,48.61222],[-3.78661,48.60533],[-3.78345,48.59624],[-3.78413,48.59407],[-3.78741,48.59199],[-3.79025,48.58697],[-3.7909,48.58136],[-3.79741,48.57913],[-3.80976,48.57794],[-3.81098,48.57706],[-3.80558,48.57136]]]]}},{"type":"Feature","properties":{"code":"29152","nom":"Motreff","departement":"29","region":"53"},"geometry":{"type":"MultiPolygon","coordinates":[[[[-3.52129,48.19759],[-3.5211,48.19557],[-3.5355,48.19252],[-3.54059,48.19339],[-3.54993,48.19274],[-3.56642,48.19008],[-3.57941,48.19737],[-3.58204,48.1998],[-3.58349,48.20344],[-3.58214,48.20992],[-3.58592,48.22216],[-3.59687,48.23567],[-3.60023,48.23776],[-3.6009,48.24161],[-3.56316,48.25096],[-3.55474,48.25451],[-3.54074,48.25306],[-3.54436,48.24812],[-3.54935,48.24418],[-3.55364,48.24222],[-3.55485,48.22733],[-3.55369,48.22298],[-3.54341,48.21198],[-3.53108,48.20575],[-3.52204,48.2039],[-3.52079,48.20284],[-3.52129,48.19759]]]]}},{"type":"Feature","properties":{"code":"29153","nom":"Névez","departement":"29","region":"53"},"geometry":{"type":"MultiPolygon","coordinates":[[[[-3.75532,47.84395],[-3.75302,47.84059],[-3.75111,47.83327],[-3.7473,47.82776],[-3.74629,47.81846],[-3.74034,47.80632],[-3.7401,47.80129],[-3.74244,47.79743],[-3.75639,47.79168],[-3.76259,47.79054],[-3.77809,47.7903],[-3.79828,47.78844],[-3.80732,47.78966],[-3.81112,47.79415],[-3.80913,47.79647],[-3.80858,47.80704],[-3.80373,47.81765],[-3.80363,47.81958],[-3.80644,47.82038],[-3.80624,47.82292],[-3.79558,47.83826],[-3.78975,47.84308],[-3.77945,47.84551],[-3.76276,47.84554],[-3.75532,47.84395]]]]}},{"type":"Feature","properties":{"code":"29155","nom":"Ouessant","departement":"29","region":"53"},"geometry":{"type":"MultiPolygon","coordinates":[[[[-5.14071,48.44973],[-5.12807,48.46058],[-5.11837,48.46352],[-5.10777,48.47059],[-5.08952,48.47318],[-5.082,48.47291],[-5.07665,48.47433],[-5.07126,48.4791],[-5.07162,48.48012],[-5.07367,48.48],[-5.0756,48.48099],[-5.07435,48.48326],[-5.06788,48.48211],[-5.05798,48.47638],[-5.05322,48.47274],[-5.04219,48.46176],[-5.0503,48.45627],[-5.05615,48.45355],[-5.06698,48.45062],[-5.07345,48.45067],[-5.08326,48.44765],[-5.09519,48.44027],[-5.10566,48.43664],[-5.11348,48.4365],[-5.11818,48.43847],[-5.10051,48.44502],[-5.09368,48.4489],[-5.09251,48.44991],[-5.09228,48.45203],[-5.09675,48.45473],[-5.10137,48.45602],[-5.13291,48.44899],[-5.13932,48.44813],[-5.14126,48.44918],[-5.14071,48.44973]]]]}},{"type":"Feature","properties":{"code":"29156","nom":"Pencran","departement":"29","region":"53"},"geometry":{"type":"MultiPolygon","coordinates":[[[[-4.21261,48.4237],[-4.22406,48.43021],[-4.22911,48.43208],[-4.23737,48.42578],[-4.23806,48.42629],[-4.23994,48.42778],[-4.24189,48.43934],[-4.23925,48.44221],[-4.23135,48.44656],[-4.23206,48.45019],[-4.23925,48.45261],[-4.24244,48.45258],[-4.24365,48.45326],[-4.23419,48.45999],[-4.22494,48.46564],[-4.20868,48.45803],[-4.20617,48.45574],[-4.20202,48.43777],[-4.20339,48.4335],[-4.21361,48.42514],[-4.21235,48.42376],[-4.21261,48.4237]]]]}},{"type":"Feature","properties":{"code":"29158","nom":"Penmarch","departement":"29","region":"53"},"geometry":{"type":"MultiPolygon","coordinates":[[[[-4.3671,47.79602],[-4.37165,47.79741],[-4.37418,47.80085],[-4.37273,47.8115],[-4.37708,47.81711],[-4.38143,47.81573],[-4.38451,47.81289],[-4.38279,47.81126],[-4.38455,47.81291],[-4.38092,47.81722],[-4.38033,47.82132],[-4.37667,47.82388],[-4.36734,47.82709],[-4.35869,47.82613],[-4.35387,47.82768],[-4.34992,47.83037],[-4.3325,47.82521],[-4.32861,47.82577],[-4.31533,47.82378],[-4.3048,47.81665],[-4.29852,47.80682],[-4.29678,47.80581],[-4.3015,47.80129],[-4.30104,47.80049],[-4.33409,47.79882],[-4.34359,47.79967],[-4.34887,47.79861],[-4.35407,47.79559],[-4.35504,47.79703],[-4.3671,47.79602]]]]}},{"type":"Feature","properties":{"code":"29159","nom":"Peumerit","departement":"29","region":"53"},"geometry":{"type":"MultiPolygon","coordinates":[[[[-4.25379,47.948],[-4.26551,47.9432],[-4.28338,47.92955],[-4.28902,47.92903],[-4.29412,47.93255],[-4.30005,47.93239],[-4.30632,47.93128],[-4.31004,47.92914],[-4.31168,47.92433],[-4.3181,47.92379],[-4.33997,47.92594],[-4.34068,47.93844],[-4.33564,47.94093],[-4.33103,47.94502],[-4.326,47.95289],[-4.32092,47.95778],[-4.31882,47.9585],[-4.29864,47.96094],[-4.28644,47.96645],[-4.27171,47.96832],[-4.25716,47.96545],[-4.25566,47.96431],[-4.25137,47.9568],[-4.25137,47.95101],[-4.25379,47.948]]]]}},{"type":"Feature","properties":{"code":"29160","nom":"Plabennec","departement":"29","region":"53"},"geometry":{"type":"MultiPolygon","coordinates":[[[[-4.39047,48.45997],[-4.39001,48.46172],[-4.39864,48.46443],[-4.40277,48.46294],[-4.42103,48.459],[-4.42613,48.45828],[-4.4309,48.45915],[-4.43679,48.45804],[-4.44114,48.45585],[-4.44785,48.45516],[-4.4606,48.45699],[-4.46362,48.45716],[-4.46475,48.46059],[-4.4651,48.46387],[-4.4711,48.47013],[-4.47976,48.46826],[-4.48857,48.47558],[-4.48989,48.47849],[-4.4833,48.47864],[-4.48066,48.47762],[-4.47132,48.47959],[-4.45334,48.493],[-4.45679,48.49652],[-4.45625,48.50641],[-4.45432,48.51509],[-4.44902,48.52019],[-4.43396,48.52686],[-4.42772,48.53125],[-4.42393,48.53406],[-4.41999,48.53975],[-4.40753,48.54713],[-4.40177,48.5474],[-4.40134,48.53029],[-4.38702,48.52033],[-4.37023,48.51518],[-4.36767,48.51537],[-4.36521,48.51394],[-4.36057,48.50553],[-4.36159,48.50124],[-4.3647,48.49902],[-4.3709,48.4997],[-4.37323,48.49834],[-4.37441,48.4968],[-4.37404,48.49176],[-4.37061,48.48593],[-4.37344,48.48198],[-4.37602,48.48131],[-4.37638,48.48232],[-4.38293,48.4792],[-4.38405,48.46126],[-4.38758,48.46055],[-4.39047,48.45997]]]]}},{"type":"Feature","properties":{"code":"29161","nom":"Pleuven","departement":"29","region":"53"},"geometry":{"type":"MultiPolygon","coordinates":[[[[-4.07568,47.91938],[-4.07533,47.92119],[-4.0797,47.9353],[-4.07377,47.933],[-4.06915,47.93293],[-4.06874,47.93297],[-4.06635,47.93216],[-4.06474,47.93051],[-4.06036,47.93063],[-4.05314,47.93354],[-4.04714,47.93773],[-4.04463,47.93773],[-4.04299,47.93443],[-4.0377,47.93016],[-4.02409,47.92654],[-4.02064,47.92282],[-4.0219,47.91269],[-4.02554,47.90109],[-4.02166,47.89514],[-4.02698,47.89],[-4.03113,47.88833],[-4.03572,47.89041],[-4.0403,47.89089],[-4.04562,47.89015],[-4.04597,47.89801],[-4.04918,47.90152],[-4.05811,47.90706],[-4.06455,47.91358],[-4.0688,47.91651],[-4.07568,47.91938]]]]}},{"type":"Feature","properties":{"code":"29162","nom":"Pleyben","departement":"29","region":"53"},"geometry":{"type":"MultiPolygon","coordinates":[[[[-3.93139,48.29672],[-3.92754,48.28684],[-3.92515,48.28397],[-3.93228,48.28388],[-3.93877,48.28017],[-3.93974,48.2776],[-3.93607,48.27217],[-3.92445,48.25982],[-3.92614,48.25411],[-3.93153,48.24797],[-3.93115,48.24455],[-3.91329,48.24088],[-3.91495,48.23891],[-3.91395,48.23451],[-3.91482,48.22565],[-3.91891,48.2211],[-3.92793,48.20524],[-3.9343,48.19],[-3.94032,48.19081],[-3.94547,48.19008],[-3.95499,48.18707],[-3.9592,48.18743],[-3.9602,48.18876],[-3.96046,48.19707],[-3.96252,48.20062],[-3.96638,48.20192],[-3.96833,48.20175],[-3.97281,48.19945],[-3.97552,48.19624],[-3.98557,48.19073],[-3.99069,48.19038],[-3.99271,48.19117],[-3.99401,48.19589],[-3.99723,48.19823],[-4.0021,48.19917],[-4.00899,48.19757],[-4.02395,48.19654],[-4.02814,48.19818],[-4.02911,48.19943],[-4.02789,48.20409],[-4.02225,48.21382],[-4.02524,48.21551],[-4.03256,48.21545],[-4.04348,48.22511],[-4.04471,48.23649],[-4.04244,48.2362],[-4.03586,48.2386],[-4.03361,48.24277],[-4.04265,48.24715],[-4.0466,48.25476],[-4.03371,48.25773],[-4.02763,48.26079],[-4.00303,48.27996],[-3.9981,48.28269],[-3.99439,48.27939],[-3.98405,48.27599],[-3.97377,48.27512],[-3.96709,48.27935],[-3.95675,48.28942],[-3.93139,48.29672]]]]}},{"type":"Feature","properties":{"code":"29163","nom":"Pleyber-Christ","departement":"29","region":"53"},"geometry":{"type":"MultiPolygon","coordinates":[[[[-3.82605,48.48633],[-3.8255,48.47262],[-3.82787,48.47143],[-3.83424,48.4714],[-3.84097,48.47352],[-3.8545,48.48162],[-3.86384,48.48256],[-3.87873,48.48043],[-3.88805,48.47804],[-3.91,48.46851],[-3.92297,48.46171],[-3.92424,48.46167],[-3.92513,48.46252],[-3.92626,48.46763],[-3.92032,48.4688],[-3.92153,48.47803],[-3.91957,48.48017],[-3.91618,48.48161],[-3.90195,48.48178],[-3.89638,48.4845],[-3.89503,48.48611],[-3.89927,48.49495],[-3.91824,48.50671],[-3.91985,48.51118],[-3.91369,48.52662],[-3.90852,48.53483],[-3.90473,48.53875],[-3.90461,48.54139],[-3.874,48.54948],[-3.86723,48.54484],[-3.84686,48.54604],[-3.84186,48.54781],[-3.83655,48.55455],[-3.83368,48.55072],[-3.82676,48.54678],[-3.82585,48.54404],[-3.82986,48.53509],[-3.83899,48.52055],[-3.83845,48.51366],[-3.83235,48.50212],[-3.82605,48.48633]]]]}},{"type":"Feature","properties":{"code":"29165","nom":"Plobannalec-Lesconil","departement":"29","region":"53"},"geometry":{"type":"MultiPolygon","coordinates":[[[[-4.20825,47.80143],[-4.21059,47.80328],[-4.21316,47.80278],[-4.21641,47.79553],[-4.21585,47.79472],[-4.21133,47.79489],[-4.21074,47.79488],[-4.21075,47.79476],[-4.21576,47.7947],[-4.22337,47.79262],[-4.22597,47.79268],[-4.22637,47.79336],[-4.22625,47.79446],[-4.2341,47.79975],[-4.24284,47.80269],[-4.2478,47.80627],[-4.25617,47.81618],[-4.25984,47.82225],[-4.25667,47.83625],[-4.24857,47.84489],[-4.24607,47.84528],[-4.22401,47.84507],[-4.20776,47.84275],[-4.20878,47.83561],[-4.20729,47.83142],[-4.20501,47.82606],[-4.19939,47.81963],[-4.19676,47.81462],[-4.19963,47.80664],[-4.20825,47.80143]]]]}},{"type":"Feature","properties":{"code":"29166","nom":"Ploéven","departement":"29","region":"53"},"geometry":{"type":"MultiPolygon","coordinates":[[[[-4.16931,48.16405],[-4.16754,48.1543],[-4.17062,48.14926],[-4.18292,48.14562],[-4.19615,48.14632],[-4.20198,48.14797],[-4.20176,48.14929],[-4.2232,48.15571],[-4.24068,48.15287],[-4.24917,48.15048],[-4.272,48.14723],[-4.27259,48.15228],[-4.23799,48.16701],[-4.22119,48.17188],[-4.20055,48.16848],[-4.17797,48.1662],[-4.16931,48.16405]]]]}},{"type":"Feature","properties":{"code":"29167","nom":"Plogastel-Saint-Germain","departement":"29","region":"53"},"geometry":{"type":"MultiPolygon","coordinates":[[[[-4.31882,47.9585],[-4.32046,47.96154],[-4.32257,47.96374],[-4.32324,47.96798],[-4.32073,47.96874],[-4.31992,47.97123],[-4.32127,47.97823],[-4.30208,47.98032],[-4.28833,47.98577],[-4.29244,47.99187],[-4.29435,47.99768],[-4.28872,48.00977],[-4.2868,48.00923],[-4.26084,48.00949],[-4.2549,48.00923],[-4.24938,48.00681],[-4.24873,47.99892],[-4.24329,47.99678],[-4.23709,47.99801],[-4.23027,48.0006],[-4.22816,47.99968],[-4.22786,47.99861],[-4.22948,47.99808],[-4.2354,47.9926],[-4.23899,47.98509],[-4.23909,47.98072],[-4.23754,47.97808],[-4.2237,47.97558],[-4.21894,47.97248],[-4.21515,47.96863],[-4.21409,47.95833],[-4.21526,47.95109],[-4.21794,47.94905],[-4.21897,47.94463],[-4.22578,47.94549],[-4.24239,47.94218],[-4.25379,47.948],[-4.25137,47.95101],[-4.25137,47.9568],[-4.25566,47.96431],[-4.25716,47.96545],[-4.27171,47.96832],[-4.28644,47.96645],[-4.29864,47.96094],[-4.31882,47.9585]]]]}},{"type":"Feature","properties":{"code":"29168","nom":"Plogoff","departement":"29","region":"53"},"geometry":{"type":"MultiPolygon","coordinates":[[[[-4.63301,48.0296],[-4.63821,48.02782],[-4.64651,48.0232],[-4.65156,48.02186],[-4.65467,48.02208],[-4.66245,48.02574],[-4.69751,48.02769],[-4.70792,48.0319],[-4.72798,48.03433],[-4.73522,48.03857],[-4.73345,48.04079],[-4.71285,48.04177],[-4.70713,48.04452],[-4.70602,48.04667],[-4.67426,48.0438],[-4.63451,48.03836],[-4.63301,48.0296]]]]}},{"type":"Feature","properties":{"code":"29169","nom":"Plogonnec","departement":"29","region":"53"},"geometry":{"type":"MultiPolygon","coordinates":[[[[-4.25596,48.0717],[-4.25384,48.07144],[-4.2321,48.0794],[-4.23079,48.07926],[-4.22488,48.08021],[-4.21743,48.08723],[-4.21047,48.09042],[-4.18055,48.09893],[-4.16895,48.10153],[-4.14466,48.10335],[-4.1386,48.10167],[-4.13601,48.09665],[-4.13135,48.0959],[-4.12561,48.09751],[-4.11366,48.10312],[-4.10253,48.10682],[-4.102,48.10587],[-4.09739,48.09568],[-4.09749,48.0796],[-4.10288,48.06659],[-4.10654,48.06474],[-4.10797,48.06363],[-4.10884,48.05967],[-4.10915,48.04518],[-4.11383,48.04104],[-4.12208,48.04007],[-4.12843,48.04201],[-4.13368,48.0405],[-4.14795,48.03193],[-4.17662,48.04614],[-4.18066,48.04946],[-4.18539,48.0602],[-4.18891,48.06369],[-4.21684,48.06428],[-4.2441,48.06066],[-4.25087,48.06361],[-4.25596,48.0717]]]]}},{"type":"Feature","properties":{"code":"29170","nom":"Plomelin","departement":"29","region":"53"},"geometry":{"type":"MultiPolygon","coordinates":[[[[-4.17594,47.90743],[-4.17799,47.90752],[-4.17766,47.9092],[-4.17327,47.91248],[-4.17239,47.91529],[-4.18015,47.92346],[-4.18875,47.9296],[-4.18816,47.93021],[-4.18537,47.93296],[-4.18262,47.94016],[-4.17565,47.94947],[-4.16073,47.95956],[-4.14687,47.96672],[-4.14179,47.96706],[-4.12792,47.96471],[-4.12085,47.96539],[-4.11309,47.95501],[-4.11101,47.93714],[-4.11163,47.936],[-4.11804,47.93152],[-4.12468,47.93252],[-4.13125,47.93155],[-4.14089,47.92359],[-4.14853,47.91118],[-4.14841,47.90764],[-4.14635,47.90177],[-4.14878,47.89743],[-4.15809,47.89557],[-4.16374,47.89636],[-4.16818,47.89785],[-4.17315,47.90404],[-4.17368,47.90694],[-4.17452,47.90769],[-4.17594,47.90743]]]]}},{"type":"Feature","properties":{"code":"29171","nom":"Plomeur","departement":"29","region":"53"},"geometry":{"type":"MultiPolygon","coordinates":[[[[-4.25821,47.87009],[-4.24827,47.85157],[-4.24607,47.84528],[-4.24857,47.84489],[-4.25667,47.83625],[-4.25984,47.82225],[-4.26615,47.8231],[-4.27432,47.8227],[-4.2849,47.81895],[-4.28477,47.8168],[-4.27521,47.80755],[-4.27732,47.80653],[-4.28411,47.80623],[-4.29169,47.80705],[-4.29678,47.80581],[-4.29852,47.80682],[-4.3048,47.81665],[-4.31533,47.82378],[-4.32861,47.82577],[-4.3325,47.82521],[-4.34992,47.83037],[-4.3476,47.83293],[-4.34563,47.84042],[-4.34771,47.84903],[-4.31228,47.85584],[-4.30088,47.85491],[-4.29836,47.85342],[-4.29277,47.85249],[-4.28891,47.85241],[-4.28275,47.85358],[-4.27473,47.8624],[-4.2658,47.86812],[-4.25821,47.87009]]]]}},{"type":"Feature","properties":{"code":"29172","nom":"Plomodiern","departement":"29","region":"53"},"geometry":{"type":"MultiPolygon","coordinates":[[[[-4.24096,48.20857],[-4.24071,48.20793],[-4.22864,48.20553],[-4.19181,48.20249],[-4.18984,48.20149],[-4.18405,48.19553],[-4.17964,48.19319],[-4.15644,48.18578],[-4.13353,48.18478],[-4.12652,48.18519],[-4.12225,48.18916],[-4.11133,48.19222],[-4.1128,48.1855],[-4.115,48.18116],[-4.11889,48.17577],[-4.12048,48.17527],[-4.12513,48.17856],[-4.12542,48.17378],[-4.13192,48.1682],[-4.13422,48.16673],[-4.14604,48.16295],[-4.15541,48.1618],[-4.16931,48.16405],[-4.17797,48.1662],[-4.20055,48.16848],[-4.22119,48.17188],[-4.23799,48.16701],[-4.27259,48.15228],[-4.27474,48.15599],[-4.28996,48.15785],[-4.29611,48.16275],[-4.29441,48.16772],[-4.29402,48.18047],[-4.29513,48.18459],[-4.28546,48.19045],[-4.26173,48.20114],[-4.24311,48.20837],[-4.24096,48.20857]]]]}},{"type":"Feature","properties":{"code":"29173","nom":"Plonéis","departement":"29","region":"53"},"geometry":{"type":"MultiPolygon","coordinates":[[[[-4.23992,48.03228],[-4.23713,48.03048],[-4.22174,48.02802],[-4.21154,48.02982],[-4.20983,48.03255],[-4.20658,48.03333],[-4.1982,48.03228],[-4.1821,48.02129],[-4.18172,48.01864],[-4.16972,48.01253],[-4.1573,48.00146],[-4.15917,48.0006],[-4.15516,47.9956],[-4.15244,47.98714],[-4.1545,47.98569],[-4.15633,47.98577],[-4.1635,47.98922],[-4.1757,48.00313],[-4.17825,48.0048],[-4.18494,48.00397],[-4.19021,47.99949],[-4.1931,47.99569],[-4.2035,47.99384],[-4.21667,47.99317],[-4.22601,47.99639],[-4.22786,47.99861],[-4.22816,47.99968],[-4.23027,48.0006],[-4.23709,47.99801],[-4.24329,47.99678],[-4.24873,47.99892],[-4.24938,48.00681],[-4.2549,48.00923],[-4.26084,48.00949],[-4.25155,48.01816],[-4.24924,48.02527],[-4.24493,48.03184],[-4.24157,48.03274],[-4.23992,48.03228]]]]}},{"type":"Feature","properties":{"code":"29174","nom":"Plonéour-Lanvern","departement":"29","region":"53"},"geometry":{"type":"MultiPolygon","coordinates":[[[[-4.19134,47.93353],[-4.21552,47.92628],[-4.22704,47.92044],[-4.23771,47.91897],[-4.24319,47.91675],[-4.24423,47.91203],[-4.24131,47.90751],[-4.23984,47.90024],[-4.24045,47.89298],[-4.2348,47.87983],[-4.22905,47.87951],[-4.22594,47.87309],[-4.22629,47.87065],[-4.22842,47.86767],[-4.23754,47.86749],[-4.25498,47.87119],[-4.25821,47.87009],[-4.2658,47.86812],[-4.2768,47.87912],[-4.27974,47.88039],[-4.28485,47.87902],[-4.29352,47.87292],[-4.30214,47.8705],[-4.31599,47.86956],[-4.3264,47.86666],[-4.34247,47.86549],[-4.34425,47.86597],[-4.3416,47.86695],[-4.33239,47.86803],[-4.32735,47.87047],[-4.30857,47.87668],[-4.30046,47.88245],[-4.29829,47.88699],[-4.29814,47.89097],[-4.30329,47.89655],[-4.3111,47.89541],[-4.31298,47.89528],[-4.32727,47.90317],[-4.31693,47.9089],[-4.31058,47.92119],[-4.31168,47.92433],[-4.31004,47.92914],[-4.30632,47.93128],[-4.30005,47.93239],[-4.29412,47.93255],[-4.28902,47.92903],[-4.28338,47.92955],[-4.26551,47.9432],[-4.25379,47.948],[-4.24239,47.94218],[-4.22578,47.94549],[-4.21897,47.94463],[-4.19711,47.94083],[-4.19134,47.93353]]]]}},{"type":"Feature","properties":{"code":"29175","nom":"Plonévez-du-Faou","departement":"29","region":"53"},"geometry":{"type":"MultiPolygon","coordinates":[[[[-3.79093,48.3207],[-3.79255,48.3184],[-3.79768,48.31602],[-3.80664,48.31474],[-3.81565,48.31209],[-3.81444,48.30143],[-3.81577,48.29614],[-3.81066,48.28737],[-3.78963,48.27521],[-3.7894,48.27382],[-3.79154,48.27058],[-3.79545,48.26799],[-3.79714,48.2647],[-3.79725,48.26288],[-3.79561,48.26108],[-3.79033,48.25862],[-3.78692,48.25858],[-3.77473,48.26073],[-3.76966,48.24921],[-3.76174,48.23721],[-3.75262,48.22588],[-3.74094,48.21632],[-3.73944,48.21601],[-3.73995,48.21386],[-3.73863,48.20715],[-3.74137,48.20306],[-3.75422,48.20754],[-3.76056,48.21042],[-3.77987,48.21319],[-3.81043,48.21238],[-3.82433,48.20979],[-3.83139,48.21061],[-3.84159,48.21302],[-3.85063,48.21163],[-3.86435,48.20085],[-3.864,48.20037],[-3.8673,48.20041],[-3.88263,48.20374],[-3.88356,48.20694],[-3.88021,48.21446],[-3.87293,48.22648],[-3.87336,48.2313],[-3.86753,48.24363],[-3.86355,48.24857],[-3.86163,48.25488],[-3.86509,48.26628],[-3.87043,48.27881],[-3.87668,48.28545],[-3.88351,48.2983],[-3.87686,48.3013],[-3.8758,48.30069],[-3.87515,48.30106],[-3.85249,48.30863],[-3.84614,48.31247],[-3.84264,48.31694],[-3.84245,48.32253],[-3.83909,48.32647],[-3.8157,48.32833],[-3.80193,48.32819],[-3.79626,48.32759],[-3.79581,48.32702],[-3.79393,48.32143],[-3.79093,48.3207]]]]}},{"type":"Feature","properties":{"code":"29176","nom":"Plonévez-Porzay","departement":"29","region":"53"},"geometry":{"type":"MultiPolygon","coordinates":[[[[-4.23529,48.09532],[-4.24274,48.09505],[-4.2526,48.10074],[-4.25448,48.1046],[-4.25868,48.1082],[-4.26603,48.10927],[-4.28462,48.10786],[-4.272,48.14723],[-4.24917,48.15048],[-4.24068,48.15287],[-4.2232,48.15571],[-4.20176,48.14929],[-4.20198,48.14797],[-4.20221,48.13852],[-4.20086,48.13544],[-4.19702,48.13527],[-4.19183,48.13056],[-4.19473,48.12946],[-4.20584,48.12202],[-4.2029,48.11189],[-4.20197,48.1118],[-4.20242,48.11062],[-4.21205,48.10864],[-4.22819,48.10795],[-4.2334,48.10459],[-4.23529,48.09532]]]]}},{"type":"Feature","properties":{"code":"29177","nom":"Plouarzel","departement":"29","region":"53"},"geometry":{"type":"MultiPolygon","coordinates":[[[[-4.66369,48.45303],[-4.64911,48.4439],[-4.65161,48.44014],[-4.64826,48.42627],[-4.64845,48.42234],[-4.64963,48.42065],[-4.65193,48.42164],[-4.67286,48.4225],[-4.67704,48.42368],[-4.70129,48.41747],[-4.72993,48.42109],[-4.74513,48.42103],[-4.76307,48.41783],[-4.76647,48.41648],[-4.77586,48.40672],[-4.78534,48.40871],[-4.79413,48.41275],[-4.79348,48.4163],[-4.79098,48.41993],[-4.7856,48.43253],[-4.77982,48.44061],[-4.7762,48.4438],[-4.77459,48.44424],[-4.77289,48.44323],[-4.7723,48.441],[-4.76155,48.43752],[-4.74859,48.43968],[-4.74552,48.44786],[-4.75059,48.44855],[-4.75448,48.44733],[-4.75643,48.44753],[-4.76117,48.45069],[-4.7618,48.45184],[-4.75981,48.45977],[-4.75488,48.46577],[-4.74559,48.47167],[-4.73113,48.47358],[-4.72422,48.47297],[-4.71872,48.4716],[-4.7179,48.46896],[-4.71675,48.4687],[-4.71481,48.46828],[-4.71254,48.46603],[-4.71025,48.4604],[-4.70678,48.45693],[-4.70468,48.4561],[-4.69926,48.4557],[-4.69289,48.4563],[-4.67508,48.45304],[-4.66369,48.45303]]]]}},{"type":"Feature","properties":{"code":"29178","nom":"Ploudalmézeau","departement":"29","region":"53"},"geometry":{"type":"MultiPolygon","coordinates":[[[[-4.6312,48.50841],[-4.63436,48.50797],[-4.63845,48.50349],[-4.64276,48.50262],[-4.65429,48.50398],[-4.66487,48.50831],[-4.66812,48.51502],[-4.67099,48.51758],[-4.67436,48.51864],[-4.67958,48.51843],[-4.68442,48.5204],[-4.69247,48.52787],[-4.70014,48.53933],[-4.70462,48.55],[-4.69955,48.55555],[-4.70265,48.56222],[-4.70103,48.56586],[-4.70168,48.5673],[-4.70362,48.5683],[-4.70215,48.5702],[-4.69703,48.57053],[-4.69314,48.56955],[-4.69007,48.57162],[-4.68524,48.57042],[-4.68513,48.56826],[-4.67998,48.56716],[-4.67992,48.5669],[-4.68011,48.56669],[-4.68007,48.56653],[-4.67984,48.56685],[-4.67986,48.56714],[-4.68031,48.56734],[-4.67567,48.56856],[-4.67185,48.57085],[-4.67059,48.57236],[-4.67064,48.57463],[-4.66777,48.57411],[-4.66377,48.57133],[-4.66481,48.56623],[-4.66398,48.55733],[-4.65943,48.54709],[-4.65673,48.54492],[-4.64899,48.54372],[-4.64543,48.5414],[-4.64378,48.5386],[-4.64486,48.53626],[-4.64216,48.53187],[-4.63329,48.523],[-4.63125,48.51933],[-4.63045,48.51422],[-4.6312,48.50841]]]]}},{"type":"Feature","properties":{"code":"29179","nom":"Ploudaniel","departement":"29","region":"53"},"geometry":{"type":"MultiPolygon","coordinates":[[[[-4.29036,48.56607],[-4.29561,48.56077],[-4.29795,48.55463],[-4.30501,48.54356],[-4.30867,48.53998],[-4.30846,48.53809],[-4.30121,48.53657],[-4.28314,48.54041],[-4.26884,48.54179],[-4.26473,48.5382],[-4.25962,48.53544],[-4.24711,48.53061],[-4.24591,48.53019],[-4.24527,48.52693],[-4.2524,48.52502],[-4.26504,48.5178],[-4.27566,48.51947],[-4.27927,48.51574],[-4.28072,48.50753],[-4.28168,48.50684],[-4.28478,48.50783],[-4.2934,48.50624],[-4.29476,48.50526],[-4.29533,48.50258],[-4.28898,48.4964],[-4.28596,48.48903],[-4.28579,48.48129],[-4.28357,48.47083],[-4.29278,48.47368],[-4.31458,48.48092],[-4.32294,48.48615],[-4.32802,48.49052],[-4.33045,48.49681],[-4.33573,48.50342],[-4.33896,48.50427],[-4.34772,48.50082],[-4.35311,48.50583],[-4.35446,48.51175],[-4.35706,48.51562],[-4.35896,48.51723],[-4.36072,48.52408],[-4.36893,48.54344],[-4.36763,48.54352],[-4.36438,48.54708],[-4.35391,48.54985],[-4.3476,48.54957],[-4.33091,48.55439],[-4.32972,48.55753],[-4.32965,48.56233],[-4.3155,48.5609],[-4.312,48.56266],[-4.31265,48.56461],[-4.30485,48.56882],[-4.29265,48.57003],[-4.29036,48.56607]]]]}},{"type":"Feature","properties":{"code":"29180","nom":"Ploudiry","departement":"29","region":"53"},"geometry":{"type":"MultiPolygon","coordinates":[[[[-4.17917,48.46267],[-4.17308,48.47146],[-4.16738,48.47593],[-4.15638,48.4825],[-4.14951,48.48513],[-4.12239,48.49007],[-4.11934,48.4915],[-4.10977,48.4837],[-4.1048,48.4784],[-4.1069,48.47596],[-4.10543,48.46505],[-4.10239,48.45324],[-4.08546,48.45125],[-4.09444,48.44163],[-4.10284,48.43535],[-4.10515,48.43218],[-4.10531,48.41449],[-4.12005,48.42374],[-4.12372,48.42542],[-4.12828,48.42584],[-4.13158,48.43404],[-4.15524,48.45184],[-4.17109,48.45998],[-4.17917,48.46267]]]]}},{"type":"Feature","properties":{"code":"29181","nom":"Plouédern","departement":"29","region":"53"},"geometry":{"type":"MultiPolygon","coordinates":[[[[-4.22494,48.46564],[-4.23419,48.45999],[-4.23581,48.45981],[-4.25089,48.46302],[-4.25643,48.46751],[-4.25997,48.46899],[-4.26396,48.46905],[-4.27821,48.46601],[-4.27979,48.46586],[-4.28249,48.47085],[-4.28357,48.47083],[-4.28579,48.48129],[-4.28596,48.48903],[-4.28898,48.4964],[-4.29533,48.50258],[-4.29476,48.50526],[-4.2934,48.50624],[-4.28478,48.50783],[-4.28168,48.50684],[-4.27098,48.49844],[-4.26369,48.49483],[-4.25608,48.49536],[-4.22816,48.50138],[-4.22124,48.49963],[-4.21638,48.49473],[-4.21741,48.49464],[-4.21664,48.49144],[-4.22041,48.46949],[-4.22336,48.46859],[-4.22494,48.46564]]]]}},{"type":"Feature","properties":{"code":"29182","nom":"Plouégat-Guérand","departement":"29","region":"53"},"geometry":{"type":"MultiPolygon","coordinates":[[[[-3.66354,48.65387],[-3.66451,48.65332],[-3.66406,48.64925],[-3.65718,48.6296],[-3.65425,48.61758],[-3.64056,48.59618],[-3.64124,48.59507],[-3.64979,48.59166],[-3.65456,48.59307],[-3.67485,48.59575],[-3.67981,48.59713],[-3.68448,48.60155],[-3.68484,48.60527],[-3.68369,48.60994],[-3.69216,48.61857],[-3.69643,48.61852],[-3.69811,48.62919],[-3.69422,48.63731],[-3.6872,48.64288],[-3.68239,48.64952],[-3.68277,48.65639],[-3.67547,48.65633],[-3.66354,48.65387]]]]}},{"type":"Feature","properties":{"code":"29183","nom":"Plouégat-Moysan","departement":"29","region":"53"},"geometry":{"type":"MultiPolygon","coordinates":[[[[-3.62648,48.54196],[-3.62888,48.54393],[-3.62755,48.54833],[-3.63256,48.55414],[-3.635,48.5583],[-3.63782,48.56972],[-3.64309,48.57512],[-3.64394,48.57768],[-3.64445,48.58637],[-3.63674,48.59375],[-3.63065,48.58945],[-3.62291,48.58924],[-3.61691,48.58996],[-3.60664,48.58655],[-3.6,48.58341],[-3.59758,48.58382],[-3.59404,48.58572],[-3.58472,48.57494],[-3.58461,48.57372],[-3.59233,48.5635],[-3.59931,48.55848],[-3.60215,48.5592],[-3.6059,48.55605],[-3.6084,48.55003],[-3.61162,48.54717],[-3.62648,48.54196]]]]}},{"type":"Feature","properties":{"code":"29184","nom":"Plouénan","departement":"29","region":"53"},"geometry":{"type":"MultiPolygon","coordinates":[[[[-3.99701,48.59889],[-3.9947,48.61244],[-4.00691,48.62244],[-4.00882,48.62551],[-4.01905,48.62784],[-4.02861,48.62659],[-4.03596,48.62705],[-4.04049,48.62836],[-4.04375,48.63221],[-4.04401,48.63609],[-4.04074,48.64025],[-4.03254,48.6395],[-4.02129,48.64136],[-4.01523,48.6438],[-4.00967,48.64807],[-4.00898,48.65095],[-4.00655,48.65135],[-3.99197,48.65084],[-3.97675,48.64641],[-3.96459,48.64635],[-3.95772,48.64809],[-3.95459,48.64571],[-3.9516,48.64478],[-3.94883,48.64011],[-3.95146,48.63094],[-3.94938,48.62009],[-3.94572,48.61748],[-3.94472,48.61507],[-3.93502,48.59807],[-3.95146,48.58429],[-3.95677,48.58252],[-3.96515,48.58704],[-3.98221,48.59284],[-3.99701,48.59889]]]]}},{"type":"Feature","properties":{"code":"29185","nom":"Plouescat","departement":"29","region":"53"},"geometry":{"type":"MultiPolygon","coordinates":[[[[-4.19434,48.652],[-4.19532,48.65448],[-4.19866,48.65604],[-4.2108,48.65742],[-4.21577,48.66209],[-4.21393,48.66492],[-4.21356,48.66809],[-4.21549,48.66792],[-4.21703,48.66658],[-4.21577,48.66784],[-4.21554,48.66793],[-4.21236,48.66872],[-4.19817,48.67717],[-4.18685,48.68635],[-4.1836,48.6874],[-4.18233,48.68552],[-4.17394,48.6861],[-4.16942,48.68698],[-4.16177,48.68991],[-4.1614,48.67829],[-4.15755,48.66734],[-4.15178,48.66175],[-4.1505,48.65685],[-4.15025,48.64614],[-4.15094,48.64521],[-4.15397,48.64525],[-4.1646,48.64619],[-4.16782,48.64763],[-4.17062,48.64757],[-4.19434,48.652]]]]}},{"type":"Feature","properties":{"code":"29186","nom":"Plouezoc'h","departement":"29","region":"53"},"geometry":{"type":"MultiPolygon","coordinates":[[[[-3.84394,48.62808],[-3.84342,48.62857],[-3.84551,48.62963],[-3.84954,48.63738],[-3.85744,48.65844],[-3.86211,48.66783],[-3.85741,48.66941],[-3.84609,48.66029],[-3.83539,48.65242],[-3.82891,48.64935],[-3.79429,48.63871],[-3.7864,48.63798],[-3.78429,48.63874],[-3.78025,48.63896],[-3.77282,48.63627],[-3.76638,48.63258],[-3.76876,48.6287],[-3.76884,48.62658],[-3.77825,48.61652],[-3.78418,48.61291],[-3.79191,48.61222],[-3.8102,48.62696],[-3.82161,48.62903],[-3.84217,48.62765],[-3.84394,48.62808]]]]}},{"type":"Feature","properties":{"code":"29187","nom":"Plougar","departement":"29","region":"53"},"geometry":{"type":"MultiPolygon","coordinates":[[[[-4.16657,48.56336],[-4.16105,48.56181],[-4.1573,48.56171],[-4.14733,48.56394],[-4.14138,48.56689],[-4.13994,48.57206],[-4.1351,48.57508],[-4.12666,48.57884],[-4.12046,48.57964],[-4.11899,48.57923],[-4.11772,48.57785],[-4.11108,48.57635],[-4.09573,48.56671],[-4.09306,48.55616],[-4.10394,48.54939],[-4.10124,48.53905],[-4.11676,48.53766],[-4.12343,48.53939],[-4.12954,48.539],[-4.13547,48.53764],[-4.13802,48.5342],[-4.1421,48.53527],[-4.14391,48.5385],[-4.14441,48.54159],[-4.14348,48.54311],[-4.15232,48.54599],[-4.16159,48.54691],[-4.16867,48.54934],[-4.17493,48.55387],[-4.16657,48.56336]]]]}},{"type":"Feature","properties":{"code":"29188","nom":"Plougasnou","departement":"29","region":"53"},"geometry":{"type":"MultiPolygon","coordinates":[[[[-3.84609,48.66029],[-3.84753,48.6758],[-3.84866,48.67994],[-3.85187,48.68431],[-3.84004,48.70107],[-3.83808,48.70613],[-3.83236,48.71214],[-3.82996,48.71132],[-3.82824,48.70458],[-3.82071,48.70222],[-3.81809,48.71403],[-3.80748,48.71147],[-3.785,48.70123],[-3.77991,48.70182],[-3.77853,48.70008],[-3.77544,48.67491],[-3.78073,48.66236],[-3.78571,48.65674],[-3.78429,48.63874],[-3.7864,48.63798],[-3.79429,48.63871],[-3.82891,48.64935],[-3.83539,48.65242],[-3.84609,48.66029]]]]}},{"type":"Feature","properties":{"code":"29189","nom":"Plougastel-Daoulas","departement":"29","region":"53"},"geometry":{"type":"MultiPolygon","coordinates":[[[[-4.39762,48.3424],[-4.40138,48.34168],[-4.40822,48.33862],[-4.40639,48.33735],[-4.40564,48.33651],[-4.4094,48.33878],[-4.41326,48.33834],[-4.42288,48.33264],[-4.44641,48.32583],[-4.45823,48.3266],[-4.45829,48.32786],[-4.45583,48.32839],[-4.44766,48.33329],[-4.44307,48.33992],[-4.44253,48.34599],[-4.4437,48.34884],[-4.43518,48.36148],[-4.43042,48.36489],[-4.42252,48.3672],[-4.41664,48.36987],[-4.40469,48.38187],[-4.39182,48.38749],[-4.3674,48.395],[-4.35236,48.40231],[-4.34811,48.40202],[-4.34136,48.39008],[-4.33186,48.3836],[-4.32559,48.37682],[-4.31902,48.36225],[-4.3238,48.3578],[-4.32668,48.35677],[-4.32893,48.35489],[-4.33015,48.3527],[-4.33685,48.34977],[-4.34179,48.3459],[-4.34708,48.3436],[-4.35189,48.34453],[-4.35347,48.34368],[-4.35317,48.34284],[-4.35342,48.34268],[-4.35568,48.34423],[-4.35027,48.35205],[-4.36724,48.34461],[-4.36966,48.33837],[-4.3684,48.33552],[-4.36911,48.33329],[-4.37123,48.32885],[-4.37456,48.32648],[-4.40167,48.32424],[-4.41732,48.32487],[-4.40381,48.33736],[-4.39613,48.34085],[-4.39303,48.34052],[-4.39044,48.34251],[-4.39195,48.34177],[-4.39762,48.3424]]]]}},{"type":"Feature","properties":{"code":"29190","nom":"Plougonvelin","departement":"29","region":"53"},"geometry":{"type":"MultiPolygon","coordinates":[[[[-4.6789,48.35562],[-4.69115,48.35474],[-4.70121,48.34983],[-4.70319,48.34743],[-4.70344,48.3455],[-4.69815,48.33827],[-4.71023,48.33101],[-4.71422,48.33024],[-4.72897,48.33004],[-4.73191,48.33117],[-4.73273,48.33237],[-4.73744,48.33236],[-4.74203,48.33078],[-4.74211,48.33188],[-4.74582,48.32949],[-4.76556,48.32812],[-4.76978,48.32862],[-4.7736,48.33003],[-4.77136,48.33528],[-4.74902,48.34151],[-4.74452,48.34349],[-4.7444,48.35476],[-4.74539,48.35627],[-4.72051,48.36668],[-4.71025,48.36708],[-4.68564,48.38137],[-4.68083,48.38152],[-4.67544,48.37745],[-4.67538,48.37163],[-4.68034,48.36291],[-4.6789,48.35562]]]]}},{"type":"Feature","properties":{"code":"29191","nom":"Plougonven","departement":"29","region":"53"},"geometry":{"type":"MultiPolygon","coordinates":[[[[-3.67305,48.46556],[-3.68563,48.45581],[-3.71563,48.44791],[-3.72202,48.44699],[-3.73117,48.44821],[-3.74137,48.44796],[-3.75242,48.44583],[-3.75371,48.44685],[-3.75248,48.44736],[-3.75243,48.45679],[-3.75386,48.46547],[-3.75651,48.47241],[-3.75435,48.48012],[-3.75962,48.48699],[-3.7572,48.4915],[-3.76128,48.51488],[-3.76876,48.52268],[-3.77052,48.52705],[-3.76972,48.52895],[-3.76576,48.53251],[-3.76543,48.53761],[-3.77519,48.545],[-3.79167,48.55549],[-3.79628,48.55984],[-3.79928,48.56519],[-3.79981,48.56714],[-3.78764,48.56631],[-3.77396,48.56418],[-3.74845,48.56466],[-3.7388,48.5633],[-3.72454,48.55991],[-3.71457,48.5492],[-3.6964,48.53609],[-3.692,48.52942],[-3.69205,48.52736],[-3.6935,48.5213],[-3.68575,48.5096],[-3.68625,48.50345],[-3.6834,48.49894],[-3.67625,48.49199],[-3.6717,48.47657],[-3.67305,48.46556]]]]}},{"type":"Feature","properties":{"code":"29192","nom":"Plougoulm","departement":"29","region":"53"},"geometry":{"type":"MultiPolygon","coordinates":[[[[-4.03564,48.68794],[-4.0292,48.68793],[-4.0244,48.68642],[-4.01957,48.67837],[-4.01976,48.67414],[-4.0258,48.66123],[-4.02525,48.65854],[-4.02089,48.65752],[-4.00655,48.65135],[-4.00898,48.65095],[-4.00967,48.64807],[-4.01523,48.6438],[-4.02129,48.64136],[-4.03254,48.6395],[-4.04074,48.64025],[-4.04401,48.63609],[-4.04375,48.63221],[-4.04049,48.62836],[-4.0458,48.62814],[-4.07643,48.61965],[-4.07746,48.62019],[-4.07927,48.6257],[-4.0789,48.62846],[-4.06275,48.63743],[-4.06345,48.64059],[-4.06611,48.64293],[-4.06393,48.64522],[-4.05689,48.64563],[-4.04816,48.64741],[-4.04696,48.6494],[-4.04712,48.65479],[-4.05376,48.66757],[-4.0558,48.66933],[-4.06209,48.68024],[-4.06234,48.6844],[-4.0588,48.68645],[-4.05076,48.68612],[-4.03754,48.68688],[-4.03564,48.68794]]]]}},{"type":"Feature","properties":{"code":"29193","nom":"Plougourvest","departement":"29","region":"53"},"geometry":{"type":"MultiPolygon","coordinates":[[[[-4.06795,48.57595],[-4.06013,48.57568],[-4.05285,48.57419],[-4.04667,48.57113],[-4.05095,48.56215],[-4.05365,48.55299],[-4.0586,48.54336],[-4.05457,48.53929],[-4.04776,48.5352],[-4.0492,48.53241],[-4.07046,48.53365],[-4.08346,48.52982],[-4.08518,48.5313],[-4.08664,48.54046],[-4.09096,48.5409],[-4.10124,48.53905],[-4.10394,48.54939],[-4.09306,48.55616],[-4.09573,48.56671],[-4.08316,48.56975],[-4.06795,48.57595]]]]}},{"type":"Feature","properties":{"code":"29195","nom":"Plouguerneau","departement":"29","region":"53"},"geometry":{"type":"MultiPolygon","coordinates":[[[[-4.45168,48.5698],[-4.45332,48.57041],[-4.45463,48.57108],[-4.4701,48.5709],[-4.47822,48.57188],[-4.48479,48.57372],[-4.48843,48.5758],[-4.4932,48.58113],[-4.50006,48.58565],[-4.50642,48.58784],[-4.51517,48.58754],[-4.5252,48.59527],[-4.54033,48.60116],[-4.55279,48.60566],[-4.56855,48.60924],[-4.56901,48.61096],[-4.56698,48.61685],[-4.56288,48.62249],[-4.54413,48.62888],[-4.52516,48.63102],[-4.51228,48.6289],[-4.51301,48.6272],[-4.49834,48.62232],[-4.47352,48.62488],[-4.46315,48.62724],[-4.4572,48.62565],[-4.45394,48.62578],[-4.45222,48.63052],[-4.44901,48.6315],[-4.44394,48.62956],[-4.44738,48.62385],[-4.45376,48.61865],[-4.45188,48.61116],[-4.44084,48.60275],[-4.41819,48.59216],[-4.42281,48.58905],[-4.43058,48.57944],[-4.44886,48.57015],[-4.45168,48.5698]]]]}},{"type":"Feature","properties":{"code":"29196","nom":"Plouguin","departement":"29","region":"53"},"geometry":{"type":"MultiPolygon","coordinates":[[[[-4.5674,48.50659],[-4.57204,48.50651],[-4.57346,48.51053],[-4.58008,48.51225],[-4.58762,48.51136],[-4.58622,48.5092],[-4.58412,48.5101],[-4.5844,48.50773],[-4.58893,48.51021],[-4.5918,48.5082],[-4.59404,48.50485],[-4.60317,48.50237],[-4.61703,48.50174],[-4.62284,48.50407],[-4.6312,48.50841],[-4.63045,48.51422],[-4.63125,48.51933],[-4.63329,48.523],[-4.64216,48.53187],[-4.64486,48.53626],[-4.64378,48.5386],[-4.64216,48.53836],[-4.63532,48.54115],[-4.62934,48.54439],[-4.62925,48.54624],[-4.61593,48.5478],[-4.5984,48.5531],[-4.59486,48.55333],[-4.5907,48.55459],[-4.57957,48.55529],[-4.56408,48.55325],[-4.55881,48.55147],[-4.55412,48.54399],[-4.54412,48.53262],[-4.54142,48.5281],[-4.5492,48.52484],[-4.55188,48.52293],[-4.55403,48.51975],[-4.55562,48.51387],[-4.55879,48.5101],[-4.56397,48.50725],[-4.5674,48.50659]]]]}},{"type":"Feature","properties":{"code":"29197","nom":"Plouhinec","departement":"29","region":"53"},"geometry":{"type":"MultiPolygon","coordinates":[[[[-4.46226,47.98583],[-4.46414,47.98546],[-4.47831,47.98886],[-4.4859,47.99485],[-4.49441,47.99937],[-4.50993,48.00484],[-4.5152,48.006],[-4.52062,48.00534],[-4.52531,48.00592],[-4.53519,48.0104],[-4.53706,48.01205],[-4.53269,48.01969],[-4.53385,48.02366],[-4.5354,48.02464],[-4.53297,48.02802],[-4.53484,48.0318],[-4.53215,48.03458],[-4.53119,48.03602],[-4.52821,48.03732],[-4.51013,48.03622],[-4.49886,48.03877],[-4.48096,48.03759],[-4.47614,48.03224],[-4.46902,48.02917],[-4.46213,48.02917],[-4.4544,48.02658],[-4.45008,48.02345],[-4.44941,48.01598],[-4.44468,48.01259],[-4.43305,48.00859],[-4.43106,48.00912],[-4.43133,48.00263],[-4.43654,47.9981],[-4.45916,47.98965],[-4.46226,47.98583]]]]}},{"type":"Feature","properties":{"code":"29198","nom":"Plouider","departement":"29","region":"53"},"geometry":{"type":"MultiPolygon","coordinates":[[[[-4.24529,48.59196],[-4.24395,48.58883],[-4.24298,48.57689],[-4.25425,48.5764],[-4.26936,48.57352],[-4.28036,48.57283],[-4.28416,48.57342],[-4.28952,48.58505],[-4.29143,48.58681],[-4.31167,48.59419],[-4.32411,48.60339],[-4.333,48.60564],[-4.34113,48.61465],[-4.34465,48.61514],[-4.3492,48.61623],[-4.35044,48.62083],[-4.35296,48.62213],[-4.35404,48.62179],[-4.35508,48.62315],[-4.35408,48.62509],[-4.34891,48.62705],[-4.34562,48.62587],[-4.34001,48.62565],[-4.33498,48.62696],[-4.32335,48.63531],[-4.31609,48.63772],[-4.3116,48.63516],[-4.32004,48.621],[-4.31889,48.61906],[-4.30915,48.61386],[-4.29252,48.61135],[-4.28854,48.61227],[-4.27975,48.61968],[-4.27274,48.62233],[-4.27018,48.62051],[-4.27265,48.61379],[-4.27226,48.60874],[-4.26635,48.60299],[-4.26047,48.60204],[-4.25082,48.6018],[-4.24964,48.59997],[-4.24529,48.59196]]]]}},{"type":"Feature","properties":{"code":"29199","nom":"Plouigneau","departement":"29","region":"53"},"geometry":{"type":"MultiPolygon","coordinates":[[[[-3.79741,48.57913],[-3.7909,48.58136],[-3.79047,48.57948],[-3.78054,48.58116],[-3.75573,48.58706],[-3.75092,48.58836],[-3.74249,48.59301],[-3.74819,48.60664],[-3.74667,48.61093],[-3.72725,48.61102],[-3.70365,48.61483],[-3.69643,48.61852],[-3.69216,48.61857],[-3.68369,48.60994],[-3.68484,48.60527],[-3.68448,48.60155],[-3.67981,48.59713],[-3.67485,48.59575],[-3.65456,48.59307],[-3.64979,48.59166],[-3.64124,48.59507],[-3.64056,48.59618],[-3.63674,48.59375],[-3.64445,48.58637],[-3.64394,48.57768],[-3.64309,48.57512],[-3.63782,48.56972],[-3.635,48.5583],[-3.63256,48.55414],[-3.64492,48.54726],[-3.64419,48.54424],[-3.65704,48.53398],[-3.65879,48.53001],[-3.65796,48.52684],[-3.68031,48.52878],[-3.69083,48.52683],[-3.69205,48.52736],[-3.692,48.52942],[-3.6964,48.53609],[-3.71457,48.5492],[-3.72454,48.55991],[-3.7388,48.5633],[-3.74845,48.56466],[-3.77396,48.56418],[-3.78764,48.56631],[-3.79981,48.56714],[-3.80284,48.57064],[-3.80558,48.57136],[-3.81098,48.57706],[-3.80976,48.57794],[-3.79741,48.57913]]]]}},{"type":"Feature","properties":{"code":"29201","nom":"Ploumoguer","departement":"29","region":"53"},"geometry":{"type":"MultiPolygon","coordinates":[[[[-4.76087,48.3784],[-4.76379,48.37966],[-4.7752,48.38948],[-4.77602,48.39277],[-4.7744,48.39684],[-4.77351,48.40383],[-4.77381,48.40545],[-4.77586,48.40672],[-4.76647,48.41648],[-4.76307,48.41783],[-4.74513,48.42103],[-4.72993,48.42109],[-4.70129,48.41747],[-4.67704,48.42368],[-4.67286,48.4225],[-4.65193,48.42164],[-4.64963,48.42065],[-4.65043,48.4163],[-4.64481,48.41018],[-4.64301,48.40722],[-4.64042,48.40586],[-4.64087,48.40513],[-4.65868,48.39825],[-4.66549,48.39489],[-4.67171,48.39295],[-4.67923,48.39195],[-4.68523,48.38826],[-4.68564,48.38137],[-4.71025,48.36708],[-4.72051,48.36668],[-4.7197,48.37452],[-4.71703,48.3789],[-4.71253,48.38115],[-4.71412,48.38445],[-4.71621,48.38589],[-4.72334,48.38412],[-4.73042,48.38021],[-4.74233,48.37234],[-4.74652,48.36825],[-4.74648,48.36707],[-4.75286,48.37481],[-4.76087,48.3784]]]]}},{"type":"Feature","properties":{"code":"29202","nom":"Plounéour-Ménez","departement":"29","region":"53"},"geometry":{"type":"MultiPolygon","coordinates":[[[[-3.82359,48.43034],[-3.83542,48.42844],[-3.84624,48.42186],[-3.88662,48.41313],[-3.91767,48.40256],[-3.91794,48.40562],[-3.92209,48.41659],[-3.93004,48.42934],[-3.94109,48.43771],[-3.94939,48.44134],[-3.94451,48.44167],[-3.94186,48.44284],[-3.93126,48.45218],[-3.92923,48.45497],[-3.93006,48.46042],[-3.93175,48.46338],[-3.93944,48.46831],[-3.93579,48.47078],[-3.92849,48.46716],[-3.92626,48.46763],[-3.92513,48.46252],[-3.92424,48.46167],[-3.92297,48.46171],[-3.91,48.46851],[-3.88805,48.47804],[-3.87873,48.48043],[-3.86384,48.48256],[-3.8545,48.48162],[-3.84097,48.47352],[-3.83424,48.4714],[-3.82787,48.47143],[-3.8255,48.47262],[-3.82105,48.46812],[-3.81801,48.46284],[-3.82577,48.4544],[-3.83351,48.44761],[-3.82976,48.44051],[-3.82448,48.43601],[-3.82359,48.43034]]]]}},{"type":"Feature","properties":{"code":"29204","nom":"Plounéventer","departement":"29","region":"53"},"geometry":{"type":"MultiPolygon","coordinates":[[[[-4.16298,48.48798],[-4.1731,48.48562],[-4.18707,48.48019],[-4.20224,48.48522],[-4.19108,48.49294],[-4.19162,48.49607],[-4.19844,48.50595],[-4.20164,48.50665],[-4.20696,48.50427],[-4.20752,48.50367],[-4.20605,48.50229],[-4.20733,48.49818],[-4.21638,48.49473],[-4.22124,48.49963],[-4.22816,48.50138],[-4.22743,48.50182],[-4.22834,48.50452],[-4.23177,48.51081],[-4.24184,48.51344],[-4.24458,48.52113],[-4.24527,48.52693],[-4.24591,48.53019],[-4.24711,48.53061],[-4.24318,48.53401],[-4.23605,48.53534],[-4.22988,48.53465],[-4.23174,48.53941],[-4.24245,48.55365],[-4.25067,48.56044],[-4.25217,48.56433],[-4.25145,48.56835],[-4.24547,48.56726],[-4.24122,48.56475],[-4.21506,48.56178],[-4.21368,48.56091],[-4.2147,48.56036],[-4.21495,48.55009],[-4.21732,48.54334],[-4.21511,48.53594],[-4.20972,48.53324],[-4.18499,48.53219],[-4.16848,48.52703],[-4.17964,48.51957],[-4.17996,48.5078],[-4.17865,48.50343],[-4.16762,48.50074],[-4.16253,48.49698],[-4.16116,48.49399],[-4.16298,48.48798]]]]}},{"type":"Feature","properties":{"code":"29205","nom":"Plounévézel","departement":"29","region":"53"},"geometry":{"type":"MultiPolygon","coordinates":[[[[-3.55224,48.2996],[-3.56641,48.29323],[-3.58244,48.28428],[-3.5877,48.28261],[-3.6,48.28392],[-3.60416,48.28491],[-3.60656,48.28669],[-3.61228,48.30518],[-3.60852,48.30846],[-3.60742,48.3142],[-3.591,48.32756],[-3.57907,48.34588],[-3.5631,48.3468],[-3.55916,48.34643],[-3.55531,48.3448],[-3.55607,48.34206],[-3.55419,48.333],[-3.55034,48.32204],[-3.55132,48.31798],[-3.54451,48.31628],[-3.53539,48.31671],[-3.52377,48.32266],[-3.51833,48.31854],[-3.52519,48.31699],[-3.52981,48.31504],[-3.53928,48.30199],[-3.54682,48.29858],[-3.55224,48.2996]]]]}},{"type":"Feature","properties":{"code":"29206","nom":"Plounévez-Lochrist","departement":"29","region":"53"},"geometry":{"type":"MultiPolygon","coordinates":[[[[-4.19434,48.652],[-4.17062,48.64757],[-4.16161,48.63968],[-4.15942,48.63304],[-4.1471,48.62302],[-4.1471,48.62158],[-4.15271,48.60493],[-4.16221,48.59759],[-4.17018,48.59393],[-4.18204,48.58997],[-4.19575,48.59173],[-4.2122,48.58847],[-4.23043,48.58848],[-4.23634,48.59074],[-4.24529,48.59196],[-4.24964,48.59997],[-4.23884,48.6021],[-4.22986,48.61324],[-4.22825,48.61761],[-4.22853,48.62285],[-4.237,48.62842],[-4.24131,48.64308],[-4.24495,48.64966],[-4.23929,48.65036],[-4.22086,48.64841],[-4.19434,48.652]]]]}},{"type":"Feature","properties":{"code":"29207","nom":"Plourin-lès-Morlaix","departement":"29","region":"53"},"geometry":{"type":"MultiPolygon","coordinates":[[[[-3.83707,48.56786],[-3.8325,48.56781],[-3.8258,48.56601],[-3.8245,48.56623],[-3.82245,48.56847],[-3.82308,48.57258],[-3.82066,48.57353],[-3.8084,48.5649],[-3.80083,48.56344],[-3.79928,48.56519],[-3.79628,48.55984],[-3.79167,48.55549],[-3.77519,48.545],[-3.76543,48.53761],[-3.76576,48.53251],[-3.76972,48.52895],[-3.77052,48.52705],[-3.76876,48.52268],[-3.76128,48.51488],[-3.7572,48.4915],[-3.75962,48.48699],[-3.77659,48.48301],[-3.80708,48.48359],[-3.82605,48.48633],[-3.83235,48.50212],[-3.83845,48.51366],[-3.83899,48.52055],[-3.82986,48.53509],[-3.82585,48.54404],[-3.82676,48.54678],[-3.83368,48.55072],[-3.83655,48.55455],[-3.83773,48.55957],[-3.83624,48.56742],[-3.83707,48.56786]]]]}},{"type":"Feature","properties":{"code":"29208","nom":"Plourin","departement":"29","region":"53"},"geometry":{"type":"MultiPolygon","coordinates":[[[[-4.75008,48.51642],[-4.74611,48.51796],[-4.74136,48.51829],[-4.73869,48.51789],[-4.73357,48.51257],[-4.72475,48.51152],[-4.71915,48.5128],[-4.71996,48.51427],[-4.71883,48.5194],[-4.71493,48.52459],[-4.71037,48.52671],[-4.70721,48.52971],[-4.70014,48.53933],[-4.69247,48.52787],[-4.68442,48.5204],[-4.67958,48.51843],[-4.67436,48.51864],[-4.67099,48.51758],[-4.66812,48.51502],[-4.66487,48.50831],[-4.65429,48.50398],[-4.64276,48.50262],[-4.63845,48.50349],[-4.63436,48.50797],[-4.6312,48.50841],[-4.62284,48.50407],[-4.62845,48.5009],[-4.63031,48.49469],[-4.63067,48.49039],[-4.63203,48.48828],[-4.64455,48.48498],[-4.64698,48.47851],[-4.64644,48.4768],[-4.65025,48.47468],[-4.67039,48.47207],[-4.67283,48.47456],[-4.66876,48.47749],[-4.66917,48.4796],[-4.67586,48.48846],[-4.6832,48.49373],[-4.69063,48.493],[-4.69792,48.48654],[-4.70004,48.48991],[-4.70276,48.49156],[-4.70619,48.49208],[-4.71811,48.49317],[-4.72919,48.49083],[-4.73168,48.49697],[-4.73086,48.50059],[-4.72725,48.50354],[-4.72822,48.50493],[-4.74494,48.51204],[-4.75008,48.51642]]]]}},{"type":"Feature","properties":{"code":"29209","nom":"Plouvien","departement":"29","region":"53"},"geometry":{"type":"MultiPolygon","coordinates":[[[[-4.40753,48.54713],[-4.41999,48.53975],[-4.42393,48.53406],[-4.42772,48.53125],[-4.43396,48.52686],[-4.44902,48.52019],[-4.45432,48.51509],[-4.45625,48.50641],[-4.45679,48.49652],[-4.45996,48.49642],[-4.46477,48.49889],[-4.46631,48.50328],[-4.47835,48.51488],[-4.49183,48.52236],[-4.50133,48.52537],[-4.51967,48.53285],[-4.52024,48.5367],[-4.52365,48.53852],[-4.52605,48.53807],[-4.52662,48.54011],[-4.52694,48.54357],[-4.53028,48.54622],[-4.53018,48.54954],[-4.52804,48.55023],[-4.52997,48.5521],[-4.52971,48.5542],[-4.52439,48.55377],[-4.50833,48.54608],[-4.50528,48.54551],[-4.50515,48.54683],[-4.50739,48.5492],[-4.50758,48.55257],[-4.50392,48.55191],[-4.50286,48.55262],[-4.49932,48.55291],[-4.48909,48.55191],[-4.48186,48.55302],[-4.47602,48.55511],[-4.46107,48.56924],[-4.45332,48.57041],[-4.45168,48.5698],[-4.44886,48.57015],[-4.42484,48.564],[-4.41591,48.56097],[-4.41887,48.55326],[-4.41055,48.54926],[-4.40676,48.54873],[-4.40753,48.54713]]]]}},{"type":"Feature","properties":{"code":"29210","nom":"Plouvorn","departement":"29","region":"53"},"geometry":{"type":"MultiPolygon","coordinates":[[[[-4.04776,48.5352],[-4.05457,48.53929],[-4.0586,48.54336],[-4.05365,48.55299],[-4.05095,48.56215],[-4.04667,48.57113],[-4.05285,48.57419],[-4.06013,48.57568],[-4.06795,48.57595],[-4.05572,48.59834],[-4.05594,48.60103],[-4.04756,48.60697],[-4.04377,48.61464],[-4.04216,48.61543],[-4.03361,48.61643],[-4.03152,48.61564],[-4.02561,48.60899],[-4.02281,48.60141],[-4.01796,48.6001],[-3.99701,48.59889],[-3.98221,48.59284],[-3.96515,48.58704],[-3.95677,48.58252],[-3.96805,48.57884],[-3.97257,48.57649],[-3.97558,48.56695],[-3.98149,48.5628],[-3.98606,48.56232],[-3.98912,48.56554],[-3.99435,48.56569],[-4.00398,48.56218],[-4.01727,48.55492],[-4.02154,48.55088],[-4.02347,48.53956],[-4.02851,48.53558],[-4.03352,48.5374],[-4.03891,48.53733],[-4.04502,48.5365],[-4.04776,48.5352]]]]}},{"type":"Feature","properties":{"code":"29211","nom":"Plouyé","departement":"29","region":"53"},"geometry":{"type":"MultiPolygon","coordinates":[[[[-3.70827,48.28421],[-3.71795,48.29437],[-3.7254,48.30435],[-3.73275,48.30588],[-3.74103,48.30499],[-3.74544,48.3026],[-3.7528,48.30253],[-3.76028,48.30623],[-3.77175,48.31487],[-3.79093,48.3207],[-3.79393,48.32143],[-3.79581,48.32702],[-3.7848,48.33454],[-3.784,48.33749],[-3.78848,48.3416],[-3.79523,48.34444],[-3.78587,48.35261],[-3.77489,48.34768],[-3.76822,48.3467],[-3.75658,48.34742],[-3.74396,48.34714],[-3.74011,48.34581],[-3.737,48.3457],[-3.7228,48.34664],[-3.72013,48.34625],[-3.7093,48.33847],[-3.68093,48.32197],[-3.68104,48.32086],[-3.67933,48.31699],[-3.6806,48.3152],[-3.69185,48.30914],[-3.695,48.30701],[-3.6951,48.30607],[-3.69195,48.30265],[-3.68355,48.29956],[-3.67971,48.29594],[-3.68568,48.28663],[-3.69286,48.27878],[-3.69286,48.27582],[-3.69759,48.27649],[-3.70827,48.28421]]]]}},{"type":"Feature","properties":{"code":"29212","nom":"Plouzané","departement":"29","region":"53"},"geometry":{"type":"MultiPolygon","coordinates":[[[[-4.55756,48.3565],[-4.5637,48.3564],[-4.56706,48.35476],[-4.56715,48.35228],[-4.5711,48.35051],[-4.5737,48.3495],[-4.58648,48.34755],[-4.60799,48.33834],[-4.62206,48.33865],[-4.62353,48.34148],[-4.62283,48.34772],[-4.61857,48.35254],[-4.61717,48.35765],[-4.62226,48.37145],[-4.62575,48.37706],[-4.63119,48.38097],[-4.6321,48.38272],[-4.63113,48.38452],[-4.63454,48.39716],[-4.64087,48.40513],[-4.64042,48.40586],[-4.64301,48.40722],[-4.64481,48.41018],[-4.62994,48.41335],[-4.61427,48.41141],[-4.60414,48.40716],[-4.59143,48.41041],[-4.58741,48.40951],[-4.57906,48.40411],[-4.57661,48.40144],[-4.57583,48.39463],[-4.56969,48.39249],[-4.56892,48.39278],[-4.56382,48.38801],[-4.56037,48.37839],[-4.56693,48.36899],[-4.56675,48.36592],[-4.56486,48.36459],[-4.55475,48.36127],[-4.55444,48.36119],[-4.55756,48.3565]]]]}},{"type":"Feature","properties":{"code":"29213","nom":"Plouzévédé","departement":"29","region":"53"},"geometry":{"type":"MultiPolygon","coordinates":[[[[-4.12006,48.60581],[-4.12491,48.61663],[-4.12519,48.622],[-4.12007,48.62498],[-4.11289,48.62106],[-4.10709,48.61944],[-4.10381,48.61978],[-4.10262,48.61985],[-4.09968,48.61773],[-4.10573,48.61161],[-4.10614,48.60885],[-4.10417,48.60614],[-4.09068,48.60351],[-4.07485,48.60194],[-4.06471,48.60232],[-4.06107,48.60383],[-4.06108,48.60242],[-4.05678,48.60225],[-4.05594,48.60103],[-4.05572,48.59834],[-4.06795,48.57595],[-4.08316,48.56975],[-4.09573,48.56671],[-4.11108,48.57635],[-4.11772,48.57785],[-4.11899,48.57923],[-4.12237,48.58454],[-4.1288,48.58767],[-4.12028,48.59884],[-4.12006,48.60581]]]]}},{"type":"Feature","properties":{"code":"29214","nom":"Plovan","departement":"29","region":"53"},"geometry":{"type":"MultiPolygon","coordinates":[[[[-4.32046,47.96154],[-4.31882,47.9585],[-4.32092,47.95778],[-4.326,47.95289],[-4.33103,47.94502],[-4.33564,47.94093],[-4.34068,47.93844],[-4.33997,47.92594],[-4.34399,47.91785],[-4.35727,47.91157],[-4.37333,47.9056],[-4.38652,47.92547],[-4.39906,47.93741],[-4.39399,47.9405],[-4.38769,47.94284],[-4.36904,47.9445],[-4.36056,47.94633],[-4.33438,47.95751],[-4.32046,47.96154]]]]}},{"type":"Feature","properties":{"code":"29215","nom":"Plozévet","departement":"29","region":"53"},"geometry":{"type":"MultiPolygon","coordinates":[[[[-4.41113,47.94815],[-4.41932,47.95919],[-4.42374,47.96304],[-4.45995,47.98381],[-4.46226,47.98583],[-4.45916,47.98965],[-4.43654,47.9981],[-4.43133,48.00263],[-4.43106,48.00912],[-4.42687,48.01024],[-4.41904,48.00654],[-4.41529,48.0025],[-4.41291,48.00213],[-4.40713,48.00346],[-4.3888,48.01044],[-4.38686,48.00919],[-4.37052,48.00522],[-4.37042,47.99832],[-4.37275,47.98815],[-4.37836,47.98031],[-4.37857,47.97363],[-4.38134,47.97158],[-4.38686,47.95773],[-4.39205,47.954],[-4.39952,47.95047],[-4.41113,47.94815]]]]}},{"type":"Feature","properties":{"code":"29216","nom":"Pluguffan","departement":"29","region":"53"},"geometry":{"type":"MultiPolygon","coordinates":[[[[-4.19134,47.93353],[-4.19711,47.94083],[-4.21897,47.94463],[-4.21794,47.94905],[-4.21526,47.95109],[-4.21409,47.95833],[-4.21515,47.96863],[-4.21894,47.97248],[-4.2237,47.97558],[-4.23754,47.97808],[-4.23909,47.98072],[-4.23899,47.98509],[-4.2354,47.9926],[-4.22948,47.99808],[-4.22786,47.99861],[-4.22601,47.99639],[-4.21667,47.99317],[-4.2035,47.99384],[-4.1931,47.99569],[-4.19021,47.99949],[-4.18494,48.00397],[-4.17825,48.0048],[-4.1757,48.00313],[-4.1635,47.98922],[-4.15633,47.98577],[-4.1545,47.98569],[-4.15244,47.98714],[-4.13714,47.97955],[-4.13691,47.97579],[-4.13284,47.9744],[-4.13088,47.97287],[-4.12792,47.96471],[-4.14179,47.96706],[-4.14687,47.96672],[-4.16073,47.95956],[-4.17565,47.94947],[-4.18262,47.94016],[-4.18537,47.93296],[-4.18816,47.93021],[-4.19134,47.93353]]]]}},{"type":"Feature","properties":{"code":"29217","nom":"Pont-Aven","departement":"29","region":"53"},"geometry":{"type":"MultiPolygon","coordinates":[[[[-3.78483,47.9052],[-3.78189,47.90543],[-3.77806,47.90411],[-3.75655,47.90099],[-3.7321,47.88314],[-3.72596,47.87227],[-3.72713,47.86623],[-3.73166,47.85556],[-3.73476,47.85048],[-3.73858,47.84795],[-3.74226,47.84717],[-3.7483,47.84783],[-3.74658,47.85114],[-3.74785,47.85409],[-3.74756,47.85069],[-3.74877,47.84834],[-3.75532,47.84395],[-3.76276,47.84554],[-3.77945,47.84551],[-3.78975,47.84308],[-3.79339,47.84468],[-3.79735,47.84944],[-3.79797,47.86378],[-3.79572,47.87206],[-3.79647,47.87227],[-3.79553,47.8735],[-3.79727,47.88372],[-3.79055,47.8987],[-3.78483,47.9052]]]]}},{"type":"Feature","properties":{"code":"29218","nom":"Pont-Croix","departement":"29","region":"53"},"geometry":{"type":"MultiPolygon","coordinates":[[[[-4.46903,48.03832],[-4.47409,48.03939],[-4.48096,48.03759],[-4.49886,48.03877],[-4.51013,48.03622],[-4.52821,48.03732],[-4.52715,48.03797],[-4.52737,48.03975],[-4.53494,48.04702],[-4.53939,48.04913],[-4.53931,48.04966],[-4.53642,48.05003],[-4.51893,48.04967],[-4.51107,48.05049],[-4.50337,48.05382],[-4.50076,48.058],[-4.49681,48.05968],[-4.49058,48.05992],[-4.48,48.05479],[-4.46601,48.05284],[-4.4661,48.04738],[-4.46903,48.03832]]]]}},{"type":"Feature","properties":{"code":"29220","nom":"Pont-l'Abbé","departement":"29","region":"53"},"geometry":{"type":"MultiPolygon","coordinates":[[[[-4.22401,47.84507],[-4.24607,47.84528],[-4.24827,47.85157],[-4.25821,47.87009],[-4.25498,47.87119],[-4.23754,47.86749],[-4.22842,47.86767],[-4.22629,47.87065],[-4.22594,47.87309],[-4.22905,47.87951],[-4.22019,47.88873],[-4.21516,47.89263],[-4.20783,47.89344],[-4.20295,47.88992],[-4.19464,47.88699],[-4.1848,47.88082],[-4.18278,47.87856],[-4.18339,47.87557],[-4.18547,47.87486],[-4.18911,47.8716],[-4.18747,47.86599],[-4.17985,47.8604],[-4.17682,47.85496],[-4.17677,47.85265],[-4.17812,47.85057],[-4.18551,47.85667],[-4.19839,47.86386],[-4.21116,47.86765],[-4.22159,47.8679],[-4.22162,47.86725],[-4.21277,47.86655],[-4.20683,47.86406],[-4.19355,47.85391],[-4.19426,47.85291],[-4.20557,47.84986],[-4.20797,47.84469],[-4.20776,47.84275],[-4.22401,47.84507]]]]}},{"type":"Feature","properties":{"code":"29221","nom":"Porspoder","departement":"29","region":"53"},"geometry":{"type":"MultiPolygon","coordinates":[[[[-4.75008,48.51642],[-4.74494,48.51204],[-4.72822,48.50493],[-4.72725,48.50354],[-4.73086,48.50059],[-4.73168,48.49697],[-4.72919,48.49083],[-4.73496,48.48336],[-4.74364,48.48069],[-4.76672,48.48028],[-4.77435,48.49008],[-4.77814,48.49932],[-4.77795,48.50357],[-4.77725,48.50479],[-4.77212,48.50752],[-4.76374,48.5196],[-4.75758,48.51887],[-4.75324,48.51631],[-4.75008,48.51642]]]]}},{"type":"Feature","properties":{"code":"29222","nom":"Port-Launay","departement":"29","region":"53"},"geometry":{"type":"MultiPolygon","coordinates":[[[[-4.09707,48.21112],[-4.09911,48.21223],[-4.09967,48.21391],[-4.09275,48.22022],[-4.08846,48.22275],[-4.07774,48.22504],[-4.07132,48.22079],[-4.06873,48.21739],[-4.06644,48.21272],[-4.07202,48.21035],[-4.07577,48.2111],[-4.074,48.21365],[-4.07417,48.21525],[-4.07585,48.21672],[-4.07928,48.21729],[-4.09067,48.21426],[-4.09707,48.21112]]]]}},{"type":"Feature","properties":{"code":"29224","nom":"Pouldergat","departement":"29","region":"53"},"geometry":{"type":"MultiPolygon","coordinates":[[[[-4.32452,48.0735],[-4.32456,48.0666],[-4.3194,48.06042],[-4.31554,48.0567],[-4.30661,48.051],[-4.30246,48.04866],[-4.29881,48.04848],[-4.283,48.04551],[-4.29061,48.03211],[-4.28663,48.0237],[-4.29403,48.01302],[-4.29557,48.01246],[-4.29917,48.01294],[-4.30488,48.0149],[-4.3146,48.02161],[-4.33186,48.024],[-4.36399,48.0247],[-4.36784,48.02636],[-4.36818,48.03265],[-4.37003,48.03455],[-4.35917,48.0466],[-4.35397,48.04594],[-4.35228,48.0474],[-4.35175,48.05189],[-4.35348,48.05317],[-4.35443,48.05786],[-4.35435,48.06222],[-4.3533,48.06317],[-4.34989,48.06328],[-4.34337,48.06495],[-4.33273,48.07086],[-4.32452,48.0735]]]]}},{"type":"Feature","properties":{"code":"29225","nom":"Pouldreuzic","departement":"29","region":"53"},"geometry":{"type":"MultiPolygon","coordinates":[[[[-4.37836,47.98031],[-4.36772,47.98206],[-4.36129,47.98185],[-4.35621,47.97821],[-4.34968,47.97562],[-4.34023,47.97491],[-4.32127,47.97823],[-4.31992,47.97123],[-4.32073,47.96874],[-4.32324,47.96798],[-4.32257,47.96374],[-4.32046,47.96154],[-4.33438,47.95751],[-4.36056,47.94633],[-4.36904,47.9445],[-4.38769,47.94284],[-4.39399,47.9405],[-4.39906,47.93741],[-4.41113,47.94815],[-4.39952,47.95047],[-4.39205,47.954],[-4.38686,47.95773],[-4.38134,47.97158],[-4.37857,47.97363],[-4.37836,47.98031]]]]}},{"type":"Feature","properties":{"code":"29226","nom":"Poullan-sur-Mer","departement":"29","region":"53"},"geometry":{"type":"MultiPolygon","coordinates":[[[[-4.45732,48.09657],[-4.43965,48.09659],[-4.42681,48.09982],[-4.42369,48.1028],[-4.40424,48.10533],[-4.39476,48.10438],[-4.3897,48.10462],[-4.379,48.10781],[-4.37223,48.09608],[-4.36686,48.09062],[-4.36052,48.08588],[-4.3613,48.08088],[-4.36778,48.08226],[-4.3744,48.08216],[-4.37592,48.07586],[-4.37501,48.07382],[-4.36995,48.06812],[-4.3533,48.06317],[-4.35435,48.06222],[-4.35443,48.05786],[-4.35348,48.05317],[-4.35175,48.05189],[-4.35228,48.0474],[-4.35397,48.04594],[-4.35917,48.0466],[-4.36897,48.04683],[-4.37617,48.04437],[-4.38542,48.04278],[-4.40145,48.04418],[-4.40184,48.05136],[-4.41627,48.05538],[-4.41902,48.05812],[-4.42224,48.06585],[-4.41975,48.07184],[-4.41979,48.07639],[-4.42194,48.08134],[-4.4232,48.08214],[-4.42789,48.08268],[-4.43954,48.07972],[-4.45509,48.0927],[-4.45749,48.09516],[-4.45732,48.09657]]]]}},{"type":"Feature","properties":{"code":"29227","nom":"Poullaouen","departement":"29","region":"53"},"geometry":{"type":"MultiPolygon","coordinates":[[[[-3.67971,48.29594],[-3.68355,48.29956],[-3.69195,48.30265],[-3.6951,48.30607],[-3.695,48.30701],[-3.69185,48.30914],[-3.6806,48.3152],[-3.67933,48.31699],[-3.68104,48.32086],[-3.68093,48.32197],[-3.7093,48.33847],[-3.72013,48.34625],[-3.7228,48.34664],[-3.737,48.3457],[-3.73734,48.34782],[-3.71501,48.36244],[-3.71713,48.37451],[-3.71513,48.38305],[-3.705,48.3887],[-3.68684,48.3862],[-3.6796,48.37276],[-3.6792,48.37256],[-3.67539,48.37551],[-3.67418,48.38145],[-3.67026,48.38546],[-3.66314,48.38935],[-3.6468,48.38544],[-3.63678,48.38049],[-3.61501,48.38209],[-3.60796,48.38854],[-3.60113,48.38622],[-3.57901,48.38147],[-3.55415,48.37855],[-3.55365,48.37312],[-3.55694,48.36446],[-3.55786,48.35868],[-3.5631,48.3468],[-3.57907,48.34588],[-3.591,48.32756],[-3.60742,48.3142],[-3.60852,48.30846],[-3.61228,48.30518],[-3.61499,48.30573],[-3.63313,48.30423],[-3.65986,48.29241],[-3.67015,48.29344],[-3.67971,48.29594]]]]}},{"type":"Feature","properties":{"code":"29228","nom":"Primelin","departement":"29","region":"53"},"geometry":{"type":"MultiPolygon","coordinates":[[[[-4.58721,48.03924],[-4.58576,48.03917],[-4.57793,48.03511],[-4.57632,48.02305],[-4.57745,48.02218],[-4.58205,48.02132],[-4.5999,48.01892],[-4.60278,48.01771],[-4.60302,48.01533],[-4.61684,48.01672],[-4.62235,48.01875],[-4.63301,48.0296],[-4.63451,48.03836],[-4.62256,48.03944],[-4.61293,48.03822],[-4.59826,48.03757],[-4.59036,48.03806],[-4.58721,48.03924]]]]}},{"type":"Feature","properties":{"code":"29229","nom":"Quéménéven","departement":"29","region":"53"},"geometry":{"type":"MultiPolygon","coordinates":[[[[-4.18055,48.09893],[-4.18123,48.10291],[-4.19601,48.11105],[-4.20197,48.1118],[-4.2029,48.11189],[-4.20584,48.12202],[-4.19473,48.12946],[-4.19183,48.13056],[-4.17453,48.12896],[-4.16314,48.13046],[-4.15461,48.13367],[-4.13898,48.1426],[-4.13547,48.14382],[-4.12955,48.14238],[-4.12489,48.14006],[-4.12088,48.13451],[-4.11206,48.12704],[-4.10673,48.12979],[-4.09871,48.12908],[-4.08978,48.12746],[-4.08517,48.12583],[-4.07901,48.12157],[-4.09142,48.11162],[-4.102,48.10587],[-4.10253,48.10682],[-4.11366,48.10312],[-4.12561,48.09751],[-4.13135,48.0959],[-4.13601,48.09665],[-4.1386,48.10167],[-4.14466,48.10335],[-4.16895,48.10153],[-4.18055,48.09893]]]]}},{"type":"Feature","properties":{"code":"29230","nom":"Querrien","departement":"29","region":"53"},"geometry":{"type":"MultiPolygon","coordinates":[[[[-3.51667,47.923],[-3.53028,47.92451],[-3.55203,47.91508],[-3.55709,47.91395],[-3.56493,47.91807],[-3.59683,47.92737],[-3.59564,47.93064],[-3.59843,47.9416],[-3.59883,47.95058],[-3.5975,47.95473],[-3.58904,47.95821],[-3.58574,47.96234],[-3.58467,47.96649],[-3.58624,47.96926],[-3.59483,47.97319],[-3.61106,47.97833],[-3.61276,47.98511],[-3.60744,47.98933],[-3.59628,47.99057],[-3.58975,47.98925],[-3.58707,47.98658],[-3.58098,47.98621],[-3.56649,47.99242],[-3.54327,47.98847],[-3.5208,47.97692],[-3.5148,47.9749],[-3.49719,47.97671],[-3.4895,47.97205],[-3.48585,47.968],[-3.48241,47.9585],[-3.4788,47.95369],[-3.47451,47.94941],[-3.4668,47.94742],[-3.46764,47.94576],[-3.46935,47.94509],[-3.47016,47.94346],[-3.48437,47.94207],[-3.502,47.94721],[-3.50848,47.94486],[-3.51264,47.93798],[-3.51309,47.93047],[-3.51667,47.923]]]]}},{"type":"Feature","properties":{"code":"29232","nom":"Quimper","departement":"29","region":"53"},"geometry":{"type":"MultiPolygon","coordinates":[[[[-4.13714,47.97955],[-4.15244,47.98714],[-4.15516,47.9956],[-4.15917,48.0006],[-4.1573,48.00146],[-4.16972,48.01253],[-4.18172,48.01864],[-4.1821,48.02129],[-4.1768,48.02252],[-4.17112,48.02227],[-4.1651,48.01747],[-4.16038,48.01675],[-4.15238,48.01705],[-4.1433,48.01922],[-4.13206,48.01777],[-4.13433,48.02227],[-4.14212,48.02407],[-4.14626,48.02661],[-4.14874,48.0294],[-4.14795,48.03193],[-4.13368,48.0405],[-4.12843,48.04201],[-4.12208,48.04007],[-4.11383,48.04104],[-4.10915,48.04518],[-4.10884,48.05967],[-4.10797,48.06363],[-4.10654,48.06474],[-4.1031,48.06378],[-4.09356,48.06555],[-4.08448,48.06451],[-4.07521,48.06067],[-4.06723,48.04943],[-4.06816,48.04549],[-4.06614,48.04471],[-4.05785,48.03704],[-4.05851,48.03463],[-4.06025,48.03449],[-4.05624,48.03041],[-4.06209,48.01549],[-4.06383,48.00721],[-4.06636,47.99529],[-4.06937,47.99355],[-4.07172,47.99393],[-4.06836,47.99177],[-4.05708,47.99337],[-4.02617,47.99206],[-4.01804,47.98997],[-4.0157,47.98841],[-4.01271,47.9846],[-4.01375,47.97841],[-4.01382,47.97758],[-4.03035,47.9681],[-4.034,47.96409],[-4.03647,47.96013],[-4.04026,47.94968],[-4.04714,47.93773],[-4.05314,47.93354],[-4.06036,47.93063],[-4.06474,47.93051],[-4.06635,47.93216],[-4.06874,47.93297],[-4.06915,47.93293],[-4.09227,47.93939],[-4.09429,47.94175],[-4.08541,47.94927],[-4.08303,47.94991],[-4.0777,47.94883],[-4.0774,47.94983],[-4.07948,47.95195],[-4.08252,47.95197],[-4.08151,47.95125],[-4.08371,47.9515],[-4.08417,47.9529],[-4.0951,47.94389],[-4.10304,47.94304],[-4.10888,47.94402],[-4.10873,47.94798],[-4.10531,47.95049],[-4.09875,47.95261],[-4.09599,47.95947],[-4.09584,47.96992],[-4.10074,47.97426],[-4.11097,47.97526],[-4.11321,47.97639],[-4.11495,47.98373],[-4.11719,47.98371],[-4.1181,47.97726],[-4.11691,47.9752],[-4.1121,47.97199],[-4.11534,47.96873],[-4.12085,47.96539],[-4.12792,47.96471],[-4.13088,47.97287],[-4.13284,47.9744],[-4.13691,47.97579],[-4.13714,47.97955]]]]}},{"type":"Feature","properties":{"code":"29233","nom":"Quimperlé","departement":"29","region":"53"},"geometry":{"type":"MultiPolygon","coordinates":[[[[-3.52308,47.84918],[-3.53891,47.83699],[-3.5403,47.8327],[-3.53986,47.82272],[-3.54939,47.82326],[-3.55858,47.82469],[-3.57231,47.83247],[-3.57881,47.8335],[-3.58523,47.82415],[-3.58601,47.82502],[-3.586,47.83512],[-3.58895,47.83863],[-3.59483,47.84014],[-3.59784,47.83916],[-3.60149,47.83959],[-3.61101,47.8418],[-3.59135,47.85385],[-3.59183,47.86017],[-3.59365,47.864],[-3.59218,47.86478],[-3.58598,47.86716],[-3.5845,47.86741],[-3.58478,47.86925],[-3.5816,47.87248],[-3.57359,47.87857],[-3.56482,47.88324],[-3.56497,47.88436],[-3.55085,47.89009],[-3.54736,47.8897],[-3.53954,47.88352],[-3.53928,47.87991],[-3.53211,47.87943],[-3.52747,47.88058],[-3.5253,47.87927],[-3.5165,47.87675],[-3.51135,47.8735],[-3.50882,47.86711],[-3.51552,47.85722],[-3.51305,47.84996],[-3.5139,47.84987],[-3.51903,47.84918],[-3.52308,47.84918]]]]}},{"type":"Feature","properties":{"code":"29234","nom":"Rédené","departement":"29","region":"53"},"geometry":{"type":"MultiPolygon","coordinates":[[[[-3.51903,47.84918],[-3.5139,47.84987],[-3.51305,47.84996],[-3.51552,47.85722],[-3.50882,47.86711],[-3.51135,47.8735],[-3.5165,47.87675],[-3.5253,47.87927],[-3.52747,47.88058],[-3.50353,47.88376],[-3.50041,47.88621],[-3.49936,47.88825],[-3.49581,47.88794],[-3.48934,47.88105],[-3.47578,47.8733],[-3.45802,47.87162],[-3.4514,47.86695],[-3.44953,47.86099],[-3.44973,47.85301],[-3.45129,47.84552],[-3.45524,47.84124],[-3.45773,47.83672],[-3.4721,47.83652],[-3.47499,47.83562],[-3.48024,47.83034],[-3.48737,47.82743],[-3.49421,47.82647],[-3.51274,47.83314],[-3.51955,47.83957],[-3.52026,47.84483],[-3.51903,47.84918]]]]}},{"type":"Feature","properties":{"code":"29235","nom":"Le Relecq-Kerhuon","departement":"29","region":"53"},"geometry":{"type":"MultiPolygon","coordinates":[[[[-4.39821,48.39245],[-4.40296,48.39015],[-4.40788,48.39052],[-4.4227,48.39689],[-4.42233,48.39845],[-4.42648,48.39926],[-4.42579,48.40303],[-4.41906,48.40965],[-4.41595,48.4099],[-4.41271,48.41029],[-4.41335,48.41137],[-4.40489,48.414],[-4.40516,48.4147],[-4.40336,48.41508],[-4.39036,48.41459],[-4.38827,48.4152],[-4.37965,48.40602],[-4.37635,48.40023],[-4.37681,48.40003],[-4.39283,48.39743],[-4.39675,48.39395],[-4.39635,48.39381],[-4.39821,48.39245]]]]}},{"type":"Feature","properties":{"code":"29236","nom":"Riec-sur-Bélon","departement":"29","region":"53"},"geometry":{"type":"MultiPolygon","coordinates":[[[[-3.633,47.84069],[-3.63628,47.83118],[-3.64696,47.82312],[-3.65121,47.82168],[-3.66074,47.82457],[-3.66852,47.82538],[-3.69586,47.82104],[-3.70305,47.81782],[-3.72518,47.80526],[-3.73015,47.80338],[-3.73256,47.80339],[-3.73491,47.80419],[-3.74187,47.8123],[-3.74349,47.81649],[-3.7437,47.82794],[-3.74738,47.83207],[-3.74944,47.83255],[-3.75043,47.83384],[-3.75056,47.83539],[-3.74702,47.84186],[-3.7447,47.84203],[-3.74313,47.84087],[-3.74432,47.84231],[-3.74835,47.84335],[-3.74941,47.84517],[-3.7483,47.84783],[-3.74226,47.84717],[-3.73858,47.84795],[-3.73476,47.85048],[-3.73166,47.85556],[-3.72713,47.86623],[-3.72596,47.87227],[-3.7321,47.88314],[-3.6972,47.8993],[-3.69544,47.89821],[-3.68998,47.87659],[-3.68485,47.87115],[-3.67759,47.86535],[-3.67258,47.86553],[-3.65539,47.86822],[-3.64762,47.87226],[-3.64011,47.87802],[-3.63016,47.87869],[-3.61012,47.87405],[-3.61106,47.87136],[-3.61398,47.87008],[-3.61856,47.87],[-3.63047,47.86568],[-3.63208,47.86219],[-3.62887,47.85525],[-3.63393,47.84352],[-3.633,47.84069]]]]}},{"type":"Feature","properties":{"code":"29237","nom":"La Roche-Maurice","departement":"29","region":"53"},"geometry":{"type":"MultiPolygon","coordinates":[[[[-4.22494,48.46564],[-4.22336,48.46859],[-4.22041,48.46949],[-4.21664,48.49144],[-4.21483,48.49191],[-4.20423,48.49084],[-4.20335,48.48582],[-4.20224,48.48522],[-4.18707,48.48019],[-4.1731,48.48562],[-4.16298,48.48798],[-4.14951,48.48513],[-4.15638,48.4825],[-4.16738,48.47593],[-4.17308,48.47146],[-4.17917,48.46267],[-4.18187,48.46312],[-4.18935,48.45904],[-4.20617,48.45574],[-4.20868,48.45803],[-4.22494,48.46564]]]]}},{"type":"Feature","properties":{"code":"29238","nom":"Roscanvel","departement":"29","region":"53"},"geometry":{"type":"MultiPolygon","coordinates":[[[[-4.55324,48.29478],[-4.55537,48.29369],[-4.5566,48.29516],[-4.56239,48.29535],[-4.5643,48.29491],[-4.56736,48.29198],[-4.57131,48.299],[-4.57127,48.30343],[-4.57488,48.31177],[-4.58019,48.31968],[-4.57831,48.32283],[-4.56737,48.33113],[-4.55731,48.33652],[-4.54964,48.33891],[-4.53598,48.34146],[-4.53247,48.34139],[-4.53343,48.33795],[-4.54079,48.32956],[-4.54476,48.32233],[-4.54485,48.31815],[-4.54704,48.31176],[-4.54986,48.30806],[-4.55614,48.30381],[-4.55598,48.29933],[-4.55324,48.29478]]]]}},{"type":"Feature","properties":{"code":"29239","nom":"Roscoff","departement":"29","region":"53"},"geometry":{"type":"MultiPolygon","coordinates":[[[[-4.01127,48.71663],[-4.00719,48.72229],[-4.0071,48.724],[-4.00651,48.72701],[-4.00319,48.72602],[-4.00667,48.72209],[-4.00686,48.71931],[-4.00473,48.71487],[-4.00082,48.71159],[-3.99292,48.71517],[-3.99089,48.71843],[-3.99238,48.72132],[-3.98884,48.72709],[-3.983,48.72653],[-3.97921,48.72262],[-3.97175,48.72474],[-3.96575,48.72139],[-3.97367,48.70398],[-3.98786,48.70329],[-3.99695,48.69511],[-3.99765,48.69546],[-4.00754,48.69668],[-4.00483,48.70985],[-4.00751,48.7142],[-4.0119,48.71545],[-4.01127,48.71663]]]]}},{"type":"Feature","properties":{"code":"29240","nom":"Rosnoën","departement":"29","region":"53"},"geometry":{"type":"MultiPolygon","coordinates":[[[[-4.20071,48.24755],[-4.20083,48.24953],[-4.21095,48.25855],[-4.21659,48.2611],[-4.225,48.26011],[-4.23697,48.25394],[-4.23982,48.25408],[-4.24398,48.25756],[-4.24917,48.26557],[-4.25107,48.26693],[-4.26381,48.27125],[-4.27646,48.27661],[-4.27996,48.2789],[-4.27693,48.28105],[-4.26905,48.27921],[-4.26049,48.27986],[-4.24482,48.28582],[-4.22738,48.29035],[-4.20772,48.29253],[-4.20151,48.29404],[-4.19961,48.29407],[-4.19598,48.29171],[-4.18115,48.28519],[-4.17384,48.28446],[-4.16901,48.28583],[-4.17097,48.28984],[-4.16405,48.29816],[-4.16027,48.29885],[-4.15257,48.29626],[-4.15232,48.29272],[-4.14356,48.28479],[-4.14678,48.28346],[-4.14826,48.28471],[-4.15476,48.28639],[-4.15649,48.28513],[-4.1504,48.28123],[-4.14895,48.2791],[-4.14608,48.2679],[-4.14219,48.26066],[-4.14254,48.25743],[-4.15382,48.24629],[-4.18364,48.24816],[-4.20071,48.24755]]]]}},{"type":"Feature","properties":{"code":"29241","nom":"Rosporden","departement":"29","region":"53"},"geometry":{"type":"MultiPolygon","coordinates":[[[[-3.75392,47.93595],[-3.7587,47.93212],[-3.76298,47.92425],[-3.75801,47.91402],[-3.75655,47.90099],[-3.77806,47.90411],[-3.78189,47.90543],[-3.78483,47.9052],[-3.79022,47.90745],[-3.79301,47.91009],[-3.80006,47.92521],[-3.79891,47.92926],[-3.81047,47.94041],[-3.8172,47.94428],[-3.82439,47.94327],[-3.8323,47.94357],[-3.83985,47.94489],[-3.8471,47.95169],[-3.85329,47.95225],[-3.87425,47.95088],[-3.87747,47.94881],[-3.88702,47.9492],[-3.89059,47.94794],[-3.89227,47.94799],[-3.89389,47.94918],[-3.89532,47.95597],[-3.87649,47.96076],[-3.87519,47.96261],[-3.86994,47.95978],[-3.86473,47.95978],[-3.85988,47.96073],[-3.85642,47.96338],[-3.85463,47.97222],[-3.8565,47.97446],[-3.85608,47.97695],[-3.84913,47.9865],[-3.84302,47.98938],[-3.83717,47.99538],[-3.83358,47.99287],[-3.8185,47.98828],[-3.81817,47.98831],[-3.81527,47.99084],[-3.81324,47.99626],[-3.80404,47.99789],[-3.78234,47.996],[-3.77007,47.99587],[-3.75951,47.99746],[-3.75229,47.98425],[-3.75135,47.97121],[-3.758,47.9688],[-3.76174,47.9581],[-3.75414,47.9417],[-3.75446,47.94057],[-3.75392,47.93595]]]]}},{"type":"Feature","properties":{"code":"29243","nom":"Saint-Coulitz","departement":"29","region":"53"},"geometry":{"type":"MultiPolygon","coordinates":[[[[-4.09175,48.18993],[-4.08909,48.18814],[-4.08586,48.18791],[-4.07808,48.19067],[-4.07526,48.19255],[-4.06388,48.20466],[-4.06108,48.20588],[-4.0563,48.20616],[-4.05079,48.20361],[-4.04852,48.2006],[-4.05389,48.18821],[-4.05352,48.1862],[-4.04979,48.18242],[-4.0458,48.18137],[-4.04456,48.17931],[-4.0542,48.16184],[-4.05819,48.1639],[-4.06287,48.16319],[-4.06572,48.16109],[-4.0776,48.16217],[-4.07997,48.16582],[-4.07664,48.17628],[-4.08932,48.17822],[-4.0939,48.17814],[-4.09604,48.17698],[-4.09638,48.17525],[-4.09876,48.17472],[-4.09914,48.18156],[-4.09398,48.18879],[-4.09175,48.18993]]]]}},{"type":"Feature","properties":{"code":"29244","nom":"Saint-Derrien","departement":"29","region":"53"},"geometry":{"type":"MultiPolygon","coordinates":[[[[-4.15232,48.54599],[-4.15252,48.54433],[-4.15977,48.53332],[-4.16557,48.52815],[-4.16848,48.52703],[-4.18499,48.53219],[-4.20972,48.53324],[-4.21511,48.53594],[-4.21732,48.54334],[-4.21495,48.55009],[-4.2147,48.56036],[-4.21368,48.56091],[-4.2106,48.55966],[-4.18662,48.5543],[-4.18413,48.55435],[-4.18166,48.55482],[-4.17904,48.55894],[-4.17726,48.56778],[-4.17589,48.56878],[-4.1723,48.56876],[-4.16883,48.56717],[-4.16606,48.56501],[-4.16657,48.56336],[-4.17493,48.55387],[-4.16867,48.54934],[-4.16159,48.54691],[-4.15232,48.54599]]]]}},{"type":"Feature","properties":{"code":"29245","nom":"Saint-Divy","departement":"29","region":"53"},"geometry":{"type":"MultiPolygon","coordinates":[[[[-4.36255,48.45718],[-4.34284,48.46363],[-4.34114,48.46533],[-4.34032,48.46893],[-4.33297,48.46908],[-4.30894,48.46154],[-4.30463,48.45831],[-4.30189,48.44883],[-4.30124,48.44604],[-4.31255,48.44718],[-4.32873,48.44572],[-4.33973,48.43526],[-4.34204,48.43485],[-4.34458,48.43734],[-4.34784,48.45128],[-4.36153,48.45559],[-4.36255,48.45718]]]]}},{"type":"Feature","properties":{"code":"29246","nom":"Saint-Eloy","departement":"29","region":"53"},"geometry":{"type":"MultiPolygon","coordinates":[[[[-4.15482,48.35357],[-4.15534,48.35467],[-4.15901,48.35617],[-4.16372,48.35589],[-4.16735,48.36133],[-4.15938,48.36945],[-4.15466,48.37208],[-4.14907,48.37426],[-4.14247,48.37481],[-4.13708,48.37247],[-4.11954,48.36769],[-4.11017,48.36848],[-4.10513,48.37059],[-4.08986,48.38019],[-4.08165,48.36822],[-4.07048,48.3591],[-4.05897,48.35158],[-4.12371,48.35748],[-4.14997,48.35485],[-4.15482,48.35357]]]]}},{"type":"Feature","properties":{"code":"29247","nom":"Saint-Évarzec","departement":"29","region":"53"},"geometry":{"type":"MultiPolygon","coordinates":[[[[-3.99622,47.92644],[-4.01126,47.92715],[-4.01579,47.92574],[-4.01675,47.92467],[-4.01608,47.92368],[-4.02064,47.92282],[-4.02409,47.92654],[-4.0377,47.93016],[-4.04299,47.93443],[-4.04463,47.93773],[-4.04714,47.93773],[-4.04026,47.94968],[-4.03647,47.96013],[-4.034,47.96409],[-4.03035,47.9681],[-4.01382,47.97758],[-4.01375,47.97841],[-4.01271,47.9846],[-4.0157,47.98841],[-3.9985,47.98836],[-3.98063,47.98362],[-3.98048,47.98083],[-3.98305,47.97331],[-3.98663,47.96797],[-3.98466,47.96313],[-3.9776,47.95436],[-3.9813,47.94391],[-3.98363,47.94256],[-3.99622,47.92644]]]]}},{"type":"Feature","properties":{"code":"29248","nom":"Saint-Frégant","departement":"29","region":"53"},"geometry":{"type":"MultiPolygon","coordinates":[[[[-4.3492,48.61623],[-4.34465,48.61514],[-4.36893,48.58845],[-4.37338,48.58348],[-4.37502,48.57804],[-4.39805,48.58662],[-4.39196,48.59609],[-4.3877,48.60833],[-4.38615,48.60973],[-4.37833,48.61362],[-4.36949,48.61668],[-4.3492,48.61623]]]]}},{"type":"Feature","properties":{"code":"29249","nom":"Saint-Goazec","departement":"29","region":"53"},"geometry":{"type":"MultiPolygon","coordinates":[[[[-3.69597,48.1521],[-3.69468,48.15092],[-3.69768,48.14563],[-3.70698,48.14509],[-3.71461,48.1431],[-3.71565,48.14021],[-3.71409,48.13829],[-3.71413,48.1333],[-3.72337,48.12494],[-3.74917,48.12906],[-3.75966,48.12676],[-3.76367,48.12462],[-3.76707,48.1267],[-3.77337,48.13663],[-3.78407,48.13765],[-3.82032,48.14522],[-3.82626,48.15183],[-3.82249,48.15851],[-3.81794,48.16133],[-3.81814,48.17757],[-3.81296,48.18096],[-3.80776,48.17871],[-3.80655,48.17014],[-3.80414,48.16665],[-3.80096,48.16484],[-3.79641,48.16602],[-3.79278,48.16806],[-3.79097,48.17105],[-3.79067,48.17577],[-3.78666,48.17869],[-3.78003,48.17884],[-3.77086,48.17408],[-3.7601,48.17286],[-3.73664,48.16316],[-3.72272,48.15851],[-3.70591,48.14996],[-3.69597,48.1521]]]]}},{"type":"Feature","properties":{"code":"29250","nom":"Saint-Hernin","departement":"29","region":"53"},"geometry":{"type":"MultiPolygon","coordinates":[[[[-3.66138,48.2178],[-3.65795,48.2183],[-3.65591,48.22081],[-3.64417,48.22576],[-3.63501,48.22834],[-3.62406,48.23561],[-3.61948,48.24261],[-3.61788,48.24721],[-3.61266,48.24712],[-3.6009,48.24161],[-3.60023,48.23776],[-3.59687,48.23567],[-3.58592,48.22216],[-3.58214,48.20992],[-3.58349,48.20344],[-3.58204,48.1998],[-3.57941,48.19737],[-3.56642,48.19008],[-3.56607,48.18678],[-3.56484,48.18583],[-3.5806,48.18244],[-3.58832,48.17782],[-3.59663,48.17592],[-3.60998,48.17414],[-3.62094,48.17118],[-3.62393,48.17891],[-3.62547,48.19179],[-3.62451,48.19497],[-3.62834,48.2029],[-3.63333,48.20546],[-3.64248,48.20585],[-3.65359,48.20769],[-3.66116,48.21526],[-3.66138,48.2178]]]]}},{"type":"Feature","properties":{"code":"29251","nom":"Saint-Jean-du-Doigt","departement":"29","region":"53"},"geometry":{"type":"MultiPolygon","coordinates":[[[[-3.75044,48.63145],[-3.75383,48.62865],[-3.76884,48.62658],[-3.76876,48.6287],[-3.76638,48.63258],[-3.77282,48.63627],[-3.78025,48.63896],[-3.78429,48.63874],[-3.78571,48.65674],[-3.78073,48.66236],[-3.77544,48.67491],[-3.77853,48.70008],[-3.77991,48.70182],[-3.77588,48.70297],[-3.77453,48.70481],[-3.76657,48.70866],[-3.7582,48.70909],[-3.74818,48.70779],[-3.74652,48.70694],[-3.74119,48.68783],[-3.73886,48.67904],[-3.74009,48.67746],[-3.74431,48.67624],[-3.74866,48.67241],[-3.75247,48.65841],[-3.75257,48.64362],[-3.75044,48.63145]]]]}},{"type":"Feature","properties":{"code":"29252","nom":"Saint-Jean-Trolimon","departement":"29","region":"53"},"geometry":{"type":"MultiPolygon","coordinates":[[[[-4.34247,47.86549],[-4.3264,47.86666],[-4.31599,47.86956],[-4.30214,47.8705],[-4.29352,47.87292],[-4.28485,47.87902],[-4.27974,47.88039],[-4.2768,47.87912],[-4.2658,47.86812],[-4.27473,47.8624],[-4.28275,47.85358],[-4.28891,47.85241],[-4.29277,47.85249],[-4.29836,47.85342],[-4.30088,47.85491],[-4.31228,47.85584],[-4.34771,47.84903],[-4.35228,47.86296],[-4.34425,47.86597],[-4.34247,47.86549]]],[[[-4.30329,47.89655],[-4.29814,47.89097],[-4.29829,47.88699],[-4.30046,47.88245],[-4.30857,47.87668],[-4.32735,47.87047],[-4.33258,47.87863],[-4.33121,47.88112],[-4.31287,47.89144],[-4.30993,47.89441],[-4.3111,47.89541],[-4.30329,47.89655]]]]}},{"type":"Feature","properties":{"code":"29254","nom":"Saint-Martin-des-Champs","departement":"29","region":"53"},"geometry":{"type":"MultiPolygon","coordinates":[[[[-3.83655,48.55455],[-3.84186,48.54781],[-3.84686,48.54604],[-3.86723,48.54484],[-3.874,48.54948],[-3.86432,48.55684],[-3.86665,48.56144],[-3.87414,48.5685],[-3.87558,48.57253],[-3.87552,48.57603],[-3.87257,48.5797],[-3.87226,48.58187],[-3.87509,48.58707],[-3.87344,48.60252],[-3.8679,48.60431],[-3.85947,48.60493],[-3.85119,48.60443],[-3.8492,48.60369],[-3.84637,48.6016],[-3.8407,48.59403],[-3.83706,48.58682],[-3.83586,48.58393],[-3.84038,48.57737],[-3.84153,48.57054],[-3.83707,48.56786],[-3.83624,48.56742],[-3.83773,48.55957],[-3.83655,48.55455]]]]}},{"type":"Feature","properties":{"code":"29255","nom":"Saint-Méen","departement":"29","region":"53"},"geometry":{"type":"MultiPolygon","coordinates":[[[[-4.24711,48.53061],[-4.25962,48.53544],[-4.26473,48.5382],[-4.26884,48.54179],[-4.28494,48.56518],[-4.29036,48.56607],[-4.29265,48.57003],[-4.28957,48.57053],[-4.28416,48.57342],[-4.28036,48.57283],[-4.26936,48.57352],[-4.25425,48.5764],[-4.24298,48.57689],[-4.23885,48.5768],[-4.23861,48.57481],[-4.24091,48.57393],[-4.24547,48.56726],[-4.25145,48.56835],[-4.25217,48.56433],[-4.25067,48.56044],[-4.24245,48.55365],[-4.23174,48.53941],[-4.22988,48.53465],[-4.23605,48.53534],[-4.24318,48.53401],[-4.24711,48.53061]]]]}},{"type":"Feature","properties":{"code":"29256","nom":"Saint-Nic","departement":"29","region":"53"},"geometry":{"type":"MultiPolygon","coordinates":[[[[-4.24096,48.20857],[-4.24311,48.20837],[-4.26173,48.20114],[-4.28546,48.19045],[-4.29513,48.18459],[-4.29706,48.18566],[-4.30501,48.19566],[-4.31612,48.20326],[-4.3208,48.20404],[-4.30508,48.2207],[-4.30349,48.22441],[-4.30099,48.22594],[-4.2934,48.22868],[-4.28382,48.23038],[-4.26996,48.23119],[-4.26648,48.22965],[-4.25839,48.22691],[-4.2489,48.22536],[-4.24491,48.22272],[-4.2424,48.21828],[-4.2426,48.21282],[-4.24096,48.20857]]]]}},{"type":"Feature","properties":{"code":"29257","nom":"Saint-Pabu","departement":"29","region":"53"},"geometry":{"type":"MultiPolygon","coordinates":[[[[-4.64626,48.57214],[-4.62711,48.57765],[-4.60573,48.57251],[-4.59825,48.57195],[-4.5964,48.56999],[-4.59273,48.56202],[-4.59616,48.5561],[-4.59486,48.55333],[-4.5984,48.5531],[-4.61593,48.5478],[-4.62925,48.54624],[-4.64065,48.55812],[-4.64713,48.56765],[-4.64626,48.57214]]]]}},{"type":"Feature","properties":{"code":"29259","nom":"Saint-Pol-de-Léon","departement":"29","region":"53"},"geometry":{"type":"MultiPolygon","coordinates":[[[[-4.01803,48.69131],[-4.00754,48.69668],[-3.99765,48.69546],[-3.99695,48.69511],[-3.98786,48.70329],[-3.97367,48.70398],[-3.97336,48.70274],[-3.97606,48.70002],[-3.97598,48.69894],[-3.96976,48.69389],[-3.96664,48.69009],[-3.96166,48.68809],[-3.9616,48.68572],[-3.95883,48.68339],[-3.96168,48.68548],[-3.96377,48.68839],[-3.96662,48.68973],[-3.97038,48.68651],[-3.97056,48.68265],[-3.96705,48.67767],[-3.96192,48.67415],[-3.95667,48.67309],[-3.95402,48.67094],[-3.95177,48.66159],[-3.9532,48.65615],[-3.95607,48.65252],[-3.95772,48.64809],[-3.96459,48.64635],[-3.97675,48.64641],[-3.99197,48.65084],[-4.00655,48.65135],[-4.02089,48.65752],[-4.02525,48.65854],[-4.0258,48.66123],[-4.01976,48.67414],[-4.01957,48.67837],[-4.0244,48.68642],[-4.01803,48.69131]]]]}},{"type":"Feature","properties":{"code":"29260","nom":"Saint-Renan","departement":"29","region":"53"},"geometry":{"type":"MultiPolygon","coordinates":[[[[-4.59089,48.41184],[-4.59143,48.41041],[-4.60414,48.40716],[-4.61427,48.41141],[-4.62994,48.41335],[-4.64481,48.41018],[-4.65043,48.4163],[-4.64963,48.42065],[-4.64845,48.42234],[-4.64826,48.42627],[-4.65161,48.44014],[-4.64911,48.4439],[-4.64201,48.44121],[-4.62724,48.44028],[-4.62394,48.44523],[-4.62465,48.44814],[-4.62308,48.44899],[-4.6213,48.44895],[-4.6211,48.44995],[-4.61377,48.44745],[-4.60945,48.44211],[-4.60975,48.43655],[-4.61234,48.43313],[-4.59932,48.42838],[-4.60151,48.4272],[-4.59385,48.41784],[-4.59089,48.41184]]]]}},{"type":"Feature","properties":{"code":"29261","nom":"Saint-Rivoal","departement":"29","region":"53"},"geometry":{"type":"MultiPolygon","coordinates":[[[[-3.94931,48.35836],[-3.94067,48.34896],[-3.94225,48.34448],[-3.94768,48.33863],[-3.96019,48.3365],[-3.98243,48.33476],[-3.99314,48.33322],[-4.00152,48.32905],[-4.00357,48.32656],[-4.01079,48.32426],[-4.01412,48.33703],[-4.0189,48.34893],[-4.02433,48.35206],[-4.04152,48.35523],[-4.04843,48.35706],[-4.04858,48.35779],[-4.00522,48.36564],[-3.99702,48.36548],[-3.97176,48.36045],[-3.96454,48.3619],[-3.9587,48.36492],[-3.95669,48.36725],[-3.95031,48.36527],[-3.94931,48.35836]]]]}},{"type":"Feature","properties":{"code":"29262","nom":"Saint-Sauveur","departement":"29","region":"53"},"geometry":{"type":"MultiPolygon","coordinates":[[[[-4.02826,48.455],[-4.02299,48.45397],[-4.01773,48.45405],[-4.0151,48.45769],[-4.01705,48.46358],[-4.01519,48.46485],[-4.01061,48.46593],[-3.99786,48.46513],[-3.99197,48.46667],[-3.98708,48.47039],[-3.98462,48.47124],[-3.97317,48.46502],[-3.97683,48.46178],[-3.96975,48.45001],[-3.9711,48.45049],[-3.97568,48.4477],[-3.97994,48.44269],[-3.97957,48.43768],[-3.98826,48.4332],[-3.99569,48.43101],[-4.00186,48.4301],[-4.01046,48.42992],[-4.01228,48.42583],[-4.01378,48.42613],[-4.01965,48.43095],[-4.02263,48.43602],[-4.02682,48.44049],[-4.02826,48.455]]]]}},{"type":"Feature","properties":{"code":"29263","nom":"Saint-Ségal","departement":"29","region":"53"},"geometry":{"type":"MultiPolygon","coordinates":[[[[-4.11095,48.24022],[-4.10994,48.23911],[-4.09873,48.23763],[-4.08494,48.23952],[-4.0828,48.24781],[-4.07835,48.25342],[-4.0646,48.26315],[-4.04968,48.2554],[-4.0466,48.25476],[-4.04265,48.24715],[-4.03361,48.24277],[-4.03586,48.2386],[-4.04244,48.2362],[-4.04471,48.23649],[-4.05001,48.2363],[-4.06612,48.22994],[-4.06978,48.22396],[-4.06807,48.21814],[-4.06873,48.21739],[-4.07132,48.22079],[-4.07774,48.22504],[-4.08846,48.22275],[-4.09275,48.22022],[-4.09967,48.21391],[-4.09911,48.21223],[-4.09707,48.21112],[-4.10902,48.20662],[-4.11127,48.20721],[-4.11622,48.21227],[-4.11766,48.2142],[-4.11798,48.21696],[-4.11501,48.23118],[-4.11095,48.24022]]]]}},{"type":"Feature","properties":{"code":"29264","nom":"Saint-Servais","departement":"29","region":"53"},"geometry":{"type":"MultiPolygon","coordinates":[[[[-4.15232,48.54599],[-4.14348,48.54311],[-4.14441,48.54159],[-4.14391,48.5385],[-4.1421,48.53527],[-4.13802,48.5342],[-4.14248,48.52827],[-4.14604,48.5206],[-4.14802,48.50839],[-4.14623,48.49902],[-4.14951,48.48513],[-4.16298,48.48798],[-4.16116,48.49399],[-4.16253,48.49698],[-4.16762,48.50074],[-4.17865,48.50343],[-4.17996,48.5078],[-4.17964,48.51957],[-4.16848,48.52703],[-4.16557,48.52815],[-4.15977,48.53332],[-4.15252,48.54433],[-4.15232,48.54599]]]]}},{"type":"Feature","properties":{"code":"29265","nom":"Sainte-Sève","departement":"29","region":"53"},"geometry":{"type":"MultiPolygon","coordinates":[[[[-3.91117,48.56099],[-3.91042,48.56088],[-3.90626,48.56724],[-3.90234,48.57119],[-3.87819,48.5816],[-3.87226,48.58187],[-3.87257,48.5797],[-3.87552,48.57603],[-3.87558,48.57253],[-3.87414,48.5685],[-3.86665,48.56144],[-3.86432,48.55684],[-3.874,48.54948],[-3.90461,48.54139],[-3.91077,48.55543],[-3.91185,48.55991],[-3.91117,48.56099]]]]}},{"type":"Feature","properties":{"code":"29266","nom":"Saint-Thégonnec Loc-Eguiner","departement":"29","region":"53"},"geometry":{"type":"MultiPolygon","coordinates":[[[[-3.92626,48.46763],[-3.92849,48.46716],[-3.93579,48.47078],[-3.93944,48.46831],[-3.93175,48.46338],[-3.93006,48.46042],[-3.92923,48.45497],[-3.93126,48.45218],[-3.94186,48.44284],[-3.94451,48.44167],[-3.94939,48.44134],[-3.95231,48.44356],[-3.95578,48.44397],[-3.96239,48.44624],[-3.96975,48.45001],[-3.97683,48.46178],[-3.97317,48.46502],[-3.96997,48.47083],[-3.97658,48.48108],[-3.98034,48.48413],[-3.98172,48.48828],[-3.98115,48.49317],[-3.97842,48.49893],[-3.97284,48.5094],[-3.95792,48.52635],[-3.95813,48.53487],[-3.95432,48.5396],[-3.93949,48.55175],[-3.93457,48.55817],[-3.93027,48.57294],[-3.92612,48.58142],[-3.92318,48.57933],[-3.92114,48.57189],[-3.91468,48.56351],[-3.91117,48.56099],[-3.91185,48.55991],[-3.91077,48.55543],[-3.90461,48.54139],[-3.90473,48.53875],[-3.90852,48.53483],[-3.91369,48.52662],[-3.91985,48.51118],[-3.91824,48.50671],[-3.89927,48.49495],[-3.89503,48.48611],[-3.89638,48.4845],[-3.90195,48.48178],[-3.91618,48.48161],[-3.91957,48.48017],[-3.92153,48.47803],[-3.92032,48.4688],[-3.92626,48.46763]]]]}},{"type":"Feature","properties":{"code":"29267","nom":"Saint-Thois","departement":"29","region":"53"},"geometry":{"type":"MultiPolygon","coordinates":[[[[-3.93481,48.15211],[-3.92597,48.15857],[-3.92268,48.1642],[-3.92169,48.17158],[-3.90847,48.17907],[-3.9008,48.18009],[-3.89776,48.17914],[-3.88168,48.17211],[-3.87511,48.17065],[-3.86807,48.16755],[-3.86713,48.16637],[-3.87021,48.16195],[-3.87639,48.16013],[-3.88612,48.1525],[-3.89265,48.14283],[-3.89737,48.12942],[-3.90495,48.1281],[-3.90894,48.1264],[-3.91741,48.12677],[-3.92326,48.12783],[-3.92991,48.13422],[-3.93751,48.14241],[-3.93253,48.14973],[-3.93332,48.15156],[-3.93481,48.15211]]]]}},{"type":"Feature","properties":{"code":"29268","nom":"Saint-Thonan","departement":"29","region":"53"},"geometry":{"type":"MultiPolygon","coordinates":[[[[-4.29278,48.47368],[-4.29052,48.46603],[-4.29094,48.46012],[-4.29571,48.45176],[-4.30041,48.44881],[-4.30189,48.44883],[-4.30463,48.45831],[-4.30894,48.46154],[-4.33297,48.46908],[-4.34032,48.46893],[-4.34136,48.47321],[-4.34484,48.47729],[-4.34674,48.47802],[-4.35036,48.48169],[-4.3527,48.48782],[-4.35016,48.49494],[-4.34695,48.5],[-4.34772,48.50082],[-4.33896,48.50427],[-4.33573,48.50342],[-4.33045,48.49681],[-4.32802,48.49052],[-4.32294,48.48615],[-4.31458,48.48092],[-4.29278,48.47368]]]]}},{"type":"Feature","properties":{"code":"29269","nom":"Saint-Thurien","departement":"29","region":"53"},"geometry":{"type":"MultiPolygon","coordinates":[[[[-3.64525,47.98146],[-3.64613,47.98345],[-3.64144,47.98565],[-3.61276,47.98511],[-3.61106,47.97833],[-3.59483,47.97319],[-3.58624,47.96926],[-3.58467,47.96649],[-3.58574,47.96234],[-3.58904,47.95821],[-3.5975,47.95473],[-3.59883,47.95058],[-3.59843,47.9416],[-3.59564,47.93064],[-3.59683,47.92737],[-3.59925,47.92776],[-3.60837,47.93232],[-3.61326,47.93138],[-3.61997,47.927],[-3.6232,47.928],[-3.63189,47.93588],[-3.64996,47.94163],[-3.65722,47.94991],[-3.65016,47.95663],[-3.63809,47.96217],[-3.63661,47.96369],[-3.63722,47.97125],[-3.64525,47.98146]]]]}},{"type":"Feature","properties":{"code":"29270","nom":"Saint-Urbain","departement":"29","region":"53"},"geometry":{"type":"MultiPolygon","coordinates":[[[[-4.204,48.41744],[-4.20045,48.41346],[-4.18832,48.40583],[-4.17902,48.39607],[-4.17925,48.39596],[-4.19258,48.39629],[-4.2076,48.39447],[-4.21117,48.39237],[-4.21641,48.38571],[-4.22672,48.37693],[-4.23553,48.37177],[-4.25166,48.36625],[-4.25618,48.37275],[-4.25792,48.37362],[-4.25905,48.3738],[-4.25725,48.38214],[-4.25561,48.38364],[-4.24572,48.38584],[-4.23685,48.39349],[-4.23435,48.39851],[-4.23368,48.40087],[-4.23699,48.40939],[-4.2376,48.4149],[-4.23284,48.41975],[-4.21995,48.41972],[-4.21261,48.4237],[-4.21235,48.42376],[-4.204,48.41744]]]]}},{"type":"Feature","properties":{"code":"29271","nom":"Saint-Vougay","departement":"29","region":"53"},"geometry":{"type":"MultiPolygon","coordinates":[[[[-4.14046,48.61857],[-4.13369,48.61202],[-4.12257,48.60537],[-4.12006,48.60581],[-4.12028,48.59884],[-4.1288,48.58767],[-4.12237,48.58454],[-4.11899,48.57923],[-4.12046,48.57964],[-4.12666,48.57884],[-4.1351,48.57508],[-4.13994,48.57206],[-4.14138,48.56689],[-4.14733,48.56394],[-4.1573,48.56171],[-4.16105,48.56181],[-4.16657,48.56336],[-4.16606,48.56501],[-4.16883,48.56717],[-4.16984,48.57609],[-4.16607,48.58634],[-4.17018,48.59393],[-4.16221,48.59759],[-4.15271,48.60493],[-4.1471,48.62158],[-4.14046,48.61857]]]]}},{"type":"Feature","properties":{"code":"29272","nom":"Saint-Yvi","departement":"29","region":"53"},"geometry":{"type":"MultiPolygon","coordinates":[[[[-3.89059,47.94794],[-3.89382,47.94494],[-3.89557,47.94186],[-3.90184,47.93881],[-3.9075,47.93868],[-3.91799,47.94239],[-3.92151,47.94517],[-3.93042,47.94414],[-3.9337,47.9431],[-3.93879,47.93946],[-3.96045,47.94325],[-3.97719,47.94535],[-3.98363,47.94256],[-3.9813,47.94391],[-3.9776,47.95436],[-3.98466,47.96313],[-3.98663,47.96797],[-3.98305,47.97331],[-3.98048,47.98083],[-3.98063,47.98362],[-3.97868,47.98401],[-3.96699,47.98321],[-3.95159,47.98132],[-3.94626,47.97985],[-3.92741,47.97695],[-3.92124,47.97526],[-3.89876,47.96666],[-3.88235,47.96464],[-3.87519,47.96261],[-3.87649,47.96076],[-3.89532,47.95597],[-3.89389,47.94918],[-3.89227,47.94799],[-3.89059,47.94794]]]]}},{"type":"Feature","properties":{"code":"29273","nom":"Santec","departement":"29","region":"53"},"geometry":{"type":"MultiPolygon","coordinates":[[[[-4.0292,48.68793],[-4.03564,48.68794],[-4.04307,48.68906],[-4.05418,48.68709],[-4.05721,48.69256],[-4.05644,48.69865],[-4.05467,48.70266],[-4.05153,48.70497],[-4.04724,48.70483],[-4.03704,48.70682],[-4.01637,48.7123],[-4.0119,48.71545],[-4.00751,48.7142],[-4.00483,48.70985],[-4.00754,48.69668],[-4.01803,48.69131],[-4.0244,48.68642],[-4.0292,48.68793]]],[[[-4.00999,48.72042],[-4.0071,48.724],[-4.00719,48.72229],[-4.01127,48.71663],[-4.00999,48.72042]]]]}},{"type":"Feature","properties":{"code":"29274","nom":"Scaër","departement":"29","region":"53"},"geometry":{"type":"MultiPolygon","coordinates":[[[[-3.64084,47.99096],[-3.64005,47.98791],[-3.64144,47.98565],[-3.64613,47.98345],[-3.64525,47.98146],[-3.66187,47.98348],[-3.67463,47.98801],[-3.68921,47.98869],[-3.69681,47.98394],[-3.70419,47.97747],[-3.70384,47.97578],[-3.69742,47.96793],[-3.6911,47.96453],[-3.68658,47.95861],[-3.69489,47.95538],[-3.71135,47.95822],[-3.72522,47.96152],[-3.7252,47.96533],[-3.72779,47.96836],[-3.73367,47.97004],[-3.75135,47.97121],[-3.75229,47.98425],[-3.75951,47.99746],[-3.77007,47.99587],[-3.78234,47.996],[-3.80404,47.99789],[-3.81324,47.99626],[-3.81177,48.00609],[-3.81121,48.01431],[-3.80912,48.02009],[-3.80573,48.02558],[-3.80568,48.0372],[-3.80258,48.04309],[-3.79898,48.04698],[-3.79642,48.05868],[-3.7904,48.05802],[-3.79012,48.06371],[-3.7908,48.0654],[-3.79247,48.06579],[-3.79266,48.06832],[-3.78984,48.07315],[-3.78808,48.0749],[-3.77949,48.07764],[-3.77023,48.08624],[-3.75028,48.08901],[-3.74001,48.09135],[-3.73388,48.0948],[-3.73332,48.0964],[-3.71444,48.09892],[-3.70559,48.09817],[-3.695,48.09365],[-3.70446,48.08672],[-3.70357,48.07974],[-3.7004,48.07566],[-3.70168,48.06892],[-3.7071,48.06632],[-3.7023,48.06416],[-3.67426,48.05929],[-3.67342,48.05864],[-3.67345,48.04496],[-3.66973,48.03876],[-3.66387,48.03573],[-3.66281,48.03309],[-3.66382,48.0227],[-3.663,48.02057],[-3.66054,48.01534],[-3.65295,48.01141],[-3.64827,48.00651],[-3.64769,48.00185],[-3.64084,47.99096]]]]}},{"type":"Feature","properties":{"code":"29275","nom":"Scrignac","departement":"29","region":"53"},"geometry":{"type":"MultiPolygon","coordinates":[[[[-3.67305,48.46556],[-3.66801,48.46492],[-3.65961,48.46576],[-3.65142,48.46789],[-3.64077,48.47505],[-3.61192,48.46187],[-3.61285,48.44885],[-3.61875,48.44494],[-3.62068,48.44181],[-3.62493,48.43371],[-3.62447,48.42922],[-3.62197,48.4264],[-3.60993,48.41864],[-3.60657,48.40763],[-3.603,48.40028],[-3.60111,48.39345],[-3.60796,48.38854],[-3.61501,48.38209],[-3.63678,48.38049],[-3.6468,48.38544],[-3.66314,48.38935],[-3.67026,48.38546],[-3.67418,48.38145],[-3.67539,48.37551],[-3.6792,48.37256],[-3.6796,48.37276],[-3.68684,48.3862],[-3.68724,48.38789],[-3.6841,48.39248],[-3.68417,48.39606],[-3.686,48.40255],[-3.69171,48.40637],[-3.70007,48.40938],[-3.71659,48.41876],[-3.72439,48.42206],[-3.73229,48.42213],[-3.7354,48.42047],[-3.74248,48.42038],[-3.77083,48.43306],[-3.77388,48.4399],[-3.76886,48.44224],[-3.75371,48.44685],[-3.75242,48.44583],[-3.74137,48.44796],[-3.73117,48.44821],[-3.72202,48.44699],[-3.71563,48.44791],[-3.68563,48.45581],[-3.67305,48.46556]]]]}},{"type":"Feature","properties":{"code":"29276","nom":"Sibiril","departement":"29","region":"53"},"geometry":{"type":"MultiPolygon","coordinates":[[[[-4.06611,48.64293],[-4.07297,48.64086],[-4.08145,48.63956],[-4.08894,48.64044],[-4.09041,48.64121],[-4.07991,48.64915],[-4.07796,48.65177],[-4.08021,48.65282],[-4.08462,48.65971],[-4.08672,48.67624],[-4.09553,48.68421],[-4.09581,48.68581],[-4.09298,48.69001],[-4.08396,48.69329],[-4.08067,48.6919],[-4.06114,48.67663],[-4.05748,48.6694],[-4.0558,48.66933],[-4.05376,48.66757],[-4.04712,48.65479],[-4.04696,48.6494],[-4.04816,48.64741],[-4.05689,48.64563],[-4.06393,48.64522],[-4.06611,48.64293]]]]}},{"type":"Feature","properties":{"code":"29277","nom":"Sizun","departement":"29","region":"53"},"geometry":{"type":"MultiPolygon","coordinates":[[[[-4.01228,48.42583],[-4.00777,48.42395],[-4.00905,48.41888],[-4.01144,48.41787],[-4.02304,48.41626],[-4.02521,48.41508],[-4.02752,48.41211],[-4.02601,48.40881],[-4.01117,48.3965],[-4.00072,48.38509],[-3.9859,48.37717],[-3.97903,48.37433],[-3.97564,48.37461],[-3.95576,48.38283],[-3.94903,48.38401],[-3.94412,48.38362],[-3.9514,48.37624],[-3.95669,48.36725],[-3.9587,48.36492],[-3.96454,48.3619],[-3.97176,48.36045],[-3.99702,48.36548],[-4.00522,48.36564],[-4.04858,48.35779],[-4.05001,48.35738],[-4.05897,48.35158],[-4.07048,48.3591],[-4.08165,48.36822],[-4.08986,48.38019],[-4.09951,48.39569],[-4.10531,48.41449],[-4.10515,48.43218],[-4.10284,48.43535],[-4.09444,48.44163],[-4.0669,48.43221],[-4.05321,48.43038],[-4.03563,48.43184],[-4.03114,48.43477],[-4.02682,48.44049],[-4.02263,48.43602],[-4.01965,48.43095],[-4.01378,48.42613],[-4.01228,48.42583]]]]}},{"type":"Feature","properties":{"code":"29278","nom":"Spézet","departement":"29","region":"53"},"geometry":{"type":"MultiPolygon","coordinates":[[[[-3.70371,48.21872],[-3.70168,48.22003],[-3.6903,48.22215],[-3.66358,48.21906],[-3.66138,48.2178],[-3.66116,48.21526],[-3.65359,48.20769],[-3.64248,48.20585],[-3.63333,48.20546],[-3.62834,48.2029],[-3.62451,48.19497],[-3.62547,48.19179],[-3.62393,48.17891],[-3.62094,48.17118],[-3.65252,48.15656],[-3.67203,48.15168],[-3.67381,48.15218],[-3.69597,48.1521],[-3.70591,48.14996],[-3.72272,48.15851],[-3.73664,48.16316],[-3.7601,48.17286],[-3.77086,48.17408],[-3.7629,48.17808],[-3.75962,48.19048],[-3.76271,48.19227],[-3.76281,48.19416],[-3.75422,48.20754],[-3.74137,48.20306],[-3.73863,48.20715],[-3.73995,48.21386],[-3.73944,48.21601],[-3.73648,48.2195],[-3.73111,48.2213],[-3.72529,48.22058],[-3.72095,48.21692],[-3.71522,48.21513],[-3.70555,48.21632],[-3.70371,48.21872]]]]}},{"type":"Feature","properties":{"code":"29279","nom":"Taulé","departement":"29","region":"53"},"geometry":{"type":"MultiPolygon","coordinates":[[[[-3.87344,48.60252],[-3.87509,48.58707],[-3.87226,48.58187],[-3.87819,48.5816],[-3.90234,48.57119],[-3.90626,48.56724],[-3.91042,48.56088],[-3.91117,48.56099],[-3.91468,48.56351],[-3.92114,48.57189],[-3.92318,48.57933],[-3.92612,48.58142],[-3.92483,48.58412],[-3.92888,48.59244],[-3.93502,48.59807],[-3.94472,48.61507],[-3.93662,48.61398],[-3.92784,48.6152],[-3.92143,48.61861],[-3.91954,48.62613],[-3.89542,48.63856],[-3.89105,48.63759],[-3.88646,48.63529],[-3.8838,48.63513],[-3.88482,48.63625],[-3.88141,48.638],[-3.88062,48.63936],[-3.87589,48.63861],[-3.86479,48.63463],[-3.85987,48.6317],[-3.85833,48.62896],[-3.87112,48.62646],[-3.87076,48.62172],[-3.85827,48.61832],[-3.87344,48.60252]]]]}},{"type":"Feature","properties":{"code":"29280","nom":"Telgruc-sur-Mer","departement":"29","region":"53"},"geometry":{"type":"MultiPolygon","coordinates":[[[[-4.32909,48.26175],[-4.3342,48.2522],[-4.33395,48.24671],[-4.33154,48.24277],[-4.32807,48.24194],[-4.32237,48.23743],[-4.31922,48.2283],[-4.31898,48.22295],[-4.32087,48.21575],[-4.3241,48.2114],[-4.32868,48.20942],[-4.33218,48.20642],[-4.36033,48.20628],[-4.36907,48.20982],[-4.37799,48.21881],[-4.40136,48.22078],[-4.40499,48.22254],[-4.39362,48.24386],[-4.38589,48.24969],[-4.37234,48.25542],[-4.36751,48.26022],[-4.36556,48.26655],[-4.36052,48.26702],[-4.35611,48.26831],[-4.3566,48.26496],[-4.35444,48.2627],[-4.32909,48.26175]]]]}},{"type":"Feature","properties":{"code":"29281","nom":"Tourch","departement":"29","region":"53"},"geometry":{"type":"MultiPolygon","coordinates":[[[[-3.81324,47.99626],[-3.81527,47.99084],[-3.81817,47.98831],[-3.8185,47.98828],[-3.83358,47.99287],[-3.83717,47.99538],[-3.83984,47.99824],[-3.84573,48.00212],[-3.84721,48.0058],[-3.84815,48.01973],[-3.84438,48.02864],[-3.84612,48.03582],[-3.84996,48.03839],[-3.84594,48.04176],[-3.84344,48.04217],[-3.82944,48.04833],[-3.81614,48.05581],[-3.81208,48.06683],[-3.80991,48.06661],[-3.80157,48.06442],[-3.79597,48.06189],[-3.79642,48.05868],[-3.79898,48.04698],[-3.80258,48.04309],[-3.80568,48.0372],[-3.80573,48.02558],[-3.80912,48.02009],[-3.81121,48.01431],[-3.81177,48.00609],[-3.81324,47.99626]]]]}},{"type":"Feature","properties":{"code":"29282","nom":"Trébabu","departement":"29","region":"53"},"geometry":{"type":"MultiPolygon","coordinates":[[[[-4.74648,48.36707],[-4.74652,48.36825],[-4.74233,48.37234],[-4.73042,48.38021],[-4.72334,48.38412],[-4.71621,48.38589],[-4.71412,48.38445],[-4.71253,48.38115],[-4.71703,48.3789],[-4.7197,48.37452],[-4.72051,48.36668],[-4.74539,48.35627],[-4.75059,48.36134],[-4.74924,48.36514],[-4.74714,48.36571],[-4.74648,48.36707]]]]}},{"type":"Feature","properties":{"code":"29284","nom":"Treffiagat","departement":"29","region":"53"},"geometry":{"type":"MultiPolygon","coordinates":[[[[-4.25984,47.82225],[-4.25617,47.81618],[-4.2478,47.80627],[-4.24284,47.80269],[-4.2341,47.79975],[-4.22625,47.79446],[-4.22637,47.79336],[-4.23279,47.79364],[-4.24484,47.79214],[-4.26328,47.79141],[-4.27668,47.79226],[-4.27384,47.79643],[-4.27136,47.79821],[-4.27137,47.79968],[-4.27258,47.80072],[-4.27426,47.80415],[-4.27375,47.80706],[-4.27521,47.80755],[-4.28477,47.8168],[-4.2849,47.81895],[-4.27432,47.8227],[-4.26615,47.8231],[-4.25984,47.82225]]]]}},{"type":"Feature","properties":{"code":"29285","nom":"Tréflaouénan","departement":"29","region":"53"},"geometry":{"type":"MultiPolygon","coordinates":[[[[-4.10381,48.61978],[-4.10709,48.61944],[-4.11289,48.62106],[-4.12007,48.62498],[-4.12519,48.622],[-4.12491,48.61663],[-4.12006,48.60581],[-4.12257,48.60537],[-4.13369,48.61202],[-4.14046,48.61857],[-4.13823,48.62011],[-4.111,48.62853],[-4.10585,48.63196],[-4.10494,48.63552],[-4.10269,48.63884],[-4.09752,48.64171],[-4.09041,48.64121],[-4.08894,48.64044],[-4.08145,48.63956],[-4.07297,48.64086],[-4.06611,48.64293],[-4.06345,48.64059],[-4.06275,48.63743],[-4.0789,48.62846],[-4.07927,48.6257],[-4.07746,48.62019],[-4.08501,48.61805],[-4.09071,48.61749],[-4.09731,48.62074],[-4.10308,48.62055],[-4.10381,48.61978]]]]}},{"type":"Feature","properties":{"code":"29286","nom":"Tréflévénez","departement":"29","region":"53"},"geometry":{"type":"MultiPolygon","coordinates":[[[[-4.17902,48.39607],[-4.18832,48.40583],[-4.20045,48.41346],[-4.204,48.41744],[-4.20277,48.41767],[-4.19587,48.42693],[-4.19221,48.43003],[-4.18805,48.43194],[-4.1842,48.43257],[-4.1678,48.43168],[-4.15646,48.42349],[-4.15423,48.42072],[-4.15422,48.41745],[-4.1575,48.41104],[-4.15303,48.40482],[-4.15542,48.40256],[-4.16074,48.40007],[-4.16597,48.3985],[-4.17493,48.39747],[-4.17902,48.39607]]]]}},{"type":"Feature","properties":{"code":"29287","nom":"Tréflez","departement":"29","region":"53"},"geometry":{"type":"MultiPolygon","coordinates":[[[[-4.2935,48.63631],[-4.27759,48.64678],[-4.27216,48.64934],[-4.26276,48.64997],[-4.24495,48.64966],[-4.24131,48.64308],[-4.237,48.62842],[-4.22853,48.62285],[-4.22825,48.61761],[-4.22986,48.61324],[-4.23884,48.6021],[-4.24964,48.59997],[-4.25082,48.6018],[-4.26047,48.60204],[-4.26635,48.60299],[-4.27226,48.60874],[-4.27265,48.61379],[-4.27018,48.62051],[-4.27274,48.62233],[-4.27363,48.62519],[-4.27217,48.6273],[-4.27956,48.6328],[-4.2935,48.63631]]]]}},{"type":"Feature","properties":{"code":"29288","nom":"Trégarantec","departement":"29","region":"53"},"geometry":{"type":"MultiPolygon","coordinates":[[[[-4.29036,48.56607],[-4.28494,48.56518],[-4.26884,48.54179],[-4.28314,48.54041],[-4.30121,48.53657],[-4.30846,48.53809],[-4.30867,48.53998],[-4.30501,48.54356],[-4.29795,48.55463],[-4.29561,48.56077],[-4.29036,48.56607]]]]}},{"type":"Feature","properties":{"code":"29289","nom":"Trégarvan","departement":"29","region":"53"},"geometry":{"type":"MultiPolygon","coordinates":[[[[-4.20587,48.23761],[-4.20322,48.23085],[-4.20593,48.22867],[-4.21125,48.22656],[-4.2162,48.22732],[-4.2318,48.22668],[-4.24212,48.22454],[-4.24491,48.22272],[-4.2489,48.22536],[-4.25839,48.22691],[-4.26648,48.22965],[-4.26571,48.23101],[-4.26003,48.23497],[-4.25655,48.23562],[-4.24874,48.23884],[-4.24297,48.24667],[-4.24289,48.24869],[-4.24261,48.25043],[-4.2182,48.25849],[-4.21543,48.25417],[-4.2113,48.24326],[-4.20587,48.23761]]]]}},{"type":"Feature","properties":{"code":"29290","nom":"Tréglonou","departement":"29","region":"53"},"geometry":{"type":"MultiPolygon","coordinates":[[[[-4.54142,48.5281],[-4.54412,48.53262],[-4.55412,48.54399],[-4.55881,48.55147],[-4.56408,48.55325],[-4.57957,48.55529],[-4.5818,48.55633],[-4.58488,48.55943],[-4.57449,48.56023],[-4.55872,48.5591],[-4.55004,48.55691],[-4.54312,48.55689],[-4.53265,48.55142],[-4.53168,48.54939],[-4.52901,48.55078],[-4.53169,48.55303],[-4.52943,48.55458],[-4.52611,48.55462],[-4.51154,48.54974],[-4.50661,48.54588],[-4.5054,48.54619],[-4.50822,48.5488],[-4.50807,48.55277],[-4.50415,48.55208],[-4.50293,48.55261],[-4.50286,48.55262],[-4.50392,48.55191],[-4.50758,48.55257],[-4.50739,48.5492],[-4.50515,48.54683],[-4.50528,48.54551],[-4.50833,48.54608],[-4.52439,48.55377],[-4.52971,48.5542],[-4.52997,48.5521],[-4.52804,48.55023],[-4.53018,48.54954],[-4.53028,48.54622],[-4.52694,48.54357],[-4.52662,48.54011],[-4.5373,48.52831],[-4.54142,48.5281]]]]}},{"type":"Feature","properties":{"code":"29291","nom":"Trégourez","departement":"29","region":"53"},"geometry":{"type":"MultiPolygon","coordinates":[[[[-3.90131,48.09777],[-3.89411,48.1014],[-3.89773,48.11871],[-3.88464,48.124],[-3.87643,48.12595],[-3.86461,48.12742],[-3.84523,48.12398],[-3.83991,48.11609],[-3.83578,48.10299],[-3.84113,48.09986],[-3.84985,48.09953],[-3.85282,48.09778],[-3.85713,48.09427],[-3.86335,48.08587],[-3.86592,48.08344],[-3.8707,48.08081],[-3.87549,48.08637],[-3.88254,48.08584],[-3.88811,48.08247],[-3.89437,48.08229],[-3.89894,48.08436],[-3.90372,48.09464],[-3.90379,48.09554],[-3.90131,48.09777]]]]}},{"type":"Feature","properties":{"code":"29292","nom":"Tréguennec","departement":"29","region":"53"},"geometry":{"type":"MultiPolygon","coordinates":[[[[-4.34425,47.86597],[-4.35228,47.86296],[-4.36377,47.88943],[-4.35972,47.88857],[-4.35566,47.89294],[-4.32727,47.90317],[-4.31298,47.89528],[-4.3111,47.89541],[-4.30993,47.89441],[-4.31287,47.89144],[-4.33121,47.88112],[-4.33258,47.87863],[-4.32735,47.87047],[-4.33239,47.86803],[-4.3416,47.86695],[-4.34425,47.86597]]]]}},{"type":"Feature","properties":{"code":"29293","nom":"Trégunc","departement":"29","region":"53"},"geometry":{"type":"MultiPolygon","coordinates":[[[[-3.80858,47.80704],[-3.80913,47.79647],[-3.81112,47.79415],[-3.81675,47.79561],[-3.83185,47.79694],[-3.84182,47.79531],[-3.85192,47.79615],[-3.85047,47.79901],[-3.85089,47.80039],[-3.85518,47.80439],[-3.87086,47.81444],[-3.89186,47.83202],[-3.90172,47.8345],[-3.90178,47.84022],[-3.88778,47.84851],[-3.88995,47.84956],[-3.89613,47.84936],[-3.88691,47.85632],[-3.88271,47.85874],[-3.88042,47.85902],[-3.8678,47.86401],[-3.84887,47.87305],[-3.84894,47.87964],[-3.83172,47.88335],[-3.82155,47.88002],[-3.8148,47.86867],[-3.80264,47.86838],[-3.79647,47.87227],[-3.79572,47.87206],[-3.79797,47.86378],[-3.79735,47.84944],[-3.79339,47.84468],[-3.78975,47.84308],[-3.79558,47.83826],[-3.80624,47.82292],[-3.80644,47.82038],[-3.80363,47.81958],[-3.80373,47.81765],[-3.80858,47.80704]]]]}},{"type":"Feature","properties":{"code":"29294","nom":"Le Tréhou","departement":"29","region":"53"},"geometry":{"type":"MultiPolygon","coordinates":[[[[-4.10531,48.41449],[-4.09951,48.39569],[-4.08986,48.38019],[-4.10513,48.37059],[-4.11017,48.36848],[-4.11954,48.36769],[-4.13708,48.37247],[-4.14247,48.37481],[-4.16227,48.38651],[-4.17521,48.39064],[-4.18103,48.39393],[-4.17925,48.39596],[-4.17902,48.39607],[-4.17493,48.39747],[-4.16597,48.3985],[-4.16074,48.40007],[-4.15542,48.40256],[-4.15303,48.40482],[-4.15054,48.40893],[-4.13633,48.41855],[-4.12828,48.42584],[-4.12372,48.42542],[-4.12005,48.42374],[-4.10531,48.41449]]]]}},{"type":"Feature","properties":{"code":"29295","nom":"Trémaouézan","departement":"29","region":"53"},"geometry":{"type":"MultiPolygon","coordinates":[[[[-4.28168,48.50684],[-4.28072,48.50753],[-4.27927,48.51574],[-4.27566,48.51947],[-4.26504,48.5178],[-4.2524,48.52502],[-4.24527,48.52693],[-4.24458,48.52113],[-4.24184,48.51344],[-4.23177,48.51081],[-4.22834,48.50452],[-4.22743,48.50182],[-4.22816,48.50138],[-4.25608,48.49536],[-4.26369,48.49483],[-4.27098,48.49844],[-4.28168,48.50684]]]]}},{"type":"Feature","properties":{"code":"29296","nom":"Tréméoc","departement":"29","region":"53"},"geometry":{"type":"MultiPolygon","coordinates":[[[[-4.20783,47.89344],[-4.21516,47.89263],[-4.22019,47.88873],[-4.22905,47.87951],[-4.2348,47.87983],[-4.24045,47.89298],[-4.23984,47.90024],[-4.24131,47.90751],[-4.24423,47.91203],[-4.24319,47.91675],[-4.23771,47.91897],[-4.22704,47.92044],[-4.21552,47.92628],[-4.19134,47.93353],[-4.18816,47.93021],[-4.18875,47.9296],[-4.19388,47.92596],[-4.20085,47.91896],[-4.20045,47.91301],[-4.20211,47.90626],[-4.20902,47.89805],[-4.20783,47.89344]]]]}},{"type":"Feature","properties":{"code":"29297","nom":"Tréméven","departement":"29","region":"53"},"geometry":{"type":"MultiPolygon","coordinates":[[[[-3.49362,47.90217],[-3.49567,47.90124],[-3.4974,47.89866],[-3.49936,47.88825],[-3.50041,47.88621],[-3.50353,47.88376],[-3.52747,47.88058],[-3.53211,47.87943],[-3.53928,47.87991],[-3.53954,47.88352],[-3.54736,47.8897],[-3.54794,47.90355],[-3.55709,47.91395],[-3.55203,47.91508],[-3.53028,47.92451],[-3.51667,47.923],[-3.50567,47.91039],[-3.49388,47.90387],[-3.49362,47.90217]]]]}},{"type":"Feature","properties":{"code":"29298","nom":"Tréogat","departement":"29","region":"53"},"geometry":{"type":"MultiPolygon","coordinates":[[[[-4.32727,47.90317],[-4.35566,47.89294],[-4.35972,47.88857],[-4.36377,47.88943],[-4.37333,47.9056],[-4.35727,47.91157],[-4.34399,47.91785],[-4.33997,47.92594],[-4.3181,47.92379],[-4.31168,47.92433],[-4.31058,47.92119],[-4.31693,47.9089],[-4.32727,47.90317]]]]}},{"type":"Feature","properties":{"code":"29299","nom":"Tréouergat","departement":"29","region":"53"},"geometry":{"type":"MultiPolygon","coordinates":[[[[-4.5844,48.50773],[-4.58247,48.50573],[-4.58476,48.50206],[-4.5837,48.48861],[-4.58553,48.48521],[-4.59117,48.48183],[-4.5957,48.48144],[-4.61267,48.48335],[-4.61927,48.49545],[-4.63031,48.49469],[-4.62845,48.5009],[-4.62284,48.50407],[-4.61703,48.50174],[-4.60317,48.50237],[-4.59404,48.50485],[-4.5918,48.5082],[-4.58893,48.51021],[-4.5844,48.50773]]]]}},{"type":"Feature","properties":{"code":"29300","nom":"Le Trévoux","departement":"29","region":"53"},"geometry":{"type":"MultiPolygon","coordinates":[[[[-3.61012,47.87405],[-3.63016,47.87869],[-3.64011,47.87802],[-3.64762,47.87226],[-3.65539,47.86822],[-3.67258,47.86553],[-3.67759,47.86535],[-3.68485,47.87115],[-3.68998,47.87659],[-3.69544,47.89821],[-3.6972,47.8993],[-3.67943,47.90508],[-3.64599,47.9069],[-3.62821,47.90308],[-3.6184,47.90266],[-3.61364,47.89805],[-3.61795,47.88933],[-3.61773,47.88424],[-3.61302,47.87667],[-3.61012,47.87405]]]]}},{"type":"Feature","properties":{"code":"29301","nom":"Trézilidé","departement":"29","region":"53"},"geometry":{"type":"MultiPolygon","coordinates":[[[[-4.06107,48.60383],[-4.06471,48.60232],[-4.07485,48.60194],[-4.09068,48.60351],[-4.10417,48.60614],[-4.10614,48.60885],[-4.10573,48.61161],[-4.09968,48.61773],[-4.10262,48.61985],[-4.10381,48.61978],[-4.10308,48.62055],[-4.09731,48.62074],[-4.09071,48.61749],[-4.08501,48.61805],[-4.07746,48.62019],[-4.07643,48.61965],[-4.07583,48.61278],[-4.0653,48.61015],[-4.06019,48.60535],[-4.06107,48.60383]]]]}},{"type":"Feature","properties":{"code":"29302","nom":"Pont-de-Buis-lès-Quimerch","departement":"29","region":"53"},"geometry":{"type":"MultiPolygon","coordinates":[[[[-4.15382,48.24629],[-4.14254,48.25743],[-4.14219,48.26066],[-4.14608,48.2679],[-4.14895,48.2791],[-4.1504,48.28123],[-4.14678,48.28346],[-4.14356,48.28479],[-4.15232,48.29272],[-4.15257,48.29626],[-4.12896,48.30042],[-4.11863,48.30403],[-4.11033,48.30587],[-4.10192,48.30666],[-4.10027,48.30607],[-4.09172,48.30735],[-4.08851,48.31015],[-4.08588,48.31098],[-4.0787,48.30938],[-4.07251,48.31029],[-4.06853,48.30978],[-4.06444,48.29921],[-4.06725,48.28959],[-4.06733,48.28039],[-4.06719,48.26866],[-4.0646,48.26315],[-4.07835,48.25342],[-4.0828,48.24781],[-4.08494,48.23952],[-4.09873,48.23763],[-4.10994,48.23911],[-4.11095,48.24022],[-4.10838,48.24252],[-4.10818,48.2447],[-4.11035,48.24709],[-4.11317,48.24734],[-4.1228,48.24473],[-4.1276,48.23992],[-4.13186,48.23741],[-4.13757,48.23687],[-4.14053,48.23758],[-4.15028,48.24518],[-4.15382,48.24629]]]]}}]}