{"type":"FeatureCollection","features":[{"type":"Feature","properties":{"code":"34231","nom":"Romiguières","departement":"34","region":"76"},"geometry":{"type":"MultiPolygon","coordinates":[[[[3.2369654,43.82716066],[3.24432021,43.82915932],[3.24914175,43.82965776],[3.24555552,43.81491024],[3.24805345,43.81404698],[3.24595608,43.81355589],[3.24514905,43.81199099],[3.24404866,43.80369557],[3.24086902,43.80427407],[3.23586644,43.80664271],[3.23127909,43.81192681],[3.22270193,43.81764189],[3.22914223,43.82416271],[3.2369654,43.82716066]]]]}},{"type":"Feature","properties":{"code":"34265","nom":"Saint-Jean-de-Cornies","departement":"34","region":"76"},"geometry":{"type":"MultiPolygon","coordinates":[[[[3.99354672,43.74880723],[4.00001872,43.75679426],[4.0203532,43.74117912],[4.01980077,43.74040856],[4.00310823,43.73415167],[3.99739171,43.73792624],[3.99574728,43.740003],[3.99339654,43.74501813],[3.99354672,43.74880723]]]]}},{"type":"Feature","properties":{"code":"34005","nom":"Agonès","departement":"34","region":"76"},"geometry":{"type":"MultiPolygon","coordinates":[[[[3.7267014,43.91592905],[3.72773082,43.91523011],[3.73158698,43.91642923],[3.73456745,43.91603483],[3.73737741,43.91410613],[3.73657252,43.91260949],[3.73559168,43.91030314],[3.73620993,43.90631026],[3.73503793,43.89765586],[3.72703223,43.88169268],[3.72585727,43.88156461],[3.72617451,43.88596424],[3.72335161,43.89052512],[3.71929097,43.89358755],[3.7170737,43.90016474],[3.72105888,43.90724292],[3.72100813,43.91130667],[3.7252737,43.91556235],[3.7267014,43.91592905]]]]}},{"type":"Feature","properties":{"code":"34001","nom":"Abeilhan","departement":"34","region":"76"},"geometry":{"type":"MultiPolygon","coordinates":[[[[3.30321107,43.47518815],[3.3049748,43.47324077],[3.30297903,43.4585833],[3.31269276,43.4597127],[3.3191277,43.46196205],[3.32333774,43.45879079],[3.32759312,43.45195215],[3.32277852,43.44959504],[3.30619837,43.44619921],[3.29435482,43.442457],[3.29179608,43.44237756],[3.28525468,43.44464145],[3.28430487,43.45582869],[3.27768765,43.46092903],[3.28301615,43.46499081],[3.29381821,43.47543533],[3.30321107,43.47518815]]]]}},{"type":"Feature","properties":{"code":"34002","nom":"Adissan","departement":"34","region":"76"},"geometry":{"type":"MultiPolygon","coordinates":[[[[3.41529596,43.52530237],[3.41621606,43.53726979],[3.42077616,43.54674717],[3.42600458,43.55054979],[3.42637564,43.54954332],[3.43990637,43.54099936],[3.43687589,43.53853281],[3.43511785,43.53372268],[3.43561507,43.52215283],[3.43122248,43.52386367],[3.42497743,43.52140865],[3.41529596,43.52530237]]]]}},{"type":"Feature","properties":{"code":"34003","nom":"Agde","departement":"34","region":"76"},"geometry":{"type":"MultiPolygon","coordinates":[[[[3.52191073,43.29273879],[3.5218772,43.29053048],[3.5258107,43.28838481],[3.52373779,43.28467873],[3.50822071,43.27047664],[3.51196452,43.27895988],[3.51104001,43.28161799],[3.5130151,43.27941368],[3.51457523,43.28039579],[3.51326002,43.28341561],[3.50982508,43.28486219],[3.49928823,43.27958591],[3.49548538,43.27978333],[3.49600683,43.27885438],[3.50582974,43.27437848],[3.50671276,43.27329036],[3.504703,43.27223828],[3.50366679,43.27058792],[3.50489302,43.26863014],[3.50350566,43.27046273],[3.50460077,43.27251493],[3.50133124,43.27424472],[3.49325525,43.27470378],[3.48298357,43.27364191],[3.4813778,43.27418521],[3.47471035,43.27647082],[3.45857797,43.27953513],[3.44469791,43.28476835],[3.42901848,43.28915326],[3.42906207,43.28988084],[3.42821118,43.29237603],[3.43819224,43.29784054],[3.43903734,43.29900027],[3.44101997,43.30249877],[3.44307729,43.31424615],[3.44378002,43.31751238],[3.44279169,43.32389906],[3.43890059,43.32780298],[3.45399928,43.33511561],[3.45753527,43.33994779],[3.45623067,43.34112009],[3.46845234,43.34759455],[3.47802266,43.34889222],[3.4928694,43.35275875],[3.50210327,43.34018194],[3.51208665,43.33183624],[3.51159972,43.33057009],[3.51921385,43.3294228],[3.52601528,43.32729386],[3.53098115,43.31563774],[3.53055384,43.31432013],[3.53007582,43.31284534],[3.53938873,43.30236581],[3.53483487,43.29823504],[3.52889545,43.29187722],[3.52340431,43.29406744],[3.52191073,43.29273879]]]]}},{"type":"Feature","properties":{"code":"34004","nom":"Agel","departement":"34","region":"76"},"geometry":{"type":"MultiPolygon","coordinates":[[[[2.85568136,43.37348197],[2.85667928,43.37041201],[2.86554073,43.36145873],[2.86962374,43.35573233],[2.8724161,43.34572938],[2.87194901,43.33626238],[2.86855997,43.329712],[2.86075177,43.32731922],[2.8459087,43.32573831],[2.84700701,43.32929684],[2.83861792,43.32962649],[2.83372975,43.33720174],[2.83454841,43.34310255],[2.84081216,43.35077294],[2.84203946,43.35365617],[2.83863098,43.37206349],[2.83817322,43.3730299],[2.85568136,43.37348197]]]]}},{"type":"Feature","properties":{"code":"34006","nom":"Aigne","departement":"34","region":"76"},"geometry":{"type":"MultiPolygon","coordinates":[[[[2.76624362,43.33489904],[2.7708006,43.34028478],[2.77330718,43.34226018],[2.78411402,43.34398433],[2.78826953,43.3438729],[2.7919565,43.34209255],[2.79467316,43.34171721],[2.79994599,43.34385823],[2.79909825,43.34271507],[2.80729876,43.3360217],[2.81800101,43.32397764],[2.81268205,43.32349808],[2.80838228,43.32149796],[2.80567046,43.31928375],[2.8051305,43.31791721],[2.80738273,43.31495263],[2.81825825,43.30960548],[2.81305207,43.30552513],[2.80931648,43.30428799],[2.80723381,43.30643248],[2.80577888,43.30684818],[2.79950273,43.30581211],[2.78841109,43.31270151],[2.77508192,43.31545431],[2.77557169,43.31813248],[2.77040156,43.33092905],[2.76624362,43.33489904]]]]}},{"type":"Feature","properties":{"code":"34007","nom":"Aigues-Vives","departement":"34","region":"76"},"geometry":{"type":"MultiPolygon","coordinates":[[[[2.81800101,43.32397764],[2.80729876,43.3360217],[2.79909825,43.34271507],[2.79994599,43.34385823],[2.80762923,43.34778453],[2.81207749,43.35133498],[2.8142222,43.35333761],[2.81660798,43.35788829],[2.81949261,43.36665626],[2.81941315,43.36879901],[2.81460428,43.37865161],[2.81638846,43.37647756],[2.81839543,43.37596187],[2.82388522,43.37742923],[2.82888465,43.37674454],[2.83863098,43.37206349],[2.84203946,43.35365617],[2.84081216,43.35077294],[2.83454841,43.34310255],[2.83372975,43.33720174],[2.83861792,43.32962649],[2.84700701,43.32929684],[2.8459087,43.32573831],[2.83858879,43.32198806],[2.81800101,43.32397764]]]]}},{"type":"Feature","properties":{"code":"34008","nom":"Les Aires","departement":"34","region":"76"},"geometry":{"type":"MultiPolygon","coordinates":[[[[3.0571206,43.55000839],[3.0550984,43.55163255],[3.05566736,43.56047937],[3.04658886,43.56250356],[3.0345365,43.56055293],[3.02081396,43.55647701],[3.01164703,43.55853968],[3.00788411,43.56332573],[3.00662432,43.57220989],[3.01480031,43.57158556],[3.0214771,43.57309152],[3.02764477,43.57542407],[3.02854142,43.57674017],[3.03145429,43.57820596],[3.05014865,43.57396112],[3.06378163,43.57533238],[3.06834108,43.57763387],[3.07139386,43.5812759],[3.07679275,43.58503228],[3.07858865,43.58585158],[3.09261186,43.58524939],[3.09977777,43.58690579],[3.10814488,43.58662426],[3.11326008,43.58377851],[3.1157296,43.57958666],[3.12938574,43.57127286],[3.12333988,43.56687834],[3.11218075,43.56287399],[3.09791242,43.560077],[3.0871265,43.55702078],[3.06326971,43.55439568],[3.0571206,43.55000839]]]]}},{"type":"Feature","properties":{"code":"34009","nom":"Alignan-du-Vent","departement":"34","region":"76"},"geometry":{"type":"MultiPolygon","coordinates":[[[[3.33747609,43.494246],[3.35488031,43.48724114],[3.36243726,43.48246033],[3.37284677,43.47384824],[3.37568889,43.47149922],[3.3480724,43.44735124],[3.3450579,43.44339062],[3.34024205,43.44144817],[3.33384577,43.45092993],[3.32759312,43.45195215],[3.32333774,43.45879079],[3.3191277,43.46196205],[3.31269276,43.4597127],[3.30297903,43.4585833],[3.3049748,43.47324077],[3.30321107,43.47518815],[3.31986383,43.47772962],[3.32084129,43.48175016],[3.32134482,43.48275273],[3.33393279,43.4827264],[3.3359912,43.49159558],[3.33747609,43.494246]]]]}},{"type":"Feature","properties":{"code":"34010","nom":"Aniane","departement":"34","region":"76"},"geometry":{"type":"MultiPolygon","coordinates":[[[[3.62400876,43.69554791],[3.62434536,43.68887991],[3.62911365,43.67738484],[3.62454713,43.66063285],[3.61977392,43.6485854],[3.61860992,43.64762922],[3.61230768,43.65123988],[3.60614634,43.65348256],[3.589736,43.65459589],[3.57334319,43.65690431],[3.56803092,43.66174444],[3.56333673,43.66738467],[3.56404721,43.66904207],[3.56161856,43.67066263],[3.56752304,43.6791768],[3.57178432,43.68252708],[3.57055956,43.68853183],[3.56816099,43.69350072],[3.56557685,43.69328292],[3.56213267,43.69527502],[3.55762219,43.70165474],[3.55281167,43.71162353],[3.55301205,43.71336193],[3.5538226,43.71956681],[3.55778033,43.72299127],[3.56102202,43.72433521],[3.56718516,43.72420969],[3.58605941,43.70846838],[3.59875398,43.70166029],[3.61220728,43.70056232],[3.61414342,43.70253109],[3.61738666,43.70250554],[3.6220156,43.7005589],[3.62400876,43.69554791]]]]}},{"type":"Feature","properties":{"code":"34011","nom":"Arboras","departement":"34","region":"76"},"geometry":{"type":"MultiPolygon","coordinates":[[[[3.48240121,43.69762111],[3.4748151,43.71158315],[3.46268462,43.72395164],[3.4586027,43.72569393],[3.45850459,43.7303322],[3.4599514,43.7354148],[3.46179147,43.73828837],[3.47321378,43.74328938],[3.47274837,43.74134139],[3.47543635,43.7333713],[3.48308193,43.72525242],[3.49026392,43.71946395],[3.49225787,43.71616059],[3.48995686,43.70866173],[3.48240121,43.69762111]]]]}},{"type":"Feature","properties":{"code":"34012","nom":"Argelliers","departement":"34","region":"76"},"geometry":{"type":"MultiPolygon","coordinates":[[[[3.66744506,43.677933],[3.66543763,43.6779201],[3.63543318,43.69026358],[3.63384079,43.69249549],[3.63484057,43.69665687],[3.63727169,43.69690542],[3.63973556,43.70386033],[3.64365955,43.70844537],[3.65206728,43.7131079],[3.65696698,43.7186783],[3.65598438,43.72604695],[3.64163634,43.72616485],[3.63940419,43.7274018],[3.63426328,43.73435728],[3.63318446,43.73858937],[3.63370554,43.7403654],[3.63752732,43.74361685],[3.63688737,43.74623025],[3.63387846,43.74813575],[3.62223135,43.7528535],[3.64026788,43.76735688],[3.6432636,43.7710549],[3.6483279,43.78136383],[3.65737879,43.78654976],[3.66640618,43.78872311],[3.67971398,43.77208628],[3.68747979,43.76705662],[3.68307737,43.76327955],[3.67261771,43.75727575],[3.67094594,43.75203071],[3.67602442,43.74539145],[3.67552303,43.73750979],[3.67241961,43.73280644],[3.6607272,43.7258527],[3.6610689,43.72288285],[3.66398404,43.71960939],[3.68207202,43.71705983],[3.69369676,43.71037055],[3.70079194,43.71082363],[3.70547278,43.71406891],[3.70975367,43.7259446],[3.71629555,43.73546838],[3.71918924,43.7377998],[3.72256504,43.73543416],[3.73250914,43.72529355],[3.74004352,43.72153961],[3.74321085,43.71873831],[3.74478629,43.71461512],[3.73506853,43.70717896],[3.72140533,43.69097028],[3.70400034,43.69096999],[3.70270049,43.68751486],[3.70597217,43.68563998],[3.70267772,43.68343328],[3.68679535,43.68127067],[3.66960122,43.6776237],[3.66744506,43.677933]]]]}},{"type":"Feature","properties":{"code":"34013","nom":"Aspiran","departement":"34","region":"76"},"geometry":{"type":"MultiPolygon","coordinates":[[[[3.42600458,43.55054979],[3.42221071,43.55477903],[3.41931091,43.56122528],[3.42536191,43.56365897],[3.42742163,43.56559436],[3.42684056,43.5728181],[3.42563117,43.57294161],[3.42596897,43.57793846],[3.43270744,43.58575689],[3.43891507,43.58446511],[3.44607702,43.58750955],[3.45291833,43.58904414],[3.4566298,43.58845905],[3.46046966,43.5858353],[3.46364051,43.58486356],[3.46852274,43.58460597],[3.47763663,43.58238344],[3.4746416,43.57209065],[3.47518044,43.56572428],[3.47903585,43.56198415],[3.46252825,43.55604896],[3.45357794,43.55189839],[3.43990637,43.54099936],[3.42637564,43.54954332],[3.42600458,43.55054979]]]]}},{"type":"Feature","properties":{"code":"34014","nom":"Assas","departement":"34","region":"76"},"geometry":{"type":"MultiPolygon","coordinates":[[[[3.90084597,43.67813052],[3.89313042,43.6770252],[3.88860398,43.67543981],[3.8850274,43.68147738],[3.8833297,43.6876562],[3.88195832,43.69749397],[3.87924328,43.69999511],[3.87968974,43.70411026],[3.88384972,43.70906822],[3.88054715,43.72188062],[3.87839266,43.72330815],[3.87519351,43.72410243],[3.8752634,43.72989269],[3.87334938,43.73254926],[3.87297042,43.73374107],[3.87540331,43.73742013],[3.88240891,43.73858476],[3.89094639,43.74221836],[3.88736561,43.74783872],[3.888986,43.74938325],[3.89734892,43.74594991],[3.90347004,43.73950725],[3.90423007,43.7268816],[3.90793042,43.71959854],[3.9211792,43.71149257],[3.93483007,43.70681824],[3.93482253,43.70407633],[3.93010543,43.6996614],[3.90925492,43.6855655],[3.90651618,43.6816766],[3.90084597,43.67813052]]]]}},{"type":"Feature","properties":{"code":"34015","nom":"Assignan","departement":"34","region":"76"},"geometry":{"type":"MultiPolygon","coordinates":[[[[2.8702176,43.38107698],[2.86837473,43.38223257],[2.86939876,43.38319011],[2.86926064,43.38589602],[2.87632809,43.39473868],[2.87143763,43.40695095],[2.86656897,43.41099975],[2.86343242,43.41136289],[2.8662311,43.41566759],[2.86770792,43.41478415],[2.88317541,43.41827278],[2.88436459,43.41671676],[2.89037196,43.40855424],[2.90240427,43.4086962],[2.90935193,43.40613646],[2.90801211,43.40135916],[2.90876458,43.39601057],[2.90308088,43.39087323],[2.88386787,43.38519927],[2.87597667,43.38205533],[2.8702176,43.38107698]]]]}},{"type":"Feature","properties":{"code":"34016","nom":"Aumelas","departement":"34","region":"76"},"geometry":{"type":"MultiPolygon","coordinates":[[[[3.58896038,43.61311527],[3.59019145,43.61252192],[3.59841873,43.6130519],[3.61166208,43.62231991],[3.61765187,43.62288081],[3.62052376,43.62226338],[3.64945212,43.62547496],[3.65124518,43.61495269],[3.65676727,43.60400758],[3.66127555,43.60099021],[3.66810346,43.59860357],[3.66996398,43.5964515],[3.66867378,43.59410199],[3.6673017,43.5802303],[3.65677279,43.56911652],[3.65549464,43.56945536],[3.647449,43.56060758],[3.64319653,43.5538774],[3.64227996,43.54393596],[3.64289617,43.54229835],[3.64203183,43.53933247],[3.63178117,43.53215232],[3.62301233,43.52797149],[3.6184673,43.5333159],[3.61391777,43.53241589],[3.60766137,43.52867036],[3.60602291,43.5301965],[3.5968827,43.53778704],[3.57691641,43.54558968],[3.54808316,43.55014607],[3.54047427,43.5499062],[3.5403396,43.55058078],[3.54561628,43.55299003],[3.54968762,43.55932269],[3.54932858,43.56033313],[3.55678511,43.56181125],[3.56349573,43.56049807],[3.57832005,43.56288098],[3.58985897,43.56717648],[3.59914761,43.57481688],[3.59950158,43.57635894],[3.58987927,43.58613462],[3.58138056,43.5912912],[3.56971006,43.60110039],[3.57949481,43.60437427],[3.58390698,43.6067225],[3.58896038,43.61311527]]]]}},{"type":"Feature","properties":{"code":"34017","nom":"Aumes","departement":"34","region":"76"},"geometry":{"type":"MultiPolygon","coordinates":[[[[3.44557442,43.47509694],[3.45204437,43.47572694],[3.4562926,43.47800608],[3.46648752,43.4788759],[3.4747271,43.47692467],[3.48664057,43.464205],[3.49164118,43.46094354],[3.49371441,43.45325346],[3.47911936,43.45203511],[3.46500297,43.45220635],[3.46308939,43.45335085],[3.44502088,43.47173614],[3.44557442,43.47509694]]]]}},{"type":"Feature","properties":{"code":"34018","nom":"Autignac","departement":"34","region":"76"},"geometry":{"type":"MultiPolygon","coordinates":[[[[3.15628321,43.4829399],[3.15259961,43.48513949],[3.14841432,43.49462719],[3.13800754,43.50137699],[3.14663926,43.50560867],[3.15354677,43.51315127],[3.15767412,43.51615489],[3.16433477,43.51944065],[3.16540582,43.51784563],[3.1750082,43.51697224],[3.18465989,43.51267991],[3.18924156,43.50787117],[3.18789177,43.49919135],[3.19022815,43.49485252],[3.18458823,43.48536597],[3.18266261,43.48598372],[3.16018657,43.48167104],[3.15808695,43.48286621],[3.15628321,43.4829399]]]]}},{"type":"Feature","properties":{"code":"34019","nom":"Avène","departement":"34","region":"76"},"geometry":{"type":"MultiPolygon","coordinates":[[[[3.06939942,43.70677464],[3.06738681,43.70936921],[3.06052819,43.71278451],[3.05492313,43.72668365],[3.05581539,43.73569603],[3.05493743,43.74158327],[3.05354314,43.74241633],[3.0524615,43.74584529],[3.05624756,43.75494362],[3.06150809,43.75425869],[3.06863154,43.7595195],[3.07547382,43.76901663],[3.07145531,43.77184671],[3.06541525,43.77413257],[3.05682012,43.78270506],[3.06817992,43.78269765],[3.08178456,43.78823061],[3.0908959,43.79526675],[3.10072065,43.80045853],[3.10501372,43.79664618],[3.10756808,43.79272381],[3.11379381,43.78621407],[3.12379304,43.78510802],[3.13966204,43.78505195],[3.14720353,43.78193656],[3.1429982,43.77208227],[3.14547927,43.76716211],[3.15107735,43.75979721],[3.15531655,43.75632859],[3.15650767,43.75698018],[3.16654713,43.74784615],[3.16077075,43.73701702],[3.16331877,43.73096716],[3.15044395,43.73374283],[3.14177792,43.73366447],[3.13265591,43.7317395],[3.12824644,43.72602898],[3.1251244,43.72540003],[3.12200708,43.71938634],[3.12307286,43.71651826],[3.12800839,43.71501165],[3.1331906,43.71513321],[3.13465838,43.71309328],[3.13388407,43.70716434],[3.13225829,43.70357781],[3.12897454,43.70222301],[3.1232028,43.70252484],[3.11329985,43.70489225],[3.09730773,43.71214056],[3.08849802,43.71164147],[3.08132675,43.70998058],[3.07724917,43.70711939],[3.07585275,43.70640051],[3.06939942,43.70677464]]]]}},{"type":"Feature","properties":{"code":"34020","nom":"Azillanet","departement":"34","region":"76"},"geometry":{"type":"MultiPolygon","coordinates":[[[[2.74389723,43.3025273],[2.73914745,43.30531182],[2.72612382,43.30532189],[2.72634267,43.31085754],[2.72412929,43.31413449],[2.72473175,43.33348257],[2.71814349,43.34733474],[2.71830554,43.34873135],[2.73886157,43.33906451],[2.76460219,43.33697715],[2.76624362,43.33489904],[2.77040156,43.33092905],[2.77557169,43.31813248],[2.77508192,43.31545431],[2.76484943,43.31323307],[2.75168146,43.30572545],[2.74389723,43.3025273]]]]}},{"type":"Feature","properties":{"code":"34021","nom":"Babeau-Bouldoux","departement":"34","region":"76"},"geometry":{"type":"MultiPolygon","coordinates":[[[[2.88436459,43.41671676],[2.88317541,43.41827278],[2.86770792,43.41478415],[2.8662311,43.41566759],[2.85428273,43.42374992],[2.86712315,43.43554832],[2.86575894,43.44084925],[2.86755978,43.44859668],[2.87081701,43.45477145],[2.87941287,43.46398323],[2.8804944,43.46421295],[2.90125704,43.45164381],[2.90880769,43.45681904],[2.91849509,43.46122077],[2.92193342,43.46138254],[2.92366787,43.44809113],[2.92514873,43.44405986],[2.92881282,43.44157026],[2.92573334,43.4330961],[2.92137615,43.42721827],[2.90668232,43.42174393],[2.88436459,43.41671676]]]]}},{"type":"Feature","properties":{"code":"34039","nom":"Bouzigues","departement":"34","region":"76"},"geometry":{"type":"MultiPolygon","coordinates":[[[[3.66630957,43.45776405],[3.66745939,43.45233266],[3.66695959,43.4506596],[3.66452511,43.44666549],[3.67301597,43.43537861],[3.67246824,43.43023939],[3.66197617,43.42475384],[3.64208657,43.44619886],[3.64305337,43.44994846],[3.65070798,43.4637618],[3.65210191,43.46523254],[3.65871802,43.46341382],[3.66630957,43.45776405]]]]}},{"type":"Feature","properties":{"code":"34022","nom":"Baillargues","departement":"34","region":"76"},"geometry":{"type":"MultiPolygon","coordinates":[[[[4.00283973,43.64690788],[3.98774913,43.65218693],[3.9861225,43.65445496],[3.99407069,43.6536753],[3.99196347,43.66046156],[3.99036107,43.66184037],[3.99133411,43.66563977],[3.99394825,43.66734368],[4.01580606,43.67393405],[4.01878299,43.67338608],[4.02316068,43.67137245],[4.02667663,43.66383071],[4.0289604,43.6633043],[4.03042148,43.66183536],[4.03431233,43.65743582],[4.02523054,43.6505523],[4.01307577,43.64551448],[4.01344136,43.63899606],[4.01020283,43.64006914],[4.00701743,43.64325721],[4.00283973,43.64690788]]]]}},{"type":"Feature","properties":{"code":"34023","nom":"Balaruc-les-Bains","departement":"34","region":"76"},"geometry":{"type":"MultiPolygon","coordinates":[[[[3.67246824,43.43023939],[3.67301597,43.43537861],[3.66452511,43.44666549],[3.66695959,43.4506596],[3.67744577,43.45499321],[3.68476973,43.45543213],[3.68973373,43.45680509],[3.69098786,43.45818625],[3.70502199,43.45917553],[3.71394473,43.46496796],[3.71983907,43.46228472],[3.71334044,43.45459017],[3.70692267,43.43936518],[3.70362311,43.43750899],[3.69809741,43.43613311],[3.67246824,43.43023939]]]]}},{"type":"Feature","properties":{"code":"34024","nom":"Balaruc-le-Vieux","departement":"34","region":"76"},"geometry":{"type":"MultiPolygon","coordinates":[[[[3.72798081,43.47072818],[3.72605896,43.46987733],[3.71983907,43.46228472],[3.71394473,43.46496796],[3.70502199,43.45917553],[3.69098786,43.45818625],[3.68973373,43.45680509],[3.68476973,43.45543213],[3.67744577,43.45499321],[3.66695959,43.4506596],[3.66745939,43.45233266],[3.66630957,43.45776405],[3.67407639,43.46298292],[3.67928813,43.46479929],[3.69862415,43.47941558],[3.7154042,43.4759439],[3.72216523,43.47254042],[3.72798081,43.47072818]]]]}},{"type":"Feature","properties":{"code":"34025","nom":"Bassan","departement":"34","region":"76"},"geometry":{"type":"MultiPolygon","coordinates":[[[[3.25591099,43.4247449],[3.27419072,43.41370462],[3.27354681,43.41013015],[3.27151564,43.4067346],[3.26261893,43.39728062],[3.25867714,43.39206772],[3.24127611,43.39898111],[3.24161183,43.40018768],[3.2397432,43.40417993],[3.24100399,43.41119526],[3.250016,43.42620981],[3.25123173,43.42561592],[3.25306451,43.42500259],[3.25375771,43.42656907],[3.25591099,43.4247449]]]]}},{"type":"Feature","properties":{"code":"34026","nom":"Beaufort","departement":"34","region":"76"},"geometry":{"type":"MultiPolygon","coordinates":[[[[2.77508192,43.31545431],[2.78841109,43.31270151],[2.79950273,43.30581211],[2.78246695,43.30161595],[2.74896667,43.2904319],[2.74389723,43.3025273],[2.75168146,43.30572545],[2.76484943,43.31323307],[2.77508192,43.31545431]]]]}},{"type":"Feature","properties":{"code":"34027","nom":"Beaulieu","departement":"34","region":"76"},"geometry":{"type":"MultiPolygon","coordinates":[[[[4.04993205,43.74211018],[4.04649763,43.74028758],[4.0306846,43.72734633],[4.02247488,43.71757239],[4.02619988,43.71087171],[4.02319097,43.71084604],[4.0199118,43.71250295],[4.01283641,43.71018426],[4.00212116,43.72037319],[4.00134554,43.72639803],[4.00229535,43.73429594],[4.00310823,43.73415167],[4.01980077,43.74040856],[4.0203532,43.74117912],[4.02365596,43.74394329],[4.03747687,43.74833196],[4.04993205,43.74211018]]]]}},{"type":"Feature","properties":{"code":"34028","nom":"Bédarieux","departement":"34","region":"76"},"geometry":{"type":"MultiPolygon","coordinates":[[[[3.17029964,43.59308225],[3.1507163,43.58734912],[3.14863577,43.58601405],[3.14568805,43.5858057],[3.14298801,43.58514167],[3.1310139,43.58683932],[3.12120629,43.59016361],[3.12225672,43.59107209],[3.1224256,43.59364341],[3.13417738,43.59674001],[3.13385185,43.59730097],[3.13074827,43.60444529],[3.13364409,43.60909537],[3.1398459,43.61384376],[3.13699373,43.63037903],[3.13689835,43.6314211],[3.14436647,43.63615691],[3.14979337,43.63781148],[3.16279449,43.63822739],[3.16457,43.6382715],[3.17471973,43.63841853],[3.19580751,43.63550417],[3.20136328,43.62229148],[3.20226667,43.62101752],[3.20448318,43.62018197],[3.20553507,43.62063078],[3.20743998,43.61310412],[3.20644533,43.60891037],[3.198515,43.59665591],[3.19789784,43.59432214],[3.18866419,43.59520414],[3.17029964,43.59308225]]]]}},{"type":"Feature","properties":{"code":"34029","nom":"Bélarga","departement":"34","region":"76"},"geometry":{"type":"MultiPolygon","coordinates":[[[[3.4880227,43.56318939],[3.50311351,43.55701747],[3.50546796,43.55688416],[3.50913233,43.5625832],[3.51092027,43.55674528],[3.51581587,43.55551016],[3.52066968,43.55132562],[3.52035154,43.54584047],[3.5038651,43.54707622],[3.48593902,43.54900513],[3.48218219,43.55077279],[3.48298077,43.55482532],[3.47777995,43.55885763],[3.48003345,43.56039707],[3.48069655,43.559058],[3.4880227,43.56318939]]]]}},{"type":"Feature","properties":{"code":"34030","nom":"Berlou","departement":"34","region":"76"},"geometry":{"type":"MultiPolygon","coordinates":[[[[2.95090761,43.48494065],[2.95150083,43.48771557],[2.94440009,43.49209367],[2.93364033,43.49413893],[2.90832222,43.503382],[2.90557908,43.50514126],[2.90376428,43.51047223],[2.90987892,43.51169748],[2.9159118,43.50983813],[2.92008037,43.51054396],[2.9311831,43.51513738],[2.93683563,43.51035797],[2.93865016,43.50703369],[2.95104488,43.50511733],[2.9552471,43.50557709],[2.97128856,43.50343223],[2.97741115,43.50191228],[2.98623202,43.49824118],[2.98999606,43.49411828],[2.99217939,43.48767035],[2.98994907,43.48722212],[2.96518041,43.48874647],[2.96766412,43.48664286],[2.96246663,43.48524846],[2.95090761,43.48494065]]]]}},{"type":"Feature","properties":{"code":"34031","nom":"Bessan","departement":"34","region":"76"},"geometry":{"type":"MultiPolygon","coordinates":[[[[3.4412154,43.37344544],[3.44843868,43.36142552],[3.44743179,43.35592851],[3.45066434,43.3458349],[3.45623067,43.34112009],[3.45753527,43.33994779],[3.45399928,43.33511561],[3.43890059,43.32780298],[3.43518429,43.32881296],[3.43118976,43.32855817],[3.42596481,43.32938402],[3.41742212,43.33222588],[3.40664554,43.34067192],[3.38904031,43.34036512],[3.38883014,43.34301162],[3.38133929,43.35412868],[3.36813189,43.3654961],[3.37156727,43.3744878],[3.37352051,43.37501996],[3.37795925,43.37617497],[3.39832801,43.37611183],[3.41419414,43.38173166],[3.43299387,43.38549056],[3.43487616,43.38532288],[3.43708017,43.38366407],[3.43831616,43.38269916],[3.43780216,43.37738979],[3.4412154,43.37344544]]]]}},{"type":"Feature","properties":{"code":"34032","nom":"Béziers","departement":"34","region":"76"},"geometry":{"type":"MultiPolygon","coordinates":[[[[3.24266869,43.31488338],[3.23844165,43.300854],[3.23573898,43.29745146],[3.23087223,43.29728565],[3.22758096,43.29936254],[3.21651078,43.3016279],[3.21093296,43.2977321],[3.20797881,43.29718369],[3.19204963,43.29839969],[3.19094141,43.29921576],[3.18399296,43.30361501],[3.17758843,43.30377865],[3.17817221,43.30854182],[3.17715226,43.31135377],[3.175279,43.31231578],[3.16756437,43.31474967],[3.16329509,43.31718686],[3.15662459,43.32296845],[3.15564891,43.32577386],[3.15148334,43.33066723],[3.14788849,43.33107612],[3.14897944,43.33406757],[3.13721346,43.3416739],[3.13239604,43.34623637],[3.12895608,43.34804872],[3.12943025,43.35938767],[3.13093843,43.36115359],[3.14719312,43.35217531],[3.15878541,43.34878001],[3.16498412,43.34858902],[3.17803547,43.35881304],[3.17938597,43.36093929],[3.17898098,43.36511776],[3.17697405,43.36888594],[3.18355006,43.37189141],[3.18168492,43.37328177],[3.18194333,43.37778843],[3.18313827,43.37890555],[3.18827296,43.38313397],[3.20424676,43.38195979],[3.21317952,43.38239508],[3.21339535,43.38238836],[3.21685887,43.38469981],[3.21901349,43.38917203],[3.21916957,43.39355742],[3.22770183,43.39143557],[3.23485712,43.39332391],[3.2412171,43.39755801],[3.24127611,43.39898111],[3.25867714,43.39206772],[3.2576913,43.38899872],[3.24224288,43.37481219],[3.24083365,43.37224961],[3.24221858,43.36580886],[3.24376038,43.36445957],[3.24654413,43.36435251],[3.25174842,43.36596253],[3.25835179,43.37151921],[3.26062381,43.37216869],[3.27745691,43.37136397],[3.2834432,43.37469955],[3.28456668,43.38417957],[3.28316897,43.38639812],[3.2795721,43.38869703],[3.28351706,43.38895217],[3.29235947,43.38656082],[3.30409888,43.38049376],[3.31328495,43.37229267],[3.33151107,43.37815792],[3.34096426,43.37330476],[3.33885782,43.3684714],[3.33350726,43.36421213],[3.32999012,43.35874244],[3.33107378,43.35550952],[3.3366733,43.34937309],[3.33124083,43.34124753],[3.3247457,43.34394534],[3.31685784,43.34454268],[3.30892565,43.34425975],[3.30603428,43.34269906],[3.30108552,43.34365033],[3.29321392,43.34384828],[3.28334264,43.33896276],[3.2733077,43.33559709],[3.27061249,43.33299414],[3.25430146,43.3177677],[3.25242694,43.31285048],[3.24380614,43.31612674],[3.24266869,43.31488338]]]]}},{"type":"Feature","properties":{"code":"34033","nom":"Boisseron","departement":"34","region":"76"},"geometry":{"type":"MultiPolygon","coordinates":[[[[4.06743474,43.76497575],[4.07080021,43.7670459],[4.07382389,43.76776489],[4.08582228,43.76709521],[4.08962839,43.76454636],[4.09169687,43.7618609],[4.09236255,43.75959087],[4.0991749,43.74959956],[4.09945926,43.7494734],[4.09791374,43.7478601],[4.0913271,43.74546677],[4.08642951,43.74086667],[4.06186018,43.74000388],[4.0558787,43.73845837],[4.04993205,43.74211018],[4.05750979,43.74962059],[4.06290616,43.75301932],[4.06672218,43.76072419],[4.06743474,43.76497575]]]]}},{"type":"Feature","properties":{"code":"34034","nom":"Boisset","departement":"34","region":"76"},"geometry":{"type":"MultiPolygon","coordinates":[[[[2.66633551,43.43202301],[2.6836177,43.42990937],[2.68466147,43.4259593],[2.68371964,43.42169398],[2.6842188,43.41912422],[2.68546287,43.41709642],[2.68993315,43.41432758],[2.69408567,43.41553863],[2.69979434,43.41893909],[2.7036604,43.41908019],[2.7219219,43.40808001],[2.72333669,43.39228055],[2.71325852,43.37976205],[2.713853,43.37752895],[2.71519662,43.37692165],[2.71468425,43.37628607],[2.71187666,43.37615988],[2.70896921,43.37676115],[2.69862944,43.38472245],[2.692521,43.38800603],[2.68498493,43.3898673],[2.68050505,43.38821864],[2.68020149,43.38490439],[2.67756789,43.38184143],[2.67611007,43.38138727],[2.67496216,43.39115384],[2.66781138,43.38850071],[2.65772061,43.38335216],[2.64993838,43.38280639],[2.64556657,43.38549286],[2.64713581,43.38827336],[2.66318344,43.39244121],[2.66637625,43.39454815],[2.67613708,43.40751195],[2.67397426,43.41290156],[2.67107255,43.41577617],[2.66952835,43.41883479],[2.66844917,43.4285595],[2.66633551,43.43202301]]]]}},{"type":"Feature","properties":{"code":"34035","nom":"La Boissière","departement":"34","region":"76"},"geometry":{"type":"MultiPolygon","coordinates":[[[[3.61860992,43.64762922],[3.61977392,43.6485854],[3.62454713,43.66063285],[3.62911365,43.67738484],[3.62434536,43.68887991],[3.62400876,43.69554791],[3.63005018,43.69479502],[3.63484057,43.69665687],[3.63384079,43.69249549],[3.63543318,43.69026358],[3.66543763,43.6779201],[3.66744506,43.677933],[3.66116675,43.67020931],[3.66175626,43.65974604],[3.66328324,43.65792448],[3.66867926,43.65588121],[3.67514433,43.64393746],[3.66968569,43.64082183],[3.66902066,43.63628364],[3.67156713,43.63378534],[3.66314765,43.62734666],[3.6531977,43.62502151],[3.64945212,43.62547496],[3.62052376,43.62226338],[3.61765187,43.62288081],[3.61952197,43.62882329],[3.62054252,43.63796586],[3.61860992,43.64762922]]]]}},{"type":"Feature","properties":{"code":"34036","nom":"Le Bosc","departement":"34","region":"76"},"geometry":{"type":"MultiPolygon","coordinates":[[[[3.38556946,43.66815014],[3.38448132,43.6691051],[3.38603413,43.67272497],[3.38325475,43.67754434],[3.37118728,43.68184953],[3.36996641,43.68172142],[3.36764758,43.68129286],[3.36001143,43.68309915],[3.35528585,43.68525087],[3.34176686,43.69422225],[3.34224753,43.69912032],[3.35186068,43.70900945],[3.36269772,43.71180388],[3.36671533,43.71618975],[3.36851465,43.72107523],[3.36605154,43.72530383],[3.36599048,43.72933986],[3.36681638,43.73216082],[3.36889855,43.73251823],[3.37897064,43.73313064],[3.38068587,43.73315705],[3.3915912,43.72473805],[3.39436194,43.72185663],[3.39468735,43.71974441],[3.39908472,43.71391627],[3.40764954,43.71145946],[3.41133741,43.70037665],[3.41918426,43.68947042],[3.42371907,43.6908053],[3.42941221,43.68765427],[3.43311826,43.68039146],[3.42928721,43.68040395],[3.42931801,43.67574453],[3.43740623,43.6707192],[3.43356658,43.66786955],[3.43436003,43.66674071],[3.42874419,43.66632298],[3.42496971,43.66681649],[3.41883173,43.67127011],[3.40296315,43.66865579],[3.39476436,43.66612137],[3.39441194,43.66534431],[3.39264742,43.66488279],[3.38988775,43.66808796],[3.38556946,43.66815014]]]]}},{"type":"Feature","properties":{"code":"34037","nom":"Boujan-sur-Libron","departement":"34","region":"76"},"geometry":{"type":"MultiPolygon","coordinates":[[[[3.25867714,43.39206772],[3.26261893,43.39728062],[3.2795721,43.38869703],[3.28316897,43.38639812],[3.28456668,43.38417957],[3.2834432,43.37469955],[3.27745691,43.37136397],[3.26062381,43.37216869],[3.25835179,43.37151921],[3.25174842,43.36596253],[3.24654413,43.36435251],[3.24376038,43.36445957],[3.24221858,43.36580886],[3.24083365,43.37224961],[3.24224288,43.37481219],[3.2576913,43.38899872],[3.25867714,43.39206772]]]]}},{"type":"Feature","properties":{"code":"34038","nom":"Le Bousquet-d'Orb","departement":"34","region":"76"},"geometry":{"type":"MultiPolygon","coordinates":[[[[3.1232028,43.70252484],[3.12897454,43.70222301],[3.13225829,43.70357781],[3.13388407,43.70716434],[3.13465838,43.71309328],[3.1331906,43.71513321],[3.12800839,43.71501165],[3.12307286,43.71651826],[3.12200708,43.71938634],[3.1251244,43.72540003],[3.12824644,43.72602898],[3.14624651,43.72337876],[3.17065965,43.71124222],[3.1688327,43.70503264],[3.16797723,43.69586023],[3.17161226,43.69092173],[3.17395937,43.68509437],[3.17513361,43.67982406],[3.17250329,43.67878358],[3.17255741,43.67617224],[3.15678988,43.68597529],[3.14520507,43.68944307],[3.13565461,43.69688702],[3.13330504,43.69554559],[3.13314489,43.69386852],[3.1315706,43.69524356],[3.13403294,43.69816049],[3.1232028,43.70252484]]]]}},{"type":"Feature","properties":{"code":"34040","nom":"Brenas","departement":"34","region":"76"},"geometry":{"type":"MultiPolygon","coordinates":[[[[3.27476482,43.61801962],[3.26955048,43.61716798],[3.25970825,43.62016212],[3.23837965,43.62916654],[3.22896784,43.6462531],[3.23010405,43.64963754],[3.23816256,43.65534471],[3.25044099,43.66231401],[3.25116464,43.66340381],[3.25605419,43.66058951],[3.26936785,43.65661171],[3.27028852,43.6557906],[3.26898064,43.6546466],[3.26484808,43.63784313],[3.26449333,43.63291764],[3.26667017,43.63057287],[3.27021714,43.62907676],[3.27368386,43.62637773],[3.2752101,43.62306267],[3.27476482,43.61801962]]]]}},{"type":"Feature","properties":{"code":"34041","nom":"Brignac","departement":"34","region":"76"},"geometry":{"type":"MultiPolygon","coordinates":[[[[3.45928518,43.62777021],[3.46076956,43.62920811],[3.46423701,43.63780264],[3.4656064,43.63708414],[3.47372623,43.63752866],[3.4742616,43.63679838],[3.47600973,43.6351585],[3.47641185,43.63092138],[3.47987148,43.62126124],[3.48700275,43.61712107],[3.47921686,43.6115464],[3.47438669,43.60938471],[3.47422039,43.60694431],[3.46537747,43.6117748],[3.45897566,43.61757327],[3.45560383,43.62435479],[3.45928518,43.62777021]]]]}},{"type":"Feature","properties":{"code":"34042","nom":"Brissac","departement":"34","region":"76"},"geometry":{"type":"MultiPolygon","coordinates":[[[[3.76210988,43.87065203],[3.76160127,43.86926694],[3.74885169,43.85845486],[3.73570912,43.8502575],[3.72820976,43.83947516],[3.71972167,43.83534226],[3.72139013,43.83110873],[3.72446031,43.82676059],[3.71045029,43.82710113],[3.69348999,43.82526283],[3.68685958,43.827839],[3.68905845,43.82906524],[3.69078718,43.83355578],[3.69004647,43.83501746],[3.68471933,43.8368959],[3.68177354,43.83633479],[3.67610328,43.83824915],[3.67201727,43.84158887],[3.67450996,43.84167068],[3.67583696,43.85505001],[3.66964641,43.86803395],[3.66149649,43.87559197],[3.65763606,43.8775421],[3.66996447,43.88051619],[3.66616749,43.89505674],[3.69499038,43.9080878],[3.7016932,43.91026879],[3.70840044,43.91166096],[3.72100813,43.91130667],[3.72105888,43.90724292],[3.7170737,43.90016474],[3.71929097,43.89358755],[3.72335161,43.89052512],[3.72617451,43.88596424],[3.72585727,43.88156461],[3.724602,43.88089257],[3.72522922,43.87943226],[3.73618688,43.87682011],[3.76207522,43.87775121],[3.76625472,43.87860932],[3.76080113,43.87429162],[3.76210988,43.87065203]]]]}},{"type":"Feature","properties":{"code":"34043","nom":"Buzignargues","departement":"34","region":"76"},"geometry":{"type":"MultiPolygon","coordinates":[[[[3.99702688,43.76102166],[3.98553517,43.76700728],[3.9813102,43.77473536],[3.97720628,43.77732717],[3.97628657,43.77874741],[3.97522507,43.78321882],[3.9764792,43.78486619],[3.98296206,43.78232767],[3.9931455,43.78077473],[4.00400878,43.7773661],[4.01086488,43.76858319],[4.01146634,43.76137002],[4.00560435,43.75939314],[3.99702688,43.76102166]]]]}},{"type":"Feature","properties":{"code":"34044","nom":"Cabrerolles","departement":"34","region":"76"},"geometry":{"type":"MultiPolygon","coordinates":[[[[3.16433477,43.51944065],[3.15767412,43.51615489],[3.15354677,43.51315127],[3.14663926,43.50560867],[3.13800754,43.50137699],[3.12302365,43.5041823],[3.12338568,43.50527413],[3.11327969,43.50967752],[3.10172381,43.52345547],[3.09149089,43.53195343],[3.0835968,43.54169032],[3.08469407,43.55272377],[3.0871265,43.55702078],[3.09791242,43.560077],[3.11218075,43.56287399],[3.12333988,43.56687834],[3.12938574,43.57127286],[3.13234456,43.5701995],[3.13178063,43.56873629],[3.13299426,43.56754625],[3.13699179,43.56733164],[3.13323946,43.55749854],[3.13431692,43.55162553],[3.13723673,43.54763515],[3.14153911,43.54520305],[3.1537611,43.53458044],[3.15985786,43.52475927],[3.16341728,43.52201163],[3.16433477,43.51944065]]]]}},{"type":"Feature","properties":{"code":"34045","nom":"Cabrières","departement":"34","region":"76"},"geometry":{"type":"MultiPolygon","coordinates":[[[[3.31706985,43.55806476],[3.31042386,43.55994463],[3.31023491,43.56115263],[3.31316694,43.56336839],[3.31408548,43.56616396],[3.31191191,43.57901241],[3.30569057,43.58302773],[3.31243299,43.59106862],[3.31857572,43.59489728],[3.32417045,43.59603243],[3.32858584,43.60111097],[3.33341837,43.60411139],[3.33847656,43.60560648],[3.35678479,43.59780265],[3.37281262,43.60350019],[3.3755878,43.60375067],[3.38657574,43.60654104],[3.38674763,43.5962191],[3.38440722,43.59632458],[3.38000223,43.59500482],[3.37700718,43.59250669],[3.37682176,43.59141592],[3.38010069,43.58575845],[3.3819289,43.58017351],[3.37780845,43.57262184],[3.37636309,43.56753424],[3.37907373,43.56276872],[3.38443891,43.55947387],[3.3710587,43.55419212],[3.35086719,43.54804473],[3.34165125,43.55484468],[3.3356464,43.55678437],[3.3244327,43.55898594],[3.31706985,43.55806476]]]]}},{"type":"Feature","properties":{"code":"34046","nom":"Cambon-et-Salvergues","departement":"34","region":"76"},"geometry":{"type":"MultiPolygon","coordinates":[[[[2.82814291,43.63735324],[2.84073794,43.6425939],[2.85489425,43.64434942],[2.85809209,43.64341425],[2.87185955,43.6453947],[2.87413409,43.64670925],[2.87863375,43.65527233],[2.88098328,43.65714471],[2.88872067,43.65765859],[2.89654794,43.65445763],[2.90342824,43.65381251],[2.90742902,43.65430098],[2.91178085,43.65462042],[2.92026261,43.6536192],[2.93871307,43.65437889],[2.94115683,43.6532591],[2.93927464,43.6308137],[2.94054411,43.62389059],[2.94333931,43.61797875],[2.9481541,43.61573082],[2.94936794,43.61412349],[2.95041384,43.61046011],[2.94969437,43.60623356],[2.94852865,43.60684216],[2.93774326,43.60595744],[2.93008627,43.60070714],[2.9344661,43.59257423],[2.92342805,43.59209463],[2.91459112,43.59416829],[2.90988031,43.5967441],[2.91021301,43.60091028],[2.90629118,43.60437557],[2.87926978,43.60100268],[2.85820884,43.60321405],[2.85079455,43.60040855],[2.84875927,43.59752739],[2.84706373,43.59823943],[2.84414154,43.60156261],[2.84203006,43.60532959],[2.83085754,43.61250914],[2.82641983,43.62008276],[2.82934222,43.63567253],[2.82814291,43.63735324]]]]}},{"type":"Feature","properties":{"code":"34047","nom":"Campagnan","departement":"34","region":"76"},"geometry":{"type":"MultiPolygon","coordinates":[[[[3.48218219,43.55077279],[3.48593902,43.54900513],[3.5038651,43.54707622],[3.50991804,43.54071104],[3.50833187,43.53799495],[3.50361629,43.53365408],[3.49492696,43.53117479],[3.49052708,43.53103911],[3.48783259,43.53134637],[3.48767279,43.53350016],[3.48353706,43.53567444],[3.47737537,43.53534272],[3.48025713,43.54793902],[3.48218219,43.55077279]]]]}},{"type":"Feature","properties":{"code":"34048","nom":"Campagne","departement":"34","region":"76"},"geometry":{"type":"MultiPolygon","coordinates":[[[[4.05368506,43.78523604],[4.05141747,43.78000222],[4.0517847,43.77815468],[4.03001233,43.7774483],[4.02674932,43.77813155],[4.01620015,43.78503223],[4.01216429,43.78629912],[4.01761733,43.78837402],[4.02886745,43.79797622],[4.03135988,43.79880313],[4.03601164,43.79707789],[4.05368506,43.78523604]]]]}},{"type":"Feature","properties":{"code":"34049","nom":"Camplong","departement":"34","region":"76"},"geometry":{"type":"MultiPolygon","coordinates":[[[[3.1136685,43.66876779],[3.10418584,43.6859034],[3.0992454,43.69135912],[3.08817556,43.69799404],[3.07890954,43.70132151],[3.07649708,43.70403261],[3.07724917,43.70711939],[3.08132675,43.70998058],[3.08849802,43.71164147],[3.09730773,43.71214056],[3.11329985,43.70489225],[3.1232028,43.70252484],[3.13403294,43.69816049],[3.1315706,43.69524356],[3.13314489,43.69386852],[3.13373041,43.69022802],[3.13003656,43.68487498],[3.128562,43.68088155],[3.12889507,43.67627502],[3.13361948,43.67137435],[3.13430665,43.666259],[3.13312167,43.66199269],[3.12423472,43.65618958],[3.12106971,43.65803954],[3.1136685,43.66876779]]]]}},{"type":"Feature","properties":{"code":"34050","nom":"Candillargues","departement":"34","region":"76"},"geometry":{"type":"MultiPolygon","coordinates":[[[[4.08248188,43.6097626],[4.06889857,43.60177052],[4.06001536,43.59915532],[4.05260809,43.60486936],[4.05030865,43.61678133],[4.04780339,43.62331057],[4.0462989,43.62639628],[4.0461506,43.6302869],[4.06114882,43.63821872],[4.06438038,43.63448868],[4.08082039,43.62306645],[4.08231949,43.61901026],[4.08248188,43.6097626]]]]}},{"type":"Feature","properties":{"code":"34051","nom":"Canet","departement":"34","region":"76"},"geometry":{"type":"MultiPolygon","coordinates":[[[[3.47422039,43.60694431],[3.47438669,43.60938471],[3.47921686,43.6115464],[3.48700275,43.61712107],[3.49074364,43.61690719],[3.49453005,43.61766745],[3.4950246,43.61656385],[3.49920433,43.61384446],[3.5003495,43.61195593],[3.49896011,43.60299325],[3.49231567,43.59487335],[3.49089631,43.59118439],[3.49300571,43.58311016],[3.49144799,43.58159211],[3.48630547,43.58059582],[3.48416874,43.58142146],[3.4842423,43.58383251],[3.48253443,43.58445196],[3.47908079,43.58427739],[3.47763663,43.58238344],[3.46852274,43.58460597],[3.46364051,43.58486356],[3.46399856,43.59700088],[3.47334779,43.59948443],[3.47441981,43.60245803],[3.47422039,43.60694431]]]]}},{"type":"Feature","properties":{"code":"34052","nom":"Capestang","departement":"34","region":"76"},"geometry":{"type":"MultiPolygon","coordinates":[[[[3.0261538,43.3506188],[3.03151801,43.35389912],[3.0465262,43.35691638],[3.06198116,43.35430337],[3.06405698,43.35629569],[3.07294922,43.35404195],[3.07411534,43.34819734],[3.07308956,43.34416784],[3.09404137,43.34268441],[3.10917205,43.33663572],[3.10978996,43.33299445],[3.10468455,43.33450183],[3.0979483,43.3352449],[3.09245669,43.33371683],[3.08868706,43.3258459],[3.09230718,43.31730764],[3.09124539,43.31433453],[3.08278681,43.31610901],[3.0745727,43.31488616],[3.07052334,43.30794956],[3.0719566,43.3025449],[3.07570785,43.2974346],[3.0820002,43.29403955],[3.08321298,43.29042599],[3.06946824,43.285937],[3.05439564,43.27987634],[3.03464444,43.30269373],[3.021877,43.30405362],[3.01914421,43.30169007],[3.01809662,43.29960326],[3.01543704,43.29794307],[3.00597848,43.30015694],[3.00412377,43.31977222],[2.99090489,43.31914401],[2.99019011,43.32018026],[2.99311448,43.32528741],[3.0247433,43.34144233],[3.0261538,43.3506188]]]]}},{"type":"Feature","properties":{"code":"34053","nom":"Carlencas-et-Levas","departement":"34","region":"76"},"geometry":{"type":"MultiPolygon","coordinates":[[[[3.19580751,43.63550417],[3.20175022,43.63511269],[3.2018099,43.64115917],[3.20768583,43.64612577],[3.209333,43.64725545],[3.23010405,43.64963754],[3.22896784,43.6462531],[3.23837965,43.62916654],[3.236334,43.62814255],[3.23577653,43.62150066],[3.23921343,43.61998782],[3.23982162,43.6170415],[3.2356479,43.61340473],[3.2243425,43.60703846],[3.21945967,43.60531547],[3.21654416,43.60807192],[3.21534894,43.61261546],[3.21517613,43.61903841],[3.20998448,43.62044322],[3.20553507,43.62063078],[3.20448318,43.62018197],[3.20226667,43.62101752],[3.20136328,43.62229148],[3.19580751,43.63550417]]]]}},{"type":"Feature","properties":{"code":"34054","nom":"Cassagnoles","departement":"34","region":"76"},"geometry":{"type":"MultiPolygon","coordinates":[[[[2.60260369,43.43126641],[2.60372249,43.42924266],[2.61354903,43.42329899],[2.62035966,43.41735654],[2.62428796,43.41169971],[2.62607838,43.40565126],[2.63169381,43.39815936],[2.63189212,43.39319401],[2.62924011,43.37761678],[2.62199059,43.37216785],[2.61583353,43.36545387],[2.60922505,43.36842775],[2.60563049,43.36788304],[2.58018445,43.37556732],[2.57484035,43.37777305],[2.56862789,43.38223675],[2.57305227,43.39970104],[2.5767341,43.39833813],[2.57998195,43.39809348],[2.58685874,43.39950629],[2.59280664,43.40372927],[2.59465202,43.40923756],[2.59449736,43.41139795],[2.5934079,43.41258951],[2.57928715,43.41466687],[2.56582988,43.4227278],[2.56734243,43.42347877],[2.58379158,43.42509694],[2.5902441,43.42935176],[2.59627488,43.43156419],[2.60164595,43.43194933],[2.60260369,43.43126641]]]]}},{"type":"Feature","properties":{"code":"34055","nom":"Castanet-le-Haut","departement":"34","region":"76"},"geometry":{"type":"MultiPolygon","coordinates":[[[[2.90742902,43.65430098],[2.91236706,43.6586511],[2.91529745,43.65996623],[2.91871567,43.66610369],[2.91902997,43.68755002],[2.92883464,43.69347949],[2.93155676,43.69446744],[2.93542465,43.69455528],[2.93788033,43.69093764],[2.93905617,43.69069175],[2.94720702,43.69343416],[2.95787505,43.69943613],[2.97394504,43.70461066],[2.98680872,43.68876531],[2.98731148,43.68627198],[2.98510899,43.68271743],[2.98531518,43.68127955],[2.98997535,43.67668294],[2.99148173,43.67618368],[2.98775301,43.66836219],[2.99149493,43.66238245],[2.99125781,43.65682077],[2.98893701,43.65447928],[2.98221506,43.6508792],[2.96232414,43.64989516],[2.94115683,43.6532591],[2.93871307,43.65437889],[2.92026261,43.6536192],[2.91178085,43.65462042],[2.90742902,43.65430098]]]]}},{"type":"Feature","properties":{"code":"34056","nom":"Castelnau-de-Guers","departement":"34","region":"76"},"geometry":{"type":"MultiPolygon","coordinates":[[[[3.51841601,43.42692593],[3.49882086,43.42034058],[3.48936841,43.4163613],[3.48520523,43.4148596],[3.48083424,43.41844445],[3.47150794,43.42229103],[3.4646532,43.42266342],[3.43872257,43.41985843],[3.43096767,43.42131912],[3.42941741,43.42280702],[3.43000996,43.42314834],[3.42690987,43.4336984],[3.43373076,43.4441903],[3.4374025,43.44802977],[3.44660962,43.45551987],[3.45057247,43.45579857],[3.46308939,43.45335085],[3.46500297,43.45220635],[3.47911936,43.45203511],[3.49371441,43.45325346],[3.50195717,43.44879454],[3.50855312,43.44298692],[3.51309736,43.43375279],[3.51841601,43.42692593]]]]}},{"type":"Feature","properties":{"code":"34057","nom":"Castelnau-le-Lez","departement":"34","region":"76"},"geometry":{"type":"MultiPolygon","coordinates":[[[[3.91924724,43.61879406],[3.91533761,43.61921939],[3.91101232,43.6210833],[3.9097766,43.62212666],[3.90432991,43.62163491],[3.89701488,43.62237311],[3.89792322,43.62611793],[3.89630955,43.62733343],[3.89385926,43.62947902],[3.89324693,43.63231946],[3.8920796,43.63349434],[3.8894721,43.63399802],[3.88971381,43.6353638],[3.89335298,43.63825305],[3.89315241,43.64072837],[3.89271063,43.64140149],[3.89219726,43.64153528],[3.88980303,43.64143342],[3.88579733,43.64553794],[3.88954553,43.64440322],[3.89043662,43.64513111],[3.9015501,43.65463736],[3.91180111,43.65418745],[3.92281014,43.65556586],[3.92300681,43.65531043],[3.92940365,43.64845572],[3.93183579,43.64240318],[3.93167476,43.64065255],[3.93063442,43.64022323],[3.93199351,43.63830841],[3.93135687,43.6380925],[3.93677042,43.63121074],[3.9330672,43.62898578],[3.92258111,43.62000129],[3.91924724,43.61879406]]]]}},{"type":"Feature","properties":{"code":"34058","nom":"Castries","departement":"34","region":"76"},"geometry":{"type":"MultiPolygon","coordinates":[[[[3.99133411,43.66563977],[3.99036107,43.66184037],[3.98907602,43.66150112],[3.97362007,43.66746365],[3.97284863,43.66795288],[3.97203434,43.66708548],[3.97077475,43.66759076],[3.96838021,43.67018665],[3.96245528,43.67636558],[3.95394786,43.68115317],[3.94639229,43.67691145],[3.94184786,43.69046707],[3.94685957,43.69498779],[3.94860894,43.69547559],[3.94910219,43.69964587],[3.94870441,43.70101627],[3.94077112,43.70774433],[3.93882467,43.70849635],[3.94045384,43.71327782],[3.94062083,43.71717564],[3.94312797,43.72077064],[3.94901077,43.71741239],[3.9566785,43.7135531],[3.96382125,43.71357468],[3.96333119,43.71268902],[3.97193473,43.70770629],[3.98938571,43.70141986],[4.01230653,43.69459303],[4.01752421,43.69326472],[4.03170519,43.67854573],[4.02185663,43.67478807],[4.02316068,43.67137245],[4.01878299,43.67338608],[4.01580606,43.67393405],[3.99394825,43.66734368],[3.99133411,43.66563977]]]]}},{"type":"Feature","properties":{"code":"34059","nom":"La Caunette","departement":"34","region":"76"},"geometry":{"type":"MultiPolygon","coordinates":[[[[2.79994599,43.34385823],[2.79467316,43.34171721],[2.7919565,43.34209255],[2.78826953,43.3438729],[2.78411402,43.34398433],[2.77330718,43.34226018],[2.7708006,43.34028478],[2.76066788,43.34863183],[2.7620213,43.35253101],[2.76445541,43.35510111],[2.76486724,43.36203621],[2.76376983,43.36986587],[2.76152945,43.37695087],[2.75951087,43.37952653],[2.75851964,43.38090255],[2.75942054,43.38314012],[2.76560204,43.39356871],[2.77346078,43.3966271],[2.77781782,43.39739452],[2.78742207,43.3888313],[2.79050281,43.38698767],[2.80844594,43.38577851],[2.81460428,43.37865161],[2.81941315,43.36879901],[2.81949261,43.36665626],[2.81660798,43.35788829],[2.8142222,43.35333761],[2.81207749,43.35133498],[2.80762923,43.34778453],[2.79994599,43.34385823]]]]}},{"type":"Feature","properties":{"code":"34060","nom":"Causse-de-la-Selle","departement":"34","region":"76"},"geometry":{"type":"MultiPolygon","coordinates":[[[[3.66640618,43.78872311],[3.65737879,43.78654976],[3.6483279,43.78136383],[3.6432636,43.7710549],[3.64026788,43.76735688],[3.62223135,43.7528535],[3.62098308,43.75016458],[3.60846231,43.74419165],[3.59315387,43.74981394],[3.58999786,43.75446816],[3.58792694,43.75481682],[3.58617194,43.75910342],[3.5854583,43.76471264],[3.58871935,43.77054075],[3.58940628,43.77490061],[3.58662798,43.77900562],[3.58260252,43.78277438],[3.57760285,43.78606852],[3.5740391,43.78743],[3.59291015,43.79591406],[3.60392777,43.80382047],[3.60996505,43.81253402],[3.61626634,43.81478168],[3.6242386,43.81931603],[3.62985953,43.82399571],[3.63116828,43.82747535],[3.63445017,43.83096513],[3.63844906,43.83327622],[3.64269827,43.83327466],[3.6509935,43.83104044],[3.65903592,43.83183988],[3.6636138,43.8347792],[3.66565931,43.83908373],[3.66318233,43.84163033],[3.66332603,43.84265629],[3.67201727,43.84158887],[3.67610328,43.83824915],[3.68177354,43.83633479],[3.68471933,43.8368959],[3.69004647,43.83501746],[3.69078718,43.83355578],[3.68905845,43.82906524],[3.68685958,43.827839],[3.68209342,43.82563528],[3.66721971,43.80820126],[3.6669281,43.80120439],[3.66844286,43.79037547],[3.66803473,43.78925398],[3.66640618,43.78872311]]]]}},{"type":"Feature","properties":{"code":"34061","nom":"Causses-et-Veyran","departement":"34","region":"76"},"geometry":{"type":"MultiPolygon","coordinates":[[[[3.10014842,43.43824651],[3.09795413,43.43875232],[3.09050489,43.43750108],[3.08714481,43.4378385],[3.07923043,43.44102848],[3.0751303,43.44499082],[3.07478736,43.45474076],[3.07246643,43.46126947],[3.0753536,43.46935471],[3.07127331,43.47521981],[3.06028941,43.47653011],[3.06219264,43.47827443],[3.06328153,43.48316091],[3.06516189,43.48408557],[3.07018343,43.48615263],[3.07676702,43.49268085],[3.07834763,43.4936172],[3.08103701,43.49380686],[3.09712189,43.49135547],[3.11562474,43.48697831],[3.11313645,43.47961516],[3.1105163,43.47851125],[3.11019979,43.47001315],[3.1132364,43.46449138],[3.11751297,43.45923272],[3.11332113,43.45295747],[3.11215477,43.45202302],[3.10993272,43.45179228],[3.09867802,43.44258243],[3.10037607,43.44064659],[3.10014842,43.43824651]]]]}},{"type":"Feature","properties":{"code":"34062","nom":"Caussiniojouls","departement":"34","region":"76"},"geometry":{"type":"MultiPolygon","coordinates":[[[[3.18288925,43.54014056],[3.16907231,43.52945534],[3.16341728,43.52201163],[3.15985786,43.52475927],[3.1537611,43.53458044],[3.14153911,43.54520305],[3.13723673,43.54763515],[3.13431692,43.55162553],[3.13323946,43.55749854],[3.13699179,43.56733164],[3.1416698,43.56609659],[3.14467715,43.56729468],[3.14598012,43.56875323],[3.15450993,43.57022151],[3.15909473,43.56844059],[3.1669005,43.55826987],[3.16846835,43.55163009],[3.18288925,43.54014056]]]]}},{"type":"Feature","properties":{"code":"34063","nom":"Caux","departement":"34","region":"76"},"geometry":{"type":"MultiPolygon","coordinates":[[[[3.37284677,43.47384824],[3.36243726,43.48246033],[3.35488031,43.48724114],[3.33747609,43.494246],[3.33002729,43.51763085],[3.33624677,43.52472766],[3.34945592,43.52895693],[3.35897588,43.52987327],[3.36047861,43.5314923],[3.36342318,43.53229764],[3.37090605,43.52978996],[3.38495481,43.52034339],[3.38895958,43.51652148],[3.3978043,43.51189633],[3.41183144,43.50272626],[3.40544621,43.49730075],[3.39651929,43.48511664],[3.39343516,43.48277246],[3.37284677,43.47384824]]]]}},{"type":"Feature","properties":{"code":"34064","nom":"Le Caylar","departement":"34","region":"76"},"geometry":{"type":"MultiPolygon","coordinates":[[[[3.34332479,43.85446549],[3.33532742,43.85092487],[3.3273845,43.8497692],[3.31811989,43.85036895],[3.30147599,43.84910233],[3.2895019,43.84607685],[3.28707999,43.84712895],[3.28655501,43.84832001],[3.28226339,43.86360644],[3.28341715,43.86826866],[3.28636421,43.8702957],[3.28661841,43.87162153],[3.28408811,43.88312297],[3.27682165,43.89722657],[3.28114488,43.89488288],[3.28708831,43.89383338],[3.30793657,43.89374598],[3.31391854,43.8927984],[3.32872966,43.89251363],[3.3429994,43.89431462],[3.34007424,43.88710894],[3.33995503,43.8829687],[3.34332479,43.85446549]]]]}},{"type":"Feature","properties":{"code":"34065","nom":"Cazedarnes","departement":"34","region":"76"},"geometry":{"type":"MultiPolygon","coordinates":[[[[3.03124878,43.40757783],[3.02772009,43.40592615],[2.99846459,43.42117505],[2.99642917,43.42343222],[3.00197497,43.42598997],[3.00330956,43.43042433],[3.00279113,43.4313285],[3.01053274,43.43271709],[3.00790251,43.43628716],[3.038586,43.43719103],[3.04864043,43.43560988],[3.05662498,43.42998945],[3.05805974,43.42788709],[3.05525261,43.4226166],[3.0608005,43.41891427],[3.06341885,43.41835049],[3.06257597,43.41614145],[3.05986541,43.41577953],[3.05414583,43.41776806],[3.03124878,43.40757783]]]]}},{"type":"Feature","properties":{"code":"34066","nom":"Cazevieille","departement":"34","region":"76"},"geometry":{"type":"MultiPolygon","coordinates":[[[[3.74849636,43.75661884],[3.75825714,43.75669623],[3.77856207,43.76943334],[3.78170983,43.77332271],[3.78422157,43.78650463],[3.79170141,43.78834128],[3.80353082,43.78636668],[3.80593981,43.78665757],[3.8064467,43.78789661],[3.81724451,43.77896546],[3.81934623,43.77837193],[3.82173629,43.76240295],[3.81597083,43.74774814],[3.81319003,43.74511603],[3.80911814,43.74482239],[3.79507973,43.74799533],[3.77627291,43.7471546],[3.77437095,43.74484371],[3.76292969,43.75283093],[3.74849636,43.75661884]]]]}},{"type":"Feature","properties":{"code":"34067","nom":"Cazilhac","departement":"34","region":"76"},"geometry":{"type":"MultiPolygon","coordinates":[[[[3.66276854,43.9115586],[3.66849596,43.91057152],[3.67549348,43.91804599],[3.67862314,43.92471616],[3.68362936,43.94045906],[3.68977531,43.93936655],[3.69032585,43.93823628],[3.70477509,43.92858613],[3.70818194,43.92746431],[3.72107341,43.92110707],[3.7267014,43.91592905],[3.7252737,43.91556235],[3.72100813,43.91130667],[3.70840044,43.91166096],[3.7016932,43.91026879],[3.69499038,43.9080878],[3.66616749,43.89505674],[3.66555764,43.89484087],[3.66056348,43.90281522],[3.6611764,43.90898712],[3.66276854,43.9115586]]]]}},{"type":"Feature","properties":{"code":"34068","nom":"Cazouls-d'Hérault","departement":"34","region":"76"},"geometry":{"type":"MultiPolygon","coordinates":[[[[3.45314409,43.51651173],[3.45625675,43.51693055],[3.46647082,43.51230212],[3.46454598,43.51015824],[3.465233,43.49439225],[3.46949695,43.48444108],[3.46776617,43.48220469],[3.46509804,43.48153059],[3.46284805,43.48475037],[3.44728616,43.4961493],[3.44544394,43.50035675],[3.44551039,43.50669768],[3.44475571,43.50693291],[3.44711465,43.5095315],[3.44758221,43.51353693],[3.44834054,43.51629596],[3.45314409,43.51651173]]]]}},{"type":"Feature","properties":{"code":"34069","nom":"Cazouls-lès-Béziers","departement":"34","region":"76"},"geometry":{"type":"MultiPolygon","coordinates":[[[[3.13872826,43.41489665],[3.13731359,43.41318913],[3.12950072,43.41377902],[3.12558272,43.41106671],[3.12575909,43.40650262],[3.12910387,43.39805829],[3.13127856,43.39516605],[3.13482821,43.39372138],[3.13818529,43.39434959],[3.14683863,43.40076699],[3.15061292,43.40267533],[3.15330531,43.39901003],[3.15214448,43.39813363],[3.14208199,43.38965297],[3.13791812,43.38324401],[3.14070375,43.37790477],[3.13784183,43.3735282],[3.12751104,43.36293891],[3.12010886,43.3656768],[3.1161348,43.36633965],[3.10904744,43.36653414],[3.10843951,43.36455471],[3.08741331,43.36752536],[3.07100788,43.38232889],[3.06803115,43.3902691],[3.06572229,43.39387174],[3.05004251,43.4025193],[3.03797853,43.40344993],[3.03124878,43.40757783],[3.05414583,43.41776806],[3.05986541,43.41577953],[3.06257597,43.41614145],[3.06341885,43.41835049],[3.06538433,43.41783293],[3.07459413,43.42001132],[3.0825161,43.42308598],[3.09608086,43.42376213],[3.10089403,43.42481394],[3.10741599,43.43129778],[3.12039476,43.42577915],[3.12878041,43.42499131],[3.13385979,43.42184896],[3.13872826,43.41489665]]]]}},{"type":"Feature","properties":{"code":"34070","nom":"Cébazan","departement":"34","region":"76"},"geometry":{"type":"MultiPolygon","coordinates":[[[[3.00414232,43.38933229],[2.9891289,43.39412055],[2.97755145,43.39270814],[2.97476625,43.39188077],[2.96484912,43.39193738],[2.95755836,43.39367016],[2.95730297,43.39370334],[2.95695693,43.39782442],[2.95944274,43.39810786],[2.96175245,43.39978202],[2.96265715,43.40307501],[2.95771761,43.40360847],[2.95985923,43.41300693],[2.96901362,43.41755764],[2.97077968,43.4176355],[2.97695694,43.41709361],[2.99175647,43.42100831],[2.99642917,43.42343222],[2.99846459,43.42117505],[3.02772009,43.40592615],[3.01027598,43.39824362],[3.00414232,43.38933229]]]]}},{"type":"Feature","properties":{"code":"34071","nom":"Ceilhes-et-Rocozels","departement":"34","region":"76"},"geometry":{"type":"MultiPolygon","coordinates":[[[[3.05682012,43.78270506],[3.05830713,43.78540929],[3.05600095,43.79218297],[3.04970846,43.79880554],[3.04863848,43.80140129],[3.05092209,43.80556221],[3.05762739,43.8085321],[3.06145788,43.81617727],[3.05850613,43.8221002],[3.05954134,43.8303346],[3.06098022,43.83325308],[3.06476694,43.83552405],[3.08943813,43.8346598],[3.11342854,43.82689115],[3.12053289,43.82065624],[3.12664859,43.81762837],[3.15100244,43.81375212],[3.1488006,43.8100368],[3.13798724,43.80546879],[3.12623731,43.80472262],[3.12456016,43.79742739],[3.12379304,43.78510802],[3.11379381,43.78621407],[3.10756808,43.79272381],[3.10501372,43.79664618],[3.10072065,43.80045853],[3.0908959,43.79526675],[3.08178456,43.78823061],[3.06817992,43.78269765],[3.05682012,43.78270506]]]]}},{"type":"Feature","properties":{"code":"34072","nom":"Celles","departement":"34","region":"76"},"geometry":{"type":"MultiPolygon","coordinates":[[[[3.38556946,43.66815014],[3.38748791,43.66240251],[3.38619779,43.65948271],[3.38188781,43.65790347],[3.37164958,43.65773378],[3.36233651,43.66215808],[3.35748329,43.66263124],[3.33952906,43.65813213],[3.33228726,43.65531831],[3.33094985,43.65399428],[3.32823549,43.65956061],[3.32672261,43.66811696],[3.32572279,43.66864365],[3.32718086,43.6680472],[3.34617627,43.6684761],[3.36189716,43.67305989],[3.36845163,43.67521815],[3.36996641,43.68172142],[3.37118728,43.68184953],[3.38325475,43.67754434],[3.38603413,43.67272497],[3.38448132,43.6691051],[3.38556946,43.66815014]]]]}},{"type":"Feature","properties":{"code":"34073","nom":"Cers","departement":"34","region":"76"},"geometry":{"type":"MultiPolygon","coordinates":[[[[3.339117,43.33541351],[3.33481275,43.33445715],[3.3330045,43.32245855],[3.32930357,43.31735752],[3.31702607,43.31798793],[3.30689697,43.31420741],[3.299533,43.31766987],[3.29818635,43.32862339],[3.30720002,43.3331645],[3.308393,43.33478578],[3.30603428,43.34269906],[3.30892565,43.34425975],[3.31685784,43.34454268],[3.3247457,43.34394534],[3.33124083,43.34124753],[3.33547581,43.33975464],[3.339117,43.33541351]]]]}},{"type":"Feature","properties":{"code":"34074","nom":"Cessenon-sur-Orb","departement":"34","region":"76"},"geometry":{"type":"MultiPolygon","coordinates":[[[[2.99217939,43.48767035],[2.99732976,43.48647491],[3.00190648,43.48237503],[3.00839656,43.48007512],[3.0179098,43.47935062],[3.03502457,43.47634059],[3.05233452,43.47528638],[3.06028941,43.47653011],[3.07127331,43.47521981],[3.0753536,43.46935471],[3.07246643,43.46126947],[3.07478736,43.45474076],[3.0751303,43.44499082],[3.07923043,43.44102848],[3.08714481,43.4378385],[3.09050489,43.43750108],[3.09795413,43.43875232],[3.10014842,43.43824651],[3.1018906,43.43762502],[3.10741599,43.43129778],[3.10089403,43.42481394],[3.09608086,43.42376213],[3.0825161,43.42308598],[3.07459413,43.42001132],[3.06538433,43.41783293],[3.06341885,43.41835049],[3.0608005,43.41891427],[3.05525261,43.4226166],[3.05805974,43.42788709],[3.05662498,43.42998945],[3.04864043,43.43560988],[3.038586,43.43719103],[3.00790251,43.43628716],[3.01093357,43.43724773],[3.012965,43.43954164],[3.01007289,43.45742823],[2.99376724,43.46492191],[2.98236453,43.47114554],[2.97481048,43.47691012],[2.97010324,43.48438533],[2.96766412,43.48664286],[2.96518041,43.48874647],[2.98994907,43.48722212],[2.99217939,43.48767035]]]]}},{"type":"Feature","properties":{"code":"34075","nom":"Cesseras","departement":"34","region":"76"},"geometry":{"type":"MultiPolygon","coordinates":[[[[2.67722543,43.3606363],[2.6915071,43.35736468],[2.70070155,43.35341962],[2.71523407,43.34864324],[2.71830554,43.34873135],[2.71814349,43.34733474],[2.72473175,43.33348257],[2.72412929,43.31413449],[2.72634267,43.31085754],[2.72612382,43.30532189],[2.71664889,43.30157954],[2.70713085,43.30632552],[2.69939617,43.30825368],[2.69125724,43.32116585],[2.68800267,43.32308793],[2.68129227,43.347837],[2.67654496,43.35775821],[2.67722543,43.3606363]]]]}},{"type":"Feature","properties":{"code":"34076","nom":"Ceyras","departement":"34","region":"76"},"geometry":{"type":"MultiPolygon","coordinates":[[[[3.44860498,43.64582793],[3.43639297,43.65909673],[3.43647251,43.66596291],[3.43436003,43.66674071],[3.43356658,43.66786955],[3.43740623,43.6707192],[3.44283146,43.66918555],[3.45095889,43.6649995],[3.45083166,43.66332186],[3.46265711,43.6540491],[3.47378164,43.64903424],[3.47726012,43.65053611],[3.47790344,43.64921866],[3.49430646,43.64015715],[3.49186582,43.63627656],[3.48375715,43.63171856],[3.47733579,43.63789349],[3.4742616,43.63679838],[3.47372623,43.63752866],[3.4656064,43.63708414],[3.46423701,43.63780264],[3.46104959,43.64216136],[3.45740082,43.64311526],[3.45482425,43.64241613],[3.45011744,43.64355597],[3.44860498,43.64582793]]]]}},{"type":"Feature","properties":{"code":"34077","nom":"Clapiers","departement":"34","region":"76"},"geometry":{"type":"MultiPolygon","coordinates":[[[[3.89043662,43.64513111],[3.88954553,43.64440322],[3.88579733,43.64553794],[3.87120036,43.64808546],[3.86682463,43.657343],[3.86653054,43.66027167],[3.88085816,43.67240547],[3.88230287,43.67734482],[3.88326311,43.68735888],[3.8833297,43.6876562],[3.8850274,43.68147738],[3.88860398,43.67543981],[3.89313042,43.6770252],[3.90084597,43.67813052],[3.90201582,43.67541492],[3.90342273,43.66454456],[3.90096293,43.65915051],[3.899022,43.6558353],[3.9015501,43.65463736],[3.89043662,43.64513111]]]]}},{"type":"Feature","properties":{"code":"34078","nom":"Claret","departement":"34","region":"76"},"geometry":{"type":"MultiPolygon","coordinates":[[[[3.83509814,43.83958942],[3.83893781,43.84163436],[3.84394626,43.85081402],[3.84330618,43.85732751],[3.83964958,43.86139026],[3.83623853,43.86263321],[3.8307163,43.86643185],[3.8379754,43.87071962],[3.84337402,43.86959087],[3.85186868,43.87154624],[3.86287502,43.87699285],[3.87435399,43.87814348],[3.89230089,43.87785695],[3.90841132,43.88391238],[3.91358514,43.88514899],[3.91854485,43.8829627],[3.91956842,43.8813089],[3.91889491,43.87718813],[3.92212705,43.85836835],[3.91800668,43.85583096],[3.91106284,43.84560519],[3.90438024,43.84167484],[3.90042185,43.84061053],[3.89812405,43.84076807],[3.88342459,43.84148657],[3.86597239,43.83756319],[3.8585207,43.83438585],[3.8587856,43.83348111],[3.85644538,43.82838867],[3.84943252,43.82183429],[3.8478692,43.82168987],[3.8373396,43.83294858],[3.83509814,43.83958942]]]]}},{"type":"Feature","properties":{"code":"34079","nom":"Clermont-l'Hérault","departement":"34","region":"76"},"geometry":{"type":"MultiPolygon","coordinates":[[[[3.38571664,43.62776102],[3.386327,43.63065439],[3.37939239,43.64002499],[3.37260269,43.64649014],[3.35901664,43.65117523],[3.35335925,43.65614179],[3.34746838,43.65485156],[3.33935601,43.65130045],[3.33573677,43.64821366],[3.32931686,43.64931306],[3.32898423,43.65116316],[3.33094985,43.65399428],[3.33228726,43.65531831],[3.33952906,43.65813213],[3.35748329,43.66263124],[3.36233651,43.66215808],[3.37164958,43.65773378],[3.38188781,43.65790347],[3.38619779,43.65948271],[3.38748791,43.66240251],[3.38556946,43.66815014],[3.38988775,43.66808796],[3.39264742,43.66488279],[3.39441194,43.66534431],[3.40885147,43.65774066],[3.41905259,43.65095146],[3.42427711,43.64642767],[3.43766719,43.64076972],[3.44302779,43.64021802],[3.44434288,43.64300475],[3.44860498,43.64582793],[3.45011744,43.64355597],[3.45482425,43.64241613],[3.45740082,43.64311526],[3.46104959,43.64216136],[3.46423701,43.63780264],[3.46076956,43.62920811],[3.45928518,43.62777021],[3.45560383,43.62435479],[3.45897566,43.61757327],[3.46537747,43.6117748],[3.47422039,43.60694431],[3.47441981,43.60245803],[3.47334779,43.59948443],[3.46399856,43.59700088],[3.46149379,43.60128819],[3.45021725,43.60955591],[3.445807,43.61187214],[3.44219973,43.61284965],[3.43263799,43.61250753],[3.41921828,43.61530987],[3.40120743,43.61634962],[3.38697774,43.6143713],[3.38271206,43.61187421],[3.38302736,43.61068899],[3.37795171,43.61449664],[3.37517622,43.61825656],[3.37751887,43.61967011],[3.38174529,43.620682],[3.38571664,43.62776102]]]]}},{"type":"Feature","properties":{"code":"34080","nom":"Colombières-sur-Orb","departement":"34","region":"76"},"geometry":{"type":"MultiPolygon","coordinates":[[[[2.98419846,43.59446254],[3.00973338,43.59683503],[3.02130446,43.60142037],[3.0251798,43.60141414],[3.02938689,43.58437344],[3.03145429,43.57820596],[3.02854142,43.57674017],[3.02764477,43.57542407],[3.0214771,43.57309152],[3.01480031,43.57158556],[3.00662432,43.57220989],[3.00323729,43.57212907],[3.00037125,43.57304865],[2.99857192,43.57270764],[2.99832188,43.57479235],[2.98722191,43.59304582],[2.98419846,43.59446254]]]]}},{"type":"Feature","properties":{"code":"34081","nom":"Colombiers","departement":"34","region":"76"},"geometry":{"type":"MultiPolygon","coordinates":[[[[3.11659928,43.31070647],[3.1175022,43.31249384],[3.10726451,43.32023366],[3.12282502,43.31985908],[3.13476335,43.32647209],[3.13470552,43.32809052],[3.13921495,43.33190986],[3.1455347,43.33203108],[3.14788849,43.33107612],[3.15148334,43.33066723],[3.15564891,43.32577386],[3.15662459,43.32296845],[3.16329509,43.31718686],[3.16756437,43.31474967],[3.175279,43.31231578],[3.17715226,43.31135377],[3.17817221,43.30854182],[3.17758843,43.30377865],[3.16745091,43.30410248],[3.15544193,43.30339625],[3.15233289,43.30240575],[3.15220369,43.30432382],[3.14108345,43.30432811],[3.12495639,43.30785898],[3.11659928,43.31070647]]]]}},{"type":"Feature","properties":{"code":"34082","nom":"Combaillaux","departement":"34","region":"76"},"geometry":{"type":"MultiPolygon","coordinates":[[[[3.75875719,43.66452693],[3.75951955,43.66555913],[3.75838534,43.66649569],[3.75771911,43.67104726],[3.75958107,43.68507468],[3.77007148,43.68738647],[3.78039701,43.69200568],[3.78385598,43.68975456],[3.78836737,43.67866269],[3.78874805,43.67785546],[3.7976321,43.67718508],[3.81217998,43.66710525],[3.81221624,43.66651467],[3.79984078,43.65919073],[3.78912115,43.66407242],[3.78185302,43.66447585],[3.76674945,43.65699499],[3.76339823,43.6568152],[3.76055888,43.65794189],[3.75875719,43.66452693]]]]}},{"type":"Feature","properties":{"code":"34083","nom":"Combes","departement":"34","region":"76"},"geometry":{"type":"MultiPolygon","coordinates":[[[[3.0251798,43.60141414],[3.02640711,43.60750797],[3.02941567,43.61395675],[3.04335905,43.61592888],[3.04803374,43.61542934],[3.05341222,43.61273651],[3.05948344,43.61940968],[3.06333538,43.62066899],[3.06767111,43.62031907],[3.07182103,43.61801298],[3.07899177,43.60624978],[3.06487394,43.59902141],[3.06773124,43.59572204],[3.06746224,43.59331715],[3.06542167,43.59186078],[3.04879105,43.58704413],[3.03513128,43.58428176],[3.02938689,43.58437344],[3.0251798,43.60141414]]]]}},{"type":"Feature","properties":{"code":"34084","nom":"Corneilhan","departement":"34","region":"76"},"geometry":{"type":"MultiPolygon","coordinates":[[[[3.18313827,43.37890555],[3.17727009,43.38975401],[3.17232768,43.3936466],[3.16628874,43.3957261],[3.17502533,43.407727],[3.17864629,43.41107406],[3.19101918,43.41938548],[3.19347134,43.4215196],[3.19334609,43.42244736],[3.19435018,43.42226383],[3.20317759,43.42607117],[3.20585747,43.42333386],[3.21092549,43.4223165],[3.21406841,43.42243628],[3.21711234,43.41430908],[3.21871229,43.40665618],[3.21916957,43.39355742],[3.21901349,43.38917203],[3.21685887,43.38469981],[3.21339535,43.38238836],[3.21317952,43.38239508],[3.20424676,43.38195979],[3.18827296,43.38313397],[3.18313827,43.37890555]]]]}},{"type":"Feature","properties":{"code":"34085","nom":"Coulobres","departement":"34","region":"76"},"geometry":{"type":"MultiPolygon","coordinates":[[[[3.26158127,43.45049146],[3.26805426,43.4583802],[3.26937425,43.45990098],[3.27485669,43.46142837],[3.27768765,43.46092903],[3.28430487,43.45582869],[3.28525468,43.44464145],[3.28251236,43.44063521],[3.2794434,43.43970841],[3.27556827,43.44315596],[3.27288745,43.44441059],[3.26787187,43.44494041],[3.26158127,43.45049146]]]]}},{"type":"Feature","properties":{"code":"34086","nom":"Courniou","departement":"34","region":"76"},"geometry":{"type":"MultiPolygon","coordinates":[[[[2.66799767,43.47001876],[2.6597835,43.47721962],[2.65634984,43.48243873],[2.65576596,43.49122065],[2.65705532,43.49922402],[2.66057524,43.50425187],[2.65844021,43.51700314],[2.66764011,43.51543111],[2.67167405,43.51349371],[2.67641785,43.51343418],[2.68353058,43.51264722],[2.6957693,43.51449695],[2.70351217,43.51997878],[2.71671982,43.5125788],[2.7217934,43.50616888],[2.72502813,43.50050537],[2.72517987,43.49229236],[2.73314814,43.477398],[2.7261163,43.47160266],[2.71835253,43.46295659],[2.70881929,43.45789589],[2.70604998,43.46037873],[2.69925534,43.46351618],[2.69564614,43.46259023],[2.6818779,43.46237256],[2.67717562,43.46920977],[2.67142108,43.47082002],[2.66799767,43.47001876]]]]}},{"type":"Feature","properties":{"code":"34087","nom":"Cournonsec","departement":"34","region":"76"},"geometry":{"type":"MultiPolygon","coordinates":[[[[3.72330789,43.51977703],[3.71561855,43.51709278],[3.71203398,43.51736289],[3.71111878,43.51783946],[3.71223393,43.5194301],[3.69446328,43.52906916],[3.68026431,43.53845536],[3.67820377,43.54065467],[3.6742011,43.54696264],[3.68054311,43.55739456],[3.68345472,43.55826165],[3.69916699,43.55840454],[3.71372058,43.55231827],[3.71617021,43.55044411],[3.72019054,43.54253825],[3.72435704,43.53728829],[3.72938784,43.53393718],[3.7300458,43.53432865],[3.73134316,43.53122204],[3.73100879,43.52720058],[3.72734055,43.52325011],[3.72367124,43.52113863],[3.72330789,43.51977703]]]]}},{"type":"Feature","properties":{"code":"34088","nom":"Cournonterral","departement":"34","region":"76"},"geometry":{"type":"MultiPolygon","coordinates":[[[[3.74766596,43.56296001],[3.75069634,43.55757372],[3.7575067,43.55743104],[3.75178041,43.5456847],[3.74644895,43.5406351],[3.74094355,43.53660138],[3.73425239,43.53397726],[3.73161626,43.53518725],[3.7300458,43.53432865],[3.72938784,43.53393718],[3.72435704,43.53728829],[3.72019054,43.54253825],[3.71617021,43.55044411],[3.71372058,43.55231827],[3.69916699,43.55840454],[3.68345472,43.55826165],[3.68054311,43.55739456],[3.67340152,43.56169231],[3.65677279,43.56911652],[3.6673017,43.5802303],[3.66867378,43.59410199],[3.66996398,43.5964515],[3.68705672,43.60751666],[3.69615322,43.6063853],[3.69598617,43.6057826],[3.69284882,43.60284411],[3.70288062,43.58847831],[3.70890326,43.58449088],[3.71886959,43.58069215],[3.72762571,43.57838078],[3.7366486,43.57299321],[3.74766596,43.56296001]]]]}},{"type":"Feature","properties":{"code":"34089","nom":"Creissan","departement":"34","region":"76"},"geometry":{"type":"MultiPolygon","coordinates":[[[[3.00414232,43.38933229],[3.01631195,43.37797249],[3.02468696,43.36817588],[3.02448294,43.36397024],[3.01430411,43.358148],[3.01301825,43.35841714],[3.00103447,43.36200825],[2.99770891,43.36723947],[2.98636226,43.37123562],[2.98048744,43.3783516],[2.98058644,43.38102349],[2.97755145,43.39270814],[2.9891289,43.39412055],[3.00414232,43.38933229]]]]}},{"type":"Feature","properties":{"code":"34090","nom":"Le Crès","departement":"34","region":"76"},"geometry":{"type":"MultiPolygon","coordinates":[[[[3.94573239,43.6379765],[3.93677042,43.63121074],[3.93135687,43.6380925],[3.93199351,43.63830841],[3.93063442,43.64022323],[3.93167476,43.64065255],[3.93183579,43.64240318],[3.92940365,43.64845572],[3.92300681,43.65531043],[3.92281014,43.65556586],[3.92185904,43.65715318],[3.92844459,43.66032406],[3.92496969,43.66220559],[3.92300872,43.66559044],[3.91881768,43.66814465],[3.92248923,43.67143768],[3.94393745,43.67059227],[3.94936343,43.66930593],[3.9495146,43.6687026],[3.94507101,43.66866571],[3.93738219,43.66735274],[3.93855623,43.66160506],[3.94620645,43.66054982],[3.9468646,43.6605486],[3.94480745,43.65335408],[3.94697715,43.65250554],[3.94745138,43.647455],[3.94977312,43.64383172],[3.94927306,43.64363991],[3.94951206,43.64250851],[3.94573239,43.6379765]]]]}},{"type":"Feature","properties":{"code":"34091","nom":"Le Cros","departement":"34","region":"76"},"geometry":{"type":"MultiPolygon","coordinates":[[[[3.34332479,43.85446549],[3.33995503,43.8829687],[3.34007424,43.88710894],[3.3429994,43.89431462],[3.34161688,43.89495702],[3.33995153,43.90077676],[3.34388737,43.90599494],[3.35821809,43.91372446],[3.35822276,43.91308008],[3.36690042,43.91435081],[3.37585769,43.91359589],[3.37866359,43.91169899],[3.38141227,43.9122573],[3.38074575,43.89818439],[3.37201311,43.88776344],[3.37629779,43.88442257],[3.38851018,43.87780934],[3.39227741,43.86585105],[3.39514484,43.86157954],[3.37876865,43.85605267],[3.37000598,43.8518513],[3.36063599,43.84874465],[3.36019132,43.84764101],[3.35605432,43.85084031],[3.34332479,43.85446549]]]]}},{"type":"Feature","properties":{"code":"34092","nom":"Cruzy","departement":"34","region":"76"},"geometry":{"type":"MultiPolygon","coordinates":[[[[2.94594867,43.31188029],[2.93643352,43.31622547],[2.92135645,43.32601469],[2.92942458,43.33339507],[2.92626706,43.34028294],[2.92265985,43.34276331],[2.8893104,43.35161338],[2.8877865,43.35425215],[2.88984688,43.35729943],[2.89524911,43.36151226],[2.90158942,43.36491154],[2.91158505,43.3685618],[2.9224188,43.37074538],[2.93008899,43.38000048],[2.9326478,43.38458388],[2.94241827,43.38933505],[2.95730297,43.39370334],[2.95755836,43.39367016],[2.95794292,43.3907618],[2.956105,43.38410204],[2.95000028,43.37740171],[2.95760726,43.36244346],[2.95283289,43.35368562],[2.95359287,43.3483747],[2.95847317,43.33458859],[2.96050341,43.3248918],[2.96094023,43.31851753],[2.95818337,43.316156],[2.95756401,43.31235685],[2.94594867,43.31188029]]]]}},{"type":"Feature","properties":{"code":"34094","nom":"Espondeilhan","departement":"34","region":"76"},"geometry":{"type":"MultiPolygon","coordinates":[[[[3.26158127,43.45049146],[3.26787187,43.44494041],[3.27288745,43.44441059],[3.27556827,43.44315596],[3.2794434,43.43970841],[3.26279529,43.42997343],[3.25591099,43.4247449],[3.25375771,43.42656907],[3.25306451,43.42500259],[3.25123173,43.42561592],[3.25159353,43.42621066],[3.24347281,43.43121152],[3.23948233,43.43223613],[3.24230948,43.43755224],[3.24920822,43.44519186],[3.26008437,43.45235379],[3.26158127,43.45049146]]]]}},{"type":"Feature","properties":{"code":"34095","nom":"Fabrègues","departement":"34","region":"76"},"geometry":{"type":"MultiPolygon","coordinates":[[[[3.80436728,43.56380009],[3.80693438,43.5622703],[3.80732104,43.55782518],[3.82270165,43.55119709],[3.82414325,43.55156766],[3.82230025,43.55003401],[3.81967537,43.54467498],[3.81712711,43.53475619],[3.81042217,43.53156639],[3.80490389,43.53172983],[3.78805275,43.52812217],[3.77568284,43.51987053],[3.77153861,43.51491903],[3.78138868,43.50684795],[3.75352173,43.49361375],[3.74726251,43.49954044],[3.74411373,43.50492725],[3.73792083,43.51012419],[3.72678793,43.51485104],[3.72712558,43.51535083],[3.72735914,43.5163192],[3.72330789,43.51977703],[3.72367124,43.52113863],[3.72734055,43.52325011],[3.73100879,43.52720058],[3.73134316,43.53122204],[3.7300458,43.53432865],[3.73161626,43.53518725],[3.73425239,43.53397726],[3.74094355,43.53660138],[3.74644895,43.5406351],[3.75178041,43.5456847],[3.7575067,43.55743104],[3.75995803,43.55727174],[3.76033519,43.55678952],[3.76433701,43.55832524],[3.76527374,43.55731359],[3.7790035,43.56635415],[3.78613226,43.56761286],[3.79750155,43.56615149],[3.80255637,43.56393226],[3.80436728,43.56380009]]]]}},{"type":"Feature","properties":{"code":"34096","nom":"Faugères","departement":"34","region":"76"},"geometry":{"type":"MultiPolygon","coordinates":[[[[3.18288925,43.54014056],[3.16846835,43.55163009],[3.1669005,43.55826987],[3.15909473,43.56844059],[3.15450993,43.57022151],[3.14598012,43.56875323],[3.14467715,43.56729468],[3.1416698,43.56609659],[3.13699179,43.56733164],[3.13299426,43.56754625],[3.13178063,43.56873629],[3.13234456,43.5701995],[3.13479064,43.57057168],[3.14226605,43.57452014],[3.14408522,43.57648279],[3.14604204,43.58141982],[3.14568805,43.5858057],[3.14863577,43.58601405],[3.1507163,43.58734912],[3.17029964,43.59308225],[3.18866419,43.59520414],[3.19789784,43.59432214],[3.20999129,43.58576521],[3.21561173,43.57676384],[3.21322299,43.57438512],[3.21173345,43.57115883],[3.21364698,43.56394631],[3.21117475,43.55316415],[3.2122464,43.54890271],[3.21618783,43.54209295],[3.21297757,43.54092514],[3.20776323,43.54095864],[3.18999991,43.53610027],[3.18288925,43.54014056]]]]}},{"type":"Feature","properties":{"code":"34097","nom":"Félines-Minervois","departement":"34","region":"76"},"geometry":{"type":"MultiPolygon","coordinates":[[[[2.59180475,43.31810595],[2.58822802,43.32932653],[2.58574586,43.3334849],[2.58057051,43.33474509],[2.57611352,43.3349904],[2.57484422,43.33414159],[2.5707336,43.33454727],[2.55588657,43.3377637],[2.54467608,43.34460361],[2.53955638,43.34591067],[2.55300699,43.36420774],[2.55282008,43.37923259],[2.55720441,43.38986005],[2.55952542,43.39316761],[2.56577373,43.39777834],[2.56770526,43.39900149],[2.57305227,43.39970104],[2.56862789,43.38223675],[2.57484035,43.37777305],[2.58018445,43.37556732],[2.60563049,43.36788304],[2.60922505,43.36842775],[2.61583353,43.36545387],[2.61636968,43.36234038],[2.62027879,43.35684131],[2.62301199,43.35064084],[2.61392978,43.33967677],[2.61400669,43.33316303],[2.60808546,43.32078398],[2.60248643,43.31475159],[2.60129768,43.31384403],[2.59975447,43.31395617],[2.59632439,43.31417192],[2.59180475,43.31810595]]]]}},{"type":"Feature","properties":{"code":"34098","nom":"Ferrals-les-Montagnes","departement":"34","region":"76"},"geometry":{"type":"MultiPolygon","coordinates":[[[[2.64452012,43.45790652],[2.64641759,43.45562574],[2.6488385,43.44505521],[2.6506526,43.4427831],[2.66633551,43.43202301],[2.66844917,43.4285595],[2.66952835,43.41883479],[2.67107255,43.41577617],[2.67397426,43.41290156],[2.67613708,43.40751195],[2.66637625,43.39454815],[2.66318344,43.39244121],[2.64713581,43.38827336],[2.64556657,43.38549286],[2.63065937,43.37708725],[2.62965213,43.37683641],[2.62924011,43.37761678],[2.63189212,43.39319401],[2.63169381,43.39815936],[2.62607838,43.40565126],[2.62428796,43.41169971],[2.62035966,43.41735654],[2.61354903,43.42329899],[2.60372249,43.42924266],[2.60260369,43.43126641],[2.60436472,43.43081222],[2.60697939,43.43170791],[2.60871964,43.44047789],[2.60942538,43.44000541],[2.61638104,43.44118724],[2.62341596,43.44388484],[2.64452012,43.45790652]]]]}},{"type":"Feature","properties":{"code":"34099","nom":"Ferrières-les-Verreries","departement":"34","region":"76"},"geometry":{"type":"MultiPolygon","coordinates":[[[[3.8307163,43.86643185],[3.83623853,43.86263321],[3.83964958,43.86139026],[3.84330618,43.85732751],[3.84394626,43.85081402],[3.83893781,43.84163436],[3.83509814,43.83958942],[3.830053,43.85108799],[3.82659381,43.85413362],[3.80498441,43.85664858],[3.79096265,43.85134507],[3.77100206,43.85774173],[3.76804594,43.86238657],[3.76861361,43.86796953],[3.76210988,43.87065203],[3.76080113,43.87429162],[3.76625472,43.87860932],[3.77211054,43.88638701],[3.77799323,43.88752511],[3.78970124,43.88803054],[3.7996606,43.89116827],[3.80388128,43.87919369],[3.80674652,43.87785949],[3.82266369,43.87433789],[3.8307163,43.86643185]]]]}},{"type":"Feature","properties":{"code":"34100","nom":"Ferrières-Poussarou","departement":"34","region":"76"},"geometry":{"type":"MultiPolygon","coordinates":[[[[2.86235114,43.4997247],[2.86615202,43.49903848],[2.88188335,43.50481485],[2.89174006,43.50981671],[2.90376428,43.51047223],[2.90557908,43.50514126],[2.90832222,43.503382],[2.93364033,43.49413893],[2.94440009,43.49209367],[2.95150083,43.48771557],[2.95090761,43.48494065],[2.93557804,43.47874007],[2.93316361,43.47686726],[2.929192,43.47256604],[2.9302074,43.46651185],[2.92375495,43.46158087],[2.92193342,43.46138254],[2.91849509,43.46122077],[2.90880769,43.45681904],[2.90125704,43.45164381],[2.8804944,43.46421295],[2.87767516,43.4795791],[2.86773037,43.48772762],[2.86338454,43.48873889],[2.85963163,43.48826895],[2.86183204,43.49458585],[2.86235114,43.4997247]]]]}},{"type":"Feature","properties":{"code":"34101","nom":"Florensac","departement":"34","region":"76"},"geometry":{"type":"MultiPolygon","coordinates":[[[[3.43780216,43.37738979],[3.43831616,43.38269916],[3.43708017,43.38366407],[3.44069969,43.38421706],[3.43781879,43.3969389],[3.43534178,43.40057626],[3.4310649,43.40364948],[3.42514068,43.40243948],[3.42331946,43.40612619],[3.42307334,43.41024666],[3.42463231,43.42050386],[3.42556707,43.42223204],[3.42941741,43.42280702],[3.43096767,43.42131912],[3.43872257,43.41985843],[3.4646532,43.42266342],[3.47150794,43.42229103],[3.48083424,43.41844445],[3.48520523,43.4148596],[3.48936841,43.4163613],[3.48878779,43.40844781],[3.48645446,43.38802275],[3.48800675,43.38254684],[3.4909343,43.3785626],[3.50207433,43.37053354],[3.50133311,43.37009975],[3.50152325,43.36446089],[3.49902081,43.35727904],[3.49682118,43.35454801],[3.4928694,43.35275875],[3.47802266,43.34889222],[3.46845234,43.34759455],[3.45623067,43.34112009],[3.45066434,43.3458349],[3.44743179,43.35592851],[3.44843868,43.36142552],[3.4412154,43.37344544],[3.43780216,43.37738979]]]]}},{"type":"Feature","properties":{"code":"34102","nom":"Fontanès","departement":"34","region":"76"},"geometry":{"type":"MultiPolygon","coordinates":[[[[3.92811869,43.80647969],[3.9306409,43.80790711],[3.93377785,43.80739971],[3.94476434,43.80416514],[3.94577458,43.80326363],[3.94863141,43.79847719],[3.94279933,43.79366178],[3.9353127,43.79213788],[3.92852893,43.78957706],[3.92129484,43.78331369],[3.91999418,43.7829962],[3.91397494,43.78191923],[3.9143444,43.77985529],[3.9108289,43.77881381],[3.90208475,43.77927801],[3.90183819,43.7799469],[3.8982759,43.78611565],[3.89302475,43.78935537],[3.8920158,43.79196984],[3.89290547,43.79444728],[3.90129684,43.79730392],[3.91314632,43.80494482],[3.91870498,43.80891638],[3.92711347,43.80579528],[3.92811869,43.80647969]]]]}},{"type":"Feature","properties":{"code":"34103","nom":"Fontès","departement":"34","region":"76"},"geometry":{"type":"MultiPolygon","coordinates":[[[[3.41931091,43.56122528],[3.42221071,43.55477903],[3.42600458,43.55054979],[3.42077616,43.54674717],[3.41621606,43.53726979],[3.41529596,43.52530237],[3.4149616,43.52369224],[3.4128808,43.52268438],[3.40392644,43.52479375],[3.39153753,43.52308829],[3.38495481,43.52034339],[3.37090605,43.52978996],[3.36342318,43.53229764],[3.36047861,43.5314923],[3.35532098,43.53874945],[3.35086719,43.54804473],[3.3710587,43.55419212],[3.38443891,43.55947387],[3.39922985,43.56246435],[3.41931091,43.56122528]]]]}},{"type":"Feature","properties":{"code":"34104","nom":"Fos","departement":"34","region":"76"},"geometry":{"type":"MultiPolygon","coordinates":[[[[3.26430774,43.57114257],[3.25014982,43.55952169],[3.2390223,43.54885065],[3.23383116,43.55050488],[3.23007921,43.5668657],[3.2260854,43.57515628],[3.2263169,43.57674566],[3.23306617,43.58055895],[3.23889767,43.58282716],[3.26430774,43.57114257]]]]}},{"type":"Feature","properties":{"code":"34105","nom":"Fouzilhon","departement":"34","region":"76"},"geometry":{"type":"MultiPolygon","coordinates":[[[[3.22290642,43.50353001],[3.22894239,43.5151273],[3.23141159,43.52565505],[3.23280426,43.52605335],[3.23373263,43.52629518],[3.23432521,43.52121138],[3.23788992,43.51676892],[3.24161274,43.51331119],[3.24736508,43.51104445],[3.25390162,43.50647321],[3.25854356,43.49502789],[3.23668422,43.49448579],[3.22718495,43.49743913],[3.22266743,43.50245985],[3.22290642,43.50353001]]]]}},{"type":"Feature","properties":{"code":"34106","nom":"Fozières","departement":"34","region":"76"},"geometry":{"type":"MultiPolygon","coordinates":[[[[3.32990004,43.7429197],[3.33009985,43.74743548],[3.33510582,43.74910114],[3.34016423,43.75244015],[3.34155942,43.7542868],[3.34237928,43.7564466],[3.34063028,43.75878544],[3.35009752,43.76068835],[3.36161607,43.76094048],[3.36296557,43.76170628],[3.38041665,43.74923217],[3.36833087,43.74227009],[3.34922601,43.74320319],[3.33130588,43.74348684],[3.32990004,43.7429197]]]]}},{"type":"Feature","properties":{"code":"34107","nom":"Fraisse-sur-Agout","departement":"34","region":"76"},"geometry":{"type":"MultiPolygon","coordinates":[[[[2.87137298,43.58114672],[2.86420599,43.57832627],[2.84175832,43.57275972],[2.83622801,43.56967708],[2.8202504,43.56444589],[2.82124142,43.56367914],[2.81113609,43.56184815],[2.80827653,43.5630209],[2.80625087,43.56491307],[2.80194212,43.56643936],[2.7985947,43.56300248],[2.79374484,43.55187618],[2.78873201,43.55194482],[2.76575164,43.55816616],[2.7650794,43.56250776],[2.76862614,43.56725884],[2.76564839,43.57073358],[2.76200571,43.57212117],[2.74376058,43.57170896],[2.73763326,43.57344255],[2.73000827,43.57698148],[2.72739269,43.5804795],[2.72708316,43.58362518],[2.72827887,43.58910682],[2.75451594,43.61186773],[2.75453153,43.61401104],[2.76536094,43.61593709],[2.77198105,43.62201479],[2.77955922,43.62444814],[2.78906059,43.62381735],[2.79489829,43.62447906],[2.80167277,43.62973197],[2.8157041,43.64011052],[2.82814291,43.63735324],[2.82934222,43.63567253],[2.82641983,43.62008276],[2.83085754,43.61250914],[2.84203006,43.60532959],[2.84414154,43.60156261],[2.84706373,43.59823943],[2.84875927,43.59752739],[2.85697444,43.59425258],[2.86255805,43.59100445],[2.86735868,43.58670688],[2.87137298,43.58114672]]]]}},{"type":"Feature","properties":{"code":"34126","nom":"Lamalou-les-Bains","departement":"34","region":"76"},"geometry":{"type":"MultiPolygon","coordinates":[[[[3.07899177,43.60624978],[3.09288005,43.61176519],[3.0955169,43.60159552],[3.09788324,43.5966717],[3.10533119,43.59059495],[3.10814488,43.58662426],[3.09977777,43.58690579],[3.09261186,43.58524939],[3.07858865,43.58585158],[3.07679275,43.58503228],[3.06773124,43.59572204],[3.06487394,43.59902141],[3.07899177,43.60624978]]]]}},{"type":"Feature","properties":{"code":"34108","nom":"Frontignan","departement":"34","region":"76"},"geometry":{"type":"MultiPolygon","coordinates":[[[[3.76388279,43.42838915],[3.72511843,43.41321601],[3.72503215,43.41606588],[3.72383355,43.41830781],[3.72239188,43.42203854],[3.72229871,43.42238464],[3.70297951,43.4237371],[3.67246824,43.43023939],[3.69809741,43.43613311],[3.70362311,43.43750899],[3.70692267,43.43936518],[3.71334044,43.45459017],[3.71983907,43.46228472],[3.72605896,43.46987733],[3.72798081,43.47072818],[3.73132854,43.47217579],[3.73872866,43.47939539],[3.74623175,43.48402621],[3.74877759,43.48358218],[3.76108192,43.47730998],[3.77574176,43.47102587],[3.7817306,43.46573386],[3.78769169,43.46048042],[3.79397744,43.45869361],[3.80581791,43.46006018],[3.82579292,43.46678105],[3.82603883,43.46661543],[3.81023543,43.45142414],[3.79889212,43.44234208],[3.77827727,43.43181262],[3.77635031,43.43539285],[3.77603999,43.43536089],[3.7758338,43.43462821],[3.76388279,43.42838915]]]]}},{"type":"Feature","properties":{"code":"34109","nom":"Gabian","departement":"34","region":"76"},"geometry":{"type":"MultiPolygon","coordinates":[[[[3.23373263,43.52629518],[3.24035542,43.5292561],[3.24467381,43.53251065],[3.24657031,43.53584794],[3.24397426,43.53988369],[3.24829682,43.54043712],[3.25160572,43.53798854],[3.25165634,43.53655695],[3.25958718,43.53675421],[3.26898273,43.53808092],[3.27434767,43.54270651],[3.2777707,43.54027573],[3.28704834,43.52919212],[3.28929592,43.52024831],[3.28603874,43.51616683],[3.28346389,43.50997455],[3.28734801,43.49590009],[3.27974173,43.49751695],[3.26038758,43.49587909],[3.25881321,43.49480682],[3.25854356,43.49502789],[3.25390162,43.50647321],[3.24736508,43.51104445],[3.24161274,43.51331119],[3.23788992,43.51676892],[3.23432521,43.52121138],[3.23373263,43.52629518]]]]}},{"type":"Feature","properties":{"code":"34110","nom":"Galargues","departement":"34","region":"76"},"geometry":{"type":"MultiPolygon","coordinates":[[[[3.99557292,43.8102008],[3.99666753,43.79364602],[4.00624013,43.78700734],[4.01216429,43.78629912],[4.01620015,43.78503223],[4.02674932,43.77813155],[4.03001233,43.7774483],[4.0517847,43.77815468],[4.05379208,43.77816588],[4.0514004,43.77501846],[4.05157864,43.7740394],[4.04667236,43.77265482],[4.03311677,43.76358679],[4.03324801,43.76260281],[4.02319426,43.7598503],[4.01146634,43.76137002],[4.01086488,43.76858319],[4.00400878,43.7773661],[3.9931455,43.78077473],[3.98296206,43.78232767],[3.9764792,43.78486619],[3.97564749,43.78526331],[3.97953102,43.79348458],[3.97445199,43.80149556],[3.98550603,43.80533259],[3.99557292,43.8102008]]]]}},{"type":"Feature","properties":{"code":"34111","nom":"Ganges","departement":"34","region":"76"},"geometry":{"type":"MultiPolygon","coordinates":[[[[3.71668319,43.96077363],[3.72180342,43.94397737],[3.72392359,43.94290765],[3.72490758,43.94104353],[3.7234898,43.93649804],[3.72324831,43.93562394],[3.72039298,43.9359551],[3.70911059,43.93014476],[3.7079536,43.92873208],[3.70818194,43.92746431],[3.70477509,43.92858613],[3.69032585,43.93823628],[3.68977531,43.93936655],[3.68860208,43.94370472],[3.68701578,43.9452024],[3.68844904,43.94970597],[3.69866351,43.95688166],[3.69936511,43.95821548],[3.70696177,43.96135353],[3.71668319,43.96077363]]]]}},{"type":"Feature","properties":{"code":"34112","nom":"Garrigues","departement":"34","region":"76"},"geometry":{"type":"MultiPolygon","coordinates":[[[[4.01216429,43.78629912],[4.00624013,43.78700734],[3.99666753,43.79364602],[3.99557292,43.8102008],[4.00102901,43.81292272],[4.00241238,43.81151237],[4.00722332,43.80947462],[4.01598238,43.80760153],[4.02022436,43.8056882],[4.03135988,43.79880313],[4.02886745,43.79797622],[4.01761733,43.78837402],[4.01216429,43.78629912]]]]}},{"type":"Feature","properties":{"code":"34113","nom":"Gigean","departement":"34","region":"76"},"geometry":{"type":"MultiPolygon","coordinates":[[[[3.72798081,43.47072818],[3.72216523,43.47254042],[3.7154042,43.4759439],[3.69862415,43.47941558],[3.69853095,43.48140546],[3.69439403,43.4874287],[3.69493502,43.49016761],[3.69851953,43.49541611],[3.70480003,43.50829391],[3.71203398,43.51736289],[3.71561855,43.51709278],[3.72330789,43.51977703],[3.72735914,43.5163192],[3.72712558,43.51535083],[3.72678793,43.51485104],[3.73792083,43.51012419],[3.74411373,43.50492725],[3.74726251,43.49954044],[3.75352173,43.49361375],[3.75278328,43.49196066],[3.75433059,43.48678453],[3.74877759,43.48358218],[3.74623175,43.48402621],[3.73872866,43.47939539],[3.73132854,43.47217579],[3.72798081,43.47072818]]]]}},{"type":"Feature","properties":{"code":"34114","nom":"Gignac","departement":"34","region":"76"},"geometry":{"type":"MultiPolygon","coordinates":[[[[3.54973308,43.62688253],[3.55199544,43.63066554],[3.55331614,43.6354323],[3.5409008,43.63854153],[3.53429083,43.63666572],[3.52052434,43.6285137],[3.51522117,43.63194651],[3.51316976,43.6315387],[3.51134284,43.63212948],[3.52375037,43.64306695],[3.53301248,43.64828495],[3.53691165,43.65670245],[3.53498731,43.65899927],[3.53118437,43.66095613],[3.53009013,43.66271882],[3.53161496,43.66381636],[3.53387346,43.66409594],[3.54672149,43.66505882],[3.55050794,43.66489665],[3.55552635,43.66293201],[3.56089559,43.66607724],[3.56161856,43.67066263],[3.56404721,43.66904207],[3.56333673,43.66738467],[3.56803092,43.66174444],[3.57334319,43.65690431],[3.589736,43.65459589],[3.60614634,43.65348256],[3.61230768,43.65123988],[3.61860992,43.64762922],[3.62054252,43.63796586],[3.61952197,43.62882329],[3.61765187,43.62288081],[3.61166208,43.62231991],[3.59841873,43.6130519],[3.59019145,43.61252192],[3.58896038,43.61311527],[3.57417854,43.61792821],[3.56467194,43.62021761],[3.55378044,43.62103308],[3.54998221,43.6231516],[3.54973308,43.62688253]]]]}},{"type":"Feature","properties":{"code":"34115","nom":"Gorniès","departement":"34","region":"76"},"geometry":{"type":"MultiPolygon","coordinates":[[[[3.62357138,43.91688237],[3.62552738,43.91654989],[3.63195155,43.91317221],[3.63685522,43.90836397],[3.63247129,43.89951935],[3.63938821,43.89633999],[3.64634391,43.90094287],[3.64738436,43.90291124],[3.64518852,43.91324872],[3.64966312,43.91425987],[3.6625695,43.91232209],[3.66276854,43.9115586],[3.6611764,43.90898712],[3.66056348,43.90281522],[3.66555764,43.89484087],[3.66616749,43.89505674],[3.66996447,43.88051619],[3.65763606,43.8775421],[3.62213118,43.8621955],[3.61213755,43.85701254],[3.61075662,43.85464624],[3.59963242,43.85277487],[3.59913918,43.85459995],[3.58319506,43.85905463],[3.57486834,43.8654974],[3.58173484,43.87614968],[3.5863831,43.88065696],[3.59361831,43.88521482],[3.60230092,43.89569409],[3.60736151,43.90227089],[3.62357138,43.91688237]]]]}},{"type":"Feature","properties":{"code":"34116","nom":"Grabels","departement":"34","region":"76"},"geometry":{"type":"MultiPolygon","coordinates":[[[[3.80030304,43.63725824],[3.79572497,43.63778765],[3.7734496,43.64358495],[3.76713535,43.64119114],[3.7646862,43.63945912],[3.76472931,43.63590899],[3.76140214,43.63586036],[3.75546109,43.6359252],[3.75242749,43.63483315],[3.74832193,43.63465633],[3.74954691,43.63899405],[3.74824334,43.63964731],[3.74312913,43.64130478],[3.74155743,43.64355878],[3.74355081,43.64573176],[3.75769334,43.6507182],[3.76339823,43.6568152],[3.76674945,43.65699499],[3.78185302,43.66447585],[3.78912115,43.66407242],[3.79984078,43.65919073],[3.81221624,43.66651467],[3.81217998,43.66710525],[3.81523399,43.66550856],[3.81830193,43.66507339],[3.82744701,43.66667253],[3.82787981,43.66608433],[3.8306094,43.66249201],[3.83234346,43.65711204],[3.83853742,43.6503804],[3.82803412,43.63978247],[3.82800277,43.63975661],[3.82454298,43.63808941],[3.82298226,43.64079355],[3.81618798,43.64301518],[3.81370152,43.64216997],[3.80897652,43.64082308],[3.80778962,43.63880727],[3.8014115,43.63793844],[3.80030304,43.63725824]]]]}},{"type":"Feature","properties":{"code":"34117","nom":"Graissessac","departement":"34","region":"76"},"geometry":{"type":"MultiPolygon","coordinates":[[[[3.07724917,43.70711939],[3.07649708,43.70403261],[3.07890954,43.70132151],[3.08817556,43.69799404],[3.0992454,43.69135912],[3.10418584,43.6859034],[3.1136685,43.66876779],[3.11128473,43.66682847],[3.10784838,43.66664657],[3.10217992,43.66939376],[3.09628511,43.66687068],[3.09217515,43.66863336],[3.06512054,43.68649798],[3.06084196,43.69285767],[3.06231928,43.69431815],[3.06080683,43.69830972],[3.0621804,43.70233116],[3.06939942,43.70677464],[3.07585275,43.70640051],[3.07724917,43.70711939]]]]}},{"type":"Feature","properties":{"code":"34118","nom":"Guzargues","departement":"34","region":"76"},"geometry":{"type":"MultiPolygon","coordinates":[[[[3.93483007,43.70681824],[3.9211792,43.71149257],[3.90793042,43.71959854],[3.90423007,43.7268816],[3.90347004,43.73950725],[3.89734892,43.74594991],[3.90100979,43.74911527],[3.90995611,43.74572742],[3.9325827,43.74158631],[3.93920772,43.73919501],[3.94684184,43.73443857],[3.94713059,43.72893672],[3.94536061,43.72215063],[3.94312797,43.72077064],[3.94062083,43.71717564],[3.94045384,43.71327782],[3.93882467,43.70849635],[3.93483007,43.70681824]]]]}},{"type":"Feature","properties":{"code":"34119","nom":"Hérépian","departement":"34","region":"76"},"geometry":{"type":"MultiPolygon","coordinates":[[[[3.1224256,43.59364341],[3.12225672,43.59107209],[3.12120629,43.59016361],[3.1310139,43.58683932],[3.14298801,43.58514167],[3.14568805,43.5858057],[3.14604204,43.58141982],[3.14408522,43.57648279],[3.14226605,43.57452014],[3.13479064,43.57057168],[3.13234456,43.5701995],[3.12938574,43.57127286],[3.1157296,43.57958666],[3.11326008,43.58377851],[3.10814488,43.58662426],[3.10533119,43.59059495],[3.09788324,43.5966717],[3.0955169,43.60159552],[3.09288005,43.61176519],[3.10245593,43.61229734],[3.10647969,43.61446733],[3.11355561,43.60928378],[3.12252022,43.60665031],[3.1240265,43.60004251],[3.1224256,43.59364341]]]]}},{"type":"Feature","properties":{"code":"34120","nom":"Jacou","departement":"34","region":"76"},"geometry":{"type":"MultiPolygon","coordinates":[[[[3.92844459,43.66032406],[3.92185904,43.65715318],[3.92281014,43.65556586],[3.91180111,43.65418745],[3.9015501,43.65463736],[3.899022,43.6558353],[3.90096293,43.65915051],[3.90342273,43.66454456],[3.90201582,43.67541492],[3.91092373,43.67353645],[3.91881768,43.66814465],[3.92300872,43.66559044],[3.92496969,43.66220559],[3.92844459,43.66032406]]]]}},{"type":"Feature","properties":{"code":"34121","nom":"Joncels","departement":"34","region":"76"},"geometry":{"type":"MultiPolygon","coordinates":[[[[3.16331877,43.73096716],[3.16077075,43.73701702],[3.16654713,43.74784615],[3.15650767,43.75698018],[3.15531655,43.75632859],[3.15107735,43.75979721],[3.14547927,43.76716211],[3.1429982,43.77208227],[3.14720353,43.78193656],[3.13966204,43.78505195],[3.12379304,43.78510802],[3.12456016,43.79742739],[3.12623731,43.80472262],[3.13798724,43.80546879],[3.1488006,43.8100368],[3.15203706,43.81213718],[3.15385208,43.8123902],[3.16249208,43.80959701],[3.16790279,43.80630331],[3.17915031,43.80148182],[3.18127451,43.79664773],[3.18108031,43.79063684],[3.18466052,43.77951196],[3.18843028,43.77659802],[3.19093524,43.77622651],[3.19737043,43.77754866],[3.21013235,43.77577814],[3.22313808,43.77240387],[3.23766892,43.77034574],[3.24623547,43.75319329],[3.24635171,43.74933803],[3.24201467,43.74615146],[3.21055724,43.73262726],[3.20670037,43.72783128],[3.20083829,43.72635031],[3.18406776,43.72575186],[3.17407264,43.7268724],[3.16472448,43.72958108],[3.16331877,43.73096716]]]]}},{"type":"Feature","properties":{"code":"34122","nom":"Jonquières","departement":"34","region":"76"},"geometry":{"type":"MultiPolygon","coordinates":[[[[3.48666981,43.66722111],[3.48183852,43.66905846],[3.47655052,43.66967653],[3.46839222,43.66766307],[3.46621578,43.67043938],[3.46602871,43.67243509],[3.47042333,43.6748448],[3.47200739,43.6791706],[3.47723188,43.68213074],[3.48043865,43.68129149],[3.4818562,43.67838597],[3.48673478,43.67998215],[3.48980924,43.67616747],[3.49014598,43.67147336],[3.4896005,43.66972836],[3.48666981,43.66722111]]]]}},{"type":"Feature","properties":{"code":"34123","nom":"Juvignac","departement":"34","region":"76"},"geometry":{"type":"MultiPolygon","coordinates":[[[[3.81417806,43.59204361],[3.80795672,43.5993992],[3.80563375,43.59920859],[3.80384722,43.60107273],[3.806305,43.6021289],[3.80340417,43.60727842],[3.79422328,43.61452464],[3.791407,43.61542251],[3.78247865,43.62240948],[3.76989491,43.63003985],[3.76485208,43.63118044],[3.76140214,43.63586036],[3.76472931,43.63590899],[3.7646862,43.63945912],[3.76713535,43.64119114],[3.7734496,43.64358495],[3.79572497,43.63778765],[3.80030304,43.63725824],[3.8014115,43.63793844],[3.80778962,43.63880727],[3.81616445,43.63143718],[3.81568442,43.62913092],[3.81512928,43.61804922],[3.81693545,43.61511754],[3.819595,43.60951863],[3.81948423,43.60722583],[3.81948384,43.60719884],[3.81862464,43.59757821],[3.81625614,43.59122448],[3.81417806,43.59204361]]]]}},{"type":"Feature","properties":{"code":"34124","nom":"Lacoste","departement":"34","region":"76"},"geometry":{"type":"MultiPolygon","coordinates":[[[[3.44860498,43.64582793],[3.44434288,43.64300475],[3.44302779,43.64021802],[3.43766719,43.64076972],[3.42427711,43.64642767],[3.41905259,43.65095146],[3.40885147,43.65774066],[3.39441194,43.66534431],[3.39476436,43.66612137],[3.40296315,43.66865579],[3.41883173,43.67127011],[3.42496971,43.66681649],[3.42874419,43.66632298],[3.43436003,43.66674071],[3.43647251,43.66596291],[3.43639297,43.65909673],[3.44860498,43.64582793]]]]}},{"type":"Feature","properties":{"code":"34125","nom":"Lagamas","departement":"34","region":"76"},"geometry":{"type":"MultiPolygon","coordinates":[[[[3.53387346,43.66409594],[3.51760011,43.67317464],[3.51326706,43.67383405],[3.51257548,43.67427103],[3.52191177,43.6835174],[3.52627474,43.68645055],[3.53065228,43.6874272],[3.53301585,43.68677137],[3.54258973,43.67758802],[3.54730286,43.66661979],[3.54672149,43.66505882],[3.53387346,43.66409594]]]]}},{"type":"Feature","properties":{"code":"34127","nom":"Lansargues","departement":"34","region":"76"},"geometry":{"type":"MultiPolygon","coordinates":[[[[4.08922917,43.65772575],[4.08676347,43.65652748],[4.09623502,43.65282118],[4.10146864,43.64307118],[4.10146555,43.64149102],[4.10750584,43.62883233],[4.11093141,43.61585819],[4.10087289,43.60507137],[4.08604606,43.59752866],[4.09043879,43.60129372],[4.09346269,43.60714747],[4.08850178,43.60962778],[4.08340376,43.6105102],[4.08248188,43.6097626],[4.08231949,43.61901026],[4.08082039,43.62306645],[4.06438038,43.63448868],[4.06114882,43.63821872],[4.05105647,43.64380596],[4.0471556,43.65140433],[4.05380121,43.65931485],[4.06684176,43.66203854],[4.07802754,43.66204252],[4.07797527,43.66262437],[4.08108115,43.66345383],[4.08810111,43.65928485],[4.08922917,43.65772575]]]]}},{"type":"Feature","properties":{"code":"34128","nom":"Laroque","departement":"34","region":"76"},"geometry":{"type":"MultiPolygon","coordinates":[[[[3.7234898,43.93649804],[3.7420117,43.93818553],[3.74648674,43.92799859],[3.75816673,43.92560698],[3.75517614,43.91961665],[3.74559661,43.91190927],[3.73891156,43.9118251],[3.73657252,43.91260949],[3.73737741,43.91410613],[3.73456745,43.91603483],[3.73158698,43.91642923],[3.72773082,43.91523011],[3.7267014,43.91592905],[3.72107341,43.92110707],[3.70818194,43.92746431],[3.7079536,43.92873208],[3.70911059,43.93014476],[3.72039298,43.9359551],[3.72324831,43.93562394],[3.7234898,43.93649804]]]]}},{"type":"Feature","properties":{"code":"34129","nom":"Lattes","departement":"34","region":"76"},"geometry":{"type":"MultiPolygon","coordinates":[[[[3.86197077,43.54546849],[3.85777679,43.54460193],[3.854239,43.54476569],[3.84822853,43.55155041],[3.84764347,43.55348502],[3.85085769,43.55883341],[3.86058588,43.56672172],[3.86711019,43.5734705],[3.87111564,43.57579233],[3.8941534,43.58684372],[3.89455806,43.58707344],[3.90536837,43.59145147],[3.90792232,43.59152823],[3.91856701,43.59224859],[3.93886857,43.59568962],[3.9370897,43.59183934],[3.93688448,43.58480452],[3.93861072,43.583861],[3.93616065,43.58315419],[3.93103134,43.58316769],[3.93209969,43.57966814],[3.93332985,43.57676558],[3.94036937,43.57039358],[3.93830398,43.56948914],[3.93749262,43.56731951],[3.94085233,43.56036916],[3.94605618,43.55546591],[3.94941153,43.55456741],[3.95039918,43.55174869],[3.93316904,43.53824652],[3.90728084,43.54554823],[3.89991394,43.54022433],[3.89740562,43.54094243],[3.8858541,43.54037598],[3.86197077,43.54546849]]]]}},{"type":"Feature","properties":{"code":"34130","nom":"Laurens","departement":"34","region":"76"},"geometry":{"type":"MultiPolygon","coordinates":[[[[3.16341728,43.52201163],[3.16907231,43.52945534],[3.18288925,43.54014056],[3.18999991,43.53610027],[3.20776323,43.54095864],[3.21297757,43.54092514],[3.21618783,43.54209295],[3.21727395,43.54246507],[3.21894119,43.54082961],[3.22060969,43.53632668],[3.23280426,43.52605335],[3.23141159,43.52565505],[3.22894239,43.5151273],[3.22290642,43.50353001],[3.21321508,43.50494763],[3.20095961,43.50459495],[3.19290868,43.49448431],[3.19022815,43.49485252],[3.18789177,43.49919135],[3.18924156,43.50787117],[3.18465989,43.51267991],[3.1750082,43.51697224],[3.16540582,43.51784563],[3.16433477,43.51944065],[3.16341728,43.52201163]]]]}},{"type":"Feature","properties":{"code":"34131","nom":"Lauret","departement":"34","region":"76"},"geometry":{"type":"MultiPolygon","coordinates":[[[[3.8587856,43.83348111],[3.8585207,43.83438585],[3.86597239,43.83756319],[3.88342459,43.84148657],[3.89812405,43.84076807],[3.89919017,43.8228627],[3.89205529,43.81847914],[3.86930836,43.82277741],[3.8676337,43.8216901],[3.86396883,43.82132232],[3.86225066,43.82269754],[3.86006263,43.82730007],[3.8587856,43.83348111]]]]}},{"type":"Feature","properties":{"code":"34132","nom":"Lauroux","departement":"34","region":"76"},"geometry":{"type":"MultiPolygon","coordinates":[[[[3.24805345,43.81404698],[3.2596923,43.81746379],[3.26774798,43.8237832],[3.27149343,43.82570873],[3.28666451,43.82974288],[3.28634362,43.82821928],[3.28922927,43.8251322],[3.29178941,43.81579791],[3.29072043,43.81331705],[3.29094254,43.80665634],[3.29503802,43.79002621],[3.29601707,43.78766046],[3.29970142,43.78506863],[3.3057365,43.77989196],[3.31545541,43.77363262],[3.31639966,43.77101485],[3.31397452,43.76402087],[3.30583664,43.7547142],[3.30541192,43.75282568],[3.29542195,43.75588757],[3.28699267,43.76388201],[3.26702859,43.76955875],[3.25755618,43.77807274],[3.25121598,43.78599206],[3.24334027,43.79197794],[3.24177606,43.79604529],[3.24404866,43.80369557],[3.24514905,43.81199099],[3.24595608,43.81355589],[3.24805345,43.81404698]]]]}},{"type":"Feature","properties":{"code":"34133","nom":"Lavalette","departement":"34","region":"76"},"geometry":{"type":"MultiPolygon","coordinates":[[[[3.26096045,43.71137994],[3.26412023,43.71142091],[3.26854018,43.71406822],[3.26976576,43.71615372],[3.27566018,43.71491877],[3.27717495,43.71363805],[3.27473682,43.70449741],[3.2836175,43.69215686],[3.29089406,43.68720842],[3.2871453,43.67626577],[3.28257629,43.67238873],[3.27891112,43.67173323],[3.27666003,43.67227347],[3.27342693,43.67511966],[3.27354846,43.67694598],[3.26692659,43.68088023],[3.25829567,43.6852094],[3.24773002,43.68863349],[3.2483059,43.69218378],[3.25947692,43.70045322],[3.26169759,43.70628151],[3.26096045,43.71137994]]]]}},{"type":"Feature","properties":{"code":"34134","nom":"Lavérune","departement":"34","region":"76"},"geometry":{"type":"MultiPolygon","coordinates":[[[[3.80563375,43.59920859],[3.80795672,43.5993992],[3.81417806,43.59204361],[3.81625614,43.59122448],[3.81717821,43.58886186],[3.81519584,43.57758695],[3.81036808,43.57034014],[3.80518714,43.56729239],[3.79385225,43.56963342],[3.79027017,43.57389486],[3.78535899,43.57784549],[3.78846838,43.58021282],[3.79141718,43.58491891],[3.79167608,43.59040761],[3.78936288,43.59377621],[3.78336109,43.59941105],[3.78863904,43.60227475],[3.79129468,43.6000968],[3.79430976,43.59903462],[3.80563375,43.59920859]]]]}},{"type":"Feature","properties":{"code":"34135","nom":"Lespignan","departement":"34","region":"76"},"geometry":{"type":"MultiPolygon","coordinates":[[[[3.17758843,43.30377865],[3.18399296,43.30361501],[3.19094141,43.29921576],[3.19068281,43.2955055],[3.19635772,43.28099262],[3.19222385,43.26641654],[3.19321008,43.25031392],[3.17834666,43.24745379],[3.16862083,43.24294117],[3.15905436,43.24257428],[3.15097105,43.24517203],[3.14656453,43.2509315],[3.14741286,43.25303256],[3.14570492,43.25603932],[3.14350943,43.25856367],[3.14135025,43.25940218],[3.1413369,43.25948046],[3.14970846,43.2778685],[3.15377922,43.29051055],[3.15490146,43.29569583],[3.15233289,43.30240575],[3.15544193,43.30339625],[3.16745091,43.30410248],[3.17758843,43.30377865]]]]}},{"type":"Feature","properties":{"code":"34136","nom":"Lézignan-la-Cèbe","departement":"34","region":"76"},"geometry":{"type":"MultiPolygon","coordinates":[[[[3.43692366,43.48318717],[3.42988468,43.48487165],[3.42105216,43.49091814],[3.41674409,43.49498347],[3.4158823,43.50005305],[3.42561777,43.50369782],[3.42991087,43.50456801],[3.43588535,43.50481138],[3.43955321,43.50293057],[3.44186106,43.50279524],[3.44551039,43.50669768],[3.44544394,43.50035675],[3.44728616,43.4961493],[3.46284805,43.48475037],[3.46509804,43.48153059],[3.45778226,43.48075649],[3.4504799,43.47788463],[3.44890928,43.47942604],[3.44339632,43.48262197],[3.43692366,43.48318717]]]]}},{"type":"Feature","properties":{"code":"34137","nom":"Liausson","departement":"34","region":"76"},"geometry":{"type":"MultiPolygon","coordinates":[[[[3.33573677,43.64821366],[3.33935601,43.65130045],[3.34746838,43.65485156],[3.35335925,43.65614179],[3.35901664,43.65117523],[3.37260269,43.64649014],[3.37939239,43.64002499],[3.386327,43.63065439],[3.38571664,43.62776102],[3.38174529,43.620682],[3.3746492,43.62763777],[3.35988324,43.62952053],[3.34756339,43.63311569],[3.34204928,43.63974488],[3.33971922,43.63960911],[3.3342327,43.64825789],[3.33573677,43.64821366]]]]}},{"type":"Feature","properties":{"code":"34138","nom":"Lieuran-Cabrières","departement":"34","region":"76"},"geometry":{"type":"MultiPolygon","coordinates":[[[[3.38674763,43.5962191],[3.38657574,43.60654104],[3.39171288,43.60866232],[3.39632853,43.60819839],[3.40701952,43.60534796],[3.40733293,43.60344915],[3.40637389,43.60247918],[3.40680913,43.59994918],[3.41329805,43.5966801],[3.42714709,43.58740478],[3.43270744,43.58575689],[3.42596897,43.57793846],[3.42563117,43.57294161],[3.42061513,43.57340384],[3.41788147,43.57477393],[3.41038211,43.58364629],[3.39048586,43.59503603],[3.38674763,43.5962191]]]]}},{"type":"Feature","properties":{"code":"34139","nom":"Lieuran-lès-Béziers","departement":"34","region":"76"},"geometry":{"type":"MultiPolygon","coordinates":[[[[3.23948233,43.43223613],[3.24347281,43.43121152],[3.25159353,43.42621066],[3.25123173,43.42561592],[3.250016,43.42620981],[3.24100399,43.41119526],[3.2397432,43.40417993],[3.24161183,43.40018768],[3.24127611,43.39898111],[3.2412171,43.39755801],[3.23485712,43.39332391],[3.22770183,43.39143557],[3.21916957,43.39355742],[3.21871229,43.40665618],[3.21711234,43.41430908],[3.21406841,43.42243628],[3.2131056,43.42508496],[3.22896092,43.43103803],[3.23948233,43.43223613]]]]}},{"type":"Feature","properties":{"code":"34140","nom":"Lignan-sur-Orb","departement":"34","region":"76"},"geometry":{"type":"MultiPolygon","coordinates":[[[[3.18313827,43.37890555],[3.18194333,43.37778843],[3.18168492,43.37328177],[3.18355006,43.37189141],[3.17697405,43.36888594],[3.16795963,43.37262022],[3.16438082,43.38643853],[3.16199062,43.39006673],[3.16276178,43.39143661],[3.16213537,43.39284368],[3.16395938,43.39481742],[3.16628874,43.3957261],[3.17232768,43.3936466],[3.17727009,43.38975401],[3.18313827,43.37890555]]]]}},{"type":"Feature","properties":{"code":"34141","nom":"La Livinière","departement":"34","region":"76"},"geometry":{"type":"MultiPolygon","coordinates":[[[[2.64556657,43.38549286],[2.64993838,43.38280639],[2.65772061,43.38335216],[2.66781138,43.38850071],[2.67496216,43.39115384],[2.67611007,43.38138727],[2.6690825,43.37702711],[2.66254656,43.36681509],[2.66069851,43.36591599],[2.6563836,43.35915524],[2.64073572,43.34661601],[2.64219284,43.32853255],[2.64492772,43.31865595],[2.65161781,43.31030347],[2.65121022,43.30681358],[2.6455899,43.2987234],[2.64420861,43.2944315],[2.63556492,43.29414632],[2.62872775,43.29275031],[2.62329869,43.28698598],[2.61705873,43.28427795],[2.61827906,43.28724364],[2.61702993,43.28880177],[2.60439592,43.29734809],[2.60111393,43.29819962],[2.59923845,43.31162703],[2.59975447,43.31395617],[2.60129768,43.31384403],[2.60248643,43.31475159],[2.60808546,43.32078398],[2.61400669,43.33316303],[2.61392978,43.33967677],[2.62301199,43.35064084],[2.62027879,43.35684131],[2.61636968,43.36234038],[2.61583353,43.36545387],[2.62199059,43.37216785],[2.62924011,43.37761678],[2.62965213,43.37683641],[2.63065937,43.37708725],[2.64556657,43.38549286]]]]}},{"type":"Feature","properties":{"code":"34142","nom":"Lodève","departement":"34","region":"76"},"geometry":{"type":"MultiPolygon","coordinates":[[[[3.26976576,43.71615372],[3.26854018,43.71406822],[3.26412023,43.71142091],[3.26096045,43.71137994],[3.25829337,43.71303301],[3.25396978,43.72136309],[3.25260746,43.73205192],[3.25716554,43.73178299],[3.27475068,43.73454218],[3.2839724,43.73999502],[3.28549896,43.74023759],[3.28959433,43.73917935],[3.29461641,43.73590481],[3.29801675,43.74255718],[3.30541192,43.75282568],[3.30583664,43.7547142],[3.31397452,43.76402087],[3.32503353,43.76023058],[3.32954748,43.76058957],[3.32965612,43.76199123],[3.33285476,43.761393],[3.33549121,43.75957707],[3.34063028,43.75878544],[3.34237928,43.7564466],[3.34155942,43.7542868],[3.34016423,43.75244015],[3.33510582,43.74910114],[3.33009985,43.74743548],[3.32990004,43.7429197],[3.3356214,43.7330839],[3.33627115,43.72559964],[3.33233655,43.71940819],[3.33268439,43.71756245],[3.33529941,43.71115925],[3.34224753,43.69912032],[3.34176686,43.69422225],[3.33632823,43.69665614],[3.33133733,43.69788262],[3.32941238,43.70023432],[3.3288612,43.70165953],[3.32452769,43.70364947],[3.3163695,43.71367967],[3.3063786,43.72191031],[3.3048914,43.7306169],[3.3004721,43.73196906],[3.2960928,43.73077886],[3.29449718,43.7288917],[3.29331223,43.71752537],[3.27992276,43.71312531],[3.27717495,43.71363805],[3.27566018,43.71491877],[3.26976576,43.71615372]]]]}},{"type":"Feature","properties":{"code":"34143","nom":"Loupian","departement":"34","region":"76"},"geometry":{"type":"MultiPolygon","coordinates":[[[[3.65070798,43.4637618],[3.64305337,43.44994846],[3.64208657,43.44619886],[3.66197617,43.42475384],[3.64299792,43.41493661],[3.61558474,43.43085192],[3.60764398,43.43723592],[3.60010279,43.44516101],[3.59408715,43.45894239],[3.59554132,43.45779449],[3.59743088,43.47252934],[3.60672569,43.473794],[3.61947694,43.48209823],[3.62468824,43.48671988],[3.62566386,43.48666657],[3.63229169,43.48145744],[3.64481426,43.46547497],[3.65070798,43.4637618]]]]}},{"type":"Feature","properties":{"code":"34176","nom":"Mudaison","departement":"34","region":"76"},"geometry":{"type":"MultiPolygon","coordinates":[[[[4.04780339,43.62331057],[4.03972389,43.62238662],[4.03148722,43.62731082],[4.02482553,43.63371874],[4.01344136,43.63899606],[4.01307577,43.64551448],[4.02523054,43.6505523],[4.03431233,43.65743582],[4.03507099,43.65757978],[4.03881432,43.65471758],[4.0471556,43.65140433],[4.05105647,43.64380596],[4.06114882,43.63821872],[4.0461506,43.6302869],[4.0462989,43.62639628],[4.04780339,43.62331057]]]]}},{"type":"Feature","properties":{"code":"34144","nom":"Lunas-les-Châteaux","departement":"34","region":"76"},"geometry":{"type":"MultiPolygon","coordinates":[[[[3.209333,43.64725545],[3.20768583,43.64612577],[3.19102867,43.65691789],[3.18775539,43.65723222],[3.17993933,43.65894876],[3.17451038,43.66367258],[3.17255741,43.67617224],[3.17250329,43.67878358],[3.17513361,43.67982406],[3.17395937,43.68509437],[3.17161226,43.69092173],[3.16797723,43.69586023],[3.1688327,43.70503264],[3.17065965,43.71124222],[3.14624651,43.72337876],[3.12824644,43.72602898],[3.13265591,43.7317395],[3.14177792,43.73366447],[3.15044395,43.73374283],[3.16331877,43.73096716],[3.16472448,43.72958108],[3.17407264,43.7268724],[3.18406776,43.72575186],[3.20083829,43.72635031],[3.20670037,43.72783128],[3.21055724,43.73262726],[3.24201467,43.74615146],[3.24635171,43.74933803],[3.24857042,43.74658392],[3.25260746,43.73205192],[3.25396978,43.72136309],[3.25829337,43.71303301],[3.26096045,43.71137994],[3.26169759,43.70628151],[3.25947692,43.70045322],[3.2483059,43.69218378],[3.24773002,43.68863349],[3.24755578,43.68331774],[3.24964742,43.68330127],[3.25304426,43.6770127],[3.25475035,43.66979941],[3.25326678,43.66508517],[3.25116464,43.66340381],[3.25044099,43.66231401],[3.23816256,43.65534471],[3.23010405,43.64963754],[3.209333,43.64725545]]]]}},{"type":"Feature","properties":{"code":"34145","nom":"Lunel","departement":"34","region":"76"},"geometry":{"type":"MultiPolygon","coordinates":[[[[4.12108782,43.66536604],[4.1205481,43.66496125],[4.1145433,43.66769923],[4.10939205,43.67209929],[4.10299434,43.6700136],[4.10016778,43.6719527],[4.09940533,43.6737629],[4.1017992,43.67865302],[4.10354778,43.67982767],[4.10659328,43.67938818],[4.10197021,43.68890028],[4.10249405,43.6934377],[4.10860494,43.69953911],[4.11384665,43.69723761],[4.11761261,43.69668245],[4.12593894,43.70041226],[4.13223609,43.70723581],[4.13244172,43.70891472],[4.15377191,43.71487051],[4.16364258,43.70666609],[4.16507402,43.70098755],[4.16345736,43.69406645],[4.16422834,43.69288381],[4.16364951,43.69015426],[4.15882146,43.68708668],[4.15503929,43.68235826],[4.15500538,43.67975338],[4.15929486,43.66905107],[4.1597969,43.66243234],[4.15451721,43.65693886],[4.14474865,43.65133321],[4.13566029,43.64155676],[4.13383085,43.64115561],[4.13342674,43.64271482],[4.13016241,43.65325587],[4.12245469,43.66622934],[4.12108782,43.66536604]]]]}},{"type":"Feature","properties":{"code":"34146","nom":"Lunel-Viel","departement":"34","region":"76"},"geometry":{"type":"MultiPolygon","coordinates":[[[[4.10299434,43.6700136],[4.10069925,43.6687689],[4.09930061,43.66597628],[4.10030204,43.66370563],[4.09940153,43.66134983],[4.09545026,43.65942434],[4.08922917,43.65772575],[4.08810111,43.65928485],[4.08108115,43.66345383],[4.07797527,43.66262437],[4.07731281,43.67110428],[4.0757748,43.6752932],[4.06735214,43.67793186],[4.05491036,43.68543775],[4.05753429,43.68624288],[4.06411389,43.69324205],[4.06459937,43.69774312],[4.06525498,43.69931604],[4.06790625,43.70121315],[4.07016754,43.70280898],[4.07179142,43.70235294],[4.08720583,43.69808656],[4.0976825,43.69819287],[4.11095278,43.70221581],[4.10860494,43.69953911],[4.10249405,43.6934377],[4.10197021,43.68890028],[4.10659328,43.67938818],[4.10354778,43.67982767],[4.1017992,43.67865302],[4.09940533,43.6737629],[4.10016778,43.6719527],[4.10299434,43.6700136]]]]}},{"type":"Feature","properties":{"code":"34147","nom":"Magalas","departement":"34","region":"76"},"geometry":{"type":"MultiPolygon","coordinates":[[[[3.18458823,43.48536597],[3.19022815,43.49485252],[3.19290868,43.49448431],[3.20095961,43.50459495],[3.21321508,43.50494763],[3.22290642,43.50353001],[3.22266743,43.50245985],[3.22718495,43.49743913],[3.23668422,43.49448579],[3.25854356,43.49502789],[3.25881321,43.49480682],[3.25056057,43.47984444],[3.25159469,43.47927704],[3.24052081,43.47099445],[3.23363785,43.46710667],[3.22046097,43.46244872],[3.20830254,43.45298118],[3.20718226,43.45087],[3.20638326,43.45051975],[3.20308109,43.45189259],[3.18917694,43.45369101],[3.19237096,43.45714463],[3.19427496,43.46104583],[3.1957009,43.47103153],[3.19378002,43.47361078],[3.18989485,43.47588756],[3.18543246,43.48124394],[3.18458823,43.48536597]]]]}},{"type":"Feature","properties":{"code":"34148","nom":"Maraussan","departement":"34","region":"76"},"geometry":{"type":"MultiPolygon","coordinates":[[[[3.17697405,43.36888594],[3.17898098,43.36511776],[3.17938597,43.36093929],[3.17803547,43.35881304],[3.16498412,43.34858902],[3.15878541,43.34878001],[3.14719312,43.35217531],[3.13093843,43.36115359],[3.12751104,43.36293891],[3.13784183,43.3735282],[3.14070375,43.37790477],[3.13791812,43.38324401],[3.14208199,43.38965297],[3.15214448,43.39813363],[3.16199062,43.39006673],[3.16438082,43.38643853],[3.16795963,43.37262022],[3.17697405,43.36888594]]]]}},{"type":"Feature","properties":{"code":"34149","nom":"Margon","departement":"34","region":"76"},"geometry":{"type":"MultiPolygon","coordinates":[[[[3.29381821,43.47543533],[3.29489271,43.47681884],[3.29306055,43.48821665],[3.28865948,43.49495822],[3.28956495,43.49586001],[3.30641022,43.50011972],[3.32084129,43.48175016],[3.31986383,43.47772962],[3.30321107,43.47518815],[3.29381821,43.47543533]]]]}},{"type":"Feature","properties":{"code":"34150","nom":"Marseillan","departement":"34","region":"76"},"geometry":{"type":"MultiPolygon","coordinates":[[[[3.52601528,43.32729386],[3.51921385,43.3294228],[3.51159972,43.33057009],[3.51208665,43.33183624],[3.50210327,43.34018194],[3.4928694,43.35275875],[3.49682118,43.35454801],[3.49902081,43.35727904],[3.50152325,43.36446089],[3.50133311,43.37009975],[3.50207433,43.37053354],[3.51452733,43.37842964],[3.51682951,43.38125974],[3.53660135,43.39741929],[3.53875691,43.39796367],[3.54047105,43.39840316],[3.54526565,43.40192916],[3.5500036,43.40631084],[3.55427043,43.4035973],[3.56740885,43.39756722],[3.59372945,43.3893526],[3.61905727,43.38149802],[3.60629888,43.3757846],[3.5927947,43.36505742],[3.5530176,43.33765762],[3.56616593,43.32625],[3.55606799,43.31798196],[3.53938873,43.30236581],[3.53007582,43.31284534],[3.53055384,43.31432013],[3.53098115,43.31563774],[3.52601528,43.32729386]]]]}},{"type":"Feature","properties":{"code":"34151","nom":"Marsillargues","departement":"34","region":"76"},"geometry":{"type":"MultiPolygon","coordinates":[[[[4.1904992,43.65653921],[4.1945035,43.65420055],[4.19371202,43.65172462],[4.18996975,43.63807916],[4.16832446,43.60863509],[4.15619192,43.59985892],[4.15024058,43.58544522],[4.14510381,43.58497759],[4.13270579,43.58652394],[4.12449148,43.58901908],[4.10490206,43.58550465],[4.09862459,43.5851139],[4.08519428,43.59196713],[4.07469496,43.58855582],[4.08604606,43.59752866],[4.10087289,43.60507137],[4.11093141,43.61585819],[4.12640227,43.62645326],[4.13404315,43.63748009],[4.13383085,43.64115561],[4.13566029,43.64155676],[4.14474865,43.65133321],[4.15451721,43.65693886],[4.1597969,43.66243234],[4.15929486,43.66905107],[4.15500538,43.67975338],[4.15503929,43.68235826],[4.15882146,43.68708668],[4.16364951,43.69015426],[4.16324117,43.68683973],[4.17700958,43.67661173],[4.17909723,43.67454723],[4.18072505,43.66966827],[4.18098364,43.66801863],[4.18275154,43.66694113],[4.18681314,43.66169184],[4.1904992,43.65653921]]]]}},{"type":"Feature","properties":{"code":"34152","nom":"Mas-de-Londres","departement":"34","region":"76"},"geometry":{"type":"MultiPolygon","coordinates":[[[[3.81350914,43.79814198],[3.81414107,43.79732283],[3.81058891,43.79144668],[3.8080794,43.79021172],[3.8064467,43.78789661],[3.80593981,43.78665757],[3.80353082,43.78636668],[3.79170141,43.78834128],[3.78422157,43.78650463],[3.78170983,43.77332271],[3.77856207,43.76943334],[3.75825714,43.75669623],[3.74849636,43.75661884],[3.74630468,43.75754368],[3.74562643,43.75980347],[3.74707282,43.76322038],[3.7459525,43.76548231],[3.75310115,43.76566981],[3.75635881,43.76712309],[3.75229825,43.77317067],[3.74315808,43.77873274],[3.73762541,43.78445686],[3.75746305,43.79951054],[3.75936235,43.80368827],[3.75848003,43.80564816],[3.77018061,43.80501627],[3.78120332,43.80589988],[3.78536486,43.80861567],[3.78388306,43.81419692],[3.79805416,43.81068697],[3.80822848,43.804191],[3.81350914,43.79814198]]]]}},{"type":"Feature","properties":{"code":"34153","nom":"Les Matelles","departement":"34","region":"76"},"geometry":{"type":"MultiPolygon","coordinates":[[[[3.81597083,43.74774814],[3.82659022,43.74049676],[3.83081382,43.72970548],[3.83968042,43.72165724],[3.84162382,43.72100331],[3.84615706,43.72356705],[3.84757599,43.71631732],[3.84541864,43.71733926],[3.84340643,43.7171011],[3.83499181,43.71266205],[3.83258797,43.71252209],[3.82483766,43.71456893],[3.8148173,43.71249638],[3.81254449,43.70742186],[3.80586557,43.7089977],[3.78687789,43.70951457],[3.78519148,43.71237125],[3.78409673,43.71794939],[3.7854577,43.72879846],[3.79114248,43.73436811],[3.78579486,43.73889908],[3.7810004,43.73818216],[3.77342379,43.73455029],[3.76964085,43.73084436],[3.76848993,43.73385631],[3.76944472,43.73869007],[3.77091491,43.74178069],[3.77437095,43.74484371],[3.77627291,43.7471546],[3.79507973,43.74799533],[3.80911814,43.74482239],[3.81319003,43.74511603],[3.81597083,43.74774814]]]]}},{"type":"Feature","properties":{"code":"34154","nom":"Mauguio","departement":"34","region":"76"},"geometry":{"type":"MultiPolygon","coordinates":[[[[3.97192408,43.55144204],[3.96869702,43.56541517],[3.96458196,43.56825472],[3.959247,43.57336072],[3.93861072,43.583861],[3.93688448,43.58480452],[3.9370897,43.59183934],[3.93886857,43.59568962],[3.93941313,43.5957533],[3.94128693,43.59774999],[3.93533646,43.60618238],[3.93682809,43.60865217],[3.93934179,43.61378382],[3.95179726,43.61714522],[3.96951467,43.62043321],[3.97693414,43.62930946],[4.00701743,43.64325721],[4.01020283,43.64006914],[4.01344136,43.63899606],[4.02482553,43.63371874],[4.03148722,43.62731082],[4.03972389,43.62238662],[4.04780339,43.62331057],[4.05030865,43.61678133],[4.05260809,43.60486936],[4.06001536,43.59915532],[4.06889857,43.60177052],[4.08248188,43.6097626],[4.08340376,43.6105102],[4.08850178,43.60962778],[4.09346269,43.60714747],[4.09043879,43.60129372],[4.08604606,43.59752866],[4.07469496,43.58855582],[4.05213364,43.56961029],[4.03529984,43.5631917],[4.03468404,43.56314718],[4.03548383,43.56111227],[4.03598445,43.55971188],[4.03745498,43.55638832],[4.0062729,43.55169147],[3.96930753,43.54022787],[3.97007277,43.5451843],[3.97044179,43.54755017],[3.97264514,43.54843565],[3.97192408,43.55144204]]]]}},{"type":"Feature","properties":{"code":"34155","nom":"Maureilhan","departement":"34","region":"76"},"geometry":{"type":"MultiPolygon","coordinates":[[[[3.13239604,43.34623637],[3.10982364,43.33773616],[3.10917205,43.33663572],[3.09404137,43.34268441],[3.07308956,43.34416784],[3.07411534,43.34819734],[3.07294922,43.35404195],[3.06405698,43.35629569],[3.06596654,43.35725172],[3.0780364,43.35902941],[3.09149117,43.35819933],[3.09496711,43.35469507],[3.09722159,43.35375028],[3.10190171,43.35536526],[3.10722592,43.35910608],[3.10843951,43.36455471],[3.10904744,43.36653414],[3.1161348,43.36633965],[3.12010886,43.3656768],[3.12751104,43.36293891],[3.13093843,43.36115359],[3.12943025,43.35938767],[3.12895608,43.34804872],[3.13239604,43.34623637]]]]}},{"type":"Feature","properties":{"code":"34156","nom":"Mérifons","departement":"34","region":"76"},"geometry":{"type":"MultiPolygon","coordinates":[[[[3.27476482,43.61801962],[3.2752101,43.62306267],[3.27368386,43.62637773],[3.27021714,43.62907676],[3.26667017,43.63057287],[3.26449333,43.63291764],[3.26484808,43.63784313],[3.26898064,43.6546466],[3.27028852,43.6557906],[3.27929985,43.6522937],[3.28458401,43.64831278],[3.29261396,43.63719608],[3.30520727,43.62901115],[3.29743268,43.62799524],[3.29306769,43.62658543],[3.28865779,43.62359015],[3.28240285,43.61681053],[3.27984122,43.61671278],[3.27476482,43.61801962]]]]}},{"type":"Feature","properties":{"code":"34157","nom":"Mèze","departement":"34","region":"76"},"geometry":{"type":"MultiPolygon","coordinates":[[[[3.60764398,43.43723592],[3.61558474,43.43085192],[3.64299792,43.41493661],[3.62081755,43.40348367],[3.59372945,43.3893526],[3.56740885,43.39756722],[3.55427043,43.4035973],[3.5500036,43.40631084],[3.53189985,43.42564241],[3.52568698,43.43007304],[3.53639717,43.43496607],[3.53508512,43.44123793],[3.53685557,43.4491653],[3.54287048,43.45843546],[3.55263953,43.467904],[3.56210294,43.4740858],[3.56791236,43.47526114],[3.58222391,43.46734609],[3.59408715,43.45894239],[3.60010279,43.44516101],[3.60764398,43.43723592]]]]}},{"type":"Feature","properties":{"code":"34158","nom":"Minerve","departement":"34","region":"76"},"geometry":{"type":"MultiPolygon","coordinates":[[[[2.7708006,43.34028478],[2.76624362,43.33489904],[2.76460219,43.33697715],[2.73886157,43.33906451],[2.71830554,43.34873135],[2.71523407,43.34864324],[2.70070155,43.35341962],[2.6915071,43.35736468],[2.67722543,43.3606363],[2.66385755,43.36551112],[2.66254656,43.36681509],[2.6690825,43.37702711],[2.67611007,43.38138727],[2.67756789,43.38184143],[2.68020149,43.38490439],[2.68050505,43.38821864],[2.68498493,43.3898673],[2.692521,43.38800603],[2.69862944,43.38472245],[2.70896921,43.37676115],[2.71187666,43.37615988],[2.71468425,43.37628607],[2.71519662,43.37692165],[2.72147011,43.37393503],[2.72989921,43.37317462],[2.73442585,43.37409534],[2.74274013,43.3777472],[2.74909006,43.37955325],[2.75602474,43.38026182],[2.75951087,43.37952653],[2.76152945,43.37695087],[2.76376983,43.36986587],[2.76486724,43.36203621],[2.76445541,43.35510111],[2.7620213,43.35253101],[2.76066788,43.34863183],[2.7708006,43.34028478]]]]}},{"type":"Feature","properties":{"code":"34159","nom":"Mireval","departement":"34","region":"76"},"geometry":{"type":"MultiPolygon","coordinates":[[[[3.83201358,43.50689257],[3.81893035,43.50977506],[3.81281846,43.50566507],[3.81054354,43.50317988],[3.78138868,43.50684795],[3.77153861,43.51491903],[3.77568284,43.51987053],[3.78805275,43.52812217],[3.80490389,43.53172983],[3.81042217,43.53156639],[3.82885949,43.52210465],[3.83199622,43.5188433],[3.8326537,43.51549564],[3.83201358,43.50689257]]]]}},{"type":"Feature","properties":{"code":"34160","nom":"Mons","departement":"34","region":"76"},"geometry":{"type":"MultiPolygon","coordinates":[[[[2.9494731,43.53690621],[2.94711156,43.53891147],[2.94287504,43.53945906],[2.93760737,43.54304067],[2.93702862,43.54745621],[2.93834271,43.55165871],[2.94056433,43.55298346],[2.94155961,43.55476188],[2.94110891,43.56358537],[2.94026108,43.56384044],[2.93979708,43.57918805],[2.93430699,43.59097796],[2.9344661,43.59257423],[2.93008627,43.60070714],[2.93774326,43.60595744],[2.94852865,43.60684216],[2.94969437,43.60623356],[2.95063494,43.60248106],[2.95005036,43.59129675],[2.95131591,43.58790344],[2.96359463,43.58302348],[2.96659031,43.58663516],[2.96575404,43.59203884],[2.96653465,43.59505868],[2.96894091,43.5980637],[2.97435408,43.59995191],[2.97385228,43.58989697],[2.9788875,43.57100058],[2.98456582,43.56800538],[2.9907318,43.56813655],[2.99857192,43.57270764],[3.00037125,43.57304865],[3.00323729,43.57212907],[3.00662432,43.57220989],[3.00788411,43.56332573],[3.01164703,43.55853968],[3.02081396,43.55647701],[3.01139988,43.55376121],[3.00499785,43.55332712],[3.00200286,43.55354135],[2.99608059,43.55777366],[2.98692537,43.55795379],[2.97710742,43.55698225],[2.97100099,43.55405575],[2.95258314,43.53734038],[2.9494731,43.53690621]]]]}},{"type":"Feature","properties":{"code":"34161","nom":"Montady","departement":"34","region":"76"},"geometry":{"type":"MultiPolygon","coordinates":[[[[3.13239604,43.34623637],[3.13721346,43.3416739],[3.14897944,43.33406757],[3.14788849,43.33107612],[3.1455347,43.33203108],[3.13921495,43.33190986],[3.13470552,43.32809052],[3.13476335,43.32647209],[3.12282502,43.31985908],[3.10726451,43.32023366],[3.1175022,43.31249384],[3.11659928,43.31070647],[3.10786697,43.31033951],[3.10794254,43.30925005],[3.09358489,43.31205391],[3.09091742,43.31338216],[3.09124539,43.31433453],[3.09230718,43.31730764],[3.08868706,43.3258459],[3.09245669,43.33371683],[3.0979483,43.3352449],[3.10468455,43.33450183],[3.10978996,43.33299445],[3.10917205,43.33663572],[3.10982364,43.33773616],[3.13239604,43.34623637]]]]}},{"type":"Feature","properties":{"code":"34162","nom":"Montagnac","departement":"34","region":"76"},"geometry":{"type":"MultiPolygon","coordinates":[[[[3.56791236,43.47526114],[3.56210294,43.4740858],[3.55263953,43.467904],[3.54287048,43.45843546],[3.53685557,43.4491653],[3.53508512,43.44123793],[3.53639717,43.43496607],[3.52568698,43.43007304],[3.51841601,43.42692593],[3.51309736,43.43375279],[3.50855312,43.44298692],[3.50195717,43.44879454],[3.49371441,43.45325346],[3.49164118,43.46094354],[3.48664057,43.464205],[3.4747271,43.47692467],[3.46648752,43.4788759],[3.4562926,43.47800608],[3.45204437,43.47572694],[3.44557442,43.47509694],[3.44890928,43.47942604],[3.4504799,43.47788463],[3.45778226,43.48075649],[3.46509804,43.48153059],[3.46776617,43.48220469],[3.46949695,43.48444108],[3.465233,43.49439225],[3.46454598,43.51015824],[3.46647082,43.51230212],[3.47111791,43.51487865],[3.47381074,43.51310346],[3.48586897,43.50957989],[3.50094671,43.50335541],[3.52743998,43.49082361],[3.5330652,43.49028867],[3.54649566,43.49459805],[3.54844311,43.49431201],[3.55366837,43.49278023],[3.55373574,43.4892539],[3.55242504,43.48724072],[3.55564431,43.4830496],[3.56791236,43.47526114]]]]}},{"type":"Feature","properties":{"code":"34163","nom":"Montarnaud","departement":"34","region":"76"},"geometry":{"type":"MultiPolygon","coordinates":[[[[3.71042445,43.61348689],[3.70875156,43.61350591],[3.69808731,43.62093088],[3.68405924,43.63217056],[3.67869121,43.63404254],[3.67156713,43.63378534],[3.66902066,43.63628364],[3.66968569,43.64082183],[3.67514433,43.64393746],[3.66867926,43.65588121],[3.66328324,43.65792448],[3.66175626,43.65974604],[3.66116675,43.67020931],[3.66744506,43.677933],[3.66960122,43.6776237],[3.68679535,43.68127067],[3.70267772,43.68343328],[3.70597217,43.68563998],[3.70761562,43.68527477],[3.70841487,43.67660582],[3.70744666,43.6691794],[3.71395039,43.6456395],[3.71659036,43.64320969],[3.72978465,43.63955322],[3.74824334,43.63964731],[3.74954691,43.63899405],[3.74832193,43.63465633],[3.74607842,43.63114354],[3.74588621,43.62912835],[3.74062854,43.62603653],[3.7351043,43.62017303],[3.72195047,43.61583862],[3.71447934,43.61688768],[3.71116456,43.61584584],[3.71042445,43.61348689]]]]}},{"type":"Feature","properties":{"code":"34164","nom":"Montaud","departement":"34","region":"76"},"geometry":{"type":"MultiPolygon","coordinates":[[[[3.90100979,43.74911527],[3.90029944,43.749572],[3.90123681,43.75099781],[3.91039226,43.74723833],[3.9210767,43.74623598],[3.93060206,43.75138352],[3.93908733,43.75773343],[3.95080196,43.75841565],[3.96316559,43.75765549],[3.96927624,43.75975122],[3.972699,43.76213522],[3.98209762,43.76612579],[3.98553517,43.76700728],[3.99702688,43.76102166],[3.99825243,43.75810366],[4.00001872,43.75679426],[3.99354672,43.74880723],[3.98619213,43.74777167],[3.97336842,43.74009733],[3.96828337,43.73798286],[3.96420233,43.73856892],[3.95850362,43.73698678],[3.95433725,43.72329708],[3.94901077,43.71741239],[3.94312797,43.72077064],[3.94536061,43.72215063],[3.94713059,43.72893672],[3.94684184,43.73443857],[3.93920772,43.73919501],[3.9325827,43.74158631],[3.90995611,43.74572742],[3.90100979,43.74911527]]]]}},{"type":"Feature","properties":{"code":"34165","nom":"Montbazin","departement":"34","region":"76"},"geometry":{"type":"MultiPolygon","coordinates":[[[[3.68054311,43.55739456],[3.6742011,43.54696264],[3.67820377,43.54065467],[3.68026431,43.53845536],[3.69446328,43.52906916],[3.71223393,43.5194301],[3.71111878,43.51783946],[3.71203398,43.51736289],[3.70480003,43.50829391],[3.69851953,43.49541611],[3.68580958,43.50328621],[3.66689968,43.52037952],[3.6414657,43.53736896],[3.63256731,43.53166817],[3.63205482,43.5293732],[3.63188165,43.5219486],[3.63757094,43.50972385],[3.63174304,43.51575199],[3.62301233,43.52797149],[3.63178117,43.53215232],[3.64203183,43.53933247],[3.64289617,43.54229835],[3.64227996,43.54393596],[3.64319653,43.5538774],[3.647449,43.56060758],[3.65549464,43.56945536],[3.65677279,43.56911652],[3.67340152,43.56169231],[3.68054311,43.55739456]]]]}},{"type":"Feature","properties":{"code":"34166","nom":"Montblanc","departement":"34","region":"76"},"geometry":{"type":"MultiPolygon","coordinates":[[[[3.33151107,43.37815792],[3.33896615,43.39589361],[3.34742773,43.41053102],[3.35107138,43.4076233],[3.36333459,43.40996872],[3.37365873,43.41324612],[3.37949123,43.41121422],[3.37579031,43.40762222],[3.37924988,43.4069849],[3.38315536,43.40735531],[3.38487069,43.40220413],[3.38456236,43.3931728],[3.38020902,43.38555205],[3.37712242,43.38379866],[3.35064838,43.37545362],[3.34938643,43.37154163],[3.35514916,43.36834],[3.3647605,43.36546793],[3.36813189,43.3654961],[3.38133929,43.35412868],[3.38883014,43.34301162],[3.38904031,43.34036512],[3.38459347,43.33558524],[3.37830722,43.33301566],[3.37080957,43.33475896],[3.36129314,43.33912634],[3.3540945,43.33698929],[3.34572752,43.33229526],[3.339117,43.33541351],[3.33547581,43.33975464],[3.33124083,43.34124753],[3.3366733,43.34937309],[3.33107378,43.35550952],[3.32999012,43.35874244],[3.33350726,43.36421213],[3.33885782,43.3684714],[3.34096426,43.37330476],[3.33151107,43.37815792]]]]}},{"type":"Feature","properties":{"code":"34167","nom":"Montels","departement":"34","region":"76"},"geometry":{"type":"MultiPolygon","coordinates":[[[[3.00597848,43.30015694],[3.01543704,43.29794307],[3.01809662,43.29960326],[3.01914421,43.30169007],[3.021877,43.30405362],[3.03464444,43.30269373],[3.05439564,43.27987634],[3.03613585,43.28272208],[3.01887072,43.27893756],[3.01150676,43.27838897],[3.01229023,43.28040568],[3.00480345,43.28506506],[3.00597848,43.30015694]]]]}},{"type":"Feature","properties":{"code":"34168","nom":"Montesquieu","departement":"34","region":"76"},"geometry":{"type":"MultiPolygon","coordinates":[[[[3.30257858,43.58320379],[3.2998037,43.58417783],[3.29994531,43.57930075],[3.29880613,43.57563198],[3.28702091,43.56231597],[3.27721654,43.54487478],[3.27434767,43.54270651],[3.26898273,43.53808092],[3.25958718,43.53675421],[3.25165634,43.53655695],[3.25160572,43.53798854],[3.24829682,43.54043712],[3.24397426,43.53988369],[3.2390223,43.54885065],[3.25014982,43.55952169],[3.26430774,43.57114257],[3.26915545,43.57230304],[3.27280707,43.57511376],[3.27269401,43.57762616],[3.2782683,43.59014567],[3.29088511,43.59287309],[3.29344863,43.58821802],[3.29675224,43.58602172],[3.30106433,43.58523336],[3.30257858,43.58320379]]]]}},{"type":"Feature","properties":{"code":"34169","nom":"Montferrier-sur-Lez","departement":"34","region":"76"},"geometry":{"type":"MultiPolygon","coordinates":[[[[3.86249522,43.68196429],[3.86424186,43.68308607],[3.87951068,43.68768174],[3.88326311,43.68735888],[3.88230287,43.67734482],[3.88085816,43.67240547],[3.86653054,43.66027167],[3.86682463,43.657343],[3.87120036,43.64808546],[3.86861989,43.64772997],[3.86613628,43.6500102],[3.85682654,43.65329461],[3.8454045,43.66141517],[3.84267417,43.66421601],[3.84103853,43.66890162],[3.84401197,43.67265619],[3.85285706,43.67679226],[3.85900208,43.6781441],[3.86286211,43.68154385],[3.86249522,43.68196429]]]]}},{"type":"Feature","properties":{"code":"34170","nom":"Montouliers","departement":"34","region":"76"},"geometry":{"type":"MultiPolygon","coordinates":[[[[2.89480308,43.32623052],[2.88554689,43.33107889],[2.88424708,43.33461649],[2.88694357,43.33964177],[2.89214805,43.34379782],[2.89121596,43.34850449],[2.8893104,43.35161338],[2.92265985,43.34276331],[2.92626706,43.34028294],[2.92942458,43.33339507],[2.92135645,43.32601469],[2.91910899,43.32419228],[2.90532194,43.32284341],[2.89480308,43.32623052]]]]}},{"type":"Feature","properties":{"code":"34171","nom":"Montoulieu","departement":"34","region":"76"},"geometry":{"type":"MultiPolygon","coordinates":[[[[3.77799323,43.88752511],[3.78411688,43.89694997],[3.78947135,43.907947],[3.78321112,43.91711526],[3.78179642,43.92272605],[3.77809519,43.92706525],[3.77479673,43.92827309],[3.79202121,43.93794609],[3.79551415,43.94227494],[3.79648131,43.94356571],[3.82034761,43.94237034],[3.82711479,43.93583117],[3.82735004,43.92628755],[3.82372458,43.91762186],[3.81956675,43.91073038],[3.7996606,43.89116827],[3.78970124,43.88803054],[3.77799323,43.88752511]]]]}},{"type":"Feature","properties":{"code":"34172","nom":"Montpellier","departement":"34","region":"76"},"geometry":{"type":"MultiPolygon","coordinates":[[[[3.84225887,43.58778578],[3.83620835,43.59528655],[3.83481714,43.59412119],[3.83015895,43.593132],[3.82008905,43.59253453],[3.81625614,43.59122448],[3.81862464,43.59757821],[3.81948384,43.60719884],[3.81948423,43.60722583],[3.819595,43.60951863],[3.81693545,43.61511754],[3.81512928,43.61804922],[3.81568442,43.62913092],[3.81616445,43.63143718],[3.80778962,43.63880727],[3.80897652,43.64082308],[3.81370152,43.64216997],[3.81618798,43.64301518],[3.82298226,43.64079355],[3.82454298,43.63808941],[3.82800277,43.63975661],[3.82803412,43.63978247],[3.83853742,43.6503804],[3.84124189,43.64762128],[3.8541531,43.65103363],[3.85604324,43.65187992],[3.85682654,43.65329461],[3.86613628,43.6500102],[3.86861989,43.64772997],[3.87120036,43.64808546],[3.88579733,43.64553794],[3.88980303,43.64143342],[3.89219726,43.64153528],[3.89271063,43.64140149],[3.89315241,43.64072837],[3.89335298,43.63825305],[3.88971381,43.6353638],[3.8894721,43.63399802],[3.8920796,43.63349434],[3.89324693,43.63231946],[3.89385926,43.62947902],[3.89630955,43.62733343],[3.89792322,43.62611793],[3.89701488,43.62237311],[3.90432991,43.62163491],[3.9097766,43.62212666],[3.91101232,43.6210833],[3.91533761,43.61921939],[3.91924724,43.61879406],[3.92258111,43.62000129],[3.9330672,43.62898578],[3.93685305,43.62504519],[3.93934179,43.61378382],[3.93682809,43.60865217],[3.93533646,43.60618238],[3.94128693,43.59774999],[3.93941313,43.5957533],[3.93886857,43.59568962],[3.91856701,43.59224859],[3.90792232,43.59152823],[3.90536837,43.59145147],[3.89455806,43.58707344],[3.8941534,43.58684372],[3.87111564,43.57579233],[3.86711019,43.5734705],[3.86058588,43.56672172],[3.8577042,43.57188056],[3.85322783,43.57728583],[3.8486683,43.58356979],[3.84840604,43.58391557],[3.84817749,43.58419719],[3.84225887,43.58778578]]]]}},{"type":"Feature","properties":{"code":"34173","nom":"Montpeyroux","departement":"34","region":"76"},"geometry":{"type":"MultiPolygon","coordinates":[[[[3.49456935,43.74879438],[3.50155336,43.742871],[3.51655084,43.73433136],[3.5184871,43.72832998],[3.52295876,43.71617941],[3.52718555,43.71132052],[3.52898739,43.70722016],[3.5229508,43.69533448],[3.53065228,43.6874272],[3.52627474,43.68645055],[3.52191177,43.6835174],[3.51257548,43.67427103],[3.51326706,43.67383405],[3.51147767,43.67294715],[3.50483719,43.67681414],[3.4936906,43.68058878],[3.49143209,43.67674504],[3.48779795,43.68049209],[3.48892917,43.68447056],[3.48240121,43.69762111],[3.48995686,43.70866173],[3.49225787,43.71616059],[3.49026392,43.71946395],[3.48308193,43.72525242],[3.47543635,43.7333713],[3.47274837,43.74134139],[3.47321378,43.74328938],[3.48247118,43.74510339],[3.48868336,43.74870037],[3.49456935,43.74879438]]]]}},{"type":"Feature","properties":{"code":"34174","nom":"Moulès-et-Baucels","departement":"34","region":"76"},"geometry":{"type":"MultiPolygon","coordinates":[[[[3.7234898,43.93649804],[3.72490758,43.94104353],[3.72392359,43.94290765],[3.72180342,43.94397737],[3.71668319,43.96077363],[3.72457797,43.96638354],[3.73095457,43.96854432],[3.73708563,43.96892887],[3.74935362,43.96794455],[3.78768928,43.96680835],[3.78628798,43.9590783],[3.7868421,43.95453825],[3.78896973,43.95010385],[3.79551415,43.94227494],[3.79202121,43.93794609],[3.77479673,43.92827309],[3.77312907,43.92706091],[3.75939439,43.92512956],[3.75816673,43.92560698],[3.74648674,43.92799859],[3.7420117,43.93818553],[3.7234898,43.93649804]]]]}},{"type":"Feature","properties":{"code":"34175","nom":"Mourèze","departement":"34","region":"76"},"geometry":{"type":"MultiPolygon","coordinates":[[[[3.33361532,43.63542957],[3.33680065,43.63904862],[3.33971922,43.63960911],[3.34204928,43.63974488],[3.34756339,43.63311569],[3.35988324,43.62952053],[3.3746492,43.62763777],[3.38174529,43.620682],[3.37751887,43.61967011],[3.37517622,43.61825656],[3.37795171,43.61449664],[3.38302736,43.61068899],[3.38410913,43.61023888],[3.38271546,43.60922884],[3.37543073,43.60586029],[3.3755878,43.60375067],[3.37281262,43.60350019],[3.35678479,43.59780265],[3.33847656,43.60560648],[3.33341837,43.60411139],[3.32858584,43.60111097],[3.32417045,43.59603243],[3.32312923,43.59910285],[3.31100866,43.60943793],[3.31551923,43.61090776],[3.33247435,43.6117147],[3.33485113,43.61241463],[3.33295198,43.63384347],[3.33361532,43.63542957]]]]}},{"type":"Feature","properties":{"code":"34177","nom":"Murles","departement":"34","region":"76"},"geometry":{"type":"MultiPolygon","coordinates":[[[[3.76964085,43.73084436],[3.77342379,43.73455029],[3.7810004,43.73818216],[3.78579486,43.73889908],[3.79114248,43.73436811],[3.7854577,43.72879846],[3.78409673,43.71794939],[3.78519148,43.71237125],[3.78687789,43.70951457],[3.78495319,43.70892465],[3.78292784,43.69479688],[3.78039701,43.69200568],[3.77007148,43.68738647],[3.75958107,43.68507468],[3.75771911,43.67104726],[3.75838534,43.66649569],[3.75951955,43.66555913],[3.75875719,43.66452693],[3.75320832,43.66240227],[3.74729457,43.66505711],[3.72632658,43.68856192],[3.7214805,43.69004563],[3.72140533,43.69097028],[3.73506853,43.70717896],[3.74478629,43.71461512],[3.74321085,43.71873831],[3.74004352,43.72153961],[3.74991509,43.72731408],[3.75270447,43.72560125],[3.76024185,43.72656125],[3.76730688,43.72883159],[3.76964085,43.73084436]]]]}},{"type":"Feature","properties":{"code":"34178","nom":"Murviel-lès-Béziers","departement":"34","region":"76"},"geometry":{"type":"MultiPolygon","coordinates":[[[[3.11562474,43.48697831],[3.11569427,43.48898635],[3.12299349,43.50164427],[3.12302365,43.5041823],[3.13800754,43.50137699],[3.14841432,43.49462719],[3.15259961,43.48513949],[3.15628321,43.4829399],[3.15082563,43.47256613],[3.15305703,43.46666289],[3.15379196,43.46572978],[3.16478235,43.46081128],[3.16668772,43.45897213],[3.16741795,43.45695483],[3.16461999,43.45371039],[3.170414,43.45149904],[3.17373294,43.45133993],[3.1708629,43.44256283],[3.16590896,43.43561614],[3.16603436,43.43457774],[3.16085026,43.43448569],[3.15746793,43.43279121],[3.15319802,43.42963413],[3.13872826,43.41489665],[3.13385979,43.42184896],[3.12878041,43.42499131],[3.12039476,43.42577915],[3.10741599,43.43129778],[3.1018906,43.43762502],[3.10014842,43.43824651],[3.10037607,43.44064659],[3.09867802,43.44258243],[3.10993272,43.45179228],[3.11215477,43.45202302],[3.11332113,43.45295747],[3.11751297,43.45923272],[3.1132364,43.46449138],[3.11019979,43.47001315],[3.1105163,43.47851125],[3.11313645,43.47961516],[3.11562474,43.48697831]]]]}},{"type":"Feature","properties":{"code":"34179","nom":"Murviel-lès-Montpellier","departement":"34","region":"76"},"geometry":{"type":"MultiPolygon","coordinates":[[[[3.74588621,43.62912835],[3.74537196,43.62673296],[3.74732195,43.62076097],[3.75266805,43.61653633],[3.75614548,43.61857997],[3.76437576,43.61282297],[3.77051974,43.60720704],[3.76252168,43.6019105],[3.75726373,43.59989661],[3.7296877,43.59571228],[3.71690932,43.59617616],[3.7160491,43.59966766],[3.71576928,43.60542464],[3.71042445,43.61348689],[3.71116456,43.61584584],[3.71447934,43.61688768],[3.72195047,43.61583862],[3.7351043,43.62017303],[3.74062854,43.62603653],[3.74588621,43.62912835]]]]}},{"type":"Feature","properties":{"code":"34180","nom":"Nébian","departement":"34","region":"76"},"geometry":{"type":"MultiPolygon","coordinates":[[[[3.40733293,43.60344915],[3.41120515,43.60367931],[3.4138707,43.60466974],[3.41778443,43.60888553],[3.4177318,43.61203137],[3.41921828,43.61530987],[3.43263799,43.61250753],[3.44219973,43.61284965],[3.445807,43.61187214],[3.45021725,43.60955591],[3.46149379,43.60128819],[3.46399856,43.59700088],[3.46364051,43.58486356],[3.46046966,43.5858353],[3.4566298,43.58845905],[3.45291833,43.58904414],[3.44607702,43.58750955],[3.43891507,43.58446511],[3.43270744,43.58575689],[3.42714709,43.58740478],[3.41329805,43.5966801],[3.40680913,43.59994918],[3.40637389,43.60247918],[3.40733293,43.60344915]]]]}},{"type":"Feature","properties":{"code":"34181","nom":"Neffiès","departement":"34","region":"76"},"geometry":{"type":"MultiPolygon","coordinates":[[[[3.31706985,43.55806476],[3.3244327,43.55898594],[3.3356464,43.55678437],[3.34165125,43.55484468],[3.35086719,43.54804473],[3.35532098,43.53874945],[3.36047861,43.5314923],[3.35897588,43.52987327],[3.34945592,43.52895693],[3.33624677,43.52472766],[3.33002729,43.51763085],[3.32955729,43.51716532],[3.31997709,43.52739055],[3.31335903,43.53304215],[3.31228698,43.54171236],[3.31315895,43.54534208],[3.3171293,43.55292435],[3.31706985,43.55806476]]]]}},{"type":"Feature","properties":{"code":"34182","nom":"Nézignan-l'Évêque","departement":"34","region":"76"},"geometry":{"type":"MultiPolygon","coordinates":[[[[3.40005822,43.43504871],[3.42116622,43.42079988],[3.41447821,43.41194965],[3.41068137,43.41113913],[3.38965375,43.4154227],[3.39136729,43.41568552],[3.38928278,43.41732141],[3.39077001,43.41860077],[3.39245677,43.41962748],[3.39053045,43.42294789],[3.39116862,43.42604042],[3.39534025,43.43117226],[3.40005822,43.43504871]]]]}},{"type":"Feature","properties":{"code":"34183","nom":"Nissan-lez-Enserune","departement":"34","region":"76"},"geometry":{"type":"MultiPolygon","coordinates":[[[[3.1413369,43.25948046],[3.11965441,43.26146225],[3.11591872,43.25896021],[3.11557695,43.25485059],[3.11104987,43.25326676],[3.09718227,43.25807915],[3.09176007,43.26074562],[3.07821174,43.26204802],[3.05439564,43.27987634],[3.06946824,43.285937],[3.08321298,43.29042599],[3.11075409,43.30114927],[3.11154727,43.30495453],[3.10892891,43.30906375],[3.10794254,43.30925005],[3.10786697,43.31033951],[3.11659928,43.31070647],[3.12495639,43.30785898],[3.14108345,43.30432811],[3.15220369,43.30432382],[3.15233289,43.30240575],[3.15490146,43.29569583],[3.15377922,43.29051055],[3.14970846,43.2778685],[3.1413369,43.25948046]]]]}},{"type":"Feature","properties":{"code":"34184","nom":"Nizas","departement":"34","region":"76"},"geometry":{"type":"MultiPolygon","coordinates":[[[[3.41183144,43.50272626],[3.3978043,43.51189633],[3.38895958,43.51652148],[3.38495481,43.52034339],[3.39153753,43.52308829],[3.40392644,43.52479375],[3.4128808,43.52268438],[3.4149616,43.52369224],[3.41529596,43.52530237],[3.42497743,43.52140865],[3.43122248,43.52386367],[3.43561507,43.52215283],[3.43956804,43.51844531],[3.44758221,43.51353693],[3.44711465,43.5095315],[3.44475571,43.50693291],[3.44551039,43.50669768],[3.44186106,43.50279524],[3.43955321,43.50293057],[3.43588535,43.50481138],[3.42991087,43.50456801],[3.42561777,43.50369782],[3.4158823,43.50005305],[3.41498301,43.50131879],[3.41183144,43.50272626]]]]}},{"type":"Feature","properties":{"code":"34185","nom":"Notre-Dame-de-Londres","departement":"34","region":"76"},"geometry":{"type":"MultiPolygon","coordinates":[[[[3.75848003,43.80564816],[3.74947467,43.80572843],[3.73797361,43.80470808],[3.72602856,43.8105721],[3.72317854,43.81524996],[3.72333555,43.81970357],[3.72703326,43.82342271],[3.72446031,43.82676059],[3.72139013,43.83110873],[3.71972167,43.83534226],[3.72820976,43.83947516],[3.73570912,43.8502575],[3.74885169,43.85845486],[3.76160127,43.86926694],[3.76210988,43.87065203],[3.76861361,43.86796953],[3.76804594,43.86238657],[3.77100206,43.85774173],[3.79096265,43.85134507],[3.78805817,43.84453453],[3.78568656,43.83202885],[3.78647158,43.82809494],[3.78388306,43.81419692],[3.78536486,43.80861567],[3.78120332,43.80589988],[3.77018061,43.80501627],[3.75848003,43.80564816]]]]}},{"type":"Feature","properties":{"code":"34186","nom":"Octon","departement":"34","region":"76"},"geometry":{"type":"MultiPolygon","coordinates":[[[[3.24755578,43.68331774],[3.24773002,43.68863349],[3.25829567,43.6852094],[3.26692659,43.68088023],[3.27354846,43.67694598],[3.27342693,43.67511966],[3.27666003,43.67227347],[3.27891112,43.67173323],[3.28257629,43.67238873],[3.2871453,43.67626577],[3.31302567,43.67068661],[3.32572279,43.66864365],[3.32672261,43.66811696],[3.32823549,43.65956061],[3.33094985,43.65399428],[3.32898423,43.65116316],[3.32931686,43.64931306],[3.33573677,43.64821366],[3.3342327,43.64825789],[3.33971922,43.63960911],[3.33680065,43.63904862],[3.33361532,43.63542957],[3.3298572,43.63683122],[3.32363318,43.63665197],[3.31694814,43.63486848],[3.30520727,43.62901115],[3.29261396,43.63719608],[3.28458401,43.64831278],[3.27929985,43.6522937],[3.27028852,43.6557906],[3.26936785,43.65661171],[3.25605419,43.66058951],[3.25116464,43.66340381],[3.25326678,43.66508517],[3.25475035,43.66979941],[3.25304426,43.6770127],[3.24964742,43.68330127],[3.24755578,43.68331774]]]]}},{"type":"Feature","properties":{"code":"34187","nom":"Olargues","departement":"34","region":"76"},"geometry":{"type":"MultiPolygon","coordinates":[[[[2.89521021,43.53475663],[2.8971965,43.53881179],[2.89557491,43.54435167],[2.88927971,43.54724166],[2.88610833,43.54714391],[2.885263,43.55048733],[2.89803492,43.55838716],[2.90509982,43.56633198],[2.94026108,43.56384044],[2.94110891,43.56358537],[2.94155961,43.55476188],[2.94056433,43.55298346],[2.93834271,43.55165871],[2.93702862,43.54745621],[2.93760737,43.54304067],[2.94287504,43.53945906],[2.94711156,43.53891147],[2.9494731,43.53690621],[2.94254969,43.53458958],[2.937648,43.52726135],[2.932285,43.52320131],[2.93078543,43.51788035],[2.9311831,43.51513738],[2.92008037,43.51054396],[2.9159118,43.50983813],[2.90987892,43.51169748],[2.89521021,43.53475663]]]]}},{"type":"Feature","properties":{"code":"34188","nom":"Olmet-et-Villecun","departement":"34","region":"76"},"geometry":{"type":"MultiPolygon","coordinates":[[[[3.3048914,43.7306169],[3.3063786,43.72191031],[3.3163695,43.71367967],[3.32452769,43.70364947],[3.3288612,43.70165953],[3.32941238,43.70023432],[3.3138169,43.69859862],[3.30102691,43.69634739],[3.29194974,43.68899984],[3.29089406,43.68720842],[3.2836175,43.69215686],[3.27473682,43.70449741],[3.27717495,43.71363805],[3.27992276,43.71312531],[3.29331223,43.71752537],[3.29449718,43.7288917],[3.2960928,43.73077886],[3.3004721,43.73196906],[3.3048914,43.7306169]]]]}},{"type":"Feature","properties":{"code":"34189","nom":"Olonzac","departement":"34","region":"76"},"geometry":{"type":"MultiPolygon","coordinates":[[[[2.77977132,43.26502637],[2.77526614,43.26440001],[2.77222457,43.25972501],[2.77228535,43.25773535],[2.76301195,43.25524527],[2.75244326,43.25481138],[2.74308078,43.26378044],[2.74097314,43.26468216],[2.73617996,43.26818599],[2.71478242,43.27701291],[2.71006365,43.27498985],[2.70933016,43.27371501],[2.70735924,43.27345782],[2.70295212,43.27676335],[2.70290434,43.28699751],[2.7071354,43.29427126],[2.69960238,43.30437527],[2.69939617,43.30825368],[2.70713085,43.30632552],[2.71664889,43.30157954],[2.72612382,43.30532189],[2.73914745,43.30531182],[2.74389723,43.3025273],[2.74896667,43.2904319],[2.75772112,43.2737174],[2.75925932,43.27299489],[2.76298893,43.27223852],[2.76994891,43.27236151],[2.78697315,43.27443119],[2.78376319,43.26797955],[2.77977132,43.26502637]]]]}},{"type":"Feature","properties":{"code":"34190","nom":"Oupia","departement":"34","region":"76"},"geometry":{"type":"MultiPolygon","coordinates":[[[[2.78697315,43.27443119],[2.76994891,43.27236151],[2.76298893,43.27223852],[2.75925932,43.27299489],[2.75772112,43.2737174],[2.74896667,43.2904319],[2.78246695,43.30161595],[2.79950273,43.30581211],[2.80577888,43.30684818],[2.80723381,43.30643248],[2.80931648,43.30428799],[2.80132875,43.29994308],[2.79114124,43.29258521],[2.78692801,43.28698801],[2.78697315,43.27443119]]]]}},{"type":"Feature","properties":{"code":"34191","nom":"Pailhès","departement":"34","region":"76"},"geometry":{"type":"MultiPolygon","coordinates":[[[[3.20317759,43.42607117],[3.19435018,43.42226383],[3.19334609,43.42244736],[3.18013114,43.42615512],[3.16603436,43.43457774],[3.16590896,43.43561614],[3.1708629,43.44256283],[3.17373294,43.45133993],[3.17484065,43.45499802],[3.17927084,43.4554946],[3.18854119,43.45188467],[3.18731229,43.44728409],[3.20294986,43.43079749],[3.20457034,43.42756917],[3.20317759,43.42607117]]]]}},{"type":"Feature","properties":{"code":"34192","nom":"Palavas-les-Flots","departement":"34","region":"76"},"geometry":{"type":"MultiPolygon","coordinates":[[[[3.95935549,43.54452732],[3.97044179,43.54755017],[3.97007277,43.5451843],[3.96930753,43.54022787],[3.94595749,43.53152508],[3.93387415,43.52577665],[3.93415726,43.52463149],[3.93141052,43.52636468],[3.92989042,43.52489308],[3.93288218,43.52256397],[3.93668211,43.52355698],[3.93289177,43.52239293],[3.92989827,43.52461408],[3.92748455,43.52484619],[3.90743926,43.51713365],[3.89888634,43.52380108],[3.89991394,43.54022433],[3.90728084,43.54554823],[3.93316904,43.53824652],[3.95935549,43.54452732]]]]}},{"type":"Feature","properties":{"code":"34193","nom":"Pardailhan","departement":"34","region":"76"},"geometry":{"type":"MultiPolygon","coordinates":[[[[2.77669116,43.43881391],[2.77867732,43.43890885],[2.79140933,43.44525516],[2.82185004,43.45685135],[2.82695663,43.46061757],[2.82950472,43.46642364],[2.82818901,43.47310261],[2.82885203,43.47820938],[2.85963163,43.48826895],[2.86338454,43.48873889],[2.86773037,43.48772762],[2.87767516,43.4795791],[2.8804944,43.46421295],[2.87941287,43.46398323],[2.87081701,43.45477145],[2.86755978,43.44859668],[2.86575894,43.44084925],[2.86712315,43.43554832],[2.85428273,43.42374992],[2.8662311,43.41566759],[2.86343242,43.41136289],[2.86656897,43.41099975],[2.86601693,43.40853045],[2.86174285,43.40680856],[2.85489329,43.4058055],[2.83962001,43.4079395],[2.81664173,43.41275481],[2.8018045,43.41848103],[2.79297391,43.42325966],[2.7836957,43.43376572],[2.77803502,43.43642537],[2.77669116,43.43881391]]]]}},{"type":"Feature","properties":{"code":"34212","nom":"Poujols","departement":"34","region":"76"},"geometry":{"type":"MultiPolygon","coordinates":[[[[3.29970142,43.78506863],[3.31084172,43.78708916],[3.31457943,43.78371108],[3.31621506,43.77581171],[3.32335445,43.77574847],[3.33030401,43.7722766],[3.33191076,43.76881981],[3.33176334,43.76630871],[3.33020012,43.76503295],[3.32965612,43.76199123],[3.32954748,43.76058957],[3.32503353,43.76023058],[3.31397452,43.76402087],[3.31639966,43.77101485],[3.31545541,43.77363262],[3.3057365,43.77989196],[3.29970142,43.78506863]]]]}},{"type":"Feature","properties":{"code":"34194","nom":"Paulhan","departement":"34","region":"76"},"geometry":{"type":"MultiPolygon","coordinates":[[[[3.47903585,43.56198415],[3.48003345,43.56039707],[3.47777995,43.55885763],[3.48298077,43.55482532],[3.48218219,43.55077279],[3.48025713,43.54793902],[3.47737537,43.53534272],[3.47820735,43.5317365],[3.47479422,43.53009237],[3.46772427,43.52869699],[3.46042961,43.52575727],[3.45539074,43.52122499],[3.45314409,43.51651173],[3.44834054,43.51629596],[3.44758221,43.51353693],[3.43956804,43.51844531],[3.43561507,43.52215283],[3.43511785,43.53372268],[3.43687589,43.53853281],[3.43990637,43.54099936],[3.45357794,43.55189839],[3.46252825,43.55604896],[3.47903585,43.56198415]]]]}},{"type":"Feature","properties":{"code":"34195","nom":"Pégairolles-de-Buèges","departement":"34","region":"76"},"geometry":{"type":"MultiPolygon","coordinates":[[[[3.60996505,43.81253402],[3.60392777,43.80382047],[3.59291015,43.79591406],[3.5740391,43.78743],[3.57189307,43.79132885],[3.55975875,43.79198127],[3.54994718,43.79030071],[3.53821305,43.79097391],[3.54604563,43.80022644],[3.54772312,43.80361697],[3.55535229,43.8082237],[3.5672668,43.81311908],[3.57386102,43.82218003],[3.57431091,43.82316487],[3.57254362,43.82405428],[3.58735328,43.82763641],[3.60996505,43.81253402]]]]}},{"type":"Feature","properties":{"code":"34196","nom":"Pégairolles-de-l'Escalette","departement":"34","region":"76"},"geometry":{"type":"MultiPolygon","coordinates":[[[[3.36019132,43.84764101],[3.36063599,43.84874465],[3.37000598,43.8518513],[3.37675222,43.8246742],[3.37339472,43.82425919],[3.36824275,43.82100015],[3.36604139,43.81087557],[3.36603372,43.80754238],[3.36817177,43.80457272],[3.36470092,43.80294568],[3.3521644,43.79291352],[3.33787248,43.79300825],[3.33420494,43.78912755],[3.33398571,43.78647267],[3.33173406,43.78182086],[3.32868869,43.77859952],[3.32335445,43.77574847],[3.31621506,43.77581171],[3.31457943,43.78371108],[3.31084172,43.78708916],[3.29970142,43.78506863],[3.29601707,43.78766046],[3.29503802,43.79002621],[3.29094254,43.80665634],[3.29072043,43.81331705],[3.29178941,43.81579791],[3.2977563,43.81729001],[3.30576123,43.82495572],[3.31228528,43.82693952],[3.32621408,43.82968216],[3.33389735,43.83219755],[3.34433541,43.84283356],[3.35823611,43.84776444],[3.36019132,43.84764101]]]]}},{"type":"Feature","properties":{"code":"34197","nom":"Péret","departement":"34","region":"76"},"geometry":{"type":"MultiPolygon","coordinates":[[[[3.42563117,43.57294161],[3.42684056,43.5728181],[3.42742163,43.56559436],[3.42536191,43.56365897],[3.41931091,43.56122528],[3.39922985,43.56246435],[3.38443891,43.55947387],[3.37907373,43.56276872],[3.37636309,43.56753424],[3.37780845,43.57262184],[3.3819289,43.58017351],[3.38010069,43.58575845],[3.37682176,43.59141592],[3.37700718,43.59250669],[3.38000223,43.59500482],[3.38440722,43.59632458],[3.38674763,43.5962191],[3.39048586,43.59503603],[3.41038211,43.58364629],[3.41788147,43.57477393],[3.42061513,43.57340384],[3.42563117,43.57294161]]]]}},{"type":"Feature","properties":{"code":"34198","nom":"Pérols","departement":"34","region":"76"},"geometry":{"type":"MultiPolygon","coordinates":[[[[3.96869702,43.56541517],[3.97192408,43.55144204],[3.97264514,43.54843565],[3.97044179,43.54755017],[3.95935549,43.54452732],[3.93316904,43.53824652],[3.95039918,43.55174869],[3.94941153,43.55456741],[3.94605618,43.55546591],[3.94085233,43.56036916],[3.93749262,43.56731951],[3.93830398,43.56948914],[3.94036937,43.57039358],[3.93332985,43.57676558],[3.93209969,43.57966814],[3.93103134,43.58316769],[3.93616065,43.58315419],[3.93861072,43.583861],[3.959247,43.57336072],[3.96458196,43.56825472],[3.96869702,43.56541517]]]]}},{"type":"Feature","properties":{"code":"34199","nom":"Pézenas","departement":"34","region":"76"},"geometry":{"type":"MultiPolygon","coordinates":[[[[3.40005822,43.43504871],[3.40118719,43.43583985],[3.40284917,43.44010532],[3.40289869,43.44294631],[3.3968206,43.44892639],[3.39364776,43.45210484],[3.38992084,43.4541228],[3.37568889,43.47149922],[3.37284677,43.47384824],[3.39343516,43.48277246],[3.39651929,43.48511664],[3.40544621,43.49730075],[3.41183144,43.50272626],[3.41498301,43.50131879],[3.4158823,43.50005305],[3.41674409,43.49498347],[3.42105216,43.49091814],[3.42988468,43.48487165],[3.43692366,43.48318717],[3.44339632,43.48262197],[3.44890928,43.47942604],[3.44557442,43.47509694],[3.44502088,43.47173614],[3.46308939,43.45335085],[3.45057247,43.45579857],[3.44660962,43.45551987],[3.4374025,43.44802977],[3.43373076,43.4441903],[3.42690987,43.4336984],[3.43000996,43.42314834],[3.42941741,43.42280702],[3.42556707,43.42223204],[3.42463231,43.42050386],[3.42116622,43.42079988],[3.40005822,43.43504871]]]]}},{"type":"Feature","properties":{"code":"34200","nom":"Pézènes-les-Mines","departement":"34","region":"76"},"geometry":{"type":"MultiPolygon","coordinates":[[[[3.21561173,43.57676384],[3.20999129,43.58576521],[3.19789784,43.59432214],[3.198515,43.59665591],[3.20644533,43.60891037],[3.20743998,43.61310412],[3.20553507,43.62063078],[3.20998448,43.62044322],[3.21517613,43.61903841],[3.21534894,43.61261546],[3.21654416,43.60807192],[3.21945967,43.60531547],[3.2243425,43.60703846],[3.2356479,43.61340473],[3.23982162,43.6170415],[3.23921343,43.61998782],[3.23577653,43.62150066],[3.236334,43.62814255],[3.23837965,43.62916654],[3.25970825,43.62016212],[3.26955048,43.61716798],[3.27476482,43.61801962],[3.27984122,43.61671278],[3.27752278,43.61440179],[3.27884984,43.60792541],[3.28581667,43.60102225],[3.29088511,43.59287309],[3.2782683,43.59014567],[3.27269401,43.57762616],[3.27280707,43.57511376],[3.26915545,43.57230304],[3.26430774,43.57114257],[3.23889767,43.58282716],[3.23306617,43.58055895],[3.2263169,43.57674566],[3.2260854,43.57515628],[3.21561173,43.57676384]]]]}},{"type":"Feature","properties":{"code":"34201","nom":"Pierrerue","departement":"34","region":"76"},"geometry":{"type":"MultiPolygon","coordinates":[[[[2.9302074,43.46651185],[2.929192,43.47256604],[2.93316361,43.47686726],[2.935295,43.47445469],[2.94492962,43.46822972],[2.95884797,43.45693506],[2.96151415,43.45358836],[2.96297283,43.4494252],[2.96162553,43.44397546],[2.96991347,43.43854861],[2.980798,43.4345566],[3.00279113,43.4313285],[3.00330956,43.43042433],[3.00197497,43.42598997],[2.99642917,43.42343222],[2.99175647,43.42100831],[2.97695694,43.41709361],[2.97077968,43.4176355],[2.94794543,43.4417035],[2.93565824,43.46117204],[2.9302074,43.46651185]]]]}},{"type":"Feature","properties":{"code":"34202","nom":"Pignan","departement":"34","region":"76"},"geometry":{"type":"MultiPolygon","coordinates":[[[[3.76601615,43.57299339],[3.7656293,43.56904155],[3.75995803,43.55727174],[3.7575067,43.55743104],[3.75069634,43.55757372],[3.74766596,43.56296001],[3.7366486,43.57299321],[3.72762571,43.57838078],[3.71886959,43.58069215],[3.70890326,43.58449088],[3.70288062,43.58847831],[3.69284882,43.60284411],[3.69598617,43.6057826],[3.69865693,43.60566559],[3.6993934,43.60482853],[3.69997934,43.60088993],[3.7049824,43.59924784],[3.71286112,43.59878972],[3.7160491,43.59966766],[3.71690932,43.59617616],[3.7296877,43.59571228],[3.75726373,43.59989661],[3.76252168,43.6019105],[3.77051974,43.60720704],[3.77145888,43.60604682],[3.77744259,43.6035108],[3.78004537,43.60105276],[3.78336109,43.59941105],[3.78936288,43.59377621],[3.79167608,43.59040761],[3.79141718,43.58491891],[3.78846838,43.58021282],[3.78535899,43.57784549],[3.77452547,43.57444379],[3.77148041,43.57467871],[3.76601615,43.57299339]]]]}},{"type":"Feature","properties":{"code":"34203","nom":"Pinet","departement":"34","region":"76"},"geometry":{"type":"MultiPolygon","coordinates":[[[[3.48936841,43.4163613],[3.49882086,43.42034058],[3.51841601,43.42692593],[3.52494489,43.41421997],[3.54094749,43.40564662],[3.53941667,43.40240828],[3.5257058,43.39605308],[3.51393775,43.39432107],[3.50890705,43.39770862],[3.49208684,43.40317168],[3.48878779,43.40844781],[3.48936841,43.4163613]]]]}},{"type":"Feature","properties":{"code":"34204","nom":"Plaissan","departement":"34","region":"76"},"geometry":{"type":"MultiPolygon","coordinates":[[[[3.52035154,43.54584047],[3.52066968,43.55132562],[3.51581587,43.55551016],[3.51092027,43.55674528],[3.50913233,43.5625832],[3.51489898,43.56252992],[3.51909973,43.5693805],[3.51803231,43.57067136],[3.51851745,43.57163449],[3.52142392,43.57362975],[3.52338461,43.57367431],[3.52568953,43.57103496],[3.53098629,43.56972522],[3.54290145,43.56378725],[3.54786357,43.56006521],[3.54932858,43.56033313],[3.54968762,43.55932269],[3.54561628,43.55299003],[3.5403396,43.55058078],[3.54047427,43.5499062],[3.52908499,43.54643618],[3.52035154,43.54584047]]]]}},{"type":"Feature","properties":{"code":"34205","nom":"Les Plans","departement":"34","region":"76"},"geometry":{"type":"MultiPolygon","coordinates":[[[[3.23766892,43.77034574],[3.23923182,43.77824319],[3.24407559,43.7896267],[3.24334027,43.79197794],[3.25121598,43.78599206],[3.25755618,43.77807274],[3.26702859,43.76955875],[3.28699267,43.76388201],[3.29542195,43.75588757],[3.30541192,43.75282568],[3.29801675,43.74255718],[3.29461641,43.73590481],[3.28959433,43.73917935],[3.28549896,43.74023759],[3.2839724,43.73999502],[3.27475068,43.73454218],[3.25716554,43.73178299],[3.25260746,43.73205192],[3.24857042,43.74658392],[3.24635171,43.74933803],[3.24623547,43.75319329],[3.23766892,43.77034574]]]]}},{"type":"Feature","properties":{"code":"34206","nom":"Poilhes","departement":"34","region":"76"},"geometry":{"type":"MultiPolygon","coordinates":[[[[3.08321298,43.29042599],[3.0820002,43.29403955],[3.07570785,43.2974346],[3.0719566,43.3025449],[3.07052334,43.30794956],[3.0745727,43.31488616],[3.08278681,43.31610901],[3.09124539,43.31433453],[3.09091742,43.31338216],[3.09358489,43.31205391],[3.10794254,43.30925005],[3.10892891,43.30906375],[3.11154727,43.30495453],[3.11075409,43.30114927],[3.08321298,43.29042599]]]]}},{"type":"Feature","properties":{"code":"34207","nom":"Pomérols","departement":"34","region":"76"},"geometry":{"type":"MultiPolygon","coordinates":[[[[3.5500036,43.40631084],[3.54526565,43.40192916],[3.54047105,43.39840316],[3.53875691,43.39796367],[3.53660135,43.39741929],[3.51682951,43.38125974],[3.51452733,43.37842964],[3.50207433,43.37053354],[3.4909343,43.3785626],[3.48800675,43.38254684],[3.48645446,43.38802275],[3.48878779,43.40844781],[3.49208684,43.40317168],[3.50890705,43.39770862],[3.51393775,43.39432107],[3.5257058,43.39605308],[3.53941667,43.40240828],[3.54094749,43.40564662],[3.52494489,43.41421997],[3.51841601,43.42692593],[3.52568698,43.43007304],[3.53189985,43.42564241],[3.5500036,43.40631084]]]]}},{"type":"Feature","properties":{"code":"34208","nom":"Popian","departement":"34","region":"76"},"geometry":{"type":"MultiPolygon","coordinates":[[[[3.53376105,43.60690031],[3.53180127,43.60894794],[3.52666139,43.60979808],[3.52104281,43.6118164],[3.5193261,43.61314911],[3.52189817,43.61545195],[3.52243684,43.61830171],[3.52052434,43.6285137],[3.53429083,43.63666572],[3.5409008,43.63854153],[3.55331614,43.6354323],[3.55199544,43.63066554],[3.54973308,43.62688253],[3.54646243,43.63073399],[3.54017191,43.61758696],[3.53376105,43.60690031]]]]}},{"type":"Feature","properties":{"code":"34209","nom":"Portiragnes","departement":"34","region":"76"},"geometry":{"type":"MultiPolygon","coordinates":[[[[3.34506899,43.26923084],[3.3404606,43.27703741],[3.32911279,43.29364883],[3.32481769,43.29570294],[3.31773977,43.29636357],[3.31816228,43.29994982],[3.32026181,43.30408167],[3.32401069,43.30814289],[3.32932023,43.31617721],[3.32930357,43.31735752],[3.3330045,43.32245855],[3.33481275,43.33445715],[3.339117,43.33541351],[3.34572752,43.33229526],[3.34916339,43.33027003],[3.36551964,43.31487166],[3.37277888,43.31130791],[3.37394585,43.30832267],[3.37708881,43.29333199],[3.36416154,43.27871609],[3.3649292,43.27725531],[3.34506899,43.26923084]]]]}},{"type":"Feature","properties":{"code":"34210","nom":"Le Pouget","departement":"34","region":"76"},"geometry":{"type":"MultiPolygon","coordinates":[[[[3.51909973,43.5693805],[3.51124504,43.57488114],[3.50884751,43.57540166],[3.50366171,43.5748041],[3.50135998,43.57836613],[3.49300571,43.58311016],[3.49089631,43.59118439],[3.49231567,43.59487335],[3.49896011,43.60299325],[3.5003495,43.61195593],[3.50950949,43.61289775],[3.51469289,43.61435528],[3.51767525,43.61410357],[3.5193261,43.61314911],[3.52104281,43.6118164],[3.52666139,43.60979808],[3.53180127,43.60894794],[3.53376105,43.60690031],[3.54820019,43.59519509],[3.54815701,43.59430362],[3.53894359,43.58650545],[3.53006553,43.57400631],[3.52338461,43.57367431],[3.52142392,43.57362975],[3.51851745,43.57163449],[3.51803231,43.57067136],[3.51909973,43.5693805]]]]}},{"type":"Feature","properties":{"code":"34211","nom":"Le Poujol-sur-Orb","departement":"34","region":"76"},"geometry":{"type":"MultiPolygon","coordinates":[[[[3.02938689,43.58437344],[3.03513128,43.58428176],[3.04879105,43.58704413],[3.06542167,43.59186078],[3.06746224,43.59331715],[3.06773124,43.59572204],[3.07679275,43.58503228],[3.07139386,43.5812759],[3.06834108,43.57763387],[3.06378163,43.57533238],[3.05014865,43.57396112],[3.03145429,43.57820596],[3.02938689,43.58437344]]]]}},{"type":"Feature","properties":{"code":"34213","nom":"Poussan","departement":"34","region":"76"},"geometry":{"type":"MultiPolygon","coordinates":[[[[3.64481426,43.46547497],[3.63229169,43.48145744],[3.62566386,43.48666657],[3.62785361,43.4873539],[3.63250504,43.49152947],[3.63730167,43.4983735],[3.63757094,43.50972385],[3.63188165,43.5219486],[3.63205482,43.5293732],[3.63256731,43.53166817],[3.6414657,43.53736896],[3.66689968,43.52037952],[3.68580958,43.50328621],[3.69851953,43.49541611],[3.69493502,43.49016761],[3.69439403,43.4874287],[3.69853095,43.48140546],[3.69862415,43.47941558],[3.67928813,43.46479929],[3.67407639,43.46298292],[3.66630957,43.45776405],[3.65871802,43.46341382],[3.65210191,43.46523254],[3.65070798,43.4637618],[3.64481426,43.46547497]]]]}},{"type":"Feature","properties":{"code":"34214","nom":"Pouzolles","departement":"34","region":"76"},"geometry":{"type":"MultiPolygon","coordinates":[[[[3.28734801,43.49590009],[3.28865948,43.49495822],[3.29306055,43.48821665],[3.29489271,43.47681884],[3.29381821,43.47543533],[3.28301615,43.46499081],[3.27768765,43.46092903],[3.27485669,43.46142837],[3.26937425,43.45990098],[3.26805426,43.4583802],[3.25591652,43.46873788],[3.25774677,43.47305203],[3.25445816,43.47722806],[3.25159469,43.47927704],[3.25056057,43.47984444],[3.25881321,43.49480682],[3.26038758,43.49587909],[3.27974173,43.49751695],[3.28734801,43.49590009]]]]}},{"type":"Feature","properties":{"code":"34215","nom":"Pouzols","departement":"34","region":"76"},"geometry":{"type":"MultiPolygon","coordinates":[[[[3.52052434,43.6285137],[3.52243684,43.61830171],[3.52189817,43.61545195],[3.5193261,43.61314911],[3.51767525,43.61410357],[3.51469289,43.61435528],[3.50950949,43.61289775],[3.5003495,43.61195593],[3.49920433,43.61384446],[3.4950246,43.61656385],[3.49453005,43.61766745],[3.49422922,43.61911928],[3.49541119,43.6213184],[3.50599642,43.6254249],[3.51134284,43.63212948],[3.51316976,43.6315387],[3.51522117,43.63194651],[3.52052434,43.6285137]]]]}},{"type":"Feature","properties":{"code":"34216","nom":"Le Pradal","departement":"34","region":"76"},"geometry":{"type":"MultiPolygon","coordinates":[[[[3.10421767,43.61954605],[3.09632166,43.62223377],[3.08755638,43.62881408],[3.08467685,43.63250457],[3.08151147,43.64104597],[3.09917189,43.64746031],[3.0986804,43.64627483],[3.10055391,43.644155],[3.10611383,43.62623407],[3.10574978,43.62092393],[3.10421767,43.61954605]]]]}},{"type":"Feature","properties":{"code":"34217","nom":"Prades-le-Lez","departement":"34","region":"76"},"geometry":{"type":"MultiPolygon","coordinates":[[[[3.87951068,43.68768174],[3.86424186,43.68308607],[3.86249522,43.68196429],[3.8572433,43.68763178],[3.85424447,43.69392927],[3.85413453,43.6962878],[3.85768369,43.70611715],[3.85657674,43.71131279],[3.8540454,43.71451918],[3.85186474,43.71429599],[3.84757599,43.71631732],[3.84615706,43.72356705],[3.85440066,43.72785455],[3.866322,43.73242632],[3.87334938,43.73254926],[3.8752634,43.72989269],[3.87519351,43.72410243],[3.87116196,43.71088838],[3.86750006,43.70377976],[3.87924328,43.69999511],[3.88195832,43.69749397],[3.8833297,43.6876562],[3.88326311,43.68735888],[3.87951068,43.68768174]]]]}},{"type":"Feature","properties":{"code":"34218","nom":"Prades-sur-Vernazobre","departement":"34","region":"76"},"geometry":{"type":"MultiPolygon","coordinates":[[[[3.00279113,43.4313285],[2.980798,43.4345566],[2.96991347,43.43854861],[2.96162553,43.44397546],[2.96297283,43.4494252],[2.96151415,43.45358836],[2.95884797,43.45693506],[2.94492962,43.46822972],[2.935295,43.47445469],[2.93316361,43.47686726],[2.93557804,43.47874007],[2.95090761,43.48494065],[2.96246663,43.48524846],[2.96766412,43.48664286],[2.97010324,43.48438533],[2.97481048,43.47691012],[2.98236453,43.47114554],[2.99376724,43.46492191],[3.01007289,43.45742823],[3.012965,43.43954164],[3.01093357,43.43724773],[3.00790251,43.43628716],[3.01053274,43.43271709],[3.00279113,43.4313285]]]]}},{"type":"Feature","properties":{"code":"34219","nom":"Prémian","departement":"34","region":"76"},"geometry":{"type":"MultiPolygon","coordinates":[[[[2.79374484,43.55187618],[2.7985947,43.56300248],[2.80194212,43.56643936],[2.80625087,43.56491307],[2.80827653,43.5630209],[2.81113609,43.56184815],[2.82124142,43.56367914],[2.82160236,43.55981084],[2.8258085,43.55996253],[2.82921939,43.55835291],[2.83998709,43.54802145],[2.84669512,43.52952644],[2.85152958,43.52113519],[2.84949262,43.51617316],[2.84229431,43.5109896],[2.82891332,43.51325189],[2.82084819,43.51641126],[2.81018827,43.52818123],[2.79374484,43.55187618]]]]}},{"type":"Feature","properties":{"code":"34220","nom":"Le Puech","departement":"34","region":"76"},"geometry":{"type":"MultiPolygon","coordinates":[[[[3.34176686,43.69422225],[3.35528585,43.68525087],[3.36001143,43.68309915],[3.36764758,43.68129286],[3.36996641,43.68172142],[3.36845163,43.67521815],[3.36189716,43.67305989],[3.34617627,43.6684761],[3.32718086,43.6680472],[3.32572279,43.66864365],[3.31302567,43.67068661],[3.2871453,43.67626577],[3.29089406,43.68720842],[3.29194974,43.68899984],[3.30102691,43.69634739],[3.3138169,43.69859862],[3.32941238,43.70023432],[3.33133733,43.69788262],[3.33632823,43.69665614],[3.34176686,43.69422225]]]]}},{"type":"Feature","properties":{"code":"34221","nom":"Puéchabon","departement":"34","region":"76"},"geometry":{"type":"MultiPolygon","coordinates":[[[[3.5538226,43.71956681],[3.55110308,43.72460813],[3.55187872,43.72861219],[3.55955652,43.74108746],[3.56430227,43.743678],[3.57923983,43.74900424],[3.59315387,43.74981394],[3.60846231,43.74419165],[3.62098308,43.75016458],[3.62223135,43.7528535],[3.63387846,43.74813575],[3.63688737,43.74623025],[3.63752732,43.74361685],[3.63370554,43.7403654],[3.63318446,43.73858937],[3.63426328,43.73435728],[3.63940419,43.7274018],[3.64163634,43.72616485],[3.65598438,43.72604695],[3.65696698,43.7186783],[3.65206728,43.7131079],[3.64365955,43.70844537],[3.63973556,43.70386033],[3.63727169,43.69690542],[3.63484057,43.69665687],[3.63005018,43.69479502],[3.62400876,43.69554791],[3.6220156,43.7005589],[3.61738666,43.70250554],[3.61414342,43.70253109],[3.61220728,43.70056232],[3.59875398,43.70166029],[3.58605941,43.70846838],[3.56718516,43.72420969],[3.56102202,43.72433521],[3.55778033,43.72299127],[3.5538226,43.71956681]]]]}},{"type":"Feature","properties":{"code":"34222","nom":"Puilacher","departement":"34","region":"76"},"geometry":{"type":"MultiPolygon","coordinates":[[[[3.50913233,43.5625832],[3.50546796,43.55688416],[3.50311351,43.55701747],[3.4880227,43.56318939],[3.49985704,43.5732003],[3.50366171,43.5748041],[3.50884751,43.57540166],[3.51124504,43.57488114],[3.51909973,43.5693805],[3.51489898,43.56252992],[3.50913233,43.5625832]]]]}},{"type":"Feature","properties":{"code":"34223","nom":"Puimisson","departement":"34","region":"76"},"geometry":{"type":"MultiPolygon","coordinates":[[[[3.21406841,43.42243628],[3.21092549,43.4223165],[3.20585747,43.42333386],[3.20317759,43.42607117],[3.20457034,43.42756917],[3.20294986,43.43079749],[3.18731229,43.44728409],[3.18854119,43.45188467],[3.18917694,43.45369101],[3.20308109,43.45189259],[3.20638326,43.45051975],[3.20718226,43.45087],[3.20787156,43.45127623],[3.2119742,43.44934839],[3.21810293,43.44286671],[3.2296825,43.43274766],[3.22896092,43.43103803],[3.2131056,43.42508496],[3.21406841,43.42243628]]]]}},{"type":"Feature","properties":{"code":"34224","nom":"Puissalicon","departement":"34","region":"76"},"geometry":{"type":"MultiPolygon","coordinates":[[[[3.20718226,43.45087],[3.20830254,43.45298118],[3.22046097,43.46244872],[3.23363785,43.46710667],[3.24052081,43.47099445],[3.25159469,43.47927704],[3.25445816,43.47722806],[3.25774677,43.47305203],[3.25591652,43.46873788],[3.26805426,43.4583802],[3.26158127,43.45049146],[3.26008437,43.45235379],[3.24920822,43.44519186],[3.24230948,43.43755224],[3.23948233,43.43223613],[3.22896092,43.43103803],[3.2296825,43.43274766],[3.21810293,43.44286671],[3.2119742,43.44934839],[3.20787156,43.45127623],[3.20718226,43.45087]]]]}},{"type":"Feature","properties":{"code":"34225","nom":"Puisserguier","departement":"34","region":"76"},"geometry":{"type":"MultiPolygon","coordinates":[[[[3.00414232,43.38933229],[3.01027598,43.39824362],[3.02772009,43.40592615],[3.03124878,43.40757783],[3.03797853,43.40344993],[3.05004251,43.4025193],[3.06572229,43.39387174],[3.06803115,43.3902691],[3.07100788,43.38232889],[3.08741331,43.36752536],[3.10843951,43.36455471],[3.10722592,43.35910608],[3.10190171,43.35536526],[3.09722159,43.35375028],[3.09496711,43.35469507],[3.09149117,43.35819933],[3.0780364,43.35902941],[3.06596654,43.35725172],[3.06405698,43.35629569],[3.06198116,43.35430337],[3.0465262,43.35691638],[3.03151801,43.35389912],[3.0261538,43.3506188],[3.0181582,43.3504738],[3.01247501,43.35488895],[3.01118461,43.35679806],[3.01301825,43.35841714],[3.01430411,43.358148],[3.02448294,43.36397024],[3.02468696,43.36817588],[3.01631195,43.37797249],[3.00414232,43.38933229]]]]}},{"type":"Feature","properties":{"code":"34226","nom":"Quarante","departement":"34","region":"76"},"geometry":{"type":"MultiPolygon","coordinates":[[[[3.0261538,43.3506188],[3.0247433,43.34144233],[2.99311448,43.32528741],[2.99019011,43.32018026],[2.99090489,43.31914401],[2.98014214,43.31746125],[2.96861821,43.3143136],[2.95756401,43.31235685],[2.95818337,43.316156],[2.96094023,43.31851753],[2.96050341,43.3248918],[2.95847317,43.33458859],[2.95359287,43.3483747],[2.95283289,43.35368562],[2.95760726,43.36244346],[2.95000028,43.37740171],[2.956105,43.38410204],[2.95794292,43.3907618],[2.95755836,43.39367016],[2.96484912,43.39193738],[2.97476625,43.39188077],[2.97755145,43.39270814],[2.98058644,43.38102349],[2.98048744,43.3783516],[2.98636226,43.37123562],[2.99770891,43.36723947],[3.00103447,43.36200825],[3.01301825,43.35841714],[3.01118461,43.35679806],[3.01247501,43.35488895],[3.0181582,43.3504738],[3.0261538,43.3506188]]]]}},{"type":"Feature","properties":{"code":"34227","nom":"Restinclières","departement":"34","region":"76"},"geometry":{"type":"MultiPolygon","coordinates":[[[[4.04993205,43.74211018],[4.0558787,43.73845837],[4.05441356,43.72663677],[4.04983786,43.71578929],[4.04657225,43.71463195],[4.04193927,43.71120724],[4.03195825,43.7067137],[4.02639947,43.70823311],[4.02619988,43.71087171],[4.02247488,43.71757239],[4.0306846,43.72734633],[4.04649763,43.74028758],[4.04993205,43.74211018]]]]}},{"type":"Feature","properties":{"code":"34228","nom":"Rieussec","departement":"34","region":"76"},"geometry":{"type":"MultiPolygon","coordinates":[[[[2.7200607,43.44520321],[2.73412345,43.4401456],[2.7615269,43.437442],[2.77669116,43.43881391],[2.77353974,43.43709261],[2.77353835,43.42897587],[2.7712736,43.42483539],[2.7602347,43.41719057],[2.7589455,43.41530204],[2.7591128,43.41336547],[2.75133904,43.40627848],[2.7506103,43.4010328],[2.74577799,43.39614912],[2.72510802,43.39180106],[2.72333669,43.39228055],[2.7219219,43.40808001],[2.7036604,43.41908019],[2.69979434,43.41893909],[2.69408567,43.41553863],[2.68993315,43.41432758],[2.68546287,43.41709642],[2.6842188,43.41912422],[2.68371964,43.42169398],[2.68466147,43.4259593],[2.6836177,43.42990937],[2.69427639,43.43051755],[2.71448637,43.43685774],[2.7200607,43.44520321]]]]}},{"type":"Feature","properties":{"code":"34229","nom":"Riols","departement":"34","region":"76"},"geometry":{"type":"MultiPolygon","coordinates":[[[[2.73624428,43.52721426],[2.7497754,43.5318214],[2.75227382,43.53573914],[2.7531285,43.54147057],[2.75120801,43.54539262],[2.75279326,43.54493287],[2.75928218,43.54727777],[2.76433424,43.55805962],[2.76575164,43.55816616],[2.78873201,43.55194482],[2.79374484,43.55187618],[2.81018827,43.52818123],[2.82084819,43.51641126],[2.82891332,43.51325189],[2.84229431,43.5109896],[2.86235114,43.4997247],[2.86183204,43.49458585],[2.85963163,43.48826895],[2.82885203,43.47820938],[2.82818901,43.47310261],[2.82950472,43.46642364],[2.82695663,43.46061757],[2.82185004,43.45685135],[2.79140933,43.44525516],[2.77867732,43.43890885],[2.77669116,43.43881391],[2.77767686,43.43997201],[2.77741901,43.45236982],[2.77540974,43.46376997],[2.77560869,43.47166241],[2.78721319,43.47874745],[2.79519801,43.48746286],[2.79617596,43.49184352],[2.79205553,43.49638548],[2.77410454,43.49858264],[2.76163096,43.5011345],[2.75665144,43.50458822],[2.75387829,43.51052275],[2.74534918,43.52184848],[2.7412498,43.5233647],[2.73624428,43.52721426]]]]}},{"type":"Feature","properties":{"code":"34230","nom":"Les Rives","departement":"34","region":"76"},"geometry":{"type":"MultiPolygon","coordinates":[[[[3.24805345,43.81404698],[3.24555552,43.81491024],[3.24914175,43.82965776],[3.24972488,43.83423784],[3.24762953,43.84070036],[3.24452999,43.84681595],[3.24034058,43.84883116],[3.23744884,43.85227427],[3.23439933,43.85766327],[3.23460693,43.86157837],[3.23689012,43.86868553],[3.24257726,43.87423099],[3.24493725,43.87597788],[3.24802448,43.87670255],[3.25498048,43.8770321],[3.25871994,43.88052853],[3.26118533,43.88448237],[3.26255958,43.8911026],[3.26499935,43.89527873],[3.26822714,43.89703473],[3.27435807,43.89839371],[3.27682165,43.89722657],[3.28408811,43.88312297],[3.28661841,43.87162153],[3.28636421,43.8702957],[3.28341715,43.86826866],[3.28226339,43.86360644],[3.28655501,43.84832001],[3.28262538,43.84601298],[3.2824955,43.84061744],[3.28367573,43.835421],[3.28749461,43.83018164],[3.28666451,43.82974288],[3.27149343,43.82570873],[3.26774798,43.8237832],[3.2596923,43.81746379],[3.24805345,43.81404698]]]]}},{"type":"Feature","properties":{"code":"34232","nom":"Roquebrun","departement":"34","region":"76"},"geometry":{"type":"MultiPolygon","coordinates":[[[[3.06516189,43.48408557],[3.06328153,43.48316091],[3.06219264,43.47827443],[3.06028941,43.47653011],[3.05233452,43.47528638],[3.03502457,43.47634059],[3.0179098,43.47935062],[3.00839656,43.48007512],[3.00190648,43.48237503],[2.99732976,43.48647491],[2.99217939,43.48767035],[2.98999606,43.49411828],[2.98623202,43.49824118],[2.97741115,43.50191228],[2.97128856,43.50343223],[2.9552471,43.50557709],[2.95104488,43.50511733],[2.93865016,43.50703369],[2.93683563,43.51035797],[2.9311831,43.51513738],[2.93078543,43.51788035],[2.932285,43.52320131],[2.937648,43.52726135],[2.95197115,43.52230579],[2.96268543,43.52126904],[2.96729131,43.52294309],[2.96756223,43.52487756],[2.96456466,43.52743902],[2.96735463,43.52899911],[2.97128826,43.52877889],[2.97721555,43.52764755],[2.9914937,43.5203799],[3.00515658,43.5163431],[3.01026751,43.51683488],[3.01604041,43.51892511],[3.02815078,43.52714965],[3.03462984,43.52863411],[3.03773564,43.53173351],[3.03998064,43.53604237],[3.04091017,43.54057394],[3.04194853,43.54150476],[3.04480034,43.54106456],[3.0567184,43.53354988],[3.05854483,43.52978898],[3.05942905,43.5262607],[3.05808182,43.52315291],[3.05133663,43.51716781],[3.0494561,43.51273941],[3.04945193,43.50932862],[3.05671739,43.49745709],[3.06152105,43.49491822],[3.0646878,43.48771971],[3.06516189,43.48408557]]]]}},{"type":"Feature","properties":{"code":"34233","nom":"Roqueredonde","departement":"34","region":"76"},"geometry":{"type":"MultiPolygon","coordinates":[[[[3.23766892,43.77034574],[3.22313808,43.77240387],[3.21013235,43.77577814],[3.19737043,43.77754866],[3.19093524,43.77622651],[3.18843028,43.77659802],[3.18466052,43.77951196],[3.18108031,43.79063684],[3.18127451,43.79664773],[3.17915031,43.80148182],[3.16790279,43.80630331],[3.16249208,43.80959701],[3.15385208,43.8123902],[3.15203706,43.81213718],[3.1488006,43.8100368],[3.15100244,43.81375212],[3.15144626,43.81428694],[3.16957019,43.81505937],[3.18543003,43.81345874],[3.20432429,43.81342857],[3.22270193,43.81764189],[3.23127909,43.81192681],[3.23586644,43.80664271],[3.24086902,43.80427407],[3.24404866,43.80369557],[3.24177606,43.79604529],[3.24334027,43.79197794],[3.24407559,43.7896267],[3.23923182,43.77824319],[3.23766892,43.77034574]]]]}},{"type":"Feature","properties":{"code":"34234","nom":"Roquessels","departement":"34","region":"76"},"geometry":{"type":"MultiPolygon","coordinates":[[[[3.2260854,43.57515628],[3.23007921,43.5668657],[3.23383116,43.55050488],[3.2390223,43.54885065],[3.24397426,43.53988369],[3.24657031,43.53584794],[3.24467381,43.53251065],[3.24035542,43.5292561],[3.23373263,43.52629518],[3.23280426,43.52605335],[3.22060969,43.53632668],[3.21894119,43.54082961],[3.21727395,43.54246507],[3.21618783,43.54209295],[3.2122464,43.54890271],[3.21117475,43.55316415],[3.21364698,43.56394631],[3.21173345,43.57115883],[3.21322299,43.57438512],[3.21561173,43.57676384],[3.2260854,43.57515628]]]]}},{"type":"Feature","properties":{"code":"34235","nom":"Rosis","departement":"34","region":"76"},"geometry":{"type":"MultiPolygon","coordinates":[[[[2.98419846,43.59446254],[2.97818567,43.59426805],[2.97435408,43.59995191],[2.96894091,43.5980637],[2.96653465,43.59505868],[2.96575404,43.59203884],[2.96659031,43.58663516],[2.96359463,43.58302348],[2.95131591,43.58790344],[2.95005036,43.59129675],[2.95063494,43.60248106],[2.94969437,43.60623356],[2.95041384,43.61046011],[2.94936794,43.61412349],[2.9481541,43.61573082],[2.94333931,43.61797875],[2.94054411,43.62389059],[2.93927464,43.6308137],[2.94115683,43.6532591],[2.96232414,43.64989516],[2.98221506,43.6508792],[2.98893701,43.65447928],[2.99125781,43.65682077],[2.99149493,43.66238245],[2.98775301,43.66836219],[2.99148173,43.67618368],[2.99975083,43.6715122],[3.01898824,43.66973882],[3.02046302,43.66875417],[3.02109455,43.66695714],[3.02051118,43.65785395],[3.02789404,43.65290432],[3.03138126,43.6483855],[3.03281727,43.64377814],[3.03248093,43.63623082],[3.03031771,43.62894319],[3.03958728,43.6310403],[3.04606137,43.63603156],[3.05724122,43.6387616],[3.0591021,43.6387606],[3.05906149,43.63782035],[3.04803374,43.61542934],[3.04335905,43.61592888],[3.02941567,43.61395675],[3.02640711,43.60750797],[3.0251798,43.60141414],[3.02130446,43.60142037],[3.00973338,43.59683503],[2.98419846,43.59446254]]]]}},{"type":"Feature","properties":{"code":"34236","nom":"Rouet","departement":"34","region":"76"},"geometry":{"type":"MultiPolygon","coordinates":[[[[3.79096265,43.85134507],[3.80498441,43.85664858],[3.82659381,43.85413362],[3.830053,43.85108799],[3.83509814,43.83958942],[3.8373396,43.83294858],[3.8478692,43.82168987],[3.85581435,43.81854009],[3.85531154,43.81525473],[3.84095216,43.80226062],[3.83825485,43.79592066],[3.83393487,43.79403695],[3.82485593,43.79353907],[3.81526392,43.79895681],[3.81350914,43.79814198],[3.80822848,43.804191],[3.79805416,43.81068697],[3.78388306,43.81419692],[3.78647158,43.82809494],[3.78568656,43.83202885],[3.78805817,43.84453453],[3.79096265,43.85134507]]]]}},{"type":"Feature","properties":{"code":"34237","nom":"Roujan","departement":"34","region":"76"},"geometry":{"type":"MultiPolygon","coordinates":[[[[3.28734801,43.49590009],[3.28346389,43.50997455],[3.28603874,43.51616683],[3.28929592,43.52024831],[3.28704834,43.52919212],[3.2777707,43.54027573],[3.28395292,43.54214917],[3.28657551,43.54124794],[3.2898916,43.53931281],[3.2904487,43.53697472],[3.29424392,43.53352303],[3.3017809,43.53247935],[3.31100492,43.53244971],[3.31335903,43.53304215],[3.31997709,43.52739055],[3.32955729,43.51716532],[3.33002729,43.51763085],[3.33747609,43.494246],[3.3359912,43.49159558],[3.33393279,43.4827264],[3.32134482,43.48275273],[3.32084129,43.48175016],[3.30641022,43.50011972],[3.28956495,43.49586001],[3.28865948,43.49495822],[3.28734801,43.49590009]]]]}},{"type":"Feature","properties":{"code":"34238","nom":"Saint-André-de-Buèges","departement":"34","region":"76"},"geometry":{"type":"MultiPolygon","coordinates":[[[[3.67201727,43.84158887],[3.66332603,43.84265629],[3.66318233,43.84163033],[3.66565931,43.83908373],[3.6636138,43.8347792],[3.65903592,43.83183988],[3.6509935,43.83104044],[3.64269827,43.83327466],[3.64116274,43.83625077],[3.63425201,43.84246022],[3.61701008,43.85468125],[3.61075662,43.85464624],[3.61213755,43.85701254],[3.62213118,43.8621955],[3.65763606,43.8775421],[3.66149649,43.87559197],[3.66964641,43.86803395],[3.67583696,43.85505001],[3.67450996,43.84167068],[3.67201727,43.84158887]]]]}},{"type":"Feature","properties":{"code":"34239","nom":"Saint-André-de-Sangonis","departement":"34","region":"76"},"geometry":{"type":"MultiPolygon","coordinates":[[[[3.48666981,43.66722111],[3.4896005,43.66972836],[3.49014598,43.67147336],[3.48980924,43.67616747],[3.48673478,43.67998215],[3.48779795,43.68049209],[3.49143209,43.67674504],[3.4936906,43.68058878],[3.50483719,43.67681414],[3.51147767,43.67294715],[3.51326706,43.67383405],[3.51760011,43.67317464],[3.53387346,43.66409594],[3.53161496,43.66381636],[3.53009013,43.66271882],[3.53118437,43.66095613],[3.53498731,43.65899927],[3.53691165,43.65670245],[3.53301248,43.64828495],[3.52375037,43.64306695],[3.51134284,43.63212948],[3.50599642,43.6254249],[3.49541119,43.6213184],[3.49422922,43.61911928],[3.49453005,43.61766745],[3.49074364,43.61690719],[3.48700275,43.61712107],[3.47987148,43.62126124],[3.47641185,43.63092138],[3.47600973,43.6351585],[3.4742616,43.63679838],[3.47733579,43.63789349],[3.48375715,43.63171856],[3.49186582,43.63627656],[3.49430646,43.64015715],[3.47790344,43.64921866],[3.47726012,43.65053611],[3.47891336,43.65188756],[3.48446511,43.66288032],[3.48721957,43.66510856],[3.48666981,43.66722111]]]]}},{"type":"Feature","properties":{"code":"34240","nom":"Saint-Aunès","departement":"34","region":"76"},"geometry":{"type":"MultiPolygon","coordinates":[[[[3.94927306,43.64363991],[3.94977312,43.64383172],[3.9555011,43.64417117],[3.95914576,43.6452288],[3.96823894,43.64824823],[3.97589321,43.65193403],[3.98264102,43.65358211],[3.9861225,43.65445496],[3.98774913,43.65218693],[4.00283973,43.64690788],[4.00701743,43.64325721],[3.97693414,43.62930946],[3.96951467,43.62043321],[3.95179726,43.61714522],[3.93934179,43.61378382],[3.93685305,43.62504519],[3.9330672,43.62898578],[3.93677042,43.63121074],[3.94573239,43.6379765],[3.94951206,43.64250851],[3.94927306,43.64363991]]]]}},{"type":"Feature","properties":{"code":"34241","nom":"Saint-Bauzille-de-la-Sylve","departement":"34","region":"76"},"geometry":{"type":"MultiPolygon","coordinates":[[[[3.54973308,43.62688253],[3.54998221,43.6231516],[3.55378044,43.62103308],[3.56467194,43.62021761],[3.57417854,43.61792821],[3.58896038,43.61311527],[3.58390698,43.6067225],[3.57949481,43.60437427],[3.56971006,43.60110039],[3.55113366,43.60002739],[3.54820019,43.59519509],[3.53376105,43.60690031],[3.54017191,43.61758696],[3.54646243,43.63073399],[3.54973308,43.62688253]]]]}},{"type":"Feature","properties":{"code":"34242","nom":"Saint-Bauzille-de-Montmel","departement":"34","region":"76"},"geometry":{"type":"MultiPolygon","coordinates":[[[[3.94577458,43.80326363],[3.95917332,43.80503647],[3.96123956,43.80576073],[3.9735975,43.80356138],[3.97445199,43.80149556],[3.97953102,43.79348458],[3.97564749,43.78526331],[3.9764792,43.78486619],[3.97522507,43.78321882],[3.97628657,43.77874741],[3.97720628,43.77732717],[3.9813102,43.77473536],[3.98553517,43.76700728],[3.98209762,43.76612579],[3.972699,43.76213522],[3.96927624,43.75975122],[3.96316559,43.75765549],[3.95080196,43.75841565],[3.93908733,43.75773343],[3.93060206,43.75138352],[3.9210767,43.74623598],[3.91039226,43.74723833],[3.90123681,43.75099781],[3.90177638,43.75159898],[3.90413821,43.75108535],[3.91591142,43.75344826],[3.92729149,43.76818989],[3.92800114,43.77312536],[3.92680365,43.77694225],[3.92480749,43.78069213],[3.91958048,43.78113773],[3.91999418,43.7829962],[3.92129484,43.78331369],[3.92852893,43.78957706],[3.9353127,43.79213788],[3.94279933,43.79366178],[3.94863141,43.79847719],[3.94577458,43.80326363]]]]}},{"type":"Feature","properties":{"code":"34243","nom":"Saint-Bauzille-de-Putois","departement":"34","region":"76"},"geometry":{"type":"MultiPolygon","coordinates":[[[[3.77479673,43.92827309],[3.77809519,43.92706525],[3.78179642,43.92272605],[3.78321112,43.91711526],[3.78947135,43.907947],[3.78411688,43.89694997],[3.77799323,43.88752511],[3.77211054,43.88638701],[3.76625472,43.87860932],[3.76207522,43.87775121],[3.73618688,43.87682011],[3.72522922,43.87943226],[3.724602,43.88089257],[3.72585727,43.88156461],[3.72703223,43.88169268],[3.73503793,43.89765586],[3.73620993,43.90631026],[3.73559168,43.91030314],[3.73657252,43.91260949],[3.73891156,43.9118251],[3.74559661,43.91190927],[3.75517614,43.91961665],[3.75816673,43.92560698],[3.75939439,43.92512956],[3.77312907,43.92706091],[3.77479673,43.92827309]]]]}},{"type":"Feature","properties":{"code":"34244","nom":"Saint-Brès","departement":"34","region":"76"},"geometry":{"type":"MultiPolygon","coordinates":[[[[4.03431233,43.65743582],[4.03042148,43.66183536],[4.0289604,43.6633043],[4.02667663,43.66383071],[4.02316068,43.67137245],[4.02185663,43.67478807],[4.03170519,43.67854573],[4.03561079,43.67970727],[4.04229665,43.67889921],[4.0526339,43.67127751],[4.04587162,43.6677063],[4.05132317,43.66085243],[4.05380121,43.65931485],[4.0471556,43.65140433],[4.03881432,43.65471758],[4.03507099,43.65757978],[4.03431233,43.65743582]]]]}},{"type":"Feature","properties":{"code":"34245","nom":"Saint-Chinian","departement":"34","region":"76"},"geometry":{"type":"MultiPolygon","coordinates":[[[[2.92193342,43.46138254],[2.92375495,43.46158087],[2.9302074,43.46651185],[2.93565824,43.46117204],[2.94794543,43.4417035],[2.97077968,43.4176355],[2.96901362,43.41755764],[2.95985923,43.41300693],[2.95771761,43.40360847],[2.94748864,43.40512708],[2.94234502,43.40459458],[2.9405856,43.39491536],[2.93404336,43.39060594],[2.92697159,43.39318154],[2.91042645,43.39676854],[2.90876458,43.39601057],[2.90801211,43.40135916],[2.90935193,43.40613646],[2.90240427,43.4086962],[2.89037196,43.40855424],[2.88436459,43.41671676],[2.90668232,43.42174393],[2.92137615,43.42721827],[2.92573334,43.4330961],[2.92881282,43.44157026],[2.92514873,43.44405986],[2.92366787,43.44809113],[2.92193342,43.46138254]]]]}},{"type":"Feature","properties":{"code":"34246","nom":"Entre-Vignes","departement":"34","region":"76"},"geometry":{"type":"MultiPolygon","coordinates":[[[[4.11095278,43.70221581],[4.0976825,43.69819287],[4.08720583,43.69808656],[4.07179142,43.70235294],[4.07016754,43.70280898],[4.06790625,43.70121315],[4.06525498,43.69931604],[4.06459937,43.69774312],[4.06322472,43.6982578],[4.05607889,43.70860432],[4.04983786,43.71578929],[4.05441356,43.72663677],[4.0558787,43.73845837],[4.06186018,43.74000388],[4.08642951,43.74086667],[4.09467171,43.72945399],[4.09304337,43.72450635],[4.10239691,43.72351752],[4.10419193,43.71744014],[4.1122657,43.70256327],[4.11095278,43.70221581]]]]}},{"type":"Feature","properties":{"code":"34247","nom":"Saint-Clément-de-Rivière","departement":"34","region":"76"},"geometry":{"type":"MultiPolygon","coordinates":[[[[3.83234346,43.65711204],[3.8306094,43.66249201],[3.82787981,43.66608433],[3.83789129,43.66874863],[3.83924793,43.67386017],[3.8371757,43.67738469],[3.82849887,43.68584414],[3.82659116,43.70127792],[3.83258797,43.71252209],[3.83499181,43.71266205],[3.84340643,43.7171011],[3.84541864,43.71733926],[3.84757599,43.71631732],[3.85186474,43.71429599],[3.8540454,43.71451918],[3.85657674,43.71131279],[3.85768369,43.70611715],[3.85413453,43.6962878],[3.85424447,43.69392927],[3.8572433,43.68763178],[3.86249522,43.68196429],[3.86286211,43.68154385],[3.85900208,43.6781441],[3.85285706,43.67679226],[3.84401197,43.67265619],[3.84103853,43.66890162],[3.84267417,43.66421601],[3.8454045,43.66141517],[3.85682654,43.65329461],[3.85604324,43.65187992],[3.8541531,43.65103363],[3.84124189,43.64762128],[3.83853742,43.6503804],[3.83234346,43.65711204]]]]}},{"type":"Feature","properties":{"code":"34248","nom":"Sainte-Croix-de-Quintillargues","departement":"34","region":"76"},"geometry":{"type":"MultiPolygon","coordinates":[[[[3.90183819,43.7799469],[3.90208475,43.77927801],[3.9108289,43.77881381],[3.9143444,43.77985529],[3.91397494,43.78191923],[3.91999418,43.7829962],[3.91958048,43.78113773],[3.92480749,43.78069213],[3.92680365,43.77694225],[3.92800114,43.77312536],[3.92729149,43.76818989],[3.91591142,43.75344826],[3.90413821,43.75108535],[3.90177638,43.75159898],[3.89986484,43.75398696],[3.89582869,43.76517111],[3.89500079,43.77170325],[3.89887749,43.77926132],[3.90183819,43.7799469]]]]}},{"type":"Feature","properties":{"code":"34249","nom":"Saint-Drézéry","departement":"34","region":"76"},"geometry":{"type":"MultiPolygon","coordinates":[[[[4.00310823,43.73415167],[4.00229535,43.73429594],[4.00134554,43.72639803],[3.99480639,43.72228689],[3.98135124,43.71565431],[3.97596156,43.71739548],[3.96960624,43.71671795],[3.96382125,43.71357468],[3.9566785,43.7135531],[3.94901077,43.71741239],[3.95433725,43.72329708],[3.95850362,43.73698678],[3.96420233,43.73856892],[3.96828337,43.73798286],[3.97336842,43.74009733],[3.98619213,43.74777167],[3.99354672,43.74880723],[3.99339654,43.74501813],[3.99574728,43.740003],[3.99739171,43.73792624],[4.00310823,43.73415167]]]]}},{"type":"Feature","properties":{"code":"34250","nom":"Saint-Étienne-d'Albagnan","departement":"34","region":"76"},"geometry":{"type":"MultiPolygon","coordinates":[[[[2.86235114,43.4997247],[2.84229431,43.5109896],[2.84949262,43.51617316],[2.85152958,43.52113519],[2.84669512,43.52952644],[2.83998709,43.54802145],[2.82921939,43.55835291],[2.8258085,43.55996253],[2.82160236,43.55981084],[2.82124142,43.56367914],[2.8202504,43.56444589],[2.83622801,43.56967708],[2.83610026,43.56891481],[2.84204518,43.56295561],[2.84871018,43.55368969],[2.8500379,43.5530986],[2.85903497,43.55371078],[2.86081905,43.55210436],[2.86651214,43.54354245],[2.86733156,43.54006601],[2.86494749,43.53933249],[2.89521021,43.53475663],[2.90987892,43.51169748],[2.90376428,43.51047223],[2.89174006,43.50981671],[2.88188335,43.50481485],[2.86615202,43.49903848],[2.86235114,43.4997247]]]]}},{"type":"Feature","properties":{"code":"34251","nom":"Saint-Étienne-de-Gourgas","departement":"34","region":"76"},"geometry":{"type":"MultiPolygon","coordinates":[[[[3.38898382,43.81619015],[3.38813898,43.81568021],[3.38995335,43.8132971],[3.39729878,43.8094901],[3.40283413,43.79969691],[3.40584783,43.78912731],[3.40293967,43.78769558],[3.39968303,43.78098903],[3.4080103,43.76576101],[3.41127519,43.76271526],[3.40277243,43.75953358],[3.39135444,43.7520055],[3.38581789,43.74944174],[3.38041665,43.74923217],[3.36296557,43.76170628],[3.36221002,43.76297761],[3.36627844,43.76543236],[3.36600598,43.77699848],[3.37026988,43.78510821],[3.3759928,43.79009468],[3.37546407,43.79565241],[3.37038834,43.8030201],[3.36817177,43.80457272],[3.36603372,43.80754238],[3.36604139,43.81087557],[3.36824275,43.82100015],[3.37339472,43.82425919],[3.37675222,43.8246742],[3.38323266,43.82201129],[3.38898382,43.81619015]]]]}},{"type":"Feature","properties":{"code":"34252","nom":"Saint-Étienne-Estréchoux","departement":"34","region":"76"},"geometry":{"type":"MultiPolygon","coordinates":[[[[3.09217515,43.66863336],[3.09628511,43.66687068],[3.10217992,43.66939376],[3.10784838,43.66664657],[3.11128473,43.66682847],[3.1136685,43.66876779],[3.12106971,43.65803954],[3.12423472,43.65618958],[3.10641132,43.65505854],[3.10150357,43.65426151],[3.09664482,43.65231068],[3.09291685,43.65743198],[3.09146296,43.65811616],[3.09179694,43.65539309],[3.09001773,43.65407637],[3.08582804,43.65756468],[3.08568279,43.65906026],[3.09163386,43.66346264],[3.09293393,43.66567235],[3.09217515,43.66863336]]]]}},{"type":"Feature","properties":{"code":"34253","nom":"Saint-Félix-de-l'Héras","departement":"34","region":"76"},"geometry":{"type":"MultiPolygon","coordinates":[[[[3.29178941,43.81579791],[3.28922927,43.8251322],[3.28634362,43.82821928],[3.28666451,43.82974288],[3.28749461,43.83018164],[3.28367573,43.835421],[3.2824955,43.84061744],[3.28262538,43.84601298],[3.28655501,43.84832001],[3.28707999,43.84712895],[3.2895019,43.84607685],[3.30147599,43.84910233],[3.31811989,43.85036895],[3.3273845,43.8497692],[3.33532742,43.85092487],[3.34332479,43.85446549],[3.35605432,43.85084031],[3.36019132,43.84764101],[3.35823611,43.84776444],[3.34433541,43.84283356],[3.33389735,43.83219755],[3.32621408,43.82968216],[3.31228528,43.82693952],[3.30576123,43.82495572],[3.2977563,43.81729001],[3.29178941,43.81579791]]]]}},{"type":"Feature","properties":{"code":"34254","nom":"Saint-Félix-de-Lodez","departement":"34","region":"76"},"geometry":{"type":"MultiPolygon","coordinates":[[[[3.48666981,43.66722111],[3.48721957,43.66510856],[3.48446511,43.66288032],[3.47891336,43.65188756],[3.47726012,43.65053611],[3.47378164,43.64903424],[3.46265711,43.6540491],[3.45083166,43.66332186],[3.45095889,43.6649995],[3.45802725,43.66941957],[3.46255972,43.66931941],[3.46621578,43.67043938],[3.46839222,43.66766307],[3.47655052,43.66967653],[3.48183852,43.66905846],[3.48666981,43.66722111]]]]}},{"type":"Feature","properties":{"code":"34255","nom":"Saint-Gély-du-Fesc","departement":"34","region":"76"},"geometry":{"type":"MultiPolygon","coordinates":[[[[3.78874805,43.67785546],[3.78836737,43.67866269],[3.78385598,43.68975456],[3.78039701,43.69200568],[3.78292784,43.69479688],[3.78495319,43.70892465],[3.78687789,43.70951457],[3.80586557,43.7089977],[3.81254449,43.70742186],[3.8148173,43.71249638],[3.82483766,43.71456893],[3.83258797,43.71252209],[3.82659116,43.70127792],[3.82849887,43.68584414],[3.8371757,43.67738469],[3.83924793,43.67386017],[3.83789129,43.66874863],[3.82787981,43.66608433],[3.82744701,43.66667253],[3.81830193,43.66507339],[3.81523399,43.66550856],[3.81217998,43.66710525],[3.7976321,43.67718508],[3.78874805,43.67785546]]]]}},{"type":"Feature","properties":{"code":"34256","nom":"Saint-Geniès-des-Mourgues","departement":"34","region":"76"},"geometry":{"type":"MultiPolygon","coordinates":[[[[4.01230653,43.69459303],[4.01098241,43.69883575],[4.01283641,43.71018426],[4.0199118,43.71250295],[4.02319097,43.71084604],[4.02619988,43.71087171],[4.02639947,43.70823311],[4.03195825,43.7067137],[4.04193927,43.71120724],[4.04657225,43.71463195],[4.04983786,43.71578929],[4.05607889,43.70860432],[4.06322472,43.6982578],[4.06459937,43.69774312],[4.06411389,43.69324205],[4.05753429,43.68624288],[4.05491036,43.68543775],[4.03561079,43.67970727],[4.03170519,43.67854573],[4.01752421,43.69326472],[4.01230653,43.69459303]]]]}},{"type":"Feature","properties":{"code":"34257","nom":"Saint-Geniès-de-Varensal","departement":"34","region":"76"},"geometry":{"type":"MultiPolygon","coordinates":[[[[2.99148173,43.67618368],[2.98997535,43.67668294],[2.98531518,43.68127955],[2.98510899,43.68271743],[2.98731148,43.68627198],[2.98680872,43.68876531],[2.97394504,43.70461066],[2.98542103,43.70871063],[3.01081424,43.7022737],[3.01403239,43.70044308],[3.01876624,43.69589286],[3.02540647,43.68272718],[3.02680231,43.67154849],[3.02109455,43.66695714],[3.02046302,43.66875417],[3.01898824,43.66973882],[2.99975083,43.6715122],[2.99148173,43.67618368]]]]}},{"type":"Feature","properties":{"code":"34258","nom":"Saint-Geniès-de-Fontedit","departement":"34","region":"76"},"geometry":{"type":"MultiPolygon","coordinates":[[[[3.18917694,43.45369101],[3.18854119,43.45188467],[3.17927084,43.4554946],[3.17484065,43.45499802],[3.17373294,43.45133993],[3.170414,43.45149904],[3.16461999,43.45371039],[3.16741795,43.45695483],[3.16668772,43.45897213],[3.16478235,43.46081128],[3.15379196,43.46572978],[3.15305703,43.46666289],[3.15082563,43.47256613],[3.15628321,43.4829399],[3.15808695,43.48286621],[3.16018657,43.48167104],[3.18266261,43.48598372],[3.18458823,43.48536597],[3.18543246,43.48124394],[3.18989485,43.47588756],[3.19378002,43.47361078],[3.1957009,43.47103153],[3.19427496,43.46104583],[3.19237096,43.45714463],[3.18917694,43.45369101]]]]}},{"type":"Feature","properties":{"code":"34259","nom":"Saint-Georges-d'Orques","departement":"34","region":"76"},"geometry":{"type":"MultiPolygon","coordinates":[[[[3.79422328,43.61452464],[3.80340417,43.60727842],[3.806305,43.6021289],[3.80384722,43.60107273],[3.80563375,43.59920859],[3.79430976,43.59903462],[3.79129468,43.6000968],[3.78863904,43.60227475],[3.78336109,43.59941105],[3.78004537,43.60105276],[3.77744259,43.6035108],[3.77145888,43.60604682],[3.77051974,43.60720704],[3.76437576,43.61282297],[3.75614548,43.61857997],[3.75266805,43.61653633],[3.74732195,43.62076097],[3.74537196,43.62673296],[3.74588621,43.62912835],[3.74607842,43.63114354],[3.74832193,43.63465633],[3.75242749,43.63483315],[3.75546109,43.6359252],[3.76140214,43.63586036],[3.76485208,43.63118044],[3.76989491,43.63003985],[3.78247865,43.62240948],[3.791407,43.61542251],[3.79422328,43.61452464]]]]}},{"type":"Feature","properties":{"code":"34260","nom":"Saint-Gervais-sur-Mare","departement":"34","region":"76"},"geometry":{"type":"MultiPolygon","coordinates":[[[[3.08568279,43.65906026],[3.08128029,43.66237941],[3.07602601,43.66217895],[3.06491841,43.65693491],[3.06313287,43.6549843],[3.06309524,43.65232812],[3.05906046,43.64163545],[3.05627049,43.63936136],[3.05724122,43.6387616],[3.04606137,43.63603156],[3.03958728,43.6310403],[3.03031771,43.62894319],[3.03248093,43.63623082],[3.03281727,43.64377814],[3.03138126,43.6483855],[3.02789404,43.65290432],[3.02051118,43.65785395],[3.02109455,43.66695714],[3.02680231,43.67154849],[3.02540647,43.68272718],[3.01876624,43.69589286],[3.02460154,43.69369974],[3.03426143,43.69260294],[3.04089115,43.69456586],[3.04583153,43.69724086],[3.05170414,43.69616024],[3.06084196,43.69285767],[3.06512054,43.68649798],[3.09217515,43.66863336],[3.09293393,43.66567235],[3.09163386,43.66346264],[3.08568279,43.65906026]]]]}},{"type":"Feature","properties":{"code":"34261","nom":"Saint-Guilhem-le-Désert","departement":"34","region":"76"},"geometry":{"type":"MultiPolygon","coordinates":[[[[3.5184871,43.72832998],[3.51655084,43.73433136],[3.50155336,43.742871],[3.49456935,43.74879438],[3.49970874,43.75322979],[3.5039959,43.76132063],[3.51031115,43.76540458],[3.53366922,43.78808239],[3.53545781,43.79018747],[3.53821305,43.79097391],[3.54994718,43.79030071],[3.55975875,43.79198127],[3.57189307,43.79132885],[3.5740391,43.78743],[3.57760285,43.78606852],[3.58260252,43.78277438],[3.58662798,43.77900562],[3.58940628,43.77490061],[3.58871935,43.77054075],[3.5854583,43.76471264],[3.58617194,43.75910342],[3.58792694,43.75481682],[3.58999786,43.75446816],[3.59315387,43.74981394],[3.57923983,43.74900424],[3.56430227,43.743678],[3.55955652,43.74108746],[3.55187872,43.72861219],[3.55110308,43.72460813],[3.5538226,43.71956681],[3.55301205,43.71336193],[3.54638131,43.7146777],[3.53736797,43.71477296],[3.52160482,43.72866693],[3.5184871,43.72832998]]]]}},{"type":"Feature","properties":{"code":"34262","nom":"Saint-Guiraud","departement":"34","region":"76"},"geometry":{"type":"MultiPolygon","coordinates":[[[[3.47200739,43.6791706],[3.47042333,43.6748448],[3.46602871,43.67243509],[3.46621578,43.67043938],[3.46255972,43.66931941],[3.45802725,43.66941957],[3.45095889,43.6649995],[3.44283146,43.66918555],[3.43740623,43.6707192],[3.42931801,43.67574453],[3.42928721,43.68040395],[3.43311826,43.68039146],[3.44229658,43.68549256],[3.44935316,43.6954473],[3.45636059,43.69145076],[3.45969448,43.6867234],[3.46668755,43.68179226],[3.47200739,43.6791706]]]]}},{"type":"Feature","properties":{"code":"34263","nom":"Saint-Hilaire-de-Beauvoir","departement":"34","region":"76"},"geometry":{"type":"MultiPolygon","coordinates":[[[[4.03747687,43.74833196],[4.02365596,43.74394329],[4.0203532,43.74117912],[4.00001872,43.75679426],[3.99825243,43.75810366],[3.99702688,43.76102166],[4.00560435,43.75939314],[4.01146634,43.76137002],[4.02319426,43.7598503],[4.03324801,43.76260281],[4.03747687,43.74833196]]]]}},{"type":"Feature","properties":{"code":"34264","nom":"Saint-Jean-de-Buèges","departement":"34","region":"76"},"geometry":{"type":"MultiPolygon","coordinates":[[[[3.64269827,43.83327466],[3.63844906,43.83327622],[3.63445017,43.83096513],[3.63116828,43.82747535],[3.62985953,43.82399571],[3.6242386,43.81931603],[3.61626634,43.81478168],[3.60996505,43.81253402],[3.58735328,43.82763641],[3.57254362,43.82405428],[3.56264068,43.82808437],[3.57844734,43.84366491],[3.59599912,43.84889175],[3.60053386,43.84944554],[3.59963242,43.85277487],[3.61075662,43.85464624],[3.61701008,43.85468125],[3.63425201,43.84246022],[3.64116274,43.83625077],[3.64269827,43.83327466]]]]}},{"type":"Feature","properties":{"code":"34266","nom":"Saint-Jean-de-Cuculles","departement":"34","region":"76"},"geometry":{"type":"MultiPolygon","coordinates":[[[[3.82374381,43.77635805],[3.84779835,43.76050512],[3.85051926,43.75727843],[3.85417969,43.74906153],[3.84971244,43.74700599],[3.84104932,43.74017998],[3.84792716,43.73634888],[3.84657225,43.73402508],[3.84040327,43.73016013],[3.83666308,43.72923504],[3.83081382,43.72970548],[3.82659022,43.74049676],[3.81597083,43.74774814],[3.82173629,43.76240295],[3.81934623,43.77837193],[3.82374381,43.77635805]]]]}},{"type":"Feature","properties":{"code":"34267","nom":"Saint-Jean-de-Fos","departement":"34","region":"76"},"geometry":{"type":"MultiPolygon","coordinates":[[[[3.54672149,43.66505882],[3.54730286,43.66661979],[3.54258973,43.67758802],[3.53301585,43.68677137],[3.53065228,43.6874272],[3.5229508,43.69533448],[3.52898739,43.70722016],[3.52718555,43.71132052],[3.52295876,43.71617941],[3.5184871,43.72832998],[3.52160482,43.72866693],[3.53736797,43.71477296],[3.54638131,43.7146777],[3.55301205,43.71336193],[3.55281167,43.71162353],[3.55762219,43.70165474],[3.56213267,43.69527502],[3.56557685,43.69328292],[3.56816099,43.69350072],[3.57055956,43.68853183],[3.57178432,43.68252708],[3.56752304,43.6791768],[3.56161856,43.67066263],[3.56089559,43.66607724],[3.55552635,43.66293201],[3.55050794,43.66489665],[3.54672149,43.66505882]]]]}},{"type":"Feature","properties":{"code":"34268","nom":"Saint-Jean-de-la-Blaquière","departement":"34","region":"76"},"geometry":{"type":"MultiPolygon","coordinates":[[[[3.44935316,43.6954473],[3.44229658,43.68549256],[3.43311826,43.68039146],[3.42941221,43.68765427],[3.42371907,43.6908053],[3.41918426,43.68947042],[3.41133741,43.70037665],[3.40764954,43.71145946],[3.41380061,43.73591939],[3.43438026,43.73385776],[3.44859629,43.72961309],[3.44884405,43.72227736],[3.45432084,43.71931392],[3.45580763,43.71749901],[3.45573519,43.71338431],[3.45364534,43.70499118],[3.44935316,43.6954473]]]]}},{"type":"Feature","properties":{"code":"34269","nom":"Saint-Jean-de-Minervois","departement":"34","region":"76"},"geometry":{"type":"MultiPolygon","coordinates":[[[[2.77781782,43.39739452],[2.777059,43.4002799],[2.76440243,43.40665225],[2.76117786,43.41177677],[2.7591128,43.41336547],[2.7589455,43.41530204],[2.7602347,43.41719057],[2.7712736,43.42483539],[2.77353835,43.42897587],[2.77353974,43.43709261],[2.77669116,43.43881391],[2.77803502,43.43642537],[2.7836957,43.43376572],[2.79297391,43.42325966],[2.8018045,43.41848103],[2.81664173,43.41275481],[2.83962001,43.4079395],[2.85489329,43.4058055],[2.86174285,43.40680856],[2.86601693,43.40853045],[2.86656897,43.41099975],[2.87143763,43.40695095],[2.87632809,43.39473868],[2.86926064,43.38589602],[2.86939876,43.38319011],[2.85568136,43.37348197],[2.83817322,43.3730299],[2.83863098,43.37206349],[2.82888465,43.37674454],[2.82388522,43.37742923],[2.81839543,43.37596187],[2.81638846,43.37647756],[2.81460428,43.37865161],[2.80844594,43.38577851],[2.79050281,43.38698767],[2.78742207,43.3888313],[2.77781782,43.39739452]]]]}},{"type":"Feature","properties":{"code":"34270","nom":"Saint-Jean-de-Védas","departement":"34","region":"76"},"geometry":{"type":"MultiPolygon","coordinates":[[[[3.84840604,43.58391557],[3.8486683,43.58356979],[3.85322783,43.57728583],[3.8577042,43.57188056],[3.86058588,43.56672172],[3.85085769,43.55883341],[3.84764347,43.55348502],[3.84738064,43.55436976],[3.84380723,43.55543594],[3.83553715,43.55462981],[3.83290783,43.55674202],[3.83221388,43.55717834],[3.8298528,43.55629302],[3.82414325,43.55156766],[3.82270165,43.55119709],[3.80732104,43.55782518],[3.80693438,43.5622703],[3.80562343,43.56610773],[3.80518714,43.56729239],[3.81036808,43.57034014],[3.81519584,43.57758695],[3.81717821,43.58886186],[3.81625614,43.59122448],[3.82008905,43.59253453],[3.83015895,43.593132],[3.83481714,43.59412119],[3.83620835,43.59528655],[3.84225887,43.58778578],[3.84817749,43.58419719],[3.84840604,43.58391557]]]]}},{"type":"Feature","properties":{"code":"34271","nom":"Saint-Julien","departement":"34","region":"76"},"geometry":{"type":"MultiPolygon","coordinates":[[[[2.94026108,43.56384044],[2.90509982,43.56633198],[2.89260665,43.57594673],[2.88803049,43.57827696],[2.87908353,43.57951533],[2.87711227,43.57820488],[2.87407582,43.57845513],[2.87202635,43.57954053],[2.87137298,43.58114672],[2.86735868,43.58670688],[2.86255805,43.59100445],[2.85697444,43.59425258],[2.84875927,43.59752739],[2.85079455,43.60040855],[2.85820884,43.60321405],[2.87926978,43.60100268],[2.90629118,43.60437557],[2.91021301,43.60091028],[2.90988031,43.5967441],[2.91459112,43.59416829],[2.92342805,43.59209463],[2.9344661,43.59257423],[2.93430699,43.59097796],[2.93979708,43.57918805],[2.94026108,43.56384044]]]]}},{"type":"Feature","properties":{"code":"34272","nom":"Saint-Just","departement":"34","region":"76"},"geometry":{"type":"MultiPolygon","coordinates":[[[[4.12245469,43.66622934],[4.13016241,43.65325587],[4.13342674,43.64271482],[4.11564517,43.64960106],[4.10912949,43.64507922],[4.10976172,43.64240282],[4.10146555,43.64149102],[4.10146864,43.64307118],[4.09623502,43.65282118],[4.08676347,43.65652748],[4.08922917,43.65772575],[4.09545026,43.65942434],[4.09940153,43.66134983],[4.10030204,43.66370563],[4.09930061,43.66597628],[4.10069925,43.6687689],[4.10299434,43.6700136],[4.10939205,43.67209929],[4.1145433,43.66769923],[4.1205481,43.66496125],[4.12108782,43.66536604],[4.12245469,43.66622934]]]]}},{"type":"Feature","properties":{"code":"34273","nom":"Saint-Martin-de-l'Arçon","departement":"34","region":"76"},"geometry":{"type":"MultiPolygon","coordinates":[[[[2.97435408,43.59995191],[2.97818567,43.59426805],[2.98419846,43.59446254],[2.98722191,43.59304582],[2.99832188,43.57479235],[2.99857192,43.57270764],[2.9907318,43.56813655],[2.98456582,43.56800538],[2.9788875,43.57100058],[2.97385228,43.58989697],[2.97435408,43.59995191]]]]}},{"type":"Feature","properties":{"code":"34274","nom":"Saint-Martin-de-Londres","departement":"34","region":"76"},"geometry":{"type":"MultiPolygon","coordinates":[[[[3.72446031,43.82676059],[3.72703326,43.82342271],[3.72333555,43.81970357],[3.72317854,43.81524996],[3.72602856,43.8105721],[3.73797361,43.80470808],[3.74947467,43.80572843],[3.75848003,43.80564816],[3.75936235,43.80368827],[3.75746305,43.79951054],[3.73762541,43.78445686],[3.74315808,43.77873274],[3.75229825,43.77317067],[3.75635881,43.76712309],[3.75310115,43.76566981],[3.7459525,43.76548231],[3.72702924,43.76505049],[3.7059931,43.76302368],[3.70530792,43.76163148],[3.70623169,43.75941625],[3.69617597,43.75961685],[3.68307737,43.76327955],[3.68747979,43.76705662],[3.67971398,43.77208628],[3.66640618,43.78872311],[3.66803473,43.78925398],[3.66844286,43.79037547],[3.6669281,43.80120439],[3.66721971,43.80820126],[3.68209342,43.82563528],[3.68685958,43.827839],[3.69348999,43.82526283],[3.71045029,43.82710113],[3.72446031,43.82676059]]]]}},{"type":"Feature","properties":{"code":"34276","nom":"Saint-Mathieu-de-Tréviers","departement":"34","region":"76"},"geometry":{"type":"MultiPolygon","coordinates":[[[[3.8920158,43.79196984],[3.89302475,43.78935537],[3.8982759,43.78611565],[3.90183819,43.7799469],[3.89887749,43.77926132],[3.89500079,43.77170325],[3.89582869,43.76517111],[3.89986484,43.75398696],[3.90177638,43.75159898],[3.90123681,43.75099781],[3.90029944,43.749572],[3.90100979,43.74911527],[3.89734892,43.74594991],[3.888986,43.74938325],[3.88736561,43.74783872],[3.89094639,43.74221836],[3.88240891,43.73858476],[3.87540331,43.73742013],[3.87664157,43.73844775],[3.87880378,43.74403313],[3.8783866,43.74993089],[3.86620628,43.74741781],[3.85630926,43.74685983],[3.85417969,43.74906153],[3.85051926,43.75727843],[3.84779835,43.76050512],[3.82374381,43.77635805],[3.83361167,43.77612373],[3.83541611,43.78436399],[3.83732042,43.78564257],[3.84330181,43.78709303],[3.85385134,43.78513725],[3.86585576,43.78858466],[3.87246913,43.79328266],[3.87580585,43.7947273],[3.88008767,43.79524717],[3.89182479,43.79262746],[3.8920158,43.79196984]]]]}},{"type":"Feature","properties":{"code":"34277","nom":"Saint-Maurice-Navacelles","departement":"34","region":"76"},"geometry":{"type":"MultiPolygon","coordinates":[[[[3.49161492,43.89130688],[3.49534339,43.8898879],[3.49905579,43.89134962],[3.50210834,43.89431537],[3.50653772,43.89658079],[3.51267262,43.89622008],[3.51733159,43.89216901],[3.51587617,43.88879118],[3.5235147,43.88572198],[3.52225447,43.86602193],[3.52987607,43.85438501],[3.55167149,43.85136121],[3.55423747,43.85179638],[3.55529776,43.85443409],[3.5696596,43.84984509],[3.57844734,43.84366491],[3.56264068,43.82808437],[3.57254362,43.82405428],[3.57431091,43.82316487],[3.57386102,43.82218003],[3.5672668,43.81311908],[3.55535229,43.8082237],[3.54772312,43.80361697],[3.54604563,43.80022644],[3.53821305,43.79097391],[3.53545781,43.79018747],[3.53366922,43.78808239],[3.52831445,43.79269165],[3.52462684,43.79751582],[3.52061459,43.80564588],[3.51014796,43.81437406],[3.50324181,43.81535016],[3.495513,43.81765333],[3.45978606,43.83258727],[3.44288615,43.83878653],[3.44025211,43.83901137],[3.4356272,43.84131303],[3.43013074,43.85160385],[3.42973141,43.85720656],[3.4355289,43.86316721],[3.44607754,43.86951324],[3.4565452,43.86901459],[3.46231537,43.87171891],[3.47968588,43.88821102],[3.49161492,43.89130688]]]]}},{"type":"Feature","properties":{"code":"34278","nom":"Saint-Michel","departement":"34","region":"76"},"geometry":{"type":"MultiPolygon","coordinates":[[[[3.39514484,43.86157954],[3.42209117,43.87266031],[3.43177657,43.86303814],[3.4355289,43.86316721],[3.42973141,43.85720656],[3.43013074,43.85160385],[3.4356272,43.84131303],[3.44025211,43.83901137],[3.43748144,43.83389569],[3.43208019,43.82967052],[3.43198694,43.82571938],[3.43410484,43.82193135],[3.41868018,43.81429387],[3.40503594,43.81569076],[3.38898382,43.81619015],[3.38323266,43.82201129],[3.37675222,43.8246742],[3.37000598,43.8518513],[3.37876865,43.85605267],[3.39514484,43.86157954]]]]}},{"type":"Feature","properties":{"code":"34279","nom":"Saint-Nazaire-de-Ladarez","departement":"34","region":"76"},"geometry":{"type":"MultiPolygon","coordinates":[[[[3.0571206,43.55000839],[3.06326971,43.55439568],[3.0871265,43.55702078],[3.08469407,43.55272377],[3.0835968,43.54169032],[3.09149089,43.53195343],[3.10172381,43.52345547],[3.11327969,43.50967752],[3.12338568,43.50527413],[3.12302365,43.5041823],[3.12299349,43.50164427],[3.11569427,43.48898635],[3.11562474,43.48697831],[3.09712189,43.49135547],[3.08103701,43.49380686],[3.07834763,43.4936172],[3.07676702,43.49268085],[3.07018343,43.48615263],[3.06516189,43.48408557],[3.0646878,43.48771971],[3.06152105,43.49491822],[3.05671739,43.49745709],[3.04945193,43.50932862],[3.0494561,43.51273941],[3.05133663,43.51716781],[3.05808182,43.52315291],[3.05942905,43.5262607],[3.05854483,43.52978898],[3.0567184,43.53354988],[3.04480034,43.54106456],[3.04608415,43.54413569],[3.0571206,43.55000839]]]]}},{"type":"Feature","properties":{"code":"34280","nom":"Saint-Nazaire-de-Pézan","departement":"34","region":"76"},"geometry":{"type":"MultiPolygon","coordinates":[[[[4.10146555,43.64149102],[4.10976172,43.64240282],[4.10912949,43.64507922],[4.11564517,43.64960106],[4.13342674,43.64271482],[4.13383085,43.64115561],[4.13404315,43.63748009],[4.12640227,43.62645326],[4.11093141,43.61585819],[4.10750584,43.62883233],[4.10146555,43.64149102]]]]}},{"type":"Feature","properties":{"code":"34281","nom":"Saint-Pargoire","departement":"34","region":"76"},"geometry":{"type":"MultiPolygon","coordinates":[[[[3.5038651,43.54707622],[3.52035154,43.54584047],[3.52908499,43.54643618],[3.54047427,43.5499062],[3.54808316,43.55014607],[3.57691641,43.54558968],[3.5968827,43.53778704],[3.60602291,43.5301965],[3.59151681,43.52991304],[3.58016059,43.52853295],[3.56937455,43.52411476],[3.56509959,43.5214334],[3.55611698,43.51365032],[3.55196383,43.50716019],[3.55104324,43.50332574],[3.53801566,43.51075539],[3.52386077,43.51654604],[3.51330443,43.52243126],[3.48700937,43.52803633],[3.48001529,43.52373888],[3.48011323,43.52673006],[3.47820735,43.5317365],[3.47737537,43.53534272],[3.48353706,43.53567444],[3.48767279,43.53350016],[3.48783259,43.53134637],[3.49052708,43.53103911],[3.49492696,43.53117479],[3.50361629,43.53365408],[3.50833187,43.53799495],[3.50991804,43.54071104],[3.5038651,43.54707622]]]]}},{"type":"Feature","properties":{"code":"34282","nom":"Saint-Paul-et-Valmalle","departement":"34","region":"76"},"geometry":{"type":"MultiPolygon","coordinates":[[[[3.66996398,43.5964515],[3.66810346,43.59860357],[3.66127555,43.60099021],[3.65676727,43.60400758],[3.65124518,43.61495269],[3.64945212,43.62547496],[3.6531977,43.62502151],[3.66314765,43.62734666],[3.67156713,43.63378534],[3.67869121,43.63404254],[3.68405924,43.63217056],[3.69808731,43.62093088],[3.70875156,43.61350591],[3.71042445,43.61348689],[3.71576928,43.60542464],[3.7160491,43.59966766],[3.71286112,43.59878972],[3.7049824,43.59924784],[3.69997934,43.60088993],[3.6993934,43.60482853],[3.69865693,43.60566559],[3.69598617,43.6057826],[3.69615322,43.6063853],[3.68705672,43.60751666],[3.66996398,43.5964515]]]]}},{"type":"Feature","properties":{"code":"34283","nom":"Saint-Pierre-de-la-Fage","departement":"34","region":"76"},"geometry":{"type":"MultiPolygon","coordinates":[[[[3.43410484,43.82193135],[3.44719442,43.80974233],[3.45141408,43.80229177],[3.45045407,43.80013958],[3.44442759,43.79542637],[3.44237925,43.77747381],[3.4379492,43.77114664],[3.43546489,43.77008034],[3.42707422,43.7682688],[3.42303669,43.76953448],[3.4080103,43.76576101],[3.39968303,43.78098903],[3.40293967,43.78769558],[3.40584783,43.78912731],[3.40283413,43.79969691],[3.39729878,43.8094901],[3.38995335,43.8132971],[3.38813898,43.81568021],[3.38898382,43.81619015],[3.40503594,43.81569076],[3.41868018,43.81429387],[3.43410484,43.82193135]]]]}},{"type":"Feature","properties":{"code":"34284","nom":"Saint-Pons-de-Thomières","departement":"34","region":"76"},"geometry":{"type":"MultiPolygon","coordinates":[[[[2.7200607,43.44520321],[2.71494284,43.44689204],[2.70653637,43.4526779],[2.70647806,43.45636102],[2.70881929,43.45789589],[2.71835253,43.46295659],[2.7261163,43.47160266],[2.73314814,43.477398],[2.72517987,43.49229236],[2.72502813,43.50050537],[2.7217934,43.50616888],[2.71671982,43.5125788],[2.70351217,43.51997878],[2.71131383,43.52315963],[2.73624428,43.52721426],[2.7412498,43.5233647],[2.74534918,43.52184848],[2.75387829,43.51052275],[2.75665144,43.50458822],[2.76163096,43.5011345],[2.77410454,43.49858264],[2.79205553,43.49638548],[2.79617596,43.49184352],[2.79519801,43.48746286],[2.78721319,43.47874745],[2.77560869,43.47166241],[2.77540974,43.46376997],[2.77741901,43.45236982],[2.77767686,43.43997201],[2.77669116,43.43881391],[2.7615269,43.437442],[2.73412345,43.4401456],[2.7200607,43.44520321]]]]}},{"type":"Feature","properties":{"code":"34285","nom":"Saint-Pons-de-Mauchiens","departement":"34","region":"76"},"geometry":{"type":"MultiPolygon","coordinates":[[[[3.54844311,43.49431201],[3.54649566,43.49459805],[3.5330652,43.49028867],[3.52743998,43.49082361],[3.50094671,43.50335541],[3.48586897,43.50957989],[3.47381074,43.51310346],[3.47111791,43.51487865],[3.47733408,43.51831723],[3.47931597,43.52069008],[3.48001529,43.52373888],[3.48700937,43.52803633],[3.51330443,43.52243126],[3.52386077,43.51654604],[3.53801566,43.51075539],[3.55104324,43.50332574],[3.55167958,43.50098502],[3.54844311,43.49431201]]]]}},{"type":"Feature","properties":{"code":"34286","nom":"Saint-Privat","departement":"34","region":"76"},"geometry":{"type":"MultiPolygon","coordinates":[[[[3.44859629,43.72961309],[3.43438026,43.73385776],[3.41380061,43.73591939],[3.40650681,43.73764939],[3.38693452,43.73723657],[3.38123107,43.73787759],[3.37981436,43.73759638],[3.37897064,43.73313064],[3.36889855,43.73251823],[3.37206969,43.73640651],[3.36833087,43.74227009],[3.38041665,43.74923217],[3.38581789,43.74944174],[3.39135444,43.7520055],[3.40277243,43.75953358],[3.41127519,43.76271526],[3.4080103,43.76576101],[3.42303669,43.76953448],[3.42707422,43.7682688],[3.43546489,43.77008034],[3.4379492,43.77114664],[3.44237925,43.77747381],[3.45738822,43.76876308],[3.47145387,43.76350273],[3.48726189,43.75539278],[3.4875252,43.75059618],[3.48868336,43.74870037],[3.48247118,43.74510339],[3.47321378,43.74328938],[3.46179147,43.73828837],[3.45711863,43.73859154],[3.4492601,43.73260778],[3.44859629,43.72961309]]]]}},{"type":"Feature","properties":{"code":"34287","nom":"Saint-Saturnin-de-Lucian","departement":"34","region":"76"},"geometry":{"type":"MultiPolygon","coordinates":[[[[3.46179147,43.73828837],[3.4599514,43.7354148],[3.45850459,43.7303322],[3.4586027,43.72569393],[3.46268462,43.72395164],[3.4748151,43.71158315],[3.48240121,43.69762111],[3.48892917,43.68447056],[3.48779795,43.68049209],[3.48673478,43.67998215],[3.4818562,43.67838597],[3.48043865,43.68129149],[3.47723188,43.68213074],[3.47200739,43.6791706],[3.46668755,43.68179226],[3.45969448,43.6867234],[3.45636059,43.69145076],[3.44935316,43.6954473],[3.45364534,43.70499118],[3.45573519,43.71338431],[3.45580763,43.71749901],[3.45432084,43.71931392],[3.44884405,43.72227736],[3.44859629,43.72961309],[3.4492601,43.73260778],[3.45711863,43.73859154],[3.46179147,43.73828837]]]]}},{"type":"Feature","properties":{"code":"34288","nom":"Saint-Sériès","departement":"34","region":"76"},"geometry":{"type":"MultiPolygon","coordinates":[[[[4.12238964,43.73710292],[4.12683554,43.73602928],[4.12734584,43.73055509],[4.1120637,43.72960082],[4.10295253,43.72530545],[4.10239691,43.72351752],[4.09304337,43.72450635],[4.09467171,43.72945399],[4.08642951,43.74086667],[4.0913271,43.74546677],[4.09791374,43.7478601],[4.09945926,43.7494734],[4.10497302,43.74840517],[4.11160493,43.74010504],[4.11587902,43.73700874],[4.12238964,43.73710292]]]]}},{"type":"Feature","properties":{"code":"34289","nom":"Saint-Thibéry","departement":"34","region":"76"},"geometry":{"type":"MultiPolygon","coordinates":[[[[3.43708017,43.38366407],[3.43487616,43.38532288],[3.43299387,43.38549056],[3.41419414,43.38173166],[3.39832801,43.37611183],[3.37795925,43.37617497],[3.37352051,43.37501996],[3.37156727,43.3744878],[3.36813189,43.3654961],[3.3647605,43.36546793],[3.35514916,43.36834],[3.34938643,43.37154163],[3.35064838,43.37545362],[3.37712242,43.38379866],[3.38020902,43.38555205],[3.38456236,43.3931728],[3.38487069,43.40220413],[3.38315536,43.40735531],[3.37924988,43.4069849],[3.37579031,43.40762222],[3.37949123,43.41121422],[3.38965375,43.4154227],[3.41068137,43.41113913],[3.41447821,43.41194965],[3.42116622,43.42079988],[3.42463231,43.42050386],[3.42307334,43.41024666],[3.42331946,43.40612619],[3.42514068,43.40243948],[3.4310649,43.40364948],[3.43534178,43.40057626],[3.43781879,43.3969389],[3.44069969,43.38421706],[3.43708017,43.38366407]]]]}},{"type":"Feature","properties":{"code":"34290","nom":"Saint-Vincent-de-Barbeyrargues","departement":"34","region":"76"},"geometry":{"type":"MultiPolygon","coordinates":[[[[3.87519351,43.72410243],[3.87839266,43.72330815],[3.88054715,43.72188062],[3.88384972,43.70906822],[3.87968974,43.70411026],[3.87924328,43.69999511],[3.86750006,43.70377976],[3.87116196,43.71088838],[3.87519351,43.72410243]]]]}},{"type":"Feature","properties":{"code":"34291","nom":"Saint-Vincent-d'Olargues","departement":"34","region":"76"},"geometry":{"type":"MultiPolygon","coordinates":[[[[2.90509982,43.56633198],[2.89803492,43.55838716],[2.885263,43.55048733],[2.88610833,43.54714391],[2.88927971,43.54724166],[2.89557491,43.54435167],[2.8971965,43.53881179],[2.89521021,43.53475663],[2.86494749,43.53933249],[2.86733156,43.54006601],[2.86651214,43.54354245],[2.86081905,43.55210436],[2.85903497,43.55371078],[2.8500379,43.5530986],[2.84871018,43.55368969],[2.84204518,43.56295561],[2.83610026,43.56891481],[2.83622801,43.56967708],[2.84175832,43.57275972],[2.86420599,43.57832627],[2.87137298,43.58114672],[2.87202635,43.57954053],[2.87407582,43.57845513],[2.87711227,43.57820488],[2.87908353,43.57951533],[2.88803049,43.57827696],[2.89260665,43.57594673],[2.90509982,43.56633198]]]]}},{"type":"Feature","properties":{"code":"34292","nom":"Salasc","departement":"34","region":"76"},"geometry":{"type":"MultiPolygon","coordinates":[[[[3.33361532,43.63542957],[3.33295198,43.63384347],[3.33485113,43.61241463],[3.33247435,43.6117147],[3.31551923,43.61090776],[3.31100866,43.60943793],[3.31022187,43.60889491],[3.29400531,43.61207302],[3.28378533,43.61187344],[3.28152949,43.61297524],[3.28075394,43.61468232],[3.28240285,43.61681053],[3.28865779,43.62359015],[3.29306769,43.62658543],[3.29743268,43.62799524],[3.30520727,43.62901115],[3.31694814,43.63486848],[3.32363318,43.63665197],[3.3298572,43.63683122],[3.33361532,43.63542957]]]]}},{"type":"Feature","properties":{"code":"34293","nom":"La Salvetat-sur-Agout","departement":"34","region":"76"},"geometry":{"type":"MultiPolygon","coordinates":[[[[2.64562983,43.66049268],[2.65448386,43.6492421],[2.66466025,43.64876377],[2.670798,43.64937909],[2.68461649,43.65380028],[2.68637482,43.65089091],[2.71871827,43.64529085],[2.72870675,43.63633538],[2.73943963,43.62997853],[2.74325761,43.62413451],[2.75453153,43.61401104],[2.75451594,43.61186773],[2.72827887,43.58910682],[2.72708316,43.58362518],[2.72739269,43.5804795],[2.73000827,43.57698148],[2.73763326,43.57344255],[2.74376058,43.57170896],[2.76200571,43.57212117],[2.76564839,43.57073358],[2.76862614,43.56725884],[2.7650794,43.56250776],[2.76575164,43.55816616],[2.76433424,43.55805962],[2.75928218,43.54727777],[2.75279326,43.54493287],[2.75120801,43.54539262],[2.74743725,43.54553236],[2.7452978,43.54654856],[2.73874057,43.55446777],[2.72722519,43.56181194],[2.70220732,43.56587515],[2.68456031,43.56535836],[2.67327093,43.56378461],[2.66454755,43.55768021],[2.65536787,43.56092654],[2.65072876,43.56448372],[2.64485921,43.56581701],[2.63761861,43.56671894],[2.61661531,43.56557431],[2.61573561,43.5666734],[2.62708691,43.57780697],[2.63162939,43.58411361],[2.62731892,43.59335031],[2.62145759,43.59234479],[2.6216426,43.5956413],[2.61697648,43.59545939],[2.61783417,43.60014573],[2.6198687,43.60495947],[2.62782051,43.61412516],[2.63545178,43.62521119],[2.64562983,43.66049268]]]]}},{"type":"Feature","properties":{"code":"34294","nom":"Saturargues","departement":"34","region":"76"},"geometry":{"type":"MultiPolygon","coordinates":[[[[4.13244172,43.70891472],[4.13223609,43.70723581],[4.12593894,43.70041226],[4.11761261,43.69668245],[4.11384665,43.69723761],[4.10860494,43.69953911],[4.11095278,43.70221581],[4.1122657,43.70256327],[4.10419193,43.71744014],[4.10239691,43.72351752],[4.10295253,43.72530545],[4.1120637,43.72960082],[4.12734584,43.73055509],[4.1280499,43.72874793],[4.12753261,43.72214149],[4.12485055,43.71307998],[4.13244172,43.70891472]]]]}},{"type":"Feature","properties":{"code":"34295","nom":"Saussan","departement":"34","region":"76"},"geometry":{"type":"MultiPolygon","coordinates":[[[[3.80518714,43.56729239],[3.80562343,43.56610773],[3.80693438,43.5622703],[3.80436728,43.56380009],[3.80255637,43.56393226],[3.79750155,43.56615149],[3.78613226,43.56761286],[3.7790035,43.56635415],[3.76527374,43.55731359],[3.76433701,43.55832524],[3.76033519,43.55678952],[3.75995803,43.55727174],[3.7656293,43.56904155],[3.76601615,43.57299339],[3.77148041,43.57467871],[3.77452547,43.57444379],[3.78535899,43.57784549],[3.79027017,43.57389486],[3.79385225,43.56963342],[3.80518714,43.56729239]]]]}},{"type":"Feature","properties":{"code":"34296","nom":"Saussines","departement":"34","region":"76"},"geometry":{"type":"MultiPolygon","coordinates":[[[[4.05157864,43.7740394],[4.05429233,43.77208369],[4.06110975,43.77277797],[4.06499868,43.7698629],[4.06743474,43.76497575],[4.06672218,43.76072419],[4.06290616,43.75301932],[4.05750979,43.74962059],[4.04993205,43.74211018],[4.03747687,43.74833196],[4.03324801,43.76260281],[4.03311677,43.76358679],[4.04667236,43.77265482],[4.05157864,43.7740394]]]]}},{"type":"Feature","properties":{"code":"34297","nom":"Sauteyrargues","departement":"34","region":"76"},"geometry":{"type":"MultiPolygon","coordinates":[[[[3.92811869,43.80647969],[3.92711347,43.80579528],[3.91870498,43.80891638],[3.91314632,43.80494482],[3.89810805,43.81996927],[3.89919017,43.8228627],[3.89812405,43.84076807],[3.90042185,43.84061053],[3.90438024,43.84167484],[3.91106284,43.84560519],[3.91800668,43.85583096],[3.92212705,43.85836835],[3.92777977,43.85536491],[3.93767871,43.85340655],[3.92685763,43.83432426],[3.93088773,43.83261151],[3.93626393,43.83165563],[3.93938352,43.83001517],[3.94064398,43.82857337],[3.94035797,43.82645192],[3.93530748,43.81818154],[3.92942316,43.81456454],[3.92761555,43.81054814],[3.92811869,43.80647969]]]]}},{"type":"Feature","properties":{"code":"34298","nom":"Sauvian","departement":"34","region":"76"},"geometry":{"type":"MultiPolygon","coordinates":[[[[3.24380614,43.31612674],[3.25242694,43.31285048],[3.26473608,43.30981555],[3.27270536,43.30336378],[3.27363013,43.30175121],[3.27606554,43.30053509],[3.27555203,43.29643076],[3.27027936,43.28718034],[3.26257647,43.26406819],[3.26034998,43.26083972],[3.25831757,43.26076903],[3.25063823,43.27063806],[3.24237289,43.27734059],[3.23147738,43.2841984],[3.23087223,43.29728565],[3.23573898,43.29745146],[3.23844165,43.300854],[3.24266869,43.31488338],[3.24380614,43.31612674]]]]}},{"type":"Feature","properties":{"code":"34299","nom":"Sérignan","departement":"34","region":"76"},"geometry":{"type":"MultiPolygon","coordinates":[[[[3.28506513,43.25139242],[3.28065391,43.24872785],[3.27089821,43.23698599],[3.26907276,43.23600287],[3.26653087,43.23758245],[3.26336082,43.24174155],[3.26122919,43.24651604],[3.26034998,43.26083972],[3.26257647,43.26406819],[3.27027936,43.28718034],[3.27555203,43.29643076],[3.27606554,43.30053509],[3.27619309,43.30144873],[3.2863507,43.30141151],[3.29879705,43.29476868],[3.30694053,43.29438873],[3.31501826,43.29506716],[3.31773977,43.29636357],[3.32481769,43.29570294],[3.32911279,43.29364883],[3.3404606,43.27703741],[3.34506899,43.26923084],[3.32694961,43.26138914],[3.31262922,43.25420549],[3.30756797,43.26008594],[3.28506513,43.25139242]]]]}},{"type":"Feature","properties":{"code":"34300","nom":"Servian","departement":"34","region":"76"},"geometry":{"type":"MultiPolygon","coordinates":[[[[3.33151107,43.37815792],[3.31328495,43.37229267],[3.30409888,43.38049376],[3.29235947,43.38656082],[3.28351706,43.38895217],[3.2795721,43.38869703],[3.26261893,43.39728062],[3.27151564,43.4067346],[3.27354681,43.41013015],[3.27419072,43.41370462],[3.25591099,43.4247449],[3.26279529,43.42997343],[3.2794434,43.43970841],[3.28251236,43.44063521],[3.28525468,43.44464145],[3.29179608,43.44237756],[3.29435482,43.442457],[3.30619837,43.44619921],[3.32277852,43.44959504],[3.32759312,43.45195215],[3.33384577,43.45092993],[3.34024205,43.44144817],[3.34039664,43.43877926],[3.34497978,43.43118508],[3.33917863,43.42777568],[3.3381724,43.42207228],[3.33929246,43.41944538],[3.34742773,43.41053102],[3.33896615,43.39589361],[3.33151107,43.37815792]]]]}},{"type":"Feature","properties":{"code":"34301","nom":"Sète","departement":"34","region":"76"},"geometry":{"type":"MultiPolygon","coordinates":[[[[3.68312067,43.39342727],[3.68037698,43.3930154],[3.67824364,43.39204816],[3.6621175,43.39229821],[3.65453028,43.38989907],[3.64723598,43.38639647],[3.62538264,43.37221149],[3.6023464,43.35564579],[3.56616593,43.32625],[3.5530176,43.33765762],[3.5927947,43.36505742],[3.60629888,43.3757846],[3.61905727,43.38149802],[3.59372945,43.3893526],[3.62081755,43.40348367],[3.64299792,43.41493661],[3.66197617,43.42475384],[3.67246824,43.43023939],[3.70297951,43.4237371],[3.72229871,43.42238464],[3.72239188,43.42203854],[3.72383355,43.41830781],[3.72503215,43.41606588],[3.72511843,43.41321601],[3.72263875,43.40837431],[3.71843663,43.40459664],[3.71231062,43.40124803],[3.70772081,43.40046122],[3.7018648,43.4027782],[3.7000846,43.4026026],[3.70014362,43.40035304],[3.70168927,43.3996143],[3.69964681,43.39805309],[3.69748336,43.39759742],[3.69556862,43.39546133],[3.69732819,43.3954815],[3.70258318,43.39703545],[3.70246846,43.39572268],[3.69730072,43.3951488],[3.69444792,43.39460485],[3.69183157,43.39217271],[3.68984601,43.3921251],[3.68312067,43.39342727]]]]}},{"type":"Feature","properties":{"code":"34302","nom":"Siran","departement":"34","region":"76"},"geometry":{"type":"MultiPolygon","coordinates":[[[[2.68800267,43.32308793],[2.68420079,43.3184854],[2.67780902,43.30588769],[2.67086945,43.30086244],[2.66054824,43.29620312],[2.6594358,43.29271109],[2.65306792,43.29409866],[2.64420861,43.2944315],[2.6455899,43.2987234],[2.65121022,43.30681358],[2.65161781,43.31030347],[2.64492772,43.31865595],[2.64219284,43.32853255],[2.64073572,43.34661601],[2.6563836,43.35915524],[2.66069851,43.36591599],[2.66254656,43.36681509],[2.66385755,43.36551112],[2.67722543,43.3606363],[2.67654496,43.35775821],[2.68129227,43.347837],[2.68800267,43.32308793]]]]}},{"type":"Feature","properties":{"code":"34303","nom":"Sorbs","departement":"34","region":"76"},"geometry":{"type":"MultiPolygon","coordinates":[[[[3.39514484,43.86157954],[3.39227741,43.86585105],[3.38851018,43.87780934],[3.37629779,43.88442257],[3.37201311,43.88776344],[3.38074575,43.89818439],[3.38141227,43.9122573],[3.39782575,43.91310321],[3.40674542,43.9143159],[3.41656656,43.91429779],[3.42449198,43.9116448],[3.42888575,43.90658788],[3.43304234,43.90334874],[3.4375722,43.89593218],[3.43638299,43.88558485],[3.43260716,43.8805773],[3.42408604,43.87325734],[3.42209117,43.87266031],[3.39514484,43.86157954]]]]}},{"type":"Feature","properties":{"code":"34304","nom":"Soubès","departement":"34","region":"76"},"geometry":{"type":"MultiPolygon","coordinates":[[[[3.34063028,43.75878544],[3.33549121,43.75957707],[3.33285476,43.761393],[3.32965612,43.76199123],[3.33020012,43.76503295],[3.33176334,43.76630871],[3.33191076,43.76881981],[3.33030401,43.7722766],[3.32335445,43.77574847],[3.32868869,43.77859952],[3.33173406,43.78182086],[3.33398571,43.78647267],[3.33420494,43.78912755],[3.33787248,43.79300825],[3.3521644,43.79291352],[3.36470092,43.80294568],[3.36817177,43.80457272],[3.37038834,43.8030201],[3.37546407,43.79565241],[3.3759928,43.79009468],[3.37026988,43.78510821],[3.36600598,43.77699848],[3.36627844,43.76543236],[3.36221002,43.76297761],[3.36296557,43.76170628],[3.36161607,43.76094048],[3.35009752,43.76068835],[3.34063028,43.75878544]]]]}},{"type":"Feature","properties":{"code":"34305","nom":"Le Soulié","departement":"34","region":"76"},"geometry":{"type":"MultiPolygon","coordinates":[[[[2.73624428,43.52721426],[2.71131383,43.52315963],[2.70351217,43.51997878],[2.6957693,43.51449695],[2.68353058,43.51264722],[2.67641785,43.51343418],[2.66853195,43.52177867],[2.66116175,43.52511368],[2.65232525,43.53091866],[2.64613198,43.53578148],[2.6381636,43.54424871],[2.63047722,43.54851548],[2.61661531,43.56557431],[2.63761861,43.56671894],[2.64485921,43.56581701],[2.65072876,43.56448372],[2.65536787,43.56092654],[2.66454755,43.55768021],[2.67327093,43.56378461],[2.68456031,43.56535836],[2.70220732,43.56587515],[2.72722519,43.56181194],[2.73874057,43.55446777],[2.7452978,43.54654856],[2.74743725,43.54553236],[2.75120801,43.54539262],[2.7531285,43.54147057],[2.75227382,43.53573914],[2.7497754,43.5318214],[2.73624428,43.52721426]]]]}},{"type":"Feature","properties":{"code":"34306","nom":"Soumont","departement":"34","region":"76"},"geometry":{"type":"MultiPolygon","coordinates":[[[[3.36889855,43.73251823],[3.36681638,43.73216082],[3.36599048,43.72933986],[3.36605154,43.72530383],[3.36851465,43.72107523],[3.36671533,43.71618975],[3.36269772,43.71180388],[3.35186068,43.70900945],[3.34224753,43.69912032],[3.33529941,43.71115925],[3.33268439,43.71756245],[3.33233655,43.71940819],[3.33627115,43.72559964],[3.3356214,43.7330839],[3.32990004,43.7429197],[3.33130588,43.74348684],[3.34922601,43.74320319],[3.36833087,43.74227009],[3.37206969,43.73640651],[3.36889855,43.73251823]]]]}},{"type":"Feature","properties":{"code":"34307","nom":"Sussargues","departement":"34","region":"76"},"geometry":{"type":"MultiPolygon","coordinates":[[[[3.96382125,43.71357468],[3.96960624,43.71671795],[3.97596156,43.71739548],[3.98135124,43.71565431],[3.99480639,43.72228689],[4.00134554,43.72639803],[4.00212116,43.72037319],[4.01283641,43.71018426],[4.01098241,43.69883575],[4.01230653,43.69459303],[3.98938571,43.70141986],[3.97193473,43.70770629],[3.96333119,43.71268902],[3.96382125,43.71357468]]]]}},{"type":"Feature","properties":{"code":"34308","nom":"Taussac-la-Billière","departement":"34","region":"76"},"geometry":{"type":"MultiPolygon","coordinates":[[[[3.05724122,43.6387616],[3.05627049,43.63936136],[3.05906046,43.64163545],[3.06309524,43.65232812],[3.06313287,43.6549843],[3.06491841,43.65693491],[3.07602601,43.66217895],[3.08128029,43.66237941],[3.08568279,43.65906026],[3.08582804,43.65756468],[3.09001773,43.65407637],[3.09179694,43.65539309],[3.09146296,43.65811616],[3.09291685,43.65743198],[3.09664482,43.65231068],[3.09917189,43.64746031],[3.08151147,43.64104597],[3.08467685,43.63250457],[3.08755638,43.62881408],[3.09632166,43.62223377],[3.10421767,43.61954605],[3.10647969,43.61446733],[3.10245593,43.61229734],[3.09288005,43.61176519],[3.07899177,43.60624978],[3.07182103,43.61801298],[3.06767111,43.62031907],[3.06333538,43.62066899],[3.05948344,43.61940968],[3.05341222,43.61273651],[3.04803374,43.61542934],[3.05906149,43.63782035],[3.0591021,43.6387606],[3.05724122,43.6387616]]]]}},{"type":"Feature","properties":{"code":"34309","nom":"Teyran","departement":"34","region":"76"},"geometry":{"type":"MultiPolygon","coordinates":[[[[3.90084597,43.67813052],[3.90651618,43.6816766],[3.90925492,43.6855655],[3.93010543,43.6996614],[3.93482253,43.70407633],[3.93483007,43.70681824],[3.93882467,43.70849635],[3.94077112,43.70774433],[3.94870441,43.70101627],[3.94910219,43.69964587],[3.94860894,43.69547559],[3.94685957,43.69498779],[3.94184786,43.69046707],[3.94639229,43.67691145],[3.94938013,43.67248413],[3.94936343,43.66930593],[3.94393745,43.67059227],[3.92248923,43.67143768],[3.91881768,43.66814465],[3.91092373,43.67353645],[3.90201582,43.67541492],[3.90084597,43.67813052]]]]}},{"type":"Feature","properties":{"code":"34310","nom":"Thézan-lès-Béziers","departement":"34","region":"76"},"geometry":{"type":"MultiPolygon","coordinates":[[[[3.13872826,43.41489665],[3.15319802,43.42963413],[3.15746793,43.43279121],[3.16085026,43.43448569],[3.16603436,43.43457774],[3.18013114,43.42615512],[3.19334609,43.42244736],[3.19347134,43.4215196],[3.19101918,43.41938548],[3.17864629,43.41107406],[3.17502533,43.407727],[3.16628874,43.3957261],[3.16395938,43.39481742],[3.16213537,43.39284368],[3.16276178,43.39143661],[3.16199062,43.39006673],[3.15214448,43.39813363],[3.15330531,43.39901003],[3.15061292,43.40267533],[3.14683863,43.40076699],[3.13818529,43.39434959],[3.13482821,43.39372138],[3.13127856,43.39516605],[3.12910387,43.39805829],[3.12575909,43.40650262],[3.12558272,43.41106671],[3.12950072,43.41377902],[3.13731359,43.41318913],[3.13872826,43.41489665]]]]}},{"type":"Feature","properties":{"code":"34311","nom":"Tourbes","departement":"34","region":"76"},"geometry":{"type":"MultiPolygon","coordinates":[[[[3.39077001,43.41860077],[3.38868848,43.4203311],[3.37617736,43.42644258],[3.36580315,43.42849875],[3.35603557,43.4279627],[3.34552539,43.43035925],[3.34497978,43.43118508],[3.34039664,43.43877926],[3.34024205,43.44144817],[3.3450579,43.44339062],[3.3480724,43.44735124],[3.37568889,43.47149922],[3.38992084,43.4541228],[3.39364776,43.45210484],[3.3968206,43.44892639],[3.40289869,43.44294631],[3.40284917,43.44010532],[3.40118719,43.43583985],[3.40005822,43.43504871],[3.39534025,43.43117226],[3.39116862,43.42604042],[3.39053045,43.42294789],[3.39245677,43.41962748],[3.39077001,43.41860077]]]]}},{"type":"Feature","properties":{"code":"34312","nom":"La Tour-sur-Orb","departement":"34","region":"76"},"geometry":{"type":"MultiPolygon","coordinates":[[[[3.20768583,43.64612577],[3.2018099,43.64115917],[3.20175022,43.63511269],[3.19580751,43.63550417],[3.17471973,43.63841853],[3.16457,43.6382715],[3.16279449,43.63822739],[3.14979337,43.63781148],[3.14436647,43.63615691],[3.13689835,43.6314211],[3.13699373,43.63037903],[3.12784128,43.63125307],[3.11935655,43.6334546],[3.10762181,43.63311683],[3.10558948,43.63880457],[3.10592729,43.64394565],[3.10055391,43.644155],[3.0986804,43.64627483],[3.09917189,43.64746031],[3.09664482,43.65231068],[3.10150357,43.65426151],[3.10641132,43.65505854],[3.12423472,43.65618958],[3.13312167,43.66199269],[3.13430665,43.666259],[3.13361948,43.67137435],[3.12889507,43.67627502],[3.128562,43.68088155],[3.13003656,43.68487498],[3.13373041,43.69022802],[3.13314489,43.69386852],[3.13330504,43.69554559],[3.13565461,43.69688702],[3.14520507,43.68944307],[3.15678988,43.68597529],[3.17255741,43.67617224],[3.17451038,43.66367258],[3.17993933,43.65894876],[3.18775539,43.65723222],[3.19102867,43.65691789],[3.20768583,43.64612577]]]]}},{"type":"Feature","properties":{"code":"34313","nom":"Tressan","departement":"34","region":"76"},"geometry":{"type":"MultiPolygon","coordinates":[[[[3.4880227,43.56318939],[3.48069655,43.559058],[3.48003345,43.56039707],[3.47903585,43.56198415],[3.47518044,43.56572428],[3.4746416,43.57209065],[3.47763663,43.58238344],[3.47908079,43.58427739],[3.48253443,43.58445196],[3.4842423,43.58383251],[3.48416874,43.58142146],[3.48630547,43.58059582],[3.49144799,43.58159211],[3.49300571,43.58311016],[3.50135998,43.57836613],[3.50366171,43.5748041],[3.49985704,43.5732003],[3.4880227,43.56318939]]]]}},{"type":"Feature","properties":{"code":"34314","nom":"Le Triadou","departement":"34","region":"76"},"geometry":{"type":"MultiPolygon","coordinates":[[[[3.87540331,43.73742013],[3.87297042,43.73374107],[3.87334938,43.73254926],[3.866322,43.73242632],[3.85440066,43.72785455],[3.84615706,43.72356705],[3.84162382,43.72100331],[3.83968042,43.72165724],[3.83081382,43.72970548],[3.83666308,43.72923504],[3.84040327,43.73016013],[3.84657225,43.73402508],[3.84792716,43.73634888],[3.84104932,43.74017998],[3.84971244,43.74700599],[3.85417969,43.74906153],[3.85630926,43.74685983],[3.86620628,43.74741781],[3.8783866,43.74993089],[3.87880378,43.74403313],[3.87664157,43.73844775],[3.87540331,43.73742013]]]]}},{"type":"Feature","properties":{"code":"34315","nom":"Usclas-d'Hérault","departement":"34","region":"76"},"geometry":{"type":"MultiPolygon","coordinates":[[[[3.45314409,43.51651173],[3.45539074,43.52122499],[3.46042961,43.52575727],[3.46772427,43.52869699],[3.47479422,43.53009237],[3.47820735,43.5317365],[3.48011323,43.52673006],[3.48001529,43.52373888],[3.47931597,43.52069008],[3.47733408,43.51831723],[3.47111791,43.51487865],[3.46647082,43.51230212],[3.45625675,43.51693055],[3.45314409,43.51651173]]]]}},{"type":"Feature","properties":{"code":"34316","nom":"Usclas-du-Bosc","departement":"34","region":"76"},"geometry":{"type":"MultiPolygon","coordinates":[[[[3.40764954,43.71145946],[3.39908472,43.71391627],[3.39468735,43.71974441],[3.39436194,43.72185663],[3.3915912,43.72473805],[3.38068587,43.73315705],[3.37897064,43.73313064],[3.37981436,43.73759638],[3.38123107,43.73787759],[3.38693452,43.73723657],[3.40650681,43.73764939],[3.41380061,43.73591939],[3.40764954,43.71145946]]]]}},{"type":"Feature","properties":{"code":"34335","nom":"Villemagne-l'Argentière","departement":"34","region":"76"},"geometry":{"type":"MultiPolygon","coordinates":[[[[3.10421767,43.61954605],[3.10574978,43.62092393],[3.10611383,43.62623407],[3.10055391,43.644155],[3.10592729,43.64394565],[3.10558948,43.63880457],[3.10762181,43.63311683],[3.11935655,43.6334546],[3.12784128,43.63125307],[3.13699373,43.63037903],[3.1398459,43.61384376],[3.13364409,43.60909537],[3.13074827,43.60444529],[3.13385185,43.59730097],[3.13417738,43.59674001],[3.1224256,43.59364341],[3.1240265,43.60004251],[3.12252022,43.60665031],[3.11355561,43.60928378],[3.10647969,43.61446733],[3.10421767,43.61954605]]]]}},{"type":"Feature","properties":{"code":"34317","nom":"La Vacquerie-et-Saint-Martin-de-Castries","departement":"34","region":"76"},"geometry":{"type":"MultiPolygon","coordinates":[[[[3.48868336,43.74870037],[3.4875252,43.75059618],[3.48726189,43.75539278],[3.47145387,43.76350273],[3.45738822,43.76876308],[3.44237925,43.77747381],[3.44442759,43.79542637],[3.45045407,43.80013958],[3.45141408,43.80229177],[3.44719442,43.80974233],[3.43410484,43.82193135],[3.43198694,43.82571938],[3.43208019,43.82967052],[3.43748144,43.83389569],[3.44025211,43.83901137],[3.44288615,43.83878653],[3.45978606,43.83258727],[3.495513,43.81765333],[3.50324181,43.81535016],[3.51014796,43.81437406],[3.52061459,43.80564588],[3.52462684,43.79751582],[3.52831445,43.79269165],[3.53366922,43.78808239],[3.51031115,43.76540458],[3.5039959,43.76132063],[3.49970874,43.75322979],[3.49456935,43.74879438],[3.48868336,43.74870037]]]]}},{"type":"Feature","properties":{"code":"34318","nom":"Vacquières","departement":"34","region":"76"},"geometry":{"type":"MultiPolygon","coordinates":[[[[3.95917332,43.80503647],[3.94577458,43.80326363],[3.94476434,43.80416514],[3.93377785,43.80739971],[3.9306409,43.80790711],[3.92811869,43.80647969],[3.92761555,43.81054814],[3.92942316,43.81456454],[3.93530748,43.81818154],[3.94035797,43.82645192],[3.94064398,43.82857337],[3.93938352,43.83001517],[3.93626393,43.83165563],[3.93088773,43.83261151],[3.92685763,43.83432426],[3.93767871,43.85340655],[3.95834833,43.85405584],[3.95797699,43.85030349],[3.96136593,43.846096],[3.96670341,43.84339301],[3.98064904,43.84311374],[3.97748209,43.83243519],[3.97035114,43.82475735],[3.96436139,43.82014777],[3.96158484,43.81609637],[3.96200233,43.8097372],[3.95917332,43.80503647]]]]}},{"type":"Feature","properties":{"code":"34319","nom":"Vailhan","departement":"34","region":"76"},"geometry":{"type":"MultiPolygon","coordinates":[[[[3.30569057,43.58302773],[3.31191191,43.57901241],[3.31408548,43.56616396],[3.31316694,43.56336839],[3.31023491,43.56115263],[3.31042386,43.55994463],[3.31706985,43.55806476],[3.3171293,43.55292435],[3.31315895,43.54534208],[3.31228698,43.54171236],[3.31335903,43.53304215],[3.31100492,43.53244971],[3.3017809,43.53247935],[3.29424392,43.53352303],[3.2904487,43.53697472],[3.2898916,43.53931281],[3.28657551,43.54124794],[3.28395292,43.54214917],[3.2777707,43.54027573],[3.27434767,43.54270651],[3.27721654,43.54487478],[3.28702091,43.56231597],[3.29880613,43.57563198],[3.29994531,43.57930075],[3.2998037,43.58417783],[3.30257858,43.58320379],[3.30569057,43.58302773]]]]}},{"type":"Feature","properties":{"code":"34320","nom":"Vailhauquès","departement":"34","region":"76"},"geometry":{"type":"MultiPolygon","coordinates":[[[[3.75875719,43.66452693],[3.76055888,43.65794189],[3.76339823,43.6568152],[3.75769334,43.6507182],[3.74355081,43.64573176],[3.74155743,43.64355878],[3.74312913,43.64130478],[3.74824334,43.63964731],[3.72978465,43.63955322],[3.71659036,43.64320969],[3.71395039,43.6456395],[3.70744666,43.6691794],[3.70841487,43.67660582],[3.70761562,43.68527477],[3.70597217,43.68563998],[3.70270049,43.68751486],[3.70400034,43.69096999],[3.72140533,43.69097028],[3.7214805,43.69004563],[3.72632658,43.68856192],[3.74729457,43.66505711],[3.75320832,43.66240227],[3.75875719,43.66452693]]]]}},{"type":"Feature","properties":{"code":"34321","nom":"Valergues","departement":"34","region":"76"},"geometry":{"type":"MultiPolygon","coordinates":[[[[4.03561079,43.67970727],[4.05491036,43.68543775],[4.06735214,43.67793186],[4.0757748,43.6752932],[4.07731281,43.67110428],[4.07797527,43.66262437],[4.07802754,43.66204252],[4.06684176,43.66203854],[4.05380121,43.65931485],[4.05132317,43.66085243],[4.04587162,43.6677063],[4.0526339,43.67127751],[4.04229665,43.67889921],[4.03561079,43.67970727]]]]}},{"type":"Feature","properties":{"code":"34322","nom":"Valflaunès","departement":"34","region":"76"},"geometry":{"type":"MultiPolygon","coordinates":[[[[3.8587856,43.83348111],[3.86006263,43.82730007],[3.86225066,43.82269754],[3.86396883,43.82132232],[3.8676337,43.8216901],[3.86930836,43.82277741],[3.89205529,43.81847914],[3.89919017,43.8228627],[3.89810805,43.81996927],[3.91314632,43.80494482],[3.90129684,43.79730392],[3.89290547,43.79444728],[3.8920158,43.79196984],[3.89182479,43.79262746],[3.88008767,43.79524717],[3.87580585,43.7947273],[3.87246913,43.79328266],[3.86585576,43.78858466],[3.85385134,43.78513725],[3.84330181,43.78709303],[3.83732042,43.78564257],[3.83541611,43.78436399],[3.83361167,43.77612373],[3.82374381,43.77635805],[3.81934623,43.77837193],[3.81724451,43.77896546],[3.8064467,43.78789661],[3.8080794,43.79021172],[3.81058891,43.79144668],[3.81414107,43.79732283],[3.81350914,43.79814198],[3.81526392,43.79895681],[3.82485593,43.79353907],[3.83393487,43.79403695],[3.83825485,43.79592066],[3.84095216,43.80226062],[3.85531154,43.81525473],[3.85581435,43.81854009],[3.8478692,43.82168987],[3.84943252,43.82183429],[3.85644538,43.82838867],[3.8587856,43.83348111]]]]}},{"type":"Feature","properties":{"code":"34323","nom":"Valmascle","departement":"34","region":"76"},"geometry":{"type":"MultiPolygon","coordinates":[[[[3.32417045,43.59603243],[3.31857572,43.59489728],[3.31243299,43.59106862],[3.30569057,43.58302773],[3.30257858,43.58320379],[3.30106433,43.58523336],[3.29675224,43.58602172],[3.29344863,43.58821802],[3.29088511,43.59287309],[3.28581667,43.60102225],[3.27884984,43.60792541],[3.27752278,43.61440179],[3.27984122,43.61671278],[3.28240285,43.61681053],[3.28075394,43.61468232],[3.28152949,43.61297524],[3.28378533,43.61187344],[3.29400531,43.61207302],[3.31022187,43.60889491],[3.31100866,43.60943793],[3.32312923,43.59910285],[3.32417045,43.59603243]]]]}},{"type":"Feature","properties":{"code":"34324","nom":"Valras-Plage","departement":"34","region":"76"},"geometry":{"type":"MultiPolygon","coordinates":[[[[3.27123389,43.23406258],[3.26907276,43.23600287],[3.27089821,43.23698599],[3.28065391,43.24872785],[3.28506513,43.25139242],[3.30756797,43.26008594],[3.31262922,43.25420549],[3.30175189,43.24845958],[3.28132817,43.23961923],[3.27123389,43.23406258]]]]}},{"type":"Feature","properties":{"code":"34325","nom":"Valros","departement":"34","region":"76"},"geometry":{"type":"MultiPolygon","coordinates":[[[[3.39077001,43.41860077],[3.38928278,43.41732141],[3.39136729,43.41568552],[3.38965375,43.4154227],[3.37949123,43.41121422],[3.37365873,43.41324612],[3.36333459,43.40996872],[3.35107138,43.4076233],[3.34742773,43.41053102],[3.33929246,43.41944538],[3.3381724,43.42207228],[3.33917863,43.42777568],[3.34497978,43.43118508],[3.34552539,43.43035925],[3.35603557,43.4279627],[3.36580315,43.42849875],[3.37617736,43.42644258],[3.38868848,43.4203311],[3.39077001,43.41860077]]]]}},{"type":"Feature","properties":{"code":"34326","nom":"Vélieux","departement":"34","region":"76"},"geometry":{"type":"MultiPolygon","coordinates":[[[[2.7591128,43.41336547],[2.76117786,43.41177677],[2.76440243,43.40665225],[2.777059,43.4002799],[2.77781782,43.39739452],[2.77346078,43.3966271],[2.76560204,43.39356871],[2.75942054,43.38314012],[2.75851964,43.38090255],[2.75951087,43.37952653],[2.75602474,43.38026182],[2.74909006,43.37955325],[2.74274013,43.3777472],[2.73442585,43.37409534],[2.72989921,43.37317462],[2.72147011,43.37393503],[2.71519662,43.37692165],[2.713853,43.37752895],[2.71325852,43.37976205],[2.72333669,43.39228055],[2.72510802,43.39180106],[2.74577799,43.39614912],[2.7506103,43.4010328],[2.75133904,43.40627848],[2.7591128,43.41336547]]]]}},{"type":"Feature","properties":{"code":"34327","nom":"Vendargues","departement":"34","region":"76"},"geometry":{"type":"MultiPolygon","coordinates":[[[[3.98907602,43.66150112],[3.99036107,43.66184037],[3.99196347,43.66046156],[3.99407069,43.6536753],[3.9861225,43.65445496],[3.98264102,43.65358211],[3.97589321,43.65193403],[3.96823894,43.64824823],[3.95914576,43.6452288],[3.9555011,43.64417117],[3.94977312,43.64383172],[3.94745138,43.647455],[3.94697715,43.65250554],[3.94480745,43.65335408],[3.9468646,43.6605486],[3.94620645,43.66054982],[3.93855623,43.66160506],[3.93738219,43.66735274],[3.94507101,43.66866571],[3.9495146,43.6687026],[3.94936343,43.66930593],[3.94938013,43.67248413],[3.94639229,43.67691145],[3.95394786,43.68115317],[3.96245528,43.67636558],[3.96838021,43.67018665],[3.97077475,43.66759076],[3.97203434,43.66708548],[3.97284863,43.66795288],[3.97362007,43.66746365],[3.98907602,43.66150112]]]]}},{"type":"Feature","properties":{"code":"34328","nom":"Vendémian","departement":"34","region":"76"},"geometry":{"type":"MultiPolygon","coordinates":[[[[3.54932858,43.56033313],[3.54786357,43.56006521],[3.54290145,43.56378725],[3.53098629,43.56972522],[3.52568953,43.57103496],[3.52338461,43.57367431],[3.53006553,43.57400631],[3.53894359,43.58650545],[3.54815701,43.59430362],[3.54820019,43.59519509],[3.55113366,43.60002739],[3.56971006,43.60110039],[3.58138056,43.5912912],[3.58987927,43.58613462],[3.59950158,43.57635894],[3.59914761,43.57481688],[3.58985897,43.56717648],[3.57832005,43.56288098],[3.56349573,43.56049807],[3.55678511,43.56181125],[3.54932858,43.56033313]]]]}},{"type":"Feature","properties":{"code":"34329","nom":"Vendres","departement":"34","region":"76"},"geometry":{"type":"MultiPolygon","coordinates":[[[[3.24005925,43.21277737],[3.22735236,43.22169295],[3.20930728,43.23666146],[3.20408717,43.24364728],[3.19509993,43.25021068],[3.19321008,43.25031392],[3.19222385,43.26641654],[3.19635772,43.28099262],[3.19068281,43.2955055],[3.19094141,43.29921576],[3.19204963,43.29839969],[3.20797881,43.29718369],[3.21093296,43.2977321],[3.21651078,43.3016279],[3.22758096,43.29936254],[3.23087223,43.29728565],[3.23147738,43.2841984],[3.24237289,43.27734059],[3.25063823,43.27063806],[3.25831757,43.26076903],[3.26034998,43.26083972],[3.26122919,43.24651604],[3.26336082,43.24174155],[3.26653087,43.23758245],[3.26907276,43.23600287],[3.27123389,43.23406258],[3.26065838,43.22747534],[3.24191291,43.2137411],[3.24131236,43.21305882],[3.24222894,43.21168052],[3.2421613,43.21021447],[3.24151974,43.21265358],[3.24074418,43.21335063],[3.24005925,43.21277737]]]]}},{"type":"Feature","properties":{"code":"34331","nom":"Verreries-de-Moussans","departement":"34","region":"76"},"geometry":{"type":"MultiPolygon","coordinates":[[[[2.7200607,43.44520321],[2.71448637,43.43685774],[2.69427639,43.43051755],[2.6836177,43.42990937],[2.66633551,43.43202301],[2.6506526,43.4427831],[2.6488385,43.44505521],[2.64641759,43.45562574],[2.64452012,43.45790652],[2.6402831,43.46395822],[2.64575443,43.46624794],[2.66660126,43.46797578],[2.66799767,43.47001876],[2.67142108,43.47082002],[2.67717562,43.46920977],[2.6818779,43.46237256],[2.69564614,43.46259023],[2.69925534,43.46351618],[2.70604998,43.46037873],[2.70881929,43.45789589],[2.70647806,43.45636102],[2.70653637,43.4526779],[2.71494284,43.44689204],[2.7200607,43.44520321]]]]}},{"type":"Feature","properties":{"code":"34332","nom":"Vias","departement":"34","region":"76"},"geometry":{"type":"MultiPolygon","coordinates":[[[[3.41509629,43.28922381],[3.40064724,43.28755296],[3.38706058,43.28453494],[3.3649292,43.27725531],[3.36416154,43.27871609],[3.37708881,43.29333199],[3.37394585,43.30832267],[3.37277888,43.31130791],[3.36551964,43.31487166],[3.34916339,43.33027003],[3.34572752,43.33229526],[3.3540945,43.33698929],[3.36129314,43.33912634],[3.37080957,43.33475896],[3.37830722,43.33301566],[3.38459347,43.33558524],[3.38904031,43.34036512],[3.40664554,43.34067192],[3.41742212,43.33222588],[3.42596481,43.32938402],[3.43118976,43.32855817],[3.43518429,43.32881296],[3.43890059,43.32780298],[3.44279169,43.32389906],[3.44378002,43.31751238],[3.44307729,43.31424615],[3.44101997,43.30249877],[3.43903734,43.29900027],[3.43819224,43.29784054],[3.42821118,43.29237603],[3.42906207,43.28988084],[3.41509629,43.28922381]]]]}},{"type":"Feature","properties":{"code":"34333","nom":"Vic-la-Gardiole","departement":"34","region":"76"},"geometry":{"type":"MultiPolygon","coordinates":[[[[3.75352173,43.49361375],[3.78138868,43.50684795],[3.81054354,43.50317988],[3.81281846,43.50566507],[3.81893035,43.50977506],[3.83201358,43.50689257],[3.83734375,43.50756057],[3.84528402,43.50640578],[3.86037502,43.49245343],[3.8434582,43.48214569],[3.83319384,43.47703086],[3.82997288,43.47138364],[3.83040113,43.47075505],[3.82987819,43.47021561],[3.82738652,43.4714223],[3.82643277,43.47107688],[3.82579292,43.46678105],[3.80581791,43.46006018],[3.79397744,43.45869361],[3.78769169,43.46048042],[3.7817306,43.46573386],[3.77574176,43.47102587],[3.76108192,43.47730998],[3.74877759,43.48358218],[3.75433059,43.48678453],[3.75278328,43.49196066],[3.75352173,43.49361375]]]]}},{"type":"Feature","properties":{"code":"34334","nom":"Vieussan","departement":"34","region":"76"},"geometry":{"type":"MultiPolygon","coordinates":[[[[2.9494731,43.53690621],[2.95258314,43.53734038],[2.97100099,43.55405575],[2.97710742,43.55698225],[2.98692537,43.55795379],[2.99608059,43.55777366],[3.00200286,43.55354135],[3.00499785,43.55332712],[3.01139988,43.55376121],[3.02081396,43.55647701],[3.0345365,43.56055293],[3.04658886,43.56250356],[3.05566736,43.56047937],[3.0550984,43.55163255],[3.0571206,43.55000839],[3.04608415,43.54413569],[3.04480034,43.54106456],[3.04194853,43.54150476],[3.04091017,43.54057394],[3.03998064,43.53604237],[3.03773564,43.53173351],[3.03462984,43.52863411],[3.02815078,43.52714965],[3.01604041,43.51892511],[3.01026751,43.51683488],[3.00515658,43.5163431],[2.9914937,43.5203799],[2.97721555,43.52764755],[2.97128826,43.52877889],[2.96735463,43.52899911],[2.96456466,43.52743902],[2.96756223,43.52487756],[2.96729131,43.52294309],[2.96268543,43.52126904],[2.95197115,43.52230579],[2.937648,43.52726135],[2.94254969,43.53458958],[2.9494731,43.53690621]]]]}},{"type":"Feature","properties":{"code":"34336","nom":"Villeneuve-lès-Béziers","departement":"34","region":"76"},"geometry":{"type":"MultiPolygon","coordinates":[[[[3.27061249,43.33299414],[3.2733077,43.33559709],[3.28334264,43.33896276],[3.29321392,43.34384828],[3.30108552,43.34365033],[3.30603428,43.34269906],[3.308393,43.33478578],[3.30720002,43.3331645],[3.29818635,43.32862339],[3.299533,43.31766987],[3.30689697,43.31420741],[3.31702607,43.31798793],[3.32930357,43.31735752],[3.32932023,43.31617721],[3.32401069,43.30814289],[3.32026181,43.30408167],[3.31816228,43.29994982],[3.31773977,43.29636357],[3.31501826,43.29506716],[3.30694053,43.29438873],[3.29879705,43.29476868],[3.2863507,43.30141151],[3.27619309,43.30144873],[3.27606554,43.30053509],[3.27363013,43.30175121],[3.27270536,43.30336378],[3.26473608,43.30981555],[3.25242694,43.31285048],[3.25430146,43.3177677],[3.27061249,43.33299414]]]]}},{"type":"Feature","properties":{"code":"34337","nom":"Villeneuve-lès-Maguelone","departement":"34","region":"76"},"geometry":{"type":"MultiPolygon","coordinates":[[[[3.82643277,43.47107688],[3.82738652,43.4714223],[3.82987819,43.47021561],[3.82603883,43.46661543],[3.82579292,43.46678105],[3.82643277,43.47107688]]],[[[3.854239,43.54476569],[3.85777679,43.54460193],[3.86197077,43.54546849],[3.8858541,43.54037598],[3.89740562,43.54094243],[3.89991394,43.54022433],[3.89888634,43.52380108],[3.90743926,43.51713365],[3.89026203,43.50899091],[3.8546209,43.48863091],[3.83982948,43.47861539],[3.83040113,43.47075505],[3.82997288,43.47138364],[3.83319384,43.47703086],[3.8434582,43.48214569],[3.86037502,43.49245343],[3.84528402,43.50640578],[3.83734375,43.50756057],[3.83201358,43.50689257],[3.8326537,43.51549564],[3.83199622,43.5188433],[3.82885949,43.52210465],[3.81042217,43.53156639],[3.81712711,43.53475619],[3.81967537,43.54467498],[3.82230025,43.55003401],[3.82414325,43.55156766],[3.8298528,43.55629302],[3.83221388,43.55717834],[3.83290783,43.55674202],[3.83553715,43.55462981],[3.84380723,43.55543594],[3.84738064,43.55436976],[3.84764347,43.55348502],[3.84822853,43.55155041],[3.854239,43.54476569]]]]}},{"type":"Feature","properties":{"code":"34338","nom":"Villeneuvette","departement":"34","region":"76"},"geometry":{"type":"MultiPolygon","coordinates":[[[[3.38657574,43.60654104],[3.3755878,43.60375067],[3.37543073,43.60586029],[3.38271546,43.60922884],[3.38410913,43.61023888],[3.38302736,43.61068899],[3.38271206,43.61187421],[3.38697774,43.6143713],[3.40120743,43.61634962],[3.41921828,43.61530987],[3.4177318,43.61203137],[3.41778443,43.60888553],[3.4138707,43.60466974],[3.41120515,43.60367931],[3.40733293,43.60344915],[3.40701952,43.60534796],[3.39632853,43.60819839],[3.39171288,43.60866232],[3.38657574,43.60654104]]]]}},{"type":"Feature","properties":{"code":"34339","nom":"Villespassans","departement":"34","region":"76"},"geometry":{"type":"MultiPolygon","coordinates":[[[[2.90876458,43.39601057],[2.91042645,43.39676854],[2.92697159,43.39318154],[2.93404336,43.39060594],[2.9405856,43.39491536],[2.94234502,43.40459458],[2.94748864,43.40512708],[2.95771761,43.40360847],[2.96265715,43.40307501],[2.96175245,43.39978202],[2.95944274,43.39810786],[2.95695693,43.39782442],[2.95730297,43.39370334],[2.94241827,43.38933505],[2.9326478,43.38458388],[2.93008899,43.38000048],[2.9224188,43.37074538],[2.91158505,43.3685618],[2.90158942,43.36491154],[2.89524911,43.36151226],[2.88984688,43.35729943],[2.88870615,43.36001238],[2.89019342,43.36565535],[2.87654341,43.37199012],[2.87228012,43.37983166],[2.8702176,43.38107698],[2.87597667,43.38205533],[2.88386787,43.38519927],[2.90308088,43.39087323],[2.90876458,43.39601057]]]]}},{"type":"Feature","properties":{"code":"34340","nom":"Villetelle","departement":"34","region":"76"},"geometry":{"type":"MultiPolygon","coordinates":[[[[4.13244172,43.70891472],[4.12485055,43.71307998],[4.12753261,43.72214149],[4.1280499,43.72874793],[4.12734584,43.73055509],[4.12683554,43.73602928],[4.12238964,43.73710292],[4.12439945,43.73914215],[4.12772556,43.74044507],[4.13545652,43.74015145],[4.14241334,43.73739327],[4.14502439,43.73228298],[4.14623897,43.72624783],[4.15377191,43.71487051],[4.13244172,43.70891472]]]]}},{"type":"Feature","properties":{"code":"34341","nom":"Villeveyrac","departement":"34","region":"76"},"geometry":{"type":"MultiPolygon","coordinates":[[[[3.60602291,43.5301965],[3.60766137,43.52867036],[3.61391777,43.53241589],[3.6184673,43.5333159],[3.62301233,43.52797149],[3.63174304,43.51575199],[3.63757094,43.50972385],[3.63730167,43.4983735],[3.63250504,43.49152947],[3.62785361,43.4873539],[3.62566386,43.48666657],[3.62468824,43.48671988],[3.61947694,43.48209823],[3.60672569,43.473794],[3.59743088,43.47252934],[3.59554132,43.45779449],[3.59408715,43.45894239],[3.58222391,43.46734609],[3.56791236,43.47526114],[3.55564431,43.4830496],[3.55242504,43.48724072],[3.55373574,43.4892539],[3.55366837,43.49278023],[3.54844311,43.49431201],[3.55167958,43.50098502],[3.55104324,43.50332574],[3.55196383,43.50716019],[3.55611698,43.51365032],[3.56509959,43.5214334],[3.56937455,43.52411476],[3.58016059,43.52853295],[3.59151681,43.52991304],[3.60602291,43.5301965]]]]}},{"type":"Feature","properties":{"code":"34342","nom":"Viols-en-Laval","departement":"34","region":"76"},"geometry":{"type":"MultiPolygon","coordinates":[[[[3.76964085,43.73084436],[3.76730688,43.72883159],[3.76024185,43.72656125],[3.75270447,43.72560125],[3.74991509,43.72731408],[3.74004352,43.72153961],[3.73250914,43.72529355],[3.72256504,43.73543416],[3.71918924,43.7377998],[3.71257628,43.74715439],[3.70623169,43.75941625],[3.70530792,43.76163148],[3.7059931,43.76302368],[3.72702924,43.76505049],[3.7459525,43.76548231],[3.74707282,43.76322038],[3.74562643,43.75980347],[3.74630468,43.75754368],[3.74849636,43.75661884],[3.76292969,43.75283093],[3.77437095,43.74484371],[3.77091491,43.74178069],[3.76944472,43.73869007],[3.76848993,43.73385631],[3.76964085,43.73084436]]]]}},{"type":"Feature","properties":{"code":"34343","nom":"Viols-le-Fort","departement":"34","region":"76"},"geometry":{"type":"MultiPolygon","coordinates":[[[[3.71918924,43.7377998],[3.71629555,43.73546838],[3.70975367,43.7259446],[3.70547278,43.71406891],[3.70079194,43.71082363],[3.69369676,43.71037055],[3.68207202,43.71705983],[3.66398404,43.71960939],[3.6610689,43.72288285],[3.6607272,43.7258527],[3.67241961,43.73280644],[3.67552303,43.73750979],[3.67602442,43.74539145],[3.67094594,43.75203071],[3.67261771,43.75727575],[3.68307737,43.76327955],[3.69617597,43.75961685],[3.70623169,43.75941625],[3.71257628,43.74715439],[3.71918924,43.7377998]]]]}},{"type":"Feature","properties":{"code":"34344","nom":"La Grande-Motte","departement":"34","region":"76"},"geometry":{"type":"MultiPolygon","coordinates":[[[[4.08180283,43.56028722],[4.07774987,43.55854048],[4.07959209,43.5559001],[4.07955288,43.55315604],[4.08150916,43.55192182],[4.07912264,43.55330429],[4.07942299,43.55546087],[4.073527,43.55662611],[4.05625029,43.55753252],[4.03745498,43.55638832],[4.03598445,43.55971188],[4.03548383,43.56111227],[4.03468404,43.56314718],[4.03529984,43.5631917],[4.05213364,43.56961029],[4.07469496,43.58855582],[4.08050261,43.59008733],[4.0956116,43.58167905],[4.10902847,43.5687445],[4.10930373,43.56832326],[4.10127666,43.5546889],[4.08711718,43.55603377],[4.08546977,43.55724522],[4.08459982,43.55835169],[4.08399106,43.55808963],[4.08180283,43.56028722]]]]}}]}