{"type":"FeatureCollection","features":[{"type":"Feature","properties":{"code":"43009","nom":"Arlet","departement":"43","region":"84"},"geometry":{"type":"MultiPolygon","coordinates":[[[[3.38372,45.09684],[3.38227,45.09855],[3.38137,45.10196],[3.38373,45.10997],[3.392,45.11438],[3.39624,45.11346],[3.40867,45.12199],[3.42322,45.12514],[3.43044,45.12048],[3.434,45.11174],[3.43402,45.11],[3.43202,45.10823],[3.42651,45.10664],[3.41917,45.10377],[3.40195,45.10815],[3.39816,45.10813],[3.391,45.10481],[3.38372,45.09684]]]]}},{"type":"Feature","properties":{"code":"43060","nom":"Charraix","departement":"43","region":"84"},"geometry":{"type":"MultiPolygon","coordinates":[[[[3.54773,45.04565],[3.54739,45.04484],[3.55723,45.03979],[3.57222,45.0391],[3.57797,45.038],[3.57764,45.03756],[3.57985,45.02543],[3.58535,45.01784],[3.58512,45.01701],[3.57274,45.01286],[3.55816,45.01323],[3.55226,45.01177],[3.54308,45.0008],[3.54173,45.00062],[3.5416,45.00866],[3.54076,45.02097],[3.53789,45.02312],[3.53817,45.03114],[3.54773,45.04565]]]]}},{"type":"Feature","properties":{"code":"43098","nom":"Freycenet-la-Tour","departement":"43","region":"84"},"geometry":{"type":"MultiPolygon","coordinates":[[[[4.07257,44.92263],[4.05831,44.9263],[4.05032,44.93054],[4.04744,44.93546],[4.0464,44.94527],[4.0471,44.94611],[4.04984,44.94677],[4.06705,44.94606],[4.07153,44.94424],[4.08533,44.94178],[4.10208,44.93906],[4.10166,44.93428],[4.09429,44.93486],[4.08243,44.92891],[4.08364,44.92548],[4.08839,44.92252],[4.0889,44.92085],[4.07257,44.92263]]]]}},{"type":"Feature","properties":{"code":"43099","nom":"Frugerès-les-Mines","departement":"43","region":"84"},"geometry":{"type":"MultiPolygon","coordinates":[[[[3.3003,45.3892],[3.31104,45.39334],[3.31547,45.38968],[3.31485,45.38506],[3.31577,45.38395],[3.31212,45.38371],[3.30673,45.38021],[3.30152,45.38622],[3.3003,45.3892]]]]}},{"type":"Feature","properties":{"code":"43001","nom":"Agnat","departement":"43","region":"84"},"geometry":{"type":"MultiPolygon","coordinates":[[[[3.49464,45.34094],[3.49132,45.33939],[3.47194,45.33428],[3.46368,45.32372],[3.45596,45.32644],[3.44914,45.32469],[3.44633,45.3189],[3.44029,45.31925],[3.42695,45.32495],[3.4246,45.32856],[3.41371,45.33403],[3.41868,45.3374],[3.42387,45.34754],[3.42455,45.36061],[3.44316,45.36715],[3.45729,45.36735],[3.46373,45.36836],[3.47306,45.36464],[3.47582,45.36],[3.47675,45.34993],[3.47911,45.34418],[3.48169,45.3421],[3.48681,45.34078],[3.49232,45.3433],[3.49464,45.34094]]]]}},{"type":"Feature","properties":{"code":"43002","nom":"Aiguilhe","departement":"43","region":"84"},"geometry":{"type":"MultiPolygon","coordinates":[[[[3.87574,45.05045],[3.87748,45.04864],[3.87598,45.04796],[3.87488,45.04958],[3.87574,45.05045]]],[[[3.87569,45.05113],[3.87585,45.05275],[3.87722,45.05203],[3.87569,45.05113]]],[[[3.88107,45.04844],[3.87673,45.05411],[3.88292,45.05738],[3.89114,45.05586],[3.89488,45.05473],[3.89527,45.05054],[3.88731,45.04932],[3.88768,45.04743],[3.88595,45.04681],[3.88107,45.04844]]]]}},{"type":"Feature","properties":{"code":"43003","nom":"Allègre","departement":"43","region":"84"},"geometry":{"type":"MultiPolygon","coordinates":[[[[3.67963,45.20885],[3.68379,45.20894],[3.69928,45.20556],[3.7075,45.20565],[3.71379,45.20936],[3.71826,45.21392],[3.72448,45.21511],[3.73318,45.20991],[3.72874,45.20539],[3.7277,45.20176],[3.72736,45.19824],[3.73031,45.19615],[3.72487,45.19463],[3.72022,45.1849],[3.714,45.17484],[3.70355,45.16729],[3.69959,45.16243],[3.69738,45.16127],[3.69029,45.16118],[3.68587,45.16198],[3.68343,45.16371],[3.67996,45.16374],[3.67942,45.16138],[3.67417,45.16383],[3.66961,45.16315],[3.66553,45.15992],[3.66621,45.15742],[3.66412,45.157],[3.66161,45.16013],[3.66739,45.16639],[3.67291,45.16857],[3.6608,45.18264],[3.65091,45.18976],[3.64327,45.19212],[3.64224,45.19439],[3.6582,45.20418],[3.67632,45.20618],[3.67963,45.20885]]]]}},{"type":"Feature","properties":{"code":"43004","nom":"Alleyrac","departement":"43","region":"84"},"geometry":{"type":"MultiPolygon","coordinates":[[[[4.01265,44.90225],[4.01414,44.90048],[4.01569,44.89294],[4.0131,44.88368],[4.00616,44.87975],[3.99899,44.87741],[3.98203,44.87904],[3.97264,44.87915],[3.97062,44.88125],[3.97175,44.88354],[3.96763,44.90583],[3.96969,44.90532],[3.97136,44.90655],[3.97389,44.91228],[3.98607,44.91269],[3.99203,44.91098],[3.99888,44.90679],[4.00553,44.90414],[4.01265,44.90225]]]]}},{"type":"Feature","properties":{"code":"43005","nom":"Alleyras","departement":"43","region":"84"},"geometry":{"type":"MultiPolygon","coordinates":[[[[3.66577,44.93536],[3.66782,44.93732],[3.67518,44.94996],[3.68903,44.93674],[3.68952,44.93396],[3.68754,44.92205],[3.70221,44.90972],[3.71066,44.90745],[3.71256,44.90302],[3.71456,44.90265],[3.71664,44.90111],[3.72271,44.89351],[3.7206,44.89282],[3.7228,44.89143],[3.72329,44.88837],[3.72184,44.88608],[3.71837,44.88337],[3.70868,44.87952],[3.69984,44.87914],[3.6954,44.87573],[3.69755,44.87524],[3.69647,44.87378],[3.69155,44.87302],[3.69001,44.87291],[3.68883,44.87381],[3.68892,44.87664],[3.69064,44.87878],[3.69364,44.87916],[3.69349,44.89219],[3.68712,44.89746],[3.68344,44.89778],[3.6791,44.8957],[3.67954,44.89333],[3.66479,44.88323],[3.65697,44.88149],[3.65415,44.87978],[3.64522,44.88502],[3.65011,44.90829],[3.65043,44.91535],[3.6551,44.92338],[3.66577,44.93536]]]]}},{"type":"Feature","properties":{"code":"43006","nom":"Ally","departement":"43","region":"84"},"geometry":{"type":"MultiPolygon","coordinates":[[[[3.28803,45.12045],[3.28456,45.12822],[3.27837,45.13692],[3.27555,45.14324],[3.27674,45.14697],[3.28214,45.15158],[3.28348,45.15097],[3.2852,45.15982],[3.28452,45.16389],[3.28911,45.16791],[3.30815,45.18021],[3.31402,45.17758],[3.31916,45.17321],[3.31863,45.17224],[3.32361,45.17142],[3.33742,45.17197],[3.34699,45.17356],[3.35307,45.18066],[3.36101,45.17712],[3.36227,45.17203],[3.35768,45.16771],[3.35222,45.15923],[3.35259,45.15006],[3.35461,45.14309],[3.35583,45.14256],[3.35771,45.14137],[3.35786,45.13955],[3.35644,45.13804],[3.35336,45.13771],[3.34688,45.13876],[3.34106,45.13845],[3.33222,45.13501],[3.33235,45.13424],[3.32919,45.13325],[3.33212,45.12576],[3.33067,45.12228],[3.31431,45.11816],[3.31211,45.11846],[3.30137,45.12409],[3.29704,45.12414],[3.28803,45.12045]]]]}},{"type":"Feature","properties":{"code":"43007","nom":"Araules","departement":"43","region":"84"},"geometry":{"type":"MultiPolygon","coordinates":[[[[4.12846,45.07314],[4.12812,45.07848],[4.14114,45.08304],[4.14826,45.08998],[4.14851,45.09196],[4.15226,45.09695],[4.16969,45.10324],[4.17997,45.09512],[4.18928,45.09081],[4.19189,45.08065],[4.18981,45.07582],[4.19363,45.07159],[4.19623,45.06955],[4.20635,45.06684],[4.21599,45.06496],[4.22002,45.06047],[4.22,45.05754],[4.21653,45.05543],[4.19787,45.05508],[4.19194,45.04994],[4.19003,45.04354],[4.19078,45.0351],[4.19626,45.0313],[4.1812,45.03034],[4.16628,45.03292],[4.13866,45.04935],[4.13516,45.05717],[4.12846,45.07314]]]]}},{"type":"Feature","properties":{"code":"43008","nom":"Arlempdes","departement":"43","region":"84"},"geometry":{"type":"MultiPolygon","coordinates":[[[[3.92522,44.85387],[3.911,44.85341],[3.90871,44.85041],[3.90455,44.84843],[3.89044,44.84403],[3.87995,44.84574],[3.88387,44.87174],[3.88721,44.88078],[3.88799,44.88267],[3.89672,44.88926],[3.90143,44.89133],[3.9098,44.89152],[3.91642,44.8893],[3.9183,44.88726],[3.91663,44.88281],[3.91823,44.87732],[3.92093,44.86991],[3.92538,44.86661],[3.93391,44.8622],[3.92637,44.85412],[3.92522,44.85387]]]]}},{"type":"Feature","properties":{"code":"43010","nom":"Arsac-en-Velay","departement":"43","region":"84"},"geometry":{"type":"MultiPolygon","coordinates":[[[[3.96661,45.01219],[3.96931,45.01143],[3.97433,45.00731],[3.97498,45.00554],[3.97583,45.00334],[3.96942,44.99294],[3.96315,44.99074],[3.96156,44.98729],[3.96204,44.98447],[3.96356,44.98257],[3.96868,44.98018],[3.97445,44.97885],[3.97583,44.97261],[3.96347,44.9702],[3.9627,44.97086],[3.94619,44.97815],[3.93049,44.99074],[3.9282,44.99396],[3.92852,44.99635],[3.93669,45.0072],[3.94293,45.00902],[3.9507,45.00983],[3.96024,45.00921],[3.96661,45.01219]]]]}},{"type":"Feature","properties":{"code":"43011","nom":"Aubazat","departement":"43","region":"84"},"geometry":{"type":"MultiPolygon","coordinates":[[[[3.42322,45.12514],[3.42081,45.13274],[3.41963,45.14521],[3.42109,45.14687],[3.41993,45.15045],[3.42041,45.15451],[3.4216,45.15572],[3.42652,45.15629],[3.43495,45.15428],[3.45304,45.14499],[3.46227,45.1427],[3.47815,45.14239],[3.48056,45.14054],[3.47605,45.13591],[3.46421,45.11635],[3.45994,45.11407],[3.45547,45.10796],[3.45541,45.10572],[3.45328,45.10254],[3.45026,45.09993],[3.44673,45.09769],[3.44321,45.09661],[3.4386,45.09677],[3.43881,45.09854],[3.44038,45.09962],[3.43899,45.10461],[3.43577,45.10599],[3.42675,45.10574],[3.42651,45.10664],[3.43202,45.10823],[3.43402,45.11],[3.434,45.11174],[3.43044,45.12048],[3.42322,45.12514]]]]}},{"type":"Feature","properties":{"code":"43012","nom":"Aurec-sur-Loire","departement":"43","region":"84"},"geometry":{"type":"MultiPolygon","coordinates":[[[[4.23938,45.38502],[4.24044,45.37156],[4.23834,45.35988],[4.2359,45.35494],[4.223,45.35188],[4.22259,45.34865],[4.20428,45.34278],[4.20174,45.34138],[4.19014,45.34131],[4.19462,45.34801],[4.17803,45.35641],[4.17252,45.3604],[4.16537,45.37087],[4.17319,45.37474],[4.17191,45.38062],[4.1624,45.38923],[4.17759,45.39223],[4.18941,45.38727],[4.19177,45.38556],[4.20292,45.38311],[4.21892,45.38568],[4.22657,45.39018],[4.23938,45.38502]]]]}},{"type":"Feature","properties":{"code":"43013","nom":"Vissac-Auteyrac","departement":"43","region":"84"},"geometry":{"type":"MultiPolygon","coordinates":[[[[3.67316,45.10426],[3.65625,45.1057],[3.63419,45.11269],[3.62204,45.11537],[3.61164,45.11568],[3.60823,45.11218],[3.60076,45.10007],[3.58985,45.08841],[3.58176,45.09214],[3.57534,45.09971],[3.57757,45.10435],[3.57954,45.10556],[3.58858,45.11128],[3.59135,45.11429],[3.5975,45.13069],[3.60512,45.13365],[3.60534,45.13265],[3.61903,45.13049],[3.63358,45.13473],[3.64078,45.13772],[3.64613,45.13554],[3.64398,45.13293],[3.65251,45.12392],[3.65538,45.12197],[3.66417,45.11709],[3.66899,45.11956],[3.67226,45.11934],[3.67895,45.10938],[3.67603,45.10486],[3.67316,45.10426]]]]}},{"type":"Feature","properties":{"code":"43014","nom":"Autrac","departement":"43","region":"84"},"geometry":{"type":"MultiPolygon","coordinates":[[[[3.10371,45.35413],[3.10374,45.35462],[3.1203,45.35169],[3.13583,45.35391],[3.15101,45.35109],[3.15193,45.34927],[3.14208,45.34348],[3.13846,45.33862],[3.13921,45.33373],[3.14563,45.32444],[3.14917,45.31698],[3.14824,45.31676],[3.13087,45.32047],[3.11323,45.32731],[3.11411,45.33756],[3.11111,45.34997],[3.10371,45.35413]]]]}},{"type":"Feature","properties":{"code":"43015","nom":"Auvers","departement":"43","region":"84"},"geometry":{"type":"MultiPolygon","coordinates":[[[[3.36135,44.97141],[3.34773,44.97484],[3.34547,44.98598],[3.34723,44.9877],[3.35296,44.98913],[3.36102,44.98928],[3.36509,44.99142],[3.36831,44.99487],[3.37145,45.00231],[3.37471,45.00172],[3.37675,45.0078],[3.37603,45.01399],[3.37674,45.02083],[3.37781,45.02216],[3.38753,45.02413],[3.39457,45.02452],[3.39946,45.01976],[3.40536,45.0203],[3.41194,45.01282],[3.41525,45.01077],[3.42137,45.01003],[3.42727,45.01047],[3.43906,45.00975],[3.44196,45.00823],[3.44466,45.00591],[3.44454,45.00513],[3.44061,45.00558],[3.43527,45.00362],[3.42329,44.99709],[3.41602,44.99133],[3.40028,44.97613],[3.38006,44.97934],[3.37273,44.97575],[3.36135,44.97141]]]]}},{"type":"Feature","properties":{"code":"43016","nom":"Auzon","departement":"43","region":"84"},"geometry":{"type":"MultiPolygon","coordinates":[[[[3.33859,45.38895],[3.35063,45.38986],[3.35781,45.39507],[3.3638,45.40158],[3.36733,45.41113],[3.37303,45.40831],[3.38796,45.40285],[3.40384,45.40201],[3.40512,45.40365],[3.40634,45.4034],[3.42033,45.39737],[3.41582,45.39394],[3.41409,45.38435],[3.41209,45.38154],[3.40686,45.37707],[3.3913,45.37578],[3.37777,45.36997],[3.36865,45.36425],[3.36664,45.36467],[3.35236,45.3747],[3.34324,45.38287],[3.34056,45.38771],[3.33859,45.38895]]]]}},{"type":"Feature","properties":{"code":"43017","nom":"Azérat","departement":"43","region":"84"},"geometry":{"type":"MultiPolygon","coordinates":[[[[3.36865,45.36425],[3.37777,45.36997],[3.3913,45.37578],[3.40686,45.37707],[3.41474,45.36891],[3.42455,45.36061],[3.42387,45.34754],[3.41868,45.3374],[3.41371,45.33403],[3.39445,45.32304],[3.3877,45.32743],[3.38789,45.33399],[3.38354,45.34153],[3.36513,45.35787],[3.36394,45.35976],[3.36343,45.36132],[3.36865,45.36425]]]]}},{"type":"Feature","properties":{"code":"43018","nom":"Bains","departement":"43","region":"84"},"geometry":{"type":"MultiPolygon","coordinates":[[[[3.81134,45.01101],[3.79984,44.99639],[3.79465,44.99163],[3.78927,44.98868],[3.78835,44.98217],[3.78969,44.97626],[3.79045,44.97482],[3.79555,44.97612],[3.79606,44.97043],[3.79505,44.97018],[3.78219,44.96632],[3.77242,44.96672],[3.77642,44.97327],[3.7751,44.97559],[3.77302,44.97757],[3.76595,44.97656],[3.76091,44.97374],[3.75687,44.97021],[3.75912,44.96366],[3.7611,44.9617],[3.76328,44.9612],[3.75944,44.95229],[3.75825,44.95422],[3.72997,44.975],[3.71692,44.98179],[3.71538,44.98195],[3.71627,44.9959],[3.717,44.99817],[3.7169,45.00378],[3.7159,45.00577],[3.72037,45.00589],[3.7293,45.00752],[3.73821,45.01135],[3.75612,45.02543],[3.76275,45.02218],[3.7684,45.0229],[3.78434,45.03003],[3.78917,45.03047],[3.79007,45.02848],[3.79532,45.02769],[3.80947,45.02725],[3.81134,45.01101]]]]}},{"type":"Feature","properties":{"code":"43019","nom":"Barges","departement":"43","region":"84"},"geometry":{"type":"MultiPolygon","coordinates":[[[[3.87293,44.82661],[3.86419,44.83159],[3.85839,44.83857],[3.87091,44.84405],[3.87995,44.84574],[3.89044,44.84403],[3.89246,44.84131],[3.91023,44.84051],[3.91135,44.8384],[3.89909,44.82901],[3.89897,44.82461],[3.89756,44.8213],[3.89379,44.82013],[3.87985,44.82143],[3.87293,44.82661]]]]}},{"type":"Feature","properties":{"code":"43020","nom":"Bas-en-Basset","departement":"43","region":"84"},"geometry":{"type":"MultiPolygon","coordinates":[[[[4.07081,45.33605],[4.07626,45.34031],[4.07654,45.34731],[4.07503,45.35203],[4.08342,45.35814],[4.08963,45.35925],[4.0989,45.35956],[4.10499,45.35705],[4.10795,45.35473],[4.10846,45.35381],[4.11849,45.34839],[4.13239,45.3447],[4.13784,45.34241],[4.14461,45.3342],[4.14801,45.33146],[4.15397,45.3291],[4.15428,45.32875],[4.15792,45.32493],[4.15799,45.3228],[4.15636,45.32023],[4.15114,45.31527],[4.14005,45.31203],[4.14578,45.30493],[4.14301,45.28715],[4.12469,45.28944],[4.10947,45.28372],[4.09568,45.27573],[4.0884,45.275],[4.07501,45.2767],[4.0638,45.28009],[4.05933,45.28009],[4.05938,45.28635],[4.05819,45.28702],[4.06075,45.29168],[4.06756,45.30001],[4.07147,45.30175],[4.06436,45.32408],[4.06832,45.32824],[4.07433,45.33154],[4.07491,45.33308],[4.07081,45.33605]]]]}},{"type":"Feature","properties":{"code":"43021","nom":"Beaulieu","departement":"43","region":"84"},"geometry":{"type":"MultiPolygon","coordinates":[[[[3.9205,45.12803],[3.92604,45.14049],[3.92799,45.14756],[3.92453,45.15136],[3.92504,45.15523],[3.92757,45.16083],[3.93452,45.16461],[3.93351,45.1687],[3.95359,45.17211],[3.96367,45.16766],[3.97264,45.16606],[3.97767,45.16482],[3.97924,45.16335],[3.98238,45.15558],[3.97988,45.14884],[3.96544,45.1209],[3.96419,45.12047],[3.96419,45.11644],[3.95837,45.11173],[3.94682,45.10946],[3.9414,45.11054],[3.93612,45.11309],[3.93787,45.11724],[3.93797,45.12131],[3.93709,45.12264],[3.92734,45.1265],[3.9205,45.12803]]]]}},{"type":"Feature","properties":{"code":"43022","nom":"Beaumont","departement":"43","region":"84"},"geometry":{"type":"MultiPolygon","coordinates":[[[[3.36363,45.30491],[3.36234,45.30636],[3.34668,45.3086],[3.3325,45.30659],[3.32769,45.30374],[3.32524,45.29894],[3.31392,45.28961],[3.30206,45.29666],[3.29795,45.29814],[3.28716,45.29783],[3.29143,45.30754],[3.30416,45.3078],[3.31015,45.31154],[3.31317,45.31513],[3.32425,45.31578],[3.32847,45.3202],[3.33761,45.33334],[3.34366,45.33394],[3.35183,45.33228],[3.35808,45.32504],[3.36401,45.32089],[3.3674,45.31458],[3.36908,45.31154],[3.36879,45.30767],[3.3648,45.30494],[3.36363,45.30491]]]]}},{"type":"Feature","properties":{"code":"43023","nom":"Beaune-sur-Arzon","departement":"43","region":"84"},"geometry":{"type":"MultiPolygon","coordinates":[[[[3.86485,45.29728],[3.85732,45.28963],[3.85109,45.28398],[3.84052,45.27956],[3.82527,45.27585],[3.80102,45.27366],[3.79022,45.27455],[3.78061,45.27692],[3.77716,45.27923],[3.78968,45.28812],[3.79736,45.29149],[3.81269,45.30658],[3.82669,45.30378],[3.84106,45.29862],[3.8644,45.29797],[3.86485,45.29728]]]]}},{"type":"Feature","properties":{"code":"43024","nom":"Beaux","departement":"43","region":"84"},"geometry":{"type":"MultiPolygon","coordinates":[[[[4.10119,45.21435],[4.10287,45.20949],[4.10927,45.20219],[4.11343,45.19497],[4.10791,45.18788],[4.10526,45.18576],[4.07464,45.16839],[4.06513,45.16848],[4.06336,45.16994],[4.05589,45.17481],[4.057,45.17553],[4.05756,45.17971],[4.05718,45.18183],[4.05591,45.18287],[4.05637,45.1899],[4.05789,45.19303],[4.06429,45.199],[4.06951,45.20561],[4.07328,45.21521],[4.07217,45.21975],[4.0732,45.22072],[4.07476,45.22072],[4.07872,45.22466],[4.083,45.22441],[4.09109,45.21723],[4.09254,45.21487],[4.10119,45.21435]]]]}},{"type":"Feature","properties":{"code":"43025","nom":"Beauzac","departement":"43","region":"84"},"geometry":{"type":"MultiPolygon","coordinates":[[[[4.0732,45.22072],[4.0717,45.22154],[4.0635,45.23159],[4.06133,45.23815],[4.05694,45.24362],[4.05088,45.24645],[4.05041,45.25157],[4.05242,45.25903],[4.05043,45.26441],[4.04695,45.26948],[4.04699,45.27228],[4.04578,45.27404],[4.04798,45.27803],[4.05337,45.27967],[4.05933,45.28009],[4.0638,45.28009],[4.07501,45.2767],[4.0884,45.275],[4.09568,45.27573],[4.10947,45.28372],[4.12469,45.28944],[4.14301,45.28715],[4.14546,45.28626],[4.14607,45.284],[4.14546,45.28155],[4.14044,45.27916],[4.13521,45.27782],[4.13479,45.27352],[4.1355,45.26932],[4.13821,45.26495],[4.14143,45.26072],[4.14466,45.25867],[4.14346,45.25715],[4.13136,45.24985],[4.12298,45.24653],[4.11436,45.24438],[4.10821,45.24432],[4.10263,45.24149],[4.10185,45.23586],[4.10266,45.22639],[4.10083,45.21883],[4.10119,45.21435],[4.09254,45.21487],[4.09109,45.21723],[4.083,45.22441],[4.07872,45.22466],[4.07476,45.22072],[4.0732,45.22072]]]]}},{"type":"Feature","properties":{"code":"43079","nom":"Couteuges","departement":"43","region":"84"},"geometry":{"type":"MultiPolygon","coordinates":[[[[3.47769,45.17397],[3.47109,45.18136],[3.47697,45.18769],[3.47547,45.19095],[3.47171,45.19386],[3.47931,45.19769],[3.50337,45.20108],[3.50341,45.2045],[3.50524,45.20499],[3.50819,45.20427],[3.51092,45.20171],[3.51333,45.19395],[3.52333,45.18925],[3.51945,45.18826],[3.51016,45.17837],[3.50931,45.17334],[3.51311,45.17068],[3.51595,45.16767],[3.51511,45.16741],[3.4936,45.16172],[3.49284,45.16306],[3.49415,45.17195],[3.48862,45.17653],[3.48323,45.17769],[3.47809,45.17491],[3.47769,45.17397]]]]}},{"type":"Feature","properties":{"code":"43026","nom":"Bellevue-la-Montagne","departement":"43","region":"84"},"geometry":{"type":"MultiPolygon","coordinates":[[[[3.85928,45.23256],[3.87098,45.21787],[3.87021,45.21625],[3.86513,45.21349],[3.85882,45.21061],[3.85176,45.20906],[3.84325,45.20289],[3.84033,45.20371],[3.83909,45.20323],[3.83377,45.19977],[3.82726,45.1913],[3.82178,45.18652],[3.81711,45.18616],[3.80746,45.18187],[3.804,45.18012],[3.80077,45.17611],[3.79499,45.18438],[3.79998,45.19428],[3.8025,45.20194],[3.79374,45.20512],[3.7837,45.21017],[3.7764,45.21803],[3.76177,45.22235],[3.75903,45.22855],[3.76419,45.23081],[3.77642,45.2388],[3.78329,45.24116],[3.78371,45.24196],[3.78644,45.23957],[3.80587,45.24286],[3.81159,45.24094],[3.81795,45.23643],[3.82517,45.23395],[3.83687,45.23689],[3.8472,45.23656],[3.85928,45.23256]]]]}},{"type":"Feature","properties":{"code":"43027","nom":"Berbezit","departement":"43","region":"84"},"geometry":{"type":"MultiPolygon","coordinates":[[[[3.55582,45.27395],[3.56559,45.27704],[3.57654,45.28249],[3.58498,45.29],[3.59016,45.30077],[3.59346,45.31365],[3.61381,45.30321],[3.61234,45.30082],[3.61499,45.29636],[3.61393,45.29156],[3.60851,45.28062],[3.61424,45.27211],[3.5989,45.27076],[3.56024,45.26999],[3.55582,45.27395]]]]}},{"type":"Feature","properties":{"code":"43028","nom":"Bessamorel","departement":"43","region":"84"},"geometry":{"type":"MultiPolygon","coordinates":[[[[4.09822,45.12257],[4.09311,45.11434],[4.09165,45.10392],[4.09057,45.10371],[4.08339,45.10696],[4.08364,45.11565],[4.0796,45.11837],[4.06925,45.12043],[4.07178,45.12867],[4.06948,45.133],[4.06484,45.13541],[4.06339,45.13787],[4.06344,45.1514],[4.06801,45.1496],[4.07412,45.15252],[4.07678,45.15277],[4.08655,45.14848],[4.08753,45.14337],[4.08422,45.13897],[4.08696,45.12951],[4.09154,45.12555],[4.09799,45.12365],[4.09822,45.12257]]]]}},{"type":"Feature","properties":{"code":"43029","nom":"La Besseyre-Saint-Mary","departement":"43","region":"84"},"geometry":{"type":"MultiPolygon","coordinates":[[[[3.37273,44.97575],[3.38006,44.97934],[3.40028,44.97613],[3.41602,44.99133],[3.42329,44.99709],[3.43527,45.00362],[3.44061,45.00558],[3.44454,45.00513],[3.44904,45.00505],[3.45011,45.00353],[3.44876,45.00278],[3.44643,44.99694],[3.44299,44.98302],[3.43638,44.97758],[3.43117,44.9747],[3.43198,44.96951],[3.43843,44.96481],[3.44259,44.9604],[3.44252,44.95591],[3.43848,44.95112],[3.436,44.94904],[3.42103,44.94547],[3.41692,44.94279],[3.41248,44.94501],[3.40456,44.95676],[3.397,44.95864],[3.39116,44.95196],[3.38883,44.95149],[3.37837,44.95618],[3.37169,44.96021],[3.37127,44.96669],[3.37273,44.97575]]]]}},{"type":"Feature","properties":{"code":"43030","nom":"Blanzac","departement":"43","region":"84"},"geometry":{"type":"MultiPolygon","coordinates":[[[[3.82954,45.10272],[3.83109,45.1036],[3.82799,45.10759],[3.82301,45.11721],[3.83548,45.12604],[3.84169,45.12549],[3.84692,45.12401],[3.84708,45.11965],[3.85139,45.1159],[3.85603,45.11435],[3.87162,45.11333],[3.87211,45.11229],[3.87684,45.11202],[3.89052,45.10622],[3.88773,45.10395],[3.8452,45.10117],[3.83209,45.1008],[3.82954,45.10272]]]]}},{"type":"Feature","properties":{"code":"43031","nom":"Blassac","departement":"43","region":"84"},"geometry":{"type":"MultiPolygon","coordinates":[[[[3.35583,45.14256],[3.35461,45.14309],[3.35259,45.15006],[3.35222,45.15923],[3.35768,45.16771],[3.36227,45.17203],[3.36728,45.16767],[3.37529,45.16283],[3.37691,45.1626],[3.39098,45.17071],[3.39198,45.17216],[3.39145,45.17844],[3.40904,45.17857],[3.42139,45.18052],[3.42398,45.17573],[3.42452,45.17083],[3.42321,45.16982],[3.41377,45.16735],[3.40704,45.16212],[3.39587,45.1556],[3.39216,45.1472],[3.38429,45.1478],[3.36184,45.14474],[3.35583,45.14256]]]]}},{"type":"Feature","properties":{"code":"43032","nom":"Blavozy","departement":"43","region":"84"},"geometry":{"type":"MultiPolygon","coordinates":[[[[3.94758,45.06597],[3.95052,45.06582],[3.96904,45.06975],[3.97656,45.072],[3.97554,45.07247],[3.97714,45.0751],[3.98643,45.06748],[3.99605,45.06458],[3.99284,45.05824],[3.98985,45.05804],[3.98513,45.05465],[3.98377,45.04952],[3.95899,45.05626],[3.9515,45.05981],[3.94665,45.06412],[3.94758,45.06597]]]]}},{"type":"Feature","properties":{"code":"43033","nom":"Blesle","departement":"43","region":"84"},"geometry":{"type":"MultiPolygon","coordinates":[[[[3.21908,45.32611],[3.2109,45.30577],[3.20548,45.30299],[3.19854,45.30073],[3.19447,45.30088],[3.18814,45.29583],[3.18719,45.29178],[3.18862,45.28768],[3.18545,45.27958],[3.18351,45.27941],[3.16945,45.27072],[3.16471,45.2686],[3.16432,45.27031],[3.16761,45.27574],[3.16766,45.28071],[3.16592,45.28667],[3.16041,45.29523],[3.16137,45.29832],[3.15785,45.30728],[3.14824,45.31676],[3.14917,45.31698],[3.14563,45.32444],[3.13921,45.33373],[3.13846,45.33862],[3.14208,45.34348],[3.15193,45.34927],[3.15101,45.35109],[3.16795,45.3523],[3.18072,45.35103],[3.1811,45.35223],[3.18299,45.35172],[3.18066,45.34865],[3.18161,45.34619],[3.18553,45.3442],[3.1852,45.3434],[3.18391,45.3434],[3.18463,45.3443],[3.18324,45.3443],[3.18279,45.34231],[3.19018,45.3321],[3.19254,45.33081],[3.20278,45.33276],[3.20759,45.33444],[3.21817,45.3298],[3.22004,45.32809],[3.21908,45.32611]]]]}},{"type":"Feature","properties":{"code":"43034","nom":"Boisset","departement":"43","region":"84"},"geometry":{"type":"MultiPolygon","coordinates":[[[[4.0146,45.33363],[4.02071,45.32825],[4.02314,45.32069],[4.02365,45.31159],[4.01436,45.31649],[3.99597,45.31554],[3.99235,45.31609],[3.98441,45.31481],[3.9756,45.30898],[3.97365,45.30367],[3.97695,45.28635],[3.97459,45.28633],[3.96202,45.29485],[3.9579,45.29891],[3.94402,45.30909],[3.94072,45.3125],[3.9431,45.31535],[3.94244,45.31632],[3.94701,45.31925],[3.95333,45.32166],[3.96784,45.32194],[3.9794,45.32657],[3.98017,45.32813],[3.97841,45.33095],[3.98063,45.33542],[3.98783,45.33704],[3.99324,45.33638],[4.00548,45.33147],[4.0146,45.33363]]]]}},{"type":"Feature","properties":{"code":"43035","nom":"Bonneval","departement":"43","region":"84"},"geometry":{"type":"MultiPolygon","coordinates":[[[[3.74421,45.29159],[3.73484,45.28179],[3.72412,45.286],[3.72254,45.28601],[3.72251,45.28491],[3.71218,45.28672],[3.70259,45.29611],[3.70533,45.29773],[3.71103,45.30797],[3.71506,45.31722],[3.71383,45.32031],[3.72336,45.32255],[3.73131,45.32608],[3.746,45.32715],[3.7477,45.32773],[3.75116,45.3314],[3.75927,45.32812],[3.76238,45.32867],[3.764,45.32067],[3.76277,45.31857],[3.75852,45.31515],[3.7598,45.31474],[3.75448,45.31362],[3.74564,45.30898],[3.74793,45.30435],[3.74777,45.3023],[3.74705,45.29764],[3.74421,45.29159]]]]}},{"type":"Feature","properties":{"code":"43036","nom":"Borne","departement":"43","region":"84"},"geometry":{"type":"MultiPolygon","coordinates":[[[[3.77585,45.07914],[3.77435,45.08735],[3.78781,45.10572],[3.78862,45.10747],[3.78818,45.11013],[3.79025,45.10905],[3.79764,45.10772],[3.81082,45.09302],[3.80709,45.08995],[3.79482,45.08395],[3.78617,45.08385],[3.77585,45.07914]]]]}},{"type":"Feature","properties":{"code":"43037","nom":"Le Bouchet-Saint-Nicolas","departement":"43","region":"84"},"geometry":{"type":"MultiPolygon","coordinates":[[[[3.82434,44.88158],[3.81923,44.87004],[3.80943,44.85963],[3.80618,44.85894],[3.79217,44.86772],[3.7862,44.87265],[3.77062,44.87453],[3.76049,44.87681],[3.75285,44.88308],[3.7519,44.88642],[3.75402,44.89173],[3.75327,44.8927],[3.75606,44.89885],[3.75991,44.90389],[3.77236,44.91157],[3.77301,44.91003],[3.77585,44.90946],[3.78288,44.90977],[3.79864,44.90687],[3.80535,44.90143],[3.80716,44.89764],[3.80722,44.89043],[3.8108,44.88665],[3.81721,44.88306],[3.82434,44.88158]]]]}},{"type":"Feature","properties":{"code":"43038","nom":"Bournoncle-Saint-Pierre","departement":"43","region":"84"},"geometry":{"type":"MultiPolygon","coordinates":[[[[3.34815,45.35208],[3.35722,45.34083],[3.35515,45.33283],[3.35183,45.33228],[3.34366,45.33394],[3.33761,45.33334],[3.32847,45.3202],[3.32425,45.31578],[3.31317,45.31513],[3.31502,45.31943],[3.313,45.32264],[3.31011,45.32464],[3.30316,45.32596],[3.29775,45.33646],[3.29814,45.33774],[3.30321,45.34232],[3.30556,45.34651],[3.30265,45.3576],[3.29981,45.3621],[3.30456,45.36436],[3.30138,45.36831],[3.31372,45.37142],[3.31447,45.36876],[3.33192,45.36367],[3.3391,45.35926],[3.34494,45.35173],[3.34815,45.35208]]]]}},{"type":"Feature","properties":{"code":"43039","nom":"Le Brignon","departement":"43","region":"84"},"geometry":{"type":"MultiPolygon","coordinates":[[[[3.88721,44.88078],[3.87006,44.87453],[3.86269,44.8786],[3.85883,44.88957],[3.85788,44.89057],[3.86134,44.8917],[3.86413,44.8907],[3.86541,44.89111],[3.86268,44.89552],[3.85669,44.89787],[3.83968,44.89941],[3.84467,44.91081],[3.84494,44.91754],[3.83419,44.94087],[3.83337,44.94498],[3.83362,44.95056],[3.83466,44.95204],[3.83778,44.95281],[3.83969,44.95234],[3.83918,44.95163],[3.84922,44.95028],[3.8578,44.93145],[3.86062,44.93025],[3.87032,44.92938],[3.8733,44.93337],[3.87504,44.93807],[3.882,44.94229],[3.89289,44.94297],[3.92119,44.9395],[3.92106,44.9352],[3.915,44.93306],[3.91264,44.92613],[3.91294,44.9217],[3.91722,44.91935],[3.92012,44.91452],[3.91927,44.91337],[3.91456,44.91322],[3.91172,44.91181],[3.90064,44.892],[3.90143,44.89133],[3.89672,44.88926],[3.88799,44.88267],[3.88721,44.88078]]]]}},{"type":"Feature","properties":{"code":"43040","nom":"Brioude","departement":"43","region":"84"},"geometry":{"type":"MultiPolygon","coordinates":[[[[3.40599,45.28105],[3.38845,45.27653],[3.38395,45.27455],[3.37873,45.27455],[3.37153,45.28219],[3.36698,45.28423],[3.35731,45.28473],[3.35794,45.28718],[3.36665,45.29912],[3.367,45.3006],[3.36363,45.30491],[3.3648,45.30494],[3.36879,45.30767],[3.36908,45.31154],[3.3674,45.31458],[3.36882,45.31531],[3.39482,45.31858],[3.40415,45.30738],[3.40467,45.30405],[3.4035,45.30288],[3.40269,45.30199],[3.40884,45.29726],[3.41106,45.29727],[3.41213,45.29599],[3.40757,45.27955],[3.40599,45.28105]]]]}},{"type":"Feature","properties":{"code":"43041","nom":"Brives-Charensac","departement":"43","region":"84"},"geometry":{"type":"MultiPolygon","coordinates":[[[[3.93352,45.03028],[3.92373,45.04045],[3.90495,45.04979],[3.90334,45.04994],[3.90308,45.04992],[3.90335,45.05297],[3.90514,45.05677],[3.90967,45.05563],[3.91376,45.05709],[3.91489,45.05509],[3.91998,45.05581],[3.92268,45.05484],[3.93081,45.05382],[3.94163,45.04984],[3.94213,45.04758],[3.93634,45.03323],[3.93352,45.03028]]]]}},{"type":"Feature","properties":{"code":"43042","nom":"Cayres","departement":"43","region":"84"},"geometry":{"type":"MultiPolygon","coordinates":[[[[3.76484,44.93638],[3.77047,44.9361],[3.78786,44.94087],[3.80739,44.94074],[3.81022,44.94357],[3.81055,44.95494],[3.82662,44.95737],[3.82963,44.9587],[3.83869,44.95548],[3.84068,44.95556],[3.84116,44.95443],[3.83969,44.95234],[3.83778,44.95281],[3.83466,44.95204],[3.83362,44.95056],[3.83337,44.94498],[3.83419,44.94087],[3.84494,44.91754],[3.84467,44.91081],[3.83968,44.89941],[3.83362,44.90108],[3.82689,44.8972],[3.82587,44.89438],[3.82639,44.88501],[3.82744,44.88401],[3.82434,44.88158],[3.81721,44.88306],[3.8108,44.88665],[3.80722,44.89043],[3.80716,44.89764],[3.80535,44.90143],[3.79864,44.90687],[3.78288,44.90977],[3.77585,44.90946],[3.77301,44.91003],[3.77236,44.91157],[3.76905,44.91799],[3.76917,44.92655],[3.76613,44.92879],[3.76484,44.93638]]]]}},{"type":"Feature","properties":{"code":"43043","nom":"Céaux-d'Allègre","departement":"43","region":"84"},"geometry":{"type":"MultiPolygon","coordinates":[[[[3.79905,45.17392],[3.78786,45.16956],[3.77162,45.16014],[3.77303,45.15337],[3.76251,45.15631],[3.75494,45.15436],[3.75093,45.15054],[3.75008,45.14761],[3.75063,45.1453],[3.74724,45.143],[3.74263,45.14621],[3.74226,45.14867],[3.7379,45.15386],[3.72367,45.16084],[3.72248,45.16205],[3.72307,45.17184],[3.72049,45.17525],[3.714,45.17484],[3.72022,45.1849],[3.72487,45.19463],[3.73031,45.19615],[3.7511,45.19864],[3.75465,45.20372],[3.76177,45.22235],[3.7764,45.21803],[3.7837,45.21017],[3.79374,45.20512],[3.8025,45.20194],[3.79998,45.19428],[3.79499,45.18438],[3.80077,45.17611],[3.79905,45.17392]]]]}},{"type":"Feature","properties":{"code":"43044","nom":"Cerzat","departement":"43","region":"84"},"geometry":{"type":"MultiPolygon","coordinates":[[[[3.47815,45.14239],[3.46227,45.1427],[3.45304,45.14499],[3.45158,45.1593],[3.44912,45.16785],[3.45075,45.17119],[3.46673,45.16953],[3.47303,45.17001],[3.47574,45.1716],[3.47769,45.17397],[3.47809,45.17491],[3.48323,45.17769],[3.48862,45.17653],[3.49415,45.17195],[3.49284,45.16306],[3.4936,45.16172],[3.48881,45.1478],[3.4865,45.14722],[3.4829,45.14808],[3.47815,45.14239]]]]}},{"type":"Feature","properties":{"code":"43045","nom":"Ceyssac","departement":"43","region":"84"},"geometry":{"type":"MultiPolygon","coordinates":[[[[3.85858,45.02872],[3.8528,45.02634],[3.8448,45.02426],[3.83204,45.02229],[3.81842,45.01391],[3.81134,45.01101],[3.80947,45.02725],[3.81328,45.02746],[3.8154,45.02852],[3.81351,45.03556],[3.81348,45.04291],[3.82736,45.05652],[3.83465,45.05896],[3.85431,45.03508],[3.85858,45.02872]]]]}},{"type":"Feature","properties":{"code":"43046","nom":"Chadrac","departement":"43","region":"84"},"geometry":{"type":"MultiPolygon","coordinates":[[[[3.89527,45.05054],[3.89488,45.05473],[3.89114,45.05586],[3.88951,45.05919],[3.89051,45.06419],[3.89886,45.06989],[3.90113,45.06827],[3.9044,45.0679],[3.9113,45.06412],[3.91376,45.05709],[3.90967,45.05563],[3.90514,45.05677],[3.89881,45.05112],[3.89571,45.05052],[3.89527,45.05054]]]]}},{"type":"Feature","properties":{"code":"43047","nom":"Chadron","departement":"43","region":"84"},"geometry":{"type":"MultiPolygon","coordinates":[[[[3.91521,44.97815],[3.93184,44.97528],[3.93684,44.97347],[3.9406,44.97097],[3.94016,44.96891],[3.94301,44.96538],[3.9489,44.96158],[3.95609,44.96005],[3.9575,44.95808],[3.95749,44.95391],[3.96583,44.94223],[3.96219,44.93574],[3.94913,44.92872],[3.94389,44.92482],[3.92667,44.92935],[3.92298,44.93161],[3.92106,44.9352],[3.92119,44.9395],[3.92164,44.94165],[3.92016,44.94385],[3.92357,44.95576],[3.9171,44.96786],[3.91447,44.96963],[3.91051,44.97481],[3.91521,44.97662],[3.91521,44.97815]]]]}},{"type":"Feature","properties":{"code":"43048","nom":"La Chaise-Dieu","departement":"43","region":"84"},"geometry":{"type":"MultiPolygon","coordinates":[[[[3.70259,45.29611],[3.6975,45.29791],[3.69209,45.29625],[3.68879,45.29652],[3.68123,45.30033],[3.67284,45.30739],[3.66758,45.31549],[3.6657,45.32609],[3.67429,45.32554],[3.67867,45.32821],[3.68173,45.33606],[3.68739,45.34054],[3.69749,45.34644],[3.70516,45.3399],[3.71051,45.32505],[3.71383,45.32031],[3.71506,45.31722],[3.71103,45.30797],[3.70533,45.29773],[3.70259,45.29611]]]]}},{"type":"Feature","properties":{"code":"43049","nom":"Chamalières-sur-Loire","departement":"43","region":"84"},"geometry":{"type":"MultiPolygon","coordinates":[[[[3.98216,45.20635],[3.9868,45.20938],[3.99774,45.21079],[4.01353,45.20615],[4.0095,45.20031],[4.00272,45.19306],[4.00068,45.19268],[3.99122,45.19147],[3.98836,45.18939],[3.98817,45.18724],[3.99885,45.18538],[4.00076,45.18091],[3.99648,45.17268],[3.9926,45.171],[3.98786,45.16669],[3.9806,45.16959],[3.97487,45.16849],[3.97264,45.16606],[3.96367,45.16766],[3.95359,45.17211],[3.9535,45.18068],[3.95896,45.18995],[3.96867,45.19632],[3.96997,45.19808],[3.98345,45.20564],[3.98216,45.20635]]]]}},{"type":"Feature","properties":{"code":"43050","nom":"Chambezon","departement":"43","region":"84"},"geometry":{"type":"MultiPolygon","coordinates":[[[[3.23588,45.39474],[3.24638,45.38951],[3.2533,45.38883],[3.26003,45.39101],[3.25849,45.38144],[3.25477,45.37653],[3.25613,45.37427],[3.25283,45.37524],[3.22415,45.3711],[3.21853,45.36946],[3.22177,45.38184],[3.23601,45.39142],[3.23588,45.39474]]]]}},{"type":"Feature","properties":{"code":"43051","nom":"Le Chambon-sur-Lignon","departement":"43","region":"84"},"geometry":{"type":"MultiPolygon","coordinates":[[[[4.26858,45.02285],[4.27623,45.03038],[4.27844,45.04546],[4.27773,45.05102],[4.27487,45.05803],[4.27603,45.06065],[4.27885,45.06304],[4.2834,45.06525],[4.29044,45.07306],[4.28834,45.0833],[4.29243,45.08822],[4.30025,45.09017],[4.32671,45.09016],[4.32919,45.08704],[4.33166,45.08106],[4.33994,45.07624],[4.34339,45.07496],[4.34642,45.07504],[4.34626,45.0705],[4.34877,45.06515],[4.36577,45.05539],[4.37214,45.05623],[4.37681,45.05478],[4.37903,45.05253],[4.38168,45.04592],[4.38176,45.0417],[4.37901,45.03618],[4.36915,45.03585],[4.35724,45.03365],[4.35345,45.03108],[4.35215,45.02795],[4.3378,45.02807],[4.32575,45.03018],[4.3153,45.0306],[4.30984,45.0264],[4.30421,45.01776],[4.3021,45.01792],[4.29996,45.01992],[4.28312,45.02476],[4.26858,45.02285]]]]}},{"type":"Feature","properties":{"code":"43052","nom":"Champagnac-le-Vieux","departement":"43","region":"84"},"geometry":{"type":"MultiPolygon","coordinates":[[[[3.54079,45.34744],[3.54087,45.34476],[3.54326,45.33967],[3.54756,45.33349],[3.54079,45.33404],[3.53713,45.3329],[3.52045,45.33067],[3.50108,45.32011],[3.50022,45.31977],[3.4984,45.32123],[3.49791,45.32354],[3.50162,45.33156],[3.50499,45.3363],[3.50019,45.33951],[3.49464,45.34094],[3.49232,45.3433],[3.48681,45.34078],[3.48169,45.3421],[3.47911,45.34418],[3.47675,45.34993],[3.47582,45.36],[3.47306,45.36464],[3.46373,45.36836],[3.46474,45.36955],[3.47639,45.36983],[3.47907,45.37583],[3.48098,45.38373],[3.48338,45.3859],[3.48888,45.3873],[3.49324,45.38653],[3.51015,45.37978],[3.51523,45.38093],[3.51561,45.37547],[3.51377,45.37267],[3.51474,45.36794],[3.51745,45.36315],[3.52469,45.35508],[3.53593,45.34797],[3.54079,45.34744]]]]}},{"type":"Feature","properties":{"code":"43053","nom":"Champclause","departement":"43","region":"84"},"geometry":{"type":"MultiPolygon","coordinates":[[[[4.19626,45.0313],[4.19907,45.02914],[4.20173,45.02827],[4.20651,45.02414],[4.2082,45.01948],[4.20411,45.0049],[4.19354,45.00451],[4.18837,45.00203],[4.18856,45.00077],[4.18418,44.99808],[4.1819,44.99855],[4.1652,45.00282],[4.15883,45.00794],[4.15743,45.00804],[4.15061,45.01662],[4.13403,45.02364],[4.12112,45.01946],[4.11902,45.01922],[4.11867,45.02026],[4.11341,45.03011],[4.11973,45.04257],[4.12371,45.04716],[4.12973,45.05397],[4.13516,45.05717],[4.13866,45.04935],[4.16628,45.03292],[4.1812,45.03034],[4.19626,45.0313]]]]}},{"type":"Feature","properties":{"code":"43054","nom":"Chanaleilles","departement":"43","region":"84"},"geometry":{"type":"MultiPolygon","coordinates":[[[[3.5073,44.8242],[3.50606,44.82407],[3.49889,44.81893],[3.49345,44.81253],[3.4913,44.80822],[3.48713,44.80644],[3.4785,44.80977],[3.47157,44.82009],[3.45848,44.83582],[3.45872,44.83936],[3.45562,44.8443],[3.44185,44.85422],[3.43873,44.86065],[3.43802,44.87152],[3.43596,44.88022],[3.44581,44.87933],[3.45875,44.88412],[3.49003,44.89162],[3.49876,44.8946],[3.5093,44.89966],[3.51044,44.89728],[3.51696,44.89168],[3.52596,44.89411],[3.52853,44.88873],[3.53908,44.87773],[3.53975,44.87417],[3.53847,44.87324],[3.5359,44.87362],[3.52487,44.87201],[3.51819,44.86816],[3.5189,44.86474],[3.52512,44.86136],[3.53468,44.85994],[3.53675,44.85715],[3.53665,44.8551],[3.5346,44.85329],[3.52804,44.85065],[3.52461,44.8445],[3.52264,44.83788],[3.5195,44.83269],[3.5085,44.82648],[3.5073,44.8242]]]]}},{"type":"Feature","properties":{"code":"43055","nom":"Chaniat","departement":"43","region":"84"},"geometry":{"type":"MultiPolygon","coordinates":[[[[3.46056,45.29192],[3.45903,45.2952],[3.45962,45.29691],[3.46388,45.298],[3.46412,45.29916],[3.4595,45.30159],[3.45572,45.30308],[3.43949,45.30055],[3.43833,45.30248],[3.4429,45.30629],[3.46221,45.31516],[3.46685,45.31844],[3.46352,45.32169],[3.46368,45.32372],[3.47194,45.33428],[3.49132,45.33939],[3.49464,45.34094],[3.50019,45.33951],[3.50499,45.3363],[3.50162,45.33156],[3.49791,45.32354],[3.4984,45.32123],[3.50022,45.31977],[3.50108,45.32011],[3.50367,45.31871],[3.50343,45.31426],[3.49987,45.30916],[3.49844,45.30545],[3.49877,45.3026],[3.48591,45.29929],[3.47809,45.29913],[3.4691,45.29776],[3.46423,45.29368],[3.46056,45.29192]]]]}},{"type":"Feature","properties":{"code":"43056","nom":"Chanteuges","departement":"43","region":"84"},"geometry":{"type":"MultiPolygon","coordinates":[[[[3.50435,45.04955],[3.50588,45.06412],[3.51035,45.08073],[3.51073,45.09298],[3.50984,45.09318],[3.51637,45.0957],[3.52593,45.09375],[3.53508,45.09151],[3.54114,45.08789],[3.54575,45.07965],[3.54395,45.0753],[3.5459,45.07001],[3.54895,45.067],[3.55382,45.06456],[3.55642,45.06448],[3.56801,45.06119],[3.56995,45.05975],[3.56879,45.05663],[3.56116,45.0506],[3.55589,45.04811],[3.55004,45.04681],[3.54927,45.04723],[3.54329,45.04964],[3.52257,45.05473],[3.51206,45.05479],[3.50757,45.05283],[3.50435,45.04955]]]]}},{"type":"Feature","properties":{"code":"43057","nom":"La Chapelle-Bertin","departement":"43","region":"84"},"geometry":{"type":"MultiPolygon","coordinates":[[[[3.63891,45.20305],[3.63144,45.2155],[3.62728,45.21975],[3.62083,45.22373],[3.61898,45.22722],[3.62291,45.23463],[3.62863,45.23793],[3.63062,45.23938],[3.63618,45.23721],[3.64201,45.23438],[3.64744,45.23002],[3.65891,45.22938],[3.66507,45.22123],[3.67963,45.20885],[3.67632,45.20618],[3.6582,45.20418],[3.64224,45.19439],[3.64218,45.19827],[3.63891,45.20305]]]]}},{"type":"Feature","properties":{"code":"43058","nom":"La Chapelle-d'Aurec","departement":"43","region":"84"},"geometry":{"type":"MultiPolygon","coordinates":[[[[4.23071,45.31479],[4.23071,45.31219],[4.22934,45.31185],[4.21097,45.31787],[4.20268,45.32153],[4.19598,45.32325],[4.18369,45.32421],[4.17395,45.32761],[4.16528,45.32898],[4.15804,45.3293],[4.15428,45.32875],[4.15397,45.3291],[4.15321,45.33101],[4.15396,45.33312],[4.15637,45.33466],[4.18032,45.33206],[4.1887,45.33898],[4.19014,45.34131],[4.20174,45.34138],[4.20428,45.34278],[4.22259,45.34865],[4.2249,45.34022],[4.22934,45.33352],[4.23512,45.3279],[4.23249,45.31879],[4.23063,45.31779],[4.23071,45.31479]]]]}},{"type":"Feature","properties":{"code":"43059","nom":"La Chapelle-Geneste","departement":"43","region":"84"},"geometry":{"type":"MultiPolygon","coordinates":[[[[3.7061,45.36072],[3.70639,45.35927],[3.70141,45.34858],[3.69749,45.34644],[3.68739,45.34054],[3.68173,45.33606],[3.67867,45.32821],[3.67429,45.32554],[3.6657,45.32609],[3.65983,45.32773],[3.65923,45.3306],[3.65221,45.33612],[3.64049,45.34826],[3.65252,45.35852],[3.66316,45.36158],[3.66731,45.37659],[3.67146,45.38159],[3.67961,45.38423],[3.68424,45.38007],[3.68321,45.37925],[3.68343,45.37783],[3.69534,45.37008],[3.7014,45.36235],[3.70508,45.36045],[3.7061,45.36072]]]]}},{"type":"Feature","properties":{"code":"43061","nom":"Chaspinhac","departement":"43","region":"84"},"geometry":{"type":"MultiPolygon","coordinates":[[[[3.97554,45.07247],[3.97656,45.072],[3.96904,45.06975],[3.95052,45.06582],[3.94758,45.06597],[3.94747,45.06751],[3.94333,45.07097],[3.93676,45.06935],[3.92922,45.0689],[3.9213,45.07041],[3.92175,45.06947],[3.91373,45.07494],[3.91316,45.07678],[3.91138,45.07685],[3.91258,45.08178],[3.91122,45.08858],[3.90136,45.09642],[3.89798,45.10131],[3.89648,45.10661],[3.89555,45.10695],[3.89761,45.10874],[3.90229,45.11043],[3.91235,45.11261],[3.91703,45.11214],[3.92618,45.10831],[3.9394,45.09835],[3.95331,45.09125],[3.96732,45.07829],[3.97357,45.07323],[3.97554,45.07247]]]]}},{"type":"Feature","properties":{"code":"43062","nom":"Chaspuzac","departement":"43","region":"84"},"geometry":{"type":"MultiPolygon","coordinates":[[[[3.75924,45.05474],[3.75149,45.05617],[3.74162,45.0559],[3.73037,45.05225],[3.72574,45.05243],[3.71774,45.05546],[3.71711,45.06483],[3.71948,45.06646],[3.73052,45.07024],[3.74842,45.07651],[3.75927,45.078],[3.77241,45.07745],[3.77634,45.07636],[3.77807,45.07026],[3.78403,45.06295],[3.77617,45.06037],[3.76726,45.05918],[3.75924,45.05474]]]]}},{"type":"Feature","properties":{"code":"43063","nom":"Chassagnes","departement":"43","region":"84"},"geometry":{"type":"MultiPolygon","coordinates":[[[[3.53126,45.20002],[3.53102,45.20781],[3.52133,45.22459],[3.52933,45.23123],[3.5329,45.23269],[3.53644,45.2326],[3.54394,45.23494],[3.54582,45.23568],[3.55082,45.23589],[3.55828,45.2335],[3.56422,45.23447],[3.56551,45.23531],[3.56859,45.23527],[3.57435,45.22981],[3.5767,45.22879],[3.57888,45.21468],[3.57001,45.2062],[3.55955,45.20995],[3.55372,45.20942],[3.54552,45.20792],[3.53978,45.20284],[3.5334,45.19983],[3.53126,45.20002]]]]}},{"type":"Feature","properties":{"code":"43064","nom":"Chassignolles","departement":"43","region":"84"},"geometry":{"type":"MultiPolygon","coordinates":[[[[3.52141,45.4024],[3.52369,45.39893],[3.52281,45.39676],[3.51363,45.39068],[3.51523,45.38093],[3.51015,45.37978],[3.49324,45.38653],[3.48888,45.3873],[3.48338,45.3859],[3.48098,45.38373],[3.47697,45.38046],[3.46947,45.378],[3.46638,45.3801],[3.45066,45.38637],[3.44906,45.38772],[3.44775,45.39076],[3.44822,45.39368],[3.45592,45.4004],[3.46305,45.40183],[3.46355,45.40415],[3.46777,45.41066],[3.47688,45.41851],[3.48652,45.42249],[3.49137,45.42299],[3.50126,45.42761],[3.50516,45.41297],[3.50856,45.40926],[3.52141,45.4024]]]]}},{"type":"Feature","properties":{"code":"43065","nom":"Chastel","departement":"43","region":"84"},"geometry":{"type":"MultiPolygon","coordinates":[[[[3.28676,45.09699],[3.30099,45.10685],[3.30182,45.10742],[3.30356,45.10667],[3.30432,45.10513],[3.31201,45.09958],[3.32579,45.09514],[3.32853,45.09504],[3.33144,45.09552],[3.33957,45.09047],[3.34462,45.08602],[3.34037,45.07476],[3.34048,45.07071],[3.34098,45.07008],[3.34489,45.07014],[3.34821,45.06901],[3.35463,45.06179],[3.35586,45.05643],[3.35447,45.05373],[3.35137,45.05086],[3.34558,45.04932],[3.34305,45.04704],[3.34424,45.04607],[3.34233,45.04541],[3.3411,45.04306],[3.33892,45.02765],[3.33709,45.02538],[3.3319,45.02786],[3.32248,45.02723],[3.31918,45.02464],[3.31058,45.02134],[3.30775,45.02341],[3.2979,45.03938],[3.29984,45.05146],[3.29982,45.06085],[3.30695,45.0658],[3.3122,45.0809],[3.31309,45.08134],[3.31393,45.08505],[3.30263,45.0881],[3.29108,45.08829],[3.28709,45.09069],[3.28588,45.09421],[3.28676,45.09699]]]]}},{"type":"Feature","properties":{"code":"43066","nom":"Chaudeyrolles","departement":"43","region":"84"},"geometry":{"type":"MultiPolygon","coordinates":[[[[4.1783,44.91641],[4.17697,44.91721],[4.17871,44.92417],[4.17794,44.93017],[4.17551,44.93496],[4.17219,44.93604],[4.16831,44.93896],[4.16632,44.94622],[4.17517,44.95803],[4.18225,44.96505],[4.19397,44.97069],[4.20668,44.97248],[4.21401,44.97214],[4.21833,44.97001],[4.21962,44.96415],[4.22089,44.96313],[4.22465,44.96313],[4.22202,44.96158],[4.22156,44.95405],[4.21655,44.93348],[4.20671,44.92868],[4.19016,44.91388],[4.1783,44.91641]]]]}},{"type":"Feature","properties":{"code":"43067","nom":"Chavaniac-Lafayette","departement":"43","region":"84"},"geometry":{"type":"MultiPolygon","coordinates":[[[[3.59282,45.16784],[3.60448,45.16453],[3.6072,45.15685],[3.61353,45.14971],[3.60713,45.14676],[3.60434,45.14531],[3.60081,45.14625],[3.57639,45.14513],[3.57362,45.14606],[3.56156,45.15747],[3.56118,45.16755],[3.562,45.16804],[3.56925,45.16865],[3.58759,45.16848],[3.59282,45.16784]]]]}},{"type":"Feature","properties":{"code":"43068","nom":"Chazelles","departement":"43","region":"84"},"geometry":{"type":"MultiPolygon","coordinates":[[[[3.47824,45.01388],[3.48003,45.01401],[3.48045,45.01895],[3.47837,45.02221],[3.47907,45.03353],[3.48499,45.03492],[3.48576,45.03427],[3.48987,45.03696],[3.49349,45.03845],[3.49452,45.038],[3.4932,45.03715],[3.49736,45.03259],[3.49969,45.03301],[3.50281,45.02183],[3.50313,45.01777],[3.5017,45.01389],[3.49719,45.00769],[3.47824,45.01388]]]]}},{"type":"Feature","properties":{"code":"43069","nom":"Chenereilles","departement":"43","region":"84"},"geometry":{"type":"MultiPolygon","coordinates":[[[[4.25795,45.15096],[4.26173,45.14582],[4.26501,45.13515],[4.26556,45.1296],[4.26134,45.12495],[4.24728,45.11857],[4.24099,45.121],[4.22954,45.12204],[4.22049,45.12045],[4.20853,45.12154],[4.20869,45.13945],[4.20997,45.1479],[4.21164,45.14832],[4.21525,45.14524],[4.21712,45.14477],[4.24106,45.15744],[4.24586,45.15722],[4.25795,45.15096]]]]}},{"type":"Feature","properties":{"code":"43070","nom":"Chilhac","departement":"43","region":"84"},"geometry":{"type":"MultiPolygon","coordinates":[[[[3.4216,45.15572],[3.42003,45.15856],[3.43197,45.16612],[3.44622,45.17205],[3.45075,45.17119],[3.44912,45.16785],[3.45158,45.1593],[3.45304,45.14499],[3.43495,45.15428],[3.42652,45.15629],[3.4216,45.15572]]]]}},{"type":"Feature","properties":{"code":"43071","nom":"Chomelix","departement":"43","region":"84"},"geometry":{"type":"MultiPolygon","coordinates":[[[[3.85928,45.23256],[3.8472,45.23656],[3.83687,45.23689],[3.82517,45.23395],[3.81795,45.23643],[3.81159,45.24094],[3.80587,45.24286],[3.78644,45.23957],[3.78371,45.24196],[3.776,45.25348],[3.77303,45.26518],[3.78047,45.27399],[3.78061,45.27692],[3.79022,45.27455],[3.80102,45.27366],[3.82527,45.27585],[3.84052,45.27956],[3.85109,45.28398],[3.85732,45.28963],[3.8679,45.28227],[3.86973,45.27963],[3.86804,45.27258],[3.85534,45.27065],[3.85222,45.26687],[3.85127,45.25367],[3.85245,45.24293],[3.8543,45.23873],[3.85928,45.23256]]]]}},{"type":"Feature","properties":{"code":"43072","nom":"La Chomette","departement":"43","region":"84"},"geometry":{"type":"MultiPolygon","coordinates":[[[[3.44604,45.22655],[3.45352,45.23266],[3.4542,45.23458],[3.47048,45.23829],[3.47622,45.24247],[3.4763,45.24325],[3.48744,45.23475],[3.49149,45.23223],[3.48713,45.22695],[3.48839,45.22478],[3.47486,45.22094],[3.46455,45.21477],[3.45814,45.21259],[3.45165,45.21277],[3.44828,45.21619],[3.44478,45.22323],[3.44604,45.22655]]]]}},{"type":"Feature","properties":{"code":"43073","nom":"Cistrières","departement":"43","region":"84"},"geometry":{"type":"MultiPolygon","coordinates":[[[[3.56504,45.33131],[3.57169,45.33571],[3.59069,45.35699],[3.60322,45.35074],[3.60779,45.34376],[3.61857,45.33751],[3.62798,45.33897],[3.64049,45.34826],[3.65221,45.33612],[3.65923,45.3306],[3.65983,45.32773],[3.65675,45.32824],[3.64573,45.32698],[3.63578,45.32482],[3.64086,45.31956],[3.6302,45.31155],[3.61381,45.30321],[3.59346,45.31365],[3.57693,45.31942],[3.57282,45.32151],[3.56793,45.32607],[3.56507,45.32983],[3.56504,45.33131]]]]}},{"type":"Feature","properties":{"code":"43074","nom":"Cohade","departement":"43","region":"84"},"geometry":{"type":"MultiPolygon","coordinates":[[[[3.34815,45.35208],[3.35266,45.35282],[3.35496,45.3542],[3.35779,45.35779],[3.36394,45.35976],[3.36513,45.35787],[3.38354,45.34153],[3.38789,45.33399],[3.3877,45.32743],[3.39445,45.32304],[3.39656,45.32266],[3.39745,45.32151],[3.39651,45.3189],[3.39482,45.31858],[3.36882,45.31531],[3.3674,45.31458],[3.36401,45.32089],[3.35808,45.32504],[3.35183,45.33228],[3.35515,45.33283],[3.35722,45.34083],[3.34815,45.35208]]]]}},{"type":"Feature","properties":{"code":"43075","nom":"Collat","departement":"43","region":"84"},"geometry":{"type":"MultiPolygon","coordinates":[[[[3.61733,45.26502],[3.61854,45.26163],[3.62548,45.25171],[3.62552,45.24735],[3.62863,45.23793],[3.62291,45.23463],[3.61898,45.22722],[3.60488,45.23393],[3.59692,45.23645],[3.59054,45.23594],[3.58658,45.23041],[3.58069,45.23492],[3.5767,45.22879],[3.57435,45.22981],[3.56859,45.23527],[3.56551,45.23531],[3.56541,45.24054],[3.57033,45.24393],[3.58031,45.24851],[3.58112,45.25109],[3.58581,45.25313],[3.58731,45.25216],[3.59328,45.25126],[3.60091,45.25404],[3.60735,45.25683],[3.61733,45.26502]]]]}},{"type":"Feature","properties":{"code":"43076","nom":"Connangles","departement":"43","region":"84"},"geometry":{"type":"MultiPolygon","coordinates":[[[[3.61381,45.30321],[3.6302,45.31155],[3.64086,45.31956],[3.63578,45.32482],[3.64573,45.32698],[3.65675,45.32824],[3.65983,45.32773],[3.6657,45.32609],[3.66758,45.31549],[3.67284,45.30739],[3.68123,45.30033],[3.68879,45.29652],[3.68707,45.29276],[3.68113,45.29502],[3.67798,45.29754],[3.6706,45.29901],[3.66887,45.2967],[3.67103,45.28919],[3.67228,45.27974],[3.67092,45.27872],[3.66527,45.27955],[3.65313,45.28334],[3.64499,45.28303],[3.62893,45.27911],[3.62165,45.27591],[3.61883,45.26947],[3.61424,45.27211],[3.60851,45.28062],[3.61393,45.29156],[3.61499,45.29636],[3.61234,45.30082],[3.61381,45.30321]]]]}},{"type":"Feature","properties":{"code":"43077","nom":"Costaros","departement":"43","region":"84"},"geometry":{"type":"MultiPolygon","coordinates":[[[[3.82744,44.88401],[3.82639,44.88501],[3.82587,44.89438],[3.82689,44.8972],[3.83362,44.90108],[3.83968,44.89941],[3.85669,44.89787],[3.86268,44.89552],[3.86541,44.89111],[3.86413,44.8907],[3.86134,44.8917],[3.85788,44.89057],[3.85883,44.88957],[3.85185,44.88784],[3.84735,44.88574],[3.82744,44.88401]]]]}},{"type":"Feature","properties":{"code":"43078","nom":"Coubon","departement":"43","region":"84"},"geometry":{"type":"MultiPolygon","coordinates":[[[[3.93634,45.03323],[3.96355,45.02351],[3.96534,45.02213],[3.96661,45.01219],[3.96024,45.00921],[3.9507,45.00983],[3.94293,45.00902],[3.93669,45.0072],[3.92852,44.99635],[3.9282,44.99396],[3.93049,44.99074],[3.94619,44.97815],[3.9627,44.97086],[3.96211,44.97012],[3.96339,44.96873],[3.96882,44.96647],[3.96379,44.96331],[3.95609,44.96005],[3.9489,44.96158],[3.94301,44.96538],[3.94016,44.96891],[3.9406,44.97097],[3.93684,44.97347],[3.93184,44.97528],[3.91521,44.97815],[3.90162,44.98289],[3.89758,44.98567],[3.89839,44.98717],[3.89562,44.9928],[3.88777,45.00006],[3.88542,45.00065],[3.87962,44.99999],[3.88249,45.0051],[3.88542,45.00799],[3.89273,45.01081],[3.90405,45.01241],[3.90876,45.01533],[3.91235,45.0216],[3.92643,45.02323],[3.93358,45.02948],[3.93352,45.03028],[3.93634,45.03323]]]]}},{"type":"Feature","properties":{"code":"43080","nom":"Craponne-sur-Arzon","departement":"43","region":"84"},"geometry":{"type":"MultiPolygon","coordinates":[[[[3.81269,45.30658],[3.81851,45.31883],[3.81731,45.32692],[3.81378,45.32782],[3.81174,45.33102],[3.81186,45.33301],[3.81422,45.33394],[3.8158,45.33732],[3.82229,45.34147],[3.82891,45.34389],[3.83252,45.34767],[3.83117,45.35649],[3.83311,45.36148],[3.83697,45.3665],[3.83741,45.36588],[3.84541,45.36505],[3.85056,45.36374],[3.85724,45.35938],[3.87078,45.35536],[3.88999,45.3544],[3.89285,45.35466],[3.89745,45.35699],[3.8984,45.35644],[3.90118,45.34783],[3.90262,45.3387],[3.88728,45.33369],[3.87942,45.32749],[3.87124,45.30782],[3.87014,45.30059],[3.86777,45.29846],[3.86485,45.29728],[3.8644,45.29797],[3.84106,45.29862],[3.82669,45.30378],[3.81269,45.30658]]]]}},{"type":"Feature","properties":{"code":"43082","nom":"Cronce","departement":"43","region":"84"},"geometry":{"type":"MultiPolygon","coordinates":[[[[3.38373,45.10997],[3.38137,45.10196],[3.38227,45.09855],[3.38372,45.09684],[3.38294,45.0826],[3.37918,45.07156],[3.37728,45.06091],[3.35122,45.04976],[3.34424,45.04607],[3.34305,45.04704],[3.34558,45.04932],[3.35137,45.05086],[3.35447,45.05373],[3.35586,45.05643],[3.35463,45.06179],[3.34821,45.06901],[3.34489,45.07014],[3.34098,45.07008],[3.34048,45.07071],[3.34037,45.07476],[3.34462,45.08602],[3.33957,45.09047],[3.33144,45.09552],[3.32853,45.09504],[3.3284,45.09561],[3.3308,45.09671],[3.34349,45.10024],[3.35832,45.10119],[3.36202,45.10419],[3.36437,45.10569],[3.38291,45.11052],[3.38373,45.10997]]]]}},{"type":"Feature","properties":{"code":"43083","nom":"Cubelles","departement":"43","region":"84"},"geometry":{"type":"MultiPolygon","coordinates":[[[[3.58535,45.01784],[3.58657,45.0181],[3.58644,45.016],[3.58947,45.01352],[3.58708,45.00885],[3.59068,44.99976],[3.58583,44.98844],[3.57675,44.98352],[3.56167,44.98377],[3.55284,44.98008],[3.53292,44.98449],[3.52921,44.98666],[3.52699,44.98929],[3.5381,44.99203],[3.54129,44.9942],[3.54308,45.0008],[3.55226,45.01177],[3.55816,45.01323],[3.57274,45.01286],[3.58512,45.01701],[3.58535,45.01784]]]]}},{"type":"Feature","properties":{"code":"43084","nom":"Cussac-sur-Loire","departement":"43","region":"84"},"geometry":{"type":"MultiPolygon","coordinates":[[[[3.91521,44.97815],[3.91521,44.97662],[3.91051,44.97481],[3.90806,44.97717],[3.90701,44.97603],[3.90862,44.97404],[3.90815,44.973],[3.90421,44.97159],[3.90086,44.97216],[3.89248,44.97821],[3.8934,44.98196],[3.89264,44.98332],[3.8907,44.9837],[3.88143,44.98174],[3.87462,44.97409],[3.85813,44.97154],[3.84381,44.97141],[3.84498,44.98026],[3.85657,44.99161],[3.85988,44.9972],[3.8658,44.99889],[3.87157,44.99944],[3.87962,44.99999],[3.88542,45.00065],[3.88777,45.00006],[3.89562,44.9928],[3.89839,44.98717],[3.89758,44.98567],[3.90162,44.98289],[3.91521,44.97815]]]]}},{"type":"Feature","properties":{"code":"43085","nom":"Desges","departement":"43","region":"84"},"geometry":{"type":"MultiPolygon","coordinates":[[[[3.47907,45.03353],[3.47837,45.02221],[3.48045,45.01895],[3.48003,45.01401],[3.47824,45.01388],[3.4658,45.00698],[3.45011,45.00353],[3.44904,45.00505],[3.44454,45.00513],[3.44466,45.00591],[3.44196,45.00823],[3.43906,45.00975],[3.42727,45.01047],[3.42137,45.01003],[3.41525,45.01077],[3.41194,45.01282],[3.40536,45.0203],[3.40388,45.02174],[3.40583,45.02908],[3.41389,45.03903],[3.41544,45.03976],[3.42176,45.03986],[3.43706,45.03899],[3.43983,45.03935],[3.441,45.04028],[3.44129,45.03739],[3.44611,45.03366],[3.46245,45.03185],[3.4772,45.03543],[3.47907,45.03353]]]]}},{"type":"Feature","properties":{"code":"43086","nom":"Domeyrat","departement":"43","region":"84"},"geometry":{"type":"MultiPolygon","coordinates":[[[[3.48744,45.23475],[3.4763,45.24325],[3.47532,45.25124],[3.47739,45.25379],[3.47859,45.25404],[3.47861,45.25242],[3.48028,45.25084],[3.48643,45.2528],[3.49041,45.25586],[3.50726,45.25678],[3.52301,45.25635],[3.5256,45.25434],[3.53512,45.24237],[3.52846,45.23672],[3.52268,45.23475],[3.50756,45.233],[3.50331,45.23423],[3.49715,45.23789],[3.49324,45.2381],[3.48796,45.23632],[3.48744,45.23475]]]]}},{"type":"Feature","properties":{"code":"43087","nom":"Dunières","departement":"43","region":"84"},"geometry":{"type":"MultiPolygon","coordinates":[[[[4.35741,45.24363],[4.35527,45.24242],[4.359,45.23748],[4.36618,45.23832],[4.36916,45.2375],[4.37658,45.23439],[4.38062,45.23098],[4.38004,45.20914],[4.3864,45.20318],[4.38571,45.19987],[4.38307,45.19521],[4.38259,45.19066],[4.38836,45.18427],[4.38852,45.18206],[4.38026,45.18257],[4.35363,45.18654],[4.34548,45.18665],[4.34114,45.1908],[4.32088,45.19243],[4.31749,45.19488],[4.3138,45.20222],[4.30939,45.2056],[4.30002,45.209],[4.29637,45.21203],[4.29639,45.21327],[4.29936,45.21412],[4.2993,45.21997],[4.30241,45.22618],[4.3052,45.22867],[4.31227,45.23189],[4.319,45.23371],[4.32469,45.24311],[4.32608,45.24636],[4.33937,45.24925],[4.35423,45.24824],[4.35741,45.24363]]]]}},{"type":"Feature","properties":{"code":"43088","nom":"Espalem","departement":"43","region":"84"},"geometry":{"type":"MultiPolygon","coordinates":[[[[3.24005,45.28652],[3.22788,45.29276],[3.2238,45.29344],[3.21773,45.28867],[3.21233,45.28708],[3.20511,45.28871],[3.2005,45.29121],[3.19854,45.30073],[3.20548,45.30299],[3.2109,45.30577],[3.21908,45.32611],[3.22258,45.3255],[3.23152,45.32571],[3.2364,45.31888],[3.24967,45.30883],[3.25756,45.3046],[3.26797,45.30142],[3.27409,45.2934],[3.27231,45.29034],[3.26617,45.28806],[3.25835,45.28789],[3.25191,45.28968],[3.24868,45.28972],[3.24005,45.28652]]]]}},{"type":"Feature","properties":{"code":"43089","nom":"Espaly-Saint-Marcel","departement":"43","region":"84"},"geometry":{"type":"MultiPolygon","coordinates":[[[[3.85858,45.02872],[3.85431,45.03508],[3.83465,45.05896],[3.83883,45.05915],[3.86413,45.05826],[3.86983,45.05589],[3.87488,45.04958],[3.87598,45.04796],[3.87514,45.04454],[3.87261,45.03886],[3.86953,45.03682],[3.8665,45.03245],[3.86266,45.02999],[3.85858,45.02872]]]]}},{"type":"Feature","properties":{"code":"43090","nom":"Esplantas-Vazeilles","departement":"43","region":"84"},"geometry":{"type":"MultiPolygon","coordinates":[[[[3.5093,44.89966],[3.51347,44.90157],[3.51728,44.90195],[3.52479,44.90231],[3.5294,44.90341],[3.53344,44.90535],[3.53387,44.90875],[3.53793,44.91302],[3.55495,44.92031],[3.56536,44.91949],[3.57447,44.91837],[3.57666,44.91507],[3.58858,44.90799],[3.60478,44.90479],[3.60543,44.90546],[3.60792,44.90299],[3.60537,44.90008],[3.59228,44.89499],[3.58481,44.88917],[3.57953,44.887],[3.57361,44.88596],[3.56292,44.88974],[3.54174,44.88591],[3.53864,44.88876],[3.5395,44.89151],[3.53846,44.89318],[3.53071,44.89573],[3.52712,44.89508],[3.52596,44.89411],[3.51696,44.89168],[3.51044,44.89728],[3.5093,44.89966]]]]}},{"type":"Feature","properties":{"code":"43091","nom":"Les Estables","departement":"43","region":"84"},"geometry":{"type":"MultiPolygon","coordinates":[[[[4.11819,44.87831],[4.11928,44.8804],[4.11715,44.89153],[4.1166,44.90785],[4.10533,44.9158],[4.08949,44.91927],[4.0889,44.92085],[4.08839,44.92252],[4.08364,44.92548],[4.08243,44.92891],[4.09429,44.93486],[4.10166,44.93428],[4.10349,44.93386],[4.10375,44.93004],[4.11781,44.92696],[4.1235,44.9327],[4.12825,44.94171],[4.12836,44.94218],[4.15248,44.9361],[4.15631,44.93084],[4.16056,44.92104],[4.1783,44.91641],[4.19016,44.91388],[4.18248,44.90595],[4.1823,44.89968],[4.17819,44.88582],[4.17588,44.88575],[4.16788,44.88285],[4.16183,44.87854],[4.15927,44.87453],[4.15655,44.8732],[4.1318,44.87485],[4.12425,44.87616],[4.11819,44.87831]]]]}},{"type":"Feature","properties":{"code":"43092","nom":"Fay-sur-Lignon","departement":"43","region":"84"},"geometry":{"type":"MultiPolygon","coordinates":[[[[4.23266,45.00089],[4.2338,44.99382],[4.23744,44.98586],[4.23541,44.97718],[4.23262,44.97183],[4.23451,44.9684],[4.22465,44.96313],[4.22089,44.96313],[4.21962,44.96415],[4.21833,44.97001],[4.21401,44.97214],[4.20668,44.97248],[4.19397,44.97069],[4.18803,44.97814],[4.18687,44.99004],[4.1905,44.99688],[4.18856,45.00077],[4.18837,45.00203],[4.19354,45.00451],[4.20411,45.0049],[4.20677,44.99965],[4.21045,45.00175],[4.22082,45.00267],[4.23003,45.00265],[4.23266,45.00089]]]]}},{"type":"Feature","properties":{"code":"43093","nom":"Félines","departement":"43","region":"84"},"geometry":{"type":"MultiPolygon","coordinates":[[[[3.78061,45.27692],[3.78047,45.27399],[3.77303,45.26518],[3.776,45.25348],[3.78371,45.24196],[3.78329,45.24116],[3.77642,45.2388],[3.76419,45.23081],[3.75903,45.22855],[3.75807,45.22834],[3.7526,45.2321],[3.75075,45.23598],[3.75235,45.24686],[3.74385,45.25655],[3.74087,45.25795],[3.73503,45.25786],[3.72494,45.25555],[3.71962,45.25279],[3.71449,45.2521],[3.71326,45.25336],[3.71619,45.26033],[3.71796,45.26138],[3.72019,45.26062],[3.72236,45.26593],[3.72251,45.28491],[3.72254,45.28601],[3.72412,45.286],[3.73484,45.28179],[3.74421,45.29159],[3.76165,45.29161],[3.77462,45.28465],[3.77716,45.27923],[3.78061,45.27692]]]]}},{"type":"Feature","properties":{"code":"43094","nom":"Ferrussac","departement":"43","region":"84"},"geometry":{"type":"MultiPolygon","coordinates":[[[[3.42651,45.10664],[3.42675,45.10574],[3.43577,45.10599],[3.43899,45.10461],[3.44038,45.09962],[3.43881,45.09854],[3.43693,45.09813],[3.43344,45.09409],[3.43449,45.09014],[3.42811,45.08035],[3.42126,45.07547],[3.40548,45.06859],[3.38937,45.05658],[3.38371,45.05477],[3.37872,45.05601],[3.37716,45.0581],[3.37728,45.06091],[3.37918,45.07156],[3.38294,45.0826],[3.38372,45.09684],[3.391,45.10481],[3.39816,45.10813],[3.40195,45.10815],[3.41917,45.10377],[3.42651,45.10664]]]]}},{"type":"Feature","properties":{"code":"43095","nom":"Fix-Saint-Geneys","departement":"43","region":"84"},"geometry":{"type":"MultiPolygon","coordinates":[[[[3.67976,45.13864],[3.67169,45.14053],[3.66926,45.13954],[3.67226,45.11934],[3.66899,45.11956],[3.66417,45.11709],[3.65538,45.12197],[3.65251,45.12392],[3.64398,45.13293],[3.64613,45.13554],[3.65758,45.14254],[3.65852,45.1446],[3.65728,45.14754],[3.65324,45.15128],[3.66092,45.16072],[3.66161,45.16013],[3.66412,45.157],[3.66621,45.15742],[3.66553,45.15992],[3.66961,45.16315],[3.67417,45.16383],[3.67942,45.16138],[3.68186,45.15973],[3.68215,45.15616],[3.67833,45.1496],[3.68195,45.14123],[3.67976,45.13864]]]]}},{"type":"Feature","properties":{"code":"43096","nom":"Fontannes","departement":"43","region":"84"},"geometry":{"type":"MultiPolygon","coordinates":[[[[3.46056,45.29192],[3.45534,45.28891],[3.45298,45.28875],[3.45064,45.28958],[3.43643,45.27856],[3.42916,45.26999],[3.42618,45.26852],[3.42121,45.26757],[3.40818,45.27721],[3.40757,45.27955],[3.41213,45.29599],[3.41106,45.29727],[3.40884,45.29726],[3.40269,45.30199],[3.4035,45.30288],[3.41893,45.29998],[3.42999,45.29899],[3.43949,45.30055],[3.45572,45.30308],[3.4595,45.30159],[3.46412,45.29916],[3.46388,45.298],[3.45962,45.29691],[3.45903,45.2952],[3.46056,45.29192]]]]}},{"type":"Feature","properties":{"code":"43097","nom":"Freycenet-la-Cuche","departement":"43","region":"84"},"geometry":{"type":"MultiPolygon","coordinates":[[[[4.0889,44.92085],[4.08949,44.91927],[4.10533,44.9158],[4.1166,44.90785],[4.11715,44.89153],[4.11928,44.8804],[4.11819,44.87831],[4.11728,44.87867],[4.1037,44.87595],[4.08817,44.87039],[4.07978,44.86834],[4.07769,44.86984],[4.08516,44.87818],[4.0765,44.88378],[4.07454,44.88723],[4.07391,44.89326],[4.07486,44.90018],[4.07411,44.90288],[4.07678,44.90384],[4.0746,44.90629],[4.07192,44.9148],[4.07126,44.92225],[4.07257,44.92263],[4.0889,44.92085]]]]}},{"type":"Feature","properties":{"code":"43100","nom":"Frugières-le-Pin","departement":"43","region":"84"},"geometry":{"type":"MultiPolygon","coordinates":[[[[3.46463,45.28139],[3.49878,45.28329],[3.51837,45.28892],[3.51926,45.2911],[3.52407,45.29268],[3.52777,45.29032],[3.52512,45.28832],[3.52519,45.28472],[3.52077,45.28326],[3.51781,45.28001],[3.51634,45.27026],[3.52339,45.25707],[3.52301,45.25635],[3.50726,45.25678],[3.49041,45.25586],[3.48643,45.2528],[3.48028,45.25084],[3.47861,45.25242],[3.47859,45.25404],[3.48166,45.2638],[3.46547,45.2794],[3.46463,45.28139]]]]}},{"type":"Feature","properties":{"code":"43101","nom":"Goudet","departement":"43","region":"84"},"geometry":{"type":"MultiPolygon","coordinates":[[[[3.91927,44.91337],[3.9185,44.91228],[3.91867,44.9034],[3.91952,44.90147],[3.93212,44.89058],[3.93674,44.88511],[3.941,44.88221],[3.94775,44.8806],[3.94688,44.8783],[3.93848,44.87956],[3.9209,44.87899],[3.91823,44.87732],[3.91663,44.88281],[3.9183,44.88726],[3.91642,44.8893],[3.9098,44.89152],[3.90143,44.89133],[3.90064,44.892],[3.91172,44.91181],[3.91456,44.91322],[3.91927,44.91337]]]]}},{"type":"Feature","properties":{"code":"43102","nom":"Grazac","departement":"43","region":"84"},"geometry":{"type":"MultiPolygon","coordinates":[[[[4.19444,45.1565],[4.18213,45.16726],[4.17004,45.17435],[4.15614,45.17805],[4.1495,45.18077],[4.14805,45.18254],[4.14902,45.18695],[4.15505,45.19142],[4.16417,45.19143],[4.16802,45.19461],[4.16623,45.20137],[4.16615,45.21177],[4.16876,45.22154],[4.17323,45.22181],[4.1787,45.22379],[4.17811,45.22483],[4.18052,45.22617],[4.19594,45.22378],[4.20513,45.21949],[4.20637,45.21318],[4.20463,45.21043],[4.20244,45.20724],[4.20452,45.20012],[4.20475,45.18716],[4.20144,45.1725],[4.20596,45.16524],[4.20713,45.15917],[4.20592,45.15586],[4.20293,45.15522],[4.20264,45.1562],[4.19965,45.15746],[4.19444,45.1565]]]]}},{"type":"Feature","properties":{"code":"43103","nom":"Grenier-Montgon","departement":"43","region":"84"},"geometry":{"type":"MultiPolygon","coordinates":[[[[3.24005,45.28652],[3.23675,45.28264],[3.23729,45.28012],[3.22939,45.27867],[3.22649,45.27196],[3.22448,45.2721],[3.21566,45.27665],[3.21265,45.28086],[3.21126,45.28141],[3.20368,45.2819],[3.18545,45.27958],[3.18862,45.28768],[3.18719,45.29178],[3.18814,45.29583],[3.19447,45.30088],[3.19854,45.30073],[3.2005,45.29121],[3.20511,45.28871],[3.21233,45.28708],[3.21773,45.28867],[3.2238,45.29344],[3.22788,45.29276],[3.24005,45.28652]]]]}},{"type":"Feature","properties":{"code":"43104","nom":"Grèzes","departement":"43","region":"84"},"geometry":{"type":"MultiPolygon","coordinates":[[[[3.41938,44.90837],[3.43888,44.92617],[3.44552,44.92703],[3.46544,44.92612],[3.46197,44.93527],[3.45948,44.93731],[3.46214,44.94007],[3.47144,44.94478],[3.47358,44.94508],[3.4853,44.94223],[3.49733,44.93702],[3.50637,44.92711],[3.5148,44.92103],[3.51651,44.91663],[3.51813,44.90424],[3.51728,44.90195],[3.51347,44.90157],[3.5093,44.89966],[3.49876,44.8946],[3.49003,44.89162],[3.45875,44.88412],[3.44581,44.87933],[3.43596,44.88022],[3.42764,44.8898],[3.42072,44.89485],[3.41804,44.9009],[3.41938,44.90837]]]]}},{"type":"Feature","properties":{"code":"43105","nom":"Javaugues","departement":"43","region":"84"},"geometry":{"type":"MultiPolygon","coordinates":[[[[3.51926,45.2911],[3.51837,45.28892],[3.49878,45.28329],[3.46463,45.28139],[3.46603,45.28669],[3.46568,45.29281],[3.46423,45.29368],[3.4691,45.29776],[3.47809,45.29913],[3.48591,45.29929],[3.49877,45.3026],[3.50285,45.30157],[3.50653,45.30227],[3.51338,45.29721],[3.51926,45.2911]]]]}},{"type":"Feature","properties":{"code":"43106","nom":"Jax","departement":"43","region":"84"},"geometry":{"type":"MultiPolygon","coordinates":[[[[3.59282,45.16784],[3.59474,45.17774],[3.60226,45.1912],[3.603,45.19445],[3.60221,45.19654],[3.60923,45.1971],[3.61389,45.19508],[3.61709,45.1921],[3.63233,45.16902],[3.64854,45.15638],[3.64812,45.15247],[3.63926,45.15158],[3.63435,45.14968],[3.62525,45.14976],[3.61823,45.15213],[3.61353,45.14971],[3.6072,45.15685],[3.60448,45.16453],[3.59282,45.16784]]]]}},{"type":"Feature","properties":{"code":"43107","nom":"Josat","departement":"43","region":"84"},"geometry":{"type":"MultiPolygon","coordinates":[[[[3.60221,45.19654],[3.5994,45.19624],[3.59546,45.19694],[3.59434,45.20058],[3.59722,45.20419],[3.59686,45.20869],[3.58953,45.21545],[3.58787,45.21883],[3.58512,45.2266],[3.58658,45.23041],[3.59054,45.23594],[3.59692,45.23645],[3.60488,45.23393],[3.61898,45.22722],[3.62083,45.22373],[3.62728,45.21975],[3.63144,45.2155],[3.63891,45.20305],[3.63598,45.20366],[3.62625,45.20084],[3.62141,45.19258],[3.61709,45.1921],[3.61389,45.19508],[3.60923,45.1971],[3.60221,45.19654]]]]}},{"type":"Feature","properties":{"code":"43108","nom":"Jullianges","departement":"43","region":"84"},"geometry":{"type":"MultiPolygon","coordinates":[[[[3.81378,45.32782],[3.81731,45.32692],[3.81851,45.31883],[3.81269,45.30658],[3.79736,45.29149],[3.78968,45.28812],[3.77716,45.27923],[3.77462,45.28465],[3.76165,45.29161],[3.74421,45.29159],[3.74705,45.29764],[3.74777,45.3023],[3.74793,45.30435],[3.74564,45.30898],[3.75448,45.31362],[3.7598,45.31474],[3.76886,45.31591],[3.77858,45.32096],[3.77757,45.32833],[3.78396,45.33205],[3.79352,45.32644],[3.80025,45.32413],[3.80278,45.3241],[3.81237,45.32646],[3.81378,45.32782]]]]}},{"type":"Feature","properties":{"code":"43109","nom":"Lafarre","departement":"43","region":"84"},"geometry":{"type":"MultiPolygon","coordinates":[[[[4.02886,44.8347],[4.02856,44.83292],[4.02321,44.83084],[4.00008,44.82593],[3.99357,44.82802],[3.99231,44.83186],[3.98834,44.83303],[3.98215,44.832],[3.97994,44.83012],[3.98006,44.82565],[3.98739,44.81734],[3.98885,44.81441],[3.98882,44.81175],[3.9881,44.81141],[3.9856,44.81232],[3.9816,44.81144],[3.97376,44.81619],[3.96496,44.82628],[3.96362,44.82935],[3.96163,44.83123],[3.97181,44.83773],[3.973,44.83918],[3.97346,44.84235],[3.96439,44.85251],[3.9615,44.85692],[3.962,44.85907],[3.97796,44.85651],[3.98637,44.85154],[3.99826,44.84773],[4.0053,44.84907],[4.01166,44.84843],[4.02015,44.8459],[4.0271,44.83571],[4.02886,44.8347]]]]}},{"type":"Feature","properties":{"code":"43110","nom":"Lamothe","departement":"43","region":"84"},"geometry":{"type":"MultiPolygon","coordinates":[[[[3.39482,45.31858],[3.39651,45.3189],[3.39745,45.32151],[3.39656,45.32266],[3.39445,45.32304],[3.41371,45.33403],[3.4246,45.32856],[3.42695,45.32495],[3.44029,45.31925],[3.44633,45.3189],[3.44914,45.32469],[3.45596,45.32644],[3.46368,45.32372],[3.46352,45.32169],[3.46685,45.31844],[3.46221,45.31516],[3.4429,45.30629],[3.43833,45.30248],[3.43949,45.30055],[3.42999,45.29899],[3.41893,45.29998],[3.4035,45.30288],[3.40467,45.30405],[3.40415,45.30738],[3.39482,45.31858]]]]}},{"type":"Feature","properties":{"code":"43111","nom":"Landos","departement":"43","region":"84"},"geometry":{"type":"MultiPolygon","coordinates":[[[[3.85883,44.88957],[3.86269,44.8786],[3.87006,44.87453],[3.88721,44.88078],[3.88387,44.87174],[3.87995,44.84574],[3.87091,44.84405],[3.85839,44.83857],[3.86419,44.83159],[3.87293,44.82661],[3.86674,44.82002],[3.86303,44.81271],[3.8607,44.81085],[3.84395,44.80877],[3.83942,44.80634],[3.83543,44.80815],[3.8377,44.81214],[3.82085,44.8297],[3.80774,44.83092],[3.80179,44.82882],[3.79727,44.82516],[3.80008,44.83547],[3.80476,44.84279],[3.80855,44.84506],[3.8118,44.84884],[3.80943,44.85963],[3.81923,44.87004],[3.82434,44.88158],[3.82744,44.88401],[3.84735,44.88574],[3.85185,44.88784],[3.85883,44.88957]]]]}},{"type":"Feature","properties":{"code":"43112","nom":"Langeac","departement":"43","region":"84"},"geometry":{"type":"MultiPolygon","coordinates":[[[[3.52753,45.09543],[3.52593,45.09375],[3.51637,45.0957],[3.50984,45.09318],[3.51073,45.09298],[3.51035,45.08073],[3.50588,45.06412],[3.50435,45.04955],[3.50475,45.04766],[3.50375,45.04566],[3.49629,45.03808],[3.49452,45.038],[3.49349,45.03845],[3.48987,45.03696],[3.48576,45.03427],[3.48499,45.03492],[3.48261,45.03845],[3.47938,45.04925],[3.48567,45.05897],[3.48565,45.06059],[3.48438,45.06178],[3.47537,45.06096],[3.46678,45.05685],[3.45889,45.05982],[3.45306,45.06876],[3.43698,45.07776],[3.43577,45.07758],[3.42811,45.08035],[3.43449,45.09014],[3.43344,45.09409],[3.43693,45.09813],[3.43881,45.09854],[3.4386,45.09677],[3.44321,45.09661],[3.44673,45.09769],[3.45026,45.09993],[3.45328,45.10254],[3.45541,45.10572],[3.45547,45.10796],[3.45994,45.11407],[3.46421,45.11635],[3.46407,45.11454],[3.47513,45.11028],[3.48033,45.11294],[3.49242,45.11453],[3.50127,45.1096],[3.50494,45.10614],[3.52753,45.09543]]]]}},{"type":"Feature","properties":{"code":"43113","nom":"Lantriac","departement":"43","region":"84"},"geometry":{"type":"MultiPolygon","coordinates":[[[[4.05477,44.99328],[4.05506,44.99161],[4.04672,44.98356],[4.03818,44.98357],[4.02617,44.98241],[4.01529,44.98031],[4.00982,44.97724],[4.00495,44.97312],[4.00331,44.96894],[4.00574,44.96404],[3.99542,44.96308],[3.97069,44.96547],[3.96882,44.96647],[3.96339,44.96873],[3.96211,44.97012],[3.9627,44.97086],[3.96347,44.9702],[3.97583,44.97261],[3.97445,44.97885],[3.96868,44.98018],[3.96356,44.98257],[3.96204,44.98447],[3.96156,44.98729],[3.96315,44.99074],[3.96942,44.99294],[3.97583,45.00334],[3.97498,45.00554],[3.98571,45.00536],[3.99688,45.01479],[4.00448,45.01805],[4.01387,45.01336],[4.02796,45.0042],[4.04115,44.99939],[4.04362,44.99761],[4.05258,44.99354],[4.05477,44.99328]]]]}},{"type":"Feature","properties":{"code":"43114","nom":"Lapte","departement":"43","region":"84"},"geometry":{"type":"MultiPolygon","coordinates":[[[[4.25795,45.15096],[4.24586,45.15722],[4.24106,45.15744],[4.21712,45.14477],[4.21525,45.14524],[4.21164,45.14832],[4.21231,45.15005],[4.203,45.15394],[4.20293,45.15522],[4.20592,45.15586],[4.20713,45.15917],[4.20596,45.16524],[4.20144,45.1725],[4.20475,45.18716],[4.20452,45.20012],[4.20244,45.20724],[4.20463,45.21043],[4.22064,45.20742],[4.22791,45.20762],[4.22951,45.21011],[4.2302,45.21907],[4.23475,45.2196],[4.23798,45.21826],[4.24336,45.21434],[4.24919,45.21485],[4.25128,45.20426],[4.2608,45.18585],[4.26512,45.1743],[4.27522,45.16625],[4.29002,45.15867],[4.28981,45.15845],[4.28639,45.15522],[4.2805,45.15384],[4.27718,45.15485],[4.276,45.15745],[4.26523,45.1581],[4.25795,45.15096]]]]}},{"type":"Feature","properties":{"code":"43115","nom":"Laussonne","departement":"43","region":"84"},"geometry":{"type":"MultiPolygon","coordinates":[[[[4.08533,44.94178],[4.07153,44.94424],[4.06705,44.94606],[4.04984,44.94677],[4.04782,44.94678],[4.03896,44.95031],[4.0253,44.95197],[4.01889,44.95377],[4.01614,44.95927],[4.00845,44.96432],[4.00574,44.96404],[4.00331,44.96894],[4.00495,44.97312],[4.00982,44.97724],[4.01529,44.98031],[4.02617,44.98241],[4.03818,44.98357],[4.04672,44.98356],[4.05506,44.99161],[4.05477,44.99328],[4.0594,44.99312],[4.05941,44.98803],[4.06345,44.98509],[4.07241,44.98517],[4.08042,44.98434],[4.09581,44.97559],[4.0875,44.95879],[4.08543,44.95171],[4.08533,44.94178]]]]}},{"type":"Feature","properties":{"code":"43116","nom":"Laval-sur-Doulon","departement":"43","region":"84"},"geometry":{"type":"MultiPolygon","coordinates":[[[[3.54079,45.34744],[3.55366,45.35566],[3.56478,45.36675],[3.56957,45.37618],[3.56615,45.38223],[3.56894,45.38569],[3.58091,45.38205],[3.58114,45.38279],[3.58707,45.37665],[3.58802,45.37481],[3.5874,45.37357],[3.58508,45.36909],[3.58564,45.36595],[3.5867,45.36165],[3.59069,45.35699],[3.57169,45.33571],[3.56504,45.33131],[3.55908,45.3334],[3.55616,45.3335],[3.55343,45.33167],[3.55187,45.32782],[3.54847,45.33045],[3.54756,45.33349],[3.54326,45.33967],[3.54087,45.34476],[3.54079,45.34744]]]]}},{"type":"Feature","properties":{"code":"43117","nom":"Lavaudieu","departement":"43","region":"84"},"geometry":{"type":"MultiPolygon","coordinates":[[[[3.47859,45.25404],[3.47739,45.25379],[3.47532,45.25124],[3.4763,45.24325],[3.47622,45.24247],[3.47048,45.23829],[3.4542,45.23458],[3.45352,45.23266],[3.44285,45.2462],[3.43116,45.25148],[3.428,45.2548],[3.42687,45.263],[3.42916,45.26999],[3.43643,45.27856],[3.45064,45.28958],[3.45298,45.28875],[3.45534,45.28891],[3.46056,45.29192],[3.46423,45.29368],[3.46568,45.29281],[3.46603,45.28669],[3.46463,45.28139],[3.46547,45.2794],[3.48166,45.2638],[3.47859,45.25404]]]]}},{"type":"Feature","properties":{"code":"43118","nom":"Lavoûte-Chilhac","departement":"43","region":"84"},"geometry":{"type":"MultiPolygon","coordinates":[[[[3.39216,45.1472],[3.39587,45.1556],[3.40704,45.16212],[3.41377,45.16735],[3.42422,45.16569],[3.43197,45.16612],[3.42003,45.15856],[3.4216,45.15572],[3.42041,45.15451],[3.41993,45.15045],[3.42109,45.14687],[3.41963,45.14521],[3.41148,45.14549],[3.4106,45.14657],[3.40342,45.14761],[3.39462,45.14776],[3.39216,45.1472]]]]}},{"type":"Feature","properties":{"code":"43119","nom":"Lavoûte-sur-Loire","departement":"43","region":"84"},"geometry":{"type":"MultiPolygon","coordinates":[[[[3.87609,45.1269],[3.88247,45.13044],[3.88874,45.13235],[3.90376,45.13137],[3.91795,45.12621],[3.92007,45.12615],[3.9205,45.12803],[3.92734,45.1265],[3.93709,45.12264],[3.93797,45.12131],[3.93787,45.11724],[3.93612,45.11309],[3.93493,45.11398],[3.92618,45.10831],[3.91703,45.11214],[3.91235,45.11261],[3.90229,45.11043],[3.89761,45.10874],[3.89555,45.10695],[3.89052,45.10622],[3.87684,45.11202],[3.87211,45.11229],[3.87162,45.11333],[3.87609,45.1269]]]]}},{"type":"Feature","properties":{"code":"43120","nom":"Lempdes-sur-Allagnon","departement":"43","region":"84"},"geometry":{"type":"MultiPolygon","coordinates":[[[[3.27875,45.35935],[3.2763,45.35861],[3.27402,45.35886],[3.27308,45.36525],[3.26829,45.36961],[3.26318,45.37315],[3.25939,45.373],[3.25613,45.37427],[3.25477,45.37653],[3.25849,45.38144],[3.26003,45.39101],[3.26607,45.39267],[3.2714,45.39278],[3.28673,45.39976],[3.2958,45.39467],[3.29977,45.39001],[3.2951,45.37508],[3.2998,45.36908],[3.30138,45.36831],[3.30456,45.36436],[3.29981,45.3621],[3.29894,45.36293],[3.28227,45.36263],[3.27838,45.36067],[3.27875,45.35935]]]]}},{"type":"Feature","properties":{"code":"43121","nom":"Léotoing","departement":"43","region":"84"},"geometry":{"type":"MultiPolygon","coordinates":[[[[3.21591,45.37005],[3.21853,45.36946],[3.22415,45.3711],[3.25283,45.37524],[3.25613,45.37427],[3.25939,45.373],[3.26318,45.37315],[3.26829,45.36961],[3.27308,45.36525],[3.27402,45.35886],[3.2763,45.35861],[3.27875,45.35935],[3.27813,45.34936],[3.27005,45.34598],[3.25562,45.34302],[3.24985,45.34049],[3.23702,45.33255],[3.22977,45.32904],[3.23152,45.32571],[3.22258,45.3255],[3.21908,45.32611],[3.22004,45.32809],[3.21817,45.3298],[3.20759,45.33444],[3.20707,45.33795],[3.20927,45.34399],[3.21315,45.34902],[3.2213,45.35167],[3.21689,45.36028],[3.21333,45.36302],[3.21177,45.36733],[3.21591,45.37005]]]]}},{"type":"Feature","properties":{"code":"43122","nom":"Lissac","departement":"43","region":"84"},"geometry":{"type":"MultiPolygon","coordinates":[[[[3.77303,45.15337],[3.77593,45.15226],[3.78545,45.14089],[3.7734,45.11647],[3.76293,45.11356],[3.75728,45.11762],[3.74901,45.12537],[3.74636,45.12603],[3.73149,45.11956],[3.73018,45.122],[3.72746,45.12235],[3.73608,45.1348],[3.74724,45.143],[3.75063,45.1453],[3.75008,45.14761],[3.75093,45.15054],[3.75494,45.15436],[3.76251,45.15631],[3.77303,45.15337]]]]}},{"type":"Feature","properties":{"code":"43123","nom":"Lorlanges","departement":"43","region":"84"},"geometry":{"type":"MultiPolygon","coordinates":[[[[3.29231,45.31101],[3.27938,45.30873],[3.27333,45.30664],[3.26797,45.30142],[3.25756,45.3046],[3.24967,45.30883],[3.2364,45.31888],[3.23152,45.32571],[3.22977,45.32904],[3.23702,45.33255],[3.24985,45.34049],[3.25562,45.34302],[3.27005,45.34598],[3.27813,45.34936],[3.28133,45.33085],[3.29231,45.31101]]]]}},{"type":"Feature","properties":{"code":"43124","nom":"Loudes","departement":"43","region":"84"},"geometry":{"type":"MultiPolygon","coordinates":[[[[3.73052,45.07024],[3.72192,45.08218],[3.71255,45.08558],[3.70778,45.09054],[3.70471,45.09552],[3.70337,45.09522],[3.70325,45.10904],[3.70496,45.11132],[3.70966,45.11394],[3.71262,45.11455],[3.71978,45.1127],[3.72701,45.11418],[3.73149,45.11956],[3.74636,45.12603],[3.74901,45.12537],[3.75728,45.11762],[3.76293,45.11356],[3.7734,45.11647],[3.77276,45.11387],[3.77679,45.11243],[3.78748,45.11256],[3.78818,45.11013],[3.78862,45.10747],[3.78781,45.10572],[3.77435,45.08735],[3.77585,45.07914],[3.77634,45.07636],[3.77241,45.07745],[3.75927,45.078],[3.74842,45.07651],[3.73052,45.07024]]]]}},{"type":"Feature","properties":{"code":"43125","nom":"Lubilhac","departement":"43","region":"84"},"geometry":{"type":"MultiPolygon","coordinates":[[[[3.24693,45.21559],[3.23938,45.21722],[3.23533,45.21996],[3.23436,45.22991],[3.2302,45.24051],[3.22674,45.24305],[3.22437,45.24958],[3.22515,45.25911],[3.22714,45.26742],[3.22649,45.27196],[3.22939,45.27867],[3.23729,45.28012],[3.25694,45.26886],[3.27461,45.26558],[3.2767,45.26283],[3.27859,45.25652],[3.26795,45.24532],[3.26596,45.24136],[3.26562,45.23643],[3.26972,45.23577],[3.26924,45.23303],[3.27117,45.23206],[3.28672,45.22751],[3.28827,45.22637],[3.29164,45.22018],[3.27623,45.21333],[3.27211,45.20959],[3.25992,45.21274],[3.25204,45.21663],[3.24886,45.2172],[3.24682,45.21649],[3.24693,45.21559]]]]}},{"type":"Feature","properties":{"code":"43126","nom":"Malrevers","departement":"43","region":"84"},"geometry":{"type":"MultiPolygon","coordinates":[[[[3.99455,45.09516],[3.99548,45.09451],[3.99427,45.09154],[3.9897,45.08324],[3.98262,45.07866],[3.97999,45.07808],[3.97738,45.07953],[3.97553,45.0792],[3.97421,45.07741],[3.97714,45.0751],[3.97554,45.07247],[3.97357,45.07323],[3.96732,45.07829],[3.95331,45.09125],[3.9394,45.09835],[3.92618,45.10831],[3.93493,45.11398],[3.93612,45.11309],[3.9414,45.11054],[3.94682,45.10946],[3.95837,45.11173],[3.96419,45.11644],[3.96419,45.12047],[3.96544,45.1209],[3.97234,45.12025],[3.98174,45.11456],[3.98702,45.10908],[3.99128,45.09673],[3.99302,45.09478],[3.99455,45.09516]]]]}},{"type":"Feature","properties":{"code":"43127","nom":"Malvalette","departement":"43","region":"84"},"geometry":{"type":"MultiPolygon","coordinates":[[[[4.10795,45.35473],[4.10917,45.35649],[4.10875,45.35924],[4.11024,45.36374],[4.11624,45.36822],[4.11935,45.36911],[4.15412,45.36459],[4.15816,45.37271],[4.15782,45.3736],[4.1472,45.38257],[4.14391,45.38422],[4.14962,45.3846],[4.1624,45.38923],[4.17191,45.38062],[4.17319,45.37474],[4.16537,45.37087],[4.17252,45.3604],[4.17803,45.35641],[4.19462,45.34801],[4.19014,45.34131],[4.1887,45.33898],[4.18032,45.33206],[4.15637,45.33466],[4.15396,45.33312],[4.15321,45.33101],[4.15397,45.3291],[4.14801,45.33146],[4.14461,45.3342],[4.13784,45.34241],[4.13239,45.3447],[4.11849,45.34839],[4.10846,45.35381],[4.10795,45.35473]]]]}},{"type":"Feature","properties":{"code":"43128","nom":"Malvières","departement":"43","region":"84"},"geometry":{"type":"MultiPolygon","coordinates":[[[[3.7061,45.36072],[3.71873,45.36114],[3.73221,45.35771],[3.74759,45.35518],[3.7525,45.35512],[3.756,45.35386],[3.75331,45.35035],[3.7504,45.34268],[3.75116,45.3314],[3.7477,45.32773],[3.746,45.32715],[3.73131,45.32608],[3.72336,45.32255],[3.71383,45.32031],[3.71051,45.32505],[3.70516,45.3399],[3.69749,45.34644],[3.70141,45.34858],[3.70639,45.35927],[3.7061,45.36072]]]]}},{"type":"Feature","properties":{"code":"43129","nom":"Le Mas-de-Tence","departement":"43","region":"84"},"geometry":{"type":"MultiPolygon","coordinates":[[[[4.38465,45.10139],[4.37062,45.10261],[4.36611,45.10064],[4.35938,45.09977],[4.36012,45.10108],[4.35496,45.10277],[4.35227,45.10733],[4.34443,45.12984],[4.34716,45.13421],[4.35128,45.13758],[4.35301,45.1374],[4.37638,45.1444],[4.37587,45.13565],[4.36944,45.12849],[4.37975,45.12299],[4.38931,45.12233],[4.4001,45.11837],[4.39953,45.10449],[4.38465,45.10139]]]]}},{"type":"Feature","properties":{"code":"43130","nom":"Mazet-Saint-Voy","departement":"43","region":"84"},"geometry":{"type":"MultiPolygon","coordinates":[[[[4.20635,45.06684],[4.21113,45.06982],[4.23916,45.07183],[4.24239,45.07355],[4.24736,45.07853],[4.24921,45.08597],[4.25162,45.08753],[4.25576,45.08571],[4.28834,45.0833],[4.29044,45.07306],[4.2834,45.06525],[4.27885,45.06304],[4.27603,45.06065],[4.27487,45.05803],[4.27773,45.05102],[4.27844,45.04546],[4.27623,45.03038],[4.26858,45.02285],[4.26119,45.02201],[4.24434,45.0106],[4.24653,45.00557],[4.24133,44.9998],[4.23667,45.0002],[4.23513,45.00149],[4.23266,45.00089],[4.23003,45.00265],[4.22082,45.00267],[4.21045,45.00175],[4.20677,44.99965],[4.20411,45.0049],[4.2082,45.01948],[4.20651,45.02414],[4.20173,45.02827],[4.19907,45.02914],[4.19626,45.0313],[4.19078,45.0351],[4.19003,45.04354],[4.19194,45.04994],[4.19787,45.05508],[4.21653,45.05543],[4.22,45.05754],[4.22002,45.06047],[4.21599,45.06496],[4.20635,45.06684]]]]}},{"type":"Feature","properties":{"code":"43131","nom":"Mazerat-Aurouze","departement":"43","region":"84"},"geometry":{"type":"MultiPolygon","coordinates":[[[[3.57001,45.2062],[3.56863,45.20197],[3.56911,45.19928],[3.57347,45.19486],[3.57941,45.19462],[3.58461,45.19771],[3.59434,45.20058],[3.59546,45.19694],[3.5994,45.19624],[3.60221,45.19654],[3.603,45.19445],[3.60226,45.1912],[3.59474,45.17774],[3.59282,45.16784],[3.58759,45.16848],[3.56925,45.16865],[3.562,45.16804],[3.56059,45.17297],[3.55741,45.17582],[3.52687,45.18733],[3.5261,45.19013],[3.53126,45.20002],[3.5334,45.19983],[3.53978,45.20284],[3.54552,45.20792],[3.55372,45.20942],[3.55955,45.20995],[3.57001,45.2062]]]]}},{"type":"Feature","properties":{"code":"43132","nom":"Mazeyrat-d'Allier","departement":"43","region":"84"},"geometry":{"type":"MultiPolygon","coordinates":[[[[3.5975,45.13069],[3.59135,45.11429],[3.58858,45.11128],[3.57954,45.10556],[3.57656,45.106],[3.55684,45.10541],[3.54715,45.10375],[3.53231,45.09886],[3.52753,45.09543],[3.50494,45.10614],[3.50127,45.1096],[3.49242,45.11453],[3.48033,45.11294],[3.47513,45.11028],[3.46407,45.11454],[3.46421,45.11635],[3.47605,45.13591],[3.48056,45.14054],[3.47815,45.14239],[3.4829,45.14808],[3.4865,45.14722],[3.48881,45.1478],[3.4936,45.16172],[3.51511,45.16741],[3.51663,45.16682],[3.51798,45.1633],[3.52165,45.15883],[3.53799,45.14951],[3.54565,45.14007],[3.54916,45.13928],[3.55931,45.14313],[3.57814,45.14097],[3.59093,45.13672],[3.59407,45.13165],[3.5975,45.13069]]]]}},{"type":"Feature","properties":{"code":"43150","nom":"Le Pertuis","departement":"43","region":"84"},"geometry":{"type":"MultiPolygon","coordinates":[[[[4.06925,45.12043],[4.0796,45.11837],[4.08364,45.11565],[4.08339,45.10696],[4.09057,45.10371],[4.09165,45.10392],[4.09598,45.09515],[4.09616,45.09402],[4.09086,45.08981],[4.08026,45.08753],[4.05688,45.0897],[4.0471,45.09213],[4.03713,45.09762],[4.02945,45.10068],[4.02844,45.10109],[4.03107,45.10148],[4.03288,45.10336],[4.04145,45.11375],[4.04305,45.11773],[4.04486,45.11744],[4.04886,45.11463],[4.05609,45.11431],[4.0631,45.11694],[4.06925,45.12043]]]]}},{"type":"Feature","properties":{"code":"43133","nom":"Mercœur","departement":"43","region":"84"},"geometry":{"type":"MultiPolygon","coordinates":[[[[3.27211,45.20959],[3.27623,45.21333],[3.29164,45.22018],[3.29696,45.21111],[3.3072,45.19941],[3.31373,45.19683],[3.33714,45.19435],[3.34018,45.1948],[3.34276,45.19613],[3.34846,45.20672],[3.35368,45.21053],[3.35799,45.2114],[3.36467,45.20653],[3.36556,45.20445],[3.35931,45.20331],[3.35272,45.19805],[3.36059,45.18837],[3.36086,45.1847],[3.35445,45.18283],[3.35309,45.18196],[3.35307,45.18066],[3.34699,45.17356],[3.33742,45.17197],[3.32361,45.17142],[3.31863,45.17224],[3.31916,45.17321],[3.31402,45.17758],[3.30815,45.18021],[3.28911,45.16791],[3.28452,45.16389],[3.2852,45.15982],[3.28348,45.15097],[3.28214,45.15158],[3.28018,45.1528],[3.26797,45.15406],[3.26235,45.1692],[3.26075,45.18208],[3.26744,45.18741],[3.27062,45.19598],[3.27247,45.20691],[3.27211,45.20959]]]]}},{"type":"Feature","properties":{"code":"43134","nom":"Mézères","departement":"43","region":"84"},"geometry":{"type":"MultiPolygon","coordinates":[[[[3.98786,45.16669],[3.9926,45.171],[3.99648,45.17268],[4.00076,45.18091],[3.99885,45.18538],[3.98817,45.18724],[3.98836,45.18939],[3.99122,45.19147],[4.00068,45.19268],[3.9998,45.18847],[4.00232,45.18546],[4.01127,45.1803],[4.0235,45.17652],[4.02366,45.17562],[4.03635,45.16986],[4.03763,45.16526],[4.02911,45.15369],[4.02431,45.14413],[4.02111,45.14177],[4.01911,45.14243],[4.01561,45.1531],[4.01654,45.15606],[4.01595,45.15787],[4.01285,45.16012],[4.00747,45.16202],[4.00294,45.16228],[3.99135,45.1646],[3.98786,45.16669]]]]}},{"type":"Feature","properties":{"code":"43135","nom":"Le Monastier-sur-Gazeille","departement":"43","region":"84"},"geometry":{"type":"MultiPolygon","coordinates":[[[[3.96219,44.93574],[3.96583,44.94223],[3.95749,44.95391],[3.9575,44.95808],[3.95609,44.96005],[3.96379,44.96331],[3.96882,44.96647],[3.97069,44.96547],[3.99542,44.96308],[4.00574,44.96404],[4.00845,44.96432],[4.01614,44.95927],[4.01889,44.95377],[4.0253,44.95197],[4.03896,44.95031],[4.04782,44.94678],[4.04984,44.94677],[4.0471,44.94611],[4.0464,44.94527],[4.04744,44.93546],[4.05032,44.93054],[4.05831,44.9263],[4.07257,44.92263],[4.07126,44.92225],[4.07192,44.9148],[4.0746,44.90629],[4.07678,44.90384],[4.07411,44.90288],[4.07359,44.90335],[4.07328,44.90228],[4.06655,44.90256],[4.05787,44.9057],[4.05483,44.90783],[4.05231,44.91421],[4.04973,44.9152],[4.03525,44.91383],[4.02182,44.9137],[4.01379,44.90679],[4.01265,44.90225],[4.00553,44.90414],[3.99888,44.90679],[3.99203,44.91098],[3.98607,44.91269],[3.97389,44.91228],[3.97138,44.92027],[3.96435,44.93189],[3.9637,44.93479],[3.96219,44.93574]]]]}},{"type":"Feature","properties":{"code":"43136","nom":"Monistrol-d'Allier","departement":"43","region":"84"},"geometry":{"type":"MultiPolygon","coordinates":[[[[3.63176,44.95111],[3.62892,44.95993],[3.61672,44.96968],[3.60343,44.976],[3.60158,44.97825],[3.60069,44.98838],[3.59361,44.99907],[3.59068,44.99976],[3.58708,45.00885],[3.58947,45.01352],[3.60407,45.01418],[3.61679,45.01876],[3.6267,45.01325],[3.63106,45.00692],[3.62711,45.0019],[3.62558,44.99812],[3.62742,44.9937],[3.63393,44.98463],[3.64372,44.97464],[3.64866,44.9717],[3.66391,44.96938],[3.66924,44.9699],[3.68052,44.97427],[3.68341,44.96772],[3.6954,44.95891],[3.69686,44.95686],[3.69462,44.95455],[3.68544,44.95071],[3.67518,44.94996],[3.66782,44.93732],[3.66577,44.93536],[3.65858,44.94105],[3.65165,44.94443],[3.6394,44.94999],[3.63176,44.95111]]]]}},{"type":"Feature","properties":{"code":"43137","nom":"Monistrol-sur-Loire","departement":"43","region":"84"},"geometry":{"type":"MultiPolygon","coordinates":[[[[4.14005,45.31203],[4.15114,45.31527],[4.15636,45.32023],[4.15799,45.3228],[4.15792,45.32493],[4.15428,45.32875],[4.15804,45.3293],[4.16528,45.32898],[4.17395,45.32761],[4.18369,45.32421],[4.19598,45.32325],[4.20268,45.32153],[4.21097,45.31787],[4.22934,45.31185],[4.23071,45.31219],[4.23071,45.31479],[4.23138,45.31422],[4.2348,45.31132],[4.23587,45.30841],[4.23771,45.28838],[4.23552,45.28055],[4.23076,45.27974],[4.22006,45.27504],[4.21797,45.27038],[4.2114,45.2643],[4.20283,45.265],[4.19851,45.26685],[4.18738,45.26479],[4.18597,45.264],[4.18526,45.26186],[4.18783,45.25845],[4.18165,45.25042],[4.17951,45.25101],[4.17343,45.25667],[4.16956,45.25857],[4.15628,45.25809],[4.15709,45.25348],[4.15649,45.24933],[4.15483,45.24447],[4.15279,45.24173],[4.14928,45.24668],[4.14993,45.25104],[4.15156,45.25221],[4.15217,45.25564],[4.15103,45.2567],[4.14466,45.25867],[4.14143,45.26072],[4.13821,45.26495],[4.1355,45.26932],[4.13479,45.27352],[4.13521,45.27782],[4.14044,45.27916],[4.14546,45.28155],[4.14607,45.284],[4.14546,45.28626],[4.14301,45.28715],[4.14578,45.30493],[4.14005,45.31203]]]]}},{"type":"Feature","properties":{"code":"43138","nom":"Monlet","departement":"43","region":"84"},"geometry":{"type":"MultiPolygon","coordinates":[[[[3.67963,45.20885],[3.66507,45.22123],[3.65891,45.22938],[3.672,45.24245],[3.6728,45.24977],[3.66607,45.25702],[3.68072,45.25015],[3.6895,45.24937],[3.69797,45.24994],[3.71326,45.25336],[3.71449,45.2521],[3.71962,45.25279],[3.72494,45.25555],[3.73503,45.25786],[3.74087,45.25795],[3.74385,45.25655],[3.75235,45.24686],[3.75075,45.23598],[3.7526,45.2321],[3.75807,45.22834],[3.75903,45.22855],[3.76177,45.22235],[3.75465,45.20372],[3.7511,45.19864],[3.73031,45.19615],[3.72736,45.19824],[3.7277,45.20176],[3.72874,45.20539],[3.73318,45.20991],[3.72448,45.21511],[3.71826,45.21392],[3.71379,45.20936],[3.7075,45.20565],[3.69928,45.20556],[3.68379,45.20894],[3.67963,45.20885]]]]}},{"type":"Feature","properties":{"code":"43139","nom":"Montclard","departement":"43","region":"84"},"geometry":{"type":"MultiPolygon","coordinates":[[[[3.55582,45.27395],[3.56024,45.26999],[3.5989,45.27076],[3.61424,45.27211],[3.61883,45.26947],[3.61948,45.26675],[3.61733,45.26502],[3.60735,45.25683],[3.60091,45.25404],[3.59328,45.25126],[3.58731,45.25216],[3.58581,45.25313],[3.58112,45.25109],[3.57872,45.25084],[3.56867,45.2578],[3.56345,45.25994],[3.56014,45.25938],[3.54729,45.261],[3.53509,45.26589],[3.54305,45.27008],[3.54413,45.26868],[3.54889,45.26856],[3.55064,45.26914],[3.55582,45.27395]]]]}},{"type":"Feature","properties":{"code":"43140","nom":"Le Monteil","departement":"43","region":"84"},"geometry":{"type":"MultiPolygon","coordinates":[[[[3.89886,45.06989],[3.89756,45.07226],[3.89829,45.07365],[3.90186,45.07523],[3.91138,45.07685],[3.91316,45.07678],[3.91373,45.07494],[3.92175,45.06947],[3.9235,45.0648],[3.92291,45.06087],[3.91998,45.05581],[3.91489,45.05509],[3.91376,45.05709],[3.9113,45.06412],[3.9044,45.0679],[3.90113,45.06827],[3.89886,45.06989]]]]}},{"type":"Feature","properties":{"code":"43141","nom":"Montfaucon-en-Velay","departement":"43","region":"84"},"geometry":{"type":"MultiPolygon","coordinates":[[[[4.31749,45.19488],[4.32088,45.19243],[4.34114,45.1908],[4.34548,45.18665],[4.34456,45.18668],[4.34203,45.18046],[4.33773,45.17877],[4.32764,45.17708],[4.30203,45.17494],[4.29964,45.17723],[4.30815,45.18959],[4.31452,45.19508],[4.31749,45.19488]]]]}},{"type":"Feature","properties":{"code":"43142","nom":"Montregard","departement":"43","region":"84"},"geometry":{"type":"MultiPolygon","coordinates":[[[[4.41654,45.16535],[4.40815,45.15222],[4.40841,45.14706],[4.41116,45.14082],[4.39263,45.1416],[4.37638,45.1444],[4.35301,45.1374],[4.35128,45.13758],[4.34716,45.13421],[4.34443,45.12984],[4.33858,45.12905],[4.33158,45.13161],[4.31664,45.13968],[4.3053,45.14925],[4.28981,45.15845],[4.29002,45.15867],[4.29358,45.15818],[4.29703,45.16026],[4.30203,45.17494],[4.32764,45.17708],[4.33773,45.17877],[4.34203,45.18046],[4.34456,45.18668],[4.34548,45.18665],[4.35363,45.18654],[4.38026,45.18257],[4.38852,45.18206],[4.38853,45.1808],[4.3904,45.17999],[4.40488,45.17578],[4.41389,45.16947],[4.41654,45.16535]]]]}},{"type":"Feature","properties":{"code":"43143","nom":"Montusclat","departement":"43","region":"84"},"geometry":{"type":"MultiPolygon","coordinates":[[[[4.11867,45.02026],[4.11902,45.01922],[4.12112,45.01946],[4.13403,45.02364],[4.15061,45.01662],[4.15743,45.00804],[4.15843,45.00679],[4.15783,45.00656],[4.14441,45.00721],[4.13039,45.00124],[4.11689,44.99837],[4.11245,44.99869],[4.10485,45.00391],[4.10384,45.00656],[4.1005,45.00815],[4.0965,45.00724],[4.0885,45.00386],[4.08384,44.99733],[4.07236,44.99542],[4.07346,45.00445],[4.0793,45.014],[4.0838,45.01682],[4.08627,45.01744],[4.08807,45.01573],[4.09447,45.01473],[4.10168,45.01509],[4.11512,45.02023],[4.11867,45.02026]]]]}},{"type":"Feature","properties":{"code":"43144","nom":"Moudeyres","departement":"43","region":"84"},"geometry":{"type":"MultiPolygon","coordinates":[[[[4.10166,44.93428],[4.10208,44.93906],[4.08533,44.94178],[4.08543,44.95171],[4.0875,44.95879],[4.09581,44.97559],[4.10173,44.9729],[4.10454,44.96938],[4.10944,44.96038],[4.11413,44.94845],[4.12475,44.94177],[4.12825,44.94171],[4.1235,44.9327],[4.11781,44.92696],[4.10375,44.93004],[4.10349,44.93386],[4.10166,44.93428]]]]}},{"type":"Feature","properties":{"code":"43145","nom":"Ouides","departement":"43","region":"84"},"geometry":{"type":"MultiPolygon","coordinates":[[[[3.77236,44.91157],[3.75991,44.90389],[3.75606,44.89885],[3.75327,44.8927],[3.74339,44.8906],[3.72989,44.89126],[3.72271,44.89351],[3.71664,44.90111],[3.71456,44.90265],[3.71256,44.90302],[3.71066,44.90745],[3.7118,44.91185],[3.71467,44.91434],[3.71896,44.91613],[3.73769,44.91758],[3.74613,44.91896],[3.76559,44.91751],[3.76905,44.91799],[3.77236,44.91157]]]]}},{"type":"Feature","properties":{"code":"43147","nom":"Paulhac","departement":"43","region":"84"},"geometry":{"type":"MultiPolygon","coordinates":[[[[3.31392,45.28961],[3.32524,45.29894],[3.32769,45.30374],[3.3325,45.30659],[3.34668,45.3086],[3.36234,45.30636],[3.36363,45.30491],[3.367,45.3006],[3.36665,45.29912],[3.35794,45.28718],[3.35731,45.28473],[3.3539,45.28433],[3.3511,45.28832],[3.34269,45.29225],[3.33931,45.29265],[3.33631,45.29173],[3.33236,45.2876],[3.3325,45.2816],[3.32593,45.2779],[3.31458,45.2759],[3.31392,45.28961]]]]}},{"type":"Feature","properties":{"code":"43148","nom":"Paulhaguet","departement":"43","region":"84"},"geometry":{"type":"MultiPolygon","coordinates":[[[[3.53512,45.24237],[3.54203,45.2391],[3.54394,45.23494],[3.53644,45.2326],[3.5329,45.23269],[3.52933,45.23123],[3.52133,45.22459],[3.53102,45.20781],[3.53126,45.20002],[3.5261,45.19013],[3.52333,45.18925],[3.51333,45.19395],[3.51092,45.20171],[3.50819,45.20427],[3.50524,45.20499],[3.50341,45.2045],[3.50509,45.20706],[3.50409,45.21311],[3.49821,45.2201],[3.48953,45.22369],[3.48839,45.22478],[3.48713,45.22695],[3.49149,45.23223],[3.48744,45.23475],[3.48796,45.23632],[3.49324,45.2381],[3.49715,45.23789],[3.50331,45.23423],[3.50756,45.233],[3.52268,45.23475],[3.52846,45.23672],[3.53512,45.24237]]]]}},{"type":"Feature","properties":{"code":"43149","nom":"Pébrac","departement":"43","region":"84"},"geometry":{"type":"MultiPolygon","coordinates":[[[[3.54927,45.04723],[3.54773,45.04565],[3.53817,45.03114],[3.53789,45.02312],[3.54076,45.02097],[3.5416,45.00866],[3.53846,45.00791],[3.51355,45.00737],[3.49998,45.00255],[3.49733,45.00468],[3.49719,45.00769],[3.5017,45.01389],[3.50313,45.01777],[3.50281,45.02183],[3.49969,45.03301],[3.49736,45.03259],[3.4932,45.03715],[3.49452,45.038],[3.49629,45.03808],[3.50375,45.04566],[3.50475,45.04766],[3.50435,45.04955],[3.50757,45.05283],[3.51206,45.05479],[3.52257,45.05473],[3.54329,45.04964],[3.54927,45.04723]]]]}},{"type":"Feature","properties":{"code":"43151","nom":"Pinols","departement":"43","region":"84"},"geometry":{"type":"MultiPolygon","coordinates":[[[[3.37145,45.00231],[3.36945,45.0054],[3.36225,45.00228],[3.35851,45.00176],[3.35234,45.00225],[3.35005,45.00328],[3.35052,45.01218],[3.34731,45.01435],[3.33036,45.00786],[3.32466,45.00981],[3.33709,45.02538],[3.33892,45.02765],[3.3411,45.04306],[3.34233,45.04541],[3.34424,45.04607],[3.35122,45.04976],[3.37728,45.06091],[3.37716,45.0581],[3.37872,45.05601],[3.38371,45.05477],[3.38937,45.05658],[3.40548,45.06859],[3.42126,45.07547],[3.42811,45.08035],[3.43577,45.07758],[3.43403,45.06926],[3.43457,45.06427],[3.4378,45.05605],[3.43832,45.04315],[3.441,45.04028],[3.43983,45.03935],[3.43706,45.03899],[3.42176,45.03986],[3.41544,45.03976],[3.41389,45.03903],[3.40583,45.02908],[3.40388,45.02174],[3.40536,45.0203],[3.39946,45.01976],[3.39457,45.02452],[3.38753,45.02413],[3.37781,45.02216],[3.37674,45.02083],[3.37603,45.01399],[3.37675,45.0078],[3.37471,45.00172],[3.37145,45.00231]]]]}},{"type":"Feature","properties":{"code":"43152","nom":"Polignac","departement":"43","region":"84"},"geometry":{"type":"MultiPolygon","coordinates":[[[[3.87488,45.04958],[3.86983,45.05589],[3.86413,45.05826],[3.83883,45.05915],[3.83732,45.06108],[3.83321,45.06153],[3.82744,45.05922],[3.81659,45.05987],[3.80668,45.06172],[3.80591,45.06297],[3.81849,45.07673],[3.82059,45.08264],[3.81228,45.09141],[3.81188,45.09225],[3.82954,45.10272],[3.83209,45.1008],[3.8452,45.10117],[3.88773,45.10395],[3.89052,45.10622],[3.89555,45.10695],[3.89648,45.10661],[3.89798,45.10131],[3.90136,45.09642],[3.91122,45.08858],[3.91258,45.08178],[3.91138,45.07685],[3.90186,45.07523],[3.89829,45.07365],[3.89756,45.07226],[3.89886,45.06989],[3.89051,45.06419],[3.88951,45.05919],[3.89114,45.05586],[3.88292,45.05738],[3.87673,45.05411],[3.87585,45.05275],[3.87569,45.05113],[3.87574,45.05045],[3.87488,45.04958]]]]}},{"type":"Feature","properties":{"code":"43153","nom":"Pont-Salomon","departement":"43","region":"84"},"geometry":{"type":"MultiPolygon","coordinates":[[[[4.22259,45.34865],[4.223,45.35188],[4.2359,45.35494],[4.24817,45.34895],[4.25277,45.34589],[4.25499,45.34025],[4.25881,45.3374],[4.27059,45.33323],[4.2708,45.33156],[4.26907,45.32943],[4.24682,45.31708],[4.23293,45.31502],[4.23138,45.31422],[4.23071,45.31479],[4.23063,45.31779],[4.23249,45.31879],[4.23512,45.3279],[4.22934,45.33352],[4.2249,45.34022],[4.22259,45.34865]]]]}},{"type":"Feature","properties":{"code":"43154","nom":"Pradelles","departement":"43","region":"84"},"geometry":{"type":"MultiPolygon","coordinates":[[[[3.82982,44.75479],[3.83087,44.75645],[3.83758,44.761],[3.84262,44.76739],[3.84306,44.77025],[3.84176,44.7723],[3.84656,44.77376],[3.8503,44.77374],[3.85466,44.77469],[3.86806,44.78119],[3.87436,44.7856],[3.88676,44.78617],[3.90495,44.78012],[3.91084,44.7759],[3.91326,44.76993],[3.914,44.76514],[3.91016,44.76566],[3.90023,44.76437],[3.89762,44.76141],[3.89119,44.75767],[3.8834,44.75542],[3.87581,44.75739],[3.86957,44.755],[3.86741,44.7533],[3.86261,44.74396],[3.85732,44.74552],[3.85164,44.74616],[3.83632,44.75077],[3.82982,44.75479]]]]}},{"type":"Feature","properties":{"code":"43155","nom":"Prades","departement":"43","region":"84"},"geometry":{"type":"MultiPolygon","coordinates":[[[[3.58535,45.01784],[3.57985,45.02543],[3.57764,45.03756],[3.59662,45.03585],[3.59795,45.03498],[3.59732,45.03209],[3.60553,45.02593],[3.61573,45.02016],[3.61679,45.01876],[3.60407,45.01418],[3.58947,45.01352],[3.58644,45.016],[3.58657,45.0181],[3.58535,45.01784]]]]}},{"type":"Feature","properties":{"code":"43156","nom":"Présailles","departement":"43","region":"84"},"geometry":{"type":"MultiPolygon","coordinates":[[[[4.0131,44.88368],[4.01569,44.89294],[4.01414,44.90048],[4.01265,44.90225],[4.01379,44.90679],[4.02182,44.9137],[4.03525,44.91383],[4.04973,44.9152],[4.05231,44.91421],[4.05483,44.90783],[4.05787,44.9057],[4.06655,44.90256],[4.07328,44.90228],[4.07359,44.90335],[4.07411,44.90288],[4.07486,44.90018],[4.07391,44.89326],[4.07454,44.88723],[4.0765,44.88378],[4.08516,44.87818],[4.07769,44.86984],[4.07405,44.87038],[4.07324,44.86932],[4.06783,44.86934],[4.05377,44.8719],[4.03993,44.87335],[4.02868,44.86618],[4.01844,44.87775],[4.01829,44.88131],[4.0131,44.88368]]]]}},{"type":"Feature","properties":{"code":"43157","nom":"Le Puy-en-Velay","departement":"43","region":"84"},"geometry":{"type":"MultiPolygon","coordinates":[[[[3.8652,45.00314],[3.86606,45.00567],[3.86327,45.00755],[3.86158,45.00714],[3.87834,45.01987],[3.88182,45.02477],[3.88109,45.02795],[3.88434,45.03519],[3.88492,45.03583],[3.88373,45.03601],[3.88158,45.03633],[3.88168,45.03687],[3.87768,45.03716],[3.87261,45.03886],[3.87514,45.04454],[3.87598,45.04796],[3.87748,45.04864],[3.87574,45.05045],[3.87569,45.05113],[3.87722,45.05203],[3.87585,45.05275],[3.87673,45.05411],[3.88107,45.04844],[3.88595,45.04681],[3.88768,45.04743],[3.88731,45.04932],[3.89527,45.05054],[3.89571,45.05052],[3.89881,45.05112],[3.90514,45.05677],[3.90335,45.05297],[3.90308,45.04992],[3.90334,45.04994],[3.90495,45.04979],[3.92373,45.04045],[3.93352,45.03028],[3.93358,45.02948],[3.92643,45.02323],[3.91235,45.0216],[3.90876,45.01533],[3.90405,45.01241],[3.89273,45.01081],[3.88542,45.00799],[3.88249,45.0051],[3.87962,44.99999],[3.87157,44.99944],[3.8658,44.99889],[3.8652,45.00314]]]]}},{"type":"Feature","properties":{"code":"43158","nom":"Queyrières","departement":"43","region":"84"},"geometry":{"type":"MultiPolygon","coordinates":[[[[4.12371,45.04716],[4.11339,45.05205],[4.09431,45.05888],[4.08856,45.06246],[4.08503,45.06247],[4.08292,45.06556],[4.06814,45.0671],[4.06638,45.06806],[4.07451,45.07028],[4.07897,45.07417],[4.08244,45.07897],[4.08216,45.0852],[4.08026,45.08753],[4.09086,45.08981],[4.09616,45.09402],[4.09598,45.09515],[4.10264,45.09387],[4.10652,45.09177],[4.11469,45.08201],[4.12663,45.07241],[4.12846,45.07314],[4.13516,45.05717],[4.12973,45.05397],[4.12371,45.04716]]]]}},{"type":"Feature","properties":{"code":"43159","nom":"Raucoules","departement":"43","region":"84"},"geometry":{"type":"MultiPolygon","coordinates":[[[[4.31749,45.19488],[4.31452,45.19508],[4.30815,45.18959],[4.29964,45.17723],[4.30203,45.17494],[4.29703,45.16026],[4.29358,45.15818],[4.29002,45.15867],[4.27522,45.16625],[4.26512,45.1743],[4.2608,45.18585],[4.25128,45.20426],[4.24919,45.21485],[4.26507,45.2121],[4.27168,45.21293],[4.27664,45.21525],[4.28284,45.21679],[4.29366,45.21533],[4.29639,45.21327],[4.29637,45.21203],[4.30002,45.209],[4.30939,45.2056],[4.3138,45.20222],[4.31749,45.19488]]]]}},{"type":"Feature","properties":{"code":"43160","nom":"Rauret","departement":"43","region":"84"},"geometry":{"type":"MultiPolygon","coordinates":[[[[3.76425,44.8005],[3.76124,44.80164],[3.75996,44.80507],[3.7622,44.81087],[3.76134,44.81426],[3.75955,44.81611],[3.7724,44.81742],[3.79727,44.82516],[3.80179,44.82882],[3.80774,44.83092],[3.82085,44.8297],[3.8377,44.81214],[3.83543,44.80815],[3.83081,44.80824],[3.82493,44.80564],[3.82203,44.80373],[3.81748,44.79729],[3.81933,44.77268],[3.8175,44.77194],[3.81399,44.76775],[3.8087,44.76558],[3.80679,44.76789],[3.80338,44.77029],[3.80312,44.78129],[3.79694,44.7869],[3.7864,44.79404],[3.77267,44.79989],[3.76425,44.8005]]]]}},{"type":"Feature","properties":{"code":"43162","nom":"Retournac","departement":"43","region":"84"},"geometry":{"type":"MultiPolygon","coordinates":[[[[4.05589,45.17481],[4.05444,45.17498],[4.05198,45.17826],[4.03855,45.18125],[4.03305,45.18097],[4.02611,45.17877],[4.0235,45.17652],[4.01127,45.1803],[4.00232,45.18546],[3.9998,45.18847],[4.00068,45.19268],[4.00272,45.19306],[4.0095,45.20031],[4.01353,45.20615],[3.99774,45.21079],[3.9868,45.20938],[3.98216,45.20635],[3.97573,45.22008],[3.97306,45.22889],[3.97267,45.2334],[3.97597,45.23804],[3.9841,45.23877],[3.99199,45.23787],[4.00329,45.23927],[4.01322,45.2413],[4.02374,45.24493],[4.0203,45.24837],[4.01764,45.25554],[4.01863,45.25738],[4.02018,45.25783],[4.02155,45.25714],[4.02326,45.25757],[4.04575,45.26956],[4.04695,45.26948],[4.05043,45.26441],[4.05242,45.25903],[4.05041,45.25157],[4.05088,45.24645],[4.05694,45.24362],[4.06133,45.23815],[4.0635,45.23159],[4.0717,45.22154],[4.0732,45.22072],[4.07217,45.21975],[4.07328,45.21521],[4.06951,45.20561],[4.06429,45.199],[4.05789,45.19303],[4.05637,45.1899],[4.05591,45.18287],[4.05718,45.18183],[4.05756,45.17971],[4.057,45.17553],[4.05589,45.17481]]]]}},{"type":"Feature","properties":{"code":"43163","nom":"Riotord","departement":"43","region":"84"},"geometry":{"type":"MultiPolygon","coordinates":[[[[4.47941,45.23797],[4.48314,45.23657],[4.48327,45.23224],[4.48735,45.22722],[4.48755,45.21651],[4.48148,45.21606],[4.48019,45.21913],[4.47658,45.22175],[4.46658,45.22146],[4.45984,45.21951],[4.45456,45.21035],[4.45076,45.20676],[4.44236,45.20157],[4.43554,45.19918],[4.4295,45.20046],[4.4149,45.20185],[4.40904,45.19853],[4.4011,45.19791],[4.3864,45.20318],[4.38004,45.20914],[4.38062,45.23098],[4.37658,45.23439],[4.36916,45.2375],[4.36618,45.23832],[4.359,45.23748],[4.35527,45.24242],[4.35741,45.24363],[4.35777,45.2426],[4.36748,45.24335],[4.37856,45.24737],[4.38019,45.24997],[4.3763,45.25842],[4.37139,45.25992],[4.37145,45.2611],[4.378,45.2634],[4.37953,45.26029],[4.38302,45.25744],[4.38814,45.25567],[4.39664,45.26587],[4.4188,45.27534],[4.42937,45.27585],[4.43528,45.27473],[4.44208,45.2628],[4.45683,45.25332],[4.4598,45.25254],[4.46863,45.24781],[4.47016,45.24587],[4.47153,45.24002],[4.47614,45.23802],[4.47941,45.23797]]]]}},{"type":"Feature","properties":{"code":"43164","nom":"Roche-en-Régnier","departement":"43","region":"84"},"geometry":{"type":"MultiPolygon","coordinates":[[[[3.98216,45.20635],[3.98345,45.20564],[3.96997,45.19808],[3.96578,45.19788],[3.96281,45.19894],[3.96237,45.20083],[3.96455,45.20383],[3.96088,45.21029],[3.95195,45.21425],[3.94208,45.21473],[3.93378,45.21272],[3.9224,45.21346],[3.91006,45.22313],[3.91158,45.22751],[3.90658,45.23616],[3.90498,45.23714],[3.90665,45.24573],[3.9083,45.24792],[3.91185,45.2494],[3.92587,45.24869],[3.92687,45.24928],[3.93778,45.25427],[3.94549,45.26032],[3.95132,45.26224],[3.9729,45.26186],[3.97415,45.25209],[3.98474,45.24119],[3.9841,45.23877],[3.97597,45.23804],[3.97267,45.2334],[3.97306,45.22889],[3.97573,45.22008],[3.98216,45.20635]]]]}},{"type":"Feature","properties":{"code":"43165","nom":"Rosières","departement":"43","region":"84"},"geometry":{"type":"MultiPolygon","coordinates":[[[[4.02431,45.14413],[4.02536,45.14396],[4.03468,45.129],[4.04358,45.11855],[4.04305,45.11773],[4.04145,45.11375],[4.03288,45.10336],[4.03107,45.10148],[4.02844,45.10109],[4.02383,45.10509],[4.01851,45.10738],[4.00446,45.10569],[3.9974,45.10381],[3.99458,45.10167],[3.99333,45.09713],[3.99455,45.09516],[3.99302,45.09478],[3.99128,45.09673],[3.98702,45.10908],[3.98174,45.11456],[3.97234,45.12025],[3.96544,45.1209],[3.97988,45.14884],[3.98238,45.15558],[3.97924,45.16335],[3.97767,45.16482],[3.97264,45.16606],[3.97487,45.16849],[3.9806,45.16959],[3.98786,45.16669],[3.99135,45.1646],[4.00294,45.16228],[4.00747,45.16202],[4.01285,45.16012],[4.01595,45.15787],[4.01654,45.15606],[4.01561,45.1531],[4.01911,45.14243],[4.02111,45.14177],[4.02431,45.14413]]]]}},{"type":"Feature","properties":{"code":"43166","nom":"Saint-André-de-Chalencon","departement":"43","region":"84"},"geometry":{"type":"MultiPolygon","coordinates":[[[[3.9729,45.26186],[3.95132,45.26224],[3.94549,45.26032],[3.93778,45.25427],[3.92687,45.24928],[3.92438,45.25872],[3.91892,45.27197],[3.92691,45.28166],[3.94361,45.29509],[3.95594,45.29949],[3.9579,45.29891],[3.96202,45.29485],[3.97459,45.28633],[3.97695,45.28635],[3.98461,45.2846],[3.98365,45.28093],[3.98698,45.27453],[3.9973,45.26772],[3.98291,45.26623],[3.98134,45.26739],[3.97769,45.26717],[3.97503,45.266],[3.97285,45.26319],[3.9729,45.26186]]]]}},{"type":"Feature","properties":{"code":"43167","nom":"Saint-Arcons-d'Allier","departement":"43","region":"84"},"geometry":{"type":"MultiPolygon","coordinates":[[[[3.52593,45.09375],[3.52753,45.09543],[3.53231,45.09886],[3.54715,45.10375],[3.55684,45.10541],[3.57656,45.106],[3.57954,45.10556],[3.57757,45.10435],[3.57534,45.09971],[3.58176,45.09214],[3.58985,45.08841],[3.58358,45.08113],[3.59373,45.0745],[3.59324,45.06804],[3.58456,45.0644],[3.57064,45.06223],[3.56801,45.06119],[3.55642,45.06448],[3.55382,45.06456],[3.54895,45.067],[3.5459,45.07001],[3.54395,45.0753],[3.54575,45.07965],[3.54114,45.08789],[3.53508,45.09151],[3.52593,45.09375]]]]}},{"type":"Feature","properties":{"code":"43168","nom":"Saint-Arcons-de-Barges","departement":"43","region":"84"},"geometry":{"type":"MultiPolygon","coordinates":[[[[3.96163,44.83123],[3.96362,44.82935],[3.96267,44.82964],[3.94777,44.82508],[3.94435,44.82102],[3.93955,44.82069],[3.90098,44.81225],[3.89622,44.81393],[3.89379,44.82013],[3.89756,44.8213],[3.89897,44.82461],[3.89909,44.82901],[3.91135,44.8384],[3.91023,44.84051],[3.89246,44.84131],[3.89044,44.84403],[3.90455,44.84843],[3.90871,44.85041],[3.911,44.85341],[3.92522,44.85387],[3.93149,44.84869],[3.95448,44.84032],[3.96163,44.83123]]]]}},{"type":"Feature","properties":{"code":"43169","nom":"Saint-Austremoine","departement":"43","region":"84"},"geometry":{"type":"MultiPolygon","coordinates":[[[[3.392,45.11438],[3.38373,45.10997],[3.38291,45.11052],[3.36437,45.10569],[3.36202,45.10419],[3.3455,45.10999],[3.32916,45.11312],[3.31431,45.11816],[3.33067,45.12228],[3.33212,45.12576],[3.32919,45.13325],[3.33235,45.13424],[3.36587,45.12869],[3.37769,45.13125],[3.38521,45.13011],[3.3869,45.12746],[3.38549,45.1205],[3.392,45.11438]]]]}},{"type":"Feature","properties":{"code":"43170","nom":"Saint-Beauzire","departement":"43","region":"84"},"geometry":{"type":"MultiPolygon","coordinates":[[[[3.26972,45.23577],[3.26562,45.23643],[3.26596,45.24136],[3.26795,45.24532],[3.27859,45.25652],[3.2767,45.26283],[3.27461,45.26558],[3.25694,45.26886],[3.23729,45.28012],[3.23675,45.28264],[3.24005,45.28652],[3.24868,45.28972],[3.25191,45.28968],[3.25835,45.28789],[3.26617,45.28806],[3.27231,45.29034],[3.27409,45.2934],[3.26797,45.30142],[3.27333,45.30664],[3.27938,45.30873],[3.29231,45.31101],[3.29284,45.31021],[3.29143,45.30754],[3.28716,45.29783],[3.29795,45.29814],[3.30206,45.29666],[3.31392,45.28961],[3.31458,45.2759],[3.31325,45.27433],[3.31579,45.27263],[3.31869,45.26594],[3.30766,45.25556],[3.30355,45.25454],[3.29762,45.25505],[3.29391,45.25438],[3.27897,45.24631],[3.27233,45.23984],[3.26972,45.23577]]]]}},{"type":"Feature","properties":{"code":"43171","nom":"Saint-Bérain","departement":"43","region":"84"},"geometry":{"type":"MultiPolygon","coordinates":[[[[3.63106,45.00692],[3.6267,45.01325],[3.61679,45.01876],[3.61573,45.02016],[3.60553,45.02593],[3.59732,45.03209],[3.59795,45.03498],[3.59898,45.03658],[3.59357,45.03897],[3.60599,45.04078],[3.62133,45.04784],[3.63475,45.04823],[3.64348,45.04677],[3.64929,45.04906],[3.64984,45.04888],[3.64867,45.04373],[3.6496,45.03174],[3.65248,45.02967],[3.6581,45.02888],[3.65856,45.02793],[3.65147,45.02292],[3.64722,45.0181],[3.64583,45.01566],[3.64735,45.01495],[3.64526,45.01194],[3.64118,45.00846],[3.63595,45.00656],[3.63106,45.00692]]]]}},{"type":"Feature","properties":{"code":"43172","nom":"Saint-Bonnet-le-Froid","departement":"43","region":"84"},"geometry":{"type":"MultiPolygon","coordinates":[[[[4.45717,45.11887],[4.44009,45.12267],[4.43826,45.12209],[4.43636,45.11808],[4.4414,45.11169],[4.43608,45.10862],[4.43105,45.12408],[4.43151,45.1289],[4.42407,45.13596],[4.41116,45.14082],[4.40841,45.14706],[4.40815,45.15222],[4.41654,45.16535],[4.44622,45.16796],[4.4552,45.16751],[4.45807,45.16888],[4.45647,45.16699],[4.45465,45.16633],[4.4476,45.15801],[4.44349,45.14211],[4.44607,45.13338],[4.45444,45.12413],[4.45717,45.11887]]]]}},{"type":"Feature","properties":{"code":"43173","nom":"Saint-Christophe-d'Allier","departement":"43","region":"84"},"geometry":{"type":"MultiPolygon","coordinates":[[[[3.69155,44.87302],[3.69647,44.87378],[3.69755,44.87524],[3.69915,44.87706],[3.70109,44.87705],[3.71189,44.87087],[3.72641,44.8604],[3.73285,44.85874],[3.7368,44.85308],[3.73546,44.84005],[3.73222,44.83345],[3.72234,44.83088],[3.71751,44.83161],[3.70983,44.83648],[3.70197,44.83645],[3.68299,44.83065],[3.66631,44.82864],[3.65764,44.83606],[3.67094,44.84236],[3.67163,44.85254],[3.67386,44.85406],[3.68845,44.86061],[3.69155,44.87302]]]]}},{"type":"Feature","properties":{"code":"43174","nom":"Saint-Christophe-sur-Dolaizon","departement":"43","region":"84"},"geometry":{"type":"MultiPolygon","coordinates":[[[[3.79505,44.97018],[3.79606,44.97043],[3.79555,44.97612],[3.79045,44.97482],[3.78969,44.97626],[3.78835,44.98217],[3.78927,44.98868],[3.79465,44.99163],[3.79984,44.99639],[3.81134,45.01101],[3.81842,45.01391],[3.83204,45.02229],[3.8448,45.02426],[3.8528,45.02634],[3.85096,45.02473],[3.85312,45.01487],[3.85733,45.00822],[3.86158,45.00714],[3.86327,45.00755],[3.86606,45.00567],[3.8652,45.00314],[3.8658,44.99889],[3.85988,44.9972],[3.85657,44.99161],[3.84498,44.98026],[3.84381,44.97141],[3.83066,44.96295],[3.82963,44.9587],[3.82662,44.95737],[3.81055,44.95494],[3.80352,44.95731],[3.80262,44.96361],[3.79505,44.97018]]]]}},{"type":"Feature","properties":{"code":"43175","nom":"Saint-Cirgues","departement":"43","region":"84"},"geometry":{"type":"MultiPolygon","coordinates":[[[[3.33235,45.13424],[3.33222,45.13501],[3.34106,45.13845],[3.34688,45.13876],[3.35336,45.13771],[3.35644,45.13804],[3.35786,45.13955],[3.35771,45.14137],[3.35583,45.14256],[3.36184,45.14474],[3.38429,45.1478],[3.39216,45.1472],[3.39462,45.14776],[3.40342,45.14761],[3.4106,45.14657],[3.41148,45.14549],[3.41963,45.14521],[3.42081,45.13274],[3.42322,45.12514],[3.40867,45.12199],[3.39624,45.11346],[3.392,45.11438],[3.38549,45.1205],[3.3869,45.12746],[3.38521,45.13011],[3.37769,45.13125],[3.36587,45.12869],[3.33235,45.13424]]]]}},{"type":"Feature","properties":{"code":"43177","nom":"Saint-Didier-en-Velay","departement":"43","region":"84"},"geometry":{"type":"MultiPolygon","coordinates":[[[[4.27059,45.33323],[4.27864,45.33552],[4.28028,45.33666],[4.2838,45.34175],[4.28393,45.34385],[4.29006,45.34418],[4.29308,45.34349],[4.31145,45.32866],[4.32037,45.32682],[4.32352,45.31543],[4.31859,45.31403],[4.31414,45.30899],[4.31048,45.30174],[4.30221,45.28957],[4.29847,45.28685],[4.29178,45.28485],[4.28633,45.28456],[4.28029,45.27822],[4.27422,45.27401],[4.26796,45.27231],[4.2629,45.27184],[4.25956,45.27443],[4.26375,45.27612],[4.26851,45.28194],[4.26726,45.2862],[4.25426,45.30881],[4.24827,45.31631],[4.24682,45.31708],[4.26907,45.32943],[4.2708,45.33156],[4.27059,45.33323]]]]}},{"type":"Feature","properties":{"code":"43178","nom":"Saint-Didier-sur-Doulon","departement":"43","region":"84"},"geometry":{"type":"MultiPolygon","coordinates":[[[[3.49877,45.3026],[3.49844,45.30545],[3.49987,45.30916],[3.50343,45.31426],[3.50367,45.31871],[3.50108,45.32011],[3.52045,45.33067],[3.53713,45.3329],[3.54079,45.33404],[3.54756,45.33349],[3.54847,45.33045],[3.55187,45.32782],[3.55343,45.33167],[3.55616,45.3335],[3.55908,45.3334],[3.56504,45.33131],[3.56507,45.32983],[3.56793,45.32607],[3.57282,45.32151],[3.57693,45.31942],[3.59346,45.31365],[3.59016,45.30077],[3.58498,45.29],[3.57654,45.28249],[3.56559,45.27704],[3.55582,45.27395],[3.55064,45.26914],[3.54889,45.26856],[3.54413,45.26868],[3.54305,45.27008],[3.54077,45.27704],[3.53758,45.28126],[3.53061,45.28086],[3.52519,45.28472],[3.52512,45.28832],[3.52777,45.29032],[3.52407,45.29268],[3.51926,45.2911],[3.51338,45.29721],[3.50653,45.30227],[3.50285,45.30157],[3.49877,45.3026]]]]}},{"type":"Feature","properties":{"code":"43180","nom":"Saint-Étienne-du-Vigan","departement":"43","region":"84"},"geometry":{"type":"MultiPolygon","coordinates":[[[[3.8503,44.77374],[3.84656,44.77376],[3.84176,44.7723],[3.83751,44.77338],[3.83418,44.77528],[3.83006,44.77569],[3.81933,44.77268],[3.81748,44.79729],[3.82203,44.80373],[3.82493,44.80564],[3.83081,44.80824],[3.83543,44.80815],[3.83942,44.80634],[3.85079,44.80076],[3.85817,44.79412],[3.85591,44.78849],[3.85324,44.78663],[3.84971,44.78147],[3.8503,44.77374]]]]}},{"type":"Feature","properties":{"code":"43181","nom":"Saint-Étienne-Lardeyrol","departement":"43","region":"84"},"geometry":{"type":"MultiPolygon","coordinates":[[[[3.99605,45.06458],[3.98643,45.06748],[3.97714,45.0751],[3.97421,45.07741],[3.97553,45.0792],[3.97738,45.07953],[3.97999,45.07808],[3.98262,45.07866],[3.9897,45.08324],[3.99427,45.09154],[3.99548,45.09451],[3.99455,45.09516],[3.99333,45.09713],[3.99458,45.10167],[3.9974,45.10381],[4.00446,45.10569],[4.01851,45.10738],[4.02383,45.10509],[4.02844,45.10109],[4.02945,45.10068],[4.02818,45.09662],[4.02726,45.08582],[4.02334,45.07785],[4.01898,45.07178],[4.01559,45.07191],[3.99605,45.06458]]]]}},{"type":"Feature","properties":{"code":"43182","nom":"Saint-Étienne-sur-Blesle","departement":"43","region":"84"},"geometry":{"type":"MultiPolygon","coordinates":[[[[3.16041,45.29523],[3.14583,45.28921],[3.1316,45.28612],[3.13004,45.28665],[3.1229,45.28582],[3.10781,45.28885],[3.0938,45.29065],[3.08229,45.28994],[3.08577,45.29725],[3.0894,45.29984],[3.0979,45.30051],[3.10292,45.30033],[3.1085,45.30297],[3.11367,45.30907],[3.1144,45.31113],[3.11135,45.31378],[3.1068,45.31376],[3.09858,45.31667],[3.09046,45.32251],[3.09053,45.32433],[3.09515,45.32746],[3.10102,45.32813],[3.10919,45.32695],[3.11323,45.32731],[3.13087,45.32047],[3.14824,45.31676],[3.15785,45.30728],[3.16137,45.29832],[3.16041,45.29523]]]]}},{"type":"Feature","properties":{"code":"43183","nom":"Sainte-Eugénie-de-Villeneuve","departement":"43","region":"84"},"geometry":{"type":"MultiPolygon","coordinates":[[[[3.60713,45.14676],[3.61353,45.14971],[3.61823,45.15213],[3.62525,45.14976],[3.63435,45.14968],[3.63926,45.15158],[3.64812,45.15247],[3.6479,45.14988],[3.65016,45.14984],[3.65324,45.15128],[3.65728,45.14754],[3.65852,45.1446],[3.65758,45.14254],[3.64613,45.13554],[3.64078,45.13772],[3.63358,45.13473],[3.61903,45.13049],[3.60534,45.13265],[3.60512,45.13365],[3.60574,45.13616],[3.60836,45.13941],[3.61303,45.14098],[3.60713,45.14676]]]]}},{"type":"Feature","properties":{"code":"43184","nom":"Saint-Ferréol-d'Auroure","departement":"43","region":"84"},"geometry":{"type":"MultiPolygon","coordinates":[[[[4.28393,45.34385],[4.2838,45.34175],[4.28028,45.33666],[4.27864,45.33552],[4.27059,45.33323],[4.25881,45.3374],[4.25499,45.34025],[4.25277,45.34589],[4.24817,45.34895],[4.2359,45.35494],[4.23834,45.35988],[4.24044,45.37156],[4.23938,45.38502],[4.24453,45.38517],[4.24452,45.38416],[4.25178,45.37532],[4.26831,45.37461],[4.27019,45.37522],[4.27109,45.3746],[4.26975,45.36343],[4.27126,45.3599],[4.2691,45.35931],[4.27007,45.35297],[4.27244,45.35274],[4.28012,45.34966],[4.28393,45.34385]]]]}},{"type":"Feature","properties":{"code":"43185","nom":"Sainte-Florine","departement":"43","region":"84"},"geometry":{"type":"MultiPolygon","coordinates":[[[[3.33026,45.39721],[3.32806,45.39428],[3.32848,45.3928],[3.32998,45.39098],[3.33237,45.39026],[3.31876,45.38373],[3.31577,45.38395],[3.31485,45.38506],[3.31547,45.38968],[3.31104,45.39334],[3.3003,45.3892],[3.29977,45.39001],[3.2958,45.39467],[3.28673,45.39976],[3.29109,45.4045],[3.29518,45.41405],[3.29568,45.41886],[3.30102,45.42043],[3.30908,45.4189],[3.31903,45.40971],[3.32647,45.40019],[3.33026,45.39721]]]]}},{"type":"Feature","properties":{"code":"43186","nom":"Saint-Front","departement":"43","region":"84"},"geometry":{"type":"MultiPolygon","coordinates":[[[[4.07236,44.99542],[4.08384,44.99733],[4.0885,45.00386],[4.0965,45.00724],[4.1005,45.00815],[4.10384,45.00656],[4.10485,45.00391],[4.11245,44.99869],[4.11689,44.99837],[4.13039,45.00124],[4.14441,45.00721],[4.15783,45.00656],[4.15843,45.00679],[4.15743,45.00804],[4.15883,45.00794],[4.1652,45.00282],[4.1819,44.99855],[4.18418,44.99808],[4.18856,45.00077],[4.1905,44.99688],[4.18687,44.99004],[4.18803,44.97814],[4.19397,44.97069],[4.18225,44.96505],[4.17517,44.95803],[4.16632,44.94622],[4.16831,44.93896],[4.17219,44.93604],[4.17551,44.93496],[4.17794,44.93017],[4.17871,44.92417],[4.17697,44.91721],[4.1783,44.91641],[4.16056,44.92104],[4.15631,44.93084],[4.15248,44.9361],[4.12836,44.94218],[4.12825,44.94171],[4.12475,44.94177],[4.11413,44.94845],[4.10944,44.96038],[4.10454,44.96938],[4.10173,44.9729],[4.09581,44.97559],[4.08042,44.98434],[4.07241,44.98517],[4.06345,44.98509],[4.05941,44.98803],[4.0594,44.99312],[4.06084,44.99234],[4.07236,44.99542]]]]}},{"type":"Feature","properties":{"code":"43187","nom":"Saint-Geneys-près-Saint-Paulien","departement":"43","region":"84"},"geometry":{"type":"MultiPolygon","coordinates":[[[[3.79905,45.17392],[3.80077,45.17611],[3.804,45.18012],[3.80746,45.18187],[3.81711,45.18616],[3.82178,45.18652],[3.82726,45.1913],[3.83377,45.19977],[3.83909,45.20323],[3.84033,45.20371],[3.84325,45.20289],[3.84319,45.19365],[3.84405,45.19186],[3.85163,45.19306],[3.85301,45.19556],[3.86129,45.19319],[3.85764,45.17305],[3.85859,45.16797],[3.86015,45.16773],[3.8573,45.16545],[3.85864,45.16324],[3.84695,45.16272],[3.83681,45.15802],[3.83545,45.15493],[3.83207,45.15315],[3.82141,45.15043],[3.80563,45.15301],[3.80157,45.15613],[3.79972,45.15883],[3.79979,45.17143],[3.80057,45.17261],[3.79905,45.17392]]]]}},{"type":"Feature","properties":{"code":"43188","nom":"Saint-Georges-d'Aurac","departement":"43","region":"84"},"geometry":{"type":"MultiPolygon","coordinates":[[[[3.51511,45.16741],[3.51595,45.16767],[3.51311,45.17068],[3.50931,45.17334],[3.51016,45.17837],[3.51945,45.18826],[3.52333,45.18925],[3.5261,45.19013],[3.52687,45.18733],[3.55741,45.17582],[3.56059,45.17297],[3.562,45.16804],[3.56118,45.16755],[3.56156,45.15747],[3.57362,45.14606],[3.57639,45.14513],[3.60081,45.14625],[3.60434,45.14531],[3.60713,45.14676],[3.61303,45.14098],[3.60836,45.13941],[3.60574,45.13616],[3.60512,45.13365],[3.5975,45.13069],[3.59407,45.13165],[3.59093,45.13672],[3.57814,45.14097],[3.55931,45.14313],[3.54916,45.13928],[3.54565,45.14007],[3.53799,45.14951],[3.52165,45.15883],[3.51798,45.1633],[3.51663,45.16682],[3.51511,45.16741]]]]}},{"type":"Feature","properties":{"code":"43189","nom":"Saint-Georges-Lagricol","departement":"43","region":"84"},"geometry":{"type":"MultiPolygon","coordinates":[[[[3.90603,45.33318],[3.91061,45.32951],[3.91195,45.32935],[3.91428,45.3261],[3.91393,45.32258],[3.90792,45.3126],[3.90671,45.30769],[3.90655,45.29951],[3.90478,45.29362],[3.90444,45.27956],[3.89702,45.28147],[3.88678,45.27701],[3.88451,45.27518],[3.87717,45.27316],[3.86804,45.27258],[3.86973,45.27963],[3.8679,45.28227],[3.85732,45.28963],[3.86485,45.29728],[3.86777,45.29846],[3.87014,45.30059],[3.87124,45.30782],[3.87942,45.32749],[3.88728,45.33369],[3.90262,45.3387],[3.90603,45.33318]]]]}},{"type":"Feature","properties":{"code":"43190","nom":"Saint-Germain-Laprade","departement":"43","region":"84"},"geometry":{"type":"MultiPolygon","coordinates":[[[[3.98377,45.04952],[3.98387,45.04862],[3.99007,45.0434],[4.00359,45.02901],[4.03173,45.02254],[4.04311,45.01306],[4.04854,45.00485],[4.0468,44.99913],[4.04362,44.99761],[4.04115,44.99939],[4.02796,45.0042],[4.01387,45.01336],[4.00448,45.01805],[3.99688,45.01479],[3.98571,45.00536],[3.97498,45.00554],[3.97433,45.00731],[3.96931,45.01143],[3.96661,45.01219],[3.96534,45.02213],[3.96355,45.02351],[3.93634,45.03323],[3.94213,45.04758],[3.94163,45.04984],[3.93081,45.05382],[3.92268,45.05484],[3.91998,45.05581],[3.92291,45.06087],[3.9235,45.0648],[3.92175,45.06947],[3.9213,45.07041],[3.92922,45.0689],[3.93676,45.06935],[3.94333,45.07097],[3.94747,45.06751],[3.94758,45.06597],[3.94665,45.06412],[3.9515,45.05981],[3.95899,45.05626],[3.98377,45.04952]]]]}},{"type":"Feature","properties":{"code":"43191","nom":"Saint-Géron","departement":"43","region":"84"},"geometry":{"type":"MultiPolygon","coordinates":[[[[3.29143,45.30754],[3.29284,45.31021],[3.29231,45.31101],[3.28133,45.33085],[3.27813,45.34936],[3.27875,45.35935],[3.27838,45.36067],[3.28227,45.36263],[3.29894,45.36293],[3.29981,45.3621],[3.30265,45.3576],[3.30556,45.34651],[3.30321,45.34232],[3.29814,45.33774],[3.29775,45.33646],[3.30316,45.32596],[3.31011,45.32464],[3.313,45.32264],[3.31502,45.31943],[3.31317,45.31513],[3.31015,45.31154],[3.30416,45.3078],[3.29143,45.30754]]]]}},{"type":"Feature","properties":{"code":"43192","nom":"Saint-Haon","departement":"43","region":"84"},"geometry":{"type":"MultiPolygon","coordinates":[[[[3.75955,44.81611],[3.7518,44.82141],[3.74796,44.83167],[3.7397,44.83866],[3.73546,44.84005],[3.7368,44.85308],[3.73285,44.85874],[3.72641,44.8604],[3.71189,44.87087],[3.70109,44.87705],[3.69915,44.87706],[3.69755,44.87524],[3.6954,44.87573],[3.69984,44.87914],[3.70868,44.87952],[3.71837,44.88337],[3.72184,44.88608],[3.72329,44.88837],[3.7228,44.89143],[3.7206,44.89282],[3.72271,44.89351],[3.72989,44.89126],[3.74339,44.8906],[3.75327,44.8927],[3.75402,44.89173],[3.7519,44.88642],[3.75285,44.88308],[3.76049,44.87681],[3.77062,44.87453],[3.7862,44.87265],[3.79217,44.86772],[3.80618,44.85894],[3.80943,44.85963],[3.8118,44.84884],[3.80855,44.84506],[3.80476,44.84279],[3.80008,44.83547],[3.79727,44.82516],[3.7724,44.81742],[3.75955,44.81611]]]]}},{"type":"Feature","properties":{"code":"43193","nom":"Saint-Hilaire","departement":"43","region":"84"},"geometry":{"type":"MultiPolygon","coordinates":[[[[3.48098,45.38373],[3.47907,45.37583],[3.47639,45.36983],[3.46474,45.36955],[3.46373,45.36836],[3.45729,45.36735],[3.44316,45.36715],[3.42455,45.36061],[3.41474,45.36891],[3.40686,45.37707],[3.41209,45.38154],[3.41409,45.38435],[3.41582,45.39394],[3.42033,45.39737],[3.43688,45.40185],[3.45592,45.4004],[3.44822,45.39368],[3.44775,45.39076],[3.44906,45.38772],[3.45066,45.38637],[3.46638,45.3801],[3.46947,45.378],[3.47697,45.38046],[3.48098,45.38373]]]]}},{"type":"Feature","properties":{"code":"43194","nom":"Saint-Hostien","departement":"43","region":"84"},"geometry":{"type":"MultiPolygon","coordinates":[[[[4.02945,45.10068],[4.03713,45.09762],[4.0471,45.09213],[4.05688,45.0897],[4.08026,45.08753],[4.08216,45.0852],[4.08244,45.07897],[4.07897,45.07417],[4.07451,45.07028],[4.06638,45.06806],[4.06814,45.0671],[4.05038,45.06098],[4.0402,45.05964],[4.02578,45.0661],[4.02046,45.07136],[4.01898,45.07178],[4.02334,45.07785],[4.02726,45.08582],[4.02818,45.09662],[4.02945,45.10068]]]]}},{"type":"Feature","properties":{"code":"43195","nom":"Saint-Ilpize","departement":"43","region":"84"},"geometry":{"type":"MultiPolygon","coordinates":[[[[3.4119,45.22786],[3.41512,45.22662],[3.41826,45.22015],[3.4142,45.2084],[3.41708,45.20201],[3.42604,45.1951],[3.4282,45.19128],[3.42908,45.18449],[3.42263,45.18187],[3.42139,45.18052],[3.40904,45.17857],[3.39145,45.17844],[3.38853,45.18068],[3.38542,45.19087],[3.38554,45.19451],[3.38711,45.19884],[3.3963,45.20178],[3.39948,45.20498],[3.39774,45.21466],[3.39933,45.22856],[3.39849,45.23006],[3.4119,45.22786]]]]}},{"type":"Feature","properties":{"code":"43196","nom":"Saint-Jean-d'Aubrigoux","departement":"43","region":"84"},"geometry":{"type":"MultiPolygon","coordinates":[[[[3.81186,45.33301],[3.80752,45.33342],[3.80482,45.33485],[3.79999,45.33946],[3.79453,45.34658],[3.78979,45.34954],[3.78596,45.35158],[3.78023,45.35161],[3.77845,45.35182],[3.77857,45.35388],[3.77949,45.35477],[3.78294,45.35495],[3.78723,45.35822],[3.79007,45.36356],[3.79,45.37703],[3.7914,45.38477],[3.7953,45.38371],[3.79983,45.39047],[3.80218,45.39174],[3.80494,45.3921],[3.80814,45.39151],[3.82133,45.38213],[3.83624,45.38308],[3.83697,45.3665],[3.83311,45.36148],[3.83117,45.35649],[3.83252,45.34767],[3.82891,45.34389],[3.82229,45.34147],[3.8158,45.33732],[3.81422,45.33394],[3.81186,45.33301]]]]}},{"type":"Feature","properties":{"code":"43197","nom":"Saint-Jean-de-Nay","departement":"43","region":"84"},"geometry":{"type":"MultiPolygon","coordinates":[[[[3.64929,45.04906],[3.65381,45.05809],[3.66893,45.07474],[3.66568,45.08619],[3.67488,45.10007],[3.6743,45.10386],[3.67316,45.10426],[3.67603,45.10486],[3.67895,45.10938],[3.68171,45.10263],[3.69092,45.09293],[3.69592,45.09158],[3.70337,45.09522],[3.70471,45.09552],[3.70778,45.09054],[3.71255,45.08558],[3.72192,45.08218],[3.73052,45.07024],[3.71948,45.06646],[3.71711,45.06483],[3.71774,45.05546],[3.7157,45.05177],[3.7144,45.05159],[3.70724,45.04462],[3.70194,45.03654],[3.70435,45.02883],[3.70665,45.02778],[3.7044,45.02599],[3.70239,45.0274],[3.68883,45.02791],[3.67256,45.0311],[3.67202,45.03181],[3.67815,45.03528],[3.6815,45.04051],[3.67622,45.0469],[3.67191,45.04718],[3.66554,45.0459],[3.65627,45.04604],[3.64984,45.04888],[3.64929,45.04906]]]]}},{"type":"Feature","properties":{"code":"43198","nom":"Saint-Jean-Lachalm","departement":"43","region":"84"},"geometry":{"type":"MultiPolygon","coordinates":[[[[3.6954,44.95891],[3.69984,44.96306],[3.7059,44.97311],[3.70746,44.97817],[3.71538,44.98195],[3.71692,44.98179],[3.72997,44.975],[3.75825,44.95422],[3.75944,44.95229],[3.76484,44.93638],[3.76613,44.92879],[3.76917,44.92655],[3.76905,44.91799],[3.76559,44.91751],[3.74613,44.91896],[3.73769,44.91758],[3.71896,44.91613],[3.71467,44.91434],[3.7118,44.91185],[3.71066,44.90745],[3.70221,44.90972],[3.68754,44.92205],[3.68952,44.93396],[3.68903,44.93674],[3.67518,44.94996],[3.68544,44.95071],[3.69462,44.95455],[3.69686,44.95686],[3.6954,44.95891]]]]}},{"type":"Feature","properties":{"code":"43199","nom":"Saint-Jeures","departement":"43","region":"84"},"geometry":{"type":"MultiPolygon","coordinates":[[[[4.24099,45.121],[4.24598,45.10492],[4.25212,45.09973],[4.25288,45.09744],[4.25367,45.09381],[4.25162,45.08753],[4.24921,45.08597],[4.24736,45.07853],[4.24239,45.07355],[4.23916,45.07183],[4.21113,45.06982],[4.20635,45.06684],[4.19623,45.06955],[4.19363,45.07159],[4.18981,45.07582],[4.19189,45.08065],[4.18928,45.09081],[4.17997,45.09512],[4.16969,45.10324],[4.17904,45.11335],[4.18201,45.11478],[4.18411,45.11775],[4.18361,45.13602],[4.19378,45.15156],[4.19444,45.1565],[4.19965,45.15746],[4.20264,45.1562],[4.20293,45.15522],[4.203,45.15394],[4.21231,45.15005],[4.21164,45.14832],[4.20997,45.1479],[4.20869,45.13945],[4.20853,45.12154],[4.22049,45.12045],[4.22954,45.12204],[4.24099,45.121]]]]}},{"type":"Feature","properties":{"code":"43200","nom":"Saint-Julien-Chapteuil","departement":"43","region":"84"},"geometry":{"type":"MultiPolygon","coordinates":[[[[4.04362,44.99761],[4.0468,44.99913],[4.04854,45.00485],[4.04311,45.01306],[4.04786,45.01835],[4.04933,45.0219],[4.04862,45.02528],[4.0455,45.03012],[4.04585,45.03557],[4.04827,45.0393],[4.06565,45.05319],[4.06983,45.05775],[4.08503,45.06247],[4.08856,45.06246],[4.09431,45.05888],[4.11339,45.05205],[4.12371,45.04716],[4.11973,45.04257],[4.11341,45.03011],[4.11867,45.02026],[4.11512,45.02023],[4.10168,45.01509],[4.09447,45.01473],[4.08807,45.01573],[4.08627,45.01744],[4.0838,45.01682],[4.0793,45.014],[4.07346,45.00445],[4.07236,44.99542],[4.06084,44.99234],[4.0594,44.99312],[4.05477,44.99328],[4.05258,44.99354],[4.04362,44.99761]]]]}},{"type":"Feature","properties":{"code":"43201","nom":"Saint-Julien-d'Ance","departement":"43","region":"84"},"geometry":{"type":"MultiPolygon","coordinates":[[[[3.90603,45.33318],[3.90843,45.33332],[3.91935,45.34192],[3.93211,45.33964],[3.93643,45.33665],[3.93691,45.33066],[3.93592,45.32229],[3.94017,45.31674],[3.94244,45.31632],[3.9431,45.31535],[3.94072,45.3125],[3.94402,45.30909],[3.9579,45.29891],[3.95594,45.29949],[3.94361,45.29509],[3.92691,45.28166],[3.91892,45.27197],[3.91123,45.27103],[3.90772,45.27283],[3.90444,45.27956],[3.90478,45.29362],[3.90655,45.29951],[3.90671,45.30769],[3.90792,45.3126],[3.91393,45.32258],[3.91428,45.3261],[3.91195,45.32935],[3.91061,45.32951],[3.90603,45.33318]]]]}},{"type":"Feature","properties":{"code":"43202","nom":"Saint-Julien-des-Chazes","departement":"43","region":"84"},"geometry":{"type":"MultiPolygon","coordinates":[[[[3.56801,45.06119],[3.57064,45.06223],[3.58456,45.0644],[3.59083,45.04972],[3.59357,45.03897],[3.59898,45.03658],[3.59795,45.03498],[3.59662,45.03585],[3.57764,45.03756],[3.57797,45.038],[3.57222,45.0391],[3.55723,45.03979],[3.54739,45.04484],[3.54773,45.04565],[3.54927,45.04723],[3.55004,45.04681],[3.55589,45.04811],[3.56116,45.0506],[3.56879,45.05663],[3.56995,45.05975],[3.56801,45.06119]]]]}},{"type":"Feature","properties":{"code":"43203","nom":"Saint-Julien-du-Pinet","departement":"43","region":"84"},"geometry":{"type":"MultiPolygon","coordinates":[[[[4.02431,45.14413],[4.02911,45.15369],[4.03763,45.16526],[4.03635,45.16986],[4.02366,45.17562],[4.0235,45.17652],[4.02611,45.17877],[4.03305,45.18097],[4.03855,45.18125],[4.05198,45.17826],[4.05444,45.17498],[4.05589,45.17481],[4.06336,45.16994],[4.06044,45.16517],[4.06014,45.16116],[4.06289,45.15928],[4.06344,45.1514],[4.06339,45.13787],[4.06484,45.13541],[4.06948,45.133],[4.07178,45.12867],[4.06925,45.12043],[4.0631,45.11694],[4.05609,45.11431],[4.04886,45.11463],[4.04486,45.11744],[4.04305,45.11773],[4.04358,45.11855],[4.03468,45.129],[4.02536,45.14396],[4.02431,45.14413]]]]}},{"type":"Feature","properties":{"code":"43204","nom":"Saint-Julien-Molhesabate","departement":"43","region":"84"},"geometry":{"type":"MultiPolygon","coordinates":[[[[4.48074,45.19557],[4.47281,45.18077],[4.4592,45.17481],[4.45807,45.16888],[4.4552,45.16751],[4.44622,45.16796],[4.41654,45.16535],[4.41389,45.16947],[4.40488,45.17578],[4.3904,45.17999],[4.38853,45.1808],[4.38852,45.18206],[4.38836,45.18427],[4.38259,45.19066],[4.38307,45.19521],[4.38571,45.19987],[4.3864,45.20318],[4.4011,45.19791],[4.40904,45.19853],[4.4149,45.20185],[4.4295,45.20046],[4.43554,45.19918],[4.44236,45.20157],[4.45076,45.20676],[4.45456,45.21035],[4.45984,45.21951],[4.46658,45.22146],[4.47658,45.22175],[4.48019,45.21913],[4.48148,45.21606],[4.48011,45.21512],[4.47788,45.20937],[4.47756,45.20062],[4.48074,45.19557]]]]}},{"type":"Feature","properties":{"code":"43205","nom":"Saint-Just-Malmont","departement":"43","region":"84"},"geometry":{"type":"MultiPolygon","coordinates":[[[[4.27126,45.3599],[4.285,45.35769],[4.30642,45.36163],[4.30922,45.3635],[4.30806,45.37144],[4.32024,45.36956],[4.33005,45.36926],[4.33531,45.36795],[4.33619,45.36656],[4.35343,45.3555],[4.3643,45.342],[4.36575,45.33874],[4.36807,45.33714],[4.35462,45.33244],[4.33769,45.32134],[4.33169,45.31848],[4.32994,45.31834],[4.32628,45.31599],[4.32352,45.31543],[4.32037,45.32682],[4.31145,45.32866],[4.29308,45.34349],[4.29006,45.34418],[4.28393,45.34385],[4.28012,45.34966],[4.27244,45.35274],[4.27007,45.35297],[4.2691,45.35931],[4.27126,45.3599]]]]}},{"type":"Feature","properties":{"code":"43206","nom":"Saint-Just-près-Brioude","departement":"43","region":"84"},"geometry":{"type":"MultiPolygon","coordinates":[[[[3.29164,45.22018],[3.28827,45.22637],[3.28672,45.22751],[3.27117,45.23206],[3.26924,45.23303],[3.26972,45.23577],[3.27233,45.23984],[3.27897,45.24631],[3.29391,45.25438],[3.29762,45.25505],[3.30355,45.25454],[3.30766,45.25556],[3.31869,45.26594],[3.32207,45.26409],[3.32857,45.26486],[3.33362,45.2685],[3.34769,45.27406],[3.35413,45.27385],[3.36282,45.26571],[3.36381,45.26276],[3.35176,45.25904],[3.3493,45.25437],[3.35,45.25294],[3.35087,45.25203],[3.37495,45.24219],[3.38655,45.23903],[3.38453,45.23137],[3.38168,45.22924],[3.38489,45.22617],[3.37488,45.20641],[3.36989,45.20412],[3.36556,45.20445],[3.36467,45.20653],[3.35799,45.2114],[3.35368,45.21053],[3.34846,45.20672],[3.34276,45.19613],[3.34018,45.1948],[3.33714,45.19435],[3.31373,45.19683],[3.3072,45.19941],[3.29696,45.21111],[3.29164,45.22018]]]]}},{"type":"Feature","properties":{"code":"43207","nom":"Saint-Laurent-Chabreuges","departement":"43","region":"84"},"geometry":{"type":"MultiPolygon","coordinates":[[[[3.35731,45.28473],[3.36698,45.28423],[3.37153,45.28219],[3.37873,45.27455],[3.37695,45.27329],[3.37235,45.26664],[3.36508,45.26195],[3.36436,45.26171],[3.36381,45.26276],[3.36282,45.26571],[3.35413,45.27385],[3.34769,45.27406],[3.33362,45.2685],[3.32857,45.26486],[3.32207,45.26409],[3.31869,45.26594],[3.31579,45.27263],[3.31325,45.27433],[3.31458,45.2759],[3.32593,45.2779],[3.3325,45.2816],[3.33236,45.2876],[3.33631,45.29173],[3.33931,45.29265],[3.34269,45.29225],[3.3511,45.28832],[3.3539,45.28433],[3.35731,45.28473]]]]}},{"type":"Feature","properties":{"code":"43208","nom":"Sainte-Marguerite","departement":"43","region":"84"},"geometry":{"type":"MultiPolygon","coordinates":[[[[3.58658,45.23041],[3.58512,45.2266],[3.58787,45.21883],[3.58953,45.21545],[3.59686,45.20869],[3.59722,45.20419],[3.59434,45.20058],[3.58461,45.19771],[3.57941,45.19462],[3.57347,45.19486],[3.56911,45.19928],[3.56863,45.20197],[3.57001,45.2062],[3.57888,45.21468],[3.5767,45.22879],[3.58069,45.23492],[3.58658,45.23041]]]]}},{"type":"Feature","properties":{"code":"43210","nom":"Saint-Martin-de-Fugères","departement":"43","region":"84"},"geometry":{"type":"MultiPolygon","coordinates":[[[[3.91927,44.91337],[3.92012,44.91452],[3.91722,44.91935],[3.91294,44.9217],[3.91264,44.92613],[3.915,44.93306],[3.92106,44.9352],[3.92298,44.93161],[3.92667,44.92935],[3.94389,44.92482],[3.94913,44.92872],[3.96219,44.93574],[3.9637,44.93479],[3.96435,44.93189],[3.97138,44.92027],[3.97389,44.91228],[3.97136,44.90655],[3.96969,44.90532],[3.96763,44.90583],[3.97175,44.88354],[3.97062,44.88125],[3.96487,44.87919],[3.94893,44.87952],[3.94775,44.8806],[3.941,44.88221],[3.93674,44.88511],[3.93212,44.89058],[3.91952,44.90147],[3.91867,44.9034],[3.9185,44.91228],[3.91927,44.91337]]]]}},{"type":"Feature","properties":{"code":"43211","nom":"Saint-Maurice-de-Lignon","departement":"43","region":"84"},"geometry":{"type":"MultiPolygon","coordinates":[[[[4.15505,45.19142],[4.14656,45.19554],[4.1435,45.19568],[4.14065,45.1953],[4.14127,45.19207],[4.13633,45.18792],[4.12581,45.18877],[4.11633,45.19112],[4.11343,45.19497],[4.10927,45.20219],[4.10287,45.20949],[4.10119,45.21435],[4.10083,45.21883],[4.10266,45.22639],[4.10185,45.23586],[4.10263,45.24149],[4.10821,45.24432],[4.11436,45.24438],[4.12298,45.24653],[4.13136,45.24985],[4.14346,45.25715],[4.14466,45.25867],[4.15103,45.2567],[4.15217,45.25564],[4.15156,45.25221],[4.14993,45.25104],[4.14928,45.24668],[4.15279,45.24173],[4.15592,45.23476],[4.16407,45.22833],[4.17811,45.22483],[4.1787,45.22379],[4.17323,45.22181],[4.16876,45.22154],[4.16615,45.21177],[4.16623,45.20137],[4.16802,45.19461],[4.16417,45.19143],[4.15505,45.19142]]]]}},{"type":"Feature","properties":{"code":"43212","nom":"Saint-Pal-de-Chalencon","departement":"43","region":"84"},"geometry":{"type":"MultiPolygon","coordinates":[[[[4.00224,45.35591],[4.0146,45.33363],[4.00548,45.33147],[3.99324,45.33638],[3.98783,45.33704],[3.98063,45.33542],[3.97841,45.33095],[3.98017,45.32813],[3.9794,45.32657],[3.96784,45.32194],[3.95333,45.32166],[3.94701,45.31925],[3.94244,45.31632],[3.94017,45.31674],[3.93592,45.32229],[3.93691,45.33066],[3.93643,45.33665],[3.93211,45.33964],[3.91935,45.34192],[3.91813,45.34691],[3.91521,45.35098],[3.92908,45.35795],[3.93691,45.36386],[3.93814,45.37217],[3.94467,45.37405],[3.96125,45.3731],[3.9697,45.37417],[3.97489,45.37601],[3.97811,45.37567],[3.98038,45.37497],[3.98971,45.36262],[4.00032,45.35611],[4.00224,45.35591]]]]}},{"type":"Feature","properties":{"code":"43213","nom":"Saint-Pal-de-Mons","departement":"43","region":"84"},"geometry":{"type":"MultiPolygon","coordinates":[[[[4.29639,45.21327],[4.29366,45.21533],[4.28284,45.21679],[4.27664,45.21525],[4.27168,45.21293],[4.26507,45.2121],[4.24919,45.21485],[4.24336,45.21434],[4.23798,45.21826],[4.23964,45.22065],[4.25025,45.22604],[4.25481,45.23086],[4.25808,45.23849],[4.25888,45.25279],[4.26343,45.26142],[4.2629,45.27184],[4.26796,45.27231],[4.27422,45.27401],[4.28029,45.27822],[4.28731,45.27829],[4.29986,45.27554],[4.31014,45.25454],[4.31248,45.24784],[4.31626,45.24473],[4.32262,45.24285],[4.32469,45.24311],[4.319,45.23371],[4.31227,45.23189],[4.3052,45.22867],[4.30241,45.22618],[4.2993,45.21997],[4.29936,45.21412],[4.29639,45.21327]]]]}},{"type":"Feature","properties":{"code":"43214","nom":"Saint-Pal-de-Senouire","departement":"43","region":"84"},"geometry":{"type":"MultiPolygon","coordinates":[[[[3.66607,45.25702],[3.6728,45.24977],[3.672,45.24245],[3.65891,45.22938],[3.64744,45.23002],[3.64201,45.23438],[3.63618,45.23721],[3.63062,45.23938],[3.62863,45.23793],[3.62552,45.24735],[3.62548,45.25171],[3.61854,45.26163],[3.61733,45.26502],[3.61948,45.26675],[3.61883,45.26947],[3.62165,45.27591],[3.62893,45.27911],[3.64499,45.28303],[3.65313,45.28334],[3.66527,45.27955],[3.67092,45.27872],[3.67198,45.27763],[3.66891,45.27646],[3.66654,45.27158],[3.66399,45.25821],[3.66607,45.25702]]]]}},{"type":"Feature","properties":{"code":"43215","nom":"Saint-Paul-de-Tartas","departement":"43","region":"84"},"geometry":{"type":"MultiPolygon","coordinates":[[[[3.87293,44.82661],[3.87985,44.82143],[3.89379,44.82013],[3.89622,44.81393],[3.90098,44.81225],[3.93955,44.82069],[3.94435,44.82102],[3.93738,44.7975],[3.93039,44.79355],[3.9209,44.77926],[3.92281,44.77217],[3.92406,44.77105],[3.92501,44.76994],[3.92147,44.76772],[3.91449,44.76663],[3.914,44.76514],[3.91326,44.76993],[3.91084,44.7759],[3.90495,44.78012],[3.88676,44.78617],[3.87436,44.7856],[3.86806,44.78119],[3.85466,44.77469],[3.8503,44.77374],[3.84971,44.78147],[3.85324,44.78663],[3.85591,44.78849],[3.85817,44.79412],[3.85079,44.80076],[3.83942,44.80634],[3.84395,44.80877],[3.8607,44.81085],[3.86303,44.81271],[3.86674,44.82002],[3.87293,44.82661]]]]}},{"type":"Feature","properties":{"code":"43216","nom":"Saint-Paulien","departement":"43","region":"84"},"geometry":{"type":"MultiPolygon","coordinates":[[[[3.85864,45.16324],[3.86125,45.16304],[3.86859,45.16041],[3.86809,45.14882],[3.87609,45.1269],[3.87162,45.11333],[3.85603,45.11435],[3.85139,45.1159],[3.84708,45.11965],[3.84692,45.12401],[3.84169,45.12549],[3.83548,45.12604],[3.82301,45.11721],[3.82799,45.10759],[3.83109,45.1036],[3.82954,45.10272],[3.81188,45.09225],[3.81228,45.09141],[3.81082,45.09302],[3.79764,45.10772],[3.79025,45.10905],[3.78818,45.11013],[3.78748,45.11256],[3.77679,45.11243],[3.77276,45.11387],[3.7734,45.11647],[3.78545,45.14089],[3.77593,45.15226],[3.77303,45.15337],[3.77162,45.16014],[3.78786,45.16956],[3.79905,45.17392],[3.80057,45.17261],[3.79979,45.17143],[3.79972,45.15883],[3.80157,45.15613],[3.80563,45.15301],[3.82141,45.15043],[3.83207,45.15315],[3.83545,45.15493],[3.83681,45.15802],[3.84695,45.16272],[3.85864,45.16324]]]]}},{"type":"Feature","properties":{"code":"43217","nom":"Saint-Pierre-du-Champ","departement":"43","region":"84"},"geometry":{"type":"MultiPolygon","coordinates":[[[[3.91006,45.22313],[3.90572,45.21973],[3.90538,45.21621],[3.90172,45.20564],[3.89698,45.19896],[3.89266,45.20035],[3.88704,45.20803],[3.88736,45.21725],[3.88563,45.21938],[3.88399,45.22034],[3.88092,45.2203],[3.87098,45.21787],[3.85928,45.23256],[3.8543,45.23873],[3.85245,45.24293],[3.85127,45.25367],[3.85222,45.26687],[3.85534,45.27065],[3.86804,45.27258],[3.87717,45.27316],[3.88451,45.27518],[3.88678,45.27701],[3.89702,45.28147],[3.90444,45.27956],[3.90772,45.27283],[3.91123,45.27103],[3.91892,45.27197],[3.92438,45.25872],[3.92687,45.24928],[3.92587,45.24869],[3.91185,45.2494],[3.9083,45.24792],[3.90665,45.24573],[3.90498,45.23714],[3.90658,45.23616],[3.91158,45.22751],[3.91006,45.22313]]]]}},{"type":"Feature","properties":{"code":"43218","nom":"Saint-Pierre-Eynac","departement":"43","region":"84"},"geometry":{"type":"MultiPolygon","coordinates":[[[[3.99605,45.06458],[4.01559,45.07191],[4.01898,45.07178],[4.02046,45.07136],[4.02578,45.0661],[4.0402,45.05964],[4.05038,45.06098],[4.06814,45.0671],[4.08292,45.06556],[4.08503,45.06247],[4.06983,45.05775],[4.06565,45.05319],[4.04827,45.0393],[4.04585,45.03557],[4.0455,45.03012],[4.04862,45.02528],[4.04933,45.0219],[4.04786,45.01835],[4.04311,45.01306],[4.03173,45.02254],[4.00359,45.02901],[3.99007,45.0434],[3.98387,45.04862],[3.98377,45.04952],[3.98513,45.05465],[3.98985,45.05804],[3.99284,45.05824],[3.99605,45.06458]]]]}},{"type":"Feature","properties":{"code":"43219","nom":"Saint-Préjet-Armandon","departement":"43","region":"84"},"geometry":{"type":"MultiPolygon","coordinates":[[[[3.56551,45.23531],[3.56422,45.23447],[3.55828,45.2335],[3.55082,45.23589],[3.54582,45.23568],[3.54394,45.23494],[3.54203,45.2391],[3.53512,45.24237],[3.5256,45.25434],[3.52301,45.25635],[3.52339,45.25707],[3.53509,45.26589],[3.54729,45.261],[3.56014,45.25938],[3.56345,45.25994],[3.56867,45.2578],[3.57872,45.25084],[3.58112,45.25109],[3.58031,45.24851],[3.57033,45.24393],[3.56541,45.24054],[3.56551,45.23531]]]]}},{"type":"Feature","properties":{"code":"43220","nom":"Saint-Préjet-d'Allier","departement":"43","region":"84"},"geometry":{"type":"MultiPolygon","coordinates":[[[[3.66577,44.93536],[3.6551,44.92338],[3.65043,44.91535],[3.65011,44.90829],[3.64522,44.88502],[3.6379,44.88654],[3.63192,44.88951],[3.62892,44.89759],[3.62634,44.90059],[3.62252,44.90257],[3.61066,44.90724],[3.60558,44.90672],[3.60543,44.90546],[3.60478,44.90479],[3.58858,44.90799],[3.57666,44.91507],[3.57447,44.91837],[3.57979,44.9318],[3.58769,44.93279],[3.59488,44.93125],[3.61094,44.93142],[3.62665,44.93319],[3.62798,44.93424],[3.62989,44.9395],[3.63176,44.95111],[3.6394,44.94999],[3.65165,44.94443],[3.65858,44.94105],[3.66577,44.93536]]]]}},{"type":"Feature","properties":{"code":"43221","nom":"Saint-Privat-d'Allier","departement":"43","region":"84"},"geometry":{"type":"MultiPolygon","coordinates":[[[[3.6581,45.02888],[3.67202,45.03181],[3.67256,45.0311],[3.68883,45.02791],[3.70239,45.0274],[3.7044,45.02599],[3.7018,45.02159],[3.71293,45.01205],[3.7159,45.00577],[3.7169,45.00378],[3.717,44.99817],[3.71627,44.9959],[3.71538,44.98195],[3.70746,44.97817],[3.7059,44.97311],[3.69984,44.96306],[3.6954,44.95891],[3.68341,44.96772],[3.68052,44.97427],[3.66924,44.9699],[3.66391,44.96938],[3.64866,44.9717],[3.64372,44.97464],[3.63393,44.98463],[3.62742,44.9937],[3.62558,44.99812],[3.62711,45.0019],[3.63106,45.00692],[3.63595,45.00656],[3.64118,45.00846],[3.64526,45.01194],[3.64735,45.01495],[3.64583,45.01566],[3.64722,45.0181],[3.65147,45.02292],[3.65856,45.02793],[3.6581,45.02888]]]]}},{"type":"Feature","properties":{"code":"43222","nom":"Saint-Privat-du-Dragon","departement":"43","region":"84"},"geometry":{"type":"MultiPolygon","coordinates":[[[[3.47171,45.19386],[3.47547,45.19095],[3.47697,45.18769],[3.47109,45.18136],[3.47769,45.17397],[3.47574,45.1716],[3.47303,45.17001],[3.46673,45.16953],[3.45075,45.17119],[3.44622,45.17205],[3.43197,45.16612],[3.42422,45.16569],[3.41377,45.16735],[3.42321,45.16982],[3.42452,45.17083],[3.42398,45.17573],[3.42139,45.18052],[3.42263,45.18187],[3.42908,45.18449],[3.4282,45.19128],[3.42604,45.1951],[3.41708,45.20201],[3.4142,45.2084],[3.41826,45.22015],[3.41512,45.22662],[3.4119,45.22786],[3.41239,45.2285],[3.42087,45.22801],[3.4239,45.22434],[3.42895,45.22259],[3.44604,45.22655],[3.44478,45.22323],[3.44828,45.21619],[3.45165,45.21277],[3.45814,45.21259],[3.4574,45.21025],[3.45825,45.20829],[3.46757,45.19679],[3.47171,45.19386]]]]}},{"type":"Feature","properties":{"code":"43223","nom":"Saint-Romain-Lachalm","departement":"43","region":"84"},"geometry":{"type":"MultiPolygon","coordinates":[[[[4.36142,45.29183],[4.35685,45.28534],[4.35399,45.27737],[4.35711,45.271],[4.36156,45.26568],[4.37139,45.25992],[4.3763,45.25842],[4.38019,45.24997],[4.37856,45.24737],[4.36748,45.24335],[4.35777,45.2426],[4.35741,45.24363],[4.35423,45.24824],[4.33937,45.24925],[4.32608,45.24636],[4.32469,45.24311],[4.32262,45.24285],[4.31626,45.24473],[4.31248,45.24784],[4.31014,45.25454],[4.29986,45.27554],[4.31507,45.27321],[4.32075,45.27369],[4.32493,45.2758],[4.32595,45.27981],[4.32976,45.28658],[4.33639,45.29161],[4.33995,45.29303],[4.35562,45.29509],[4.35682,45.2937],[4.36142,45.29183]]]]}},{"type":"Feature","properties":{"code":"43224","nom":"Sainte-Sigolène","departement":"43","region":"84"},"geometry":{"type":"MultiPolygon","coordinates":[[[[4.23475,45.2196],[4.2302,45.21907],[4.22951,45.21011],[4.22791,45.20762],[4.22064,45.20742],[4.20463,45.21043],[4.20637,45.21318],[4.20513,45.21949],[4.19594,45.22378],[4.20454,45.23067],[4.20375,45.23911],[4.19885,45.24905],[4.1911,45.25677],[4.18783,45.25845],[4.18526,45.26186],[4.18597,45.264],[4.18738,45.26479],[4.19851,45.26685],[4.20283,45.265],[4.2114,45.2643],[4.21797,45.27038],[4.22006,45.27504],[4.23076,45.27974],[4.23552,45.28055],[4.25016,45.27925],[4.25956,45.27443],[4.2629,45.27184],[4.26343,45.26142],[4.25888,45.25279],[4.25808,45.23849],[4.25481,45.23086],[4.25025,45.22604],[4.23964,45.22065],[4.23798,45.21826],[4.23475,45.2196]]]]}},{"type":"Feature","properties":{"code":"43225","nom":"Saint-Vénérand","departement":"43","region":"84"},"geometry":{"type":"MultiPolygon","coordinates":[[[[3.65415,44.87978],[3.65697,44.88149],[3.66479,44.88323],[3.67954,44.89333],[3.6791,44.8957],[3.68344,44.89778],[3.68712,44.89746],[3.69349,44.89219],[3.69364,44.87916],[3.69064,44.87878],[3.68892,44.87664],[3.68883,44.87381],[3.69001,44.87291],[3.69155,44.87302],[3.68845,44.86061],[3.67386,44.85406],[3.66406,44.86103],[3.65999,44.87004],[3.65512,44.87416],[3.64556,44.87559],[3.64403,44.87712],[3.65415,44.87978]]]]}},{"type":"Feature","properties":{"code":"43226","nom":"Saint-Vert","departement":"43","region":"84"},"geometry":{"type":"MultiPolygon","coordinates":[[[[3.51523,45.38093],[3.51363,45.39068],[3.52281,45.39676],[3.52369,45.39893],[3.52141,45.4024],[3.52948,45.40004],[3.53836,45.39991],[3.54743,45.39879],[3.55396,45.39717],[3.55462,45.39509],[3.55893,45.39344],[3.56454,45.3953],[3.56897,45.40238],[3.57058,45.4021],[3.57722,45.38754],[3.58114,45.38279],[3.58091,45.38205],[3.56894,45.38569],[3.56615,45.38223],[3.56957,45.37618],[3.56478,45.36675],[3.55366,45.35566],[3.54079,45.34744],[3.53593,45.34797],[3.52469,45.35508],[3.51745,45.36315],[3.51474,45.36794],[3.51377,45.37267],[3.51561,45.37547],[3.51523,45.38093]]]]}},{"type":"Feature","properties":{"code":"43227","nom":"Saint-Victor-Malescours","departement":"43","region":"84"},"geometry":{"type":"MultiPolygon","coordinates":[[[[4.36633,45.30131],[4.36723,45.30145],[4.36934,45.29971],[4.36838,45.29707],[4.36724,45.29526],[4.36142,45.29183],[4.35682,45.2937],[4.35562,45.29509],[4.33995,45.29303],[4.33639,45.29161],[4.32976,45.28658],[4.32595,45.27981],[4.32493,45.2758],[4.32075,45.27369],[4.31507,45.27321],[4.29986,45.27554],[4.28731,45.27829],[4.28029,45.27822],[4.28633,45.28456],[4.29178,45.28485],[4.29847,45.28685],[4.30221,45.28957],[4.31048,45.30174],[4.31414,45.30899],[4.31859,45.31403],[4.32352,45.31543],[4.32628,45.31599],[4.32994,45.31834],[4.33169,45.31848],[4.34487,45.3091],[4.35696,45.30357],[4.36504,45.30095],[4.36633,45.30131]]]]}},{"type":"Feature","properties":{"code":"43228","nom":"Saint-Victor-sur-Arlanc","departement":"43","region":"84"},"geometry":{"type":"MultiPolygon","coordinates":[[[[3.75116,45.3314],[3.7504,45.34268],[3.75331,45.35035],[3.756,45.35386],[3.75635,45.35443],[3.76416,45.35294],[3.77193,45.34928],[3.77472,45.34869],[3.77783,45.34938],[3.78001,45.35058],[3.78023,45.35161],[3.78596,45.35158],[3.78979,45.34954],[3.79453,45.34658],[3.79999,45.33946],[3.80482,45.33485],[3.80752,45.33342],[3.81186,45.33301],[3.81174,45.33102],[3.81378,45.32782],[3.81237,45.32646],[3.80278,45.3241],[3.80025,45.32413],[3.79352,45.32644],[3.78396,45.33205],[3.77757,45.32833],[3.77858,45.32096],[3.76886,45.31591],[3.7598,45.31474],[3.75852,45.31515],[3.76277,45.31857],[3.764,45.32067],[3.76238,45.32867],[3.75927,45.32812],[3.75116,45.3314]]]]}},{"type":"Feature","properties":{"code":"43229","nom":"Saint-Vidal","departement":"43","region":"84"},"geometry":{"type":"MultiPolygon","coordinates":[[[[3.77634,45.07636],[3.77585,45.07914],[3.78617,45.08385],[3.79482,45.08395],[3.80709,45.08995],[3.81082,45.09302],[3.81228,45.09141],[3.82059,45.08264],[3.81849,45.07673],[3.80591,45.06297],[3.80668,45.06172],[3.79111,45.05775],[3.78403,45.06295],[3.77807,45.07026],[3.77634,45.07636]]]]}},{"type":"Feature","properties":{"code":"43230","nom":"Saint-Vincent","departement":"43","region":"84"},"geometry":{"type":"MultiPolygon","coordinates":[[[[3.93351,45.1687],[3.93452,45.16461],[3.92757,45.16083],[3.92504,45.15523],[3.92453,45.15136],[3.92799,45.14756],[3.92604,45.14049],[3.9205,45.12803],[3.92007,45.12615],[3.91795,45.12621],[3.90376,45.13137],[3.88874,45.13235],[3.88247,45.13044],[3.87609,45.1269],[3.86809,45.14882],[3.86859,45.16041],[3.86125,45.16304],[3.85864,45.16324],[3.8573,45.16545],[3.86015,45.16773],[3.86777,45.16985],[3.89599,45.1698],[3.90773,45.17281],[3.91932,45.17842],[3.93351,45.1687]]]]}},{"type":"Feature","properties":{"code":"43231","nom":"Salettes","departement":"43","region":"84"},"geometry":{"type":"MultiPolygon","coordinates":[[[[3.94775,44.8806],[3.94893,44.87952],[3.96487,44.87919],[3.97062,44.88125],[3.97264,44.87915],[3.98203,44.87904],[3.99899,44.87741],[4.00616,44.87975],[4.0131,44.88368],[4.01829,44.88131],[4.01844,44.87775],[4.02868,44.86618],[4.02469,44.86024],[4.02534,44.8516],[4.02015,44.8459],[4.01166,44.84843],[4.0053,44.84907],[3.99826,44.84773],[3.98637,44.85154],[3.97796,44.85651],[3.962,44.85907],[3.95917,44.86023],[3.9577,44.8632],[3.9521,44.86447],[3.93762,44.86323],[3.93391,44.8622],[3.92538,44.86661],[3.92093,44.86991],[3.91823,44.87732],[3.9209,44.87899],[3.93848,44.87956],[3.94688,44.8783],[3.94775,44.8806]]]]}},{"type":"Feature","properties":{"code":"43232","nom":"Salzuit","departement":"43","region":"84"},"geometry":{"type":"MultiPolygon","coordinates":[[[[3.47171,45.19386],[3.46757,45.19679],[3.45825,45.20829],[3.4574,45.21025],[3.45814,45.21259],[3.46455,45.21477],[3.47486,45.22094],[3.48839,45.22478],[3.48953,45.22369],[3.49821,45.2201],[3.50409,45.21311],[3.50509,45.20706],[3.50341,45.2045],[3.50337,45.20108],[3.47931,45.19769],[3.47171,45.19386]]]]}},{"type":"Feature","properties":{"code":"43233","nom":"Sanssac-l'Église","departement":"43","region":"84"},"geometry":{"type":"MultiPolygon","coordinates":[[[[3.83883,45.05915],[3.83465,45.05896],[3.82736,45.05652],[3.81348,45.04291],[3.81351,45.03556],[3.8154,45.02852],[3.81328,45.02746],[3.80947,45.02725],[3.79532,45.02769],[3.79007,45.02848],[3.78917,45.03047],[3.78932,45.03119],[3.77297,45.03096],[3.76514,45.03018],[3.76038,45.03119],[3.75813,45.03252],[3.75704,45.03452],[3.7562,45.04699],[3.75924,45.05474],[3.76726,45.05918],[3.77617,45.06037],[3.78403,45.06295],[3.79111,45.05775],[3.80668,45.06172],[3.81659,45.05987],[3.82744,45.05922],[3.83321,45.06153],[3.83732,45.06108],[3.83883,45.05915]]]]}},{"type":"Feature","properties":{"code":"43234","nom":"Saugues","departement":"43","region":"84"},"geometry":{"type":"MultiPolygon","coordinates":[[[[3.52921,44.98666],[3.53292,44.98449],[3.55284,44.98008],[3.56167,44.98377],[3.57675,44.98352],[3.58583,44.98844],[3.59068,44.99976],[3.59361,44.99907],[3.60069,44.98838],[3.60158,44.97825],[3.60343,44.976],[3.61672,44.96968],[3.62892,44.95993],[3.63176,44.95111],[3.62989,44.9395],[3.62798,44.93424],[3.62665,44.93319],[3.61094,44.93142],[3.59488,44.93125],[3.58769,44.93279],[3.57979,44.9318],[3.57447,44.91837],[3.56536,44.91949],[3.55495,44.92031],[3.53793,44.91302],[3.53387,44.90875],[3.53344,44.90535],[3.5294,44.90341],[3.52479,44.90231],[3.51728,44.90195],[3.51813,44.90424],[3.51651,44.91663],[3.5148,44.92103],[3.50637,44.92711],[3.49733,44.93702],[3.4853,44.94223],[3.47358,44.94508],[3.47144,44.94478],[3.46214,44.94007],[3.45948,44.93731],[3.46197,44.93527],[3.46544,44.92612],[3.44552,44.92703],[3.43888,44.92617],[3.41938,44.90837],[3.41067,44.91766],[3.41393,44.91987],[3.41606,44.92795],[3.41534,44.94147],[3.41248,44.94501],[3.41692,44.94279],[3.42103,44.94547],[3.436,44.94904],[3.43848,44.95112],[3.44308,44.94865],[3.45779,44.9477],[3.48228,44.94845],[3.49128,44.95437],[3.48973,44.9537],[3.48731,44.9543],[3.48349,44.96187],[3.48475,44.96435],[3.48618,44.96596],[3.4902,44.9675],[3.4987,44.96942],[3.50287,44.96755],[3.51183,44.95931],[3.51653,44.95649],[3.52052,44.95645],[3.52292,44.96168],[3.52105,44.96702],[3.51752,44.9698],[3.52097,44.97858],[3.52618,44.98604],[3.52921,44.98666]]]]}},{"type":"Feature","properties":{"code":"43236","nom":"La Séauve-sur-Semène","departement":"43","region":"84"},"geometry":{"type":"MultiPolygon","coordinates":[[[[4.25956,45.27443],[4.25016,45.27925],[4.23552,45.28055],[4.23771,45.28838],[4.23587,45.30841],[4.2348,45.31132],[4.23138,45.31422],[4.23293,45.31502],[4.24682,45.31708],[4.24827,45.31631],[4.25426,45.30881],[4.26726,45.2862],[4.26851,45.28194],[4.26375,45.27612],[4.25956,45.27443]]]]}},{"type":"Feature","properties":{"code":"43237","nom":"Sembadel","departement":"43","region":"84"},"geometry":{"type":"MultiPolygon","coordinates":[[[[3.72251,45.28491],[3.72236,45.26593],[3.72019,45.26062],[3.71796,45.26138],[3.71619,45.26033],[3.71326,45.25336],[3.69797,45.24994],[3.6895,45.24937],[3.68072,45.25015],[3.66607,45.25702],[3.66399,45.25821],[3.66654,45.27158],[3.66891,45.27646],[3.67198,45.27763],[3.67092,45.27872],[3.67228,45.27974],[3.67103,45.28919],[3.66887,45.2967],[3.6706,45.29901],[3.67798,45.29754],[3.68113,45.29502],[3.68707,45.29276],[3.68879,45.29652],[3.69209,45.29625],[3.6975,45.29791],[3.70259,45.29611],[3.71218,45.28672],[3.72251,45.28491]]]]}},{"type":"Feature","properties":{"code":"43238","nom":"Séneujols","departement":"43","region":"84"},"geometry":{"type":"MultiPolygon","coordinates":[[[[3.79505,44.97018],[3.80262,44.96361],[3.80352,44.95731],[3.81055,44.95494],[3.81022,44.94357],[3.80739,44.94074],[3.78786,44.94087],[3.77047,44.9361],[3.76484,44.93638],[3.75944,44.95229],[3.76328,44.9612],[3.7611,44.9617],[3.75912,44.96366],[3.75687,44.97021],[3.76091,44.97374],[3.76595,44.97656],[3.77302,44.97757],[3.7751,44.97559],[3.77642,44.97327],[3.77242,44.96672],[3.78219,44.96632],[3.79505,44.97018]]]]}},{"type":"Feature","properties":{"code":"43239","nom":"Siaugues-Sainte-Marie","departement":"43","region":"84"},"geometry":{"type":"MultiPolygon","coordinates":[[[[3.58985,45.08841],[3.60076,45.10007],[3.60823,45.11218],[3.61164,45.11568],[3.62204,45.11537],[3.63419,45.11269],[3.65625,45.1057],[3.67316,45.10426],[3.6743,45.10386],[3.67488,45.10007],[3.66568,45.08619],[3.66893,45.07474],[3.65381,45.05809],[3.64929,45.04906],[3.64348,45.04677],[3.63475,45.04823],[3.62133,45.04784],[3.60599,45.04078],[3.59357,45.03897],[3.59083,45.04972],[3.58456,45.0644],[3.59324,45.06804],[3.59373,45.0745],[3.58358,45.08113],[3.58985,45.08841]]]]}},{"type":"Feature","properties":{"code":"43240","nom":"Solignac-sous-Roche","departement":"43","region":"84"},"geometry":{"type":"MultiPolygon","coordinates":[[[[3.9973,45.26772],[4.00213,45.26386],[4.00772,45.26144],[4.01925,45.25863],[4.02018,45.25783],[4.01863,45.25738],[4.01764,45.25554],[4.0203,45.24837],[4.02374,45.24493],[4.01322,45.2413],[4.00329,45.23927],[3.99199,45.23787],[3.9841,45.23877],[3.98474,45.24119],[3.97415,45.25209],[3.9729,45.26186],[3.97285,45.26319],[3.97503,45.266],[3.97769,45.26717],[3.98134,45.26739],[3.98291,45.26623],[3.9973,45.26772]]]]}},{"type":"Feature","properties":{"code":"43241","nom":"Solignac-sur-Loire","departement":"43","region":"84"},"geometry":{"type":"MultiPolygon","coordinates":[[[[3.83969,44.95234],[3.84116,44.95443],[3.84068,44.95556],[3.83869,44.95548],[3.82963,44.9587],[3.83066,44.96295],[3.84381,44.97141],[3.85813,44.97154],[3.87462,44.97409],[3.88143,44.98174],[3.8907,44.9837],[3.89264,44.98332],[3.8934,44.98196],[3.89248,44.97821],[3.90086,44.97216],[3.90421,44.97159],[3.90815,44.973],[3.90862,44.97404],[3.90701,44.97603],[3.90806,44.97717],[3.91051,44.97481],[3.91447,44.96963],[3.9171,44.96786],[3.92357,44.95576],[3.92016,44.94385],[3.92164,44.94165],[3.92119,44.9395],[3.89289,44.94297],[3.882,44.94229],[3.87504,44.93807],[3.8733,44.93337],[3.87032,44.92938],[3.86062,44.93025],[3.8578,44.93145],[3.84922,44.95028],[3.83918,44.95163],[3.83969,44.95234]]]]}},{"type":"Feature","properties":{"code":"43242","nom":"Tailhac","departement":"43","region":"84"},"geometry":{"type":"MultiPolygon","coordinates":[[[[3.43577,45.07758],[3.43698,45.07776],[3.45306,45.06876],[3.45889,45.05982],[3.46678,45.05685],[3.47537,45.06096],[3.48438,45.06178],[3.48565,45.06059],[3.48567,45.05897],[3.47938,45.04925],[3.48261,45.03845],[3.48499,45.03492],[3.47907,45.03353],[3.4772,45.03543],[3.46245,45.03185],[3.44611,45.03366],[3.44129,45.03739],[3.441,45.04028],[3.43832,45.04315],[3.4378,45.05605],[3.43457,45.06427],[3.43403,45.06926],[3.43577,45.07758]]]]}},{"type":"Feature","properties":{"code":"43244","nom":"Tence","departement":"43","region":"84"},"geometry":{"type":"MultiPolygon","coordinates":[[[[4.28834,45.0833],[4.25576,45.08571],[4.25162,45.08753],[4.25367,45.09381],[4.25288,45.09744],[4.25212,45.09973],[4.24598,45.10492],[4.24099,45.121],[4.24728,45.11857],[4.26134,45.12495],[4.26556,45.1296],[4.26501,45.13515],[4.26173,45.14582],[4.25795,45.15096],[4.26523,45.1581],[4.276,45.15745],[4.27718,45.15485],[4.2805,45.15384],[4.28639,45.15522],[4.28981,45.15845],[4.3053,45.14925],[4.31664,45.13968],[4.33158,45.13161],[4.33858,45.12905],[4.34443,45.12984],[4.35227,45.10733],[4.35496,45.10277],[4.36012,45.10108],[4.35938,45.09977],[4.36076,45.09198],[4.35809,45.08131],[4.34966,45.07651],[4.34706,45.07686],[4.34642,45.07504],[4.34339,45.07496],[4.33994,45.07624],[4.33166,45.08106],[4.32919,45.08704],[4.32671,45.09016],[4.30025,45.09017],[4.29243,45.08822],[4.28834,45.0833]]]]}},{"type":"Feature","properties":{"code":"43245","nom":"Thoras","departement":"43","region":"84"},"geometry":{"type":"MultiPolygon","coordinates":[[[[3.64403,44.87712],[3.64211,44.87812],[3.63247,44.87734],[3.63029,44.88071],[3.61991,44.8756],[3.61491,44.87419],[3.6096,44.87727],[3.60825,44.8791],[3.6067,44.87932],[3.60076,44.87891],[3.59594,44.87683],[3.59518,44.86905],[3.59585,44.8528],[3.58931,44.83305],[3.59019,44.82743],[3.58819,44.82625],[3.5826,44.82624],[3.57885,44.82548],[3.57539,44.83298],[3.57343,44.83489],[3.57172,44.83517],[3.56427,44.83278],[3.56254,44.8277],[3.53815,44.82812],[3.53094,44.82758],[3.52038,44.82533],[3.5073,44.8242],[3.5085,44.82648],[3.5195,44.83269],[3.52264,44.83788],[3.52461,44.8445],[3.52804,44.85065],[3.5346,44.85329],[3.53665,44.8551],[3.53675,44.85715],[3.53468,44.85994],[3.52512,44.86136],[3.5189,44.86474],[3.51819,44.86816],[3.52487,44.87201],[3.5359,44.87362],[3.53847,44.87324],[3.53975,44.87417],[3.53908,44.87773],[3.52853,44.88873],[3.52596,44.89411],[3.52712,44.89508],[3.53071,44.89573],[3.53846,44.89318],[3.5395,44.89151],[3.53864,44.88876],[3.54174,44.88591],[3.56292,44.88974],[3.57361,44.88596],[3.57953,44.887],[3.58481,44.88917],[3.59228,44.89499],[3.60537,44.90008],[3.60792,44.90299],[3.60543,44.90546],[3.60558,44.90672],[3.61066,44.90724],[3.62252,44.90257],[3.62634,44.90059],[3.62892,44.89759],[3.63192,44.88951],[3.6379,44.88654],[3.64522,44.88502],[3.65415,44.87978],[3.64403,44.87712]]]]}},{"type":"Feature","properties":{"code":"43246","nom":"Tiranges","departement":"43","region":"84"},"geometry":{"type":"MultiPolygon","coordinates":[[[[4.04695,45.26948],[4.04575,45.26956],[4.02326,45.25757],[4.02155,45.25714],[4.02018,45.25783],[4.01925,45.25863],[4.00772,45.26144],[4.00213,45.26386],[3.9973,45.26772],[3.98698,45.27453],[3.98365,45.28093],[3.98461,45.2846],[3.97695,45.28635],[3.97365,45.30367],[3.9756,45.30898],[3.98441,45.31481],[3.99235,45.31609],[3.99597,45.31554],[4.01436,45.31649],[4.02365,45.31159],[4.02266,45.30705],[4.02722,45.30112],[4.05819,45.28702],[4.05938,45.28635],[4.05933,45.28009],[4.05337,45.27967],[4.04798,45.27803],[4.04578,45.27404],[4.04699,45.27228],[4.04695,45.26948]]]]}},{"type":"Feature","properties":{"code":"43247","nom":"Torsiac","departement":"43","region":"84"},"geometry":{"type":"MultiPolygon","coordinates":[[[[3.1811,45.35223],[3.1744,45.35513],[3.18055,45.3634],[3.20355,45.37117],[3.20923,45.37151],[3.21177,45.36733],[3.21333,45.36302],[3.21689,45.36028],[3.2213,45.35167],[3.21315,45.34902],[3.20927,45.34399],[3.20707,45.33795],[3.20759,45.33444],[3.20278,45.33276],[3.19254,45.33081],[3.19018,45.3321],[3.18279,45.34231],[3.18324,45.3443],[3.18463,45.3443],[3.18391,45.3434],[3.1852,45.3434],[3.18553,45.3442],[3.18161,45.34619],[3.18066,45.34865],[3.18299,45.35172],[3.1811,45.35223]]]]}},{"type":"Feature","properties":{"code":"43249","nom":"Valprivas","departement":"43","region":"84"},"geometry":{"type":"MultiPolygon","coordinates":[[[[4.03591,45.35377],[4.03749,45.35338],[4.03976,45.35393],[4.04326,45.35594],[4.04587,45.35572],[4.05155,45.35357],[4.0577,45.34974],[4.06694,45.33683],[4.07081,45.33605],[4.07491,45.33308],[4.07433,45.33154],[4.06832,45.32824],[4.06436,45.32408],[4.07147,45.30175],[4.06756,45.30001],[4.06075,45.29168],[4.05819,45.28702],[4.02722,45.30112],[4.02266,45.30705],[4.02365,45.31159],[4.02314,45.32069],[4.02071,45.32825],[4.01985,45.33345],[4.02938,45.34791],[4.03316,45.34853],[4.036,45.35241],[4.03591,45.35377]]]]}},{"type":"Feature","properties":{"code":"43250","nom":"Vals-le-Chastel","departement":"43","region":"84"},"geometry":{"type":"MultiPolygon","coordinates":[[[[3.54305,45.27008],[3.53509,45.26589],[3.52339,45.25707],[3.51634,45.27026],[3.51781,45.28001],[3.52077,45.28326],[3.52519,45.28472],[3.53061,45.28086],[3.53758,45.28126],[3.54077,45.27704],[3.54305,45.27008]]]]}},{"type":"Feature","properties":{"code":"43251","nom":"Vals-près-le-Puy","departement":"43","region":"84"},"geometry":{"type":"MultiPolygon","coordinates":[[[[3.87261,45.03886],[3.87768,45.03716],[3.88168,45.03687],[3.88158,45.03633],[3.88373,45.03601],[3.88492,45.03583],[3.88434,45.03519],[3.88109,45.02795],[3.88182,45.02477],[3.87834,45.01987],[3.86158,45.00714],[3.85733,45.00822],[3.85312,45.01487],[3.85096,45.02473],[3.8528,45.02634],[3.85858,45.02872],[3.86266,45.02999],[3.8665,45.03245],[3.86953,45.03682],[3.87261,45.03886]]]]}},{"type":"Feature","properties":{"code":"43252","nom":"Varennes-Saint-Honorat","departement":"43","region":"84"},"geometry":{"type":"MultiPolygon","coordinates":[[[[3.66161,45.16013],[3.66092,45.16072],[3.65324,45.15128],[3.65016,45.14984],[3.6479,45.14988],[3.64812,45.15247],[3.64854,45.15638],[3.63233,45.16902],[3.61709,45.1921],[3.62141,45.19258],[3.62625,45.20084],[3.63598,45.20366],[3.63891,45.20305],[3.64218,45.19827],[3.64224,45.19439],[3.64327,45.19212],[3.65091,45.18976],[3.6608,45.18264],[3.67291,45.16857],[3.66739,45.16639],[3.66161,45.16013]]]]}},{"type":"Feature","properties":{"code":"43253","nom":"Les Vastres","departement":"43","region":"84"},"geometry":{"type":"MultiPolygon","coordinates":[[[[4.23266,45.00089],[4.23513,45.00149],[4.23667,45.0002],[4.24133,44.9998],[4.24653,45.00557],[4.24434,45.0106],[4.26119,45.02201],[4.26858,45.02285],[4.28312,45.02476],[4.29996,45.01992],[4.29707,45.01861],[4.29049,44.99632],[4.29402,44.99145],[4.30746,44.98596],[4.31346,44.97754],[4.31369,44.97469],[4.30953,44.97235],[4.29966,44.97011],[4.2945,44.96804],[4.29364,44.96683],[4.28668,44.96682],[4.27255,44.9645],[4.25243,44.95879],[4.25122,44.95884],[4.23598,44.97037],[4.23451,44.9684],[4.23262,44.97183],[4.23541,44.97718],[4.23744,44.98586],[4.2338,44.99382],[4.23266,45.00089]]]]}},{"type":"Feature","properties":{"code":"43254","nom":"Vazeilles-Limandre","departement":"43","region":"84"},"geometry":{"type":"MultiPolygon","coordinates":[[[[3.67895,45.10938],[3.67226,45.11934],[3.66926,45.13954],[3.67169,45.14053],[3.67976,45.13864],[3.68871,45.13504],[3.69205,45.1328],[3.70145,45.12403],[3.70897,45.12466],[3.72746,45.12235],[3.73018,45.122],[3.73149,45.11956],[3.72701,45.11418],[3.71978,45.1127],[3.71262,45.11455],[3.70966,45.11394],[3.70496,45.11132],[3.70325,45.10904],[3.70337,45.09522],[3.69592,45.09158],[3.69092,45.09293],[3.68171,45.10263],[3.67895,45.10938]]]]}},{"type":"Feature","properties":{"code":"43256","nom":"Venteuges","departement":"43","region":"84"},"geometry":{"type":"MultiPolygon","coordinates":[[[[3.47824,45.01388],[3.49719,45.00769],[3.49733,45.00468],[3.49998,45.00255],[3.51355,45.00737],[3.53846,45.00791],[3.5416,45.00866],[3.54173,45.00062],[3.54308,45.0008],[3.54129,44.9942],[3.5381,44.99203],[3.52699,44.98929],[3.52921,44.98666],[3.52618,44.98604],[3.52097,44.97858],[3.51752,44.9698],[3.52105,44.96702],[3.52292,44.96168],[3.52052,44.95645],[3.51653,44.95649],[3.51183,44.95931],[3.50287,44.96755],[3.4987,44.96942],[3.4902,44.9675],[3.48618,44.96596],[3.48475,44.96435],[3.48349,44.96187],[3.48731,44.9543],[3.48973,44.9537],[3.49128,44.95437],[3.48228,44.94845],[3.45779,44.9477],[3.44308,44.94865],[3.43848,44.95112],[3.44252,44.95591],[3.44259,44.9604],[3.43843,44.96481],[3.43198,44.96951],[3.43117,44.9747],[3.43638,44.97758],[3.44299,44.98302],[3.44643,44.99694],[3.44876,45.00278],[3.45011,45.00353],[3.4658,45.00698],[3.47824,45.01388]]]]}},{"type":"Feature","properties":{"code":"43257","nom":"Vergezac","departement":"43","region":"84"},"geometry":{"type":"MultiPolygon","coordinates":[[[[3.75924,45.05474],[3.7562,45.04699],[3.75704,45.03452],[3.75813,45.03252],[3.76038,45.03119],[3.76514,45.03018],[3.77297,45.03096],[3.78932,45.03119],[3.78917,45.03047],[3.78434,45.03003],[3.7684,45.0229],[3.76275,45.02218],[3.75612,45.02543],[3.73821,45.01135],[3.7293,45.00752],[3.72037,45.00589],[3.7159,45.00577],[3.71293,45.01205],[3.7018,45.02159],[3.7044,45.02599],[3.70665,45.02778],[3.70435,45.02883],[3.70194,45.03654],[3.70724,45.04462],[3.7144,45.05159],[3.7157,45.05177],[3.71774,45.05546],[3.72574,45.05243],[3.73037,45.05225],[3.74162,45.0559],[3.75149,45.05617],[3.75924,45.05474]]]]}},{"type":"Feature","properties":{"code":"43258","nom":"Vergongheon","departement":"43","region":"84"},"geometry":{"type":"MultiPolygon","coordinates":[[[[3.3003,45.3892],[3.30152,45.38622],[3.30673,45.38021],[3.31212,45.38371],[3.31577,45.38395],[3.31876,45.38373],[3.33237,45.39026],[3.33624,45.38874],[3.33859,45.38895],[3.34056,45.38771],[3.34324,45.38287],[3.35236,45.3747],[3.36664,45.36467],[3.36865,45.36425],[3.36343,45.36132],[3.36394,45.35976],[3.35779,45.35779],[3.35496,45.3542],[3.35266,45.35282],[3.34815,45.35208],[3.34494,45.35173],[3.3391,45.35926],[3.33192,45.36367],[3.31447,45.36876],[3.31372,45.37142],[3.30138,45.36831],[3.2998,45.36908],[3.2951,45.37508],[3.29977,45.39001],[3.3003,45.3892]]]]}},{"type":"Feature","properties":{"code":"43259","nom":"Vernassal","departement":"43","region":"84"},"geometry":{"type":"MultiPolygon","coordinates":[[[[3.714,45.17484],[3.72049,45.17525],[3.72307,45.17184],[3.72248,45.16205],[3.72367,45.16084],[3.7379,45.15386],[3.74226,45.14867],[3.74263,45.14621],[3.74724,45.143],[3.73608,45.1348],[3.72746,45.12235],[3.70897,45.12466],[3.70145,45.12403],[3.69205,45.1328],[3.68871,45.13504],[3.67976,45.13864],[3.68195,45.14123],[3.67833,45.1496],[3.68215,45.15616],[3.68186,45.15973],[3.67942,45.16138],[3.67996,45.16374],[3.68343,45.16371],[3.68587,45.16198],[3.69029,45.16118],[3.69738,45.16127],[3.69959,45.16243],[3.70355,45.16729],[3.714,45.17484]]]]}},{"type":"Feature","properties":{"code":"43260","nom":"Le Vernet","departement":"43","region":"84"},"geometry":{"type":"MultiPolygon","coordinates":[[[[3.64984,45.04888],[3.65627,45.04604],[3.66554,45.0459],[3.67191,45.04718],[3.67622,45.0469],[3.6815,45.04051],[3.67815,45.03528],[3.67202,45.03181],[3.6581,45.02888],[3.65248,45.02967],[3.6496,45.03174],[3.64867,45.04373],[3.64984,45.04888]]]]}},{"type":"Feature","properties":{"code":"43261","nom":"Vézézoux","departement":"43","region":"84"},"geometry":{"type":"MultiPolygon","coordinates":[[[[3.34067,45.42155],[3.34645,45.4206],[3.35595,45.42264],[3.3589,45.42096],[3.36186,45.4145],[3.36733,45.41113],[3.3638,45.40158],[3.35781,45.39507],[3.35063,45.38986],[3.33859,45.38895],[3.33624,45.38874],[3.33237,45.39026],[3.32998,45.39098],[3.32848,45.3928],[3.32806,45.39428],[3.33026,45.39721],[3.33409,45.39839],[3.33316,45.40151],[3.33367,45.40754],[3.34134,45.41535],[3.34204,45.41795],[3.34067,45.42155]]]]}},{"type":"Feature","properties":{"code":"43262","nom":"Vieille-Brioude","departement":"43","region":"84"},"geometry":{"type":"MultiPolygon","coordinates":[[[[3.37873,45.27455],[3.38395,45.27455],[3.38845,45.27653],[3.40599,45.28105],[3.40757,45.27955],[3.40818,45.27721],[3.42121,45.26757],[3.42618,45.26852],[3.42916,45.26999],[3.42687,45.263],[3.428,45.2548],[3.43116,45.25148],[3.44285,45.2462],[3.45352,45.23266],[3.44604,45.22655],[3.42895,45.22259],[3.4239,45.22434],[3.42087,45.22801],[3.41239,45.2285],[3.4119,45.22786],[3.39849,45.23006],[3.39648,45.23475],[3.39465,45.23608],[3.38662,45.22896],[3.38489,45.22617],[3.38168,45.22924],[3.38453,45.23137],[3.38655,45.23903],[3.37495,45.24219],[3.35087,45.25203],[3.35,45.25294],[3.3493,45.25437],[3.35176,45.25904],[3.36381,45.26276],[3.36436,45.26171],[3.36508,45.26195],[3.37235,45.26664],[3.37695,45.27329],[3.37873,45.27455]]]]}},{"type":"Feature","properties":{"code":"43263","nom":"Vielprat","departement":"43","region":"84"},"geometry":{"type":"MultiPolygon","coordinates":[[[[3.962,44.85907],[3.9615,44.85692],[3.96439,44.85251],[3.97346,44.84235],[3.973,44.83918],[3.97181,44.83773],[3.96163,44.83123],[3.95448,44.84032],[3.93149,44.84869],[3.92522,44.85387],[3.92637,44.85412],[3.93391,44.8622],[3.93762,44.86323],[3.9521,44.86447],[3.9577,44.8632],[3.95917,44.86023],[3.962,44.85907]]]]}},{"type":"Feature","properties":{"code":"43264","nom":"Villeneuve-d'Allier","departement":"43","region":"84"},"geometry":{"type":"MultiPolygon","coordinates":[[[[3.36556,45.20445],[3.36989,45.20412],[3.37488,45.20641],[3.38489,45.22617],[3.38662,45.22896],[3.39465,45.23608],[3.39648,45.23475],[3.39849,45.23006],[3.39933,45.22856],[3.39774,45.21466],[3.39948,45.20498],[3.3963,45.20178],[3.38711,45.19884],[3.38554,45.19451],[3.38542,45.19087],[3.38853,45.18068],[3.39145,45.17844],[3.39198,45.17216],[3.39098,45.17071],[3.37691,45.1626],[3.37529,45.16283],[3.36728,45.16767],[3.36227,45.17203],[3.36101,45.17712],[3.35307,45.18066],[3.35309,45.18196],[3.35445,45.18283],[3.36086,45.1847],[3.36059,45.18837],[3.35272,45.19805],[3.35931,45.20331],[3.36556,45.20445]]]]}},{"type":"Feature","properties":{"code":"43265","nom":"Les Villettes","departement":"43","region":"84"},"geometry":{"type":"MultiPolygon","coordinates":[[[[4.15279,45.24173],[4.15483,45.24447],[4.15649,45.24933],[4.15709,45.25348],[4.15628,45.25809],[4.16956,45.25857],[4.17343,45.25667],[4.17951,45.25101],[4.18165,45.25042],[4.18783,45.25845],[4.1911,45.25677],[4.19885,45.24905],[4.20375,45.23911],[4.20454,45.23067],[4.19594,45.22378],[4.18052,45.22617],[4.17811,45.22483],[4.16407,45.22833],[4.15592,45.23476],[4.15279,45.24173]]]]}},{"type":"Feature","properties":{"code":"43267","nom":"Vorey","departement":"43","region":"84"},"geometry":{"type":"MultiPolygon","coordinates":[[[[3.87098,45.21787],[3.88092,45.2203],[3.88399,45.22034],[3.88563,45.21938],[3.88736,45.21725],[3.88704,45.20803],[3.89266,45.20035],[3.89698,45.19896],[3.90172,45.20564],[3.90538,45.21621],[3.90572,45.21973],[3.91006,45.22313],[3.9224,45.21346],[3.93378,45.21272],[3.94208,45.21473],[3.95195,45.21425],[3.96088,45.21029],[3.96455,45.20383],[3.96237,45.20083],[3.96281,45.19894],[3.96578,45.19788],[3.96997,45.19808],[3.96867,45.19632],[3.95896,45.18995],[3.9535,45.18068],[3.95359,45.17211],[3.93351,45.1687],[3.91932,45.17842],[3.90773,45.17281],[3.89599,45.1698],[3.86777,45.16985],[3.86015,45.16773],[3.85859,45.16797],[3.85764,45.17305],[3.86129,45.19319],[3.85301,45.19556],[3.85163,45.19306],[3.84405,45.19186],[3.84319,45.19365],[3.84325,45.20289],[3.85176,45.20906],[3.85882,45.21061],[3.86513,45.21349],[3.87021,45.21625],[3.87098,45.21787]]]]}},{"type":"Feature","properties":{"code":"43268","nom":"Yssingeaux","departement":"43","region":"84"},"geometry":{"type":"MultiPolygon","coordinates":[[[[4.15226,45.09695],[4.14851,45.09196],[4.14826,45.08998],[4.14114,45.08304],[4.12812,45.07848],[4.12846,45.07314],[4.12663,45.07241],[4.11469,45.08201],[4.10652,45.09177],[4.10264,45.09387],[4.09598,45.09515],[4.09165,45.10392],[4.09311,45.11434],[4.09822,45.12257],[4.09799,45.12365],[4.09154,45.12555],[4.08696,45.12951],[4.08422,45.13897],[4.08753,45.14337],[4.08655,45.14848],[4.07678,45.15277],[4.07412,45.15252],[4.06801,45.1496],[4.06344,45.1514],[4.06289,45.15928],[4.06014,45.16116],[4.06044,45.16517],[4.06336,45.16994],[4.06513,45.16848],[4.07464,45.16839],[4.10526,45.18576],[4.10791,45.18788],[4.11343,45.19497],[4.11633,45.19112],[4.12581,45.18877],[4.13633,45.18792],[4.14127,45.19207],[4.14065,45.1953],[4.1435,45.19568],[4.14656,45.19554],[4.15505,45.19142],[4.14902,45.18695],[4.14805,45.18254],[4.1495,45.18077],[4.15614,45.17805],[4.17004,45.17435],[4.18213,45.16726],[4.19444,45.1565],[4.19378,45.15156],[4.18361,45.13602],[4.18411,45.11775],[4.18201,45.11478],[4.17904,45.11335],[4.16969,45.10324],[4.15226,45.09695]]]]}}]}