{"type":"FeatureCollection","features":[{"type":"Feature","properties":{"code":"51001","nom":"Ablancourt","departement":"51","region":"44"},"geometry":{"type":"MultiPolygon","coordinates":[[[[4.50486996,48.81519209],[4.51843105,48.81937159],[4.5390804,48.82228736],[4.5425616,48.8188567],[4.56072308,48.80733637],[4.54284193,48.80172334],[4.53527256,48.79697141],[4.53259689,48.79608552],[4.51880112,48.80130714],[4.51714412,48.80196865],[4.51481718,48.80061648],[4.51269309,48.80141878],[4.51381784,48.80212237],[4.51911672,48.80251209],[4.52104394,48.80378561],[4.52183332,48.80479742],[4.51956032,48.80680081],[4.5132287,48.80528357],[4.50684051,48.80655525],[4.50132367,48.80891755],[4.50249129,48.81125063],[4.50141852,48.8124011],[4.50358636,48.8130476],[4.50486996,48.81519209]]]]}},{"type":"Feature","properties":{"code":"51002","nom":"Saint-Martin-d'Ablois","departement":"51","region":"44"},"geometry":{"type":"MultiPolygon","coordinates":[[[[3.88406861,49.00902287],[3.86705338,49.00456621],[3.86191375,49.00240726],[3.85828062,48.99850715],[3.85712502,48.99200028],[3.85383118,48.98938983],[3.84736299,48.98707871],[3.83717916,48.98766189],[3.82671384,48.99049159],[3.81859785,48.98907065],[3.81428958,48.98637341],[3.8064737,49.00017671],[3.80699422,49.01828931],[3.80834225,49.0245236],[3.81188376,49.0288115],[3.8085794,49.03922608],[3.81683931,49.03644826],[3.84569977,49.02677064],[3.8634164,49.02990696],[3.86651074,49.03095116],[3.86626555,49.03174695],[3.87493296,49.03051691],[3.87714101,49.02271523],[3.88151431,49.01872204],[3.88459011,49.01797283],[3.88765585,49.01464008],[3.88512883,49.01308146],[3.88406861,49.00902287]]]]}},{"type":"Feature","properties":{"code":"51003","nom":"Aigny","departement":"51","region":"44"},"geometry":{"type":"MultiPolygon","coordinates":[[[[4.25584885,49.05701296],[4.24825016,49.04960125],[4.24248223,49.05269068],[4.22089454,49.03244278],[4.21766573,49.02662213],[4.21554785,49.01664978],[4.21342178,49.01401657],[4.20111148,49.01832119],[4.19970288,49.01813113],[4.18764811,49.02664402],[4.1869447,49.02763839],[4.18751126,49.03435308],[4.19882994,49.04339431],[4.21205769,49.05076234],[4.22587347,49.05760673],[4.23358307,49.05687675],[4.24811165,49.07097725],[4.24995346,49.07271974],[4.25384212,49.06887269],[4.25981386,49.0608293],[4.25584885,49.05701296]]]]}},{"type":"Feature","properties":{"code":"51004","nom":"Allemanche-Launay-et-Soyer","departement":"51","region":"44"},"geometry":{"type":"MultiPolygon","coordinates":[[[[3.75288722,48.59682365],[3.76421977,48.60055838],[3.77545201,48.60702645],[3.77032038,48.6138388],[3.76844737,48.61941822],[3.76898662,48.61881294],[3.76997751,48.62188838],[3.78665268,48.63450255],[3.79488686,48.62862066],[3.80438165,48.61738902],[3.81138955,48.61452587],[3.81985941,48.61350264],[3.82858311,48.61516671],[3.83310824,48.61324516],[3.83346175,48.6121866],[3.82819414,48.60764459],[3.82744583,48.60415498],[3.83050655,48.60043645],[3.82194006,48.59619237],[3.8169111,48.59539488],[3.813068,48.60108937],[3.80974453,48.60386289],[3.80259425,48.60266002],[3.79892703,48.59992572],[3.79338243,48.58227903],[3.78149415,48.58179186],[3.76251071,48.59356174],[3.75288722,48.59682365]]]]}},{"type":"Feature","properties":{"code":"51005","nom":"Allemant","departement":"51","region":"44"},"geometry":{"type":"MultiPolygon","coordinates":[[[[3.78873734,48.7530987],[3.79183356,48.75437342],[3.79123621,48.75633547],[3.77572296,48.77537938],[3.78158385,48.78127201],[3.78495561,48.78330239],[3.80138145,48.78025313],[3.80390693,48.77942847],[3.80400622,48.77809935],[3.80673908,48.77943007],[3.81901442,48.77619944],[3.83088867,48.7676987],[3.84323696,48.76536985],[3.84650219,48.76552754],[3.84998205,48.761485],[3.8561997,48.75942672],[3.86313894,48.7589963],[3.86843206,48.75178387],[3.8680067,48.75164395],[3.85497793,48.74970157],[3.84744293,48.74519863],[3.8435736,48.74612639],[3.84440475,48.74722865],[3.83402054,48.74843405],[3.80670147,48.74327898],[3.80329235,48.7437472],[3.80267839,48.74609711],[3.79214622,48.7506836],[3.78873734,48.7530987]]]]}},{"type":"Feature","properties":{"code":"51006","nom":"Alliancelles","departement":"51","region":"44"},"geometry":{"type":"MultiPolygon","coordinates":[[[[4.88882065,48.81742918],[4.89074283,48.80154125],[4.89304045,48.79768237],[4.89337097,48.79695923],[4.87416951,48.79267924],[4.85911839,48.78404406],[4.85453525,48.78666484],[4.8624717,48.78912331],[4.86229631,48.79324901],[4.85354705,48.79862532],[4.85297024,48.79971471],[4.86306132,48.814629],[4.87542572,48.81921077],[4.87699588,48.81726547],[4.88435961,48.81562929],[4.88882065,48.81742918]]]]}},{"type":"Feature","properties":{"code":"51007","nom":"Ambonnay","departement":"51","region":"44"},"geometry":{"type":"MultiPolygon","coordinates":[[[[4.1496355,49.11964139],[4.15399808,49.12145556],[4.1569434,49.11672268],[4.16538616,49.10729037],[4.17608812,49.09695404],[4.17963202,49.09454718],[4.18459433,49.09334829],[4.1938772,49.09432744],[4.19945587,49.09143486],[4.20539178,49.08703311],[4.20659245,49.08626661],[4.18752056,49.07320451],[4.18200376,49.06854327],[4.18142746,49.06889874],[4.17462766,49.06555097],[4.16713502,49.06384888],[4.15954656,49.06916492],[4.15436296,49.07122642],[4.15534185,49.0726531],[4.15477808,49.08421812],[4.14998226,49.09439741],[4.14912964,49.09997798],[4.15002513,49.10466509],[4.15393206,49.11067661],[4.15222118,49.11757278],[4.1496355,49.11964139]]]]}},{"type":"Feature","properties":{"code":"51008","nom":"Ambrières","departement":"51","region":"44"},"geometry":{"type":"MultiPolygon","coordinates":[[[[4.82931907,48.61248851],[4.82546276,48.61330529],[4.82049975,48.62194506],[4.81218931,48.62674596],[4.80019449,48.62408021],[4.79901726,48.62453797],[4.79852609,48.62458138],[4.79739827,48.62481884],[4.79716842,48.63073355],[4.79935326,48.64228543],[4.80944198,48.64004706],[4.82089138,48.63928778],[4.82202837,48.64035996],[4.83072993,48.64367522],[4.83903457,48.64578674],[4.84627103,48.64342819],[4.85042342,48.64002665],[4.84984691,48.62214601],[4.85110598,48.61776085],[4.85768139,48.61540545],[4.8545774,48.61266999],[4.84328442,48.61349499],[4.83157292,48.61318806],[4.82931907,48.61248851]]]]}},{"type":"Feature","properties":{"code":"51009","nom":"Anglure","departement":"51","region":"44"},"geometry":{"type":"MultiPolygon","coordinates":[[[[3.79338243,48.58227903],[3.79892703,48.59992572],[3.80259425,48.60266002],[3.80974453,48.60386289],[3.813068,48.60108937],[3.8169111,48.59539488],[3.82194006,48.59619237],[3.83050655,48.60043645],[3.83997079,48.59933824],[3.83933059,48.59654239],[3.84007806,48.59376553],[3.83670844,48.57536494],[3.82944779,48.57734629],[3.81385303,48.57445296],[3.80894122,48.57433892],[3.80121136,48.57556967],[3.79941002,48.574702],[3.79927253,48.57670809],[3.79341952,48.58096809],[3.79338243,48.58227903]]]]}},{"type":"Feature","properties":{"code":"51010","nom":"Angluzelles-et-Courcelles","departement":"51","region":"44"},"geometry":{"type":"MultiPolygon","coordinates":[[[[3.93986999,48.68692288],[3.94783969,48.68731945],[3.95116468,48.68585734],[3.9514142,48.68404102],[3.94812622,48.68169427],[3.93777351,48.67661017],[3.92755736,48.67015233],[3.92060297,48.66223639],[3.92151336,48.66173012],[3.9076822,48.64618068],[3.90046087,48.64013835],[3.89508333,48.6422937],[3.88309522,48.64931233],[3.87302508,48.65779178],[3.87282176,48.65878905],[3.87650525,48.67368334],[3.88099877,48.6733156],[3.89508158,48.67543972],[3.89954391,48.67909956],[3.90354557,48.67815449],[3.92895985,48.68518864],[3.93986999,48.68692288]]],[[[3.95256782,48.68823077],[3.95123212,48.68598004],[3.95094535,48.68858734],[3.95256782,48.68823077]]]]}},{"type":"Feature","properties":{"code":"51012","nom":"Anthenay","departement":"51","region":"44"},"geometry":{"type":"MultiPolygon","coordinates":[[[[3.7552339,49.12642163],[3.75382671,49.1276353],[3.74448244,49.12865914],[3.73515196,49.12845936],[3.72972973,49.12675076],[3.72563956,49.12680696],[3.70974535,49.13228754],[3.71915914,49.14022662],[3.71941809,49.14219594],[3.71518463,49.14526377],[3.71696541,49.14698037],[3.72141361,49.14968528],[3.73956936,49.15688844],[3.74762563,49.14358039],[3.75571838,49.13587473],[3.75858591,49.13527945],[3.75871996,49.13367276],[3.76129365,49.12950253],[3.76381794,49.12777189],[3.75968513,49.12679282],[3.75912876,49.12584865],[3.7552339,49.12642163]]]]}},{"type":"Feature","properties":{"code":"51013","nom":"Aougny","departement":"51","region":"44"},"geometry":{"type":"MultiPolygon","coordinates":[[[[3.75527872,49.19501208],[3.75683734,49.19474337],[3.75163622,49.18687486],[3.75128478,49.17778283],[3.72234075,49.17695023],[3.70648692,49.18031243],[3.70386203,49.18152897],[3.69781191,49.18922608],[3.6967699,49.19394862],[3.69971244,49.19577376],[3.70193807,49.19439153],[3.70354442,49.19549611],[3.70465461,49.20066013],[3.70831062,49.20173555],[3.71418357,49.20208119],[3.71705775,49.19909362],[3.72906278,49.19249794],[3.74977519,49.1922917],[3.75527872,49.19501208]]]]}},{"type":"Feature","properties":{"code":"51014","nom":"Arcis-le-Ponsart","departement":"51","region":"44"},"geometry":{"type":"MultiPolygon","coordinates":[[[[3.69371614,49.24971306],[3.70845157,49.24589739],[3.71945804,49.23545657],[3.71443384,49.22716139],[3.71356044,49.22176333],[3.71561762,49.21777466],[3.7078753,49.21334042],[3.70181183,49.20844907],[3.69747729,49.20663657],[3.68781095,49.20461082],[3.68144542,49.2051055],[3.67459649,49.20831319],[3.66511923,49.2107016],[3.66253789,49.20897796],[3.65963256,49.21067242],[3.65540241,49.21937846],[3.65148027,49.22148369],[3.65231342,49.22213818],[3.65855841,49.22201612],[3.6648953,49.22317345],[3.66728431,49.22492956],[3.67825637,49.23522877],[3.67502882,49.24007914],[3.68594346,49.24693371],[3.69371614,49.24971306]]]]}},{"type":"Feature","properties":{"code":"51015","nom":"Argers","departement":"51","region":"44"},"geometry":{"type":"MultiPolygon","coordinates":[[[[4.83752269,49.05077545],[4.83777216,49.06083319],[4.83923374,49.06889904],[4.84755579,49.07780209],[4.85317293,49.0799047],[4.86624667,49.07891273],[4.86622597,49.07780501],[4.87823754,49.07222693],[4.88154984,49.06708002],[4.87790997,49.06075931],[4.87591253,49.05900161],[4.86278978,49.05856094],[4.8561715,49.05699589],[4.84975824,49.05479775],[4.84328882,49.05111881],[4.83752269,49.05077545]]]]}},{"type":"Feature","properties":{"code":"51016","nom":"Arrigny","departement":"51","region":"44"},"geometry":{"type":"MultiPolygon","coordinates":[[[[4.67305055,48.6335538],[4.68418265,48.62951111],[4.69414524,48.63031181],[4.69787535,48.63625971],[4.70196145,48.63563819],[4.72044245,48.62830998],[4.72085398,48.62460351],[4.71894536,48.62066423],[4.71468725,48.61723651],[4.70778901,48.60153292],[4.71379983,48.59066951],[4.70965252,48.58980334],[4.71223348,48.57793821],[4.70000713,48.57080129],[4.69632186,48.57594286],[4.68202161,48.58152903],[4.68124705,48.5841825],[4.6796147,48.5884244],[4.68213136,48.59107005],[4.68171511,48.60442155],[4.67671786,48.61270015],[4.66699304,48.62457787],[4.66461748,48.63245466],[4.67132753,48.63200802],[4.67305055,48.6335538]]]]}},{"type":"Feature","properties":{"code":"51017","nom":"Arzillières-Neuville","departement":"51","region":"44"},"geometry":{"type":"MultiPolygon","coordinates":[[[[4.56802103,48.64421508],[4.56744334,48.65293769],[4.5724927,48.65784536],[4.57516112,48.65856673],[4.57518268,48.65549502],[4.58179748,48.6572589],[4.59701767,48.65846297],[4.60122382,48.65816633],[4.60611778,48.66151918],[4.60747716,48.66231235],[4.61319073,48.65839449],[4.61862606,48.66100269],[4.62475146,48.6561655],[4.62705552,48.6519623],[4.63731841,48.64429322],[4.64247428,48.64094831],[4.63334449,48.63702796],[4.62990615,48.63781549],[4.6267358,48.64002166],[4.6123635,48.63878387],[4.60300383,48.63183511],[4.60264066,48.62866322],[4.60458018,48.62791196],[4.60554745,48.62502263],[4.59923063,48.62144589],[4.58758838,48.63257958],[4.58473453,48.63461666],[4.57826558,48.63678709],[4.56802103,48.64421508]]]]}},{"type":"Feature","properties":{"code":"51018","nom":"Athis","departement":"51","region":"44"},"geometry":{"type":"MultiPolygon","coordinates":[[[[4.11625487,48.97509639],[4.11313852,48.97406596],[4.10320975,48.98159857],[4.10156387,48.99470749],[4.0980622,49.00051124],[4.09945246,49.00078089],[4.10363592,49.00494755],[4.10208137,49.02438712],[4.10413446,49.02653729],[4.11546218,49.02925179],[4.12128416,49.02958245],[4.14058737,49.02815155],[4.15326032,49.02919955],[4.16013694,49.02769267],[4.16242449,49.02083693],[4.16091045,49.01880122],[4.15238773,49.01280597],[4.13379239,48.99190364],[4.1305863,48.99020274],[4.12991352,48.98603451],[4.12346907,48.97963171],[4.11625487,48.97509639]]]]}},{"type":"Feature","properties":{"code":"51019","nom":"Aubérive","departement":"51","region":"44"},"geometry":{"type":"MultiPolygon","coordinates":[[[[4.43619874,49.21882408],[4.43746377,49.21584088],[4.45677983,49.21973071],[4.47360174,49.21186441],[4.47589673,49.20807149],[4.47617915,49.20733969],[4.46380179,49.20239146],[4.44919716,49.18960451],[4.4427619,49.18902265],[4.431931,49.18674118],[4.41405393,49.18072462],[4.40616811,49.17197971],[4.38159626,49.17273261],[4.37856376,49.17725341],[4.37336983,49.18149484],[4.36875601,49.18379171],[4.35924601,49.18614284],[4.35606424,49.18973042],[4.3556878,49.19426555],[4.34762715,49.19493955],[4.34660174,49.19502474],[4.34699627,49.20074618],[4.36093279,49.2014087],[4.36961354,49.20468937],[4.4110295,49.21529096],[4.41586345,49.21728974],[4.43026519,49.21888924],[4.43619874,49.21882408]]]]}},{"type":"Feature","properties":{"code":"51020","nom":"Aubilly","departement":"51","region":"44"},"geometry":{"type":"MultiPolygon","coordinates":[[[[3.86832292,49.21876994],[3.86772195,49.20209201],[3.86476002,49.20318051],[3.85993324,49.20146185],[3.85388408,49.20629604],[3.84511095,49.20994248],[3.83664007,49.21461828],[3.84558793,49.21989806],[3.85298551,49.22187152],[3.85219121,49.22123162],[3.85571528,49.21936448],[3.86040123,49.21904342],[3.86025635,49.21965762],[3.86381558,49.21975533],[3.86832292,49.21876994]]]]}},{"type":"Feature","properties":{"code":"51022","nom":"Aulnay-l'Aître","departement":"51","region":"44"},"geometry":{"type":"MultiPolygon","coordinates":[[[[4.5623632,48.80639652],[4.56072308,48.80733637],[4.5425616,48.8188567],[4.5390804,48.82228736],[4.54471097,48.82446175],[4.55313728,48.83128968],[4.57942252,48.84095884],[4.58721728,48.84600897],[4.59100967,48.8409483],[4.59265127,48.83500042],[4.58954594,48.82990816],[4.57604994,48.81501071],[4.5623632,48.80639652]]]]}},{"type":"Feature","properties":{"code":"51023","nom":"Aulnay-sur-Marne","departement":"51","region":"44"},"geometry":{"type":"MultiPolygon","coordinates":[[[[4.22351459,49.00781956],[4.2278703,49.00517608],[4.22855646,49.00482732],[4.22754564,48.99664406],[4.21750862,48.97635603],[4.19326181,48.98410184],[4.18901311,48.9870614],[4.18672041,48.99263556],[4.18706871,48.99567807],[4.19970288,49.01813113],[4.20111148,49.01832119],[4.21342178,49.01401657],[4.21013064,49.01030512],[4.21506701,49.00585766],[4.21674216,49.00751789],[4.22351459,49.00781956]]]]}},{"type":"Feature","properties":{"code":"51025","nom":"Auménancourt","departement":"51","region":"44"},"geometry":{"type":"MultiPolygon","coordinates":[[[[4.07891311,49.40147265],[4.08530566,49.40146941],[4.08454235,49.38320009],[4.07472877,49.37401151],[4.06707199,49.37023632],[4.05206979,49.36988865],[4.04474622,49.35873594],[4.0430603,49.35880443],[4.03571929,49.35914803],[4.03580166,49.35989166],[4.03796782,49.37964718],[4.03710459,49.38423465],[4.03998706,49.39743219],[4.04403524,49.40193326],[4.04796266,49.40418704],[4.04822901,49.40563289],[4.05890208,49.40590132],[4.06638702,49.40520724],[4.07694152,49.40151449],[4.07891311,49.40147265]]]]}},{"type":"Feature","properties":{"code":"51027","nom":"Auve","departement":"51","region":"44"},"geometry":{"type":"MultiPolygon","coordinates":[[[[4.66086852,49.04714239],[4.67661411,49.05206797],[4.68610184,49.05585008],[4.68707345,49.05732398],[4.68628731,49.06100979],[4.6933245,49.06545525],[4.70148954,49.06539656],[4.70832297,49.0554498],[4.7100252,49.04863715],[4.7091892,49.04606155],[4.71068573,49.03376732],[4.70947277,49.01458708],[4.71385713,49.01029736],[4.71533409,49.01059735],[4.71576331,49.00877351],[4.69826515,49.00507042],[4.69198258,49.00022052],[4.68776033,48.9937089],[4.6738111,48.99044968],[4.66688788,49.00839921],[4.66423028,49.01019711],[4.65702862,49.01198041],[4.65838399,49.01353473],[4.65887958,49.0250256],[4.66166143,49.03379022],[4.66086852,49.04714239]]]]}},{"type":"Feature","properties":{"code":"51028","nom":"Avenay-Val-d'Or","departement":"51","region":"44"},"geometry":{"type":"MultiPolygon","coordinates":[[[[4.03505879,49.06348014],[4.03446726,49.06689329],[4.02543638,49.0813653],[4.01473984,49.09228426],[4.02429886,49.09495294],[4.04537172,49.0969827],[4.04756276,49.09787002],[4.05300871,49.08890507],[4.07576723,49.06671679],[4.06511773,49.05653705],[4.0685272,49.05041263],[4.05727863,49.05014078],[4.04606143,49.05447259],[4.03505879,49.06348014]]]]}},{"type":"Feature","properties":{"code":"51029","nom":"Avize","departement":"51","region":"44"},"geometry":{"type":"MultiPolygon","coordinates":[[[[4.04243071,48.9711248],[4.00559612,48.96574133],[3.98425282,48.96160535],[3.98062355,48.96157933],[3.98134776,48.96369666],[3.96878239,48.97762098],[3.97076912,48.97910133],[3.97805074,48.98133986],[3.98359935,48.97730885],[3.99618755,48.97782997],[4.00330021,48.98096228],[4.01219081,48.98245415],[4.01645984,48.98263029],[4.02294489,48.98120195],[4.02367098,48.98178749],[4.02889395,48.98142535],[4.0315843,48.98225927],[4.03807766,48.98215829],[4.03933627,48.97814013],[4.03838027,48.97795146],[4.03898019,48.97508919],[4.04158851,48.97320142],[4.04243071,48.9711248]]]]}},{"type":"Feature","properties":{"code":"51030","nom":"Aÿ-Champagne","departement":"51","region":"44"},"geometry":{"type":"MultiPolygon","coordinates":[[[[4.03505879,49.06348014],[4.04606143,49.05447259],[4.05727863,49.05014078],[4.0685272,49.05041263],[4.06511773,49.05653705],[4.07576723,49.06671679],[4.07991626,49.06900048],[4.08404811,49.06946235],[4.08438943,49.06948805],[4.09168598,49.06268315],[4.10907773,49.03587645],[4.10743526,49.0313962],[4.09225042,49.02878084],[4.09236922,49.02734273],[4.09094567,49.02591146],[4.0867966,49.02603272],[4.07227907,49.03143471],[4.06397819,49.02831978],[4.05870859,49.0260121],[4.05477434,49.02634438],[4.05486056,49.02708821],[4.04781908,49.03107062],[4.03282401,49.03384433],[4.01020995,49.03982243],[4.00704121,49.04041017],[4.00001099,49.03993296],[3.99601947,49.037995],[3.99297954,49.03795453],[3.99363377,49.04155057],[3.9893601,49.04633201],[3.98444316,49.05611734],[3.97372916,49.0589203],[3.98538981,49.07909348],[3.98376573,49.08180259],[3.983934,49.08410586],[3.99098646,49.08429611],[4.00084264,49.08604612],[4.00454392,49.08354335],[4.0080924,49.07876134],[4.0099061,49.0743319],[4.01054972,49.06788452],[4.01234043,49.06588397],[4.0187703,49.06250341],[4.02504649,49.06219105],[4.03142678,49.06381531],[4.03505879,49.06348014]]]]}},{"type":"Feature","properties":{"code":"51031","nom":"Baconnes","departement":"51","region":"44"},"geometry":{"type":"MultiPolygon","coordinates":[[[[4.37573043,49.1557951],[4.3592382,49.15168607],[4.34504026,49.14598366],[4.32819864,49.13775593],[4.29946346,49.15286865],[4.28723236,49.16190379],[4.29419825,49.16599051],[4.30038854,49.16765383],[4.31616102,49.17095418],[4.32195698,49.17629564],[4.33975822,49.18389655],[4.34759419,49.1915141],[4.34762715,49.19493955],[4.3556878,49.19426555],[4.35606424,49.18973042],[4.35924601,49.18614284],[4.36875601,49.18379171],[4.37336983,49.18149484],[4.37856376,49.17725341],[4.38159626,49.17273261],[4.36964626,49.16912311],[4.37054057,49.16509085],[4.37573043,49.1557951]]]]}},{"type":"Feature","properties":{"code":"51032","nom":"Bagneux","departement":"51","region":"44"},"geometry":{"type":"MultiPolygon","coordinates":[[[[3.85986479,48.54375876],[3.85097628,48.5440422],[3.8327985,48.54711712],[3.81063181,48.54919903],[3.80958809,48.54785764],[3.80710636,48.549474],[3.80129256,48.56084556],[3.79893662,48.56997066],[3.79566967,48.57236836],[3.79941002,48.574702],[3.80121136,48.57556967],[3.80894122,48.57433892],[3.81385303,48.57445296],[3.82944779,48.57734629],[3.83670844,48.57536494],[3.83800072,48.57462448],[3.85489862,48.57287871],[3.86368702,48.5718185],[3.86427252,48.57033261],[3.86236342,48.56544096],[3.85852845,48.56044264],[3.85986479,48.54375876]]]]}},{"type":"Feature","properties":{"code":"51033","nom":"Le Baizil","departement":"51","region":"44"},"geometry":{"type":"MultiPolygon","coordinates":[[[[3.8064737,49.00017671],[3.81428958,48.98637341],[3.81146865,48.98509939],[3.81858632,48.96674009],[3.82202541,48.96362304],[3.82445307,48.96246159],[3.82587119,48.96051477],[3.82126761,48.95628647],[3.80726206,48.95424668],[3.79799391,48.95101733],[3.78644016,48.95023846],[3.78472081,48.96487745],[3.77751029,48.96813032],[3.7758987,48.96795731],[3.77545521,48.97320472],[3.77278155,48.97731364],[3.76346882,48.98215464],[3.77140962,48.98511366],[3.78149055,48.99584936],[3.8064737,49.00017671]]]]}},{"type":"Feature","properties":{"code":"51034","nom":"Bannay","departement":"51","region":"44"},"geometry":{"type":"MultiPolygon","coordinates":[[[[3.70207817,48.84094659],[3.71058757,48.85006988],[3.71415613,48.85639452],[3.71194082,48.86293883],[3.70917329,48.86480973],[3.70926362,48.86613843],[3.71273761,48.86757564],[3.71556877,48.87698388],[3.72029099,48.87652748],[3.72407744,48.87516281],[3.73932621,48.85750165],[3.73876245,48.85513442],[3.74145792,48.85194839],[3.73776478,48.85176347],[3.73344405,48.84930059],[3.72424941,48.83595509],[3.70488103,48.84226656],[3.70207817,48.84094659]]]]}},{"type":"Feature","properties":{"code":"51035","nom":"Bannes","departement":"51","region":"44"},"geometry":{"type":"MultiPolygon","coordinates":[[[[3.9143949,48.76773263],[3.91395068,48.76870564],[3.9053866,48.7652567],[3.90440599,48.76771244],[3.89832024,48.77335203],[3.89613389,48.77908441],[3.89457342,48.79340612],[3.88965615,48.80193699],[3.88821597,48.80875271],[3.8885042,48.81312172],[3.89679772,48.81280167],[3.90094945,48.81639958],[3.91043351,48.81598776],[3.92970018,48.81512716],[3.93622463,48.81336016],[3.95077876,48.80917811],[3.95534822,48.80439001],[3.95476117,48.80318947],[3.97338177,48.78338922],[3.94209212,48.77374341],[3.9143949,48.76773263]]]]}},{"type":"Feature","properties":{"code":"51036","nom":"Barbonne-Fayel","departement":"51","region":"44"},"geometry":{"type":"MultiPolygon","coordinates":[[[[3.66110325,48.67242242],[3.66155436,48.6719027],[3.68314981,48.67397929],[3.69884226,48.672155],[3.72297297,48.66572537],[3.72710039,48.6665467],[3.73056987,48.66682502],[3.73066717,48.65658438],[3.73245605,48.65334054],[3.73517228,48.65070171],[3.74138361,48.64737728],[3.73455314,48.64199364],[3.72282889,48.63839887],[3.72264264,48.63719733],[3.72559704,48.63345712],[3.72285896,48.63448394],[3.71279349,48.63641831],[3.6957981,48.63822068],[3.67922762,48.63499256],[3.66915791,48.63534549],[3.65082352,48.6417545],[3.63563234,48.66411106],[3.66066883,48.67168454],[3.66110325,48.67242242]]]]}},{"type":"Feature","properties":{"code":"51037","nom":"Baslieux-lès-Fismes","departement":"51","region":"44"},"geometry":{"type":"MultiPolygon","coordinates":[[[[3.69327118,49.3287565],[3.69912909,49.33221332],[3.70310461,49.33294446],[3.71252912,49.33390146],[3.71745961,49.33502831],[3.73168301,49.33502392],[3.73635282,49.33587202],[3.73596968,49.3309994],[3.73428946,49.33084871],[3.73457292,49.32679814],[3.72304604,49.31963113],[3.71321177,49.31123762],[3.71079625,49.31065675],[3.70043974,49.31385642],[3.69768236,49.31870335],[3.69674379,49.32629049],[3.69327118,49.3287565]]]]}},{"type":"Feature","properties":{"code":"51038","nom":"Baslieux-sous-Châtillon","departement":"51","region":"44"},"geometry":{"type":"MultiPolygon","coordinates":[[[[3.80741561,49.11433274],[3.78566796,49.11385185],[3.7704622,49.11261678],[3.76837363,49.11420094],[3.76739336,49.11654408],[3.76849999,49.12235355],[3.77273782,49.12349709],[3.78664225,49.12741803],[3.79831706,49.13473561],[3.8023336,49.13846995],[3.8064987,49.13718423],[3.80925179,49.13341727],[3.81241399,49.12570744],[3.8219144,49.11313308],[3.81660714,49.11471937],[3.8136563,49.11652597],[3.80741561,49.11433274]]]]}},{"type":"Feature","properties":{"code":"51039","nom":"Bassu","departement":"51","region":"44"},"geometry":{"type":"MultiPolygon","coordinates":[[[[4.70647989,48.82341834],[4.70074287,48.8238707],[4.68726387,48.81856808],[4.68752878,48.81648367],[4.68912561,48.81477174],[4.68727514,48.81411781],[4.67096698,48.81883745],[4.6723755,48.81968672],[4.67319192,48.82305401],[4.67107938,48.83390418],[4.66290455,48.8366178],[4.66849527,48.83805565],[4.67343492,48.84030025],[4.68953637,48.8526269],[4.70422984,48.84906323],[4.71175269,48.84621312],[4.71653174,48.84192848],[4.71870678,48.83734104],[4.71775742,48.82838253],[4.71091268,48.82399188],[4.70647989,48.82341834]]]]}},{"type":"Feature","properties":{"code":"51040","nom":"Bassuet","departement":"51","region":"44"},"geometry":{"type":"MultiPolygon","coordinates":[[[[4.64811353,48.80091621],[4.65222577,48.80671377],[4.67096698,48.81883745],[4.68727514,48.81411781],[4.68912561,48.81477174],[4.69234745,48.8157094],[4.69384985,48.81298314],[4.690018,48.81129042],[4.67986321,48.79718083],[4.68625586,48.79207656],[4.67845831,48.78699308],[4.67509399,48.7857521],[4.65860135,48.7844664],[4.6567483,48.78638572],[4.65267663,48.78991356],[4.64595917,48.79741782],[4.64811353,48.80091621]]]]}},{"type":"Feature","properties":{"code":"51041","nom":"Baudement","departement":"51","region":"44"},"geometry":{"type":"MultiPolygon","coordinates":[[[[3.75288722,48.59682365],[3.76251071,48.59356174],[3.78149415,48.58179186],[3.79338243,48.58227903],[3.79341952,48.58096809],[3.79927253,48.57670809],[3.79941002,48.574702],[3.79566967,48.57236836],[3.78677861,48.56704526],[3.78120006,48.56661513],[3.77416392,48.56880304],[3.76863012,48.56865631],[3.76187061,48.56521839],[3.75930609,48.56221397],[3.75667401,48.56154975],[3.75201567,48.57258211],[3.74603873,48.58113153],[3.74488493,48.58923489],[3.74553534,48.59520393],[3.74799912,48.59878942],[3.75066056,48.59797296],[3.74943282,48.59605203],[3.75288722,48.59682365]]]]}},{"type":"Feature","properties":{"code":"51042","nom":"Baye","departement":"51","region":"44"},"geometry":{"type":"MultiPolygon","coordinates":[[[[3.71556877,48.87698388],[3.71692038,48.88067838],[3.72023752,48.88399951],[3.72570415,48.88662133],[3.73131776,48.88597743],[3.74365156,48.88457134],[3.74958864,48.87961852],[3.76520194,48.87548707],[3.77823093,48.87064461],[3.78334241,48.86740776],[3.78794563,48.86737935],[3.79530453,48.8636388],[3.79822084,48.85317776],[3.80029108,48.85229334],[3.79861154,48.84727977],[3.79724318,48.84699929],[3.79474947,48.84789547],[3.78663653,48.84695079],[3.77586577,48.83624299],[3.76316036,48.83404391],[3.75931744,48.83574751],[3.75877106,48.8336851],[3.754869,48.83469911],[3.75317015,48.83790711],[3.74293143,48.84824106],[3.74145792,48.85194839],[3.73876245,48.85513442],[3.73932621,48.85750165],[3.72407744,48.87516281],[3.72029099,48.87652748],[3.71556877,48.87698388]]]]}},{"type":"Feature","properties":{"code":"51043","nom":"Bazancourt","departement":"51","region":"44"},"geometry":{"type":"MultiPolygon","coordinates":[[[[4.17571193,49.34326436],[4.14229953,49.3549911],[4.14029606,49.35375864],[4.13961939,49.35427474],[4.14212255,49.35607244],[4.15326989,49.35957688],[4.15776304,49.36378337],[4.15750178,49.36796517],[4.16299442,49.37944884],[4.16772439,49.38281299],[4.17790789,49.39448598],[4.18892987,49.39871466],[4.20111307,49.38383623],[4.19566003,49.38169052],[4.1883171,49.36587008],[4.18347578,49.35896489],[4.17571193,49.34326436]]]]}},{"type":"Feature","properties":{"code":"51044","nom":"Beaumont-sur-Vesle","departement":"51","region":"44"},"geometry":{"type":"MultiPolygon","coordinates":[[[[4.15960225,49.17065828],[4.16252576,49.17755442],[4.17575116,49.19138967],[4.17677037,49.19120529],[4.17941486,49.18727358],[4.18005997,49.18458333],[4.18877013,49.18094157],[4.20019783,49.17134578],[4.18464813,49.15851052],[4.16631565,49.1682017],[4.15960225,49.17065828]]]]}},{"type":"Feature","properties":{"code":"51045","nom":"Beaunay","departement":"51","region":"44"},"geometry":{"type":"MultiPolygon","coordinates":[[[[3.87428795,48.89304369],[3.87819099,48.89341804],[3.88246441,48.88972897],[3.8895016,48.8783801],[3.89392114,48.87307511],[3.89849709,48.87151553],[3.90406332,48.86363829],[3.8943524,48.86087193],[3.88810955,48.8658335],[3.87988025,48.86908614],[3.8725141,48.88054666],[3.87256796,48.88660971],[3.87529819,48.89180151],[3.87428795,48.89304369]]]]}},{"type":"Feature","properties":{"code":"51085","nom":"Le Breuil","departement":"51","region":"44"},"geometry":{"type":"MultiPolygon","coordinates":[[[[3.64691041,48.95177668],[3.62474246,48.96573213],[3.62107399,48.96607852],[3.62482451,48.98096864],[3.62356049,48.98276561],[3.63681851,48.99960705],[3.63974613,49.00383944],[3.64908079,49.00401502],[3.66069899,49.00436977],[3.66531169,49.00562839],[3.67998121,48.99867333],[3.69033399,48.98861646],[3.68640838,48.98737914],[3.67017091,48.97978326],[3.66032854,48.96941908],[3.65470858,48.9599285],[3.64691041,48.95177668]]]]}},{"type":"Feature","properties":{"code":"51046","nom":"Beine-Nauroy","departement":"51","region":"44"},"geometry":{"type":"MultiPolygon","coordinates":[[[[4.30096455,49.2326488],[4.29831043,49.2325884],[4.28293535,49.22686915],[4.26831191,49.21891472],[4.26220287,49.22438796],[4.25141624,49.22015138],[4.23904479,49.21923891],[4.22725761,49.2143541],[4.21213092,49.21848397],[4.20779213,49.22094974],[4.2099944,49.22220529],[4.20665584,49.22419702],[4.2033188,49.22360999],[4.1920306,49.22901247],[4.18386577,49.23546843],[4.17038554,49.23765625],[4.16361315,49.23715177],[4.16341481,49.23858863],[4.16945981,49.23934383],[4.17966504,49.24199923],[4.19113226,49.24675148],[4.19214018,49.24871231],[4.19073422,49.26041332],[4.18920027,49.2684922],[4.18949522,49.27497782],[4.19765944,49.27661427],[4.197224,49.27733245],[4.20347302,49.27459468],[4.23092803,49.26967855],[4.23945478,49.26927929],[4.25296871,49.27046315],[4.25914001,49.27134113],[4.26201687,49.2739166],[4.26528667,49.27367287],[4.27078945,49.27069844],[4.27089174,49.26759554],[4.28082149,49.26617698],[4.28469681,49.26549922],[4.29329553,49.25764192],[4.29749117,49.24901856],[4.30064902,49.23795339],[4.30096455,49.2326488]]]]}},{"type":"Feature","properties":{"code":"51047","nom":"Belval-en-Argonne","departement":"51","region":"44"},"geometry":{"type":"MultiPolygon","coordinates":[[[[5.01296722,48.93684158],[5.00611348,48.93707256],[4.98934703,48.93331583],[4.98376242,48.93112088],[4.9602765,48.9264664],[4.95546799,48.92863191],[4.95377347,48.93113148],[4.95699211,48.9313686],[4.95490145,48.93629709],[4.95524121,48.94221135],[4.95679542,48.94697145],[4.95628582,48.95150346],[4.9554242,48.95869925],[4.96920405,48.9586581],[4.98751396,48.96041405],[4.99869847,48.95751964],[5.00163695,48.95539811],[5.00378492,48.95180278],[5.00943699,48.94665097],[5.01230628,48.94527421],[5.01420564,48.94586659],[5.01564639,48.94202561],[5.01549089,48.93889421],[5.01296722,48.93684158]]]]}},{"type":"Feature","properties":{"code":"51048","nom":"Belval-sous-Châtillon","departement":"51","region":"44"},"geometry":{"type":"MultiPolygon","coordinates":[[[[3.8683768,49.11635379],[3.8644076,49.11654603],[3.86051272,49.11420378],[3.86118347,49.11055109],[3.85785885,49.11076907],[3.85575475,49.1119116],[3.84348975,49.10545776],[3.83337236,49.11085671],[3.83874821,49.11051722],[3.84753239,49.1139102],[3.8429057,49.12116919],[3.83633335,49.12637975],[3.84050928,49.13888103],[3.84934983,49.13805559],[3.85953872,49.14244565],[3.8691433,49.14066112],[3.87171445,49.13757828],[3.87251372,49.12995047],[3.8683768,49.11635379]]]]}},{"type":"Feature","properties":{"code":"51049","nom":"Bergères-lès-Vertus","departement":"51","region":"44"},"geometry":{"type":"MultiPolygon","coordinates":[[[[3.96755942,48.88946551],[3.97355064,48.89069674],[3.98021648,48.88384316],[3.98084056,48.87940055],[3.97988893,48.87549517],[3.98355732,48.87689959],[3.98607934,48.87989804],[3.98716085,48.89508571],[4.00668513,48.89353186],[4.01310253,48.89170689],[4.02027628,48.88841275],[4.03602203,48.87259327],[4.04513616,48.87529404],[4.04744649,48.87288148],[4.04881329,48.87142419],[4.05897382,48.86937046],[4.06232577,48.86600311],[4.06294665,48.86182349],[4.05538936,48.85852573],[4.05410666,48.85980249],[4.04990327,48.85819804],[4.05124287,48.85663032],[4.0480365,48.85544965],[4.04071103,48.8575912],[4.03667191,48.86126702],[4.02164131,48.85476145],[4.01158087,48.85705224],[4.00846924,48.85853732],[4.00303628,48.85762423],[3.98280021,48.86813778],[3.97392245,48.87010624],[3.9630281,48.87033379],[3.9605877,48.88142197],[3.96163433,48.88699953],[3.96755942,48.88946551]]]]}},{"type":"Feature","properties":{"code":"51050","nom":"Bergères-sous-Montmirail","departement":"51","region":"44"},"geometry":{"type":"MultiPolygon","coordinates":[[[[3.61179835,48.86749383],[3.62321508,48.85642695],[3.62468337,48.85111942],[3.62264773,48.8485264],[3.61666993,48.84706623],[3.60903449,48.84318684],[3.61334248,48.83376829],[3.61435753,48.83181325],[3.61386556,48.8293677],[3.58616082,48.82996897],[3.5839513,48.82899677],[3.58066519,48.82528488],[3.5760563,48.82520374],[3.56966316,48.82986701],[3.5713276,48.8320868],[3.5703049,48.84544446],[3.57567259,48.84929496],[3.57972633,48.84987345],[3.58154264,48.84716569],[3.58934797,48.85065295],[3.59984172,48.86193797],[3.60341045,48.86901852],[3.6059386,48.87130355],[3.61179835,48.86749383]]]]}},{"type":"Feature","properties":{"code":"51051","nom":"Berméricourt","departement":"51","region":"44"},"geometry":{"type":"MultiPolygon","coordinates":[[[[3.96148098,49.37733728],[3.97253614,49.37944586],[3.98668524,49.37899504],[3.99515528,49.37785232],[4.00961049,49.36564446],[4.01272435,49.35830187],[4.01343557,49.35513519],[4.00530725,49.35502957],[4.00559145,49.35174871],[4.00194982,49.3512252],[3.98992409,49.34833885],[3.9631199,49.37058855],[3.96095055,49.36956125],[3.95498461,49.37513515],[3.96148098,49.37733728]]]]}},{"type":"Feature","properties":{"code":"51052","nom":"Berru","departement":"51","region":"44"},"geometry":{"type":"MultiPolygon","coordinates":[[[[4.19073422,49.26041332],[4.16006037,49.25976366],[4.14822277,49.25874049],[4.14216316,49.25623118],[4.13668951,49.25198443],[4.13513301,49.24965341],[4.13410137,49.25008119],[4.13284407,49.25343575],[4.13091062,49.26211728],[4.13081397,49.27063226],[4.1287036,49.27295989],[4.1297985,49.27508758],[4.13843778,49.27922742],[4.14640321,49.28421275],[4.15778052,49.28909024],[4.17033308,49.28986823],[4.17560373,49.2920835],[4.18229505,49.28728558],[4.19159236,49.28666731],[4.19520079,49.28069699],[4.197224,49.27733245],[4.19765944,49.27661427],[4.18949522,49.27497782],[4.18920027,49.2684922],[4.19073422,49.26041332]]]]}},{"type":"Feature","properties":{"code":"51053","nom":"Berzieux","departement":"51","region":"44"},"geometry":{"type":"MultiPolygon","coordinates":[[[[4.83746231,49.16831785],[4.8384787,49.16600462],[4.8383683,49.15513281],[4.83445165,49.15302163],[4.82473254,49.15252367],[4.76563367,49.14674943],[4.7509171,49.14698062],[4.75363426,49.15143753],[4.75849239,49.15376056],[4.77174816,49.15633959],[4.77921358,49.15964229],[4.78270344,49.16271299],[4.78472112,49.16662647],[4.78761439,49.17297026],[4.78654266,49.17525955],[4.8078335,49.17311174],[4.82907139,49.17226761],[4.83571269,49.17010716],[4.83746231,49.16831785]]]]}},{"type":"Feature","properties":{"code":"51054","nom":"Bétheniville","departement":"51","region":"44"},"geometry":{"type":"MultiPolygon","coordinates":[[[[4.37562028,49.32380609],[4.37665001,49.32198367],[4.37373496,49.32118524],[4.38878885,49.30214178],[4.39352954,49.29715663],[4.40337047,49.29363962],[4.40778837,49.29116245],[4.40833057,49.28911879],[4.40893499,49.2867876],[4.39501774,49.2854298],[4.3760821,49.2803075],[4.36203472,49.27557941],[4.34670093,49.26899845],[4.33863439,49.26369454],[4.32696223,49.2620271],[4.3287166,49.27426419],[4.33318904,49.28559633],[4.33674656,49.29177856],[4.34324481,49.29053674],[4.3457681,49.29342432],[4.34985236,49.30689796],[4.35603343,49.31409128],[4.3541191,49.31618417],[4.36272044,49.32048289],[4.37562028,49.32380609]]]]}},{"type":"Feature","properties":{"code":"51055","nom":"Bétheny","departement":"51","region":"44"},"geometry":{"type":"MultiPolygon","coordinates":[[[[4.03856763,49.27368661],[4.03945693,49.27438559],[4.04055252,49.27522844],[4.03947629,49.27773792],[4.03220623,49.28504559],[4.03214973,49.28503798],[4.02746228,49.28443158],[4.02762299,49.28608531],[4.0278146,49.28790959],[4.02876462,49.29772416],[4.03069703,49.31478696],[4.03413193,49.31416426],[4.05499824,49.31420404],[4.06145712,49.31735148],[4.06134259,49.32502361],[4.07478154,49.32496412],[4.07357604,49.32182477],[4.07094006,49.31806878],[4.07246559,49.31696476],[4.07928922,49.30986476],[4.08548765,49.3062698],[4.08596514,49.30674648],[4.08902265,49.3043878],[4.09175597,49.29964866],[4.09500615,49.29305366],[4.09540993,49.28746523],[4.09430633,49.28169355],[4.08310929,49.27449256],[4.08146408,49.27702912],[4.07442993,49.27821216],[4.06341855,49.2755865],[4.06147845,49.27679391],[4.05773946,49.27457465],[4.05090591,49.27049788],[4.05159104,49.27000283],[4.04975383,49.26836549],[4.04465404,49.27101517],[4.04367784,49.27070806],[4.03936942,49.27324547],[4.03856763,49.27368661]]]]}},{"type":"Feature","properties":{"code":"51056","nom":"Bethon","departement":"51","region":"44"},"geometry":{"type":"MultiPolygon","coordinates":[[[[3.64446508,48.59948758],[3.64071544,48.59851921],[3.62384586,48.58898451],[3.61463886,48.5811253],[3.60754203,48.58538336],[3.6087076,48.59117684],[3.60814337,48.59607148],[3.60271744,48.59948947],[3.60317804,48.60933622],[3.59656253,48.61708217],[3.59093095,48.6214127],[3.58168348,48.62316463],[3.5766659,48.62255126],[3.57093171,48.62029049],[3.57293247,48.6317759],[3.58071497,48.63089536],[3.5942109,48.63724058],[3.59694636,48.63991736],[3.60376387,48.63649632],[3.62334238,48.62803352],[3.63566023,48.61623583],[3.64767288,48.60159491],[3.64446508,48.59948758]]]]}},{"type":"Feature","properties":{"code":"51057","nom":"Bettancourt-la-Longue","departement":"51","region":"44"},"geometry":{"type":"MultiPolygon","coordinates":[[[[4.86029526,48.83399901],[4.86567479,48.8341428],[4.8678714,48.83509266],[4.86767747,48.83671585],[4.8710343,48.83961133],[4.87482492,48.83943862],[4.87911692,48.84073684],[4.88443858,48.84566562],[4.88569464,48.848511],[4.88370122,48.8522262],[4.88908545,48.8525578],[4.8906828,48.85194874],[4.89426105,48.84115016],[4.90268308,48.8279219],[4.90362858,48.82698655],[4.88882065,48.81742918],[4.88435961,48.81562929],[4.87699588,48.81726547],[4.87542572,48.81921077],[4.86936337,48.82805882],[4.86188123,48.83086624],[4.86029526,48.83399901]]]]}},{"type":"Feature","properties":{"code":"51058","nom":"Bezannes","departement":"51","region":"44"},"geometry":{"type":"MultiPolygon","coordinates":[[[[4.01349994,49.2233054],[4.00733687,49.21478701],[4.01114009,49.2130424],[3.99312955,49.20321136],[3.98549606,49.20535274],[3.98128898,49.20166393],[3.97815218,49.20375645],[3.98123863,49.20617149],[3.97620602,49.20838545],[3.97264418,49.21104138],[3.97383113,49.21198303],[3.97271352,49.21925392],[3.97394284,49.22578835],[3.97747442,49.23266551],[3.97970554,49.23499216],[3.99139538,49.23888126],[3.99079983,49.239903],[3.99967767,49.24285417],[3.99869794,49.24210977],[3.99615543,49.23900387],[3.99796059,49.23208142],[3.99523079,49.22905974],[4.00702461,49.2254653],[4.00890671,49.2248373],[4.01349994,49.2233054]]]]}},{"type":"Feature","properties":{"code":"51059","nom":"Bignicourt-sur-Marne","departement":"51","region":"44"},"geometry":{"type":"MultiPolygon","coordinates":[[[[4.588966,48.68335861],[4.60086884,48.68605666],[4.61116743,48.68749502],[4.61732244,48.68823577],[4.61967523,48.68755789],[4.62389291,48.68419253],[4.62774588,48.68326824],[4.61808032,48.67589043],[4.60656575,48.67216776],[4.60004082,48.67707134],[4.588966,48.68335861]]]]}},{"type":"Feature","properties":{"code":"51060","nom":"Bignicourt-sur-Saulx","departement":"51","region":"44"},"geometry":{"type":"MultiPolygon","coordinates":[[[[4.764744,48.77192278],[4.77244538,48.77374831],[4.79076118,48.77850488],[4.80181505,48.78263162],[4.80616467,48.78299236],[4.80676006,48.78143422],[4.79734517,48.7762883],[4.79328848,48.76752129],[4.79302757,48.75600547],[4.79660846,48.75180792],[4.80345245,48.74725871],[4.80776325,48.74650438],[4.814967,48.74773465],[4.81852046,48.73773855],[4.81731893,48.73561297],[4.80019765,48.73433493],[4.7908274,48.73541963],[4.78897394,48.73590535],[4.78911325,48.73743086],[4.78719648,48.74024218],[4.78306166,48.74267727],[4.77763942,48.7443478],[4.76999121,48.74533319],[4.77077955,48.7465576],[4.7636261,48.75781258],[4.764744,48.77192278]]]]}},{"type":"Feature","properties":{"code":"51061","nom":"Billy-le-Grand","departement":"51","region":"44"},"geometry":{"type":"MultiPolygon","coordinates":[[[[4.22216286,49.11670084],[4.22761417,49.11816859],[4.24665291,49.11706368],[4.25009043,49.11770601],[4.25081319,49.1170016],[4.26231707,49.10392905],[4.25538422,49.10081296],[4.2366085,49.09626769],[4.20356699,49.1036187],[4.20909618,49.11367578],[4.21211612,49.11787256],[4.21401148,49.11878232],[4.21749945,49.11563761],[4.22216286,49.11670084]]]]}},{"type":"Feature","properties":{"code":"51062","nom":"Binarville","departement":"51","region":"44"},"geometry":{"type":"MultiPolygon","coordinates":[[[[4.87615799,49.26302435],[4.87907031,49.26282076],[4.88215056,49.26115503],[4.89370152,49.25864883],[4.91332128,49.26478941],[4.91709203,49.26539138],[4.93392224,49.26177219],[4.9346133,49.25967936],[4.928692,49.25622758],[4.92378922,49.25070359],[4.93483323,49.24643622],[4.94796046,49.24264493],[4.950661,49.23912202],[4.95082459,49.23697912],[4.95132223,49.23670129],[4.94485219,49.23570693],[4.94210551,49.23424224],[4.92383942,49.23127618],[4.90616161,49.23027825],[4.8894788,49.2277424],[4.87978103,49.22891647],[4.86634328,49.22695538],[4.86827916,49.22851077],[4.86727117,49.2324606],[4.86452542,49.23681768],[4.86581733,49.24065094],[4.86842823,49.2447569],[4.87836376,49.25173798],[4.88333507,49.25678698],[4.87804134,49.26221991],[4.87615799,49.26302435]]]]}},{"type":"Feature","properties":{"code":"51322","nom":"Lignon","departement":"51","region":"44"},"geometry":{"type":"MultiPolygon","coordinates":[[[[4.5530153,48.60593343],[4.53465588,48.5744959],[4.53202373,48.56998],[4.52496758,48.57170993],[4.51672175,48.56898306],[4.51148168,48.57662706],[4.51856008,48.59368335],[4.52280074,48.60099042],[4.53065681,48.60644252],[4.52913329,48.60913596],[4.53384978,48.61059215],[4.53751818,48.60804371],[4.5437041,48.60618589],[4.54855957,48.60540938],[4.5530153,48.60593343]]]]}},{"type":"Feature","properties":{"code":"51065","nom":"Blacy","departement":"51","region":"44"},"geometry":{"type":"MultiPolygon","coordinates":[[[[4.44503165,48.7108562],[4.45241365,48.71685586],[4.46259011,48.72057547],[4.48192414,48.72539979],[4.49786534,48.72805605],[4.51029438,48.72897261],[4.5131363,48.72573138],[4.51397049,48.72575498],[4.54389451,48.73649146],[4.55407775,48.73693055],[4.56260559,48.73503712],[4.56744835,48.73702649],[4.57182654,48.74159822],[4.57504823,48.74681205],[4.57704261,48.7459626],[4.58130033,48.74578574],[4.58307364,48.74419965],[4.58169154,48.74500421],[4.57542651,48.74140593],[4.58084395,48.73232935],[4.57493246,48.72709986],[4.57542533,48.7254075],[4.57793921,48.72013228],[4.57764933,48.71877231],[4.58001384,48.71338563],[4.57864483,48.71320314],[4.57491465,48.71478358],[4.57343741,48.71647005],[4.57075479,48.7167303],[4.57046306,48.71747272],[4.55684304,48.71819187],[4.53828028,48.71644901],[4.50246367,48.71655366],[4.49287324,48.71438908],[4.47410439,48.70732765],[4.46030783,48.7033736],[4.44651568,48.70362621],[4.44250565,48.70788755],[4.44503165,48.7108562]]]]}},{"type":"Feature","properties":{"code":"51066","nom":"Blaise-sous-Arzillières","departement":"51","region":"44"},"geometry":{"type":"MultiPolygon","coordinates":[[[[4.60611778,48.66151918],[4.60122382,48.65816633],[4.59701767,48.65846297],[4.58179748,48.6572589],[4.57518268,48.65549502],[4.57516112,48.65856673],[4.57211845,48.667894],[4.56873894,48.67295764],[4.56532487,48.67566366],[4.56201815,48.67997401],[4.57659123,48.68438653],[4.58230936,48.68760166],[4.58412205,48.68540857],[4.588966,48.68335861],[4.60004082,48.67707134],[4.60656575,48.67216776],[4.60719565,48.67193436],[4.60559398,48.66967263],[4.60611778,48.66151918]]]]}},{"type":"Feature","properties":{"code":"51068","nom":"Blesme","departement":"51","region":"44"},"geometry":{"type":"MultiPolygon","coordinates":[[[[4.75904234,48.73016159],[4.74930888,48.73489732],[4.7500693,48.73551052],[4.75877575,48.74223508],[4.76999121,48.74533319],[4.77763942,48.7443478],[4.78306166,48.74267727],[4.78719648,48.74024218],[4.78911325,48.73743086],[4.78897394,48.73590535],[4.7908274,48.73541963],[4.80019765,48.73433493],[4.81731893,48.73561297],[4.82476059,48.73524123],[4.82931103,48.73255086],[4.82694892,48.73201306],[4.81802976,48.73282491],[4.79833787,48.73139502],[4.7869518,48.72307601],[4.77073624,48.71776418],[4.76328787,48.71674362],[4.75900717,48.72588699],[4.75904234,48.73016159]]]]}},{"type":"Feature","properties":{"code":"51069","nom":"Bligny","departement":"51","region":"44"},"geometry":{"type":"MultiPolygon","coordinates":[[[[3.84527368,49.19319425],[3.84508612,49.19430953],[3.85122851,49.19809817],[3.85993324,49.20146185],[3.86476002,49.20318051],[3.86772195,49.20209201],[3.86941969,49.20122295],[3.87417493,49.19292417],[3.85577379,49.18532233],[3.84631358,49.18950699],[3.84539446,49.19252628],[3.84527368,49.19319425]]]]}},{"type":"Feature","properties":{"code":"51070","nom":"Boissy-le-Repos","departement":"51","region":"44"},"geometry":{"type":"MultiPolygon","coordinates":[[[[3.67209014,48.84473787],[3.67358025,48.84247748],[3.67434042,48.82403696],[3.66790976,48.8264618],[3.65890709,48.82816659],[3.64171904,48.82916573],[3.63377584,48.82926654],[3.62648609,48.83375593],[3.61760599,48.83486966],[3.61334248,48.83376829],[3.60903449,48.84318684],[3.61666993,48.84706623],[3.62264773,48.8485264],[3.62468337,48.85111942],[3.62321508,48.85642695],[3.61179835,48.86749383],[3.61795054,48.87059822],[3.6266016,48.87192473],[3.63631556,48.869823],[3.64799182,48.86531401],[3.65167633,48.86290804],[3.65506322,48.86222493],[3.65533534,48.85752614],[3.65931736,48.85059003],[3.66370405,48.84812222],[3.66721793,48.84786614],[3.67209014,48.84473787]]]]}},{"type":"Feature","properties":{"code":"51071","nom":"Bouchy-Saint-Genest","departement":"51","region":"44"},"geometry":{"type":"MultiPolygon","coordinates":[[[[3.52186807,48.67129803],[3.52161921,48.67058403],[3.52994472,48.66018517],[3.54017373,48.6499983],[3.53953835,48.64907199],[3.53811557,48.64734508],[3.53360306,48.64651804],[3.51988941,48.64370834],[3.51316835,48.64349641],[3.50510629,48.64511308],[3.48637617,48.64270388],[3.475953,48.63746317],[3.45838379,48.63371815],[3.45154493,48.63445578],[3.45086418,48.63467514],[3.4592447,48.65156187],[3.45581303,48.65595379],[3.4406982,48.66307162],[3.44055644,48.66365142],[3.44636465,48.66689944],[3.44891447,48.66827237],[3.45897872,48.66967861],[3.47460991,48.66969746],[3.49152421,48.67460127],[3.49421834,48.67598792],[3.50075124,48.67654892],[3.52186807,48.67129803]]]]}},{"type":"Feature","properties":{"code":"51072","nom":"Bouilly","departement":"51","region":"44"},"geometry":{"type":"MultiPolygon","coordinates":[[[[3.91068001,49.20949092],[3.91421729,49.20597211],[3.92293133,49.20478004],[3.92558536,49.2035693],[3.925849,49.20104983],[3.92298216,49.19924578],[3.90891001,49.19513243],[3.89325586,49.18395421],[3.88579615,49.18662027],[3.87417493,49.19292417],[3.86941969,49.20122295],[3.87117952,49.20233409],[3.87929134,49.20153343],[3.89699997,49.205224],[3.90334139,49.20769945],[3.90810473,49.20826693],[3.91068001,49.20949092]]]]}},{"type":"Feature","properties":{"code":"51073","nom":"Bouleuse","departement":"51","region":"44"},"geometry":{"type":"MultiPolygon","coordinates":[[[[3.83664007,49.21461828],[3.83630059,49.21475729],[3.83012138,49.22044431],[3.82890224,49.22924543],[3.82659837,49.23360365],[3.84874018,49.23801967],[3.8492161,49.23890727],[3.85146773,49.23806427],[3.85566209,49.23788534],[3.85593789,49.23397703],[3.85298551,49.22187152],[3.84558793,49.21989806],[3.83664007,49.21461828]]]]}},{"type":"Feature","properties":{"code":"51074","nom":"Boult-sur-Suippe","departement":"51","region":"44"},"geometry":{"type":"MultiPolygon","coordinates":[[[[4.11535683,49.40210042],[4.1322441,49.40183839],[4.14472515,49.4044438],[4.15105731,49.40190268],[4.15625898,49.40106202],[4.1672351,49.40182499],[4.17422575,49.40158655],[4.17496094,49.40247655],[4.19141956,49.40125035],[4.19206232,49.39932298],[4.18892987,49.39871466],[4.17790789,49.39448598],[4.16772439,49.38281299],[4.16299442,49.37944884],[4.15750178,49.36796517],[4.15776304,49.36378337],[4.15326989,49.35957688],[4.14212255,49.35607244],[4.13961939,49.35427474],[4.14029606,49.35375864],[4.13012813,49.35045331],[4.11132176,49.36452126],[4.11533766,49.37556841],[4.11521363,49.381864],[4.11354064,49.38198908],[4.11252121,49.38623968],[4.11630341,49.40103186],[4.11535683,49.40210042]]]]}},{"type":"Feature","properties":{"code":"51075","nom":"Bourgogne-Fresne","departement":"51","region":"44"},"geometry":{"type":"MultiPolygon","coordinates":[[[[4.12269169,49.32781149],[4.10384206,49.32419683],[4.09299658,49.3137061],[4.07432681,49.3173249],[4.07246559,49.31696476],[4.07094006,49.31806878],[4.07357604,49.32182477],[4.07478154,49.32496412],[4.06134259,49.32502361],[4.06151644,49.33581621],[4.06037441,49.34276725],[4.0554831,49.34827312],[4.0468546,49.35005351],[4.04243764,49.35339627],[4.0430603,49.35880443],[4.04474622,49.35873594],[4.05206979,49.36988865],[4.06707199,49.37023632],[4.07472877,49.37401151],[4.08454235,49.38320009],[4.08863098,49.38296379],[4.09027361,49.38139922],[4.09290342,49.37321395],[4.09763903,49.36234402],[4.10206396,49.36034133],[4.10885607,49.36270642],[4.11132176,49.36452126],[4.13012813,49.35045331],[4.12662091,49.34902162],[4.12786995,49.34799682],[4.11315816,49.33347798],[4.11797093,49.3332007],[4.12269169,49.32781149]]]]}},{"type":"Feature","properties":{"code":"51076","nom":"Boursault","departement":"51","region":"44"},"geometry":{"type":"MultiPolygon","coordinates":[[[[3.81683931,49.03644826],[3.81340733,49.04034627],[3.81221244,49.04405282],[3.81073695,49.05791865],[3.81164537,49.06307391],[3.81557862,49.07155183],[3.81801088,49.07321678],[3.82325471,49.07238789],[3.83644655,49.07592953],[3.839094,49.07561164],[3.85062617,49.07089885],[3.84951784,49.0676534],[3.85542467,49.06410553],[3.85744884,49.06329441],[3.8699293,49.0621931],[3.85859256,49.0460781],[3.864147,49.04159523],[3.86410377,49.04064147],[3.86278432,49.03680228],[3.86280437,49.03150749],[3.86626555,49.03174695],[3.86651074,49.03095116],[3.8634164,49.02990696],[3.84569977,49.02677064],[3.81683931,49.03644826]]]]}},{"type":"Feature","properties":{"code":"51077","nom":"Bouvancourt","departement":"51","region":"44"},"geometry":{"type":"MultiPolygon","coordinates":[[[[3.8479206,49.3643516],[3.8535113,49.36575593],[3.85606211,49.36834477],[3.86325616,49.36969145],[3.86382197,49.36558652],[3.86768054,49.35759796],[3.88029216,49.35268398],[3.88811057,49.35145906],[3.88358206,49.34615972],[3.88170079,49.34186929],[3.88519356,49.32933927],[3.88102808,49.32221395],[3.86535163,49.32361729],[3.85445744,49.32824089],[3.84162082,49.32622564],[3.82897446,49.32280534],[3.82912487,49.32463459],[3.82730166,49.32500668],[3.8294095,49.34328768],[3.83109164,49.3480405],[3.83292376,49.3502168],[3.85284132,49.34496922],[3.85551763,49.34747363],[3.85749548,49.35214759],[3.85693886,49.35541917],[3.8479206,49.3643516]]]]}},{"type":"Feature","properties":{"code":"51078","nom":"Bouy","departement":"51","region":"44"},"geometry":{"type":"MultiPolygon","coordinates":[[[[4.34776437,49.0569756],[4.3286737,49.06746787],[4.33005819,49.06862071],[4.32799683,49.07016417],[4.32848653,49.07229092],[4.32412687,49.07491003],[4.31716089,49.07754768],[4.33286613,49.09134629],[4.3368683,49.10042202],[4.3535414,49.10124355],[4.38202292,49.10944805],[4.3901747,49.11538892],[4.39064156,49.11731869],[4.39067552,49.1191968],[4.40198414,49.1192193],[4.40971317,49.11204742],[4.41930697,49.10828002],[4.4212949,49.1067485],[4.41406812,49.10407478],[4.40320111,49.09793246],[4.39127466,49.08833925],[4.38481092,49.08270624],[4.37342152,49.06744046],[4.37420092,49.06663839],[4.35536074,49.06386407],[4.34776437,49.0569756]]]]}},{"type":"Feature","properties":{"code":"51079","nom":"Bouzy","departement":"51","region":"44"},"geometry":{"type":"MultiPolygon","coordinates":[[[[4.09847865,49.07146338],[4.11127196,49.07742453],[4.11861638,49.08189928],[4.12226398,49.08661496],[4.12689748,49.09552509],[4.13265683,49.10004076],[4.14150618,49.10203695],[4.14615214,49.10008553],[4.14912964,49.09997798],[4.14998226,49.09439741],[4.15477808,49.08421812],[4.15534185,49.0726531],[4.15436296,49.07122642],[4.13548089,49.07729448],[4.12917346,49.0788718],[4.12508113,49.07908732],[4.11141274,49.07600965],[4.0998086,49.06996029],[4.09847865,49.07146338]]]]}},{"type":"Feature","properties":{"code":"51080","nom":"Brandonvillers","departement":"51","region":"44"},"geometry":{"type":"MultiPolygon","coordinates":[[[[4.56254432,48.57329617],[4.55342659,48.57146319],[4.53465588,48.5744959],[4.5530153,48.60593343],[4.55776094,48.60429787],[4.5631172,48.60090509],[4.56613218,48.59757707],[4.58200191,48.59653409],[4.59082905,48.59826713],[4.59493882,48.59759134],[4.60010742,48.59490382],[4.60479886,48.58830245],[4.5925308,48.57781913],[4.58398125,48.57398889],[4.57154515,48.57405754],[4.56254432,48.57329617]]]]}},{"type":"Feature","properties":{"code":"51081","nom":"Branscourt","departement":"51","region":"44"},"geometry":{"type":"MultiPolygon","coordinates":[[[[3.81160492,49.27776838],[3.81574693,49.27719566],[3.82935019,49.28191171],[3.83894084,49.27972648],[3.83822251,49.27788401],[3.8305633,49.26941527],[3.82546459,49.25838517],[3.80326095,49.26738765],[3.80848065,49.27568389],[3.81160492,49.27776838]]]]}},{"type":"Feature","properties":{"code":"51082","nom":"Braux-Sainte-Cohière","departement":"51","region":"44"},"geometry":{"type":"MultiPolygon","coordinates":[[[[4.83874282,49.07968654],[4.81032815,49.08544846],[4.80561779,49.09095055],[4.79774366,49.10461368],[4.80756324,49.10511759],[4.81552219,49.10446797],[4.82309959,49.10239993],[4.83422337,49.10628055],[4.83763313,49.10207706],[4.83916133,49.09812799],[4.83817051,49.09015409],[4.83874282,49.07968654]]]]}},{"type":"Feature","properties":{"code":"51083","nom":"Braux-Saint-Remy","departement":"51","region":"44"},"geometry":{"type":"MultiPolygon","coordinates":[[[[4.9054784,49.0341502],[4.90598592,49.0334055],[4.9089799,49.03365475],[4.91196461,49.02926927],[4.91023188,49.02596892],[4.90857088,49.02491151],[4.89877816,49.02371494],[4.88946353,49.02354171],[4.87856418,49.01834941],[4.8729454,49.01464338],[4.8723205,49.0156677],[4.86890714,49.01550953],[4.85211319,49.01265869],[4.83425455,49.01262984],[4.82933207,49.01177496],[4.82814275,49.01663742],[4.82533565,49.02014653],[4.82241411,49.02114611],[4.83003539,49.02443898],[4.84986597,49.02753397],[4.86594022,49.03447253],[4.88277972,49.0357216],[4.89562753,49.03436638],[4.9054784,49.0341502]]]]}},{"type":"Feature","properties":{"code":"51084","nom":"Bréban","departement":"51","region":"44"},"geometry":{"type":"MultiPolygon","coordinates":[[[[4.41303877,48.5847275],[4.40912813,48.57576001],[4.41361169,48.57183819],[4.42020042,48.56793875],[4.42359047,48.55430565],[4.40613399,48.56013011],[4.39890641,48.56366024],[4.38699571,48.57108174],[4.37743083,48.57843165],[4.34815259,48.59592438],[4.34971573,48.59774016],[4.36329896,48.5990716],[4.38732994,48.59368928],[4.40839809,48.58693363],[4.41303877,48.5847275]]]]}},{"type":"Feature","properties":{"code":"51086","nom":"Breuil-sur-Vesle","departement":"51","region":"44"},"geometry":{"type":"MultiPolygon","coordinates":[[[[3.77073863,49.31302282],[3.77379471,49.31243603],[3.78576959,49.30422573],[3.80098767,49.29904741],[3.79446447,49.29186178],[3.7833866,49.29503927],[3.7841092,49.29628057],[3.77676292,49.29157603],[3.77137025,49.29345532],[3.75948289,49.29105759],[3.75624655,49.29577778],[3.75181326,49.2987712],[3.74882827,49.29853264],[3.73877027,49.2951704],[3.74268261,49.30915687],[3.74839969,49.30851208],[3.75326993,49.30920187],[3.77073863,49.31302282]]]]}},{"type":"Feature","properties":{"code":"51087","nom":"Breuvery-sur-Coole","departement":"51","region":"44"},"geometry":{"type":"MultiPolygon","coordinates":[[[[4.33583569,48.87126679],[4.34223748,48.8738719],[4.34498607,48.87143145],[4.3245619,48.85890875],[4.31470099,48.8564244],[4.30352288,48.84674362],[4.30157701,48.83971399],[4.29941179,48.83834787],[4.28274252,48.83411147],[4.27358559,48.84031213],[4.26833139,48.83774156],[4.26651972,48.84230567],[4.26134717,48.84439757],[4.26192894,48.84518025],[4.26880134,48.85016154],[4.28480306,48.85778803],[4.30064438,48.87195929],[4.30643187,48.87128915],[4.31169242,48.86919079],[4.32687872,48.86948571],[4.33583569,48.87126679]]]]}},{"type":"Feature","properties":{"code":"51088","nom":"Brimont","departement":"51","region":"44"},"geometry":{"type":"MultiPolygon","coordinates":[[[[4.01272435,49.35830187],[4.01768931,49.358413],[4.01777532,49.36040075],[4.03580166,49.35989166],[4.03571929,49.35914803],[4.0430603,49.35880443],[4.04243764,49.35339627],[4.0468546,49.35005351],[4.0554831,49.34827312],[4.06037441,49.34276725],[4.06151644,49.33581621],[4.06134259,49.32502361],[4.06145712,49.31735148],[4.05499824,49.31420404],[4.03413193,49.31416426],[4.03069703,49.31478696],[4.03213094,49.3264625],[4.00708956,49.34615819],[4.00559145,49.35174871],[4.00530725,49.35502957],[4.01343557,49.35513519],[4.01272435,49.35830187]]]]}},{"type":"Feature","properties":{"code":"51089","nom":"Brouillet","departement":"51","region":"44"},"geometry":{"type":"MultiPolygon","coordinates":[[[[3.71356044,49.22176333],[3.71789484,49.22155509],[3.72624432,49.22675009],[3.73095644,49.23342663],[3.73046446,49.23640451],[3.73728512,49.23822219],[3.75236441,49.23960886],[3.75930588,49.23255378],[3.75292846,49.2264848],[3.74875391,49.22504985],[3.74289872,49.2231774],[3.7336947,49.21848232],[3.72391413,49.21669661],[3.71561762,49.21777466],[3.71356044,49.22176333]]]]}},{"type":"Feature","properties":{"code":"51090","nom":"Broussy-le-Grand","departement":"51","region":"44"},"geometry":{"type":"MultiPolygon","coordinates":[[[[3.8885042,48.81312172],[3.88821597,48.80875271],[3.88965615,48.80193699],[3.89457342,48.79340612],[3.89613389,48.77908441],[3.89832024,48.77335203],[3.90440599,48.76771244],[3.9053866,48.7652567],[3.89268756,48.76354709],[3.88448733,48.76618233],[3.87378238,48.76205619],[3.87946767,48.75630832],[3.86843206,48.75178387],[3.86313894,48.7589963],[3.8561997,48.75942672],[3.84998205,48.761485],[3.86225304,48.76655807],[3.85211827,48.77875346],[3.84947443,48.78363013],[3.84024719,48.80717205],[3.8396388,48.81006523],[3.8359639,48.81145269],[3.83295432,48.81093855],[3.83172079,48.81137975],[3.83288787,48.81675367],[3.84228439,48.81839491],[3.84948988,48.8181029],[3.85139731,48.81322354],[3.86026623,48.80715558],[3.86244686,48.80661461],[3.865544,48.8075609],[3.87156513,48.81382023],[3.87709887,48.81741518],[3.88918857,48.82035239],[3.8885042,48.81312172]]]]}},{"type":"Feature","properties":{"code":"51091","nom":"Broussy-le-Petit","departement":"51","region":"44"},"geometry":{"type":"MultiPolygon","coordinates":[[[[3.84998205,48.761485],[3.84650219,48.76552754],[3.84323696,48.76536985],[3.83088867,48.7676987],[3.81901442,48.77619944],[3.80673908,48.77943007],[3.81921861,48.81035891],[3.82000009,48.80913575],[3.83703711,48.80441809],[3.83761073,48.80741001],[3.84024719,48.80717205],[3.84947443,48.78363013],[3.85211827,48.77875346],[3.86225304,48.76655807],[3.84998205,48.761485]]]]}},{"type":"Feature","properties":{"code":"51092","nom":"Broyes","departement":"51","region":"44"},"geometry":{"type":"MultiPolygon","coordinates":[[[[3.75332268,48.73787932],[3.7505324,48.74034881],[3.73474452,48.74397466],[3.73324192,48.74534477],[3.7379745,48.74714778],[3.74021308,48.74972973],[3.73043538,48.76152673],[3.72869777,48.76735308],[3.7304566,48.77198788],[3.7345471,48.77480139],[3.7362687,48.77384909],[3.74014647,48.78235616],[3.74186682,48.78360378],[3.74511866,48.78410251],[3.75589429,48.78373802],[3.77572296,48.77537938],[3.79123621,48.75633547],[3.79183356,48.75437342],[3.78873734,48.7530987],[3.75332268,48.73787932]]]]}},{"type":"Feature","properties":{"code":"51093","nom":"Brugny-Vaudancourt","departement":"51","region":"44"},"geometry":{"type":"MultiPolygon","coordinates":[[[[3.88406861,49.00902287],[3.89084697,49.00540992],[3.89521301,49.00486845],[3.90087419,49.00673881],[3.90732622,49.0072981],[3.907491,49.00554151],[3.90441315,48.99786888],[3.9005875,48.9909913],[3.89560932,48.98734245],[3.87349353,48.97072325],[3.85672905,48.9639233],[3.85185675,48.96272149],[3.85145502,48.96062451],[3.83381119,48.96348951],[3.82202541,48.96362304],[3.81858632,48.96674009],[3.81146865,48.98509939],[3.81428958,48.98637341],[3.81859785,48.98907065],[3.82671384,48.99049159],[3.83717916,48.98766189],[3.84736299,48.98707871],[3.85383118,48.98938983],[3.85712502,48.99200028],[3.85828062,48.99850715],[3.86191375,49.00240726],[3.86705338,49.00456621],[3.88406861,49.00902287]]]]}},{"type":"Feature","properties":{"code":"51094","nom":"Brusson","departement":"51","region":"44"},"geometry":{"type":"MultiPolygon","coordinates":[[[[4.72106215,48.73390365],[4.70269255,48.73039858],[4.69208656,48.73320872],[4.69046665,48.73538808],[4.68930925,48.7365227],[4.69063237,48.74407786],[4.68931011,48.74970927],[4.70438005,48.75256367],[4.71751368,48.75060412],[4.72100634,48.74686088],[4.71986802,48.74443301],[4.72056805,48.74338566],[4.72159022,48.73903112],[4.72106215,48.73390365]]]]}},{"type":"Feature","properties":{"code":"51095","nom":"Le Buisson","departement":"51","region":"44"},"geometry":{"type":"MultiPolygon","coordinates":[[[[4.73308282,48.76593799],[4.73634063,48.76577282],[4.76155072,48.77332383],[4.764744,48.77192278],[4.7636261,48.75781258],[4.77077955,48.7465576],[4.76999121,48.74533319],[4.75877575,48.74223508],[4.7500693,48.73551052],[4.7463333,48.73787191],[4.74080148,48.74688244],[4.73594145,48.75712613],[4.73308282,48.76593799]]]]}},{"type":"Feature","properties":{"code":"51097","nom":"Bussy-le-Château","departement":"51","region":"44"},"geometry":{"type":"MultiPolygon","coordinates":[[[[4.54108861,49.09217575],[4.54082673,49.09032116],[4.54376589,49.09075738],[4.55430251,49.05882106],[4.55511782,49.0589481],[4.5612008,49.03830499],[4.56000819,49.02461169],[4.5665578,49.01873093],[4.56356498,49.01838232],[4.55536794,49.01748603],[4.53285677,49.03045015],[4.52059417,49.02662917],[4.51891768,49.02766395],[4.52127103,49.03708084],[4.52558042,49.04733972],[4.51652262,49.05251403],[4.51296023,49.05624257],[4.49593487,49.07593925],[4.49464065,49.07981333],[4.48204967,49.09335871],[4.48582883,49.09378059],[4.49546291,49.08924385],[4.50429949,49.08733772],[4.53449623,49.09225468],[4.54108861,49.09217575]]]]}},{"type":"Feature","properties":{"code":"51098","nom":"Bussy-le-Repos","departement":"51","region":"44"},"geometry":{"type":"MultiPolygon","coordinates":[[[[4.77734485,48.89752859],[4.78085232,48.8886315],[4.78433407,48.88614284],[4.78302698,48.88465831],[4.76710636,48.87596477],[4.76598302,48.87694115],[4.76816338,48.87994487],[4.75965785,48.88432495],[4.74377563,48.88231665],[4.7363217,48.88263549],[4.73110258,48.88691721],[4.71848828,48.89278562],[4.71050928,48.8935727],[4.69812344,48.89255267],[4.69463346,48.89974501],[4.69393408,48.90516894],[4.70581241,48.91834242],[4.70705873,48.92122009],[4.71344071,48.92079707],[4.72263157,48.92062299],[4.73466289,48.92516178],[4.74284868,48.92666385],[4.75673339,48.92490676],[4.7542464,48.92203426],[4.76721933,48.91690717],[4.77513848,48.91140207],[4.77667654,48.90756716],[4.77734485,48.89752859]]]]}},{"type":"Feature","properties":{"code":"51099","nom":"Bussy-Lettrée","departement":"51","region":"44"},"geometry":{"type":"MultiPolygon","coordinates":[[[[4.20884123,48.80363323],[4.21270368,48.80554056],[4.25877448,48.82110362],[4.27441326,48.8292454],[4.26833139,48.83774156],[4.27358559,48.84031213],[4.28274252,48.83411147],[4.29941179,48.83834787],[4.29995012,48.83043037],[4.30359471,48.82471866],[4.30096217,48.82359871],[4.31635174,48.81089336],[4.30615674,48.80583766],[4.30957508,48.80314047],[4.29620116,48.7981178],[4.29883154,48.79608968],[4.2916502,48.79341597],[4.28160729,48.80135053],[4.28028182,48.80138093],[4.26957153,48.79171237],[4.25831787,48.78587319],[4.23235321,48.77470857],[4.23061012,48.77633484],[4.22600159,48.77388702],[4.22235063,48.77721209],[4.21684756,48.77899349],[4.20202652,48.77464069],[4.20072275,48.77617753],[4.19677474,48.77754569],[4.19031503,48.77459965],[4.18774896,48.77474482],[4.17272696,48.78459864],[4.17709501,48.78701666],[4.20884123,48.80363323]]]]}},{"type":"Feature","properties":{"code":"51100","nom":"La Caure","departement":"51","region":"44"},"geometry":{"type":"MultiPolygon","coordinates":[[[[3.80149245,48.90815729],[3.79582,48.90710783],[3.79553078,48.90023528],[3.78999065,48.89867204],[3.77274047,48.89625837],[3.75534985,48.89533329],[3.75108757,48.90054023],[3.75559361,48.90188516],[3.7591326,48.91313936],[3.75820049,48.92024355],[3.76043184,48.92156488],[3.76432783,48.92174423],[3.77346259,48.92080969],[3.77721065,48.92241498],[3.7825561,48.92286942],[3.79107401,48.92185122],[3.80186369,48.91578285],[3.80149245,48.90815729]]]]}},{"type":"Feature","properties":{"code":"51101","nom":"Caurel","departement":"51","region":"44"},"geometry":{"type":"MultiPolygon","coordinates":[[[[4.14640321,49.28421275],[4.14340067,49.28546932],[4.13661113,49.29307547],[4.12699463,49.30024637],[4.11855554,49.30483344],[4.12792302,49.31291657],[4.12023879,49.31714602],[4.12840968,49.32385655],[4.13408943,49.32771492],[4.14616876,49.32158298],[4.14813838,49.31720137],[4.14674196,49.31599827],[4.1532379,49.3132151],[4.15766683,49.30983287],[4.16938546,49.29767207],[4.17657254,49.29249571],[4.17560373,49.2920835],[4.17033308,49.28986823],[4.15778052,49.28909024],[4.14640321,49.28421275]]]]}},{"type":"Feature","properties":{"code":"51102","nom":"Cauroy-lès-Hermonville","departement":"51","region":"44"},"geometry":{"type":"MultiPolygon","coordinates":[[[[3.88811057,49.35145906],[3.88988946,49.35088144],[3.90319418,49.35370432],[3.91875149,49.36292075],[3.93499111,49.36808198],[3.94725641,49.37344033],[3.95498461,49.37513515],[3.96095055,49.36956125],[3.95449995,49.36702611],[3.94861613,49.36339217],[3.94882849,49.36221649],[3.95934749,49.35908786],[3.95741578,49.34733053],[3.95093686,49.34459132],[3.94607463,49.34939844],[3.93700294,49.34600455],[3.92426512,49.34479376],[3.91691728,49.34669079],[3.91008426,49.34582191],[3.88905891,49.34069529],[3.88170079,49.34186929],[3.88358206,49.34615972],[3.88811057,49.35145906]]]]}},{"type":"Feature","properties":{"code":"51103","nom":"La Celle-sous-Chantemerle","departement":"51","region":"44"},"geometry":{"type":"MultiPolygon","coordinates":[[[[3.65377641,48.62812044],[3.68916309,48.6195076],[3.697379,48.61650478],[3.70822759,48.60932085],[3.71474637,48.6078876],[3.71797318,48.60440851],[3.7056046,48.59143888],[3.7049556,48.5867434],[3.70643246,48.58515501],[3.6976602,48.5826286],[3.697349,48.58430632],[3.6855893,48.58583104],[3.68003059,48.58743176],[3.67760165,48.58970172],[3.6665305,48.59943895],[3.66603853,48.60074605],[3.66457119,48.60706368],[3.66677528,48.61909173],[3.66247515,48.62365478],[3.65055531,48.62094452],[3.64655222,48.62419654],[3.65377641,48.62812044]]]]}},{"type":"Feature","properties":{"code":"51104","nom":"Cernay-en-Dormois","departement":"51","region":"44"},"geometry":{"type":"MultiPolygon","coordinates":[[[[4.81307136,49.20991477],[4.79662388,49.20868365],[4.78301371,49.20911152],[4.77223152,49.21056279],[4.75918145,49.20907423],[4.75519779,49.20751819],[4.70503456,49.19956804],[4.70514356,49.20004399],[4.70085967,49.19976013],[4.69786242,49.20054608],[4.69549965,49.2028571],[4.69353239,49.20698525],[4.71325386,49.21323036],[4.72192893,49.21228842],[4.73472905,49.21448061],[4.73692953,49.21603786],[4.7421697,49.22510285],[4.74155237,49.23172103],[4.73605664,49.23452581],[4.74194839,49.24107071],[4.74470496,49.24148495],[4.74637878,49.24285809],[4.74934989,49.24343907],[4.76113047,49.24378374],[4.77565892,49.24351133],[4.78457901,49.24119365],[4.78939788,49.24086776],[4.80166102,49.2462756],[4.81228533,49.2494534],[4.81797241,49.24247347],[4.82006899,49.2419095],[4.82985299,49.2430689],[4.8258245,49.23672565],[4.8271297,49.23530487],[4.82279473,49.23515827],[4.82142594,49.23403693],[4.80721018,49.21897822],[4.80822261,49.21354057],[4.81307136,49.20991477]]]]}},{"type":"Feature","properties":{"code":"51105","nom":"Cernay-lès-Reims","departement":"51","region":"44"},"geometry":{"type":"MultiPolygon","coordinates":[[[[4.13513301,49.24965341],[4.13561709,49.23749331],[4.13379096,49.23261137],[4.12805333,49.22744507],[4.11941428,49.23181874],[4.11222712,49.23118127],[4.10398677,49.23213362],[4.09062637,49.23614194],[4.0871234,49.23710232],[4.09113601,49.24148863],[4.09536366,49.24899171],[4.08496438,49.25395503],[4.07853589,49.26722339],[4.07853328,49.26722971],[4.07808619,49.26818939],[4.08234635,49.26896668],[4.07927349,49.27221459],[4.08097343,49.27288714],[4.0875132,49.27508588],[4.09713883,49.27652712],[4.10475114,49.27594072],[4.10745904,49.27470399],[4.11710679,49.27301386],[4.1287036,49.27295989],[4.13081397,49.27063226],[4.13091062,49.26211728],[4.13284407,49.25343575],[4.13410137,49.25008119],[4.13513301,49.24965341]]]]}},{"type":"Feature","properties":{"code":"51106","nom":"Cernon","departement":"51","region":"44"},"geometry":{"type":"MultiPolygon","coordinates":[[[[4.36034551,48.85947331],[4.38122898,48.84511971],[4.38428259,48.83920457],[4.36092132,48.82896772],[4.35953934,48.82863354],[4.3581845,48.82923539],[4.34248461,48.82029738],[4.32680546,48.80960576],[4.31119945,48.8018364],[4.30957508,48.80314047],[4.30615674,48.80583766],[4.31635174,48.81089336],[4.30096217,48.82359871],[4.30359471,48.82471866],[4.3186776,48.8338268],[4.34898842,48.8562919],[4.35018576,48.85599777],[4.36034551,48.85947331]]]]}},{"type":"Feature","properties":{"code":"51107","nom":"Chaintrix-Bierges","departement":"51","region":"44"},"geometry":{"type":"MultiPolygon","coordinates":[[[[4.14152555,48.9038695],[4.12164444,48.89628582],[4.11542393,48.89308457],[4.11580231,48.88871904],[4.10276575,48.87709113],[4.09475072,48.87313092],[4.07734437,48.88542877],[4.07971881,48.88628967],[4.08329132,48.89720731],[4.07958935,48.90168633],[4.10381357,48.90851477],[4.11376656,48.90914483],[4.13258099,48.90754831],[4.13950019,48.90607696],[4.14152555,48.9038695]]]]}},{"type":"Feature","properties":{"code":"51108","nom":"Châlons-en-Champagne","departement":"51","region":"44"},"geometry":{"type":"MultiPolygon","coordinates":[[[[4.34325433,48.94306009],[4.34190865,48.94207595],[4.33646041,48.94539977],[4.3397541,48.94705563],[4.32994793,48.95433641],[4.33113824,48.95468924],[4.33431451,48.95712809],[4.34047236,48.96432627],[4.34200379,48.96486495],[4.34400355,48.96259504],[4.34505986,48.96340612],[4.34175936,48.96888962],[4.3445816,48.97031677],[4.34746177,48.9728656],[4.3559761,48.97760097],[4.35590341,48.97769533],[4.35518018,48.97861994],[4.35815146,48.98033018],[4.37529867,48.98796096],[4.37153494,48.99224716],[4.39319156,49.00113948],[4.39790291,48.99320373],[4.40130748,48.9919427],[4.41145134,48.97943694],[4.4146159,48.98069744],[4.41907263,48.98093529],[4.43055821,48.97016021],[4.38965905,48.96208361],[4.37853815,48.95656931],[4.37936136,48.95583674],[4.37799264,48.95531016],[4.37944625,48.94642465],[4.37856905,48.9456298],[4.39085016,48.9436046],[4.39151354,48.94349527],[4.39617266,48.94274946],[4.40589987,48.94594642],[4.41540482,48.93957837],[4.41944812,48.93890367],[4.3968392,48.9314219],[4.39633574,48.93433013],[4.39371618,48.93586352],[4.39362786,48.93587894],[4.39078546,48.93561965],[4.38024772,48.93088564],[4.37846979,48.93142776],[4.37665609,48.93232192],[4.37472469,48.93522126],[4.37566448,48.93627535],[4.37197155,48.93885846],[4.36124931,48.93803907],[4.35695521,48.94136962],[4.35524597,48.94687608],[4.35461366,48.94545681],[4.35262035,48.94541187],[4.35124298,48.94521425],[4.34849653,48.94297874],[4.34489828,48.94221782],[4.34325433,48.94306009]]]]}},{"type":"Feature","properties":{"code":"51109","nom":"Châlons-sur-Vesle","departement":"51","region":"44"},"geometry":{"type":"MultiPolygon","coordinates":[[[[3.92522604,49.2778489],[3.9059886,49.27838592],[3.90197781,49.27918462],[3.89746612,49.28216431],[3.90039205,49.28627885],[3.91248927,49.29860051],[3.9184591,49.2957279],[3.92414152,49.29065642],[3.93535975,49.28975192],[3.94056598,49.29042977],[3.94069811,49.28840238],[3.93704637,49.27824946],[3.936233,49.27802743],[3.93099571,49.27669784],[3.92522604,49.2778489]]]]}},{"type":"Feature","properties":{"code":"51110","nom":"Chaltrait","departement":"51","region":"44"},"geometry":{"type":"MultiPolygon","coordinates":[[[[3.87873072,48.94584023],[3.89687557,48.94591269],[3.90315064,48.94756886],[3.90695841,48.94763454],[3.90801748,48.94432427],[3.91786939,48.9287792],[3.90550935,48.92714384],[3.90114424,48.92436186],[3.88900832,48.9228904],[3.86993663,48.93105769],[3.87873072,48.94584023]]]]}},{"type":"Feature","properties":{"code":"51111","nom":"Chambrecy","departement":"51","region":"44"},"geometry":{"type":"MultiPolygon","coordinates":[[[[3.84539446,49.19252628],[3.84259328,49.19025504],[3.84204103,49.18868729],[3.84201218,49.1740988],[3.84356379,49.16950971],[3.81717179,49.16773525],[3.81635204,49.16783522],[3.81361595,49.17302896],[3.81376137,49.18027378],[3.81063006,49.18770338],[3.80484585,49.19159383],[3.80080214,49.19577901],[3.8012774,49.19732316],[3.80712998,49.19907775],[3.81152135,49.19564525],[3.82467388,49.19075395],[3.83542441,49.1907572],[3.84527368,49.19319425],[3.84539446,49.19252628]]]]}},{"type":"Feature","properties":{"code":"51112","nom":"Chamery","departement":"51","region":"44"},"geometry":{"type":"MultiPolygon","coordinates":[[[[3.9402632,49.15435713],[3.94440638,49.15762091],[3.94600613,49.16451992],[3.94009476,49.16833713],[3.9359966,49.173209],[3.9378597,49.1770409],[3.94558923,49.17945571],[3.97193432,49.18290088],[3.97936799,49.17955082],[3.97203529,49.16833888],[3.96479352,49.16389701],[3.95169823,49.15814342],[3.94649566,49.15214677],[3.9414095,49.1520356],[3.93933801,49.15413687],[3.9402632,49.15435713]]]]}},{"type":"Feature","properties":{"code":"51113","nom":"Champaubert","departement":"51","region":"44"},"geometry":{"type":"MultiPolygon","coordinates":[[[[3.79553078,48.90023528],[3.79656744,48.90058813],[3.80115538,48.8991105],[3.80308787,48.89545975],[3.80367182,48.89069923],[3.79364416,48.88331957],[3.79150158,48.87379077],[3.78794563,48.86737935],[3.78334241,48.86740776],[3.77823093,48.87064461],[3.76520194,48.87548707],[3.74958864,48.87961852],[3.74365156,48.88457134],[3.73131776,48.88597743],[3.73255231,48.89056098],[3.72398537,48.90012257],[3.72236479,48.90080685],[3.72447563,48.90329871],[3.73355712,48.90321825],[3.740635,48.90220522],[3.74462645,48.90039172],[3.75108757,48.90054023],[3.75534985,48.89533329],[3.77274047,48.89625837],[3.78999065,48.89867204],[3.79553078,48.90023528]]]]}},{"type":"Feature","properties":{"code":"51115","nom":"Champfleury","departement":"51","region":"44"},"geometry":{"type":"MultiPolygon","coordinates":[[[[4.01358416,49.21226394],[4.01758643,49.21061275],[4.01774298,49.2098508],[4.01785423,49.20448497],[4.02711603,49.20391727],[4.030425,49.20367773],[4.03064411,49.19938535],[4.03256819,49.19769114],[4.03202276,49.19091205],[4.03088807,49.18869826],[4.02821952,49.18570364],[4.02471883,49.18451607],[4.00372867,49.18741172],[4.00762412,49.19951981],[4.01349022,49.20620845],[4.01358416,49.21226394]]]]}},{"type":"Feature","properties":{"code":"51116","nom":"Champguyon","departement":"51","region":"44"},"geometry":{"type":"MultiPolygon","coordinates":[[[[3.5320642,48.76483271],[3.52662844,48.77287595],[3.53055104,48.77431024],[3.52384474,48.77874062],[3.52586751,48.78311182],[3.52663089,48.78471658],[3.54602908,48.79258288],[3.55596852,48.79254694],[3.56116099,48.79058538],[3.56813326,48.77998087],[3.57427532,48.78136178],[3.57379448,48.78392289],[3.57986935,48.7845915],[3.60376194,48.77878261],[3.60234909,48.77027321],[3.59689844,48.76862406],[3.60399528,48.76272866],[3.60108556,48.76051277],[3.60130723,48.7582622],[3.60277155,48.75689758],[3.59948032,48.75554162],[3.59043435,48.75589609],[3.57233487,48.7533435],[3.55859117,48.75334472],[3.55905481,48.75688358],[3.54400531,48.7589399],[3.5320642,48.76483271]]]]}},{"type":"Feature","properties":{"code":"51117","nom":"Champigneul-Champagne","departement":"51","region":"44"},"geometry":{"type":"MultiPolygon","coordinates":[[[[4.11625487,48.97509639],[4.12346907,48.97963171],[4.12991352,48.98603451],[4.1305863,48.99020274],[4.13379239,48.99190364],[4.14105397,48.99057847],[4.14996893,48.99278479],[4.14996764,48.99068852],[4.15091774,48.99181523],[4.16998513,48.98317549],[4.17891593,48.98698299],[4.18672041,48.99263556],[4.18901311,48.9870614],[4.19326181,48.98410184],[4.21750862,48.97635603],[4.22026158,48.97542872],[4.22124074,48.9637256],[4.23123084,48.95975537],[4.22585728,48.95706203],[4.22104444,48.95152978],[4.22663731,48.93721518],[4.22349948,48.93515443],[4.22224177,48.93449634],[4.21610312,48.93695559],[4.1944634,48.93091906],[4.18890874,48.9439763],[4.17572108,48.95110508],[4.15844419,48.95776649],[4.15644919,48.95833074],[4.14949176,48.95632828],[4.1348163,48.96576443],[4.11625487,48.97509639]]]]}},{"type":"Feature","properties":{"code":"51118","nom":"Champigny","departement":"51","region":"44"},"geometry":{"type":"MultiPolygon","coordinates":[[[[3.936233,49.27802743],[3.94231853,49.27597435],[3.94711438,49.27772226],[3.95367075,49.27715819],[3.9628404,49.2754114],[3.96800843,49.27351986],[3.96923611,49.27377791],[3.97535008,49.27216075],[3.97769166,49.26949416],[3.98001745,49.26260307],[3.98120576,49.26224458],[3.97919539,49.25872949],[3.97229422,49.25696475],[3.96589374,49.26101959],[3.95813765,49.25914221],[3.94823032,49.26365813],[3.94153763,49.2705971],[3.936233,49.27802743]]]]}},{"type":"Feature","properties":{"code":"51119","nom":"Champillon","departement":"51","region":"44"},"geometry":{"type":"MultiPolygon","coordinates":[[[[3.97079032,49.09279733],[3.97831229,49.09154223],[3.98236466,49.08942756],[3.983934,49.08410586],[3.98376573,49.08180259],[3.98538981,49.07909348],[3.97124212,49.08022203],[3.96513006,49.07984954],[3.97031825,49.088057],[3.9712835,49.09047253],[3.97079032,49.09279733]]]]}},{"type":"Feature","properties":{"code":"51120","nom":"Champlat-et-Boujacourt","departement":"51","region":"44"},"geometry":{"type":"MultiPolygon","coordinates":[[[[3.80322761,49.13974165],[3.8048809,49.1450714],[3.80459785,49.15067211],[3.80927679,49.15142298],[3.81077475,49.15324709],[3.81717179,49.16773525],[3.84356379,49.16950971],[3.84967944,49.16776111],[3.85034071,49.16694904],[3.8464991,49.16168395],[3.84465603,49.1566133],[3.84436689,49.14678254],[3.84176977,49.14552757],[3.82413067,49.14742451],[3.80515871,49.1396658],[3.80322761,49.13974165]]]]}},{"type":"Feature","properties":{"code":"51121","nom":"Champvoisy","departement":"51","region":"44"},"geometry":{"type":"MultiPolygon","coordinates":[[[[3.64159464,49.11543581],[3.63485664,49.11541312],[3.62545202,49.11007568],[3.62460874,49.1080615],[3.62011745,49.10732677],[3.61108711,49.11188035],[3.60293496,49.11458202],[3.59966752,49.12067914],[3.60300185,49.12150945],[3.60798924,49.1243957],[3.61188683,49.12869171],[3.61958907,49.14756686],[3.62696634,49.14570798],[3.64270391,49.13883671],[3.64278838,49.13769259],[3.64488669,49.13210505],[3.65107524,49.13162666],[3.65237754,49.13058922],[3.6534943,49.12712065],[3.65325658,49.1251088],[3.64159464,49.11543581]]]]}},{"type":"Feature","properties":{"code":"51122","nom":"Changy","departement":"51","region":"44"},"geometry":{"type":"MultiPolygon","coordinates":[[[[4.70589551,48.77791534],[4.70153457,48.77387179],[4.70294862,48.77257691],[4.70135468,48.77123494],[4.69115036,48.77308999],[4.67774206,48.77153656],[4.67136178,48.7692403],[4.66929591,48.76877171],[4.65411386,48.77530073],[4.65149815,48.77672768],[4.6567483,48.78638572],[4.65860135,48.7844664],[4.67509399,48.7857521],[4.67845831,48.78699308],[4.68625586,48.79207656],[4.69284791,48.78875026],[4.69984942,48.78368514],[4.70589551,48.77791534]]]]}},{"type":"Feature","properties":{"code":"51124","nom":"Chantemerle","departement":"51","region":"44"},"geometry":{"type":"MultiPolygon","coordinates":[[[[3.65377641,48.62812044],[3.64655222,48.62419654],[3.65055531,48.62094452],[3.66247515,48.62365478],[3.66677528,48.61909173],[3.66457119,48.60706368],[3.66603853,48.60074605],[3.657775,48.59547474],[3.64587102,48.59702958],[3.64446508,48.59948758],[3.64767288,48.60159491],[3.63566023,48.61623583],[3.62334238,48.62803352],[3.60376387,48.63649632],[3.60779173,48.63717297],[3.60975848,48.63939912],[3.62385286,48.638871],[3.62665943,48.63715078],[3.63396896,48.63330713],[3.63722191,48.63497458],[3.64299597,48.6331544],[3.65377641,48.62812044]]]]}},{"type":"Feature","properties":{"code":"51125","nom":"Chapelaine","departement":"51","region":"44"},"geometry":{"type":"MultiPolygon","coordinates":[[[[4.44714232,48.58602706],[4.45802155,48.59048894],[4.46234914,48.59199409],[4.47023739,48.59292615],[4.49935607,48.58917286],[4.50116363,48.58462283],[4.50368097,48.57004291],[4.50831849,48.56315812],[4.48324249,48.56548159],[4.46196453,48.57073291],[4.46340548,48.57291225],[4.46313744,48.57797541],[4.45650931,48.58243911],[4.44714232,48.58602706]]]]}},{"type":"Feature","properties":{"code":"51126","nom":"La Chapelle-Felcourt","departement":"51","region":"44"},"geometry":{"type":"MultiPolygon","coordinates":[[[[4.75392709,49.06357587],[4.75621641,49.058711],[4.76984863,49.04640165],[4.77274179,49.04265889],[4.77323477,49.04022955],[4.77645477,49.03829952],[4.78156839,49.03881827],[4.78173565,49.03735426],[4.77882289,49.03554828],[4.77589824,49.02903044],[4.76743757,49.02184672],[4.75561117,49.0181744],[4.75044887,49.01817064],[4.74801263,49.02862752],[4.74070024,49.03954534],[4.73605545,49.04305182],[4.73200619,49.04802269],[4.72874732,49.05398662],[4.72823684,49.05624419],[4.73490035,49.05511296],[4.74055193,49.05772303],[4.74906049,49.0633833],[4.75392709,49.06357587]]]]}},{"type":"Feature","properties":{"code":"51127","nom":"La Chapelle-Lasson","departement":"51","region":"44"},"geometry":{"type":"MultiPolygon","coordinates":[[[[3.78586425,48.65258474],[3.79239981,48.6545492],[3.79618481,48.65569336],[3.80327774,48.65216909],[3.8182,48.65463393],[3.84213742,48.63792471],[3.83744532,48.63317312],[3.85263731,48.62784886],[3.83346175,48.6121866],[3.83310824,48.61324516],[3.82858311,48.61516671],[3.81985941,48.61350264],[3.81138955,48.61452587],[3.80438165,48.61738902],[3.79488686,48.62862066],[3.78665268,48.63450255],[3.7923462,48.63837061],[3.7970373,48.64516768],[3.79396965,48.64777341],[3.78937014,48.64604719],[3.78586425,48.65258474]]]]}},{"type":"Feature","properties":{"code":"51128","nom":"La Chapelle-sous-Orbais","departement":"51","region":"44"},"geometry":{"type":"MultiPolygon","coordinates":[[[[3.73673778,48.92785246],[3.73925474,48.92681356],[3.74510582,48.92721168],[3.75820049,48.92024355],[3.7591326,48.91313936],[3.75559361,48.90188516],[3.75108757,48.90054023],[3.74462645,48.90039172],[3.740635,48.90220522],[3.73355712,48.90321825],[3.72447563,48.90329871],[3.72236479,48.90080685],[3.69306536,48.90470136],[3.68563791,48.90650766],[3.6840072,48.90751252],[3.68182301,48.90730464],[3.68343052,48.90868672],[3.68389208,48.91754497],[3.67669179,48.92397269],[3.67868859,48.92556035],[3.68547413,48.92784281],[3.70726526,48.92708757],[3.73673778,48.92785246]]]]}},{"type":"Feature","properties":{"code":"51129","nom":"Charleville","departement":"51","region":"44"},"geometry":{"type":"MultiPolygon","coordinates":[[[[3.68078802,48.79520729],[3.68024737,48.7945655],[3.68334122,48.7864271],[3.68029669,48.78247986],[3.66787593,48.77937411],[3.6629924,48.77643773],[3.66000629,48.77844827],[3.64377918,48.77890197],[3.62166785,48.78363394],[3.62387336,48.79325056],[3.64516293,48.79627103],[3.64189104,48.80861755],[3.64465393,48.82217079],[3.64171904,48.82916573],[3.65890709,48.82816659],[3.66790976,48.8264618],[3.67434042,48.82403696],[3.68271249,48.82128232],[3.68515157,48.81441954],[3.68514478,48.80975624],[3.68078802,48.79520729]]]]}},{"type":"Feature","properties":{"code":"51130","nom":"Charmont","departement":"51","region":"44"},"geometry":{"type":"MultiPolygon","coordinates":[[[[4.8710343,48.83961133],[4.85650693,48.84497522],[4.84759476,48.84967046],[4.84424522,48.85189101],[4.84113841,48.85979208],[4.82417872,48.8704264],[4.82305019,48.87044179],[4.8219611,48.87146767],[4.82779638,48.87675979],[4.8436977,48.88687957],[4.85233488,48.88925687],[4.86031859,48.8902746],[4.88962848,48.88635859],[4.89634731,48.88387302],[4.89985639,48.88363567],[4.9100787,48.88521275],[4.91286876,48.88671454],[4.91684573,48.88940088],[4.91988241,48.89472978],[4.92455774,48.89125889],[4.91882234,48.87703799],[4.9129962,48.87269727],[4.90379325,48.87167187],[4.90261448,48.87079825],[4.90343027,48.87047132],[4.90306261,48.86798536],[4.89887286,48.86403532],[4.89148814,48.85948798],[4.88453893,48.85827616],[4.88364168,48.85763],[4.88370122,48.8522262],[4.88569464,48.848511],[4.88443858,48.84566562],[4.87911692,48.84073684],[4.87482492,48.83943862],[4.8710343,48.83961133]]]]}},{"type":"Feature","properties":{"code":"51132","nom":"Les Charmontois","departement":"51","region":"44"},"geometry":{"type":"MultiPolygon","coordinates":[[[[5.01420564,48.94586659],[5.01230628,48.94527421],[5.00943699,48.94665097],[5.00378492,48.95180278],[5.00163695,48.95539811],[4.99869847,48.95751964],[4.98751396,48.96041405],[4.96920405,48.9586581],[4.9554242,48.95869925],[4.95628582,48.95150346],[4.93951065,48.95101237],[4.94428574,48.95401675],[4.94564836,48.95655825],[4.94569309,48.9604542],[4.94142608,48.96006373],[4.93934352,48.96754982],[4.94822371,48.96579576],[4.95712311,48.96707115],[4.97008339,48.97072409],[4.97079532,48.96921292],[4.97823248,48.96930004],[4.98797024,48.97491745],[4.99574993,48.9825132],[4.99737326,48.98368072],[5.00416616,48.98380308],[5.01234283,48.98073108],[5.02906446,48.97964789],[5.03630456,48.97699843],[5.03647482,48.97635688],[5.0390864,48.97389009],[5.03066081,48.96258749],[5.02972701,48.9550814],[5.03094717,48.95432221],[5.01420564,48.94586659]]]]}},{"type":"Feature","properties":{"code":"51133","nom":"Le Châtelier","departement":"51","region":"44"},"geometry":{"type":"MultiPolygon","coordinates":[[[[4.9295978,48.958775],[4.94142608,48.96006373],[4.94569309,48.9604542],[4.94564836,48.95655825],[4.94428574,48.95401675],[4.93951065,48.95101237],[4.95628582,48.95150346],[4.95679542,48.94697145],[4.95524121,48.94221135],[4.95490145,48.93629709],[4.95699211,48.9313686],[4.95377347,48.93113148],[4.95169002,48.93080202],[4.93630942,48.92185922],[4.93678807,48.9210401],[4.92477378,48.92329817],[4.90881477,48.92492439],[4.89125552,48.92221105],[4.88994818,48.92849505],[4.89098701,48.93532849],[4.89013063,48.93648438],[4.8924295,48.93658572],[4.892615,48.93729341],[4.89754051,48.93947869],[4.90147757,48.94053708],[4.91186577,48.94204941],[4.92276617,48.94162675],[4.92948297,48.93834619],[4.94130112,48.93601265],[4.93658058,48.94153835],[4.93045481,48.94639293],[4.9221935,48.9476348],[4.92207434,48.95246529],[4.92637166,48.95837713],[4.9295978,48.958775]]]]}},{"type":"Feature","properties":{"code":"51134","nom":"Châtelraould-Saint-Louvent","departement":"51","region":"44"},"geometry":{"type":"MultiPolygon","coordinates":[[[[4.46922857,48.6553973],[4.47713833,48.65496846],[4.50489661,48.67198141],[4.51121147,48.67343899],[4.51960276,48.67664116],[4.5242239,48.67900757],[4.52530854,48.68102866],[4.52814778,48.68278975],[4.53843233,48.68610937],[4.5435107,48.6863703],[4.56079824,48.68311621],[4.56201815,48.67997401],[4.56532487,48.67566366],[4.55310226,48.67024126],[4.54459473,48.66304851],[4.52299195,48.65177868],[4.51157773,48.64785941],[4.50462018,48.64372722],[4.48455704,48.6363319],[4.48114564,48.63747283],[4.47627742,48.64192894],[4.46922857,48.6553973]]]]}},{"type":"Feature","properties":{"code":"51135","nom":"Châtillon-sur-Broué","departement":"51","region":"44"},"geometry":{"type":"MultiPolygon","coordinates":[[[[4.67492666,48.53762767],[4.67454283,48.53918518],[4.67702704,48.54589659],[4.67854859,48.54749739],[4.68297161,48.54943235],[4.69050414,48.55091178],[4.69736445,48.56091566],[4.69996198,48.5629327],[4.71774908,48.5530299],[4.72508713,48.54282914],[4.72499133,48.54127661],[4.71801621,48.54199395],[4.71050823,48.53930121],[4.69853561,48.53682573],[4.68677994,48.5362148],[4.67874479,48.53669744],[4.67492666,48.53762767]]]]}},{"type":"Feature","properties":{"code":"51136","nom":"Châtillon-sur-Marne","departement":"51","region":"44"},"geometry":{"type":"MultiPolygon","coordinates":[[[[3.77115244,49.08112464],[3.7524413,49.08666701],[3.73654914,49.09286895],[3.74283007,49.09950656],[3.74927976,49.10946601],[3.75345657,49.12168444],[3.75552017,49.12397419],[3.7552339,49.12642163],[3.75912876,49.12584865],[3.75968513,49.12679282],[3.76381794,49.12777189],[3.7667846,49.12344976],[3.77273782,49.12349709],[3.76849999,49.12235355],[3.76739336,49.11654408],[3.76837363,49.11420094],[3.7704622,49.11261678],[3.78566796,49.11385185],[3.80741561,49.11433274],[3.81015411,49.11146672],[3.80633771,49.10993503],[3.78807091,49.10541468],[3.77805831,49.0975511],[3.77705125,49.09385396],[3.78141842,49.08227942],[3.77849177,49.08100359],[3.77115244,49.08112464]]]]}},{"type":"Feature","properties":{"code":"51137","nom":"Châtillon-sur-Morin","departement":"51","region":"44"},"geometry":{"type":"MultiPolygon","coordinates":[[[[3.56391551,48.68285473],[3.55817787,48.69343527],[3.55464496,48.69788074],[3.55213038,48.70436226],[3.55224426,48.70883745],[3.55528787,48.71222508],[3.56695016,48.71993613],[3.5800215,48.7233434],[3.60501227,48.70632658],[3.60951733,48.70177842],[3.61532094,48.69864455],[3.62575018,48.69867665],[3.62550939,48.69638245],[3.63650057,48.69350085],[3.64232249,48.68819238],[3.63287984,48.68599416],[3.60759863,48.68296306],[3.60269467,48.68094792],[3.59650485,48.67977104],[3.58685983,48.68004647],[3.57228955,48.67809884],[3.57172786,48.67852879],[3.57407384,48.67954023],[3.57461411,48.68062151],[3.57319145,48.68243632],[3.56744007,48.68343796],[3.56391551,48.68285473]]]]}},{"type":"Feature","properties":{"code":"51138","nom":"Châtrices","departement":"51","region":"44"},"geometry":{"type":"MultiPolygon","coordinates":[[[[4.89411174,49.05100806],[4.90130731,49.05539416],[4.9189594,49.05383269],[4.92199462,49.05257533],[4.92767726,49.04839997],[4.9282161,49.04658797],[4.95537292,49.04757989],[4.96562931,49.0508888],[4.97092327,49.05610152],[4.97935065,49.0601867],[4.99609007,49.06539718],[5.0038648,49.0656779],[5.00574012,49.05987311],[5.00610021,49.05892089],[5.00341138,49.05354752],[4.97582921,49.02942698],[4.96532164,49.02170131],[4.96162775,49.02601167],[4.94912731,49.0366345],[4.94325736,49.03700667],[4.93175009,49.02559131],[4.92656781,49.02367602],[4.91596684,49.02682284],[4.91034145,49.02489504],[4.908826,49.02355469],[4.90809581,49.01972566],[4.90917514,49.01932534],[4.89270559,49.01440715],[4.87848705,49.0117568],[4.87363615,49.01286789],[4.8729454,49.01464338],[4.87856418,49.01834941],[4.88946353,49.02354171],[4.89877816,49.02371494],[4.90857088,49.02491151],[4.91023188,49.02596892],[4.91196461,49.02926927],[4.9089799,49.03365475],[4.90598592,49.0334055],[4.9054784,49.0341502],[4.90799601,49.03502224],[4.91003539,49.03754331],[4.90655188,49.04441994],[4.90391185,49.04689836],[4.89478416,49.04839994],[4.89346123,49.04983109],[4.89411174,49.05100806]]]]}},{"type":"Feature","properties":{"code":"51139","nom":"Chaudefontaine","departement":"51","region":"44"},"geometry":{"type":"MultiPolygon","coordinates":[[[[4.84755579,49.07780209],[4.84613731,49.07922152],[4.83874282,49.07968654],[4.83817051,49.09015409],[4.83916133,49.09812799],[4.83763313,49.10207706],[4.83422337,49.10628055],[4.84718796,49.10860388],[4.86329203,49.11126215],[4.87795499,49.11531411],[4.88665571,49.11529665],[4.89257175,49.11432233],[4.89700348,49.1145358],[4.91062457,49.11929006],[4.92671431,49.12653678],[4.93079089,49.1267853],[4.93208652,49.1257725],[4.93776077,49.11319169],[4.93711762,49.1126993],[4.92794289,49.11370294],[4.90786299,49.11674194],[4.90357545,49.11628285],[4.90019156,49.11498282],[4.89160062,49.10952422],[4.88941179,49.10280618],[4.88447731,49.09822937],[4.87936173,49.09475242],[4.87194869,49.09157278],[4.86624667,49.07891273],[4.85317293,49.0799047],[4.84755579,49.07780209]]]]}},{"type":"Feature","properties":{"code":"51140","nom":"Chaumuzy","departement":"51","region":"44"},"geometry":{"type":"MultiPolygon","coordinates":[[[[3.88875461,49.1161537],[3.86941624,49.11584995],[3.8683768,49.11635379],[3.87251372,49.12995047],[3.87171445,49.13757828],[3.8691433,49.14066112],[3.85953872,49.14244565],[3.84176977,49.14552757],[3.84436689,49.14678254],[3.84465603,49.1566133],[3.8464991,49.16168395],[3.85034071,49.16694904],[3.84967944,49.16776111],[3.84356379,49.16950971],[3.84201218,49.1740988],[3.84204103,49.18868729],[3.84259328,49.19025504],[3.84539446,49.19252628],[3.84631358,49.18950699],[3.85577379,49.18532233],[3.87417493,49.19292417],[3.88579615,49.18662027],[3.89325586,49.18395421],[3.89545237,49.18176837],[3.89947894,49.18072778],[3.89898977,49.17822743],[3.89196471,49.17588715],[3.88702227,49.17540756],[3.8835786,49.17137971],[3.88275159,49.1667068],[3.88453599,49.15389746],[3.88741711,49.15076078],[3.89026304,49.14942434],[3.88834389,49.14741458],[3.8871263,49.13498222],[3.8888966,49.12563063],[3.88832288,49.12461074],[3.8913112,49.12168168],[3.88875461,49.1161537]]]]}},{"type":"Feature","properties":{"code":"51141","nom":"La Chaussée-sur-Marne","departement":"51","region":"44"},"geometry":{"type":"MultiPolygon","coordinates":[[[[4.49925555,48.8413384],[4.50039464,48.84246918],[4.52092599,48.850031],[4.53653252,48.86160412],[4.5360284,48.86198388],[4.54096211,48.86493283],[4.54716298,48.8606738],[4.56029363,48.86644624],[4.5595936,48.86733686],[4.56830419,48.87004113],[4.5828004,48.86158574],[4.59659478,48.85475515],[4.59759656,48.85106189],[4.592135,48.84780741],[4.58721728,48.84600897],[4.57942252,48.84095884],[4.55313728,48.83128968],[4.54471097,48.82446175],[4.5390804,48.82228736],[4.51843105,48.81937159],[4.50486996,48.81519209],[4.49848266,48.83336864],[4.49591972,48.83294018],[4.49445785,48.83455957],[4.49486623,48.83601885],[4.49639406,48.83650616],[4.50033603,48.83778264],[4.50182155,48.84010808],[4.49925555,48.8413384]]]]}},{"type":"Feature","properties":{"code":"51142","nom":"Chavot-Courcourt","departement":"51","region":"44"},"geometry":{"type":"MultiPolygon","coordinates":[[[[3.89560932,48.98734245],[3.9005875,48.9909913],[3.90441315,48.99786888],[3.907491,49.00554151],[3.90732622,49.0072981],[3.91797411,49.00843023],[3.91878871,49.00633772],[3.9203222,49.00547887],[3.93010186,49.00652486],[3.94051536,49.00443026],[3.9233014,48.9917557],[3.91928058,48.99149521],[3.91836139,48.99175404],[3.91557563,48.99046869],[3.91214034,48.98665767],[3.904887,48.98270183],[3.89560932,48.98734245]]]]}},{"type":"Feature","properties":{"code":"51143","nom":"Le Chemin","departement":"51","region":"44"},"geometry":{"type":"MultiPolygon","coordinates":[[[[4.97432117,48.9870406],[4.97551507,48.98648485],[4.97663672,48.9871203],[4.97694501,48.9883979],[4.97585581,48.98865241],[4.97660911,48.98980755],[4.97653823,48.99121372],[4.96686014,49.00238336],[4.96180531,49.00595248],[4.96058364,49.0113297],[4.96291717,49.01533017],[4.97031464,49.01841466],[4.97088971,49.01655952],[4.97436136,49.01460548],[4.98308722,49.01525225],[4.9854305,49.01423579],[4.98822932,49.01229786],[4.99269369,49.00512961],[4.99129826,49.00221865],[4.9884768,49.00079838],[4.99150625,48.99327337],[4.99542125,48.98761975],[4.99102554,48.98336979],[4.98445339,48.98072263],[4.97515509,48.98050282],[4.97344157,48.9816581],[4.97249151,48.98557485],[4.97390273,48.98620736],[4.97337742,48.98651824],[4.97432117,48.9870406]]]]}},{"type":"Feature","properties":{"code":"51144","nom":"Cheminon","departement":"51","region":"44"},"geometry":{"type":"MultiPolygon","coordinates":[[[[4.98090179,48.7463246],[4.97560528,48.74581228],[4.95838554,48.74027414],[4.95001246,48.73661454],[4.93130754,48.72639231],[4.92119046,48.71986281],[4.91428121,48.7195888],[4.90406518,48.72046932],[4.89663686,48.71615936],[4.89588771,48.7195685],[4.89322794,48.72143889],[4.88371974,48.72431902],[4.8773075,48.72747808],[4.8679053,48.74436485],[4.88225084,48.75359316],[4.88264885,48.75493367],[4.88166596,48.75699499],[4.88199978,48.76002696],[4.88528486,48.76225576],[4.88909204,48.76254646],[4.88925262,48.75792239],[4.90742143,48.75604293],[4.91810134,48.75819298],[4.92896523,48.76463411],[4.93525334,48.76568304],[4.94910314,48.76582037],[4.95280398,48.76812423],[4.95418472,48.76799729],[4.9670898,48.7587221],[4.97225336,48.7575924],[4.97895114,48.75174969],[4.98032142,48.74849079],[4.98090179,48.7463246]]]]}},{"type":"Feature","properties":{"code":"51145","nom":"Chenay","departement":"51","region":"44"},"geometry":{"type":"MultiPolygon","coordinates":[[[[3.92842319,49.31536924],[3.93170287,49.31247893],[3.93464673,49.30108485],[3.94031911,49.29574301],[3.94056598,49.29042977],[3.93535975,49.28975192],[3.92414152,49.29065642],[3.9184591,49.2957279],[3.91248927,49.29860051],[3.91211365,49.30161588],[3.91874108,49.31335405],[3.91836645,49.31633343],[3.92842319,49.31536924]]]]}},{"type":"Feature","properties":{"code":"51146","nom":"Cheniers","departement":"51","region":"44"},"geometry":{"type":"MultiPolygon","coordinates":[[[[4.2055029,48.88023606],[4.21133577,48.88424339],[4.22584707,48.8893743],[4.2346524,48.8944329],[4.2329606,48.89712334],[4.23537731,48.90066634],[4.23107836,48.90417057],[4.24006751,48.91240799],[4.24755379,48.91032462],[4.2521926,48.90787124],[4.24892111,48.9061228],[4.2550725,48.9012935],[4.26063158,48.89970973],[4.26985177,48.90254707],[4.27211482,48.89963328],[4.27862023,48.89656178],[4.28719902,48.89633676],[4.28615108,48.89549628],[4.25897892,48.87300382],[4.25285422,48.86920956],[4.24203734,48.86670319],[4.22133978,48.86444818],[4.21136155,48.87350959],[4.2055029,48.88023606]]]]}},{"type":"Feature","properties":{"code":"51147","nom":"La Cheppe","departement":"51","region":"44"},"geometry":{"type":"MultiPolygon","coordinates":[[[[4.48204967,49.09335871],[4.49464065,49.07981333],[4.49593487,49.07593925],[4.51296023,49.05624257],[4.51652262,49.05251403],[4.52558042,49.04733972],[4.52127103,49.03708084],[4.51891768,49.02766395],[4.52059417,49.02662917],[4.50035206,49.02742344],[4.4959578,49.01816377],[4.49222128,49.01856192],[4.49682746,49.02803132],[4.4876266,49.02924376],[4.48092047,49.01848602],[4.46830008,49.02188677],[4.46528021,49.02370975],[4.45582826,49.02854714],[4.45296563,49.03064218],[4.45337996,49.03195827],[4.4539502,49.03356656],[4.45536347,49.03401889],[4.46131015,49.04882412],[4.46426446,49.06658723],[4.46833753,49.07282541],[4.48245221,49.08358662],[4.47639996,49.09211617],[4.48177384,49.09376948],[4.48204967,49.09335871]]]]}},{"type":"Feature","properties":{"code":"51148","nom":"Cheppes-la-Prairie","departement":"51","region":"44"},"geometry":{"type":"MultiPolygon","coordinates":[[[[4.49639406,48.83650616],[4.49486623,48.83601885],[4.49445785,48.83455957],[4.49591972,48.83294018],[4.47300443,48.82129813],[4.46205489,48.81419959],[4.44986782,48.80440933],[4.4494427,48.80097024],[4.43162878,48.79697612],[4.41920988,48.79151396],[4.39740683,48.80319558],[4.39304381,48.81491661],[4.41337634,48.82101222],[4.42696816,48.82673707],[4.44680972,48.83147015],[4.46534986,48.8401377],[4.47054638,48.84687135],[4.47002074,48.84746607],[4.4732849,48.84944436],[4.47801441,48.8492565],[4.47823001,48.84820863],[4.47701944,48.84704346],[4.47830652,48.84619733],[4.4777542,48.84546388],[4.49278927,48.84033539],[4.49639406,48.83650616]]]]}},{"type":"Feature","properties":{"code":"51149","nom":"Chepy","departement":"51","region":"44"},"geometry":{"type":"MultiPolygon","coordinates":[[[[4.42399327,48.88744606],[4.42058975,48.89117509],[4.4132057,48.89255766],[4.4123729,48.89610046],[4.40930991,48.89955888],[4.42095909,48.90070921],[4.43386839,48.90385266],[4.46840915,48.921823],[4.47457834,48.92394722],[4.47662454,48.92352267],[4.4862128,48.92681923],[4.48690136,48.92473932],[4.48681453,48.92356395],[4.49287444,48.9139969],[4.46800651,48.90600427],[4.46083847,48.90310849],[4.44702077,48.89556086],[4.42399327,48.88744606]]]]}},{"type":"Feature","properties":{"code":"51150","nom":"Cherville","departement":"51","region":"44"},"geometry":{"type":"MultiPolygon","coordinates":[[[[4.14996893,48.99278479],[4.14105397,48.99057847],[4.13379239,48.99190364],[4.15238773,49.01280597],[4.16091045,49.01880122],[4.16242449,49.02083693],[4.16737917,49.0194732],[4.17088483,49.01595073],[4.15110813,48.99257512],[4.14996893,48.99278479]]]]}},{"type":"Feature","properties":{"code":"51151","nom":"Chichey","departement":"51","region":"44"},"geometry":{"type":"MultiPolygon","coordinates":[[[[3.75326937,48.69788286],[3.75439313,48.69854407],[3.75970598,48.6952605],[3.76261954,48.69175009],[3.76815826,48.68857261],[3.77526757,48.68829184],[3.77272347,48.67361858],[3.77037858,48.6722827],[3.76913746,48.67331345],[3.76153901,48.67297634],[3.75441866,48.67028081],[3.7495106,48.67019124],[3.72996321,48.67268902],[3.7262857,48.67320441],[3.73285932,48.67892998],[3.73631828,48.68524923],[3.73622895,48.69067462],[3.74125004,48.68940312],[3.74780598,48.69335053],[3.74923197,48.69501284],[3.75326937,48.69788286]]]]}},{"type":"Feature","properties":{"code":"51152","nom":"Chigny-les-Roses","departement":"51","region":"44"},"geometry":{"type":"MultiPolygon","coordinates":[[[[4.05397685,49.13546087],[4.05452119,49.14119904],[4.05326252,49.14535069],[4.04904974,49.14923046],[4.04666924,49.15501652],[4.04806442,49.15723426],[4.06446074,49.16804554],[4.07332335,49.16641585],[4.06934224,49.15589623],[4.06609909,49.13467072],[4.05397685,49.13546087]]]]}},{"type":"Feature","properties":{"code":"51153","nom":"Chouilly","departement":"51","region":"44"},"geometry":{"type":"MultiPolygon","coordinates":[[[[3.98468586,49.03804619],[3.99297954,49.03795453],[3.99601947,49.037995],[4.00001099,49.03993296],[4.00704121,49.04041017],[4.01020995,49.03982243],[4.03282401,49.03384433],[4.02435397,49.000842],[4.02448875,48.99832017],[4.01396259,48.99602379],[4.00899267,48.99352162],[4.00088725,48.99258951],[3.99338891,48.99458977],[3.98887151,48.99763786],[3.98748707,49.0004433],[3.98708002,49.00635485],[3.98092231,49.01505533],[3.97990168,49.01501601],[3.9803343,49.01569951],[3.97325169,49.02259327],[3.96971906,49.02277113],[3.97181934,49.02335754],[3.97187246,49.02429593],[3.97068853,49.0243082],[3.97559514,49.02651386],[3.97940049,49.02968959],[3.98033536,49.0302413],[3.98523617,49.03309855],[3.98468586,49.03804619]]]]}},{"type":"Feature","properties":{"code":"51154","nom":"Clamanges","departement":"51","region":"44"},"geometry":{"type":"MultiPolygon","coordinates":[[[[4.05403139,48.85345429],[4.07073817,48.8556444],[4.08174681,48.84926661],[4.09043626,48.85102972],[4.09117488,48.8490092],[4.1113379,48.83802336],[4.12069674,48.82982948],[4.12466774,48.81984442],[4.12995867,48.81088822],[4.10739129,48.80509108],[4.08598241,48.81074713],[4.07681888,48.81411658],[4.06788428,48.81442338],[4.0583871,48.81144075],[4.04167607,48.82889073],[4.04303352,48.82939786],[4.04608495,48.83590999],[4.04505228,48.84535925],[4.04089104,48.84995462],[4.05403139,48.85345429]]]]}},{"type":"Feature","properties":{"code":"51155","nom":"Clesles","departement":"51","region":"44"},"geometry":{"type":"MultiPolygon","coordinates":[[[[3.80958809,48.54785764],[3.81063181,48.54919903],[3.8327985,48.54711712],[3.85097628,48.5440422],[3.85986479,48.54375876],[3.86579759,48.54359336],[3.86159178,48.53515851],[3.85449699,48.52813329],[3.84314416,48.52172896],[3.83652563,48.51984422],[3.834333,48.51779049],[3.83173963,48.51854906],[3.82537305,48.51524052],[3.79583399,48.52829579],[3.79342968,48.52890831],[3.78584153,48.52877789],[3.78766084,48.53186502],[3.79812701,48.53986474],[3.8075479,48.54524016],[3.80958809,48.54785764]]]]}},{"type":"Feature","properties":{"code":"51156","nom":"Cloyes-sur-Marne","departement":"51","region":"44"},"geometry":{"type":"MultiPolygon","coordinates":[[[[4.61862606,48.66100269],[4.62610194,48.66632139],[4.63659981,48.66936611],[4.64137961,48.6719175],[4.64394291,48.67611058],[4.65752107,48.67041663],[4.66920919,48.66878887],[4.66497115,48.66537092],[4.66296939,48.6658478],[4.64977883,48.65268628],[4.64777024,48.64944375],[4.64315079,48.64623631],[4.63731841,48.64429322],[4.62705552,48.6519623],[4.62475146,48.6561655],[4.61862606,48.66100269]]]]}},{"type":"Feature","properties":{"code":"51157","nom":"Coizard-Joches","departement":"51","region":"44"},"geometry":{"type":"MultiPolygon","coordinates":[[[[3.88918857,48.82035239],[3.87709887,48.81741518],[3.87156513,48.81382023],[3.865544,48.8075609],[3.86244686,48.80661461],[3.86026623,48.80715558],[3.85139731,48.81322354],[3.84948988,48.8181029],[3.84228439,48.81839491],[3.84350502,48.82817986],[3.84115158,48.83910065],[3.8320204,48.83886501],[3.83077371,48.843224],[3.85068384,48.83961154],[3.85462321,48.8418751],[3.85635403,48.84935908],[3.8589929,48.84873038],[3.86944122,48.84701713],[3.87148564,48.84084416],[3.88794257,48.83124442],[3.89883402,48.82751869],[3.90178681,48.82339517],[3.88918857,48.82035239]]]]}},{"type":"Feature","properties":{"code":"51158","nom":"Val-des-Marais","departement":"51","region":"44"},"geometry":{"type":"MultiPolygon","coordinates":[[[[3.91043351,48.81598776],[3.90766243,48.82665243],[3.91677649,48.83336981],[3.92806149,48.8369937],[3.93580546,48.83811517],[3.93933635,48.84019299],[3.94312742,48.84518719],[3.94385564,48.84890403],[3.95275137,48.86028003],[3.95658794,48.8620347],[3.96397412,48.86774766],[3.9630281,48.87033379],[3.97392245,48.87010624],[3.98280021,48.86813778],[4.00303628,48.85762423],[3.99986991,48.84313175],[3.99444996,48.84016572],[3.98641669,48.84097874],[3.98394124,48.83659564],[3.99355008,48.82869853],[4.01550658,48.81832275],[4.00385957,48.80272874],[4.00106143,48.79179972],[3.99949433,48.79128936],[3.9933175,48.7893243],[3.97338177,48.78338922],[3.95476117,48.80318947],[3.95534822,48.80439001],[3.95077876,48.80917811],[3.93622463,48.81336016],[3.92970018,48.81512716],[3.91043351,48.81598776]]]]}},{"type":"Feature","properties":{"code":"51160","nom":"Compertrix","departement":"51","region":"44"},"geometry":{"type":"MultiPolygon","coordinates":[[[[4.35728105,48.93083589],[4.35517018,48.93092004],[4.35436445,48.93200752],[4.35043708,48.9328451],[4.34350102,48.93189057],[4.30604214,48.91577481],[4.2859935,48.90855461],[4.28211201,48.91233321],[4.28756322,48.91525353],[4.28617536,48.91696289],[4.29237834,48.91907716],[4.29844924,48.91899533],[4.32322018,48.92908979],[4.34190865,48.94207595],[4.34325433,48.94306009],[4.34489828,48.94221782],[4.34849653,48.94297874],[4.35124298,48.94521425],[4.35262035,48.94541187],[4.35461366,48.94545681],[4.35524597,48.94687608],[4.35695521,48.94136962],[4.36124931,48.93803907],[4.361101,48.93727537],[4.35904658,48.93676085],[4.35716045,48.93379985],[4.35728105,48.93083589]]]]}},{"type":"Feature","properties":{"code":"51161","nom":"Condé-sur-Marne","departement":"51","region":"44"},"geometry":{"type":"MultiPolygon","coordinates":[[[[4.21205769,49.05076234],[4.19882994,49.04339431],[4.18751126,49.03435308],[4.1869447,49.02763839],[4.18764811,49.02664402],[4.17573981,49.02362004],[4.17066631,49.02475595],[4.1678004,49.02975326],[4.16185858,49.03001144],[4.16061998,49.02923565],[4.15336849,49.03720831],[4.15872548,49.04907016],[4.16094259,49.05834163],[4.16713502,49.06384888],[4.17462766,49.06555097],[4.18142746,49.06889874],[4.18200376,49.06854327],[4.2008355,49.06072552],[4.20302804,49.0604455],[4.21205769,49.05076234]]]]}},{"type":"Feature","properties":{"code":"51162","nom":"Conflans-sur-Seine","departement":"51","region":"44"},"geometry":{"type":"MultiPolygon","coordinates":[[[[3.68973994,48.56803424],[3.6937056,48.55643896],[3.69930128,48.54508755],[3.70815171,48.53530241],[3.70418946,48.53348086],[3.69651004,48.53558258],[3.68671374,48.53941878],[3.66550534,48.5363728],[3.66305837,48.53611569],[3.6614466,48.53441363],[3.65850957,48.53632719],[3.66747026,48.54558263],[3.67204087,48.55229661],[3.67135455,48.55383068],[3.67370257,48.55602139],[3.68147784,48.5675601],[3.68973994,48.56803424]]]]}},{"type":"Feature","properties":{"code":"51163","nom":"Congy","departement":"51","region":"44"},"geometry":{"type":"MultiPolygon","coordinates":[[[[3.83077371,48.843224],[3.82650077,48.84684572],[3.82049151,48.84919938],[3.80029108,48.85229334],[3.79822084,48.85317776],[3.79530453,48.8636388],[3.78794563,48.86737935],[3.79150158,48.87379077],[3.79364416,48.88331957],[3.80367182,48.89069923],[3.80308787,48.89545975],[3.80115538,48.8991105],[3.79656744,48.90058813],[3.79553078,48.90023528],[3.79582,48.90710783],[3.80149245,48.90815729],[3.80143167,48.90660186],[3.8163193,48.90743303],[3.82548252,48.90472171],[3.82594033,48.89643208],[3.82928979,48.89006229],[3.82493291,48.88570808],[3.82283529,48.88750682],[3.81862808,48.88776769],[3.8120791,48.88452338],[3.81046821,48.88257192],[3.81237485,48.87856859],[3.82092483,48.86857418],[3.83492809,48.86915184],[3.84057084,48.86797465],[3.8468652,48.86178041],[3.84774686,48.85523034],[3.85163549,48.85315755],[3.85717841,48.85150719],[3.85635403,48.84935908],[3.85462321,48.8418751],[3.85068384,48.83961154],[3.83077371,48.843224]]]]}},{"type":"Feature","properties":{"code":"51164","nom":"Connantray-Vaurefroy","departement":"51","region":"44"},"geometry":{"type":"MultiPolygon","coordinates":[[[[4.05800256,48.70696606],[4.06210347,48.71160442],[4.05679379,48.72058283],[4.04836436,48.72880849],[4.03116034,48.73610307],[4.03068279,48.76296484],[4.03191854,48.77034691],[4.04611519,48.7769973],[4.07296868,48.7659259],[4.08639858,48.75652814],[4.0965077,48.75089129],[4.09098984,48.74526154],[4.09092656,48.73598289],[4.09623373,48.73667635],[4.10977597,48.73548261],[4.10228392,48.71850899],[4.09844932,48.71348006],[4.09150692,48.70714277],[4.08823035,48.69867037],[4.07847075,48.70150167],[4.05800256,48.70696606]]]]}},{"type":"Feature","properties":{"code":"51165","nom":"Connantre","departement":"51","region":"44"},"geometry":{"type":"MultiPolygon","coordinates":[[[[3.9053866,48.7652567],[3.91395068,48.76870564],[3.9143949,48.76773263],[3.91647723,48.76303501],[3.92452478,48.76026922],[3.94905149,48.74389269],[3.95665,48.7359463],[3.96383057,48.72485362],[3.94249104,48.7176905],[3.93032299,48.71629193],[3.91464862,48.7116287],[3.90088627,48.71017998],[3.89987736,48.70944551],[3.88538841,48.7203208],[3.87902057,48.72401708],[3.87588089,48.72422636],[3.87587266,48.73111462],[3.87225184,48.74365637],[3.8680067,48.75164395],[3.86843206,48.75178387],[3.87946767,48.75630832],[3.87378238,48.76205619],[3.88448733,48.76618233],[3.89268756,48.76354709],[3.9053866,48.7652567]]]]}},{"type":"Feature","properties":{"code":"51166","nom":"Contault","departement":"51","region":"44"},"geometry":{"type":"MultiPolygon","coordinates":[[[[4.82019263,48.91068358],[4.81475453,48.90689009],[4.80228033,48.90474062],[4.78663026,48.89935585],[4.77734485,48.89752859],[4.77667654,48.90756716],[4.77513848,48.91140207],[4.76721933,48.91690717],[4.7542464,48.92203426],[4.75673339,48.92490676],[4.76059934,48.92814034],[4.76975143,48.93092254],[4.77036217,48.93177973],[4.7962152,48.92494559],[4.81720528,48.91669901],[4.82149996,48.9149328],[4.81928419,48.91432603],[4.82019263,48.91068358]]]]}},{"type":"Feature","properties":{"code":"51167","nom":"Coole","departement":"51","region":"44"},"geometry":{"type":"MultiPolygon","coordinates":[[[[4.40165566,48.71544608],[4.38932156,48.71232309],[4.3727382,48.71529022],[4.35471109,48.71408125],[4.34519885,48.7112536],[4.33362726,48.72084148],[4.35097402,48.73074027],[4.35112895,48.74098707],[4.34727904,48.74443085],[4.35172449,48.74655029],[4.36259316,48.75621462],[4.36943764,48.75958424],[4.3892334,48.76105212],[4.40431711,48.76044752],[4.4212345,48.76268784],[4.42666913,48.7640884],[4.42731407,48.76294277],[4.43613482,48.76124573],[4.44487718,48.75801435],[4.45091253,48.74974173],[4.45212616,48.74872217],[4.45490308,48.74844908],[4.44880062,48.74417751],[4.40814364,48.72743113],[4.40316214,48.72416141],[4.40012373,48.72067619],[4.40165566,48.71544608]]]]}},{"type":"Feature","properties":{"code":"51168","nom":"Coolus","departement":"51","region":"44"},"geometry":{"type":"MultiPolygon","coordinates":[[[[4.28719902,48.89633676],[4.27862023,48.89656178],[4.27211482,48.89963328],[4.26985177,48.90254707],[4.2859935,48.90855461],[4.30604214,48.91577481],[4.34350102,48.93189057],[4.35043708,48.9328451],[4.35436445,48.93200752],[4.35517018,48.93092004],[4.35728105,48.93083589],[4.3586649,48.93045865],[4.36170136,48.92698939],[4.36499463,48.92484463],[4.33975399,48.90777557],[4.32322103,48.90100244],[4.30526852,48.89657468],[4.29633312,48.89694067],[4.2911417,48.89794833],[4.28954007,48.89899001],[4.28719902,48.89633676]]]]}},{"type":"Feature","properties":{"code":"51169","nom":"Corbeil","departement":"51","region":"44"},"geometry":{"type":"MultiPolygon","coordinates":[[[[4.46028923,48.56879845],[4.444784,48.56006368],[4.43111975,48.55513208],[4.42793673,48.55326028],[4.42359047,48.55430565],[4.42020042,48.56793875],[4.41361169,48.57183819],[4.40912813,48.57576001],[4.41303877,48.5847275],[4.42514046,48.59052644],[4.43372881,48.58620291],[4.44409793,48.58489536],[4.44714232,48.58602706],[4.45650931,48.58243911],[4.46313744,48.57797541],[4.46340548,48.57291225],[4.46196453,48.57073291],[4.46028923,48.56879845]]]]}},{"type":"Feature","properties":{"code":"51170","nom":"Corfélix","departement":"51","region":"44"},"geometry":{"type":"MultiPolygon","coordinates":[[[[3.68271249,48.82128232],[3.67434042,48.82403696],[3.67358025,48.84247748],[3.67209014,48.84473787],[3.67501507,48.84479515],[3.69597766,48.84111534],[3.70207817,48.84094659],[3.70488103,48.84226656],[3.72424941,48.83595509],[3.72603516,48.83524455],[3.72878532,48.82449012],[3.70714897,48.81971747],[3.69688513,48.81941168],[3.68271249,48.82128232]]]]}},{"type":"Feature","properties":{"code":"51171","nom":"Cormicy","departement":"51","region":"44"},"geometry":{"type":"MultiPolygon","coordinates":[[[[3.96148098,49.37733728],[3.95498461,49.37513515],[3.94725641,49.37344033],[3.93499111,49.36808198],[3.91875149,49.36292075],[3.90319418,49.35370432],[3.88988946,49.35088144],[3.88811057,49.35145906],[3.88029216,49.35268398],[3.86768054,49.35759796],[3.86382197,49.36558652],[3.86325616,49.36969145],[3.85606211,49.36834477],[3.85966014,49.38179579],[3.8579951,49.38449984],[3.84485655,49.39164152],[3.83959246,49.3910013],[3.83747369,49.39654509],[3.82784869,49.40052061],[3.82349999,49.40040736],[3.82258231,49.40254127],[3.84687268,49.40069546],[3.85624199,49.40130998],[3.86244603,49.40454147],[3.86998318,49.40680844],[3.87928609,49.40482117],[3.89337053,49.3986145],[3.8956794,49.39293795],[3.91068399,49.39561612],[3.92455987,49.40615024],[3.9246711,49.40781954],[3.93197072,49.40286635],[3.93471903,49.39840548],[3.94838292,49.38641014],[3.96148098,49.37733728]]]]}},{"type":"Feature","properties":{"code":"51172","nom":"Cormontreuil","departement":"51","region":"44"},"geometry":{"type":"MultiPolygon","coordinates":[[[[4.06745928,49.22376302],[4.0688639,49.22464427],[4.07270773,49.22399425],[4.07047616,49.22176008],[4.07025887,49.21630093],[4.06542416,49.21099774],[4.05858385,49.20594124],[4.05085011,49.20384839],[4.04653605,49.21063097],[4.04170926,49.21088857],[4.03831472,49.21235552],[4.03075942,49.21378249],[4.0344479,49.2196561],[4.03565489,49.22098357],[4.03569427,49.22103089],[4.03691643,49.21975717],[4.03971315,49.22286908],[4.04260984,49.22602052],[4.04227794,49.22617174],[4.04232939,49.22620456],[4.04735599,49.22916752],[4.04905039,49.22695094],[4.05600457,49.22579604],[4.06513708,49.22378177],[4.06745928,49.22376302]]]]}},{"type":"Feature","properties":{"code":"51173","nom":"Cormoyeux","departement":"51","region":"44"},"geometry":{"type":"MultiPolygon","coordinates":[[[[3.90418732,49.1018957],[3.90179528,49.11340951],[3.90242602,49.11572912],[3.91648837,49.11658669],[3.91891223,49.11561959],[3.92748621,49.10768517],[3.92449279,49.10763538],[3.91783284,49.10904504],[3.91734757,49.10615701],[3.92224345,49.10321974],[3.92382702,49.10340001],[3.90790582,49.10137763],[3.90418732,49.1018957]]]]}},{"type":"Feature","properties":{"code":"51174","nom":"Corribert","departement":"51","region":"44"},"geometry":{"type":"MultiPolygon","coordinates":[[[[3.78644016,48.95023846],[3.78215084,48.93249644],[3.77783625,48.9264704],[3.77305294,48.92419104],[3.76942165,48.92420632],[3.76432783,48.92174423],[3.76043184,48.92156488],[3.75820049,48.92024355],[3.74510582,48.92721168],[3.74112723,48.93265824],[3.74868348,48.93587932],[3.7624413,48.95681616],[3.7758987,48.96795731],[3.77751029,48.96813032],[3.78472081,48.96487745],[3.78644016,48.95023846]]]]}},{"type":"Feature","properties":{"code":"51175","nom":"Corrobert","departement":"51","region":"44"},"geometry":{"type":"MultiPolygon","coordinates":[[[[3.57247956,48.91862104],[3.57474555,48.93920563],[3.58990881,48.94425064],[3.59341015,48.94469019],[3.59412023,48.93717411],[3.60656418,48.93485728],[3.62419826,48.93303202],[3.62889218,48.93483303],[3.63737527,48.92890777],[3.64600991,48.91819678],[3.64425614,48.9139813],[3.64372643,48.91439783],[3.63853722,48.9117097],[3.62641316,48.90228061],[3.6222226,48.9034239],[3.60522831,48.91143026],[3.58291266,48.91799159],[3.57247956,48.91862104]]]]}},{"type":"Feature","properties":{"code":"51176","nom":"Corroy","departement":"51","region":"44"},"geometry":{"type":"MultiPolygon","coordinates":[[[[3.99055964,48.69912747],[3.981709,48.68464641],[3.9772794,48.67856781],[3.9729873,48.67485997],[3.95657433,48.68243996],[3.95116468,48.68585734],[3.94783969,48.68731945],[3.93986999,48.68692288],[3.92895985,48.68518864],[3.92356866,48.70045744],[3.91464862,48.7116287],[3.93032299,48.71629193],[3.94249104,48.7176905],[3.96383057,48.72485362],[3.96653824,48.72577889],[3.96776345,48.72439724],[3.98513149,48.72302282],[3.98408798,48.71886855],[3.98656661,48.71874824],[3.99300319,48.71530643],[3.9957813,48.70979809],[3.9865022,48.70777752],[3.98166925,48.70003842],[3.99055964,48.69912747]],[[3.95094535,48.68858734],[3.95123212,48.68598004],[3.95256782,48.68823077],[3.95094535,48.68858734]]]]}},{"type":"Feature","properties":{"code":"51177","nom":"Coulommes-la-Montagne","departement":"51","region":"44"},"geometry":{"type":"MultiPolygon","coordinates":[[[[3.93687537,49.22972332],[3.91991367,49.22521298],[3.90561588,49.21895046],[3.90151488,49.22060941],[3.89093921,49.21893216],[3.89029046,49.22015429],[3.89113255,49.22306373],[3.89515702,49.22639011],[3.89641838,49.22923165],[3.89694246,49.22857953],[3.92312447,49.23236923],[3.93335099,49.23061556],[3.93443272,49.23121944],[3.93687537,49.22972332]]]]}},{"type":"Feature","properties":{"code":"51178","nom":"Coupetz","departement":"51","region":"44"},"geometry":{"type":"MultiPolygon","coordinates":[[[[4.38428259,48.83920457],[4.3847128,48.83801049],[4.38890381,48.82644046],[4.376727,48.82105574],[4.34720941,48.80530915],[4.34242432,48.80197909],[4.3437165,48.79579402],[4.34579209,48.79196757],[4.33735821,48.78676148],[4.33179012,48.78977944],[4.32989752,48.78981941],[4.31119945,48.8018364],[4.32680546,48.80960576],[4.34248461,48.82029738],[4.3581845,48.82923539],[4.35953934,48.82863354],[4.36092132,48.82896772],[4.38428259,48.83920457]]]]}},{"type":"Feature","properties":{"code":"51179","nom":"Coupéville","departement":"51","region":"44"},"geometry":{"type":"MultiPolygon","coordinates":[[[[4.60842984,48.94439815],[4.61031048,48.9443666],[4.61433908,48.94706469],[4.6236851,48.95000283],[4.62551342,48.94619412],[4.63299594,48.93743617],[4.6411054,48.92392262],[4.63646388,48.90280995],[4.63900589,48.89462589],[4.64205469,48.89155106],[4.64834361,48.89130633],[4.65719492,48.89211152],[4.66136516,48.89177399],[4.667145,48.88986048],[4.67187069,48.88541853],[4.67733716,48.87779073],[4.65226629,48.87272442],[4.63065269,48.86264777],[4.62997116,48.86287024],[4.61992913,48.8689739],[4.61039727,48.87762795],[4.60310147,48.88888309],[4.5992671,48.89820346],[4.59424509,48.90683875],[4.58879695,48.91422105],[4.57689337,48.92517801],[4.57581986,48.92907683],[4.57816458,48.92910713],[4.58820177,48.92557191],[4.59266976,48.92728092],[4.59635251,48.92936989],[4.59800438,48.93679526],[4.60842984,48.94439815]]]]}},{"type":"Feature","properties":{"code":"51181","nom":"Courcelles-Sapicourt","departement":"51","region":"44"},"geometry":{"type":"MultiPolygon","coordinates":[[[[3.85818426,49.27014168],[3.8547622,49.26816386],[3.84875599,49.25897153],[3.84053258,49.25551932],[3.82580229,49.25820125],[3.82546459,49.25838517],[3.8305633,49.26941527],[3.83822251,49.27788401],[3.83894084,49.27972648],[3.84003411,49.2810458],[3.84295791,49.28093641],[3.84250443,49.28211548],[3.84594889,49.28132184],[3.84719402,49.28166551],[3.8449086,49.27795876],[3.85140718,49.27315733],[3.85340576,49.27221094],[3.85526563,49.27243421],[3.85818426,49.27014168]]]]}},{"type":"Feature","properties":{"code":"51182","nom":"Courcemain","departement":"51","region":"44"},"geometry":{"type":"MultiPolygon","coordinates":[[[[3.94924569,48.60320928],[3.93096858,48.60535697],[3.91140185,48.60184348],[3.91125095,48.61039779],[3.90795854,48.62267864],[3.90724413,48.63078102],[3.91803925,48.63167703],[3.93983653,48.62981767],[3.96657531,48.62968466],[3.9554767,48.61650287],[3.95064381,48.60827266],[3.94924569,48.60320928]]]]}},{"type":"Feature","properties":{"code":"51183","nom":"Courcy","departement":"51","region":"44"},"geometry":{"type":"MultiPolygon","coordinates":[[[[3.9800761,49.31465638],[3.96918677,49.32541877],[3.96858549,49.32606546],[3.99098195,49.33579052],[3.9969544,49.33248351],[4.00218682,49.33636784],[4.00313654,49.34644187],[4.00194982,49.3512252],[4.00559145,49.35174871],[4.00708956,49.34615819],[4.03213094,49.3264625],[4.03069703,49.31478696],[4.02876462,49.29772416],[4.02146117,49.29779426],[4.01437242,49.30074704],[4.01069011,49.30316388],[3.99662799,49.29799102],[3.9800761,49.31465638]]]]}},{"type":"Feature","properties":{"code":"51184","nom":"Courdemanges","departement":"51","region":"44"},"geometry":{"type":"MultiPolygon","coordinates":[[[[4.58230936,48.68760166],[4.57659123,48.68438653],[4.56201815,48.67997401],[4.56079824,48.68311621],[4.5435107,48.6863703],[4.53843233,48.68610937],[4.52814778,48.68278975],[4.52530854,48.68102866],[4.5242239,48.67900757],[4.51960276,48.67664116],[4.51121147,48.67343899],[4.50489661,48.67198141],[4.47713833,48.65496846],[4.46922857,48.6553973],[4.45871427,48.65650797],[4.45465573,48.65812743],[4.45266267,48.66004905],[4.44013501,48.67192853],[4.46542642,48.67720514],[4.52635281,48.69720666],[4.53726195,48.69819647],[4.54678414,48.69730958],[4.55920707,48.69959929],[4.57620117,48.70159619],[4.57535163,48.69428897],[4.57636703,48.6924511],[4.58230936,48.68760166]]]]}},{"type":"Feature","properties":{"code":"51185","nom":"Courgivaux","departement":"51","region":"44"},"geometry":{"type":"MultiPolygon","coordinates":[[[[3.47778984,48.69787605],[3.47301813,48.70151179],[3.46926522,48.70229925],[3.46387896,48.70723944],[3.46500299,48.71183577],[3.46799512,48.71722256],[3.4671422,48.72307949],[3.46664057,48.72886215],[3.46872268,48.72892865],[3.48518482,48.72516167],[3.51247735,48.72192742],[3.51355436,48.71850758],[3.51628368,48.71738858],[3.51955597,48.71306421],[3.51975107,48.71095234],[3.50401747,48.70343382],[3.49571361,48.69388573],[3.48980397,48.69380131],[3.47993123,48.69639233],[3.47778984,48.69787605]]]]}},{"type":"Feature","properties":{"code":"51186","nom":"Courjeonnet","departement":"51","region":"44"},"geometry":{"type":"MultiPolygon","coordinates":[[[[3.8178155,48.81301816],[3.8200459,48.81456065],[3.82195416,48.8222689],[3.82119231,48.82855281],[3.81682704,48.83920177],[3.81943836,48.841677],[3.82112343,48.84173649],[3.8320204,48.83886501],[3.84115158,48.83910065],[3.84350502,48.82817986],[3.84228439,48.81839491],[3.83288787,48.81675367],[3.83172079,48.81137975],[3.83295432,48.81093855],[3.8359639,48.81145269],[3.8396388,48.81006523],[3.84024719,48.80717205],[3.83761073,48.80741001],[3.83703711,48.80441809],[3.82000009,48.80913575],[3.81921861,48.81035891],[3.8178155,48.81301816]]]]}},{"type":"Feature","properties":{"code":"51187","nom":"Courlandon","departement":"51","region":"44"},"geometry":{"type":"MultiPolygon","coordinates":[[[[3.73457292,49.32679814],[3.73905834,49.3284572],[3.7436046,49.32639499],[3.74662147,49.322928],[3.75326993,49.30920187],[3.74839969,49.30851208],[3.74268261,49.30915687],[3.72006069,49.31076907],[3.71321177,49.31123762],[3.72304604,49.31963113],[3.73457292,49.32679814]]]]}},{"type":"Feature","properties":{"code":"51188","nom":"Courmas","departement":"51","region":"44"},"geometry":{"type":"MultiPolygon","coordinates":[[[[3.89947894,49.18072778],[3.89545237,49.18176837],[3.89325586,49.18395421],[3.90891001,49.19513243],[3.92298216,49.19924578],[3.92729691,49.1907369],[3.92384606,49.18730908],[3.92237492,49.18365293],[3.9196955,49.18253246],[3.89947894,49.18072778]]]]}},{"type":"Feature","properties":{"code":"51190","nom":"Courtagnon","departement":"51","region":"44"},"geometry":{"type":"MultiPolygon","coordinates":[[[[3.9460699,49.13596738],[3.94018934,49.13277024],[3.93191725,49.1378788],[3.92860898,49.14169157],[3.928453,49.14331122],[3.93347353,49.15017326],[3.93628046,49.15341891],[3.93933801,49.15413687],[3.9414095,49.1520356],[3.94649566,49.15214677],[3.96067883,49.15140232],[3.96609347,49.14795934],[3.96246281,49.1431016],[3.9582507,49.14055646],[3.9460699,49.13596738]]]]}},{"type":"Feature","properties":{"code":"51191","nom":"Courtémont","departement":"51","region":"44"},"geometry":{"type":"MultiPolygon","coordinates":[[[[4.7509171,49.14698062],[4.76563367,49.14674943],[4.82473254,49.15252367],[4.82645645,49.14973933],[4.83065611,49.14901363],[4.83262089,49.14758619],[4.81636158,49.13979731],[4.81029689,49.13977629],[4.79296752,49.13451756],[4.78592703,49.13165543],[4.76700495,49.12140742],[4.75718406,49.12983039],[4.75109924,49.13756861],[4.74128644,49.14431905],[4.73938344,49.14565594],[4.73617168,49.14766188],[4.7509171,49.14698062]]]]}},{"type":"Feature","properties":{"code":"51192","nom":"Courthiézy","departement":"51","region":"44"},"geometry":{"type":"MultiPolygon","coordinates":[[[[3.61690367,49.03647183],[3.61563697,49.03449021],[3.61491414,49.03350389],[3.59575559,49.03443312],[3.58760862,49.03380875],[3.58513424,49.03898761],[3.58665102,49.04152852],[3.58770816,49.05939462],[3.59036392,49.05999484],[3.59830105,49.06365838],[3.60328785,49.06711235],[3.60401426,49.06956073],[3.60742064,49.07191017],[3.60753026,49.06409134],[3.61690367,49.03647183]]]]}},{"type":"Feature","properties":{"code":"51193","nom":"Courtisols","departement":"51","region":"44"},"geometry":{"type":"MultiPolygon","coordinates":[[[[4.4862128,48.92681923],[4.48392199,48.93120802],[4.47975931,48.93425994],[4.47310974,48.93585468],[4.45352718,48.9467913],[4.45279672,48.94816274],[4.45532815,48.94864199],[4.45463898,48.9582253],[4.4535858,48.95929396],[4.46333852,48.96150744],[4.47390847,48.97011283],[4.48427478,48.98940435],[4.48498758,48.99803933],[4.48808675,49.01070347],[4.49222128,49.01856192],[4.4959578,49.01816377],[4.50035206,49.02742344],[4.52059417,49.02662917],[4.53285677,49.03045015],[4.55536794,49.01748603],[4.56356498,49.01838232],[4.56745665,49.01077329],[4.5651353,48.99748564],[4.56834807,48.98084638],[4.57268677,48.96667974],[4.58257734,48.95978333],[4.59677278,48.96089478],[4.60118609,48.94958862],[4.59080494,48.94861154],[4.58379361,48.95675602],[4.57264295,48.95769069],[4.55599739,48.95561977],[4.54027198,48.9554271],[4.53527987,48.94408296],[4.53751519,48.93872883],[4.53179317,48.9359914],[4.5229695,48.93318523],[4.50444857,48.92969107],[4.48690136,48.92473932],[4.4862128,48.92681923]]]]}},{"type":"Feature","properties":{"code":"51194","nom":"Courville","departement":"51","region":"44"},"geometry":{"type":"MultiPolygon","coordinates":[[[[3.70534824,49.2901868],[3.70948487,49.29076847],[3.72438542,49.292682],[3.73227991,49.29197902],[3.73472014,49.28574233],[3.73464148,49.28137103],[3.73087619,49.27330115],[3.70828779,49.24817556],[3.70845157,49.24589739],[3.69371614,49.24971306],[3.69315438,49.25759253],[3.67978807,49.27038406],[3.68654813,49.2729196],[3.6919416,49.27842029],[3.704951,49.28816911],[3.70534824,49.2901868]]]]}},{"type":"Feature","properties":{"code":"51195","nom":"Couvrot","departement":"51","region":"44"},"geometry":{"type":"MultiPolygon","coordinates":[[[[4.548854,48.77219702],[4.54956096,48.7729057],[4.55714442,48.77044843],[4.5631584,48.7711354],[4.57579997,48.77762428],[4.59218396,48.78040528],[4.60160522,48.77488104],[4.60825937,48.7693627],[4.59456669,48.7642145],[4.5914452,48.76185157],[4.58647554,48.75471924],[4.57416162,48.74772423],[4.56388391,48.7560167],[4.55585696,48.76556257],[4.548854,48.77219702]]]]}},{"type":"Feature","properties":{"code":"51196","nom":"Cramant","departement":"51","region":"44"},"geometry":{"type":"MultiPolygon","coordinates":[[[[3.97805074,48.98133986],[3.97608504,48.98703216],[3.98887151,48.99763786],[3.99338891,48.99458977],[4.00088725,48.99258951],[4.00899267,48.99352162],[4.01396259,48.99602379],[4.02448875,48.99832017],[4.02367098,48.98178749],[4.02294489,48.98120195],[4.01645984,48.98263029],[4.01219081,48.98245415],[4.00330021,48.98096228],[3.99618755,48.97782997],[3.98359935,48.97730885],[3.97805074,48.98133986]]]]}},{"type":"Feature","properties":{"code":"51197","nom":"La Croix-en-Champagne","departement":"51","region":"44"},"geometry":{"type":"MultiPolygon","coordinates":[[[[4.70148954,49.06539656],[4.6933245,49.06545525],[4.68628731,49.06100979],[4.68707345,49.05732398],[4.68610184,49.05585008],[4.67661411,49.05206797],[4.66086852,49.04714239],[4.65700557,49.04635394],[4.64650581,49.05388654],[4.6381134,49.0554825],[4.63475212,49.06445787],[4.61600756,49.08625927],[4.61780221,49.08712455],[4.62023141,49.08813864],[4.62946296,49.08604705],[4.6558561,49.08318174],[4.67653661,49.07995063],[4.68434499,49.08110772],[4.69396447,49.08371281],[4.69770098,49.07342558],[4.70131013,49.07069358],[4.70194809,49.06877702],[4.70258509,49.06545658],[4.70148954,49.06539656]]]]}},{"type":"Feature","properties":{"code":"51198","nom":"Crugny","departement":"51","region":"44"},"geometry":{"type":"MultiPolygon","coordinates":[[[[3.76564391,49.27202025],[3.75856903,49.27057259],[3.75391147,49.26491288],[3.75237716,49.25454336],[3.75236441,49.23960886],[3.73728512,49.23822219],[3.73046446,49.23640451],[3.73095644,49.23342663],[3.72624432,49.22675009],[3.71789484,49.22155509],[3.71356044,49.22176333],[3.71443384,49.22716139],[3.71945804,49.23545657],[3.70845157,49.24589739],[3.70828779,49.24817556],[3.73087619,49.27330115],[3.73464148,49.28137103],[3.73966054,49.28055376],[3.75284637,49.27562934],[3.75537016,49.27561267],[3.76330663,49.27553576],[3.76666963,49.27318424],[3.76564391,49.27202025]]]]}},{"type":"Feature","properties":{"code":"51199","nom":"Cuchery","departement":"51","region":"44"},"geometry":{"type":"MultiPolygon","coordinates":[[[[3.83337236,49.11085671],[3.8219144,49.11313308],[3.81241399,49.12570744],[3.80925179,49.13341727],[3.8064987,49.13718423],[3.80964462,49.14031725],[3.82128054,49.14332241],[3.82987567,49.1446499],[3.84050928,49.13888103],[3.83633335,49.12637975],[3.8429057,49.12116919],[3.84753239,49.1139102],[3.83874821,49.11051722],[3.83337236,49.11085671]]]]}},{"type":"Feature","properties":{"code":"51200","nom":"Cuis","departement":"51","region":"44"},"geometry":{"type":"MultiPolygon","coordinates":[[[[3.98887151,48.99763786],[3.97608504,48.98703216],[3.97484289,48.98600808],[3.96498114,48.98354914],[3.95785589,48.98511074],[3.95473197,48.98359967],[3.94545633,48.99112454],[3.94600587,48.99451316],[3.95044989,49.01153709],[3.95037512,49.01238208],[3.97990168,49.01501601],[3.98092231,49.01505533],[3.98708002,49.00635485],[3.98748707,49.0004433],[3.98887151,48.99763786]]]]}},{"type":"Feature","properties":{"code":"51201","nom":"Cuisles","departement":"51","region":"44"},"geometry":{"type":"MultiPolygon","coordinates":[[[[3.79831706,49.13473561],[3.78664225,49.12741803],[3.77273782,49.12349709],[3.7667846,49.12344976],[3.76381794,49.12777189],[3.76129365,49.12950253],[3.75871996,49.13367276],[3.76501334,49.13310783],[3.7701307,49.13602972],[3.77482202,49.13699853],[3.77645419,49.13664005],[3.78228929,49.13593331],[3.79058989,49.13615779],[3.79831706,49.13473561]]]]}},{"type":"Feature","properties":{"code":"51202","nom":"Cumières","departement":"51","region":"44"},"geometry":{"type":"MultiPolygon","coordinates":[[[[3.92073624,49.08096661],[3.92609625,49.08170503],[3.94133348,49.07688117],[3.94009928,49.07229771],[3.93331045,49.07182279],[3.92575701,49.07006123],[3.917627,49.06584877],[3.9119841,49.06152787],[3.90842802,49.06154402],[3.90378424,49.06471098],[3.90563059,49.07492099],[3.92073624,49.08096661]]]]}},{"type":"Feature","properties":{"code":"51203","nom":"Cuperly","departement":"51","region":"44"},"geometry":{"type":"MultiPolygon","coordinates":[[[[4.41029265,49.05264176],[4.42015484,49.06513461],[4.43736983,49.07361437],[4.45530067,49.10140032],[4.46117987,49.10284788],[4.46557667,49.09893831],[4.47500765,49.09751724],[4.48143705,49.09535366],[4.48177384,49.09376948],[4.47639996,49.09211617],[4.48245221,49.08358662],[4.46833753,49.07282541],[4.46426446,49.06658723],[4.46131015,49.04882412],[4.45536347,49.03401889],[4.4539502,49.03356656],[4.45337996,49.03195827],[4.43312491,49.02782652],[4.42894305,49.02848251],[4.42375041,49.03582149],[4.42437088,49.03939161],[4.42480699,49.04207359],[4.42370717,49.04516677],[4.41362482,49.0498966],[4.41029265,49.05264176]]]]}},{"type":"Feature","properties":{"code":"51204","nom":"Damery","departement":"51","region":"44"},"geometry":{"type":"MultiPolygon","coordinates":[[[[3.90791763,49.0880544],[3.91075267,49.08858416],[3.91261394,49.08753508],[3.91821411,49.08378958],[3.92073624,49.08096661],[3.90563059,49.07492099],[3.90378424,49.06471098],[3.89531895,49.05748717],[3.87295163,49.06355235],[3.8699293,49.0621931],[3.85744884,49.06329441],[3.85542467,49.06410553],[3.84951784,49.0676534],[3.85062617,49.07089885],[3.85383616,49.07160263],[3.85650385,49.08023925],[3.85034739,49.09421843],[3.85369205,49.10717331],[3.85785885,49.11076907],[3.86118347,49.11055109],[3.87295756,49.09359062],[3.87491518,49.09259719],[3.8957827,49.08712576],[3.90356353,49.08606134],[3.90791763,49.0880544]]]]}},{"type":"Feature","properties":{"code":"51206","nom":"Dampierre-le-Château","departement":"51","region":"44"},"geometry":{"type":"MultiPolygon","coordinates":[[[[4.75824399,49.01107997],[4.75721619,49.01396055],[4.77360256,49.01768325],[4.78491178,49.01920472],[4.80659322,49.01577466],[4.81213374,49.01568844],[4.82241411,49.02114611],[4.82533565,49.02014653],[4.82814275,49.01663742],[4.82933207,49.01177496],[4.83425455,49.01262984],[4.83190962,49.0055772],[4.83334445,49.00025128],[4.83247947,48.99406101],[4.82993967,48.99370672],[4.82313541,48.99296393],[4.80739067,48.99472312],[4.79147371,48.9977402],[4.77937787,48.99754603],[4.77757239,49.00230649],[4.75824399,49.01107997]]]]}},{"type":"Feature","properties":{"code":"51208","nom":"Dampierre-sur-Moivre","departement":"51","region":"44"},"geometry":{"type":"MultiPolygon","coordinates":[[[[4.55232609,48.90780943],[4.55724042,48.90655926],[4.5628667,48.89753725],[4.56506729,48.89767671],[4.56785599,48.89899752],[4.56934244,48.89802731],[4.56603458,48.89745179],[4.56668874,48.89575223],[4.58324744,48.88163214],[4.60436124,48.87191088],[4.60615134,48.87035503],[4.60948557,48.86604392],[4.61306871,48.85455576],[4.60377922,48.85398443],[4.59659478,48.85475515],[4.5828004,48.86158574],[4.56830419,48.87004113],[4.56386942,48.87392467],[4.55701925,48.88425183],[4.54745431,48.89214185],[4.54010133,48.89235179],[4.53387698,48.89850753],[4.53914385,48.9008451],[4.5430435,48.90385216],[4.55232609,48.90780943]]]]}},{"type":"Feature","properties":{"code":"51210","nom":"Dizy","departement":"51","region":"44"},"geometry":{"type":"MultiPolygon","coordinates":[[[[3.96513006,49.07984954],[3.97124212,49.08022203],[3.98538981,49.07909348],[3.97372916,49.0589203],[3.96896703,49.06006933],[3.96094966,49.06071731],[3.96010734,49.06895724],[3.96133821,49.07533716],[3.96513006,49.07984954]]]]}},{"type":"Feature","properties":{"code":"51211","nom":"Dommartin-Dampierre","departement":"51","region":"44"},"geometry":{"type":"MultiPolygon","coordinates":[[[[4.80783824,49.06390817],[4.8142338,49.06687327],[4.81543398,49.06815744],[4.80794233,49.07867706],[4.81032815,49.08544846],[4.83874282,49.07968654],[4.84613731,49.07922152],[4.84755579,49.07780209],[4.83923374,49.06889904],[4.83777216,49.06083319],[4.83752269,49.05077545],[4.83728886,49.04846126],[4.82333284,49.04345291],[4.82023352,49.04433727],[4.81600076,49.0455211],[4.80777779,49.06362668],[4.80783824,49.06390817]]]]}},{"type":"Feature","properties":{"code":"51212","nom":"Dommartin-Lettrée","departement":"51","region":"44"},"geometry":{"type":"MultiPolygon","coordinates":[[[[4.23235321,48.77470857],[4.25831787,48.78587319],[4.26957153,48.79171237],[4.28028182,48.80138093],[4.28160729,48.80135053],[4.2916502,48.79341597],[4.29883154,48.79608968],[4.29620116,48.7981178],[4.30957508,48.80314047],[4.31119945,48.8018364],[4.32989752,48.78981941],[4.33179012,48.78977944],[4.33735821,48.78676148],[4.32280884,48.78148863],[4.33337178,48.77150175],[4.33490174,48.76837683],[4.32957263,48.76291591],[4.32775539,48.76213555],[4.28597389,48.74368839],[4.27006175,48.73853802],[4.25538748,48.73248019],[4.25295968,48.73234468],[4.25137371,48.73232714],[4.25547066,48.75019638],[4.25728591,48.75123961],[4.23235321,48.77470857]]]]}},{"type":"Feature","properties":{"code":"51213","nom":"Dommartin-sous-Hans","departement":"51","region":"44"},"geometry":{"type":"MultiPolygon","coordinates":[[[[4.76700495,49.12140742],[4.78592703,49.13165543],[4.79296752,49.13451756],[4.81029689,49.13977629],[4.81636158,49.13979731],[4.81920218,49.13579199],[4.81768133,49.1279162],[4.80571443,49.12522127],[4.80643778,49.12199351],[4.80559891,49.1186426],[4.8035866,49.11688312],[4.7943389,49.11297623],[4.78023807,49.10552794],[4.77834901,49.10600287],[4.78388631,49.10820967],[4.78411632,49.1093601],[4.76700495,49.12140742]]]]}},{"type":"Feature","properties":{"code":"51214","nom":"Dommartin-Varimont","departement":"51","region":"44"},"geometry":{"type":"MultiPolygon","coordinates":[[[[4.79847545,48.96272593],[4.79389829,48.9599261],[4.7773666,48.9590165],[4.74869296,48.960343],[4.73182535,48.96027123],[4.71865161,48.96132336],[4.72121121,48.963958],[4.72610807,48.97604267],[4.73072,48.98098157],[4.74039055,48.9867752],[4.76037726,48.99382474],[4.77757239,49.00230649],[4.77937787,48.99754603],[4.79147371,48.9977402],[4.80739067,48.99472312],[4.82313541,48.99296393],[4.82993967,48.99370672],[4.82954549,48.99175103],[4.81754073,48.98373591],[4.80933616,48.97613274],[4.79847545,48.96272593]]]]}},{"type":"Feature","properties":{"code":"51215","nom":"Dompremy","departement":"51","region":"44"},"geometry":{"type":"MultiPolygon","coordinates":[[[[4.72056805,48.74338566],[4.72081097,48.744235],[4.72454678,48.74548554],[4.73004612,48.74481672],[4.74930888,48.73489732],[4.75904234,48.73016159],[4.74945831,48.7274623],[4.74315376,48.72101594],[4.74383136,48.71899352],[4.73737612,48.72239479],[4.72106215,48.73390365],[4.72159022,48.73903112],[4.72056805,48.74338566]]]]}},{"type":"Feature","properties":{"code":"51216","nom":"Dontrien","departement":"51","region":"44"},"geometry":{"type":"MultiPolygon","coordinates":[[[[4.44836617,49.27147215],[4.45466761,49.26586049],[4.44781732,49.26081072],[4.44748963,49.25210393],[4.43859862,49.2397645],[4.43995173,49.23243653],[4.44255309,49.22646385],[4.43638057,49.22635952],[4.42356782,49.22531564],[4.41714656,49.22890157],[4.41048599,49.23129677],[4.35581679,49.22280315],[4.35448829,49.22580231],[4.35536591,49.23100292],[4.35672864,49.23291533],[4.40672404,49.24139036],[4.41711372,49.24819201],[4.42817798,49.25887526],[4.44836617,49.27147215]]]]}},{"type":"Feature","properties":{"code":"51217","nom":"Dormans","departement":"51","region":"44"},"geometry":{"type":"MultiPolygon","coordinates":[[[[3.61690367,49.03647183],[3.60753026,49.06409134],[3.60742064,49.07191017],[3.61125056,49.07358928],[3.61854697,49.07131572],[3.62382599,49.070784],[3.63192368,49.07224061],[3.63861319,49.0770068],[3.63926415,49.08118265],[3.64088798,49.0863109],[3.64604356,49.09038076],[3.64871628,49.09062263],[3.65574082,49.08909012],[3.67816035,49.08543115],[3.68379697,49.08766151],[3.68400317,49.08627293],[3.68014394,49.07948007],[3.67697098,49.0577622],[3.6756622,49.05244998],[3.67332668,49.04916486],[3.67381974,49.04752376],[3.66286927,49.04312828],[3.6623944,49.04064462],[3.66418351,49.03754958],[3.66020762,49.03722441],[3.65724285,49.03854811],[3.64319059,49.04050082],[3.6300887,49.03958744],[3.61690367,49.03647183]]]]}},{"type":"Feature","properties":{"code":"51218","nom":"Val-de-Vière","departement":"51","region":"44"},"geometry":{"type":"MultiPolygon","coordinates":[[[[4.71653174,48.84192848],[4.72592277,48.8468191],[4.72952251,48.84629035],[4.73924114,48.84231376],[4.75255861,48.83489053],[4.76384081,48.83120917],[4.78434097,48.82652321],[4.78607883,48.82403963],[4.78474038,48.82290815],[4.78494904,48.82040781],[4.77921954,48.81151448],[4.7727288,48.80825277],[4.76896256,48.80526976],[4.7608078,48.79454652],[4.75766061,48.79566247],[4.75253051,48.79450267],[4.74936914,48.79264276],[4.74901718,48.79416553],[4.74534266,48.79735162],[4.724677,48.80646303],[4.70647989,48.82341834],[4.71091268,48.82399188],[4.71775742,48.82838253],[4.71870678,48.83734104],[4.71653174,48.84192848]]]]}},{"type":"Feature","properties":{"code":"51219","nom":"Drosnay","departement":"51","region":"44"},"geometry":{"type":"MultiPolygon","coordinates":[[[[4.6668151,48.58259596],[4.66430582,48.58138315],[4.66100874,48.57755857],[4.65804872,48.5668039],[4.65540254,48.56393008],[4.64699893,48.55930149],[4.63534068,48.56112418],[4.62978537,48.55910314],[4.62874369,48.55716137],[4.61297778,48.55667444],[4.60089602,48.55738382],[4.5986667,48.5587706],[4.58617833,48.5629497],[4.57437003,48.56447146],[4.56254432,48.57329617],[4.57154515,48.57405754],[4.58398125,48.57398889],[4.5925308,48.57781913],[4.60479886,48.58830245],[4.6368687,48.59225181],[4.65023272,48.58468862],[4.65798969,48.58387541],[4.66633129,48.58414038],[4.6668151,48.58259596]]]]}},{"type":"Feature","properties":{"code":"51220","nom":"Drouilly","departement":"51","region":"44"},"geometry":{"type":"MultiPolygon","coordinates":[[[[4.53939317,48.77760962],[4.53928137,48.77395796],[4.53608379,48.77254993],[4.51518166,48.76703996],[4.49414356,48.7620408],[4.48267201,48.76137597],[4.48052666,48.76412374],[4.48427272,48.76546435],[4.52578796,48.77472838],[4.53249826,48.77845479],[4.53534647,48.77649227],[4.53939317,48.77760962]]]]}},{"type":"Feature","properties":{"code":"51222","nom":"Éclaires","departement":"51","region":"44"},"geometry":{"type":"MultiPolygon","coordinates":[[[[5.03163731,49.00137871],[5.03326178,48.99782426],[5.03446466,48.99359778],[5.01271587,48.99431364],[5.00666112,48.9930955],[4.99368565,48.98420532],[4.99574993,48.9825132],[4.98797024,48.97491745],[4.97823248,48.96930004],[4.97079532,48.96921292],[4.97008339,48.97072409],[4.95963601,48.97404084],[4.95816003,48.97533864],[4.95806359,48.97985119],[4.95939661,48.98146291],[4.96180259,48.98249757],[4.96804657,48.9809444],[4.97344157,48.9816581],[4.97515509,48.98050282],[4.98445339,48.98072263],[4.99102554,48.98336979],[4.99542125,48.98761975],[4.99150625,48.99327337],[4.9884768,49.00079838],[4.99129826,49.00221865],[4.99269369,49.00512961],[4.98822932,49.01229786],[4.9854305,49.01423579],[5.00121032,49.01397101],[5.00885212,49.01150829],[5.0241909,49.01727981],[5.03527134,49.02256129],[5.03563978,49.02065624],[5.03157098,49.00569472],[5.03163731,49.00137871]]]]}},{"type":"Feature","properties":{"code":"51223","nom":"Écollemont","departement":"51","region":"44"},"geometry":{"type":"MultiPolygon","coordinates":[[[[4.73174439,48.60648805],[4.73087799,48.60978736],[4.72544669,48.61674189],[4.72638337,48.62144375],[4.7412833,48.62251791],[4.74817133,48.62022077],[4.75310662,48.61449702],[4.75028471,48.60960081],[4.73333696,48.60721975],[4.73174439,48.60648805]]]]}},{"type":"Feature","properties":{"code":"51224","nom":"Écriennes","departement":"51","region":"44"},"geometry":{"type":"MultiPolygon","coordinates":[[[[4.66267419,48.69210579],[4.66761492,48.69175791],[4.67162843,48.69675145],[4.67766885,48.70092917],[4.69625406,48.70244852],[4.70218669,48.70406974],[4.70220012,48.70473259],[4.70907344,48.70480434],[4.70556987,48.69682598],[4.70565056,48.68618094],[4.7036588,48.68126665],[4.6959995,48.68308791],[4.67568543,48.6797639],[4.66161623,48.68477307],[4.66172775,48.68883706],[4.66145508,48.69218576],[4.66267419,48.69210579]]]]}},{"type":"Feature","properties":{"code":"51225","nom":"Écueil","departement":"51","region":"44"},"geometry":{"type":"MultiPolygon","coordinates":[[[[3.97193432,49.18290088],[3.94558923,49.17945571],[3.9378597,49.1770409],[3.9359966,49.173209],[3.94009476,49.16833713],[3.94600613,49.16451992],[3.94440638,49.15762091],[3.9402632,49.15435713],[3.93681492,49.15583521],[3.93490217,49.15824266],[3.93641361,49.15835679],[3.93625702,49.15993238],[3.93351191,49.16644805],[3.9281017,49.17097736],[3.91975358,49.17136689],[3.92205558,49.17512016],[3.92860051,49.18082147],[3.9276816,49.18265823],[3.94093894,49.18581554],[3.95658567,49.19169471],[3.97815218,49.20375645],[3.98128898,49.20166393],[3.98499478,49.19927536],[3.97376637,49.18827534],[3.97193432,49.18290088]]]]}},{"type":"Feature","properties":{"code":"51226","nom":"Écury-le-Repos","departement":"51","region":"44"},"geometry":{"type":"MultiPolygon","coordinates":[[[[4.01550658,48.81832275],[4.01826183,48.82062073],[4.02637235,48.82363732],[4.0301823,48.82426023],[4.04167607,48.82889073],[4.0583871,48.81144075],[4.05467198,48.8101586],[4.02854918,48.79561111],[4.00543091,48.78634476],[3.99949433,48.79128936],[4.00106143,48.79179972],[4.00385957,48.80272874],[4.01550658,48.81832275]]]]}},{"type":"Feature","properties":{"code":"51227","nom":"Écury-sur-Coole","departement":"51","region":"44"},"geometry":{"type":"MultiPolygon","coordinates":[[[[4.36499463,48.92484463],[4.37409068,48.91824876],[4.38546078,48.91274023],[4.38683291,48.91020779],[4.3767707,48.9014754],[4.36609699,48.88885549],[4.36801117,48.88410172],[4.35166044,48.87269913],[4.34770708,48.87109683],[4.34633609,48.87244073],[4.34498607,48.87143145],[4.34223748,48.8738719],[4.33583569,48.87126679],[4.31933507,48.88133186],[4.30452799,48.88689246],[4.29461128,48.88913891],[4.28844345,48.8923282],[4.28615108,48.89549628],[4.28719902,48.89633676],[4.28954007,48.89899001],[4.2911417,48.89794833],[4.29633312,48.89694067],[4.30526852,48.89657468],[4.32322103,48.90100244],[4.33975399,48.90777557],[4.36499463,48.92484463]]]]}},{"type":"Feature","properties":{"code":"51228","nom":"Élise-Daucourt","departement":"51","region":"44"},"geometry":{"type":"MultiPolygon","coordinates":[[[[4.9054784,49.0341502],[4.89562753,49.03436638],[4.88277972,49.0357216],[4.86594022,49.03447253],[4.84986597,49.02753397],[4.83003539,49.02443898],[4.82485548,49.02418864],[4.81957145,49.03239957],[4.81813231,49.03247354],[4.81843356,49.0351771],[4.81720977,49.03812231],[4.82023352,49.04433727],[4.82333284,49.04345291],[4.83728886,49.04846126],[4.83752269,49.05077545],[4.84328882,49.05111881],[4.84975824,49.05479775],[4.8561715,49.05699589],[4.86278978,49.05856094],[4.87591253,49.05900161],[4.87790997,49.06075931],[4.88096655,49.05412693],[4.88998044,49.05085368],[4.89411174,49.05100806],[4.89346123,49.04983109],[4.89478416,49.04839994],[4.90391185,49.04689836],[4.90655188,49.04441994],[4.91003539,49.03754331],[4.90799601,49.03502224],[4.9054784,49.0341502]]]]}},{"type":"Feature","properties":{"code":"51229","nom":"Épense","departement":"51","region":"44"},"geometry":{"type":"MultiPolygon","coordinates":[[[[4.82151509,48.95516972],[4.81937626,48.95318107],[4.81084471,48.9583707],[4.80359388,48.96146444],[4.79847545,48.96272593],[4.80933616,48.97613274],[4.81754073,48.98373591],[4.82954549,48.99175103],[4.82993967,48.99370672],[4.83247947,48.99406101],[4.85181606,48.99052157],[4.8669616,48.98950249],[4.86689072,48.98756795],[4.86269781,48.98562733],[4.86092171,48.98281888],[4.86220804,48.98061771],[4.86488622,48.9798889],[4.85893451,48.97960442],[4.84602861,48.9750042],[4.84865061,48.96904888],[4.85438714,48.9696565],[4.85351593,48.96484158],[4.85003141,48.96339416],[4.8489744,48.96543879],[4.844711,48.96567626],[4.82552468,48.95873453],[4.82151509,48.95516972]]]]}},{"type":"Feature","properties":{"code":"51230","nom":"Épernay","departement":"51","region":"44"},"geometry":{"type":"MultiPolygon","coordinates":[[[[3.90758988,49.01972823],[3.90495134,49.01825271],[3.88459011,49.01797283],[3.88151431,49.01872204],[3.87714101,49.02271523],[3.87493296,49.03051691],[3.86626555,49.03174695],[3.86280437,49.03150749],[3.86278432,49.03680228],[3.86410377,49.04064147],[3.86837008,49.04032295],[3.87022393,49.04524804],[3.87306616,49.04718142],[3.88856304,49.0460103],[3.89146565,49.04536294],[3.89377484,49.04298712],[3.90508381,49.0388757],[3.90547772,49.04067928],[3.90893656,49.03886279],[3.91445921,49.03790995],[3.92165017,49.03895473],[3.92713695,49.04190244],[3.92999616,49.04429206],[3.94297515,49.04935153],[3.94298487,49.04935954],[3.94552828,49.05357668],[3.94566157,49.05623642],[3.95017954,49.06027603],[3.95283042,49.05888283],[3.95952209,49.0589204],[3.96130561,49.05769849],[3.96439816,49.04652243],[3.97145374,49.05395433],[3.97372916,49.0589203],[3.98444316,49.05611734],[3.9893601,49.04633201],[3.99363377,49.04155057],[3.99297954,49.03795453],[3.98468586,49.03804619],[3.98523617,49.03309855],[3.98033536,49.0302413],[3.97940049,49.02968959],[3.97559514,49.02651386],[3.97068853,49.0243082],[3.97187246,49.02429593],[3.97181934,49.02335754],[3.96971906,49.02277113],[3.96172477,49.02265558],[3.95172545,49.02534488],[3.94631593,49.02684351],[3.93397388,49.02869906],[3.92919929,49.02583516],[3.92512196,49.02454835],[3.92438372,49.02517092],[3.91470926,49.02516588],[3.90758988,49.01972823]]]]}},{"type":"Feature","properties":{"code":"51231","nom":"L'Épine","departement":"51","region":"44"},"geometry":{"type":"MultiPolygon","coordinates":[[[[4.49222128,49.01856192],[4.48808675,49.01070347],[4.48498758,48.99803933],[4.48427478,48.98940435],[4.47390847,48.97011283],[4.46333852,48.96150744],[4.4535858,48.95929396],[4.4485901,48.96411307],[4.44413611,48.96323953],[4.43984675,48.96332349],[4.43338183,48.96693731],[4.43055821,48.97016021],[4.41907263,48.98093529],[4.4146159,48.98069744],[4.41145134,48.97943694],[4.40130748,48.9919427],[4.39790291,48.99320373],[4.39319156,49.00113948],[4.39540099,49.00187195],[4.40002424,49.0034576],[4.40470365,49.00857502],[4.41345089,49.0113601],[4.41682451,49.00587752],[4.41412757,49.00483012],[4.41468858,49.00364537],[4.41743843,49.00257598],[4.42962932,49.00706569],[4.42967514,49.01141256],[4.43270129,49.01277225],[4.45509191,49.01920659],[4.46528021,49.02370975],[4.46830008,49.02188677],[4.48092047,49.01848602],[4.4876266,49.02924376],[4.49682746,49.02803132],[4.49222128,49.01856192]]]]}},{"type":"Feature","properties":{"code":"51232","nom":"Époye","departement":"51","region":"44"},"geometry":{"type":"MultiPolygon","coordinates":[[[[4.22075434,49.30260637],[4.23037267,49.30636023],[4.23938557,49.30877727],[4.25152222,49.30127455],[4.25935732,49.29795561],[4.25850004,49.29696211],[4.26412866,49.28418703],[4.26047511,49.27498463],[4.26201687,49.2739166],[4.25914001,49.27134113],[4.25296871,49.27046315],[4.23945478,49.26927929],[4.23092803,49.26967855],[4.20347302,49.27459468],[4.197224,49.27733245],[4.19520079,49.28069699],[4.20117713,49.28187116],[4.20520283,49.29143379],[4.20597111,49.29684555],[4.22075434,49.30260637]]]]}},{"type":"Feature","properties":{"code":"51233","nom":"Escardes","departement":"51","region":"44"},"geometry":{"type":"MultiPolygon","coordinates":[[[[3.56391551,48.68285473],[3.54109381,48.67713723],[3.52426951,48.67404172],[3.52186807,48.67129803],[3.50075124,48.67654892],[3.49806019,48.68534628],[3.49512341,48.69096042],[3.49571361,48.69388573],[3.50401747,48.70343382],[3.51975107,48.71095234],[3.5258381,48.70563955],[3.53325915,48.70427541],[3.55213038,48.70436226],[3.55464496,48.69788074],[3.55817787,48.69343527],[3.56391551,48.68285473]]]]}},{"type":"Feature","properties":{"code":"51234","nom":"Esclavolles-Lurey","departement":"51","region":"44"},"geometry":{"type":"MultiPolygon","coordinates":[[[[3.67370257,48.55602139],[3.67135455,48.55383068],[3.67204087,48.55229661],[3.66747026,48.54558263],[3.65850957,48.53632719],[3.65684121,48.53799077],[3.64992774,48.53891846],[3.6436964,48.53639301],[3.64303769,48.53735734],[3.63844269,48.53890782],[3.63374618,48.54194477],[3.6312801,48.55608588],[3.63171465,48.56661941],[3.6332633,48.56915247],[3.63122191,48.57162184],[3.64425909,48.57270971],[3.65611218,48.57142512],[3.67168247,48.55964643],[3.67370257,48.55602139]]]]}},{"type":"Feature","properties":{"code":"51235","nom":"Les Essarts-lès-Sézanne","departement":"51","region":"44"},"geometry":{"type":"MultiPolygon","coordinates":[[[[3.60376194,48.77878261],[3.60520223,48.78727202],[3.62166785,48.78363394],[3.64377918,48.77890197],[3.66000629,48.77844827],[3.6629924,48.77643773],[3.65753328,48.77173067],[3.65871296,48.76924626],[3.66044908,48.76838043],[3.66454252,48.7688596],[3.66982045,48.76748099],[3.67810917,48.75783821],[3.68154023,48.75337547],[3.67919552,48.74754608],[3.67437556,48.74524475],[3.66204895,48.74690754],[3.6424805,48.74670414],[3.63465607,48.74390736],[3.63036765,48.75491667],[3.61100745,48.76496134],[3.60399528,48.76272866],[3.59689844,48.76862406],[3.60234909,48.77027321],[3.60376194,48.77878261]]]]}},{"type":"Feature","properties":{"code":"51236","nom":"Les Essarts-le-Vicomte","departement":"51","region":"44"},"geometry":{"type":"MultiPolygon","coordinates":[[[[3.52186807,48.67129803],[3.52426951,48.67404172],[3.54109381,48.67713723],[3.56391551,48.68285473],[3.56744007,48.68343796],[3.57319145,48.68243632],[3.57461411,48.68062151],[3.57407384,48.67954023],[3.57172786,48.67852879],[3.57228955,48.67809884],[3.57138014,48.67231411],[3.57587008,48.66577749],[3.57814078,48.6553539],[3.57474347,48.65099245],[3.5690195,48.64820267],[3.56347824,48.64770009],[3.5402291,48.64812978],[3.53953835,48.64907199],[3.54017373,48.6499983],[3.52994472,48.66018517],[3.52161921,48.67058403],[3.52186807,48.67129803]]]]}},{"type":"Feature","properties":{"code":"51237","nom":"Esternay","departement":"51","region":"44"},"geometry":{"type":"MultiPolygon","coordinates":[[[[3.51628368,48.71738858],[3.51824546,48.72358897],[3.52337999,48.72452987],[3.5295725,48.72346909],[3.53160354,48.72895027],[3.530269,48.74105994],[3.53410528,48.74784163],[3.55859117,48.75334472],[3.57233487,48.7533435],[3.59043435,48.75589609],[3.59948032,48.75554162],[3.59616055,48.75036044],[3.59580728,48.74181038],[3.59912387,48.72756099],[3.60265499,48.72464519],[3.60561373,48.7231641],[3.60801466,48.72306015],[3.61265106,48.72427948],[3.6298571,48.72229297],[3.64752012,48.71691861],[3.65159988,48.71750624],[3.64630045,48.70996337],[3.63677263,48.70077795],[3.63224685,48.69925493],[3.62575018,48.69867665],[3.61532094,48.69864455],[3.60951733,48.70177842],[3.60501227,48.70632658],[3.5800215,48.7233434],[3.56695016,48.71993613],[3.55528787,48.71222508],[3.55224426,48.70883745],[3.55213038,48.70436226],[3.53325915,48.70427541],[3.5258381,48.70563955],[3.51975107,48.71095234],[3.51955597,48.71306421],[3.51628368,48.71738858]]]]}},{"type":"Feature","properties":{"code":"51238","nom":"Étoges","departement":"51","region":"44"},"geometry":{"type":"MultiPolygon","coordinates":[[[[3.85121214,48.91984458],[3.85076151,48.91465149],[3.86155319,48.90615933],[3.87428795,48.89304369],[3.87529819,48.89180151],[3.87256796,48.88660971],[3.8725141,48.88054666],[3.87988025,48.86908614],[3.88810955,48.8658335],[3.884618,48.86444734],[3.8714163,48.86342718],[3.86379485,48.86243467],[3.86295755,48.86866793],[3.85797317,48.87204759],[3.8495633,48.87602249],[3.84580668,48.87684682],[3.8324709,48.88489866],[3.82928979,48.89006229],[3.82594033,48.89643208],[3.82548252,48.90472171],[3.83213534,48.90964087],[3.83749292,48.91912288],[3.84163667,48.92010198],[3.85121214,48.91984458]]]]}},{"type":"Feature","properties":{"code":"51239","nom":"Étréchy","departement":"51","region":"44"},"geometry":{"type":"MultiPolygon","coordinates":[[[[3.93515339,48.89350568],[3.94399024,48.89214217],[3.94910705,48.89330686],[3.95097363,48.89812428],[3.95932242,48.90267586],[3.96755942,48.88946551],[3.96163433,48.88699953],[3.9605877,48.88142197],[3.9630281,48.87033379],[3.96397412,48.86774766],[3.95658794,48.8620347],[3.95275137,48.86028003],[3.94557368,48.87081022],[3.938488,48.87639172],[3.9299588,48.88522079],[3.92791543,48.89016692],[3.93515339,48.89350568]]]]}},{"type":"Feature","properties":{"code":"51240","nom":"Étrepy","departement":"51","region":"44"},"geometry":{"type":"MultiPolygon","coordinates":[[[[4.80676006,48.78143422],[4.81417985,48.77926524],[4.82096386,48.77422399],[4.82044566,48.76869468],[4.82409363,48.76240455],[4.82782591,48.76037368],[4.82930633,48.75835291],[4.82975869,48.75600241],[4.82879879,48.75326511],[4.82719542,48.74978734],[4.82447599,48.7483895],[4.814967,48.74773465],[4.80776325,48.74650438],[4.80345245,48.74725871],[4.79660846,48.75180792],[4.79302757,48.75600547],[4.79328848,48.76752129],[4.79734517,48.7762883],[4.80676006,48.78143422]]]]}},{"type":"Feature","properties":{"code":"51241","nom":"Euvy","departement":"51","region":"44"},"geometry":{"type":"MultiPolygon","coordinates":[[[[4.05800256,48.70696606],[4.03368677,48.71417564],[4.02645128,48.71050784],[4.02484864,48.70211474],[4.01050975,48.69970403],[4.00239792,48.70442387],[3.99331381,48.7018292],[3.99055964,48.69912747],[3.98166925,48.70003842],[3.9865022,48.70777752],[3.9957813,48.70979809],[3.99300319,48.71530643],[3.98656661,48.71874824],[3.98408798,48.71886855],[3.98513149,48.72302282],[3.9851853,48.72789494],[3.99166198,48.7290799],[4.01375596,48.73072926],[4.03116034,48.73610307],[4.04836436,48.72880849],[4.05679379,48.72058283],[4.06210347,48.71160442],[4.05800256,48.70696606]]]]}},{"type":"Feature","properties":{"code":"51242","nom":"Fagnières","departement":"51","region":"44"},"geometry":{"type":"MultiPolygon","coordinates":[[[[4.2835413,48.91606567],[4.28047751,48.92554022],[4.27022055,48.93605158],[4.27291576,48.94460386],[4.28615016,48.94774528],[4.29748482,48.96120889],[4.30095899,48.95949844],[4.31572038,48.9714319],[4.31513443,48.97310932],[4.30892689,48.97832329],[4.31333903,48.97861231],[4.31296913,48.97808575],[4.31907493,48.97873104],[4.33126078,48.97537045],[4.34200379,48.96486495],[4.34047236,48.96432627],[4.33431451,48.95712809],[4.33113824,48.95468924],[4.32994793,48.95433641],[4.3397541,48.94705563],[4.33646041,48.94539977],[4.34190865,48.94207595],[4.32322018,48.92908979],[4.29844924,48.91899533],[4.29237834,48.91907716],[4.28617536,48.91696289],[4.2835413,48.91606567]]]]}},{"type":"Feature","properties":{"code":"51243","nom":"Faux-Fresnay","departement":"51","region":"44"},"geometry":{"type":"MultiPolygon","coordinates":[[[[4.00122304,48.66395315],[3.99739595,48.65895138],[3.98922339,48.65652595],[3.98471747,48.65338156],[3.97675469,48.63106252],[3.9768536,48.62887306],[3.98044947,48.62943454],[3.97785991,48.62578828],[3.97012334,48.62715592],[3.96857238,48.63163489],[3.96657531,48.62968466],[3.93983653,48.62981767],[3.91803925,48.63167703],[3.90724413,48.63078102],[3.90213674,48.6304285],[3.90242771,48.63187728],[3.90235366,48.63726436],[3.90046087,48.64013835],[3.9076822,48.64618068],[3.92151336,48.66173012],[3.92060297,48.66223639],[3.92755736,48.67015233],[3.93777351,48.67661017],[3.94812622,48.68169427],[3.9514142,48.68404102],[3.95116468,48.68585734],[3.95657433,48.68243996],[3.9729873,48.67485997],[3.97223571,48.67432278],[3.98198752,48.66793981],[4.00122304,48.66395315]]]]}},{"type":"Feature","properties":{"code":"51244","nom":"Faux-Vésigneul","departement":"51","region":"44"},"geometry":{"type":"MultiPolygon","coordinates":[[[[4.34727904,48.74443085],[4.3402709,48.7521432],[4.32775539,48.76213555],[4.32957263,48.76291591],[4.33490174,48.76837683],[4.33337178,48.77150175],[4.32280884,48.78148863],[4.33735821,48.78676148],[4.34579209,48.79196757],[4.3437165,48.79579402],[4.34242432,48.80197909],[4.34720941,48.80530915],[4.376727,48.82105574],[4.38890381,48.82644046],[4.39304381,48.81491661],[4.39740683,48.80319558],[4.41920988,48.79151396],[4.4202323,48.79046377],[4.4301692,48.78764038],[4.44136327,48.77783593],[4.44652617,48.77136972],[4.42666913,48.7640884],[4.4212345,48.76268784],[4.40431711,48.76044752],[4.3892334,48.76105212],[4.36943764,48.75958424],[4.36259316,48.75621462],[4.35172449,48.74655029],[4.34727904,48.74443085]]]]}},{"type":"Feature","properties":{"code":"51245","nom":"Faverolles-et-Coëmy","departement":"51","region":"44"},"geometry":{"type":"MultiPolygon","coordinates":[[[[3.78084036,49.23372525],[3.78736073,49.24061082],[3.79357784,49.24426689],[3.79848478,49.24634992],[3.81194716,49.24883666],[3.81370324,49.24453825],[3.81169153,49.24007821],[3.81209356,49.23236803],[3.8048069,49.22913537],[3.80284478,49.22893089],[3.79970037,49.23056737],[3.79440529,49.22939585],[3.78181005,49.21695533],[3.76085511,49.22457401],[3.76249015,49.22617207],[3.76905237,49.22622389],[3.78084036,49.23372525]]]]}},{"type":"Feature","properties":{"code":"51246","nom":"Favresse","departement":"51","region":"44"},"geometry":{"type":"MultiPolygon","coordinates":[[[[4.74360874,48.70438009],[4.70907344,48.70480434],[4.70220012,48.70473259],[4.7007972,48.70476879],[4.70126294,48.71022301],[4.70567921,48.71504232],[4.70644209,48.71683789],[4.68600324,48.72014494],[4.68566939,48.72450388],[4.68746327,48.72455769],[4.68742164,48.72739391],[4.68614949,48.72960429],[4.69046665,48.73538808],[4.69208656,48.73320872],[4.70269255,48.73039858],[4.72106215,48.73390365],[4.73737612,48.72239479],[4.74383136,48.71899352],[4.74482712,48.71172237],[4.74360874,48.70438009]]]]}},{"type":"Feature","properties":{"code":"51247","nom":"Fèrebrianges","departement":"51","region":"44"},"geometry":{"type":"MultiPolygon","coordinates":[[[[3.85717841,48.85150719],[3.85163549,48.85315755],[3.84774686,48.85523034],[3.8468652,48.86178041],[3.84057084,48.86797465],[3.83492809,48.86915184],[3.82092483,48.86857418],[3.81237485,48.87856859],[3.81046821,48.88257192],[3.8120791,48.88452338],[3.81862808,48.88776769],[3.82283529,48.88750682],[3.82493291,48.88570808],[3.82928979,48.89006229],[3.8324709,48.88489866],[3.84580668,48.87684682],[3.8495633,48.87602249],[3.85797317,48.87204759],[3.86295755,48.86866793],[3.86379485,48.86243467],[3.8714163,48.86342718],[3.87286961,48.86083539],[3.86362839,48.85708011],[3.85717841,48.85150719]]]]}},{"type":"Feature","properties":{"code":"51248","nom":"Fère-Champenoise","departement":"51","region":"44"},"geometry":{"type":"MultiPolygon","coordinates":[[[[3.99949433,48.79128936],[4.00543091,48.78634476],[4.02854918,48.79561111],[4.05467198,48.8101586],[4.0583871,48.81144075],[4.06788428,48.81442338],[4.07681888,48.81411658],[4.08598241,48.81074713],[4.10739129,48.80509108],[4.12995867,48.81088822],[4.13207663,48.80851882],[4.1355921,48.80786485],[4.13780768,48.80624275],[4.12670542,48.80030627],[4.1016873,48.78942939],[4.0932623,48.78149704],[4.07793461,48.7706493],[4.07296868,48.7659259],[4.04611519,48.7769973],[4.03191854,48.77034691],[4.03068279,48.76296484],[4.03116034,48.73610307],[4.01375596,48.73072926],[3.99166198,48.7290799],[3.9851853,48.72789494],[3.98513149,48.72302282],[3.96776345,48.72439724],[3.96653824,48.72577889],[3.96383057,48.72485362],[3.95665,48.7359463],[3.94905149,48.74389269],[3.92452478,48.76026922],[3.91647723,48.76303501],[3.9143949,48.76773263],[3.94209212,48.77374341],[3.97338177,48.78338922],[3.9933175,48.7893243],[3.99949433,48.79128936]]]]}},{"type":"Feature","properties":{"code":"51249","nom":"Festigny","departement":"51","region":"44"},"geometry":{"type":"MultiPolygon","coordinates":[[[[3.72537036,49.05589537],[3.7521574,49.05538717],[3.75389408,49.05749119],[3.76819492,49.05888877],[3.77249294,49.05624365],[3.7751674,49.05328875],[3.77577008,49.05031569],[3.77311167,49.04570283],[3.77119063,49.03618716],[3.77489899,49.03146398],[3.78025398,49.03071623],[3.7852543,49.03229683],[3.79204083,49.03619533],[3.80166834,49.03817537],[3.8085794,49.03922608],[3.81188376,49.0288115],[3.80834225,49.0245236],[3.80699422,49.01828931],[3.8064737,49.00017671],[3.78149055,48.99584936],[3.77982845,48.99828724],[3.759903,49.01392873],[3.74779042,49.01571243],[3.73973051,49.01767682],[3.73280402,49.02414065],[3.72562157,49.02757882],[3.72278975,49.03387511],[3.72621588,49.03780736],[3.72838673,49.04747953],[3.72332969,49.05515685],[3.72537036,49.05589537]]]]}},{"type":"Feature","properties":{"code":"51250","nom":"Fismes","departement":"51","region":"44"},"geometry":{"type":"MultiPolygon","coordinates":[[[[3.71886603,49.29952293],[3.71318278,49.29619987],[3.70948487,49.29076847],[3.70534824,49.2901868],[3.69975303,49.29159839],[3.68697174,49.29186239],[3.67006913,49.29069703],[3.6605246,49.28676627],[3.65899507,49.28677013],[3.65762912,49.28710031],[3.65731758,49.29102154],[3.65594669,49.29108114],[3.64280187,49.29604134],[3.63822437,49.30124186],[3.64362026,49.30303362],[3.64381576,49.30834902],[3.64759713,49.31595371],[3.65407801,49.31640602],[3.66170183,49.31879975],[3.66527052,49.32073715],[3.66939227,49.32510932],[3.68747669,49.32711128],[3.6893101,49.32711522],[3.69187421,49.32950793],[3.69327118,49.3287565],[3.69674379,49.32629049],[3.69768236,49.31870335],[3.70043974,49.31385642],[3.71079625,49.31065675],[3.71321177,49.31123762],[3.72006069,49.31076907],[3.72040392,49.30964871],[3.71886603,49.29952293]]]]}},{"type":"Feature","properties":{"code":"51251","nom":"Flavigny","departement":"51","region":"44"},"geometry":{"type":"MultiPolygon","coordinates":[[[[4.07709573,48.97434379],[4.07308639,48.97322681],[4.08573429,48.96214765],[4.06744636,48.95415771],[4.05400571,48.966921],[4.04528003,48.97172772],[4.04243071,48.9711248],[4.04158851,48.97320142],[4.03898019,48.97508919],[4.03838027,48.97795146],[4.03933627,48.97814013],[4.04802225,48.97982089],[4.04491098,48.98557924],[4.04516402,48.99354114],[4.04857923,48.99320648],[4.06623241,48.99305181],[4.07175463,48.98833978],[4.07710715,48.98175125],[4.07484876,48.97713111],[4.07709573,48.97434379]]]]}},{"type":"Feature","properties":{"code":"51252","nom":"Fleury-la-Rivière","departement":"51","region":"44"},"geometry":{"type":"MultiPolygon","coordinates":[[[[3.90418732,49.1018957],[3.90351585,49.10124075],[3.90592097,49.09170486],[3.90791763,49.0880544],[3.90356353,49.08606134],[3.8957827,49.08712576],[3.87491518,49.09259719],[3.87295756,49.09359062],[3.86118347,49.11055109],[3.86051272,49.11420378],[3.8644076,49.11654603],[3.8683768,49.11635379],[3.86941624,49.11584995],[3.88875461,49.1161537],[3.89103248,49.11551014],[3.8961918,49.11610662],[3.90242602,49.11572912],[3.90179528,49.11340951],[3.90418732,49.1018957]]]]}},{"type":"Feature","properties":{"code":"51253","nom":"Florent-en-Argonne","departement":"51","region":"44"},"geometry":{"type":"MultiPolygon","coordinates":[[[[4.92907697,49.15602089],[4.94301242,49.15620864],[4.95237247,49.15810857],[4.95660821,49.16155531],[4.9531269,49.16927505],[4.95279958,49.17096031],[4.95373032,49.17119972],[4.96447122,49.15471906],[4.96585534,49.14852333],[4.97184438,49.1367274],[4.97523821,49.13298973],[4.97902196,49.1285656],[4.97408636,49.12696847],[4.94582666,49.12137706],[4.93776077,49.11319169],[4.93208652,49.1257725],[4.93079089,49.1267853],[4.92671431,49.12653678],[4.92596435,49.13544882],[4.92870374,49.14629513],[4.92907697,49.15602089]]]]}},{"type":"Feature","properties":{"code":"51254","nom":"Fontaine-Denis-Nuisy","departement":"51","region":"44"},"geometry":{"type":"MultiPolygon","coordinates":[[[[3.63563234,48.66411106],[3.65082352,48.6417545],[3.66915791,48.63534549],[3.67922762,48.63499256],[3.6957981,48.63822068],[3.71279349,48.63641831],[3.72285896,48.63448394],[3.70706276,48.62673032],[3.71003781,48.62307309],[3.71917109,48.61904232],[3.72446002,48.6122007],[3.726206,48.61210731],[3.72428203,48.60825726],[3.72070151,48.60859563],[3.71474637,48.6078876],[3.70822759,48.60932085],[3.697379,48.61650478],[3.68916309,48.6195076],[3.65377641,48.62812044],[3.64299597,48.6331544],[3.63722191,48.63497458],[3.63396896,48.63330713],[3.62665943,48.63715078],[3.63563234,48.66411106]]]]}},{"type":"Feature","properties":{"code":"51255","nom":"Fontaine-en-Dormois","departement":"51","region":"44"},"geometry":{"type":"MultiPolygon","coordinates":[[[[4.74470496,49.24148495],[4.74194839,49.24107071],[4.73605664,49.23452581],[4.74155237,49.23172103],[4.73210378,49.23265566],[4.71634883,49.23212565],[4.70514945,49.2331559],[4.69933922,49.23476928],[4.6966558,49.23693728],[4.69476932,49.24025667],[4.7060851,49.24340884],[4.71763254,49.24919129],[4.71820669,49.25080256],[4.72678693,49.25230396],[4.72981867,49.2516095],[4.74470496,49.24148495]]]]}},{"type":"Feature","properties":{"code":"51256","nom":"Fontaine-sur-Ay","departement":"51","region":"44"},"geometry":{"type":"MultiPolygon","coordinates":[[[[4.04756276,49.09787002],[4.04700179,49.09843511],[4.05146248,49.10798966],[4.0594334,49.11615356],[4.0679921,49.11236334],[4.07315125,49.10651044],[4.08060409,49.08671341],[4.08404811,49.06946235],[4.07991626,49.06900048],[4.07576723,49.06671679],[4.05300871,49.08890507],[4.04756276,49.09787002]]]]}},{"type":"Feature","properties":{"code":"51258","nom":"La Forestière","departement":"51","region":"44"},"geometry":{"type":"MultiPolygon","coordinates":[[[[3.57293247,48.6317759],[3.5690195,48.64820267],[3.57474347,48.65099245],[3.57814078,48.6553539],[3.57587008,48.66577749],[3.57138014,48.67231411],[3.57228955,48.67809884],[3.58685983,48.68004647],[3.59650485,48.67977104],[3.60269467,48.68094792],[3.60759863,48.68296306],[3.63287984,48.68599416],[3.64232249,48.68819238],[3.64423808,48.68863719],[3.63563234,48.66411106],[3.62665943,48.63715078],[3.62385286,48.638871],[3.60975848,48.63939912],[3.60779173,48.63717297],[3.60376387,48.63649632],[3.59694636,48.63991736],[3.5942109,48.63724058],[3.58071497,48.63089536],[3.57293247,48.6317759]]]]}},{"type":"Feature","properties":{"code":"51259","nom":"Francheville","departement":"51","region":"44"},"geometry":{"type":"MultiPolygon","coordinates":[[[[4.51166504,48.88495004],[4.51250997,48.88657009],[4.52434101,48.89459614],[4.53387698,48.89850753],[4.54010133,48.89235179],[4.54745431,48.89214185],[4.55701925,48.88425183],[4.56386942,48.87392467],[4.56830419,48.87004113],[4.5595936,48.86733686],[4.56029363,48.86644624],[4.54716298,48.8606738],[4.54096211,48.86493283],[4.5360284,48.86198388],[4.53157711,48.8655948],[4.52916036,48.86612312],[4.5260787,48.8728105],[4.52186334,48.87857673],[4.51731639,48.88212258],[4.51166504,48.88495004]]]]}},{"type":"Feature","properties":{"code":"51260","nom":"Le Fresne","departement":"51","region":"44"},"geometry":{"type":"MultiPolygon","coordinates":[[[[4.70705873,48.92122009],[4.70581241,48.91834242],[4.69393408,48.90516894],[4.69463346,48.89974501],[4.69812344,48.89255267],[4.69942146,48.88726767],[4.6899643,48.8811158],[4.67733716,48.87779073],[4.67187069,48.88541853],[4.667145,48.88986048],[4.66136516,48.89177399],[4.65719492,48.89211152],[4.64834361,48.89130633],[4.64205469,48.89155106],[4.63900589,48.89462589],[4.63646388,48.90280995],[4.6411054,48.92392262],[4.63299594,48.93743617],[4.62551342,48.94619412],[4.63511402,48.94826626],[4.64508612,48.93365232],[4.64260565,48.9317966],[4.6564766,48.91738064],[4.65993759,48.91699274],[4.68474437,48.9182358],[4.70162082,48.92104829],[4.70705873,48.92122009]]]]}},{"type":"Feature","properties":{"code":"51262","nom":"Frignicourt","departement":"51","region":"44"},"geometry":{"type":"MultiPolygon","coordinates":[[[[4.62109626,48.70875648],[4.62163132,48.70716316],[4.61230569,48.6917997],[4.61116743,48.68749502],[4.60086884,48.68605666],[4.588966,48.68335861],[4.58412205,48.68540857],[4.58230936,48.68760166],[4.57636703,48.6924511],[4.57535163,48.69428897],[4.57620117,48.70159619],[4.57705532,48.70202212],[4.57342159,48.70565239],[4.56805384,48.70831847],[4.56673084,48.71533124],[4.56819197,48.71672533],[4.57075479,48.7167303],[4.57343741,48.71647005],[4.57491465,48.71478358],[4.57864483,48.71320314],[4.58001384,48.71338563],[4.59601371,48.71465793],[4.60248306,48.71491307],[4.6175246,48.7125528],[4.62109626,48.70875648]]]]}},{"type":"Feature","properties":{"code":"51263","nom":"Fromentières","departement":"51","region":"44"},"geometry":{"type":"MultiPolygon","coordinates":[[[[3.71556877,48.87698388],[3.71273761,48.86757564],[3.70926362,48.86613843],[3.70781624,48.86686468],[3.70534127,48.87144078],[3.70733186,48.87526563],[3.70657086,48.87675763],[3.68797606,48.88100109],[3.68015355,48.88624573],[3.68058542,48.89174267],[3.68563791,48.90650766],[3.69306536,48.90470136],[3.72236479,48.90080685],[3.72398537,48.90012257],[3.73255231,48.89056098],[3.73131776,48.88597743],[3.72570415,48.88662133],[3.72023752,48.88399951],[3.71692038,48.88067838],[3.71556877,48.87698388]]]]}},{"type":"Feature","properties":{"code":"51264","nom":"Le Gault-Soigny","departement":"51","region":"44"},"geometry":{"type":"MultiPolygon","coordinates":[[[[3.61334248,48.83376829],[3.61760599,48.83486966],[3.62648609,48.83375593],[3.63377584,48.82926654],[3.64171904,48.82916573],[3.64465393,48.82217079],[3.64189104,48.80861755],[3.64516293,48.79627103],[3.62387336,48.79325056],[3.62166785,48.78363394],[3.60520223,48.78727202],[3.57175889,48.79502313],[3.57140733,48.7917609],[3.5610599,48.79270393],[3.5588986,48.79553365],[3.55959809,48.80502972],[3.55808119,48.81341815],[3.55586587,48.81625791],[3.56309731,48.82217973],[3.56304807,48.82392654],[3.56117393,48.82443809],[3.56613577,48.82592385],[3.56966316,48.82986701],[3.5760563,48.82520374],[3.58066519,48.82528488],[3.5839513,48.82899677],[3.58616082,48.82996897],[3.61386556,48.8293677],[3.61435753,48.83181325],[3.61334248,48.83376829]]]]}},{"type":"Feature","properties":{"code":"51265","nom":"Gaye","departement":"51","region":"44"},"geometry":{"type":"MultiPolygon","coordinates":[[[[3.8182,48.65463393],[3.80327774,48.65216909],[3.79618481,48.65569336],[3.79239981,48.6545492],[3.77037858,48.6722827],[3.77272347,48.67361858],[3.77526757,48.68829184],[3.77693873,48.68830075],[3.7923225,48.69865796],[3.79179535,48.70512158],[3.79387222,48.70755797],[3.80225377,48.70526759],[3.83371047,48.69911255],[3.84077959,48.69871213],[3.83962627,48.69188136],[3.84104526,48.68608845],[3.84102256,48.68003222],[3.84101354,48.67398217],[3.83478702,48.67437494],[3.8310145,48.67278846],[3.8182,48.65463393]]]]}},{"type":"Feature","properties":{"code":"51266","nom":"Germaine","departement":"51","region":"44"},"geometry":{"type":"MultiPolygon","coordinates":[[[[4.01400684,49.0921196],[4.01265813,49.09989909],[4.01391235,49.10528364],[4.01895681,49.10969646],[4.01864522,49.11279858],[4.01317774,49.12081234],[4.0069941,49.12703165],[4.00533071,49.12745109],[3.99699108,49.13031418],[3.99691782,49.13334315],[3.99949241,49.13660281],[4.00444953,49.13733661],[4.01284536,49.13618995],[4.02288734,49.13348486],[4.02910887,49.13971603],[4.03436052,49.13855335],[4.03982673,49.13826078],[4.04399065,49.13897103],[4.04765499,49.13848691],[4.05397685,49.13546087],[4.05305016,49.12917392],[4.05517619,49.12740101],[4.05838616,49.12624885],[4.06056863,49.12175893],[4.0594334,49.11615356],[4.05146248,49.10798966],[4.04700179,49.09843511],[4.04756276,49.09787002],[4.04537172,49.0969827],[4.02429886,49.09495294],[4.01473984,49.09228426],[4.01400684,49.0921196]]]]}},{"type":"Feature","properties":{"code":"51267","nom":"Germigny","departement":"51","region":"44"},"geometry":{"type":"MultiPolygon","coordinates":[[[[3.85566209,49.23788534],[3.85146773,49.23806427],[3.8492161,49.23890727],[3.84645284,49.24003881],[3.84345644,49.24565542],[3.85785306,49.25002837],[3.86870969,49.25225759],[3.87337284,49.25309778],[3.87901581,49.25291114],[3.86969276,49.24481278],[3.86552632,49.23857104],[3.86382444,49.23729671],[3.85566209,49.23788534]]]]}},{"type":"Feature","properties":{"code":"51268","nom":"Germinon","departement":"51","region":"44"},"geometry":{"type":"MultiPolygon","coordinates":[[[[4.2329606,48.89712334],[4.2346524,48.8944329],[4.22584707,48.8893743],[4.21133577,48.88424339],[4.2055029,48.88023606],[4.19386439,48.87186408],[4.16324792,48.86970477],[4.15245179,48.86590398],[4.14296457,48.86403066],[4.13570187,48.86718207],[4.14166935,48.87130123],[4.13185243,48.87887656],[4.14946903,48.892473],[4.15792573,48.89775096],[4.1917209,48.90999372],[4.19322185,48.91071088],[4.20797949,48.90317091],[4.2162631,48.89673917],[4.22427041,48.89447923],[4.2329606,48.89712334]]]]}},{"type":"Feature","properties":{"code":"51269","nom":"Giffaumont-Champaubert","departement":"51","region":"44"},"geometry":{"type":"MultiPolygon","coordinates":[[[[4.72499133,48.54127661],[4.72508713,48.54282914],[4.71774908,48.5530299],[4.69996198,48.5629327],[4.70069585,48.56687483],[4.70000713,48.57080129],[4.71223348,48.57793821],[4.70965252,48.58980334],[4.71379983,48.59066951],[4.71692579,48.59024747],[4.72044374,48.59156157],[4.71981867,48.59392162],[4.72340781,48.59718343],[4.72916768,48.59822097],[4.73261573,48.59358396],[4.73517669,48.5870379],[4.73488949,48.57550099],[4.74035354,48.57194273],[4.77068948,48.57658324],[4.77615127,48.57070554],[4.78147057,48.56697293],[4.79059267,48.57005535],[4.79336433,48.56994972],[4.79649806,48.56794812],[4.78291989,48.55438492],[4.79508378,48.5397648],[4.79919257,48.53014321],[4.79367737,48.52923228],[4.78577544,48.53102758],[4.78057051,48.532746],[4.73476447,48.53814715],[4.72645939,48.53968969],[4.72499133,48.54127661]]]]}},{"type":"Feature","properties":{"code":"51270","nom":"Gigny-Bussy","departement":"51","region":"44"},"geometry":{"type":"MultiPolygon","coordinates":[[[[4.58758838,48.63257958],[4.59923063,48.62144589],[4.60554745,48.62502263],[4.61791182,48.62382065],[4.62005754,48.62250942],[4.63877924,48.60224924],[4.63608978,48.59293371],[4.6368687,48.59225181],[4.60479886,48.58830245],[4.60010742,48.59490382],[4.59493882,48.59759134],[4.59082905,48.59826713],[4.58200191,48.59653409],[4.56613218,48.59757707],[4.5631172,48.60090509],[4.55776094,48.60429787],[4.5530153,48.60593343],[4.54855957,48.60540938],[4.5437041,48.60618589],[4.53751818,48.60804371],[4.53384978,48.61059215],[4.52913329,48.60913596],[4.52584671,48.61544438],[4.52787619,48.61636122],[4.53283093,48.61782339],[4.53754845,48.61674324],[4.54806528,48.61943377],[4.58217225,48.63216222],[4.58758838,48.63257958]]]]}},{"type":"Feature","properties":{"code":"51272","nom":"Givry-en-Argonne","departement":"51","region":"44"},"geometry":{"type":"MultiPolygon","coordinates":[[[[4.89013063,48.93648438],[4.88544659,48.94256329],[4.88780985,48.94571034],[4.88389385,48.94689454],[4.88118871,48.94637124],[4.87928482,48.94833053],[4.87879452,48.95101333],[4.88025866,48.95263915],[4.88526674,48.95413821],[4.88665515,48.95724481],[4.88955574,48.96012159],[4.89512584,48.96202155],[4.90206706,48.96087362],[4.90364694,48.95992476],[4.91872957,48.95964745],[4.93137051,48.96056795],[4.9295978,48.958775],[4.92637166,48.95837713],[4.92207434,48.95246529],[4.9221935,48.9476348],[4.93045481,48.94639293],[4.93658058,48.94153835],[4.94130112,48.93601265],[4.92948297,48.93834619],[4.92276617,48.94162675],[4.91186577,48.94204941],[4.90147757,48.94053708],[4.89754051,48.93947869],[4.892615,48.93729341],[4.8924295,48.93658572],[4.89013063,48.93648438]]]]}},{"type":"Feature","properties":{"code":"51273","nom":"Givry-lès-Loisy","departement":"51","region":"44"},"geometry":{"type":"MultiPolygon","coordinates":[[[[3.89180473,48.9078481],[3.89492178,48.91036368],[3.89898362,48.91060487],[3.90232368,48.90738081],[3.92123893,48.89762014],[3.93515339,48.89350568],[3.92791543,48.89016692],[3.9299588,48.88522079],[3.938488,48.87639172],[3.94557368,48.87081022],[3.94277419,48.87085659],[3.94049973,48.87249695],[3.93977826,48.87210599],[3.92267376,48.88360434],[3.92023845,48.88215083],[3.91362524,48.88489866],[3.89856648,48.89466267],[3.89180473,48.9078481]]]]}},{"type":"Feature","properties":{"code":"51274","nom":"Gizaucourt","departement":"51","region":"44"},"geometry":{"type":"MultiPolygon","coordinates":[[[[4.75392709,49.06357587],[4.76066713,49.06468694],[4.76504866,49.06739271],[4.76961759,49.0684758],[4.78112134,49.06928434],[4.79378127,49.06844397],[4.80783824,49.06390817],[4.80777779,49.06362668],[4.79917158,49.05668221],[4.78925087,49.04424613],[4.78156839,49.03881827],[4.77645477,49.03829952],[4.77323477,49.04022955],[4.77274179,49.04265889],[4.76984863,49.04640165],[4.75621641,49.058711],[4.75392709,49.06357587]]]]}},{"type":"Feature","properties":{"code":"51275","nom":"Glannes","departement":"51","region":"44"},"geometry":{"type":"MultiPolygon","coordinates":[[[[4.43411677,48.68150097],[4.43451251,48.68864536],[4.44651568,48.70362621],[4.46030783,48.7033736],[4.47410439,48.70732765],[4.49287324,48.71438908],[4.50246367,48.71655366],[4.53828028,48.71644901],[4.55684304,48.71819187],[4.57046306,48.71747272],[4.57075479,48.7167303],[4.56819197,48.71672533],[4.56673084,48.71533124],[4.56805384,48.70831847],[4.54616361,48.70458563],[4.53427522,48.70594011],[4.51686535,48.70674481],[4.51116542,48.70578081],[4.49434223,48.69954078],[4.47250658,48.69490592],[4.46213982,48.69360579],[4.45068339,48.68783441],[4.43411677,48.68150097]]]]}},{"type":"Feature","properties":{"code":"51276","nom":"Gourgançon","departement":"51","region":"44"},"geometry":{"type":"MultiPolygon","coordinates":[[[[4.0440895,48.66105224],[4.00122304,48.66395315],[3.98198752,48.66793981],[3.97223571,48.67432278],[3.9729873,48.67485997],[3.9772794,48.67856781],[3.981709,48.68464641],[3.99055964,48.69912747],[3.99331381,48.7018292],[4.00239792,48.70442387],[4.01050975,48.69970403],[4.02484864,48.70211474],[4.02645128,48.71050784],[4.03368677,48.71417564],[4.05800256,48.70696606],[4.07847075,48.70150167],[4.07157922,48.69473096],[4.06737275,48.6887589],[4.06484724,48.68196479],[4.06917988,48.68132602],[4.06919211,48.67926686],[4.06144645,48.66989175],[4.05636839,48.66693506],[4.04464799,48.66243175],[4.0440895,48.66105224]]]]}},{"type":"Feature","properties":{"code":"51277","nom":"Sainte-Marie-du-Lac-Nuisement","departement":"51","region":"44"},"geometry":{"type":"MultiPolygon","coordinates":[[[[4.77068948,48.57658324],[4.74035354,48.57194273],[4.73488949,48.57550099],[4.73517669,48.5870379],[4.73261573,48.59358396],[4.72916768,48.59822097],[4.7288519,48.6041458],[4.73174439,48.60648805],[4.73333696,48.60721975],[4.75028471,48.60960081],[4.75310662,48.61449702],[4.74817133,48.62022077],[4.75475157,48.61993234],[4.76197551,48.624336],[4.77136134,48.62472491],[4.78019782,48.62368172],[4.78491982,48.62194293],[4.79407597,48.62066538],[4.79852609,48.62458138],[4.79901726,48.62453797],[4.79237127,48.61301088],[4.80229602,48.598322],[4.78070466,48.59665403],[4.77196538,48.59329883],[4.76919598,48.58869101],[4.77068948,48.57658324]]]]}},{"type":"Feature","properties":{"code":"51278","nom":"Les Grandes-Loges","departement":"51","region":"44"},"geometry":{"type":"MultiPolygon","coordinates":[[[[4.25584885,49.05701296],[4.25981386,49.0608293],[4.25384212,49.06887269],[4.27512039,49.07483388],[4.27867026,49.08235348],[4.28061136,49.08284718],[4.28541814,49.07722051],[4.30229194,49.08032025],[4.31716089,49.07754768],[4.32412687,49.07491003],[4.32848653,49.07229092],[4.32799683,49.07016417],[4.31473536,49.05983888],[4.29936549,49.05197466],[4.29316904,49.04769711],[4.29157561,49.04930688],[4.28257182,49.04592404],[4.2822506,49.04493826],[4.2771073,49.04801284],[4.26517922,49.05195289],[4.25584885,49.05701296]]]]}},{"type":"Feature","properties":{"code":"51279","nom":"Granges-sur-Aube","departement":"51","region":"44"},"geometry":{"type":"MultiPolygon","coordinates":[[[[3.88374023,48.57811143],[3.88144064,48.5765632],[3.87646341,48.57961269],[3.87069098,48.58037114],[3.86066406,48.57924223],[3.85470236,48.57422681],[3.85489862,48.57287871],[3.83800072,48.57462448],[3.83670844,48.57536494],[3.84007806,48.59376553],[3.83933059,48.59654239],[3.83997079,48.59933824],[3.84461902,48.59876831],[3.84569708,48.60304171],[3.87109403,48.60094251],[3.87105563,48.60018355],[3.87622426,48.59676591],[3.8791186,48.59184906],[3.8822016,48.57924554],[3.88374023,48.57811143]]]]}},{"type":"Feature","properties":{"code":"51280","nom":"Gratreuil","departement":"51","region":"44"},"geometry":{"type":"MultiPolygon","coordinates":[[[[4.6966558,49.23693728],[4.67766025,49.23440569],[4.6703529,49.24126548],[4.66962958,49.24208656],[4.6802585,49.2527921],[4.68693215,49.25672098],[4.68974265,49.25709346],[4.69972537,49.25612056],[4.70411992,49.25499482],[4.70457074,49.25258672],[4.70357135,49.25077189],[4.71820669,49.25080256],[4.71763254,49.24919129],[4.7060851,49.24340884],[4.69476932,49.24025667],[4.6966558,49.23693728]]]]}},{"type":"Feature","properties":{"code":"51281","nom":"Grauves","departement":"51","region":"44"},"geometry":{"type":"MultiPolygon","coordinates":[[[[3.95473197,48.98359967],[3.95785589,48.98511074],[3.96498114,48.98354914],[3.97484289,48.98600808],[3.97608504,48.98703216],[3.97805074,48.98133986],[3.97076912,48.97910133],[3.96878239,48.97762098],[3.98134776,48.96369666],[3.98062355,48.96157933],[3.97601097,48.95791632],[3.97071642,48.95565168],[3.9639848,48.95333272],[3.94621704,48.95568026],[3.93920682,48.95904391],[3.93781204,48.96288134],[3.9384312,48.96706901],[3.93749338,48.97096128],[3.9533308,48.97864587],[3.95538584,48.98312144],[3.95473197,48.98359967]]]]}},{"type":"Feature","properties":{"code":"51282","nom":"Gueux","departement":"51","region":"44"},"geometry":{"type":"MultiPolygon","coordinates":[[[[3.88304002,49.25645361],[3.88273704,49.25761287],[3.88852361,49.26039874],[3.88635411,49.26260922],[3.90346106,49.26696037],[3.91025568,49.26968009],[3.9243372,49.26718523],[3.92501078,49.26452255],[3.93717316,49.25145649],[3.93743332,49.25042866],[3.93124194,49.24896623],[3.90820874,49.2422525],[3.88992438,49.23804552],[3.88195514,49.23787212],[3.88576843,49.2415833],[3.88587069,49.25131735],[3.88471269,49.25499391],[3.88304002,49.25645361]]]]}},{"type":"Feature","properties":{"code":"51283","nom":"Hans","departement":"51","region":"44"},"geometry":{"type":"MultiPolygon","coordinates":[[[[4.76700495,49.12140742],[4.78411632,49.1093601],[4.78388631,49.10820967],[4.77834901,49.10600287],[4.78023807,49.10552794],[4.77986966,49.10309619],[4.77821376,49.1014614],[4.76604829,49.09651356],[4.75144532,49.08732095],[4.74608152,49.08495276],[4.73243128,49.10001994],[4.72828183,49.10290984],[4.71966055,49.1054967],[4.70507781,49.10398576],[4.70505502,49.10654105],[4.70704962,49.11078991],[4.71045025,49.11960702],[4.71551375,49.12675275],[4.73467491,49.14099722],[4.74128644,49.14431905],[4.75109924,49.13756861],[4.75718406,49.12983039],[4.76700495,49.12140742]]]]}},{"type":"Feature","properties":{"code":"51284","nom":"Haussignémont","departement":"51","region":"44"},"geometry":{"type":"MultiPolygon","coordinates":[[[[4.75404385,48.70288659],[4.75345454,48.70472697],[4.74607281,48.70494232],[4.74360874,48.70438009],[4.74482712,48.71172237],[4.74383136,48.71899352],[4.74315376,48.72101594],[4.74945831,48.7274623],[4.75904234,48.73016159],[4.75900717,48.72588699],[4.76328787,48.71674362],[4.76126653,48.71239845],[4.76113862,48.71049936],[4.76272733,48.71036523],[4.76251153,48.70864287],[4.75712527,48.7034953],[4.75404385,48.70288659]]]]}},{"type":"Feature","properties":{"code":"51285","nom":"Haussimont","departement":"51","region":"44"},"geometry":{"type":"MultiPolygon","coordinates":[[[[4.12432875,48.72655459],[4.139703,48.73986907],[4.15392622,48.75724935],[4.20202652,48.77464069],[4.21684756,48.77899349],[4.22235063,48.77721209],[4.22600159,48.77388702],[4.21476114,48.76864626],[4.20757835,48.76808405],[4.2019278,48.76586352],[4.19049833,48.75596836],[4.1832311,48.74846946],[4.18023182,48.73643399],[4.16552521,48.72458251],[4.16170795,48.7123151],[4.15711447,48.71474709],[4.14869314,48.71535288],[4.12432875,48.72655459]]]]}},{"type":"Feature","properties":{"code":"51286","nom":"Hauteville","departement":"51","region":"44"},"geometry":{"type":"MultiPolygon","coordinates":[[[[4.7412833,48.62251791],[4.74893127,48.64117752],[4.75383856,48.64480858],[4.76543204,48.65060332],[4.76979955,48.65206713],[4.77229338,48.65200847],[4.77260566,48.65200742],[4.77322877,48.65003949],[4.79221746,48.6487468],[4.79935326,48.64228543],[4.79716842,48.63073355],[4.79739827,48.62481884],[4.79852609,48.62458138],[4.79407597,48.62066538],[4.78491982,48.62194293],[4.78019782,48.62368172],[4.77136134,48.62472491],[4.76197551,48.624336],[4.75475157,48.61993234],[4.74817133,48.62022077],[4.7412833,48.62251791]]]]}},{"type":"Feature","properties":{"code":"51287","nom":"Hautvillers","departement":"51","region":"44"},"geometry":{"type":"MultiPolygon","coordinates":[[[[3.97079032,49.09279733],[3.9712835,49.09047253],[3.97031825,49.088057],[3.96513006,49.07984954],[3.96133821,49.07533716],[3.96010734,49.06895724],[3.96094966,49.06071731],[3.95952209,49.0589204],[3.95283042,49.05888283],[3.95017954,49.06027603],[3.94255862,49.0713118],[3.94009928,49.07229771],[3.94133348,49.07688117],[3.92609625,49.08170503],[3.92073624,49.08096661],[3.91821411,49.08378958],[3.91261394,49.08753508],[3.92058571,49.09292336],[3.92597384,49.09831124],[3.9265856,49.10273677],[3.92382702,49.10340001],[3.92224345,49.10321974],[3.91734757,49.10615701],[3.91783284,49.10904504],[3.92449279,49.10763538],[3.92748621,49.10768517],[3.93318039,49.10506859],[3.9397768,49.10352819],[3.95169085,49.10059848],[3.97079032,49.09279733]]]]}},{"type":"Feature","properties":{"code":"51288","nom":"Heiltz-le-Hutier","departement":"51","region":"44"},"geometry":{"type":"MultiPolygon","coordinates":[[[[4.79824958,48.67760124],[4.79773284,48.67655999],[4.78166876,48.670201],[4.77712442,48.67174253],[4.77526779,48.67151199],[4.7497743,48.68034956],[4.75314216,48.69359279],[4.75404385,48.70288659],[4.75712527,48.7034953],[4.76251153,48.70864287],[4.76272733,48.71036523],[4.77540738,48.70870894],[4.78452322,48.70635704],[4.78964039,48.7018135],[4.78658193,48.70085172],[4.78532477,48.69846662],[4.79214533,48.6913882],[4.79824958,48.67760124]]]]}},{"type":"Feature","properties":{"code":"51289","nom":"Heiltz-le-Maurupt","departement":"51","region":"44"},"geometry":{"type":"MultiPolygon","coordinates":[[[[4.85884632,48.78229222],[4.85793458,48.78111709],[4.8494882,48.77909355],[4.82523389,48.77699443],[4.82096386,48.77422399],[4.81417985,48.77926524],[4.80676006,48.78143422],[4.80616467,48.78299236],[4.80181505,48.78263162],[4.79620718,48.79372368],[4.79425421,48.80071683],[4.79446509,48.80340256],[4.79841406,48.80674817],[4.81315531,48.80360356],[4.8271843,48.8137614],[4.83122627,48.82153321],[4.82802209,48.82872137],[4.82621022,48.82970171],[4.8270006,48.83137636],[4.83540113,48.83234791],[4.84155663,48.83625822],[4.84225404,48.83659652],[4.84410595,48.83547858],[4.84681832,48.83380308],[4.84848448,48.82053716],[4.8396854,48.81351389],[4.83746895,48.81099401],[4.83758981,48.8083941],[4.84731708,48.80085567],[4.85111817,48.79921444],[4.85297024,48.79971471],[4.85354705,48.79862532],[4.86229631,48.79324901],[4.8624717,48.78912331],[4.85453525,48.78666484],[4.85911839,48.78404406],[4.85884632,48.78229222]]]]}},{"type":"Feature","properties":{"code":"51290","nom":"Heiltz-l'Évêque","departement":"51","region":"44"},"geometry":{"type":"MultiPolygon","coordinates":[[[[4.70589551,48.77791534],[4.73469898,48.79179782],[4.73983187,48.79077592],[4.74936914,48.79264276],[4.75253051,48.79450267],[4.75766061,48.79566247],[4.7608078,48.79454652],[4.75993598,48.79191185],[4.76357225,48.78183219],[4.76623792,48.77737753],[4.76863949,48.77566512],[4.77144981,48.77537339],[4.77244538,48.77374831],[4.764744,48.77192278],[4.76155072,48.77332383],[4.73634063,48.76577282],[4.73308282,48.76593799],[4.72544777,48.76879774],[4.70995467,48.76803639],[4.71126259,48.76945073],[4.7099004,48.77215374],[4.70415313,48.77032693],[4.70174336,48.77038288],[4.70135468,48.77123494],[4.70294862,48.77257691],[4.70153457,48.77387179],[4.70589551,48.77791534]]]]}},{"type":"Feature","properties":{"code":"51291","nom":"Hermonville","departement":"51","region":"44"},"geometry":{"type":"MultiPolygon","coordinates":[[[[3.93626415,49.31992858],[3.9341654,49.31786729],[3.92842319,49.31536924],[3.91836645,49.31633343],[3.89596765,49.31595958],[3.88500805,49.31836154],[3.88102808,49.32221395],[3.88519356,49.32933927],[3.88170079,49.34186929],[3.88905891,49.34069529],[3.91008426,49.34582191],[3.91691728,49.34669079],[3.92426512,49.34479376],[3.93700294,49.34600455],[3.94607463,49.34939844],[3.95093686,49.34459132],[3.95300977,49.34210466],[3.9494913,49.3408792],[3.94256328,49.33562867],[3.93737931,49.33014395],[3.93626415,49.31992858]]]]}},{"type":"Feature","properties":{"code":"51292","nom":"Herpont","departement":"51","region":"44"},"geometry":{"type":"MultiPolygon","coordinates":[[[[4.77757239,49.00230649],[4.76037726,48.99382474],[4.74039055,48.9867752],[4.73072,48.98098157],[4.72610807,48.97604267],[4.72121121,48.963958],[4.71865161,48.96132336],[4.71045122,48.96549892],[4.70326224,48.96605906],[4.69492797,48.96505736],[4.6850864,48.96815701],[4.68065461,48.96921037],[4.68148293,48.96981487],[4.67889888,48.97647806],[4.67345993,48.98548711],[4.6738111,48.99044968],[4.68776033,48.9937089],[4.69198258,49.00022052],[4.69826515,49.00507042],[4.71576331,49.00877351],[4.71533409,49.01059735],[4.7229872,49.01214083],[4.73376968,49.01308283],[4.74206901,49.01254354],[4.74363872,49.00981621],[4.75824399,49.01107997],[4.77757239,49.00230649]]]]}},{"type":"Feature","properties":{"code":"51293","nom":"Heutrégiville","departement":"51","region":"44"},"geometry":{"type":"MultiPolygon","coordinates":[[[[4.28978378,49.34710185],[4.29070398,49.34741747],[4.3081612,49.32688579],[4.289976,49.32111269],[4.27297538,49.31664416],[4.24549046,49.31686779],[4.23578237,49.31879883],[4.22754305,49.31815554],[4.2148648,49.31494296],[4.21095005,49.31940996],[4.21339164,49.32025032],[4.28978378,49.34710185]]]]}},{"type":"Feature","properties":{"code":"51294","nom":"Hourges","departement":"51","region":"44"},"geometry":{"type":"MultiPolygon","coordinates":[[[[3.76564391,49.27202025],[3.76666963,49.27318424],[3.76330663,49.27553576],[3.75537016,49.27561267],[3.75555522,49.28103245],[3.75948289,49.29105759],[3.77137025,49.29345532],[3.77676292,49.29157603],[3.78169371,49.27927297],[3.78315513,49.265364],[3.77991907,49.26530315],[3.76617109,49.27051107],[3.76564391,49.27202025]]]]}},{"type":"Feature","properties":{"code":"51295","nom":"Huiron","departement":"51","region":"44"},"geometry":{"type":"MultiPolygon","coordinates":[[[[4.57620117,48.70159619],[4.55920707,48.69959929],[4.54678414,48.69730958],[4.53726195,48.69819647],[4.52635281,48.69720666],[4.46542642,48.67720514],[4.44013501,48.67192853],[4.43592295,48.67939844],[4.43411677,48.68150097],[4.45068339,48.68783441],[4.46213982,48.69360579],[4.47250658,48.69490592],[4.49434223,48.69954078],[4.51116542,48.70578081],[4.51686535,48.70674481],[4.53427522,48.70594011],[4.54616361,48.70458563],[4.56805384,48.70831847],[4.57342159,48.70565239],[4.57705532,48.70202212],[4.57620117,48.70159619]]]]}},{"type":"Feature","properties":{"code":"51296","nom":"Humbauville","departement":"51","region":"44"},"geometry":{"type":"MultiPolygon","coordinates":[[[[4.45266267,48.66004905],[4.44169706,48.65503004],[4.41588942,48.65055706],[4.40195226,48.65045466],[4.39199913,48.64827462],[4.38301255,48.64189927],[4.38218004,48.64049832],[4.36946791,48.64279972],[4.35172617,48.64262899],[4.34570034,48.6415268],[4.32970135,48.63630153],[4.32504253,48.64180602],[4.34000134,48.64718664],[4.35247375,48.64970319],[4.36346475,48.65888893],[4.36831451,48.66129827],[4.38777254,48.66556775],[4.40717347,48.67375165],[4.42079332,48.67694385],[4.43592295,48.67939844],[4.44013501,48.67192853],[4.45266267,48.66004905]]]]}},{"type":"Feature","properties":{"code":"51298","nom":"Igny-Comblizy","departement":"51","region":"44"},"geometry":{"type":"MultiPolygon","coordinates":[[[[3.70984026,48.97287719],[3.70512606,48.98233011],[3.68811256,48.9862687],[3.68640838,48.98737914],[3.69033399,48.98861646],[3.67998121,48.99867333],[3.66531169,49.00562839],[3.67494928,49.01172709],[3.6776509,49.01542656],[3.6782755,49.01876364],[3.67190651,49.02537362],[3.66418351,49.03754958],[3.6623944,49.04064462],[3.66286927,49.04312828],[3.67381974,49.04752376],[3.70060038,49.05058518],[3.70871579,49.03146728],[3.71660009,49.02664746],[3.72562157,49.02757882],[3.73280402,49.02414065],[3.73973051,49.01767682],[3.74779042,49.01571243],[3.759903,49.01392873],[3.77982845,48.99828724],[3.78149055,48.99584936],[3.77140962,48.98511366],[3.76346882,48.98215464],[3.76102541,48.98426184],[3.75810092,48.98515623],[3.74905679,48.98313306],[3.74467709,48.97983398],[3.74498721,48.97745081],[3.740138,48.97067431],[3.73819805,48.96968987],[3.70984026,48.97287719]]]]}},{"type":"Feature","properties":{"code":"51299","nom":"Isles-sur-Suippe","departement":"51","region":"44"},"geometry":{"type":"MultiPolygon","coordinates":[[[[4.18438995,49.33758247],[4.17478858,49.34132523],[4.17571193,49.34326436],[4.18347578,49.35896489],[4.1883171,49.36587008],[4.19566003,49.38169052],[4.20111307,49.38383623],[4.21342772,49.38800224],[4.22110242,49.38405588],[4.23662867,49.38132797],[4.24062873,49.38247634],[4.24299718,49.38036731],[4.24412189,49.37904595],[4.23652149,49.37674523],[4.23342025,49.37821255],[4.22528414,49.37194044],[4.21150921,49.3587582],[4.20361811,49.34569471],[4.20126957,49.33642782],[4.19958005,49.33387705],[4.19359848,49.33606603],[4.18438995,49.33758247]]]]}},{"type":"Feature","properties":{"code":"51300","nom":"Isle-sur-Marne","departement":"51","region":"44"},"geometry":{"type":"MultiPolygon","coordinates":[[[[4.69423224,48.66444306],[4.69927041,48.6582346],[4.7004843,48.65651598],[4.69940371,48.64022629],[4.69787535,48.63625971],[4.69414524,48.63031181],[4.68418265,48.62951111],[4.67305055,48.6335538],[4.6705798,48.64136722],[4.67123753,48.64274802],[4.6851019,48.65523562],[4.68585657,48.6601543],[4.68565269,48.66221385],[4.68688537,48.66392469],[4.69423224,48.66444306]]]]}},{"type":"Feature","properties":{"code":"51301","nom":"Isse","departement":"51","region":"44"},"geometry":{"type":"MultiPolygon","coordinates":[[[[4.21205769,49.05076234],[4.20302804,49.0604455],[4.2008355,49.06072552],[4.18200376,49.06854327],[4.18752056,49.07320451],[4.20659245,49.08626661],[4.20539178,49.08703311],[4.21205906,49.08702272],[4.22413576,49.08133227],[4.23167152,49.08056827],[4.23596365,49.08110692],[4.2394629,49.07974091],[4.24811165,49.07097725],[4.23358307,49.05687675],[4.22587347,49.05760673],[4.21205769,49.05076234]]]]}},{"type":"Feature","properties":{"code":"51302","nom":"Les Istres-et-Bury","departement":"51","region":"44"},"geometry":{"type":"MultiPolygon","coordinates":[[[[4.06623241,48.99305181],[4.08061099,48.99525324],[4.08910841,48.99731942],[4.0980622,49.00051124],[4.10156387,48.99470749],[4.10320975,48.98159857],[4.08812471,48.97554014],[4.08675098,48.97648338],[4.07709573,48.97434379],[4.07484876,48.97713111],[4.07710715,48.98175125],[4.07175463,48.98833978],[4.06623241,48.99305181]]]]}},{"type":"Feature","properties":{"code":"51303","nom":"Jâlons","departement":"51","region":"44"},"geometry":{"type":"MultiPolygon","coordinates":[[[[4.16242449,49.02083693],[4.16013694,49.02769267],[4.16061998,49.02923565],[4.16185858,49.03001144],[4.1678004,49.02975326],[4.17066631,49.02475595],[4.17573981,49.02362004],[4.18764811,49.02664402],[4.19970288,49.01813113],[4.18706871,48.99567807],[4.18672041,48.99263556],[4.17891593,48.98698299],[4.16998513,48.98317549],[4.15091774,48.99181523],[4.14996764,48.99068852],[4.14996893,48.99278479],[4.15110813,48.99257512],[4.17088483,49.01595073],[4.16737917,49.0194732],[4.16242449,49.02083693]]]]}},{"type":"Feature","properties":{"code":"51304","nom":"Janvilliers","departement":"51","region":"44"},"geometry":{"type":"MultiPolygon","coordinates":[[[[3.6584382,48.87840174],[3.65551735,48.87697614],[3.64371298,48.8787822],[3.64244399,48.88766],[3.64587247,48.89228027],[3.6418621,48.89610326],[3.63776007,48.89850476],[3.62641316,48.90228061],[3.63853722,48.9117097],[3.64372643,48.91439783],[3.64425614,48.9139813],[3.64476414,48.90839927],[3.64718672,48.90496613],[3.65892907,48.90243529],[3.66179104,48.90211464],[3.66494735,48.90273388],[3.68182301,48.90730464],[3.6840072,48.90751252],[3.68563791,48.90650766],[3.68058542,48.89174267],[3.68015355,48.88624573],[3.66723354,48.88388754],[3.6584382,48.87840174]]]]}},{"type":"Feature","properties":{"code":"51305","nom":"Janvry","departement":"51","region":"44"},"geometry":{"type":"MultiPolygon","coordinates":[[[[3.87901581,49.25291114],[3.87998971,49.25663053],[3.88188817,49.25720913],[3.88304002,49.25645361],[3.88471269,49.25499391],[3.88587069,49.25131735],[3.88576843,49.2415833],[3.88195514,49.23787212],[3.87412803,49.23505755],[3.86552632,49.23857104],[3.86969276,49.24481278],[3.87901581,49.25291114]]]]}},{"type":"Feature","properties":{"code":"51306","nom":"Joiselle","departement":"51","region":"44"},"geometry":{"type":"MultiPolygon","coordinates":[[[[3.47482266,48.77569507],[3.49247029,48.77376096],[3.49982264,48.77705282],[3.51168556,48.77946426],[3.51635139,48.77980665],[3.52384474,48.77874062],[3.53055104,48.77431024],[3.52662844,48.77287595],[3.5320642,48.76483271],[3.51382725,48.76256509],[3.49635555,48.75133149],[3.47547406,48.74413293],[3.47318499,48.74665862],[3.47655285,48.74893785],[3.47450664,48.75635362],[3.47424519,48.76575803],[3.47227356,48.76573436],[3.47097864,48.76667306],[3.46883707,48.77181889],[3.47061088,48.77447505],[3.47482266,48.77569507]]]]}},{"type":"Feature","properties":{"code":"51307","nom":"Jonchery-sur-Suippe","departement":"51","region":"44"},"geometry":{"type":"MultiPolygon","coordinates":[[[[4.52498644,49.15748938],[4.50039503,49.14830341],[4.48767857,49.13333517],[4.48316921,49.12119882],[4.47694423,49.11338712],[4.46366154,49.10381679],[4.46117987,49.10284788],[4.45530067,49.10140032],[4.44669618,49.11152461],[4.44150778,49.11612184],[4.42953845,49.1219749],[4.43581655,49.12678392],[4.44070462,49.13207505],[4.44539052,49.13907335],[4.4467186,49.14707311],[4.45233255,49.15462641],[4.45591247,49.156833],[4.47016341,49.16375823],[4.48419662,49.16529816],[4.49564609,49.16922093],[4.50656752,49.17025466],[4.51092458,49.16979002],[4.51151704,49.16875748],[4.51965152,49.17098676],[4.52498644,49.15748938]]]]}},{"type":"Feature","properties":{"code":"51308","nom":"Jonchery-sur-Vesle","departement":"51","region":"44"},"geometry":{"type":"MultiPolygon","coordinates":[[[[3.83894084,49.27972648],[3.82935019,49.28191171],[3.81574693,49.27719566],[3.81160492,49.27776838],[3.80700552,49.28020585],[3.80147094,49.29342915],[3.80494752,49.29787127],[3.81127161,49.29478049],[3.83240809,49.28705001],[3.84250443,49.28211548],[3.84295791,49.28093641],[3.84003411,49.2810458],[3.83894084,49.27972648]]]]}},{"type":"Feature","properties":{"code":"51309","nom":"Jonquery","departement":"51","region":"44"},"geometry":{"type":"MultiPolygon","coordinates":[[[[3.77645419,49.13664005],[3.77648701,49.13782399],[3.77765572,49.13799357],[3.77831141,49.14250743],[3.7754151,49.14668545],[3.7759626,49.1515767],[3.78442799,49.15736066],[3.78986363,49.1575499],[3.79435119,49.15634434],[3.80459785,49.15067211],[3.8048809,49.1450714],[3.80322761,49.13974165],[3.8023336,49.13846995],[3.79831706,49.13473561],[3.79058989,49.13615779],[3.78228929,49.13593331],[3.77645419,49.13664005]]]]}},{"type":"Feature","properties":{"code":"51310","nom":"Jouy-lès-Reims","departement":"51","region":"44"},"geometry":{"type":"MultiPolygon","coordinates":[[[[3.93977687,49.22092585],[3.94142688,49.21844682],[3.93937466,49.21774987],[3.941506,49.21517807],[3.92293133,49.20478004],[3.91421729,49.20597211],[3.91068001,49.20949092],[3.91787389,49.21330507],[3.93977687,49.22092585]]]]}},{"type":"Feature","properties":{"code":"51311","nom":"Jussecourt-Minecourt","departement":"51","region":"44"},"geometry":{"type":"MultiPolygon","coordinates":[[[[4.79841406,48.80674817],[4.79446509,48.80340256],[4.79425421,48.80071683],[4.79620718,48.79372368],[4.80181505,48.78263162],[4.79076118,48.77850488],[4.77244538,48.77374831],[4.77144981,48.77537339],[4.76863949,48.77566512],[4.76623792,48.77737753],[4.76357225,48.78183219],[4.75993598,48.79191185],[4.7608078,48.79454652],[4.76896256,48.80526976],[4.7727288,48.80825277],[4.77921954,48.81151448],[4.79841406,48.80674817]]]]}},{"type":"Feature","properties":{"code":"51312","nom":"Juvigny","departement":"51","region":"44"},"geometry":{"type":"MultiPolygon","coordinates":[[[[4.2278703,49.00517608],[4.22351459,49.00781956],[4.22653722,49.01610453],[4.23157373,49.02075808],[4.24856685,49.01943145],[4.27352407,49.03579456],[4.28054024,49.03910217],[4.2822506,49.04493826],[4.28257182,49.04592404],[4.29157561,49.04930688],[4.29316904,49.04769711],[4.30102142,49.03982089],[4.30056149,49.03325654],[4.3020079,49.02619666],[4.30867727,49.01463819],[4.30929144,49.01036514],[4.31352635,49.007647],[4.29093518,48.9950687],[4.28162963,48.99303076],[4.26273899,48.99248642],[4.26457895,48.99368562],[4.26435644,48.99459449],[4.2556915,49.00052385],[4.22924002,49.00858572],[4.2278703,49.00517608]]]]}},{"type":"Feature","properties":{"code":"51313","nom":"Lachy","departement":"51","region":"44"},"geometry":{"type":"MultiPolygon","coordinates":[[[[3.73324192,48.74534477],[3.7308205,48.74462566],[3.72019938,48.74644682],[3.70904917,48.75302912],[3.70729618,48.75084578],[3.70410856,48.75159946],[3.68818725,48.75984026],[3.67810917,48.75783821],[3.66982045,48.76748099],[3.66454252,48.7688596],[3.66044908,48.76838043],[3.65871296,48.76924626],[3.65753328,48.77173067],[3.6629924,48.77643773],[3.66787593,48.77937411],[3.68029669,48.78247986],[3.68334122,48.7864271],[3.68024737,48.7945655],[3.68078802,48.79520729],[3.69289786,48.79608657],[3.69986523,48.79486415],[3.70316731,48.79119138],[3.70231987,48.78638272],[3.70077,48.78418555],[3.69765921,48.78494038],[3.69596922,48.78283121],[3.69580303,48.78006468],[3.70640837,48.7768131],[3.71181012,48.77615235],[3.71460735,48.77938346],[3.72223345,48.78288581],[3.7345471,48.77480139],[3.7304566,48.77198788],[3.72869777,48.76735308],[3.73043538,48.76152673],[3.74021308,48.74972973],[3.7379745,48.74714778],[3.73324192,48.74534477]]]]}},{"type":"Feature","properties":{"code":"51314","nom":"Lagery","departement":"51","region":"44"},"geometry":{"type":"MultiPolygon","coordinates":[[[[3.75857602,49.2215451],[3.75791327,49.21865523],[3.75200708,49.20918922],[3.75527872,49.19501208],[3.74977519,49.1922917],[3.72906278,49.19249794],[3.71705775,49.19909362],[3.71418357,49.20208119],[3.70831062,49.20173555],[3.70465461,49.20066013],[3.70028574,49.20133832],[3.69717221,49.20548215],[3.69747729,49.20663657],[3.70181183,49.20844907],[3.7078753,49.21334042],[3.71561762,49.21777466],[3.72391413,49.21669661],[3.7336947,49.21848232],[3.74289872,49.2231774],[3.74875391,49.22504985],[3.75163345,49.22229074],[3.75857602,49.2215451]]]]}},{"type":"Feature","properties":{"code":"51315","nom":"Landricourt","departement":"51","region":"44"},"geometry":{"type":"MultiPolygon","coordinates":[[[[4.80229602,48.598322],[4.79237127,48.61301088],[4.79901726,48.62453797],[4.80019449,48.62408021],[4.81218931,48.62674596],[4.82049975,48.62194506],[4.82546276,48.61330529],[4.82931907,48.61248851],[4.82603557,48.60837037],[4.82171499,48.60570221],[4.82070978,48.60593982],[4.80301398,48.59659889],[4.80229602,48.598322]]]]}},{"type":"Feature","properties":{"code":"51316","nom":"Larzicourt","departement":"51","region":"44"},"geometry":{"type":"MultiPolygon","coordinates":[[[[4.73174439,48.60648805],[4.7288519,48.6041458],[4.72916768,48.59822097],[4.72340781,48.59718343],[4.71981867,48.59392162],[4.72044374,48.59156157],[4.71692579,48.59024747],[4.71379983,48.59066951],[4.70778901,48.60153292],[4.71468725,48.61723651],[4.71894536,48.62066423],[4.72085398,48.62460351],[4.72044245,48.62830998],[4.70196145,48.63563819],[4.69787535,48.63625971],[4.69940371,48.64022629],[4.7004843,48.65651598],[4.69927041,48.6582346],[4.70423192,48.65879533],[4.71290225,48.65578483],[4.72692752,48.65492382],[4.74439752,48.65646696],[4.7727118,48.65650167],[4.77229338,48.65200847],[4.76979955,48.65206713],[4.76543204,48.65060332],[4.75383856,48.64480858],[4.74893127,48.64117752],[4.7412833,48.62251791],[4.72638337,48.62144375],[4.72544669,48.61674189],[4.73087799,48.60978736],[4.73174439,48.60648805]]]]}},{"type":"Feature","properties":{"code":"51317","nom":"Laval-sur-Tourbe","departement":"51","region":"44"},"geometry":{"type":"MultiPolygon","coordinates":[[[[4.6185924,49.1295913],[4.62685057,49.15299672],[4.63406564,49.1544619],[4.65919243,49.15134123],[4.69300545,49.14949447],[4.69619382,49.14806019],[4.70072266,49.14441263],[4.72110288,49.14835763],[4.73617168,49.14766188],[4.73938344,49.14565594],[4.70252689,49.13553902],[4.69122489,49.1332973],[4.65626322,49.1291946],[4.64271912,49.13201879],[4.6185924,49.1295913]]]]}},{"type":"Feature","properties":{"code":"51318","nom":"Lavannes","departement":"51","region":"44"},"geometry":{"type":"MultiPolygon","coordinates":[[[[4.19520079,49.28069699],[4.19159236,49.28666731],[4.18229505,49.28728558],[4.17560373,49.2920835],[4.17657254,49.29249571],[4.16938546,49.29767207],[4.15766683,49.30983287],[4.1532379,49.3132151],[4.14674196,49.31599827],[4.14813838,49.31720137],[4.15020525,49.31898962],[4.1614293,49.32378901],[4.17227807,49.3327444],[4.17799989,49.33223115],[4.18438995,49.33758247],[4.19359848,49.33606603],[4.19958005,49.33387705],[4.19669012,49.33068727],[4.20340557,49.32490464],[4.21339164,49.32025032],[4.21095005,49.31940996],[4.2148648,49.31494296],[4.21311121,49.31428721],[4.22075434,49.30260637],[4.20597111,49.29684555],[4.20520283,49.29143379],[4.20117713,49.28187116],[4.19520079,49.28069699]]]]}},{"type":"Feature","properties":{"code":"51319","nom":"Lenharrée","departement":"51","region":"44"},"geometry":{"type":"MultiPolygon","coordinates":[[[[4.07296868,48.7659259],[4.07793461,48.7706493],[4.0932623,48.78149704],[4.1016873,48.78942939],[4.12670542,48.80030627],[4.13780768,48.80624275],[4.15179559,48.79565525],[4.15892155,48.79131299],[4.14875701,48.78577055],[4.15537389,48.78448796],[4.15281133,48.77890358],[4.14584439,48.77592947],[4.13645379,48.77416804],[4.11571862,48.76483081],[4.0965077,48.75089129],[4.08639858,48.75652814],[4.07296868,48.7659259]]]]}},{"type":"Feature","properties":{"code":"51320","nom":"Leuvrigny","departement":"51","region":"44"},"geometry":{"type":"MultiPolygon","coordinates":[[[[3.77761894,49.07199767],[3.78005998,49.07095948],[3.78243224,49.06854323],[3.78531116,49.05784475],[3.78748784,49.05404577],[3.79438545,49.04837944],[3.80166834,49.03817537],[3.79204083,49.03619533],[3.7852543,49.03229683],[3.78025398,49.03071623],[3.77489899,49.03146398],[3.77119063,49.03618716],[3.77311167,49.04570283],[3.77577008,49.05031569],[3.7751674,49.05328875],[3.77249294,49.05624365],[3.76819492,49.05888877],[3.75389408,49.05749119],[3.75087535,49.06871397],[3.75382049,49.0732409],[3.77124641,49.07409606],[3.77761894,49.07199767]]]]}},{"type":"Feature","properties":{"code":"51321","nom":"Lhéry","departement":"51","region":"44"},"geometry":{"type":"MultiPolygon","coordinates":[[[[3.76085511,49.22457401],[3.78181005,49.21695533],[3.78673248,49.21060383],[3.78794157,49.20917002],[3.7869627,49.20850751],[3.78744804,49.20451339],[3.7783127,49.20197264],[3.75739547,49.1954789],[3.75683734,49.19474337],[3.75527872,49.19501208],[3.75200708,49.20918922],[3.75791327,49.21865523],[3.75857602,49.2215451],[3.76085511,49.22457401]]]]}},{"type":"Feature","properties":{"code":"51323","nom":"Linthelles","departement":"51","region":"44"},"geometry":{"type":"MultiPolygon","coordinates":[[[[3.84077959,48.69871213],[3.83371047,48.69911255],[3.80225377,48.70526759],[3.79387222,48.70755797],[3.79515813,48.71400409],[3.78378462,48.72101879],[3.77314234,48.72050626],[3.78046458,48.72408886],[3.79199688,48.72523527],[3.79396822,48.7239845],[3.79741846,48.7271807],[3.81710537,48.72858383],[3.82151884,48.7241839],[3.83020573,48.71885824],[3.83109659,48.71905892],[3.83514131,48.72173182],[3.85598648,48.71829562],[3.85703605,48.71656467],[3.85814087,48.71472538],[3.84825716,48.70364239],[3.84176111,48.69865483],[3.84077959,48.69871213]]]]}},{"type":"Feature","properties":{"code":"51324","nom":"Linthes","departement":"51","region":"44"},"geometry":{"type":"MultiPolygon","coordinates":[[[[3.87588089,48.72422636],[3.8592439,48.71641927],[3.85703605,48.71656467],[3.85598648,48.71829562],[3.83514131,48.72173182],[3.83109659,48.71905892],[3.83257217,48.72942229],[3.8435736,48.74612639],[3.84744293,48.74519863],[3.85497793,48.74970157],[3.8680067,48.75164395],[3.87225184,48.74365637],[3.87587266,48.73111462],[3.87588089,48.72422636]]]]}},{"type":"Feature","properties":{"code":"51325","nom":"Lisse-en-Champagne","departement":"51","region":"44"},"geometry":{"type":"MultiPolygon","coordinates":[[[[4.66290455,48.8366178],[4.67107938,48.83390418],[4.67319192,48.82305401],[4.6723755,48.81968672],[4.67096698,48.81883745],[4.65222577,48.80671377],[4.64811353,48.80091621],[4.64573713,48.80293878],[4.63365981,48.80699055],[4.62598621,48.80827629],[4.62195206,48.8085335],[4.62027212,48.80943155],[4.62541066,48.8152844],[4.63645308,48.82478586],[4.64812012,48.83197845],[4.66122394,48.83621927],[4.66290455,48.8366178]]]]}},{"type":"Feature","properties":{"code":"51326","nom":"Livry-Louvercy","departement":"51","region":"44"},"geometry":{"type":"MultiPolygon","coordinates":[[[[4.2729853,49.12766116],[4.30160671,49.11978261],[4.31045252,49.11923156],[4.31920705,49.11962235],[4.33955928,49.12427033],[4.34811191,49.12380881],[4.3528949,49.1246984],[4.36309461,49.11929669],[4.38531772,49.11695208],[4.39064156,49.11731869],[4.3901747,49.11538892],[4.38202292,49.10944805],[4.3535414,49.10124355],[4.3368683,49.10042202],[4.33286613,49.09134629],[4.31716089,49.07754768],[4.30229194,49.08032025],[4.28541814,49.07722051],[4.28061136,49.08284718],[4.26231707,49.10392905],[4.25081319,49.1170016],[4.27219623,49.12660754],[4.2729853,49.12766116]]]]}},{"type":"Feature","properties":{"code":"51327","nom":"Loisy-en-Brie","departement":"51","region":"44"},"geometry":{"type":"MultiPolygon","coordinates":[[[[3.93977826,48.87210599],[3.92369066,48.86482219],[3.91557369,48.8671195],[3.90406332,48.86363829],[3.89849709,48.87151553],[3.89392114,48.87307511],[3.8895016,48.8783801],[3.88246441,48.88972897],[3.87819099,48.89341804],[3.87428795,48.89304369],[3.86155319,48.90615933],[3.85076151,48.91465149],[3.85121214,48.91984458],[3.85212981,48.92438411],[3.85092563,48.92635768],[3.85557813,48.92701702],[3.86336264,48.9257606],[3.87225132,48.92257828],[3.87787363,48.9188428],[3.89180473,48.9078481],[3.89856648,48.89466267],[3.91362524,48.88489866],[3.92023845,48.88215083],[3.92267376,48.88360434],[3.93977826,48.87210599]]]]}},{"type":"Feature","properties":{"code":"51328","nom":"Loisy-sur-Marne","departement":"51","region":"44"},"geometry":{"type":"MultiPolygon","coordinates":[[[[4.51029438,48.72897261],[4.51000177,48.73728936],[4.52788969,48.74601256],[4.51918595,48.75753109],[4.51468293,48.76626637],[4.51518166,48.76703996],[4.53608379,48.77254993],[4.53928137,48.77395796],[4.53939317,48.77760962],[4.548854,48.77219702],[4.55585696,48.76556257],[4.56388391,48.7560167],[4.57416162,48.74772423],[4.57504823,48.74681205],[4.57182654,48.74159822],[4.56744835,48.73702649],[4.56260559,48.73503712],[4.55407775,48.73693055],[4.54389451,48.73649146],[4.51397049,48.72575498],[4.5131363,48.72573138],[4.51029438,48.72897261]]]]}},{"type":"Feature","properties":{"code":"51329","nom":"Loivre","departement":"51","region":"44"},"geometry":{"type":"MultiPolygon","coordinates":[[[[3.96858549,49.32606546],[3.95300977,49.34210466],[3.95093686,49.34459132],[3.95741578,49.34733053],[3.95934749,49.35908786],[3.94882849,49.36221649],[3.94861613,49.36339217],[3.95449995,49.36702611],[3.96095055,49.36956125],[3.9631199,49.37058855],[3.98992409,49.34833885],[4.00194982,49.3512252],[4.00313654,49.34644187],[4.00218682,49.33636784],[3.9969544,49.33248351],[3.99098195,49.33579052],[3.96858549,49.32606546]]]]}},{"type":"Feature","properties":{"code":"51333","nom":"Ludes","departement":"51","region":"44"},"geometry":{"type":"MultiPolygon","coordinates":[[[[4.06609909,49.13467072],[4.06934224,49.15589623],[4.07332335,49.16641585],[4.06446074,49.16804554],[4.06273634,49.16847437],[4.06479517,49.17350572],[4.06453394,49.18120906],[4.06192067,49.1854652],[4.06428321,49.18622478],[4.07790983,49.18617105],[4.08673622,49.1872606],[4.08809875,49.18675828],[4.09347493,49.18463711],[4.09721894,49.1818913],[4.09563243,49.17964263],[4.09310998,49.17515101],[4.09282272,49.1703783],[4.10004302,49.14897663],[4.10658759,49.13855647],[4.10591456,49.13508286],[4.10331946,49.13419762],[4.10441178,49.13561998],[4.09808032,49.14051455],[4.09823631,49.14224852],[4.09516335,49.14327459],[4.09056273,49.1426402],[4.08814834,49.13705306],[4.08391981,49.13373642],[4.06609909,49.13467072]]]]}},{"type":"Feature","properties":{"code":"51334","nom":"Luxémont-et-Villotte","departement":"51","region":"44"},"geometry":{"type":"MultiPolygon","coordinates":[[[[4.66172775,48.68883706],[4.64949651,48.68985164],[4.64488637,48.68912993],[4.64490482,48.68604568],[4.64256997,48.68062328],[4.62774588,48.68326824],[4.62389291,48.68419253],[4.61967523,48.68755789],[4.61732244,48.68823577],[4.61116743,48.68749502],[4.61230569,48.6917997],[4.62163132,48.70716316],[4.62109626,48.70875648],[4.63783948,48.71627447],[4.64135763,48.72028973],[4.64136302,48.72301461],[4.64368639,48.7230465],[4.64450986,48.71940248],[4.64571423,48.71132431],[4.65381114,48.70403505],[4.65820621,48.70320214],[4.6616706,48.70080316],[4.66267419,48.69210579],[4.66145508,48.69218576],[4.66172775,48.68883706]]]]}},{"type":"Feature","properties":{"code":"51336","nom":"Maffrécourt","departement":"51","region":"44"},"geometry":{"type":"MultiPolygon","coordinates":[[[[4.79774366,49.10461368],[4.7943389,49.11297623],[4.8035866,49.11688312],[4.80559891,49.1186426],[4.80643778,49.12199351],[4.80571443,49.12522127],[4.81768133,49.1279162],[4.83056194,49.12718939],[4.83547532,49.12093967],[4.83659536,49.11647173],[4.84246012,49.11086723],[4.84718796,49.10860388],[4.83422337,49.10628055],[4.82309959,49.10239993],[4.81552219,49.10446797],[4.80756324,49.10511759],[4.79774366,49.10461368]]]]}},{"type":"Feature","properties":{"code":"51337","nom":"Magneux","departement":"51","region":"44"},"geometry":{"type":"MultiPolygon","coordinates":[[[[3.72040392,49.30964871],[3.72006069,49.31076907],[3.74268261,49.30915687],[3.73877027,49.2951704],[3.7337224,49.29425367],[3.73511602,49.29289402],[3.73227991,49.29197902],[3.72438542,49.292682],[3.70948487,49.29076847],[3.71318278,49.29619987],[3.71886603,49.29952293],[3.72040392,49.30964871]]]]}},{"type":"Feature","properties":{"code":"51338","nom":"Mailly-Champagne","departement":"51","region":"44"},"geometry":{"type":"MultiPolygon","coordinates":[[[[4.10331946,49.13419762],[4.10591456,49.13508286],[4.10658759,49.13855647],[4.10004302,49.14897663],[4.09282272,49.1703783],[4.09310998,49.17515101],[4.09563243,49.17964263],[4.10837259,49.17631615],[4.11257146,49.17603916],[4.11293966,49.17683509],[4.11493304,49.1763563],[4.12187682,49.17415006],[4.12239679,49.17068083],[4.12199584,49.16850504],[4.13088965,49.14395845],[4.12995035,49.13853449],[4.12421833,49.13331721],[4.12371994,49.12847079],[4.11506063,49.12701466],[4.10295826,49.13370908],[4.10331946,49.13419762]]]]}},{"type":"Feature","properties":{"code":"51339","nom":"Mairy-sur-Marne","departement":"51","region":"44"},"geometry":{"type":"MultiPolygon","coordinates":[[[[4.38428259,48.83920457],[4.38122898,48.84511971],[4.36034551,48.85947331],[4.34770708,48.87109683],[4.35166044,48.87269913],[4.36801117,48.88410172],[4.36854686,48.88268979],[4.37366615,48.88195388],[4.39541581,48.88670321],[4.39956381,48.88656665],[4.41346258,48.89156884],[4.4132057,48.89255766],[4.42058975,48.89117509],[4.42399327,48.88744606],[4.42432983,48.88349529],[4.42948285,48.87318194],[4.43153789,48.87368446],[4.43306294,48.8730123],[4.43360326,48.87049904],[4.43283107,48.87008555],[4.43642085,48.86182143],[4.43106565,48.85932662],[4.41742662,48.85580385],[4.3847128,48.83801049],[4.38428259,48.83920457]]]]}},{"type":"Feature","properties":{"code":"51340","nom":"Maisons-en-Champagne","departement":"51","region":"44"},"geometry":{"type":"MultiPolygon","coordinates":[[[[4.48267201,48.76137597],[4.49414356,48.7620408],[4.51518166,48.76703996],[4.51468293,48.76626637],[4.51918595,48.75753109],[4.52788969,48.74601256],[4.51000177,48.73728936],[4.51029438,48.72897261],[4.49786534,48.72805605],[4.48192414,48.72539979],[4.46259011,48.72057547],[4.45241365,48.71685586],[4.44503165,48.7108562],[4.43810432,48.70961122],[4.40890501,48.71114528],[4.4029317,48.71218901],[4.40165566,48.71544608],[4.40012373,48.72067619],[4.40316214,48.72416141],[4.40814364,48.72743113],[4.44880062,48.74417751],[4.45490308,48.74844908],[4.46136859,48.75403913],[4.4693685,48.758311],[4.47539045,48.76081847],[4.48267201,48.76137597]]]]}},{"type":"Feature","properties":{"code":"51341","nom":"Malmy","departement":"51","region":"44"},"geometry":{"type":"MultiPolygon","coordinates":[[[[4.81890389,49.19576152],[4.82062517,49.19644054],[4.82290637,49.19501668],[4.82508938,49.19085146],[4.82266225,49.18824255],[4.8203437,49.19128748],[4.8186629,49.19175531],[4.81583018,49.18121627],[4.82083168,49.17829002],[4.8334262,49.17881477],[4.83590481,49.17335878],[4.83571269,49.17010716],[4.82907139,49.17226761],[4.8078335,49.17311174],[4.78654266,49.17525955],[4.78604481,49.17637394],[4.78739899,49.17829089],[4.79241581,49.18214706],[4.79040049,49.18606908],[4.81635419,49.19423167],[4.81890389,49.19576152]]]]}},{"type":"Feature","properties":{"code":"51342","nom":"Mancy","departement":"51","region":"44"},"geometry":{"type":"MultiPolygon","coordinates":[[[[3.93749338,48.97096128],[3.93610801,48.97405666],[3.92768381,48.97721116],[3.9263115,48.97701853],[3.92690455,48.97917132],[3.92067698,48.9855466],[3.91814064,48.98629895],[3.92581975,48.98936941],[3.94600587,48.99451316],[3.94545633,48.99112454],[3.95473197,48.98359967],[3.95538584,48.98312144],[3.9533308,48.97864587],[3.93749338,48.97096128]]]]}},{"type":"Feature","properties":{"code":"51343","nom":"Marcilly-sur-Seine","departement":"51","region":"44"},"geometry":{"type":"MultiPolygon","coordinates":[[[[3.73365571,48.55445675],[3.73072848,48.55230046],[3.72933882,48.54708504],[3.73152936,48.53764288],[3.70815171,48.53530241],[3.69930128,48.54508755],[3.6937056,48.55643896],[3.68973994,48.56803424],[3.69171868,48.57910999],[3.69638325,48.57978985],[3.69874583,48.57944945],[3.69922226,48.57878097],[3.70779484,48.57700581],[3.72445027,48.56011941],[3.73365571,48.55445675]]]]}},{"type":"Feature","properties":{"code":"51344","nom":"Mardeuil","departement":"51","region":"44"},"geometry":{"type":"MultiPolygon","coordinates":[[[[3.92713695,49.04190244],[3.92165017,49.03895473],[3.91445921,49.03790995],[3.90893656,49.03886279],[3.90547772,49.04067928],[3.9022968,49.04724506],[3.8946701,49.05604158],[3.89531895,49.05748717],[3.90378424,49.06471098],[3.90842802,49.06154402],[3.9119841,49.06152787],[3.917627,49.06584877],[3.92575701,49.07006123],[3.93331045,49.07182279],[3.94009928,49.07229771],[3.94255862,49.0713118],[3.95017954,49.06027603],[3.94566157,49.05623642],[3.94552828,49.05357668],[3.94298487,49.04935954],[3.94297515,49.04935153],[3.92999616,49.04429206],[3.92713695,49.04190244]]]]}},{"type":"Feature","properties":{"code":"51345","nom":"Mareuil-en-Brie","departement":"51","region":"44"},"geometry":{"type":"MultiPolygon","coordinates":[[[[3.73819805,48.96968987],[3.740138,48.97067431],[3.74498721,48.97745081],[3.74467709,48.97983398],[3.74905679,48.98313306],[3.75810092,48.98515623],[3.76102541,48.98426184],[3.76346882,48.98215464],[3.77278155,48.97731364],[3.77545521,48.97320472],[3.7758987,48.96795731],[3.7624413,48.95681616],[3.74868348,48.93587932],[3.74112723,48.93265824],[3.7386319,48.93504599],[3.7410418,48.93835131],[3.7434723,48.95100363],[3.73497289,48.95981771],[3.73667399,48.96778291],[3.73819805,48.96968987]]]]}},{"type":"Feature","properties":{"code":"51346","nom":"Mareuil-le-Port","departement":"51","region":"44"},"geometry":{"type":"MultiPolygon","coordinates":[[[[3.72353614,49.05966055],[3.72335347,49.06343913],[3.72635038,49.07361687],[3.72615982,49.07779828],[3.73277032,49.09345312],[3.73654914,49.09286895],[3.7524413,49.08666701],[3.77115244,49.08112464],[3.77761894,49.07199767],[3.77124641,49.07409606],[3.75382049,49.0732409],[3.75087535,49.06871397],[3.75389408,49.05749119],[3.7521574,49.05538717],[3.72537036,49.05589537],[3.72353614,49.05966055]]]]}},{"type":"Feature","properties":{"code":"51348","nom":"Marfaux","departement":"51","region":"44"},"geometry":{"type":"MultiPolygon","coordinates":[[[[3.9276816,49.18265823],[3.92860051,49.18082147],[3.92205558,49.17512016],[3.91975358,49.17136689],[3.89451497,49.15419146],[3.89026304,49.14942434],[3.88741711,49.15076078],[3.88453599,49.15389746],[3.88275159,49.1667068],[3.8835786,49.17137971],[3.88702227,49.17540756],[3.89196471,49.17588715],[3.89898977,49.17822743],[3.89947894,49.18072778],[3.9196955,49.18253246],[3.92237492,49.18365293],[3.92384606,49.18730908],[3.9276816,49.18265823]]]]}},{"type":"Feature","properties":{"code":"51349","nom":"Margerie-Hancourt","departement":"51","region":"44"},"geometry":{"type":"MultiPolygon","coordinates":[[[[4.46028923,48.56879845],[4.46196453,48.57073291],[4.48324249,48.56548159],[4.50831849,48.56315812],[4.51672175,48.56898306],[4.52496758,48.57170993],[4.53202373,48.56998],[4.53465588,48.5744959],[4.55342659,48.57146319],[4.56254432,48.57329617],[4.57437003,48.56447146],[4.58617833,48.5629497],[4.5986667,48.5587706],[4.60089602,48.55738382],[4.61297778,48.55667444],[4.62874369,48.55716137],[4.63490056,48.55527201],[4.64026829,48.55507393],[4.64134097,48.55388136],[4.59579474,48.55227709],[4.58769773,48.54889628],[4.58103894,48.54823732],[4.57722556,48.54891238],[4.56798562,48.54753651],[4.56038607,48.54421119],[4.54750924,48.53585628],[4.54608922,48.5318988],[4.54641065,48.52970645],[4.53761608,48.52748211],[4.5283074,48.52887799],[4.52633265,48.53479844],[4.52760211,48.54033349],[4.52095488,48.54500372],[4.51466602,48.54457655],[4.51102147,48.5479303],[4.51522091,48.55116355],[4.51413775,48.55513881],[4.51005605,48.55717728],[4.50669867,48.55651088],[4.5005268,48.55671037],[4.48438694,48.56190538],[4.47625048,48.56225496],[4.46674093,48.56512658],[4.46028923,48.56879845]]]]}},{"type":"Feature","properties":{"code":"51350","nom":"Margny","departement":"51","region":"44"},"geometry":{"type":"MultiPolygon","coordinates":[[[[3.62889218,48.93483303],[3.64265584,48.94250284],[3.65399436,48.94299188],[3.65911546,48.94214998],[3.66539522,48.93937157],[3.6666628,48.9396442],[3.66575467,48.93236592],[3.67669179,48.92397269],[3.68389208,48.91754497],[3.68343052,48.90868672],[3.68182301,48.90730464],[3.66494735,48.90273388],[3.66179104,48.90211464],[3.65892907,48.90243529],[3.64718672,48.90496613],[3.64476414,48.90839927],[3.64425614,48.9139813],[3.64600991,48.91819678],[3.63737527,48.92890777],[3.62889218,48.93483303]]]]}},{"type":"Feature","properties":{"code":"51351","nom":"Marigny","departement":"51","region":"44"},"geometry":{"type":"MultiPolygon","coordinates":[[[[3.84102256,48.68003222],[3.86680398,48.67894898],[3.87129126,48.67744197],[3.87650525,48.67368334],[3.87282176,48.65878905],[3.86890967,48.65803954],[3.85646767,48.651787],[3.84213742,48.63792471],[3.8182,48.65463393],[3.8310145,48.67278846],[3.83478702,48.67437494],[3.84101354,48.67398217],[3.84102256,48.68003222]]]]}},{"type":"Feature","properties":{"code":"51352","nom":"Marolles","departement":"51","region":"44"},"geometry":{"type":"MultiPolygon","coordinates":[[[[4.62109626,48.70875648],[4.6175246,48.7125528],[4.60248306,48.71491307],[4.6046812,48.72013189],[4.60781502,48.72839042],[4.61380869,48.72965264],[4.62319199,48.73079924],[4.63725921,48.72612969],[4.63764099,48.72533909],[4.63854433,48.72296969],[4.64136302,48.72301461],[4.64135763,48.72028973],[4.63783948,48.71627447],[4.62109626,48.70875648]]]]}},{"type":"Feature","properties":{"code":"51353","nom":"Marsangis","departement":"51","region":"44"},"geometry":{"type":"MultiPolygon","coordinates":[[[[3.86347088,48.62311203],[3.8720861,48.61661651],[3.87145374,48.60788816],[3.87109403,48.60094251],[3.84569708,48.60304171],[3.84461902,48.59876831],[3.83997079,48.59933824],[3.83050655,48.60043645],[3.82744583,48.60415498],[3.82819414,48.60764459],[3.83346175,48.6121866],[3.85263731,48.62784886],[3.86347088,48.62311203]]]]}},{"type":"Feature","properties":{"code":"51354","nom":"Marson","departement":"51","region":"44"},"geometry":{"type":"MultiPolygon","coordinates":[[[[4.57581986,48.92907683],[4.57542163,48.92962983],[4.56453684,48.92841339],[4.55634905,48.92644052],[4.55159257,48.92087262],[4.55001166,48.91151187],[4.55091069,48.90816147],[4.55232609,48.90780943],[4.5430435,48.90385216],[4.53914385,48.9008451],[4.53387698,48.89850753],[4.52434101,48.89459614],[4.51250997,48.88657009],[4.51166504,48.88495004],[4.50085286,48.88998722],[4.5063251,48.89540338],[4.50266597,48.89675715],[4.49889929,48.89968889],[4.50253105,48.90233903],[4.50200157,48.90460418],[4.49287444,48.9139969],[4.48681453,48.92356395],[4.48690136,48.92473932],[4.50444857,48.92969107],[4.5229695,48.93318523],[4.53179317,48.9359914],[4.53751519,48.93872883],[4.53527987,48.94408296],[4.54027198,48.9554271],[4.55599739,48.95561977],[4.57264295,48.95769069],[4.58379361,48.95675602],[4.59080494,48.94861154],[4.60118609,48.94958862],[4.60300325,48.94527674],[4.60722909,48.94553046],[4.60842984,48.94439815],[4.59800438,48.93679526],[4.59635251,48.92936989],[4.59266976,48.92728092],[4.58820177,48.92557191],[4.57816458,48.92910713],[4.57581986,48.92907683]]]]}},{"type":"Feature","properties":{"code":"51355","nom":"Massiges","departement":"51","region":"44"},"geometry":{"type":"MultiPolygon","coordinates":[[[[4.76292153,49.18221281],[4.76160312,49.18124201],[4.74161201,49.17886825],[4.73775926,49.17916491],[4.7272576,49.18833462],[4.72226026,49.19136381],[4.70737431,49.19096334],[4.70395552,49.19638741],[4.70503456,49.19956804],[4.75519779,49.20751819],[4.75739844,49.19258826],[4.76292153,49.18221281]]]]}},{"type":"Feature","properties":{"code":"51356","nom":"Matignicourt-Goncourt","departement":"51","region":"44"},"geometry":{"type":"MultiPolygon","coordinates":[[[[4.66172775,48.68883706],[4.66161623,48.68477307],[4.67568543,48.6797639],[4.6959995,48.68308791],[4.7036588,48.68126665],[4.7047137,48.68057682],[4.70288236,48.67549016],[4.70860093,48.67397426],[4.70961813,48.66756747],[4.70837455,48.66413502],[4.69423224,48.66444306],[4.68688537,48.66392469],[4.68565269,48.66221385],[4.68585657,48.6601543],[4.683032,48.66037236],[4.67336463,48.66362317],[4.66497115,48.66537092],[4.66920919,48.66878887],[4.65752107,48.67041663],[4.64394291,48.67611058],[4.64424528,48.67937576],[4.64256997,48.68062328],[4.64490482,48.68604568],[4.64488637,48.68912993],[4.64949651,48.68985164],[4.66172775,48.68883706]]]]}},{"type":"Feature","properties":{"code":"51357","nom":"Matougues","departement":"51","region":"44"},"geometry":{"type":"MultiPolygon","coordinates":[[[[4.2278703,49.00517608],[4.22924002,49.00858572],[4.2556915,49.00052385],[4.26435644,48.99459449],[4.26457895,48.99368562],[4.26273899,48.99248642],[4.26228423,48.99159998],[4.26341674,48.99068423],[4.2824188,48.98641136],[4.28439501,48.98703144],[4.27381497,48.97741435],[4.2550234,48.97168042],[4.23875661,48.96355763],[4.23123084,48.95975537],[4.22124074,48.9637256],[4.22026158,48.97542872],[4.21750862,48.97635603],[4.22754564,48.99664406],[4.22855646,49.00482732],[4.2278703,49.00517608]]]]}},{"type":"Feature","properties":{"code":"51358","nom":"Maurupt-le-Montois","departement":"51","region":"44"},"geometry":{"type":"MultiPolygon","coordinates":[[[[4.814967,48.74773465],[4.82447599,48.7483895],[4.82719542,48.74978734],[4.82879879,48.75326511],[4.84072106,48.74939874],[4.84686691,48.74941718],[4.84992517,48.75452213],[4.85557031,48.76045588],[4.8670245,48.75697652],[4.87760354,48.75243291],[4.88199854,48.75384095],[4.88264885,48.75493367],[4.88225084,48.75359316],[4.8679053,48.74436485],[4.8773075,48.72747808],[4.88371974,48.72431902],[4.89322794,48.72143889],[4.89588771,48.7195685],[4.89663686,48.71615936],[4.89437652,48.7096545],[4.88542097,48.70823541],[4.87799649,48.70847849],[4.86845018,48.7074741],[4.85069137,48.70325341],[4.84891208,48.7061726],[4.8475461,48.71305834],[4.84674247,48.72247691],[4.84518486,48.72599892],[4.83922805,48.72825818],[4.82866819,48.73027197],[4.82694892,48.73201306],[4.82931103,48.73255086],[4.82476059,48.73524123],[4.81731893,48.73561297],[4.81852046,48.73773855],[4.814967,48.74773465]]]]}},{"type":"Feature","properties":{"code":"51359","nom":"Mécringes","departement":"51","region":"44"},"geometry":{"type":"MultiPolygon","coordinates":[[[[3.50295016,48.87140558],[3.50357697,48.86911685],[3.50904869,48.86726986],[3.53940814,48.86382284],[3.54365153,48.86016852],[3.54381169,48.85422764],[3.54023212,48.84298581],[3.5431055,48.83603067],[3.54905778,48.82853339],[3.55686125,48.82427928],[3.56117393,48.82443809],[3.56304807,48.82392654],[3.56309731,48.82217973],[3.55586587,48.81625791],[3.55487824,48.81751173],[3.54607072,48.82087996],[3.53857243,48.82504476],[3.53696252,48.82862339],[3.53527377,48.832241],[3.52742746,48.83928365],[3.52185822,48.84749937],[3.51310628,48.85267428],[3.50749609,48.85720301],[3.50537653,48.86041362],[3.49032593,48.85879807],[3.48686543,48.85734718],[3.48371154,48.86115696],[3.48308411,48.86390336],[3.48511734,48.86662821],[3.49043463,48.86788358],[3.50295016,48.87140558]]]]}},{"type":"Feature","properties":{"code":"51360","nom":"Le Meix-Saint-Epoing","departement":"51","region":"44"},"geometry":{"type":"MultiPolygon","coordinates":[[[[3.67300073,48.69586849],[3.67312164,48.69291302],[3.66482125,48.6906461],[3.65814299,48.6855174],[3.6621451,48.67887141],[3.66110325,48.67242242],[3.66066883,48.67168454],[3.63563234,48.66411106],[3.64423808,48.68863719],[3.64232249,48.68819238],[3.63650057,48.69350085],[3.62550939,48.69638245],[3.62575018,48.69867665],[3.63224685,48.69925493],[3.63677263,48.70077795],[3.64630045,48.70996337],[3.65159988,48.71750624],[3.66574161,48.71608258],[3.68129904,48.71101981],[3.68329639,48.70962411],[3.68193835,48.70658087],[3.67840316,48.70372541],[3.67234056,48.70116474],[3.67300073,48.69586849]]]]}},{"type":"Feature","properties":{"code":"51361","nom":"Le Meix-Tiercelin","departement":"51","region":"44"},"geometry":{"type":"MultiPolygon","coordinates":[[[[4.45266267,48.66004905],[4.45465573,48.65812743],[4.45871427,48.65650797],[4.46922857,48.6553973],[4.47627742,48.64192894],[4.48114564,48.63747283],[4.48455704,48.6363319],[4.48572004,48.6352702],[4.4981298,48.63633921],[4.49255052,48.63375526],[4.48002898,48.63110728],[4.47472403,48.61990397],[4.47335131,48.61886206],[4.44707399,48.626897],[4.43304255,48.62624978],[4.41633193,48.62773436],[4.41401338,48.63067765],[4.40954054,48.63397386],[4.40382716,48.63653602],[4.39037807,48.63836346],[4.38218004,48.64049832],[4.38301255,48.64189927],[4.39199913,48.64827462],[4.40195226,48.65045466],[4.41588942,48.65055706],[4.44169706,48.65503004],[4.45266267,48.66004905]]]]}},{"type":"Feature","properties":{"code":"51362","nom":"Merfy","departement":"51","region":"44"},"geometry":{"type":"MultiPolygon","coordinates":[[[[3.93170287,49.31247893],[3.93972221,49.30637469],[3.94995336,49.30425482],[3.96529123,49.29531578],[3.97177921,49.28815976],[3.9787951,49.27748296],[3.96800843,49.27351986],[3.9628404,49.2754114],[3.95367075,49.27715819],[3.94711438,49.27772226],[3.94231853,49.27597435],[3.936233,49.27802743],[3.93704637,49.27824946],[3.94069811,49.28840238],[3.94056598,49.29042977],[3.94031911,49.29574301],[3.93464673,49.30108485],[3.93170287,49.31247893]]]]}},{"type":"Feature","properties":{"code":"51363","nom":"Merlaut","departement":"51","region":"44"},"geometry":{"type":"MultiPolygon","coordinates":[[[[4.64085346,48.76726233],[4.64501011,48.7718587],[4.64880083,48.77329345],[4.6491412,48.77273731],[4.65411386,48.77530073],[4.66929591,48.76877171],[4.67136178,48.7692403],[4.67041979,48.76829721],[4.66972225,48.75500191],[4.67523966,48.75378573],[4.67565187,48.75314932],[4.66623607,48.74820912],[4.66311154,48.74791713],[4.65208407,48.75129802],[4.64434245,48.75641385],[4.64085346,48.76726233]]]]}},{"type":"Feature","properties":{"code":"51364","nom":"Méry-Prémecy","departement":"51","region":"44"},"geometry":{"type":"MultiPolygon","coordinates":[[[[3.85566209,49.23788534],[3.86382444,49.23729671],[3.86552632,49.23857104],[3.87412803,49.23505755],[3.88195514,49.23787212],[3.88992438,49.23804552],[3.89641838,49.22923165],[3.89515702,49.22639011],[3.89113255,49.22306373],[3.87819134,49.22176516],[3.86832292,49.21876994],[3.86381558,49.21975533],[3.86025635,49.21965762],[3.86040123,49.21904342],[3.85571528,49.21936448],[3.85219121,49.22123162],[3.85298551,49.22187152],[3.85593789,49.23397703],[3.85566209,49.23788534]]]]}},{"type":"Feature","properties":{"code":"51365","nom":"Les Mesneux","departement":"51","region":"44"},"geometry":{"type":"MultiPolygon","coordinates":[[[[3.93977687,49.22092585],[3.94533309,49.22235329],[3.94718475,49.2235525],[3.95821247,49.22954394],[3.98155119,49.23689306],[3.97970554,49.23499216],[3.97747442,49.23266551],[3.97394284,49.22578835],[3.97271352,49.21925392],[3.97383113,49.21198303],[3.97264418,49.21104138],[3.97107835,49.20979799],[3.96549666,49.21212021],[3.95962119,49.21091292],[3.95707865,49.20952337],[3.9465212,49.21744672],[3.941506,49.21517807],[3.93937466,49.21774987],[3.94142688,49.21844682],[3.93977687,49.22092585]]]]}},{"type":"Feature","properties":{"code":"51367","nom":"Le Mesnil-sur-Oger","departement":"51","region":"44"},"geometry":{"type":"MultiPolygon","coordinates":[[[[4.02120716,48.92606979],[3.9953826,48.93066145],[3.98781154,48.94267793],[3.98908408,48.94742303],[3.99699659,48.947076],[4.00453619,48.94114049],[4.01818806,48.94852026],[4.03095038,48.95312721],[4.04521525,48.9548509],[4.04820793,48.95122749],[4.04577118,48.94250014],[4.0487296,48.93606295],[4.02415719,48.92596457],[4.02120716,48.92606979]]]]}},{"type":"Feature","properties":{"code":"51368","nom":"Minaucourt-le-Mesnil-lès-Hurlus","departement":"51","region":"44"},"geometry":{"type":"MultiPolygon","coordinates":[[[[4.64429977,49.1829861],[4.64367702,49.18367802],[4.6531729,49.19232008],[4.66433829,49.19367974],[4.66798382,49.19491252],[4.67661428,49.20050013],[4.68012481,49.2053691],[4.68283972,49.20664498],[4.6883961,49.20629209],[4.69353239,49.20698525],[4.69549965,49.2028571],[4.69786242,49.20054608],[4.70085967,49.19976013],[4.70514356,49.20004399],[4.70503456,49.19956804],[4.70395552,49.19638741],[4.70737431,49.19096334],[4.72226026,49.19136381],[4.7272576,49.18833462],[4.73775926,49.17916491],[4.73191729,49.17806204],[4.73033591,49.17687706],[4.73390482,49.16254262],[4.73180319,49.16013943],[4.73004734,49.1536341],[4.73617168,49.14766188],[4.72110288,49.14835763],[4.70581272,49.16223802],[4.68436489,49.16695269],[4.67880577,49.16734507],[4.6766143,49.16658247],[4.67098923,49.16667416],[4.66208107,49.1678316],[4.65967716,49.16886204],[4.65130502,49.17480427],[4.64429977,49.1829861]]]]}},{"type":"Feature","properties":{"code":"51369","nom":"Mœurs-Verdey","departement":"51","region":"44"},"geometry":{"type":"MultiPolygon","coordinates":[[[[3.68129904,48.71101981],[3.66574161,48.71608258],[3.65159988,48.71750624],[3.65305209,48.72004557],[3.65193131,48.73219434],[3.63655382,48.73926783],[3.63465607,48.74390736],[3.6424805,48.74670414],[3.66204895,48.74690754],[3.67437556,48.74524475],[3.67919552,48.74754608],[3.68154023,48.75337547],[3.67810917,48.75783821],[3.68818725,48.75984026],[3.70410856,48.75159946],[3.70729618,48.75084578],[3.70705178,48.7484673],[3.69960769,48.74084068],[3.68862007,48.73417579],[3.68562701,48.72327901],[3.68455911,48.71212279],[3.68546728,48.71183065],[3.68129904,48.71101981]]]]}},{"type":"Feature","properties":{"code":"51370","nom":"Moiremont","departement":"51","region":"44"},"geometry":{"type":"MultiPolygon","coordinates":[[[[4.86825488,49.15103758],[4.87321409,49.15881426],[4.88141489,49.16174404],[4.89168822,49.15805231],[4.90255468,49.15606351],[4.92907697,49.15602089],[4.92870374,49.14629513],[4.92596435,49.13544882],[4.92671431,49.12653678],[4.91062457,49.11929006],[4.89700348,49.1145358],[4.89257175,49.11432233],[4.89392695,49.11661505],[4.89230983,49.12234512],[4.88785699,49.12450338],[4.88531252,49.12488594],[4.87368684,49.13171194],[4.86418096,49.13955611],[4.86395023,49.14243844],[4.86786805,49.14814327],[4.86825488,49.15103758]]]]}},{"type":"Feature","properties":{"code":"51371","nom":"Moivre","departement":"51","region":"44"},"geometry":{"type":"MultiPolygon","coordinates":[[[[4.71344071,48.92079707],[4.70705873,48.92122009],[4.70162082,48.92104829],[4.68474437,48.9182358],[4.65993759,48.91699274],[4.6564766,48.91738064],[4.64260565,48.9317966],[4.64508612,48.93365232],[4.63511402,48.94826626],[4.64732215,48.95205395],[4.65379882,48.95499228],[4.66006828,48.95980216],[4.67027611,48.96470712],[4.68005528,48.9679128],[4.6850864,48.96815701],[4.69492797,48.96505736],[4.70844962,48.95908833],[4.70426169,48.95487646],[4.70267197,48.94949784],[4.7099286,48.93395438],[4.71144375,48.92560634],[4.71344071,48.92079707]]]]}},{"type":"Feature","properties":{"code":"51372","nom":"Moncetz-Longevas","departement":"51","region":"44"},"geometry":{"type":"MultiPolygon","coordinates":[[[[4.40930991,48.89955888],[4.40868854,48.89923251],[4.4080245,48.90121186],[4.40848534,48.90357103],[4.43293876,48.91582704],[4.43647158,48.91912878],[4.45363778,48.92793479],[4.47310974,48.93585468],[4.47975931,48.93425994],[4.48392199,48.93120802],[4.4862128,48.92681923],[4.47662454,48.92352267],[4.47457834,48.92394722],[4.46840915,48.921823],[4.43386839,48.90385266],[4.42095909,48.90070921],[4.40930991,48.89955888]]]]}},{"type":"Feature","properties":{"code":"51373","nom":"Moncetz-l'Abbaye","departement":"51","region":"44"},"geometry":{"type":"MultiPolygon","coordinates":[[[[4.68585657,48.6601543],[4.6851019,48.65523562],[4.67123753,48.64274802],[4.6705798,48.64136722],[4.67305055,48.6335538],[4.67132753,48.63200802],[4.66461748,48.63245466],[4.66081734,48.63323826],[4.65512361,48.6368569],[4.64595306,48.6408841],[4.64247428,48.64094831],[4.63731841,48.64429322],[4.64315079,48.64623631],[4.64777024,48.64944375],[4.64977883,48.65268628],[4.66296939,48.6658478],[4.66497115,48.66537092],[4.67336463,48.66362317],[4.683032,48.66037236],[4.68585657,48.6601543]]]]}},{"type":"Feature","properties":{"code":"51374","nom":"Mondement-Montgivroux","departement":"51","region":"44"},"geometry":{"type":"MultiPolygon","coordinates":[[[[3.74214633,48.79473859],[3.75084712,48.80517943],[3.75713876,48.80440673],[3.77216602,48.80013825],[3.77842654,48.80016869],[3.78488901,48.79914247],[3.78436066,48.7956949],[3.78374217,48.78923215],[3.78495561,48.78330239],[3.78158385,48.78127201],[3.77572296,48.77537938],[3.75589429,48.78373802],[3.74511866,48.78410251],[3.74186682,48.78360378],[3.74014647,48.78235616],[3.73587516,48.78463918],[3.74214633,48.79473859]]]]}},{"type":"Feature","properties":{"code":"51375","nom":"Montbré","departement":"51","region":"44"},"geometry":{"type":"MultiPolygon","coordinates":[[[[4.03088807,49.18869826],[4.03202276,49.19091205],[4.03256819,49.19769114],[4.03442987,49.19933312],[4.04268437,49.20323241],[4.05133912,49.2003628],[4.05212353,49.19703645],[4.05788427,49.19743106],[4.05937859,49.19630304],[4.05788438,49.18871236],[4.05505052,49.18629881],[4.0475562,49.18232897],[4.03981131,49.18405675],[4.0396397,49.18507334],[4.03583333,49.18746991],[4.03088807,49.18869826]]]]}},{"type":"Feature","properties":{"code":"51376","nom":"Montgenost","departement":"51","region":"44"},"geometry":{"type":"MultiPolygon","coordinates":[[[[3.61463886,48.5811253],[3.61388715,48.58049409],[3.61505931,48.57825262],[3.6075332,48.57433321],[3.60466353,48.57269712],[3.60289842,48.57963091],[3.59331282,48.58663537],[3.59169153,48.58726863],[3.58261411,48.58499076],[3.58258676,48.58545776],[3.58172846,48.60157108],[3.57982435,48.60476654],[3.5702305,48.62006267],[3.57093171,48.62029049],[3.5766659,48.62255126],[3.58168348,48.62316463],[3.59093095,48.6214127],[3.59656253,48.61708217],[3.60317804,48.60933622],[3.60271744,48.59948947],[3.60814337,48.59607148],[3.6087076,48.59117684],[3.60754203,48.58538336],[3.61463886,48.5811253]]]]}},{"type":"Feature","properties":{"code":"51377","nom":"Montépreux","departement":"51","region":"44"},"geometry":{"type":"MultiPolygon","coordinates":[[[[4.15776729,48.70439522],[4.15045296,48.70137607],[4.14374455,48.69706972],[4.13115207,48.68633862],[4.08823035,48.69867037],[4.09150692,48.70714277],[4.09844932,48.71348006],[4.10228392,48.71850899],[4.10977597,48.73548261],[4.12432875,48.72655459],[4.14869314,48.71535288],[4.15711447,48.71474709],[4.16170795,48.7123151],[4.16009602,48.70760823],[4.15776729,48.70439522]]]]}},{"type":"Feature","properties":{"code":"51378","nom":"Monthelon","departement":"51","region":"44"},"geometry":{"type":"MultiPolygon","coordinates":[[[[3.91814064,48.98629895],[3.9170879,48.98688254],[3.91928058,48.99149521],[3.9233014,48.9917557],[3.94051536,49.00443026],[3.94555455,49.00748592],[3.94587839,49.01018115],[3.94761622,49.01042553],[3.94822988,49.01161669],[3.95044989,49.01153709],[3.94600587,48.99451316],[3.92581975,48.98936941],[3.91814064,48.98629895]]]]}},{"type":"Feature","properties":{"code":"51379","nom":"Montigny-sur-Vesle","departement":"51","region":"44"},"geometry":{"type":"MultiPolygon","coordinates":[[[[3.80098767,49.29904741],[3.78576959,49.30422573],[3.77379471,49.31243603],[3.77073863,49.31302282],[3.77367558,49.32320364],[3.77544044,49.32533453],[3.78647297,49.32116037],[3.79791443,49.32558552],[3.80652797,49.32768491],[3.81416323,49.32823599],[3.82044857,49.32778535],[3.82730166,49.32500668],[3.82912487,49.32463459],[3.82897446,49.32280534],[3.82110168,49.30745709],[3.81692014,49.30350928],[3.81127161,49.29478049],[3.80494752,49.29787127],[3.80098767,49.29904741]]]]}},{"type":"Feature","properties":{"code":"51380","nom":"Montmirail","departement":"51","region":"44"},"geometry":{"type":"MultiPolygon","coordinates":[[[[3.57247956,48.91862104],[3.58291266,48.91799159],[3.60522831,48.91143026],[3.6222226,48.9034239],[3.62641316,48.90228061],[3.59291997,48.88468331],[3.59166276,48.87928998],[3.59446457,48.87389541],[3.6059386,48.87130355],[3.60341045,48.86901852],[3.59984172,48.86193797],[3.58934797,48.85065295],[3.58154264,48.84716569],[3.57972633,48.84987345],[3.57567259,48.84929496],[3.5703049,48.84544446],[3.5713276,48.8320868],[3.56966316,48.82986701],[3.56613577,48.82592385],[3.56117393,48.82443809],[3.55686125,48.82427928],[3.54905778,48.82853339],[3.5431055,48.83603067],[3.54023212,48.84298581],[3.54381169,48.85422764],[3.54365153,48.86016852],[3.53940814,48.86382284],[3.50904869,48.86726986],[3.50357697,48.86911685],[3.50295016,48.87140558],[3.50878507,48.88898961],[3.52114297,48.90515368],[3.5287467,48.91224639],[3.54604435,48.91589908],[3.57247956,48.91862104]]]]}},{"type":"Feature","properties":{"code":"51381","nom":"Montmort-Lucy","departement":"51","region":"44"},"geometry":{"type":"MultiPolygon","coordinates":[[[[3.85121214,48.91984458],[3.84163667,48.92010198],[3.83749292,48.91912288],[3.83213534,48.90964087],[3.82548252,48.90472171],[3.8163193,48.90743303],[3.80143167,48.90660186],[3.80149245,48.90815729],[3.80186369,48.91578285],[3.79107401,48.92185122],[3.7825561,48.92286942],[3.77721065,48.92241498],[3.77346259,48.92080969],[3.76432783,48.92174423],[3.76942165,48.92420632],[3.77305294,48.92419104],[3.77783625,48.9264704],[3.78215084,48.93249644],[3.78644016,48.95023846],[3.79799391,48.95101733],[3.80726206,48.95424668],[3.82126761,48.95628647],[3.82587119,48.96051477],[3.82445307,48.96246159],[3.82202541,48.96362304],[3.83381119,48.96348951],[3.85145502,48.96062451],[3.85658781,48.96073903],[3.86137685,48.95889805],[3.86175154,48.95769211],[3.86529101,48.95415128],[3.87873072,48.94584023],[3.86993663,48.93105769],[3.86709575,48.92799813],[3.88111302,48.92229851],[3.87787363,48.9188428],[3.87225132,48.92257828],[3.86336264,48.9257606],[3.85557813,48.92701702],[3.85092563,48.92635768],[3.85212981,48.92438411],[3.85121214,48.91984458]]]]}},{"type":"Feature","properties":{"code":"51382","nom":"Mont-sur-Courville","departement":"51","region":"44"},"geometry":{"type":"MultiPolygon","coordinates":[[[[3.67978807,49.27038406],[3.69315438,49.25759253],[3.69371614,49.24971306],[3.68594346,49.24693371],[3.67502882,49.24007914],[3.67077853,49.2396003],[3.66841526,49.24106444],[3.66379618,49.25357007],[3.66125288,49.25659482],[3.65673537,49.2578808],[3.65498033,49.26039766],[3.65532077,49.26298133],[3.65815821,49.26596045],[3.66178931,49.2683463],[3.66512649,49.26943282],[3.67978807,49.27038406]]]]}},{"type":"Feature","properties":{"code":"51384","nom":"Morangis","departement":"51","region":"44"},"geometry":{"type":"MultiPolygon","coordinates":[[[[3.91928058,48.99149521],[3.9170879,48.98688254],[3.91814064,48.98629895],[3.92067698,48.9855466],[3.92690455,48.97917132],[3.9263115,48.97701853],[3.92136033,48.97268614],[3.89477489,48.9607839],[3.86175154,48.95769211],[3.86137685,48.95889805],[3.85658781,48.96073903],[3.85145502,48.96062451],[3.85185675,48.96272149],[3.85672905,48.9639233],[3.87349353,48.97072325],[3.89560932,48.98734245],[3.904887,48.98270183],[3.91214034,48.98665767],[3.91557563,48.99046869],[3.91836139,48.99175404],[3.91928058,48.99149521]]]]}},{"type":"Feature","properties":{"code":"51409","nom":"Nuisement-sur-Coole","departement":"51","region":"44"},"geometry":{"type":"MultiPolygon","coordinates":[[[[4.33583569,48.87126679],[4.32687872,48.86948571],[4.31169242,48.86919079],[4.30643187,48.87128915],[4.30064438,48.87195929],[4.28480306,48.85778803],[4.26880134,48.85016154],[4.26192894,48.84518025],[4.25890014,48.85005746],[4.2517161,48.85810274],[4.24203734,48.86670319],[4.25285422,48.86920956],[4.25897892,48.87300382],[4.28615108,48.89549628],[4.28844345,48.8923282],[4.29461128,48.88913891],[4.30452799,48.88689246],[4.31933507,48.88133186],[4.33583569,48.87126679]]]]}},{"type":"Feature","properties":{"code":"51386","nom":"Morsains","departement":"51","region":"44"},"geometry":{"type":"MultiPolygon","coordinates":[[[[3.55586587,48.81625791],[3.55808119,48.81341815],[3.55959809,48.80502972],[3.5588986,48.79553365],[3.5610599,48.79270393],[3.57140733,48.7917609],[3.57175889,48.79502313],[3.60520223,48.78727202],[3.60376194,48.77878261],[3.57986935,48.7845915],[3.57379448,48.78392289],[3.57427532,48.78136178],[3.56813326,48.77998087],[3.56116099,48.79058538],[3.55596852,48.79254694],[3.54602908,48.79258288],[3.52663089,48.78471658],[3.52586751,48.78311182],[3.52041922,48.78445419],[3.51987899,48.78610334],[3.52020441,48.80591006],[3.51824214,48.81753583],[3.51570947,48.81744425],[3.51496334,48.82035873],[3.51672372,48.82263014],[3.53152939,48.8280172],[3.53696252,48.82862339],[3.53857243,48.82504476],[3.54607072,48.82087996],[3.55487824,48.81751173],[3.55586587,48.81625791]]]]}},{"type":"Feature","properties":{"code":"51387","nom":"Moslins","departement":"51","region":"44"},"geometry":{"type":"MultiPolygon","coordinates":[[[[3.93920682,48.95904391],[3.93661387,48.95095697],[3.93513998,48.94097804],[3.93642854,48.94074045],[3.93450074,48.94065568],[3.9292658,48.94336014],[3.92048075,48.94546306],[3.90946282,48.94780981],[3.90695841,48.94763454],[3.90315064,48.94756886],[3.89687557,48.94591269],[3.87873072,48.94584023],[3.86529101,48.95415128],[3.86175154,48.95769211],[3.89477489,48.9607839],[3.92136033,48.97268614],[3.9263115,48.97701853],[3.92768381,48.97721116],[3.93610801,48.97405666],[3.93749338,48.97096128],[3.9384312,48.96706901],[3.93781204,48.96288134],[3.93920682,48.95904391]]]]}},{"type":"Feature","properties":{"code":"51388","nom":"Mourmelon-le-Grand","departement":"51","region":"44"},"geometry":{"type":"MultiPolygon","coordinates":[[[[4.42953845,49.1219749],[4.44150778,49.11612184],[4.44669618,49.11152461],[4.43917902,49.1077399],[4.4355334,49.10988684],[4.42836172,49.10985263],[4.4212949,49.1067485],[4.41930697,49.10828002],[4.40971317,49.11204742],[4.40198414,49.1192193],[4.39067552,49.1191968],[4.39064156,49.11731869],[4.38531772,49.11695208],[4.36309461,49.11929669],[4.3528949,49.1246984],[4.32819864,49.13775593],[4.34504026,49.14598366],[4.3592382,49.15168607],[4.37573043,49.1557951],[4.38187643,49.15671832],[4.39285839,49.15499657],[4.42715887,49.13496836],[4.41908118,49.12714974],[4.42862963,49.12131217],[4.42953845,49.1219749]]]]}},{"type":"Feature","properties":{"code":"51389","nom":"Mourmelon-le-Petit","departement":"51","region":"44"},"geometry":{"type":"MultiPolygon","coordinates":[[[[4.32819864,49.13775593],[4.3528949,49.1246984],[4.34811191,49.12380881],[4.33955928,49.12427033],[4.31920705,49.11962235],[4.31045252,49.11923156],[4.30160671,49.11978261],[4.2729853,49.12766116],[4.2713634,49.12834822],[4.26702649,49.13512001],[4.29107712,49.14662409],[4.29946346,49.15286865],[4.32819864,49.13775593]]]]}},{"type":"Feature","properties":{"code":"51390","nom":"Moussy","departement":"51","region":"44"},"geometry":{"type":"MultiPolygon","coordinates":[[[[3.92512196,49.02454835],[3.9309652,49.01503681],[3.93657972,49.01153191],[3.94587839,49.01018115],[3.94555455,49.00748592],[3.94051536,49.00443026],[3.93010186,49.00652486],[3.9203222,49.00547887],[3.91878871,49.00633772],[3.91797411,49.00843023],[3.91739574,49.01113062],[3.91464978,49.01456963],[3.9096125,49.01912932],[3.90758988,49.01972823],[3.91470926,49.02516588],[3.92438372,49.02517092],[3.92512196,49.02454835]]]]}},{"type":"Feature","properties":{"code":"51391","nom":"Muizon","departement":"51","region":"44"},"geometry":{"type":"MultiPolygon","coordinates":[[[[3.9243372,49.26718523],[3.91025568,49.26968009],[3.90346106,49.26696037],[3.88635411,49.26260922],[3.88225826,49.26601507],[3.87415449,49.26415195],[3.86518683,49.26546173],[3.85818426,49.27014168],[3.85526563,49.27243421],[3.85340576,49.27221094],[3.85140718,49.27315733],[3.8449086,49.27795876],[3.84719402,49.28166551],[3.84884528,49.28205307],[3.86097191,49.27797828],[3.86383099,49.27713346],[3.87273601,49.27662977],[3.88981222,49.27883621],[3.89470558,49.27900411],[3.89942543,49.27749105],[3.90447384,49.27710181],[3.9059886,49.27838592],[3.92522604,49.2778489],[3.92348387,49.27024935],[3.92463271,49.26964989],[3.9243372,49.26718523]]]]}},{"type":"Feature","properties":{"code":"51392","nom":"Mutigny","departement":"51","region":"44"},"geometry":{"type":"MultiPolygon","coordinates":[[[[4.01473984,49.09228426],[4.02543638,49.0813653],[4.03446726,49.06689329],[4.03505879,49.06348014],[4.03142678,49.06381531],[4.02504649,49.06219105],[4.0187703,49.06250341],[4.01234043,49.06588397],[4.01054972,49.06788452],[4.0099061,49.0743319],[4.0080924,49.07876134],[4.00454392,49.08354335],[4.00084264,49.08604612],[4.00707596,49.08647694],[4.01102179,49.08796526],[4.01156546,49.09000817],[4.01400684,49.0921196],[4.01473984,49.09228426]]]]}},{"type":"Feature","properties":{"code":"51393","nom":"Nanteuil-la-Forêt","departement":"51","region":"44"},"geometry":{"type":"MultiPolygon","coordinates":[[[[3.9460699,49.13596738],[3.94890255,49.13298418],[3.94732177,49.13196171],[3.94657887,49.129699],[3.95172589,49.12704994],[3.9574187,49.12616316],[3.95407555,49.11208993],[3.94891595,49.10865185],[3.94191688,49.10750108],[3.9397768,49.10352819],[3.93318039,49.10506859],[3.92748621,49.10768517],[3.91891223,49.11561959],[3.91648837,49.11658669],[3.90242602,49.11572912],[3.8961918,49.11610662],[3.89103248,49.11551014],[3.88875461,49.1161537],[3.8913112,49.12168168],[3.88832288,49.12461074],[3.8888966,49.12563063],[3.89455751,49.12570287],[3.90253773,49.1274146],[3.90694146,49.13306499],[3.90684287,49.14081904],[3.91222883,49.14666049],[3.92307499,49.15645834],[3.93259056,49.15838197],[3.93490217,49.15824266],[3.93681492,49.15583521],[3.9402632,49.15435713],[3.93933801,49.15413687],[3.93628046,49.15341891],[3.93347353,49.15017326],[3.928453,49.14331122],[3.92860898,49.14169157],[3.93191725,49.1378788],[3.94018934,49.13277024],[3.9460699,49.13596738]]]]}},{"type":"Feature","properties":{"code":"51395","nom":"Nesle-la-Reposte","departement":"51","region":"44"},"geometry":{"type":"MultiPolygon","coordinates":[[[[3.55550461,48.62022852],[3.54719705,48.62722839],[3.53724171,48.63164626],[3.53430676,48.63234759],[3.51928582,48.63308416],[3.51875484,48.63537573],[3.52108534,48.63772048],[3.53360306,48.64651804],[3.53811557,48.64734508],[3.53953835,48.64907199],[3.5402291,48.64812978],[3.56347824,48.64770009],[3.5690195,48.64820267],[3.57293247,48.6317759],[3.57093171,48.62029049],[3.5702305,48.62006267],[3.57982435,48.60476654],[3.57072097,48.6040711],[3.56330713,48.60684101],[3.56379599,48.61029291],[3.56278017,48.61334084],[3.55550461,48.62022852]]]]}},{"type":"Feature","properties":{"code":"51396","nom":"Nesle-le-Repons","departement":"51","region":"44"},"geometry":{"type":"MultiPolygon","coordinates":[[[[3.72562157,49.02757882],[3.71660009,49.02664746],[3.70871579,49.03146728],[3.70060038,49.05058518],[3.70602693,49.05065322],[3.71125707,49.05176164],[3.72113104,49.05948708],[3.72353614,49.05966055],[3.72537036,49.05589537],[3.72332969,49.05515685],[3.72838673,49.04747953],[3.72621588,49.03780736],[3.72278975,49.03387511],[3.72562157,49.02757882]]]]}},{"type":"Feature","properties":{"code":"51397","nom":"La Neuville-aux-Bois","departement":"51","region":"44"},"geometry":{"type":"MultiPolygon","coordinates":[[[[4.94142608,48.96006373],[4.9295978,48.958775],[4.93137051,48.96056795],[4.91872957,48.95964745],[4.90364694,48.95992476],[4.90206706,48.96087362],[4.89512584,48.96202155],[4.88955574,48.96012159],[4.88665515,48.95724481],[4.88526674,48.95413821],[4.88025866,48.95263915],[4.871676,48.95472447],[4.86414051,48.9544533],[4.85575659,48.95662162],[4.85003141,48.96339416],[4.85351593,48.96484158],[4.85438714,48.9696565],[4.84865061,48.96904888],[4.84602861,48.9750042],[4.85893451,48.97960442],[4.86488622,48.9798889],[4.88520974,48.97569443],[4.90343482,48.97752304],[4.92939562,48.98155708],[4.93475332,48.98084293],[4.93660133,48.96992744],[4.9379949,48.96747178],[4.93934352,48.96754982],[4.94142608,48.96006373]]]]}},{"type":"Feature","properties":{"code":"51398","nom":"La Neuville-aux-Larris","departement":"51","region":"44"},"geometry":{"type":"MultiPolygon","coordinates":[[[[3.8023336,49.13846995],[3.80322761,49.13974165],[3.80515871,49.1396658],[3.82413067,49.14742451],[3.84176977,49.14552757],[3.85953872,49.14244565],[3.84934983,49.13805559],[3.84050928,49.13888103],[3.82987567,49.1446499],[3.82128054,49.14332241],[3.80964462,49.14031725],[3.8064987,49.13718423],[3.8023336,49.13846995]]]]}},{"type":"Feature","properties":{"code":"51399","nom":"La Neuville-au-Pont","departement":"51","region":"44"},"geometry":{"type":"MultiPolygon","coordinates":[[[[4.81636158,49.13979731],[4.83262089,49.14758619],[4.8418376,49.15152029],[4.85583826,49.14918103],[4.86825488,49.15103758],[4.86786805,49.14814327],[4.86395023,49.14243844],[4.86418096,49.13955611],[4.87368684,49.13171194],[4.88531252,49.12488594],[4.88785699,49.12450338],[4.89230983,49.12234512],[4.89392695,49.11661505],[4.89257175,49.11432233],[4.88665571,49.11529665],[4.87795499,49.11531411],[4.86329203,49.11126215],[4.84718796,49.10860388],[4.84246012,49.11086723],[4.83659536,49.11647173],[4.83547532,49.12093967],[4.83056194,49.12718939],[4.81768133,49.1279162],[4.81920218,49.13579199],[4.81636158,49.13979731]]]]}},{"type":"Feature","properties":{"code":"51402","nom":"Neuvy","departement":"51","region":"44"},"geometry":{"type":"MultiPolygon","coordinates":[[[[3.47547406,48.74413293],[3.49635555,48.75133149],[3.51382725,48.76256509],[3.5320642,48.76483271],[3.54400531,48.7589399],[3.55905481,48.75688358],[3.55859117,48.75334472],[3.53410528,48.74784163],[3.530269,48.74105994],[3.53160354,48.72895027],[3.5295725,48.72346909],[3.52337999,48.72452987],[3.51824546,48.72358897],[3.51628368,48.71738858],[3.51355436,48.71850758],[3.51247735,48.72192742],[3.48518482,48.72516167],[3.46872268,48.72892865],[3.46664057,48.72886215],[3.46971547,48.73788311],[3.46740866,48.73857933],[3.47547406,48.74413293]]]]}},{"type":"Feature","properties":{"code":"51403","nom":"Nogent-l'Abbesse","departement":"51","region":"44"},"geometry":{"type":"MultiPolygon","coordinates":[[[[4.13379096,49.23261137],[4.13561709,49.23749331],[4.13513301,49.24965341],[4.13668951,49.25198443],[4.14216316,49.25623118],[4.14822277,49.25874049],[4.16006037,49.25976366],[4.19073422,49.26041332],[4.19214018,49.24871231],[4.19113226,49.24675148],[4.17966504,49.24199923],[4.16945981,49.23934383],[4.16341481,49.23858863],[4.16361315,49.23715177],[4.16059621,49.23695427],[4.15286005,49.23121137],[4.15021221,49.22827055],[4.15069885,49.2260793],[4.1417755,49.22736804],[4.14261367,49.22970134],[4.14141859,49.23222022],[4.13379096,49.23261137]]]]}},{"type":"Feature","properties":{"code":"51404","nom":"Noirlieu","departement":"51","region":"44"},"geometry":{"type":"MultiPolygon","coordinates":[[[[4.82151509,48.95516972],[4.82504579,48.9546258],[4.83612496,48.94417278],[4.83754043,48.94087063],[4.83430232,48.93872457],[4.82761551,48.93366092],[4.82454873,48.92964102],[4.82451763,48.92560183],[4.82145365,48.91821043],[4.8207493,48.91738909],[4.81720528,48.91669901],[4.7962152,48.92494559],[4.77036217,48.93177973],[4.77719175,48.94387201],[4.78926543,48.95263587],[4.79389829,48.9599261],[4.79847545,48.96272593],[4.80359388,48.96146444],[4.81084471,48.9583707],[4.81937626,48.95318107],[4.82151509,48.95516972]]]]}},{"type":"Feature","properties":{"code":"51406","nom":"Norrois","departement":"51","region":"44"},"geometry":{"type":"MultiPolygon","coordinates":[[[[4.60656575,48.67216776],[4.61808032,48.67589043],[4.62774588,48.68326824],[4.64256997,48.68062328],[4.64424528,48.67937576],[4.64394291,48.67611058],[4.64137961,48.6719175],[4.63659981,48.66936611],[4.62610194,48.66632139],[4.61862606,48.66100269],[4.61319073,48.65839449],[4.60747716,48.66231235],[4.60611778,48.66151918],[4.60559398,48.66967263],[4.60719565,48.67193436],[4.60656575,48.67216776]]]]}},{"type":"Feature","properties":{"code":"51407","nom":"La Noue","departement":"51","region":"44"},"geometry":{"type":"MultiPolygon","coordinates":[[[[3.65159988,48.71750624],[3.64752012,48.71691861],[3.6298571,48.72229297],[3.61265106,48.72427948],[3.60801466,48.72306015],[3.60561373,48.7231641],[3.60265499,48.72464519],[3.59912387,48.72756099],[3.59580728,48.74181038],[3.59616055,48.75036044],[3.59948032,48.75554162],[3.60277155,48.75689758],[3.60130723,48.7582622],[3.60108556,48.76051277],[3.60399528,48.76272866],[3.61100745,48.76496134],[3.63036765,48.75491667],[3.63465607,48.74390736],[3.63655382,48.73926783],[3.65193131,48.73219434],[3.65305209,48.72004557],[3.65159988,48.71750624]]]]}},{"type":"Feature","properties":{"code":"51410","nom":"Œuilly","departement":"51","region":"44"},"geometry":{"type":"MultiPolygon","coordinates":[[[[3.77115244,49.08112464],[3.77849177,49.08100359],[3.78141842,49.08227942],[3.78733356,49.08247281],[3.79452127,49.08307742],[3.80517369,49.07652615],[3.81801088,49.07321678],[3.81557862,49.07155183],[3.81164537,49.06307391],[3.81073695,49.05791865],[3.81221244,49.04405282],[3.81340733,49.04034627],[3.81683931,49.03644826],[3.8085794,49.03922608],[3.80166834,49.03817537],[3.79438545,49.04837944],[3.78748784,49.05404577],[3.78531116,49.05784475],[3.78243224,49.06854323],[3.78005998,49.07095948],[3.77761894,49.07199767],[3.77115244,49.08112464]]]]}},{"type":"Feature","properties":{"code":"51412","nom":"Ognes","departement":"51","region":"44"},"geometry":{"type":"MultiPolygon","coordinates":[[[[3.89987736,48.70944551],[3.90088627,48.71017998],[3.91464862,48.7116287],[3.92356866,48.70045744],[3.92895985,48.68518864],[3.90354557,48.67815449],[3.89954391,48.67909956],[3.8964891,48.68892997],[3.88942389,48.69321326],[3.88818033,48.69695188],[3.88939667,48.70127661],[3.89987736,48.70944551]]]]}},{"type":"Feature","properties":{"code":"51413","nom":"Oiry","departement":"51","region":"44"},"geometry":{"type":"MultiPolygon","coordinates":[[[[4.04857923,48.99320648],[4.04516402,48.99354114],[4.04491098,48.98557924],[4.04802225,48.97982089],[4.03933627,48.97814013],[4.03807766,48.98215829],[4.0315843,48.98225927],[4.02889395,48.98142535],[4.02367098,48.98178749],[4.02448875,48.99832017],[4.02435397,49.000842],[4.03282401,49.03384433],[4.04781908,49.03107062],[4.05486056,49.02708821],[4.05477434,49.02634438],[4.05870859,49.0260121],[4.05738289,49.01919837],[4.04857923,48.99320648]]]]}},{"type":"Feature","properties":{"code":"51414","nom":"Olizy","departement":"51","region":"44"},"geometry":{"type":"MultiPolygon","coordinates":[[[[3.74875612,49.15864425],[3.75370096,49.15958803],[3.76447743,49.1531571],[3.77499814,49.13805387],[3.77648701,49.13782399],[3.77645419,49.13664005],[3.77482202,49.13699853],[3.7701307,49.13602972],[3.76501334,49.13310783],[3.75871996,49.13367276],[3.75858591,49.13527945],[3.75571838,49.13587473],[3.74762563,49.14358039],[3.73956936,49.15688844],[3.74876785,49.15708513],[3.74875612,49.15864425]]]]}},{"type":"Feature","properties":{"code":"51415","nom":"Omey","departement":"51","region":"44"},"geometry":{"type":"MultiPolygon","coordinates":[[[[4.49925555,48.8413384],[4.49397574,48.84407506],[4.48148041,48.8447045],[4.47830652,48.84619733],[4.47701944,48.84704346],[4.47823001,48.84820863],[4.4832029,48.85059008],[4.49618666,48.85220759],[4.52386166,48.86121027],[4.52580274,48.86208772],[4.52916036,48.86612312],[4.53157711,48.8655948],[4.5360284,48.86198388],[4.53653252,48.86160412],[4.52092599,48.850031],[4.50039464,48.84246918],[4.49925555,48.8413384]]]]}},{"type":"Feature","properties":{"code":"51416","nom":"Orbais-l'Abbaye","departement":"51","region":"44"},"geometry":{"type":"MultiPolygon","coordinates":[[[[3.70984026,48.97287719],[3.71378354,48.96718303],[3.72236285,48.94716325],[3.73103789,48.94326531],[3.73526945,48.93800735],[3.73522205,48.9288591],[3.73673778,48.92785246],[3.70726526,48.92708757],[3.68547413,48.92784281],[3.67868859,48.92556035],[3.67669179,48.92397269],[3.66575467,48.93236592],[3.6666628,48.9396442],[3.67270929,48.94812122],[3.67965571,48.9537322],[3.69355855,48.96229458],[3.70030556,48.96850977],[3.70489528,48.97125801],[3.70984026,48.97287719]]]]}},{"type":"Feature","properties":{"code":"51417","nom":"Orconte","departement":"51","region":"44"},"geometry":{"type":"MultiPolygon","coordinates":[[[[4.69927041,48.6582346],[4.69423224,48.66444306],[4.70837455,48.66413502],[4.70961813,48.66756747],[4.70860093,48.67397426],[4.70288236,48.67549016],[4.7047137,48.68057682],[4.71484298,48.68287956],[4.72147721,48.68299718],[4.73297173,48.68029358],[4.74958744,48.67943462],[4.7497743,48.68034956],[4.77526779,48.67151199],[4.77712442,48.67174253],[4.78166876,48.670201],[4.77876513,48.66446741],[4.7727118,48.65650167],[4.74439752,48.65646696],[4.72692752,48.65492382],[4.71290225,48.65578483],[4.70423192,48.65879533],[4.69927041,48.6582346]]]]}},{"type":"Feature","properties":{"code":"51418","nom":"Ormes","departement":"51","region":"44"},"geometry":{"type":"MultiPolygon","coordinates":[[[[3.93687537,49.22972332],[3.93443272,49.23121944],[3.93920115,49.23366649],[3.93960632,49.2376039],[3.93667861,49.24334015],[3.95732007,49.249858],[3.96582399,49.2481],[3.98426748,49.24571675],[3.98225343,49.23707075],[3.98155119,49.23689306],[3.95821247,49.22954394],[3.94718475,49.2235525],[3.93687537,49.22972332]]]]}},{"type":"Feature","properties":{"code":"51419","nom":"Outines","departement":"51","region":"44"},"geometry":{"type":"MultiPolygon","coordinates":[[[[4.67006818,48.53193391],[4.66982115,48.53485443],[4.66628489,48.53774821],[4.65686608,48.53827664],[4.65104735,48.53691887],[4.6492231,48.54047485],[4.64653634,48.54073793],[4.63500684,48.54447176],[4.64234339,48.55235145],[4.64308822,48.55371688],[4.64134097,48.55388136],[4.64026829,48.55507393],[4.63490056,48.55527201],[4.62874369,48.55716137],[4.62978537,48.55910314],[4.63534068,48.56112418],[4.64699893,48.55930149],[4.65540254,48.56393008],[4.65804872,48.5668039],[4.66100874,48.57755857],[4.66430582,48.58138315],[4.6668151,48.58259596],[4.68124705,48.5841825],[4.68202161,48.58152903],[4.69632186,48.57594286],[4.70000713,48.57080129],[4.70069585,48.56687483],[4.69996198,48.5629327],[4.69736445,48.56091566],[4.69050414,48.55091178],[4.68297161,48.54943235],[4.67854859,48.54749739],[4.67702704,48.54589659],[4.67454283,48.53918518],[4.67492666,48.53762767],[4.67393993,48.53477311],[4.67006818,48.53193391]]]]}},{"type":"Feature","properties":{"code":"51420","nom":"Outrepont","departement":"51","region":"44"},"geometry":{"type":"MultiPolygon","coordinates":[[[[4.67136178,48.7692403],[4.67774206,48.77153656],[4.69115036,48.77308999],[4.70135468,48.77123494],[4.70174336,48.77038288],[4.70415313,48.77032693],[4.7099004,48.77215374],[4.71126259,48.76945073],[4.70995467,48.76803639],[4.70894265,48.76630565],[4.69837768,48.76193405],[4.69041888,48.76017221],[4.68227398,48.75498316],[4.6814113,48.75396616],[4.67523966,48.75378573],[4.66972225,48.75500191],[4.67041979,48.76829721],[4.67136178,48.7692403]]]]}},{"type":"Feature","properties":{"code":"51421","nom":"Oyes","departement":"51","region":"44"},"geometry":{"type":"MultiPolygon","coordinates":[[[[3.79667274,48.8175293],[3.79740787,48.81278816],[3.79274488,48.80113229],[3.79248238,48.79675929],[3.7902477,48.7942908],[3.78436066,48.7956949],[3.78488901,48.79914247],[3.77842654,48.80016869],[3.77216602,48.80013825],[3.75713876,48.80440673],[3.75084712,48.80517943],[3.75233419,48.80906358],[3.75165653,48.81051318],[3.74097271,48.81859258],[3.72878532,48.82449012],[3.74073562,48.8233788],[3.75235993,48.81802141],[3.75897914,48.8161628],[3.76599138,48.81735835],[3.77198937,48.82131938],[3.79667274,48.8175293]]]]}},{"type":"Feature","properties":{"code":"51422","nom":"Pargny-lès-Reims","departement":"51","region":"44"},"geometry":{"type":"MultiPolygon","coordinates":[[[[3.93687537,49.22972332],[3.94718475,49.2235525],[3.94533309,49.22235329],[3.93977687,49.22092585],[3.91787389,49.21330507],[3.91068001,49.20949092],[3.90810473,49.20826693],[3.90334139,49.20769945],[3.90018084,49.21714448],[3.90561588,49.21895046],[3.91991367,49.22521298],[3.93687537,49.22972332]]]]}},{"type":"Feature","properties":{"code":"51423","nom":"Pargny-sur-Saulx","departement":"51","region":"44"},"geometry":{"type":"MultiPolygon","coordinates":[[[[4.88264885,48.75493367],[4.88199854,48.75384095],[4.87760354,48.75243291],[4.8670245,48.75697652],[4.85557031,48.76045588],[4.84992517,48.75452213],[4.84686691,48.74941718],[4.84072106,48.74939874],[4.82879879,48.75326511],[4.82975869,48.75600241],[4.82930633,48.75835291],[4.82782591,48.76037368],[4.82409363,48.76240455],[4.82044566,48.76869468],[4.82096386,48.77422399],[4.82523389,48.77699443],[4.8494882,48.77909355],[4.85793458,48.78111709],[4.85884632,48.78229222],[4.86295281,48.78067369],[4.86809981,48.78006523],[4.8714735,48.78023013],[4.87167005,48.78077583],[4.8774331,48.77947179],[4.88866905,48.7660501],[4.88909204,48.76254646],[4.88528486,48.76225576],[4.88199978,48.76002696],[4.88166596,48.75699499],[4.88264885,48.75493367]]]]}},{"type":"Feature","properties":{"code":"51424","nom":"Passavant-en-Argonne","departement":"51","region":"44"},"geometry":{"type":"MultiPolygon","coordinates":[[[[4.9854305,49.01423579],[4.98308722,49.01525225],[4.97436136,49.01460548],[4.97088971,49.01655952],[4.97031464,49.01841466],[4.97070037,49.02057874],[4.96693175,49.02095357],[4.96865182,49.02285472],[4.99061933,49.0279522],[4.99953385,49.03218984],[5.00931044,49.03533396],[5.01533394,49.03410328],[5.02018023,49.03078645],[5.03652335,49.02445865],[5.03527134,49.02256129],[5.0241909,49.01727981],[5.00885212,49.01150829],[5.00121032,49.01397101],[4.9854305,49.01423579]]]]}},{"type":"Feature","properties":{"code":"51425","nom":"Passy-Grigny","departement":"51","region":"44"},"geometry":{"type":"MultiPolygon","coordinates":[[[[3.70974535,49.13228754],[3.70580887,49.13098538],[3.69195775,49.11886197],[3.69458145,49.11521704],[3.70437422,49.11102136],[3.70540439,49.10550177],[3.70049042,49.10608976],[3.69423763,49.10856899],[3.69207482,49.11152345],[3.68030857,49.11499111],[3.66570853,49.11487678],[3.65719509,49.11763718],[3.64159464,49.11543581],[3.65325658,49.1251088],[3.6534943,49.12712065],[3.65237754,49.13058922],[3.65107524,49.13162666],[3.64488669,49.13210505],[3.64278838,49.13769259],[3.66219444,49.13679615],[3.67192677,49.13535037],[3.68225705,49.13741955],[3.68978478,49.13993013],[3.69800201,49.14870483],[3.70562906,49.14534984],[3.71696541,49.14698037],[3.71518463,49.14526377],[3.71941809,49.14219594],[3.71915914,49.14022662],[3.70974535,49.13228754]]]]}},{"type":"Feature","properties":{"code":"51426","nom":"Péas","departement":"51","region":"44"},"geometry":{"type":"MultiPolygon","coordinates":[[[[3.79741846,48.7271807],[3.79396822,48.7239845],[3.79199688,48.72523527],[3.78046458,48.72408886],[3.77314234,48.72050626],[3.76718596,48.72007787],[3.76501723,48.73025578],[3.7587331,48.7287704],[3.75598637,48.73297662],[3.7506257,48.7362431],[3.75332268,48.73787932],[3.78873734,48.7530987],[3.79214622,48.7506836],[3.80267839,48.74609711],[3.80329235,48.7437472],[3.79937567,48.74428978],[3.79741846,48.7271807]]]]}},{"type":"Feature","properties":{"code":"51428","nom":"Les Petites-Loges","departement":"51","region":"44"},"geometry":{"type":"MultiPolygon","coordinates":[[[[4.2394902,49.15351463],[4.24040575,49.1520755],[4.24002156,49.14370176],[4.23702879,49.13678362],[4.23353001,49.13211765],[4.25009043,49.11770601],[4.24665291,49.11706368],[4.22761417,49.11816859],[4.22216286,49.11670084],[4.21838047,49.12054106],[4.21881467,49.13090623],[4.2235889,49.1407219],[4.22102739,49.14298959],[4.2394902,49.15351463]]]]}},{"type":"Feature","properties":{"code":"51429","nom":"Pévy","departement":"51","region":"44"},"geometry":{"type":"MultiPolygon","coordinates":[[[[3.82897446,49.32280534],[3.84162082,49.32622564],[3.85445744,49.32824089],[3.86535163,49.32361729],[3.88102808,49.32221395],[3.88500805,49.31836154],[3.88172549,49.31747309],[3.8774111,49.31428348],[3.87484645,49.31362336],[3.86404487,49.30963774],[3.84712574,49.30691325],[3.82110168,49.30745709],[3.82897446,49.32280534]]]]}},{"type":"Feature","properties":{"code":"51430","nom":"Pierre-Morains","departement":"51","region":"44"},"geometry":{"type":"MultiPolygon","coordinates":[[[[4.05124287,48.85663032],[4.05403139,48.85345429],[4.04089104,48.84995462],[4.04505228,48.84535925],[4.04608495,48.83590999],[4.04303352,48.82939786],[4.04167607,48.82889073],[4.0301823,48.82426023],[4.02637235,48.82363732],[4.01826183,48.82062073],[4.01550658,48.81832275],[3.99355008,48.82869853],[3.98394124,48.83659564],[3.98641669,48.84097874],[3.99444996,48.84016572],[3.99986991,48.84313175],[4.00303628,48.85762423],[4.00846924,48.85853732],[4.01158087,48.85705224],[4.02164131,48.85476145],[4.03667191,48.86126702],[4.04071103,48.8575912],[4.0480365,48.85544965],[4.05124287,48.85663032]]]]}},{"type":"Feature","properties":{"code":"51431","nom":"Pierry","departement":"51","region":"44"},"geometry":{"type":"MultiPolygon","coordinates":[[[[3.95172545,49.02534488],[3.96172477,49.02265558],[3.96971906,49.02277113],[3.97325169,49.02259327],[3.9803343,49.01569951],[3.97990168,49.01501601],[3.95037512,49.01238208],[3.95044989,49.01153709],[3.94822988,49.01161669],[3.94761622,49.01042553],[3.94587839,49.01018115],[3.93657972,49.01153191],[3.9309652,49.01503681],[3.92512196,49.02454835],[3.92919929,49.02583516],[3.93397388,49.02869906],[3.94631593,49.02684351],[3.95172545,49.02534488]]]]}},{"type":"Feature","properties":{"code":"51432","nom":"Pleurs","departement":"51","region":"44"},"geometry":{"type":"MultiPolygon","coordinates":[[[[3.85703605,48.71656467],[3.8592439,48.71641927],[3.87588089,48.72422636],[3.87902057,48.72401708],[3.88538841,48.7203208],[3.89987736,48.70944551],[3.88939667,48.70127661],[3.88818033,48.69695188],[3.88942389,48.69321326],[3.8964891,48.68892997],[3.89954391,48.67909956],[3.89508158,48.67543972],[3.88099877,48.6733156],[3.87650525,48.67368334],[3.87129126,48.67744197],[3.86680398,48.67894898],[3.84102256,48.68003222],[3.84104526,48.68608845],[3.83962627,48.69188136],[3.84077959,48.69871213],[3.84176111,48.69865483],[3.84825716,48.70364239],[3.85814087,48.71472538],[3.85703605,48.71656467]]]]}},{"type":"Feature","properties":{"code":"51433","nom":"Plichancourt","departement":"51","region":"44"},"geometry":{"type":"MultiPolygon","coordinates":[[[[4.68566939,48.72450388],[4.68347107,48.7245583],[4.67659893,48.73040546],[4.67036411,48.73317916],[4.66611136,48.73389982],[4.65938204,48.73303997],[4.65259415,48.73075197],[4.64981309,48.73191227],[4.64725791,48.73622793],[4.64738713,48.7423075],[4.65566912,48.74418645],[4.66311154,48.74791713],[4.66623607,48.74820912],[4.67565187,48.75314932],[4.67523966,48.75378573],[4.6814113,48.75396616],[4.68227398,48.75498316],[4.68931011,48.74970927],[4.69063237,48.74407786],[4.68930925,48.7365227],[4.69046665,48.73538808],[4.68614949,48.72960429],[4.68742164,48.72739391],[4.68746327,48.72455769],[4.68566939,48.72450388]]]]}},{"type":"Feature","properties":{"code":"51434","nom":"Plivot","departement":"51","region":"44"},"geometry":{"type":"MultiPolygon","coordinates":[[[[4.04857923,48.99320648],[4.05738289,49.01919837],[4.05870859,49.0260121],[4.06397819,49.02831978],[4.07227907,49.03143471],[4.0867966,49.02603272],[4.09094567,49.02591146],[4.09236922,49.02734273],[4.09381523,49.02730439],[4.09833932,49.0246732],[4.10208137,49.02438712],[4.10363592,49.00494755],[4.09945246,49.00078089],[4.0980622,49.00051124],[4.08910841,48.99731942],[4.08061099,48.99525324],[4.06623241,48.99305181],[4.04857923,48.99320648]]]]}},{"type":"Feature","properties":{"code":"51435","nom":"Pocancy","departement":"51","region":"44"},"geometry":{"type":"MultiPolygon","coordinates":[[[[4.1944634,48.93091906],[4.18969588,48.92944387],[4.19035968,48.92051466],[4.18503158,48.91750692],[4.17965313,48.91459836],[4.16785249,48.9101002],[4.14996825,48.90550294],[4.14404822,48.91256575],[4.14302305,48.91242174],[4.13297305,48.91916622],[4.11875441,48.92975575],[4.12114525,48.9304277],[4.12952247,48.93686212],[4.12894362,48.93874721],[4.12690886,48.93985187],[4.11272909,48.95679111],[4.10520259,48.96403103],[4.09605515,48.9709417],[4.08812471,48.97554014],[4.10320975,48.98159857],[4.11313852,48.97406596],[4.11625487,48.97509639],[4.1348163,48.96576443],[4.14949176,48.95632828],[4.15644919,48.95833074],[4.15844419,48.95776649],[4.17572108,48.95110508],[4.18890874,48.9439763],[4.1944634,48.93091906]]]]}},{"type":"Feature","properties":{"code":"51436","nom":"Pogny","departement":"51","region":"44"},"geometry":{"type":"MultiPolygon","coordinates":[[[[4.49278927,48.84033539],[4.4777542,48.84546388],[4.47830652,48.84619733],[4.48148041,48.8447045],[4.49397574,48.84407506],[4.49925555,48.8413384],[4.50182155,48.84010808],[4.50033603,48.83778264],[4.49639406,48.83650616],[4.49278927,48.84033539]]],[[[4.46709109,48.86418553],[4.47590876,48.8691798],[4.47974801,48.87315481],[4.47889194,48.8766688],[4.49305838,48.88592469],[4.50085286,48.88998722],[4.51166504,48.88495004],[4.51731639,48.88212258],[4.52186334,48.87857673],[4.5260787,48.8728105],[4.52916036,48.86612312],[4.52580274,48.86208772],[4.52386166,48.86121027],[4.49618666,48.85220759],[4.4832029,48.85059008],[4.47823001,48.84820863],[4.47801441,48.8492565],[4.4732849,48.84944436],[4.46274005,48.85503359],[4.45653643,48.85721854],[4.45451628,48.85995322],[4.46709109,48.86418553]]]]}},{"type":"Feature","properties":{"code":"51437","nom":"Poilly","departement":"51","region":"44"},"geometry":{"type":"MultiPolygon","coordinates":[[[[3.78744804,49.20451339],[3.7869627,49.20850751],[3.78794157,49.20917002],[3.78673248,49.21060383],[3.79596271,49.21338695],[3.81307247,49.22032316],[3.81427337,49.22441653],[3.81719546,49.22822042],[3.82103218,49.23115312],[3.82659837,49.23360365],[3.82890224,49.22924543],[3.83012138,49.22044431],[3.83630059,49.21475729],[3.83492254,49.21474707],[3.82773673,49.21123364],[3.80210698,49.20685318],[3.78744804,49.20451339]]]]}},{"type":"Feature","properties":{"code":"51438","nom":"Poix","departement":"51","region":"44"},"geometry":{"type":"MultiPolygon","coordinates":[[[[4.63511402,48.94826626],[4.62551342,48.94619412],[4.6236851,48.95000283],[4.61433908,48.94706469],[4.61031048,48.9443666],[4.60842984,48.94439815],[4.60722909,48.94553046],[4.60300325,48.94527674],[4.60118609,48.94958862],[4.59677278,48.96089478],[4.6031595,48.96146343],[4.59777438,48.96690753],[4.62845566,48.98115166],[4.63526569,48.98292169],[4.65671759,48.97492741],[4.68065461,48.96921037],[4.6850864,48.96815701],[4.68005528,48.9679128],[4.67027611,48.96470712],[4.66006828,48.95980216],[4.65379882,48.95499228],[4.64732215,48.95205395],[4.63511402,48.94826626]]]]}},{"type":"Feature","properties":{"code":"51439","nom":"Pomacle","departement":"51","region":"44"},"geometry":{"type":"MultiPolygon","coordinates":[[[[4.13012813,49.35045331],[4.14029606,49.35375864],[4.14229953,49.3549911],[4.17571193,49.34326436],[4.17478858,49.34132523],[4.18438995,49.33758247],[4.17799989,49.33223115],[4.17227807,49.3327444],[4.1614293,49.32378901],[4.15020525,49.31898962],[4.14813838,49.31720137],[4.14616876,49.32158298],[4.13408943,49.32771492],[4.12840968,49.32385655],[4.12269169,49.32781149],[4.11797093,49.3332007],[4.11315816,49.33347798],[4.12786995,49.34799682],[4.12662091,49.34902162],[4.13012813,49.35045331]]]]}},{"type":"Feature","properties":{"code":"51440","nom":"Pontfaverger-Moronvilliers","departement":"51","region":"44"},"geometry":{"type":"MultiPolygon","coordinates":[[[[4.3081612,49.32688579],[4.31572754,49.32806316],[4.33727557,49.32606173],[4.34388428,49.32366707],[4.3541191,49.31618417],[4.35603343,49.31409128],[4.34985236,49.30689796],[4.3457681,49.29342432],[4.34324481,49.29053674],[4.33674656,49.29177856],[4.33318904,49.28559633],[4.3287166,49.27426419],[4.32696223,49.2620271],[4.32621868,49.26206764],[4.3255735,49.25844508],[4.33384832,49.2482722],[4.32988764,49.24139457],[4.32570231,49.23931604],[4.31631117,49.23170898],[4.31515672,49.22982803],[4.30826289,49.23203485],[4.30096455,49.2326488],[4.30064902,49.23795339],[4.29749117,49.24901856],[4.29329553,49.25764192],[4.28469681,49.26549922],[4.28082149,49.26617698],[4.28010297,49.27310932],[4.28616967,49.28333021],[4.29917767,49.30201725],[4.30355839,49.30410708],[4.30812899,49.31633594],[4.30953499,49.3242709],[4.3081612,49.32688579]]]]}},{"type":"Feature","properties":{"code":"51441","nom":"Ponthion","departement":"51","region":"44"},"geometry":{"type":"MultiPolygon","coordinates":[[[[4.7500693,48.73551052],[4.74930888,48.73489732],[4.73004612,48.74481672],[4.72454678,48.74548554],[4.72081097,48.744235],[4.72056805,48.74338566],[4.71986802,48.74443301],[4.72100634,48.74686088],[4.71751368,48.75060412],[4.70438005,48.75256367],[4.68931011,48.74970927],[4.68227398,48.75498316],[4.69041888,48.76017221],[4.69837768,48.76193405],[4.70894265,48.76630565],[4.70995467,48.76803639],[4.72544777,48.76879774],[4.73308282,48.76593799],[4.73594145,48.75712613],[4.74080148,48.74688244],[4.7463333,48.73787191],[4.7500693,48.73551052]]]]}},{"type":"Feature","properties":{"code":"51442","nom":"Possesse","departement":"51","region":"44"},"geometry":{"type":"MultiPolygon","coordinates":[[[[4.93678807,48.9210401],[4.93746874,48.91761894],[4.93060784,48.91156065],[4.91882378,48.90557555],[4.91469057,48.90005101],[4.915688,48.89990372],[4.91243286,48.89857675],[4.91246142,48.89794301],[4.91988241,48.89472978],[4.91684573,48.88940088],[4.91286876,48.88671454],[4.9100787,48.88521275],[4.89985639,48.88363567],[4.89634731,48.88387302],[4.88962848,48.88635859],[4.86031859,48.8902746],[4.85233488,48.88925687],[4.8436977,48.88687957],[4.82779638,48.87675979],[4.8219611,48.87146767],[4.82305019,48.87044179],[4.82077389,48.86840119],[4.81266743,48.86647778],[4.80337206,48.86910546],[4.79713317,48.8758856],[4.78728658,48.88278853],[4.78302698,48.88465831],[4.78433407,48.88614284],[4.78085232,48.8886315],[4.77734485,48.89752859],[4.78663026,48.89935585],[4.80228033,48.90474062],[4.81475453,48.90689009],[4.82019263,48.91068358],[4.83826239,48.90713515],[4.85445337,48.90832838],[4.85650294,48.90878508],[4.86214951,48.91232431],[4.87410818,48.91685941],[4.88927434,48.91967686],[4.89125552,48.92221105],[4.90881477,48.92492439],[4.92477378,48.92329817],[4.93678807,48.9210401]]]]}},{"type":"Feature","properties":{"code":"51443","nom":"Potangis","departement":"51","region":"44"},"geometry":{"type":"MultiPolygon","coordinates":[[[[3.64446508,48.59948758],[3.64587102,48.59702958],[3.657775,48.59547474],[3.66603853,48.60074605],[3.6665305,48.59943895],[3.67760165,48.58970172],[3.66581428,48.58289379],[3.65611218,48.57142512],[3.64425909,48.57270971],[3.63122191,48.57162184],[3.6278625,48.57565798],[3.61505931,48.57825262],[3.61388715,48.58049409],[3.61463886,48.5811253],[3.62384586,48.58898451],[3.64071544,48.59851921],[3.64446508,48.59948758]]]]}},{"type":"Feature","properties":{"code":"51444","nom":"Pouillon","departement":"51","region":"44"},"geometry":{"type":"MultiPolygon","coordinates":[[[[3.95071609,49.32215843],[3.95804065,49.31807492],[3.95548623,49.3165498],[3.96091088,49.31092316],[3.95573296,49.30707431],[3.94995336,49.30425482],[3.93972221,49.30637469],[3.93170287,49.31247893],[3.92842319,49.31536924],[3.9341654,49.31786729],[3.93626415,49.31992858],[3.93957724,49.32129986],[3.94984674,49.32259768],[3.95071609,49.32215843]]]]}},{"type":"Feature","properties":{"code":"51445","nom":"Pourcy","departement":"51","region":"44"},"geometry":{"type":"MultiPolygon","coordinates":[[[[3.8888966,49.12563063],[3.8871263,49.13498222],[3.88834389,49.14741458],[3.89026304,49.14942434],[3.89451497,49.15419146],[3.91975358,49.17136689],[3.9281017,49.17097736],[3.93351191,49.16644805],[3.93625702,49.15993238],[3.93641361,49.15835679],[3.93490217,49.15824266],[3.93259056,49.15838197],[3.92307499,49.15645834],[3.91222883,49.14666049],[3.90684287,49.14081904],[3.90694146,49.13306499],[3.90253773,49.1274146],[3.89455751,49.12570287],[3.8888966,49.12563063]]]]}},{"type":"Feature","properties":{"code":"51446","nom":"Pringy","departement":"51","region":"44"},"geometry":{"type":"MultiPolygon","coordinates":[[[[4.44652617,48.77136972],[4.50674053,48.79286656],[4.51990546,48.79598045],[4.52803606,48.78573443],[4.53249826,48.77845479],[4.52578796,48.77472838],[4.48427272,48.76546435],[4.48052666,48.76412374],[4.48267201,48.76137597],[4.47539045,48.76081847],[4.4693685,48.758311],[4.46136859,48.75403913],[4.45490308,48.74844908],[4.45212616,48.74872217],[4.45091253,48.74974173],[4.44487718,48.75801435],[4.43613482,48.76124573],[4.42731407,48.76294277],[4.42666913,48.7640884],[4.44652617,48.77136972]]]]}},{"type":"Feature","properties":{"code":"51447","nom":"Prosnes","departement":"51","region":"44"},"geometry":{"type":"MultiPolygon","coordinates":[[[[4.34152841,49.22091388],[4.34676493,49.21384039],[4.34333833,49.20107115],[4.34699627,49.20074618],[4.34660174,49.19502474],[4.34762715,49.19493955],[4.34759419,49.1915141],[4.33975822,49.18389655],[4.32195698,49.17629564],[4.31616102,49.17095418],[4.30038854,49.16765383],[4.29312948,49.17299397],[4.27651844,49.17001781],[4.26992942,49.17499873],[4.27468111,49.17726748],[4.27217996,49.18163957],[4.27068607,49.18213459],[4.26691968,49.19093652],[4.26732458,49.19929163],[4.26931903,49.20709854],[4.26917629,49.21817283],[4.26831191,49.21891472],[4.28293535,49.22686915],[4.29831043,49.2325884],[4.30096455,49.2326488],[4.30826289,49.23203485],[4.31515672,49.22982803],[4.33358885,49.22405544],[4.3405703,49.22038506],[4.34152841,49.22091388]]]]}},{"type":"Feature","properties":{"code":"51448","nom":"Prouilly","departement":"51","region":"44"},"geometry":{"type":"MultiPolygon","coordinates":[[[[3.84719402,49.28166551],[3.84594889,49.28132184],[3.84250443,49.28211548],[3.83240809,49.28705001],[3.81127161,49.29478049],[3.81692014,49.30350928],[3.82110168,49.30745709],[3.84712574,49.30691325],[3.86404487,49.30963774],[3.87484645,49.31362336],[3.877798,49.3100276],[3.86995414,49.30146941],[3.86636519,49.28289501],[3.86097191,49.27797828],[3.84884528,49.28205307],[3.84719402,49.28166551]]]]}},{"type":"Feature","properties":{"code":"51449","nom":"Prunay","departement":"51","region":"44"},"geometry":{"type":"MultiPolygon","coordinates":[[[[4.13769267,49.21419615],[4.13448826,49.21627272],[4.13823466,49.22055219],[4.1417755,49.22736804],[4.15069885,49.2260793],[4.15021221,49.22827055],[4.15286005,49.23121137],[4.16059621,49.23695427],[4.16361315,49.23715177],[4.17038554,49.23765625],[4.18386577,49.23546843],[4.1920306,49.22901247],[4.2033188,49.22360999],[4.20665584,49.22419702],[4.2099944,49.22220529],[4.20779213,49.22094974],[4.20555775,49.2196666],[4.20054367,49.21363773],[4.2141608,49.20461977],[4.21412282,49.20381993],[4.20738101,49.19810626],[4.19885744,49.19512533],[4.19051001,49.1935555],[4.18005997,49.18458333],[4.17941486,49.18727358],[4.17677037,49.19120529],[4.17575116,49.19138967],[4.17445644,49.19170531],[4.17076928,49.1953611],[4.1629477,49.20030292],[4.15407366,49.20352887],[4.13769267,49.21419615]]]]}},{"type":"Feature","properties":{"code":"51450","nom":"Puisieulx","departement":"51","region":"44"},"geometry":{"type":"MultiPolygon","coordinates":[[[[4.13769267,49.21419615],[4.12727644,49.20131537],[4.11996336,49.18890197],[4.11493304,49.1763563],[4.11293966,49.17683509],[4.11257146,49.17603916],[4.10837259,49.17631615],[4.09563243,49.17964263],[4.09721894,49.1818913],[4.09347493,49.18463711],[4.08809875,49.18675828],[4.09633947,49.19502291],[4.11715968,49.21115325],[4.11807788,49.2119827],[4.11678181,49.21284797],[4.12415533,49.21996414],[4.12349677,49.22016718],[4.12805333,49.22744507],[4.13379096,49.23261137],[4.14141859,49.23222022],[4.14261367,49.22970134],[4.1417755,49.22736804],[4.13823466,49.22055219],[4.13448826,49.21627272],[4.13769267,49.21419615]]]]}},{"type":"Feature","properties":{"code":"51451","nom":"Queudes","departement":"51","region":"44"},"geometry":{"type":"MultiPolygon","coordinates":[[[[3.78586425,48.65258474],[3.76604555,48.64656283],[3.74768977,48.64779843],[3.74138361,48.64737728],[3.73517228,48.65070171],[3.73245605,48.65334054],[3.73066717,48.65658438],[3.73056987,48.66682502],[3.72710039,48.6665467],[3.72996321,48.67268902],[3.7495106,48.67019124],[3.75441866,48.67028081],[3.76153901,48.67297634],[3.76913746,48.67331345],[3.77037858,48.6722827],[3.79239981,48.6545492],[3.78586425,48.65258474]]]]}},{"type":"Feature","properties":{"code":"51452","nom":"Rapsécourt","departement":"51","region":"44"},"geometry":{"type":"MultiPolygon","coordinates":[[[[4.81813231,49.03247354],[4.81957145,49.03239957],[4.82485548,49.02418864],[4.83003539,49.02443898],[4.82241411,49.02114611],[4.81213374,49.01568844],[4.80659322,49.01577466],[4.78491178,49.01920472],[4.77360256,49.01768325],[4.75721619,49.01396055],[4.75824399,49.01107997],[4.74363872,49.00981621],[4.74206901,49.01254354],[4.74233933,49.01489516],[4.75044887,49.01817064],[4.75561117,49.0181744],[4.76743757,49.02184672],[4.77589824,49.02903044],[4.77835448,49.03133883],[4.79317467,49.03260152],[4.80134588,49.03554709],[4.81813231,49.03247354]]]]}},{"type":"Feature","properties":{"code":"51453","nom":"Recy","departement":"51","region":"44"},"geometry":{"type":"MultiPolygon","coordinates":[[[[4.31352635,49.007647],[4.32779553,49.01449298],[4.34674129,49.01924345],[4.35499648,49.01548853],[4.37455986,49.01840564],[4.37433984,49.0132955],[4.34068999,48.99749897],[4.33235259,48.98886289],[4.31333903,48.97861231],[4.30892689,48.97832329],[4.30503313,48.98180929],[4.30121903,48.98009342],[4.30417581,48.97862686],[4.29695473,48.98195267],[4.28621023,48.98771527],[4.28439501,48.98703144],[4.2824188,48.98641136],[4.26341674,48.99068423],[4.26228423,48.99159998],[4.26273899,48.99248642],[4.28162963,48.99303076],[4.29093518,48.9950687],[4.31352635,49.007647]]]]}},{"type":"Feature","properties":{"code":"51454","nom":"Reims","departement":"51","region":"44"},"geometry":{"type":"MultiPolygon","coordinates":[[[[4.01358416,49.21226394],[4.01114009,49.2130424],[4.00733687,49.21478701],[4.01349994,49.2233054],[4.00890671,49.2248373],[4.00702461,49.2254653],[3.99523079,49.22905974],[3.99796059,49.23208142],[3.99615543,49.23900387],[3.99869794,49.24210977],[3.99967767,49.24285417],[4.0048794,49.24483921],[4.00830825,49.24603061],[4.00896717,49.25023987],[4.01167196,49.253078],[4.01169446,49.25310479],[4.01225676,49.25376447],[4.00813106,49.25511253],[3.99847016,49.2555552],[3.9991676,49.25923371],[3.99514924,49.26077462],[3.99545669,49.2622591],[3.99717502,49.27164793],[4.00446778,49.27778985],[4.00518398,49.27815788],[4.00773339,49.27958855],[3.99804352,49.28687742],[3.99596827,49.28288673],[3.99404672,49.28179678],[3.99309109,49.28219662],[3.98606062,49.29342902],[3.99729944,49.29731122],[3.99662799,49.29799102],[4.01069011,49.30316388],[4.01437242,49.30074704],[4.02146117,49.29779426],[4.02876462,49.29772416],[4.0278146,49.28790959],[4.02762299,49.28608531],[4.02746228,49.28443158],[4.03214973,49.28503798],[4.03220623,49.28504559],[4.03947629,49.27773792],[4.04055252,49.27522844],[4.03945693,49.27438559],[4.03856763,49.27368661],[4.03936942,49.27324547],[4.04367784,49.27070806],[4.04465404,49.27101517],[4.04975383,49.26836549],[4.05159104,49.27000283],[4.05090591,49.27049788],[4.05773946,49.27457465],[4.06147845,49.27679391],[4.06341855,49.2755865],[4.07442993,49.27821216],[4.08146408,49.27702912],[4.08310929,49.27449256],[4.08359653,49.27387684],[4.08097343,49.27288714],[4.07927349,49.27221459],[4.08234635,49.26896668],[4.07808619,49.26818939],[4.07853328,49.26722971],[4.07853589,49.26722339],[4.08496438,49.25395503],[4.09536366,49.24899171],[4.09113601,49.24148863],[4.0871234,49.23710232],[4.09062637,49.23614194],[4.08706478,49.23196371],[4.08549163,49.23210375],[4.12349677,49.22016718],[4.12415533,49.21996414],[4.11678181,49.21284797],[4.09796647,49.22644073],[4.09528984,49.22314744],[4.09633188,49.22263807],[4.09611602,49.22229748],[4.09571417,49.22166548],[4.09021255,49.22224672],[4.08857673,49.22069978],[4.07406144,49.22274955],[4.07270773,49.22399425],[4.0688639,49.22464427],[4.06745928,49.22376302],[4.06513708,49.22378177],[4.05600457,49.22579604],[4.04905039,49.22695094],[4.04735599,49.22916752],[4.04232939,49.22620456],[4.04227794,49.22617174],[4.04260984,49.22602052],[4.03971315,49.22286908],[4.03691643,49.21975717],[4.03569427,49.22103089],[4.03565489,49.22098357],[4.0344479,49.2196561],[4.03075942,49.21378249],[4.02696558,49.20891842],[4.02711603,49.20391727],[4.01785423,49.20448497],[4.01774298,49.2098508],[4.01758643,49.21061275],[4.01358416,49.21226394]]]]}},{"type":"Feature","properties":{"code":"51455","nom":"Reims-la-Brûlée","departement":"51","region":"44"},"geometry":{"type":"MultiPolygon","coordinates":[[[[4.64450986,48.71940248],[4.64368639,48.7230465],[4.64136302,48.72301461],[4.63854433,48.72296969],[4.63764099,48.72533909],[4.64511048,48.7293656],[4.65259415,48.73075197],[4.65938204,48.73303997],[4.66611136,48.73389982],[4.67036411,48.73317916],[4.67659893,48.73040546],[4.68347107,48.7245583],[4.68566939,48.72450388],[4.68600324,48.72014494],[4.70644209,48.71683789],[4.70567921,48.71504232],[4.69957191,48.71670205],[4.69148577,48.71465873],[4.68513299,48.71065886],[4.67159909,48.70785887],[4.66767698,48.71410416],[4.66470196,48.71566699],[4.6553227,48.71901366],[4.64450986,48.71940248]]]]}},{"type":"Feature","properties":{"code":"51456","nom":"Remicourt","departement":"51","region":"44"},"geometry":{"type":"MultiPolygon","coordinates":[[[[4.83430232,48.93872457],[4.83754043,48.94087063],[4.83612496,48.94417278],[4.82504579,48.9546258],[4.82151509,48.95516972],[4.82552468,48.95873453],[4.844711,48.96567626],[4.8489744,48.96543879],[4.85003141,48.96339416],[4.85575659,48.95662162],[4.86414051,48.9544533],[4.871676,48.95472447],[4.88025866,48.95263915],[4.87879452,48.95101333],[4.87928482,48.94833053],[4.88118871,48.94637124],[4.88389385,48.94689454],[4.88780985,48.94571034],[4.88544659,48.94256329],[4.87830083,48.9371957],[4.86158832,48.9350521],[4.84342925,48.93577359],[4.83430232,48.93872457]]]]}},{"type":"Feature","properties":{"code":"51457","nom":"Cœur-de-la-Vallée","departement":"51","region":"44"},"geometry":{"type":"MultiPolygon","coordinates":[[[[3.8219144,49.11313308],[3.83337236,49.11085671],[3.84348975,49.10545776],[3.82917847,49.09792519],[3.82589544,49.09220029],[3.82311589,49.08270159],[3.82877074,49.07927012],[3.83990855,49.07688999],[3.839094,49.07561164],[3.83644655,49.07592953],[3.82325471,49.07238789],[3.81801088,49.07321678],[3.80517369,49.07652615],[3.79452127,49.08307742],[3.78733356,49.08247281],[3.78141842,49.08227942],[3.77705125,49.09385396],[3.77805831,49.0975511],[3.78807091,49.10541468],[3.80633771,49.10993503],[3.81015411,49.11146672],[3.80741561,49.11433274],[3.8136563,49.11652597],[3.81660714,49.11471937],[3.8219144,49.11313308]]]]}},{"type":"Feature","properties":{"code":"51458","nom":"Reuves","departement":"51","region":"44"},"geometry":{"type":"MultiPolygon","coordinates":[[[[3.8178155,48.81301816],[3.81921861,48.81035891],[3.80673908,48.77943007],[3.80400622,48.77809935],[3.80390693,48.77942847],[3.80138145,48.78025313],[3.78495561,48.78330239],[3.78374217,48.78923215],[3.78436066,48.7956949],[3.7902477,48.7942908],[3.79248238,48.79675929],[3.79274488,48.80113229],[3.79740787,48.81278816],[3.79667274,48.8175293],[3.8178155,48.81301816]]]]}},{"type":"Feature","properties":{"code":"51459","nom":"Réveillon","departement":"51","region":"44"},"geometry":{"type":"MultiPolygon","coordinates":[[[[3.47547406,48.74413293],[3.46740866,48.73857933],[3.45072613,48.73651273],[3.44356843,48.73700994],[3.43600969,48.74356223],[3.43650806,48.75323728],[3.43931266,48.75839233],[3.44457384,48.76071493],[3.45057091,48.7615505],[3.46117597,48.76161165],[3.46908338,48.75940698],[3.47450664,48.75635362],[3.47655285,48.74893785],[3.47318499,48.74665862],[3.47547406,48.74413293]]]]}},{"type":"Feature","properties":{"code":"51460","nom":"Rieux","departement":"51","region":"44"},"geometry":{"type":"MultiPolygon","coordinates":[[[[3.51570947,48.81744425],[3.51271397,48.8175111],[3.5112584,48.82129198],[3.48703221,48.81511641],[3.48518167,48.82523552],[3.48857195,48.83148937],[3.48906146,48.84097646],[3.48668116,48.84929254],[3.48501923,48.85184532],[3.48686543,48.85734718],[3.49032593,48.85879807],[3.50537653,48.86041362],[3.50749609,48.85720301],[3.51310628,48.85267428],[3.52185822,48.84749937],[3.52742746,48.83928365],[3.53527377,48.832241],[3.53696252,48.82862339],[3.53152939,48.8280172],[3.51672372,48.82263014],[3.51496334,48.82035873],[3.51570947,48.81744425]]]]}},{"type":"Feature","properties":{"code":"51461","nom":"Rilly-la-Montagne","departement":"51","region":"44"},"geometry":{"type":"MultiPolygon","coordinates":[[[[4.05397685,49.13546087],[4.04765499,49.13848691],[4.04399065,49.13897103],[4.03982673,49.13826078],[4.03436052,49.13855335],[4.02910887,49.13971603],[4.03215776,49.14581946],[4.03337254,49.15319194],[4.031375,49.16178238],[4.03428121,49.17116688],[4.04019579,49.18257618],[4.03981131,49.18405675],[4.0475562,49.18232897],[4.05505052,49.18629881],[4.05788438,49.18871236],[4.05896442,49.18860127],[4.06058541,49.18530073],[4.06192067,49.1854652],[4.06453394,49.18120906],[4.06479517,49.17350572],[4.06273634,49.16847437],[4.06446074,49.16804554],[4.04806442,49.15723426],[4.04666924,49.15501652],[4.04904974,49.14923046],[4.05326252,49.14535069],[4.05452119,49.14119904],[4.05397685,49.13546087]]]]}},{"type":"Feature","properties":{"code":"51463","nom":"Les Rivières-Henruel","departement":"51","region":"44"},"geometry":{"type":"MultiPolygon","coordinates":[[[[4.56532487,48.67566366],[4.56873894,48.67295764],[4.57211845,48.667894],[4.57516112,48.65856673],[4.5724927,48.65784536],[4.56744334,48.65293769],[4.56802103,48.64421508],[4.55605193,48.6400959],[4.52354589,48.63690482],[4.51500704,48.63537994],[4.51140217,48.63294717],[4.50187807,48.63602571],[4.4981298,48.63633921],[4.48572004,48.6352702],[4.48455704,48.6363319],[4.50462018,48.64372722],[4.51157773,48.64785941],[4.52299195,48.65177868],[4.54459473,48.66304851],[4.55310226,48.67024126],[4.56532487,48.67566366]]]]}},{"type":"Feature","properties":{"code":"51464","nom":"Romain","departement":"51","region":"44"},"geometry":{"type":"MultiPolygon","coordinates":[[[[3.75766562,49.34771678],[3.75977834,49.34682885],[3.76667731,49.33980775],[3.77927192,49.33260935],[3.7796353,49.32980319],[3.77544044,49.32533453],[3.77367558,49.32320364],[3.77073863,49.31302282],[3.75326993,49.30920187],[3.74662147,49.322928],[3.7436046,49.32639499],[3.73905834,49.3284572],[3.73457292,49.32679814],[3.73428946,49.33084871],[3.73596968,49.3309994],[3.73635282,49.33587202],[3.742166,49.33682079],[3.74080911,49.34761183],[3.74647331,49.34815139],[3.75190945,49.34880178],[3.75766562,49.34771678]]]]}},{"type":"Feature","properties":{"code":"51465","nom":"Romery","departement":"51","region":"44"},"geometry":{"type":"MultiPolygon","coordinates":[[[[3.90791763,49.0880544],[3.90592097,49.09170486],[3.90351585,49.10124075],[3.90418732,49.1018957],[3.90790582,49.10137763],[3.92382702,49.10340001],[3.9265856,49.10273677],[3.92597384,49.09831124],[3.92058571,49.09292336],[3.91261394,49.08753508],[3.91075267,49.08858416],[3.90791763,49.0880544]]]]}},{"type":"Feature","properties":{"code":"51466","nom":"Romigny","departement":"51","region":"44"},"geometry":{"type":"MultiPolygon","coordinates":[[[[3.75128478,49.17778283],[3.75163622,49.18687486],[3.75683734,49.19474337],[3.75739547,49.1954789],[3.7783127,49.20197264],[3.78570974,49.18446637],[3.78442799,49.15736066],[3.7759626,49.1515767],[3.7754151,49.14668545],[3.77831141,49.14250743],[3.77765572,49.13799357],[3.77648701,49.13782399],[3.77499814,49.13805387],[3.76447743,49.1531571],[3.75370096,49.15958803],[3.74875612,49.15864425],[3.74850172,49.17167916],[3.7525832,49.17247998],[3.75128478,49.17778283]]]]}},{"type":"Feature","properties":{"code":"51468","nom":"Rosnay","departement":"51","region":"44"},"geometry":{"type":"MultiPolygon","coordinates":[[[[3.85818426,49.27014168],[3.86518683,49.26546173],[3.87415449,49.26415195],[3.88225826,49.26601507],[3.88635411,49.26260922],[3.88852361,49.26039874],[3.88273704,49.25761287],[3.88304002,49.25645361],[3.88188817,49.25720913],[3.87998971,49.25663053],[3.87901581,49.25291114],[3.87337284,49.25309778],[3.86870969,49.25225759],[3.85785306,49.25002837],[3.84345644,49.24565542],[3.83876841,49.24854165],[3.82963884,49.25094227],[3.82284494,49.25051682],[3.82437207,49.25223702],[3.82555337,49.25233502],[3.82580229,49.25820125],[3.84053258,49.25551932],[3.84875599,49.25897153],[3.8547622,49.26816386],[3.85818426,49.27014168]]]]}},{"type":"Feature","properties":{"code":"51469","nom":"Rouffy","departement":"51","region":"44"},"geometry":{"type":"MultiPolygon","coordinates":[[[[4.08573429,48.96214765],[4.10078618,48.94877592],[4.10859888,48.93767984],[4.11163383,48.9349438],[4.10575359,48.92995826],[4.09132488,48.92495075],[4.08942848,48.92661292],[4.09363032,48.92743172],[4.09305925,48.92883452],[4.0852601,48.93962736],[4.07506837,48.94990235],[4.07039217,48.94846659],[4.06744636,48.95415771],[4.08573429,48.96214765]]]]}},{"type":"Feature","properties":{"code":"51470","nom":"Rouvroy-Ripont","departement":"51","region":"44"},"geometry":{"type":"MultiPolygon","coordinates":[[[[4.69353239,49.20698525],[4.6883961,49.20629209],[4.68283972,49.20664498],[4.6724637,49.22479529],[4.67766025,49.23440569],[4.6966558,49.23693728],[4.69933922,49.23476928],[4.70514945,49.2331559],[4.71634883,49.23212565],[4.73210378,49.23265566],[4.74155237,49.23172103],[4.7421697,49.22510285],[4.73692953,49.21603786],[4.73472905,49.21448061],[4.72192893,49.21228842],[4.71325386,49.21323036],[4.69353239,49.20698525]]]]}},{"type":"Feature","properties":{"code":"51471","nom":"Sacy","departement":"51","region":"44"},"geometry":{"type":"MultiPolygon","coordinates":[[[[3.92729691,49.1907369],[3.94065395,49.19828555],[3.95707865,49.20952337],[3.95962119,49.21091292],[3.96549666,49.21212021],[3.97107835,49.20979799],[3.97264418,49.21104138],[3.97620602,49.20838545],[3.98123863,49.20617149],[3.97815218,49.20375645],[3.95658567,49.19169471],[3.94093894,49.18581554],[3.9276816,49.18265823],[3.92384606,49.18730908],[3.92729691,49.1907369]]]]}},{"type":"Feature","properties":{"code":"51472","nom":"Saint-Amand-sur-Fion","departement":"51","region":"44"},"geometry":{"type":"MultiPolygon","coordinates":[[[[4.62997116,48.86287024],[4.63065269,48.86264777],[4.6442779,48.85668824],[4.66122394,48.83621927],[4.64812012,48.83197845],[4.63645308,48.82478586],[4.62541066,48.8152844],[4.62027212,48.80943155],[4.62195206,48.8085335],[4.62598621,48.80827629],[4.60441675,48.79802054],[4.58765462,48.78427341],[4.58246442,48.7889516],[4.57493852,48.79918357],[4.5623632,48.80639652],[4.57604994,48.81501071],[4.58954594,48.82990816],[4.59265127,48.83500042],[4.59100967,48.8409483],[4.58721728,48.84600897],[4.592135,48.84780741],[4.59759656,48.85106189],[4.59659478,48.85475515],[4.60377922,48.85398443],[4.61306871,48.85455576],[4.61693019,48.8549435],[4.62997116,48.86287024]]]]}},{"type":"Feature","properties":{"code":"51473","nom":"Saint-Bon","departement":"51","region":"44"},"geometry":{"type":"MultiPolygon","coordinates":[[[[3.50075124,48.67654892],[3.49421834,48.67598792],[3.49152421,48.67460127],[3.47460991,48.66969746],[3.45897872,48.66967861],[3.44891447,48.66827237],[3.44636465,48.66689944],[3.44269931,48.67233158],[3.4468594,48.67489936],[3.45107746,48.68004737],[3.45545891,48.68264728],[3.46415168,48.68592022],[3.4764822,48.69752239],[3.47778984,48.69787605],[3.47993123,48.69639233],[3.48980397,48.69380131],[3.49571361,48.69388573],[3.49512341,48.69096042],[3.49806019,48.68534628],[3.50075124,48.67654892]]]]}},{"type":"Feature","properties":{"code":"51474","nom":"Saint-Brice-Courcelles","departement":"51","region":"44"},"geometry":{"type":"MultiPolygon","coordinates":[[[[3.9787951,49.27748296],[3.98017942,49.27483578],[3.9868406,49.2776368],[3.99309109,49.28219662],[3.99404672,49.28179678],[3.99596827,49.28288673],[3.99804352,49.28687742],[4.00773339,49.27958855],[4.00518398,49.27815788],[4.00446778,49.27778985],[3.99717502,49.27164793],[3.99545669,49.2622591],[3.99514924,49.26077462],[3.9991676,49.25923371],[3.99847016,49.2555552],[3.99638705,49.25586641],[3.98184125,49.26257835],[3.98120576,49.26224458],[3.98001745,49.26260307],[3.97769166,49.26949416],[3.97535008,49.27216075],[3.96923611,49.27377791],[3.96800843,49.27351986],[3.9787951,49.27748296]]]]}},{"type":"Feature","properties":{"code":"51475","nom":"Saint-Chéron","departement":"51","region":"44"},"geometry":{"type":"MultiPolygon","coordinates":[[[[4.51140217,48.63294717],[4.51500704,48.63537994],[4.52354589,48.63690482],[4.55605193,48.6400959],[4.56802103,48.64421508],[4.57826558,48.63678709],[4.58473453,48.63461666],[4.58758838,48.63257958],[4.58217225,48.63216222],[4.54806528,48.61943377],[4.53754845,48.61674324],[4.53283093,48.61782339],[4.52787619,48.61636122],[4.51789417,48.629203],[4.51140217,48.63294717]]]]}},{"type":"Feature","properties":{"code":"51476","nom":"Saint-Étienne-au-Temple","departement":"51","region":"44"},"geometry":{"type":"MultiPolygon","coordinates":[[[[4.46528021,49.02370975],[4.45509191,49.01920659],[4.43270129,49.01277225],[4.42967514,49.01141256],[4.42962932,49.00706569],[4.41743843,49.00257598],[4.41468858,49.00364537],[4.41412757,49.00483012],[4.41682451,49.00587752],[4.41345089,49.0113601],[4.40470365,49.00857502],[4.40002424,49.0034576],[4.39540099,49.00187195],[4.3914987,49.00825939],[4.38300919,49.01637234],[4.3808349,49.01975455],[4.39123348,49.02306001],[4.4080351,49.03005241],[4.41045723,49.03478497],[4.41632851,49.03837248],[4.42437088,49.03939161],[4.42375041,49.03582149],[4.42894305,49.02848251],[4.43312491,49.02782652],[4.45337996,49.03195827],[4.45296563,49.03064218],[4.45582826,49.02854714],[4.46528021,49.02370975]]]]}},{"type":"Feature","properties":{"code":"51477","nom":"Saint-Étienne-sur-Suippe","departement":"51","region":"44"},"geometry":{"type":"MultiPolygon","coordinates":[[[[4.10628821,49.40199401],[4.11535683,49.40210042],[4.11630341,49.40103186],[4.11252121,49.38623968],[4.11354064,49.38198908],[4.11521363,49.381864],[4.11533766,49.37556841],[4.11132176,49.36452126],[4.10885607,49.36270642],[4.10206396,49.36034133],[4.09763903,49.36234402],[4.09290342,49.37321395],[4.09027361,49.38139922],[4.08863098,49.38296379],[4.08454235,49.38320009],[4.08530566,49.40146941],[4.10628821,49.40199401]]]]}},{"type":"Feature","properties":{"code":"51478","nom":"Saint-Eulien","departement":"51","region":"44"},"geometry":{"type":"MultiPolygon","coordinates":[[[[4.85492647,48.66694215],[4.84778943,48.6718116],[4.84623314,48.67205614],[4.84877518,48.67279679],[4.85745501,48.67889326],[4.87683447,48.69550516],[4.87796494,48.69999846],[4.88056089,48.70063773],[4.88478256,48.70014733],[4.90005063,48.6967516],[4.90380051,48.69507502],[4.91150953,48.68947424],[4.91099891,48.68885173],[4.90098251,48.68156848],[4.8947952,48.67823995],[4.88436647,48.67669668],[4.87529321,48.67379961],[4.86777043,48.66719953],[4.86522866,48.66833249],[4.85492647,48.66694215]]]]}},{"type":"Feature","properties":{"code":"51479","nom":"Saint-Euphraise-et-Clairizet","departement":"51","region":"44"},"geometry":{"type":"MultiPolygon","coordinates":[[[[3.86941969,49.20122295],[3.86772195,49.20209201],[3.86832292,49.21876994],[3.87819134,49.22176516],[3.89113255,49.22306373],[3.89029046,49.22015429],[3.89093921,49.21893216],[3.90151488,49.22060941],[3.90561588,49.21895046],[3.90018084,49.21714448],[3.90334139,49.20769945],[3.89699997,49.205224],[3.87929134,49.20153343],[3.87117952,49.20233409],[3.86941969,49.20122295]]]]}},{"type":"Feature","properties":{"code":"51480","nom":"Sainte-Gemme","departement":"51","region":"44"},"geometry":{"type":"MultiPolygon","coordinates":[[[[3.69800201,49.14870483],[3.68978478,49.13993013],[3.68225705,49.13741955],[3.67192677,49.13535037],[3.66219444,49.13679615],[3.64278838,49.13769259],[3.64270391,49.13883671],[3.62696634,49.14570798],[3.61958907,49.14756686],[3.62116053,49.14980291],[3.62225213,49.15110546],[3.62444955,49.15135213],[3.63929824,49.14924761],[3.65118709,49.14903013],[3.67255121,49.15083674],[3.68383764,49.15449094],[3.69154717,49.15328077],[3.69803222,49.14982764],[3.69800201,49.14870483]]]]}},{"type":"Feature","properties":{"code":"51482","nom":"Saint-Germain-la-Ville","departement":"51","region":"44"},"geometry":{"type":"MultiPolygon","coordinates":[[[[4.43360326,48.87049904],[4.43306294,48.8730123],[4.43153789,48.87368446],[4.42948285,48.87318194],[4.42432983,48.88349529],[4.42399327,48.88744606],[4.44702077,48.89556086],[4.46083847,48.90310849],[4.46800651,48.90600427],[4.49287444,48.9139969],[4.50200157,48.90460418],[4.50253105,48.90233903],[4.49889929,48.89968889],[4.48511122,48.89258055],[4.44282254,48.87377742],[4.43360326,48.87049904]]]]}},{"type":"Feature","properties":{"code":"51483","nom":"Saint-Gibrien","departement":"51","region":"44"},"geometry":{"type":"MultiPolygon","coordinates":[[[[4.29748482,48.96120889],[4.30192106,48.96475732],[4.27381497,48.97741435],[4.28439501,48.98703144],[4.28621023,48.98771527],[4.29695473,48.98195267],[4.30417581,48.97862686],[4.30121903,48.98009342],[4.30503313,48.98180929],[4.30892689,48.97832329],[4.31513443,48.97310932],[4.31572038,48.9714319],[4.30095899,48.95949844],[4.29748482,48.96120889]]]]}},{"type":"Feature","properties":{"code":"51484","nom":"Saint-Gilles","departement":"51","region":"44"},"geometry":{"type":"MultiPolygon","coordinates":[[[[3.66512649,49.26943282],[3.65160942,49.27836071],[3.65263062,49.28284201],[3.65899507,49.28677013],[3.6605246,49.28676627],[3.67006913,49.29069703],[3.68697174,49.29186239],[3.69975303,49.29159839],[3.70534824,49.2901868],[3.704951,49.28816911],[3.6919416,49.27842029],[3.68654813,49.2729196],[3.67978807,49.27038406],[3.66512649,49.26943282]]]]}},{"type":"Feature","properties":{"code":"51485","nom":"La Neuville-au-Temple","departement":"51","region":"44"},"geometry":{"type":"MultiPolygon","coordinates":[[[[4.41362482,49.0498966],[4.42370717,49.04516677],[4.42480699,49.04207359],[4.42437088,49.03939161],[4.41632851,49.03837248],[4.41045723,49.03478497],[4.4080351,49.03005241],[4.39123348,49.02306001],[4.3808349,49.01975455],[4.38300919,49.01637234],[4.37433984,49.0132955],[4.37455986,49.01840564],[4.37511434,49.02860475],[4.37396471,49.0381335],[4.37013386,49.04235093],[4.36634619,49.04464593],[4.35978283,49.05004064],[4.34776437,49.0569756],[4.35536074,49.06386407],[4.37420092,49.06663839],[4.38386583,49.06729725],[4.39549408,49.06588579],[4.40043222,49.06254863],[4.40106712,49.05798452],[4.40547748,49.05207498],[4.41029265,49.05264176],[4.41362482,49.0498966]]]]}},{"type":"Feature","properties":{"code":"51486","nom":"Saint-Hilaire-le-Grand","departement":"51","region":"44"},"geometry":{"type":"MultiPolygon","coordinates":[[[[4.37573043,49.1557951],[4.37054057,49.16509085],[4.36964626,49.16912311],[4.38159626,49.17273261],[4.40616811,49.17197971],[4.41405393,49.18072462],[4.431931,49.18674118],[4.4427619,49.18902265],[4.44919716,49.18960451],[4.46380179,49.20239146],[4.47617915,49.20733969],[4.47589673,49.20807149],[4.48192824,49.20725294],[4.48241937,49.20614541],[4.48345828,49.20609935],[4.50022611,49.20754086],[4.5128076,49.2070086],[4.52165919,49.2078422],[4.51954973,49.20522251],[4.51914525,49.19976683],[4.51568551,49.19089757],[4.5028932,49.18167379],[4.50717199,49.17203383],[4.51006823,49.17211984],[4.51092458,49.16979002],[4.50656752,49.17025466],[4.49564609,49.16922093],[4.48419662,49.16529816],[4.47016341,49.16375823],[4.45591247,49.156833],[4.45233255,49.15462641],[4.4467186,49.14707311],[4.44539052,49.13907335],[4.44070462,49.13207505],[4.43581655,49.12678392],[4.42953845,49.1219749],[4.42862963,49.12131217],[4.41908118,49.12714974],[4.42715887,49.13496836],[4.39285839,49.15499657],[4.38187643,49.15671832],[4.37573043,49.1557951]]]]}},{"type":"Feature","properties":{"code":"51487","nom":"Saint-Hilaire-le-Petit","departement":"51","region":"44"},"geometry":{"type":"MultiPolygon","coordinates":[[[[4.44650709,49.27343563],[4.4316254,49.26867161],[4.43293446,49.26687583],[4.42978192,49.26501161],[4.40976587,49.25982372],[4.39388814,49.25661048],[4.3565446,49.24364125],[4.35754975,49.23992466],[4.34216729,49.23918425],[4.32988764,49.24139457],[4.33384832,49.2482722],[4.3255735,49.25844508],[4.32621868,49.26206764],[4.32696223,49.2620271],[4.33863439,49.26369454],[4.34670093,49.26899845],[4.36203472,49.27557941],[4.3760821,49.2803075],[4.39501774,49.2854298],[4.40893499,49.2867876],[4.42303359,49.28043193],[4.43962549,49.28004094],[4.44650709,49.27343563]]]]}},{"type":"Feature","properties":{"code":"51488","nom":"Saint-Imoges","departement":"51","region":"44"},"geometry":{"type":"MultiPolygon","coordinates":[[[[4.00084264,49.08604612],[3.99098646,49.08429611],[3.983934,49.08410586],[3.98236466,49.08942756],[3.97831229,49.09154223],[3.97079032,49.09279733],[3.95169085,49.10059848],[3.9397768,49.10352819],[3.94191688,49.10750108],[3.94891595,49.10865185],[3.95407555,49.11208993],[3.9574187,49.12616316],[3.97321597,49.12282281],[3.98820254,49.12362588],[4.00396364,49.12569924],[4.00533071,49.12745109],[4.0069941,49.12703165],[4.01317774,49.12081234],[4.01864522,49.11279858],[4.01895681,49.10969646],[4.01391235,49.10528364],[4.01265813,49.09989909],[4.01400684,49.0921196],[4.01156546,49.09000817],[4.01102179,49.08796526],[4.00707596,49.08647694],[4.00084264,49.08604612]]]]}},{"type":"Feature","properties":{"code":"51489","nom":"Saint-Jean-devant-Possesse","departement":"51","region":"44"},"geometry":{"type":"MultiPolygon","coordinates":[[[[4.78302698,48.88465831],[4.78728658,48.88278853],[4.79713317,48.8758856],[4.80337206,48.86910546],[4.80104212,48.86663262],[4.79961565,48.86248197],[4.80311507,48.85868895],[4.80332946,48.85562724],[4.78454152,48.85912484],[4.76919894,48.8646231],[4.76824286,48.86461384],[4.76490135,48.86824333],[4.76548872,48.87471041],[4.76710636,48.87596477],[4.78302698,48.88465831]]]]}},{"type":"Feature","properties":{"code":"51490","nom":"Saint-Jean-sur-Moivre","departement":"51","region":"44"},"geometry":{"type":"MultiPolygon","coordinates":[[[[4.61306871,48.85455576],[4.60948557,48.86604392],[4.60615134,48.87035503],[4.60436124,48.87191088],[4.58324744,48.88163214],[4.56668874,48.89575223],[4.56603458,48.89745179],[4.56934244,48.89802731],[4.56785599,48.89899752],[4.56506729,48.89767671],[4.5628667,48.89753725],[4.55724042,48.90655926],[4.55232609,48.90780943],[4.55091069,48.90816147],[4.55001166,48.91151187],[4.55159257,48.92087262],[4.55634905,48.92644052],[4.56453684,48.92841339],[4.57542163,48.92962983],[4.57581986,48.92907683],[4.57689337,48.92517801],[4.58879695,48.91422105],[4.59424509,48.90683875],[4.5992671,48.89820346],[4.60310147,48.88888309],[4.61039727,48.87762795],[4.61992913,48.8689739],[4.62997116,48.86287024],[4.61693019,48.8549435],[4.61306871,48.85455576]]]]}},{"type":"Feature","properties":{"code":"51491","nom":"Saint-Jean-sur-Tourbe","departement":"51","region":"44"},"geometry":{"type":"MultiPolygon","coordinates":[[[[4.70704962,49.11078991],[4.67368423,49.11196035],[4.65259974,49.11164939],[4.63176272,49.11031068],[4.62765898,49.10940494],[4.62750394,49.1083063],[4.61711765,49.11794834],[4.61449281,49.12855197],[4.6185924,49.1295913],[4.64271912,49.13201879],[4.65626322,49.1291946],[4.69122489,49.1332973],[4.70252689,49.13553902],[4.73938344,49.14565594],[4.74128644,49.14431905],[4.73467491,49.14099722],[4.71551375,49.12675275],[4.71045025,49.11960702],[4.70704962,49.11078991]]]]}},{"type":"Feature","properties":{"code":"51492","nom":"Saint-Just-Sauvage","departement":"51","region":"44"},"geometry":{"type":"MultiPolygon","coordinates":[[[[3.74965111,48.53379574],[3.73152936,48.53764288],[3.72933882,48.54708504],[3.73072848,48.55230046],[3.73365571,48.55445675],[3.74174691,48.55435889],[3.75055468,48.55604165],[3.75497056,48.55826538],[3.7568443,48.56048446],[3.75667401,48.56154975],[3.75930609,48.56221397],[3.76187061,48.56521839],[3.76863012,48.56865631],[3.77416392,48.56880304],[3.78120006,48.56661513],[3.78677861,48.56704526],[3.79566967,48.57236836],[3.79893662,48.56997066],[3.80129256,48.56084556],[3.80710636,48.549474],[3.80958809,48.54785764],[3.8075479,48.54524016],[3.79812701,48.53986474],[3.78766084,48.53186502],[3.78584153,48.52877789],[3.77623836,48.52995111],[3.7662808,48.52757056],[3.76089625,48.53134123],[3.75530537,48.53306725],[3.74965111,48.53379574]]]]}},{"type":"Feature","properties":{"code":"51493","nom":"Saint-Léonard","departement":"51","region":"44"},"geometry":{"type":"MultiPolygon","coordinates":[[[[4.09633188,49.22263807],[4.09528984,49.22314744],[4.09796647,49.22644073],[4.11678181,49.21284797],[4.11807788,49.2119827],[4.11715968,49.21115325],[4.08857673,49.22069978],[4.09021255,49.22224672],[4.09571417,49.22166548],[4.09611602,49.22229748],[4.09633188,49.22263807]]],[[[4.08549163,49.23210375],[4.08706478,49.23196371],[4.09062637,49.23614194],[4.10398677,49.23213362],[4.11222712,49.23118127],[4.11941428,49.23181874],[4.12805333,49.22744507],[4.12349677,49.22016718],[4.08549163,49.23210375]]]]}},{"type":"Feature","properties":{"code":"51495","nom":"Saint-Loup","departement":"51","region":"44"},"geometry":{"type":"MultiPolygon","coordinates":[[[[3.83109659,48.71905892],[3.83020573,48.71885824],[3.82151884,48.7241839],[3.81710537,48.72858383],[3.79741846,48.7271807],[3.79937567,48.74428978],[3.80329235,48.7437472],[3.80670147,48.74327898],[3.83402054,48.74843405],[3.84440475,48.74722865],[3.8435736,48.74612639],[3.83257217,48.72942229],[3.83109659,48.71905892]]]]}},{"type":"Feature","properties":{"code":"51496","nom":"Saint-Lumier-en-Champagne","departement":"51","region":"44"},"geometry":{"type":"MultiPolygon","coordinates":[[[[4.64811353,48.80091621],[4.64595917,48.79741782],[4.65267663,48.78991356],[4.62951449,48.78943377],[4.60956162,48.77588956],[4.60160522,48.77488104],[4.59218396,48.78040528],[4.58765462,48.78427341],[4.60441675,48.79802054],[4.62598621,48.80827629],[4.63365981,48.80699055],[4.64573713,48.80293878],[4.64811353,48.80091621]]]]}},{"type":"Feature","properties":{"code":"51497","nom":"Saint-Lumier-la-Populeuse","departement":"51","region":"44"},"geometry":{"type":"MultiPolygon","coordinates":[[[[4.7869518,48.72307601],[4.79833787,48.73139502],[4.81802976,48.73282491],[4.82694892,48.73201306],[4.82866819,48.73027197],[4.81758423,48.72717463],[4.79752663,48.72291898],[4.79236754,48.72204115],[4.78664731,48.72228348],[4.7869518,48.72307601]]]]}},{"type":"Feature","properties":{"code":"51498","nom":"Saint-Mard-sur-Auve","departement":"51","region":"44"},"geometry":{"type":"MultiPolygon","coordinates":[[[[4.7100252,49.04863715],[4.72874732,49.05398662],[4.73200619,49.04802269],[4.73605545,49.04305182],[4.74070024,49.03954534],[4.74801263,49.02862752],[4.75044887,49.01817064],[4.74233933,49.01489516],[4.74206901,49.01254354],[4.73376968,49.01308283],[4.7229872,49.01214083],[4.71533409,49.01059735],[4.71385713,49.01029736],[4.70947277,49.01458708],[4.71068573,49.03376732],[4.7091892,49.04606155],[4.7100252,49.04863715]]]]}},{"type":"Feature","properties":{"code":"51499","nom":"Saint-Mard-lès-Rouffy","departement":"51","region":"44"},"geometry":{"type":"MultiPolygon","coordinates":[[[[4.08573429,48.96214765],[4.07308639,48.97322681],[4.07709573,48.97434379],[4.08675098,48.97648338],[4.08812471,48.97554014],[4.09605515,48.9709417],[4.10520259,48.96403103],[4.11272909,48.95679111],[4.12690886,48.93985187],[4.12894362,48.93874721],[4.12952247,48.93686212],[4.12114525,48.9304277],[4.11875441,48.92975575],[4.11163383,48.9349438],[4.10859888,48.93767984],[4.10078618,48.94877592],[4.08573429,48.96214765]]]]}},{"type":"Feature","properties":{"code":"51500","nom":"Saint-Mard-sur-le-Mont","departement":"51","region":"44"},"geometry":{"type":"MultiPolygon","coordinates":[[[[4.83430232,48.93872457],[4.84342925,48.93577359],[4.86158832,48.9350521],[4.87830083,48.9371957],[4.88544659,48.94256329],[4.89013063,48.93648438],[4.89098701,48.93532849],[4.88994818,48.92849505],[4.89125552,48.92221105],[4.88927434,48.91967686],[4.87410818,48.91685941],[4.86214951,48.91232431],[4.85650294,48.90878508],[4.85445337,48.90832838],[4.83826239,48.90713515],[4.82019263,48.91068358],[4.81928419,48.91432603],[4.82149996,48.9149328],[4.81720528,48.91669901],[4.8207493,48.91738909],[4.82145365,48.91821043],[4.82451763,48.92560183],[4.82454873,48.92964102],[4.82761551,48.93366092],[4.83430232,48.93872457]]]]}},{"type":"Feature","properties":{"code":"51501","nom":"Sainte-Marie-à-Py","departement":"51","region":"44"},"geometry":{"type":"MultiPolygon","coordinates":[[[[4.52165919,49.2078422],[4.5128076,49.2070086],[4.50022611,49.20754086],[4.48345828,49.20609935],[4.48080677,49.21357264],[4.48267292,49.21920547],[4.4839117,49.23247893],[4.48256631,49.25949133],[4.48712038,49.26259752],[4.48933245,49.2672277],[4.49191176,49.27414065],[4.49249561,49.28074642],[4.51581957,49.28197522],[4.53001007,49.24129177],[4.55199737,49.21909436],[4.55259811,49.21720283],[4.55001691,49.21718211],[4.54481879,49.22003451],[4.52165919,49.2078422]]]]}},{"type":"Feature","properties":{"code":"51502","nom":"Saint-Martin-aux-Champs","departement":"51","region":"44"},"geometry":{"type":"MultiPolygon","coordinates":[[[[4.50141852,48.8124011],[4.47320714,48.80350057],[4.45867347,48.79970655],[4.4494427,48.80097024],[4.44986782,48.80440933],[4.46205489,48.81419959],[4.47300443,48.82129813],[4.49591972,48.83294018],[4.49848266,48.83336864],[4.50486996,48.81519209],[4.50358636,48.8130476],[4.50141852,48.8124011]]]]}},{"type":"Feature","properties":{"code":"51503","nom":"Saint-Martin-l'Heureux","departement":"51","region":"44"},"geometry":{"type":"MultiPolygon","coordinates":[[[[4.44650709,49.27343563],[4.44724235,49.27250792],[4.44836617,49.27147215],[4.42817798,49.25887526],[4.41711372,49.24819201],[4.40672404,49.24139036],[4.35672864,49.23291533],[4.35536591,49.23100292],[4.35448829,49.22580231],[4.34152841,49.22091388],[4.3405703,49.22038506],[4.33358885,49.22405544],[4.31515672,49.22982803],[4.31631117,49.23170898],[4.32570231,49.23931604],[4.32988764,49.24139457],[4.34216729,49.23918425],[4.35754975,49.23992466],[4.3565446,49.24364125],[4.39388814,49.25661048],[4.40976587,49.25982372],[4.42978192,49.26501161],[4.43293446,49.26687583],[4.4316254,49.26867161],[4.44650709,49.27343563]]]]}},{"type":"Feature","properties":{"code":"51504","nom":"Saint-Martin-sur-le-Pré","departement":"51","region":"44"},"geometry":{"type":"MultiPolygon","coordinates":[[[[4.39319156,49.00113948],[4.37153494,48.99224716],[4.37529867,48.98796096],[4.35815146,48.98033018],[4.35518018,48.97861994],[4.35590341,48.97769533],[4.3559761,48.97760097],[4.34746177,48.9728656],[4.3445816,48.97031677],[4.34175936,48.96888962],[4.34505986,48.96340612],[4.34400355,48.96259504],[4.34200379,48.96486495],[4.33126078,48.97537045],[4.31907493,48.97873104],[4.31296913,48.97808575],[4.31333903,48.97861231],[4.33235259,48.98886289],[4.34068999,48.99749897],[4.37433984,49.0132955],[4.38300919,49.01637234],[4.3914987,49.00825939],[4.39540099,49.00187195],[4.39319156,49.00113948]]]]}},{"type":"Feature","properties":{"code":"51505","nom":"Saint-Masmes","departement":"51","region":"44"},"geometry":{"type":"MultiPolygon","coordinates":[[[[4.25935732,49.29795561],[4.25152222,49.30127455],[4.23938557,49.30877727],[4.23037267,49.30636023],[4.22075434,49.30260637],[4.21311121,49.31428721],[4.2148648,49.31494296],[4.22754305,49.31815554],[4.23578237,49.31879883],[4.24549046,49.31686779],[4.27297538,49.31664416],[4.289976,49.32111269],[4.29033925,49.32034912],[4.28769746,49.31748961],[4.2797741,49.31518959],[4.27718578,49.31351241],[4.26344888,49.3024117],[4.25935732,49.29795561]]]]}},{"type":"Feature","properties":{"code":"51506","nom":"Saint-Memmie","departement":"51","region":"44"},"geometry":{"type":"MultiPolygon","coordinates":[[[[4.38965905,48.96208361],[4.43055821,48.97016021],[4.43338183,48.96693731],[4.43984675,48.96332349],[4.44413611,48.96323953],[4.4485901,48.96411307],[4.4535858,48.95929396],[4.45463898,48.9582253],[4.45532815,48.94864199],[4.45279672,48.94816274],[4.43859799,48.9463814],[4.41944812,48.93890367],[4.41540482,48.93957837],[4.40589987,48.94594642],[4.39617266,48.94274946],[4.39151354,48.94349527],[4.39085016,48.9436046],[4.37856905,48.9456298],[4.37944625,48.94642465],[4.37799264,48.95531016],[4.37936136,48.95583674],[4.37853815,48.95656931],[4.38965905,48.96208361]]]]}},{"type":"Feature","properties":{"code":"51563","nom":"Talus-Saint-Prix","departement":"51","region":"44"},"geometry":{"type":"MultiPolygon","coordinates":[[[[3.74145792,48.85194839],[3.74293143,48.84824106],[3.75317015,48.83790711],[3.754869,48.83469911],[3.75877106,48.8336851],[3.75739846,48.8282912],[3.75364274,48.82413728],[3.77198937,48.82131938],[3.76599138,48.81735835],[3.75897914,48.8161628],[3.75235993,48.81802141],[3.74073562,48.8233788],[3.72878532,48.82449012],[3.72603516,48.83524455],[3.72424941,48.83595509],[3.73344405,48.84930059],[3.73776478,48.85176347],[3.74145792,48.85194839]]]]}},{"type":"Feature","properties":{"code":"51507","nom":"Sainte-Menehould","departement":"51","region":"44"},"geometry":{"type":"MultiPolygon","coordinates":[[[[4.98498679,49.12249906],[4.99122358,49.11655718],[4.99725008,49.10515997],[4.99786671,49.09226396],[4.99840863,49.07857393],[4.99972809,49.07479958],[5.00345872,49.07019083],[5.0038648,49.0656779],[4.99609007,49.06539718],[4.97935065,49.0601867],[4.97092327,49.05610152],[4.96562931,49.0508888],[4.95537292,49.04757989],[4.9282161,49.04658797],[4.92767726,49.04839997],[4.92199462,49.05257533],[4.9189594,49.05383269],[4.91777727,49.05831898],[4.92278031,49.05749249],[4.92768701,49.06004465],[4.92822113,49.0612323],[4.92385884,49.07270138],[4.92227908,49.07436448],[4.91921436,49.07567263],[4.91479564,49.0753168],[4.89917733,49.06835146],[4.88154984,49.06708002],[4.87823754,49.07222693],[4.86622597,49.07780501],[4.86624667,49.07891273],[4.87194869,49.09157278],[4.87936173,49.09475242],[4.88447731,49.09822937],[4.88941179,49.10280618],[4.89160062,49.10952422],[4.90019156,49.11498282],[4.90357545,49.11628285],[4.90786299,49.11674194],[4.92794289,49.11370294],[4.93711762,49.1126993],[4.93776077,49.11319169],[4.94582666,49.12137706],[4.97408636,49.12696847],[4.97902196,49.1285656],[4.98498679,49.12249906]]]]}},{"type":"Feature","properties":{"code":"51508","nom":"Saint-Ouen-Domprot","departement":"51","region":"44"},"geometry":{"type":"MultiPolygon","coordinates":[[[[4.44714232,48.58602706],[4.44409793,48.58489536],[4.43372881,48.58620291],[4.42514046,48.59052644],[4.41303877,48.5847275],[4.40839809,48.58693363],[4.38732994,48.59368928],[4.36329896,48.5990716],[4.34971573,48.59774016],[4.33614981,48.59992911],[4.33090829,48.60215508],[4.31538911,48.61608752],[4.31545541,48.61716005],[4.32225778,48.62142453],[4.32749354,48.62631874],[4.33000969,48.63091655],[4.33016806,48.63474447],[4.32890087,48.6359947],[4.32970135,48.63630153],[4.34570034,48.6415268],[4.35172617,48.64262899],[4.36946791,48.64279972],[4.38218004,48.64049832],[4.39037807,48.63836346],[4.40382716,48.63653602],[4.40954054,48.63397386],[4.41401338,48.63067765],[4.41633193,48.62773436],[4.43304255,48.62624978],[4.44707399,48.626897],[4.47335131,48.61886206],[4.46766894,48.61553871],[4.45872583,48.60277528],[4.45802155,48.59048894],[4.44714232,48.58602706]]]]}},{"type":"Feature","properties":{"code":"51509","nom":"Saint-Pierre","departement":"51","region":"44"},"geometry":{"type":"MultiPolygon","coordinates":[[[[4.23123084,48.95975537],[4.23875661,48.96355763],[4.24474984,48.95824608],[4.25462663,48.95156346],[4.2621993,48.94866718],[4.26913387,48.94371582],[4.25488987,48.9401766],[4.27579028,48.91873871],[4.26708729,48.91446454],[4.26514248,48.9146209],[4.25259266,48.92131919],[4.2441961,48.92985451],[4.23191183,48.92768444],[4.22846975,48.92989085],[4.2293429,48.93027672],[4.22349948,48.93515443],[4.22663731,48.93721518],[4.22104444,48.95152978],[4.22585728,48.95706203],[4.23123084,48.95975537]]]]}},{"type":"Feature","properties":{"code":"51510","nom":"Saint-Quentin-les-Marais","departement":"51","region":"44"},"geometry":{"type":"MultiPolygon","coordinates":[[[[4.60160522,48.77488104],[4.60956162,48.77588956],[4.62951449,48.78943377],[4.65267663,48.78991356],[4.6567483,48.78638572],[4.65149815,48.77672768],[4.65411386,48.77530073],[4.6491412,48.77273731],[4.64880083,48.77329345],[4.64501011,48.7718587],[4.64085346,48.76726233],[4.6191619,48.76665699],[4.60797717,48.76846332],[4.60825937,48.7693627],[4.60160522,48.77488104]]]]}},{"type":"Feature","properties":{"code":"51511","nom":"Saint-Quentin-le-Verger","departement":"51","region":"44"},"geometry":{"type":"MultiPolygon","coordinates":[[[[3.72285896,48.63448394],[3.72559704,48.63345712],[3.74092683,48.62950015],[3.75421573,48.62805125],[3.76844737,48.61941822],[3.77032038,48.6138388],[3.77545201,48.60702645],[3.76421977,48.60055838],[3.75288722,48.59682365],[3.74943282,48.59605203],[3.75066056,48.59797296],[3.74799912,48.59878942],[3.74230155,48.60050996],[3.73912589,48.60738613],[3.73274909,48.61319526],[3.72806437,48.6158039],[3.726206,48.61210731],[3.72446002,48.6122007],[3.71917109,48.61904232],[3.71003781,48.62307309],[3.70706276,48.62673032],[3.72285896,48.63448394]]]]}},{"type":"Feature","properties":{"code":"51512","nom":"Saint-Quentin-sur-Coole","departement":"51","region":"44"},"geometry":{"type":"MultiPolygon","coordinates":[[[[4.30359471,48.82471866],[4.29995012,48.83043037],[4.29941179,48.83834787],[4.30157701,48.83971399],[4.30352288,48.84674362],[4.31470099,48.8564244],[4.3245619,48.85890875],[4.34498607,48.87143145],[4.34633609,48.87244073],[4.34770708,48.87109683],[4.36034551,48.85947331],[4.35018576,48.85599777],[4.34898842,48.8562919],[4.3186776,48.8338268],[4.30359471,48.82471866]]]]}},{"type":"Feature","properties":{"code":"51513","nom":"Saint-Remy-en-Bouzemont-Saint-Genest-et-Isson","departement":"51","region":"44"},"geometry":{"type":"MultiPolygon","coordinates":[[[[4.6668151,48.58259596],[4.66633129,48.58414038],[4.65798969,48.58387541],[4.65023272,48.58468862],[4.6368687,48.59225181],[4.63608978,48.59293371],[4.63877924,48.60224924],[4.62005754,48.62250942],[4.61791182,48.62382065],[4.60554745,48.62502263],[4.60458018,48.62791196],[4.60264066,48.62866322],[4.60300383,48.63183511],[4.6123635,48.63878387],[4.6267358,48.64002166],[4.62990615,48.63781549],[4.63334449,48.63702796],[4.64247428,48.64094831],[4.64595306,48.6408841],[4.65512361,48.6368569],[4.66081734,48.63323826],[4.66461748,48.63245466],[4.66699304,48.62457787],[4.67671786,48.61270015],[4.68171511,48.60442155],[4.68213136,48.59107005],[4.6796147,48.5884244],[4.68124705,48.5841825],[4.6668151,48.58259596]]]]}},{"type":"Feature","properties":{"code":"51514","nom":"Saint-Remy-sous-Broyes","departement":"51","region":"44"},"geometry":{"type":"MultiPolygon","coordinates":[[[[3.75326937,48.69788286],[3.75130435,48.7026913],[3.75190182,48.70653192],[3.76008332,48.7099044],[3.76287671,48.71523755],[3.76133172,48.71965574],[3.76718596,48.72007787],[3.77314234,48.72050626],[3.78378462,48.72101879],[3.79515813,48.71400409],[3.79387222,48.70755797],[3.79179535,48.70512158],[3.7923225,48.69865796],[3.77693873,48.68830075],[3.77526757,48.68829184],[3.76815826,48.68857261],[3.76261954,48.69175009],[3.75970598,48.6952605],[3.75439313,48.69854407],[3.75326937,48.69788286]]]]}},{"type":"Feature","properties":{"code":"51515","nom":"Saint-Remy-sur-Bussy","departement":"51","region":"44"},"geometry":{"type":"MultiPolygon","coordinates":[[[[4.5665578,49.01873093],[4.56000819,49.02461169],[4.5612008,49.03830499],[4.55511782,49.0589481],[4.55430251,49.05882106],[4.54376589,49.09075738],[4.55770182,49.0927809],[4.55980183,49.08820951],[4.59115656,49.08692894],[4.60160511,49.08941346],[4.61107339,49.09275198],[4.61780221,49.08712455],[4.61600756,49.08625927],[4.63475212,49.06445787],[4.6381134,49.0554825],[4.63235502,49.04969264],[4.62607574,49.05339139],[4.60991443,49.04647186],[4.61471097,49.03560353],[4.60981171,49.03275088],[4.5904883,49.02768509],[4.58091141,49.02443178],[4.57506028,49.02089236],[4.5665578,49.01873093]]]]}},{"type":"Feature","properties":{"code":"51516","nom":"Saint-Saturnin","departement":"51","region":"44"},"geometry":{"type":"MultiPolygon","coordinates":[[[[3.90242771,48.63187728],[3.90213674,48.6304285],[3.90724413,48.63078102],[3.90795854,48.62267864],[3.91125095,48.61039779],[3.91140185,48.60184348],[3.90850512,48.6017118],[3.89655337,48.60291878],[3.87702029,48.60802001],[3.87145374,48.60788816],[3.8720861,48.61661651],[3.86347088,48.62311203],[3.87205836,48.62635443],[3.89365549,48.63117429],[3.90242771,48.63187728]]]]}},{"type":"Feature","properties":{"code":"51517","nom":"Saint-Souplet-sur-Py","departement":"51","region":"44"},"geometry":{"type":"MultiPolygon","coordinates":[[[[4.43638057,49.22635952],[4.44255309,49.22646385],[4.43995173,49.23243653],[4.43859862,49.2397645],[4.44748963,49.25210393],[4.44781732,49.26081072],[4.45466761,49.26586049],[4.44836617,49.27147215],[4.44724235,49.27250792],[4.45442298,49.27586338],[4.46188052,49.2777531],[4.48360701,49.28042805],[4.49249561,49.28074642],[4.49191176,49.27414065],[4.48933245,49.2672277],[4.48712038,49.26259752],[4.48256631,49.25949133],[4.4839117,49.23247893],[4.48267292,49.21920547],[4.48080677,49.21357264],[4.48345828,49.20609935],[4.48241937,49.20614541],[4.48192824,49.20725294],[4.47589673,49.20807149],[4.47360174,49.21186441],[4.45677983,49.21973071],[4.43746377,49.21584088],[4.43619874,49.21882408],[4.43638057,49.22635952]]]]}},{"type":"Feature","properties":{"code":"51518","nom":"Saint-Thierry","departement":"51","region":"44"},"geometry":{"type":"MultiPolygon","coordinates":[[[[3.9787951,49.27748296],[3.97177921,49.28815976],[3.96529123,49.29531578],[3.94995336,49.30425482],[3.95573296,49.30707431],[3.96091088,49.31092316],[3.97374868,49.31257965],[3.9800761,49.31465638],[3.99662799,49.29799102],[3.99729944,49.29731122],[3.98606062,49.29342902],[3.99309109,49.28219662],[3.9868406,49.2776368],[3.98017942,49.27483578],[3.9787951,49.27748296]]]]}},{"type":"Feature","properties":{"code":"51519","nom":"Saint-Thomas-en-Argonne","departement":"51","region":"44"},"geometry":{"type":"MultiPolygon","coordinates":[[[[4.85448548,49.18605893],[4.85303161,49.18637627],[4.85119443,49.18874986],[4.84536894,49.19867734],[4.85081912,49.2001216],[4.86986186,49.19941478],[4.88047207,49.19993219],[4.88431229,49.20111319],[4.88549668,49.20118998],[4.88397483,49.19734868],[4.87612337,49.18264283],[4.87187746,49.17922863],[4.86720603,49.17696927],[4.86392682,49.1776316],[4.85699674,49.18546447],[4.85448548,49.18605893]]]]}},{"type":"Feature","properties":{"code":"51520","nom":"Saint-Utin","departement":"51","region":"44"},"geometry":{"type":"MultiPolygon","coordinates":[[[[4.46028923,48.56879845],[4.46674093,48.56512658],[4.47625048,48.56225496],[4.48438694,48.56190538],[4.5005268,48.55671037],[4.50669867,48.55651088],[4.51005605,48.55717728],[4.51413775,48.55513881],[4.51522091,48.55116355],[4.51102147,48.5479303],[4.49539836,48.53875899],[4.46386176,48.54765737],[4.44041994,48.54986721],[4.42793673,48.55326028],[4.43111975,48.55513208],[4.444784,48.56006368],[4.46028923,48.56879845]]]]}},{"type":"Feature","properties":{"code":"51521","nom":"Saint-Vrain","departement":"51","region":"44"},"geometry":{"type":"MultiPolygon","coordinates":[[[[4.79824958,48.67760124],[4.79214533,48.6913882],[4.78532477,48.69846662],[4.78658193,48.70085172],[4.78964039,48.7018135],[4.79061501,48.70106204],[4.79576533,48.70281365],[4.79953273,48.70647343],[4.81406918,48.70948308],[4.82573221,48.70872395],[4.83576044,48.70605364],[4.83752939,48.70494588],[4.84201768,48.70779613],[4.8475461,48.71305834],[4.84891208,48.7061726],[4.85069137,48.70325341],[4.86845018,48.7074741],[4.87796494,48.69999846],[4.87579115,48.70002367],[4.87053978,48.69608899],[4.86616231,48.69476034],[4.84732961,48.69820788],[4.83850554,48.69842161],[4.82578316,48.69251986],[4.8202607,48.68636582],[4.81992645,48.68012164],[4.81705064,48.68052538],[4.8035915,48.67728662],[4.79824958,48.67760124]]]]}},{"type":"Feature","properties":{"code":"51522","nom":"Sapignicourt","departement":"51","region":"44"},"geometry":{"type":"MultiPolygon","coordinates":[[[[4.83903457,48.64578674],[4.83072993,48.64367522],[4.82202837,48.64035996],[4.82089138,48.63928778],[4.80944198,48.64004706],[4.79935326,48.64228543],[4.79221746,48.6487468],[4.77322877,48.65003949],[4.77260566,48.65200742],[4.78355491,48.65397365],[4.80076229,48.65391548],[4.81734244,48.6529224],[4.8284302,48.65094613],[4.84204496,48.64964956],[4.83903457,48.64578674]]]]}},{"type":"Feature","properties":{"code":"51523","nom":"Sarcy","departement":"51","region":"44"},"geometry":{"type":"MultiPolygon","coordinates":[[[[3.80712998,49.19907775],[3.80210698,49.20685318],[3.82773673,49.21123364],[3.83492254,49.21474707],[3.83630059,49.21475729],[3.83664007,49.21461828],[3.84511095,49.20994248],[3.85388408,49.20629604],[3.85993324,49.20146185],[3.85122851,49.19809817],[3.84508612,49.19430953],[3.84527368,49.19319425],[3.83542441,49.1907572],[3.82467388,49.19075395],[3.81152135,49.19564525],[3.80712998,49.19907775]]]]}},{"type":"Feature","properties":{"code":"51524","nom":"Saron-sur-Aube","departement":"51","region":"44"},"geometry":{"type":"MultiPolygon","coordinates":[[[[3.726206,48.61210731],[3.72806437,48.6158039],[3.73274909,48.61319526],[3.73912589,48.60738613],[3.74230155,48.60050996],[3.74799912,48.59878942],[3.74553534,48.59520393],[3.74488493,48.58923489],[3.74603873,48.58113153],[3.75201567,48.57258211],[3.75667401,48.56154975],[3.7568443,48.56048446],[3.75497056,48.55826538],[3.75055468,48.55604165],[3.74174691,48.55435889],[3.73365571,48.55445675],[3.72445027,48.56011941],[3.70779484,48.57700581],[3.69922226,48.57878097],[3.69874583,48.57944945],[3.6976602,48.5826286],[3.70643246,48.58515501],[3.7049556,48.5867434],[3.7056046,48.59143888],[3.71797318,48.60440851],[3.71474637,48.6078876],[3.72070151,48.60859563],[3.72428203,48.60825726],[3.726206,48.61210731]]]]}},{"type":"Feature","properties":{"code":"51525","nom":"Sarry","departement":"51","region":"44"},"geometry":{"type":"MultiPolygon","coordinates":[[[[4.47310974,48.93585468],[4.45363778,48.92793479],[4.43647158,48.91912878],[4.43293876,48.91582704],[4.40848534,48.90357103],[4.4087997,48.90560813],[4.40489677,48.91108828],[4.40117066,48.91044477],[4.40157541,48.90774087],[4.39550224,48.90504157],[4.38683291,48.91020779],[4.38546078,48.91274023],[4.37409068,48.91824876],[4.36499463,48.92484463],[4.36170136,48.92698939],[4.3586649,48.93045865],[4.35728105,48.93083589],[4.35716045,48.93379985],[4.35904658,48.93676085],[4.361101,48.93727537],[4.36124931,48.93803907],[4.37197155,48.93885846],[4.37566448,48.93627535],[4.37472469,48.93522126],[4.37665609,48.93232192],[4.37846979,48.93142776],[4.38024772,48.93088564],[4.39078546,48.93561965],[4.39362786,48.93587894],[4.39371618,48.93586352],[4.39633574,48.93433013],[4.3968392,48.9314219],[4.41944812,48.93890367],[4.43859799,48.9463814],[4.45279672,48.94816274],[4.45352718,48.9467913],[4.47310974,48.93585468]]]]}},{"type":"Feature","properties":{"code":"51526","nom":"Saudoy","departement":"51","region":"44"},"geometry":{"type":"MultiPolygon","coordinates":[[[[3.72710039,48.6665467],[3.72297297,48.66572537],[3.69884226,48.672155],[3.68314981,48.67397929],[3.66155436,48.6719027],[3.66110325,48.67242242],[3.6621451,48.67887141],[3.65814299,48.6855174],[3.66482125,48.6906461],[3.67312164,48.69291302],[3.67300073,48.69586849],[3.70095694,48.69191795],[3.71995017,48.69266022],[3.72831109,48.69224697],[3.73622895,48.69067462],[3.73631828,48.68524923],[3.73285932,48.67892998],[3.7262857,48.67320441],[3.72996321,48.67268902],[3.72710039,48.6665467]]]]}},{"type":"Feature","properties":{"code":"51527","nom":"Savigny-sur-Ardres","departement":"51","region":"44"},"geometry":{"type":"MultiPolygon","coordinates":[[[[3.78315513,49.265364],[3.79556495,49.26997294],[3.80326095,49.26738765],[3.82546459,49.25838517],[3.82580229,49.25820125],[3.82555337,49.25233502],[3.82437207,49.25223702],[3.81984274,49.25198469],[3.81194716,49.24883666],[3.79848478,49.24634992],[3.79357784,49.24426689],[3.78736073,49.24061082],[3.78084036,49.23372525],[3.77083681,49.23717898],[3.76713816,49.2398736],[3.76548911,49.24228359],[3.76852705,49.2494367],[3.78315513,49.265364]]]]}},{"type":"Feature","properties":{"code":"51528","nom":"Scrupt","departement":"51","region":"44"},"geometry":{"type":"MultiPolygon","coordinates":[[[[4.8475461,48.71305834],[4.84201768,48.70779613],[4.83752939,48.70494588],[4.83576044,48.70605364],[4.82573221,48.70872395],[4.81406918,48.70948308],[4.79953273,48.70647343],[4.79576533,48.70281365],[4.79061501,48.70106204],[4.78964039,48.7018135],[4.78452322,48.70635704],[4.77540738,48.70870894],[4.76272733,48.71036523],[4.76113862,48.71049936],[4.76126653,48.71239845],[4.76328787,48.71674362],[4.77073624,48.71776418],[4.7869518,48.72307601],[4.78664731,48.72228348],[4.79236754,48.72204115],[4.79752663,48.72291898],[4.81758423,48.72717463],[4.82866819,48.73027197],[4.83922805,48.72825818],[4.84518486,48.72599892],[4.84674247,48.72247691],[4.8475461,48.71305834]]]]}},{"type":"Feature","properties":{"code":"51529","nom":"Selles","departement":"51","region":"44"},"geometry":{"type":"MultiPolygon","coordinates":[[[[4.25935732,49.29795561],[4.26344888,49.3024117],[4.27718578,49.31351241],[4.2797741,49.31518959],[4.28769746,49.31748961],[4.29033925,49.32034912],[4.289976,49.32111269],[4.3081612,49.32688579],[4.30953499,49.3242709],[4.30812899,49.31633594],[4.30355839,49.30410708],[4.29917767,49.30201725],[4.28616967,49.28333021],[4.28010297,49.27310932],[4.28082149,49.26617698],[4.27089174,49.26759554],[4.27078945,49.27069844],[4.26528667,49.27367287],[4.26201687,49.2739166],[4.26047511,49.27498463],[4.26412866,49.28418703],[4.25850004,49.29696211],[4.25935732,49.29795561]]]]}},{"type":"Feature","properties":{"code":"51530","nom":"Sept-Saulx","departement":"51","region":"44"},"geometry":{"type":"MultiPolygon","coordinates":[[[[4.30038854,49.16765383],[4.29419825,49.16599051],[4.28723236,49.16190379],[4.29946346,49.15286865],[4.29107712,49.14662409],[4.26702649,49.13512001],[4.2713634,49.12834822],[4.2729853,49.12766116],[4.27219623,49.12660754],[4.25081319,49.1170016],[4.25009043,49.11770601],[4.23353001,49.13211765],[4.23702879,49.13678362],[4.24002156,49.14370176],[4.24040575,49.1520755],[4.2394902,49.15351463],[4.24019789,49.15501616],[4.23899007,49.15873859],[4.23284952,49.15880343],[4.2353132,49.16127428],[4.26828945,49.17624158],[4.26992942,49.17499873],[4.27651844,49.17001781],[4.29312948,49.17299397],[4.30038854,49.16765383]]]]}},{"type":"Feature","properties":{"code":"51531","nom":"Sermaize-les-Bains","departement":"51","region":"44"},"geometry":{"type":"MultiPolygon","coordinates":[[[[4.94867073,48.7704589],[4.95280398,48.76812423],[4.94910314,48.76582037],[4.93525334,48.76568304],[4.92896523,48.76463411],[4.91810134,48.75819298],[4.90742143,48.75604293],[4.88925262,48.75792239],[4.88909204,48.76254646],[4.88866905,48.7660501],[4.8774331,48.77947179],[4.87167005,48.78077583],[4.8714735,48.78023013],[4.86809981,48.78006523],[4.86295281,48.78067369],[4.85884632,48.78229222],[4.85911839,48.78404406],[4.87416951,48.79267924],[4.89337097,48.79695923],[4.9119846,48.79354833],[4.92499674,48.79230212],[4.93443048,48.79040626],[4.94867073,48.7704589]]]]}},{"type":"Feature","properties":{"code":"51532","nom":"Sermiers","departement":"51","region":"44"},"geometry":{"type":"MultiPolygon","coordinates":[[[[4.00533071,49.12745109],[4.00396364,49.12569924],[3.98820254,49.12362588],[3.97321597,49.12282281],[3.9574187,49.12616316],[3.95172589,49.12704994],[3.94657887,49.129699],[3.94732177,49.13196171],[3.94890255,49.13298418],[3.9460699,49.13596738],[3.9582507,49.14055646],[3.96246281,49.1431016],[3.96609347,49.14795934],[3.96067883,49.15140232],[3.94649566,49.15214677],[3.95169823,49.15814342],[3.96479352,49.16389701],[3.97203529,49.16833888],[3.97936799,49.17955082],[3.99311722,49.17547672],[4.00109189,49.17420228],[4.00000735,49.17087644],[4.00053858,49.16806676],[4.00402488,49.16372012],[4.00455711,49.15793784],[4.00405324,49.15302106],[3.99984537,49.14296228],[3.99949241,49.13660281],[3.99691782,49.13334315],[3.99699108,49.13031418],[4.00533071,49.12745109]]]]}},{"type":"Feature","properties":{"code":"51533","nom":"Servon-Melzicourt","departement":"51","region":"44"},"geometry":{"type":"MultiPolygon","coordinates":[[[[4.81307136,49.20991477],[4.80822261,49.21354057],[4.80721018,49.21897822],[4.82142594,49.23403693],[4.82279473,49.23515827],[4.8271297,49.23530487],[4.83980827,49.23459589],[4.86634328,49.22695538],[4.87978103,49.22891647],[4.8894788,49.2277424],[4.88799674,49.22445635],[4.88811224,49.21551225],[4.8842012,49.20348903],[4.88431229,49.20111319],[4.88047207,49.19993219],[4.86986186,49.19941478],[4.85081912,49.2001216],[4.84536894,49.19867734],[4.85119443,49.18874986],[4.85303161,49.18637627],[4.85448548,49.18605893],[4.85549154,49.18400475],[4.84786131,49.17275231],[4.84388532,49.17006322],[4.83746231,49.16831785],[4.83571269,49.17010716],[4.83590481,49.17335878],[4.8334262,49.17881477],[4.82083168,49.17829002],[4.81583018,49.18121627],[4.8186629,49.19175531],[4.8203437,49.19128748],[4.82266225,49.18824255],[4.82508938,49.19085146],[4.82290637,49.19501668],[4.82062517,49.19644054],[4.81890389,49.19576152],[4.81647097,49.19822265],[4.81573712,49.20171117],[4.81765526,49.20451222],[4.81307136,49.20991477]]]]}},{"type":"Feature","properties":{"code":"51534","nom":"Serzy-et-Prin","departement":"51","region":"44"},"geometry":{"type":"MultiPolygon","coordinates":[[[[3.78315513,49.265364],[3.76852705,49.2494367],[3.76548911,49.24228359],[3.76713816,49.2398736],[3.77083681,49.23717898],[3.78084036,49.23372525],[3.76905237,49.22622389],[3.76249015,49.22617207],[3.76085511,49.22457401],[3.75857602,49.2215451],[3.75163345,49.22229074],[3.74875391,49.22504985],[3.75292846,49.2264848],[3.75930588,49.23255378],[3.75236441,49.23960886],[3.75237716,49.25454336],[3.75391147,49.26491288],[3.75856903,49.27057259],[3.76564391,49.27202025],[3.76617109,49.27051107],[3.77991907,49.26530315],[3.78315513,49.265364]]]]}},{"type":"Feature","properties":{"code":"51535","nom":"Sézanne","departement":"51","region":"44"},"geometry":{"type":"MultiPolygon","coordinates":[[[[3.76501723,48.73025578],[3.76718596,48.72007787],[3.76133172,48.71965574],[3.76287671,48.71523755],[3.76008332,48.7099044],[3.75190182,48.70653192],[3.75130435,48.7026913],[3.75326937,48.69788286],[3.74923197,48.69501284],[3.74201276,48.70016255],[3.73411799,48.70385609],[3.71377439,48.70634517],[3.7059763,48.706343],[3.70221349,48.70636701],[3.69579576,48.70909044],[3.68546728,48.71183065],[3.68455911,48.71212279],[3.68562701,48.72327901],[3.68862007,48.73417579],[3.69960769,48.74084068],[3.70705178,48.7484673],[3.70729618,48.75084578],[3.70904917,48.75302912],[3.72019938,48.74644682],[3.7308205,48.74462566],[3.73324192,48.74534477],[3.73474452,48.74397466],[3.7505324,48.74034881],[3.75332268,48.73787932],[3.7506257,48.7362431],[3.75598637,48.73297662],[3.7587331,48.7287704],[3.76501723,48.73025578]]]]}},{"type":"Feature","properties":{"code":"51536","nom":"Sillery","departement":"51","region":"44"},"geometry":{"type":"MultiPolygon","coordinates":[[[[4.12239679,49.17068083],[4.12187682,49.17415006],[4.11493304,49.1763563],[4.11996336,49.18890197],[4.12727644,49.20131537],[4.13769267,49.21419615],[4.15407366,49.20352887],[4.1629477,49.20030292],[4.17076928,49.1953611],[4.14914101,49.17994241],[4.13937499,49.18022492],[4.13368856,49.17941091],[4.12952279,49.17499032],[4.12767372,49.17031233],[4.12239679,49.17068083]]]]}},{"type":"Feature","properties":{"code":"51537","nom":"Sivry-Ante","departement":"51","region":"44"},"geometry":{"type":"MultiPolygon","coordinates":[[[[4.97337742,48.98651824],[4.97390273,48.98620736],[4.97249151,48.98557485],[4.97337742,48.98651824]]],[[[4.97663672,48.9871203],[4.97551507,48.98648485],[4.97432117,48.9870406],[4.97585581,48.98865241],[4.97694501,48.9883979],[4.97663672,48.9871203]]],[[[4.85181606,48.99052157],[4.83247947,48.99406101],[4.83334445,49.00025128],[4.83190962,49.0055772],[4.83425455,49.01262984],[4.85211319,49.01265869],[4.86890714,49.01550953],[4.8723205,49.0156677],[4.8729454,49.01464338],[4.87363615,49.01286789],[4.87848705,49.0117568],[4.89270559,49.01440715],[4.90917514,49.01932534],[4.91086902,49.01882797],[4.91061843,49.01722104],[4.91298374,49.01379333],[4.91969858,49.00682505],[4.92228999,49.0055459],[4.93081098,49.00725391],[4.93833469,49.0069905],[4.95485316,49.00439562],[4.95878854,49.00444837],[4.96180531,49.00595248],[4.96686014,49.00238336],[4.97653823,48.99121372],[4.97660911,48.98980755],[4.97065512,48.99351425],[4.92512065,48.99172874],[4.89464363,48.9915933],[4.86689072,48.98756795],[4.8669616,48.98950249],[4.85181606,48.99052157]]]]}},{"type":"Feature","properties":{"code":"51538","nom":"Sogny-aux-Moulins","departement":"51","region":"44"},"geometry":{"type":"MultiPolygon","coordinates":[[[[4.36801117,48.88410172],[4.36609699,48.88885549],[4.3767707,48.9014754],[4.38683291,48.91020779],[4.39550224,48.90504157],[4.40157541,48.90774087],[4.40117066,48.91044477],[4.40489677,48.91108828],[4.4087997,48.90560813],[4.40848534,48.90357103],[4.4080245,48.90121186],[4.40868854,48.89923251],[4.40930991,48.89955888],[4.4123729,48.89610046],[4.4132057,48.89255766],[4.41346258,48.89156884],[4.39956381,48.88656665],[4.39541581,48.88670321],[4.37366615,48.88195388],[4.36854686,48.88268979],[4.36801117,48.88410172]]]]}},{"type":"Feature","properties":{"code":"51539","nom":"Sogny-en-l'Angle","departement":"51","region":"44"},"geometry":{"type":"MultiPolygon","coordinates":[[[[4.78494904,48.82040781],[4.78727201,48.82033622],[4.8163824,48.828144],[4.82621022,48.82970171],[4.82802209,48.82872137],[4.83122627,48.82153321],[4.8271843,48.8137614],[4.81315531,48.80360356],[4.79841406,48.80674817],[4.77921954,48.81151448],[4.78494904,48.82040781]]]]}},{"type":"Feature","properties":{"code":"51542","nom":"Soizy-aux-Bois","departement":"51","region":"44"},"geometry":{"type":"MultiPolygon","coordinates":[[[[3.70714897,48.81971747],[3.72878532,48.82449012],[3.74097271,48.81859258],[3.75165653,48.81051318],[3.75233419,48.80906358],[3.75084712,48.80517943],[3.74214633,48.79473859],[3.71946163,48.79842456],[3.71260843,48.80112965],[3.70887662,48.81054965],[3.70714897,48.81971747]]]]}},{"type":"Feature","properties":{"code":"51543","nom":"Somme-Bionne","departement":"51","region":"44"},"geometry":{"type":"MultiPolygon","coordinates":[[[[4.70194809,49.06877702],[4.70131013,49.07069358],[4.69770098,49.07342558],[4.69396447,49.08371281],[4.69783313,49.08729064],[4.70056923,49.09598447],[4.70508007,49.1016394],[4.70507781,49.10398576],[4.71966055,49.1054967],[4.72828183,49.10290984],[4.73243128,49.10001994],[4.74608152,49.08495276],[4.72950452,49.07867486],[4.72148612,49.07702816],[4.71571241,49.07436052],[4.70996919,49.06956789],[4.70194809,49.06877702]]]]}},{"type":"Feature","properties":{"code":"51603","nom":"Vélye","departement":"51","region":"44"},"geometry":{"type":"MultiPolygon","coordinates":[[[[4.14152555,48.9038695],[4.14238501,48.90287379],[4.14996825,48.90550294],[4.16785249,48.9101002],[4.17965313,48.91459836],[4.18503158,48.91750692],[4.19141399,48.91178564],[4.19032327,48.91122718],[4.1917209,48.90999372],[4.15792573,48.89775096],[4.14946903,48.892473],[4.13185243,48.87887656],[4.12499226,48.87408538],[4.09826626,48.86455803],[4.0939152,48.86834028],[4.09322637,48.87280578],[4.09475072,48.87313092],[4.10276575,48.87709113],[4.11580231,48.88871904],[4.11542393,48.89308457],[4.12164444,48.89628582],[4.14152555,48.9038695]]]]}},{"type":"Feature","properties":{"code":"51544","nom":"Sommepy-Tahure","departement":"51","region":"44"},"geometry":{"type":"MultiPolygon","coordinates":[[[[4.6703529,49.24126548],[4.67766025,49.23440569],[4.6724637,49.22479529],[4.68283972,49.20664498],[4.68012481,49.2053691],[4.67661428,49.20050013],[4.66798382,49.19491252],[4.66433829,49.19367974],[4.6531729,49.19232008],[4.64703144,49.20071664],[4.63259058,49.20343279],[4.60358226,49.20461275],[4.5971454,49.20668189],[4.59123395,49.21094588],[4.58992226,49.2172108],[4.58665599,49.22492841],[4.56643521,49.21881407],[4.55750775,49.21719164],[4.55259811,49.21720283],[4.55199737,49.21909436],[4.53001007,49.24129177],[4.51581957,49.28197522],[4.53166083,49.28490774],[4.54296445,49.28868661],[4.55156514,49.29395307],[4.5566088,49.29527277],[4.59804075,49.29141543],[4.60144964,49.28999009],[4.59927282,49.28814337],[4.58991121,49.28105872],[4.59066135,49.27551645],[4.59411939,49.27152539],[4.60879058,49.26203253],[4.61139296,49.25926616],[4.61974084,49.24175813],[4.62458668,49.235708],[4.6341527,49.23168434],[4.64449126,49.23291682],[4.6667156,49.24064681],[4.6703529,49.24126548]]]]}},{"type":"Feature","properties":{"code":"51545","nom":"Sommesous","departement":"51","region":"44"},"geometry":{"type":"MultiPolygon","coordinates":[[[[4.16170795,48.7123151],[4.16552521,48.72458251],[4.18023182,48.73643399],[4.1832311,48.74846946],[4.19049833,48.75596836],[4.2019278,48.76586352],[4.20757835,48.76808405],[4.21476114,48.76864626],[4.22600159,48.77388702],[4.23061012,48.77633484],[4.23235321,48.77470857],[4.25728591,48.75123961],[4.25547066,48.75019638],[4.25137371,48.73232714],[4.25295968,48.73234468],[4.24859478,48.72899289],[4.24808941,48.72417486],[4.24316839,48.71672136],[4.23317369,48.70224972],[4.22906974,48.70318713],[4.20002875,48.70468641],[4.17887513,48.70856115],[4.16627278,48.70776569],[4.15776729,48.70439522],[4.16009602,48.70760823],[4.16170795,48.7123151]]]]}},{"type":"Feature","properties":{"code":"51546","nom":"Somme-Suippe","departement":"51","region":"44"},"geometry":{"type":"MultiPolygon","coordinates":[[[[4.54108861,49.09217575],[4.54395543,49.10208961],[4.56297839,49.12981767],[4.58148944,49.14725165],[4.59797679,49.15953437],[4.61103302,49.15782353],[4.61672013,49.15026368],[4.62685057,49.15299672],[4.6185924,49.1295913],[4.61449281,49.12855197],[4.61711765,49.11794834],[4.62750394,49.1083063],[4.62857569,49.10810653],[4.62793603,49.10614483],[4.61582795,49.10475055],[4.60653466,49.09662128],[4.61107339,49.09275198],[4.60160511,49.08941346],[4.59115656,49.08692894],[4.55980183,49.08820951],[4.55770182,49.0927809],[4.54376589,49.09075738],[4.54082673,49.09032116],[4.54108861,49.09217575]]]]}},{"type":"Feature","properties":{"code":"51547","nom":"Somme-Tourbe","departement":"51","region":"44"},"geometry":{"type":"MultiPolygon","coordinates":[[[[4.61780221,49.08712455],[4.61107339,49.09275198],[4.60653466,49.09662128],[4.61582795,49.10475055],[4.62793603,49.10614483],[4.62857569,49.10810653],[4.62750394,49.1083063],[4.62765898,49.10940494],[4.63176272,49.11031068],[4.65259974,49.11164939],[4.67368423,49.11196035],[4.70704962,49.11078991],[4.70505502,49.10654105],[4.70507781,49.10398576],[4.70508007,49.1016394],[4.70056923,49.09598447],[4.69783313,49.08729064],[4.69396447,49.08371281],[4.68434499,49.08110772],[4.67653661,49.07995063],[4.6558561,49.08318174],[4.62946296,49.08604705],[4.62023141,49.08813864],[4.61780221,49.08712455]]]]}},{"type":"Feature","properties":{"code":"51548","nom":"Somme-Vesle","departement":"51","region":"44"},"geometry":{"type":"MultiPolygon","coordinates":[[[[4.56356498,49.01838232],[4.5665578,49.01873093],[4.57506028,49.02089236],[4.58091141,49.02443178],[4.5904883,49.02768509],[4.59678342,49.02238702],[4.60106812,49.01352601],[4.60883851,49.00955747],[4.6233545,49.00590207],[4.63985999,49.01206872],[4.65614221,49.01256736],[4.65702862,49.01198041],[4.66423028,49.01019711],[4.66688788,49.00839921],[4.6738111,48.99044968],[4.67345993,48.98548711],[4.67889888,48.97647806],[4.68148293,48.96981487],[4.68065461,48.96921037],[4.65671759,48.97492741],[4.63526569,48.98292169],[4.62845566,48.98115166],[4.59777438,48.96690753],[4.6031595,48.96146343],[4.59677278,48.96089478],[4.58257734,48.95978333],[4.57268677,48.96667974],[4.56834807,48.98084638],[4.5651353,48.99748564],[4.56745665,49.01077329],[4.56356498,49.01838232]]]]}},{"type":"Feature","properties":{"code":"51549","nom":"Somme-Yèvre","departement":"51","region":"44"},"geometry":{"type":"MultiPolygon","coordinates":[[[[4.75673339,48.92490676],[4.74284868,48.92666385],[4.73466289,48.92516178],[4.72263157,48.92062299],[4.71344071,48.92079707],[4.71144375,48.92560634],[4.7099286,48.93395438],[4.70267197,48.94949784],[4.70426169,48.95487646],[4.70844962,48.95908833],[4.69492797,48.96505736],[4.70326224,48.96605906],[4.71045122,48.96549892],[4.71865161,48.96132336],[4.73182535,48.96027123],[4.74869296,48.960343],[4.7773666,48.9590165],[4.79389829,48.9599261],[4.78926543,48.95263587],[4.77719175,48.94387201],[4.77036217,48.93177973],[4.76975143,48.93092254],[4.76059934,48.92814034],[4.75673339,48.92490676]]]]}},{"type":"Feature","properties":{"code":"51550","nom":"Sompuis","departement":"51","region":"44"},"geometry":{"type":"MultiPolygon","coordinates":[[[[4.40165566,48.71544608],[4.4029317,48.71218901],[4.40890501,48.71114528],[4.43810432,48.70961122],[4.44503165,48.7108562],[4.44250565,48.70788755],[4.44651568,48.70362621],[4.43451251,48.68864536],[4.43411677,48.68150097],[4.43592295,48.67939844],[4.42079332,48.67694385],[4.40717347,48.67375165],[4.38777254,48.66556775],[4.36831451,48.66129827],[4.36346475,48.65888893],[4.35247375,48.64970319],[4.34000134,48.64718664],[4.32504253,48.64180602],[4.32352016,48.64430318],[4.32207219,48.64615086],[4.32334445,48.65115026],[4.32850648,48.65633483],[4.32649611,48.66053588],[4.32460114,48.66228149],[4.3229546,48.6638138],[4.33306151,48.67059121],[4.33430144,48.67505731],[4.33309783,48.67835608],[4.32737589,48.68573175],[4.32643137,48.69112894],[4.32701259,48.69748518],[4.33995823,48.70036571],[4.34557409,48.70376135],[4.34519885,48.7112536],[4.35471109,48.71408125],[4.3727382,48.71529022],[4.38932156,48.71232309],[4.40165566,48.71544608]]]]}},{"type":"Feature","properties":{"code":"51551","nom":"Somsois","departement":"51","region":"44"},"geometry":{"type":"MultiPolygon","coordinates":[[[[4.4981298,48.63633921],[4.50187807,48.63602571],[4.51140217,48.63294717],[4.51789417,48.629203],[4.52787619,48.61636122],[4.52584671,48.61544438],[4.52913329,48.60913596],[4.53065681,48.60644252],[4.52280074,48.60099042],[4.51856008,48.59368335],[4.51148168,48.57662706],[4.51672175,48.56898306],[4.50831849,48.56315812],[4.50368097,48.57004291],[4.50116363,48.58462283],[4.49935607,48.58917286],[4.47023739,48.59292615],[4.46234914,48.59199409],[4.45802155,48.59048894],[4.45872583,48.60277528],[4.46766894,48.61553871],[4.47335131,48.61886206],[4.47472403,48.61990397],[4.48002898,48.63110728],[4.49255052,48.63375526],[4.4981298,48.63633921]]]]}},{"type":"Feature","properties":{"code":"51552","nom":"Songy","departement":"51","region":"44"},"geometry":{"type":"MultiPolygon","coordinates":[[[[4.50141852,48.8124011],[4.50249129,48.81125063],[4.50132367,48.80891755],[4.50684051,48.80655525],[4.5132287,48.80528357],[4.51956032,48.80680081],[4.52183332,48.80479742],[4.52104394,48.80378561],[4.51911672,48.80251209],[4.51381784,48.80212237],[4.51269309,48.80141878],[4.51481718,48.80061648],[4.51714412,48.80196865],[4.51880112,48.80130714],[4.51990546,48.79598045],[4.50674053,48.79286656],[4.44652617,48.77136972],[4.44136327,48.77783593],[4.4301692,48.78764038],[4.4202323,48.79046377],[4.41920988,48.79151396],[4.43162878,48.79697612],[4.4494427,48.80097024],[4.45867347,48.79970655],[4.47320714,48.80350057],[4.50141852,48.8124011]]]]}},{"type":"Feature","properties":{"code":"51553","nom":"Souain-Perthes-lès-Hurlus","departement":"51","region":"44"},"geometry":{"type":"MultiPolygon","coordinates":[[[[4.51092458,49.16979002],[4.51006823,49.17211984],[4.50717199,49.17203383],[4.5028932,49.18167379],[4.51568551,49.19089757],[4.51914525,49.19976683],[4.51954973,49.20522251],[4.52165919,49.2078422],[4.54481879,49.22003451],[4.55001691,49.21718211],[4.55259811,49.21720283],[4.55750775,49.21719164],[4.56643521,49.21881407],[4.58665599,49.22492841],[4.58992226,49.2172108],[4.59123395,49.21094588],[4.5971454,49.20668189],[4.60358226,49.20461275],[4.63259058,49.20343279],[4.64703144,49.20071664],[4.6531729,49.19232008],[4.64367702,49.18367802],[4.64429977,49.1829861],[4.63644602,49.17720486],[4.6319974,49.17262245],[4.61936156,49.16507304],[4.61123194,49.16196911],[4.61103302,49.15782353],[4.59797679,49.15953437],[4.58286456,49.16111796],[4.56310021,49.15933673],[4.53064727,49.15836172],[4.52498644,49.15748938],[4.51965152,49.17098676],[4.51151704,49.16875748],[4.51092458,49.16979002]]]]}},{"type":"Feature","properties":{"code":"51555","nom":"Soudé","departement":"51","region":"44"},"geometry":{"type":"MultiPolygon","coordinates":[[[[4.34519885,48.7112536],[4.34557409,48.70376135],[4.33995823,48.70036571],[4.32701259,48.69748518],[4.3238187,48.70160022],[4.31264387,48.71000691],[4.29574084,48.71326367],[4.26398457,48.70597073],[4.25709045,48.70735782],[4.25269531,48.70924543],[4.249103,48.71135296],[4.24843045,48.71466494],[4.24316839,48.71672136],[4.24808941,48.72417486],[4.24859478,48.72899289],[4.25295968,48.73234468],[4.25538748,48.73248019],[4.27006175,48.73853802],[4.28597389,48.74368839],[4.32775539,48.76213555],[4.3402709,48.7521432],[4.34727904,48.74443085],[4.35112895,48.74098707],[4.35097402,48.73074027],[4.33362726,48.72084148],[4.34519885,48.7112536]]]]}},{"type":"Feature","properties":{"code":"51556","nom":"Soudron","departement":"51","region":"44"},"geometry":{"type":"MultiPolygon","coordinates":[[[[4.24203734,48.86670319],[4.2517161,48.85810274],[4.25890014,48.85005746],[4.26192894,48.84518025],[4.26134717,48.84439757],[4.25768929,48.83947294],[4.24458183,48.83488614],[4.22681486,48.82573251],[4.21451991,48.81307133],[4.20839145,48.80861003],[4.20443165,48.81145272],[4.20118734,48.80936803],[4.20884123,48.80363323],[4.17709501,48.78701666],[4.16471719,48.79450462],[4.15892155,48.79131299],[4.15179559,48.79565525],[4.13780768,48.80624275],[4.1355921,48.80786485],[4.13207663,48.80851882],[4.12995867,48.81088822],[4.15206017,48.81361488],[4.16381137,48.81822049],[4.17401319,48.83746598],[4.17321742,48.84357734],[4.17762212,48.85867409],[4.18228259,48.86360191],[4.19386439,48.87186408],[4.2055029,48.88023606],[4.21136155,48.87350959],[4.22133978,48.86444818],[4.24203734,48.86670319]]]]}},{"type":"Feature","properties":{"code":"51557","nom":"Soulanges","departement":"51","region":"44"},"geometry":{"type":"MultiPolygon","coordinates":[[[[4.5623632,48.80639652],[4.57493852,48.79918357],[4.58246442,48.7889516],[4.58765462,48.78427341],[4.59218396,48.78040528],[4.57579997,48.77762428],[4.5631584,48.7711354],[4.55714442,48.77044843],[4.54956096,48.7729057],[4.548854,48.77219702],[4.53939317,48.77760962],[4.53534647,48.77649227],[4.53249826,48.77845479],[4.52803606,48.78573443],[4.51990546,48.79598045],[4.51880112,48.80130714],[4.53259689,48.79608552],[4.53527256,48.79697141],[4.54284193,48.80172334],[4.56072308,48.80733637],[4.5623632,48.80639652]]]]}},{"type":"Feature","properties":{"code":"51558","nom":"Soulières","departement":"51","region":"44"},"geometry":{"type":"MultiPolygon","coordinates":[[[[3.93515339,48.89350568],[3.92123893,48.89762014],[3.90232368,48.90738081],[3.9557924,48.9140709],[3.95750054,48.90590201],[3.95932242,48.90267586],[3.95097363,48.89812428],[3.94910705,48.89330686],[3.94399024,48.89214217],[3.93515339,48.89350568]]]]}},{"type":"Feature","properties":{"code":"51559","nom":"Suippes","departement":"51","region":"44"},"geometry":{"type":"MultiPolygon","coordinates":[[[[4.48177384,49.09376948],[4.48143705,49.09535366],[4.47500765,49.09751724],[4.46557667,49.09893831],[4.46117987,49.10284788],[4.46366154,49.10381679],[4.47694423,49.11338712],[4.48316921,49.12119882],[4.48767857,49.13333517],[4.50039503,49.14830341],[4.52498644,49.15748938],[4.53064727,49.15836172],[4.56310021,49.15933673],[4.58286456,49.16111796],[4.59797679,49.15953437],[4.58148944,49.14725165],[4.56297839,49.12981767],[4.54395543,49.10208961],[4.54108861,49.09217575],[4.53449623,49.09225468],[4.50429949,49.08733772],[4.49546291,49.08924385],[4.48582883,49.09378059],[4.48204967,49.09335871],[4.48177384,49.09376948]]]]}},{"type":"Feature","properties":{"code":"51560","nom":"Suizy-le-Franc","departement":"51","region":"44"},"geometry":{"type":"MultiPolygon","coordinates":[[[[3.73673778,48.92785246],[3.73522205,48.9288591],[3.73526945,48.93800735],[3.73103789,48.94326531],[3.72236285,48.94716325],[3.71378354,48.96718303],[3.70984026,48.97287719],[3.73819805,48.96968987],[3.73667399,48.96778291],[3.73497289,48.95981771],[3.7434723,48.95100363],[3.7410418,48.93835131],[3.7386319,48.93504599],[3.74112723,48.93265824],[3.74510582,48.92721168],[3.73925474,48.92681356],[3.73673778,48.92785246]]]]}},{"type":"Feature","properties":{"code":"51562","nom":"Taissy","departement":"51","region":"44"},"geometry":{"type":"MultiPolygon","coordinates":[[[[4.05788438,49.18871236],[4.05937859,49.19630304],[4.05788427,49.19743106],[4.05085011,49.20384839],[4.05858385,49.20594124],[4.06542416,49.21099774],[4.07025887,49.21630093],[4.07047616,49.22176008],[4.07270773,49.22399425],[4.07406144,49.22274955],[4.08857673,49.22069978],[4.11715968,49.21115325],[4.09633947,49.19502291],[4.08809875,49.18675828],[4.08673622,49.1872606],[4.07790983,49.18617105],[4.06428321,49.18622478],[4.06192067,49.1854652],[4.06058541,49.18530073],[4.05896442,49.18860127],[4.05788438,49.18871236]]]]}},{"type":"Feature","properties":{"code":"51564","nom":"Val de Livre","departement":"51","region":"44"},"geometry":{"type":"MultiPolygon","coordinates":[[[[4.08438943,49.06948805],[4.08404811,49.06946235],[4.08060409,49.08671341],[4.07315125,49.10651044],[4.07690838,49.10514336],[4.09669605,49.10859548],[4.09699326,49.11357879],[4.10176518,49.1218095],[4.09950583,49.13103237],[4.0948429,49.13894263],[4.09598952,49.14034659],[4.09808032,49.14051455],[4.10441178,49.13561998],[4.10331946,49.13419762],[4.10295826,49.13370908],[4.11506063,49.12701466],[4.12371994,49.12847079],[4.13084009,49.1229793],[4.13215075,49.12233125],[4.13331806,49.1227096],[4.13452746,49.12125501],[4.14067561,49.12435122],[4.1470897,49.12172574],[4.1496355,49.11964139],[4.15222118,49.11757278],[4.15393206,49.11067661],[4.15002513,49.10466509],[4.14912964,49.09997798],[4.14615214,49.10008553],[4.14150618,49.10203695],[4.13265683,49.10004076],[4.12689748,49.09552509],[4.12226398,49.08661496],[4.11861638,49.08189928],[4.11127196,49.07742453],[4.09847865,49.07146338],[4.08438943,49.06948805]]]]}},{"type":"Feature","properties":{"code":"51565","nom":"Thaas","departement":"51","region":"44"},"geometry":{"type":"MultiPolygon","coordinates":[[[[3.86347088,48.62311203],[3.85263731,48.62784886],[3.83744532,48.63317312],[3.84213742,48.63792471],[3.85646767,48.651787],[3.86890967,48.65803954],[3.87282176,48.65878905],[3.87302508,48.65779178],[3.88309522,48.64931233],[3.89508333,48.6422937],[3.90046087,48.64013835],[3.90235366,48.63726436],[3.90242771,48.63187728],[3.89365549,48.63117429],[3.87205836,48.62635443],[3.86347088,48.62311203]]]]}},{"type":"Feature","properties":{"code":"51566","nom":"Thibie","departement":"51","region":"44"},"geometry":{"type":"MultiPolygon","coordinates":[[[[4.23191183,48.92768444],[4.22473854,48.92353901],[4.22138,48.91511915],[4.22397893,48.90789935],[4.23107836,48.90417057],[4.23537731,48.90066634],[4.2329606,48.89712334],[4.22427041,48.89447923],[4.2162631,48.89673917],[4.20797949,48.90317091],[4.19322185,48.91071088],[4.1917209,48.90999372],[4.19032327,48.91122718],[4.19141399,48.91178564],[4.18503158,48.91750692],[4.19035968,48.92051466],[4.18969588,48.92944387],[4.1944634,48.93091906],[4.21610312,48.93695559],[4.22224177,48.93449634],[4.22349948,48.93515443],[4.2293429,48.93027672],[4.22846975,48.92989085],[4.23191183,48.92768444]]]]}},{"type":"Feature","properties":{"code":"51567","nom":"Thiéblemont-Farémont","departement":"51","region":"44"},"geometry":{"type":"MultiPolygon","coordinates":[[[[4.7036588,48.68126665],[4.70565056,48.68618094],[4.70556987,48.69682598],[4.70907344,48.70480434],[4.74360874,48.70438009],[4.74607281,48.70494232],[4.75345454,48.70472697],[4.75404385,48.70288659],[4.75314216,48.69359279],[4.7497743,48.68034956],[4.74958744,48.67943462],[4.73297173,48.68029358],[4.72147721,48.68299718],[4.71484298,48.68287956],[4.7047137,48.68057682],[4.7036588,48.68126665]]]]}},{"type":"Feature","properties":{"code":"51568","nom":"Thil","departement":"51","region":"44"},"geometry":{"type":"MultiPolygon","coordinates":[[[[3.96091088,49.31092316],[3.95548623,49.3165498],[3.95804065,49.31807492],[3.95071609,49.32215843],[3.96918677,49.32541877],[3.9800761,49.31465638],[3.97374868,49.31257965],[3.96091088,49.31092316]]]]}},{"type":"Feature","properties":{"code":"51569","nom":"Thillois","departement":"51","region":"44"},"geometry":{"type":"MultiPolygon","coordinates":[[[[3.92522604,49.2778489],[3.93099571,49.27669784],[3.936233,49.27802743],[3.94153763,49.2705971],[3.94823032,49.26365813],[3.95813765,49.25914221],[3.96589374,49.26101959],[3.97229422,49.25696475],[3.97303069,49.25573791],[3.97154296,49.25470342],[3.97293745,49.25428671],[3.97022724,49.25126886],[3.96866939,49.25161223],[3.96582399,49.2481],[3.95732007,49.249858],[3.93667861,49.24334015],[3.93124194,49.24896623],[3.93743332,49.25042866],[3.93717316,49.25145649],[3.92501078,49.26452255],[3.9243372,49.26718523],[3.92463271,49.26964989],[3.92348387,49.27024935],[3.92522604,49.2778489]]]]}},{"type":"Feature","properties":{"code":"51570","nom":"Le Thoult-Trosnay","departement":"51","region":"44"},"geometry":{"type":"MultiPolygon","coordinates":[[[[3.70207817,48.84094659],[3.69597766,48.84111534],[3.67501507,48.84479515],[3.67209014,48.84473787],[3.66721793,48.84786614],[3.66370405,48.84812222],[3.65931736,48.85059003],[3.65533534,48.85752614],[3.65506322,48.86222493],[3.65620269,48.86200374],[3.66055979,48.86421015],[3.66671192,48.86987968],[3.6597716,48.87516488],[3.6584382,48.87840174],[3.66723354,48.88388754],[3.68015355,48.88624573],[3.68797606,48.88100109],[3.70657086,48.87675763],[3.70733186,48.87526563],[3.70534127,48.87144078],[3.70781624,48.86686468],[3.70926362,48.86613843],[3.70917329,48.86480973],[3.71194082,48.86293883],[3.71415613,48.85639452],[3.71058757,48.85006988],[3.70207817,48.84094659]]]]}},{"type":"Feature","properties":{"code":"51571","nom":"Val-de-Vesle","departement":"51","region":"44"},"geometry":{"type":"MultiPolygon","coordinates":[[[[4.22102739,49.14298959],[4.2181859,49.1454255],[4.20482025,49.14705447],[4.19556358,49.14673855],[4.19331198,49.14556679],[4.1915522,49.14718116],[4.1906887,49.1517737],[4.18464813,49.15851052],[4.20019783,49.17134578],[4.18877013,49.18094157],[4.18005997,49.18458333],[4.19051001,49.1935555],[4.19885744,49.19512533],[4.20738101,49.19810626],[4.21412282,49.20381993],[4.2141608,49.20461977],[4.20054367,49.21363773],[4.20555775,49.2196666],[4.20779213,49.22094974],[4.21213092,49.21848397],[4.22725761,49.2143541],[4.23904479,49.21923891],[4.25141624,49.22015138],[4.26220287,49.22438796],[4.26831191,49.21891472],[4.26917629,49.21817283],[4.26931903,49.20709854],[4.26732458,49.19929163],[4.26691968,49.19093652],[4.27068607,49.18213459],[4.27217996,49.18163957],[4.27468111,49.17726748],[4.26992942,49.17499873],[4.26828945,49.17624158],[4.2353132,49.16127428],[4.23284952,49.15880343],[4.23899007,49.15873859],[4.24019789,49.15501616],[4.2394902,49.15351463],[4.22102739,49.14298959]]]]}},{"type":"Feature","properties":{"code":"51572","nom":"Tilloy-et-Bellay","departement":"51","region":"44"},"geometry":{"type":"MultiPolygon","coordinates":[[[[4.66086852,49.04714239],[4.66166143,49.03379022],[4.65887958,49.0250256],[4.65838399,49.01353473],[4.65702862,49.01198041],[4.65614221,49.01256736],[4.63985999,49.01206872],[4.6233545,49.00590207],[4.60883851,49.00955747],[4.60106812,49.01352601],[4.59678342,49.02238702],[4.5904883,49.02768509],[4.60981171,49.03275088],[4.61471097,49.03560353],[4.60991443,49.04647186],[4.62607574,49.05339139],[4.63235502,49.04969264],[4.6381134,49.0554825],[4.64650581,49.05388654],[4.65700557,49.04635394],[4.66086852,49.04714239]]]]}},{"type":"Feature","properties":{"code":"51573","nom":"Tinqueux","departement":"51","region":"44"},"geometry":{"type":"MultiPolygon","coordinates":[[[[4.00830825,49.24603061],[4.0048794,49.24483921],[3.99967767,49.24285417],[3.99079983,49.239903],[3.99139538,49.23888126],[3.97970554,49.23499216],[3.98155119,49.23689306],[3.98225343,49.23707075],[3.98426748,49.24571675],[3.96582399,49.2481],[3.96866939,49.25161223],[3.97022724,49.25126886],[3.97293745,49.25428671],[3.97154296,49.25470342],[3.97303069,49.25573791],[3.97229422,49.25696475],[3.97919539,49.25872949],[3.98120576,49.26224458],[3.98184125,49.26257835],[3.99638705,49.25586641],[3.99847016,49.2555552],[4.00813106,49.25511253],[4.01225676,49.25376447],[4.01169446,49.25310479],[4.01167196,49.253078],[4.00896717,49.25023987],[4.00830825,49.24603061]]]]}},{"type":"Feature","properties":{"code":"51574","nom":"Togny-aux-Bœufs","departement":"51","region":"44"},"geometry":{"type":"MultiPolygon","coordinates":[[[[4.38890381,48.82644046],[4.3847128,48.83801049],[4.41742662,48.85580385],[4.43106565,48.85932662],[4.43642085,48.86182143],[4.43792036,48.8604857],[4.43813625,48.86198522],[4.44085636,48.86323244],[4.4461879,48.86425378],[4.45153678,48.86207347],[4.45451628,48.85995322],[4.45653643,48.85721854],[4.46274005,48.85503359],[4.45637642,48.85193337],[4.44987329,48.85064965],[4.44156653,48.84731672],[4.40422755,48.83060511],[4.39317022,48.82703936],[4.38890381,48.82644046]]]]}},{"type":"Feature","properties":{"code":"51576","nom":"Tours-sur-Marne","departement":"51","region":"44"},"geometry":{"type":"MultiPolygon","coordinates":[[[[4.15436296,49.07122642],[4.15954656,49.06916492],[4.16713502,49.06384888],[4.16094259,49.05834163],[4.15872548,49.04907016],[4.15336849,49.03720831],[4.16061998,49.02923565],[4.16013694,49.02769267],[4.15326032,49.02919955],[4.14058737,49.02815155],[4.12128416,49.02958245],[4.11546218,49.02925179],[4.10413446,49.02653729],[4.10208137,49.02438712],[4.09833932,49.0246732],[4.09381523,49.02730439],[4.09236922,49.02734273],[4.09225042,49.02878084],[4.10743526,49.0313962],[4.10907773,49.03587645],[4.09168598,49.06268315],[4.08438943,49.06948805],[4.09847865,49.07146338],[4.0998086,49.06996029],[4.11141274,49.07600965],[4.12508113,49.07908732],[4.12917346,49.0788718],[4.13548089,49.07729448],[4.15436296,49.07122642]]]]}},{"type":"Feature","properties":{"code":"51577","nom":"Tramery","departement":"51","region":"44"},"geometry":{"type":"MultiPolygon","coordinates":[[[[3.78181005,49.21695533],[3.79440529,49.22939585],[3.79970037,49.23056737],[3.80284478,49.22893089],[3.8048069,49.22913537],[3.81209356,49.23236803],[3.8151733,49.23448427],[3.82081712,49.23196103],[3.82103218,49.23115312],[3.81719546,49.22822042],[3.81427337,49.22441653],[3.81307247,49.22032316],[3.79596271,49.21338695],[3.78673248,49.21060383],[3.78181005,49.21695533]]]]}},{"type":"Feature","properties":{"code":"51578","nom":"Trécon","departement":"51","region":"44"},"geometry":{"type":"MultiPolygon","coordinates":[[[[4.06921825,48.88266677],[4.07734437,48.88542877],[4.09475072,48.87313092],[4.09322637,48.87280578],[4.0939152,48.86834028],[4.09826626,48.86455803],[4.12499226,48.87408538],[4.13185243,48.87887656],[4.14166935,48.87130123],[4.13570187,48.86718207],[4.1348687,48.86767385],[4.13209037,48.86730263],[4.11608774,48.86182266],[4.09512593,48.85206888],[4.09043626,48.85102972],[4.08174681,48.84926661],[4.07073817,48.8556444],[4.05403139,48.85345429],[4.05124287,48.85663032],[4.04990327,48.85819804],[4.05410666,48.85980249],[4.05538936,48.85852573],[4.06294665,48.86182349],[4.06232577,48.86600311],[4.05897382,48.86937046],[4.04881329,48.87142419],[4.04744649,48.87288148],[4.06262909,48.87900109],[4.06168721,48.87928646],[4.06921825,48.88266677]]]]}},{"type":"Feature","properties":{"code":"51579","nom":"Tréfols","departement":"51","region":"44"},"geometry":{"type":"MultiPolygon","coordinates":[[[[3.51570947,48.81744425],[3.51824214,48.81753583],[3.52020441,48.80591006],[3.51987899,48.78610334],[3.52041922,48.78445419],[3.52586751,48.78311182],[3.52384474,48.77874062],[3.51635139,48.77980665],[3.51168556,48.77946426],[3.49982264,48.77705282],[3.49247029,48.77376096],[3.47482266,48.77569507],[3.47278649,48.78225886],[3.4769345,48.79846468],[3.48267896,48.80840315],[3.48083609,48.81218256],[3.48703221,48.81511641],[3.5112584,48.82129198],[3.51271397,48.8175111],[3.51570947,48.81744425]]]]}},{"type":"Feature","properties":{"code":"51580","nom":"Trépail","departement":"51","region":"44"},"geometry":{"type":"MultiPolygon","coordinates":[[[[4.20356699,49.1036187],[4.20233801,49.102239],[4.19945587,49.09143486],[4.1938772,49.09432744],[4.18459433,49.09334829],[4.17963202,49.09454718],[4.17608812,49.09695404],[4.16538616,49.10729037],[4.1569434,49.11672268],[4.15399808,49.12145556],[4.17052431,49.12709388],[4.17301684,49.12407799],[4.18828619,49.11594774],[4.20909618,49.11367578],[4.20356699,49.1036187]]]]}},{"type":"Feature","properties":{"code":"51581","nom":"Treslon","departement":"51","region":"44"},"geometry":{"type":"MultiPolygon","coordinates":[[[[3.84345644,49.24565542],[3.84645284,49.24003881],[3.8492161,49.23890727],[3.84874018,49.23801967],[3.82659837,49.23360365],[3.82103218,49.23115312],[3.82081712,49.23196103],[3.8151733,49.23448427],[3.81209356,49.23236803],[3.81169153,49.24007821],[3.81370324,49.24453825],[3.81194716,49.24883666],[3.81984274,49.25198469],[3.82437207,49.25223702],[3.82284494,49.25051682],[3.82963884,49.25094227],[3.83876841,49.24854165],[3.84345644,49.24565542]]]]}},{"type":"Feature","properties":{"code":"51582","nom":"Trigny","departement":"51","region":"44"},"geometry":{"type":"MultiPolygon","coordinates":[[[[3.88500805,49.31836154],[3.89596765,49.31595958],[3.91836645,49.31633343],[3.91874108,49.31335405],[3.91211365,49.30161588],[3.91248927,49.29860051],[3.90039205,49.28627885],[3.89746612,49.28216431],[3.90197781,49.27918462],[3.9059886,49.27838592],[3.90447384,49.27710181],[3.89942543,49.27749105],[3.89470558,49.27900411],[3.88981222,49.27883621],[3.87273601,49.27662977],[3.86383099,49.27713346],[3.86097191,49.27797828],[3.86636519,49.28289501],[3.86995414,49.30146941],[3.877798,49.3100276],[3.87484645,49.31362336],[3.8774111,49.31428348],[3.88172549,49.31747309],[3.88500805,49.31836154]]]]}},{"type":"Feature","properties":{"code":"51583","nom":"Trois-Fontaines-l'Abbaye","departement":"51","region":"44"},"geometry":{"type":"MultiPolygon","coordinates":[[[[4.94339539,48.68069842],[4.94087429,48.67917936],[4.93867163,48.67477591],[4.93556424,48.67781172],[4.91770252,48.68433548],[4.91099891,48.68885173],[4.91150953,48.68947424],[4.90380051,48.69507502],[4.90005063,48.6967516],[4.88478256,48.70014733],[4.88056089,48.70063773],[4.87796494,48.69999846],[4.86845018,48.7074741],[4.87799649,48.70847849],[4.88542097,48.70823541],[4.89437652,48.7096545],[4.89663686,48.71615936],[4.90406518,48.72046932],[4.91428121,48.7195888],[4.92119046,48.71986281],[4.93130754,48.72639231],[4.95001246,48.73661454],[4.95838554,48.74027414],[4.97560528,48.74581228],[4.98090179,48.7463246],[5.00921853,48.74138883],[5.00939256,48.72915616],[5.00750392,48.72382385],[5.00878357,48.7180963],[5.01362896,48.71095447],[5.01565675,48.70963451],[5.00730858,48.7033836],[5.00639502,48.69884992],[4.99610819,48.69236449],[4.98843053,48.68442211],[4.97647431,48.68791035],[4.96717139,48.6883845],[4.95208769,48.6873008],[4.94339539,48.68069842]]]]}},{"type":"Feature","properties":{"code":"51584","nom":"Trois-Puits","departement":"51","region":"44"},"geometry":{"type":"MultiPolygon","coordinates":[[[[4.03256819,49.19769114],[4.03064411,49.19938535],[4.030425,49.20367773],[4.02711603,49.20391727],[4.02696558,49.20891842],[4.03075942,49.21378249],[4.03831472,49.21235552],[4.04170926,49.21088857],[4.04653605,49.21063097],[4.05085011,49.20384839],[4.05788427,49.19743106],[4.05212353,49.19703645],[4.05133912,49.2003628],[4.04268437,49.20323241],[4.03442987,49.19933312],[4.03256819,49.19769114]]]]}},{"type":"Feature","properties":{"code":"51585","nom":"Troissy","departement":"51","region":"44"},"geometry":{"type":"MultiPolygon","coordinates":[[[[3.7122063,49.09541007],[3.71623616,49.09770865],[3.72448325,49.09848736],[3.73277032,49.09345312],[3.72615982,49.07779828],[3.72635038,49.07361687],[3.72335347,49.06343913],[3.72353614,49.05966055],[3.72113104,49.05948708],[3.71125707,49.05176164],[3.70602693,49.05065322],[3.70060038,49.05058518],[3.67381974,49.04752376],[3.67332668,49.04916486],[3.6756622,49.05244998],[3.67697098,49.0577622],[3.68014394,49.07948007],[3.68400317,49.08627293],[3.68379697,49.08766151],[3.68551628,49.08858145],[3.69331977,49.08847915],[3.70151324,49.08988197],[3.71060625,49.0938532],[3.7122063,49.09541007]]]]}},{"type":"Feature","properties":{"code":"51586","nom":"Unchair","departement":"51","region":"44"},"geometry":{"type":"MultiPolygon","coordinates":[[[[3.73464148,49.28137103],[3.73472014,49.28574233],[3.73227991,49.29197902],[3.73511602,49.29289402],[3.7337224,49.29425367],[3.73877027,49.2951704],[3.74882827,49.29853264],[3.75181326,49.2987712],[3.75624655,49.29577778],[3.75948289,49.29105759],[3.75555522,49.28103245],[3.75537016,49.27561267],[3.75284637,49.27562934],[3.73966054,49.28055376],[3.73464148,49.28137103]]]]}},{"type":"Feature","properties":{"code":"51587","nom":"Vadenay","departement":"51","region":"44"},"geometry":{"type":"MultiPolygon","coordinates":[[[[4.4212949,49.1067485],[4.42836172,49.10985263],[4.4355334,49.10988684],[4.43917902,49.1077399],[4.44669618,49.11152461],[4.45530067,49.10140032],[4.43736983,49.07361437],[4.42015484,49.06513461],[4.41029265,49.05264176],[4.40547748,49.05207498],[4.40106712,49.05798452],[4.40043222,49.06254863],[4.39549408,49.06588579],[4.38386583,49.06729725],[4.37420092,49.06663839],[4.37342152,49.06744046],[4.38481092,49.08270624],[4.39127466,49.08833925],[4.40320111,49.09793246],[4.41406812,49.10407478],[4.4212949,49.1067485]]]]}},{"type":"Feature","properties":{"code":"51588","nom":"Valmy","departement":"51","region":"44"},"geometry":{"type":"MultiPolygon","coordinates":[[[[4.75392709,49.06357587],[4.74906049,49.0633833],[4.74055193,49.05772303],[4.73490035,49.05511296],[4.72823684,49.05624419],[4.72874732,49.05398662],[4.7100252,49.04863715],[4.70832297,49.0554498],[4.70148954,49.06539656],[4.70258509,49.06545658],[4.70194809,49.06877702],[4.70996919,49.06956789],[4.71571241,49.07436052],[4.72148612,49.07702816],[4.72950452,49.07867486],[4.74608152,49.08495276],[4.75144532,49.08732095],[4.76604829,49.09651356],[4.77821376,49.1014614],[4.77986966,49.10309619],[4.78023807,49.10552794],[4.7943389,49.11297623],[4.79774366,49.10461368],[4.80561779,49.09095055],[4.81032815,49.08544846],[4.80794233,49.07867706],[4.81543398,49.06815744],[4.8142338,49.06687327],[4.80783824,49.06390817],[4.79378127,49.06844397],[4.78112134,49.06928434],[4.76961759,49.0684758],[4.76504866,49.06739271],[4.76066713,49.06468694],[4.75392709,49.06357587]]]]}},{"type":"Feature","properties":{"code":"51589","nom":"Vanault-le-Châtel","departement":"51","region":"44"},"geometry":{"type":"MultiPolygon","coordinates":[[[[4.76710636,48.87596477],[4.76548872,48.87471041],[4.76490135,48.86824333],[4.76824286,48.86461384],[4.76919894,48.8646231],[4.7608439,48.85575272],[4.73745269,48.85497296],[4.72592277,48.8468191],[4.71653174,48.84192848],[4.71175269,48.84621312],[4.70422984,48.84906323],[4.68953637,48.8526269],[4.67343492,48.84030025],[4.66849527,48.83805565],[4.66290455,48.8366178],[4.66122394,48.83621927],[4.6442779,48.85668824],[4.63065269,48.86264777],[4.65226629,48.87272442],[4.67733716,48.87779073],[4.6899643,48.8811158],[4.69942146,48.88726767],[4.69812344,48.89255267],[4.71050928,48.8935727],[4.71848828,48.89278562],[4.73110258,48.88691721],[4.7363217,48.88263549],[4.74377563,48.88231665],[4.75965785,48.88432495],[4.76816338,48.87994487],[4.76598302,48.87694115],[4.76710636,48.87596477]]]]}},{"type":"Feature","properties":{"code":"51590","nom":"Vanault-les-Dames","departement":"51","region":"44"},"geometry":{"type":"MultiPolygon","coordinates":[[[[4.84155663,48.83625822],[4.83540113,48.83234791],[4.8270006,48.83137636],[4.82621022,48.82970171],[4.8163824,48.828144],[4.78727201,48.82033622],[4.78494904,48.82040781],[4.78474038,48.82290815],[4.78607883,48.82403963],[4.78434097,48.82652321],[4.76384081,48.83120917],[4.75255861,48.83489053],[4.73924114,48.84231376],[4.72952251,48.84629035],[4.72592277,48.8468191],[4.73745269,48.85497296],[4.7608439,48.85575272],[4.76919894,48.8646231],[4.78454152,48.85912484],[4.80332946,48.85562724],[4.82429644,48.84248783],[4.84155663,48.83625822]]]]}},{"type":"Feature","properties":{"code":"51591","nom":"Vandeuil","departement":"51","region":"44"},"geometry":{"type":"MultiPolygon","coordinates":[[[[3.80326095,49.26738765],[3.79556495,49.26997294],[3.78315513,49.265364],[3.78169371,49.27927297],[3.77676292,49.29157603],[3.7841092,49.29628057],[3.7833866,49.29503927],[3.79446447,49.29186178],[3.80098767,49.29904741],[3.80494752,49.29787127],[3.80147094,49.29342915],[3.80700552,49.28020585],[3.81160492,49.27776838],[3.80848065,49.27568389],[3.80326095,49.26738765]]]]}},{"type":"Feature","properties":{"code":"51592","nom":"Vandières","departement":"51","region":"44"},"geometry":{"type":"MultiPolygon","coordinates":[[[[3.73654914,49.09286895],[3.73277032,49.09345312],[3.72448325,49.09848736],[3.71623616,49.09770865],[3.7122063,49.09541007],[3.70700053,49.09902482],[3.70540439,49.10550177],[3.70437422,49.11102136],[3.69458145,49.11521704],[3.69195775,49.11886197],[3.70580887,49.13098538],[3.70974535,49.13228754],[3.72563956,49.12680696],[3.72972973,49.12675076],[3.73515196,49.12845936],[3.74448244,49.12865914],[3.75382671,49.1276353],[3.7552339,49.12642163],[3.75552017,49.12397419],[3.75345657,49.12168444],[3.74927976,49.10946601],[3.74283007,49.09950656],[3.73654914,49.09286895]]]]}},{"type":"Feature","properties":{"code":"51594","nom":"Vassimont-et-Chapelaine","departement":"51","region":"44"},"geometry":{"type":"MultiPolygon","coordinates":[[[[4.0965077,48.75089129],[4.11571862,48.76483081],[4.13645379,48.77416804],[4.14584439,48.77592947],[4.15281133,48.77890358],[4.15537389,48.78448796],[4.14875701,48.78577055],[4.15892155,48.79131299],[4.16471719,48.79450462],[4.17709501,48.78701666],[4.17272696,48.78459864],[4.18774896,48.77474482],[4.19031503,48.77459965],[4.19677474,48.77754569],[4.20072275,48.77617753],[4.20202652,48.77464069],[4.15392622,48.75724935],[4.139703,48.73986907],[4.12432875,48.72655459],[4.10977597,48.73548261],[4.09623373,48.73667635],[4.09092656,48.73598289],[4.09098984,48.74526154],[4.0965077,48.75089129]]]]}},{"type":"Feature","properties":{"code":"51595","nom":"Vatry","departement":"51","region":"44"},"geometry":{"type":"MultiPolygon","coordinates":[[[[4.26134717,48.84439757],[4.26651972,48.84230567],[4.26833139,48.83774156],[4.27441326,48.8292454],[4.25877448,48.82110362],[4.21270368,48.80554056],[4.20884123,48.80363323],[4.20118734,48.80936803],[4.20443165,48.81145272],[4.20839145,48.80861003],[4.21451991,48.81307133],[4.22681486,48.82573251],[4.24458183,48.83488614],[4.25768929,48.83947294],[4.26134717,48.84439757]]]]}},{"type":"Feature","properties":{"code":"51596","nom":"Vauchamps","departement":"51","region":"44"},"geometry":{"type":"MultiPolygon","coordinates":[[[[3.6059386,48.87130355],[3.59446457,48.87389541],[3.59166276,48.87928998],[3.59291997,48.88468331],[3.62641316,48.90228061],[3.63776007,48.89850476],[3.6418621,48.89610326],[3.64587247,48.89228027],[3.64244399,48.88766],[3.64371298,48.8787822],[3.65551735,48.87697614],[3.6584382,48.87840174],[3.6597716,48.87516488],[3.66671192,48.86987968],[3.66055979,48.86421015],[3.65620269,48.86200374],[3.65506322,48.86222493],[3.65167633,48.86290804],[3.64799182,48.86531401],[3.63631556,48.869823],[3.6266016,48.87192473],[3.61795054,48.87059822],[3.61179835,48.86749383],[3.6059386,48.87130355]]]]}},{"type":"Feature","properties":{"code":"51597","nom":"Vauciennes","departement":"51","region":"44"},"geometry":{"type":"MultiPolygon","coordinates":[[[[3.8699293,49.0621931],[3.87295163,49.06355235],[3.89531895,49.05748717],[3.8946701,49.05604158],[3.9022968,49.04724506],[3.90547772,49.04067928],[3.90508381,49.0388757],[3.89377484,49.04298712],[3.89146565,49.04536294],[3.88856304,49.0460103],[3.87306616,49.04718142],[3.87022393,49.04524804],[3.86837008,49.04032295],[3.86410377,49.04064147],[3.864147,49.04159523],[3.85859256,49.0460781],[3.8699293,49.0621931]]]]}},{"type":"Feature","properties":{"code":"51598","nom":"Vauclerc","departement":"51","region":"44"},"geometry":{"type":"MultiPolygon","coordinates":[[[[4.70567921,48.71504232],[4.70126294,48.71022301],[4.7007972,48.70476879],[4.70220012,48.70473259],[4.70218669,48.70406974],[4.69625406,48.70244852],[4.67766885,48.70092917],[4.67162843,48.69675145],[4.66761492,48.69175791],[4.66267419,48.69210579],[4.6616706,48.70080316],[4.65820621,48.70320214],[4.65381114,48.70403505],[4.64571423,48.71132431],[4.64450986,48.71940248],[4.6553227,48.71901366],[4.66470196,48.71566699],[4.66767698,48.71410416],[4.67159909,48.70785887],[4.68513299,48.71065886],[4.69148577,48.71465873],[4.69957191,48.71670205],[4.70567921,48.71504232]]]]}},{"type":"Feature","properties":{"code":"51599","nom":"Vaudemange","departement":"51","region":"44"},"geometry":{"type":"MultiPolygon","coordinates":[[[[4.20539178,49.08703311],[4.19945587,49.09143486],[4.20233801,49.102239],[4.20356699,49.1036187],[4.2366085,49.09626769],[4.25538422,49.10081296],[4.26231707,49.10392905],[4.28061136,49.08284718],[4.27867026,49.08235348],[4.27512039,49.07483388],[4.25384212,49.06887269],[4.24995346,49.07271974],[4.24811165,49.07097725],[4.2394629,49.07974091],[4.23596365,49.08110692],[4.23167152,49.08056827],[4.22413576,49.08133227],[4.21205906,49.08702272],[4.20539178,49.08703311]]]]}},{"type":"Feature","properties":{"code":"51600","nom":"Vaudesincourt","departement":"51","region":"44"},"geometry":{"type":"MultiPolygon","coordinates":[[[[4.34152841,49.22091388],[4.35448829,49.22580231],[4.35581679,49.22280315],[4.41048599,49.23129677],[4.41714656,49.22890157],[4.42356782,49.22531564],[4.43638057,49.22635952],[4.43619874,49.21882408],[4.43026519,49.21888924],[4.41586345,49.21728974],[4.4110295,49.21529096],[4.36961354,49.20468937],[4.36093279,49.2014087],[4.34699627,49.20074618],[4.34333833,49.20107115],[4.34676493,49.21384039],[4.34152841,49.22091388]]]]}},{"type":"Feature","properties":{"code":"51601","nom":"Vavray-le-Grand","departement":"51","region":"44"},"geometry":{"type":"MultiPolygon","coordinates":[[[[4.70589551,48.77791534],[4.69984942,48.78368514],[4.69284791,48.78875026],[4.68625586,48.79207656],[4.67986321,48.79718083],[4.690018,48.81129042],[4.69384985,48.81298314],[4.6964837,48.80932954],[4.73469898,48.79179782],[4.70589551,48.77791534]]]]}},{"type":"Feature","properties":{"code":"51602","nom":"Vavray-le-Petit","departement":"51","region":"44"},"geometry":{"type":"MultiPolygon","coordinates":[[[[4.70647989,48.82341834],[4.724677,48.80646303],[4.74534266,48.79735162],[4.74901718,48.79416553],[4.74936914,48.79264276],[4.73983187,48.79077592],[4.73469898,48.79179782],[4.6964837,48.80932954],[4.69384985,48.81298314],[4.69234745,48.8157094],[4.68912561,48.81477174],[4.68752878,48.81648367],[4.68726387,48.81856808],[4.70074287,48.8238707],[4.70647989,48.82341834]]]]}},{"type":"Feature","properties":{"code":"51604","nom":"Ventelay","departement":"51","region":"44"},"geometry":{"type":"MultiPolygon","coordinates":[[[[3.82730166,49.32500668],[3.82044857,49.32778535],[3.81416323,49.32823599],[3.80652797,49.32768491],[3.79791443,49.32558552],[3.78647297,49.32116037],[3.77544044,49.32533453],[3.7796353,49.32980319],[3.77927192,49.33260935],[3.76667731,49.33980775],[3.75977834,49.34682885],[3.75766562,49.34771678],[3.76377879,49.35161651],[3.77772589,49.35597725],[3.77961367,49.35195229],[3.79324116,49.35673311],[3.8022339,49.35891209],[3.81644936,49.35719884],[3.8239349,49.35740065],[3.83292376,49.3502168],[3.83109164,49.3480405],[3.8294095,49.34328768],[3.82730166,49.32500668]]]]}},{"type":"Feature","properties":{"code":"51605","nom":"Venteuil","departement":"51","region":"44"},"geometry":{"type":"MultiPolygon","coordinates":[[[[3.84348975,49.10545776],[3.85575475,49.1119116],[3.85785885,49.11076907],[3.85369205,49.10717331],[3.85034739,49.09421843],[3.85650385,49.08023925],[3.85383616,49.07160263],[3.85062617,49.07089885],[3.839094,49.07561164],[3.83990855,49.07688999],[3.82877074,49.07927012],[3.82311589,49.08270159],[3.82589544,49.09220029],[3.82917847,49.09792519],[3.84348975,49.10545776]]]]}},{"type":"Feature","properties":{"code":"51607","nom":"Verdon","departement":"51","region":"44"},"geometry":{"type":"MultiPolygon","coordinates":[[[[3.59140776,48.96045435],[3.5986396,48.96419535],[3.6035054,48.9654596],[3.61683009,48.96524163],[3.62107399,48.96607852],[3.62474246,48.96573213],[3.64691041,48.95177668],[3.65911546,48.94214998],[3.65399436,48.94299188],[3.64265584,48.94250284],[3.62889218,48.93483303],[3.62419826,48.93303202],[3.60656418,48.93485728],[3.59412023,48.93717411],[3.59341015,48.94469019],[3.59581207,48.94473133],[3.60017156,48.94937141],[3.60029591,48.95162796],[3.59140776,48.96045435]]]]}},{"type":"Feature","properties":{"code":"51608","nom":"Vernancourt","departement":"51","region":"44"},"geometry":{"type":"MultiPolygon","coordinates":[[[[4.80337206,48.86910546],[4.81266743,48.86647778],[4.82077389,48.86840119],[4.82305019,48.87044179],[4.82417872,48.8704264],[4.84113841,48.85979208],[4.84424522,48.85189101],[4.84759476,48.84967046],[4.85650693,48.84497522],[4.8710343,48.83961133],[4.86767747,48.83671585],[4.8678714,48.83509266],[4.86567479,48.8341428],[4.86029526,48.83399901],[4.8477704,48.8391337],[4.84622936,48.83860335],[4.84410595,48.83547858],[4.84225404,48.83659652],[4.84155663,48.83625822],[4.82429644,48.84248783],[4.80332946,48.85562724],[4.80311507,48.85868895],[4.79961565,48.86248197],[4.80104212,48.86663262],[4.80337206,48.86910546]]]]}},{"type":"Feature","properties":{"code":"51609","nom":"Verneuil","departement":"51","region":"44"},"geometry":{"type":"MultiPolygon","coordinates":[[[[3.65574082,49.08909012],[3.65552985,49.09427759],[3.64792237,49.10400353],[3.64304577,49.10631892],[3.62460874,49.1080615],[3.62545202,49.11007568],[3.63485664,49.11541312],[3.64159464,49.11543581],[3.65719509,49.11763718],[3.66570853,49.11487678],[3.68030857,49.11499111],[3.69207482,49.11152345],[3.69423763,49.10856899],[3.70049042,49.10608976],[3.70540439,49.10550177],[3.70700053,49.09902482],[3.7122063,49.09541007],[3.71060625,49.0938532],[3.70151324,49.08988197],[3.69331977,49.08847915],[3.68551628,49.08858145],[3.68379697,49.08766151],[3.67816035,49.08543115],[3.65574082,49.08909012]]]]}},{"type":"Feature","properties":{"code":"51610","nom":"Verrières","departement":"51","region":"44"},"geometry":{"type":"MultiPolygon","coordinates":[[[[4.9189594,49.05383269],[4.90130731,49.05539416],[4.89411174,49.05100806],[4.88998044,49.05085368],[4.88096655,49.05412693],[4.87790997,49.06075931],[4.88154984,49.06708002],[4.89917733,49.06835146],[4.91479564,49.0753168],[4.91921436,49.07567263],[4.92227908,49.07436448],[4.92385884,49.07270138],[4.92822113,49.0612323],[4.92768701,49.06004465],[4.92278031,49.05749249],[4.91777727,49.05831898],[4.9189594,49.05383269]]]]}},{"type":"Feature","properties":{"code":"51611","nom":"Vert-Toulon","departement":"51","region":"44"},"geometry":{"type":"MultiPolygon","coordinates":[[[[3.91043351,48.81598776],[3.90094945,48.81639958],[3.89679772,48.81280167],[3.8885042,48.81312172],[3.88918857,48.82035239],[3.90178681,48.82339517],[3.89883402,48.82751869],[3.88794257,48.83124442],[3.87148564,48.84084416],[3.86944122,48.84701713],[3.8589929,48.84873038],[3.85635403,48.84935908],[3.85717841,48.85150719],[3.86362839,48.85708011],[3.87286961,48.86083539],[3.8714163,48.86342718],[3.884618,48.86444734],[3.88810955,48.8658335],[3.8943524,48.86087193],[3.90406332,48.86363829],[3.91557369,48.8671195],[3.92369066,48.86482219],[3.93977826,48.87210599],[3.94049973,48.87249695],[3.94277419,48.87085659],[3.94557368,48.87081022],[3.95275137,48.86028003],[3.94385564,48.84890403],[3.94312742,48.84518719],[3.93933635,48.84019299],[3.93580546,48.83811517],[3.92806149,48.8369937],[3.91677649,48.83336981],[3.90766243,48.82665243],[3.91043351,48.81598776]]]]}},{"type":"Feature","properties":{"code":"51612","nom":"Blancs-Coteaux","departement":"51","region":"44"},"geometry":{"type":"MultiPolygon","coordinates":[[[[4.02120716,48.92606979],[4.0207273,48.92547222],[4.02815849,48.92277001],[4.03322121,48.9221293],[4.04025324,48.91699074],[4.04528462,48.91231078],[4.05314365,48.89928306],[4.06921825,48.88266677],[4.06168721,48.87928646],[4.06262909,48.87900109],[4.04744649,48.87288148],[4.04513616,48.87529404],[4.03602203,48.87259327],[4.02027628,48.88841275],[4.01310253,48.89170689],[4.00668513,48.89353186],[3.98716085,48.89508571],[3.98607934,48.87989804],[3.98355732,48.87689959],[3.97988893,48.87549517],[3.98084056,48.87940055],[3.98021648,48.88384316],[3.97355064,48.89069674],[3.96755942,48.88946551],[3.95932242,48.90267586],[3.95750054,48.90590201],[3.9557924,48.9140709],[3.90232368,48.90738081],[3.89898362,48.91060487],[3.89492178,48.91036368],[3.89180473,48.9078481],[3.87787363,48.9188428],[3.88111302,48.92229851],[3.86709575,48.92799813],[3.86993663,48.93105769],[3.88900832,48.9228904],[3.90114424,48.92436186],[3.90550935,48.92714384],[3.91786939,48.9287792],[3.9282668,48.92746973],[3.93882393,48.92354286],[3.946454,48.92345855],[3.95052797,48.92518989],[3.95154862,48.9295813],[3.9497464,48.93777494],[3.94697735,48.93901632],[3.93642854,48.94074045],[3.93513998,48.94097804],[3.93661387,48.95095697],[3.93920682,48.95904391],[3.94621704,48.95568026],[3.9639848,48.95333272],[3.97071642,48.95565168],[3.97601097,48.95791632],[3.98062355,48.96157933],[3.98425282,48.96160535],[4.00559612,48.96574133],[4.04243071,48.9711248],[4.04528003,48.97172772],[4.05400571,48.966921],[4.06744636,48.95415771],[4.07039217,48.94846659],[4.07563423,48.94319546],[4.07001443,48.94118988],[4.05962542,48.93926407],[4.0487296,48.93606295],[4.04577118,48.94250014],[4.04820793,48.95122749],[4.04521525,48.9548509],[4.03095038,48.95312721],[4.01818806,48.94852026],[4.00453619,48.94114049],[3.99699659,48.947076],[3.98908408,48.94742303],[3.98781154,48.94267793],[3.9953826,48.93066145],[4.02120716,48.92606979]]]]}},{"type":"Feature","properties":{"code":"51613","nom":"Verzenay","departement":"51","region":"44"},"geometry":{"type":"MultiPolygon","coordinates":[[[[4.17076928,49.1953611],[4.17445644,49.19170531],[4.17575116,49.19138967],[4.16252576,49.17755442],[4.15960225,49.17065828],[4.15150528,49.15588554],[4.13844821,49.14675464],[4.13529626,49.13996421],[4.13635923,49.13806591],[4.13567606,49.13197054],[4.13273506,49.12443074],[4.13331806,49.1227096],[4.13215075,49.12233125],[4.13084009,49.1229793],[4.12371994,49.12847079],[4.12421833,49.13331721],[4.12995035,49.13853449],[4.13088965,49.14395845],[4.12199584,49.16850504],[4.12239679,49.17068083],[4.12767372,49.17031233],[4.12952279,49.17499032],[4.13368856,49.17941091],[4.13937499,49.18022492],[4.14914101,49.17994241],[4.17076928,49.1953611]]]]}},{"type":"Feature","properties":{"code":"51614","nom":"Verzy","departement":"51","region":"44"},"geometry":{"type":"MultiPolygon","coordinates":[[[[4.18464813,49.15851052],[4.1906887,49.1517737],[4.1915522,49.14718116],[4.19331198,49.14556679],[4.18154091,49.14184164],[4.18077384,49.14222143],[4.16447972,49.1320549],[4.17052431,49.12709388],[4.15399808,49.12145556],[4.1496355,49.11964139],[4.1470897,49.12172574],[4.14067561,49.12435122],[4.13452746,49.12125501],[4.13331806,49.1227096],[4.13273506,49.12443074],[4.13567606,49.13197054],[4.13635923,49.13806591],[4.13529626,49.13996421],[4.13844821,49.14675464],[4.15150528,49.15588554],[4.15960225,49.17065828],[4.16631565,49.1682017],[4.18464813,49.15851052]]]]}},{"type":"Feature","properties":{"code":"51616","nom":"Vésigneul-sur-Marne","departement":"51","region":"44"},"geometry":{"type":"MultiPolygon","coordinates":[[[[4.43360326,48.87049904],[4.44282254,48.87377742],[4.48511122,48.89258055],[4.49889929,48.89968889],[4.50266597,48.89675715],[4.5063251,48.89540338],[4.50085286,48.88998722],[4.49305838,48.88592469],[4.47889194,48.8766688],[4.47974801,48.87315481],[4.47590876,48.8691798],[4.46709109,48.86418553],[4.45451628,48.85995322],[4.45153678,48.86207347],[4.4461879,48.86425378],[4.44085636,48.86323244],[4.43813625,48.86198522],[4.43792036,48.8604857],[4.43642085,48.86182143],[4.43283107,48.87008555],[4.43360326,48.87049904]]]]}},{"type":"Feature","properties":{"code":"51617","nom":"La Veuve","departement":"51","region":"44"},"geometry":{"type":"MultiPolygon","coordinates":[[[[4.31352635,49.007647],[4.30929144,49.01036514],[4.30867727,49.01463819],[4.3020079,49.02619666],[4.30056149,49.03325654],[4.30102142,49.03982089],[4.29316904,49.04769711],[4.29936549,49.05197466],[4.31473536,49.05983888],[4.32799683,49.07016417],[4.33005819,49.06862071],[4.3286737,49.06746787],[4.34776437,49.0569756],[4.35978283,49.05004064],[4.36634619,49.04464593],[4.37013386,49.04235093],[4.37396471,49.0381335],[4.37511434,49.02860475],[4.37455986,49.01840564],[4.35499648,49.01548853],[4.34674129,49.01924345],[4.32779553,49.01449298],[4.31352635,49.007647]]]]}},{"type":"Feature","properties":{"code":"51618","nom":"Le Vézier","departement":"51","region":"44"},"geometry":{"type":"MultiPolygon","coordinates":[[[[3.4163355,48.81797007],[3.43130314,48.81242098],[3.44745841,48.81156296],[3.45530116,48.81396525],[3.46308176,48.81864087],[3.46989444,48.82110014],[3.47457733,48.81919837],[3.47404902,48.8181635],[3.48083609,48.81218256],[3.48267896,48.80840315],[3.4769345,48.79846468],[3.47278649,48.78225886],[3.46960321,48.78211042],[3.45746745,48.78458767],[3.44677683,48.78858993],[3.44269406,48.78834251],[3.44057867,48.79879579],[3.43688029,48.80373616],[3.42545723,48.80108103],[3.41047656,48.80394666],[3.40452402,48.80904571],[3.4163355,48.81797007]]]]}},{"type":"Feature","properties":{"code":"51619","nom":"Le Vieil-Dampierre","departement":"51","region":"44"},"geometry":{"type":"MultiPolygon","coordinates":[[[[4.97432117,48.9870406],[4.97337742,48.98651824],[4.97249151,48.98557485],[4.97344157,48.9816581],[4.96804657,48.9809444],[4.96180259,48.98249757],[4.95939661,48.98146291],[4.95806359,48.97985119],[4.95816003,48.97533864],[4.95963601,48.97404084],[4.97008339,48.97072409],[4.95712311,48.96707115],[4.94822371,48.96579576],[4.93934352,48.96754982],[4.9379949,48.96747178],[4.93660133,48.96992744],[4.93475332,48.98084293],[4.92939562,48.98155708],[4.90343482,48.97752304],[4.88520974,48.97569443],[4.86488622,48.9798889],[4.86220804,48.98061771],[4.86092171,48.98281888],[4.86269781,48.98562733],[4.86689072,48.98756795],[4.89464363,48.9915933],[4.92512065,48.99172874],[4.97065512,48.99351425],[4.97660911,48.98980755],[4.97585581,48.98865241],[4.97432117,48.9870406]]]]}},{"type":"Feature","properties":{"code":"51620","nom":"Vienne-la-Ville","departement":"51","region":"44"},"geometry":{"type":"MultiPolygon","coordinates":[[[[4.86825488,49.15103758],[4.85583826,49.14918103],[4.8418376,49.15152029],[4.83262089,49.14758619],[4.83065611,49.14901363],[4.82645645,49.14973933],[4.82473254,49.15252367],[4.83445165,49.15302163],[4.8383683,49.15513281],[4.8384787,49.16600462],[4.83746231,49.16831785],[4.84388532,49.17006322],[4.84786131,49.17275231],[4.85549154,49.18400475],[4.85448548,49.18605893],[4.85699674,49.18546447],[4.86392682,49.1776316],[4.86282487,49.17556048],[4.8708707,49.1677332],[4.8791372,49.1621987],[4.88141489,49.16174404],[4.87321409,49.15881426],[4.86825488,49.15103758]]]]}},{"type":"Feature","properties":{"code":"51621","nom":"Vienne-le-Château","departement":"51","region":"44"},"geometry":{"type":"MultiPolygon","coordinates":[[[[4.94241676,49.18660461],[4.94115213,49.18577245],[4.94224403,49.18390316],[4.9506633,49.17621821],[4.95373032,49.17119972],[4.95279958,49.17096031],[4.9531269,49.16927505],[4.95660821,49.16155531],[4.95237247,49.15810857],[4.94301242,49.15620864],[4.92907697,49.15602089],[4.90255468,49.15606351],[4.89168822,49.15805231],[4.88141489,49.16174404],[4.8791372,49.1621987],[4.8708707,49.1677332],[4.86282487,49.17556048],[4.86392682,49.1776316],[4.86720603,49.17696927],[4.87187746,49.17922863],[4.87612337,49.18264283],[4.88397483,49.19734868],[4.88549668,49.20118998],[4.88431229,49.20111319],[4.8842012,49.20348903],[4.88811224,49.21551225],[4.88799674,49.22445635],[4.8894788,49.2277424],[4.90616161,49.23027825],[4.92383942,49.23127618],[4.94210551,49.23424224],[4.94485219,49.23570693],[4.95132223,49.23670129],[4.95874612,49.23633091],[4.96631592,49.23431112],[4.97183702,49.23151772],[4.97758426,49.21975355],[4.97803242,49.21890806],[4.98891637,49.2136578],[4.99141544,49.21100226],[4.99252862,49.21046676],[4.97892373,49.20061966],[4.96602432,49.19890994],[4.96019318,49.1970229],[4.94841539,49.19131273],[4.94241676,49.18660461]]]]}},{"type":"Feature","properties":{"code":"51622","nom":"Ville-Dommange","departement":"51","region":"44"},"geometry":{"type":"MultiPolygon","coordinates":[[[[3.92293133,49.20478004],[3.941506,49.21517807],[3.9465212,49.21744672],[3.95707865,49.20952337],[3.94065395,49.19828555],[3.92729691,49.1907369],[3.92298216,49.19924578],[3.925849,49.20104983],[3.92558536,49.2035693],[3.92293133,49.20478004]]]]}},{"type":"Feature","properties":{"code":"51623","nom":"Ville-en-Selve","departement":"51","region":"44"},"geometry":{"type":"MultiPolygon","coordinates":[[[[4.06609909,49.13467072],[4.08391981,49.13373642],[4.08814834,49.13705306],[4.09056273,49.1426402],[4.09516335,49.14327459],[4.09823631,49.14224852],[4.09808032,49.14051455],[4.09598952,49.14034659],[4.0948429,49.13894263],[4.09950583,49.13103237],[4.10176518,49.1218095],[4.09699326,49.11357879],[4.09669605,49.10859548],[4.07690838,49.10514336],[4.07315125,49.10651044],[4.0679921,49.11236334],[4.0594334,49.11615356],[4.06056863,49.12175893],[4.05838616,49.12624885],[4.05517619,49.12740101],[4.05305016,49.12917392],[4.05397685,49.13546087],[4.06609909,49.13467072]]]]}},{"type":"Feature","properties":{"code":"51624","nom":"Ville-en-Tardenois","departement":"51","region":"44"},"geometry":{"type":"MultiPolygon","coordinates":[[[[3.81717179,49.16773525],[3.81077475,49.15324709],[3.80927679,49.15142298],[3.80459785,49.15067211],[3.79435119,49.15634434],[3.78986363,49.1575499],[3.78442799,49.15736066],[3.78570974,49.18446637],[3.7783127,49.20197264],[3.78744804,49.20451339],[3.80210698,49.20685318],[3.80712998,49.19907775],[3.8012774,49.19732316],[3.80080214,49.19577901],[3.80484585,49.19159383],[3.81063006,49.18770338],[3.81376137,49.18027378],[3.81361595,49.17302896],[3.81635204,49.16783522],[3.81717179,49.16773525]]]]}},{"type":"Feature","properties":{"code":"51625","nom":"Villeneuve-la-Lionne","departement":"51","region":"44"},"geometry":{"type":"MultiPolygon","coordinates":[[[[3.40937436,48.78373231],[3.42974335,48.77946421],[3.44090793,48.78330982],[3.44269406,48.78834251],[3.44677683,48.78858993],[3.45746745,48.78458767],[3.46960321,48.78211042],[3.47278649,48.78225886],[3.47482266,48.77569507],[3.47061088,48.77447505],[3.46883707,48.77181889],[3.47097864,48.76667306],[3.47227356,48.76573436],[3.47424519,48.76575803],[3.47450664,48.75635362],[3.46908338,48.75940698],[3.46117597,48.76161165],[3.45057091,48.7615505],[3.44457384,48.76071493],[3.43931266,48.75839233],[3.43650806,48.75323728],[3.43390725,48.75469841],[3.42797038,48.75576766],[3.42227246,48.75445501],[3.41409224,48.75397279],[3.40369019,48.75391936],[3.40040016,48.75520581],[3.39905,48.75492521],[3.39592595,48.75928786],[3.40791087,48.77880414],[3.40823039,48.78416073],[3.40937436,48.78373231]]]]}},{"type":"Feature","properties":{"code":"51626","nom":"La Villeneuve-lès-Charleville","departement":"51","region":"44"},"geometry":{"type":"MultiPolygon","coordinates":[[[[3.74214633,48.79473859],[3.73587516,48.78463918],[3.74014647,48.78235616],[3.7362687,48.77384909],[3.7345471,48.77480139],[3.72223345,48.78288581],[3.71460735,48.77938346],[3.71181012,48.77615235],[3.70640837,48.7768131],[3.69580303,48.78006468],[3.69596922,48.78283121],[3.69765921,48.78494038],[3.70077,48.78418555],[3.70231987,48.78638272],[3.70316731,48.79119138],[3.69986523,48.79486415],[3.69289786,48.79608657],[3.68078802,48.79520729],[3.68514478,48.80975624],[3.68515157,48.81441954],[3.68271249,48.82128232],[3.69688513,48.81941168],[3.70714897,48.81971747],[3.70887662,48.81054965],[3.71260843,48.80112965],[3.71946163,48.79842456],[3.74214633,48.79473859]]]]}},{"type":"Feature","properties":{"code":"51627","nom":"Villeneuve-Renneville-Chevigny","departement":"51","region":"44"},"geometry":{"type":"MultiPolygon","coordinates":[[[[4.09132488,48.92495075],[4.08224895,48.92278649],[4.07706489,48.90488292],[4.07958935,48.90168633],[4.08329132,48.89720731],[4.07971881,48.88628967],[4.07734437,48.88542877],[4.06921825,48.88266677],[4.05314365,48.89928306],[4.04528462,48.91231078],[4.04025324,48.91699074],[4.03322121,48.9221293],[4.02815849,48.92277001],[4.0207273,48.92547222],[4.02120716,48.92606979],[4.02415719,48.92596457],[4.0487296,48.93606295],[4.05962542,48.93926407],[4.07001443,48.94118988],[4.07563423,48.94319546],[4.07039217,48.94846659],[4.07506837,48.94990235],[4.0852601,48.93962736],[4.09305925,48.92883452],[4.09363032,48.92743172],[4.08942848,48.92661292],[4.09132488,48.92495075]]]]}},{"type":"Feature","properties":{"code":"51628","nom":"Villeneuve-Saint-Vistre-et-Villevotte","departement":"51","region":"44"},"geometry":{"type":"MultiPolygon","coordinates":[[[[3.74138361,48.64737728],[3.74768977,48.64779843],[3.76604555,48.64656283],[3.78586425,48.65258474],[3.78937014,48.64604719],[3.79396965,48.64777341],[3.7970373,48.64516768],[3.7923462,48.63837061],[3.78665268,48.63450255],[3.76997751,48.62188838],[3.76898662,48.61881294],[3.76844737,48.61941822],[3.75421573,48.62805125],[3.74092683,48.62950015],[3.72559704,48.63345712],[3.72264264,48.63719733],[3.72282889,48.63839887],[3.73455314,48.64199364],[3.74138361,48.64737728]]]]}},{"type":"Feature","properties":{"code":"51629","nom":"Villers-Allerand","departement":"51","region":"44"},"geometry":{"type":"MultiPolygon","coordinates":[[[[4.03088807,49.18869826],[4.03583333,49.18746991],[4.0396397,49.18507334],[4.03981131,49.18405675],[4.04019579,49.18257618],[4.03428121,49.17116688],[4.031375,49.16178238],[4.03337254,49.15319194],[4.03215776,49.14581946],[4.02910887,49.13971603],[4.02288734,49.13348486],[4.01284536,49.13618995],[4.00444953,49.13733661],[3.99949241,49.13660281],[3.99984537,49.14296228],[4.00405324,49.15302106],[4.00455711,49.15793784],[4.00402488,49.16372012],[4.00053858,49.16806676],[4.00000735,49.17087644],[4.00109189,49.17420228],[4.00372867,49.18741172],[4.02471883,49.18451607],[4.02821952,49.18570364],[4.03088807,49.18869826]]]]}},{"type":"Feature","properties":{"code":"51630","nom":"Villers-aux-Bois","departement":"51","region":"44"},"geometry":{"type":"MultiPolygon","coordinates":[[[[3.90695841,48.94763454],[3.90946282,48.94780981],[3.92048075,48.94546306],[3.9292658,48.94336014],[3.93450074,48.94065568],[3.93642854,48.94074045],[3.94697735,48.93901632],[3.9497464,48.93777494],[3.95154862,48.9295813],[3.95052797,48.92518989],[3.946454,48.92345855],[3.93882393,48.92354286],[3.9282668,48.92746973],[3.91786939,48.9287792],[3.90801748,48.94432427],[3.90695841,48.94763454]]]]}},{"type":"Feature","properties":{"code":"51631","nom":"Villers-aux-Nœuds","departement":"51","region":"44"},"geometry":{"type":"MultiPolygon","coordinates":[[[[4.00372867,49.18741172],[4.00109189,49.17420228],[3.99311722,49.17547672],[3.97936799,49.17955082],[3.97193432,49.18290088],[3.97376637,49.18827534],[3.98499478,49.19927536],[3.98128898,49.20166393],[3.98549606,49.20535274],[3.99312955,49.20321136],[4.01114009,49.2130424],[4.01358416,49.21226394],[4.01349022,49.20620845],[4.00762412,49.19951981],[4.00372867,49.18741172]]]]}},{"type":"Feature","properties":{"code":"51632","nom":"Villers-en-Argonne","departement":"51","region":"44"},"geometry":{"type":"MultiPolygon","coordinates":[[[[4.90917514,49.01932534],[4.90809581,49.01972566],[4.908826,49.02355469],[4.91034145,49.02489504],[4.91596684,49.02682284],[4.92656781,49.02367602],[4.93175009,49.02559131],[4.94325736,49.03700667],[4.94912731,49.0366345],[4.96162775,49.02601167],[4.96532164,49.02170131],[4.96693175,49.02095357],[4.97070037,49.02057874],[4.97031464,49.01841466],[4.96291717,49.01533017],[4.96058364,49.0113297],[4.96180531,49.00595248],[4.95878854,49.00444837],[4.95485316,49.00439562],[4.93833469,49.0069905],[4.93081098,49.00725391],[4.92228999,49.0055459],[4.91969858,49.00682505],[4.91298374,49.01379333],[4.91061843,49.01722104],[4.91086902,49.01882797],[4.90917514,49.01932534]]]]}},{"type":"Feature","properties":{"code":"51633","nom":"Villers-Franqueux","departement":"51","region":"44"},"geometry":{"type":"MultiPolygon","coordinates":[[[[3.93626415,49.31992858],[3.93737931,49.33014395],[3.94256328,49.33562867],[3.9494913,49.3408792],[3.95300977,49.34210466],[3.96858549,49.32606546],[3.96918677,49.32541877],[3.95071609,49.32215843],[3.94984674,49.32259768],[3.93957724,49.32129986],[3.93626415,49.31992858]]]]}},{"type":"Feature","properties":{"code":"51634","nom":"Villers-le-Château","departement":"51","region":"44"},"geometry":{"type":"MultiPolygon","coordinates":[[[[4.28617536,48.91696289],[4.28756322,48.91525353],[4.28211201,48.91233321],[4.2859935,48.90855461],[4.26985177,48.90254707],[4.26063158,48.89970973],[4.2550725,48.9012935],[4.24892111,48.9061228],[4.2521926,48.90787124],[4.24755379,48.91032462],[4.24006751,48.91240799],[4.23107836,48.90417057],[4.22397893,48.90789935],[4.22138,48.91511915],[4.22473854,48.92353901],[4.23191183,48.92768444],[4.2441961,48.92985451],[4.25259266,48.92131919],[4.26514248,48.9146209],[4.26708729,48.91446454],[4.27579028,48.91873871],[4.25488987,48.9401766],[4.26913387,48.94371582],[4.2621993,48.94866718],[4.25462663,48.95156346],[4.24474984,48.95824608],[4.23875661,48.96355763],[4.2550234,48.97168042],[4.27381497,48.97741435],[4.30192106,48.96475732],[4.29748482,48.96120889],[4.28615016,48.94774528],[4.27291576,48.94460386],[4.27022055,48.93605158],[4.28047751,48.92554022],[4.2835413,48.91606567],[4.28617536,48.91696289]]]]}},{"type":"Feature","properties":{"code":"51635","nom":"Villers-le-Sec","departement":"51","region":"44"},"geometry":{"type":"MultiPolygon","coordinates":[[[[4.87542572,48.81921077],[4.86306132,48.814629],[4.85297024,48.79971471],[4.85111817,48.79921444],[4.84731708,48.80085567],[4.83758981,48.8083941],[4.83746895,48.81099401],[4.8396854,48.81351389],[4.84848448,48.82053716],[4.84681832,48.83380308],[4.84410595,48.83547858],[4.84622936,48.83860335],[4.8477704,48.8391337],[4.86029526,48.83399901],[4.86188123,48.83086624],[4.86936337,48.82805882],[4.87542572,48.81921077]]]]}},{"type":"Feature","properties":{"code":"51636","nom":"Villers-Marmery","departement":"51","region":"44"},"geometry":{"type":"MultiPolygon","coordinates":[[[[4.20909618,49.11367578],[4.18828619,49.11594774],[4.17301684,49.12407799],[4.17052431,49.12709388],[4.16447972,49.1320549],[4.18077384,49.14222143],[4.18154091,49.14184164],[4.19331198,49.14556679],[4.19556358,49.14673855],[4.20482025,49.14705447],[4.2181859,49.1454255],[4.22102739,49.14298959],[4.2235889,49.1407219],[4.21881467,49.13090623],[4.21838047,49.12054106],[4.22216286,49.11670084],[4.21749945,49.11563761],[4.21401148,49.11878232],[4.21211612,49.11787256],[4.20909618,49.11367578]]]]}},{"type":"Feature","properties":{"code":"51638","nom":"Villeseneux","departement":"51","region":"44"},"geometry":{"type":"MultiPolygon","coordinates":[[[[4.19386439,48.87186408],[4.18228259,48.86360191],[4.17762212,48.85867409],[4.17321742,48.84357734],[4.17401319,48.83746598],[4.16381137,48.81822049],[4.15206017,48.81361488],[4.12995867,48.81088822],[4.12466774,48.81984442],[4.12069674,48.82982948],[4.1113379,48.83802336],[4.09117488,48.8490092],[4.09043626,48.85102972],[4.09512593,48.85206888],[4.11608774,48.86182266],[4.13209037,48.86730263],[4.1348687,48.86767385],[4.13570187,48.86718207],[4.14296457,48.86403066],[4.15245179,48.86590398],[4.16324792,48.86970477],[4.19386439,48.87186408]]]]}},{"type":"Feature","properties":{"code":"51639","nom":"La Ville-sous-Orbais","departement":"51","region":"44"},"geometry":{"type":"MultiPolygon","coordinates":[[[[3.6666628,48.9396442],[3.66539522,48.93937157],[3.65911546,48.94214998],[3.64691041,48.95177668],[3.65470858,48.9599285],[3.66032854,48.96941908],[3.67017091,48.97978326],[3.68640838,48.98737914],[3.68811256,48.9862687],[3.70512606,48.98233011],[3.70984026,48.97287719],[3.70489528,48.97125801],[3.70030556,48.96850977],[3.69355855,48.96229458],[3.67965571,48.9537322],[3.67270929,48.94812122],[3.6666628,48.9396442]]]]}},{"type":"Feature","properties":{"code":"51640","nom":"Ville-sur-Tourbe","departement":"51","region":"44"},"geometry":{"type":"MultiPolygon","coordinates":[[[[4.76292153,49.18221281],[4.75739844,49.19258826],[4.75519779,49.20751819],[4.75918145,49.20907423],[4.77223152,49.21056279],[4.78301371,49.20911152],[4.79662388,49.20868365],[4.81307136,49.20991477],[4.81765526,49.20451222],[4.81573712,49.20171117],[4.81647097,49.19822265],[4.81890389,49.19576152],[4.81635419,49.19423167],[4.79040049,49.18606908],[4.788647,49.1849126],[4.77632728,49.18282697],[4.76596499,49.18304051],[4.76292153,49.18221281]]]]}},{"type":"Feature","properties":{"code":"51641","nom":"Villevenard","departement":"51","region":"44"},"geometry":{"type":"MultiPolygon","coordinates":[[[[3.79667274,48.8175293],[3.77198937,48.82131938],[3.75364274,48.82413728],[3.75739846,48.8282912],[3.75877106,48.8336851],[3.75931744,48.83574751],[3.76316036,48.83404391],[3.77586577,48.83624299],[3.78663653,48.84695079],[3.79474947,48.84789547],[3.79724318,48.84699929],[3.79861154,48.84727977],[3.80029108,48.85229334],[3.82049151,48.84919938],[3.82650077,48.84684572],[3.83077371,48.843224],[3.8320204,48.83886501],[3.82112343,48.84173649],[3.81943836,48.841677],[3.81682704,48.83920177],[3.82119231,48.82855281],[3.82195416,48.8222689],[3.8200459,48.81456065],[3.8178155,48.81301816],[3.79667274,48.8175293]]]]}},{"type":"Feature","properties":{"code":"51642","nom":"Villiers-aux-Corneilles","departement":"51","region":"44"},"geometry":{"type":"MultiPolygon","coordinates":[[[[3.67760165,48.58970172],[3.68003059,48.58743176],[3.6855893,48.58583104],[3.697349,48.58430632],[3.6976602,48.5826286],[3.69874583,48.57944945],[3.69638325,48.57978985],[3.69171868,48.57910999],[3.68973994,48.56803424],[3.68147784,48.5675601],[3.67370257,48.55602139],[3.67168247,48.55964643],[3.65611218,48.57142512],[3.66581428,48.58289379],[3.67760165,48.58970172]]]]}},{"type":"Feature","properties":{"code":"51643","nom":"Vinay","departement":"51","region":"44"},"geometry":{"type":"MultiPolygon","coordinates":[[[[3.88406861,49.00902287],[3.88512883,49.01308146],[3.88765585,49.01464008],[3.88459011,49.01797283],[3.90495134,49.01825271],[3.90758988,49.01972823],[3.9096125,49.01912932],[3.91464978,49.01456963],[3.91739574,49.01113062],[3.91797411,49.00843023],[3.90732622,49.0072981],[3.90087419,49.00673881],[3.89521301,49.00486845],[3.89084697,49.00540992],[3.88406861,49.00902287]]]]}},{"type":"Feature","properties":{"code":"51644","nom":"Vincelles","departement":"51","region":"44"},"geometry":{"type":"MultiPolygon","coordinates":[[[[3.63926415,49.08118265],[3.63094866,49.08817168],[3.62011745,49.10732677],[3.62460874,49.1080615],[3.64304577,49.10631892],[3.64792237,49.10400353],[3.65552985,49.09427759],[3.65574082,49.08909012],[3.64871628,49.09062263],[3.64604356,49.09038076],[3.64088798,49.0863109],[3.63926415,49.08118265]]]]}},{"type":"Feature","properties":{"code":"51645","nom":"Vindey","departement":"51","region":"44"},"geometry":{"type":"MultiPolygon","coordinates":[[[[3.67300073,48.69586849],[3.67234056,48.70116474],[3.67840316,48.70372541],[3.68193835,48.70658087],[3.68329639,48.70962411],[3.68129904,48.71101981],[3.68546728,48.71183065],[3.69579576,48.70909044],[3.70221349,48.70636701],[3.7059763,48.706343],[3.71377439,48.70634517],[3.73411799,48.70385609],[3.74201276,48.70016255],[3.74923197,48.69501284],[3.74780598,48.69335053],[3.74125004,48.68940312],[3.73622895,48.69067462],[3.72831109,48.69224697],[3.71995017,48.69266022],[3.70095694,48.69191795],[3.67300073,48.69586849]]]]}},{"type":"Feature","properties":{"code":"51646","nom":"Virginy","departement":"51","region":"44"},"geometry":{"type":"MultiPolygon","coordinates":[[[[4.79040049,49.18606908],[4.79241581,49.18214706],[4.78739899,49.17829089],[4.78604481,49.17637394],[4.78654266,49.17525955],[4.78761439,49.17297026],[4.78472112,49.16662647],[4.78270344,49.16271299],[4.77921358,49.15964229],[4.77174816,49.15633959],[4.75849239,49.15376056],[4.75363426,49.15143753],[4.7509171,49.14698062],[4.73617168,49.14766188],[4.73004734,49.1536341],[4.73180319,49.16013943],[4.73390482,49.16254262],[4.73033591,49.17687706],[4.73191729,49.17806204],[4.73775926,49.17916491],[4.74161201,49.17886825],[4.76160312,49.18124201],[4.76292153,49.18221281],[4.76596499,49.18304051],[4.77632728,49.18282697],[4.788647,49.1849126],[4.79040049,49.18606908]]]]}},{"type":"Feature","properties":{"code":"51647","nom":"Vitry-en-Perthois","departement":"51","region":"44"},"geometry":{"type":"MultiPolygon","coordinates":[[[[4.60825937,48.7693627],[4.60797717,48.76846332],[4.6191619,48.76665699],[4.64085346,48.76726233],[4.64434245,48.75641385],[4.65208407,48.75129802],[4.66311154,48.74791713],[4.65566912,48.74418645],[4.64738713,48.7423075],[4.64725791,48.73622793],[4.64981309,48.73191227],[4.65259415,48.73075197],[4.64511048,48.7293656],[4.63764099,48.72533909],[4.63725921,48.72612969],[4.62319199,48.73079924],[4.61380869,48.72965264],[4.61383056,48.73168096],[4.61598764,48.73283206],[4.61626812,48.73402924],[4.60259429,48.7371976],[4.59272813,48.7416891],[4.59145197,48.7390901],[4.58764331,48.73992706],[4.58307364,48.74419965],[4.58130033,48.74578574],[4.57704261,48.7459626],[4.57504823,48.74681205],[4.57416162,48.74772423],[4.58647554,48.75471924],[4.5914452,48.76185157],[4.59456669,48.7642145],[4.60825937,48.7693627]]]]}},{"type":"Feature","properties":{"code":"51648","nom":"Vitry-la-Ville","departement":"51","region":"44"},"geometry":{"type":"MultiPolygon","coordinates":[[[[4.4732849,48.84944436],[4.47002074,48.84746607],[4.47054638,48.84687135],[4.46534986,48.8401377],[4.44680972,48.83147015],[4.42696816,48.82673707],[4.41337634,48.82101222],[4.39304381,48.81491661],[4.38890381,48.82644046],[4.39317022,48.82703936],[4.40422755,48.83060511],[4.44156653,48.84731672],[4.44987329,48.85064965],[4.45637642,48.85193337],[4.46274005,48.85503359],[4.4732849,48.84944436]]]]}},{"type":"Feature","properties":{"code":"51649","nom":"Vitry-le-François","departement":"51","region":"44"},"geometry":{"type":"MultiPolygon","coordinates":[[[[4.60248306,48.71491307],[4.59601371,48.71465793],[4.58001384,48.71338563],[4.57764933,48.71877231],[4.57793921,48.72013228],[4.57542533,48.7254075],[4.57493246,48.72709986],[4.58084395,48.73232935],[4.57542651,48.74140593],[4.58169154,48.74500421],[4.58307364,48.74419965],[4.58764331,48.73992706],[4.59145197,48.7390901],[4.59272813,48.7416891],[4.60259429,48.7371976],[4.61626812,48.73402924],[4.61598764,48.73283206],[4.61383056,48.73168096],[4.61380869,48.72965264],[4.60781502,48.72839042],[4.6046812,48.72013189],[4.60248306,48.71491307]]]]}},{"type":"Feature","properties":{"code":"51650","nom":"Voilemont","departement":"51","region":"44"},"geometry":{"type":"MultiPolygon","coordinates":[[[[4.80777779,49.06362668],[4.81600076,49.0455211],[4.82023352,49.04433727],[4.81720977,49.03812231],[4.81843356,49.0351771],[4.81813231,49.03247354],[4.80134588,49.03554709],[4.79317467,49.03260152],[4.77835448,49.03133883],[4.77589824,49.02903044],[4.77882289,49.03554828],[4.78173565,49.03735426],[4.78156839,49.03881827],[4.78925087,49.04424613],[4.79917158,49.05668221],[4.80777779,49.06362668]]]]}},{"type":"Feature","properties":{"code":"51652","nom":"Vouarces","departement":"51","region":"44"},"geometry":{"type":"MultiPolygon","coordinates":[[[[3.88473081,48.57816434],[3.88374023,48.57811143],[3.8822016,48.57924554],[3.8791186,48.59184906],[3.87622426,48.59676591],[3.87105563,48.60018355],[3.87109403,48.60094251],[3.87145374,48.60788816],[3.87702029,48.60802001],[3.89655337,48.60291878],[3.90850512,48.6017118],[3.90496551,48.58674541],[3.89919245,48.57493075],[3.8917589,48.57537622],[3.88473081,48.57816434]]]]}},{"type":"Feature","properties":{"code":"51654","nom":"Vouillers","departement":"51","region":"44"},"geometry":{"type":"MultiPolygon","coordinates":[[[[4.84623314,48.67205614],[4.8433029,48.67367238],[4.83129036,48.67236941],[4.82565336,48.67374696],[4.82089683,48.67669786],[4.81992645,48.68012164],[4.8202607,48.68636582],[4.82578316,48.69251986],[4.83850554,48.69842161],[4.84732961,48.69820788],[4.86616231,48.69476034],[4.87053978,48.69608899],[4.87579115,48.70002367],[4.87796494,48.69999846],[4.87683447,48.69550516],[4.85745501,48.67889326],[4.84877518,48.67279679],[4.84623314,48.67205614]]]]}},{"type":"Feature","properties":{"code":"51655","nom":"Vouzy","departement":"51","region":"44"},"geometry":{"type":"MultiPolygon","coordinates":[[[[4.09132488,48.92495075],[4.10575359,48.92995826],[4.11163383,48.9349438],[4.11875441,48.92975575],[4.13297305,48.91916622],[4.14302305,48.91242174],[4.14404822,48.91256575],[4.14996825,48.90550294],[4.14238501,48.90287379],[4.14152555,48.9038695],[4.13950019,48.90607696],[4.13258099,48.90754831],[4.11376656,48.90914483],[4.10381357,48.90851477],[4.07958935,48.90168633],[4.07706489,48.90488292],[4.08224895,48.92278649],[4.09132488,48.92495075]]]]}},{"type":"Feature","properties":{"code":"51656","nom":"Vraux","departement":"51","region":"44"},"geometry":{"type":"MultiPolygon","coordinates":[[[[4.22351459,49.00781956],[4.21674216,49.00751789],[4.21506701,49.00585766],[4.21013064,49.01030512],[4.21342178,49.01401657],[4.21554785,49.01664978],[4.21766573,49.02662213],[4.22089454,49.03244278],[4.24248223,49.05269068],[4.24825016,49.04960125],[4.25584885,49.05701296],[4.26517922,49.05195289],[4.2771073,49.04801284],[4.2822506,49.04493826],[4.28054024,49.03910217],[4.27352407,49.03579456],[4.24856685,49.01943145],[4.23157373,49.02075808],[4.22653722,49.01610453],[4.22351459,49.00781956]]]]}},{"type":"Feature","properties":{"code":"51657","nom":"Vrigny","departement":"51","region":"44"},"geometry":{"type":"MultiPolygon","coordinates":[[[[3.88992438,49.23804552],[3.90820874,49.2422525],[3.93124194,49.24896623],[3.93667861,49.24334015],[3.93960632,49.2376039],[3.93920115,49.23366649],[3.93443272,49.23121944],[3.93335099,49.23061556],[3.92312447,49.23236923],[3.89694246,49.22857953],[3.89641838,49.22923165],[3.88992438,49.23804552]]]]}},{"type":"Feature","properties":{"code":"51658","nom":"Vroil","departement":"51","region":"44"},"geometry":{"type":"MultiPolygon","coordinates":[[[[4.93485432,48.8406317],[4.91816102,48.83583313],[4.90268308,48.8279219],[4.89426105,48.84115016],[4.8906828,48.85194874],[4.88908545,48.8525578],[4.88370122,48.8522262],[4.88364168,48.85763],[4.88453893,48.85827616],[4.89148814,48.85948798],[4.89887286,48.86403532],[4.90306261,48.86798536],[4.90343027,48.87047132],[4.90261448,48.87079825],[4.90379325,48.87167187],[4.9129962,48.87269727],[4.91171031,48.86809311],[4.92386846,48.86216073],[4.92670731,48.85490396],[4.9307312,48.84970601],[4.93740977,48.84829452],[4.93606401,48.84087391],[4.93485432,48.8406317]]]]}},{"type":"Feature","properties":{"code":"51659","nom":"Wargemoulin-Hurlus","departement":"51","region":"44"},"geometry":{"type":"MultiPolygon","coordinates":[[[[4.62685057,49.15299672],[4.61672013,49.15026368],[4.61103302,49.15782353],[4.61123194,49.16196911],[4.61936156,49.16507304],[4.6319974,49.17262245],[4.63644602,49.17720486],[4.64429977,49.1829861],[4.65130502,49.17480427],[4.65967716,49.16886204],[4.66208107,49.1678316],[4.67098923,49.16667416],[4.6766143,49.16658247],[4.67880577,49.16734507],[4.68436489,49.16695269],[4.70581272,49.16223802],[4.72110288,49.14835763],[4.70072266,49.14441263],[4.69619382,49.14806019],[4.69300545,49.14949447],[4.65919243,49.15134123],[4.63406564,49.1544619],[4.62685057,49.15299672]]]]}},{"type":"Feature","properties":{"code":"51660","nom":"Warmeriville","departement":"51","region":"44"},"geometry":{"type":"MultiPolygon","coordinates":[[[[4.19958005,49.33387705],[4.20126957,49.33642782],[4.20361811,49.34569471],[4.21150921,49.3587582],[4.22528414,49.37194044],[4.23342025,49.37821255],[4.23652149,49.37674523],[4.24412189,49.37904595],[4.24299718,49.38036731],[4.24845635,49.38229061],[4.25321811,49.37069043],[4.27694661,49.35170533],[4.28523662,49.35226205],[4.2919696,49.35399726],[4.2940513,49.35266065],[4.28775701,49.34903566],[4.28978378,49.34710185],[4.21339164,49.32025032],[4.20340557,49.32490464],[4.19669012,49.33068727],[4.19958005,49.33387705]]]]}},{"type":"Feature","properties":{"code":"51662","nom":"Witry-lès-Reims","departement":"51","region":"44"},"geometry":{"type":"MultiPolygon","coordinates":[[[[4.12840968,49.32385655],[4.12023879,49.31714602],[4.12792302,49.31291657],[4.11855554,49.30483344],[4.12699463,49.30024637],[4.13661113,49.29307547],[4.14340067,49.28546932],[4.14640321,49.28421275],[4.13843778,49.27922742],[4.1297985,49.27508758],[4.1287036,49.27295989],[4.11710679,49.27301386],[4.10745904,49.27470399],[4.10475114,49.27594072],[4.09713883,49.27652712],[4.0875132,49.27508588],[4.08097343,49.27288714],[4.08359653,49.27387684],[4.08310929,49.27449256],[4.09430633,49.28169355],[4.09540993,49.28746523],[4.09500615,49.29305366],[4.09175597,49.29964866],[4.08902265,49.3043878],[4.08596514,49.30674648],[4.08548765,49.3062698],[4.07928922,49.30986476],[4.07246559,49.31696476],[4.07432681,49.3173249],[4.09299658,49.3137061],[4.10384206,49.32419683],[4.12269169,49.32781149],[4.12840968,49.32385655]]]]}},{"type":"Feature","properties":{"code":"51663","nom":"Magenta","departement":"51","region":"44"},"geometry":{"type":"MultiPolygon","coordinates":[[[[3.96439816,49.04652243],[3.96130561,49.05769849],[3.95952209,49.0589204],[3.96094966,49.06071731],[3.96896703,49.06006933],[3.97372916,49.0589203],[3.97145374,49.05395433],[3.96439816,49.04652243]]]]}}]}