{"type":"FeatureCollection","features":[{"type":"Feature","properties":{"code":"53099","nom":"Forcé","departement":"53","region":"52"},"geometry":{"type":"MultiPolygon","coordinates":[[[[-0.69654,48.04233],[-0.69086,48.03739],[-0.68787,48.03129],[-0.69528,48.02815],[-0.6966,48.02606],[-0.69489,48.0187],[-0.69877,48.01611],[-0.70604,48.01423],[-0.70909,48.0142],[-0.71949,48.01784],[-0.71674,48.02117],[-0.71539,48.02585],[-0.71791,48.03053],[-0.7254,48.03565],[-0.71938,48.03502],[-0.71135,48.03696],[-0.70853,48.03902],[-0.69798,48.04289],[-0.69654,48.04233]]]]}},{"type":"Feature","properties":{"code":"53001","nom":"Ahuillé","departement":"53","region":"52"},"geometry":{"type":"MultiPolygon","coordinates":[[[[-0.87638,48.05993],[-0.86954,48.06029],[-0.86722,48.05798],[-0.86323,48.05105],[-0.85439,48.04799],[-0.84903,48.04736],[-0.84193,48.0439],[-0.83712,48.04082],[-0.83507,48.03854],[-0.83503,48.0365],[-0.83667,48.03365],[-0.84083,48.01276],[-0.84463,48.0075],[-0.84522,48.00405],[-0.83963,47.99398],[-0.83353,47.98762],[-0.84265,47.98524],[-0.8477,47.98593],[-0.84934,47.98702],[-0.85367,47.98643],[-0.85798,47.98389],[-0.86635,47.98832],[-0.86709,47.98953],[-0.86545,47.99191],[-0.86283,47.99291],[-0.86186,47.99856],[-0.86556,48.00547],[-0.86976,48.00742],[-0.90782,48.00829],[-0.9092,48.0088],[-0.90808,48.01027],[-0.92244,48.02651],[-0.92365,48.03104],[-0.9277,48.03474],[-0.91803,48.03406],[-0.90966,48.03527],[-0.90136,48.04131],[-0.89404,48.04474],[-0.88842,48.05014],[-0.88278,48.059],[-0.87638,48.05993]]]]}},{"type":"Feature","properties":{"code":"53002","nom":"Alexain","departement":"53","region":"52"},"geometry":{"type":"MultiPolygon","coordinates":[[[[-0.7131,48.25194],[-0.70603,48.25065],[-0.69784,48.24542],[-0.68923,48.23612],[-0.68831,48.23256],[-0.6948,48.23076],[-0.69959,48.22675],[-0.69722,48.22045],[-0.69789,48.21629],[-0.69936,48.21501],[-0.70756,48.21154],[-0.70693,48.21337],[-0.70809,48.21523],[-0.71492,48.21699],[-0.72625,48.21834],[-0.7308,48.22129],[-0.73522,48.22766],[-0.73499,48.22921],[-0.73269,48.23155],[-0.72015,48.24028],[-0.71999,48.24662],[-0.71749,48.24927],[-0.7131,48.25194]]],[[[-0.73888,48.23334],[-0.74613,48.22327],[-0.75216,48.21822],[-0.76375,48.21562],[-0.77218,48.21768],[-0.78007,48.22296],[-0.78062,48.22734],[-0.77666,48.22996],[-0.77747,48.23564],[-0.78038,48.23946],[-0.79189,48.24987],[-0.78709,48.25208],[-0.78232,48.25224],[-0.77523,48.24698],[-0.77261,48.2413],[-0.77313,48.23506],[-0.77271,48.23417],[-0.77036,48.2333],[-0.76472,48.23299],[-0.75611,48.23779],[-0.7561,48.24439],[-0.75478,48.24488],[-0.74113,48.24725],[-0.7338,48.24702],[-0.73168,48.24611],[-0.73888,48.23334]]]]}},{"type":"Feature","properties":{"code":"53003","nom":"Ambrières-les-Vallées","departement":"53","region":"52"},"geometry":{"type":"MultiPolygon","coordinates":[[[[-0.65409,48.44459],[-0.65108,48.44395],[-0.63629,48.45241],[-0.62685,48.45627],[-0.61799,48.45888],[-0.61198,48.4618],[-0.59712,48.47182],[-0.59425,48.47252],[-0.59322,48.47085],[-0.59477,48.46967],[-0.59464,48.4664],[-0.5888,48.46361],[-0.58698,48.4619],[-0.58304,48.45345],[-0.58299,48.44961],[-0.58654,48.44686],[-0.584,48.44014],[-0.57989,48.43588],[-0.58065,48.43284],[-0.586,48.42907],[-0.59798,48.42474],[-0.60825,48.41026],[-0.60776,48.40409],[-0.60905,48.39103],[-0.60766,48.38167],[-0.60445,48.38073],[-0.60926,48.37753],[-0.61273,48.37715],[-0.62041,48.38167],[-0.6301,48.38313],[-0.63341,48.37984],[-0.64194,48.3802],[-0.64554,48.38151],[-0.6521,48.3855],[-0.65637,48.39145],[-0.65783,48.39625],[-0.66097,48.40108],[-0.66774,48.40823],[-0.67357,48.40588],[-0.67405,48.40752],[-0.67235,48.4133],[-0.66817,48.41816],[-0.6646,48.42073],[-0.65827,48.42205],[-0.65297,48.42686],[-0.64813,48.43294],[-0.65106,48.43978],[-0.65514,48.44174],[-0.65518,48.44409],[-0.65409,48.44459]]]]}},{"type":"Feature","properties":{"code":"53005","nom":"Andouillé","departement":"53","region":"52"},"geometry":{"type":"MultiPolygon","coordinates":[[[[-0.77748,48.14975],[-0.78783,48.15414],[-0.80568,48.15861],[-0.82958,48.15666],[-0.84296,48.15328],[-0.85282,48.1584],[-0.85776,48.15974],[-0.85379,48.167],[-0.85684,48.17245],[-0.85641,48.17694],[-0.85263,48.18782],[-0.85009,48.19055],[-0.83805,48.19242],[-0.82981,48.19126],[-0.82369,48.18905],[-0.81548,48.18801],[-0.8067,48.1896],[-0.80005,48.19243],[-0.79945,48.19616],[-0.79191,48.19331],[-0.77206,48.19212],[-0.76685,48.19676],[-0.76361,48.20294],[-0.74939,48.20464],[-0.74023,48.20498],[-0.72706,48.20249],[-0.72079,48.20051],[-0.71892,48.19954],[-0.71777,48.19702],[-0.72047,48.19597],[-0.72161,48.19429],[-0.7325,48.18731],[-0.74114,48.18389],[-0.75017,48.17244],[-0.7498,48.17009],[-0.74187,48.16279],[-0.74855,48.16234],[-0.76143,48.16294],[-0.76954,48.16233],[-0.76661,48.1546],[-0.7737,48.14918],[-0.77748,48.14975]]]]}},{"type":"Feature","properties":{"code":"53007","nom":"Argentré","departement":"53","region":"52"},"geometry":{"type":"MultiPolygon","coordinates":[[[[-0.62058,48.12382],[-0.62171,48.12319],[-0.62198,48.12028],[-0.62113,48.11486],[-0.59676,48.10251],[-0.59127,48.09917],[-0.5838,48.09162],[-0.57337,48.08709],[-0.55505,48.08433],[-0.55526,48.08203],[-0.55474,48.07631],[-0.55725,48.07133],[-0.56123,48.06873],[-0.58123,48.07691],[-0.58647,48.07782],[-0.59779,48.07704],[-0.59941,48.07615],[-0.6034,48.07068],[-0.61164,48.0723],[-0.61719,48.07163],[-0.62052,48.07095],[-0.63506,48.06467],[-0.63886,48.06397],[-0.64617,48.06449],[-0.65724,48.0685],[-0.67413,48.07167],[-0.68883,48.08043],[-0.69278,48.09117],[-0.69046,48.09426],[-0.68093,48.09991],[-0.67887,48.10224],[-0.67494,48.10644],[-0.66411,48.1124],[-0.6558,48.11372],[-0.63694,48.12316],[-0.62058,48.12382]]]]}},{"type":"Feature","properties":{"code":"53008","nom":"Aron","departement":"53","region":"52"},"geometry":{"type":"MultiPolygon","coordinates":[[[[-0.54025,48.27054],[-0.56051,48.27771],[-0.56857,48.2825],[-0.58321,48.2884],[-0.59557,48.28579],[-0.59742,48.29026],[-0.60014,48.29234],[-0.60133,48.29492],[-0.60093,48.29546],[-0.59965,48.29519],[-0.59709,48.29441],[-0.59267,48.29824],[-0.59065,48.31047],[-0.58425,48.32088],[-0.57773,48.32754],[-0.57426,48.32564],[-0.56454,48.3249],[-0.55757,48.32954],[-0.54823,48.34097],[-0.54687,48.33968],[-0.5268,48.33618],[-0.52107,48.33399],[-0.52175,48.33213],[-0.52105,48.31495],[-0.51912,48.30396],[-0.51772,48.30062],[-0.51588,48.29891],[-0.50699,48.29666],[-0.50678,48.29446],[-0.51465,48.27642],[-0.51613,48.27585],[-0.52768,48.27856],[-0.53893,48.27348],[-0.54025,48.27054]]]]}},{"type":"Feature","properties":{"code":"53009","nom":"Arquenay","departement":"53","region":"52"},"geometry":{"type":"MultiPolygon","coordinates":[[[[-0.55719,48.0025],[-0.55792,48.00139],[-0.55594,47.99886],[-0.54408,47.99052],[-0.54625,47.97917],[-0.54838,47.97411],[-0.55816,47.97095],[-0.5691,47.96295],[-0.57428,47.95613],[-0.59213,47.96475],[-0.59891,47.96579],[-0.60949,47.97389],[-0.61296,47.97501],[-0.61845,47.9745],[-0.6173,47.97771],[-0.61782,47.97903],[-0.62721,47.97956],[-0.63272,47.98142],[-0.6428,47.98736],[-0.64526,47.98969],[-0.64384,47.99222],[-0.63237,47.99432],[-0.6271,47.99846],[-0.62326,48.00367],[-0.62288,48.00787],[-0.61243,48.00881],[-0.58064,48.00441],[-0.55719,48.0025]]]]}},{"type":"Feature","properties":{"code":"53010","nom":"Assé-le-Bérenger","departement":"53","region":"52"},"geometry":{"type":"MultiPolygon","coordinates":[[[[-0.29427,48.14378],[-0.29393,48.1438],[-0.29386,48.14355],[-0.29426,48.14362],[-0.29427,48.14378]]],[[[-0.34429,48.15283],[-0.35192,48.16959],[-0.34823,48.17225],[-0.33232,48.16851],[-0.32652,48.16828],[-0.31209,48.16967],[-0.30646,48.16839],[-0.29531,48.1639],[-0.28694,48.15693],[-0.29008,48.1478],[-0.29223,48.14509],[-0.29442,48.14503],[-0.29651,48.13938],[-0.30911,48.14088],[-0.32677,48.14185],[-0.33654,48.14531],[-0.34429,48.15283]]]]}},{"type":"Feature","properties":{"code":"53011","nom":"Astillé","departement":"53","region":"52"},"geometry":{"type":"MultiPolygon","coordinates":[[[[-0.89229,47.96525],[-0.88296,47.96542],[-0.88061,47.96271],[-0.8746,47.96219],[-0.86461,47.96548],[-0.85735,47.97225],[-0.85771,47.97533],[-0.86102,47.97793],[-0.86046,47.98102],[-0.85798,47.98389],[-0.85367,47.98643],[-0.84934,47.98702],[-0.8477,47.98593],[-0.84265,47.98524],[-0.83353,47.98762],[-0.83132,47.98551],[-0.82773,47.98548],[-0.81032,47.96727],[-0.80863,47.96599],[-0.80673,47.96595],[-0.7995,47.9628],[-0.79459,47.95864],[-0.79434,47.95592],[-0.79575,47.95222],[-0.79621,47.95128],[-0.81959,47.95214],[-0.83167,47.95171],[-0.85408,47.94966],[-0.85733,47.94837],[-0.86034,47.94546],[-0.86182,47.94195],[-0.86039,47.93882],[-0.86669,47.93592],[-0.8707,47.93574],[-0.88102,47.93034],[-0.88176,47.93061],[-0.88098,47.93601],[-0.87652,47.94038],[-0.87484,47.94781],[-0.87754,47.95148],[-0.89096,47.95408],[-0.9042,47.9584],[-0.89775,47.96417],[-0.89229,47.96525]]]]}},{"type":"Feature","properties":{"code":"53012","nom":"Athée","departement":"53","region":"52"},"geometry":{"type":"MultiPolygon","coordinates":[[[[-0.90328,47.8717],[-0.90545,47.86541],[-0.90821,47.86342],[-0.91749,47.86353],[-0.93045,47.8656],[-0.96507,47.8634],[-0.968,47.87707],[-0.96746,47.8826],[-0.96385,47.89264],[-0.96217,47.90657],[-0.95819,47.90846],[-0.95312,47.90962],[-0.95262,47.91046],[-0.95078,47.90989],[-0.94624,47.91107],[-0.9439,47.91091],[-0.94358,47.90673],[-0.94109,47.90186],[-0.92382,47.88726],[-0.91566,47.88517],[-0.90751,47.88977],[-0.90317,47.88941],[-0.89794,47.88748],[-0.8934,47.88115],[-0.89381,47.87791],[-0.89986,47.87527],[-0.90328,47.8717]]]]}},{"type":"Feature","properties":{"code":"53013","nom":"Averton","departement":"53","region":"52"},"geometry":{"type":"MultiPolygon","coordinates":[[[[-0.25274,48.37467],[-0.24223,48.38379],[-0.23239,48.38836],[-0.21271,48.39533],[-0.21134,48.3906],[-0.20859,48.38773],[-0.18798,48.37301],[-0.17636,48.36775],[-0.17011,48.364],[-0.16516,48.35989],[-0.15892,48.35184],[-0.14814,48.34423],[-0.15012,48.34307],[-0.15792,48.33425],[-0.1728,48.33475],[-0.1837,48.33319],[-0.18536,48.33088],[-0.18962,48.32783],[-0.20412,48.32205],[-0.20617,48.32199],[-0.21681,48.32045],[-0.22414,48.32092],[-0.23061,48.32468],[-0.23828,48.32759],[-0.25056,48.32768],[-0.25884,48.3304],[-0.25539,48.33434],[-0.25128,48.34717],[-0.24926,48.3514],[-0.24604,48.35496],[-0.2479,48.36743],[-0.25096,48.37042],[-0.25274,48.37467]]]]}},{"type":"Feature","properties":{"code":"53015","nom":"La Baconnière","departement":"53","region":"52"},"geometry":{"type":"MultiPolygon","coordinates":[[[[-0.95037,48.18387],[-0.94167,48.18413],[-0.94,48.18557],[-0.93169,48.1886],[-0.88909,48.19899],[-0.88754,48.20093],[-0.88495,48.2014],[-0.87983,48.19784],[-0.85862,48.18917],[-0.85263,48.18782],[-0.85641,48.17694],[-0.85684,48.17245],[-0.85379,48.167],[-0.85776,48.15974],[-0.86252,48.15522],[-0.87139,48.15604],[-0.88819,48.15929],[-0.90211,48.15536],[-0.91546,48.15276],[-0.93776,48.15458],[-0.94291,48.15475],[-0.94427,48.15593],[-0.94369,48.15732],[-0.9472,48.17048],[-0.95153,48.18249],[-0.95037,48.18387]]]]}},{"type":"Feature","properties":{"code":"53016","nom":"Bais","departement":"53","region":"52"},"geometry":{"type":"MultiPolygon","coordinates":[[[[-0.39027,48.23286],[-0.39748,48.23955],[-0.39572,48.25241],[-0.39343,48.25848],[-0.39382,48.26646],[-0.39794,48.27166],[-0.37345,48.27175],[-0.34654,48.27504],[-0.34196,48.27348],[-0.32759,48.27197],[-0.32011,48.26863],[-0.31359,48.26476],[-0.31235,48.25672],[-0.3133,48.25684],[-0.32734,48.24355],[-0.33037,48.23782],[-0.32917,48.23726],[-0.33012,48.23508],[-0.33405,48.2296],[-0.34049,48.22365],[-0.34406,48.22195],[-0.35281,48.23212],[-0.36274,48.2346],[-0.36937,48.23515],[-0.37968,48.22946],[-0.38952,48.23201],[-0.39027,48.23286]]]]}},{"type":"Feature","properties":{"code":"53017","nom":"Val-du-Maine","departement":"53","region":"52"},"geometry":{"type":"MultiPolygon","coordinates":[[[[-0.36036,47.95995],[-0.33686,47.95111],[-0.31179,47.94012],[-0.32013,47.93534],[-0.33289,47.93529],[-0.34484,47.93325],[-0.36817,47.93121],[-0.37758,47.93251],[-0.38484,47.93091],[-0.397,47.92579],[-0.39523,47.92086],[-0.40125,47.91434],[-0.40578,47.91603],[-0.4025,47.9208],[-0.41305,47.91605],[-0.44616,47.9317],[-0.44274,47.93529],[-0.44236,47.94762],[-0.4436,47.94843],[-0.43567,47.95226],[-0.4195,47.95694],[-0.41792,47.96031],[-0.40256,47.95723],[-0.39424,47.94437],[-0.39024,47.93541],[-0.38467,47.9353],[-0.37711,47.94036],[-0.36476,47.95088],[-0.36036,47.95995]]]]}},{"type":"Feature","properties":{"code":"53018","nom":"Ballots","departement":"53","region":"52"},"geometry":{"type":"MultiPolygon","coordinates":[[[[-1.10243,47.92527],[-1.09498,47.9385],[-1.07566,47.93621],[-1.07339,47.9383],[-1.06654,47.93904],[-1.05873,47.93741],[-1.0517,47.9309],[-1.04804,47.92771],[-1.03202,47.92672],[-1.02282,47.92532],[-1.01213,47.91901],[-1.01098,47.91656],[-1.01163,47.90423],[-1.02369,47.8946],[-1.03104,47.88654],[-1.03746,47.87303],[-1.03726,47.8718],[-1.03893,47.87251],[-1.06739,47.86709],[-1.08056,47.86821],[-1.08994,47.86758],[-1.09093,47.86731],[-1.09468,47.87413],[-1.09627,47.87993],[-1.07316,47.88026],[-1.07204,47.88042],[-1.07021,47.88316],[-1.08098,47.89573],[-1.08779,47.90086],[-1.1024,47.90251],[-1.10199,47.90424],[-1.09997,47.90572],[-1.09745,47.91144],[-1.0981,47.91619],[-1.10113,47.91858],[-1.10325,47.92302],[-1.10243,47.92527]]]]}},{"type":"Feature","properties":{"code":"53019","nom":"Bannes","departement":"53","region":"52"},"geometry":{"type":"MultiPolygon","coordinates":[[[[-0.31251,48.00112],[-0.31328,48.0012],[-0.32092,47.9938],[-0.32025,47.98964],[-0.32158,47.98546],[-0.32557,47.98325],[-0.34793,47.9802],[-0.36271,47.97706],[-0.36533,47.97475],[-0.37004,47.96605],[-0.37074,47.96686],[-0.3858,47.97154],[-0.3887,47.98225],[-0.38528,47.9816],[-0.38052,47.98198],[-0.3764,47.985],[-0.3605,47.98642],[-0.34813,47.99133],[-0.33446,47.99916],[-0.3156,48.00128],[-0.30891,48.00575],[-0.30857,48.00572],[-0.31251,48.00112]]]]}},{"type":"Feature","properties":{"code":"53021","nom":"La Bazoge-Montpinçon","departement":"53","region":"52"},"geometry":{"type":"MultiPolygon","coordinates":[[[[-0.56051,48.27771],[-0.56766,48.26058],[-0.5741,48.25189],[-0.59327,48.25684],[-0.59556,48.26436],[-0.61015,48.27879],[-0.6091,48.2798],[-0.60792,48.2797],[-0.59878,48.28364],[-0.59557,48.28579],[-0.58321,48.2884],[-0.56857,48.2825],[-0.56051,48.27771]]]]}},{"type":"Feature","properties":{"code":"53022","nom":"La Bazouge-de-Chemeré","departement":"53","region":"52"},"geometry":{"type":"MultiPolygon","coordinates":[[[[-0.4607,48.01378],[-0.45973,48.01026],[-0.45228,48.00352],[-0.45163,48.00217],[-0.45532,47.99757],[-0.4695,47.98939],[-0.47642,47.98095],[-0.47683,47.97879],[-0.47906,47.97644],[-0.48045,47.97618],[-0.48688,47.97378],[-0.49552,47.97864],[-0.49855,47.98497],[-0.50271,47.99041],[-0.50882,47.99518],[-0.53485,48.00018],[-0.55404,48.00206],[-0.54734,48.01662],[-0.54256,48.03368],[-0.54219,48.03439],[-0.53005,48.03306],[-0.51442,48.02967],[-0.49724,48.02319],[-0.4915,48.01949],[-0.48454,48.01713],[-0.48076,48.0146],[-0.47147,48.01261],[-0.46745,48.01234],[-0.46225,48.01455],[-0.4607,48.01378]]]]}},{"type":"Feature","properties":{"code":"53023","nom":"La Bazouge-des-Alleux","departement":"53","region":"52"},"geometry":{"type":"MultiPolygon","coordinates":[[[[-0.61765,48.16623],[-0.62422,48.16857],[-0.63109,48.16912],[-0.63119,48.17576],[-0.62164,48.20111],[-0.61181,48.21129],[-0.59969,48.21272],[-0.58562,48.21138],[-0.5814,48.1997],[-0.57515,48.19475],[-0.5737,48.18945],[-0.57601,48.1856],[-0.58175,48.1825],[-0.58103,48.17492],[-0.57408,48.16106],[-0.57547,48.16054],[-0.59032,48.16069],[-0.59888,48.16321],[-0.60397,48.16578],[-0.60464,48.16711],[-0.61765,48.16623]]]]}},{"type":"Feature","properties":{"code":"53025","nom":"Bazougers","departement":"53","region":"52"},"geometry":{"type":"MultiPolygon","coordinates":[[[[-0.54256,48.03368],[-0.54734,48.01662],[-0.55404,48.00206],[-0.55719,48.0025],[-0.58064,48.00441],[-0.61243,48.00881],[-0.62288,48.00787],[-0.63636,48.01145],[-0.6461,48.01236],[-0.65239,48.01401],[-0.65352,48.0171],[-0.64025,48.03522],[-0.63499,48.04126],[-0.62752,48.04382],[-0.61695,48.04449],[-0.61128,48.04276],[-0.60781,48.04418],[-0.6076,48.04492],[-0.60326,48.04315],[-0.57901,48.05358],[-0.56456,48.05799],[-0.55835,48.05504],[-0.55669,48.05296],[-0.55644,48.04863],[-0.56149,48.04341],[-0.55662,48.04021],[-0.55514,48.0401],[-0.54256,48.03368]]]]}},{"type":"Feature","properties":{"code":"53026","nom":"Beaulieu-sur-Oudon","departement":"53","region":"52"},"geometry":{"type":"MultiPolygon","coordinates":[[[[-1.03045,47.99257],[-1.02115,47.99509],[-1.01689,48.00359],[-1.01831,48.013],[-1.02138,48.01759],[-1.00044,48.01064],[-0.98419,48.01089],[-0.97328,48.02181],[-0.97092,48.01208],[-0.97169,48.00393],[-0.96818,47.99873],[-0.95298,47.98875],[-0.93918,47.98179],[-0.94865,47.9775],[-0.97049,47.97753],[-0.97721,47.97684],[-0.98076,47.97533],[-0.98195,47.97191],[-0.98095,47.9708],[-0.98292,47.96581],[-0.98308,47.96687],[-0.98785,47.96761],[-0.99577,47.96731],[-1.00127,47.96953],[-1.0063,47.97244],[-1.01092,47.9841],[-1.03045,47.99257]]]]}},{"type":"Feature","properties":{"code":"53131","nom":"Lesbois","departement":"53","region":"52"},"geometry":{"type":"MultiPolygon","coordinates":[[[[-0.8125,48.45503],[-0.79789,48.46361],[-0.79202,48.46579],[-0.77789,48.46553],[-0.77787,48.45936],[-0.77878,48.45027],[-0.77399,48.44273],[-0.77854,48.4412],[-0.79008,48.43974],[-0.80195,48.43942],[-0.81164,48.4377],[-0.81219,48.43816],[-0.80815,48.44336],[-0.80819,48.4508],[-0.81024,48.45414],[-0.8125,48.45503]]]]}},{"type":"Feature","properties":{"code":"53027","nom":"Beaumont-Pied-de-Bœuf","departement":"53","region":"52"},"geometry":{"type":"MultiPolygon","coordinates":[[[[-0.45472,47.89044],[-0.46503,47.89384],[-0.48353,47.90193],[-0.47407,47.90344],[-0.47071,47.90517],[-0.46318,47.91108],[-0.4625,47.91356],[-0.46328,47.91646],[-0.4625,47.92005],[-0.45498,47.92291],[-0.44852,47.92711],[-0.44747,47.93104],[-0.44616,47.9317],[-0.41305,47.91605],[-0.40626,47.91051],[-0.40391,47.90234],[-0.40405,47.89932],[-0.41099,47.89536],[-0.42171,47.89839],[-0.44698,47.89634],[-0.44932,47.89553],[-0.45472,47.89044]]]]}},{"type":"Feature","properties":{"code":"53028","nom":"Belgeard","departement":"53","region":"52"},"geometry":{"type":"MultiPolygon","coordinates":[[[[-0.54362,48.2402],[-0.56097,48.23127],[-0.57988,48.23168],[-0.58065,48.23562],[-0.58897,48.24902],[-0.59584,48.25259],[-0.59327,48.25684],[-0.5741,48.25189],[-0.56766,48.26058],[-0.56051,48.27771],[-0.54025,48.27054],[-0.53995,48.26813],[-0.53217,48.25254],[-0.53172,48.24837],[-0.54362,48.2402]]]]}},{"type":"Feature","properties":{"code":"53029","nom":"Bierné-les-Villages","departement":"53","region":"52"},"geometry":{"type":"MultiPolygon","coordinates":[[[[-0.53286,47.75082],[-0.5356,47.75086],[-0.56067,47.75762],[-0.57462,47.75318],[-0.58268,47.75643],[-0.58488,47.75891],[-0.5877,47.76349],[-0.59869,47.7708],[-0.6011,47.77201],[-0.62509,47.77411],[-0.62946,47.77529],[-0.62752,47.77759],[-0.62741,47.77928],[-0.63301,47.78123],[-0.63228,47.78419],[-0.63045,47.78611],[-0.6231,47.78752],[-0.62108,47.7871],[-0.6201,47.78608],[-0.61362,47.78547],[-0.60399,47.78618],[-0.58609,47.79188],[-0.57741,47.79376],[-0.56504,47.79346],[-0.56627,47.80081],[-0.56835,47.8082],[-0.56553,47.81738],[-0.55785,47.82467],[-0.54846,47.83021],[-0.54089,47.83083],[-0.53971,47.83182],[-0.53749,47.83248],[-0.52115,47.83057],[-0.51513,47.83059],[-0.51376,47.83116],[-0.50875,47.83037],[-0.50229,47.82335],[-0.50338,47.81732],[-0.5019,47.81165],[-0.49508,47.80139],[-0.49724,47.79219],[-0.50707,47.78512],[-0.50929,47.78637],[-0.51984,47.78659],[-0.52203,47.78398],[-0.52278,47.78267],[-0.5177,47.76948],[-0.51955,47.76412],[-0.52474,47.75804],[-0.53286,47.75082]]]]}},{"type":"Feature","properties":{"code":"53030","nom":"Le Bignon-du-Maine","departement":"53","region":"52"},"geometry":{"type":"MultiPolygon","coordinates":[[[[-0.61715,47.93278],[-0.61852,47.93219],[-0.64401,47.93691],[-0.65715,47.94075],[-0.6605,47.94249],[-0.6672,47.94876],[-0.66642,47.94942],[-0.65177,47.95191],[-0.64666,47.95168],[-0.64155,47.95374],[-0.63403,47.96434],[-0.63526,47.9656],[-0.63548,47.96808],[-0.63269,47.9726],[-0.62797,47.9753],[-0.61845,47.9745],[-0.61296,47.97501],[-0.60949,47.97389],[-0.59891,47.96579],[-0.60276,47.95881],[-0.59932,47.94696],[-0.60187,47.9338],[-0.60306,47.93349],[-0.61032,47.93573],[-0.61715,47.93278]]]]}},{"type":"Feature","properties":{"code":"53031","nom":"La Bigottière","departement":"53","region":"52"},"geometry":{"type":"MultiPolygon","coordinates":[[[[-0.79945,48.19616],[-0.79991,48.20257],[-0.80574,48.21257],[-0.82039,48.2237],[-0.82495,48.23037],[-0.82677,48.23138],[-0.82835,48.23132],[-0.82798,48.23548],[-0.83059,48.24113],[-0.83351,48.24327],[-0.83398,48.24532],[-0.82508,48.24883],[-0.81811,48.24906],[-0.81287,48.2439],[-0.79189,48.24987],[-0.78038,48.23946],[-0.77747,48.23564],[-0.77666,48.22996],[-0.78062,48.22734],[-0.78007,48.22296],[-0.77218,48.21768],[-0.76375,48.21562],[-0.76539,48.21389],[-0.76361,48.20294],[-0.76685,48.19676],[-0.77206,48.19212],[-0.79191,48.19331],[-0.79945,48.19616]]]]}},{"type":"Feature","properties":{"code":"53033","nom":"La Boissière","departement":"53","region":"52"},"geometry":{"type":"MultiPolygon","coordinates":[[[[-0.9722,47.78329],[-0.95907,47.77982],[-0.95542,47.77799],[-0.9534,47.7733],[-0.95484,47.76918],[-0.97857,47.76222],[-0.98154,47.76162],[-0.98658,47.76305],[-1.00653,47.76685],[-1.00619,47.76832],[-1.0007,47.77105],[-0.99391,47.77633],[-0.99261,47.78047],[-0.98975,47.78328],[-0.9722,47.78329]]]]}},{"type":"Feature","properties":{"code":"53034","nom":"Bonchamp-lès-Laval","departement":"53","region":"52"},"geometry":{"type":"MultiPolygon","coordinates":[[[[-0.69654,48.04233],[-0.69798,48.04289],[-0.70853,48.03902],[-0.71135,48.03696],[-0.71938,48.03502],[-0.7254,48.03565],[-0.72635,48.03638],[-0.72704,48.03816],[-0.72423,48.04404],[-0.71755,48.05608],[-0.72001,48.06047],[-0.72406,48.06434],[-0.73522,48.06924],[-0.73851,48.06958],[-0.74126,48.06794],[-0.74164,48.06871],[-0.7352,48.07321],[-0.73663,48.07602],[-0.73571,48.07888],[-0.73035,48.08245],[-0.7283,48.08693],[-0.72327,48.09414],[-0.72396,48.0948],[-0.72335,48.09773],[-0.71939,48.10073],[-0.71648,48.10165],[-0.71259,48.10074],[-0.70167,48.10021],[-0.68737,48.10582],[-0.67887,48.10224],[-0.68093,48.09991],[-0.69046,48.09426],[-0.69278,48.09117],[-0.68883,48.08043],[-0.67413,48.07167],[-0.65724,48.0685],[-0.65846,48.06704],[-0.66025,48.06677],[-0.66609,48.06285],[-0.66594,48.05565],[-0.65914,48.03837],[-0.66711,48.03627],[-0.67859,48.03907],[-0.68668,48.04325],[-0.69362,48.04402],[-0.69654,48.04233]]]]}},{"type":"Feature","properties":{"code":"53035","nom":"Bouchamps-lès-Craon","departement":"53","region":"52"},"geometry":{"type":"MultiPolygon","coordinates":[[[[-0.95975,47.79642],[-0.97095,47.78588],[-0.9722,47.78329],[-0.98975,47.78328],[-0.98947,47.78401],[-1.00253,47.78947],[-1.02124,47.79314],[-1.01874,47.79721],[-1.01302,47.80167],[-1.00909,47.81254],[-1.00715,47.82458],[-1.0054,47.82637],[-0.99938,47.82956],[-0.99265,47.83119],[-0.99003,47.83256],[-0.98093,47.82902],[-0.97199,47.82774],[-0.96196,47.82093],[-0.95026,47.81455],[-0.94899,47.81238],[-0.95062,47.80885],[-0.96487,47.80284],[-0.96491,47.80012],[-0.95975,47.79642]]]]}},{"type":"Feature","properties":{"code":"53036","nom":"Bouère","departement":"53","region":"52"},"geometry":{"type":"MultiPolygon","coordinates":[[[[-0.53094,47.90908],[-0.52548,47.91011],[-0.50956,47.91081],[-0.49844,47.90748],[-0.49066,47.90265],[-0.48353,47.90193],[-0.46503,47.89384],[-0.45472,47.89044],[-0.46051,47.87648],[-0.46142,47.86541],[-0.46017,47.86028],[-0.4504,47.85557],[-0.45026,47.84952],[-0.45258,47.83542],[-0.45019,47.83211],[-0.44802,47.8322],[-0.43346,47.81368],[-0.43412,47.80923],[-0.45263,47.8171],[-0.48619,47.81793],[-0.50229,47.82335],[-0.50875,47.83037],[-0.51376,47.83116],[-0.51176,47.83429],[-0.51379,47.84536],[-0.50994,47.86239],[-0.50431,47.86872],[-0.50491,47.87326],[-0.50646,47.87811],[-0.51722,47.88875],[-0.52627,47.8933],[-0.53266,47.89434],[-0.5371,47.90156],[-0.53568,47.90399],[-0.53094,47.90908]]]]}},{"type":"Feature","properties":{"code":"53037","nom":"Bouessay","departement":"53","region":"52"},"geometry":{"type":"MultiPolygon","coordinates":[[[[-0.41878,47.8733],[-0.4146,47.87665],[-0.39112,47.88917],[-0.38198,47.8895],[-0.37627,47.88657],[-0.36958,47.87854],[-0.37106,47.87517],[-0.37843,47.86894],[-0.37812,47.86401],[-0.37461,47.85956],[-0.37564,47.85495],[-0.37693,47.85463],[-0.39266,47.85926],[-0.40644,47.8593],[-0.41215,47.85772],[-0.41358,47.8677],[-0.41608,47.87371],[-0.41878,47.8733]]]]}},{"type":"Feature","properties":{"code":"53038","nom":"Boulay-les-Ifs","departement":"53","region":"52"},"geometry":{"type":"MultiPolygon","coordinates":[[[[-0.14321,48.44555],[-0.1361,48.44529],[-0.12738,48.44211],[-0.12419,48.44001],[-0.12254,48.43713],[-0.1241,48.42771],[-0.11856,48.41763],[-0.11555,48.41628],[-0.11678,48.41278],[-0.12196,48.40976],[-0.13912,48.40893],[-0.15313,48.41216],[-0.1551,48.41458],[-0.15547,48.41838],[-0.15762,48.42005],[-0.1582,48.42301],[-0.15679,48.4358],[-0.14973,48.44185],[-0.14321,48.44555]]]]}},{"type":"Feature","properties":{"code":"53039","nom":"Le Bourgneuf-la-Forêt","departement":"53","region":"52"},"geometry":{"type":"MultiPolygon","coordinates":[[[[-0.93776,48.15458],[-0.93822,48.1496],[-0.94235,48.15101],[-0.95749,48.14412],[-0.96574,48.13617],[-0.97737,48.12875],[-0.98466,48.13203],[-0.99931,48.13653],[-1.0047,48.13972],[-1.0128,48.14574],[-1.01524,48.15077],[-1.01462,48.15385],[-1.01691,48.15503],[-1.01721,48.15605],[-1.01297,48.15821],[-1.00616,48.17266],[-1.00708,48.17329],[-1.00806,48.17441],[-1.0029,48.17987],[-0.99639,48.18265],[-0.99101,48.19165],[-0.99164,48.19399],[-0.98712,48.19409],[-0.98349,48.19535],[-0.96434,48.19878],[-0.9555,48.19465],[-0.9514,48.18982],[-0.95011,48.18689],[-0.95037,48.18387],[-0.95153,48.18249],[-0.9472,48.17048],[-0.94369,48.15732],[-0.94427,48.15593],[-0.94291,48.15475],[-0.93776,48.15458]]]]}},{"type":"Feature","properties":{"code":"53040","nom":"Bourgon","departement":"53","region":"52"},"geometry":{"type":"MultiPolygon","coordinates":[[[[-1.01691,48.15503],[-1.02689,48.14961],[-1.03612,48.14159],[-1.03914,48.12944],[-1.0404,48.12559],[-1.04347,48.12334],[-1.05937,48.12571],[-1.06405,48.15935],[-1.06658,48.16011],[-1.07442,48.15932],[-1.07324,48.16342],[-1.07726,48.1721],[-1.07861,48.17995],[-1.06804,48.18548],[-1.05973,48.18684],[-1.04209,48.1848],[-1.02351,48.18034],[-1.01745,48.17453],[-1.01071,48.17259],[-1.00708,48.17329],[-1.00616,48.17266],[-1.01297,48.15821],[-1.01721,48.15605],[-1.01691,48.15503]]]]}},{"type":"Feature","properties":{"code":"53041","nom":"Brains-sur-les-Marches","departement":"53","region":"52"},"geometry":{"type":"MultiPolygon","coordinates":[[[[-1.16553,47.87028],[-1.17219,47.87036],[-1.18904,47.86786],[-1.18888,47.87065],[-1.19058,47.87392],[-1.19425,47.87665],[-1.19751,47.88091],[-1.19679,47.88912],[-1.19021,47.892],[-1.18609,47.89237],[-1.17603,47.89753],[-1.16596,47.90015],[-1.15846,47.89645],[-1.15524,47.88467],[-1.15953,47.88175],[-1.16436,47.87431],[-1.16553,47.87028]]]]}},{"type":"Feature","properties":{"code":"53042","nom":"Brecé","departement":"53","region":"52"},"geometry":{"type":"MultiPolygon","coordinates":[[[[-0.81211,48.39878],[-0.80683,48.40162],[-0.79315,48.40465],[-0.77967,48.42656],[-0.76853,48.43065],[-0.76575,48.43123],[-0.76495,48.42985],[-0.75724,48.42117],[-0.74919,48.42004],[-0.74904,48.41913],[-0.74641,48.41768],[-0.72984,48.41134],[-0.73032,48.41037],[-0.7315,48.40967],[-0.73194,48.40536],[-0.73122,48.39619],[-0.73379,48.3886],[-0.73398,48.37968],[-0.7312,48.37445],[-0.73259,48.36666],[-0.73433,48.36355],[-0.75887,48.37071],[-0.76867,48.37007],[-0.77867,48.35792],[-0.78471,48.35473],[-0.80166,48.35243],[-0.80413,48.35071],[-0.8054,48.35225],[-0.80604,48.36219],[-0.8042,48.36453],[-0.80252,48.37005],[-0.80307,48.37219],[-0.80542,48.37412],[-0.80747,48.37426],[-0.81392,48.3848],[-0.81211,48.39878]]]]}},{"type":"Feature","properties":{"code":"53043","nom":"Brée","departement":"53","region":"52"},"geometry":{"type":"MultiPolygon","coordinates":[[[[-0.52661,48.13275],[-0.53135,48.13264],[-0.53744,48.13673],[-0.5475,48.14181],[-0.55027,48.14553],[-0.54954,48.16155],[-0.54352,48.16262],[-0.53541,48.16638],[-0.52984,48.17265],[-0.52705,48.17957],[-0.52112,48.18072],[-0.50694,48.17926],[-0.48778,48.16101],[-0.48792,48.15326],[-0.48588,48.14963],[-0.49383,48.14305],[-0.51069,48.14022],[-0.52219,48.13309],[-0.52661,48.13275]]]]}},{"type":"Feature","properties":{"code":"53045","nom":"La Brûlatte","departement":"53","region":"52"},"geometry":{"type":"MultiPolygon","coordinates":[[[[-0.93342,48.09692],[-0.93238,48.09639],[-0.93367,48.09627],[-0.95308,48.07187],[-0.97144,48.07627],[-0.99195,48.0762],[-0.9999,48.07221],[-0.99964,48.07149],[-1.00181,48.07039],[-1.00591,48.07138],[-1.00772,48.07272],[-1.0047,48.08597],[-1.00683,48.08785],[-1.00494,48.09335],[-0.99895,48.10274],[-0.98864,48.10557],[-0.98733,48.1068],[-0.9751,48.10786],[-0.95497,48.10398],[-0.95114,48.10034],[-0.94584,48.09842],[-0.94259,48.09736],[-0.93533,48.09774],[-0.93342,48.09692]]]]}},{"type":"Feature","properties":{"code":"53046","nom":"Le Buret","departement":"53","region":"52"},"geometry":{"type":"MultiPolygon","coordinates":[[[[-0.53394,47.91373],[-0.53247,47.9198],[-0.53538,47.92164],[-0.533,47.9282],[-0.52526,47.9319],[-0.51577,47.93387],[-0.51257,47.93742],[-0.50569,47.9372],[-0.49645,47.932],[-0.49574,47.93098],[-0.47933,47.92415],[-0.46598,47.91623],[-0.46328,47.91646],[-0.4625,47.91356],[-0.46318,47.91108],[-0.47071,47.90517],[-0.47407,47.90344],[-0.48353,47.90193],[-0.49066,47.90265],[-0.49844,47.90748],[-0.50956,47.91081],[-0.52548,47.91011],[-0.53094,47.90908],[-0.53394,47.91373]]]]}},{"type":"Feature","properties":{"code":"53047","nom":"Carelles","departement":"53","region":"52"},"geometry":{"type":"MultiPolygon","coordinates":[[[[-0.92135,48.3919],[-0.915,48.39249],[-0.914,48.39529],[-0.91845,48.39774],[-0.9187,48.39885],[-0.9137,48.40431],[-0.88727,48.41433],[-0.87717,48.41152],[-0.87986,48.4081],[-0.8818,48.40252],[-0.88086,48.39451],[-0.87726,48.38546],[-0.88488,48.37115],[-0.9022,48.3693],[-0.92603,48.36995],[-0.92559,48.37455],[-0.92795,48.37756],[-0.92666,48.37792],[-0.92067,48.38702],[-0.92135,48.3919]]]]}},{"type":"Feature","properties":{"code":"53048","nom":"Chailland","departement":"53","region":"52"},"geometry":{"type":"MultiPolygon","coordinates":[[[[-0.85009,48.19055],[-0.85263,48.18782],[-0.85862,48.18917],[-0.87983,48.19784],[-0.88495,48.2014],[-0.8838,48.2024],[-0.88543,48.20432],[-0.90637,48.21538],[-0.9101,48.22013],[-0.91156,48.22757],[-0.90667,48.24546],[-0.90909,48.25184],[-0.91104,48.254],[-0.91039,48.25691],[-0.90817,48.25664],[-0.89639,48.25477],[-0.88871,48.25447],[-0.88361,48.25794],[-0.87841,48.25985],[-0.85236,48.26136],[-0.84552,48.26408],[-0.83264,48.26518],[-0.81633,48.26464],[-0.8247,48.25755],[-0.82122,48.25465],[-0.81811,48.24906],[-0.82508,48.24883],[-0.83398,48.24532],[-0.83351,48.24327],[-0.83059,48.24113],[-0.82798,48.23548],[-0.82835,48.23132],[-0.83544,48.23339],[-0.83695,48.23294],[-0.84606,48.22895],[-0.8502,48.22429],[-0.85052,48.22301],[-0.84831,48.21953],[-0.84382,48.21778],[-0.84037,48.21202],[-0.84495,48.20533],[-0.85185,48.20295],[-0.85465,48.20279],[-0.85897,48.2004],[-0.85966,48.19916],[-0.856,48.19483],[-0.85009,48.19055]]]]}},{"type":"Feature","properties":{"code":"53049","nom":"Châlons-du-Maine","departement":"53","region":"52"},"geometry":{"type":"MultiPolygon","coordinates":[[[[-0.67704,48.15321],[-0.67976,48.16635],[-0.68385,48.16714],[-0.68272,48.16878],[-0.6767,48.17286],[-0.6657,48.17204],[-0.65594,48.17007],[-0.63239,48.16837],[-0.63109,48.16912],[-0.62422,48.16857],[-0.61765,48.16623],[-0.61721,48.14473],[-0.6124,48.13799],[-0.61308,48.13592],[-0.61568,48.13489],[-0.62723,48.13435],[-0.62873,48.14525],[-0.63622,48.15426],[-0.64955,48.15635],[-0.66886,48.15477],[-0.67704,48.15321]]]]}},{"type":"Feature","properties":{"code":"53051","nom":"Champéon","departement":"53","region":"52"},"geometry":{"type":"MultiPolygon","coordinates":[[[[-0.49449,48.38482],[-0.4832,48.38218],[-0.48116,48.3797],[-0.48179,48.37114],[-0.48621,48.3642],[-0.48545,48.36005],[-0.48354,48.35669],[-0.4821,48.35309],[-0.48195,48.34886],[-0.49323,48.33401],[-0.49678,48.33276],[-0.52107,48.33399],[-0.5268,48.33618],[-0.54687,48.33968],[-0.54823,48.34097],[-0.5502,48.34535],[-0.55189,48.35541],[-0.55216,48.35765],[-0.55112,48.35913],[-0.55048,48.36062],[-0.53932,48.37014],[-0.53389,48.36994],[-0.5143,48.37389],[-0.49766,48.38148],[-0.49449,48.38482]]]]}},{"type":"Feature","properties":{"code":"53052","nom":"Champfrémont","departement":"53","region":"52"},"geometry":{"type":"MultiPolygon","coordinates":[[[[-0.14321,48.44555],[-0.13789,48.45294],[-0.11615,48.44876],[-0.10845,48.44795],[-0.09689,48.4485],[-0.08838,48.45039],[-0.08082,48.45014],[-0.08582,48.44682],[-0.08625,48.44033],[-0.08518,48.43489],[-0.08215,48.43449],[-0.07316,48.43082],[-0.07057,48.42956],[-0.06954,48.42443],[-0.0737,48.41993],[-0.08326,48.41513],[-0.08942,48.41374],[-0.09871,48.41305],[-0.10735,48.41394],[-0.11555,48.41628],[-0.11856,48.41763],[-0.1241,48.42771],[-0.12254,48.43713],[-0.12419,48.44001],[-0.12738,48.44211],[-0.1361,48.44529],[-0.14321,48.44555]]]]}},{"type":"Feature","properties":{"code":"53053","nom":"Champgenéteux","departement":"53","region":"52"},"geometry":{"type":"MultiPolygon","coordinates":[[[[-0.39427,48.31667],[-0.38498,48.31236],[-0.38078,48.31126],[-0.36205,48.30908],[-0.35179,48.3096],[-0.33976,48.30808],[-0.33731,48.30796],[-0.31803,48.30104],[-0.32057,48.29909],[-0.32527,48.29782],[-0.33666,48.28958],[-0.343,48.28261],[-0.34654,48.27504],[-0.37345,48.27175],[-0.39794,48.27166],[-0.40434,48.2769],[-0.40641,48.28047],[-0.41604,48.28523],[-0.43012,48.28692],[-0.42366,48.29091],[-0.41667,48.29996],[-0.40598,48.31055],[-0.40416,48.3114],[-0.40433,48.31226],[-0.39521,48.31559],[-0.39427,48.31667]]]]}},{"type":"Feature","properties":{"code":"53054","nom":"Changé","departement":"53","region":"52"},"geometry":{"type":"MultiPolygon","coordinates":[[[[-0.7283,48.08693],[-0.74558,48.08593],[-0.74766,48.08489],[-0.75206,48.08681],[-0.7565,48.08595],[-0.75666,48.08599],[-0.76314,48.08809],[-0.76821,48.09082],[-0.77172,48.09032],[-0.77602,48.08856],[-0.77733,48.08981],[-0.77915,48.08895],[-0.81715,48.08476],[-0.81702,48.0854],[-0.82392,48.08773],[-0.83447,48.09307],[-0.84344,48.09901],[-0.84866,48.10588],[-0.85611,48.11057],[-0.86007,48.11132],[-0.86516,48.11473],[-0.8691,48.12281],[-0.86674,48.12207],[-0.85955,48.12367],[-0.85637,48.129],[-0.86248,48.13521],[-0.86445,48.13967],[-0.86249,48.14276],[-0.84763,48.13938],[-0.83836,48.13317],[-0.83891,48.13022],[-0.83664,48.12793],[-0.83248,48.12545],[-0.82471,48.12249],[-0.82052,48.12154],[-0.80327,48.12128],[-0.79312,48.12315],[-0.77867,48.12274],[-0.77078,48.12062],[-0.76716,48.11851],[-0.75392,48.12118],[-0.73827,48.12224],[-0.74368,48.10621],[-0.73509,48.09637],[-0.72327,48.09414],[-0.7283,48.08693]]]]}},{"type":"Feature","properties":{"code":"53055","nom":"Chantrigné","departement":"53","region":"52"},"geometry":{"type":"MultiPolygon","coordinates":[[[[-0.56368,48.40348],[-0.56648,48.40355],[-0.57564,48.40029],[-0.57898,48.3972],[-0.57945,48.39493],[-0.58424,48.3949],[-0.59408,48.39905],[-0.59751,48.4022],[-0.60595,48.40453],[-0.60776,48.40409],[-0.60825,48.41026],[-0.59798,48.42474],[-0.586,48.42907],[-0.58065,48.43284],[-0.57989,48.43588],[-0.57418,48.43742],[-0.57141,48.43667],[-0.56392,48.43293],[-0.55196,48.42265],[-0.54565,48.41886],[-0.52141,48.41809],[-0.51681,48.41632],[-0.51615,48.41148],[-0.51087,48.40823],[-0.50214,48.40496],[-0.49996,48.40431],[-0.49602,48.39854],[-0.49587,48.3971],[-0.49833,48.39256],[-0.5023,48.39252],[-0.50655,48.39349],[-0.5151,48.3977],[-0.52164,48.3998],[-0.53084,48.39913],[-0.54011,48.3994],[-0.54614,48.40278],[-0.5492,48.40716],[-0.55914,48.41121],[-0.56264,48.40819],[-0.56368,48.40348]]]]}},{"type":"Feature","properties":{"code":"53056","nom":"La Chapelle-Anthenaise","departement":"53","region":"52"},"geometry":{"type":"MultiPolygon","coordinates":[[[[-0.68175,48.15204],[-0.67704,48.15321],[-0.66886,48.15477],[-0.64955,48.15635],[-0.63622,48.15426],[-0.62873,48.14525],[-0.62723,48.13435],[-0.62592,48.12848],[-0.62385,48.12717],[-0.61825,48.12682],[-0.62058,48.12382],[-0.63694,48.12316],[-0.6558,48.11372],[-0.66411,48.1124],[-0.67494,48.10644],[-0.67887,48.10224],[-0.68737,48.10582],[-0.6913,48.10747],[-0.69285,48.10938],[-0.689,48.11755],[-0.68956,48.12778],[-0.68432,48.14146],[-0.68175,48.15204]]]]}},{"type":"Feature","properties":{"code":"53057","nom":"La Chapelle-au-Riboul","departement":"53","region":"52"},"geometry":{"type":"MultiPolygon","coordinates":[[[[-0.44355,48.35295],[-0.44141,48.33804],[-0.43597,48.33078],[-0.42494,48.33223],[-0.41546,48.32936],[-0.40911,48.31812],[-0.40433,48.31226],[-0.40416,48.3114],[-0.40598,48.31055],[-0.41667,48.29996],[-0.42366,48.29091],[-0.43012,48.28692],[-0.43189,48.2851],[-0.44154,48.28543],[-0.44032,48.2909],[-0.43854,48.29288],[-0.44028,48.29775],[-0.4462,48.30326],[-0.45567,48.30873],[-0.45405,48.30966],[-0.45272,48.30945],[-0.44312,48.31206],[-0.44898,48.32313],[-0.4506,48.33561],[-0.45461,48.341],[-0.44355,48.35295]]]]}},{"type":"Feature","properties":{"code":"53058","nom":"La Chapelle-Craonnaise","departement":"53","region":"52"},"geometry":{"type":"MultiPolygon","coordinates":[[[[-0.87322,47.8968],[-0.88787,47.90343],[-0.89215,47.90364],[-0.89538,47.90166],[-0.90317,47.88941],[-0.90751,47.88977],[-0.91566,47.88517],[-0.92382,47.88726],[-0.94109,47.90186],[-0.94358,47.90673],[-0.9439,47.91091],[-0.92386,47.91368],[-0.91748,47.91121],[-0.91561,47.91064],[-0.90351,47.91383],[-0.89747,47.91386],[-0.88333,47.91184],[-0.87284,47.90588],[-0.86463,47.90404],[-0.86657,47.901],[-0.87322,47.8968]]]]}},{"type":"Feature","properties":{"code":"53059","nom":"La Chapelle-Rainsouin","departement":"53","region":"52"},"geometry":{"type":"MultiPolygon","coordinates":[[[[-0.57337,48.08709],[-0.57119,48.08964],[-0.56117,48.09641],[-0.5483,48.09994],[-0.54416,48.10496],[-0.54505,48.10717],[-0.54829,48.10807],[-0.54364,48.11377],[-0.54186,48.11447],[-0.53588,48.11725],[-0.52474,48.11818],[-0.52031,48.11785],[-0.51399,48.11497],[-0.50701,48.11295],[-0.49935,48.11215],[-0.49407,48.11266],[-0.48662,48.10398],[-0.48538,48.09857],[-0.49264,48.09922],[-0.49675,48.08801],[-0.5075,48.07834],[-0.52095,48.0714],[-0.5222,48.07126],[-0.52404,48.07364],[-0.52273,48.0842],[-0.53268,48.08766],[-0.54094,48.08848],[-0.54299,48.08798],[-0.55526,48.08203],[-0.55505,48.08433],[-0.57337,48.08709]]]]}},{"type":"Feature","properties":{"code":"53061","nom":"Charchigné","departement":"53","region":"52"},"geometry":{"type":"MultiPolygon","coordinates":[[[[-0.42722,48.4036],[-0.43431,48.40762],[-0.44435,48.41614],[-0.44299,48.41743],[-0.44083,48.41953],[-0.43507,48.433],[-0.43147,48.43527],[-0.42905,48.43628],[-0.42833,48.43391],[-0.42463,48.43213],[-0.42091,48.4322],[-0.4097,48.43483],[-0.39832,48.42915],[-0.39484,48.42519],[-0.39451,48.41976],[-0.39087,48.417],[-0.37408,48.41617],[-0.3674,48.4168],[-0.36798,48.41109],[-0.37257,48.40459],[-0.37586,48.40072],[-0.37712,48.39731],[-0.38151,48.39418],[-0.42722,48.4036]]]]}},{"type":"Feature","properties":{"code":"53062","nom":"Château-Gontier-sur-Mayenne","departement":"53","region":"52"},"geometry":{"type":"MultiPolygon","coordinates":[[[[-0.69883,47.79519],[-0.70046,47.78695],[-0.69957,47.78331],[-0.7032,47.78075],[-0.71341,47.77784],[-0.71817,47.77758],[-0.72118,47.78358],[-0.72477,47.7878],[-0.73181,47.79214],[-0.7403,47.79605],[-0.75129,47.80064],[-0.75263,47.80186],[-0.76181,47.81597],[-0.76916,47.81863],[-0.78173,47.81632],[-0.78047,47.82131],[-0.77682,47.82805],[-0.77214,47.8342],[-0.77271,47.83662],[-0.77537,47.83978],[-0.77487,47.85068],[-0.77281,47.85317],[-0.76692,47.85374],[-0.76796,47.85685],[-0.75119,47.8522],[-0.74298,47.85305],[-0.73834,47.85441],[-0.71923,47.85055],[-0.71681,47.84936],[-0.70758,47.84425],[-0.7041,47.84398],[-0.70271,47.84681],[-0.69085,47.84524],[-0.67252,47.84622],[-0.66338,47.85585],[-0.65767,47.85801],[-0.64787,47.85976],[-0.62834,47.8647],[-0.63011,47.85262],[-0.62022,47.83304],[-0.62156,47.82476],[-0.61989,47.8242],[-0.62559,47.82086],[-0.63427,47.8105],[-0.6339,47.80814],[-0.63523,47.80843],[-0.64242,47.80699],[-0.65675,47.79057],[-0.65968,47.78917],[-0.66399,47.78984],[-0.66823,47.79089],[-0.67687,47.80177],[-0.6785,47.8074],[-0.68829,47.80647],[-0.69883,47.79519]]]]}},{"type":"Feature","properties":{"code":"53063","nom":"Châtelain","departement":"53","region":"52"},"geometry":{"type":"MultiPolygon","coordinates":[[[[-0.56553,47.81738],[-0.56835,47.8082],[-0.56627,47.80081],[-0.56504,47.79346],[-0.57741,47.79376],[-0.58609,47.79188],[-0.60399,47.78618],[-0.61362,47.78547],[-0.6201,47.78608],[-0.62108,47.7871],[-0.61897,47.78777],[-0.61282,47.79593],[-0.61063,47.80384],[-0.61158,47.80939],[-0.61691,47.81202],[-0.62941,47.80813],[-0.6339,47.80814],[-0.63427,47.8105],[-0.62559,47.82086],[-0.61989,47.8242],[-0.59935,47.82614],[-0.58681,47.82035],[-0.56553,47.81738]]]]}},{"type":"Feature","properties":{"code":"53064","nom":"Châtillon-sur-Colmont","departement":"53","region":"52"},"geometry":{"type":"MultiPolygon","coordinates":[[[[-0.73433,48.36355],[-0.7177,48.36187],[-0.7178,48.36003],[-0.70852,48.34132],[-0.70352,48.33623],[-0.70516,48.33442],[-0.70787,48.32405],[-0.72663,48.32104],[-0.73866,48.31502],[-0.74884,48.30831],[-0.75805,48.30549],[-0.77252,48.29963],[-0.77336,48.30132],[-0.78069,48.29505],[-0.79011,48.30027],[-0.79533,48.31264],[-0.79902,48.31337],[-0.80134,48.31466],[-0.80273,48.3211],[-0.80279,48.32257],[-0.80621,48.32617],[-0.80197,48.34551],[-0.80218,48.3488],[-0.80413,48.35071],[-0.80166,48.35243],[-0.78471,48.35473],[-0.77867,48.35792],[-0.76867,48.37007],[-0.75887,48.37071],[-0.73433,48.36355]]]]}},{"type":"Feature","properties":{"code":"53066","nom":"Chemazé","departement":"53","region":"52"},"geometry":{"type":"MultiPolygon","coordinates":[[[[-0.78173,47.81632],[-0.76916,47.81863],[-0.76181,47.81597],[-0.75263,47.80186],[-0.75129,47.80064],[-0.7403,47.79605],[-0.73181,47.79214],[-0.72477,47.7878],[-0.72118,47.78358],[-0.71817,47.77758],[-0.72688,47.76236],[-0.73364,47.7476],[-0.73174,47.74195],[-0.73658,47.73797],[-0.74546,47.73926],[-0.75607,47.74445],[-0.75712,47.75204],[-0.75963,47.75394],[-0.77316,47.75321],[-0.78338,47.75019],[-0.78854,47.75881],[-0.79101,47.76095],[-0.7995,47.76417],[-0.80521,47.76527],[-0.81111,47.76416],[-0.81474,47.76735],[-0.81613,47.77126],[-0.81087,47.7725],[-0.80981,47.77469],[-0.80931,47.77818],[-0.81351,47.78658],[-0.80666,47.79612],[-0.79793,47.80482],[-0.78173,47.81632]],[[-0.74278,47.74173],[-0.74208,47.74],[-0.74018,47.7397],[-0.7408,47.74228],[-0.74278,47.74173]]]]}},{"type":"Feature","properties":{"code":"53067","nom":"Chémeré-le-Roi","departement":"53","region":"52"},"geometry":{"type":"MultiPolygon","coordinates":[[[[-0.45789,47.96142],[-0.45636,47.96159],[-0.45793,47.96692],[-0.4607,47.97145],[-0.47456,47.9742],[-0.48045,47.97618],[-0.47906,47.97644],[-0.47683,47.97879],[-0.47642,47.98095],[-0.4695,47.98939],[-0.45532,47.99757],[-0.45163,48.00217],[-0.45228,48.00352],[-0.45067,48.00365],[-0.44751,48.00231],[-0.44017,47.9922],[-0.42878,47.98198],[-0.41383,47.97348],[-0.41645,47.96542],[-0.41967,47.96103],[-0.41792,47.96031],[-0.4195,47.95694],[-0.43567,47.95226],[-0.4436,47.94843],[-0.44723,47.94783],[-0.45073,47.95017],[-0.45852,47.95744],[-0.45789,47.96142]]]]}},{"type":"Feature","properties":{"code":"53068","nom":"Chérancé","departement":"53","region":"52"},"geometry":{"type":"MultiPolygon","coordinates":[[[[-0.94767,47.81562],[-0.94647,47.80902],[-0.94502,47.80659],[-0.94231,47.80518],[-0.93029,47.80624],[-0.9088,47.80967],[-0.89775,47.81036],[-0.89492,47.80942],[-0.89055,47.80952],[-0.88786,47.80529],[-0.89359,47.80038],[-0.89756,47.79956],[-0.89857,47.79658],[-0.90189,47.79421],[-0.90854,47.79208],[-0.91731,47.79236],[-0.9288,47.79502],[-0.93212,47.79372],[-0.9312,47.7901],[-0.93749,47.7902],[-0.95975,47.79642],[-0.96491,47.80012],[-0.96487,47.80284],[-0.95062,47.80885],[-0.94899,47.81238],[-0.95026,47.81455],[-0.94997,47.81531],[-0.94767,47.81562]]]]}},{"type":"Feature","properties":{"code":"53069","nom":"Chevaigné-du-Maine","departement":"53","region":"52"},"geometry":{"type":"MultiPolygon","coordinates":[[[[-0.41708,48.45671],[-0.41439,48.45787],[-0.41199,48.45766],[-0.40316,48.45481],[-0.39765,48.45954],[-0.39812,48.46023],[-0.39756,48.45962],[-0.39203,48.44973],[-0.38572,48.44308],[-0.38216,48.43984],[-0.37841,48.43886],[-0.37489,48.43903],[-0.37234,48.43391],[-0.3674,48.4168],[-0.37408,48.41617],[-0.39087,48.417],[-0.39451,48.41976],[-0.39484,48.42519],[-0.39832,48.42915],[-0.4097,48.43483],[-0.42091,48.4322],[-0.42463,48.43213],[-0.42833,48.43391],[-0.42905,48.43628],[-0.43147,48.43527],[-0.44114,48.44237],[-0.44056,48.44652],[-0.4367,48.45035],[-0.41969,48.45319],[-0.41708,48.45671]]]]}},{"type":"Feature","properties":{"code":"53071","nom":"Colombiers-du-Plessis","departement":"53","region":"52"},"geometry":{"type":"MultiPolygon","coordinates":[[[[-0.8398,48.41102],[-0.82489,48.40274],[-0.81211,48.39878],[-0.81392,48.3848],[-0.80747,48.37426],[-0.80966,48.37456],[-0.81293,48.37356],[-0.81614,48.37149],[-0.81696,48.36938],[-0.82371,48.36561],[-0.83545,48.36516],[-0.84611,48.366],[-0.85239,48.36922],[-0.85999,48.36919],[-0.87392,48.36604],[-0.88141,48.36617],[-0.88488,48.37115],[-0.87726,48.38546],[-0.88086,48.39451],[-0.8818,48.40252],[-0.87986,48.4081],[-0.87717,48.41152],[-0.8729,48.40814],[-0.86539,48.40703],[-0.85002,48.40918],[-0.84295,48.40913],[-0.8398,48.41102]]]]}},{"type":"Feature","properties":{"code":"53072","nom":"Commer","departement":"53","region":"52"},"geometry":{"type":"MultiPolygon","coordinates":[[[[-0.61181,48.21129],[-0.61726,48.21117],[-0.63294,48.21695],[-0.64449,48.22268],[-0.65391,48.22991],[-0.67311,48.23539],[-0.66699,48.24113],[-0.6609,48.24408],[-0.6577,48.24511],[-0.65499,48.24398],[-0.65207,48.24445],[-0.65202,48.25448],[-0.64381,48.25617],[-0.62939,48.25692],[-0.61534,48.25584],[-0.59964,48.25042],[-0.59584,48.25259],[-0.58897,48.24902],[-0.58065,48.23562],[-0.57988,48.23168],[-0.58874,48.22032],[-0.58918,48.21799],[-0.58562,48.21138],[-0.59969,48.21272],[-0.61181,48.21129]]]]}},{"type":"Feature","properties":{"code":"53073","nom":"Congrier","departement":"53","region":"52"},"geometry":{"type":"MultiPolygon","coordinates":[[[[-1.16719,47.79794],[-1.16268,47.805],[-1.16358,47.80704],[-1.17085,47.81011],[-1.1744,47.81346],[-1.17111,47.82234],[-1.16817,47.82451],[-1.15939,47.82342],[-1.15357,47.8267],[-1.14885,47.83788],[-1.14758,47.83639],[-1.14088,47.83515],[-1.13106,47.82883],[-1.13526,47.82512],[-1.13663,47.82213],[-1.13585,47.81954],[-1.12752,47.81609],[-1.10961,47.81276],[-1.09095,47.81036],[-1.07233,47.80226],[-1.07719,47.79727],[-1.08054,47.78605],[-1.07581,47.77818],[-1.07539,47.77445],[-1.0824,47.77508],[-1.09885,47.78192],[-1.12425,47.78409],[-1.13258,47.7838],[-1.13956,47.78209],[-1.13978,47.78699],[-1.1416,47.79038],[-1.14554,47.79369],[-1.15094,47.79568],[-1.16414,47.79608],[-1.16719,47.79794]]]]}},{"type":"Feature","properties":{"code":"53074","nom":"Contest","departement":"53","region":"52"},"geometry":{"type":"MultiPolygon","coordinates":[[[[-0.72877,48.2475],[-0.73541,48.2534],[-0.73593,48.26193],[-0.74228,48.26876],[-0.73921,48.2716],[-0.73703,48.27314],[-0.7236,48.2732],[-0.69901,48.27902],[-0.69095,48.27818],[-0.68848,48.27724],[-0.68334,48.27258],[-0.67482,48.27152],[-0.6732,48.27175],[-0.67167,48.27311],[-0.67147,48.279],[-0.67013,48.27963],[-0.66597,48.27963],[-0.65482,48.27781],[-0.64786,48.27553],[-0.64288,48.27087],[-0.64248,48.26894],[-0.6497,48.26742],[-0.65301,48.25985],[-0.65202,48.25448],[-0.65207,48.24445],[-0.65499,48.24398],[-0.6577,48.24511],[-0.6609,48.24408],[-0.66699,48.24113],[-0.67311,48.23539],[-0.68831,48.23256],[-0.68923,48.23612],[-0.69784,48.24542],[-0.70603,48.25065],[-0.7131,48.25194],[-0.71749,48.24927],[-0.72877,48.2475]]]]}},{"type":"Feature","properties":{"code":"53075","nom":"Cosmes","departement":"53","region":"52"},"geometry":{"type":"MultiPolygon","coordinates":[[[[-0.86669,47.93592],[-0.84097,47.92431],[-0.83635,47.9236],[-0.83312,47.92056],[-0.83205,47.91659],[-0.83292,47.9132],[-0.83694,47.90683],[-0.84145,47.90328],[-0.84749,47.9015],[-0.85144,47.90365],[-0.86463,47.90404],[-0.87284,47.90588],[-0.88333,47.91184],[-0.89747,47.91386],[-0.90351,47.91383],[-0.91561,47.91064],[-0.91748,47.91121],[-0.91671,47.91299],[-0.91868,47.92163],[-0.91549,47.92705],[-0.91193,47.92608],[-0.89513,47.92543],[-0.8817,47.92941],[-0.88102,47.93034],[-0.8707,47.93574],[-0.86669,47.93592]]]]}},{"type":"Feature","properties":{"code":"53076","nom":"Cossé-en-Champagne","departement":"53","region":"52"},"geometry":{"type":"MultiPolygon","coordinates":[[[[-0.31179,47.94012],[-0.33686,47.95111],[-0.36036,47.95995],[-0.36979,47.96111],[-0.37004,47.96605],[-0.36533,47.97475],[-0.36271,47.97706],[-0.34793,47.9802],[-0.32557,47.98325],[-0.32158,47.98546],[-0.32025,47.98964],[-0.32092,47.9938],[-0.31328,48.0012],[-0.31251,48.00112],[-0.31219,47.99321],[-0.30022,47.98007],[-0.29857,47.97315],[-0.29998,47.96935],[-0.30154,47.96827],[-0.30203,47.96554],[-0.29682,47.9628],[-0.2887,47.96141],[-0.28775,47.96027],[-0.28134,47.95804],[-0.29354,47.94544],[-0.29741,47.94347],[-0.31151,47.94023],[-0.31179,47.94012]]]]}},{"type":"Feature","properties":{"code":"53077","nom":"Cossé-le-Vivien","departement":"53","region":"52"},"geometry":{"type":"MultiPolygon","coordinates":[[[[-0.89229,47.96525],[-0.89775,47.96417],[-0.9042,47.9584],[-0.89096,47.95408],[-0.87754,47.95148],[-0.87484,47.94781],[-0.87652,47.94038],[-0.88098,47.93601],[-0.88176,47.93061],[-0.88102,47.93034],[-0.8817,47.92941],[-0.89513,47.92543],[-0.91193,47.92608],[-0.91549,47.92705],[-0.91868,47.92163],[-0.91671,47.91299],[-0.91748,47.91121],[-0.92386,47.91368],[-0.9439,47.91091],[-0.94624,47.91107],[-0.95078,47.90989],[-0.95262,47.91046],[-0.96554,47.91522],[-0.97021,47.92018],[-0.97777,47.92493],[-0.98448,47.92676],[-0.98197,47.9295],[-0.97684,47.9393],[-0.97173,47.95413],[-0.9729,47.95823],[-0.97985,47.96216],[-0.98292,47.96581],[-0.98095,47.9708],[-0.98195,47.97191],[-0.98076,47.97533],[-0.97721,47.97684],[-0.97049,47.97753],[-0.94865,47.9775],[-0.93918,47.98179],[-0.93259,47.97791],[-0.92561,47.97886],[-0.91613,47.97512],[-0.90566,47.97407],[-0.89853,47.97003],[-0.89229,47.96525]]]]}},{"type":"Feature","properties":{"code":"53078","nom":"Coudray","departement":"53","region":"52"},"geometry":{"type":"MultiPolygon","coordinates":[[[[-0.66644,47.77716],[-0.6649,47.78238],[-0.66285,47.78455],[-0.66399,47.78984],[-0.65968,47.78917],[-0.65675,47.79057],[-0.64242,47.80699],[-0.63523,47.80843],[-0.6339,47.80814],[-0.62941,47.80813],[-0.61691,47.81202],[-0.61158,47.80939],[-0.61063,47.80384],[-0.61282,47.79593],[-0.61897,47.78777],[-0.62108,47.7871],[-0.6231,47.78752],[-0.63045,47.78611],[-0.63228,47.78419],[-0.63301,47.78123],[-0.62741,47.77928],[-0.62752,47.77759],[-0.62946,47.77529],[-0.63102,47.77305],[-0.63705,47.77082],[-0.66223,47.77695],[-0.66644,47.77716]]]]}},{"type":"Feature","properties":{"code":"53079","nom":"Couesmes-Vaucé","departement":"53","region":"52"},"geometry":{"type":"MultiPolygon","coordinates":[[[[-0.6538,48.45403],[-0.65409,48.44459],[-0.65518,48.44409],[-0.68116,48.44032],[-0.7057,48.44061],[-0.72387,48.43784],[-0.73115,48.43409],[-0.73155,48.42574],[-0.73299,48.42407],[-0.74004,48.42017],[-0.74502,48.42098],[-0.74919,48.42004],[-0.75724,48.42117],[-0.76495,48.42985],[-0.75481,48.43173],[-0.75408,48.43286],[-0.75654,48.43708],[-0.73914,48.44366],[-0.72865,48.44498],[-0.71919,48.44718],[-0.71488,48.44904],[-0.7142,48.45261],[-0.71541,48.45436],[-0.73338,48.46008],[-0.73595,48.46135],[-0.73708,48.4638],[-0.73726,48.46512],[-0.73103,48.47179],[-0.72494,48.47345],[-0.70404,48.4704],[-0.70325,48.46824],[-0.70176,48.46722],[-0.69219,48.46806],[-0.68803,48.46958],[-0.68556,48.46504],[-0.68337,48.45573],[-0.66954,48.45184],[-0.66062,48.45201],[-0.6538,48.45403]]]]}},{"type":"Feature","properties":{"code":"53080","nom":"Couptrain","departement":"53","region":"52"},"geometry":{"type":"MultiPolygon","coordinates":[[[[-0.2994,48.48],[-0.30052,48.48209],[-0.29409,48.4856],[-0.28956,48.48555],[-0.28717,48.48439],[-0.28341,48.48044],[-0.29252,48.4786],[-0.29829,48.48058],[-0.2994,48.48]]]]}},{"type":"Feature","properties":{"code":"53132","nom":"Levaré","departement":"53","region":"52"},"geometry":{"type":"MultiPolygon","coordinates":[[[[-0.92135,48.3919],[-0.92082,48.39253],[-0.92895,48.39586],[-0.93393,48.40237],[-0.92858,48.40705],[-0.92193,48.41512],[-0.92371,48.42391],[-0.92767,48.434],[-0.93026,48.43771],[-0.92587,48.43794],[-0.92103,48.4388],[-0.90129,48.43915],[-0.89871,48.43693],[-0.89739,48.43017],[-0.89374,48.42083],[-0.88531,48.42201],[-0.88488,48.42475],[-0.87115,48.42792],[-0.86876,48.4223],[-0.87717,48.41152],[-0.88727,48.41433],[-0.9137,48.40431],[-0.9187,48.39885],[-0.91845,48.39774],[-0.914,48.39529],[-0.915,48.39249],[-0.92135,48.3919]]]]}},{"type":"Feature","properties":{"code":"53082","nom":"Courbeveille","departement":"53","region":"52"},"geometry":{"type":"MultiPolygon","coordinates":[[[[-0.85798,47.98389],[-0.86046,47.98102],[-0.86102,47.97793],[-0.85771,47.97533],[-0.85735,47.97225],[-0.86461,47.96548],[-0.8746,47.96219],[-0.88061,47.96271],[-0.88296,47.96542],[-0.89229,47.96525],[-0.89853,47.97003],[-0.90566,47.97407],[-0.91613,47.97512],[-0.92561,47.97886],[-0.92031,47.97934],[-0.91924,47.98035],[-0.92096,47.98368],[-0.92243,47.98455],[-0.92079,47.98963],[-0.9146,48.00426],[-0.9092,48.0088],[-0.90782,48.00829],[-0.86976,48.00742],[-0.86556,48.00547],[-0.86186,47.99856],[-0.86283,47.99291],[-0.86545,47.99191],[-0.86709,47.98953],[-0.86635,47.98832],[-0.85798,47.98389]]]]}},{"type":"Feature","properties":{"code":"53083","nom":"Courcité","departement":"53","region":"52"},"geometry":{"type":"MultiPolygon","coordinates":[[[[-0.25884,48.3304],[-0.25056,48.32768],[-0.23828,48.32759],[-0.23061,48.32468],[-0.22414,48.32092],[-0.21681,48.32045],[-0.20617,48.32199],[-0.20349,48.3143],[-0.20966,48.30443],[-0.21452,48.30051],[-0.21762,48.29588],[-0.21502,48.29193],[-0.21656,48.29019],[-0.22581,48.28532],[-0.22504,48.28324],[-0.22614,48.27339],[-0.25204,48.27896],[-0.26102,48.27837],[-0.27726,48.27972],[-0.2772,48.28424],[-0.28017,48.28558],[-0.28365,48.29065],[-0.2813,48.29564],[-0.27616,48.29759],[-0.29059,48.30248],[-0.30477,48.29979],[-0.31312,48.30208],[-0.30542,48.3118],[-0.29528,48.31955],[-0.28328,48.32582],[-0.25884,48.3304]]]]}},{"type":"Feature","properties":{"code":"53084","nom":"Craon","departement":"53","region":"52"},"geometry":{"type":"MultiPolygon","coordinates":[[[[-0.96196,47.82093],[-0.97199,47.82774],[-0.98093,47.82902],[-0.99003,47.83256],[-0.99104,47.83315],[-0.98403,47.83561],[-0.98253,47.83801],[-0.97957,47.85157],[-0.98185,47.85664],[-0.97643,47.85445],[-0.97303,47.8552],[-0.9654,47.86006],[-0.96507,47.8634],[-0.93045,47.8656],[-0.91749,47.86353],[-0.90821,47.86342],[-0.90545,47.86541],[-0.90328,47.8717],[-0.90005,47.87099],[-0.88828,47.86009],[-0.88831,47.85859],[-0.88991,47.85874],[-0.88929,47.8565],[-0.88942,47.85567],[-0.89765,47.85047],[-0.90455,47.85147],[-0.90934,47.84964],[-0.91538,47.84573],[-0.91636,47.84379],[-0.9147,47.84133],[-0.91372,47.83689],[-0.91538,47.83332],[-0.94047,47.82567],[-0.94419,47.82206],[-0.94767,47.81562],[-0.94997,47.81531],[-0.95026,47.81455],[-0.96196,47.82093]]]]}},{"type":"Feature","properties":{"code":"53085","nom":"Crennes-sur-Fraubée","departement":"53","region":"52"},"geometry":{"type":"MultiPolygon","coordinates":[[[[-0.25274,48.37467],[-0.26106,48.37326],[-0.27116,48.36857],[-0.28394,48.36461],[-0.28981,48.36357],[-0.29778,48.36446],[-0.30977,48.36428],[-0.30711,48.37518],[-0.30662,48.3805],[-0.30786,48.38132],[-0.30493,48.38382],[-0.30243,48.38475],[-0.29862,48.38356],[-0.28422,48.38478],[-0.26493,48.38815],[-0.25771,48.3905],[-0.24218,48.39934],[-0.22512,48.40576],[-0.21971,48.40884],[-0.21981,48.40528],[-0.2161,48.40198],[-0.21651,48.40026],[-0.21399,48.39922],[-0.21271,48.39533],[-0.23239,48.38836],[-0.24223,48.38379],[-0.25274,48.37467]]]]}},{"type":"Feature","properties":{"code":"53086","nom":"La Croixille","departement":"53","region":"52"},"geometry":{"type":"MultiPolygon","coordinates":[[[[-1.08722,48.21013],[-1.08055,48.21817],[-1.08068,48.21963],[-1.04663,48.21509],[-1.03292,48.21183],[-1.01547,48.20584],[-1.00413,48.19774],[-0.99164,48.19399],[-0.99101,48.19165],[-0.99639,48.18265],[-1.0029,48.17987],[-1.00806,48.17441],[-1.00708,48.17329],[-1.01071,48.17259],[-1.01745,48.17453],[-1.02351,48.18034],[-1.04209,48.1848],[-1.05973,48.18684],[-1.06804,48.18548],[-1.07861,48.17995],[-1.07979,48.18246],[-1.07729,48.1924],[-1.08166,48.20478],[-1.08722,48.21013]]]]}},{"type":"Feature","properties":{"code":"53087","nom":"La Cropte","departement":"53","region":"52"},"geometry":{"type":"MultiPolygon","coordinates":[[[[-0.48688,47.97378],[-0.48045,47.97618],[-0.47456,47.9742],[-0.4607,47.97145],[-0.45793,47.96692],[-0.45636,47.96159],[-0.45789,47.96142],[-0.46426,47.96135],[-0.46538,47.95975],[-0.46864,47.95428],[-0.46832,47.94652],[-0.47068,47.94265],[-0.49645,47.932],[-0.50569,47.9372],[-0.51257,47.93742],[-0.52574,47.94113],[-0.52823,47.94289],[-0.52731,47.94944],[-0.52557,47.95317],[-0.51282,47.95807],[-0.51269,47.96033],[-0.5151,47.96257],[-0.51377,47.96448],[-0.50956,47.96616],[-0.50556,47.96515],[-0.49539,47.96842],[-0.48688,47.97378]]]]}},{"type":"Feature","properties":{"code":"53088","nom":"Cuillé","departement":"53","region":"52"},"geometry":{"type":"MultiPolygon","coordinates":[[[[-1.14859,47.96806],[-1.13432,47.96786],[-1.12907,47.97122],[-1.12651,47.97375],[-1.12662,47.98275],[-1.12519,47.98676],[-1.10906,47.9887],[-1.09876,47.9883],[-1.09779,47.98661],[-1.09604,47.98647],[-1.09296,47.98756],[-1.07891,47.98445],[-1.06817,47.98307],[-1.06331,47.97955],[-1.06078,47.97524],[-1.07178,47.96705],[-1.07896,47.96466],[-1.09281,47.96061],[-1.09458,47.95786],[-1.09621,47.95837],[-1.10016,47.95796],[-1.11488,47.95102],[-1.12719,47.94696],[-1.13357,47.9475],[-1.13363,47.94032],[-1.14238,47.93808],[-1.15995,47.93936],[-1.16156,47.95282],[-1.16052,47.95348],[-1.15653,47.96302],[-1.14859,47.96806]]]]}},{"type":"Feature","properties":{"code":"53089","nom":"Daon","departement":"53","region":"52"},"geometry":{"type":"MultiPolygon","coordinates":[[[[-0.58488,47.75891],[-0.58938,47.75552],[-0.59871,47.74455],[-0.61082,47.73569],[-0.63847,47.73595],[-0.64259,47.736],[-0.64598,47.73716],[-0.64383,47.73877],[-0.64387,47.74495],[-0.64604,47.75031],[-0.65417,47.76257],[-0.65799,47.76472],[-0.66307,47.76573],[-0.66939,47.76488],[-0.67597,47.76292],[-0.67965,47.76357],[-0.68192,47.76511],[-0.68068,47.76844],[-0.6706,47.77706],[-0.66644,47.77716],[-0.66223,47.77695],[-0.63705,47.77082],[-0.63102,47.77305],[-0.62946,47.77529],[-0.62509,47.77411],[-0.6011,47.77201],[-0.59869,47.7708],[-0.5877,47.76349],[-0.58488,47.75891]]]]}},{"type":"Feature","properties":{"code":"53090","nom":"Denazé","departement":"53","region":"52"},"geometry":{"type":"MultiPolygon","coordinates":[[[[-0.86999,47.85944],[-0.88303,47.85914],[-0.88828,47.86009],[-0.90005,47.87099],[-0.90328,47.8717],[-0.89986,47.87527],[-0.89381,47.87791],[-0.8934,47.88115],[-0.89794,47.88748],[-0.90317,47.88941],[-0.89538,47.90166],[-0.89215,47.90364],[-0.88787,47.90343],[-0.87322,47.8968],[-0.86727,47.88977],[-0.86659,47.88478],[-0.86703,47.87933],[-0.87306,47.87336],[-0.87457,47.86738],[-0.87408,47.86417],[-0.87154,47.86301],[-0.8715,47.86131],[-0.86999,47.85944]]]]}},{"type":"Feature","properties":{"code":"53091","nom":"Désertines","departement":"53","region":"52"},"geometry":{"type":"MultiPolygon","coordinates":[[[[-0.89581,48.49491],[-0.87997,48.49933],[-0.87221,48.49849],[-0.86724,48.49874],[-0.86028,48.50151],[-0.8492,48.49773],[-0.84012,48.49186],[-0.83491,48.48382],[-0.82646,48.47585],[-0.82395,48.47503],[-0.82109,48.47611],[-0.81473,48.47215],[-0.81829,48.46857],[-0.85898,48.46304],[-0.87019,48.46359],[-0.88564,48.46012],[-0.89076,48.4577],[-0.89296,48.4512],[-0.8991,48.44084],[-0.90129,48.43915],[-0.92103,48.4388],[-0.92587,48.43794],[-0.92419,48.44312],[-0.91859,48.45137],[-0.91692,48.45085],[-0.91097,48.46035],[-0.90556,48.48455],[-0.90194,48.4899],[-0.89581,48.49491]]]]}},{"type":"Feature","properties":{"code":"53093","nom":"La Dorée","departement":"53","region":"52"},"geometry":{"type":"MultiPolygon","coordinates":[[[[-0.91859,48.45137],[-0.92419,48.44312],[-0.92587,48.43794],[-0.93026,48.43771],[-0.93149,48.43943],[-0.94143,48.43668],[-0.95643,48.42352],[-0.96698,48.42808],[-0.97385,48.43271],[-0.97781,48.43727],[-0.99014,48.4406],[-0.99973,48.44178],[-1.011,48.44692],[-1.00435,48.46025],[-0.9942,48.47427],[-0.98409,48.46995],[-0.96784,48.46451],[-0.96061,48.46355],[-0.94855,48.45538],[-0.93677,48.45073],[-0.91859,48.45137]]]]}},{"type":"Feature","properties":{"code":"53094","nom":"Entrammes","departement":"53","region":"52"},"geometry":{"type":"MultiPolygon","coordinates":[[[[-0.69877,48.01611],[-0.69303,48.0122],[-0.6893,48.00051],[-0.68603,47.9949],[-0.68528,47.99054],[-0.68552,47.98613],[-0.69335,47.97516],[-0.69669,47.97369],[-0.69751,47.97184],[-0.69409,47.96531],[-0.6922,47.95527],[-0.69324,47.95323],[-0.69518,47.95201],[-0.70198,47.95038],[-0.71997,47.9486],[-0.71986,47.95011],[-0.72619,47.96176],[-0.72713,47.96623],[-0.72582,47.9755],[-0.72934,47.98153],[-0.72904,47.98255],[-0.73922,47.98596],[-0.74039,47.98855],[-0.73831,48.00226],[-0.73894,48.00849],[-0.74395,48.01789],[-0.74923,48.02443],[-0.74377,48.0285],[-0.73861,48.03374],[-0.73903,48.03464],[-0.73099,48.03518],[-0.72635,48.03638],[-0.7254,48.03565],[-0.71791,48.03053],[-0.71539,48.02585],[-0.71674,48.02117],[-0.71949,48.01784],[-0.70909,48.0142],[-0.70604,48.01423],[-0.69877,48.01611]]]]}},{"type":"Feature","properties":{"code":"53096","nom":"Ernée","departement":"53","region":"52"},"geometry":{"type":"MultiPolygon","coordinates":[[[[-0.98796,48.27812],[-0.98172,48.28107],[-0.97321,48.28296],[-0.96986,48.2893],[-0.97009,48.29165],[-0.98115,48.29499],[-0.98438,48.30077],[-0.98439,48.30345],[-0.98571,48.31023],[-0.9797,48.31473],[-0.96536,48.32043],[-0.95376,48.32234],[-0.94505,48.32285],[-0.94243,48.32365],[-0.94119,48.32547],[-0.90504,48.33641],[-0.89452,48.33733],[-0.87867,48.33505],[-0.87112,48.32694],[-0.87326,48.32599],[-0.87543,48.32635],[-0.87899,48.32563],[-0.88856,48.3239],[-0.89085,48.3075],[-0.88957,48.30415],[-0.89071,48.29892],[-0.90159,48.29151],[-0.91155,48.28653],[-0.9273,48.28595],[-0.93897,48.28734],[-0.94692,48.28641],[-0.95294,48.28418],[-0.95543,48.28204],[-0.9636,48.27003],[-0.96501,48.25345],[-0.97043,48.25698],[-0.98378,48.26322],[-0.99217,48.2686],[-0.98796,48.27812]]]]}},{"type":"Feature","properties":{"code":"53097","nom":"Évron","departement":"53","region":"52"},"geometry":{"type":"MultiPolygon","coordinates":[[[[-0.40445,48.10224],[-0.41452,48.10139],[-0.41563,48.10386],[-0.43393,48.10049],[-0.42958,48.11033],[-0.4291,48.1222],[-0.42977,48.12525],[-0.43954,48.11931],[-0.44682,48.11933],[-0.45339,48.12069],[-0.46232,48.12507],[-0.47605,48.1258],[-0.4873,48.12544],[-0.49138,48.12452],[-0.49331,48.12321],[-0.49407,48.11266],[-0.49935,48.11215],[-0.50701,48.11295],[-0.51399,48.11497],[-0.52031,48.11785],[-0.52221,48.11931],[-0.52661,48.13275],[-0.52219,48.13309],[-0.51069,48.14022],[-0.49383,48.14305],[-0.48588,48.14963],[-0.48413,48.15068],[-0.46622,48.153],[-0.4491,48.15719],[-0.45,48.15957],[-0.44127,48.16994],[-0.42359,48.17266],[-0.41439,48.1756],[-0.41133,48.18248],[-0.40871,48.1838],[-0.40633,48.1834],[-0.39235,48.18331],[-0.35424,48.16873],[-0.35192,48.16959],[-0.34429,48.15283],[-0.33654,48.14531],[-0.33826,48.14442],[-0.34374,48.13723],[-0.34058,48.13587],[-0.34346,48.13279],[-0.35556,48.13317],[-0.36736,48.13208],[-0.37196,48.11621],[-0.37679,48.11323],[-0.38253,48.11081],[-0.38848,48.10942],[-0.39119,48.10766],[-0.39668,48.10467],[-0.40445,48.10224]]]]}},{"type":"Feature","properties":{"code":"53098","nom":"Fontaine-Couverte","departement":"53","region":"52"},"geometry":{"type":"MultiPolygon","coordinates":[[[[-1.15524,47.88467],[-1.15846,47.89645],[-1.16596,47.90015],[-1.17603,47.89753],[-1.17684,47.90291],[-1.17543,47.9103],[-1.16837,47.91876],[-1.16557,47.92459],[-1.16731,47.93413],[-1.15995,47.93936],[-1.14238,47.93808],[-1.13363,47.94032],[-1.13397,47.93758],[-1.13081,47.93009],[-1.12696,47.92635],[-1.12144,47.92405],[-1.11474,47.92384],[-1.11093,47.92531],[-1.10749,47.92568],[-1.10243,47.92527],[-1.10325,47.92302],[-1.10113,47.91858],[-1.0981,47.91619],[-1.09745,47.91144],[-1.09997,47.90572],[-1.10199,47.90424],[-1.10822,47.90635],[-1.1108,47.90546],[-1.12765,47.89597],[-1.14418,47.88881],[-1.14253,47.88682],[-1.14527,47.8849],[-1.14753,47.88448],[-1.15315,47.8856],[-1.15524,47.88467]]]]}},{"type":"Feature","properties":{"code":"53100","nom":"Fougerolles-du-Plessis","departement":"53","region":"52"},"geometry":{"type":"MultiPolygon","coordinates":[[[[-0.9942,48.47427],[-1.0013,48.48139],[-1.00292,48.48535],[-1.00295,48.48909],[-0.98579,48.49374],[-0.97693,48.49299],[-0.97211,48.49474],[-0.96238,48.50355],[-0.96222,48.50694],[-0.96437,48.5111],[-0.96302,48.5131],[-0.95725,48.51614],[-0.95025,48.51591],[-0.94683,48.51445],[-0.94454,48.51456],[-0.93628,48.51511],[-0.92475,48.51336],[-0.92247,48.51219],[-0.92168,48.51048],[-0.9231,48.50604],[-0.92223,48.50299],[-0.91749,48.50013],[-0.90591,48.49674],[-0.89581,48.49491],[-0.90194,48.4899],[-0.90556,48.48455],[-0.91097,48.46035],[-0.91692,48.45085],[-0.91859,48.45137],[-0.93677,48.45073],[-0.94855,48.45538],[-0.96061,48.46355],[-0.96784,48.46451],[-0.98409,48.46995],[-0.9942,48.47427]]]]}},{"type":"Feature","properties":{"code":"53101","nom":"Fromentières","departement":"53","region":"52"},"geometry":{"type":"MultiPolygon","coordinates":[[[[-0.69087,47.89689],[-0.68912,47.89808],[-0.6836,47.89867],[-0.67569,47.89647],[-0.67049,47.88793],[-0.65018,47.89264],[-0.64081,47.88968],[-0.62775,47.87877],[-0.62564,47.87602],[-0.62681,47.87445],[-0.62499,47.868],[-0.62768,47.86507],[-0.62834,47.8647],[-0.64787,47.85976],[-0.65767,47.85801],[-0.66338,47.85585],[-0.67252,47.84622],[-0.69085,47.84524],[-0.70271,47.84681],[-0.69865,47.85079],[-0.69373,47.86215],[-0.69791,47.86978],[-0.70209,47.87121],[-0.70398,47.87275],[-0.70452,47.8757],[-0.70322,47.87871],[-0.70082,47.88108],[-0.69724,47.88575],[-0.69091,47.89145],[-0.68973,47.89553],[-0.69087,47.89689]]]]}},{"type":"Feature","properties":{"code":"53102","nom":"Gastines","departement":"53","region":"52"},"geometry":{"type":"MultiPolygon","coordinates":[[[[-1.09498,47.9385],[-1.10243,47.92527],[-1.10749,47.92568],[-1.11093,47.92531],[-1.11474,47.92384],[-1.12144,47.92405],[-1.12696,47.92635],[-1.13081,47.93009],[-1.13397,47.93758],[-1.13363,47.94032],[-1.13357,47.9475],[-1.12719,47.94696],[-1.11488,47.95102],[-1.10016,47.95796],[-1.09621,47.95837],[-1.09458,47.95786],[-1.09248,47.95687],[-1.08983,47.9488],[-1.09334,47.93987],[-1.09498,47.9385]]]]}},{"type":"Feature","properties":{"code":"53103","nom":"Le Genest-Saint-Isle","departement":"53","region":"52"},"geometry":{"type":"MultiPolygon","coordinates":[[[[-0.89551,48.07814],[-0.89698,48.08059],[-0.91051,48.08389],[-0.91898,48.08957],[-0.93238,48.09639],[-0.93342,48.09692],[-0.93285,48.09946],[-0.93539,48.1034],[-0.92711,48.10974],[-0.9142,48.11571],[-0.90992,48.12188],[-0.90602,48.12223],[-0.89472,48.12629],[-0.8857,48.12782],[-0.8691,48.12281],[-0.86516,48.11473],[-0.86007,48.11132],[-0.85813,48.1066],[-0.85997,48.1007],[-0.87216,48.09476],[-0.89217,48.09558],[-0.89028,48.09091],[-0.88641,48.08627],[-0.88674,48.08042],[-0.8906,48.07878],[-0.89551,48.07814]]]]}},{"type":"Feature","properties":{"code":"53104","nom":"Gennes-Longuefuye","departement":"53","region":"52"},"geometry":{"type":"MultiPolygon","coordinates":[[[[-0.57598,47.90413],[-0.57293,47.90151],[-0.56639,47.89911],[-0.56084,47.89399],[-0.55809,47.89023],[-0.55642,47.87801],[-0.55969,47.8759],[-0.56392,47.87699],[-0.56952,47.87732],[-0.57444,47.87452],[-0.57686,47.87136],[-0.56722,47.87224],[-0.56467,47.87117],[-0.56291,47.86853],[-0.5611,47.86102],[-0.55453,47.85468],[-0.5502,47.84496],[-0.55031,47.84232],[-0.54717,47.83649],[-0.5432,47.83288],[-0.53971,47.83182],[-0.54089,47.83083],[-0.54846,47.83021],[-0.55785,47.82467],[-0.56553,47.81738],[-0.58681,47.82035],[-0.59935,47.82614],[-0.61989,47.8242],[-0.62156,47.82476],[-0.62022,47.83304],[-0.63011,47.85262],[-0.62834,47.8647],[-0.62768,47.86507],[-0.62499,47.868],[-0.62681,47.87445],[-0.62564,47.87602],[-0.5967,47.89398],[-0.5808,47.90088],[-0.57888,47.90399],[-0.57858,47.90452],[-0.57598,47.90413]]]]}},{"type":"Feature","properties":{"code":"53105","nom":"Gesnes","departement":"53","region":"52"},"geometry":{"type":"MultiPolygon","coordinates":[[[[-0.57408,48.16106],[-0.5646,48.16044],[-0.56615,48.15034],[-0.56537,48.1381],[-0.56616,48.13557],[-0.56877,48.13468],[-0.59656,48.13986],[-0.61308,48.13592],[-0.6124,48.13799],[-0.61721,48.14473],[-0.61765,48.16623],[-0.60464,48.16711],[-0.60397,48.16578],[-0.59888,48.16321],[-0.59032,48.16069],[-0.57547,48.16054],[-0.57408,48.16106]]]]}},{"type":"Feature","properties":{"code":"53106","nom":"Gesvres","departement":"53","region":"52"},"geometry":{"type":"MultiPolygon","coordinates":[[[[-0.1222,48.33834],[-0.14814,48.34423],[-0.15892,48.35184],[-0.16516,48.35989],[-0.17011,48.364],[-0.17636,48.36775],[-0.18798,48.37301],[-0.20859,48.38773],[-0.21134,48.3906],[-0.21271,48.39533],[-0.21399,48.39922],[-0.21651,48.40026],[-0.2161,48.40198],[-0.21535,48.40281],[-0.20547,48.405],[-0.1971,48.40607],[-0.18566,48.40453],[-0.18277,48.40314],[-0.17237,48.38947],[-0.15708,48.38581],[-0.13453,48.38384],[-0.12859,48.3812],[-0.12224,48.3771],[-0.11231,48.37429],[-0.11523,48.36992],[-0.11843,48.3674],[-0.13667,48.36445],[-0.13755,48.36174],[-0.13379,48.34831],[-0.12533,48.34023],[-0.1222,48.33834]]]]}},{"type":"Feature","properties":{"code":"53107","nom":"Gorron","departement":"53","region":"52"},"geometry":{"type":"MultiPolygon","coordinates":[[[[-0.76495,48.42985],[-0.76575,48.43123],[-0.76853,48.43065],[-0.77967,48.42656],[-0.79315,48.40465],[-0.80683,48.40162],[-0.81211,48.39878],[-0.82489,48.40274],[-0.8398,48.41102],[-0.8295,48.41598],[-0.8289,48.41874],[-0.82991,48.42923],[-0.81826,48.42875],[-0.81065,48.43623],[-0.81164,48.4377],[-0.80195,48.43942],[-0.79008,48.43974],[-0.77854,48.4412],[-0.77399,48.44273],[-0.77134,48.44278],[-0.76636,48.4407],[-0.76474,48.43795],[-0.76269,48.43658],[-0.75908,48.43616],[-0.75654,48.43708],[-0.75408,48.43286],[-0.75481,48.43173],[-0.76495,48.42985]]]]}},{"type":"Feature","properties":{"code":"53108","nom":"La Gravelle","departement":"53","region":"52"},"geometry":{"type":"MultiPolygon","coordinates":[[[[-1.04934,48.08975],[-1.04501,48.09119],[-1.02419,48.09295],[-1.01743,48.09157],[-1.00837,48.08717],[-1.00683,48.08785],[-1.0047,48.08597],[-1.00772,48.07272],[-1.00591,48.07138],[-1.00765,48.06973],[-1.0174,48.07027],[-1.02826,48.06063],[-1.02836,48.06324],[-1.02294,48.06885],[-1.02538,48.06988],[-1.04079,48.0783],[-1.04934,48.08975]]]]}},{"type":"Feature","properties":{"code":"53109","nom":"Grazay","departement":"53","region":"52"},"geometry":{"type":"MultiPolygon","coordinates":[[[[-0.44154,48.28543],[-0.44117,48.28267],[-0.44278,48.2808],[-0.45169,48.27679],[-0.45983,48.27263],[-0.46887,48.2698],[-0.47931,48.267],[-0.48635,48.26668],[-0.49825,48.26741],[-0.50814,48.27285],[-0.50996,48.27525],[-0.51465,48.27642],[-0.50678,48.29446],[-0.49888,48.29445],[-0.48766,48.29611],[-0.47723,48.29908],[-0.46562,48.30521],[-0.45567,48.30873],[-0.4462,48.30326],[-0.44028,48.29775],[-0.43854,48.29288],[-0.44032,48.2909],[-0.44154,48.28543]]]]}},{"type":"Feature","properties":{"code":"53110","nom":"Grez-en-Bouère","departement":"53","region":"52"},"geometry":{"type":"MultiPolygon","coordinates":[[[[-0.53568,47.90399],[-0.5371,47.90156],[-0.53266,47.89434],[-0.52627,47.8933],[-0.51722,47.88875],[-0.50646,47.87811],[-0.50491,47.87326],[-0.50431,47.86872],[-0.50994,47.86239],[-0.51379,47.84536],[-0.51176,47.83429],[-0.51376,47.83116],[-0.51513,47.83059],[-0.52115,47.83057],[-0.53749,47.83248],[-0.53971,47.83182],[-0.5432,47.83288],[-0.54717,47.83649],[-0.55031,47.84232],[-0.5502,47.84496],[-0.55453,47.85468],[-0.5611,47.86102],[-0.56291,47.86853],[-0.56467,47.87117],[-0.56722,47.87224],[-0.57686,47.87136],[-0.57444,47.87452],[-0.56952,47.87732],[-0.56392,47.87699],[-0.55969,47.8759],[-0.55642,47.87801],[-0.55809,47.89023],[-0.56084,47.89399],[-0.56639,47.89911],[-0.57293,47.90151],[-0.57598,47.90413],[-0.57145,47.90861],[-0.56394,47.91034],[-0.53568,47.90399]]]]}},{"type":"Feature","properties":{"code":"53111","nom":"La Haie-Traversaine","departement":"53","region":"52"},"geometry":{"type":"MultiPolygon","coordinates":[[[[-0.60445,48.38073],[-0.59187,48.3812],[-0.58924,48.381],[-0.58844,48.3803],[-0.58818,48.37842],[-0.59488,48.36832],[-0.60214,48.36275],[-0.60603,48.35468],[-0.60017,48.35304],[-0.59626,48.34227],[-0.60172,48.33541],[-0.60396,48.33262],[-0.61825,48.33221],[-0.61945,48.33269],[-0.63162,48.34736],[-0.62694,48.3527],[-0.62868,48.36386],[-0.63099,48.36744],[-0.63162,48.37801],[-0.6301,48.38313],[-0.62041,48.38167],[-0.61273,48.37715],[-0.60926,48.37753],[-0.60445,48.38073]]]]}},{"type":"Feature","properties":{"code":"53112","nom":"Le Ham","departement":"53","region":"52"},"geometry":{"type":"MultiPolygon","coordinates":[[[[-0.38151,48.39418],[-0.37712,48.39731],[-0.37586,48.40072],[-0.37257,48.40459],[-0.36049,48.40011],[-0.34858,48.39391],[-0.33767,48.38588],[-0.32503,48.37909],[-0.31487,48.37949],[-0.30786,48.38132],[-0.30662,48.3805],[-0.30711,48.37518],[-0.30977,48.36428],[-0.3113,48.35556],[-0.31312,48.35122],[-0.31419,48.35102],[-0.31664,48.35773],[-0.32152,48.36111],[-0.32513,48.35946],[-0.33304,48.35336],[-0.34198,48.34898],[-0.35099,48.35015],[-0.36302,48.35341],[-0.37008,48.35427],[-0.37187,48.35385],[-0.37485,48.35466],[-0.38682,48.36068],[-0.39217,48.36479],[-0.39411,48.3687],[-0.39741,48.37755],[-0.39717,48.38179],[-0.38933,48.38686],[-0.38248,48.38918],[-0.37945,48.39179],[-0.38151,48.39418]]]]}},{"type":"Feature","properties":{"code":"53113","nom":"Hambers","departement":"53","region":"52"},"geometry":{"type":"MultiPolygon","coordinates":[[[[-0.46453,48.2327],[-0.46019,48.23907],[-0.44976,48.24648],[-0.44798,48.25316],[-0.45128,48.25961],[-0.45086,48.27561],[-0.45169,48.27679],[-0.44278,48.2808],[-0.44117,48.28267],[-0.44154,48.28543],[-0.43189,48.2851],[-0.43012,48.28692],[-0.41604,48.28523],[-0.40641,48.28047],[-0.40434,48.2769],[-0.39794,48.27166],[-0.39382,48.26646],[-0.39343,48.25848],[-0.39572,48.25241],[-0.39748,48.23955],[-0.39027,48.23286],[-0.39988,48.2294],[-0.42261,48.22855],[-0.42881,48.22482],[-0.42732,48.22187],[-0.42815,48.22144],[-0.436,48.22219],[-0.44593,48.22486],[-0.46453,48.2327]]]]}},{"type":"Feature","properties":{"code":"53114","nom":"Hardanges","departement":"53","region":"52"},"geometry":{"type":"MultiPolygon","coordinates":[[[[-0.40433,48.31226],[-0.40911,48.31812],[-0.41546,48.32936],[-0.42494,48.33223],[-0.43597,48.33078],[-0.44141,48.33804],[-0.44355,48.35295],[-0.44787,48.35646],[-0.4488,48.35936],[-0.44042,48.35723],[-0.43459,48.35699],[-0.40878,48.35798],[-0.38682,48.36068],[-0.37485,48.35466],[-0.37187,48.35385],[-0.36947,48.35336],[-0.37894,48.32719],[-0.39034,48.31982],[-0.39358,48.31889],[-0.39427,48.31667],[-0.39521,48.31559],[-0.40433,48.31226]]]]}},{"type":"Feature","properties":{"code":"53115","nom":"Hercé","departement":"53","region":"52"},"geometry":{"type":"MultiPolygon","coordinates":[[[[-0.82991,48.42923],[-0.8289,48.41874],[-0.8295,48.41598],[-0.8398,48.41102],[-0.84295,48.40913],[-0.85002,48.40918],[-0.86539,48.40703],[-0.8729,48.40814],[-0.87717,48.41152],[-0.86876,48.4223],[-0.87115,48.42792],[-0.88488,48.42475],[-0.88531,48.42201],[-0.89374,48.42083],[-0.89739,48.43017],[-0.89871,48.43693],[-0.89415,48.43774],[-0.88606,48.4363],[-0.88123,48.43422],[-0.87538,48.4329],[-0.87064,48.43299],[-0.86469,48.436],[-0.858,48.43731],[-0.8574,48.43666],[-0.8481,48.43214],[-0.83828,48.42991],[-0.82991,48.42923]]]]}},{"type":"Feature","properties":{"code":"53116","nom":"Le Horps","departement":"53","region":"52"},"geometry":{"type":"MultiPolygon","coordinates":[[[[-0.49449,48.38482],[-0.49424,48.38628],[-0.49779,48.38963],[-0.49833,48.39256],[-0.49587,48.3971],[-0.49602,48.39854],[-0.49996,48.40431],[-0.50214,48.40496],[-0.49763,48.40812],[-0.48753,48.40602],[-0.48069,48.40611],[-0.46954,48.4087],[-0.46823,48.41391],[-0.45533,48.41726],[-0.44508,48.41881],[-0.44299,48.41743],[-0.44435,48.41614],[-0.43431,48.40762],[-0.42722,48.4036],[-0.42965,48.40025],[-0.42862,48.39772],[-0.43115,48.39354],[-0.43594,48.38913],[-0.44802,48.38271],[-0.44161,48.36685],[-0.44354,48.36429],[-0.44899,48.36052],[-0.466,48.35968],[-0.48354,48.35669],[-0.48545,48.36005],[-0.48621,48.3642],[-0.48179,48.37114],[-0.48116,48.3797],[-0.4832,48.38218],[-0.49449,48.38482]]]]}},{"type":"Feature","properties":{"code":"53117","nom":"Houssay","departement":"53","region":"52"},"geometry":{"type":"MultiPolygon","coordinates":[[[[-0.71466,47.93221],[-0.72361,47.93222],[-0.73213,47.92303],[-0.73165,47.92071],[-0.72695,47.9146],[-0.72259,47.91177],[-0.71921,47.91085],[-0.72291,47.90328],[-0.74564,47.88558],[-0.75248,47.8867],[-0.76512,47.89121],[-0.76789,47.89128],[-0.77823,47.90105],[-0.77038,47.9021],[-0.76646,47.90471],[-0.76003,47.91038],[-0.75937,47.91655],[-0.76073,47.919],[-0.75025,47.9279],[-0.74379,47.92793],[-0.74201,47.92925],[-0.74172,47.93063],[-0.74278,47.93381],[-0.74042,47.93717],[-0.73241,47.93927],[-0.72685,47.93897],[-0.71583,47.93502],[-0.71466,47.93221]]]]}},{"type":"Feature","properties":{"code":"53118","nom":"Le Housseau-Brétignolles","departement":"53","region":"52"},"geometry":{"type":"MultiPolygon","coordinates":[[[[-0.53491,48.49158],[-0.52693,48.48653],[-0.51968,48.48423],[-0.51744,48.4822],[-0.5198,48.4711],[-0.51534,48.46809],[-0.51652,48.46389],[-0.51313,48.46116],[-0.51393,48.45882],[-0.52311,48.45445],[-0.53993,48.45761],[-0.5472,48.45966],[-0.54985,48.46346],[-0.56518,48.46567],[-0.57172,48.46899],[-0.56428,48.47688],[-0.55191,48.4732],[-0.54551,48.48258],[-0.53908,48.48665],[-0.53491,48.49158]]]]}},{"type":"Feature","properties":{"code":"53119","nom":"L'Huisserie","departement":"53","region":"52"},"geometry":{"type":"MultiPolygon","coordinates":[[[[-0.74923,48.02443],[-0.74395,48.01789],[-0.73894,48.00849],[-0.73831,48.00226],[-0.74039,47.98855],[-0.74634,47.98881],[-0.76203,47.99413],[-0.76839,48.00056],[-0.78362,48.00937],[-0.79095,48.01778],[-0.79504,48.02762],[-0.80096,48.03523],[-0.80051,48.03615],[-0.77132,48.04059],[-0.76736,48.04003],[-0.7618,48.03869],[-0.75848,48.03624],[-0.74923,48.02443]]]]}},{"type":"Feature","properties":{"code":"53120","nom":"Izé","departement":"53","region":"52"},"geometry":{"type":"MultiPolygon","coordinates":[[[[-0.3279,48.18703],[-0.32532,48.19585],[-0.32508,48.19944],[-0.3266,48.20306],[-0.34406,48.22195],[-0.34049,48.22365],[-0.33405,48.2296],[-0.33012,48.23508],[-0.32917,48.23726],[-0.33037,48.23782],[-0.32734,48.24355],[-0.3133,48.25684],[-0.31235,48.25672],[-0.30696,48.25636],[-0.30291,48.25997],[-0.30112,48.26008],[-0.30017,48.25752],[-0.28739,48.241],[-0.2843,48.23906],[-0.27871,48.23815],[-0.2757,48.23938],[-0.2795,48.24368],[-0.27943,48.24501],[-0.27524,48.25059],[-0.27397,48.251],[-0.26053,48.24934],[-0.25388,48.23711],[-0.25312,48.23196],[-0.25462,48.22873],[-0.26337,48.22443],[-0.26943,48.22437],[-0.27805,48.21893],[-0.283,48.21445],[-0.28432,48.21235],[-0.27401,48.20147],[-0.28132,48.19768],[-0.29398,48.1995],[-0.30092,48.19919],[-0.3063,48.19789],[-0.31237,48.19316],[-0.3279,48.18703]]]]}},{"type":"Feature","properties":{"code":"53121","nom":"Javron-les-Chapelles","departement":"53","region":"52"},"geometry":{"type":"MultiPolygon","coordinates":[[[[-0.30243,48.38475],[-0.30493,48.38382],[-0.30786,48.38132],[-0.31487,48.37949],[-0.32503,48.37909],[-0.33767,48.38588],[-0.34858,48.39391],[-0.36049,48.40011],[-0.37257,48.40459],[-0.36798,48.41109],[-0.3674,48.4168],[-0.37234,48.43391],[-0.37489,48.43903],[-0.36439,48.44541],[-0.36113,48.44873],[-0.35655,48.46245],[-0.35322,48.46548],[-0.34689,48.46741],[-0.34068,48.46815],[-0.33837,48.46498],[-0.3362,48.46552],[-0.33467,48.46507],[-0.33123,48.43901],[-0.32363,48.43468],[-0.31497,48.43469],[-0.30278,48.43898],[-0.29637,48.44292],[-0.28534,48.43386],[-0.27656,48.41737],[-0.2784,48.41467],[-0.28239,48.41288],[-0.30037,48.41125],[-0.29707,48.40346],[-0.30777,48.39444],[-0.30243,48.38475]]]]}},{"type":"Feature","properties":{"code":"53122","nom":"Jublains","departement":"53","region":"52"},"geometry":{"type":"MultiPolygon","coordinates":[[[[-0.54025,48.27054],[-0.53893,48.27348],[-0.52768,48.27856],[-0.51613,48.27585],[-0.51465,48.27642],[-0.50996,48.27525],[-0.50814,48.27285],[-0.49825,48.26741],[-0.48635,48.26668],[-0.47931,48.267],[-0.46887,48.2698],[-0.45983,48.27263],[-0.45169,48.27679],[-0.45086,48.27561],[-0.45128,48.25961],[-0.44798,48.25316],[-0.44976,48.24648],[-0.46019,48.23907],[-0.46453,48.2327],[-0.47311,48.22304],[-0.48701,48.21468],[-0.50416,48.21073],[-0.50678,48.2099],[-0.51104,48.21141],[-0.52755,48.21981],[-0.53634,48.22221],[-0.54148,48.22597],[-0.54078,48.23319],[-0.54179,48.23813],[-0.54362,48.2402],[-0.53172,48.24837],[-0.53217,48.25254],[-0.53995,48.26813],[-0.54025,48.27054]]]]}},{"type":"Feature","properties":{"code":"53123","nom":"Juvigné","departement":"53","region":"52"},"geometry":{"type":"MultiPolygon","coordinates":[[[[-1.08068,48.21963],[-1.09073,48.23669],[-1.10005,48.25761],[-1.09885,48.26753],[-1.09999,48.26847],[-1.0936,48.27293],[-1.08271,48.27473],[-1.0811,48.27303],[-1.06746,48.26803],[-1.04062,48.26426],[-1.03422,48.25815],[-1.03252,48.25433],[-1.02461,48.25248],[-1.01655,48.25396],[-1.00354,48.26173],[-0.99478,48.26843],[-0.99217,48.2686],[-0.98378,48.26322],[-0.97043,48.25698],[-0.96501,48.25345],[-0.96344,48.25289],[-0.95936,48.25038],[-0.9556,48.24019],[-0.95802,48.21721],[-0.95396,48.20004],[-0.96434,48.19878],[-0.98349,48.19535],[-0.98712,48.19409],[-0.99164,48.19399],[-1.00413,48.19774],[-1.01547,48.20584],[-1.03292,48.21183],[-1.04663,48.21509],[-1.08068,48.21963]]]]}},{"type":"Feature","properties":{"code":"53124","nom":"Prée-d'Anjou","departement":"53","region":"52"},"geometry":{"type":"MultiPolygon","coordinates":[[[[-0.78173,47.81632],[-0.79793,47.80482],[-0.80666,47.79612],[-0.81351,47.78658],[-0.80931,47.77818],[-0.80981,47.77469],[-0.81087,47.7725],[-0.81613,47.77126],[-0.83537,47.76971],[-0.83682,47.77776],[-0.84231,47.77917],[-0.84688,47.78889],[-0.84439,47.78915],[-0.83983,47.79168],[-0.84057,47.80127],[-0.84521,47.81045],[-0.8502,47.81339],[-0.85355,47.81331],[-0.85295,47.81663],[-0.85838,47.82353],[-0.86664,47.83366],[-0.87426,47.83958],[-0.87576,47.84417],[-0.87554,47.84909],[-0.87251,47.85675],[-0.86999,47.85944],[-0.8715,47.86131],[-0.87154,47.86301],[-0.86331,47.8622],[-0.85553,47.86459],[-0.84559,47.87051],[-0.83574,47.87277],[-0.82434,47.86158],[-0.81369,47.85393],[-0.81141,47.84782],[-0.81116,47.83923],[-0.8081,47.83062],[-0.79764,47.83119],[-0.79552,47.83478],[-0.78901,47.83649],[-0.78129,47.83666],[-0.77672,47.83594],[-0.77271,47.83662],[-0.77214,47.8342],[-0.77682,47.82805],[-0.78047,47.82131],[-0.78173,47.81632]]]]}},{"type":"Feature","properties":{"code":"53125","nom":"Landivy","departement":"53","region":"52"},"geometry":{"type":"MultiPolygon","coordinates":[[[[-0.9942,48.47427],[-1.00435,48.46025],[-1.011,48.44692],[-1.0135,48.44692],[-1.01651,48.45005],[-1.02714,48.45337],[-1.03428,48.45454],[-1.04617,48.45355],[-1.06024,48.44959],[-1.06257,48.44825],[-1.06523,48.45142],[-1.06706,48.46021],[-1.07549,48.48283],[-1.07728,48.49294],[-1.07584,48.49868],[-1.07008,48.50882],[-1.06869,48.51026],[-1.06215,48.51169],[-1.06121,48.51558],[-1.05671,48.51356],[-1.05503,48.51112],[-1.04776,48.50747],[-1.0375,48.5043],[-1.01172,48.49302],[-1.00295,48.48909],[-1.00292,48.48535],[-1.0013,48.48139],[-0.9942,48.47427]]]]}},{"type":"Feature","properties":{"code":"53126","nom":"Larchamp","departement":"53","region":"52"},"geometry":{"type":"MultiPolygon","coordinates":[[[[-0.96536,48.32043],[-0.97507,48.32506],[-0.98207,48.32594],[-0.98614,48.32471],[-0.98922,48.32258],[-0.99223,48.31839],[-0.99782,48.31743],[-1.00037,48.31771],[-1.00377,48.32033],[-1.00411,48.32194],[-1.00859,48.32465],[-1.01477,48.32659],[-1.02586,48.32721],[-1.03488,48.32989],[-1.03709,48.33146],[-1.03868,48.33539],[-1.05598,48.34115],[-1.06508,48.36731],[-1.05707,48.37915],[-1.05423,48.37912],[-1.05412,48.38094],[-1.05302,48.38097],[-1.04923,48.38081],[-1.04783,48.37902],[-1.03972,48.37976],[-1.02983,48.37901],[-1.00582,48.36979],[-0.99269,48.37071],[-0.98286,48.36968],[-0.97824,48.36522],[-0.96739,48.36423],[-0.96271,48.36497],[-0.95425,48.36389],[-0.95068,48.35958],[-0.94922,48.35512],[-0.94626,48.35212],[-0.94446,48.33873],[-0.94119,48.32547],[-0.94243,48.32365],[-0.94505,48.32285],[-0.95376,48.32234],[-0.96536,48.32043]]]]}},{"type":"Feature","properties":{"code":"53127","nom":"Lassay-les-Châteaux","departement":"53","region":"52"},"geometry":{"type":"MultiPolygon","coordinates":[[[[-0.44299,48.41743],[-0.44508,48.41881],[-0.45533,48.41726],[-0.46823,48.41391],[-0.46954,48.4087],[-0.48069,48.40611],[-0.48753,48.40602],[-0.49763,48.40812],[-0.50214,48.40496],[-0.51087,48.40823],[-0.51615,48.41148],[-0.51681,48.41632],[-0.52141,48.41809],[-0.54565,48.41886],[-0.55196,48.42265],[-0.56392,48.43293],[-0.57141,48.43667],[-0.57418,48.43742],[-0.57989,48.43588],[-0.584,48.44014],[-0.58654,48.44686],[-0.58299,48.44961],[-0.58304,48.45345],[-0.58698,48.4619],[-0.5888,48.46361],[-0.59464,48.4664],[-0.59477,48.46967],[-0.59322,48.47085],[-0.58598,48.47208],[-0.57287,48.4686],[-0.57172,48.46899],[-0.56518,48.46567],[-0.54985,48.46346],[-0.5472,48.45966],[-0.53993,48.45761],[-0.52311,48.45445],[-0.51393,48.45882],[-0.51313,48.46116],[-0.50983,48.46033],[-0.49402,48.45923],[-0.47897,48.45509],[-0.46966,48.45159],[-0.45737,48.46259],[-0.45385,48.47028],[-0.45383,48.47322],[-0.45159,48.47824],[-0.44733,48.48202],[-0.4383,48.48514],[-0.42487,48.48626],[-0.42322,48.48145],[-0.42424,48.47243],[-0.42652,48.47098],[-0.42796,48.46791],[-0.4238,48.4622],[-0.41708,48.45671],[-0.41969,48.45319],[-0.4367,48.45035],[-0.44056,48.44652],[-0.44114,48.44237],[-0.43147,48.43527],[-0.43507,48.433],[-0.44083,48.41953],[-0.44299,48.41743]]]]}},{"type":"Feature","properties":{"code":"53128","nom":"Laubrières","departement":"53","region":"52"},"geometry":{"type":"MultiPolygon","coordinates":[[[[-1.07896,47.96466],[-1.06849,47.96142],[-1.05644,47.96219],[-1.05314,47.9594],[-1.05507,47.9576],[-1.05454,47.9555],[-1.04691,47.94675],[-1.04619,47.94332],[-1.0517,47.9309],[-1.05873,47.93741],[-1.06654,47.93904],[-1.07339,47.9383],[-1.07566,47.93621],[-1.09498,47.9385],[-1.09334,47.93987],[-1.08983,47.9488],[-1.09248,47.95687],[-1.09458,47.95786],[-1.09281,47.96061],[-1.07896,47.96466]]]]}},{"type":"Feature","properties":{"code":"53129","nom":"Launay-Villiers","departement":"53","region":"52"},"geometry":{"type":"MultiPolygon","coordinates":[[[[-0.97737,48.12875],[-0.98486,48.11741],[-1.00597,48.11976],[-1.03914,48.12944],[-1.03612,48.14159],[-1.02689,48.14961],[-1.01691,48.15503],[-1.01462,48.15385],[-1.01524,48.15077],[-1.0128,48.14574],[-1.0047,48.13972],[-0.99931,48.13653],[-0.98466,48.13203],[-0.97737,48.12875]]]]}},{"type":"Feature","properties":{"code":"53130","nom":"Laval","departement":"53","region":"52"},"geometry":{"type":"MultiPolygon","coordinates":[[[[-0.77132,48.04059],[-0.80051,48.03615],[-0.80398,48.03595],[-0.805,48.03654],[-0.80298,48.04011],[-0.81187,48.03967],[-0.81248,48.04093],[-0.79647,48.05393],[-0.80372,48.0573],[-0.80593,48.05942],[-0.80602,48.06262],[-0.80254,48.06866],[-0.80251,48.0687],[-0.80247,48.06875],[-0.80463,48.07638],[-0.81001,48.07759],[-0.81521,48.08045],[-0.81768,48.08349],[-0.81715,48.08476],[-0.77915,48.08895],[-0.77733,48.08981],[-0.77602,48.08856],[-0.77172,48.09032],[-0.76821,48.09082],[-0.76314,48.08809],[-0.75666,48.08599],[-0.7565,48.08595],[-0.75206,48.08681],[-0.74766,48.08489],[-0.74558,48.08593],[-0.7283,48.08693],[-0.73035,48.08245],[-0.73571,48.07888],[-0.73663,48.07602],[-0.7352,48.07321],[-0.74164,48.06871],[-0.74126,48.06794],[-0.73851,48.06958],[-0.73522,48.06924],[-0.72406,48.06434],[-0.72001,48.06047],[-0.71755,48.05608],[-0.72423,48.04404],[-0.72704,48.03816],[-0.72635,48.03638],[-0.73099,48.03518],[-0.73903,48.03464],[-0.73861,48.03374],[-0.74377,48.0285],[-0.74923,48.02443],[-0.75848,48.03624],[-0.7618,48.03869],[-0.76736,48.04003],[-0.77132,48.04059]]]]}},{"type":"Feature","properties":{"code":"53133","nom":"Lignières-Orgères","departement":"53","region":"52"},"geometry":{"type":"MultiPolygon","coordinates":[[[[-0.27147,48.50741],[-0.26859,48.51708],[-0.2655,48.52295],[-0.24748,48.5304],[-0.24147,48.53711],[-0.24621,48.54267],[-0.2584,48.55103],[-0.25761,48.55202],[-0.24757,48.56466],[-0.24264,48.56799],[-0.23435,48.56234],[-0.23239,48.56177],[-0.2232,48.56091],[-0.20618,48.56185],[-0.19617,48.55603],[-0.19399,48.55479],[-0.19189,48.55166],[-0.18908,48.54844],[-0.16856,48.53705],[-0.14437,48.52773],[-0.1455,48.52478],[-0.16179,48.51814],[-0.16686,48.51477],[-0.16957,48.51211],[-0.17159,48.50823],[-0.17209,48.50213],[-0.19588,48.49896],[-0.20972,48.49885],[-0.21072,48.49984],[-0.21283,48.49823],[-0.21592,48.49822],[-0.22307,48.49939],[-0.22512,48.50046],[-0.22735,48.50402],[-0.22739,48.50976],[-0.22911,48.51372],[-0.24228,48.50949],[-0.26454,48.50665],[-0.26982,48.50499],[-0.27147,48.50741]]]]}},{"type":"Feature","properties":{"code":"53134","nom":"Livet","departement":"53","region":"52"},"geometry":{"type":"MultiPolygon","coordinates":[[[[-0.43393,48.10049],[-0.45151,48.0991],[-0.48538,48.09857],[-0.48662,48.10398],[-0.49407,48.11266],[-0.49331,48.12321],[-0.49138,48.12452],[-0.4873,48.12544],[-0.47605,48.1258],[-0.46232,48.12507],[-0.45339,48.12069],[-0.44682,48.11933],[-0.43954,48.11931],[-0.42977,48.12525],[-0.4291,48.1222],[-0.42958,48.11033],[-0.43393,48.10049]]]]}},{"type":"Feature","properties":{"code":"53135","nom":"Livré-la-Touche","departement":"53","region":"52"},"geometry":{"type":"MultiPolygon","coordinates":[[[[-0.95262,47.91046],[-0.95312,47.90962],[-0.95819,47.90846],[-0.96217,47.90657],[-0.96385,47.89264],[-0.96746,47.8826],[-0.968,47.87707],[-0.96507,47.8634],[-0.9654,47.86006],[-0.97303,47.8552],[-0.97643,47.85445],[-0.98185,47.85664],[-0.99038,47.86072],[-0.99829,47.86154],[-1.00979,47.86158],[-1.01067,47.86214],[-1.03726,47.8718],[-1.03746,47.87303],[-1.03104,47.88654],[-1.02369,47.8946],[-1.01163,47.90423],[-1.01098,47.91656],[-1.01213,47.91901],[-1.01035,47.91872],[-1.00135,47.9201],[-0.99302,47.92221],[-0.98579,47.92665],[-0.98448,47.92676],[-0.97777,47.92493],[-0.97021,47.92018],[-0.96554,47.91522],[-0.95262,47.91046]]]]}},{"type":"Feature","properties":{"code":"53136","nom":"La Roche-Neuville","departement":"53","region":"52"},"geometry":{"type":"MultiPolygon","coordinates":[[[[-0.77272,47.88746],[-0.76984,47.88896],[-0.76789,47.89128],[-0.76512,47.89121],[-0.75248,47.8867],[-0.74564,47.88558],[-0.72291,47.90328],[-0.71921,47.91085],[-0.71008,47.90953],[-0.70434,47.90681],[-0.69087,47.89689],[-0.68973,47.89553],[-0.69091,47.89145],[-0.69724,47.88575],[-0.70082,47.88108],[-0.70322,47.87871],[-0.70452,47.8757],[-0.70398,47.87275],[-0.70209,47.87121],[-0.69791,47.86978],[-0.69373,47.86215],[-0.69865,47.85079],[-0.70271,47.84681],[-0.7041,47.84398],[-0.70758,47.84425],[-0.71681,47.84936],[-0.71923,47.85055],[-0.73834,47.85441],[-0.74298,47.85305],[-0.75119,47.8522],[-0.76796,47.85685],[-0.77377,47.86597],[-0.78294,47.87414],[-0.78081,47.87766],[-0.77862,47.87686],[-0.77605,47.87717],[-0.77281,47.87867],[-0.76925,47.88472],[-0.77272,47.88746]]]]}},{"type":"Feature","properties":{"code":"53137","nom":"Loiron-Ruillé","departement":"53","region":"52"},"geometry":{"type":"MultiPolygon","coordinates":[[[[-1.00765,48.06973],[-1.00591,48.07138],[-1.00181,48.07039],[-0.99964,48.07149],[-0.9999,48.07221],[-0.99195,48.0762],[-0.97144,48.07627],[-0.95308,48.07187],[-0.93367,48.09627],[-0.93238,48.09639],[-0.91898,48.08957],[-0.91051,48.08389],[-0.89698,48.08059],[-0.89551,48.07814],[-0.89137,48.0684],[-0.88771,48.06616],[-0.87971,48.06345],[-0.87638,48.05993],[-0.88278,48.059],[-0.88842,48.05014],[-0.89404,48.04474],[-0.90136,48.04131],[-0.90966,48.03527],[-0.91803,48.03406],[-0.9277,48.03474],[-0.93718,48.02937],[-0.95658,48.02879],[-0.96436,48.03049],[-0.97392,48.03503],[-0.97993,48.04499],[-0.99123,48.05404],[-0.99674,48.0607],[-1.00765,48.06973]]]]}},{"type":"Feature","properties":{"code":"53139","nom":"Loupfougères","departement":"53","region":"52"},"geometry":{"type":"MultiPolygon","coordinates":[[[[-0.31419,48.35102],[-0.31442,48.34783],[-0.31579,48.34547],[-0.32581,48.34017],[-0.33976,48.30808],[-0.35179,48.3096],[-0.36205,48.30908],[-0.38078,48.31126],[-0.38498,48.31236],[-0.39427,48.31667],[-0.39358,48.31889],[-0.39034,48.31982],[-0.37894,48.32719],[-0.36947,48.35336],[-0.37187,48.35385],[-0.37008,48.35427],[-0.36302,48.35341],[-0.35099,48.35015],[-0.34198,48.34898],[-0.33304,48.35336],[-0.32513,48.35946],[-0.32152,48.36111],[-0.31664,48.35773],[-0.31419,48.35102]]]]}},{"type":"Feature","properties":{"code":"53140","nom":"Louverné","departement":"53","region":"52"},"geometry":{"type":"MultiPolygon","coordinates":[[[[-0.73827,48.12224],[-0.72872,48.13241],[-0.72674,48.13678],[-0.72566,48.14147],[-0.72896,48.14217],[-0.73123,48.14368],[-0.73078,48.14538],[-0.72076,48.15168],[-0.71046,48.15457],[-0.69898,48.15605],[-0.69744,48.15613],[-0.68722,48.15215],[-0.68175,48.15204],[-0.68432,48.14146],[-0.68956,48.12778],[-0.689,48.11755],[-0.69285,48.10938],[-0.6913,48.10747],[-0.68737,48.10582],[-0.70167,48.10021],[-0.71259,48.10074],[-0.71648,48.10165],[-0.71939,48.10073],[-0.72335,48.09773],[-0.72396,48.0948],[-0.72327,48.09414],[-0.73509,48.09637],[-0.74368,48.10621],[-0.73827,48.12224]]]]}},{"type":"Feature","properties":{"code":"53141","nom":"Louvigné","departement":"53","region":"52"},"geometry":{"type":"MultiPolygon","coordinates":[[[[-0.64025,48.03522],[-0.64848,48.03785],[-0.65806,48.03886],[-0.65914,48.03837],[-0.66594,48.05565],[-0.66609,48.06285],[-0.66025,48.06677],[-0.65846,48.06704],[-0.65724,48.0685],[-0.64617,48.06449],[-0.63886,48.06397],[-0.63506,48.06467],[-0.62052,48.07095],[-0.61719,48.07163],[-0.61164,48.0723],[-0.6034,48.07068],[-0.60537,48.0608],[-0.61068,48.0552],[-0.6076,48.04492],[-0.60781,48.04418],[-0.61128,48.04276],[-0.61695,48.04449],[-0.62752,48.04382],[-0.63499,48.04126],[-0.64025,48.03522]]]]}},{"type":"Feature","properties":{"code":"53142","nom":"Madré","departement":"53","region":"52"},"geometry":{"type":"MultiPolygon","coordinates":[[[[-0.37489,48.43903],[-0.37841,48.43886],[-0.38216,48.43984],[-0.38572,48.44308],[-0.39203,48.44973],[-0.39756,48.45962],[-0.39812,48.46023],[-0.4001,48.46132],[-0.40195,48.46465],[-0.39718,48.47872],[-0.39742,48.48777],[-0.39307,48.50109],[-0.38338,48.49755],[-0.37578,48.49622],[-0.37242,48.49612],[-0.36861,48.4945],[-0.36769,48.49299],[-0.36896,48.49261],[-0.36867,48.48803],[-0.35316,48.48372],[-0.34299,48.47363],[-0.33961,48.46893],[-0.34068,48.46815],[-0.34689,48.46741],[-0.35322,48.46548],[-0.35655,48.46245],[-0.36113,48.44873],[-0.36439,48.44541],[-0.37489,48.43903]]]]}},{"type":"Feature","properties":{"code":"53143","nom":"Maisoncelles-du-Maine","departement":"53","region":"52"},"geometry":{"type":"MultiPolygon","coordinates":[[[[-0.6672,47.94876],[-0.6776,47.94722],[-0.68563,47.94833],[-0.68735,47.95146],[-0.6922,47.95527],[-0.69409,47.96531],[-0.69751,47.97184],[-0.69669,47.97369],[-0.69335,47.97516],[-0.68833,47.97292],[-0.68342,47.97247],[-0.67276,47.97927],[-0.66314,47.9814],[-0.65148,47.98814],[-0.64526,47.98969],[-0.6428,47.98736],[-0.63272,47.98142],[-0.62721,47.97956],[-0.61782,47.97903],[-0.6173,47.97771],[-0.61845,47.9745],[-0.62797,47.9753],[-0.63269,47.9726],[-0.63548,47.96808],[-0.63526,47.9656],[-0.63403,47.96434],[-0.64155,47.95374],[-0.64666,47.95168],[-0.65177,47.95191],[-0.66642,47.94942],[-0.6672,47.94876]]]]}},{"type":"Feature","properties":{"code":"53144","nom":"Marcillé-la-Ville","departement":"53","region":"52"},"geometry":{"type":"MultiPolygon","coordinates":[[[[-0.45567,48.30873],[-0.46562,48.30521],[-0.47723,48.29908],[-0.48766,48.29611],[-0.49888,48.29445],[-0.50678,48.29446],[-0.50699,48.29666],[-0.51588,48.29891],[-0.51772,48.30062],[-0.51912,48.30396],[-0.52105,48.31495],[-0.52175,48.33213],[-0.52107,48.33399],[-0.49678,48.33276],[-0.49323,48.33401],[-0.48195,48.34886],[-0.4821,48.35309],[-0.48354,48.35669],[-0.466,48.35968],[-0.44899,48.36052],[-0.4488,48.35936],[-0.44787,48.35646],[-0.44355,48.35295],[-0.45461,48.341],[-0.4506,48.33561],[-0.44898,48.32313],[-0.44312,48.31206],[-0.45272,48.30945],[-0.45405,48.30966],[-0.45567,48.30873]]]]}},{"type":"Feature","properties":{"code":"53145","nom":"Marigné-Peuton","departement":"53","region":"52"},"geometry":{"type":"MultiPolygon","coordinates":[[[[-0.78294,47.87414],[-0.77377,47.86597],[-0.76796,47.85685],[-0.76692,47.85374],[-0.77281,47.85317],[-0.77487,47.85068],[-0.77537,47.83978],[-0.77271,47.83662],[-0.77672,47.83594],[-0.78129,47.83666],[-0.78901,47.83649],[-0.79552,47.83478],[-0.79764,47.83119],[-0.8081,47.83062],[-0.81116,47.83923],[-0.81141,47.84782],[-0.81369,47.85393],[-0.82434,47.86158],[-0.83574,47.87277],[-0.83108,47.87938],[-0.78879,47.8776],[-0.78294,47.87414]]]]}},{"type":"Feature","properties":{"code":"53146","nom":"Martigné-sur-Mayenne","departement":"53","region":"52"},"geometry":{"type":"MultiPolygon","coordinates":[[[[-0.6767,48.17286],[-0.68225,48.18205],[-0.6844,48.1918],[-0.68424,48.19734],[-0.68579,48.19867],[-0.69951,48.20316],[-0.70836,48.207],[-0.7102,48.20702],[-0.70997,48.20962],[-0.70756,48.21154],[-0.69936,48.21501],[-0.69789,48.21629],[-0.69722,48.22045],[-0.69959,48.22675],[-0.6948,48.23076],[-0.68831,48.23256],[-0.67311,48.23539],[-0.65391,48.22991],[-0.64449,48.22268],[-0.63294,48.21695],[-0.61726,48.21117],[-0.61181,48.21129],[-0.62164,48.20111],[-0.63119,48.17576],[-0.63109,48.16912],[-0.63239,48.16837],[-0.65594,48.17007],[-0.6657,48.17204],[-0.6767,48.17286]]]]}},{"type":"Feature","properties":{"code":"53147","nom":"Mayenne","departement":"53","region":"52"},"geometry":{"type":"MultiPolygon","coordinates":[[[[-0.60792,48.2797],[-0.6091,48.2798],[-0.6244,48.28189],[-0.62918,48.28174],[-0.62939,48.28564],[-0.63411,48.28649],[-0.64442,48.29723],[-0.65001,48.30496],[-0.64956,48.30877],[-0.64876,48.30874],[-0.64381,48.31474],[-0.6344,48.32035],[-0.61945,48.33269],[-0.61825,48.33221],[-0.60396,48.33262],[-0.60172,48.33541],[-0.57773,48.32754],[-0.58425,48.32088],[-0.59065,48.31047],[-0.59267,48.29824],[-0.59709,48.29441],[-0.59965,48.29519],[-0.60093,48.29546],[-0.60133,48.29492],[-0.60014,48.29234],[-0.59742,48.29026],[-0.59557,48.28579],[-0.59878,48.28364],[-0.60792,48.2797]]]]}},{"type":"Feature","properties":{"code":"53148","nom":"Mée","departement":"53","region":"52"},"geometry":{"type":"MultiPolygon","coordinates":[[[[-0.89359,47.80038],[-0.88786,47.80529],[-0.89055,47.80952],[-0.88264,47.81162],[-0.86693,47.81359],[-0.85915,47.8129],[-0.85355,47.81331],[-0.8502,47.81339],[-0.84521,47.81045],[-0.84057,47.80127],[-0.83983,47.79168],[-0.84439,47.78915],[-0.84688,47.78889],[-0.86797,47.79098],[-0.88565,47.79574],[-0.89359,47.80038]]]]}},{"type":"Feature","properties":{"code":"53150","nom":"Ménil","departement":"53","region":"52"},"geometry":{"type":"MultiPolygon","coordinates":[[[[-0.73174,47.74195],[-0.73364,47.7476],[-0.72688,47.76236],[-0.71817,47.77758],[-0.71341,47.77784],[-0.7032,47.78075],[-0.69957,47.78331],[-0.70046,47.78695],[-0.69883,47.79519],[-0.68829,47.80647],[-0.6785,47.8074],[-0.67687,47.80177],[-0.66823,47.79089],[-0.66399,47.78984],[-0.66285,47.78455],[-0.6649,47.78238],[-0.66644,47.77716],[-0.6706,47.77706],[-0.68068,47.76844],[-0.68192,47.76511],[-0.67965,47.76357],[-0.67597,47.76292],[-0.66939,47.76488],[-0.66307,47.76573],[-0.65799,47.76472],[-0.65417,47.76257],[-0.64604,47.75031],[-0.64387,47.74495],[-0.64383,47.73877],[-0.64598,47.73716],[-0.64898,47.73475],[-0.65364,47.7334],[-0.66889,47.74147],[-0.69607,47.74071],[-0.7185,47.74118],[-0.72044,47.74219],[-0.72817,47.74318],[-0.73174,47.74195]]]]}},{"type":"Feature","properties":{"code":"53151","nom":"Méral","departement":"53","region":"52"},"geometry":{"type":"MultiPolygon","coordinates":[[[[-1.05314,47.9594],[-1.04437,47.95809],[-1.0343,47.95388],[-1.02869,47.95315],[-1.02702,47.95354],[-1.02363,47.95546],[-1.01976,47.96019],[-1.01858,47.96822],[-1.01984,47.97534],[-1.02432,47.97667],[-1.06078,47.97524],[-1.06331,47.97955],[-1.06817,47.98307],[-1.04492,47.98814],[-1.03768,47.99167],[-1.03045,47.99257],[-1.01092,47.9841],[-1.0063,47.97244],[-1.00127,47.96953],[-0.99577,47.96731],[-0.98785,47.96761],[-0.98308,47.96687],[-0.98292,47.96581],[-0.97985,47.96216],[-0.9729,47.95823],[-0.97173,47.95413],[-0.97684,47.9393],[-0.98197,47.9295],[-0.98448,47.92676],[-0.98579,47.92665],[-0.99302,47.92221],[-1.00135,47.9201],[-1.01035,47.91872],[-1.01213,47.91901],[-1.02282,47.92532],[-1.03202,47.92672],[-1.04804,47.92771],[-1.0517,47.9309],[-1.04619,47.94332],[-1.04691,47.94675],[-1.05454,47.9555],[-1.05507,47.9576],[-1.05314,47.9594]]]]}},{"type":"Feature","properties":{"code":"53152","nom":"Meslay-du-Maine","departement":"53","region":"52"},"geometry":{"type":"MultiPolygon","coordinates":[[[[-0.5151,47.96257],[-0.51269,47.96033],[-0.51282,47.95807],[-0.52557,47.95317],[-0.52731,47.94944],[-0.52823,47.94289],[-0.52574,47.94113],[-0.51257,47.93742],[-0.51577,47.93387],[-0.52526,47.9319],[-0.533,47.9282],[-0.53538,47.92164],[-0.53247,47.9198],[-0.53394,47.91373],[-0.54576,47.92552],[-0.55093,47.92895],[-0.55672,47.93025],[-0.5625,47.92822],[-0.57246,47.9265],[-0.59851,47.93137],[-0.60306,47.93349],[-0.60187,47.9338],[-0.59932,47.94696],[-0.60276,47.95881],[-0.59891,47.96579],[-0.59213,47.96475],[-0.57428,47.95613],[-0.5691,47.96295],[-0.55816,47.97095],[-0.54838,47.97411],[-0.54402,47.96532],[-0.53602,47.96357],[-0.5151,47.96257]]]]}},{"type":"Feature","properties":{"code":"53153","nom":"Mézangers","departement":"53","region":"52"},"geometry":{"type":"MultiPolygon","coordinates":[[[[-0.50416,48.21073],[-0.48701,48.21468],[-0.47311,48.22304],[-0.46453,48.2327],[-0.44593,48.22486],[-0.436,48.22219],[-0.42815,48.22144],[-0.41687,48.2134],[-0.40845,48.20409],[-0.40548,48.18538],[-0.40633,48.1834],[-0.40871,48.1838],[-0.41133,48.18248],[-0.41439,48.1756],[-0.42359,48.17266],[-0.44127,48.16994],[-0.44829,48.17612],[-0.45593,48.17842],[-0.46388,48.17869],[-0.46743,48.17733],[-0.47739,48.18941],[-0.48141,48.19047],[-0.48759,48.18966],[-0.48879,48.19053],[-0.49143,48.19914],[-0.49701,48.20509],[-0.50416,48.21073]]]]}},{"type":"Feature","properties":{"code":"53154","nom":"Montaudin","departement":"53","region":"52"},"geometry":{"type":"MultiPolygon","coordinates":[[[[-0.94626,48.35212],[-0.94922,48.35512],[-0.95068,48.35958],[-0.95425,48.36389],[-0.96271,48.36497],[-0.96739,48.36423],[-0.97824,48.36522],[-0.98286,48.36968],[-0.99269,48.37071],[-1.00582,48.36979],[-1.02983,48.37901],[-1.03972,48.37976],[-1.04783,48.37902],[-1.04923,48.38081],[-1.02174,48.38768],[-1.01649,48.38815],[-1.0122,48.39092],[-1.00141,48.40115],[-1.00287,48.41179],[-0.99411,48.41093],[-0.98865,48.40813],[-0.98417,48.4024],[-0.97777,48.40046],[-0.96813,48.39198],[-0.94879,48.3839],[-0.92846,48.37829],[-0.92795,48.37756],[-0.92559,48.37455],[-0.92603,48.36995],[-0.92941,48.36658],[-0.9347,48.36458],[-0.93646,48.36457],[-0.94626,48.35212]]]]}},{"type":"Feature","properties":{"code":"53155","nom":"Montenay","departement":"53","region":"52"},"geometry":{"type":"MultiPolygon","coordinates":[[[[-0.86914,48.31245],[-0.85276,48.30686],[-0.85431,48.30043],[-0.8505,48.29166],[-0.85246,48.28014],[-0.82707,48.27276],[-0.81714,48.26817],[-0.81566,48.26519],[-0.81633,48.26464],[-0.83264,48.26518],[-0.84552,48.26408],[-0.85236,48.26136],[-0.87841,48.25985],[-0.88361,48.25794],[-0.88871,48.25447],[-0.89639,48.25477],[-0.90817,48.25664],[-0.90812,48.25724],[-0.91179,48.25897],[-0.9174,48.25971],[-0.93071,48.26106],[-0.94166,48.26048],[-0.96028,48.25728],[-0.96237,48.25608],[-0.96344,48.25289],[-0.96501,48.25345],[-0.9636,48.27003],[-0.95543,48.28204],[-0.95294,48.28418],[-0.94692,48.28641],[-0.93897,48.28734],[-0.9273,48.28595],[-0.91155,48.28653],[-0.90159,48.29151],[-0.89071,48.29892],[-0.88957,48.30415],[-0.89085,48.3075],[-0.88856,48.3239],[-0.87899,48.32563],[-0.86914,48.31245]]]]}},{"type":"Feature","properties":{"code":"53156","nom":"Montflours","departement":"53","region":"52"},"geometry":{"type":"MultiPolygon","coordinates":[[[[-0.7325,48.18731],[-0.71574,48.18011],[-0.71047,48.176],[-0.69813,48.16202],[-0.6972,48.15969],[-0.70989,48.15941],[-0.72292,48.15764],[-0.74055,48.15846],[-0.74187,48.16279],[-0.7498,48.17009],[-0.75017,48.17244],[-0.74114,48.18389],[-0.7325,48.18731]]]]}},{"type":"Feature","properties":{"code":"53157","nom":"Montigné-le-Brillant","departement":"53","region":"52"},"geometry":{"type":"MultiPolygon","coordinates":[[[[-0.83503,48.0365],[-0.8294,48.03814],[-0.82411,48.03778],[-0.81187,48.03967],[-0.80298,48.04011],[-0.805,48.03654],[-0.80398,48.03595],[-0.80051,48.03615],[-0.80096,48.03523],[-0.79504,48.02762],[-0.79095,48.01778],[-0.78362,48.00937],[-0.78235,48.00615],[-0.79901,47.99782],[-0.804,47.99704],[-0.81567,47.99346],[-0.82773,47.98548],[-0.83132,47.98551],[-0.83353,47.98762],[-0.83963,47.99398],[-0.84522,48.00405],[-0.84463,48.0075],[-0.84083,48.01276],[-0.83667,48.03365],[-0.83503,48.0365]]]]}},{"type":"Feature","properties":{"code":"53158","nom":"Montjean","departement":"53","region":"52"},"geometry":{"type":"MultiPolygon","coordinates":[[[[-0.97328,48.02181],[-0.97449,48.02743],[-0.97392,48.03503],[-0.96436,48.03049],[-0.95658,48.02879],[-0.93718,48.02937],[-0.9277,48.03474],[-0.92365,48.03104],[-0.92244,48.02651],[-0.90808,48.01027],[-0.9092,48.0088],[-0.9146,48.00426],[-0.92079,47.98963],[-0.92243,47.98455],[-0.92096,47.98368],[-0.91924,47.98035],[-0.92031,47.97934],[-0.92561,47.97886],[-0.93259,47.97791],[-0.93918,47.98179],[-0.95298,47.98875],[-0.96818,47.99873],[-0.97169,48.00393],[-0.97092,48.01208],[-0.97328,48.02181]]]]}},{"type":"Feature","properties":{"code":"53160","nom":"Montreuil-Poulay","departement":"53","region":"52"},"geometry":{"type":"MultiPolygon","coordinates":[[[[-0.49833,48.39256],[-0.49779,48.38963],[-0.49424,48.38628],[-0.49449,48.38482],[-0.49766,48.38148],[-0.5143,48.37389],[-0.53389,48.36994],[-0.53932,48.37014],[-0.55048,48.36062],[-0.55112,48.35913],[-0.55404,48.3722],[-0.57023,48.37015],[-0.5724,48.37049],[-0.56451,48.37688],[-0.56032,48.38264],[-0.56472,48.39612],[-0.56368,48.40348],[-0.56264,48.40819],[-0.55914,48.41121],[-0.5492,48.40716],[-0.54614,48.40278],[-0.54011,48.3994],[-0.53084,48.39913],[-0.52164,48.3998],[-0.5151,48.3977],[-0.50655,48.39349],[-0.5023,48.39252],[-0.49833,48.39256]]]]}},{"type":"Feature","properties":{"code":"53161","nom":"Montsûrs","departement":"53","region":"52"},"geometry":{"type":"MultiPolygon","coordinates":[[[[-0.52661,48.13275],[-0.52221,48.11931],[-0.52031,48.11785],[-0.52474,48.11818],[-0.53588,48.11725],[-0.54186,48.11447],[-0.54364,48.11377],[-0.54829,48.10807],[-0.54505,48.10717],[-0.54416,48.10496],[-0.5483,48.09994],[-0.56117,48.09641],[-0.57119,48.08964],[-0.57337,48.08709],[-0.5838,48.09162],[-0.59127,48.09917],[-0.59676,48.10251],[-0.62113,48.11486],[-0.62198,48.12028],[-0.62171,48.12319],[-0.62058,48.12382],[-0.61825,48.12682],[-0.62385,48.12717],[-0.62592,48.12848],[-0.62723,48.13435],[-0.61568,48.13489],[-0.61308,48.13592],[-0.59656,48.13986],[-0.56877,48.13468],[-0.56616,48.13557],[-0.56537,48.1381],[-0.56615,48.15034],[-0.5646,48.16044],[-0.57408,48.16106],[-0.58103,48.17492],[-0.58175,48.1825],[-0.57601,48.1856],[-0.5737,48.18945],[-0.57515,48.19475],[-0.5814,48.1997],[-0.58562,48.21138],[-0.58918,48.21799],[-0.58874,48.22032],[-0.57988,48.23168],[-0.56097,48.23127],[-0.54362,48.2402],[-0.54179,48.23813],[-0.54078,48.23319],[-0.54148,48.22597],[-0.53634,48.22221],[-0.52755,48.21981],[-0.51104,48.21141],[-0.50678,48.2099],[-0.50416,48.21073],[-0.49701,48.20509],[-0.49143,48.19914],[-0.48879,48.19053],[-0.48759,48.18966],[-0.50096,48.18669],[-0.50494,48.18359],[-0.50694,48.17926],[-0.52112,48.18072],[-0.52705,48.17957],[-0.52984,48.17265],[-0.53541,48.16638],[-0.54352,48.16262],[-0.54954,48.16155],[-0.55027,48.14553],[-0.5475,48.14181],[-0.53744,48.13673],[-0.53135,48.13264],[-0.52661,48.13275]]]]}},{"type":"Feature","properties":{"code":"53162","nom":"Moulay","departement":"53","region":"52"},"geometry":{"type":"MultiPolygon","coordinates":[[[[-0.62918,48.28174],[-0.6244,48.28189],[-0.6091,48.2798],[-0.61015,48.27879],[-0.59556,48.26436],[-0.59327,48.25684],[-0.59584,48.25259],[-0.59964,48.25042],[-0.61534,48.25584],[-0.62939,48.25692],[-0.64381,48.25617],[-0.65202,48.25448],[-0.65301,48.25985],[-0.6497,48.26742],[-0.64248,48.26894],[-0.6345,48.27073],[-0.63036,48.27321],[-0.6292,48.27611],[-0.62918,48.28174]]]]}},{"type":"Feature","properties":{"code":"53163","nom":"Neau","departement":"53","region":"52"},"geometry":{"type":"MultiPolygon","coordinates":[[[[-0.48588,48.14963],[-0.48792,48.15326],[-0.48778,48.16101],[-0.50694,48.17926],[-0.50494,48.18359],[-0.50096,48.18669],[-0.48759,48.18966],[-0.48141,48.19047],[-0.47739,48.18941],[-0.46743,48.17733],[-0.46388,48.17869],[-0.45593,48.17842],[-0.44829,48.17612],[-0.44127,48.16994],[-0.45,48.15957],[-0.4491,48.15719],[-0.46622,48.153],[-0.48413,48.15068],[-0.48588,48.14963]]]]}},{"type":"Feature","properties":{"code":"53164","nom":"Neuilly-le-Vendin","departement":"53","region":"52"},"geometry":{"type":"MultiPolygon","coordinates":[[[[-0.29343,48.49219],[-0.29409,48.4856],[-0.30052,48.48209],[-0.2994,48.48],[-0.30282,48.47942],[-0.33467,48.46507],[-0.3362,48.46552],[-0.33837,48.46498],[-0.34068,48.46815],[-0.33961,48.46893],[-0.34299,48.47363],[-0.35316,48.48372],[-0.34937,48.48885],[-0.35121,48.49043],[-0.3466,48.50111],[-0.3201,48.52312],[-0.31215,48.52049],[-0.30893,48.5185],[-0.31784,48.50476],[-0.31824,48.50014],[-0.31527,48.49648],[-0.31243,48.49499],[-0.30422,48.49274],[-0.29343,48.49219]]]]}},{"type":"Feature","properties":{"code":"53165","nom":"Niafles","departement":"53","region":"52"},"geometry":{"type":"MultiPolygon","coordinates":[[[[-0.99003,47.83256],[-0.99265,47.83119],[-0.99938,47.82956],[-1.00066,47.83336],[-1.00572,47.83463],[-1.01608,47.83552],[-1.01499,47.83716],[-1.01527,47.8531],[-1.01067,47.86214],[-1.00979,47.86158],[-0.99829,47.86154],[-0.99038,47.86072],[-0.98185,47.85664],[-0.97957,47.85157],[-0.98253,47.83801],[-0.98403,47.83561],[-0.99104,47.83315],[-0.99003,47.83256]]]]}},{"type":"Feature","properties":{"code":"53168","nom":"Nuillé-sur-Vicoin","departement":"53","region":"52"},"geometry":{"type":"MultiPolygon","coordinates":[[[[-0.78362,48.00937],[-0.76839,48.00056],[-0.76203,47.99413],[-0.74634,47.98881],[-0.74039,47.98855],[-0.73922,47.98596],[-0.72904,47.98255],[-0.72934,47.98153],[-0.73681,47.97702],[-0.7377,47.97291],[-0.73953,47.97004],[-0.7461,47.96384],[-0.75835,47.96237],[-0.76147,47.96093],[-0.77294,47.96115],[-0.78255,47.95951],[-0.78678,47.95785],[-0.79259,47.95279],[-0.79575,47.95222],[-0.79434,47.95592],[-0.79459,47.95864],[-0.7995,47.9628],[-0.80673,47.96595],[-0.80863,47.96599],[-0.81032,47.96727],[-0.82773,47.98548],[-0.81567,47.99346],[-0.804,47.99704],[-0.79901,47.99782],[-0.78235,48.00615],[-0.78362,48.00937]]]]}},{"type":"Feature","properties":{"code":"53169","nom":"Olivet","departement":"53","region":"52"},"geometry":{"type":"MultiPolygon","coordinates":[[[[-0.93342,48.09692],[-0.93533,48.09774],[-0.94259,48.09736],[-0.94584,48.09842],[-0.95114,48.10034],[-0.95497,48.10398],[-0.95373,48.10384],[-0.94789,48.10911],[-0.94706,48.11312],[-0.95236,48.14263],[-0.94876,48.14137],[-0.92925,48.13825],[-0.91418,48.12807],[-0.91196,48.12332],[-0.90992,48.12188],[-0.9142,48.11571],[-0.92711,48.10974],[-0.93539,48.1034],[-0.93285,48.09946],[-0.93342,48.09692]]]]}},{"type":"Feature","properties":{"code":"53170","nom":"Oisseau","departement":"53","region":"52"},"geometry":{"type":"MultiPolygon","coordinates":[[[[-0.6301,48.38313],[-0.63162,48.37801],[-0.63099,48.36744],[-0.62868,48.36386],[-0.62694,48.3527],[-0.63162,48.34736],[-0.64578,48.33902],[-0.66129,48.32638],[-0.66234,48.32651],[-0.66364,48.32921],[-0.66534,48.33017],[-0.68033,48.33366],[-0.68988,48.33478],[-0.69897,48.33477],[-0.70352,48.33623],[-0.70852,48.34132],[-0.7178,48.36003],[-0.7177,48.36187],[-0.70102,48.36192],[-0.68962,48.36576],[-0.67585,48.37486],[-0.67532,48.37608],[-0.68196,48.3933],[-0.67941,48.39496],[-0.68052,48.39955],[-0.68088,48.4009],[-0.68304,48.40197],[-0.67521,48.40404],[-0.67357,48.40588],[-0.66774,48.40823],[-0.66097,48.40108],[-0.65783,48.39625],[-0.65637,48.39145],[-0.6521,48.3855],[-0.64554,48.38151],[-0.64194,48.3802],[-0.63341,48.37984],[-0.6301,48.38313]]]]}},{"type":"Feature","properties":{"code":"53172","nom":"Origné","departement":"53","region":"52"},"geometry":{"type":"MultiPolygon","coordinates":[[[[-0.71997,47.9486],[-0.71928,47.94599],[-0.71399,47.94504],[-0.71186,47.94364],[-0.70666,47.9333],[-0.71051,47.9297],[-0.71466,47.93221],[-0.71583,47.93502],[-0.72685,47.93897],[-0.73241,47.93927],[-0.74042,47.93717],[-0.74278,47.93381],[-0.74172,47.93063],[-0.74414,47.93029],[-0.74984,47.93601],[-0.75324,47.94352],[-0.75648,47.95828],[-0.76147,47.96093],[-0.75835,47.96237],[-0.7461,47.96384],[-0.73953,47.97004],[-0.7377,47.97291],[-0.73681,47.97702],[-0.72934,47.98153],[-0.72582,47.9755],[-0.72713,47.96623],[-0.72619,47.96176],[-0.71986,47.95011],[-0.71997,47.9486]]]]}},{"type":"Feature","properties":{"code":"53173","nom":"La Pallu","departement":"53","region":"52"},"geometry":{"type":"MultiPolygon","coordinates":[[[[-0.26982,48.50499],[-0.28723,48.49517],[-0.29128,48.49529],[-0.29361,48.49414],[-0.29431,48.49366],[-0.29343,48.49219],[-0.30422,48.49274],[-0.31243,48.49499],[-0.31527,48.49648],[-0.31824,48.50014],[-0.31784,48.50476],[-0.30893,48.5185],[-0.29308,48.51527],[-0.28099,48.50876],[-0.27147,48.50741],[-0.26982,48.50499]]]]}},{"type":"Feature","properties":{"code":"53174","nom":"Parigné-sur-Braye","departement":"53","region":"52"},"geometry":{"type":"MultiPolygon","coordinates":[[[[-0.66999,48.30183],[-0.67124,48.3033],[-0.67356,48.30415],[-0.6752,48.31179],[-0.67423,48.31483],[-0.66148,48.32485],[-0.66234,48.32651],[-0.66129,48.32638],[-0.64578,48.33902],[-0.63162,48.34736],[-0.61945,48.33269],[-0.6344,48.32035],[-0.64381,48.31474],[-0.64876,48.30874],[-0.64956,48.30877],[-0.65001,48.30496],[-0.65278,48.30506],[-0.66999,48.30183]]]]}},{"type":"Feature","properties":{"code":"53175","nom":"Parné-sur-Roc","departement":"53","region":"52"},"geometry":{"type":"MultiPolygon","coordinates":[[[[-0.69877,48.01611],[-0.69489,48.0187],[-0.6966,48.02606],[-0.69528,48.02815],[-0.68787,48.03129],[-0.69086,48.03739],[-0.69654,48.04233],[-0.69362,48.04402],[-0.68668,48.04325],[-0.67859,48.03907],[-0.66711,48.03627],[-0.65914,48.03837],[-0.65806,48.03886],[-0.64848,48.03785],[-0.64025,48.03522],[-0.65352,48.0171],[-0.65239,48.01401],[-0.6461,48.01236],[-0.63636,48.01145],[-0.62288,48.00787],[-0.62326,48.00367],[-0.6271,47.99846],[-0.63237,47.99432],[-0.64384,47.99222],[-0.64526,47.98969],[-0.65148,47.98814],[-0.66314,47.9814],[-0.67276,47.97927],[-0.68342,47.97247],[-0.68833,47.97292],[-0.69335,47.97516],[-0.68552,47.98613],[-0.68528,47.99054],[-0.68603,47.9949],[-0.6893,48.00051],[-0.69303,48.0122],[-0.69877,48.01611]]]]}},{"type":"Feature","properties":{"code":"53176","nom":"Le Pas","departement":"53","region":"52"},"geometry":{"type":"MultiPolygon","coordinates":[[[[-0.65518,48.44409],[-0.65514,48.44174],[-0.65106,48.43978],[-0.64813,48.43294],[-0.65297,48.42686],[-0.65827,48.42205],[-0.6646,48.42073],[-0.66817,48.41816],[-0.67235,48.4133],[-0.67405,48.40752],[-0.67357,48.40588],[-0.67521,48.40404],[-0.68304,48.40197],[-0.68564,48.40314],[-0.68935,48.40023],[-0.69158,48.39635],[-0.70399,48.39547],[-0.71058,48.39697],[-0.71412,48.40069],[-0.73034,48.40952],[-0.73032,48.41037],[-0.72984,48.41134],[-0.74641,48.41768],[-0.74904,48.41913],[-0.74919,48.42004],[-0.74502,48.42098],[-0.74004,48.42017],[-0.73299,48.42407],[-0.73155,48.42574],[-0.73115,48.43409],[-0.72387,48.43784],[-0.7057,48.44061],[-0.68116,48.44032],[-0.65518,48.44409]]]]}},{"type":"Feature","properties":{"code":"53177","nom":"La Pellerine","departement":"53","region":"52"},"geometry":{"type":"MultiPolygon","coordinates":[[[[-1.00377,48.32033],[-1.0065,48.32138],[-1.00922,48.32056],[-1.02059,48.30776],[-1.02678,48.30319],[-1.04798,48.30902],[-1.06136,48.31119],[-1.06134,48.31145],[-1.04509,48.32781],[-1.0483,48.33274],[-1.05598,48.34115],[-1.03868,48.33539],[-1.03709,48.33146],[-1.03488,48.32989],[-1.02586,48.32721],[-1.01477,48.32659],[-1.00859,48.32465],[-1.00411,48.32194],[-1.00377,48.32033]]]]}},{"type":"Feature","properties":{"code":"53178","nom":"Peuton","departement":"53","region":"52"},"geometry":{"type":"MultiPolygon","coordinates":[[[[-0.83694,47.90683],[-0.82996,47.90437],[-0.82069,47.90277],[-0.79766,47.89167],[-0.77814,47.88672],[-0.77272,47.88746],[-0.76925,47.88472],[-0.77281,47.87867],[-0.77605,47.87717],[-0.77862,47.87686],[-0.78081,47.87766],[-0.78294,47.87414],[-0.78879,47.8776],[-0.83108,47.87938],[-0.83034,47.88193],[-0.84358,47.89111],[-0.84739,47.89694],[-0.84749,47.9015],[-0.84145,47.90328],[-0.83694,47.90683]]]]}},{"type":"Feature","properties":{"code":"53179","nom":"Placé","departement":"53","region":"52"},"geometry":{"type":"MultiPolygon","coordinates":[[[[-0.79189,48.24987],[-0.81287,48.2439],[-0.81811,48.24906],[-0.82122,48.25465],[-0.8247,48.25755],[-0.81633,48.26464],[-0.81566,48.26519],[-0.78069,48.29505],[-0.77336,48.30132],[-0.77252,48.29963],[-0.77016,48.29433],[-0.75993,48.28892],[-0.75005,48.27577],[-0.74473,48.27403],[-0.74191,48.27424],[-0.73954,48.27307],[-0.73921,48.2716],[-0.74228,48.26876],[-0.73593,48.26193],[-0.73541,48.2534],[-0.72877,48.2475],[-0.73168,48.24611],[-0.7338,48.24702],[-0.74113,48.24725],[-0.75478,48.24488],[-0.7561,48.24439],[-0.75611,48.23779],[-0.76472,48.23299],[-0.77036,48.2333],[-0.77271,48.23417],[-0.77313,48.23506],[-0.77261,48.2413],[-0.77523,48.24698],[-0.78232,48.25224],[-0.78709,48.25208],[-0.79189,48.24987]]]]}},{"type":"Feature","properties":{"code":"53180","nom":"Pommerieux","departement":"53","region":"52"},"geometry":{"type":"MultiPolygon","coordinates":[[[[-0.89055,47.80952],[-0.89492,47.80942],[-0.89775,47.81036],[-0.9088,47.80967],[-0.93029,47.80624],[-0.94231,47.80518],[-0.94502,47.80659],[-0.94647,47.80902],[-0.94767,47.81562],[-0.94419,47.82206],[-0.94047,47.82567],[-0.91538,47.83332],[-0.91372,47.83689],[-0.9147,47.84133],[-0.91636,47.84379],[-0.91538,47.84573],[-0.90934,47.84964],[-0.90455,47.85147],[-0.89765,47.85047],[-0.88942,47.85567],[-0.88929,47.8565],[-0.88991,47.85874],[-0.88831,47.85859],[-0.88828,47.86009],[-0.88303,47.85914],[-0.86999,47.85944],[-0.87251,47.85675],[-0.87554,47.84909],[-0.87576,47.84417],[-0.87426,47.83958],[-0.86664,47.83366],[-0.85838,47.82353],[-0.85295,47.81663],[-0.85355,47.81331],[-0.85915,47.8129],[-0.86693,47.81359],[-0.88264,47.81162],[-0.89055,47.80952]]]]}},{"type":"Feature","properties":{"code":"53181","nom":"Pontmain","departement":"53","region":"52"},"geometry":{"type":"MultiPolygon","coordinates":[[[[-1.06257,48.44825],[-1.054,48.43806],[-1.04196,48.42794],[-1.04273,48.42655],[-1.07807,48.42215],[-1.08284,48.43354],[-1.08121,48.44114],[-1.07876,48.44351],[-1.06523,48.45142],[-1.06257,48.44825]]]]}},{"type":"Feature","properties":{"code":"53182","nom":"Port-Brillet","departement":"53","region":"52"},"geometry":{"type":"MultiPolygon","coordinates":[[[[-0.95749,48.14412],[-0.95236,48.14263],[-0.94706,48.11312],[-0.94789,48.10911],[-0.95373,48.10384],[-0.95497,48.10398],[-0.9751,48.10786],[-0.98733,48.1068],[-0.98428,48.11111],[-0.98373,48.11526],[-0.98486,48.11741],[-0.97737,48.12875],[-0.96574,48.13617],[-0.95749,48.14412]]]]}},{"type":"Feature","properties":{"code":"53184","nom":"Préaux","departement":"53","region":"52"},"geometry":{"type":"MultiPolygon","coordinates":[[[[-0.4436,47.94843],[-0.44236,47.94762],[-0.44274,47.93529],[-0.44616,47.9317],[-0.44747,47.93104],[-0.44852,47.92711],[-0.45498,47.92291],[-0.4625,47.92005],[-0.46328,47.91646],[-0.46598,47.91623],[-0.47933,47.92415],[-0.49574,47.93098],[-0.49645,47.932],[-0.47068,47.94265],[-0.46832,47.94652],[-0.46864,47.95428],[-0.46538,47.95975],[-0.46426,47.96135],[-0.45789,47.96142],[-0.45852,47.95744],[-0.45073,47.95017],[-0.44723,47.94783],[-0.4436,47.94843]]]]}},{"type":"Feature","properties":{"code":"53185","nom":"Pré-en-Pail-Saint-Samson","departement":"53","region":"52"},"geometry":{"type":"MultiPolygon","coordinates":[[[[-0.20972,48.49885],[-0.19588,48.49896],[-0.17209,48.50213],[-0.17077,48.5018],[-0.1693,48.5028],[-0.16667,48.50203],[-0.1615,48.4985],[-0.15606,48.49238],[-0.15564,48.4902],[-0.15096,48.48272],[-0.15018,48.47973],[-0.15283,48.47666],[-0.15055,48.46514],[-0.14981,48.46004],[-0.14673,48.45643],[-0.13789,48.45294],[-0.14321,48.44555],[-0.14973,48.44185],[-0.15679,48.4358],[-0.1582,48.42301],[-0.15762,48.42005],[-0.17353,48.41308],[-0.18277,48.40314],[-0.18566,48.40453],[-0.1971,48.40607],[-0.20547,48.405],[-0.21535,48.40281],[-0.2161,48.40198],[-0.21981,48.40528],[-0.21971,48.40884],[-0.21714,48.4099],[-0.2133,48.41506],[-0.21134,48.42039],[-0.20662,48.42906],[-0.20579,48.43256],[-0.20552,48.43793],[-0.20774,48.4435],[-0.21268,48.44481],[-0.21632,48.4447],[-0.23336,48.44152],[-0.25253,48.44367],[-0.25664,48.44534],[-0.25883,48.44821],[-0.26055,48.45579],[-0.25837,48.46956],[-0.25245,48.47145],[-0.25249,48.4741],[-0.24645,48.48022],[-0.22741,48.47748],[-0.2249,48.48182],[-0.20681,48.48751],[-0.20613,48.49251],[-0.20972,48.49885]]]]}},{"type":"Feature","properties":{"code":"53186","nom":"Quelaines-Saint-Gault","departement":"53","region":"52"},"geometry":{"type":"MultiPolygon","coordinates":[[[[-0.86669,47.93592],[-0.86039,47.93882],[-0.86182,47.94195],[-0.86034,47.94546],[-0.85733,47.94837],[-0.85408,47.94966],[-0.83167,47.95171],[-0.81959,47.95214],[-0.79621,47.95128],[-0.79575,47.95222],[-0.79259,47.95279],[-0.78678,47.95785],[-0.78255,47.95951],[-0.77294,47.96115],[-0.76147,47.96093],[-0.75648,47.95828],[-0.75324,47.94352],[-0.74984,47.93601],[-0.74414,47.93029],[-0.74172,47.93063],[-0.74201,47.92925],[-0.74379,47.92793],[-0.75025,47.9279],[-0.76073,47.919],[-0.75937,47.91655],[-0.76003,47.91038],[-0.76646,47.90471],[-0.77038,47.9021],[-0.77823,47.90105],[-0.76789,47.89128],[-0.76984,47.88896],[-0.77272,47.88746],[-0.77814,47.88672],[-0.79766,47.89167],[-0.82069,47.90277],[-0.82996,47.90437],[-0.83694,47.90683],[-0.83292,47.9132],[-0.83205,47.91659],[-0.83312,47.92056],[-0.83635,47.9236],[-0.84097,47.92431],[-0.86669,47.93592]]]]}},{"type":"Feature","properties":{"code":"53187","nom":"Ravigny","departement":"53","region":"52"},"geometry":{"type":"MultiPolygon","coordinates":[[[[-0.05728,48.42914],[-0.07316,48.43082],[-0.08215,48.43449],[-0.08518,48.43489],[-0.08625,48.44033],[-0.08582,48.44682],[-0.08082,48.45014],[-0.07312,48.45059],[-0.07191,48.45303],[-0.07281,48.457],[-0.07066,48.45842],[-0.06258,48.45674],[-0.05099,48.45289],[-0.04988,48.44903],[-0.05014,48.44514],[-0.05499,48.43083],[-0.05718,48.43046],[-0.05728,48.42914]]]]}},{"type":"Feature","properties":{"code":"53188","nom":"Renazé","departement":"53","region":"52"},"geometry":{"type":"MultiPolygon","coordinates":[[[[-1.07233,47.80226],[-1.05236,47.80023],[-1.04598,47.79701],[-1.04205,47.79742],[-1.0282,47.7958],[-1.02124,47.79314],[-1.00253,47.78947],[-0.98947,47.78401],[-0.98975,47.78328],[-0.99261,47.78047],[-0.99391,47.77633],[-1.0007,47.77105],[-1.00619,47.76832],[-1.00906,47.76808],[-1.01493,47.76976],[-1.02979,47.77078],[-1.04361,47.77268],[-1.06372,47.77299],[-1.0752,47.7743],[-1.07539,47.77445],[-1.07581,47.77818],[-1.08054,47.78605],[-1.07719,47.79727],[-1.07233,47.80226]]]]}},{"type":"Feature","properties":{"code":"53189","nom":"Rennes-en-Grenouilles","departement":"53","region":"52"},"geometry":{"type":"MultiPolygon","coordinates":[[[[-0.47828,48.50159],[-0.4895,48.49103],[-0.49093,48.48731],[-0.49011,48.48516],[-0.49592,48.4842],[-0.50059,48.48182],[-0.50611,48.47805],[-0.51126,48.46847],[-0.51534,48.46809],[-0.5198,48.4711],[-0.51744,48.4822],[-0.51968,48.48423],[-0.52693,48.48653],[-0.53491,48.49158],[-0.5156,48.50384],[-0.51257,48.50715],[-0.50946,48.50888],[-0.49291,48.50176],[-0.48947,48.50136],[-0.48781,48.50434],[-0.47828,48.50159]]]]}},{"type":"Feature","properties":{"code":"53190","nom":"Le Ribay","departement":"53","region":"52"},"geometry":{"type":"MultiPolygon","coordinates":[[[[-0.4488,48.35936],[-0.44899,48.36052],[-0.44354,48.36429],[-0.44161,48.36685],[-0.44802,48.38271],[-0.43594,48.38913],[-0.43115,48.39354],[-0.42862,48.39772],[-0.42965,48.40025],[-0.42722,48.4036],[-0.38151,48.39418],[-0.37945,48.39179],[-0.38248,48.38918],[-0.38933,48.38686],[-0.39717,48.38179],[-0.39741,48.37755],[-0.39411,48.3687],[-0.39217,48.36479],[-0.38682,48.36068],[-0.40878,48.35798],[-0.43459,48.35699],[-0.44042,48.35723],[-0.4488,48.35936]]]]}},{"type":"Feature","properties":{"code":"53191","nom":"La Roë","departement":"53","region":"52"},"geometry":{"type":"MultiPolygon","coordinates":[[[[-1.09627,47.87993],[-1.14418,47.88881],[-1.12765,47.89597],[-1.1108,47.90546],[-1.10822,47.90635],[-1.10199,47.90424],[-1.1024,47.90251],[-1.08779,47.90086],[-1.08098,47.89573],[-1.07021,47.88316],[-1.07204,47.88042],[-1.07316,47.88026],[-1.09627,47.87993]]]]}},{"type":"Feature","properties":{"code":"53192","nom":"La Rouaudière","departement":"53","region":"52"},"geometry":{"type":"MultiPolygon","coordinates":[[[[-1.17111,47.82234],[-1.18843,47.82187],[-1.20141,47.81882],[-1.21816,47.81774],[-1.22294,47.81932],[-1.22014,47.82062],[-1.22011,47.82768],[-1.21605,47.83614],[-1.21421,47.84456],[-1.2211,47.85327],[-1.21582,47.85743],[-1.21302,47.85732],[-1.20313,47.8569],[-1.18759,47.8544],[-1.17156,47.858],[-1.16171,47.85815],[-1.1517,47.85398],[-1.15345,47.85009],[-1.1539,47.84201],[-1.15174,47.83872],[-1.14885,47.83788],[-1.15357,47.8267],[-1.15939,47.82342],[-1.16817,47.82451],[-1.17111,47.82234]]]]}},{"type":"Feature","properties":{"code":"53193","nom":"Ruillé-Froid-Fonds","departement":"53","region":"52"},"geometry":{"type":"MultiPolygon","coordinates":[[[[-0.62564,47.87602],[-0.62775,47.87877],[-0.64081,47.88968],[-0.65018,47.89264],[-0.67049,47.88793],[-0.67087,47.88882],[-0.66858,47.89215],[-0.66671,47.90413],[-0.66428,47.91018],[-0.6604,47.91533],[-0.64955,47.91961],[-0.63863,47.92562],[-0.62218,47.92955],[-0.61852,47.93219],[-0.61715,47.93278],[-0.61336,47.93086],[-0.5989,47.92647],[-0.59176,47.92188],[-0.58875,47.91723],[-0.5852,47.90747],[-0.57888,47.90399],[-0.5808,47.90088],[-0.5967,47.89398],[-0.62564,47.87602]]]]}},{"type":"Feature","properties":{"code":"53195","nom":"Sacé","departement":"53","region":"52"},"geometry":{"type":"MultiPolygon","coordinates":[[[[-0.6972,48.15969],[-0.69813,48.16202],[-0.71047,48.176],[-0.71574,48.18011],[-0.7325,48.18731],[-0.72161,48.19429],[-0.72047,48.19597],[-0.71777,48.19702],[-0.71187,48.20161],[-0.7102,48.20702],[-0.70836,48.207],[-0.69951,48.20316],[-0.68579,48.19867],[-0.68424,48.19734],[-0.6844,48.1918],[-0.68225,48.18205],[-0.6767,48.17286],[-0.68272,48.16878],[-0.68385,48.16714],[-0.67976,48.16635],[-0.67704,48.15321],[-0.68175,48.15204],[-0.68722,48.15215],[-0.69744,48.15613],[-0.69898,48.15605],[-0.6972,48.15969]]]]}},{"type":"Feature","properties":{"code":"53196","nom":"Saint-Aignan-de-Couptrain","departement":"53","region":"52"},"geometry":{"type":"MultiPolygon","coordinates":[[[[-0.2994,48.48],[-0.29829,48.48058],[-0.29252,48.4786],[-0.28341,48.48044],[-0.2741,48.47296],[-0.26335,48.47116],[-0.25837,48.46956],[-0.26055,48.45579],[-0.26325,48.45527],[-0.26601,48.45582],[-0.27375,48.45558],[-0.28253,48.45449],[-0.2985,48.44606],[-0.29637,48.44292],[-0.30278,48.43898],[-0.31497,48.43469],[-0.32363,48.43468],[-0.33123,48.43901],[-0.33467,48.46507],[-0.30282,48.47942],[-0.2994,48.48]]]]}},{"type":"Feature","properties":{"code":"53197","nom":"Saint-Aignan-sur-Roë","departement":"53","region":"52"},"geometry":{"type":"MultiPolygon","coordinates":[[[[-1.14885,47.83788],[-1.15174,47.83872],[-1.1539,47.84201],[-1.15345,47.85009],[-1.1517,47.85398],[-1.16171,47.85815],[-1.17156,47.858],[-1.18759,47.8544],[-1.20313,47.8569],[-1.19792,47.86299],[-1.191,47.86586],[-1.18904,47.86786],[-1.17219,47.87036],[-1.16553,47.87028],[-1.1425,47.86562],[-1.13283,47.86487],[-1.1194,47.85946],[-1.10745,47.85115],[-1.10442,47.84863],[-1.10535,47.84431],[-1.10437,47.84122],[-1.09892,47.83217],[-1.0942,47.83002],[-1.10017,47.82421],[-1.10669,47.8237],[-1.12295,47.82792],[-1.13106,47.82883],[-1.14088,47.83515],[-1.14758,47.83639],[-1.14885,47.83788]]]]}},{"type":"Feature","properties":{"code":"53198","nom":"Saint-Aubin-du-Désert","departement":"53","region":"52"},"geometry":{"type":"MultiPolygon","coordinates":[[[[-0.15498,48.31401],[-0.16628,48.31146],[-0.1718,48.30887],[-0.17524,48.30462],[-0.18213,48.30007],[-0.18972,48.29674],[-0.20623,48.29605],[-0.21312,48.29424],[-0.21492,48.29307],[-0.21502,48.29193],[-0.21762,48.29588],[-0.21452,48.30051],[-0.20966,48.30443],[-0.20349,48.3143],[-0.20617,48.32199],[-0.20412,48.32205],[-0.18962,48.32783],[-0.18536,48.33088],[-0.1837,48.33319],[-0.1728,48.33475],[-0.15792,48.33425],[-0.15498,48.31401]]]]}},{"type":"Feature","properties":{"code":"53199","nom":"Saint-Aubin-Fosse-Louvain","departement":"53","region":"52"},"geometry":{"type":"MultiPolygon","coordinates":[[[[-0.8125,48.45503],[-0.81024,48.45414],[-0.80819,48.4508],[-0.80815,48.44336],[-0.81219,48.43816],[-0.81164,48.4377],[-0.81065,48.43623],[-0.81826,48.42875],[-0.82991,48.42923],[-0.83828,48.42991],[-0.8481,48.43214],[-0.8574,48.43666],[-0.85293,48.44364],[-0.85268,48.44567],[-0.85357,48.44745],[-0.86018,48.44956],[-0.86571,48.45363],[-0.86814,48.45736],[-0.87019,48.46359],[-0.85898,48.46304],[-0.81829,48.46857],[-0.81567,48.45787],[-0.8125,48.45503]]]]}},{"type":"Feature","properties":{"code":"53200","nom":"Saint-Baudelle","departement":"53","region":"52"},"geometry":{"type":"MultiPolygon","coordinates":[[[[-0.62939,48.28564],[-0.62918,48.28174],[-0.6292,48.27611],[-0.63036,48.27321],[-0.6345,48.27073],[-0.64248,48.26894],[-0.64288,48.27087],[-0.64786,48.27553],[-0.65482,48.27781],[-0.66597,48.27963],[-0.67013,48.27963],[-0.67147,48.279],[-0.67334,48.27926],[-0.67364,48.28005],[-0.6692,48.28609],[-0.66685,48.29306],[-0.66645,48.2983],[-0.66999,48.30183],[-0.65278,48.30506],[-0.65001,48.30496],[-0.64442,48.29723],[-0.63411,48.28649],[-0.62939,48.28564]]]]}},{"type":"Feature","properties":{"code":"53201","nom":"Saint-Berthevin","departement":"53","region":"52"},"geometry":{"type":"MultiPolygon","coordinates":[[[[-0.80254,48.06866],[-0.80602,48.06262],[-0.80593,48.05942],[-0.80372,48.0573],[-0.79647,48.05393],[-0.81248,48.04093],[-0.81187,48.03967],[-0.82411,48.03778],[-0.8294,48.03814],[-0.83503,48.0365],[-0.83507,48.03854],[-0.83712,48.04082],[-0.84193,48.0439],[-0.84903,48.04736],[-0.85439,48.04799],[-0.86323,48.05105],[-0.86722,48.05798],[-0.86954,48.06029],[-0.87638,48.05993],[-0.87971,48.06345],[-0.88771,48.06616],[-0.89137,48.0684],[-0.89551,48.07814],[-0.8906,48.07878],[-0.88674,48.08042],[-0.88641,48.08627],[-0.89028,48.09091],[-0.89217,48.09558],[-0.87216,48.09476],[-0.85997,48.1007],[-0.85813,48.1066],[-0.86007,48.11132],[-0.85611,48.11057],[-0.84866,48.10588],[-0.84344,48.09901],[-0.83447,48.09307],[-0.82392,48.08773],[-0.81702,48.0854],[-0.81715,48.08476],[-0.81768,48.08349],[-0.81521,48.08045],[-0.81001,48.07759],[-0.80463,48.07638],[-0.80247,48.06875],[-0.80251,48.0687],[-0.80254,48.06866]]]]}},{"type":"Feature","properties":{"code":"53202","nom":"Saint-Berthevin-la-Tannière","departement":"53","region":"52"},"geometry":{"type":"MultiPolygon","coordinates":[[[[-0.95643,48.42352],[-0.94143,48.43668],[-0.93149,48.43943],[-0.93026,48.43771],[-0.92767,48.434],[-0.92371,48.42391],[-0.92193,48.41512],[-0.92858,48.40705],[-0.93393,48.40237],[-0.92895,48.39586],[-0.92082,48.39253],[-0.92135,48.3919],[-0.92067,48.38702],[-0.92666,48.37792],[-0.92795,48.37756],[-0.92846,48.37829],[-0.94879,48.3839],[-0.96813,48.39198],[-0.97777,48.40046],[-0.98417,48.4024],[-0.98865,48.40813],[-0.96538,48.41319],[-0.95938,48.41819],[-0.95643,48.42352]]]]}},{"type":"Feature","properties":{"code":"53203","nom":"Saint-Brice","departement":"53","region":"52"},"geometry":{"type":"MultiPolygon","coordinates":[[[[-0.411,47.84675],[-0.41724,47.8467],[-0.42925,47.84372],[-0.44221,47.83653],[-0.44802,47.8322],[-0.45019,47.83211],[-0.45258,47.83542],[-0.45026,47.84952],[-0.4504,47.85557],[-0.46017,47.86028],[-0.46142,47.86541],[-0.46051,47.87648],[-0.45472,47.89044],[-0.44986,47.88936],[-0.44283,47.88586],[-0.43898,47.87998],[-0.43788,47.87425],[-0.43425,47.86996],[-0.42805,47.86834],[-0.41878,47.8733],[-0.41608,47.87371],[-0.41358,47.8677],[-0.41215,47.85772],[-0.41322,47.85406],[-0.411,47.84675]]]]}},{"type":"Feature","properties":{"code":"53204","nom":"Saint-Calais-du-Désert","departement":"53","region":"52"},"geometry":{"type":"MultiPolygon","coordinates":[[[[-0.28341,48.48044],[-0.28717,48.48439],[-0.28956,48.48555],[-0.29409,48.4856],[-0.29343,48.49219],[-0.29431,48.49366],[-0.29361,48.49414],[-0.29128,48.49529],[-0.28723,48.49517],[-0.26982,48.50499],[-0.26454,48.50665],[-0.24228,48.50949],[-0.22911,48.51372],[-0.22739,48.50976],[-0.22735,48.50402],[-0.22512,48.50046],[-0.22307,48.49939],[-0.21592,48.49822],[-0.21283,48.49823],[-0.21072,48.49984],[-0.20972,48.49885],[-0.20613,48.49251],[-0.20681,48.48751],[-0.2249,48.48182],[-0.22741,48.47748],[-0.24645,48.48022],[-0.25249,48.4741],[-0.25245,48.47145],[-0.25837,48.46956],[-0.26335,48.47116],[-0.2741,48.47296],[-0.28341,48.48044]]]]}},{"type":"Feature","properties":{"code":"53206","nom":"Saint-Charles-la-Forêt","departement":"53","region":"52"},"geometry":{"type":"MultiPolygon","coordinates":[[[[-0.53568,47.90399],[-0.56394,47.91034],[-0.57145,47.90861],[-0.57598,47.90413],[-0.57858,47.90452],[-0.57888,47.90399],[-0.5852,47.90747],[-0.58875,47.91723],[-0.59176,47.92188],[-0.5989,47.92647],[-0.61336,47.93086],[-0.61715,47.93278],[-0.61032,47.93573],[-0.60306,47.93349],[-0.59851,47.93137],[-0.57246,47.9265],[-0.5625,47.92822],[-0.55672,47.93025],[-0.55093,47.92895],[-0.54576,47.92552],[-0.53394,47.91373],[-0.53094,47.90908],[-0.53568,47.90399]]]]}},{"type":"Feature","properties":{"code":"53208","nom":"Saint-Cyr-en-Pail","departement":"53","region":"52"},"geometry":{"type":"MultiPolygon","coordinates":[[[[-0.21134,48.42039],[-0.21942,48.42242],[-0.22496,48.42024],[-0.2281,48.41788],[-0.22863,48.4165],[-0.23658,48.4157],[-0.2536,48.41584],[-0.27399,48.41401],[-0.2784,48.41467],[-0.27656,48.41737],[-0.28534,48.43386],[-0.29637,48.44292],[-0.2985,48.44606],[-0.28253,48.45449],[-0.27375,48.45558],[-0.26601,48.45582],[-0.26325,48.45527],[-0.26055,48.45579],[-0.25883,48.44821],[-0.25664,48.44534],[-0.25253,48.44367],[-0.23336,48.44152],[-0.21632,48.4447],[-0.21268,48.44481],[-0.20774,48.4435],[-0.20552,48.43793],[-0.20579,48.43256],[-0.20662,48.42906],[-0.21134,48.42039]]]]}},{"type":"Feature","properties":{"code":"53209","nom":"Saint-Cyr-le-Gravelais","departement":"53","region":"52"},"geometry":{"type":"MultiPolygon","coordinates":[[[[-1.00765,48.06973],[-0.99674,48.0607],[-0.99123,48.05404],[-0.97993,48.04499],[-0.97392,48.03503],[-0.97449,48.02743],[-0.97328,48.02181],[-0.98419,48.01089],[-1.00044,48.01064],[-1.02138,48.01759],[-1.02489,48.02033],[-1.03444,48.0336],[-1.02926,48.03672],[-1.02801,48.03907],[-1.02809,48.0449],[-1.03112,48.04907],[-1.02826,48.06063],[-1.0174,48.07027],[-1.00765,48.06973]]]]}},{"type":"Feature","properties":{"code":"53210","nom":"Saint-Denis-d'Anjou","departement":"53","region":"52"},"geometry":{"type":"MultiPolygon","coordinates":[[[[-0.38712,47.80427],[-0.38145,47.79342],[-0.38062,47.79031],[-0.38138,47.78542],[-0.37996,47.78238],[-0.37524,47.76721],[-0.37754,47.76359],[-0.38177,47.76073],[-0.38239,47.76248],[-0.39028,47.77016],[-0.40362,47.77521],[-0.41108,47.77659],[-0.40989,47.76533],[-0.42319,47.76566],[-0.43643,47.76522],[-0.45299,47.75734],[-0.45355,47.75636],[-0.45461,47.75646],[-0.45635,47.75919],[-0.46643,47.76819],[-0.48202,47.77575],[-0.50707,47.78512],[-0.49724,47.79219],[-0.49508,47.80139],[-0.5019,47.81165],[-0.50338,47.81732],[-0.50229,47.82335],[-0.48619,47.81793],[-0.45263,47.8171],[-0.43412,47.80923],[-0.41702,47.80255],[-0.38818,47.80553],[-0.38712,47.80427]]]]}},{"type":"Feature","properties":{"code":"53211","nom":"Saint-Denis-de-Gastines","departement":"53","region":"52"},"geometry":{"type":"MultiPolygon","coordinates":[[[[-0.88488,48.37115],[-0.88141,48.36617],[-0.87392,48.36604],[-0.85999,48.36919],[-0.85239,48.36922],[-0.84611,48.366],[-0.83545,48.36516],[-0.82371,48.36561],[-0.81696,48.36938],[-0.81614,48.37149],[-0.81293,48.37356],[-0.80966,48.37456],[-0.80747,48.37426],[-0.80542,48.37412],[-0.80307,48.37219],[-0.80252,48.37005],[-0.8042,48.36453],[-0.80604,48.36219],[-0.8054,48.35225],[-0.80413,48.35071],[-0.80218,48.3488],[-0.80197,48.34551],[-0.80621,48.32617],[-0.80279,48.32257],[-0.80273,48.3211],[-0.80863,48.32258],[-0.81592,48.32312],[-0.82334,48.32266],[-0.82814,48.31815],[-0.83943,48.31379],[-0.84457,48.31469],[-0.84834,48.31727],[-0.86631,48.31665],[-0.86914,48.31245],[-0.87899,48.32563],[-0.87543,48.32635],[-0.87326,48.32599],[-0.87112,48.32694],[-0.87867,48.33505],[-0.89452,48.33733],[-0.90504,48.33641],[-0.94119,48.32547],[-0.94446,48.33873],[-0.94626,48.35212],[-0.93646,48.36457],[-0.9347,48.36458],[-0.92941,48.36658],[-0.92603,48.36995],[-0.9022,48.3693],[-0.88488,48.37115]]]]}},{"type":"Feature","properties":{"code":"53212","nom":"Saint-Denis-du-Maine","departement":"53","region":"52"},"geometry":{"type":"MultiPolygon","coordinates":[[[[-0.55719,48.0025],[-0.55404,48.00206],[-0.53485,48.00018],[-0.50882,47.99518],[-0.50271,47.99041],[-0.49855,47.98497],[-0.49552,47.97864],[-0.48688,47.97378],[-0.49539,47.96842],[-0.50556,47.96515],[-0.50956,47.96616],[-0.51377,47.96448],[-0.5151,47.96257],[-0.53602,47.96357],[-0.54402,47.96532],[-0.54838,47.97411],[-0.54625,47.97917],[-0.54408,47.99052],[-0.55594,47.99886],[-0.55792,48.00139],[-0.55719,48.0025]]]]}},{"type":"Feature","properties":{"code":"53213","nom":"Saint-Ellier-du-Maine","departement":"53","region":"52"},"geometry":{"type":"MultiPolygon","coordinates":[[[[-1.05302,48.38097],[-1.06226,48.39704],[-1.08046,48.41694],[-1.07891,48.41832],[-1.07807,48.42215],[-1.04273,48.42655],[-1.0385,48.41951],[-1.03106,48.41652],[-1.02088,48.41492],[-1.00409,48.41459],[-1.00287,48.41179],[-1.00141,48.40115],[-1.0122,48.39092],[-1.01649,48.38815],[-1.02174,48.38768],[-1.04923,48.38081],[-1.05302,48.38097]]]]}},{"type":"Feature","properties":{"code":"53214","nom":"Saint-Erblon","departement":"53","region":"52"},"geometry":{"type":"MultiPolygon","coordinates":[[[[-1.16719,47.79794],[-1.16414,47.79608],[-1.15094,47.79568],[-1.14554,47.79369],[-1.1416,47.79038],[-1.13978,47.78699],[-1.13956,47.78209],[-1.1371,47.77536],[-1.1403,47.7749],[-1.14404,47.77453],[-1.14914,47.77527],[-1.15316,47.77823],[-1.1711,47.77976],[-1.17816,47.78387],[-1.17796,47.78467],[-1.17696,47.79437],[-1.17303,47.79964],[-1.17051,47.8006],[-1.16719,47.79794]]]]}},{"type":"Feature","properties":{"code":"53216","nom":"Saint-Fraimbault-de-Prières","departement":"53","region":"52"},"geometry":{"type":"MultiPolygon","coordinates":[[[[-0.5724,48.37049],[-0.57023,48.37015],[-0.55404,48.3722],[-0.55112,48.35913],[-0.55216,48.35765],[-0.55189,48.35541],[-0.5502,48.34535],[-0.54823,48.34097],[-0.55757,48.32954],[-0.56454,48.3249],[-0.57426,48.32564],[-0.57773,48.32754],[-0.60172,48.33541],[-0.59626,48.34227],[-0.60017,48.35304],[-0.60603,48.35468],[-0.60214,48.36275],[-0.59488,48.36832],[-0.5813,48.36815],[-0.5724,48.37049]]]]}},{"type":"Feature","properties":{"code":"53218","nom":"Sainte-Gemmes-le-Robert","departement":"53","region":"52"},"geometry":{"type":"MultiPolygon","coordinates":[[[[-0.39027,48.23286],[-0.38952,48.23201],[-0.37968,48.22946],[-0.36937,48.23515],[-0.36274,48.2346],[-0.35281,48.23212],[-0.34406,48.22195],[-0.3266,48.20306],[-0.32508,48.19944],[-0.32532,48.19585],[-0.3279,48.18703],[-0.3364,48.18255],[-0.33816,48.179],[-0.34823,48.17225],[-0.35192,48.16959],[-0.35424,48.16873],[-0.39235,48.18331],[-0.40633,48.1834],[-0.40548,48.18538],[-0.40845,48.20409],[-0.41687,48.2134],[-0.42815,48.22144],[-0.42732,48.22187],[-0.42881,48.22482],[-0.42261,48.22855],[-0.39988,48.2294],[-0.39027,48.23286]]]]}},{"type":"Feature","properties":{"code":"53219","nom":"Saint-Georges-Buttavent","departement":"53","region":"52"},"geometry":{"type":"MultiPolygon","coordinates":[[[[-0.73921,48.2716],[-0.73954,48.27307],[-0.74191,48.27424],[-0.74473,48.27403],[-0.75005,48.27577],[-0.75993,48.28892],[-0.77016,48.29433],[-0.77252,48.29963],[-0.75805,48.30549],[-0.74884,48.30831],[-0.73866,48.31502],[-0.72663,48.32104],[-0.70787,48.32405],[-0.70516,48.33442],[-0.70352,48.33623],[-0.69897,48.33477],[-0.68988,48.33478],[-0.68033,48.33366],[-0.66534,48.33017],[-0.66364,48.32921],[-0.66234,48.32651],[-0.66148,48.32485],[-0.67423,48.31483],[-0.6752,48.31179],[-0.67356,48.30415],[-0.67124,48.3033],[-0.66999,48.30183],[-0.66645,48.2983],[-0.66685,48.29306],[-0.6692,48.28609],[-0.67364,48.28005],[-0.67334,48.27926],[-0.67147,48.279],[-0.67167,48.27311],[-0.6732,48.27175],[-0.67482,48.27152],[-0.68334,48.27258],[-0.68848,48.27724],[-0.69095,48.27818],[-0.69901,48.27902],[-0.7236,48.2732],[-0.73703,48.27314],[-0.73921,48.2716]]]]}},{"type":"Feature","properties":{"code":"53220","nom":"Saint-Georges-le-Fléchard","departement":"53","region":"52"},"geometry":{"type":"MultiPolygon","coordinates":[[[[-0.51032,48.04479],[-0.48681,48.03604],[-0.48465,48.02458],[-0.48454,48.01713],[-0.4915,48.01949],[-0.49724,48.02319],[-0.51442,48.02967],[-0.53005,48.03306],[-0.54219,48.03439],[-0.54256,48.03368],[-0.55514,48.0401],[-0.54479,48.04565],[-0.53557,48.04944],[-0.52243,48.0482],[-0.51032,48.04479]]]]}},{"type":"Feature","properties":{"code":"53221","nom":"Saint-Georges-sur-Erve","departement":"53","region":"52"},"geometry":{"type":"MultiPolygon","coordinates":[[[[-0.3279,48.18703],[-0.31237,48.19316],[-0.3063,48.19789],[-0.30092,48.19919],[-0.29398,48.1995],[-0.28132,48.19768],[-0.27401,48.20147],[-0.26809,48.19929],[-0.26867,48.19728],[-0.27658,48.18862],[-0.276,48.18739],[-0.27211,48.18371],[-0.26284,48.17882],[-0.26115,48.17883],[-0.25815,48.17733],[-0.25247,48.17273],[-0.24949,48.16906],[-0.24664,48.16015],[-0.2556,48.15925],[-0.26101,48.15787],[-0.27736,48.15763],[-0.27964,48.15856],[-0.28694,48.15693],[-0.29531,48.1639],[-0.30646,48.16839],[-0.31209,48.16967],[-0.32652,48.16828],[-0.33232,48.16851],[-0.34823,48.17225],[-0.33816,48.179],[-0.3364,48.18255],[-0.3279,48.18703]]]]}},{"type":"Feature","properties":{"code":"53222","nom":"Saint-Germain-d'Anxure","departement":"53","region":"52"},"geometry":{"type":"MultiPolygon","coordinates":[[[[-0.71777,48.19702],[-0.71892,48.19954],[-0.72079,48.20051],[-0.72706,48.20249],[-0.74023,48.20498],[-0.74939,48.20464],[-0.76361,48.20294],[-0.76539,48.21389],[-0.76375,48.21562],[-0.75216,48.21822],[-0.74613,48.22327],[-0.73888,48.23334],[-0.73168,48.24611],[-0.72877,48.2475],[-0.71749,48.24927],[-0.71999,48.24662],[-0.72015,48.24028],[-0.73269,48.23155],[-0.73499,48.22921],[-0.73522,48.22766],[-0.7308,48.22129],[-0.72625,48.21834],[-0.71492,48.21699],[-0.70809,48.21523],[-0.70693,48.21337],[-0.70756,48.21154],[-0.70997,48.20962],[-0.7102,48.20702],[-0.71187,48.20161],[-0.71777,48.19702]]]]}},{"type":"Feature","properties":{"code":"53223","nom":"Saint-Germain-de-Coulamer","departement":"53","region":"52"},"geometry":{"type":"MultiPolygon","coordinates":[[[[-0.14997,48.27625],[-0.15343,48.26792],[-0.16277,48.25704],[-0.16132,48.23898],[-0.199,48.24745],[-0.2023,48.24882],[-0.20516,48.25392],[-0.20338,48.26114],[-0.20672,48.26488],[-0.21288,48.26846],[-0.21581,48.26842],[-0.21777,48.26941],[-0.22411,48.2733],[-0.22614,48.27339],[-0.22504,48.28324],[-0.22581,48.28532],[-0.20813,48.28427],[-0.19941,48.28486],[-0.19512,48.29034],[-0.19102,48.29067],[-0.18394,48.28999],[-0.17719,48.28784],[-0.16464,48.27729],[-0.1593,48.27773],[-0.15372,48.27925],[-0.15117,48.27748],[-0.14997,48.27625]]]]}},{"type":"Feature","properties":{"code":"53224","nom":"Saint-Germain-le-Fouilloux","departement":"53","region":"52"},"geometry":{"type":"MultiPolygon","coordinates":[[[[-0.77748,48.14975],[-0.78361,48.13766],[-0.7921,48.1266],[-0.79312,48.12315],[-0.80327,48.12128],[-0.82052,48.12154],[-0.82471,48.12249],[-0.83248,48.12545],[-0.83664,48.12793],[-0.83891,48.13022],[-0.83836,48.13317],[-0.84763,48.13938],[-0.84112,48.14806],[-0.84296,48.15328],[-0.82958,48.15666],[-0.80568,48.15861],[-0.78783,48.15414],[-0.77748,48.14975]]]]}},{"type":"Feature","properties":{"code":"53225","nom":"Saint-Germain-le-Guillaume","departement":"53","region":"52"},"geometry":{"type":"MultiPolygon","coordinates":[[[[-0.85009,48.19055],[-0.856,48.19483],[-0.85966,48.19916],[-0.85897,48.2004],[-0.85465,48.20279],[-0.85185,48.20295],[-0.84495,48.20533],[-0.84037,48.21202],[-0.84382,48.21778],[-0.84831,48.21953],[-0.85052,48.22301],[-0.8502,48.22429],[-0.84606,48.22895],[-0.83695,48.23294],[-0.83544,48.23339],[-0.82835,48.23132],[-0.82677,48.23138],[-0.82495,48.23037],[-0.82039,48.2237],[-0.80574,48.21257],[-0.79991,48.20257],[-0.79945,48.19616],[-0.80005,48.19243],[-0.8067,48.1896],[-0.81548,48.18801],[-0.82369,48.18905],[-0.82981,48.19126],[-0.83805,48.19242],[-0.85009,48.19055]]]]}},{"type":"Feature","properties":{"code":"53226","nom":"Saint-Hilaire-du-Maine","departement":"53","region":"52"},"geometry":{"type":"MultiPolygon","coordinates":[[[[-0.95037,48.18387],[-0.95011,48.18689],[-0.9514,48.18982],[-0.9555,48.19465],[-0.96434,48.19878],[-0.95396,48.20004],[-0.95802,48.21721],[-0.9556,48.24019],[-0.95936,48.25038],[-0.96344,48.25289],[-0.96237,48.25608],[-0.96028,48.25728],[-0.94166,48.26048],[-0.93071,48.26106],[-0.9174,48.25971],[-0.91179,48.25897],[-0.90812,48.25724],[-0.90817,48.25664],[-0.91039,48.25691],[-0.91104,48.254],[-0.90909,48.25184],[-0.90667,48.24546],[-0.91156,48.22757],[-0.9101,48.22013],[-0.90637,48.21538],[-0.88543,48.20432],[-0.8838,48.2024],[-0.88495,48.2014],[-0.88754,48.20093],[-0.88909,48.19899],[-0.93169,48.1886],[-0.94,48.18557],[-0.94167,48.18413],[-0.95037,48.18387]]]]}},{"type":"Feature","properties":{"code":"53228","nom":"Blandouet-Saint Jean","departement":"53","region":"52"},"geometry":{"type":"MultiPolygon","coordinates":[[[[-0.44287,48.06624],[-0.43438,48.06516],[-0.41848,48.06531],[-0.40356,48.06299],[-0.4005,48.06182],[-0.40361,48.05892],[-0.40373,48.05741],[-0.39956,48.05202],[-0.38735,48.04978],[-0.38048,48.04969],[-0.36695,48.05263],[-0.35013,48.05763],[-0.34595,48.06525],[-0.34646,48.07129],[-0.33518,48.07224],[-0.32237,48.07738],[-0.32373,48.08051],[-0.31826,48.07861],[-0.3164,48.07602],[-0.31632,48.07324],[-0.30674,48.07125],[-0.29791,48.0716],[-0.29098,48.06804],[-0.28607,48.05839],[-0.28944,48.05516],[-0.29484,48.05225],[-0.31177,48.04674],[-0.31877,48.04741],[-0.33035,48.05033],[-0.33387,48.04899],[-0.34164,48.04324],[-0.33449,48.03246],[-0.35381,48.03319],[-0.35771,48.03009],[-0.36647,48.01927],[-0.37627,48.01905],[-0.37714,48.01677],[-0.39042,48.01732],[-0.39995,48.01865],[-0.41233,48.0234],[-0.42841,48.03085],[-0.42748,48.03228],[-0.43032,48.05188],[-0.44287,48.06624]]]]}},{"type":"Feature","properties":{"code":"53229","nom":"Saint-Jean-sur-Mayenne","departement":"53","region":"52"},"geometry":{"type":"MultiPolygon","coordinates":[[[[-0.6972,48.15969],[-0.69898,48.15605],[-0.71046,48.15457],[-0.72076,48.15168],[-0.73078,48.14538],[-0.73123,48.14368],[-0.72896,48.14217],[-0.72566,48.14147],[-0.72674,48.13678],[-0.72872,48.13241],[-0.73827,48.12224],[-0.75392,48.12118],[-0.76716,48.11851],[-0.77078,48.12062],[-0.77867,48.12274],[-0.79312,48.12315],[-0.7921,48.1266],[-0.78361,48.13766],[-0.77748,48.14975],[-0.7737,48.14918],[-0.76661,48.1546],[-0.76954,48.16233],[-0.76143,48.16294],[-0.74855,48.16234],[-0.74187,48.16279],[-0.74055,48.15846],[-0.72292,48.15764],[-0.70989,48.15941],[-0.6972,48.15969]]]]}},{"type":"Feature","properties":{"code":"53230","nom":"Saint-Julien-du-Terroux","departement":"53","region":"52"},"geometry":{"type":"MultiPolygon","coordinates":[[[[-0.42536,48.50747],[-0.40919,48.50562],[-0.39761,48.51065],[-0.39115,48.50877],[-0.39372,48.50171],[-0.39307,48.50109],[-0.39742,48.48777],[-0.39718,48.47872],[-0.40195,48.46465],[-0.4001,48.46132],[-0.39812,48.46023],[-0.39765,48.45954],[-0.40316,48.45481],[-0.41199,48.45766],[-0.41439,48.45787],[-0.41708,48.45671],[-0.4238,48.4622],[-0.42796,48.46791],[-0.42652,48.47098],[-0.42424,48.47243],[-0.42322,48.48145],[-0.42487,48.48626],[-0.42123,48.48936],[-0.42018,48.49306],[-0.42485,48.49738],[-0.42651,48.50409],[-0.42536,48.50747]]]]}},{"type":"Feature","properties":{"code":"53232","nom":"Saint-Léger","departement":"53","region":"52"},"geometry":{"type":"MultiPolygon","coordinates":[[[[-0.43393,48.10049],[-0.41563,48.10386],[-0.41452,48.10139],[-0.41493,48.08103],[-0.41902,48.07049],[-0.44287,48.06624],[-0.44645,48.06713],[-0.4579,48.0722],[-0.46014,48.07774],[-0.46496,48.08049],[-0.49675,48.08801],[-0.49264,48.09922],[-0.48538,48.09857],[-0.45151,48.0991],[-0.43393,48.10049]]]]}},{"type":"Feature","properties":{"code":"53233","nom":"Saint-Loup-du-Dorat","departement":"53","region":"52"},"geometry":{"type":"MultiPolygon","coordinates":[[[[-0.41878,47.8733],[-0.42805,47.86834],[-0.43425,47.86996],[-0.43788,47.87425],[-0.43898,47.87998],[-0.44283,47.88586],[-0.44986,47.88936],[-0.45472,47.89044],[-0.44932,47.89553],[-0.44698,47.89634],[-0.42171,47.89839],[-0.41099,47.89536],[-0.40426,47.89283],[-0.39972,47.8932],[-0.39112,47.88917],[-0.4146,47.87665],[-0.41878,47.8733]]]]}},{"type":"Feature","properties":{"code":"53234","nom":"Saint-Loup-du-Gast","departement":"53","region":"52"},"geometry":{"type":"MultiPolygon","coordinates":[[[[-0.60445,48.38073],[-0.60766,48.38167],[-0.60905,48.39103],[-0.60776,48.40409],[-0.60595,48.40453],[-0.59751,48.4022],[-0.59408,48.39905],[-0.58424,48.3949],[-0.57945,48.39493],[-0.57898,48.3972],[-0.57564,48.40029],[-0.56648,48.40355],[-0.56368,48.40348],[-0.56472,48.39612],[-0.56032,48.38264],[-0.56451,48.37688],[-0.5724,48.37049],[-0.5813,48.36815],[-0.59488,48.36832],[-0.58818,48.37842],[-0.58844,48.3803],[-0.58924,48.381],[-0.59187,48.3812],[-0.60445,48.38073]]]]}},{"type":"Feature","properties":{"code":"53235","nom":"Sainte-Marie-du-Bois","departement":"53","region":"52"},"geometry":{"type":"MultiPolygon","coordinates":[[[[-0.49011,48.48516],[-0.4671,48.4815],[-0.45884,48.47733],[-0.45697,48.4741],[-0.45383,48.47322],[-0.45385,48.47028],[-0.45737,48.46259],[-0.46966,48.45159],[-0.47897,48.45509],[-0.49402,48.45923],[-0.50983,48.46033],[-0.51313,48.46116],[-0.51652,48.46389],[-0.51534,48.46809],[-0.51126,48.46847],[-0.50611,48.47805],[-0.50059,48.48182],[-0.49592,48.4842],[-0.49011,48.48516]]]]}},{"type":"Feature","properties":{"code":"53236","nom":"Saint-Mars-du-Désert","departement":"53","region":"52"},"geometry":{"type":"MultiPolygon","coordinates":[[[[-0.21502,48.29193],[-0.21492,48.29307],[-0.21312,48.29424],[-0.20623,48.29605],[-0.18972,48.29674],[-0.18213,48.30007],[-0.17524,48.30462],[-0.1718,48.30887],[-0.16628,48.31146],[-0.15498,48.31401],[-0.14844,48.31389],[-0.14569,48.31201],[-0.14123,48.3053],[-0.13851,48.29522],[-0.13859,48.29422],[-0.14804,48.28704],[-0.15117,48.27748],[-0.15372,48.27925],[-0.1593,48.27773],[-0.16464,48.27729],[-0.17719,48.28784],[-0.18394,48.28999],[-0.19102,48.29067],[-0.19512,48.29034],[-0.19941,48.28486],[-0.20813,48.28427],[-0.22581,48.28532],[-0.21656,48.29019],[-0.21502,48.29193]]]]}},{"type":"Feature","properties":{"code":"53237","nom":"Saint-Mars-sur-Colmont","departement":"53","region":"52"},"geometry":{"type":"MultiPolygon","coordinates":[[[[-0.73433,48.36355],[-0.73259,48.36666],[-0.7312,48.37445],[-0.73398,48.37968],[-0.73379,48.3886],[-0.73122,48.39619],[-0.73194,48.40536],[-0.7315,48.40967],[-0.73032,48.41037],[-0.73034,48.40952],[-0.71412,48.40069],[-0.71058,48.39697],[-0.70399,48.39547],[-0.69158,48.39635],[-0.68935,48.40023],[-0.68564,48.40314],[-0.68304,48.40197],[-0.68088,48.4009],[-0.68052,48.39955],[-0.67941,48.39496],[-0.68196,48.3933],[-0.67532,48.37608],[-0.67585,48.37486],[-0.68962,48.36576],[-0.70102,48.36192],[-0.7177,48.36187],[-0.73433,48.36355]]]]}},{"type":"Feature","properties":{"code":"53238","nom":"Saint-Mars-sur-la-Futaie","departement":"53","region":"52"},"geometry":{"type":"MultiPolygon","coordinates":[[[[-0.98865,48.40813],[-0.99411,48.41093],[-1.00287,48.41179],[-1.00409,48.41459],[-1.02088,48.41492],[-1.03106,48.41652],[-1.0385,48.41951],[-1.04273,48.42655],[-1.04196,48.42794],[-1.054,48.43806],[-1.06257,48.44825],[-1.06024,48.44959],[-1.04617,48.45355],[-1.03428,48.45454],[-1.02714,48.45337],[-1.01651,48.45005],[-1.0135,48.44692],[-1.011,48.44692],[-0.99973,48.44178],[-0.99014,48.4406],[-0.97781,48.43727],[-0.97385,48.43271],[-0.96698,48.42808],[-0.95643,48.42352],[-0.95938,48.41819],[-0.96538,48.41319],[-0.98865,48.40813]]]]}},{"type":"Feature","properties":{"code":"53240","nom":"Saint-Martin-du-Limet","departement":"53","region":"52"},"geometry":{"type":"MultiPolygon","coordinates":[[[[-1.05943,47.81558],[-1.02712,47.83444],[-1.01608,47.83552],[-1.00572,47.83463],[-1.00066,47.83336],[-0.99938,47.82956],[-1.0054,47.82637],[-1.00715,47.82458],[-1.00909,47.81254],[-1.01302,47.80167],[-1.01874,47.79721],[-1.02124,47.79314],[-1.0282,47.7958],[-1.04205,47.79742],[-1.04598,47.79701],[-1.04678,47.80216],[-1.05943,47.81558]]]]}},{"type":"Feature","properties":{"code":"53242","nom":"Saint-Michel-de-la-Roë","departement":"53","region":"52"},"geometry":{"type":"MultiPolygon","coordinates":[[[[-1.16553,47.87028],[-1.16436,47.87431],[-1.15953,47.88175],[-1.15524,47.88467],[-1.15315,47.8856],[-1.14753,47.88448],[-1.14527,47.8849],[-1.14253,47.88682],[-1.14418,47.88881],[-1.09627,47.87993],[-1.09468,47.87413],[-1.09093,47.86731],[-1.08994,47.86758],[-1.09973,47.85497],[-1.10569,47.85271],[-1.10745,47.85115],[-1.1194,47.85946],[-1.13283,47.86487],[-1.1425,47.86562],[-1.16553,47.87028]]]]}},{"type":"Feature","properties":{"code":"53243","nom":"Saint-Ouën-des-Toits","departement":"53","region":"52"},"geometry":{"type":"MultiPolygon","coordinates":[[[[-0.8691,48.12281],[-0.8857,48.12782],[-0.89472,48.12629],[-0.90602,48.12223],[-0.90992,48.12188],[-0.91196,48.12332],[-0.91418,48.12807],[-0.92925,48.13825],[-0.94876,48.14137],[-0.95236,48.14263],[-0.95749,48.14412],[-0.94235,48.15101],[-0.93822,48.1496],[-0.93776,48.15458],[-0.91546,48.15276],[-0.90211,48.15536],[-0.88819,48.15929],[-0.87139,48.15604],[-0.86252,48.15522],[-0.85776,48.15974],[-0.85282,48.1584],[-0.84296,48.15328],[-0.84112,48.14806],[-0.84763,48.13938],[-0.86249,48.14276],[-0.86445,48.13967],[-0.86248,48.13521],[-0.85637,48.129],[-0.85955,48.12367],[-0.86674,48.12207],[-0.8691,48.12281]]]]}},{"type":"Feature","properties":{"code":"53245","nom":"Saint-Pierre-des-Landes","departement":"53","region":"52"},"geometry":{"type":"MultiPolygon","coordinates":[[[[-0.98439,48.30345],[-0.98438,48.30077],[-0.98115,48.29499],[-0.97009,48.29165],[-0.96986,48.2893],[-0.97321,48.28296],[-0.98172,48.28107],[-0.98796,48.27812],[-0.99217,48.2686],[-0.99478,48.26843],[-1.00354,48.26173],[-1.01655,48.25396],[-1.02461,48.25248],[-1.03252,48.25433],[-1.03422,48.25815],[-1.04062,48.26426],[-1.06746,48.26803],[-1.0811,48.27303],[-1.08271,48.27473],[-1.0936,48.27293],[-1.09265,48.27505],[-1.09336,48.2776],[-1.09273,48.2826],[-1.08864,48.28992],[-1.07821,48.30063],[-1.06136,48.31119],[-1.04798,48.30902],[-1.02678,48.30319],[-1.02059,48.30776],[-1.00922,48.32056],[-1.0065,48.32138],[-1.00377,48.32033],[-1.00037,48.31771],[-0.99782,48.31743],[-0.99223,48.31839],[-0.98922,48.32258],[-0.98614,48.32471],[-0.98207,48.32594],[-0.97507,48.32506],[-0.96536,48.32043],[-0.9797,48.31473],[-0.98571,48.31023],[-0.98439,48.30345]]]]}},{"type":"Feature","properties":{"code":"53246","nom":"Saint-Pierre-des-Nids","departement":"53","region":"52"},"geometry":{"type":"MultiPolygon","coordinates":[[[[-0.11231,48.37429],[-0.12224,48.3771],[-0.12859,48.3812],[-0.13453,48.38384],[-0.15708,48.38581],[-0.17237,48.38947],[-0.18277,48.40314],[-0.17353,48.41308],[-0.15762,48.42005],[-0.15547,48.41838],[-0.1551,48.41458],[-0.15313,48.41216],[-0.13912,48.40893],[-0.12196,48.40976],[-0.11678,48.41278],[-0.11555,48.41628],[-0.10735,48.41394],[-0.09871,48.41305],[-0.08942,48.41374],[-0.08326,48.41513],[-0.0737,48.41993],[-0.06954,48.42443],[-0.07057,48.42956],[-0.07316,48.43082],[-0.05728,48.42914],[-0.0545,48.42232],[-0.05394,48.41635],[-0.05671,48.39787],[-0.05633,48.39563],[-0.05387,48.39375],[-0.05252,48.3925],[-0.05492,48.38212],[-0.05784,48.3818],[-0.06763,48.37837],[-0.07306,48.37376],[-0.07985,48.37239],[-0.0945,48.37392],[-0.11231,48.37429]]]]}},{"type":"Feature","properties":{"code":"53247","nom":"Saint-Pierre-la-Cour","departement":"53","region":"52"},"geometry":{"type":"MultiPolygon","coordinates":[[[[-1.04934,48.08975],[-1.05068,48.09461],[-1.05073,48.10131],[-1.05168,48.10519],[-1.05308,48.1061],[-1.05446,48.11477],[-1.05937,48.12571],[-1.04347,48.12334],[-1.0404,48.12559],[-1.03914,48.12944],[-1.00597,48.11976],[-0.98486,48.11741],[-0.98373,48.11526],[-0.98428,48.11111],[-0.98733,48.1068],[-0.98864,48.10557],[-0.99895,48.10274],[-1.00494,48.09335],[-1.00683,48.08785],[-1.00837,48.08717],[-1.01743,48.09157],[-1.02419,48.09295],[-1.04501,48.09119],[-1.04934,48.08975]]]]}},{"type":"Feature","properties":{"code":"53248","nom":"Saint-Pierre-sur-Erve","departement":"53","region":"52"},"geometry":{"type":"MultiPolygon","coordinates":[[[[-0.40799,47.99212],[-0.40807,47.99343],[-0.41494,48.00178],[-0.4433,48.01503],[-0.42968,48.02633],[-0.42841,48.03085],[-0.41233,48.0234],[-0.39995,48.01865],[-0.39042,48.01732],[-0.37714,48.01677],[-0.37625,48.01631],[-0.37706,48.01341],[-0.38351,48.00511],[-0.4011,47.99423],[-0.40799,47.99212]]]]}},{"type":"Feature","properties":{"code":"53249","nom":"Vimartin-sur-Orthe","departement":"53","region":"52"},"geometry":{"type":"MultiPolygon","coordinates":[[[[-0.14681,48.20511],[-0.16455,48.19986],[-0.17878,48.19048],[-0.18746,48.18467],[-0.18573,48.18349],[-0.19929,48.17809],[-0.232,48.16862],[-0.23775,48.16539],[-0.24129,48.16217],[-0.24664,48.16015],[-0.24949,48.16906],[-0.25247,48.17273],[-0.25815,48.17733],[-0.26115,48.17883],[-0.26284,48.17882],[-0.27211,48.18371],[-0.276,48.18739],[-0.27658,48.18862],[-0.26867,48.19728],[-0.26809,48.19929],[-0.27401,48.20147],[-0.28432,48.21235],[-0.283,48.21445],[-0.27805,48.21893],[-0.26943,48.22437],[-0.26337,48.22443],[-0.25462,48.22873],[-0.25312,48.23196],[-0.25388,48.23711],[-0.26053,48.24934],[-0.27397,48.251],[-0.25447,48.26175],[-0.24671,48.26234],[-0.2429,48.2599],[-0.24222,48.2537],[-0.23366,48.26262],[-0.21777,48.26941],[-0.21581,48.26842],[-0.21288,48.26846],[-0.20672,48.26488],[-0.20338,48.26114],[-0.20516,48.25392],[-0.2023,48.24882],[-0.199,48.24745],[-0.16132,48.23898],[-0.15801,48.23905],[-0.14639,48.22672],[-0.14523,48.22454],[-0.14541,48.2219],[-0.15032,48.21916],[-0.15329,48.2151],[-0.15303,48.21206],[-0.15013,48.21022],[-0.14681,48.20511]]]]}},{"type":"Feature","properties":{"code":"53250","nom":"Saint-Poix","departement":"53","region":"52"},"geometry":{"type":"MultiPolygon","coordinates":[[[[-1.07896,47.96466],[-1.07178,47.96705],[-1.06078,47.97524],[-1.02432,47.97667],[-1.01984,47.97534],[-1.01858,47.96822],[-1.01976,47.96019],[-1.02363,47.95546],[-1.02702,47.95354],[-1.02869,47.95315],[-1.0343,47.95388],[-1.04437,47.95809],[-1.05314,47.9594],[-1.05644,47.96219],[-1.06849,47.96142],[-1.07896,47.96466]]]]}},{"type":"Feature","properties":{"code":"53251","nom":"Saint-Quentin-les-Anges","departement":"53","region":"52"},"geometry":{"type":"MultiPolygon","coordinates":[[[[-0.83537,47.76971],[-0.84006,47.76827],[-0.83955,47.76445],[-0.83948,47.7523],[-0.85987,47.75819],[-0.88042,47.76345],[-0.89349,47.76352],[-0.89335,47.7678],[-0.8934,47.7686],[-0.89563,47.7747],[-0.90363,47.77873],[-0.92049,47.78446],[-0.93212,47.79372],[-0.9288,47.79502],[-0.91731,47.79236],[-0.90854,47.79208],[-0.90189,47.79421],[-0.89857,47.79658],[-0.89756,47.79956],[-0.89359,47.80038],[-0.88565,47.79574],[-0.86797,47.79098],[-0.84688,47.78889],[-0.84231,47.77917],[-0.83682,47.77776],[-0.83537,47.76971]]]]}},{"type":"Feature","properties":{"code":"53253","nom":"Saint-Saturnin-du-Limet","departement":"53","region":"52"},"geometry":{"type":"MultiPolygon","coordinates":[[[[-1.13106,47.82883],[-1.12295,47.82792],[-1.10669,47.8237],[-1.10017,47.82421],[-1.0942,47.83002],[-1.06555,47.82087],[-1.06266,47.81949],[-1.05943,47.81558],[-1.04678,47.80216],[-1.04598,47.79701],[-1.05236,47.80023],[-1.07233,47.80226],[-1.09095,47.81036],[-1.10961,47.81276],[-1.12752,47.81609],[-1.13585,47.81954],[-1.13663,47.82213],[-1.13526,47.82512],[-1.13106,47.82883]]]]}},{"type":"Feature","properties":{"code":"53255","nom":"Sainte-Suzanne-et-Chammes","departement":"53","region":"52"},"geometry":{"type":"MultiPolygon","coordinates":[[[[-0.32572,48.11181],[-0.32471,48.11181],[-0.32465,48.111],[-0.32682,48.1084],[-0.32716,48.10291],[-0.32386,48.08733],[-0.32442,48.08079],[-0.32373,48.08051],[-0.32237,48.07738],[-0.33518,48.07224],[-0.34646,48.07129],[-0.34595,48.06525],[-0.35013,48.05763],[-0.36695,48.05263],[-0.38048,48.04969],[-0.38735,48.04978],[-0.39956,48.05202],[-0.40373,48.05741],[-0.40361,48.05892],[-0.4005,48.06182],[-0.40356,48.06299],[-0.41848,48.06531],[-0.43438,48.06516],[-0.44287,48.06624],[-0.41902,48.07049],[-0.41493,48.08103],[-0.41452,48.10139],[-0.40445,48.10224],[-0.39668,48.10467],[-0.39119,48.10766],[-0.38848,48.10942],[-0.38253,48.11081],[-0.37679,48.11323],[-0.37196,48.11621],[-0.36736,48.13208],[-0.35556,48.13317],[-0.34346,48.13279],[-0.33055,48.11986],[-0.32849,48.1141],[-0.32572,48.11181]]]]}},{"type":"Feature","properties":{"code":"53256","nom":"Saint-Thomas-de-Courceriers","departement":"53","region":"52"},"geometry":{"type":"MultiPolygon","coordinates":[[[[-0.21777,48.26941],[-0.23366,48.26262],[-0.24222,48.2537],[-0.2429,48.2599],[-0.24671,48.26234],[-0.25447,48.26175],[-0.27397,48.251],[-0.27524,48.25059],[-0.27943,48.24501],[-0.2795,48.24368],[-0.2757,48.23938],[-0.27871,48.23815],[-0.2843,48.23906],[-0.28739,48.241],[-0.30017,48.25752],[-0.30112,48.26008],[-0.29594,48.26104],[-0.28956,48.26795],[-0.28653,48.2789],[-0.27726,48.27972],[-0.26102,48.27837],[-0.25204,48.27896],[-0.22614,48.27339],[-0.22411,48.2733],[-0.21777,48.26941]]]]}},{"type":"Feature","properties":{"code":"53257","nom":"Saulges","departement":"53","region":"52"},"geometry":{"type":"MultiPolygon","coordinates":[[[[-0.4433,48.01503],[-0.41494,48.00178],[-0.40807,47.99343],[-0.40799,47.99212],[-0.39355,47.98763],[-0.38984,47.98262],[-0.3887,47.98225],[-0.3858,47.97154],[-0.37074,47.96686],[-0.37004,47.96605],[-0.36979,47.96111],[-0.36036,47.95995],[-0.36476,47.95088],[-0.37711,47.94036],[-0.38467,47.9353],[-0.39024,47.93541],[-0.39424,47.94437],[-0.40256,47.95723],[-0.41792,47.96031],[-0.41967,47.96103],[-0.41645,47.96542],[-0.41383,47.97348],[-0.42878,47.98198],[-0.44017,47.9922],[-0.44751,48.00231],[-0.45067,48.00365],[-0.45228,48.00352],[-0.45973,48.01026],[-0.4607,48.01378],[-0.45913,48.01551],[-0.45146,48.0178],[-0.4433,48.01503]]]]}},{"type":"Feature","properties":{"code":"53258","nom":"La Selle-Craonnaise","departement":"53","region":"52"},"geometry":{"type":"MultiPolygon","coordinates":[[[[-1.08994,47.86758],[-1.08056,47.86821],[-1.06739,47.86709],[-1.03893,47.87251],[-1.03726,47.8718],[-1.01067,47.86214],[-1.01527,47.8531],[-1.01499,47.83716],[-1.01608,47.83552],[-1.02712,47.83444],[-1.05943,47.81558],[-1.06266,47.81949],[-1.06555,47.82087],[-1.0942,47.83002],[-1.09892,47.83217],[-1.10437,47.84122],[-1.10535,47.84431],[-1.10442,47.84863],[-1.10745,47.85115],[-1.10569,47.85271],[-1.09973,47.85497],[-1.08994,47.86758]]]]}},{"type":"Feature","properties":{"code":"53259","nom":"Senonnes","departement":"53","region":"52"},"geometry":{"type":"MultiPolygon","coordinates":[[[[-1.17796,47.78467],[-1.19332,47.78585],[-1.20153,47.7953],[-1.21279,47.80171],[-1.23776,47.80879],[-1.23878,47.80946],[-1.23811,47.80982],[-1.23428,47.81884],[-1.23284,47.81993],[-1.22606,47.82052],[-1.22294,47.81932],[-1.21816,47.81774],[-1.20141,47.81882],[-1.18843,47.82187],[-1.17111,47.82234],[-1.1744,47.81346],[-1.17085,47.81011],[-1.16358,47.80704],[-1.16268,47.805],[-1.16719,47.79794],[-1.17051,47.8006],[-1.17303,47.79964],[-1.17696,47.79437],[-1.17796,47.78467]]]]}},{"type":"Feature","properties":{"code":"53260","nom":"Simplé","departement":"53","region":"52"},"geometry":{"type":"MultiPolygon","coordinates":[[[[-0.87322,47.8968],[-0.86657,47.901],[-0.86463,47.90404],[-0.85144,47.90365],[-0.84749,47.9015],[-0.84739,47.89694],[-0.84358,47.89111],[-0.83034,47.88193],[-0.83108,47.87938],[-0.83574,47.87277],[-0.84559,47.87051],[-0.85553,47.86459],[-0.86331,47.8622],[-0.87154,47.86301],[-0.87408,47.86417],[-0.87457,47.86738],[-0.87306,47.87336],[-0.86703,47.87933],[-0.86659,47.88478],[-0.86727,47.88977],[-0.87322,47.8968]]]]}},{"type":"Feature","properties":{"code":"53261","nom":"Soucé","departement":"53","region":"52"},"geometry":{"type":"MultiPolygon","coordinates":[[[[-0.68803,48.46958],[-0.68619,48.47039],[-0.68488,48.4737],[-0.68061,48.47845],[-0.6688,48.48655],[-0.66222,48.48387],[-0.65815,48.47691],[-0.6538,48.45403],[-0.66062,48.45201],[-0.66954,48.45184],[-0.68337,48.45573],[-0.68556,48.46504],[-0.68803,48.46958]]]]}},{"type":"Feature","properties":{"code":"53262","nom":"Soulgé-sur-Ouette","departement":"53","region":"52"},"geometry":{"type":"MultiPolygon","coordinates":[[[[-0.55514,48.0401],[-0.55662,48.04021],[-0.56149,48.04341],[-0.55644,48.04863],[-0.55669,48.05296],[-0.55835,48.05504],[-0.56456,48.05799],[-0.57901,48.05358],[-0.60326,48.04315],[-0.6076,48.04492],[-0.61068,48.0552],[-0.60537,48.0608],[-0.6034,48.07068],[-0.59941,48.07615],[-0.59779,48.07704],[-0.58647,48.07782],[-0.58123,48.07691],[-0.56123,48.06873],[-0.55725,48.07133],[-0.55474,48.07631],[-0.55526,48.08203],[-0.54299,48.08798],[-0.54094,48.08848],[-0.53268,48.08766],[-0.52273,48.0842],[-0.52404,48.07364],[-0.5222,48.07126],[-0.52095,48.0714],[-0.52003,48.06774],[-0.50953,48.05808],[-0.51032,48.04479],[-0.52243,48.0482],[-0.53557,48.04944],[-0.54479,48.04565],[-0.55514,48.0401]]]]}},{"type":"Feature","properties":{"code":"53263","nom":"Thubœuf","departement":"53","region":"52"},"geometry":{"type":"MultiPolygon","coordinates":[[[[-0.47828,48.50159],[-0.46674,48.50992],[-0.45085,48.51282],[-0.44422,48.51414],[-0.43163,48.51251],[-0.42833,48.51028],[-0.42443,48.50858],[-0.42536,48.50747],[-0.42651,48.50409],[-0.42485,48.49738],[-0.42018,48.49306],[-0.42123,48.48936],[-0.42487,48.48626],[-0.4383,48.48514],[-0.44733,48.48202],[-0.45159,48.47824],[-0.45383,48.47322],[-0.45697,48.4741],[-0.45884,48.47733],[-0.4671,48.4815],[-0.49011,48.48516],[-0.49093,48.48731],[-0.4895,48.49103],[-0.47828,48.50159]]]]}},{"type":"Feature","properties":{"code":"53264","nom":"Thorigné-en-Charnie","departement":"53","region":"52"},"geometry":{"type":"MultiPolygon","coordinates":[[[[-0.40799,47.99212],[-0.4011,47.99423],[-0.38351,48.00511],[-0.37706,48.01341],[-0.37625,48.01631],[-0.37714,48.01677],[-0.37627,48.01905],[-0.36647,48.01927],[-0.35771,48.03009],[-0.35381,48.03319],[-0.33449,48.03246],[-0.33869,48.01173],[-0.3167,48.00534],[-0.30891,48.00575],[-0.3156,48.00128],[-0.33446,47.99916],[-0.34813,47.99133],[-0.3605,47.98642],[-0.3764,47.985],[-0.38052,47.98198],[-0.38528,47.9816],[-0.3887,47.98225],[-0.38984,47.98262],[-0.39355,47.98763],[-0.40799,47.99212]]]]}},{"type":"Feature","properties":{"code":"53265","nom":"Torcé-Viviers-en-Charnie","departement":"53","region":"52"},"geometry":{"type":"MultiPolygon","coordinates":[[[[-0.32572,48.11181],[-0.32047,48.11437],[-0.31185,48.11234],[-0.30489,48.119],[-0.30151,48.12849],[-0.29193,48.12803],[-0.28131,48.12537],[-0.27594,48.12668],[-0.25396,48.13664],[-0.24684,48.12798],[-0.223,48.12299],[-0.22304,48.12086],[-0.21967,48.1162],[-0.21598,48.11314],[-0.2175,48.10705],[-0.22152,48.10397],[-0.22899,48.10046],[-0.23461,48.09293],[-0.23854,48.08545],[-0.23743,48.08294],[-0.23365,48.0818],[-0.22952,48.07761],[-0.22598,48.07184],[-0.22607,48.06969],[-0.23089,48.0592],[-0.24739,48.0618],[-0.267,48.06363],[-0.27145,48.06524],[-0.27541,48.06394],[-0.28607,48.05839],[-0.29098,48.06804],[-0.29791,48.0716],[-0.30674,48.07125],[-0.31632,48.07324],[-0.3164,48.07602],[-0.31826,48.07861],[-0.32373,48.08051],[-0.32442,48.08079],[-0.32386,48.08733],[-0.32716,48.10291],[-0.32682,48.1084],[-0.32465,48.111],[-0.32471,48.11181],[-0.32572,48.11181]]]]}},{"type":"Feature","properties":{"code":"53266","nom":"Trans","departement":"53","region":"52"},"geometry":{"type":"MultiPolygon","coordinates":[[[[-0.31235,48.25672],[-0.31359,48.26476],[-0.32011,48.26863],[-0.32759,48.27197],[-0.34196,48.27348],[-0.34654,48.27504],[-0.343,48.28261],[-0.33666,48.28958],[-0.32527,48.29782],[-0.32057,48.29909],[-0.31803,48.30104],[-0.31312,48.30208],[-0.30477,48.29979],[-0.29059,48.30248],[-0.27616,48.29759],[-0.2813,48.29564],[-0.28365,48.29065],[-0.28017,48.28558],[-0.2772,48.28424],[-0.27726,48.27972],[-0.28653,48.2789],[-0.28956,48.26795],[-0.29594,48.26104],[-0.30112,48.26008],[-0.30291,48.25997],[-0.30696,48.25636],[-0.31235,48.25672]]]]}},{"type":"Feature","properties":{"code":"53267","nom":"Vaiges","departement":"53","region":"52"},"geometry":{"type":"MultiPolygon","coordinates":[[[[-0.49675,48.08801],[-0.46496,48.08049],[-0.46014,48.07774],[-0.4579,48.0722],[-0.44645,48.06713],[-0.44287,48.06624],[-0.43032,48.05188],[-0.42748,48.03228],[-0.42841,48.03085],[-0.42968,48.02633],[-0.4433,48.01503],[-0.45146,48.0178],[-0.45913,48.01551],[-0.4607,48.01378],[-0.46225,48.01455],[-0.46745,48.01234],[-0.47147,48.01261],[-0.48076,48.0146],[-0.48454,48.01713],[-0.48465,48.02458],[-0.48681,48.03604],[-0.51032,48.04479],[-0.50953,48.05808],[-0.52003,48.06774],[-0.52095,48.0714],[-0.5075,48.07834],[-0.49675,48.08801]]]]}},{"type":"Feature","properties":{"code":"53269","nom":"Vautorte","departement":"53","region":"52"},"geometry":{"type":"MultiPolygon","coordinates":[[[[-0.86914,48.31245],[-0.86631,48.31665],[-0.84834,48.31727],[-0.84457,48.31469],[-0.83943,48.31379],[-0.82814,48.31815],[-0.82334,48.32266],[-0.81592,48.32312],[-0.80863,48.32258],[-0.80273,48.3211],[-0.80134,48.31466],[-0.79902,48.31337],[-0.79533,48.31264],[-0.79011,48.30027],[-0.78069,48.29505],[-0.81566,48.26519],[-0.81714,48.26817],[-0.82707,48.27276],[-0.85246,48.28014],[-0.8505,48.29166],[-0.85431,48.30043],[-0.85276,48.30686],[-0.86914,48.31245]]]]}},{"type":"Feature","properties":{"code":"53270","nom":"Vieuvy","departement":"53","region":"52"},"geometry":{"type":"MultiPolygon","coordinates":[[[[-0.89871,48.43693],[-0.90129,48.43915],[-0.8991,48.44084],[-0.89296,48.4512],[-0.89076,48.4577],[-0.88564,48.46012],[-0.87019,48.46359],[-0.86814,48.45736],[-0.86571,48.45363],[-0.86018,48.44956],[-0.85357,48.44745],[-0.85268,48.44567],[-0.85293,48.44364],[-0.8574,48.43666],[-0.858,48.43731],[-0.86469,48.436],[-0.87064,48.43299],[-0.87538,48.4329],[-0.88123,48.43422],[-0.88606,48.4363],[-0.89415,48.43774],[-0.89871,48.43693]]]]}},{"type":"Feature","properties":{"code":"53271","nom":"Villaines-la-Juhel","departement":"53","region":"52"},"geometry":{"type":"MultiPolygon","coordinates":[[[[-0.31312,48.30208],[-0.31803,48.30104],[-0.33731,48.30796],[-0.33976,48.30808],[-0.32581,48.34017],[-0.31579,48.34547],[-0.31442,48.34783],[-0.31419,48.35102],[-0.31312,48.35122],[-0.3113,48.35556],[-0.30977,48.36428],[-0.29778,48.36446],[-0.28981,48.36357],[-0.28394,48.36461],[-0.27116,48.36857],[-0.26106,48.37326],[-0.25274,48.37467],[-0.25096,48.37042],[-0.2479,48.36743],[-0.24604,48.35496],[-0.24926,48.3514],[-0.25128,48.34717],[-0.25539,48.33434],[-0.25884,48.3304],[-0.28328,48.32582],[-0.29528,48.31955],[-0.30542,48.3118],[-0.31312,48.30208]]]]}},{"type":"Feature","properties":{"code":"53272","nom":"Villepail","departement":"53","region":"52"},"geometry":{"type":"MultiPolygon","coordinates":[[[[-0.21971,48.40884],[-0.22512,48.40576],[-0.24218,48.39934],[-0.25771,48.3905],[-0.26493,48.38815],[-0.28422,48.38478],[-0.29862,48.38356],[-0.30243,48.38475],[-0.30777,48.39444],[-0.29707,48.40346],[-0.30037,48.41125],[-0.28239,48.41288],[-0.2784,48.41467],[-0.27399,48.41401],[-0.2536,48.41584],[-0.23658,48.4157],[-0.22863,48.4165],[-0.2281,48.41788],[-0.22496,48.42024],[-0.21942,48.42242],[-0.21134,48.42039],[-0.2133,48.41506],[-0.21714,48.4099],[-0.21971,48.40884]]]]}},{"type":"Feature","properties":{"code":"53273","nom":"Villiers-Charlemagne","departement":"53","region":"52"},"geometry":{"type":"MultiPolygon","coordinates":[[[[-0.6922,47.95527],[-0.68735,47.95146],[-0.68563,47.94833],[-0.6776,47.94722],[-0.6672,47.94876],[-0.6605,47.94249],[-0.65715,47.94075],[-0.64401,47.93691],[-0.61852,47.93219],[-0.62218,47.92955],[-0.63863,47.92562],[-0.64955,47.91961],[-0.6604,47.91533],[-0.66428,47.91018],[-0.66671,47.90413],[-0.66858,47.89215],[-0.67087,47.88882],[-0.67049,47.88793],[-0.67569,47.89647],[-0.6836,47.89867],[-0.68912,47.89808],[-0.69087,47.89689],[-0.70434,47.90681],[-0.71008,47.90953],[-0.71921,47.91085],[-0.72259,47.91177],[-0.72695,47.9146],[-0.73165,47.92071],[-0.73213,47.92303],[-0.72361,47.93222],[-0.71466,47.93221],[-0.71051,47.9297],[-0.70666,47.9333],[-0.71186,47.94364],[-0.71399,47.94504],[-0.71928,47.94599],[-0.71997,47.9486],[-0.70198,47.95038],[-0.69518,47.95201],[-0.69324,47.95323],[-0.6922,47.95527]]]]}},{"type":"Feature","properties":{"code":"53276","nom":"Voutré","departement":"53","region":"52"},"geometry":{"type":"MultiPolygon","coordinates":[[[[-0.24664,48.16015],[-0.24508,48.1554],[-0.24068,48.15315],[-0.24154,48.14618],[-0.24817,48.14003],[-0.25396,48.13664],[-0.27594,48.12668],[-0.28131,48.12537],[-0.29193,48.12803],[-0.30151,48.12849],[-0.30489,48.119],[-0.31185,48.11234],[-0.32047,48.11437],[-0.32572,48.11181],[-0.32849,48.1141],[-0.33055,48.11986],[-0.34346,48.13279],[-0.34058,48.13587],[-0.34374,48.13723],[-0.33826,48.14442],[-0.33654,48.14531],[-0.32677,48.14185],[-0.30911,48.14088],[-0.29651,48.13938],[-0.29442,48.14503],[-0.29223,48.14509],[-0.29008,48.1478],[-0.28694,48.15693],[-0.27964,48.15856],[-0.27736,48.15763],[-0.26101,48.15787],[-0.2556,48.15925],[-0.24664,48.16015]],[[-0.29426,48.14362],[-0.29386,48.14355],[-0.29393,48.1438],[-0.29427,48.14378],[-0.29426,48.14362]]]]}}]}