{"type":"FeatureCollection","features":[{"type":"Feature","properties":{"code":"60324","nom":"Jaulzy","departement":"60","region":"32"},"geometry":{"type":"MultiPolygon","coordinates":[[[[3.0353,49.39295],[3.04508,49.40401],[3.06158,49.39899],[3.06562,49.39911],[3.08259,49.3979],[3.0812,49.39186],[3.07202,49.37611],[3.05667,49.37262],[3.04535,49.37265],[3.04598,49.38505],[3.04362,49.38953],[3.0353,49.39295]]]]}},{"type":"Feature","properties":{"code":"60001","nom":"Abancourt","departement":"60","region":"32"},"geometry":{"type":"MultiPolygon","coordinates":[[[[1.77126,49.71016],[1.77387,49.70787],[1.77293,49.70201],[1.77404,49.69975],[1.77788,49.6979],[1.78681,49.69589],[1.7953,49.6815],[1.79513,49.68147],[1.77178,49.68375],[1.75232,49.68106],[1.74961,49.69347],[1.74502,49.69823],[1.75003,49.70026],[1.75637,49.70149],[1.7651,49.70596],[1.77126,49.71016]]]]}},{"type":"Feature","properties":{"code":"60002","nom":"Abbecourt","departement":"60","region":"32"},"geometry":{"type":"MultiPolygon","coordinates":[[[[2.18152,49.37117],[2.18004,49.369],[2.17222,49.36686],[2.16716,49.3645],[2.16946,49.35822],[2.16577,49.34786],[2.16189,49.34096],[2.16076,49.34056],[2.14555,49.35042],[2.13216,49.35934],[2.13164,49.36202],[2.13293,49.36449],[2.13812,49.3702],[2.13671,49.37079],[2.13807,49.37233],[2.15907,49.37416],[2.16618,49.37663],[2.17017,49.37886],[2.1776,49.3754],[2.18205,49.37223],[2.18152,49.37117]]]]}},{"type":"Feature","properties":{"code":"60003","nom":"Abbeville-Saint-Lucien","departement":"60","region":"32"},"geometry":{"type":"MultiPolygon","coordinates":[[[[2.18707,49.51897],[2.1862,49.5179],[2.17678,49.5127],[2.17025,49.50669],[2.15713,49.51188],[2.14791,49.51735],[2.14683,49.52149],[2.15648,49.53341],[2.17959,49.52578],[2.18157,49.52599],[2.18549,49.52398],[2.18707,49.51897]]]]}},{"type":"Feature","properties":{"code":"60004","nom":"Achy","departement":"60","region":"32"},"geometry":{"type":"MultiPolygon","coordinates":[[[[1.93243,49.54814],[1.93019,49.55147],[1.93447,49.55929],[1.93626,49.55972],[1.94793,49.55802],[1.95709,49.56031],[1.96143,49.56222],[1.96706,49.56789],[1.96913,49.57277],[1.97163,49.57547],[1.97947,49.58197],[1.98399,49.58382],[1.98699,49.56514],[2.00828,49.55791],[2.00093,49.55165],[1.98863,49.54352],[1.97077,49.54108],[1.96286,49.54318],[1.94322,49.54311],[1.93679,49.54531],[1.93243,49.54814]]]]}},{"type":"Feature","properties":{"code":"60005","nom":"Acy-en-Multien","departement":"60","region":"32"},"geometry":{"type":"MultiPolygon","coordinates":[[[[2.97325,49.1093],[2.97671,49.10041],[2.97142,49.08897],[2.95649,49.08529],[2.94582,49.08832],[2.94498,49.09041],[2.93641,49.09154],[2.92999,49.09517],[2.93833,49.10481],[2.94005,49.10766],[2.93598,49.11626],[2.94075,49.12674],[2.94734,49.13377],[2.94839,49.1331],[2.96398,49.13493],[2.96696,49.13358],[2.96585,49.13196],[2.9658,49.12372],[2.96732,49.11378],[2.96801,49.11152],[2.97215,49.11065],[2.97325,49.1093]]]]}},{"type":"Feature","properties":{"code":"60006","nom":"Les Ageux","departement":"60","region":"32"},"geometry":{"type":"MultiPolygon","coordinates":[[[[2.578,49.30638],[2.57425,49.30811],[2.56992,49.31259],[2.57641,49.31544],[2.57451,49.32423],[2.58128,49.32876],[2.60316,49.33171],[2.60405,49.31053],[2.59184,49.30811],[2.58227,49.30737],[2.578,49.30638]]]]}},{"type":"Feature","properties":{"code":"60007","nom":"Agnetz","departement":"60","region":"32"},"geometry":{"type":"MultiPolygon","coordinates":[[[[2.38836,49.36991],[2.37958,49.36649],[2.3721,49.36408],[2.37369,49.36755],[2.3753,49.36697],[2.37813,49.36898],[2.37781,49.37375],[2.36932,49.37954],[2.36344,49.38069],[2.36005,49.37898],[2.35626,49.37903],[2.34947,49.38677],[2.35152,49.39015],[2.36025,49.39358],[2.36689,49.39816],[2.37492,49.40856],[2.37438,49.41034],[2.37281,49.41099],[2.38034,49.42031],[2.38496,49.42353],[2.39083,49.42468],[2.39972,49.42446],[2.39957,49.42241],[2.4046,49.41638],[2.39804,49.4027],[2.40084,49.40104],[2.40194,49.40131],[2.39957,49.39717],[2.39958,49.39473],[2.40209,49.39133],[2.40563,49.39023],[2.40583,49.38929],[2.40782,49.38863],[2.40631,49.38562],[2.39626,49.38597],[2.39545,49.38535],[2.386,49.37288],[2.38836,49.36991]]]]}},{"type":"Feature","properties":{"code":"60008","nom":"Airion","departement":"60","region":"32"},"geometry":{"type":"MultiPolygon","coordinates":[[[[2.44218,49.42542],[2.4275,49.41493],[2.42658,49.41413],[2.41664,49.41207],[2.41066,49.40875],[2.40194,49.40131],[2.40084,49.40104],[2.39804,49.4027],[2.4046,49.41638],[2.39957,49.42241],[2.39972,49.42446],[2.39949,49.43125],[2.41691,49.43405],[2.42469,49.43459],[2.43541,49.43405],[2.44465,49.43211],[2.44538,49.43107],[2.44629,49.42952],[2.44175,49.42584],[2.44218,49.42542]]]]}},{"type":"Feature","properties":{"code":"60009","nom":"Allonne","departement":"60","region":"32"},"geometry":{"type":"MultiPolygon","coordinates":[[[[2.07219,49.40696],[2.079,49.4089],[2.07955,49.40759],[2.08908,49.40282],[2.1051,49.40449],[2.11188,49.40747],[2.11243,49.40845],[2.11688,49.40661],[2.12538,49.41535],[2.1257,49.41947],[2.136,49.42274],[2.14196,49.42144],[2.15058,49.40998],[2.15929,49.40215],[2.15197,49.40098],[2.13841,49.39736],[2.13062,49.39358],[2.1277,49.39055],[2.13458,49.3876],[2.1372,49.37417],[2.12658,49.37084],[2.12735,49.36997],[2.12315,49.36769],[2.11947,49.36764],[2.10756,49.37527],[2.10551,49.37763],[2.10702,49.37879],[2.10525,49.38435],[2.09658,49.38759],[2.084,49.39712],[2.07901,49.39898],[2.07219,49.40696]]]]}},{"type":"Feature","properties":{"code":"60010","nom":"Amblainville","departement":"60","region":"32"},"geometry":{"type":"MultiPolygon","coordinates":[[[[2.15238,49.18382],[2.13901,49.18236],[2.13353,49.19092],[2.12798,49.19359],[2.11078,49.18722],[2.09532,49.19011],[2.09583,49.19164],[2.09091,49.20334],[2.08069,49.2098],[2.08074,49.21072],[2.08229,49.21513],[2.08426,49.21744],[2.08017,49.22106],[2.08086,49.22165],[2.07878,49.22894],[2.07712,49.23155],[2.08747,49.23358],[2.09704,49.23012],[2.1154,49.23003],[2.11758,49.22696],[2.12006,49.21924],[2.12686,49.21454],[2.14665,49.21197],[2.14831,49.21255],[2.15144,49.21206],[2.17255,49.2125],[2.16944,49.20109],[2.15981,49.19853],[2.15466,49.19565],[2.15639,49.19003],[2.15592,49.18679],[2.15238,49.18382]]]]}},{"type":"Feature","properties":{"code":"60011","nom":"Amy","departement":"60","region":"32"},"geometry":{"type":"MultiPolygon","coordinates":[[[[2.80242,49.65877],[2.80058,49.65834],[2.79686,49.66058],[2.80018,49.66119],[2.8014,49.66197],[2.80718,49.66053],[2.82117,49.6592],[2.83121,49.66037],[2.83766,49.66221],[2.84333,49.65849],[2.84477,49.65423],[2.85211,49.64573],[2.86143,49.63749],[2.86504,49.62717],[2.86222,49.62506],[2.86169,49.62767],[2.86003,49.62894],[2.85216,49.62448],[2.84537,49.6261],[2.84625,49.6221],[2.83999,49.61842],[2.8342,49.61764],[2.81969,49.61832],[2.82363,49.62192],[2.81618,49.63041],[2.8168,49.63235],[2.82742,49.6309],[2.83837,49.62825],[2.83726,49.63211],[2.8307,49.63581],[2.81918,49.63816],[2.81166,49.64053],[2.80462,49.65016],[2.80242,49.65877]]]]}},{"type":"Feature","properties":{"code":"60012","nom":"Andeville","departement":"60","region":"32"},"geometry":{"type":"MultiPolygon","coordinates":[[[[2.17005,49.24375],[2.16255,49.24985],[2.1597,49.25026],[2.15754,49.25055],[2.15647,49.25623],[2.15735,49.2734],[2.15898,49.27332],[2.1613,49.26941],[2.16281,49.27292],[2.17105,49.27148],[2.17366,49.26991],[2.18074,49.25087],[2.18249,49.24904],[2.18241,49.24691],[2.17987,49.24444],[2.17371,49.24481],[2.17005,49.24375]]]]}},{"type":"Feature","properties":{"code":"60013","nom":"Angicourt","departement":"60","region":"32"},"geometry":{"type":"MultiPolygon","coordinates":[[[[2.51977,49.32824],[2.51896,49.32161],[2.5144,49.31086],[2.51462,49.30879],[2.49889,49.3048],[2.49619,49.30289],[2.4855,49.2997],[2.48577,49.30448],[2.48809,49.30693],[2.49268,49.30895],[2.49063,49.31198],[2.48337,49.31849],[2.50101,49.32441],[2.51337,49.32982],[2.51692,49.32788],[2.51977,49.32824]]]]}},{"type":"Feature","properties":{"code":"60014","nom":"Angivillers","departement":"60","region":"32"},"geometry":{"type":"MultiPolygon","coordinates":[[[[2.50952,49.50014],[2.50768,49.49842],[2.52411,49.48633],[2.52625,49.48143],[2.52669,49.47977],[2.52808,49.47943],[2.52602,49.47917],[2.51825,49.47826],[2.51415,49.48151],[2.50177,49.48203],[2.49813,49.47857],[2.49395,49.47739],[2.48477,49.47929],[2.48198,49.48379],[2.47206,49.49512],[2.47305,49.49562],[2.47257,49.49844],[2.48027,49.49667],[2.48888,49.49651],[2.49405,49.49761],[2.50031,49.5009],[2.50704,49.50138],[2.50952,49.50014]]]]}},{"type":"Feature","properties":{"code":"60015","nom":"Angy","departement":"60","region":"32"},"geometry":{"type":"MultiPolygon","coordinates":[[[[2.3438,49.34618],[2.34111,49.34187],[2.33625,49.32783],[2.33292,49.32409],[2.32629,49.32054],[2.32405,49.32362],[2.32361,49.32296],[2.31605,49.32557],[2.31926,49.32944],[2.31892,49.33455],[2.31987,49.338],[2.3289,49.3492],[2.3438,49.34618]]]]}},{"type":"Feature","properties":{"code":"60016","nom":"Ansacq","departement":"60","region":"32"},"geometry":{"type":"MultiPolygon","coordinates":[[[[2.37369,49.36755],[2.3721,49.36408],[2.37958,49.36649],[2.38508,49.34936],[2.38154,49.34083],[2.37805,49.33997],[2.37208,49.33433],[2.35376,49.33718],[2.34111,49.34187],[2.3438,49.34618],[2.34573,49.34955],[2.34545,49.35798],[2.34828,49.3594],[2.35036,49.3593],[2.35437,49.36088],[2.3589,49.36663],[2.36979,49.36872],[2.37369,49.36755]]]]}},{"type":"Feature","properties":{"code":"60017","nom":"Ansauvillers","departement":"60","region":"32"},"geometry":{"type":"MultiPolygon","coordinates":[[[[2.38182,49.55516],[2.38342,49.55673],[2.36664,49.56725],[2.36193,49.56788],[2.36947,49.57056],[2.36773,49.57448],[2.36973,49.57438],[2.37033,49.57935],[2.36696,49.58486],[2.37066,49.58549],[2.37192,49.58672],[2.37406,49.58546],[2.3925,49.57895],[2.39225,49.57533],[2.40566,49.57031],[2.41,49.56349],[2.4096,49.55907],[2.41099,49.55764],[2.39532,49.5516],[2.39809,49.5483],[2.39673,49.54728],[2.38343,49.55365],[2.38182,49.55516]]]]}},{"type":"Feature","properties":{"code":"60019","nom":"Antheuil-Portes","departement":"60","region":"32"},"geometry":{"type":"MultiPolygon","coordinates":[[[[2.70883,49.51936],[2.71921,49.51676],[2.72025,49.51739],[2.73153,49.50595],[2.75514,49.50636],[2.75939,49.5053],[2.76198,49.50347],[2.76458,49.49994],[2.76964,49.49084],[2.77024,49.48826],[2.76772,49.4856],[2.76356,49.48686],[2.76197,49.48448],[2.76221,49.4826],[2.75958,49.48219],[2.74375,49.4861],[2.73898,49.49144],[2.72796,49.49028],[2.7258,49.48817],[2.72224,49.48946],[2.72458,49.49174],[2.71578,49.49659],[2.70428,49.49544],[2.70174,49.49854],[2.69696,49.51342],[2.70883,49.51936]]]]}},{"type":"Feature","properties":{"code":"60020","nom":"Antilly","departement":"60","region":"32"},"geometry":{"type":"MultiPolygon","coordinates":[[[[2.98048,49.16839],[2.98133,49.16846],[2.98399,49.16489],[3.00826,49.15932],[3.00656,49.15651],[3.0047,49.15655],[2.99788,49.14284],[2.99508,49.14288],[2.99213,49.14407],[2.98386,49.14975],[2.98064,49.1503],[2.97752,49.1494],[2.97578,49.14964],[2.96907,49.16071],[2.9721,49.16087],[2.97506,49.16543],[2.98048,49.16839]]]]}},{"type":"Feature","properties":{"code":"60021","nom":"Appilly","departement":"60","region":"32"},"geometry":{"type":"MultiPolygon","coordinates":[[[[3.1239,49.59596],[3.13118,49.58938],[3.13768,49.57856],[3.13836,49.57485],[3.12649,49.5729],[3.12117,49.57076],[3.11704,49.57088],[3.1127,49.56999],[3.11004,49.58023],[3.1043,49.58775],[3.11591,49.59402],[3.1239,49.59596]]]]}},{"type":"Feature","properties":{"code":"60022","nom":"Apremont","departement":"60","region":"32"},"geometry":{"type":"MultiPolygon","coordinates":[[[[2.53087,49.24273],[2.52848,49.23999],[2.53949,49.22926],[2.54805,49.22251],[2.54594,49.22131],[2.54225,49.21527],[2.52809,49.21048],[2.52621,49.21286],[2.48474,49.21599],[2.48601,49.21974],[2.48059,49.22088],[2.47809,49.2265],[2.48754,49.23676],[2.51484,49.24285],[2.51505,49.2461],[2.5101,49.24805],[2.51232,49.25583],[2.52082,49.25275],[2.53157,49.24712],[2.53087,49.24273]]]]}},{"type":"Feature","properties":{"code":"60023","nom":"Armancourt","departement":"60","region":"32"},"geometry":{"type":"MultiPolygon","coordinates":[[[[2.77696,49.37636],[2.77485,49.37273],[2.76441,49.36079],[2.75906,49.36111],[2.75555,49.36324],[2.75543,49.37719],[2.75564,49.37865],[2.75721,49.37925],[2.76181,49.37769],[2.77696,49.37636]]]]}},{"type":"Feature","properties":{"code":"60024","nom":"Arsy","departement":"60","region":"32"},"geometry":{"type":"MultiPolygon","coordinates":[[[[2.71529,49.40537],[2.70399,49.40396],[2.70217,49.40072],[2.69662,49.39803],[2.6724,49.39184],[2.66455,49.39621],[2.66658,49.3988],[2.66236,49.4056],[2.66176,49.40685],[2.66536,49.41094],[2.6732,49.4153],[2.68161,49.41482],[2.69573,49.41196],[2.70824,49.41377],[2.72592,49.41225],[2.72765,49.41362],[2.73096,49.41136],[2.72346,49.40701],[2.71529,49.40537]]]]}},{"type":"Feature","properties":{"code":"60025","nom":"Attichy","departement":"60","region":"32"},"geometry":{"type":"MultiPolygon","coordinates":[[[[3.02183,49.40839],[3.02134,49.41318],[3.02473,49.42026],[3.02278,49.43681],[3.02538,49.44234],[3.023,49.44525],[3.02646,49.44687],[3.02624,49.44748],[3.03072,49.44769],[3.03276,49.44708],[3.04512,49.45085],[3.04887,49.45122],[3.05326,49.45073],[3.05687,49.44766],[3.06123,49.43989],[3.06131,49.4376],[3.06443,49.43804],[3.06698,49.43441],[3.06577,49.42533],[3.0636,49.41992],[3.06457,49.41539],[3.06702,49.41121],[3.06973,49.4094],[3.07089,49.40394],[3.06562,49.39911],[3.06158,49.39899],[3.04508,49.40401],[3.04039,49.40568],[3.0239,49.4086],[3.02183,49.40839]]]]}},{"type":"Feature","properties":{"code":"60026","nom":"Auchy-la-Montagne","departement":"60","region":"32"},"geometry":{"type":"MultiPolygon","coordinates":[[[[2.11257,49.58975],[2.13402,49.58342],[2.13791,49.5809],[2.14524,49.57331],[2.14496,49.56396],[2.14445,49.56273],[2.13741,49.56472],[2.10494,49.55921],[2.10148,49.56285],[2.10217,49.56852],[2.09778,49.5692],[2.10203,49.58029],[2.10989,49.5882],[2.11257,49.58975]]]]}},{"type":"Feature","properties":{"code":"60027","nom":"Auger-Saint-Vincent","departement":"60","region":"32"},"geometry":{"type":"MultiPolygon","coordinates":[[[[2.81877,49.18491],[2.80856,49.18752],[2.80868,49.19047],[2.80291,49.19402],[2.7916,49.19631],[2.79079,49.19955],[2.79036,49.2265],[2.79332,49.22679],[2.80611,49.23117],[2.80933,49.23351],[2.80879,49.23476],[2.82252,49.23584],[2.8291,49.23009],[2.8337,49.22456],[2.83886,49.21571],[2.84052,49.21184],[2.83985,49.21139],[2.83361,49.20752],[2.82847,49.20236],[2.8245,49.19719],[2.82201,49.18744],[2.81877,49.18491]]]]}},{"type":"Feature","properties":{"code":"60028","nom":"Aumont-en-Halatte","departement":"60","region":"32"},"geometry":{"type":"MultiPolygon","coordinates":[[[[2.55949,49.21266],[2.54805,49.22251],[2.53949,49.22926],[2.52848,49.23999],[2.53087,49.24273],[2.54873,49.25054],[2.55377,49.24446],[2.56377,49.23659],[2.57161,49.22434],[2.55949,49.21266]]]]}},{"type":"Feature","properties":{"code":"60029","nom":"Auneuil","departement":"60","region":"32"},"geometry":{"type":"MultiPolygon","coordinates":[[[[1.94154,49.38709],[1.94676,49.39292],[1.96056,49.38647],[1.96159,49.38679],[1.9671,49.38909],[1.97008,49.393],[1.96904,49.39619],[1.97033,49.40003],[1.97567,49.39963],[1.98371,49.3981],[1.99221,49.39828],[2.00624,49.39361],[2.00221,49.39117],[2.00425,49.38925],[2.03112,49.37853],[2.03726,49.37836],[2.04136,49.38205],[2.04829,49.3854],[2.04967,49.38443],[2.05007,49.38252],[2.04136,49.37084],[2.03172,49.36273],[2.02519,49.35261],[2.01487,49.35819],[2.0,49.36035],[1.99724,49.35798],[1.99642,49.35495],[1.99944,49.34719],[1.9968,49.34159],[1.99179,49.34375],[1.97582,49.34558],[1.97065,49.34769],[1.9738,49.35205],[1.94637,49.36913],[1.9444,49.36777],[1.93563,49.36782],[1.9346,49.37162],[1.94087,49.38194],[1.94154,49.38709]]]]}},{"type":"Feature","properties":{"code":"60030","nom":"Auteuil","departement":"60","region":"32"},"geometry":{"type":"MultiPolygon","coordinates":[[[[2.10788,49.32926],[2.09975,49.32652],[2.09395,49.32587],[2.08592,49.32113],[2.07761,49.31484],[2.0689,49.31512],[2.06104,49.31741],[2.06387,49.32111],[2.06699,49.32259],[2.06242,49.32295],[2.06486,49.32495],[2.07216,49.32719],[2.07838,49.3307],[2.0799,49.33232],[2.07902,49.33268],[2.07986,49.33362],[2.07945,49.349],[2.08645,49.36004],[2.09109,49.36896],[2.09494,49.37326],[2.10413,49.37704],[2.10539,49.37448],[2.11248,49.37053],[2.11753,49.36612],[2.11618,49.3634],[2.10839,49.35739],[2.10552,49.354],[2.10788,49.32926]]]]}},{"type":"Feature","properties":{"code":"60031","nom":"Autheuil-en-Valois","departement":"60","region":"32"},"geometry":{"type":"MultiPolygon","coordinates":[[[[3.08471,49.15934],[3.08366,49.15907],[3.07644,49.16154],[3.06674,49.16616],[3.05401,49.16962],[3.04038,49.16938],[3.03875,49.16877],[3.03801,49.16913],[3.03489,49.18363],[3.04252,49.1846],[3.04708,49.18508],[3.04744,49.18884],[3.05003,49.19048],[3.06227,49.19336],[3.06375,49.19303],[3.06987,49.19518],[3.07557,49.19588],[3.08095,49.19414],[3.0856,49.19053],[3.0865,49.18592],[3.0818,49.17814],[3.08134,49.17112],[3.08163,49.16492],[3.08383,49.16297],[3.08217,49.16168],[3.08471,49.15934]]]]}},{"type":"Feature","properties":{"code":"60032","nom":"Autrêches","departement":"60","region":"32"},"geometry":{"type":"MultiPolygon","coordinates":[[[[3.10051,49.43951],[3.1008,49.46057],[3.09935,49.46449],[3.09329,49.46866],[3.09998,49.46903],[3.10732,49.46821],[3.12978,49.46189],[3.15531,49.4541],[3.16001,49.45173],[3.16555,49.44705],[3.16514,49.44084],[3.14297,49.43406],[3.13136,49.4316],[3.12398,49.43143],[3.11877,49.43294],[3.10894,49.43873],[3.10051,49.4393],[3.10051,49.43951]]]]}},{"type":"Feature","properties":{"code":"60033","nom":"Avilly-Saint-Léonard","departement":"60","region":"32"},"geometry":{"type":"MultiPolygon","coordinates":[[[[2.56029,49.18852],[2.55669,49.18603],[2.55295,49.17459],[2.53906,49.169],[2.53831,49.1697],[2.52613,49.17257],[2.50884,49.16653],[2.49139,49.18329],[2.494,49.18423],[2.501,49.1946],[2.50147,49.1958],[2.52469,49.19657],[2.5258,49.19377],[2.54428,49.19618],[2.55641,49.19857],[2.56142,49.18955],[2.56029,49.18852]]]]}},{"type":"Feature","properties":{"code":"60034","nom":"Avrechy","departement":"60","region":"32"},"geometry":{"type":"MultiPolygon","coordinates":[[[[2.40515,49.45577],[2.40888,49.45573],[2.40878,49.45796],[2.41541,49.45969],[2.42113,49.4602],[2.42625,49.45886],[2.42928,49.45716],[2.43931,49.45593],[2.45009,49.45621],[2.4546,49.45991],[2.45807,49.45718],[2.45421,49.44921],[2.45368,49.44059],[2.45761,49.43697],[2.45073,49.42922],[2.44538,49.43107],[2.44465,49.43211],[2.43541,49.43405],[2.42469,49.43459],[2.41691,49.43405],[2.39949,49.43125],[2.38289,49.43912],[2.37996,49.44514],[2.38296,49.44589],[2.39763,49.45539],[2.40024,49.45791],[2.40515,49.45577]]]]}},{"type":"Feature","properties":{"code":"60035","nom":"Avricourt","departement":"60","region":"32"},"geometry":{"type":"MultiPolygon","coordinates":[[[[2.84333,49.65849],[2.85005,49.66229],[2.84697,49.6697],[2.84564,49.67057],[2.84751,49.67222],[2.87,49.65878],[2.88334,49.65093],[2.88176,49.6489],[2.87796,49.63625],[2.87494,49.63196],[2.87042,49.63204],[2.86504,49.62717],[2.86143,49.63749],[2.85211,49.64573],[2.84477,49.65423],[2.84333,49.65849]]]]}},{"type":"Feature","properties":{"code":"60036","nom":"Avrigny","departement":"60","region":"32"},"geometry":{"type":"MultiPolygon","coordinates":[[[[2.57677,49.36797],[2.57797,49.36911],[2.56419,49.38392],[2.56096,49.38527],[2.55861,49.38447],[2.56192,49.39302],[2.57112,49.40504],[2.57291,49.40668],[2.58414,49.40283],[2.58843,49.40011],[2.59287,49.40009],[2.58791,49.38574],[2.58191,49.37656],[2.57959,49.36846],[2.57677,49.36797]]]]}},{"type":"Feature","properties":{"code":"60037","nom":"Babœuf","departement":"60","region":"32"},"geometry":{"type":"MultiPolygon","coordinates":[[[[3.08447,49.59488],[3.09681,49.60227],[3.10276,49.59903],[3.10108,49.59829],[3.1043,49.58775],[3.11004,49.58023],[3.1127,49.56999],[3.10543,49.57125],[3.09868,49.57059],[3.09093,49.56831],[3.07768,49.56947],[3.07081,49.57226],[3.07043,49.57434],[3.07165,49.57563],[3.07239,49.5761],[3.07051,49.58035],[3.0748,49.59081],[3.08304,49.59261],[3.08447,49.59488]]]]}},{"type":"Feature","properties":{"code":"60039","nom":"Bacouël","departement":"60","region":"32"},"geometry":{"type":"MultiPolygon","coordinates":[[[[2.35685,49.61853],[2.35654,49.62142],[2.36791,49.62701],[2.37886,49.63089],[2.39056,49.63623],[2.3909,49.63238],[2.39474,49.6277],[2.39985,49.61659],[2.40455,49.61421],[2.37109,49.60999],[2.35685,49.61853]]]]}},{"type":"Feature","properties":{"code":"60040","nom":"Bailleul-le-Soc","departement":"60","region":"32"},"geometry":{"type":"MultiPolygon","coordinates":[[[[2.60345,49.43697],[2.59968,49.43169],[2.59926,49.4275],[2.6076,49.42333],[2.6123,49.41942],[2.61483,49.41337],[2.61299,49.41006],[2.61152,49.41015],[2.60842,49.4052],[2.60595,49.40396],[2.59679,49.40007],[2.59287,49.40009],[2.58843,49.40011],[2.58414,49.40283],[2.57291,49.40668],[2.57112,49.40504],[2.56861,49.40497],[2.56265,49.40764],[2.55147,49.41773],[2.55041,49.41936],[2.55101,49.42069],[2.55357,49.42323],[2.55315,49.42817],[2.55155,49.42845],[2.55138,49.43014],[2.56269,49.433],[2.56348,49.43161],[2.56898,49.43083],[2.57154,49.43581],[2.56901,49.43992],[2.57733,49.4432],[2.58124,49.44369],[2.59691,49.44029],[2.60515,49.43946],[2.60345,49.43697]]]]}},{"type":"Feature","properties":{"code":"60041","nom":"Bailleul-sur-Thérain","departement":"60","region":"32"},"geometry":{"type":"MultiPolygon","coordinates":[[[[2.19642,49.38762],[2.19352,49.38993],[2.1928,49.39313],[2.19365,49.39186],[2.19663,49.39195],[2.20922,49.40015],[2.21375,49.3978],[2.21328,49.39437],[2.2155,49.3945],[2.21922,49.39699],[2.23272,49.39576],[2.25039,49.39282],[2.26611,49.38383],[2.26634,49.38253],[2.26506,49.38139],[2.25122,49.37346],[2.23705,49.36921],[2.2312,49.37041],[2.22522,49.37529],[2.2072,49.38404],[2.19642,49.38762]]]]}},{"type":"Feature","properties":{"code":"60042","nom":"Bailleval","departement":"60","region":"32"},"geometry":{"type":"MultiPolygon","coordinates":[[[[2.45663,49.33442],[2.45595,49.33648],[2.45024,49.33518],[2.44048,49.34813],[2.44365,49.35788],[2.46296,49.35818],[2.46916,49.36235],[2.47354,49.35911],[2.48518,49.35956],[2.49829,49.36],[2.4972,49.35643],[2.49421,49.35412],[2.49014,49.34726],[2.48344,49.34369],[2.47977,49.34179],[2.47898,49.34253],[2.45844,49.33439],[2.45663,49.33442]]]]}},{"type":"Feature","properties":{"code":"60043","nom":"Bailly","departement":"60","region":"32"},"geometry":{"type":"MultiPolygon","coordinates":[[[[3.00333,49.50101],[3.00116,49.49836],[2.99187,49.49305],[2.97603,49.48919],[2.96377,49.49293],[2.96948,49.49771],[2.96881,49.50165],[2.96563,49.50286],[2.9676,49.50691],[2.97863,49.50961],[2.99772,49.50693],[2.99876,49.50438],[3.00333,49.50101]]]]}},{"type":"Feature","properties":{"code":"60044","nom":"Balagny-sur-Thérain","departement":"60","region":"32"},"geometry":{"type":"MultiPolygon","coordinates":[[[[2.33174,49.30853],[2.34975,49.29207],[2.34939,49.2905],[2.34404,49.28741],[2.3301,49.28259],[2.32816,49.28705],[2.31889,49.29107],[2.31499,49.2921],[2.30874,49.29042],[2.28432,49.30369],[2.2949,49.30636],[2.30087,49.30537],[2.30212,49.30435],[2.3075,49.30321],[2.33174,49.30853]]]]}},{"type":"Feature","properties":{"code":"60045","nom":"Barbery","departement":"60","region":"32"},"geometry":{"type":"MultiPolygon","coordinates":[[[[2.68663,49.2138],[2.68072,49.21571],[2.67462,49.2135],[2.66974,49.20516],[2.66596,49.2042],[2.66507,49.20794],[2.65362,49.21412],[2.64926,49.21363],[2.64771,49.21496],[2.65028,49.21812],[2.6525,49.22418],[2.65127,49.22894],[2.65673,49.23062],[2.6565,49.23148],[2.65979,49.23254],[2.66884,49.2322],[2.67157,49.23192],[2.67416,49.23268],[2.68341,49.23745],[2.70085,49.2288],[2.70314,49.2284],[2.68663,49.2138]]]]}},{"type":"Feature","properties":{"code":"60046","nom":"Bargny","departement":"60","region":"32"},"geometry":{"type":"MultiPolygon","coordinates":[[[[2.97174,49.18795],[2.98116,49.18464],[2.97926,49.17606],[2.98048,49.16839],[2.97506,49.16543],[2.9721,49.16087],[2.96907,49.16071],[2.96693,49.16278],[2.94483,49.17288],[2.93432,49.1769],[2.92757,49.17709],[2.92086,49.18027],[2.92775,49.18508],[2.93828,49.18706],[2.94087,49.18964],[2.94542,49.18977],[2.95016,49.18725],[2.95477,49.18648],[2.96799,49.18566],[2.97161,49.18585],[2.97174,49.18795]]]]}},{"type":"Feature","properties":{"code":"60047","nom":"Baron","departement":"60","region":"32"},"geometry":{"type":"MultiPolygon","coordinates":[[[[2.72786,49.14015],[2.72408,49.14451],[2.71749,49.15539],[2.71301,49.16737],[2.70296,49.16692],[2.70211,49.16824],[2.7026,49.17501],[2.70649,49.18227],[2.72006,49.19025],[2.71412,49.20001],[2.71625,49.201],[2.72197,49.20156],[2.7242,49.2052],[2.72894,49.20745],[2.73171,49.2071],[2.73982,49.20669],[2.75609,49.19713],[2.75458,49.19683],[2.75172,49.19367],[2.75319,49.18952],[2.75774,49.1855],[2.76503,49.17463],[2.76473,49.16861],[2.76248,49.16911],[2.7561,49.16745],[2.75074,49.16204],[2.74656,49.14505],[2.74483,49.14541],[2.73147,49.14053],[2.72786,49.14015]]]]}},{"type":"Feature","properties":{"code":"60048","nom":"Baugy","departement":"60","region":"32"},"geometry":{"type":"MultiPolygon","coordinates":[[[[2.72595,49.46546],[2.7494,49.46648],[2.7598,49.46603],[2.76605,49.46758],[2.77078,49.46896],[2.77331,49.46819],[2.7708,49.46279],[2.773,49.45761],[2.77802,49.45128],[2.78102,49.44543],[2.77934,49.44409],[2.77435,49.43958],[2.77143,49.44036],[2.76409,49.44061],[2.75393,49.44318],[2.75159,49.44659],[2.74773,49.44988],[2.73658,49.45602],[2.7312,49.45398],[2.72996,49.45475],[2.72595,49.46546]]]]}},{"type":"Feature","properties":{"code":"60049","nom":"Bazancourt","departement":"60","region":"32"},"geometry":{"type":"MultiPolygon","coordinates":[[[[1.75438,49.55153],[1.75355,49.54958],[1.74861,49.54545],[1.74488,49.53955],[1.7322,49.54126],[1.7228,49.54424],[1.72682,49.55802],[1.73,49.5614],[1.73294,49.55787],[1.74287,49.56116],[1.75438,49.55153]]]]}},{"type":"Feature","properties":{"code":"60050","nom":"Bazicourt","departement":"60","region":"32"},"geometry":{"type":"MultiPolygon","coordinates":[[[[2.61452,49.35427],[2.63578,49.3544],[2.63748,49.35409],[2.63888,49.35651],[2.64712,49.35656],[2.63229,49.34698],[2.63196,49.3381],[2.62444,49.332],[2.6182,49.33035],[2.60776,49.33871],[2.61452,49.35427]]]]}},{"type":"Feature","properties":{"code":"60051","nom":"Beaudéduit","departement":"60","region":"32"},"geometry":{"type":"MultiPolygon","coordinates":[[[[2.09117,49.69109],[2.08199,49.68713],[2.07648,49.68308],[2.07449,49.68015],[2.07547,49.67844],[2.04818,49.66944],[2.04044,49.66585],[2.03762,49.6695],[2.05095,49.68634],[2.05437,49.685],[2.06504,49.68341],[2.07685,49.68919],[2.08156,49.69386],[2.09032,49.6921],[2.09117,49.69109]]]]}},{"type":"Feature","properties":{"code":"60052","nom":"Beaugies-sous-Bois","departement":"60","region":"32"},"geometry":{"type":"MultiPolygon","coordinates":[[[[3.11281,49.63131],[3.10618,49.62652],[3.09585,49.6232],[3.0911,49.63055],[3.08793,49.63735],[3.0878,49.63983],[3.08982,49.64125],[3.09645,49.65054],[3.10554,49.64981],[3.11016,49.6429],[3.10847,49.63694],[3.11281,49.63131]]]]}},{"type":"Feature","properties":{"code":"60053","nom":"Beaulieu-les-Fontaines","departement":"60","region":"32"},"geometry":{"type":"MultiPolygon","coordinates":[[[[2.88855,49.67096],[2.88967,49.67209],[2.88842,49.68217],[2.89847,49.6864],[2.91137,49.6767],[2.91679,49.67007],[2.93666,49.67417],[2.93474,49.67682],[2.93619,49.67736],[2.94324,49.67395],[2.95385,49.66633],[2.94911,49.66464],[2.95131,49.66303],[2.95357,49.66297],[2.95597,49.66076],[2.95336,49.66047],[2.93972,49.65941],[2.92819,49.65676],[2.9216,49.65358],[2.89674,49.65097],[2.89004,49.64959],[2.88769,49.64835],[2.88334,49.65093],[2.87,49.65878],[2.88851,49.66891],[2.88855,49.67096]]]]}},{"type":"Feature","properties":{"code":"60054","nom":"Beaumont-les-Nonains","departement":"60","region":"32"},"geometry":{"type":"MultiPolygon","coordinates":[[[[2.03602,49.29502],[2.03181,49.30019],[2.01828,49.30703],[2.01645,49.31339],[2.01309,49.31515],[2.01209,49.315],[1.99869,49.32622],[1.98328,49.33045],[1.96806,49.3309],[1.96474,49.33139],[1.9606,49.33317],[1.96447,49.34094],[1.96755,49.34422],[1.97065,49.34769],[1.97582,49.34558],[1.99179,49.34375],[1.9968,49.34159],[1.99311,49.33912],[1.99403,49.33667],[2.0011,49.3323],[2.02269,49.33475],[2.02634,49.32626],[2.03457,49.32207],[2.02873,49.31591],[2.03508,49.30698],[2.04054,49.29404],[2.03602,49.29502]]]]}},{"type":"Feature","properties":{"code":"60055","nom":"Beaurains-lès-Noyon","departement":"60","region":"32"},"geometry":{"type":"MultiPolygon","coordinates":[[[[2.95809,49.60665],[2.96328,49.61322],[2.96774,49.61572],[2.97289,49.61835],[2.98259,49.61887],[2.9841,49.62029],[2.98451,49.6203],[2.98669,49.6173],[2.98703,49.6143],[2.98366,49.60661],[2.98407,49.60359],[2.98962,49.59516],[2.97996,49.5937],[2.95809,49.60665]]]]}},{"type":"Feature","properties":{"code":"60056","nom":"Beaurepaire","departement":"60","region":"32"},"geometry":{"type":"MultiPolygon","coordinates":[[[[2.57661,49.30352],[2.58013,49.30332],[2.58116,49.29865],[2.58482,49.29365],[2.58407,49.29343],[2.58571,49.27858],[2.57995,49.27967],[2.57403,49.27717],[2.55023,49.2945],[2.54796,49.30075],[2.55329,49.2999],[2.56541,49.30318],[2.57661,49.30352]]]]}},{"type":"Feature","properties":{"code":"60057","nom":"Beauvais","departement":"60","region":"32"},"geometry":{"type":"MultiPolygon","coordinates":[[[[2.07219,49.40696],[2.07133,49.40655],[2.06431,49.41115],[2.06615,49.41332],[2.06592,49.41818],[2.05757,49.42122],[2.05457,49.42577],[2.05421,49.428],[2.05558,49.42868],[2.05191,49.43098],[2.05289,49.43199],[2.04995,49.43216],[2.04098,49.43537],[2.04066,49.43912],[2.03634,49.44228],[2.03417,49.44383],[2.03748,49.45268],[2.05879,49.45869],[2.05983,49.45823],[2.06081,49.4586],[2.06012,49.46262],[2.06878,49.46372],[2.07811,49.46972],[2.08426,49.48226],[2.08724,49.48139],[2.09141,49.47773],[2.09922,49.46083],[2.09901,49.46003],[2.09235,49.45661],[2.09902,49.45242],[2.11174,49.44246],[2.13163,49.4444],[2.13654,49.44372],[2.14,49.44453],[2.14123,49.44285],[2.14008,49.44075],[2.13653,49.43832],[2.12549,49.42756],[2.12775,49.42695],[2.12689,49.42392],[2.12601,49.42415],[2.12575,49.42055],[2.1257,49.41947],[2.12538,49.41535],[2.11688,49.40661],[2.11243,49.40845],[2.11188,49.40747],[2.1051,49.40449],[2.08908,49.40282],[2.07955,49.40759],[2.079,49.4089],[2.07219,49.40696]]]]}},{"type":"Feature","properties":{"code":"60058","nom":"Beauvoir","departement":"60","region":"32"},"geometry":{"type":"MultiPolygon","coordinates":[[[[2.33101,49.62599],[2.34012,49.62904],[2.34209,49.62915],[2.35471,49.6194],[2.35225,49.61622],[2.35026,49.60475],[2.3412,49.5975],[2.33641,49.58879],[2.32045,49.5868],[2.3147,49.58808],[2.3098,49.58958],[2.30154,49.59376],[2.30337,49.59873],[2.30434,49.6014],[2.31701,49.61388],[2.33419,49.62212],[2.33101,49.62599]]]]}},{"type":"Feature","properties":{"code":"60059","nom":"Béhéricourt","departement":"60","region":"32"},"geometry":{"type":"MultiPolygon","coordinates":[[[[3.08447,49.59488],[3.08304,49.59261],[3.0748,49.59081],[3.07051,49.58035],[3.07239,49.5761],[3.07165,49.57563],[3.05661,49.59461],[3.05105,49.60497],[3.04369,49.60619],[3.03967,49.60774],[3.0392,49.61406],[3.06058,49.61019],[3.07462,49.6059],[3.07551,49.60393],[3.08447,49.59488]]]]}},{"type":"Feature","properties":{"code":"60060","nom":"Belle-Église","departement":"60","region":"32"},"geometry":{"type":"MultiPolygon","coordinates":[[[[2.18683,49.17341],[2.18195,49.17368],[2.17609,49.17603],[2.18076,49.1796],[2.19211,49.18535],[2.19818,49.187],[2.21104,49.19348],[2.22488,49.20281],[2.23051,49.20337],[2.23716,49.2028],[2.24175,49.20391],[2.24584,49.20399],[2.25109,49.19668],[2.23439,49.19095],[2.2278,49.18722],[2.22497,49.18495],[2.22345,49.18231],[2.22554,49.17689],[2.21982,49.17959],[2.21865,49.18069],[2.2126,49.17622],[2.20632,49.17459],[2.19363,49.17334],[2.18683,49.17341]]]]}},{"type":"Feature","properties":{"code":"60061","nom":"Belloy","departement":"60","region":"32"},"geometry":{"type":"MultiPolygon","coordinates":[[[[2.66754,49.53417],[2.65606,49.53015],[2.64529,49.52437],[2.64,49.52319],[2.6387,49.52428],[2.63894,49.5281],[2.64476,49.54047],[2.65214,49.54593],[2.65643,49.54578],[2.66354,49.54551],[2.66914,49.53669],[2.66754,49.53417]]]]}},{"type":"Feature","properties":{"code":"60062","nom":"Berlancourt","departement":"60","region":"32"},"geometry":{"type":"MultiPolygon","coordinates":[[[[3.05966,49.67084],[3.06436,49.67137],[3.07214,49.67879],[3.07854,49.69024],[3.07972,49.69177],[3.08357,49.69046],[3.09172,49.69758],[3.09287,49.69983],[3.09869,49.69877],[3.10536,49.69135],[3.10598,49.68959],[3.10471,49.68753],[3.09906,49.68419],[3.0906,49.66923],[3.08841,49.66296],[3.08005,49.66077],[3.06843,49.66019],[3.06382,49.6643],[3.05966,49.67084]]]]}},{"type":"Feature","properties":{"code":"60063","nom":"Berneuil-en-Bray","departement":"60","region":"32"},"geometry":{"type":"MultiPolygon","coordinates":[[[[2.04967,49.38443],[2.05209,49.38466],[2.05838,49.38276],[2.06475,49.3789],[2.0774,49.37296],[2.08402,49.36808],[2.0855,49.36591],[2.08534,49.3638],[2.0823,49.36057],[2.08645,49.36004],[2.07945,49.349],[2.07986,49.33362],[2.07902,49.33268],[2.0601,49.33737],[2.04625,49.34273],[2.03701,49.3445],[2.02984,49.34823],[2.02827,49.35173],[2.02519,49.35261],[2.03172,49.36273],[2.04136,49.37084],[2.05007,49.38252],[2.04967,49.38443]]]]}},{"type":"Feature","properties":{"code":"60064","nom":"Berneuil-sur-Aisne","departement":"60","region":"32"},"geometry":{"type":"MultiPolygon","coordinates":[[[[3.00156,49.40699],[2.99129,49.41171],[2.97577,49.41049],[2.96222,49.40838],[2.95874,49.41049],[2.95911,49.41798],[2.97353,49.41996],[2.97496,49.42116],[2.98243,49.42024],[2.9913,49.42472],[2.99731,49.42893],[3.00027,49.4407],[3.00435,49.44279],[3.02175,49.44678],[3.023,49.44525],[3.02538,49.44234],[3.02278,49.43681],[3.02473,49.42026],[3.02134,49.41318],[3.02183,49.40839],[3.01228,49.40708],[3.00156,49.40699]]]]}},{"type":"Feature","properties":{"code":"60065","nom":"Berthecourt","departement":"60","region":"32"},"geometry":{"type":"MultiPolygon","coordinates":[[[[2.20689,49.34226],[2.20843,49.34717],[2.21449,49.35687],[2.21735,49.3581],[2.22233,49.35901],[2.22557,49.36102],[2.22552,49.36224],[2.23445,49.36264],[2.2369,49.36293],[2.23788,49.36218],[2.24137,49.3549],[2.2409,49.35335],[2.23475,49.34872],[2.23285,49.34152],[2.23424,49.33863],[2.23197,49.33668],[2.22494,49.32437],[2.22273,49.32392],[2.22226,49.32243],[2.20785,49.33759],[2.2057,49.34134],[2.20689,49.34226]]]]}},{"type":"Feature","properties":{"code":"60066","nom":"Béthancourt-en-Valois","departement":"60","region":"32"},"geometry":{"type":"MultiPolygon","coordinates":[[[[2.88188,49.26928],[2.86272,49.27172],[2.85999,49.28258],[2.86263,49.28661],[2.86581,49.28892],[2.86903,49.28919],[2.873,49.28919],[2.88351,49.28591],[2.89171,49.28542],[2.88801,49.26832],[2.88188,49.26928]]]]}},{"type":"Feature","properties":{"code":"60067","nom":"Béthisy-Saint-Martin","departement":"60","region":"32"},"geometry":{"type":"MultiPolygon","coordinates":[[[[2.8023,49.27066],[2.78376,49.27337],[2.7792,49.2758],[2.78689,49.2893],[2.78895,49.2906],[2.81602,49.29993],[2.81918,49.30228],[2.82349,49.30779],[2.82964,49.30954],[2.8331,49.30622],[2.83628,49.29761],[2.83585,49.28769],[2.82905,49.28501],[2.82164,49.27355],[2.81875,49.27398],[2.8123,49.27283],[2.80883,49.27104],[2.80857,49.26976],[2.80534,49.26954],[2.8023,49.27066]]]]}},{"type":"Feature","properties":{"code":"60068","nom":"Béthisy-Saint-Pierre","departement":"60","region":"32"},"geometry":{"type":"MultiPolygon","coordinates":[[[[2.82349,49.30779],[2.81918,49.30228],[2.81602,49.29993],[2.78895,49.2906],[2.78689,49.2893],[2.78518,49.28936],[2.79603,49.29936],[2.79117,49.30198],[2.78816,49.30261],[2.77498,49.30655],[2.77404,49.30782],[2.79588,49.31461],[2.80022,49.31656],[2.80504,49.32031],[2.81103,49.32048],[2.82331,49.31955],[2.82848,49.31638],[2.81966,49.30966],[2.8216,49.30829],[2.82349,49.30779]]]]}},{"type":"Feature","properties":{"code":"60069","nom":"Betz","departement":"60","region":"32"},"geometry":{"type":"MultiPolygon","coordinates":[[[[2.91658,49.15236],[2.91815,49.15325],[2.91784,49.15863],[2.91406,49.161],[2.91054,49.16556],[2.90838,49.17502],[2.91508,49.17564],[2.92086,49.18027],[2.92757,49.17709],[2.93432,49.1769],[2.94483,49.17288],[2.96693,49.16278],[2.96907,49.16071],[2.97578,49.14964],[2.97752,49.1494],[2.96996,49.13656],[2.96696,49.13358],[2.96398,49.13493],[2.94839,49.1331],[2.94734,49.13377],[2.93572,49.14016],[2.92784,49.14632],[2.91658,49.15236]]]]}},{"type":"Feature","properties":{"code":"60070","nom":"Bienville","departement":"60","region":"32"},"geometry":{"type":"MultiPolygon","coordinates":[[[[2.80519,49.44247],[2.80311,49.4441],[2.82549,49.45696],[2.82783,49.45959],[2.83504,49.45807],[2.84136,49.45541],[2.84375,49.45258],[2.84256,49.45082],[2.82134,49.43812],[2.82028,49.43786],[2.80519,49.44247]]]]}},{"type":"Feature","properties":{"code":"60071","nom":"Biermont","departement":"60","region":"32"},"geometry":{"type":"MultiPolygon","coordinates":[[[[2.73377,49.567],[2.72377,49.57332],[2.72645,49.588],[2.73933,49.58765],[2.74508,49.58648],[2.7489,49.58458],[2.74786,49.58395],[2.75045,49.58081],[2.75363,49.56808],[2.74994,49.56885],[2.73935,49.56873],[2.73654,49.56526],[2.73377,49.567]]]]}},{"type":"Feature","properties":{"code":"60072","nom":"Bitry","departement":"60","region":"32"},"geometry":{"type":"MultiPolygon","coordinates":[[[[3.09548,49.39815],[3.09028,49.39837],[3.08259,49.3979],[3.06562,49.39911],[3.07089,49.40394],[3.06973,49.4094],[3.06702,49.41121],[3.06457,49.41539],[3.0636,49.41992],[3.06577,49.42533],[3.06698,49.43441],[3.06443,49.43804],[3.06286,49.43891],[3.07085,49.43848],[3.07073,49.42223],[3.07209,49.42091],[3.08381,49.41986],[3.0941,49.42098],[3.09791,49.41019],[3.09548,49.39815]]]]}},{"type":"Feature","properties":{"code":"60073","nom":"Blacourt","departement":"60","region":"32"},"geometry":{"type":"MultiPolygon","coordinates":[[[[1.86319,49.44122],[1.85604,49.44089],[1.83633,49.44787],[1.82707,49.45007],[1.83386,49.45752],[1.85596,49.47609],[1.86041,49.47216],[1.88096,49.4669],[1.88525,49.46662],[1.88904,49.45878],[1.8877,49.45742],[1.887,49.45685],[1.88811,49.45511],[1.88967,49.44446],[1.88045,49.44401],[1.87939,49.44284],[1.87968,49.44069],[1.87935,49.43969],[1.86952,49.4415],[1.86319,49.44122]]]]}},{"type":"Feature","properties":{"code":"60074","nom":"Blaincourt-lès-Précy","departement":"60","region":"32"},"geometry":{"type":"MultiPolygon","coordinates":[[[[2.31619,49.23664],[2.34056,49.24289],[2.3526,49.24119],[2.35605,49.24098],[2.35936,49.23969],[2.35864,49.23833],[2.36032,49.23607],[2.36447,49.23321],[2.35988,49.23088],[2.36146,49.22858],[2.36743,49.22346],[2.37474,49.21874],[2.37259,49.21767],[2.34864,49.21539],[2.3339,49.21088],[2.33314,49.21853],[2.32813,49.22388],[2.3192,49.23504],[2.31619,49.23664]]]]}},{"type":"Feature","properties":{"code":"60075","nom":"Blancfossé","departement":"60","region":"32"},"geometry":{"type":"MultiPolygon","coordinates":[[[[2.17883,49.64944],[2.17577,49.64947],[2.17535,49.6574],[2.17777,49.66684],[2.1764,49.66851],[2.17553,49.67229],[2.17649,49.67377],[2.18236,49.67554],[2.18375,49.67463],[2.18756,49.67238],[2.20741,49.66648],[2.20753,49.6628],[2.20929,49.66158],[2.19803,49.65412],[2.18839,49.64908],[2.18623,49.64854],[2.17883,49.64944]]]]}},{"type":"Feature","properties":{"code":"60076","nom":"Blargies","departement":"60","region":"32"},"geometry":{"type":"MultiPolygon","coordinates":[[[[1.79513,49.68147],[1.79496,49.66715],[1.79245,49.66717],[1.77546,49.66166],[1.7743,49.65593],[1.75414,49.6569],[1.75155,49.65938],[1.75504,49.66456],[1.7433,49.66943],[1.7334,49.66702],[1.72575,49.66303],[1.72396,49.66103],[1.7225,49.66161],[1.72239,49.66887],[1.7401,49.67722],[1.75232,49.68106],[1.77178,49.68375],[1.79513,49.68147]]]]}},{"type":"Feature","properties":{"code":"60077","nom":"Blicourt","departement":"60","region":"32"},"geometry":{"type":"MultiPolygon","coordinates":[[[[2.09159,49.56556],[2.08537,49.55421],[2.08732,49.54478],[2.09357,49.5402],[2.08424,49.53554],[2.08054,49.53797],[2.07447,49.53781],[2.07214,49.54079],[2.0676,49.54389],[2.06325,49.54501],[2.04579,49.54538],[2.04005,49.55549],[2.0359,49.55963],[2.02811,49.56412],[2.02537,49.56583],[2.03362,49.5781],[2.03565,49.57782],[2.04096,49.58049],[2.0562,49.58347],[2.05803,49.58185],[2.06004,49.58174],[2.06205,49.58366],[2.06509,49.58347],[2.06868,49.58159],[2.07605,49.57509],[2.07504,49.57348],[2.06667,49.56885],[2.07251,49.56667],[2.08756,49.56452],[2.08866,49.56451],[2.09163,49.56756],[2.09159,49.56556]]]]}},{"type":"Feature","properties":{"code":"60078","nom":"Blincourt","departement":"60","region":"32"},"geometry":{"type":"MultiPolygon","coordinates":[[[[2.62068,49.39737],[2.62438,49.3974],[2.62256,49.39162],[2.63191,49.38511],[2.62459,49.37552],[2.61674,49.37383],[2.60991,49.37404],[2.60949,49.39014],[2.61095,49.39413],[2.61877,49.39734],[2.62068,49.39737]]]]}},{"type":"Feature","properties":{"code":"60079","nom":"Boissy-Fresnoy","departement":"60","region":"32"},"geometry":{"type":"MultiPolygon","coordinates":[[[[2.8619,49.18703],[2.87386,49.19105],[2.87956,49.18977],[2.9021,49.18049],[2.90838,49.17502],[2.91054,49.16556],[2.91406,49.161],[2.91784,49.15863],[2.91815,49.15325],[2.91658,49.15236],[2.90896,49.1521],[2.90629,49.15287],[2.90705,49.15432],[2.90426,49.15479],[2.88955,49.15302],[2.88428,49.15065],[2.88237,49.14383],[2.87247,49.14089],[2.86062,49.14185],[2.85731,49.16349],[2.86152,49.18218],[2.86351,49.18282],[2.8619,49.18703]]]]}},{"type":"Feature","properties":{"code":"60081","nom":"Bonlier","departement":"60","region":"32"},"geometry":{"type":"MultiPolygon","coordinates":[[[[2.14956,49.48669],[2.15119,49.48742],[2.15594,49.48541],[2.15299,49.48269],[2.1632,49.4774],[2.16526,49.47788],[2.16642,49.47222],[2.16597,49.46838],[2.16581,49.46701],[2.16047,49.4644],[2.15571,49.45966],[2.13892,49.46544],[2.13725,49.47004],[2.13257,49.47466],[2.14956,49.48669]]]]}},{"type":"Feature","properties":{"code":"60082","nom":"Bonneuil-les-Eaux","departement":"60","region":"32"},"geometry":{"type":"MultiPolygon","coordinates":[[[[2.24712,49.70172],[2.24973,49.69731],[2.26033,49.69566],[2.28333,49.69027],[2.28702,49.68808],[2.2901,49.68458],[2.2953,49.67432],[2.29445,49.67006],[2.29301,49.67009],[2.29268,49.67093],[2.28037,49.67459],[2.2735,49.671],[2.26736,49.66935],[2.2574,49.66754],[2.25194,49.66854],[2.2486,49.66616],[2.25024,49.66439],[2.24599,49.66222],[2.24237,49.66137],[2.241,49.66156],[2.23593,49.66621],[2.23068,49.66846],[2.22626,49.66849],[2.21264,49.66635],[2.20741,49.66648],[2.18756,49.67238],[2.18375,49.67463],[2.18778,49.67802],[2.19931,49.68326],[2.21519,49.68693],[2.22292,49.68676],[2.23029,49.68944],[2.23512,49.70003],[2.23267,49.70209],[2.24712,49.70172]]]]}},{"type":"Feature","properties":{"code":"60083","nom":"Bonneuil-en-Valois","departement":"60","region":"32"},"geometry":{"type":"MultiPolygon","coordinates":[[[[3.01363,49.28196],[3.01257,49.27816],[3.01037,49.2762],[3.00506,49.2765],[3.00026,49.27451],[2.99223,49.2658],[2.97968,49.25741],[2.97972,49.2562],[2.97745,49.25661],[2.97311,49.26037],[2.97134,49.26417],[2.96253,49.27068],[2.95557,49.27046],[2.95316,49.26873],[2.95349,49.27277],[2.95111,49.27988],[2.95191,49.28053],[2.9632,49.28814],[2.96586,49.29783],[2.97008,49.30268],[2.97447,49.30275],[3.00139,49.29016],[3.00596,49.29246],[3.00873,49.2928],[3.01728,49.28949],[3.01613,49.28477],[3.01363,49.28196]]]]}},{"type":"Feature","properties":{"code":"60084","nom":"Bonnières","departement":"60","region":"32"},"geometry":{"type":"MultiPolygon","coordinates":[[[[1.94621,49.53091],[1.95413,49.5298],[1.9667,49.52498],[1.9674,49.52362],[1.97437,49.51122],[1.97822,49.5002],[1.97343,49.49461],[1.97231,49.49432],[1.96575,49.49671],[1.95644,49.4945],[1.94687,49.48914],[1.94572,49.49012],[1.92996,49.49429],[1.92886,49.49725],[1.93151,49.49758],[1.94335,49.50467],[1.94731,49.51357],[1.94352,49.51494],[1.94477,49.52778],[1.94527,49.53046],[1.94621,49.53091]]]]}},{"type":"Feature","properties":{"code":"60085","nom":"Bonvillers","departement":"60","region":"32"},"geometry":{"type":"MultiPolygon","coordinates":[[[[2.36773,49.57448],[2.35493,49.57303],[2.34197,49.5694],[2.33641,49.58879],[2.3412,49.5975],[2.35026,49.60475],[2.36696,49.58486],[2.37033,49.57935],[2.36973,49.57438],[2.36773,49.57448]]]]}},{"type":"Feature","properties":{"code":"60086","nom":"Boran-sur-Oise","departement":"60","region":"32"},"geometry":{"type":"MultiPolygon","coordinates":[[[[2.35934,49.14733],[2.34595,49.16235],[2.31955,49.18242],[2.3216,49.18437],[2.32926,49.19211],[2.33462,49.19357],[2.33554,49.19295],[2.33564,49.19705],[2.33722,49.19822],[2.36369,49.19111],[2.36739,49.18909],[2.37086,49.18541],[2.37019,49.17717],[2.373,49.17326],[2.37406,49.17309],[2.37022,49.16613],[2.37134,49.1618],[2.37331,49.15937],[2.37093,49.1592],[2.35934,49.14733]]]]}},{"type":"Feature","properties":{"code":"60087","nom":"Borest","departement":"60","region":"32"},"geometry":{"type":"MultiPolygon","coordinates":[[[[2.71625,49.201],[2.71412,49.20001],[2.71421,49.19904],[2.70962,49.1962],[2.70235,49.19614],[2.69497,49.19732],[2.68363,49.18674],[2.67474,49.17624],[2.66932,49.16767],[2.66232,49.16003],[2.65099,49.16391],[2.64122,49.16812],[2.63766,49.17055],[2.6319,49.17082],[2.64435,49.1768],[2.65016,49.18264],[2.65073,49.18465],[2.65325,49.18728],[2.65955,49.1926],[2.66867,49.19844],[2.66596,49.2042],[2.66974,49.20516],[2.67462,49.2135],[2.68072,49.21571],[2.68663,49.2138],[2.69226,49.20754],[2.70556,49.20458],[2.71689,49.2013],[2.71625,49.201]]]]}},{"type":"Feature","properties":{"code":"60088","nom":"Bornel","departement":"60","region":"32"},"geometry":{"type":"MultiPolygon","coordinates":[[[[2.23051,49.20337],[2.22488,49.20281],[2.21104,49.19348],[2.19818,49.187],[2.19211,49.18535],[2.18076,49.1796],[2.17609,49.17603],[2.17495,49.175],[2.1762,49.17464],[2.17682,49.16975],[2.16803,49.16485],[2.16383,49.1663],[2.15803,49.17263],[2.16323,49.1773],[2.16242,49.17955],[2.15238,49.18382],[2.15592,49.18679],[2.15639,49.19003],[2.15466,49.19565],[2.15981,49.19853],[2.16944,49.20109],[2.17255,49.2125],[2.1766,49.22379],[2.1824,49.22963],[2.18876,49.23317],[2.19508,49.23848],[2.19958,49.24476],[2.19953,49.25223],[2.20526,49.25397],[2.20577,49.25333],[2.2067,49.25363],[2.21158,49.24444],[2.22137,49.23325],[2.22564,49.22823],[2.21905,49.22435],[2.21508,49.21756],[2.21419,49.21344],[2.21931,49.20856],[2.22166,49.20736],[2.22737,49.20778],[2.23064,49.20521],[2.23051,49.20337]]]]}},{"type":"Feature","properties":{"code":"60089","nom":"Boubiers","departement":"60","region":"32"},"geometry":{"type":"MultiPolygon","coordinates":[[[[1.87179,49.19425],[1.84492,49.20857],[1.85043,49.21357],[1.84516,49.2168],[1.85262,49.21765],[1.84776,49.22219],[1.86724,49.23378],[1.87505,49.23703],[1.88625,49.23758],[1.88803,49.22655],[1.89243,49.22522],[1.89643,49.22292],[1.89274,49.21601],[1.89133,49.2134],[1.88239,49.20674],[1.87759,49.19606],[1.87326,49.19414],[1.87179,49.19425]]]]}},{"type":"Feature","properties":{"code":"60090","nom":"Bouconvillers","departement":"60","region":"32"},"geometry":{"type":"MultiPolygon","coordinates":[[[[1.87614,49.17505],[1.89511,49.18421],[1.89679,49.18533],[1.91609,49.17741],[1.92823,49.17785],[1.93008,49.17951],[1.93199,49.17929],[1.93437,49.17354],[1.92996,49.17407],[1.92084,49.17226],[1.88744,49.16302],[1.88295,49.16258],[1.88086,49.1673],[1.8767,49.17142],[1.87614,49.17505]]]]}},{"type":"Feature","properties":{"code":"60091","nom":"Bouillancy","departement":"60","region":"32"},"geometry":{"type":"MultiPolygon","coordinates":[[[[2.93833,49.10481],[2.92637,49.10556],[2.91753,49.10244],[2.90847,49.10053],[2.90204,49.10133],[2.8987,49.1052],[2.89215,49.10685],[2.88895,49.10716],[2.87851,49.1061],[2.87092,49.10768],[2.8813,49.12435],[2.89172,49.12723],[2.89232,49.12878],[2.91136,49.12683],[2.91817,49.1316],[2.93223,49.13786],[2.93572,49.14016],[2.94734,49.13377],[2.94075,49.12674],[2.93598,49.11626],[2.94005,49.10766],[2.93833,49.10481]]]]}},{"type":"Feature","properties":{"code":"60092","nom":"Boullarre","departement":"60","region":"32"},"geometry":{"type":"MultiPolygon","coordinates":[[[[3.00621,49.11604],[2.99486,49.1171],[2.98887,49.12152],[2.98747,49.12373],[2.98682,49.12946],[2.99508,49.14288],[2.99788,49.14284],[2.99968,49.14154],[3.00998,49.14188],[3.02105,49.14129],[3.02884,49.13925],[3.04165,49.13335],[3.03912,49.13189],[3.03295,49.12953],[3.00621,49.11604]]]]}},{"type":"Feature","properties":{"code":"60093","nom":"Boulogne-la-Grasse","departement":"60","region":"32"},"geometry":{"type":"MultiPolygon","coordinates":[[[[2.68871,49.62544],[2.68917,49.62488],[2.69928,49.62624],[2.70732,49.62579],[2.71493,49.62399],[2.72044,49.62129],[2.72093,49.62164],[2.71982,49.59963],[2.71861,49.59353],[2.71634,49.59001],[2.70644,49.58759],[2.70092,49.5889],[2.70172,49.58934],[2.69425,49.59595],[2.6905,49.59765],[2.68541,49.59824],[2.67908,49.5969],[2.67421,49.60006],[2.67399,49.60241],[2.67347,49.60371],[2.67477,49.60579],[2.68703,49.6174],[2.68922,49.61925],[2.68727,49.62468],[2.68871,49.62544]]]]}},{"type":"Feature","properties":{"code":"60094","nom":"Boursonne","departement":"60","region":"32"},"geometry":{"type":"MultiPolygon","coordinates":[[[[3.03508,49.2058],[3.03613,49.20502],[3.04097,49.20586],[3.04173,49.20869],[3.04525,49.2097],[3.05035,49.20868],[3.0521,49.20658],[3.06375,49.19303],[3.06227,49.19336],[3.05003,49.19048],[3.04744,49.18884],[3.04708,49.18508],[3.04252,49.1846],[3.03183,49.20247],[3.03335,49.20551],[3.03508,49.2058]]]]}},{"type":"Feature","properties":{"code":"60095","nom":"Boury-en-Vexin","departement":"60","region":"32"},"geometry":{"type":"MultiPolygon","coordinates":[[[[1.76694,49.25204],[1.77945,49.2485],[1.7897,49.24778],[1.7903,49.24682],[1.7909,49.24385],[1.78452,49.24492],[1.77858,49.24473],[1.7697,49.24275],[1.75148,49.24047],[1.7488,49.23508],[1.74826,49.23022],[1.74584,49.22452],[1.74379,49.223],[1.7404,49.22283],[1.74046,49.22367],[1.74044,49.22428],[1.73365,49.227],[1.71269,49.23441],[1.7095,49.23845],[1.70435,49.23243],[1.69891,49.23512],[1.70149,49.24246],[1.70123,49.25182],[1.70512,49.25267],[1.71034,49.24964],[1.71893,49.24935],[1.72475,49.25478],[1.72952,49.25534],[1.74528,49.2524],[1.76415,49.25279],[1.76694,49.25204]]]]}},{"type":"Feature","properties":{"code":"60097","nom":"Boutencourt","departement":"60","region":"32"},"geometry":{"type":"MultiPolygon","coordinates":[[[[1.88974,49.31111],[1.87808,49.31487],[1.87093,49.31189],[1.86175,49.30333],[1.86263,49.30625],[1.85782,49.31023],[1.84544,49.31323],[1.83989,49.31621],[1.84769,49.33023],[1.85122,49.33438],[1.85807,49.3307],[1.86326,49.32359],[1.86787,49.32442],[1.87696,49.33161],[1.8872,49.32957],[1.88924,49.32812],[1.89228,49.32613],[1.90981,49.33279],[1.91074,49.33163],[1.89336,49.31946],[1.88974,49.31111]]]]}},{"type":"Feature","properties":{"code":"60098","nom":"Bouvresse","departement":"60","region":"32"},"geometry":{"type":"MultiPolygon","coordinates":[[[[1.7743,49.65593],[1.77643,49.65559],[1.77556,49.64802],[1.75022,49.64419],[1.74702,49.643],[1.74324,49.6446],[1.74136,49.64557],[1.74089,49.65237],[1.75155,49.65938],[1.75414,49.6569],[1.7743,49.65593]]]]}},{"type":"Feature","properties":{"code":"60099","nom":"Braisnes-sur-Aronde","departement":"60","region":"32"},"geometry":{"type":"MultiPolygon","coordinates":[[[[2.77331,49.46819],[2.77078,49.46896],[2.76605,49.46758],[2.7624,49.47427],[2.76221,49.4826],[2.76197,49.48448],[2.76356,49.48686],[2.76772,49.4856],[2.77638,49.48375],[2.78386,49.47917],[2.79262,49.47431],[2.79163,49.47304],[2.77331,49.46819]]]]}},{"type":"Feature","properties":{"code":"60100","nom":"Brasseuse","departement":"60","region":"32"},"geometry":{"type":"MultiPolygon","coordinates":[[[[2.70362,49.24998],[2.67211,49.2374],[2.67356,49.23292],[2.66884,49.2322],[2.65979,49.23254],[2.65816,49.25345],[2.66085,49.25626],[2.66624,49.25745],[2.66538,49.25955],[2.67181,49.26373],[2.68331,49.26772],[2.69962,49.26903],[2.7021,49.26732],[2.7005,49.26664],[2.69653,49.26023],[2.70362,49.24998]]]]}},{"type":"Feature","properties":{"code":"60101","nom":"Brégy","departement":"60","region":"32"},"geometry":{"type":"MultiPolygon","coordinates":[[[[2.89496,49.07706],[2.88755,49.0795],[2.87742,49.07365],[2.86636,49.07069],[2.85612,49.07009],[2.84508,49.08483],[2.84843,49.09431],[2.84829,49.09667],[2.85333,49.09698],[2.85297,49.09909],[2.85513,49.10181],[2.87092,49.10768],[2.87851,49.1061],[2.88895,49.10716],[2.89215,49.10685],[2.8987,49.1052],[2.90204,49.10133],[2.90192,49.10043],[2.90613,49.0985],[2.90439,49.0942],[2.89608,49.08799],[2.90144,49.08534],[2.89496,49.07706]]]]}},{"type":"Feature","properties":{"code":"60102","nom":"Brenouille","departement":"60","region":"32"},"geometry":{"type":"MultiPolygon","coordinates":[[[[2.54607,49.31504],[2.55375,49.3151],[2.56053,49.31397],[2.56509,49.31218],[2.56826,49.31192],[2.56992,49.31259],[2.57425,49.30811],[2.578,49.30638],[2.57682,49.30554],[2.57661,49.30352],[2.56541,49.30318],[2.55329,49.2999],[2.54796,49.30075],[2.53954,49.30182],[2.52606,49.29893],[2.52324,49.3069],[2.53073,49.30858],[2.54607,49.31504]]]]}},{"type":"Feature","properties":{"code":"60103","nom":"Bresles","departement":"60","region":"32"},"geometry":{"type":"MultiPolygon","coordinates":[[[[2.2797,49.43047],[2.27808,49.42575],[2.27932,49.4245],[2.27811,49.41771],[2.27255,49.40047],[2.2798,49.38885],[2.27645,49.38791],[2.27054,49.38664],[2.26611,49.38383],[2.25039,49.39282],[2.23272,49.39576],[2.21922,49.39699],[2.2155,49.3945],[2.21328,49.39437],[2.21375,49.3978],[2.21559,49.40351],[2.21751,49.40804],[2.21941,49.41962],[2.23264,49.43547],[2.23196,49.4371],[2.25533,49.43617],[2.27067,49.43662],[2.27437,49.43743],[2.27697,49.436],[2.2797,49.43047]]]]}},{"type":"Feature","properties":{"code":"60104","nom":"Breteuil","departement":"60","region":"32"},"geometry":{"type":"MultiPolygon","coordinates":[[[[2.24366,49.63247],[2.25226,49.63323],[2.26525,49.63635],[2.27286,49.64647],[2.28594,49.64989],[2.2943,49.65074],[2.29497,49.65911],[2.30042,49.66033],[2.30826,49.64952],[2.31673,49.64674],[2.32737,49.64726],[2.33206,49.64865],[2.33398,49.6439],[2.33654,49.63778],[2.34012,49.62904],[2.33101,49.62599],[2.32943,49.62547],[2.3177,49.62689],[2.3036,49.62703],[2.28524,49.62067],[2.26891,49.61257],[2.26672,49.61165],[2.25419,49.6147],[2.25437,49.61558],[2.24645,49.62539],[2.24366,49.63247]]]]}},{"type":"Feature","properties":{"code":"60105","nom":"Brétigny","departement":"60","region":"32"},"geometry":{"type":"MultiPolygon","coordinates":[[[[3.1127,49.56999],[3.11704,49.57088],[3.12117,49.57076],[3.12649,49.5729],[3.12823,49.55825],[3.13171,49.54396],[3.12597,49.54216],[3.12218,49.54832],[3.11947,49.55012],[3.1153,49.55167],[3.10967,49.55248],[3.10797,49.55541],[3.10321,49.55732],[3.09532,49.56296],[3.09093,49.56831],[3.09868,49.57059],[3.10543,49.57125],[3.1127,49.56999]]]]}},{"type":"Feature","properties":{"code":"60106","nom":"Breuil-le-Sec","departement":"60","region":"32"},"geometry":{"type":"MultiPolygon","coordinates":[[[[2.44365,49.35788],[2.44358,49.36652],[2.44184,49.37116],[2.43379,49.38009],[2.43261,49.38227],[2.45952,49.39642],[2.46675,49.40072],[2.46759,49.40056],[2.46803,49.39723],[2.47573,49.396],[2.48078,49.3948],[2.47939,49.39195],[2.47339,49.38711],[2.46959,49.38254],[2.46888,49.37064],[2.46976,49.36893],[2.47185,49.36815],[2.46916,49.36235],[2.46296,49.35818],[2.44365,49.35788]]]]}},{"type":"Feature","properties":{"code":"60107","nom":"Breuil-le-Vert","departement":"60","region":"32"},"geometry":{"type":"MultiPolygon","coordinates":[[[[2.42128,49.37451],[2.43156,49.37983],[2.43379,49.38009],[2.44184,49.37116],[2.44358,49.36652],[2.44365,49.35788],[2.44048,49.34813],[2.43933,49.34656],[2.43127,49.34577],[2.42929,49.34912],[2.42372,49.35427],[2.41899,49.35292],[2.40599,49.35624],[2.39272,49.364],[2.3947,49.36678],[2.40005,49.3684],[2.40723,49.36842],[2.41597,49.36821],[2.42087,49.37012],[2.42298,49.37306],[2.42128,49.37451]]]]}},{"type":"Feature","properties":{"code":"60108","nom":"Briot","departement":"60","region":"32"},"geometry":{"type":"MultiPolygon","coordinates":[[[[1.91387,49.65947],[1.91777,49.65523],[1.92675,49.65332],[1.92666,49.64274],[1.93893,49.63844],[1.9375,49.63579],[1.93477,49.63419],[1.93167,49.63351],[1.92931,49.63137],[1.93334,49.62937],[1.91416,49.62221],[1.90665,49.62752],[1.90413,49.63119],[1.90612,49.63574],[1.90734,49.64966],[1.90357,49.65377],[1.89797,49.65784],[1.89813,49.6587],[1.9028,49.65828],[1.91387,49.65947]]]]}},{"type":"Feature","properties":{"code":"60109","nom":"Brombos","departement":"60","region":"32"},"geometry":{"type":"MultiPolygon","coordinates":[[[[1.87761,49.66055],[1.88617,49.66193],[1.89335,49.66131],[1.89455,49.6589],[1.89813,49.6587],[1.89797,49.65784],[1.90357,49.65377],[1.90734,49.64966],[1.90612,49.63574],[1.90413,49.63119],[1.90086,49.63323],[1.89751,49.63279],[1.89055,49.62992],[1.88832,49.6315],[1.8666,49.63788],[1.86953,49.63945],[1.87317,49.64917],[1.87797,49.65754],[1.87761,49.66055]]]]}},{"type":"Feature","properties":{"code":"60110","nom":"Broquiers","departement":"60","region":"32"},"geometry":{"type":"MultiPolygon","coordinates":[[[[1.81458,49.65109],[1.81753,49.65164],[1.81663,49.65328],[1.81981,49.66065],[1.82511,49.66392],[1.83429,49.66517],[1.84257,49.66872],[1.84759,49.67178],[1.84956,49.67597],[1.85456,49.67588],[1.86133,49.67339],[1.85868,49.66916],[1.8563,49.66746],[1.85241,49.66613],[1.84343,49.66523],[1.83995,49.6638],[1.83757,49.65717],[1.83567,49.65598],[1.81957,49.64942],[1.81443,49.65024],[1.81458,49.65109]]]]}},{"type":"Feature","properties":{"code":"60111","nom":"Broyes","departement":"60","region":"32"},"geometry":{"type":"MultiPolygon","coordinates":[[[[2.43681,49.61844],[2.43459,49.62063],[2.43221,49.62557],[2.43225,49.62842],[2.44267,49.63733],[2.45265,49.641],[2.45564,49.64122],[2.45288,49.63846],[2.45351,49.63619],[2.45758,49.63407],[2.46534,49.63811],[2.47002,49.63509],[2.47295,49.63556],[2.47391,49.63274],[2.47327,49.6319],[2.46922,49.62907],[2.46727,49.62887],[2.46894,49.62523],[2.47786,49.62066],[2.47783,49.61994],[2.47198,49.61834],[2.4631,49.6228],[2.44369,49.61832],[2.43681,49.61844]]]]}},{"type":"Feature","properties":{"code":"60112","nom":"Brunvillers-la-Motte","departement":"60","region":"32"},"geometry":{"type":"MultiPolygon","coordinates":[[[[2.43611,49.54408],[2.43616,49.5566],[2.44019,49.5727],[2.44135,49.57282],[2.46032,49.56308],[2.46667,49.56079],[2.475,49.56142],[2.48171,49.55987],[2.48331,49.55855],[2.47648,49.5536],[2.47392,49.5509],[2.46794,49.54836],[2.46093,49.54701],[2.44672,49.54192],[2.43611,49.54408]]]]}},{"type":"Feature","properties":{"code":"60113","nom":"Bucamps","departement":"60","region":"32"},"geometry":{"type":"MultiPolygon","coordinates":[[[[2.34059,49.51964],[2.33454,49.51046],[2.31593,49.51737],[2.30848,49.52371],[2.30896,49.5273],[2.30691,49.52783],[2.30535,49.52613],[2.2923,49.52759],[2.27968,49.5304],[2.28848,49.53636],[2.30775,49.52907],[2.32117,49.52995],[2.3227,49.53033],[2.32558,49.53521],[2.32794,49.53403],[2.33006,49.53283],[2.34645,49.52857],[2.34059,49.51964]]]]}},{"type":"Feature","properties":{"code":"60114","nom":"Buicourt","departement":"60","region":"32"},"geometry":{"type":"MultiPolygon","coordinates":[[[[1.81987,49.54364],[1.8278,49.53654],[1.8306,49.53217],[1.83029,49.52929],[1.82044,49.52661],[1.80491,49.52619],[1.80364,49.52502],[1.80271,49.52557],[1.80479,49.53328],[1.80353,49.53535],[1.81829,49.54448],[1.81987,49.54364]]]]}},{"type":"Feature","properties":{"code":"60115","nom":"Bulles","departement":"60","region":"32"},"geometry":{"type":"MultiPolygon","coordinates":[[[[2.34137,49.42607],[2.33799,49.42651],[2.33478,49.43369],[2.33773,49.44308],[2.33154,49.44542],[2.32486,49.44675],[2.32093,49.44643],[2.2955,49.4637],[2.29741,49.4642],[2.30171,49.47112],[2.30438,49.47671],[2.30325,49.47796],[2.32059,49.4814],[2.32448,49.48226],[2.33991,49.47429],[2.35714,49.47187],[2.35399,49.46323],[2.35947,49.45723],[2.36953,49.45059],[2.3761,49.44423],[2.36582,49.44033],[2.35584,49.43881],[2.34785,49.43355],[2.34137,49.42607]]]]}},{"type":"Feature","properties":{"code":"60116","nom":"Bury","departement":"60","region":"32"},"geometry":{"type":"MultiPolygon","coordinates":[[[[2.34975,49.29207],[2.33174,49.30853],[2.32926,49.31535],[2.32601,49.32001],[2.32629,49.32054],[2.33292,49.32409],[2.33625,49.32783],[2.34111,49.34187],[2.35376,49.33718],[2.37208,49.33433],[2.37161,49.32926],[2.38857,49.31454],[2.39607,49.31048],[2.39665,49.30945],[2.37904,49.30485],[2.37854,49.29776],[2.3795,49.28961],[2.37815,49.2904],[2.3708,49.28533],[2.36675,49.2836],[2.36469,49.28378],[2.36429,49.28562],[2.34975,49.29207]]]]}},{"type":"Feature","properties":{"code":"60117","nom":"Bussy","departement":"60","region":"32"},"geometry":{"type":"MultiPolygon","coordinates":[[[[2.99549,49.63049],[2.98736,49.62446],[2.98451,49.6203],[2.9841,49.62029],[2.9786,49.62144],[2.96709,49.62176],[2.96436,49.62509],[2.96556,49.6256],[2.97154,49.63526],[2.96943,49.6366],[2.97204,49.63745],[2.97823,49.64422],[2.9817,49.64386],[2.98392,49.64361],[2.9881,49.64093],[2.99525,49.63396],[2.99877,49.63505],[2.99995,49.63299],[2.99549,49.63049]]]]}},{"type":"Feature","properties":{"code":"60118","nom":"Caisnes","departement":"60","region":"32"},"geometry":{"type":"MultiPolygon","coordinates":[[[[3.074,49.53594],[3.08948,49.52182],[3.07467,49.51029],[3.05962,49.50264],[3.0583,49.5004],[3.05301,49.51425],[3.05093,49.52849],[3.04975,49.53079],[3.06242,49.53072],[3.06408,49.53422],[3.06343,49.53614],[3.07225,49.53695],[3.074,49.53594]]]]}},{"type":"Feature","properties":{"code":"60119","nom":"Cambronne-lès-Ribécourt","departement":"60","region":"32"},"geometry":{"type":"MultiPolygon","coordinates":[[[[2.88404,49.48834],[2.8897,49.49882],[2.88397,49.51382],[2.88095,49.52552],[2.88862,49.52827],[2.89793,49.52449],[2.9104,49.5084],[2.91898,49.50225],[2.92616,49.49886],[2.92517,49.49487],[2.9125,49.49909],[2.90661,49.4985],[2.90327,49.49644],[2.90251,49.4937],[2.90397,49.49088],[2.90366,49.48927],[2.90145,49.48483],[2.89935,49.48428],[2.89934,49.4854],[2.89482,49.48802],[2.88404,49.48834]]]]}},{"type":"Feature","properties":{"code":"60120","nom":"Cambronne-lès-Clermont","departement":"60","region":"32"},"geometry":{"type":"MultiPolygon","coordinates":[[[[2.42328,49.33648],[2.42308,49.32964],[2.42955,49.32221],[2.43238,49.32099],[2.42597,49.32071],[2.42239,49.31713],[2.4069,49.31291],[2.39694,49.30905],[2.39665,49.30945],[2.39607,49.31048],[2.38857,49.31454],[2.37161,49.32926],[2.37208,49.33433],[2.37805,49.33997],[2.38154,49.34083],[2.38351,49.33897],[2.39122,49.33709],[2.41103,49.33811],[2.41369,49.33725],[2.42328,49.33648]]]]}},{"type":"Feature","properties":{"code":"60121","nom":"Campagne","departement":"60","region":"32"},"geometry":{"type":"MultiPolygon","coordinates":[[[[2.95336,49.66047],[2.95597,49.66076],[2.96446,49.65986],[2.97028,49.6567],[2.98097,49.6484],[2.97823,49.64422],[2.97204,49.63745],[2.96943,49.6366],[2.96462,49.63952],[2.95659,49.63985],[2.95137,49.64162],[2.94607,49.64706],[2.94476,49.6472],[2.9432,49.64992],[2.94233,49.655],[2.95359,49.65836],[2.95336,49.66047]]]]}},{"type":"Feature","properties":{"code":"60122","nom":"Campeaux","departement":"60","region":"32"},"geometry":{"type":"MultiPolygon","coordinates":[[[[1.72401,49.60193],[1.72709,49.60429],[1.7314,49.61098],[1.73464,49.62526],[1.73354,49.62612],[1.73574,49.62843],[1.73516,49.6289],[1.74077,49.63149],[1.75233,49.63247],[1.75872,49.63089],[1.77316,49.6246],[1.77842,49.62033],[1.78741,49.61052],[1.7817,49.60577],[1.77932,49.60486],[1.77485,49.60571],[1.77362,49.60447],[1.77204,49.605],[1.76791,49.60129],[1.76861,49.60095],[1.76616,49.59666],[1.76348,49.59553],[1.76264,49.59642],[1.75465,49.60013],[1.73919,49.60335],[1.73301,49.60242],[1.72751,49.59957],[1.72401,49.60193]]]]}},{"type":"Feature","properties":{"code":"60123","nom":"Campremy","departement":"60","region":"32"},"geometry":{"type":"MultiPolygon","coordinates":[[[[2.34197,49.5694],[2.35493,49.57303],[2.36773,49.57448],[2.36947,49.57056],[2.36193,49.56788],[2.35709,49.56652],[2.35645,49.55972],[2.35531,49.55753],[2.34992,49.55321],[2.3432,49.55006],[2.34162,49.55033],[2.31621,49.5567],[2.29565,49.55466],[2.28859,49.55962],[2.29383,49.5664],[2.30038,49.56897],[2.31025,49.57654],[2.31348,49.58249],[2.31538,49.58278],[2.3202,49.5808],[2.32601,49.57698],[2.32978,49.57075],[2.33868,49.56711],[2.34197,49.5694]]]]}},{"type":"Feature","properties":{"code":"60124","nom":"Candor","departement":"60","region":"32"},"geometry":{"type":"MultiPolygon","coordinates":[[[[2.88334,49.65093],[2.88769,49.64835],[2.91362,49.63301],[2.92031,49.62905],[2.9013,49.61929],[2.88242,49.61341],[2.87617,49.61332],[2.87629,49.61429],[2.86708,49.61479],[2.85651,49.62234],[2.85216,49.62448],[2.86003,49.62894],[2.86169,49.62767],[2.86222,49.62506],[2.86504,49.62717],[2.87042,49.63204],[2.87494,49.63196],[2.87796,49.63625],[2.88176,49.6489],[2.88334,49.65093]]]]}},{"type":"Feature","properties":{"code":"60125","nom":"Canly","departement":"60","region":"32"},"geometry":{"type":"MultiPolygon","coordinates":[[[[2.71529,49.40537],[2.72045,49.39635],[2.72285,49.3797],[2.70783,49.37858],[2.70771,49.37678],[2.68224,49.38122],[2.67372,49.37941],[2.67199,49.38018],[2.66748,49.38643],[2.66704,49.38882],[2.6724,49.39184],[2.69662,49.39803],[2.70217,49.40072],[2.70399,49.40396],[2.71529,49.40537]]]]}},{"type":"Feature","properties":{"code":"60126","nom":"Cannectancourt","departement":"60","region":"32"},"geometry":{"type":"MultiPolygon","coordinates":[[[[2.90467,49.56572],[2.90755,49.56563],[2.91389,49.5632],[2.92386,49.56274],[2.91574,49.55201],[2.91484,49.5423],[2.91582,49.54195],[2.89181,49.54018],[2.88916,49.53627],[2.8906,49.53348],[2.8902,49.53203],[2.88785,49.53033],[2.88148,49.53253],[2.88045,49.53299],[2.87075,49.53092],[2.86986,49.53359],[2.86316,49.53652],[2.86137,49.53643],[2.86317,49.53851],[2.87902,49.5391],[2.87988,49.5397],[2.8792,49.54139],[2.87644,49.54454],[2.88401,49.55478],[2.90477,49.56432],[2.90467,49.56572]]]]}},{"type":"Feature","properties":{"code":"60127","nom":"Canny-sur-Matz","departement":"60","region":"32"},"geometry":{"type":"MultiPolygon","coordinates":[[[[2.81186,49.58986],[2.80414,49.58325],[2.79973,49.58465],[2.7973,49.58422],[2.79611,49.58585],[2.79754,49.58737],[2.78445,49.6006],[2.77553,49.61507],[2.79408,49.61758],[2.79514,49.61656],[2.79668,49.61461],[2.80955,49.61208],[2.81827,49.61493],[2.82088,49.61311],[2.82349,49.60679],[2.8234,49.60217],[2.81186,49.58986]]]]}},{"type":"Feature","properties":{"code":"60128","nom":"Canny-sur-Thérain","departement":"60","region":"32"},"geometry":{"type":"MultiPolygon","coordinates":[[[[1.73354,49.62612],[1.73464,49.62526],[1.7314,49.61098],[1.72709,49.60429],[1.72401,49.60193],[1.72215,49.60047],[1.72085,49.59003],[1.71751,49.58845],[1.70919,49.58693],[1.69391,49.60115],[1.70741,49.60831],[1.71776,49.61558],[1.72156,49.62357],[1.71728,49.6331],[1.72714,49.63004],[1.72829,49.62941],[1.73354,49.62612]]]]}},{"type":"Feature","properties":{"code":"60129","nom":"Carlepont","departement":"60","region":"32"},"geometry":{"type":"MultiPolygon","coordinates":[[[[3.03548,49.49599],[3.00912,49.49909],[3.00333,49.50101],[2.99876,49.50438],[2.99772,49.50693],[2.99798,49.51357],[2.99219,49.52211],[2.99157,49.54928],[2.99889,49.54882],[3.0172,49.54327],[3.01851,49.54134],[3.0276,49.53739],[3.03526,49.53774],[3.0444,49.53514],[3.04975,49.53079],[3.05093,49.52849],[3.05301,49.51425],[3.0583,49.5004],[3.05651,49.49943],[3.05619,49.49778],[3.04036,49.49894],[3.03669,49.49779],[3.03548,49.49599]]]]}},{"type":"Feature","properties":{"code":"60130","nom":"Catenoy","departement":"60","region":"32"},"geometry":{"type":"MultiPolygon","coordinates":[[[[2.54539,49.3803],[2.54394,49.37585],[2.53534,49.37054],[2.53034,49.36623],[2.53059,49.36416],[2.52845,49.36268],[2.52079,49.36068],[2.51414,49.36044],[2.49829,49.36],[2.48518,49.35956],[2.49277,49.36856],[2.51338,49.40131],[2.51731,49.40016],[2.51942,49.40398],[2.52542,49.40514],[2.53341,49.40492],[2.53586,49.40406],[2.53287,49.3947],[2.54093,49.38708],[2.54539,49.3803]]]]}},{"type":"Feature","properties":{"code":"60131","nom":"Catheux","departement":"60","region":"32"},"geometry":{"type":"MultiPolygon","coordinates":[[[[2.13369,49.64579],[2.1275,49.6414],[2.12574,49.63676],[2.12193,49.63395],[2.12204,49.6367],[2.11687,49.6387],[2.1082,49.63545],[2.09789,49.62978],[2.09103,49.63841],[2.08412,49.63732],[2.0757,49.63408],[2.06744,49.63631],[2.06612,49.63818],[2.08497,49.64705],[2.09147,49.65266],[2.09125,49.65655],[2.0875,49.66065],[2.07815,49.66131],[2.07752,49.66353],[2.08239,49.67109],[2.08964,49.6716],[2.09362,49.66509],[2.09487,49.66478],[2.11099,49.66547],[2.11109,49.66378],[2.12925,49.66162],[2.13587,49.65838],[2.1376,49.65417],[2.13369,49.64579]]]]}},{"type":"Feature","properties":{"code":"60132","nom":"Catigny","departement":"60","region":"32"},"geometry":{"type":"MultiPolygon","coordinates":[[[[2.92031,49.62905],[2.91362,49.63301],[2.93041,49.64546],[2.93527,49.64727],[2.94231,49.64771],[2.94476,49.6472],[2.94607,49.64706],[2.95137,49.64162],[2.95659,49.63985],[2.96462,49.63952],[2.96943,49.6366],[2.97154,49.63526],[2.96556,49.6256],[2.96436,49.62509],[2.95656,49.62919],[2.94612,49.63048],[2.93093,49.62288],[2.92031,49.62905]]]]}},{"type":"Feature","properties":{"code":"60133","nom":"Catillon-Fumechon","departement":"60","region":"32"},"geometry":{"type":"MultiPolygon","coordinates":[[[[2.39373,49.50716],[2.38871,49.50993],[2.38143,49.51164],[2.37013,49.51346],[2.34882,49.51493],[2.34059,49.51964],[2.34645,49.52857],[2.34757,49.52995],[2.36095,49.53561],[2.36669,49.53587],[2.37638,49.53418],[2.38258,49.53725],[2.3851,49.54151],[2.38234,49.54806],[2.38182,49.55516],[2.38343,49.55365],[2.39673,49.54728],[2.39809,49.5483],[2.40853,49.53608],[2.39964,49.53486],[2.39683,49.5329],[2.39761,49.52766],[2.40695,49.5218],[2.40235,49.51399],[2.39393,49.50816],[2.39373,49.50716]]]]}},{"type":"Feature","properties":{"code":"60134","nom":"Cauffry","departement":"60","region":"32"},"geometry":{"type":"MultiPolygon","coordinates":[[[[2.39694,49.30905],[2.4069,49.31291],[2.42239,49.31713],[2.42597,49.32071],[2.43238,49.32099],[2.44887,49.32433],[2.45485,49.3156],[2.45769,49.31624],[2.45873,49.31526],[2.45888,49.31101],[2.45799,49.31074],[2.45653,49.3102],[2.44046,49.31022],[2.42585,49.30835],[2.40722,49.30319],[2.39759,49.30803],[2.39694,49.30905]]]]}},{"type":"Feature","properties":{"code":"60135","nom":"Cauvigny","departement":"60","region":"32"},"geometry":{"type":"MultiPolygon","coordinates":[[[[2.24576,49.27828],[2.24219,49.28065],[2.23654,49.28223],[2.23446,49.28451],[2.23014,49.28693],[2.23075,49.28743],[2.20932,49.29572],[2.19759,49.304],[2.20338,49.31058],[2.21857,49.31945],[2.22226,49.32243],[2.22273,49.32392],[2.22494,49.32437],[2.22957,49.32472],[2.25712,49.31752],[2.26025,49.31594],[2.26388,49.31216],[2.2673,49.31363],[2.28126,49.30576],[2.27713,49.30416],[2.27143,49.30018],[2.27277,49.29493],[2.26696,49.29044],[2.24576,49.27828]]]]}},{"type":"Feature","properties":{"code":"60136","nom":"Cempuis","departement":"60","region":"32"},"geometry":{"type":"MultiPolygon","coordinates":[[[[1.95618,49.64415],[1.9497,49.64796],[1.94756,49.65222],[1.94851,49.65274],[1.95673,49.6575],[1.95529,49.66203],[1.9579,49.6666],[1.95958,49.66617],[1.96347,49.66698],[1.97681,49.66764],[2.00143,49.66588],[2.01518,49.66642],[2.03069,49.65877],[2.0161,49.65412],[2.00229,49.65206],[1.98603,49.65145],[1.97821,49.65044],[1.97488,49.64892],[1.97508,49.64553],[1.96442,49.64557],[1.95749,49.64442],[1.95618,49.64415]]]]}},{"type":"Feature","properties":{"code":"60137","nom":"Cernoy","departement":"60","region":"32"},"geometry":{"type":"MultiPolygon","coordinates":[[[[2.56269,49.433],[2.55138,49.43014],[2.54972,49.43346],[2.54808,49.43405],[2.53022,49.43469],[2.52762,49.4357],[2.52849,49.44092],[2.52781,49.44258],[2.51949,49.44682],[2.52253,49.44976],[2.5294,49.45551],[2.53865,49.45553],[2.54108,49.45281],[2.5442,49.45163],[2.55157,49.44588],[2.56283,49.43437],[2.56364,49.43328],[2.56269,49.433]]]]}},{"type":"Feature","properties":{"code":"60138","nom":"Chamant","departement":"60","region":"32"},"geometry":{"type":"MultiPolygon","coordinates":[[[[2.63361,49.21188],[2.60916,49.20941],[2.60152,49.2145],[2.59875,49.21547],[2.59568,49.21483],[2.59605,49.21566],[2.58723,49.2308],[2.59514,49.23835],[2.61196,49.24585],[2.62236,49.24578],[2.62399,49.23971],[2.62262,49.237],[2.62373,49.2351],[2.62884,49.23166],[2.64146,49.22802],[2.6538,49.23147],[2.65673,49.23062],[2.65127,49.22894],[2.6525,49.22418],[2.65028,49.21812],[2.64771,49.21496],[2.64926,49.21363],[2.64289,49.21293],[2.63893,49.21372],[2.63584,49.2135],[2.63361,49.21188]]]]}},{"type":"Feature","properties":{"code":"60139","nom":"Chambly","departement":"60","region":"32"},"geometry":{"type":"MultiPolygon","coordinates":[[[[2.26195,49.15823],[2.25378,49.15263],[2.24187,49.15341],[2.24132,49.15159],[2.22329,49.1521],[2.21685,49.15413],[2.22867,49.16371],[2.23037,49.16755],[2.22929,49.17158],[2.22155,49.17715],[2.21982,49.17959],[2.22554,49.17689],[2.22345,49.18231],[2.22497,49.18495],[2.2278,49.18722],[2.23439,49.19095],[2.25109,49.19668],[2.25269,49.19723],[2.25435,49.19382],[2.26425,49.18516],[2.27557,49.17243],[2.27316,49.16627],[2.26215,49.15838],[2.26195,49.15823]]]]}},{"type":"Feature","properties":{"code":"60140","nom":"Chambors","departement":"60","region":"32"},"geometry":{"type":"MultiPolygon","coordinates":[[[[1.81489,49.25118],[1.8032,49.2452],[1.79547,49.24517],[1.79274,49.24557],[1.79042,49.24694],[1.78943,49.25369],[1.79385,49.25929],[1.79876,49.26789],[1.80286,49.27192],[1.8024,49.2735],[1.80913,49.27408],[1.82287,49.27153],[1.83708,49.26519],[1.82692,49.25701],[1.82157,49.25469],[1.81603,49.25366],[1.81489,49.25118]]]]}},{"type":"Feature","properties":{"code":"60141","nom":"Chantilly","departement":"60","region":"32"},"geometry":{"type":"MultiPolygon","coordinates":[[[[2.4668,49.19784],[2.47927,49.19895],[2.501,49.1946],[2.494,49.18423],[2.49139,49.18329],[2.50884,49.16653],[2.52613,49.17257],[2.52709,49.16552],[2.5243,49.16051],[2.50157,49.15832],[2.49567,49.1585],[2.48712,49.15973],[2.48416,49.15908],[2.48289,49.15798],[2.46786,49.16198],[2.46202,49.16109],[2.46145,49.15819],[2.45921,49.15658],[2.45385,49.15992],[2.44787,49.16622],[2.45041,49.17002],[2.45828,49.18236],[2.4583,49.19498],[2.45675,49.20231],[2.46106,49.20256],[2.46931,49.20334],[2.46653,49.19829],[2.4668,49.19784]]]]}},{"type":"Feature","properties":{"code":"60142","nom":"La Chapelle-en-Serval","departement":"60","region":"32"},"geometry":{"type":"MultiPolygon","coordinates":[[[[2.51636,49.1029],[2.51039,49.10429],[2.50809,49.10358],[2.50396,49.10389],[2.49007,49.10625],[2.49077,49.10822],[2.50301,49.11767],[2.49908,49.12224],[2.50336,49.12498],[2.51606,49.12589],[2.52299,49.12744],[2.52253,49.13144],[2.52698,49.13731],[2.52859,49.1388],[2.53336,49.14013],[2.53811,49.13959],[2.54199,49.14525],[2.54238,49.14584],[2.55949,49.14039],[2.56205,49.14029],[2.55245,49.12602],[2.54207,49.12225],[2.53852,49.12176],[2.53296,49.11951],[2.53126,49.09946],[2.51636,49.1029]]]]}},{"type":"Feature","properties":{"code":"60143","nom":"Chaumont-en-Vexin","departement":"60","region":"32"},"geometry":{"type":"MultiPolygon","coordinates":[[[[1.86256,49.28979],[1.86439,49.28932],[1.88093,49.29634],[1.88306,49.29812],[1.88404,49.29568],[1.89223,49.29015],[1.88939,49.28901],[1.88813,49.28757],[1.88751,49.28385],[1.89925,49.28026],[1.90307,49.28535],[1.90651,49.28739],[1.91461,49.28942],[1.92558,49.28727],[1.9273,49.28576],[1.92604,49.2841],[1.92695,49.28266],[1.92558,49.27891],[1.92163,49.27487],[1.92032,49.27142],[1.9232,49.27055],[1.9224,49.26921],[1.91426,49.26523],[1.90274,49.26132],[1.89776,49.25846],[1.89498,49.25457],[1.87573,49.24856],[1.87688,49.25322],[1.86487,49.25594],[1.85365,49.25704],[1.84544,49.26326],[1.83752,49.26571],[1.84292,49.27357],[1.84797,49.27614],[1.86256,49.28979]]]]}},{"type":"Feature","properties":{"code":"60144","nom":"Chavençon","departement":"60","region":"32"},"geometry":{"type":"MultiPolygon","coordinates":[[[[1.99912,49.17541],[1.99935,49.17587],[1.97358,49.18386],[1.97131,49.1847],[1.9657,49.19315],[1.97316,49.19356],[1.98422,49.19589],[1.99032,49.19346],[2.00846,49.19355],[2.01851,49.19061],[2.02178,49.18881],[2.00675,49.17861],[1.99912,49.17541]]]]}},{"type":"Feature","properties":{"code":"60145","nom":"Chelles","departement":"60","region":"32"},"geometry":{"type":"MultiPolygon","coordinates":[[[[3.0287,49.36542],[3.03731,49.36338],[3.04592,49.36097],[3.05569,49.35715],[3.06883,49.34748],[3.06321,49.34557],[3.04928,49.33783],[3.04261,49.33294],[3.04278,49.33092],[3.0399,49.32738],[3.03626,49.32558],[3.03381,49.33104],[3.0126,49.33714],[3.02058,49.34188],[3.02524,49.36106],[3.0287,49.36542]]]]}},{"type":"Feature","properties":{"code":"60146","nom":"Chepoix","departement":"60","region":"32"},"geometry":{"type":"MultiPolygon","coordinates":[[[[2.35685,49.61853],[2.37109,49.60999],[2.40455,49.61421],[2.41409,49.61511],[2.42517,49.61969],[2.42881,49.62013],[2.42969,49.61934],[2.42915,49.61717],[2.42943,49.61589],[2.42203,49.61422],[2.41811,49.61151],[2.41654,49.61049],[2.40691,49.60938],[2.39427,49.60106],[2.39137,49.59755],[2.37965,49.59008],[2.37406,49.58546],[2.37192,49.58672],[2.37066,49.58549],[2.36696,49.58486],[2.35026,49.60475],[2.35225,49.61622],[2.35471,49.6194],[2.35685,49.61853]]]]}},{"type":"Feature","properties":{"code":"60147","nom":"Chevincourt","departement":"60","region":"32"},"geometry":{"type":"MultiPolygon","coordinates":[[[[2.87075,49.53092],[2.86951,49.52367],[2.86257,49.5145],[2.86184,49.49992],[2.86261,49.49965],[2.86069,49.49648],[2.85482,49.49704],[2.84232,49.50072],[2.84074,49.50181],[2.84144,49.5027],[2.83055,49.51398],[2.8361,49.51813],[2.83774,49.52335],[2.84503,49.53134],[2.85029,49.53505],[2.85869,49.53556],[2.86137,49.53643],[2.86316,49.53652],[2.86986,49.53359],[2.87075,49.53092]]]]}},{"type":"Feature","properties":{"code":"60148","nom":"Chèvreville","departement":"60","region":"32"},"geometry":{"type":"MultiPolygon","coordinates":[[[[2.87092,49.10768],[2.85513,49.10181],[2.85297,49.09909],[2.85333,49.09698],[2.84829,49.09667],[2.84311,49.10376],[2.83727,49.10645],[2.83216,49.11256],[2.83063,49.11725],[2.83911,49.12383],[2.84378,49.12927],[2.85234,49.13309],[2.86107,49.13578],[2.87467,49.13582],[2.88767,49.13192],[2.89171,49.13029],[2.89232,49.12878],[2.89172,49.12723],[2.8813,49.12435],[2.87092,49.10768]]]]}},{"type":"Feature","properties":{"code":"60149","nom":"Chevrières","departement":"60","region":"32"},"geometry":{"type":"MultiPolygon","coordinates":[[[[2.65517,49.35692],[2.67518,49.36465],[2.68069,49.37021],[2.68592,49.37232],[2.69369,49.36329],[2.69554,49.3636],[2.7017,49.34092],[2.70192,49.33522],[2.69629,49.32909],[2.67609,49.32547],[2.67187,49.32449],[2.66767,49.32512],[2.66001,49.32847],[2.65517,49.35692]]]]}},{"type":"Feature","properties":{"code":"60150","nom":"Chiry-Ourscamp","departement":"60","region":"32"},"geometry":{"type":"MultiPolygon","coordinates":[[[[2.96563,49.50286],[2.95651,49.50512],[2.95305,49.50789],[2.954,49.51324],[2.95568,49.51463],[2.96799,49.51488],[2.9712,49.51781],[2.97198,49.52438],[2.96667,49.53477],[2.94626,49.53442],[2.94673,49.5351],[2.94136,49.53486],[2.9353,49.5362],[2.92602,49.53922],[2.92335,49.54202],[2.92354,49.54323],[2.93769,49.54631],[2.94747,49.54934],[2.95551,49.5504],[2.96082,49.54929],[2.98153,49.54823],[2.98346,49.54887],[2.9829,49.55158],[2.98482,49.55208],[2.9912,49.55057],[2.99157,49.54928],[2.99219,49.52211],[2.99798,49.51357],[2.99772,49.50693],[2.97863,49.50961],[2.9676,49.50691],[2.96563,49.50286]]]]}},{"type":"Feature","properties":{"code":"60151","nom":"Choisy-au-Bac","departement":"60","region":"32"},"geometry":{"type":"MultiPolygon","coordinates":[[[[2.94153,49.45891],[2.9294,49.44168],[2.93427,49.44061],[2.93479,49.43845],[2.93355,49.43613],[2.92644,49.42879],[2.92152,49.42535],[2.91872,49.42456],[2.91252,49.43263],[2.90947,49.43373],[2.90234,49.4323],[2.90007,49.43089],[2.89341,49.42908],[2.8609,49.42657],[2.85863,49.42777],[2.86018,49.43125],[2.85901,49.43245],[2.8496,49.43441],[2.86483,49.44482],[2.86622,49.44858],[2.86696,49.45006],[2.86534,49.4553],[2.8681,49.45896],[2.87427,49.46147],[2.88385,49.45773],[2.90242,49.45654],[2.90892,49.44977],[2.94153,49.45891]]]]}},{"type":"Feature","properties":{"code":"60152","nom":"Choisy-la-Victoire","departement":"60","region":"32"},"geometry":{"type":"MultiPolygon","coordinates":[[[[2.60515,49.3552],[2.6026,49.35472],[2.59533,49.35794],[2.58835,49.35799],[2.58617,49.3509],[2.58581,49.34587],[2.58549,49.34458],[2.57743,49.34568],[2.57756,49.3481],[2.58066,49.34916],[2.58276,49.35367],[2.5763,49.36576],[2.57677,49.36797],[2.57959,49.36846],[2.58191,49.37656],[2.58791,49.38574],[2.59287,49.40009],[2.59679,49.40007],[2.60595,49.40396],[2.60842,49.4052],[2.61152,49.41015],[2.61299,49.41006],[2.61849,49.40936],[2.61412,49.40223],[2.62068,49.39737],[2.61877,49.39734],[2.61095,49.39413],[2.60949,49.39014],[2.60991,49.37404],[2.60515,49.3552]]]]}},{"type":"Feature","properties":{"code":"60153","nom":"Choqueuse-les-Bénards","departement":"60","region":"32"},"geometry":{"type":"MultiPolygon","coordinates":[[[[2.05098,49.64348],[2.06072,49.64398],[2.06336,49.64453],[2.06554,49.64611],[2.06568,49.65177],[2.06803,49.65555],[2.07367,49.66026],[2.07644,49.66014],[2.07815,49.66131],[2.0875,49.66065],[2.09125,49.65655],[2.09147,49.65266],[2.08497,49.64705],[2.06612,49.63818],[2.05776,49.6386],[2.05232,49.64093],[2.05098,49.64348]]]]}},{"type":"Feature","properties":{"code":"60154","nom":"Cinqueux","departement":"60","region":"32"},"geometry":{"type":"MultiPolygon","coordinates":[[[[2.51977,49.32824],[2.52454,49.32774],[2.53311,49.34247],[2.5536,49.33977],[2.55132,49.32955],[2.54448,49.32423],[2.54361,49.31816],[2.54607,49.31504],[2.53073,49.30858],[2.52324,49.3069],[2.51462,49.30879],[2.5144,49.31086],[2.51896,49.32161],[2.51977,49.32824]]]]}},{"type":"Feature","properties":{"code":"60155","nom":"Cires-lès-Mello","departement":"60","region":"32"},"geometry":{"type":"MultiPolygon","coordinates":[[[[2.34975,49.29207],[2.36429,49.28562],[2.36469,49.28378],[2.36269,49.27405],[2.364,49.26746],[2.36926,49.26606],[2.35859,49.26067],[2.3564,49.247],[2.3526,49.24119],[2.34056,49.24289],[2.31619,49.23664],[2.31044,49.23955],[2.30965,49.2439],[2.31341,49.24645],[2.30502,49.25369],[2.3013,49.25522],[2.30073,49.25676],[2.30428,49.25821],[2.30222,49.26053],[2.30451,49.26154],[2.30762,49.25904],[2.31903,49.26811],[2.32351,49.27071],[2.32831,49.27782],[2.32866,49.2819],[2.3301,49.28259],[2.34404,49.28741],[2.34939,49.2905],[2.34975,49.29207]]]]}},{"type":"Feature","properties":{"code":"60156","nom":"Clairoix","departement":"60","region":"32"},"geometry":{"type":"MultiPolygon","coordinates":[[[[2.86622,49.44858],[2.86483,49.44482],[2.8496,49.43441],[2.84352,49.43334],[2.83588,49.42806],[2.82134,49.43812],[2.84256,49.45082],[2.84375,49.45258],[2.84705,49.45332],[2.84711,49.45412],[2.8505,49.45397],[2.86363,49.44869],[2.86622,49.44858]]]]}},{"type":"Feature","properties":{"code":"60157","nom":"Clermont","departement":"60","region":"32"},"geometry":{"type":"MultiPolygon","coordinates":[[[[2.3947,49.36678],[2.3905,49.36596],[2.38836,49.36991],[2.386,49.37288],[2.39545,49.38535],[2.39626,49.38597],[2.40631,49.38562],[2.40782,49.38863],[2.40583,49.38929],[2.40563,49.39023],[2.41457,49.39003],[2.42053,49.38843],[2.42961,49.38539],[2.43261,49.38227],[2.43379,49.38009],[2.43156,49.37983],[2.42128,49.37451],[2.42298,49.37306],[2.42087,49.37012],[2.41597,49.36821],[2.40723,49.36842],[2.40005,49.3684],[2.3947,49.36678]]]]}},{"type":"Feature","properties":{"code":"60158","nom":"Coivrel","departement":"60","region":"32"},"geometry":{"type":"MultiPolygon","coordinates":[[[[2.55181,49.57023],[2.55209,49.56842],[2.55656,49.56365],[2.56054,49.56161],[2.57141,49.54877],[2.56282,49.53838],[2.5589,49.5357],[2.55724,49.53789],[2.55091,49.54202],[2.54092,49.54503],[2.53963,49.55796],[2.53696,49.56217],[2.53143,49.56717],[2.53513,49.57272],[2.53787,49.57113],[2.54459,49.57154],[2.55181,49.57023]]]]}},{"type":"Feature","properties":{"code":"60159","nom":"Compiègne","departement":"60","region":"32"},"geometry":{"type":"MultiPolygon","coordinates":[[[[2.79191,49.38151],[2.77918,49.38623],[2.78356,49.39594],[2.78739,49.39843],[2.79509,49.40348],[2.79929,49.41134],[2.8029,49.41275],[2.80777,49.41312],[2.8117,49.41429],[2.81419,49.41559],[2.81437,49.41575],[2.81636,49.41682],[2.81591,49.41943],[2.81473,49.42061],[2.81716,49.42203],[2.82023,49.42343],[2.82492,49.42162],[2.82876,49.42276],[2.83468,49.42694],[2.83488,49.42711],[2.83588,49.42806],[2.84352,49.43334],[2.8496,49.43441],[2.85901,49.43245],[2.86018,49.43125],[2.85863,49.42777],[2.8609,49.42657],[2.89341,49.42908],[2.90007,49.43089],[2.90234,49.4323],[2.90947,49.43373],[2.91252,49.43263],[2.91872,49.42456],[2.9218,49.41889],[2.92581,49.41632],[2.93015,49.41525],[2.92943,49.41227],[2.92091,49.40403],[2.90147,49.39419],[2.88532,49.39043],[2.89238,49.36816],[2.84127,49.36734],[2.80633,49.36682],[2.79299,49.38197],[2.79191,49.38151]]]]}},{"type":"Feature","properties":{"code":"60160","nom":"Conchy-les-Pots","departement":"60","region":"32"},"geometry":{"type":"MultiPolygon","coordinates":[[[[2.75726,49.62109],[2.75758,49.61814],[2.75965,49.61773],[2.75498,49.60683],[2.74857,49.59655],[2.73933,49.58765],[2.72645,49.588],[2.72427,49.58921],[2.71836,49.58905],[2.71634,49.59001],[2.71861,49.59353],[2.71982,49.59963],[2.72093,49.62164],[2.7255,49.62501],[2.72727,49.62637],[2.73883,49.62726],[2.75726,49.62109]]]]}},{"type":"Feature","properties":{"code":"60161","nom":"Conteville","departement":"60","region":"32"},"geometry":{"type":"MultiPolygon","coordinates":[[[[2.04443,49.65852],[2.04927,49.65929],[2.05867,49.66434],[2.06251,49.66422],[2.07275,49.66159],[2.07367,49.66026],[2.06803,49.65555],[2.06568,49.65177],[2.06554,49.64611],[2.06336,49.64453],[2.06072,49.64398],[2.05098,49.64348],[2.03606,49.64427],[2.04478,49.65578],[2.04443,49.65852]]]]}},{"type":"Feature","properties":{"code":"60162","nom":"Corbeil-Cerf","departement":"60","region":"32"},"geometry":{"type":"MultiPolygon","coordinates":[[[[2.09388,49.2688],[2.09709,49.27665],[2.09677,49.28653],[2.10517,49.28642],[2.11218,49.28535],[2.12242,49.28511],[2.12667,49.27838],[2.12135,49.26761],[2.11824,49.2661],[2.11644,49.26597],[2.11582,49.2667],[2.11227,49.26979],[2.10457,49.2681],[2.09388,49.2688]]]]}},{"type":"Feature","properties":{"code":"60163","nom":"Cormeilles","departement":"60","region":"32"},"geometry":{"type":"MultiPolygon","coordinates":[[[[2.20929,49.66158],[2.20996,49.66183],[2.2201,49.64976],[2.22087,49.6487],[2.20887,49.63425],[2.20626,49.63437],[2.20554,49.62657],[2.20333,49.62652],[2.20344,49.62982],[2.19293,49.62422],[2.18787,49.62534],[2.18165,49.62863],[2.17912,49.63472],[2.17767,49.63496],[2.1781,49.6379],[2.17597,49.64514],[2.17603,49.64734],[2.17883,49.64944],[2.18623,49.64854],[2.18839,49.64908],[2.19803,49.65412],[2.20929,49.66158]]]]}},{"type":"Feature","properties":{"code":"60164","nom":"Le Coudray-Saint-Germer","departement":"60","region":"32"},"geometry":{"type":"MultiPolygon","coordinates":[[[[1.80427,49.40211],[1.80507,49.40218],[1.80636,49.40703],[1.80191,49.41031],[1.81179,49.4216],[1.84679,49.4127],[1.86736,49.40864],[1.8587,49.39803],[1.86318,49.39139],[1.85986,49.38763],[1.84833,49.38187],[1.84085,49.3804],[1.83801,49.37914],[1.8365,49.37704],[1.83503,49.3766],[1.83199,49.38765],[1.81671,49.38918],[1.80697,49.38863],[1.80418,49.38653],[1.80102,49.38651],[1.80748,49.39612],[1.80738,49.40076],[1.80427,49.40211]]]]}},{"type":"Feature","properties":{"code":"60165","nom":"Le Coudray-sur-Thelle","departement":"60","region":"32"},"geometry":{"type":"MultiPolygon","coordinates":[[[[2.13763,49.29959],[2.13296,49.29901],[2.12705,49.29971],[2.12692,49.29924],[2.11015,49.30302],[2.10908,49.30418],[2.10813,49.30559],[2.11383,49.31629],[2.12245,49.32165],[2.12752,49.31982],[2.13884,49.31169],[2.1369,49.30501],[2.13763,49.29959]]]]}},{"type":"Feature","properties":{"code":"60166","nom":"Coudun","departement":"60","region":"32"},"geometry":{"type":"MultiPolygon","coordinates":[[[[2.84375,49.45258],[2.84136,49.45541],[2.83504,49.45807],[2.82783,49.45959],[2.82549,49.45696],[2.80311,49.4441],[2.80519,49.44247],[2.78443,49.44261],[2.77934,49.44409],[2.78102,49.44543],[2.77802,49.45128],[2.773,49.45761],[2.7708,49.46279],[2.77331,49.46819],[2.79163,49.47304],[2.79262,49.47431],[2.79764,49.47297],[2.80589,49.4728],[2.80481,49.47032],[2.80233,49.47111],[2.80105,49.47029],[2.81099,49.4663],[2.82517,49.46713],[2.83047,49.46592],[2.83264,49.46505],[2.84204,49.45633],[2.84705,49.45332],[2.84375,49.45258]]]]}},{"type":"Feature","properties":{"code":"60167","nom":"Couloisy","departement":"60","region":"32"},"geometry":{"type":"MultiPolygon","coordinates":[[[[3.02879,49.38968],[3.01851,49.39382],[3.01289,49.39712],[3.01168,49.40157],[3.01228,49.40708],[3.02183,49.40839],[3.0239,49.4086],[3.04039,49.40568],[3.04508,49.40401],[3.0353,49.39295],[3.03408,49.39108],[3.02879,49.38968]]]]}},{"type":"Feature","properties":{"code":"60168","nom":"Courcelles-Epayelles","departement":"60","region":"32"},"geometry":{"type":"MultiPolygon","coordinates":[[[[2.64468,49.5635],[2.63597,49.56151],[2.6279,49.55762],[2.61968,49.55566],[2.61321,49.55855],[2.61434,49.5592],[2.6065,49.56759],[2.60876,49.57592],[2.61052,49.57764],[2.61593,49.58268],[2.6214,49.58165],[2.6279,49.58547],[2.64151,49.57528],[2.6487,49.57229],[2.65131,49.57082],[2.65089,49.56858],[2.64468,49.5635]]]]}},{"type":"Feature","properties":{"code":"60169","nom":"Courcelles-lès-Gisors","departement":"60","region":"32"},"geometry":{"type":"MultiPolygon","coordinates":[[[[1.76694,49.25204],[1.76415,49.25279],[1.74528,49.2524],[1.72952,49.25534],[1.72475,49.25478],[1.71893,49.24935],[1.71034,49.24964],[1.70512,49.25267],[1.70123,49.25182],[1.70881,49.26294],[1.71053,49.26453],[1.71155,49.26448],[1.7318,49.26734],[1.74466,49.26832],[1.75104,49.26746],[1.75361,49.26858],[1.75441,49.26999],[1.75668,49.27195],[1.75888,49.27236],[1.76681,49.26145],[1.7688,49.25619],[1.76694,49.25204]]]]}},{"type":"Feature","properties":{"code":"60170","nom":"Courteuil","departement":"60","region":"32"},"geometry":{"type":"MultiPolygon","coordinates":[[[[2.5616,49.20356],[2.56253,49.20078],[2.56166,49.19967],[2.55641,49.19857],[2.54428,49.19618],[2.5258,49.19377],[2.52469,49.19657],[2.52813,49.19681],[2.52929,49.19769],[2.52546,49.2096],[2.52809,49.21048],[2.54225,49.21527],[2.54594,49.22131],[2.54805,49.22251],[2.55949,49.21266],[2.5578,49.21089],[2.56511,49.20884],[2.5616,49.20356]]]]}},{"type":"Feature","properties":{"code":"60171","nom":"Courtieux","departement":"60","region":"32"},"geometry":{"type":"MultiPolygon","coordinates":[[[[3.09028,49.39837],[3.09237,49.38698],[3.09055,49.37524],[3.08043,49.37397],[3.07724,49.37507],[3.07291,49.37454],[3.07202,49.37611],[3.0812,49.39186],[3.08259,49.3979],[3.09028,49.39837]]]]}},{"type":"Feature","properties":{"code":"60172","nom":"Coye-la-Forêt","departement":"60","region":"32"},"geometry":{"type":"MultiPolygon","coordinates":[[[[2.43548,49.13405],[2.4389,49.14164],[2.44078,49.14591],[2.44901,49.14603],[2.46113,49.15008],[2.47207,49.15534],[2.48289,49.15798],[2.48416,49.15908],[2.48712,49.15973],[2.49567,49.1585],[2.49451,49.15792],[2.49456,49.15667],[2.50015,49.15684],[2.48473,49.13923],[2.48263,49.13259],[2.47751,49.13098],[2.4753,49.13098],[2.46129,49.13614],[2.46114,49.13674],[2.46246,49.13926],[2.45887,49.1409],[2.43548,49.13405]]]]}},{"type":"Feature","properties":{"code":"60173","nom":"Cramoisy","departement":"60","region":"32"},"geometry":{"type":"MultiPolygon","coordinates":[[[[2.41692,49.25153],[2.41674,49.24234],[2.40706,49.24205],[2.39948,49.23928],[2.38409,49.23774],[2.37754,49.23817],[2.37211,49.24059],[2.37222,49.24297],[2.38161,49.26038],[2.39846,49.25932],[2.4055,49.26102],[2.40815,49.2592],[2.40949,49.2571],[2.41372,49.2551],[2.41073,49.25541],[2.40914,49.25502],[2.41345,49.25444],[2.41692,49.25153]]]]}},{"type":"Feature","properties":{"code":"60174","nom":"Crapeaumesnil","departement":"60","region":"32"},"geometry":{"type":"MultiPolygon","coordinates":[[[[2.80242,49.65877],[2.80462,49.65016],[2.81166,49.64053],[2.81918,49.63816],[2.8307,49.63581],[2.83726,49.63211],[2.83837,49.62825],[2.82742,49.6309],[2.8168,49.63235],[2.79861,49.62922],[2.79574,49.62977],[2.78957,49.63815],[2.78922,49.64016],[2.79275,49.64627],[2.79354,49.65573],[2.80242,49.65877]]]]}},{"type":"Feature","properties":{"code":"60175","nom":"Creil","departement":"60","region":"32"},"geometry":{"type":"MultiPolygon","coordinates":[[[[2.47085,49.24498],[2.46683,49.24212],[2.45857,49.24479],[2.45536,49.24993],[2.45698,49.25213],[2.45749,49.25335],[2.45325,49.25633],[2.45891,49.25993],[2.45684,49.26162],[2.46024,49.26408],[2.46832,49.26588],[2.47309,49.26697],[2.47358,49.26599],[2.48335,49.27001],[2.48461,49.26891],[2.48874,49.26562],[2.49559,49.27459],[2.49632,49.27401],[2.4953,49.26547],[2.50663,49.25787],[2.51155,49.25699],[2.51232,49.25583],[2.5101,49.24805],[2.51505,49.2461],[2.51484,49.24285],[2.48754,49.23676],[2.47607,49.24082],[2.47583,49.24315],[2.47459,49.24366],[2.47085,49.24498]]]]}},{"type":"Feature","properties":{"code":"60176","nom":"Crépy-en-Valois","departement":"60","region":"32"},"geometry":{"type":"MultiPolygon","coordinates":[[[[2.89275,49.21961],[2.8855,49.21859],[2.87647,49.2221],[2.87091,49.22493],[2.86988,49.22532],[2.86879,49.22616],[2.86812,49.23087],[2.86921,49.24281],[2.86493,49.24449],[2.86482,49.24843],[2.87119,49.25304],[2.87934,49.25328],[2.87936,49.2601],[2.88993,49.25855],[2.90749,49.25455],[2.90772,49.25099],[2.92543,49.23729],[2.92517,49.23476],[2.92675,49.23374],[2.92825,49.23369],[2.9283,49.23307],[2.93028,49.23222],[2.93554,49.23316],[2.93617,49.22824],[2.92504,49.22188],[2.92458,49.22026],[2.91531,49.21525],[2.91032,49.21359],[2.902,49.2133],[2.8982,49.21996],[2.89387,49.22101],[2.89275,49.21961]]]]}},{"type":"Feature","properties":{"code":"60177","nom":"Cressonsacq","departement":"60","region":"32"},"geometry":{"type":"MultiPolygon","coordinates":[[[[2.59925,49.44605],[2.59999,49.44347],[2.59691,49.44029],[2.58124,49.44369],[2.57733,49.4432],[2.56901,49.43992],[2.57154,49.43581],[2.56898,49.43083],[2.56348,49.43161],[2.56269,49.433],[2.56364,49.43328],[2.56283,49.43437],[2.55157,49.44588],[2.5442,49.45163],[2.54108,49.45281],[2.55138,49.45558],[2.55879,49.45951],[2.56068,49.46215],[2.57485,49.4595],[2.58373,49.46113],[2.5835,49.45715],[2.58265,49.45215],[2.58428,49.44735],[2.5869,49.44685],[2.58809,49.44754],[2.59925,49.44605]]]]}},{"type":"Feature","properties":{"code":"60178","nom":"Crèvecœur-le-Grand","departement":"60","region":"32"},"geometry":{"type":"MultiPolygon","coordinates":[[[[2.11717,49.59846],[2.09798,49.60236],[2.09257,49.60154],[2.08114,49.5946],[2.07605,49.59355],[2.06774,49.59734],[2.06485,49.59439],[2.06323,49.59085],[2.06205,49.58366],[2.06004,49.58174],[2.05803,49.58185],[2.0562,49.58347],[2.05475,49.58593],[2.05625,49.5896],[2.06321,49.59897],[2.06242,49.61039],[2.07024,49.6228],[2.06731,49.62897],[2.07613,49.63354],[2.0757,49.63408],[2.08412,49.63732],[2.09103,49.63841],[2.09789,49.62978],[2.1067,49.62203],[2.11335,49.61322],[2.11364,49.61146],[2.11736,49.60426],[2.11729,49.60244],[2.11717,49.59846]]]]}},{"type":"Feature","properties":{"code":"60179","nom":"Crèvecœur-le-Petit","departement":"60","region":"32"},"geometry":{"type":"MultiPolygon","coordinates":[[[[2.49722,49.58762],[2.51576,49.57395],[2.51598,49.5732],[2.50884,49.56765],[2.4961,49.56136],[2.48718,49.56135],[2.48952,49.56294],[2.49318,49.57053],[2.48856,49.58039],[2.48934,49.58802],[2.49548,49.58685],[2.49722,49.58762]]]]}},{"type":"Feature","properties":{"code":"60180","nom":"Crillon","departement":"60","region":"32"},"geometry":{"type":"MultiPolygon","coordinates":[[[[1.94352,49.51494],[1.92743,49.51496],[1.90994,49.50267],[1.90855,49.5035],[1.90015,49.51345],[1.90399,49.51494],[1.91114,49.52446],[1.91147,49.53505],[1.92587,49.54219],[1.92962,49.54468],[1.93243,49.54814],[1.93679,49.54531],[1.94322,49.54311],[1.94216,49.54139],[1.94283,49.53288],[1.94621,49.53091],[1.94527,49.53046],[1.94477,49.52778],[1.94352,49.51494]]]]}},{"type":"Feature","properties":{"code":"60181","nom":"Crisolles","departement":"60","region":"32"},"geometry":{"type":"MultiPolygon","coordinates":[[[[3.00859,49.60824],[3.00848,49.61422],[3.00649,49.61951],[2.99549,49.63049],[2.99995,49.63299],[2.99877,49.63505],[3.01116,49.64069],[3.04014,49.63971],[3.04272,49.63912],[3.03784,49.63143],[3.03851,49.6261],[3.04719,49.62137],[3.05451,49.62068],[3.05709,49.61769],[3.04754,49.61661],[3.0392,49.61406],[3.03967,49.60774],[3.04369,49.60619],[3.04536,49.60508],[3.04096,49.60472],[3.03442,49.60688],[3.02878,49.60535],[3.02812,49.60439],[3.00859,49.60824]]]]}},{"type":"Feature","properties":{"code":"60182","nom":"Le Crocq","departement":"60","region":"32"},"geometry":{"type":"MultiPolygon","coordinates":[[[[2.20269,49.61382],[2.17636,49.61294],[2.17623,49.62782],[2.17767,49.63496],[2.17912,49.63472],[2.18165,49.62863],[2.18787,49.62534],[2.19293,49.62422],[2.20344,49.62982],[2.20333,49.62652],[2.20269,49.61382]]]]}},{"type":"Feature","properties":{"code":"60183","nom":"Croissy-sur-Celle","departement":"60","region":"32"},"geometry":{"type":"MultiPolygon","coordinates":[[[[2.12573,49.6835],[2.12421,49.68786],[2.12835,49.68947],[2.14018,49.69115],[2.14696,49.69875],[2.15113,49.70122],[2.16264,49.70297],[2.17681,49.70193],[2.18697,49.70221],[2.19042,49.70379],[2.1921,49.70277],[2.20324,49.69395],[2.21519,49.68693],[2.19931,49.68326],[2.18778,49.67802],[2.18375,49.67463],[2.18236,49.67554],[2.17649,49.67377],[2.17553,49.67229],[2.1764,49.66851],[2.17371,49.6684],[2.1707,49.66929],[2.17377,49.67617],[2.17358,49.68035],[2.17205,49.68206],[2.16789,49.68419],[2.1595,49.68493],[2.12573,49.6835]]]]}},{"type":"Feature","properties":{"code":"60184","nom":"Croutoy","departement":"60","region":"32"},"geometry":{"type":"MultiPolygon","coordinates":[[[[3.04535,49.37265],[3.04592,49.37175],[3.04203,49.36693],[3.03731,49.36338],[3.0287,49.36542],[3.02547,49.36586],[3.02447,49.36713],[3.02832,49.37278],[3.0274,49.37551],[3.02349,49.37821],[3.0283,49.38427],[3.02956,49.38866],[3.02879,49.38968],[3.03408,49.39108],[3.0353,49.39295],[3.04362,49.38953],[3.04598,49.38505],[3.04535,49.37265]]]]}},{"type":"Feature","properties":{"code":"60185","nom":"Crouy-en-Thelle","departement":"60","region":"32"},"geometry":{"type":"MultiPolygon","coordinates":[[[[2.33564,49.19705],[2.33554,49.19295],[2.33462,49.19357],[2.32926,49.19211],[2.31347,49.20371],[2.30533,49.20783],[2.30241,49.20788],[2.3032,49.21482],[2.30136,49.22176],[2.32457,49.22305],[2.32813,49.22388],[2.33314,49.21853],[2.3339,49.21088],[2.33314,49.2017],[2.33166,49.20028],[2.33564,49.19705]]]]}},{"type":"Feature","properties":{"code":"60186","nom":"Cuignières","departement":"60","region":"32"},"geometry":{"type":"MultiPolygon","coordinates":[[[[2.45761,49.43697],[2.45368,49.44059],[2.45421,49.44921],[2.45807,49.45718],[2.4546,49.45991],[2.45645,49.4655],[2.46605,49.46346],[2.47237,49.45679],[2.48018,49.45143],[2.48879,49.45242],[2.49607,49.45519],[2.49751,49.45477],[2.49693,49.4538],[2.49237,49.44066],[2.48241,49.4344],[2.48158,49.43551],[2.46396,49.44005],[2.46007,49.44039],[2.45761,49.43697]]]]}},{"type":"Feature","properties":{"code":"60187","nom":"Cuigy-en-Bray","departement":"60","region":"32"},"geometry":{"type":"MultiPolygon","coordinates":[[[[1.86319,49.44122],[1.85697,49.42835],[1.85131,49.42187],[1.84679,49.4127],[1.81179,49.4216],[1.81072,49.42915],[1.81432,49.43607],[1.8186,49.43928],[1.82178,49.44908],[1.8225,49.45117],[1.82707,49.45007],[1.83633,49.44787],[1.85604,49.44089],[1.86319,49.44122]]]]}},{"type":"Feature","properties":{"code":"60188","nom":"Cuise-la-Motte","departement":"60","region":"32"},"geometry":{"type":"MultiPolygon","coordinates":[[[[3.01228,49.40708],[3.01168,49.40157],[3.01289,49.39712],[3.01851,49.39382],[3.02879,49.38968],[3.02956,49.38866],[3.0283,49.38427],[3.02349,49.37821],[3.01652,49.37952],[3.00217,49.3758],[2.99941,49.37321],[2.98712,49.37091],[2.97054,49.37028],[2.96944,49.38121],[2.97741,49.38441],[2.98916,49.39358],[3.00156,49.40699],[3.01228,49.40708]]]]}},{"type":"Feature","properties":{"code":"60189","nom":"Cuts","departement":"60","region":"32"},"geometry":{"type":"MultiPolygon","coordinates":[[[[3.08948,49.52182],[3.074,49.53594],[3.07509,49.53707],[3.0734,49.5381],[3.09723,49.54818],[3.10334,49.55147],[3.10967,49.55248],[3.1153,49.55167],[3.11947,49.55012],[3.12218,49.54832],[3.12597,49.54216],[3.12869,49.53291],[3.12643,49.52564],[3.1236,49.52184],[3.12149,49.52082],[3.10887,49.51991],[3.09596,49.518],[3.09604,49.51892],[3.08948,49.52182]]]]}},{"type":"Feature","properties":{"code":"60190","nom":"Cuvergnon","departement":"60","region":"32"},"geometry":{"type":"MultiPolygon","coordinates":[[[[2.99663,49.18688],[3.01698,49.1804],[3.02267,49.17091],[3.01421,49.16952],[3.00826,49.15932],[2.98399,49.16489],[2.98133,49.16846],[2.98048,49.16839],[2.97926,49.17606],[2.98116,49.18464],[2.98384,49.18437],[2.989,49.18852],[2.99663,49.18688]]]]}},{"type":"Feature","properties":{"code":"60191","nom":"Cuvilly","departement":"60","region":"32"},"geometry":{"type":"MultiPolygon","coordinates":[[[[2.66764,49.5573],[2.66914,49.56082],[2.67501,49.56203],[2.68947,49.56304],[2.69813,49.56209],[2.698,49.5603],[2.721,49.55804],[2.72453,49.55851],[2.72444,49.55283],[2.72906,49.54948],[2.72584,49.54407],[2.70324,49.52882],[2.69685,49.52956],[2.69812,49.53184],[2.69644,49.54373],[2.68768,49.54727],[2.68041,49.54837],[2.67607,49.54758],[2.66903,49.55307],[2.66764,49.5573]]]]}},{"type":"Feature","properties":{"code":"60192","nom":"Cuy","departement":"60","region":"32"},"geometry":{"type":"MultiPolygon","coordinates":[[[[2.89885,49.5737],[2.89537,49.57719],[2.89204,49.57958],[2.89264,49.58647],[2.89421,49.58957],[2.89963,49.59161],[2.90448,49.5958],[2.9046,49.59645],[2.90915,49.59503],[2.91052,49.59273],[2.9158,49.59375],[2.9231,49.59681],[2.9242,49.59011],[2.92255,49.57871],[2.91141,49.57841],[2.90789,49.57764],[2.90386,49.57531],[2.89885,49.5737]]]]}},{"type":"Feature","properties":{"code":"60193","nom":"Daméraucourt","departement":"60","region":"32"},"geometry":{"type":"MultiPolygon","coordinates":[[[[1.93758,49.69124],[1.93646,49.6897],[1.92017,49.68641],[1.91021,49.68585],[1.9076,49.68689],[1.89945,49.6959],[1.89453,49.69958],[1.91023,49.70966],[1.92919,49.71887],[1.93326,49.72001],[1.93785,49.71299],[1.94876,49.7007],[1.94416,49.6982],[1.93758,49.69124]]]]}},{"type":"Feature","properties":{"code":"60194","nom":"Dargies","departement":"60","region":"32"},"geometry":{"type":"MultiPolygon","coordinates":[[[[2.02402,49.69337],[2.00975,49.69306],[1.98861,49.68893],[1.98134,49.68593],[1.97057,49.68395],[1.9605,49.68327],[1.95429,49.68098],[1.95298,49.68244],[1.94869,49.68417],[1.93758,49.69124],[1.94416,49.6982],[1.94876,49.7007],[1.95293,49.70211],[1.95913,49.70686],[1.96208,49.71068],[1.96424,49.71651],[1.97168,49.72021],[1.97141,49.71598],[1.97805,49.70973],[1.9883,49.71055],[2.00215,49.71342],[2.00786,49.70864],[2.01319,49.70783],[2.01719,49.70816],[2.0224,49.71134],[2.02819,49.71088],[2.02655,49.71023],[2.02242,49.7055],[2.02252,49.70312],[2.02784,49.70314],[2.02867,49.69974],[2.02546,49.69375],[2.02402,49.69337]]]]}},{"type":"Feature","properties":{"code":"60195","nom":"Delincourt","departement":"60","region":"32"},"geometry":{"type":"MultiPolygon","coordinates":[[[[1.83752,49.26571],[1.84544,49.26326],[1.85365,49.25704],[1.83784,49.24697],[1.83515,49.24177],[1.8388,49.2318],[1.84304,49.22635],[1.84776,49.22219],[1.85262,49.21765],[1.84516,49.2168],[1.84047,49.21967],[1.83178,49.21685],[1.8189,49.22523],[1.81459,49.22439],[1.8104,49.22889],[1.81203,49.22959],[1.81346,49.23008],[1.82558,49.24798],[1.82364,49.24959],[1.81852,49.25118],[1.81489,49.25118],[1.81603,49.25366],[1.82157,49.25469],[1.82692,49.25701],[1.83708,49.26519],[1.83752,49.26571]]]]}},{"type":"Feature","properties":{"code":"60196","nom":"La Drenne","departement":"60","region":"32"},"geometry":{"type":"MultiPolygon","coordinates":[[[[2.09709,49.27665],[2.09124,49.27739],[2.07625,49.28319],[2.0732,49.28508],[2.07107,49.28892],[2.07185,49.29613],[2.07484,49.30193],[2.07972,49.3077],[2.0819,49.31346],[2.08061,49.3151],[2.07761,49.31484],[2.08592,49.32113],[2.09395,49.32587],[2.09975,49.32652],[2.10788,49.32926],[2.11754,49.32657],[2.1193,49.32582],[2.1203,49.32308],[2.12245,49.32165],[2.11383,49.31629],[2.10813,49.30559],[2.10908,49.30418],[2.11015,49.30302],[2.12692,49.29924],[2.12242,49.28511],[2.11218,49.28535],[2.10517,49.28642],[2.09677,49.28653],[2.09709,49.27665]]]]}},{"type":"Feature","properties":{"code":"60197","nom":"Dieudonné","departement":"60","region":"32"},"geometry":{"type":"MultiPolygon","coordinates":[[[[2.2067,49.25363],[2.20661,49.25387],[2.21208,49.25431],[2.21237,49.25382],[2.21997,49.25543],[2.22231,49.25451],[2.23634,49.25475],[2.23896,49.25216],[2.25131,49.25369],[2.26061,49.2535],[2.26507,49.25071],[2.26624,49.24998],[2.26595,49.23429],[2.25983,49.22577],[2.25456,49.22235],[2.24954,49.22144],[2.24966,49.22234],[2.2468,49.22377],[2.23408,49.23488],[2.22137,49.23325],[2.21158,49.24444],[2.2067,49.25363]]]]}},{"type":"Feature","properties":{"code":"60198","nom":"Dives","departement":"60","region":"32"},"geometry":{"type":"MultiPolygon","coordinates":[[[[2.89537,49.57719],[2.87575,49.57561],[2.85879,49.57093],[2.85295,49.57332],[2.85366,49.57397],[2.85227,49.57453],[2.86771,49.58801],[2.86866,49.5943],[2.86565,49.59953],[2.86729,49.60534],[2.87014,49.60932],[2.87617,49.61332],[2.88242,49.61341],[2.88511,49.60639],[2.88874,49.60268],[2.90448,49.5958],[2.89963,49.59161],[2.89421,49.58957],[2.89264,49.58647],[2.89204,49.57958],[2.89537,49.57719]]]]}},{"type":"Feature","properties":{"code":"60199","nom":"Doméliers","departement":"60","region":"32"},"geometry":{"type":"MultiPolygon","coordinates":[[[[2.17597,49.64514],[2.1781,49.6379],[2.17767,49.63496],[2.17623,49.62782],[2.17636,49.61294],[2.16373,49.61244],[2.16384,49.61316],[2.14725,49.62181],[2.14626,49.6224],[2.15168,49.63507],[2.16121,49.64478],[2.16643,49.64548],[2.17597,49.64514]]]]}},{"type":"Feature","properties":{"code":"60200","nom":"Domfront","departement":"60","region":"32"},"geometry":{"type":"MultiPolygon","coordinates":[[[[2.56255,49.58831],[2.56172,49.5902],[2.55548,49.59491],[2.54634,49.595],[2.5443,49.59525],[2.5456,49.59666],[2.54534,49.59845],[2.5425,49.60418],[2.54016,49.60387],[2.54405,49.60614],[2.55916,49.60825],[2.56523,49.60421],[2.56965,49.59743],[2.57103,49.59667],[2.5718,49.59714],[2.57251,49.59676],[2.5667,49.58924],[2.56255,49.58831]]]]}},{"type":"Feature","properties":{"code":"60201","nom":"Dompierre","departement":"60","region":"32"},"geometry":{"type":"MultiPolygon","coordinates":[[[[2.54634,49.595],[2.54519,49.59069],[2.53571,49.58477],[2.52213,49.57873],[2.52145,49.5866],[2.52856,49.59161],[2.53156,49.59628],[2.52565,49.60017],[2.53648,49.60418],[2.54016,49.60387],[2.5425,49.60418],[2.54534,49.59845],[2.5456,49.59666],[2.5443,49.59525],[2.54634,49.595]]]]}},{"type":"Feature","properties":{"code":"60203","nom":"Duvy","departement":"60","region":"32"},"geometry":{"type":"MultiPolygon","coordinates":[[[[2.86482,49.24843],[2.86493,49.24449],[2.86921,49.24281],[2.86812,49.23087],[2.86879,49.22616],[2.86988,49.22532],[2.85991,49.22077],[2.84468,49.21273],[2.83985,49.21139],[2.84052,49.21184],[2.83886,49.21571],[2.8337,49.22456],[2.8291,49.23009],[2.82252,49.23584],[2.82237,49.23721],[2.82901,49.24371],[2.83023,49.24333],[2.83812,49.24515],[2.83698,49.24691],[2.83879,49.24732],[2.83903,49.2468],[2.84887,49.24588],[2.86482,49.24843]]]]}},{"type":"Feature","properties":{"code":"60204","nom":"Écuvilly","departement":"60","region":"32"},"geometry":{"type":"MultiPolygon","coordinates":[[[[2.95336,49.66047],[2.95359,49.65836],[2.94233,49.655],[2.9432,49.64992],[2.94476,49.6472],[2.94231,49.64771],[2.93527,49.64727],[2.93041,49.64546],[2.91362,49.63301],[2.88769,49.64835],[2.89004,49.64959],[2.89674,49.65097],[2.9216,49.65358],[2.92819,49.65676],[2.93972,49.65941],[2.95336,49.66047]]]]}},{"type":"Feature","properties":{"code":"60205","nom":"Élencourt","departement":"60","region":"32"},"geometry":{"type":"MultiPolygon","coordinates":[[[[1.9076,49.68689],[1.90347,49.6846],[1.88698,49.69275],[1.88105,49.69768],[1.89453,49.69958],[1.89945,49.6959],[1.9076,49.68689]]]]}},{"type":"Feature","properties":{"code":"60206","nom":"Élincourt-Sainte-Marguerite","departement":"60","region":"32"},"geometry":{"type":"MultiPolygon","coordinates":[[[[2.86137,49.53643],[2.85869,49.53556],[2.85029,49.53505],[2.84503,49.53134],[2.83774,49.52335],[2.8361,49.51813],[2.83055,49.51398],[2.82693,49.51452],[2.8194,49.51372],[2.81652,49.51218],[2.81113,49.51495],[2.79844,49.51797],[2.80549,49.53651],[2.80659,49.54134],[2.81948,49.54547],[2.8326,49.54531],[2.8368,49.54562],[2.84034,49.54676],[2.85118,49.54616],[2.85394,49.5467],[2.85954,49.54333],[2.85376,49.53821],[2.8607,49.53777],[2.87557,49.54348],[2.87644,49.54454],[2.8792,49.54139],[2.87988,49.5397],[2.87902,49.5391],[2.86317,49.53851],[2.86137,49.53643]]]]}},{"type":"Feature","properties":{"code":"60207","nom":"Éméville","departement":"60","region":"32"},"geometry":{"type":"MultiPolygon","coordinates":[[[[3.02749,49.2717],[3.0142,49.27631],[3.01037,49.2762],[3.01257,49.27816],[3.01363,49.28196],[3.01938,49.2824],[3.02507,49.28727],[3.02901,49.28811],[3.03449,49.28717],[3.0367,49.28496],[3.03691,49.28112],[3.03581,49.27869],[3.02678,49.27552],[3.02749,49.2717]]]]}},{"type":"Feature","properties":{"code":"60208","nom":"Énencourt-Léage","departement":"60","region":"32"},"geometry":{"type":"MultiPolygon","coordinates":[[[[1.82878,49.29924],[1.82854,49.30283],[1.8321,49.31629],[1.83423,49.31896],[1.83989,49.31621],[1.84544,49.31323],[1.85782,49.31023],[1.86263,49.30625],[1.86175,49.30333],[1.86008,49.30141],[1.85902,49.29698],[1.85966,49.293],[1.8563,49.29208],[1.85243,49.29416],[1.83988,49.2962],[1.82878,49.29924]]]]}},{"type":"Feature","properties":{"code":"60209","nom":"La Corne-en-Vexin","departement":"60","region":"32"},"geometry":{"type":"MultiPolygon","coordinates":[[[[1.89223,49.29015],[1.89905,49.2916],[1.90336,49.29385],[1.91398,49.30212],[1.91698,49.31105],[1.9177,49.32082],[1.91598,49.32109],[1.92228,49.32452],[1.92782,49.32611],[1.93104,49.32488],[1.93868,49.31974],[1.94967,49.31062],[1.952,49.30661],[1.95289,49.30267],[1.95066,49.29916],[1.95181,49.29881],[1.95148,49.29573],[1.95244,49.29552],[1.95034,49.29265],[1.94682,49.2859],[1.96431,49.28106],[1.9695,49.27588],[1.96949,49.27439],[1.96648,49.27502],[1.96611,49.27428],[1.95821,49.27384],[1.94692,49.26981],[1.94287,49.26635],[1.92715,49.26835],[1.92746,49.27013],[1.9232,49.27055],[1.92032,49.27142],[1.92163,49.27487],[1.92558,49.27891],[1.92695,49.28266],[1.92604,49.2841],[1.9273,49.28576],[1.92558,49.28727],[1.91461,49.28942],[1.90651,49.28739],[1.90307,49.28535],[1.89925,49.28026],[1.88751,49.28385],[1.88813,49.28757],[1.88939,49.28901],[1.89223,49.29015]]]]}},{"type":"Feature","properties":{"code":"60210","nom":"Épineuse","departement":"60","region":"32"},"geometry":{"type":"MultiPolygon","coordinates":[[[[2.57112,49.40504],[2.56192,49.39302],[2.55861,49.38447],[2.55506,49.38247],[2.54539,49.3803],[2.54093,49.38708],[2.53287,49.3947],[2.53586,49.40406],[2.53799,49.40326],[2.53956,49.40848],[2.53985,49.41493],[2.54098,49.41643],[2.54693,49.42232],[2.54856,49.42243],[2.55101,49.42069],[2.55041,49.41936],[2.55147,49.41773],[2.56265,49.40764],[2.56861,49.40497],[2.57112,49.40504]]]]}},{"type":"Feature","properties":{"code":"60211","nom":"Éragny-sur-Epte","departement":"60","region":"32"},"geometry":{"type":"MultiPolygon","coordinates":[[[[1.77078,49.326],[1.79148,49.33004],[1.79776,49.33037],[1.79939,49.32808],[1.80835,49.32373],[1.8014,49.318],[1.8053,49.30602],[1.80494,49.30347],[1.80217,49.30028],[1.79681,49.29804],[1.78363,49.29475],[1.7844,49.29321],[1.77797,49.29205],[1.77193,49.29397],[1.77158,49.29502],[1.77526,49.30037],[1.77441,49.30705],[1.77198,49.31182],[1.77078,49.326]]]]}},{"type":"Feature","properties":{"code":"60212","nom":"Ercuis","departement":"60","region":"32"},"geometry":{"type":"MultiPolygon","coordinates":[[[[2.32813,49.22388],[2.32457,49.22305],[2.30136,49.22176],[2.29729,49.2227],[2.29409,49.23625],[2.30318,49.25263],[2.30502,49.25369],[2.31341,49.24645],[2.30965,49.2439],[2.31044,49.23955],[2.31619,49.23664],[2.3192,49.23504],[2.32813,49.22388]]]]}},{"type":"Feature","properties":{"code":"60213","nom":"Ermenonville","departement":"60","region":"32"},"geometry":{"type":"MultiPolygon","coordinates":[[[[2.73765,49.10105],[2.73348,49.10427],[2.72361,49.10873],[2.71873,49.10835],[2.71107,49.10956],[2.70264,49.11201],[2.68718,49.11837],[2.66377,49.1217],[2.66464,49.11871],[2.66013,49.11785],[2.65738,49.12397],[2.65196,49.12698],[2.65046,49.13247],[2.65434,49.14108],[2.66406,49.14644],[2.67102,49.14809],[2.67641,49.1484],[2.69139,49.14097],[2.69856,49.13625],[2.70271,49.13024],[2.72044,49.12884],[2.72662,49.135],[2.73318,49.1286],[2.75015,49.11648],[2.73615,49.10535],[2.74002,49.10237],[2.73765,49.10105]]]]}},{"type":"Feature","properties":{"code":"60214","nom":"Ernemont-Boutavent","departement":"60","region":"32"},"geometry":{"type":"MultiPolygon","coordinates":[[[[1.81366,49.58635],[1.8106,49.58473],[1.80424,49.57492],[1.79931,49.56964],[1.79008,49.57465],[1.78502,49.58208],[1.77914,49.58337],[1.77528,49.58232],[1.77502,49.58484],[1.77717,49.59017],[1.77518,49.59616],[1.76986,49.60034],[1.77362,49.60447],[1.77485,49.60571],[1.77932,49.60486],[1.7817,49.60577],[1.78741,49.61052],[1.7912,49.61039],[1.80839,49.60682],[1.81329,49.60423],[1.81476,49.6003],[1.81366,49.58635]]]]}},{"type":"Feature","properties":{"code":"60215","nom":"Erquery","departement":"60","region":"32"},"geometry":{"type":"MultiPolygon","coordinates":[[[[2.47329,49.42208],[2.47149,49.41961],[2.47185,49.41542],[2.47021,49.40337],[2.46675,49.40072],[2.45952,49.39642],[2.4524,49.40543],[2.44487,49.41269],[2.4275,49.41493],[2.44218,49.42542],[2.44369,49.42603],[2.46342,49.42503],[2.47329,49.42208]]]]}},{"type":"Feature","properties":{"code":"60216","nom":"Erquinvillers","departement":"60","region":"32"},"geometry":{"type":"MultiPolygon","coordinates":[[[[2.50923,49.45713],[2.50792,49.45748],[2.50137,49.45529],[2.49878,49.45341],[2.49693,49.4538],[2.49751,49.45477],[2.49607,49.45519],[2.48879,49.45242],[2.48018,49.45143],[2.47237,49.45679],[2.46605,49.46346],[2.46578,49.465],[2.47419,49.46679],[2.48738,49.46683],[2.51259,49.46258],[2.51428,49.46143],[2.51103,49.45949],[2.50923,49.45713]]]]}},{"type":"Feature","properties":{"code":"60217","nom":"Escames","departement":"60","region":"32"},"geometry":{"type":"MultiPolygon","coordinates":[[[[1.77572,49.53786],[1.77358,49.53886],[1.77343,49.54562],[1.78083,49.55075],[1.79238,49.55551],[1.79864,49.56338],[1.80116,49.56891],[1.79931,49.56964],[1.80424,49.57492],[1.8106,49.58473],[1.81366,49.58635],[1.81648,49.58651],[1.82671,49.57957],[1.82851,49.57622],[1.81782,49.56854],[1.81809,49.5661],[1.82914,49.55201],[1.82974,49.54836],[1.83142,49.54875],[1.82921,49.54548],[1.81987,49.54364],[1.81829,49.54448],[1.80353,49.53535],[1.8028,49.53646],[1.7983,49.53816],[1.77784,49.53891],[1.77572,49.53786]]]]}},{"type":"Feature","properties":{"code":"60218","nom":"Esches","departement":"60","region":"32"},"geometry":{"type":"MultiPolygon","coordinates":[[[[2.17255,49.2125],[2.15144,49.21206],[2.14831,49.21255],[2.14873,49.21272],[2.14988,49.21343],[2.15623,49.22655],[2.16031,49.23371],[2.17005,49.24375],[2.17371,49.24481],[2.17987,49.24444],[2.18241,49.24691],[2.18249,49.24904],[2.18785,49.24842],[2.19953,49.25223],[2.19958,49.24476],[2.19508,49.23848],[2.18876,49.23317],[2.1824,49.22963],[2.1766,49.22379],[2.17255,49.2125]]]]}},{"type":"Feature","properties":{"code":"60219","nom":"Escles-Saint-Pierre","departement":"60","region":"32"},"geometry":{"type":"MultiPolygon","coordinates":[[[[1.78994,49.75376],[1.80936,49.75424],[1.82072,49.73918],[1.80857,49.73502],[1.80557,49.73745],[1.79637,49.73629],[1.78958,49.7424],[1.787,49.74727],[1.78985,49.7518],[1.78994,49.75376]]]]}},{"type":"Feature","properties":{"code":"60220","nom":"Espaubourg","departement":"60","region":"32"},"geometry":{"type":"MultiPolygon","coordinates":[[[[1.87968,49.44069],[1.88062,49.44063],[1.88236,49.43815],[1.88104,49.43042],[1.87453,49.41965],[1.87284,49.40893],[1.86736,49.40864],[1.84679,49.4127],[1.85131,49.42187],[1.85697,49.42835],[1.86319,49.44122],[1.86952,49.4415],[1.87935,49.43969],[1.87968,49.44069]]]]}},{"type":"Feature","properties":{"code":"60221","nom":"Esquennoy","departement":"60","region":"32"},"geometry":{"type":"MultiPolygon","coordinates":[[[[2.24154,49.63431],[2.24025,49.63506],[2.24913,49.6367],[2.25071,49.63881],[2.25139,49.64463],[2.25016,49.64822],[2.24753,49.64959],[2.25523,49.65513],[2.25402,49.66032],[2.25024,49.66439],[2.2486,49.66616],[2.25194,49.66854],[2.2574,49.66754],[2.26736,49.66935],[2.2735,49.671],[2.28037,49.67459],[2.29268,49.67093],[2.29301,49.67009],[2.29164,49.66963],[2.28859,49.66253],[2.29118,49.65819],[2.29497,49.65911],[2.2943,49.65074],[2.28594,49.64989],[2.27286,49.64647],[2.26525,49.63635],[2.25226,49.63323],[2.24366,49.63247],[2.24154,49.63431]]]]}},{"type":"Feature","properties":{"code":"60222","nom":"Essuiles","departement":"60","region":"32"},"geometry":{"type":"MultiPolygon","coordinates":[[[[2.29468,49.50761],[2.30634,49.49909],[2.30784,49.49769],[2.30854,49.49263],[2.30633,49.48346],[2.30164,49.48207],[2.30325,49.47796],[2.30438,49.47671],[2.30171,49.47112],[2.29741,49.4642],[2.2955,49.4637],[2.28882,49.46181],[2.2795,49.46035],[2.26118,49.45857],[2.25926,49.46157],[2.25926,49.46636],[2.25812,49.46821],[2.2472,49.4659],[2.24517,49.46989],[2.25643,49.475],[2.26394,49.48654],[2.26645,49.49592],[2.28531,49.49955],[2.29293,49.5044],[2.29313,49.50631],[2.29468,49.50761]]]]}},{"type":"Feature","properties":{"code":"60223","nom":"Estrées-Saint-Denis","departement":"60","region":"32"},"geometry":{"type":"MultiPolygon","coordinates":[[[[2.60345,49.43697],[2.62402,49.43331],[2.63907,49.44267],[2.64896,49.43081],[2.65417,49.43164],[2.65943,49.43367],[2.65917,49.43034],[2.66163,49.42399],[2.6612,49.42313],[2.64806,49.42207],[2.63746,49.41916],[2.63081,49.41357],[2.62093,49.40908],[2.61849,49.40936],[2.61299,49.41006],[2.61483,49.41337],[2.6123,49.41942],[2.6076,49.42333],[2.59926,49.4275],[2.59968,49.43169],[2.60345,49.43697]]]]}},{"type":"Feature","properties":{"code":"60283","nom":"Gouy-les-Groseillers","departement":"60","region":"32"},"geometry":{"type":"MultiPolygon","coordinates":[[[[2.23267,49.70209],[2.23512,49.70003],[2.23029,49.68944],[2.22292,49.68676],[2.21519,49.68693],[2.20324,49.69395],[2.1921,49.70277],[2.19279,49.70305],[2.19618,49.70112],[2.22962,49.70219],[2.23119,49.70275],[2.23267,49.70209]]]]}},{"type":"Feature","properties":{"code":"60224","nom":"Étavigny","departement":"60","region":"32"},"geometry":{"type":"MultiPolygon","coordinates":[[[[2.96696,49.13358],[2.96996,49.13656],[2.97752,49.1494],[2.98064,49.1503],[2.98386,49.14975],[2.99213,49.14407],[2.99508,49.14288],[2.98682,49.12946],[2.98747,49.12373],[2.98887,49.12152],[2.99486,49.1171],[2.99471,49.11413],[2.99249,49.11004],[2.9886,49.10754],[2.98627,49.10698],[2.98099,49.1087],[2.97325,49.1093],[2.97215,49.11065],[2.96801,49.11152],[2.96732,49.11378],[2.9658,49.12372],[2.96585,49.13196],[2.96696,49.13358]]]]}},{"type":"Feature","properties":{"code":"60225","nom":"Étouy","departement":"60","region":"32"},"geometry":{"type":"MultiPolygon","coordinates":[[[[2.34137,49.42607],[2.34785,49.43355],[2.35584,49.43881],[2.36582,49.44033],[2.3761,49.44423],[2.37996,49.44514],[2.38289,49.43912],[2.39949,49.43125],[2.39972,49.42446],[2.39083,49.42468],[2.38496,49.42353],[2.38034,49.42031],[2.37281,49.41099],[2.35716,49.41486],[2.34773,49.41875],[2.34324,49.41913],[2.34067,49.4214],[2.34025,49.42404],[2.34137,49.42607]]]]}},{"type":"Feature","properties":{"code":"60226","nom":"Ève","departement":"60","region":"32"},"geometry":{"type":"MultiPolygon","coordinates":[[[[2.73652,49.10041],[2.73533,49.10121],[2.72806,49.09377],[2.72553,49.08825],[2.72418,49.08067],[2.71986,49.07899],[2.72054,49.07651],[2.71864,49.07351],[2.70618,49.06531],[2.70305,49.06478],[2.69601,49.06507],[2.69101,49.06658],[2.68964,49.06776],[2.69109,49.07059],[2.69288,49.07616],[2.68316,49.08204],[2.67815,49.08608],[2.68883,49.09184],[2.70022,49.09448],[2.70375,49.096],[2.71087,49.10539],[2.71107,49.10956],[2.71873,49.10835],[2.72361,49.10873],[2.73348,49.10427],[2.73765,49.10105],[2.73652,49.10041]]]]}},{"type":"Feature","properties":{"code":"60227","nom":"Évricourt","departement":"60","region":"32"},"geometry":{"type":"MultiPolygon","coordinates":[[[[2.92255,49.57871],[2.93032,49.57314],[2.92949,49.57298],[2.93015,49.57224],[2.92835,49.56708],[2.92386,49.56274],[2.91389,49.5632],[2.90755,49.56563],[2.90467,49.56572],[2.9015,49.56703],[2.89885,49.5737],[2.90386,49.57531],[2.90789,49.57764],[2.91141,49.57841],[2.92255,49.57871]]]]}},{"type":"Feature","properties":{"code":"60228","nom":"Fay-les-Étangs","departement":"60","region":"32"},"geometry":{"type":"MultiPolygon","coordinates":[[[[1.91869,49.24356],[1.92276,49.24833],[1.92743,49.25161],[1.93486,49.25359],[1.93697,49.25552],[1.94287,49.26635],[1.94692,49.26981],[1.95821,49.27384],[1.95693,49.27219],[1.96282,49.26173],[1.95416,49.24485],[1.95735,49.24419],[1.95867,49.243],[1.9548,49.22771],[1.94354,49.23127],[1.942,49.22981],[1.93595,49.23266],[1.91767,49.24192],[1.91869,49.24356]]]]}},{"type":"Feature","properties":{"code":"60229","nom":"Le Fayel","departement":"60","region":"32"},"geometry":{"type":"MultiPolygon","coordinates":[[[[2.69554,49.3636],[2.69369,49.36329],[2.68592,49.37232],[2.68224,49.38122],[2.70771,49.37678],[2.70657,49.36902],[2.70338,49.36489],[2.69554,49.3636]]]]}},{"type":"Feature","properties":{"code":"60230","nom":"Le Fay-Saint-Quentin","departement":"60","region":"32"},"geometry":{"type":"MultiPolygon","coordinates":[[[[2.27437,49.43743],[2.27067,49.43662],[2.25533,49.43617],[2.23196,49.4371],[2.22569,49.44758],[2.23544,49.44861],[2.23886,49.45327],[2.24082,49.45805],[2.24168,49.46471],[2.2472,49.4659],[2.25812,49.46821],[2.25926,49.46636],[2.25926,49.46157],[2.26118,49.45857],[2.2652,49.45624],[2.27165,49.4483],[2.27316,49.44402],[2.27243,49.44061],[2.27437,49.43743]]]]}},{"type":"Feature","properties":{"code":"60231","nom":"Feigneux","departement":"60","region":"32"},"geometry":{"type":"MultiPolygon","coordinates":[[[[2.92543,49.23729],[2.90772,49.25099],[2.90749,49.25455],[2.88993,49.25855],[2.87936,49.2601],[2.87935,49.26264],[2.88071,49.26246],[2.88188,49.26928],[2.88801,49.26832],[2.89171,49.28542],[2.89687,49.28603],[2.89728,49.28528],[2.90943,49.27088],[2.91477,49.26803],[2.93569,49.26833],[2.94337,49.26971],[2.94804,49.26654],[2.94309,49.26215],[2.94263,49.26084],[2.94475,49.25996],[2.94418,49.25647],[2.93773,49.24737],[2.92543,49.23729]]]]}},{"type":"Feature","properties":{"code":"60232","nom":"Ferrières","departement":"60","region":"32"},"geometry":{"type":"MultiPolygon","coordinates":[[[[2.49722,49.58762],[2.49534,49.58893],[2.49825,49.59363],[2.50145,49.5964],[2.50329,49.60051],[2.51507,49.60268],[2.5193,49.60024],[2.52565,49.60017],[2.53156,49.59628],[2.52856,49.59161],[2.52145,49.5866],[2.52213,49.57873],[2.52343,49.57653],[2.51576,49.57395],[2.49722,49.58762]]]]}},{"type":"Feature","properties":{"code":"60233","nom":"Feuquières","departement":"60","region":"32"},"geometry":{"type":"MultiPolygon","coordinates":[[[[1.81443,49.65024],[1.81957,49.64942],[1.83567,49.65598],[1.83757,49.65717],[1.83995,49.6638],[1.84343,49.66523],[1.85241,49.66613],[1.8563,49.66746],[1.85868,49.66916],[1.86133,49.67339],[1.86146,49.67459],[1.874,49.66568],[1.87761,49.66055],[1.87797,49.65754],[1.87317,49.64917],[1.86953,49.63945],[1.8666,49.63788],[1.86418,49.63908],[1.86183,49.63854],[1.86011,49.63732],[1.85878,49.63428],[1.85462,49.63102],[1.8452,49.62761],[1.83496,49.6343],[1.83223,49.63429],[1.83351,49.63962],[1.82656,49.6436],[1.8185,49.64254],[1.81268,49.64688],[1.81443,49.65024]]]]}},{"type":"Feature","properties":{"code":"60234","nom":"Fitz-James","departement":"60","region":"32"},"geometry":{"type":"MultiPolygon","coordinates":[[[[2.40563,49.39023],[2.40209,49.39133],[2.39958,49.39473],[2.39957,49.39717],[2.40194,49.40131],[2.41066,49.40875],[2.41664,49.41207],[2.42658,49.41413],[2.4275,49.41493],[2.44487,49.41269],[2.4524,49.40543],[2.45952,49.39642],[2.43261,49.38227],[2.42961,49.38539],[2.42053,49.38843],[2.41457,49.39003],[2.40563,49.39023]]]]}},{"type":"Feature","properties":{"code":"60235","nom":"Flavacourt","departement":"60","region":"32"},"geometry":{"type":"MultiPolygon","coordinates":[[[[1.83801,49.37914],[1.84742,49.37397],[1.85309,49.37296],[1.85889,49.37032],[1.86413,49.36633],[1.85427,49.36243],[1.84506,49.34342],[1.84763,49.33791],[1.85172,49.33505],[1.85122,49.33438],[1.84769,49.33023],[1.83989,49.31621],[1.83423,49.31896],[1.83503,49.31955],[1.83307,49.32082],[1.83203,49.32009],[1.82624,49.31993],[1.81559,49.32252],[1.81093,49.32445],[1.80835,49.32373],[1.79939,49.32808],[1.79776,49.33037],[1.79919,49.33305],[1.79838,49.34338],[1.80495,49.35233],[1.81285,49.35635],[1.82088,49.36367],[1.82468,49.36898],[1.83055,49.37447],[1.83503,49.3766],[1.8365,49.37704],[1.83801,49.37914]]]]}},{"type":"Feature","properties":{"code":"60236","nom":"Flavy-le-Meldeux","departement":"60","region":"32"},"geometry":{"type":"MultiPolygon","coordinates":[[[[3.05987,49.692],[3.05849,49.68887],[3.0564,49.67558],[3.04171,49.67744],[3.03601,49.68255],[3.03406,49.68354],[3.0332,49.68311],[3.0339,49.68688],[3.04075,49.69388],[3.04457,49.69544],[3.05546,49.69359],[3.0567,49.69348],[3.05639,49.69231],[3.05987,49.692]]]]}},{"type":"Feature","properties":{"code":"60237","nom":"Fléchy","departement":"60","region":"32"},"geometry":{"type":"MultiPolygon","coordinates":[[[[2.2201,49.64976],[2.20996,49.66183],[2.20929,49.66158],[2.20753,49.6628],[2.20741,49.66648],[2.21264,49.66635],[2.22626,49.66849],[2.23068,49.66846],[2.23593,49.66621],[2.241,49.66156],[2.24237,49.66137],[2.24599,49.66222],[2.25024,49.66439],[2.25402,49.66032],[2.25523,49.65513],[2.24753,49.64959],[2.24082,49.65148],[2.2201,49.64976]]]]}},{"type":"Feature","properties":{"code":"60238","nom":"Fleurines","departement":"60","region":"32"},"geometry":{"type":"MultiPolygon","coordinates":[[[[2.60717,49.27753],[2.61714,49.27044],[2.61996,49.25887],[2.61958,49.25661],[2.61196,49.24585],[2.58279,49.24594],[2.56555,49.2581],[2.56085,49.26152],[2.57403,49.27717],[2.57995,49.27967],[2.58571,49.27858],[2.59473,49.27728],[2.60717,49.27753]]]]}},{"type":"Feature","properties":{"code":"60239","nom":"Fleury","departement":"60","region":"32"},"geometry":{"type":"MultiPolygon","coordinates":[[[[1.96949,49.27439],[1.97015,49.2696],[1.97131,49.26938],[1.97074,49.26841],[1.97003,49.26616],[1.97185,49.25177],[1.98478,49.24359],[1.98362,49.23697],[1.98013,49.23729],[1.97426,49.23575],[1.97477,49.23194],[1.97237,49.22684],[1.96218,49.22493],[1.95852,49.22627],[1.95418,49.22571],[1.9548,49.22771],[1.95867,49.243],[1.95735,49.24419],[1.95416,49.24485],[1.96282,49.26173],[1.95693,49.27219],[1.95821,49.27384],[1.96611,49.27428],[1.96648,49.27502],[1.96949,49.27439]]]]}},{"type":"Feature","properties":{"code":"60240","nom":"Fontaine-Bonneleau","departement":"60","region":"32"},"geometry":{"type":"MultiPolygon","coordinates":[[[[2.15168,49.63507],[2.14564,49.64014],[2.13603,49.64404],[2.1339,49.64405],[2.13369,49.64579],[2.1376,49.65417],[2.13587,49.65838],[2.12925,49.66162],[2.11109,49.66378],[2.11099,49.66547],[2.12268,49.68075],[2.12272,49.68289],[2.12573,49.6835],[2.1595,49.68493],[2.16789,49.68419],[2.17205,49.68206],[2.17358,49.68035],[2.17377,49.67617],[2.1707,49.66929],[2.17371,49.6684],[2.1764,49.66851],[2.17777,49.66684],[2.17535,49.6574],[2.17577,49.64947],[2.17883,49.64944],[2.17603,49.64734],[2.17597,49.64514],[2.16643,49.64548],[2.16121,49.64478],[2.15168,49.63507]]]]}},{"type":"Feature","properties":{"code":"60241","nom":"Fontaine-Chaalis","departement":"60","region":"32"},"geometry":{"type":"MultiPolygon","coordinates":[[[[2.6004,49.16399],[2.61455,49.16677],[2.62143,49.16927],[2.6319,49.17082],[2.63766,49.17055],[2.64122,49.16812],[2.65099,49.16391],[2.66232,49.16003],[2.66932,49.16767],[2.67474,49.17624],[2.68363,49.18674],[2.69497,49.19732],[2.70235,49.19614],[2.70962,49.1962],[2.71421,49.19904],[2.71412,49.20001],[2.72006,49.19025],[2.70649,49.18227],[2.7026,49.17501],[2.70211,49.16824],[2.70296,49.16692],[2.69047,49.16641],[2.68733,49.16468],[2.68627,49.16014],[2.68816,49.15625],[2.69564,49.1509],[2.70789,49.14472],[2.72806,49.1369],[2.72662,49.135],[2.72044,49.12884],[2.70271,49.13024],[2.69856,49.13625],[2.69139,49.14097],[2.67641,49.1484],[2.67102,49.14809],[2.66406,49.14644],[2.65434,49.14108],[2.65046,49.13247],[2.65196,49.12698],[2.65738,49.12397],[2.66013,49.11785],[2.64455,49.11838],[2.63894,49.11809],[2.63735,49.11687],[2.62825,49.12291],[2.62264,49.12937],[2.61759,49.14097],[2.59737,49.15242],[2.59356,49.15487],[2.59233,49.16079],[2.6004,49.16399]]]]}},{"type":"Feature","properties":{"code":"60242","nom":"Fontaine-Lavaganne","departement":"60","region":"32"},"geometry":{"type":"MultiPolygon","coordinates":[[[[1.9448,49.58639],[1.92931,49.60078],[1.92756,49.59973],[1.92536,49.60165],[1.9249,49.60522],[1.94698,49.60908],[1.94692,49.60979],[1.95154,49.60986],[1.96885,49.60537],[1.9767,49.61029],[1.98498,49.60362],[1.98026,49.6009],[1.98016,49.59723],[1.96702,49.59118],[1.9546,49.58375],[1.94837,49.58827],[1.9448,49.58639]]]]}},{"type":"Feature","properties":{"code":"60243","nom":"Fontaine-Saint-Lucien","departement":"60","region":"32"},"geometry":{"type":"MultiPolygon","coordinates":[[[[2.14956,49.48669],[2.13001,49.50114],[2.13052,49.51387],[2.12894,49.51755],[2.13244,49.52374],[2.14037,49.52094],[2.14585,49.52078],[2.14683,49.52149],[2.14791,49.51735],[2.15713,49.51188],[2.17025,49.50669],[2.17175,49.5051],[2.16269,49.49045],[2.15594,49.48541],[2.15119,49.48742],[2.14956,49.48669]]]]}},{"type":"Feature","properties":{"code":"60244","nom":"Fontenay-Torcy","departement":"60","region":"32"},"geometry":{"type":"MultiPolygon","coordinates":[[[[1.77528,49.58232],[1.77914,49.58337],[1.78502,49.58208],[1.79008,49.57465],[1.78688,49.57482],[1.78514,49.57385],[1.78355,49.57263],[1.78392,49.57006],[1.77263,49.56189],[1.76354,49.55774],[1.75438,49.55153],[1.74287,49.56116],[1.75334,49.57107],[1.75404,49.57226],[1.75247,49.57352],[1.76,49.57761],[1.76685,49.57831],[1.77263,49.57985],[1.77528,49.58232]]]]}},{"type":"Feature","properties":{"code":"60245","nom":"Formerie","departement":"60","region":"32"},"geometry":{"type":"MultiPolygon","coordinates":[[[[1.7756,49.64031],[1.77151,49.63987],[1.75797,49.63395],[1.75872,49.63089],[1.75233,49.63247],[1.74077,49.63149],[1.73516,49.6289],[1.73574,49.62843],[1.73354,49.62612],[1.72829,49.62941],[1.72714,49.63004],[1.71728,49.6331],[1.71108,49.6353],[1.70449,49.63988],[1.69865,49.64453],[1.7117,49.65023],[1.7225,49.66161],[1.72396,49.66103],[1.72575,49.66303],[1.7334,49.66702],[1.7433,49.66943],[1.75504,49.66456],[1.75155,49.65938],[1.74089,49.65237],[1.74136,49.64557],[1.74324,49.6446],[1.74702,49.643],[1.75022,49.64419],[1.77556,49.64802],[1.7756,49.64031]]]]}},{"type":"Feature","properties":{"code":"60247","nom":"Fouilleuse","departement":"60","region":"32"},"geometry":{"type":"MultiPolygon","coordinates":[[[[2.55138,49.43014],[2.55155,49.42845],[2.55315,49.42817],[2.55357,49.42323],[2.55101,49.42069],[2.54856,49.42243],[2.54693,49.42232],[2.54098,49.41643],[2.53585,49.41827],[2.53094,49.42379],[2.52281,49.42993],[2.5221,49.4323],[2.52762,49.4357],[2.53022,49.43469],[2.54808,49.43405],[2.54972,49.43346],[2.55138,49.43014]]]]}},{"type":"Feature","properties":{"code":"60248","nom":"Fouilloy","departement":"60","region":"32"},"geometry":{"type":"MultiPolygon","coordinates":[[[[1.82043,49.72266],[1.80864,49.72216],[1.79807,49.72819],[1.79618,49.73326],[1.79637,49.73629],[1.80557,49.73745],[1.80857,49.73502],[1.82072,49.73918],[1.83646,49.74038],[1.83956,49.7393],[1.84099,49.73537],[1.84127,49.73328],[1.8405,49.73202],[1.83969,49.73108],[1.82043,49.72266]]]]}},{"type":"Feature","properties":{"code":"60249","nom":"Foulangues","departement":"60","region":"32"},"geometry":{"type":"MultiPolygon","coordinates":[[[[2.3301,49.28259],[2.32866,49.2819],[2.32831,49.27782],[2.32351,49.27071],[2.31903,49.26811],[2.30762,49.25904],[2.30451,49.26154],[2.30015,49.26629],[2.29927,49.2761],[2.30697,49.29007],[2.30874,49.29042],[2.31499,49.2921],[2.31889,49.29107],[2.32816,49.28705],[2.3301,49.28259]]]]}},{"type":"Feature","properties":{"code":"60250","nom":"Fouquenies","departement":"60","region":"32"},"geometry":{"type":"MultiPolygon","coordinates":[[[[2.0062,49.47359],[2.00942,49.47261],[2.01871,49.47565],[2.02407,49.47827],[2.02503,49.47798],[2.04396,49.46874],[2.06012,49.46262],[2.06081,49.4586],[2.05983,49.45823],[2.05879,49.45869],[2.03748,49.45268],[2.02537,49.45695],[2.01775,49.46153],[2.01001,49.46375],[2.00571,49.4639],[2.0062,49.47359]]]]}},{"type":"Feature","properties":{"code":"60251","nom":"Fouquerolles","departement":"60","region":"32"},"geometry":{"type":"MultiPolygon","coordinates":[[[[2.17805,49.44152],[2.17824,49.4438],[2.18746,49.45435],[2.18704,49.4578],[2.20115,49.46057],[2.20463,49.46195],[2.21244,49.47505],[2.22651,49.47465],[2.23619,49.47353],[2.23925,49.47186],[2.24168,49.46471],[2.24082,49.45805],[2.23886,49.45327],[2.23544,49.44861],[2.22569,49.44758],[2.20775,49.44724],[2.19621,49.44565],[2.17805,49.44152]]]]}},{"type":"Feature","properties":{"code":"60252","nom":"Fournival","departement":"60","region":"32"},"geometry":{"type":"MultiPolygon","coordinates":[[[[2.40515,49.45577],[2.40024,49.45791],[2.39763,49.45539],[2.38296,49.44589],[2.37996,49.44514],[2.3761,49.44423],[2.36953,49.45059],[2.35947,49.45723],[2.35399,49.46323],[2.35714,49.47187],[2.35811,49.47346],[2.36766,49.47817],[2.39152,49.48228],[2.39581,49.48136],[2.40309,49.47123],[2.40678,49.46168],[2.40515,49.45577]]]]}},{"type":"Feature","properties":{"code":"60253","nom":"Francastel","departement":"60","region":"32"},"geometry":{"type":"MultiPolygon","coordinates":[[[[2.16373,49.61244],[2.16061,49.60562],[2.15212,49.59507],[2.15167,49.59192],[2.15405,49.5897],[2.17088,49.58983],[2.17577,49.59098],[2.17636,49.5891],[2.1746,49.58232],[2.17716,49.57564],[2.17679,49.57429],[2.16345,49.57174],[2.15109,49.56017],[2.14496,49.56396],[2.14524,49.57331],[2.13791,49.5809],[2.13402,49.58342],[2.11257,49.58975],[2.11628,49.59238],[2.11717,49.59846],[2.11729,49.60244],[2.13645,49.59993],[2.14859,49.606],[2.14633,49.61197],[2.14276,49.61534],[2.14301,49.61718],[2.14725,49.62181],[2.16384,49.61316],[2.16373,49.61244]]]]}},{"type":"Feature","properties":{"code":"60254","nom":"Francières","departement":"60","region":"32"},"geometry":{"type":"MultiPolygon","coordinates":[[[[2.7018,49.4562],[2.69939,49.45129],[2.69339,49.44515],[2.68835,49.44305],[2.66871,49.43821],[2.65943,49.43367],[2.65417,49.43164],[2.64896,49.43081],[2.63907,49.44267],[2.64817,49.45734],[2.65432,49.45568],[2.65425,49.4552],[2.66197,49.45338],[2.66952,49.45458],[2.67949,49.4596],[2.67979,49.45889],[2.68437,49.45726],[2.69644,49.46128],[2.7018,49.4562]]]]}},{"type":"Feature","properties":{"code":"60255","nom":"Fréniches","departement":"60","region":"32"},"geometry":{"type":"MultiPolygon","coordinates":[[[[2.99581,49.6619],[2.98966,49.66232],[2.98572,49.66406],[2.98578,49.66926],[2.98413,49.67429],[2.9878,49.68433],[2.99105,49.68355],[2.99661,49.67944],[3.00439,49.68113],[3.00702,49.68351],[3.00904,49.68712],[3.00803,49.69301],[3.01558,49.69304],[3.01762,49.68907],[3.01638,49.6853],[3.02824,49.67993],[3.02054,49.67697],[3.01661,49.67298],[3.01806,49.66706],[3.01042,49.66078],[3.00907,49.66068],[2.99581,49.6619]]]]}},{"type":"Feature","properties":{"code":"60256","nom":"Montchevreuil","departement":"60","region":"32"},"geometry":{"type":"MultiPolygon","coordinates":[[[[2.01209,49.315],[2.01309,49.31515],[2.01645,49.31339],[2.01828,49.30703],[2.03181,49.30019],[2.03602,49.29502],[2.0371,49.29254],[2.0362,49.2874],[2.03027,49.27638],[2.02658,49.27347],[2.00823,49.26614],[2.00339,49.27379],[1.99761,49.27595],[1.99036,49.2773],[1.98218,49.27425],[1.9843,49.26959],[1.98171,49.26819],[1.97647,49.27088],[1.97271,49.26805],[1.97074,49.26841],[1.97131,49.26938],[1.97015,49.2696],[1.96949,49.27439],[1.9695,49.27588],[1.96431,49.28106],[1.94682,49.2859],[1.95034,49.29265],[1.95244,49.29552],[1.95148,49.29573],[1.95181,49.29881],[1.95364,49.29855],[1.95743,49.29952],[1.96277,49.3023],[1.96911,49.30335],[1.97095,49.30231],[1.97998,49.28576],[1.98625,49.28546],[1.99735,49.29579],[2.00264,49.30371],[2.01209,49.315]]]]}},{"type":"Feature","properties":{"code":"60257","nom":"Fresne-Léguillon","departement":"60","region":"32"},"geometry":{"type":"MultiPolygon","coordinates":[[[[1.99215,49.22817],[1.984,49.22751],[1.98259,49.23339],[1.98362,49.23697],[1.98478,49.24359],[1.97185,49.25177],[1.97003,49.26616],[1.97074,49.26841],[1.97271,49.26805],[1.97647,49.27088],[1.98171,49.26819],[1.99166,49.26067],[2.00454,49.25762],[2.01047,49.24782],[1.99593,49.23847],[1.99293,49.23542],[1.99215,49.22817]]]]}},{"type":"Feature","properties":{"code":"60258","nom":"Fresnières","departement":"60","region":"32"},"geometry":{"type":"MultiPolygon","coordinates":[[[[2.81969,49.61832],[2.81576,49.61642],[2.81827,49.61493],[2.80955,49.61208],[2.79668,49.61461],[2.79514,49.61656],[2.79753,49.61773],[2.79903,49.62052],[2.79574,49.62977],[2.79861,49.62922],[2.8168,49.63235],[2.81618,49.63041],[2.82363,49.62192],[2.81969,49.61832]]]]}},{"type":"Feature","properties":{"code":"60259","nom":"Fresnoy-en-Thelle","departement":"60","region":"32"},"geometry":{"type":"MultiPolygon","coordinates":[[[[2.26425,49.18516],[2.25435,49.19382],[2.25269,49.19723],[2.25109,49.19668],[2.24584,49.20399],[2.24175,49.20391],[2.23716,49.2028],[2.23051,49.20337],[2.23064,49.20521],[2.2393,49.20621],[2.24334,49.20864],[2.24575,49.21374],[2.24877,49.21428],[2.2764,49.20536],[2.28184,49.19958],[2.28451,49.19909],[2.28581,49.2028],[2.28821,49.20218],[2.28269,49.19298],[2.28412,49.18985],[2.27371,49.18902],[2.27273,49.19039],[2.26425,49.18516]]]]}},{"type":"Feature","properties":{"code":"60260","nom":"Fresnoy-la-Rivière","departement":"60","region":"32"},"geometry":{"type":"MultiPolygon","coordinates":[[[[2.94804,49.26654],[2.94337,49.26971],[2.93569,49.26833],[2.91477,49.26803],[2.90943,49.27088],[2.89728,49.28528],[2.92268,49.28703],[2.95191,49.28053],[2.95111,49.27988],[2.95349,49.27277],[2.95316,49.26873],[2.94804,49.26654]]]]}},{"type":"Feature","properties":{"code":"60261","nom":"Fresnoy-le-Luat","departement":"60","region":"32"},"geometry":{"type":"MultiPolygon","coordinates":[[[[2.73171,49.2071],[2.73021,49.2091],[2.72199,49.21423],[2.72353,49.22071],[2.75905,49.22267],[2.7588,49.22526],[2.79036,49.2265],[2.79079,49.19955],[2.75955,49.19948],[2.75609,49.19713],[2.73982,49.20669],[2.73171,49.2071]]]]}},{"type":"Feature","properties":{"code":"60262","nom":"Le Frestoy-Vaux","departement":"60","region":"32"},"geometry":{"type":"MultiPolygon","coordinates":[[[[2.60026,49.58197],[2.60037,49.5835],[2.59021,49.59324],[2.58178,49.59932],[2.58411,49.6064],[2.58571,49.60805],[2.59319,49.61177],[2.59322,49.61231],[2.60528,49.61053],[2.61693,49.60994],[2.62416,49.61018],[2.62604,49.61094],[2.62724,49.60997],[2.62509,49.60771],[2.62917,49.60178],[2.62597,49.58729],[2.6279,49.58547],[2.6214,49.58165],[2.61593,49.58268],[2.61052,49.57764],[2.60657,49.57989],[2.60593,49.57924],[2.60026,49.58197]]]]}},{"type":"Feature","properties":{"code":"60263","nom":"Frétoy-le-Château","departement":"60","region":"32"},"geometry":{"type":"MultiPolygon","coordinates":[[[[2.97823,49.64422],[2.98097,49.6484],[2.97028,49.6567],[2.96446,49.65986],[2.95597,49.66076],[2.95357,49.66297],[2.95131,49.66303],[2.94911,49.66464],[2.95385,49.66633],[2.95531,49.66516],[2.95323,49.67288],[2.95341,49.67577],[2.956,49.67799],[2.96751,49.6735],[2.97092,49.66812],[2.97561,49.66711],[2.98578,49.66926],[2.98572,49.66406],[2.98966,49.66232],[2.99581,49.6619],[2.98719,49.65216],[2.9817,49.64386],[2.97823,49.64422]]]]}},{"type":"Feature","properties":{"code":"60264","nom":"Frocourt","departement":"60","region":"32"},"geometry":{"type":"MultiPolygon","coordinates":[[[[2.05838,49.38276],[2.07901,49.39898],[2.084,49.39712],[2.09658,49.38759],[2.10525,49.38435],[2.10702,49.37879],[2.10551,49.37763],[2.10413,49.37704],[2.09494,49.37326],[2.09109,49.36896],[2.08645,49.36004],[2.0823,49.36057],[2.08534,49.3638],[2.0855,49.36591],[2.08402,49.36808],[2.0774,49.37296],[2.06475,49.3789],[2.05838,49.38276]]]]}},{"type":"Feature","properties":{"code":"60265","nom":"Froissy","departement":"60","region":"32"},"geometry":{"type":"MultiPolygon","coordinates":[[[[2.23387,49.5778],[2.23453,49.57663],[2.23314,49.55764],[2.2319,49.55811],[2.22983,49.55256],[2.21909,49.55081],[2.21622,49.55139],[2.20877,49.55657],[2.19917,49.56138],[2.194,49.5644],[2.18859,49.5709],[2.18998,49.5707],[2.19856,49.57356],[2.20388,49.57888],[2.20555,49.57996],[2.20732,49.57942],[2.22102,49.57353],[2.22499,49.5731],[2.22775,49.57375],[2.23387,49.5778]]]]}},{"type":"Feature","properties":{"code":"60267","nom":"Le Gallet","departement":"60","region":"32"},"geometry":{"type":"MultiPolygon","coordinates":[[[[2.09789,49.62978],[2.1082,49.63545],[2.11687,49.6387],[2.12204,49.6367],[2.12193,49.63395],[2.11909,49.62952],[2.12097,49.626],[2.12593,49.62017],[2.12882,49.62113],[2.12128,49.61426],[2.11364,49.61146],[2.11335,49.61322],[2.1067,49.62203],[2.09789,49.62978]]]]}},{"type":"Feature","properties":{"code":"60268","nom":"Gannes","departement":"60","region":"32"},"geometry":{"type":"MultiPolygon","coordinates":[[[[2.4096,49.55907],[2.41,49.56349],[2.40566,49.57031],[2.39225,49.57533],[2.3925,49.57895],[2.39373,49.58556],[2.39729,49.58368],[2.40286,49.58587],[2.40327,49.58633],[2.41656,49.58436],[2.42836,49.5932],[2.43299,49.59243],[2.43509,49.58422],[2.44019,49.5727],[2.43616,49.5566],[2.4096,49.55907]]]]}},{"type":"Feature","properties":{"code":"60269","nom":"Gaudechart","departement":"60","region":"32"},"geometry":{"type":"MultiPolygon","coordinates":[[[[1.94014,49.625],[1.95079,49.62812],[1.9621,49.63528],[1.96432,49.6353],[1.96769,49.63057],[1.96483,49.626],[1.96933,49.62276],[1.97812,49.61898],[1.97828,49.61954],[1.97873,49.61252],[1.98015,49.61192],[1.97892,49.6104],[1.97804,49.61086],[1.9767,49.61029],[1.96885,49.60537],[1.95154,49.60986],[1.94692,49.60979],[1.94507,49.6186],[1.93908,49.6238],[1.94014,49.625]]]]}},{"type":"Feature","properties":{"code":"60270","nom":"Genvry","departement":"60","region":"32"},"geometry":{"type":"MultiPolygon","coordinates":[[[[2.99549,49.63049],[3.00649,49.61951],[3.00848,49.61422],[3.00859,49.60824],[3.00425,49.59565],[2.99027,49.59425],[2.98962,49.59516],[2.98407,49.60359],[2.98366,49.60661],[2.98703,49.6143],[2.98669,49.6173],[2.98451,49.6203],[2.98736,49.62446],[2.99549,49.63049]]]]}},{"type":"Feature","properties":{"code":"60271","nom":"Gerberoy","departement":"60","region":"32"},"geometry":{"type":"MultiPolygon","coordinates":[[[[1.86085,49.53008],[1.84735,49.53026],[1.83029,49.52929],[1.8306,49.53217],[1.8278,49.53654],[1.81987,49.54364],[1.82921,49.54548],[1.83142,49.54875],[1.83455,49.54948],[1.84679,49.54732],[1.85805,49.54148],[1.86085,49.53008]]]]}},{"type":"Feature","properties":{"code":"60272","nom":"Gilocourt","departement":"60","region":"32"},"geometry":{"type":"MultiPolygon","coordinates":[[[[2.86903,49.28919],[2.87328,49.30243],[2.87243,49.30516],[2.8739,49.30937],[2.88183,49.31595],[2.88909,49.31837],[2.89252,49.31449],[2.8957,49.31374],[2.9003,49.3148],[2.90199,49.31489],[2.90797,49.30612],[2.90576,49.29523],[2.89687,49.28603],[2.89171,49.28542],[2.88351,49.28591],[2.873,49.28919],[2.86903,49.28919]]]]}},{"type":"Feature","properties":{"code":"60273","nom":"Giraumont","departement":"60","region":"32"},"geometry":{"type":"MultiPolygon","coordinates":[[[[2.83047,49.46592],[2.82517,49.46713],[2.81099,49.4663],[2.80105,49.47029],[2.80233,49.47111],[2.80481,49.47032],[2.80589,49.4728],[2.81458,49.48124],[2.82163,49.48217],[2.82731,49.4812],[2.84408,49.47953],[2.8437,49.47461],[2.84132,49.47166],[2.83047,49.46592]]]]}},{"type":"Feature","properties":{"code":"60274","nom":"Glaignes","departement":"60","region":"32"},"geometry":{"type":"MultiPolygon","coordinates":[[[[2.83585,49.28769],[2.84284,49.28601],[2.85393,49.28061],[2.8579,49.27422],[2.85801,49.27215],[2.84757,49.25857],[2.84353,49.25752],[2.83907,49.25771],[2.83973,49.25909],[2.8336,49.26053],[2.8248,49.27333],[2.82164,49.27355],[2.82905,49.28501],[2.83585,49.28769]]]]}},{"type":"Feature","properties":{"code":"60275","nom":"Glatigny","departement":"60","region":"32"},"geometry":{"type":"MultiPolygon","coordinates":[[[[1.90994,49.50267],[1.91654,49.49709],[1.92229,49.4937],[1.9215,49.49259],[1.91413,49.4927],[1.90955,49.4879],[1.90806,49.4909],[1.89254,49.48848],[1.88927,49.48432],[1.88745,49.48497],[1.88826,49.48938],[1.88594,49.49258],[1.88367,49.49353],[1.88021,49.49363],[1.88602,49.5022],[1.88979,49.50392],[1.89208,49.50465],[1.89649,49.50311],[1.9076,49.50298],[1.90855,49.5035],[1.90994,49.50267]]]]}},{"type":"Feature","properties":{"code":"60276","nom":"Godenvillers","departement":"60","region":"32"},"geometry":{"type":"MultiPolygon","coordinates":[[[[2.53513,49.57272],[2.52761,49.57451],[2.52343,49.57653],[2.52213,49.57873],[2.53571,49.58477],[2.54519,49.59069],[2.54634,49.595],[2.55548,49.59491],[2.56172,49.5902],[2.56255,49.58831],[2.56412,49.58439],[2.57213,49.58179],[2.56044,49.57837],[2.55181,49.57023],[2.54459,49.57154],[2.53787,49.57113],[2.53513,49.57272]]]]}},{"type":"Feature","properties":{"code":"60277","nom":"Goincourt","departement":"60","region":"32"},"geometry":{"type":"MultiPolygon","coordinates":[[[[2.02134,49.40873],[2.01332,49.41896],[2.01386,49.42495],[2.02175,49.43397],[2.03634,49.44228],[2.04066,49.43912],[2.04098,49.43537],[2.04995,49.43216],[2.05289,49.43199],[2.05191,49.43098],[2.05558,49.42868],[2.05421,49.428],[2.05457,49.42577],[2.05757,49.42122],[2.05346,49.41848],[2.03497,49.41472],[2.02696,49.40964],[2.02134,49.40873]]]]}},{"type":"Feature","properties":{"code":"60278","nom":"Golancourt","departement":"60","region":"32"},"geometry":{"type":"MultiPolygon","coordinates":[[[[3.07854,49.69024],[3.07473,49.69025],[3.07073,49.69225],[3.06051,49.69307],[3.05987,49.692],[3.05639,49.69231],[3.0567,49.69348],[3.05546,49.69359],[3.05755,49.70598],[3.05715,49.70796],[3.05237,49.71394],[3.05554,49.71309],[3.06711,49.71355],[3.08337,49.71273],[3.08473,49.70639],[3.08269,49.7002],[3.07817,49.69491],[3.07807,49.69337],[3.07972,49.69177],[3.07854,49.69024]]]]}},{"type":"Feature","properties":{"code":"60279","nom":"Gondreville","departement":"60","region":"32"},"geometry":{"type":"MultiPolygon","coordinates":[[[[2.92458,49.22026],[2.92504,49.22188],[2.93617,49.22824],[2.93554,49.23316],[2.95081,49.23714],[2.95423,49.23675],[2.96067,49.23162],[2.96438,49.23189],[2.96419,49.23089],[2.95899,49.2286],[2.95804,49.22692],[2.96344,49.21934],[2.96737,49.21598],[2.97085,49.21444],[2.97104,49.21196],[2.96983,49.21041],[2.96893,49.21096],[2.96471,49.20932],[2.96498,49.20623],[2.96213,49.205],[2.95855,49.20369],[2.95274,49.20345],[2.95202,49.20549],[2.9449,49.20762],[2.92458,49.22026]]]]}},{"type":"Feature","properties":{"code":"60280","nom":"Gourchelles","departement":"60","region":"32"},"geometry":{"type":"MultiPolygon","coordinates":[[[[1.77057,49.71436],[1.77217,49.71601],[1.76718,49.73032],[1.76771,49.73163],[1.77286,49.73088],[1.7761,49.73369],[1.78219,49.73517],[1.79603,49.72706],[1.77542,49.71694],[1.77253,49.71442],[1.77057,49.71436]]]]}},{"type":"Feature","properties":{"code":"60281","nom":"Gournay-sur-Aronde","departement":"60","region":"32"},"geometry":{"type":"MultiPolygon","coordinates":[[[[2.70324,49.52882],[2.70296,49.52689],[2.70773,49.52233],[2.70883,49.51936],[2.69696,49.51342],[2.70174,49.49854],[2.70428,49.49544],[2.71578,49.49659],[2.72458,49.49174],[2.72224,49.48946],[2.7258,49.48817],[2.72775,49.48746],[2.72514,49.48491],[2.716,49.48288],[2.70873,49.47551],[2.70583,49.4753],[2.69585,49.47635],[2.69079,49.48323],[2.67126,49.48935],[2.66464,49.48893],[2.66125,49.48669],[2.6599,49.48725],[2.65902,49.48923],[2.66376,49.49494],[2.66974,49.49762],[2.66218,49.50553],[2.66622,49.50822],[2.66883,49.51354],[2.67151,49.514],[2.67719,49.51722],[2.67949,49.52149],[2.67959,49.5287],[2.69685,49.52956],[2.70324,49.52882]]]]}},{"type":"Feature","properties":{"code":"60282","nom":"Gouvieux","departement":"60","region":"32"},"geometry":{"type":"MultiPolygon","coordinates":[[[[2.37984,49.17333],[2.37857,49.17493],[2.375,49.17617],[2.37406,49.17309],[2.373,49.17326],[2.37019,49.17717],[2.37086,49.18541],[2.3731,49.1855],[2.376,49.18698],[2.37871,49.19181],[2.38195,49.19396],[2.38573,49.1956],[2.39132,49.20255],[2.39132,49.20433],[2.39781,49.20459],[2.40214,49.20334],[2.41574,49.20566],[2.42091,49.20894],[2.42295,49.21365],[2.42855,49.21134],[2.44541,49.21142],[2.46307,49.20861],[2.46106,49.20256],[2.45675,49.20231],[2.4583,49.19498],[2.45828,49.18236],[2.45041,49.17002],[2.44787,49.16622],[2.44258,49.17011],[2.43918,49.1703],[2.43714,49.17123],[2.43398,49.16975],[2.43382,49.17058],[2.37984,49.17333]]]]}},{"type":"Feature","properties":{"code":"60284","nom":"Grandfresnoy","departement":"60","region":"32"},"geometry":{"type":"MultiPolygon","coordinates":[[[[2.64712,49.35656],[2.63888,49.35651],[2.63748,49.35409],[2.63578,49.3544],[2.63825,49.36686],[2.64807,49.39537],[2.65102,49.39543],[2.66236,49.4056],[2.66658,49.3988],[2.66455,49.39621],[2.6724,49.39184],[2.66704,49.38882],[2.66748,49.38643],[2.67199,49.38018],[2.67372,49.37941],[2.68224,49.38122],[2.68592,49.37232],[2.68069,49.37021],[2.67518,49.36465],[2.65517,49.35692],[2.65399,49.35928],[2.6496,49.35821],[2.64712,49.35656]]]]}},{"type":"Feature","properties":{"code":"60285","nom":"Grandvillers-aux-Bois","departement":"60","region":"32"},"geometry":{"type":"MultiPolygon","coordinates":[[[[2.5835,49.45715],[2.5894,49.45779],[2.59543,49.46892],[2.59944,49.47397],[2.60562,49.47926],[2.61064,49.47993],[2.61209,49.48074],[2.62083,49.47908],[2.63303,49.47447],[2.63322,49.47015],[2.6306,49.46634],[2.61818,49.4635],[2.61019,49.45766],[2.59925,49.44605],[2.58809,49.44754],[2.5869,49.44685],[2.58428,49.44735],[2.58265,49.45215],[2.5835,49.45715]]]]}},{"type":"Feature","properties":{"code":"60286","nom":"Grandvilliers","departement":"60","region":"32"},"geometry":{"type":"MultiPolygon","coordinates":[[[[1.90953,49.67023],[1.91278,49.67129],[1.91639,49.66902],[1.92698,49.67106],[1.93635,49.67414],[1.95298,49.68244],[1.95429,49.68098],[1.9544,49.67659],[1.95611,49.67113],[1.95958,49.66617],[1.9579,49.6666],[1.95529,49.66203],[1.95673,49.6575],[1.94851,49.65274],[1.93137,49.66018],[1.91691,49.6601],[1.91387,49.65947],[1.9028,49.65828],[1.89813,49.6587],[1.89455,49.6589],[1.89335,49.66131],[1.9023,49.66343],[1.91182,49.6679],[1.90953,49.67023]]]]}},{"type":"Feature","properties":{"code":"60287","nom":"Grandrû","departement":"60","region":"32"},"geometry":{"type":"MultiPolygon","coordinates":[[[[3.10221,49.61568],[3.09681,49.60227],[3.08447,49.59488],[3.07551,49.60393],[3.07462,49.6059],[3.06058,49.61019],[3.0392,49.61406],[3.04754,49.61661],[3.05709,49.61769],[3.05451,49.62068],[3.05671,49.62134],[3.06687,49.62069],[3.06899,49.62162],[3.08689,49.6247],[3.08977,49.62127],[3.09359,49.62249],[3.10221,49.61568]]]]}},{"type":"Feature","properties":{"code":"60288","nom":"Grémévillers","departement":"60","region":"32"},"geometry":{"type":"MultiPolygon","coordinates":[[[[1.8953,49.54913],[1.88285,49.56019],[1.88095,49.56207],[1.8825,49.56743],[1.88228,49.57123],[1.88039,49.57382],[1.88352,49.57464],[1.88478,49.57298],[1.88774,49.57383],[1.89879,49.57079],[1.90536,49.56657],[1.91994,49.56295],[1.92112,49.56337],[1.92344,49.5621],[1.93447,49.55929],[1.93019,49.55147],[1.91005,49.54478],[1.89827,49.55052],[1.8953,49.54913]]]]}},{"type":"Feature","properties":{"code":"60289","nom":"Grez","departement":"60","region":"32"},"geometry":{"type":"MultiPolygon","coordinates":[[[[1.99758,49.62575],[1.9909,49.62498],[1.97885,49.62044],[1.97828,49.61954],[1.97812,49.61898],[1.96933,49.62276],[1.96483,49.626],[1.96769,49.63057],[1.96432,49.6353],[1.9621,49.63528],[1.95697,49.63909],[1.9592,49.63989],[1.95913,49.64225],[1.95749,49.64442],[1.96442,49.64557],[1.97508,49.64553],[1.98494,49.64471],[1.99398,49.64259],[1.99681,49.6348],[1.99758,49.62575]]]]}},{"type":"Feature","properties":{"code":"60290","nom":"Guignecourt","departement":"60","region":"32"},"geometry":{"type":"MultiPolygon","coordinates":[[[[2.13001,49.50114],[2.14956,49.48669],[2.13257,49.47466],[2.13126,49.47386],[2.12165,49.47454],[2.1174,49.481],[2.11527,49.48674],[2.11543,49.48898],[2.11268,49.4904],[2.11633,49.49394],[2.11771,49.49845],[2.12012,49.49906],[2.12661,49.49808],[2.12861,49.49879],[2.13001,49.50114]]]]}},{"type":"Feature","properties":{"code":"60291","nom":"Guiscard","departement":"60","region":"32"},"geometry":{"type":"MultiPolygon","coordinates":[[[[3.09906,49.68419],[3.10856,49.66443],[3.10443,49.65757],[3.0973,49.65409],[3.09645,49.65054],[3.08982,49.64125],[3.0878,49.63983],[3.08651,49.63989],[3.08409,49.64163],[3.07919,49.64253],[3.06597,49.64418],[3.06586,49.64372],[3.06028,49.64452],[3.04525,49.64258],[3.04272,49.63912],[3.04014,49.63971],[3.01116,49.64069],[3.02673,49.64908],[3.02533,49.65168],[3.01638,49.65614],[3.01213,49.65737],[3.00904,49.65968],[3.00907,49.66068],[3.01042,49.66078],[3.01806,49.66706],[3.01661,49.67298],[3.02054,49.67697],[3.02824,49.67993],[3.0332,49.68311],[3.03406,49.68354],[3.03601,49.68255],[3.04171,49.67744],[3.0564,49.67558],[3.05543,49.66984],[3.05966,49.67084],[3.06382,49.6643],[3.06843,49.66019],[3.08005,49.66077],[3.08841,49.66296],[3.0906,49.66923],[3.09906,49.68419]]]]}},{"type":"Feature","properties":{"code":"60292","nom":"Gury","departement":"60","region":"32"},"geometry":{"type":"MultiPolygon","coordinates":[[[[2.80414,49.58325],[2.80366,49.58286],[2.80892,49.58047],[2.81676,49.57026],[2.81665,49.55873],[2.81616,49.55798],[2.80307,49.55824],[2.79537,49.55972],[2.78469,49.56491],[2.78552,49.56611],[2.78448,49.56633],[2.7835,49.56863],[2.7927,49.58127],[2.79225,49.58326],[2.79611,49.58585],[2.7973,49.58422],[2.79973,49.58465],[2.80414,49.58325]]]]}},{"type":"Feature","properties":{"code":"60293","nom":"Hadancourt-le-Haut-Clocher","departement":"60","region":"32"},"geometry":{"type":"MultiPolygon","coordinates":[[[[1.84492,49.20857],[1.87179,49.19425],[1.87346,49.17408],[1.86782,49.17183],[1.86313,49.17105],[1.84889,49.17059],[1.83641,49.19146],[1.83144,49.19645],[1.83085,49.20032],[1.84414,49.20907],[1.84492,49.20857]]]]}},{"type":"Feature","properties":{"code":"60294","nom":"Hainvillers","departement":"60","region":"32"},"geometry":{"type":"MultiPolygon","coordinates":[[[[2.67421,49.60006],[2.67908,49.5969],[2.68541,49.59824],[2.6905,49.59765],[2.69425,49.59595],[2.70172,49.58934],[2.70092,49.5889],[2.69516,49.58625],[2.69148,49.58545],[2.68856,49.58573],[2.68258,49.58396],[2.6798,49.58219],[2.67875,49.58271],[2.67689,49.57992],[2.67084,49.58147],[2.67146,49.59863],[2.6718,49.60002],[2.67421,49.60006]]]]}},{"type":"Feature","properties":{"code":"60295","nom":"Halloy","departement":"60","region":"32"},"geometry":{"type":"MultiPolygon","coordinates":[[[[1.94851,49.65274],[1.94756,49.65222],[1.9497,49.64796],[1.95618,49.64415],[1.95823,49.64249],[1.9453,49.64112],[1.94519,49.64168],[1.93865,49.64236],[1.93893,49.63844],[1.92666,49.64274],[1.92675,49.65332],[1.91777,49.65523],[1.91387,49.65947],[1.91691,49.6601],[1.93137,49.66018],[1.94851,49.65274]]]]}},{"type":"Feature","properties":{"code":"60296","nom":"Hannaches","departement":"60","region":"32"},"geometry":{"type":"MultiPolygon","coordinates":[[[[1.83559,49.51445],[1.83534,49.51203],[1.83218,49.50756],[1.81897,49.49757],[1.81406,49.49041],[1.78899,49.49043],[1.78754,49.49347],[1.78905,49.50113],[1.78755,49.50653],[1.78739,49.51159],[1.78885,49.51692],[1.79744,49.52228],[1.80364,49.52502],[1.80491,49.52619],[1.82044,49.52661],[1.82739,49.5175],[1.835,49.51718],[1.83559,49.51445]]]]}},{"type":"Feature","properties":{"code":"60297","nom":"Le Hamel","departement":"60","region":"32"},"geometry":{"type":"MultiPolygon","coordinates":[[[[2.03069,49.65877],[2.03372,49.65976],[2.04442,49.65896],[2.04443,49.65852],[2.04478,49.65578],[2.03606,49.64427],[2.02261,49.63928],[2.01442,49.63539],[2.01111,49.63251],[2.00807,49.62987],[1.99758,49.62575],[1.99681,49.6348],[1.99398,49.64259],[1.98494,49.64471],[1.97508,49.64553],[1.97488,49.64892],[1.97821,49.65044],[1.98603,49.65145],[2.00229,49.65206],[2.0161,49.65412],[2.03069,49.65877]]]]}},{"type":"Feature","properties":{"code":"60298","nom":"Hanvoile","departement":"60","region":"32"},"geometry":{"type":"MultiPolygon","coordinates":[[[[1.86627,49.52063],[1.87232,49.52265],[1.87259,49.52113],[1.87471,49.52199],[1.87709,49.51978],[1.89821,49.51282],[1.90015,49.51345],[1.90855,49.5035],[1.9076,49.50298],[1.89649,49.50311],[1.89208,49.50465],[1.88979,49.50392],[1.88602,49.5022],[1.88021,49.49363],[1.87671,49.49388],[1.86552,49.49784],[1.86508,49.49944],[1.86851,49.49963],[1.86872,49.50069],[1.86644,49.51144],[1.85549,49.51294],[1.85373,49.51261],[1.85551,49.51751],[1.86113,49.51873],[1.86451,49.51743],[1.86701,49.51889],[1.86627,49.52063]]]]}},{"type":"Feature","properties":{"code":"60299","nom":"Hardivillers","departement":"60","region":"32"},"geometry":{"type":"MultiPolygon","coordinates":[[[[2.20269,49.61382],[2.20333,49.62652],[2.20554,49.62657],[2.20626,49.63437],[2.20887,49.63425],[2.20931,49.63112],[2.22655,49.63277],[2.23269,49.63253],[2.24154,49.63431],[2.24366,49.63247],[2.24645,49.62539],[2.25437,49.61558],[2.23389,49.60993],[2.22807,49.60432],[2.22795,49.60235],[2.21915,49.60373],[2.20028,49.6036],[2.20269,49.61382]]]]}},{"type":"Feature","properties":{"code":"60301","nom":"Haucourt","departement":"60","region":"32"},"geometry":{"type":"MultiPolygon","coordinates":[[[[1.90994,49.50267],[1.92743,49.51496],[1.94352,49.51494],[1.94731,49.51357],[1.94335,49.50467],[1.93151,49.49758],[1.92886,49.49725],[1.92729,49.4978],[1.92229,49.4937],[1.91654,49.49709],[1.90994,49.50267]]]]}},{"type":"Feature","properties":{"code":"60302","nom":"Haudivillers","departement":"60","region":"32"},"geometry":{"type":"MultiPolygon","coordinates":[[[[2.21244,49.47505],[2.21303,49.47775],[2.21368,49.48025],[2.23123,49.49921],[2.22987,49.50034],[2.23331,49.50035],[2.23761,49.50251],[2.24386,49.50851],[2.25085,49.50671],[2.24612,49.50176],[2.24962,49.49907],[2.26069,49.49634],[2.2646,49.49661],[2.26645,49.49592],[2.26394,49.48654],[2.25643,49.475],[2.24517,49.46989],[2.2472,49.4659],[2.24168,49.46471],[2.23925,49.47186],[2.23619,49.47353],[2.22651,49.47465],[2.21244,49.47505]]]]}},{"type":"Feature","properties":{"code":"60303","nom":"Hautbos","departement":"60","region":"32"},"geometry":{"type":"MultiPolygon","coordinates":[[[[1.8666,49.63788],[1.88832,49.6315],[1.89055,49.62992],[1.89403,49.62668],[1.89275,49.62611],[1.88874,49.626],[1.88055,49.62194],[1.87942,49.6204],[1.88012,49.61696],[1.87848,49.61676],[1.86756,49.62431],[1.86557,49.62467],[1.85532,49.62149],[1.8452,49.62761],[1.85462,49.63102],[1.85878,49.63428],[1.86011,49.63732],[1.86183,49.63854],[1.86418,49.63908],[1.8666,49.63788]]]]}},{"type":"Feature","properties":{"code":"60323","nom":"Janville","departement":"60","region":"32"},"geometry":{"type":"MultiPolygon","coordinates":[[[[2.86622,49.44858],[2.86363,49.44869],[2.8505,49.45397],[2.84877,49.45525],[2.84872,49.45741],[2.8612,49.45985],[2.86534,49.4553],[2.86696,49.45006],[2.86622,49.44858]]]]}},{"type":"Feature","properties":{"code":"60304","nom":"Haute-Épine","departement":"60","region":"32"},"geometry":{"type":"MultiPolygon","coordinates":[[[[2.04096,49.58049],[2.03565,49.57782],[2.03362,49.5781],[2.0145,49.57637],[2.0019,49.57379],[1.98699,49.56514],[1.98399,49.58382],[1.98281,49.58519],[1.9985,49.59028],[2.00227,49.59298],[2.00326,49.59506],[2.00156,49.59974],[2.00701,49.60062],[2.01848,49.59059],[2.04096,49.58049]]]]}},{"type":"Feature","properties":{"code":"60305","nom":"Hautefontaine","departement":"60","region":"32"},"geometry":{"type":"MultiPolygon","coordinates":[[[[3.03731,49.36338],[3.04203,49.36693],[3.04592,49.37175],[3.04535,49.37265],[3.05667,49.37262],[3.07202,49.37611],[3.07291,49.37454],[3.07724,49.37507],[3.08043,49.37397],[3.0771,49.37147],[3.07692,49.35559],[3.07548,49.35575],[3.07511,49.34905],[3.07396,49.34808],[3.06883,49.34748],[3.05569,49.35715],[3.04592,49.36097],[3.03731,49.36338]]]]}},{"type":"Feature","properties":{"code":"60306","nom":"Hécourt","departement":"60","region":"32"},"geometry":{"type":"MultiPolygon","coordinates":[[[[1.78755,49.50653],[1.78717,49.50607],[1.7838,49.50728],[1.77153,49.51305],[1.76972,49.51317],[1.76824,49.51209],[1.75865,49.51498],[1.75463,49.51833],[1.75495,49.51965],[1.75575,49.52235],[1.76253,49.52971],[1.77572,49.53786],[1.77784,49.53891],[1.7983,49.53816],[1.8028,49.53646],[1.80353,49.53535],[1.80479,49.53328],[1.80271,49.52557],[1.80364,49.52502],[1.79744,49.52228],[1.78885,49.51692],[1.78739,49.51159],[1.78755,49.50653]]]]}},{"type":"Feature","properties":{"code":"60307","nom":"Heilles","departement":"60","region":"32"},"geometry":{"type":"MultiPolygon","coordinates":[[[[2.2712,49.31604],[2.2656,49.3194],[2.25367,49.3303],[2.25093,49.331],[2.25491,49.34124],[2.259,49.3466],[2.2639,49.34536],[2.26989,49.34529],[2.27902,49.34369],[2.28668,49.34068],[2.29013,49.33943],[2.29187,49.3376],[2.29024,49.33585],[2.28763,49.33496],[2.28327,49.32697],[2.27634,49.31787],[2.2712,49.31604]]]]}},{"type":"Feature","properties":{"code":"60308","nom":"Hémévillers","departement":"60","region":"32"},"geometry":{"type":"MultiPolygon","coordinates":[[[[2.65432,49.45568],[2.66319,49.47152],[2.66033,49.47877],[2.65744,49.47945],[2.66125,49.48669],[2.66464,49.48893],[2.67126,49.48935],[2.69079,49.48323],[2.69585,49.47635],[2.68641,49.472],[2.68392,49.46824],[2.68414,49.46284],[2.6819,49.46033],[2.67949,49.4596],[2.66952,49.45458],[2.66197,49.45338],[2.65425,49.4552],[2.65432,49.45568]]]]}},{"type":"Feature","properties":{"code":"60309","nom":"Hénonville","departement":"60","region":"32"},"geometry":{"type":"MultiPolygon","coordinates":[[[[2.03523,49.21354],[2.0367,49.21362],[2.05308,49.22356],[2.05607,49.22445],[2.05627,49.22091],[2.06507,49.21852],[2.07171,49.21853],[2.08017,49.22106],[2.08426,49.21744],[2.08229,49.21513],[2.08074,49.21072],[2.07481,49.20884],[2.07263,49.20618],[2.06684,49.20286],[2.03824,49.19238],[2.03705,49.19341],[2.03733,49.20439],[2.03523,49.21354]]]]}},{"type":"Feature","properties":{"code":"60310","nom":"Herchies","departement":"60","region":"32"},"geometry":{"type":"MultiPolygon","coordinates":[[[[1.98377,49.48427],[1.98997,49.4945],[1.99452,49.49182],[2.01274,49.48784],[2.01993,49.48494],[2.02407,49.47827],[2.01871,49.47565],[2.00942,49.47261],[2.0062,49.47359],[1.99289,49.47551],[1.98841,49.47796],[1.9865,49.47999],[1.98758,49.48388],[1.98377,49.48427]]]]}},{"type":"Feature","properties":{"code":"60311","nom":"La Hérelle","departement":"60","region":"32"},"geometry":{"type":"MultiPolygon","coordinates":[[[[2.41811,49.61151],[2.42203,49.61422],[2.42943,49.61589],[2.43146,49.6127],[2.43164,49.60666],[2.43757,49.60238],[2.43637,49.60037],[2.44216,49.59947],[2.43994,49.59699],[2.43299,49.59243],[2.42836,49.5932],[2.41656,49.58436],[2.40327,49.58633],[2.40286,49.58587],[2.39708,49.58978],[2.40301,49.59332],[2.41664,49.60403],[2.41988,49.6074],[2.41811,49.61151]]]]}},{"type":"Feature","properties":{"code":"60312","nom":"Héricourt-sur-Thérain","departement":"60","region":"32"},"geometry":{"type":"MultiPolygon","coordinates":[[[[1.77362,49.60447],[1.76986,49.60034],[1.77518,49.59616],[1.77717,49.59017],[1.77502,49.58484],[1.77528,49.58232],[1.77263,49.57985],[1.76685,49.57831],[1.76,49.57761],[1.75247,49.57352],[1.74472,49.58024],[1.74381,49.58251],[1.76264,49.59642],[1.76348,49.59553],[1.76616,49.59666],[1.76861,49.60095],[1.76791,49.60129],[1.77204,49.605],[1.77362,49.60447]]]]}},{"type":"Feature","properties":{"code":"60313","nom":"Hermes","departement":"60","region":"32"},"geometry":{"type":"MultiPolygon","coordinates":[[[[2.23445,49.36264],[2.23511,49.36514],[2.23658,49.36488],[2.23855,49.36624],[2.23705,49.36921],[2.25122,49.37346],[2.26506,49.38139],[2.26634,49.38253],[2.26611,49.38383],[2.27054,49.38664],[2.27645,49.38791],[2.28029,49.37127],[2.2773,49.36974],[2.27875,49.36902],[2.27525,49.36482],[2.2742,49.36482],[2.27234,49.35038],[2.26989,49.34529],[2.2639,49.34536],[2.259,49.3466],[2.25491,49.34124],[2.25093,49.331],[2.23424,49.33863],[2.23285,49.34152],[2.23475,49.34872],[2.2409,49.35335],[2.24137,49.3549],[2.23788,49.36218],[2.2369,49.36293],[2.23445,49.36264]]]]}},{"type":"Feature","properties":{"code":"60314","nom":"Hétomesnil","departement":"60","region":"32"},"geometry":{"type":"MultiPolygon","coordinates":[[[[2.01111,49.63251],[2.01442,49.63539],[2.02261,49.63928],[2.03606,49.64427],[2.05098,49.64348],[2.05232,49.64093],[2.05776,49.6386],[2.06612,49.63818],[2.06744,49.63631],[2.0757,49.63408],[2.07613,49.63354],[2.06731,49.62897],[2.06623,49.62962],[2.0593,49.62629],[2.04554,49.62233],[2.03268,49.62001],[2.02395,49.61941],[2.0217,49.62044],[2.02162,49.62643],[2.01111,49.63251]]]]}},{"type":"Feature","properties":{"code":"60315","nom":"Hodenc-en-Bray","departement":"60","region":"32"},"geometry":{"type":"MultiPolygon","coordinates":[[[[1.88525,49.46662],[1.88471,49.46731],[1.89118,49.48209],[1.89116,49.48362],[1.88927,49.48432],[1.89254,49.48848],[1.90806,49.4909],[1.90955,49.4879],[1.90987,49.48696],[1.9152,49.48639],[1.93858,49.47879],[1.93753,49.478],[1.93216,49.4729],[1.93002,49.46906],[1.93359,49.4592],[1.93448,49.45275],[1.93033,49.45083],[1.92785,49.45211],[1.92674,49.45459],[1.92894,49.45966],[1.92704,49.46235],[1.92373,49.46351],[1.913,49.46167],[1.90854,49.45921],[1.88946,49.45709],[1.8877,49.45742],[1.88904,49.45878],[1.88525,49.46662]]]]}},{"type":"Feature","properties":{"code":"60316","nom":"Hodenc-l'Évêque","departement":"60","region":"32"},"geometry":{"type":"MultiPolygon","coordinates":[[[[2.14555,49.35042],[2.16076,49.34056],[2.15937,49.34006],[2.15946,49.33854],[2.1626,49.33642],[2.16291,49.33459],[2.15799,49.33459],[2.1438,49.33266],[2.13654,49.33054],[2.12245,49.32165],[2.1203,49.32308],[2.1193,49.32582],[2.11754,49.32657],[2.13003,49.33405],[2.13678,49.33971],[2.14555,49.35042]]]]}},{"type":"Feature","properties":{"code":"60317","nom":"Hondainville","departement":"60","region":"32"},"geometry":{"type":"MultiPolygon","coordinates":[[[[2.29024,49.33585],[2.29187,49.3376],[2.29013,49.33943],[2.28668,49.34068],[2.29625,49.34606],[2.29925,49.34991],[2.30004,49.35871],[2.2983,49.35997],[2.30816,49.36755],[2.30603,49.36451],[2.30649,49.35916],[2.31568,49.35427],[2.32836,49.35062],[2.3289,49.3492],[2.31987,49.338],[2.31892,49.33455],[2.31926,49.32944],[2.31605,49.32557],[2.29024,49.33585]]]]}},{"type":"Feature","properties":{"code":"60318","nom":"Houdancourt","departement":"60","region":"32"},"geometry":{"type":"MultiPolygon","coordinates":[[[[2.67222,49.32016],[2.65349,49.32353],[2.64883,49.32668],[2.63912,49.32777],[2.63465,49.32763],[2.62962,49.32583],[2.62444,49.332],[2.63196,49.3381],[2.63229,49.34698],[2.64712,49.35656],[2.6496,49.35821],[2.65399,49.35928],[2.65517,49.35692],[2.66001,49.32847],[2.66767,49.32512],[2.67187,49.32449],[2.67609,49.32547],[2.67222,49.32016]]]]}},{"type":"Feature","properties":{"code":"60319","nom":"La Houssoye","departement":"60","region":"32"},"geometry":{"type":"MultiPolygon","coordinates":[[[[1.92571,49.36191],[1.9282,49.36266],[1.93563,49.36782],[1.9444,49.36777],[1.94637,49.36913],[1.9738,49.35205],[1.97065,49.34769],[1.96755,49.34422],[1.96028,49.34723],[1.95528,49.34724],[1.95274,49.34208],[1.95031,49.3406],[1.94559,49.33935],[1.9442,49.33939],[1.93334,49.35159],[1.92751,49.35645],[1.92571,49.36191]]]]}},{"type":"Feature","properties":{"code":"60320","nom":"Ivors","departement":"60","region":"32"},"geometry":{"type":"MultiPolygon","coordinates":[[[[2.99329,49.1941],[2.99634,49.18948],[2.99663,49.18688],[2.989,49.18852],[2.99329,49.1941]]],[[[2.9998,49.18935],[2.99657,49.19094],[2.99594,49.19202],[3.00075,49.1908],[2.9998,49.18935]]],[[[3.03004,49.18303],[3.02768,49.18625],[3.0286,49.19055],[3.02638,49.19243],[3.02452,49.19249],[3.01788,49.18968],[3.01527,49.18806],[3.01273,49.18457],[3.01019,49.18442],[3.0055,49.18568],[3.00231,49.18817],[2.99909,49.20769],[2.99559,49.20911],[2.99932,49.21291],[3.00216,49.21443],[3.01768,49.21703],[3.02934,49.21383],[3.03245,49.21109],[3.03508,49.2058],[3.03335,49.20551],[3.03183,49.20247],[3.04252,49.1846],[3.03489,49.18363],[3.03004,49.18303]]]]}},{"type":"Feature","properties":{"code":"60321","nom":"Ivry-le-Temple","departement":"60","region":"32"},"geometry":{"type":"MultiPolygon","coordinates":[[[[2.03523,49.21354],[2.02238,49.21843],[2.02128,49.22306],[2.01581,49.22552],[2.00469,49.22638],[1.98963,49.2236],[1.99215,49.22817],[1.99293,49.23542],[1.99593,49.23847],[2.01047,49.24782],[2.0141,49.2487],[2.02401,49.24766],[2.02354,49.2461],[2.02564,49.24363],[2.02924,49.24264],[2.04602,49.24073],[2.05426,49.24116],[2.06302,49.2438],[2.06441,49.24277],[2.06784,49.23558],[2.06854,49.23081],[2.06372,49.22563],[2.05971,49.22635],[2.05563,49.22576],[2.05607,49.22445],[2.05308,49.22356],[2.0367,49.21362],[2.03523,49.21354]]]]}},{"type":"Feature","properties":{"code":"60322","nom":"Jaméricourt","departement":"60","region":"32"},"geometry":{"type":"MultiPolygon","coordinates":[[[[1.88974,49.31111],[1.89259,49.30922],[1.88942,49.30311],[1.88581,49.29936],[1.88314,49.29872],[1.88306,49.29812],[1.88093,49.29634],[1.86439,49.28932],[1.86256,49.28979],[1.8563,49.29208],[1.85966,49.293],[1.85902,49.29698],[1.86008,49.30141],[1.86175,49.30333],[1.87093,49.31189],[1.87808,49.31487],[1.88974,49.31111]]]]}},{"type":"Feature","properties":{"code":"60325","nom":"Jaux","departement":"60","region":"32"},"geometry":{"type":"MultiPolygon","coordinates":[[[[2.74987,49.38718],[2.74667,49.40312],[2.75095,49.4107],[2.75373,49.41095],[2.76462,49.41063],[2.77312,49.40952],[2.79022,49.40553],[2.79509,49.40348],[2.78739,49.39843],[2.78356,49.39594],[2.77918,49.38623],[2.77669,49.38266],[2.77696,49.37636],[2.76181,49.37769],[2.75721,49.37925],[2.75386,49.38504],[2.74987,49.38718]]]]}},{"type":"Feature","properties":{"code":"60326","nom":"Jonquières","departement":"60","region":"32"},"geometry":{"type":"MultiPolygon","coordinates":[[[[2.72285,49.3797],[2.72045,49.39635],[2.71529,49.40537],[2.72346,49.40701],[2.73096,49.41136],[2.72765,49.41362],[2.73506,49.41733],[2.73791,49.42036],[2.74192,49.41814],[2.74815,49.41672],[2.7509,49.41272],[2.75095,49.4107],[2.74667,49.40312],[2.74987,49.38718],[2.74703,49.38791],[2.73393,49.38032],[2.72771,49.37906],[2.7255,49.37999],[2.7236,49.37967],[2.72285,49.3797]]]]}},{"type":"Feature","properties":{"code":"60327","nom":"Jouy-sous-Thelle","departement":"60","region":"32"},"geometry":{"type":"MultiPolygon","coordinates":[[[[1.95181,49.29881],[1.95066,49.29916],[1.95289,49.30267],[1.952,49.30661],[1.94967,49.31062],[1.93868,49.31974],[1.93104,49.32488],[1.92782,49.32611],[1.93237,49.32824],[1.94559,49.33935],[1.95031,49.3406],[1.95274,49.34208],[1.95528,49.34724],[1.96028,49.34723],[1.96755,49.34422],[1.96447,49.34094],[1.9606,49.33317],[1.96474,49.33139],[1.96806,49.3309],[1.98328,49.33045],[1.99869,49.32622],[1.99055,49.3199],[1.98431,49.31347],[1.98001,49.30675],[1.97095,49.30231],[1.96911,49.30335],[1.96277,49.3023],[1.95743,49.29952],[1.95364,49.29855],[1.95181,49.29881]]]]}},{"type":"Feature","properties":{"code":"60328","nom":"Juvignies","departement":"60","region":"32"},"geometry":{"type":"MultiPolygon","coordinates":[[[[2.07088,49.53702],[2.07447,49.53781],[2.08054,49.53797],[2.08424,49.53554],[2.09357,49.5402],[2.09775,49.53778],[2.10234,49.53703],[2.10962,49.53305],[2.11304,49.53065],[2.10695,49.52566],[2.10938,49.51904],[2.11505,49.5127],[2.114,49.51087],[2.09948,49.51263],[2.0793,49.50682],[2.07524,49.51171],[2.07587,49.52894],[2.07088,49.53702]]]]}},{"type":"Feature","properties":{"code":"60329","nom":"Laberlière","departement":"60","region":"32"},"geometry":{"type":"MultiPolygon","coordinates":[[[[2.75363,49.56808],[2.75045,49.58081],[2.74786,49.58395],[2.7489,49.58458],[2.75684,49.58643],[2.77592,49.58105],[2.77736,49.57956],[2.77782,49.57246],[2.77607,49.5674],[2.76375,49.5654],[2.75563,49.56504],[2.75553,49.56697],[2.75363,49.56808]]]]}},{"type":"Feature","properties":{"code":"60330","nom":"Laboissière-en-Thelle","departement":"60","region":"32"},"geometry":{"type":"MultiPolygon","coordinates":[[[[2.17366,49.26991],[2.17105,49.27148],[2.16281,49.27292],[2.1613,49.26941],[2.15898,49.27332],[2.15242,49.27979],[2.14217,49.27679],[2.13992,49.2763],[2.12667,49.27838],[2.12242,49.28511],[2.12692,49.29924],[2.12705,49.29971],[2.13296,49.29901],[2.13763,49.29959],[2.14127,49.29949],[2.14658,49.29812],[2.15298,49.29456],[2.1542,49.29463],[2.16094,49.29602],[2.16886,49.30443],[2.17511,49.30229],[2.17172,49.29372],[2.17588,49.28793],[2.17877,49.28691],[2.17511,49.27186],[2.17366,49.26991]]]]}},{"type":"Feature","properties":{"code":"60331","nom":"Labosse","departement":"60","region":"32"},"geometry":{"type":"MultiPolygon","coordinates":[[[[1.90981,49.33279],[1.89228,49.32613],[1.88924,49.32812],[1.89044,49.3288],[1.88737,49.33951],[1.88207,49.34896],[1.86343,49.35444],[1.86413,49.36633],[1.88534,49.36993],[1.89685,49.37006],[1.90754,49.3749],[1.91842,49.37028],[1.92571,49.36191],[1.92751,49.35645],[1.93334,49.35159],[1.91703,49.34621],[1.91204,49.34292],[1.91079,49.33959],[1.91391,49.33622],[1.91133,49.33321],[1.90981,49.33279]]]]}},{"type":"Feature","properties":{"code":"60332","nom":"Labruyère","departement":"60","region":"32"},"geometry":{"type":"MultiPolygon","coordinates":[[[[2.49829,49.36],[2.51414,49.36044],[2.51397,49.35553],[2.52301,49.34892],[2.52425,49.34383],[2.49014,49.34726],[2.49421,49.35412],[2.4972,49.35643],[2.49829,49.36]]]]}},{"type":"Feature","properties":{"code":"60333","nom":"Lachapelle-aux-Pots","departement":"60","region":"32"},"geometry":{"type":"MultiPolygon","coordinates":[[[[1.95537,49.44739],[1.94897,49.43283],[1.94904,49.43187],[1.93559,49.4324],[1.9213,49.43591],[1.91436,49.44103],[1.90987,49.44094],[1.88967,49.44446],[1.88811,49.45511],[1.887,49.45685],[1.8877,49.45742],[1.88946,49.45709],[1.90854,49.45921],[1.913,49.46167],[1.92373,49.46351],[1.92704,49.46235],[1.92894,49.45966],[1.92674,49.45459],[1.92785,49.45211],[1.93033,49.45083],[1.93448,49.45275],[1.95285,49.44751],[1.95537,49.44739]]]]}},{"type":"Feature","properties":{"code":"60334","nom":"Lachapelle-Saint-Pierre","departement":"60","region":"32"},"geometry":{"type":"MultiPolygon","coordinates":[[[[2.21997,49.25543],[2.22611,49.25682],[2.228,49.2615],[2.22174,49.26388],[2.22065,49.26563],[2.22609,49.27721],[2.22887,49.27958],[2.23582,49.28262],[2.23654,49.28223],[2.24219,49.28065],[2.24576,49.27828],[2.25922,49.27159],[2.2512,49.26753],[2.2465,49.26692],[2.24144,49.26204],[2.23647,49.25605],[2.23634,49.25475],[2.22231,49.25451],[2.21997,49.25543]]]]}},{"type":"Feature","properties":{"code":"60335","nom":"Lachapelle-sous-Gerberoy","departement":"60","region":"32"},"geometry":{"type":"MultiPolygon","coordinates":[[[[1.88285,49.56019],[1.8953,49.54913],[1.88012,49.54023],[1.87462,49.53172],[1.87232,49.52265],[1.86627,49.52063],[1.86439,49.52095],[1.86294,49.52341],[1.86062,49.52791],[1.86085,49.53008],[1.85805,49.54148],[1.85859,49.54275],[1.86667,49.54507],[1.87338,49.54978],[1.87745,49.55336],[1.88285,49.56019]]]]}},{"type":"Feature","properties":{"code":"60336","nom":"Lachaussée-du-Bois-d'Écu","departement":"60","region":"32"},"geometry":{"type":"MultiPolygon","coordinates":[[[[2.15142,49.55982],[2.15109,49.56017],[2.16345,49.57174],[2.17679,49.57429],[2.17716,49.57564],[2.18299,49.5748],[2.18859,49.5709],[2.194,49.5644],[2.19917,49.56138],[2.19219,49.55742],[2.18964,49.55043],[2.19078,49.54767],[2.17785,49.5517],[2.15855,49.55521],[2.15142,49.55982]]]]}},{"type":"Feature","properties":{"code":"60337","nom":"Lachelle","departement":"60","region":"32"},"geometry":{"type":"MultiPolygon","coordinates":[[[[2.73791,49.42036],[2.73964,49.42429],[2.73652,49.42871],[2.7284,49.43125],[2.72438,49.44163],[2.7312,49.45398],[2.73658,49.45602],[2.74773,49.44988],[2.75159,49.44659],[2.75393,49.44318],[2.76409,49.44061],[2.77143,49.44036],[2.77435,49.43958],[2.77337,49.43792],[2.76472,49.42462],[2.75378,49.4121],[2.75373,49.41095],[2.75095,49.4107],[2.7509,49.41272],[2.74815,49.41672],[2.74192,49.41814],[2.73791,49.42036]]]]}},{"type":"Feature","properties":{"code":"60338","nom":"Lacroix-Saint-Ouen","departement":"60","region":"32"},"geometry":{"type":"MultiPolygon","coordinates":[[[[2.76441,49.36079],[2.77485,49.37273],[2.77696,49.37636],[2.77669,49.38266],[2.77918,49.38623],[2.79191,49.38151],[2.79299,49.38197],[2.80633,49.36682],[2.84127,49.36734],[2.84371,49.34909],[2.75766,49.33133],[2.75444,49.32873],[2.74987,49.33475],[2.75297,49.34038],[2.75698,49.34322],[2.75647,49.34387],[2.758,49.34423],[2.76398,49.34787],[2.767,49.35293],[2.76441,49.36079]]]]}},{"type":"Feature","properties":{"code":"60339","nom":"Lafraye","departement":"60","region":"32"},"geometry":{"type":"MultiPolygon","coordinates":[[[[2.19671,49.48795],[2.19929,49.49416],[2.19806,49.49974],[2.20172,49.50442],[2.20619,49.5074],[2.2035,49.5095],[2.20701,49.51115],[2.22032,49.50828],[2.22987,49.50034],[2.23123,49.49921],[2.21368,49.48025],[2.21303,49.47775],[2.20933,49.47822],[2.19788,49.48374],[2.19459,49.4871],[2.19671,49.48795]]],[[[2.21889,49.51086],[2.22228,49.50962],[2.22142,49.50908],[2.21822,49.51034],[2.21889,49.51086]]]]}},{"type":"Feature","properties":{"code":"60340","nom":"Lagny","departement":"60","region":"32"},"geometry":{"type":"MultiPolygon","coordinates":[[[[2.92938,49.59821],[2.9231,49.59681],[2.9158,49.59375],[2.91052,49.59273],[2.90915,49.59503],[2.9046,49.59645],[2.90448,49.5958],[2.88874,49.60268],[2.88511,49.60639],[2.88242,49.61341],[2.9013,49.61929],[2.92031,49.62905],[2.93093,49.62288],[2.94774,49.61281],[2.93984,49.60523],[2.93446,49.60045],[2.92938,49.59821]]]]}},{"type":"Feature","properties":{"code":"60341","nom":"Lagny-le-Sec","departement":"60","region":"32"},"geometry":{"type":"MultiPolygon","coordinates":[[[[2.76096,49.06312],[2.75531,49.06134],[2.73482,49.06053],[2.72493,49.07564],[2.72418,49.08067],[2.72553,49.08825],[2.72806,49.09377],[2.73533,49.10121],[2.73652,49.10041],[2.74316,49.09581],[2.76872,49.08313],[2.77971,49.07842],[2.78392,49.0737],[2.77787,49.07026],[2.76096,49.06312]]]]}},{"type":"Feature","properties":{"code":"60342","nom":"Laigneville","departement":"60","region":"32"},"geometry":{"type":"MultiPolygon","coordinates":[[[[2.45653,49.3102],[2.45843,49.30032],[2.45656,49.28882],[2.4433,49.28089],[2.43516,49.28463],[2.43384,49.28484],[2.43309,49.28393],[2.42322,49.28509],[2.41832,49.28729],[2.41095,49.29168],[2.40867,49.2962],[2.41114,49.29668],[2.4114,49.30082],[2.40722,49.30319],[2.42585,49.30835],[2.44046,49.31022],[2.45653,49.3102]]]]}},{"type":"Feature","properties":{"code":"60343","nom":"Lalande-en-Son","departement":"60","region":"32"},"geometry":{"type":"MultiPolygon","coordinates":[[[[1.80427,49.40211],[1.80738,49.40076],[1.80748,49.39612],[1.80102,49.38651],[1.79685,49.38153],[1.78639,49.37931],[1.78012,49.37694],[1.7765,49.37948],[1.77269,49.37965],[1.76481,49.37738],[1.76494,49.38461],[1.76798,49.39533],[1.77031,49.39708],[1.77183,49.3968],[1.78566,49.3997],[1.80427,49.40211]]]]}},{"type":"Feature","properties":{"code":"60344","nom":"Lalandelle","departement":"60","region":"32"},"geometry":{"type":"MultiPolygon","coordinates":[[[[1.90008,49.39785],[1.89233,49.38461],[1.88746,49.38579],[1.88575,49.38111],[1.88534,49.36993],[1.86413,49.36633],[1.85889,49.37032],[1.85309,49.37296],[1.84742,49.37397],[1.83801,49.37914],[1.84085,49.3804],[1.84833,49.38187],[1.85986,49.38763],[1.86318,49.39139],[1.8587,49.39803],[1.86736,49.40864],[1.87284,49.40893],[1.87716,49.40918],[1.88952,49.40493],[1.89486,49.3995],[1.90008,49.39785]]]]}},{"type":"Feature","properties":{"code":"60345","nom":"Lamécourt","departement":"60","region":"32"},"geometry":{"type":"MultiPolygon","coordinates":[[[[2.44538,49.43107],[2.45073,49.42922],[2.45761,49.43697],[2.46007,49.44039],[2.46396,49.44005],[2.48158,49.43551],[2.48241,49.4344],[2.47902,49.42256],[2.47825,49.42041],[2.47329,49.42208],[2.46342,49.42503],[2.44369,49.42603],[2.44218,49.42542],[2.44175,49.42584],[2.44629,49.42952],[2.44538,49.43107]]]]}},{"type":"Feature","properties":{"code":"60346","nom":"Lamorlaye","departement":"60","region":"32"},"geometry":{"type":"MultiPolygon","coordinates":[[[[2.43714,49.17123],[2.43918,49.1703],[2.44258,49.17011],[2.44787,49.16622],[2.45385,49.15992],[2.45921,49.15658],[2.46145,49.15819],[2.46202,49.16109],[2.46786,49.16198],[2.48289,49.15798],[2.47207,49.15534],[2.46113,49.15008],[2.44901,49.14603],[2.44078,49.14591],[2.42887,49.14888],[2.41312,49.15242],[2.40176,49.15126],[2.3924,49.15272],[2.37331,49.15937],[2.37134,49.1618],[2.37022,49.16613],[2.37406,49.17309],[2.375,49.17617],[2.37857,49.17493],[2.37984,49.17333],[2.43382,49.17058],[2.43398,49.16975],[2.43714,49.17123]]]]}},{"type":"Feature","properties":{"code":"60347","nom":"Lannoy-Cuillère","departement":"60","region":"32"},"geometry":{"type":"MultiPolygon","coordinates":[[[[1.74589,49.73874],[1.76771,49.73163],[1.76718,49.73032],[1.77217,49.71601],[1.77057,49.71436],[1.76968,49.71264],[1.77126,49.71016],[1.7651,49.70596],[1.75637,49.70149],[1.75003,49.70026],[1.74502,49.69823],[1.74216,49.70187],[1.7391,49.70112],[1.73078,49.69775],[1.72615,49.69485],[1.7219,49.69158],[1.71956,49.68843],[1.71154,49.68566],[1.70263,49.68433],[1.69546,49.69063],[1.69038,49.69398],[1.68893,49.69394],[1.68919,49.69495],[1.70087,49.70205],[1.70911,49.70612],[1.71506,49.71269],[1.71481,49.71383],[1.71799,49.71447],[1.7268,49.7134],[1.7345,49.71619],[1.74611,49.72482],[1.74761,49.72907],[1.74329,49.73234],[1.74289,49.73842],[1.74589,49.73874]]]]}},{"type":"Feature","properties":{"code":"60348","nom":"Larbroye","departement":"60","region":"32"},"geometry":{"type":"MultiPolygon","coordinates":[[[[2.95303,49.56279],[2.94684,49.57088],[2.95551,49.57178],[2.95248,49.57437],[2.95936,49.57962],[2.96121,49.57877],[2.96883,49.57883],[2.97128,49.57813],[2.97034,49.57625],[2.97144,49.57306],[2.97035,49.56926],[2.96948,49.56601],[2.95985,49.56347],[2.95303,49.56279]]]]}},{"type":"Feature","properties":{"code":"60350","nom":"Lassigny","departement":"60","region":"32"},"geometry":{"type":"MultiPolygon","coordinates":[[[[2.81827,49.61493],[2.81576,49.61642],[2.81969,49.61832],[2.8342,49.61764],[2.83999,49.61842],[2.84625,49.6221],[2.84537,49.6261],[2.85216,49.62448],[2.85651,49.62234],[2.86708,49.61479],[2.87629,49.61429],[2.87617,49.61332],[2.87014,49.60932],[2.86729,49.60534],[2.86565,49.59953],[2.86866,49.5943],[2.86771,49.58801],[2.85227,49.57453],[2.83318,49.57979],[2.81849,49.58505],[2.81186,49.58986],[2.8234,49.60217],[2.82349,49.60679],[2.82088,49.61311],[2.81827,49.61493]]]]}},{"type":"Feature","properties":{"code":"60351","nom":"Lataule","departement":"60","region":"32"},"geometry":{"type":"MultiPolygon","coordinates":[[[[2.66754,49.53417],[2.66914,49.53669],[2.66354,49.54551],[2.65643,49.54578],[2.65691,49.55121],[2.65369,49.55299],[2.65702,49.55726],[2.66764,49.5573],[2.66903,49.55307],[2.67607,49.54758],[2.68041,49.54837],[2.68768,49.54727],[2.69644,49.54373],[2.69812,49.53184],[2.69685,49.52956],[2.67959,49.5287],[2.67949,49.52149],[2.67719,49.51722],[2.67151,49.514],[2.67099,49.51475],[2.66918,49.51444],[2.66438,49.51625],[2.66032,49.52101],[2.666,49.52657],[2.66754,49.53417]]]]}},{"type":"Feature","properties":{"code":"60352","nom":"Lattainville","departement":"60","region":"32"},"geometry":{"type":"MultiPolygon","coordinates":[[[[1.7903,49.24682],[1.79042,49.24694],[1.79274,49.24557],[1.79547,49.24517],[1.8032,49.2452],[1.81489,49.25118],[1.81852,49.25118],[1.82364,49.24959],[1.82558,49.24798],[1.81346,49.23008],[1.81203,49.22959],[1.79511,49.23608],[1.7909,49.24385],[1.7903,49.24682]]]]}},{"type":"Feature","properties":{"code":"60353","nom":"Lavacquerie","departement":"60","region":"32"},"geometry":{"type":"MultiPolygon","coordinates":[[[[2.07547,49.67844],[2.07449,49.68015],[2.07648,49.68308],[2.08199,49.68713],[2.09117,49.69109],[2.09525,49.69285],[2.1033,49.69477],[2.11168,49.69391],[2.11487,49.69305],[2.12034,49.68858],[2.12421,49.68786],[2.12573,49.6835],[2.12272,49.68289],[2.12268,49.68075],[2.11099,49.66547],[2.09487,49.66478],[2.09362,49.66509],[2.08964,49.6716],[2.08239,49.67109],[2.07547,49.67844]]]]}},{"type":"Feature","properties":{"code":"60354","nom":"Laverrière","departement":"60","region":"32"},"geometry":{"type":"MultiPolygon","coordinates":[[[[2.02996,49.68814],[2.02709,49.68064],[2.01197,49.6773],[2.0037,49.67856],[1.98861,49.68893],[2.00975,49.69306],[2.02402,49.69337],[2.02708,49.68934],[2.02996,49.68814]]]]}},{"type":"Feature","properties":{"code":"60355","nom":"Laversines","departement":"60","region":"32"},"geometry":{"type":"MultiPolygon","coordinates":[[[[2.22569,49.44758],[2.23196,49.4371],[2.23264,49.43547],[2.21941,49.41962],[2.21751,49.40804],[2.21559,49.40351],[2.20612,49.40512],[2.19491,49.40927],[2.18722,49.41915],[2.18233,49.42081],[2.18327,49.42188],[2.17947,49.42433],[2.16811,49.42834],[2.15374,49.43208],[2.15339,49.43511],[2.16098,49.43564],[2.17805,49.44152],[2.19621,49.44565],[2.20775,49.44724],[2.22569,49.44758]]]]}},{"type":"Feature","properties":{"code":"60356","nom":"Lavilletertre","departement":"60","region":"32"},"geometry":{"type":"MultiPolygon","coordinates":[[[[1.91692,49.21068],[1.91934,49.2122],[1.92002,49.2114],[1.92382,49.21113],[1.9277,49.21172],[1.92893,49.21324],[1.94489,49.2076],[1.94864,49.20894],[1.95746,49.20054],[1.96119,49.19345],[1.9657,49.19315],[1.97131,49.1847],[1.97358,49.18386],[1.97166,49.18138],[1.96236,49.1746],[1.94974,49.17048],[1.93555,49.16981],[1.93437,49.17354],[1.93199,49.17929],[1.93008,49.17951],[1.92823,49.17785],[1.91609,49.17741],[1.89679,49.18533],[1.89511,49.18421],[1.89066,49.18721],[1.8957,49.19066],[1.90466,49.19418],[1.90828,49.1946],[1.91468,49.20627],[1.91559,49.20983],[1.91692,49.21068]]]]}},{"type":"Feature","properties":{"code":"60357","nom":"Léglantiers","departement":"60","region":"32"},"geometry":{"type":"MultiPolygon","coordinates":[[[[2.54975,49.48784],[2.54815,49.48666],[2.53029,49.48164],[2.52625,49.48143],[2.52411,49.48633],[2.50768,49.49842],[2.50952,49.50014],[2.52923,49.51388],[2.53171,49.5143],[2.54448,49.51507],[2.54522,49.51403],[2.54421,49.51355],[2.54402,49.51013],[2.54643,49.5093],[2.54795,49.50768],[2.54994,49.5032],[2.55152,49.48944],[2.54975,49.48784]]]]}},{"type":"Feature","properties":{"code":"60358","nom":"Lévignen","departement":"60","region":"32"},"geometry":{"type":"MultiPolygon","coordinates":[[[[2.902,49.2133],[2.91032,49.21359],[2.91531,49.21525],[2.92458,49.22026],[2.9449,49.20762],[2.95202,49.20549],[2.95274,49.20345],[2.9445,49.201],[2.94053,49.19814],[2.94155,49.19537],[2.94087,49.18964],[2.93828,49.18706],[2.92775,49.18508],[2.92086,49.18027],[2.91508,49.17564],[2.90838,49.17502],[2.9021,49.18049],[2.87956,49.18977],[2.87863,49.19432],[2.87353,49.19557],[2.87373,49.19608],[2.88233,49.19674],[2.88303,49.19565],[2.89647,49.19858],[2.90054,49.2067],[2.90103,49.2132],[2.902,49.2133]]]]}},{"type":"Feature","properties":{"code":"60359","nom":"Lhéraule","departement":"60","region":"32"},"geometry":{"type":"MultiPolygon","coordinates":[[[[1.92229,49.4937],[1.92729,49.4978],[1.92886,49.49725],[1.92996,49.49429],[1.94572,49.49012],[1.94687,49.48914],[1.94136,49.48873],[1.93914,49.49033],[1.93807,49.48919],[1.94359,49.48239],[1.94532,49.48171],[1.93858,49.47879],[1.9152,49.48639],[1.90987,49.48696],[1.90955,49.4879],[1.91413,49.4927],[1.9215,49.49259],[1.92229,49.4937]]]]}},{"type":"Feature","properties":{"code":"60360","nom":"Liancourt","departement":"60","region":"32"},"geometry":{"type":"MultiPolygon","coordinates":[[[[2.44887,49.32433],[2.44735,49.32709],[2.44888,49.33486],[2.45024,49.33518],[2.45595,49.33648],[2.45663,49.33442],[2.45844,49.33439],[2.47898,49.34253],[2.47977,49.34179],[2.48344,49.34369],[2.4863,49.34207],[2.48481,49.33994],[2.48046,49.33337],[2.48,49.32827],[2.47582,49.32348],[2.47275,49.32538],[2.4688,49.32286],[2.46471,49.31946],[2.45485,49.3156],[2.44887,49.32433]]]]}},{"type":"Feature","properties":{"code":"60361","nom":"Liancourt-Saint-Pierre","departement":"60","region":"32"},"geometry":{"type":"MultiPolygon","coordinates":[[[[1.91692,49.21068],[1.91231,49.21217],[1.89712,49.21436],[1.89274,49.21601],[1.89643,49.22292],[1.89243,49.22522],[1.88803,49.22655],[1.88625,49.23758],[1.88613,49.23889],[1.87943,49.24166],[1.87484,49.24504],[1.87573,49.24856],[1.89498,49.25457],[1.8995,49.25012],[1.90824,49.24656],[1.91869,49.24356],[1.91767,49.24192],[1.93595,49.23266],[1.9331,49.22679],[1.92893,49.21324],[1.9277,49.21172],[1.92382,49.21113],[1.92002,49.2114],[1.91934,49.2122],[1.91692,49.21068]]]]}},{"type":"Feature","properties":{"code":"60362","nom":"Libermont","departement":"60","region":"32"},"geometry":{"type":"MultiPolygon","coordinates":[[[[3.00803,49.69301],[3.00904,49.68712],[3.00702,49.68351],[3.00439,49.68113],[2.99661,49.67944],[2.99105,49.68355],[2.9878,49.68433],[2.98413,49.67429],[2.98578,49.66926],[2.97561,49.66711],[2.97092,49.66812],[2.96751,49.6735],[2.956,49.67799],[2.95355,49.67949],[2.94964,49.68541],[2.94966,49.69003],[2.95477,49.69342],[2.96726,49.69556],[2.97526,49.70249],[2.97733,49.70571],[2.98217,49.70423],[2.98707,49.70449],[2.98926,49.70528],[2.98943,49.70844],[2.99234,49.70802],[2.99696,49.70771],[3.00304,49.7016],[3.00803,49.69301]]]]}},{"type":"Feature","properties":{"code":"60363","nom":"Lierville","departement":"60","region":"32"},"geometry":{"type":"MultiPolygon","coordinates":[[[[1.91692,49.21068],[1.91559,49.20983],[1.91468,49.20627],[1.90828,49.1946],[1.90466,49.19418],[1.8957,49.19066],[1.89066,49.18721],[1.89511,49.18421],[1.87614,49.17505],[1.87346,49.17408],[1.87179,49.19425],[1.87326,49.19414],[1.87759,49.19606],[1.88239,49.20674],[1.89133,49.2134],[1.89274,49.21601],[1.89712,49.21436],[1.91231,49.21217],[1.91692,49.21068]]]]}},{"type":"Feature","properties":{"code":"60402","nom":"Le Meux","departement":"60","region":"32"},"geometry":{"type":"MultiPolygon","coordinates":[[[[2.76441,49.36079],[2.767,49.35293],[2.76398,49.34787],[2.758,49.34423],[2.74505,49.35731],[2.74172,49.35831],[2.73277,49.35646],[2.73091,49.3567],[2.73095,49.35722],[2.73177,49.36109],[2.7233,49.37565],[2.7236,49.37967],[2.7255,49.37999],[2.72771,49.37906],[2.73393,49.38032],[2.74703,49.38791],[2.74987,49.38718],[2.75386,49.38504],[2.75721,49.37925],[2.75564,49.37865],[2.75543,49.37719],[2.75555,49.36324],[2.75906,49.36111],[2.76441,49.36079]]]]}},{"type":"Feature","properties":{"code":"60364","nom":"Lieuvillers","departement":"60","region":"32"},"geometry":{"type":"MultiPolygon","coordinates":[[[[2.51428,49.46143],[2.51259,49.46258],[2.48738,49.46683],[2.47419,49.46679],[2.46578,49.465],[2.46605,49.46346],[2.45645,49.4655],[2.45271,49.46617],[2.45248,49.46695],[2.45364,49.46988],[2.45743,49.47121],[2.45571,49.47211],[2.46247,49.47556],[2.46598,49.47858],[2.4687,49.48764],[2.46433,49.49131],[2.47206,49.49512],[2.48198,49.48379],[2.48477,49.47929],[2.49395,49.47739],[2.49813,49.47857],[2.50177,49.48203],[2.51415,49.48151],[2.51825,49.47826],[2.52602,49.47917],[2.52937,49.47736],[2.52777,49.47316],[2.51703,49.46285],[2.51428,49.46143]]]]}},{"type":"Feature","properties":{"code":"60365","nom":"Lihus","departement":"60","region":"32"},"geometry":{"type":"MultiPolygon","coordinates":[[[[2.0217,49.62044],[2.02395,49.61941],[2.03268,49.62001],[2.04554,49.62233],[2.0593,49.62629],[2.06623,49.62962],[2.06731,49.62897],[2.07024,49.6228],[2.06242,49.61039],[2.06321,49.59897],[2.05625,49.5896],[2.05475,49.58593],[2.0562,49.58347],[2.04096,49.58049],[2.01848,49.59059],[2.00701,49.60062],[2.00178,49.60735],[2.00626,49.61443],[2.0134,49.61776],[2.01941,49.61848],[2.0217,49.62044]]]]}},{"type":"Feature","properties":{"code":"60366","nom":"Litz","departement":"60","region":"32"},"geometry":{"type":"MultiPolygon","coordinates":[[[[2.34137,49.42607],[2.34025,49.42404],[2.34067,49.4214],[2.34324,49.41913],[2.34773,49.41875],[2.35716,49.41486],[2.35172,49.41501],[2.34741,49.41374],[2.34867,49.4106],[2.34704,49.40924],[2.34256,49.40837],[2.32578,49.4084],[2.31632,49.41107],[2.31623,49.41232],[2.30908,49.41556],[2.30292,49.42243],[2.29968,49.43009],[2.30251,49.43141],[2.30609,49.43954],[2.31125,49.44643],[2.3167,49.44342],[2.32081,49.44565],[2.32093,49.44643],[2.32486,49.44675],[2.33154,49.44542],[2.33773,49.44308],[2.33478,49.43369],[2.33799,49.42651],[2.34137,49.42607]]]]}},{"type":"Feature","properties":{"code":"60367","nom":"Loconville","departement":"60","region":"32"},"geometry":{"type":"MultiPolygon","coordinates":[[[[1.94287,49.26635],[1.93697,49.25552],[1.93486,49.25359],[1.92743,49.25161],[1.92276,49.24833],[1.91869,49.24356],[1.90824,49.24656],[1.8995,49.25012],[1.89498,49.25457],[1.89776,49.25846],[1.90274,49.26132],[1.91426,49.26523],[1.9224,49.26921],[1.9232,49.27055],[1.92746,49.27013],[1.92715,49.26835],[1.94287,49.26635]]]]}},{"type":"Feature","properties":{"code":"60368","nom":"Longueil-Annel","departement":"60","region":"32"},"geometry":{"type":"MultiPolygon","coordinates":[[[[2.87431,49.46815],[2.87252,49.46752],[2.87343,49.46713],[2.87427,49.46147],[2.8681,49.45896],[2.86534,49.4553],[2.8612,49.45985],[2.84872,49.45741],[2.84877,49.45525],[2.8505,49.45397],[2.84711,49.45412],[2.84705,49.45332],[2.84204,49.45633],[2.83264,49.46505],[2.83047,49.46592],[2.84132,49.47166],[2.8437,49.47461],[2.84408,49.47953],[2.86127,49.47921],[2.8642,49.4755],[2.87288,49.47027],[2.87431,49.46815]]]]}},{"type":"Feature","properties":{"code":"60369","nom":"Longueil-Sainte-Marie","departement":"60","region":"32"},"geometry":{"type":"MultiPolygon","coordinates":[[[[2.70401,49.31426],[2.69785,49.31498],[2.68903,49.31356],[2.68001,49.31557],[2.67222,49.32016],[2.67609,49.32547],[2.69629,49.32909],[2.70192,49.33522],[2.7017,49.34092],[2.69554,49.3636],[2.70338,49.36489],[2.70657,49.36902],[2.70771,49.37678],[2.70783,49.37858],[2.72285,49.3797],[2.7236,49.37967],[2.7233,49.37565],[2.73177,49.36109],[2.73095,49.35722],[2.72195,49.34834],[2.72661,49.33954],[2.7311,49.3347],[2.73621,49.33094],[2.73291,49.32655],[2.72606,49.31338],[2.72418,49.31158],[2.71789,49.31068],[2.70401,49.31426]]]]}},{"type":"Feature","properties":{"code":"60370","nom":"Lormaison","departement":"60","region":"32"},"geometry":{"type":"MultiPolygon","coordinates":[[[[2.09261,49.24203],[2.09388,49.2688],[2.10457,49.2681],[2.11227,49.26979],[2.11582,49.2667],[2.11256,49.26481],[2.11688,49.25643],[2.115,49.24551],[2.11189,49.2403],[2.10369,49.23998],[2.09261,49.24203]]]]}},{"type":"Feature","properties":{"code":"60371","nom":"Loueuse","departement":"60","region":"32"},"geometry":{"type":"MultiPolygon","coordinates":[[[[1.84562,49.58276],[1.83679,49.57618],[1.82914,49.57494],[1.82851,49.57622],[1.82671,49.57957],[1.81648,49.58651],[1.81366,49.58635],[1.81476,49.6003],[1.81329,49.60423],[1.80839,49.60682],[1.8098,49.60797],[1.81075,49.60728],[1.82738,49.61042],[1.83842,49.60452],[1.84488,49.59823],[1.85407,49.59001],[1.84942,49.58682],[1.84822,49.58393],[1.84562,49.58276]]]]}},{"type":"Feature","properties":{"code":"60372","nom":"Luchy","departement":"60","region":"32"},"geometry":{"type":"MultiPolygon","coordinates":[[[[2.15142,49.55982],[2.14588,49.55425],[2.14341,49.54957],[2.1448,49.54622],[2.14257,49.54516],[2.13969,49.54384],[2.13182,49.54211],[2.12498,49.54161],[2.11792,49.53934],[2.1113,49.53685],[2.11078,49.53401],[2.10962,49.53305],[2.10234,49.53703],[2.09775,49.53778],[2.09357,49.5402],[2.08732,49.54478],[2.08537,49.55421],[2.09159,49.56556],[2.09778,49.5692],[2.10217,49.56852],[2.10148,49.56285],[2.10494,49.55921],[2.13741,49.56472],[2.14445,49.56273],[2.14496,49.56396],[2.15109,49.56017],[2.15142,49.55982]]]]}},{"type":"Feature","properties":{"code":"60373","nom":"Machemont","departement":"60","region":"32"},"geometry":{"type":"MultiPolygon","coordinates":[[[[2.88148,49.53253],[2.87832,49.5267],[2.88095,49.52552],[2.88397,49.51382],[2.8897,49.49882],[2.88404,49.48834],[2.87967,49.49028],[2.86998,49.49818],[2.86496,49.49974],[2.86261,49.49965],[2.86184,49.49992],[2.86257,49.5145],[2.86951,49.52367],[2.87075,49.53092],[2.88045,49.53299],[2.88148,49.53253]]]]}},{"type":"Feature","properties":{"code":"60374","nom":"Maignelay-Montigny","departement":"60","region":"32"},"geometry":{"type":"MultiPolygon","coordinates":[[[[2.48718,49.56135],[2.4961,49.56136],[2.50884,49.56765],[2.51598,49.5732],[2.51576,49.57395],[2.52343,49.57653],[2.52761,49.57451],[2.53513,49.57272],[2.53143,49.56717],[2.53696,49.56217],[2.53963,49.55796],[2.54092,49.54503],[2.53635,49.52583],[2.5352,49.52421],[2.51996,49.52608],[2.49262,49.53203],[2.48701,49.52996],[2.48224,49.53618],[2.4829,49.54791],[2.47648,49.5536],[2.48331,49.55855],[2.48718,49.56135]]]]}},{"type":"Feature","properties":{"code":"60375","nom":"Maimbeville","departement":"60","region":"32"},"geometry":{"type":"MultiPolygon","coordinates":[[[[2.51142,49.42898],[2.51769,49.43032],[2.5221,49.4323],[2.52281,49.42993],[2.53094,49.42379],[2.53585,49.41827],[2.54098,49.41643],[2.53985,49.41493],[2.53956,49.40848],[2.53799,49.40326],[2.53586,49.40406],[2.53341,49.40492],[2.52542,49.40514],[2.51942,49.40398],[2.51731,49.40016],[2.51338,49.40131],[2.50579,49.40372],[2.50123,49.40407],[2.51302,49.42235],[2.51327,49.42548],[2.51142,49.42898]]]]}},{"type":"Feature","properties":{"code":"60376","nom":"Maisoncelle-Saint-Pierre","departement":"60","region":"32"},"geometry":{"type":"MultiPolygon","coordinates":[[[[2.11771,49.49845],[2.11796,49.508],[2.11911,49.50929],[2.114,49.51087],[2.11505,49.5127],[2.10938,49.51904],[2.10695,49.52566],[2.11304,49.53065],[2.11514,49.5307],[2.12735,49.52708],[2.12981,49.52418],[2.13244,49.52374],[2.12894,49.51755],[2.13052,49.51387],[2.13001,49.50114],[2.12861,49.49879],[2.12661,49.49808],[2.12012,49.49906],[2.11771,49.49845]]]]}},{"type":"Feature","properties":{"code":"60377","nom":"Maisoncelle-Tuilerie","departement":"60","region":"32"},"geometry":{"type":"MultiPolygon","coordinates":[[[[2.19761,49.59909],[2.20028,49.6036],[2.21915,49.60373],[2.22795,49.60235],[2.23173,49.60212],[2.23239,49.59485],[2.23483,49.59269],[2.24144,49.59073],[2.24373,49.59091],[2.24498,49.58944],[2.23312,49.57913],[2.23387,49.5778],[2.22775,49.57375],[2.22499,49.5731],[2.22102,49.57353],[2.20732,49.57942],[2.2085,49.58089],[2.20508,49.58294],[2.20262,49.58326],[2.19718,49.58989],[2.19761,49.59909]]]]}},{"type":"Feature","properties":{"code":"60378","nom":"Marest-sur-Matz","departement":"60","region":"32"},"geometry":{"type":"MultiPolygon","coordinates":[[[[2.84074,49.50181],[2.83698,49.49827],[2.83276,49.49919],[2.82836,49.49514],[2.826,49.49155],[2.82021,49.49232],[2.81377,49.49822],[2.81236,49.50156],[2.80992,49.50163],[2.80803,49.50331],[2.81232,49.50556],[2.81652,49.51218],[2.8194,49.51372],[2.82693,49.51452],[2.83055,49.51398],[2.84144,49.5027],[2.84074,49.50181]]]]}},{"type":"Feature","properties":{"code":"60379","nom":"Mareuil-la-Motte","departement":"60","region":"32"},"geometry":{"type":"MultiPolygon","coordinates":[[[[2.80549,49.53651],[2.80432,49.53681],[2.80256,49.53557],[2.79918,49.53513],[2.79034,49.5352],[2.78282,49.53705],[2.77477,49.5415],[2.76702,49.54911],[2.77667,49.5568],[2.78469,49.56491],[2.79537,49.55972],[2.80307,49.55824],[2.81616,49.55798],[2.81665,49.55873],[2.82098,49.5553],[2.8235,49.55441],[2.82573,49.55441],[2.82853,49.55331],[2.84082,49.54772],[2.84034,49.54676],[2.8368,49.54562],[2.8326,49.54531],[2.81948,49.54547],[2.80659,49.54134],[2.80549,49.53651]]]]}},{"type":"Feature","properties":{"code":"60380","nom":"Mareuil-sur-Ourcq","departement":"60","region":"32"},"geometry":{"type":"MultiPolygon","coordinates":[[[[3.04956,49.15085],[3.05954,49.15067],[3.0687,49.15153],[3.08943,49.15563],[3.09182,49.15326],[3.09743,49.15064],[3.09969,49.14998],[3.10186,49.15082],[3.10665,49.14951],[3.10739,49.14877],[3.10538,49.14799],[3.10511,49.14797],[3.10192,49.14767],[3.09409,49.14239],[3.09152,49.13749],[3.09368,49.12979],[3.08883,49.1248],[3.08002,49.12194],[3.07656,49.12197],[3.0648,49.12907],[3.05392,49.128],[3.03745,49.12821],[3.03912,49.13189],[3.04165,49.13335],[3.04657,49.13213],[3.05049,49.13208],[3.05619,49.13705],[3.05716,49.14187],[3.05328,49.14919],[3.04956,49.15085]]]]}},{"type":"Feature","properties":{"code":"60381","nom":"Margny-aux-Cerises","departement":"60","region":"32"},"geometry":{"type":"MultiPolygon","coordinates":[[[[2.85688,49.68289],[2.85851,49.68409],[2.86582,49.68553],[2.87311,49.68481],[2.88105,49.67521],[2.8853,49.67185],[2.88855,49.67096],[2.88851,49.66891],[2.87,49.65878],[2.84751,49.67222],[2.85908,49.67891],[2.85688,49.68289]]]]}},{"type":"Feature","properties":{"code":"60424","nom":"Montmartin","departement":"60","region":"32"},"geometry":{"type":"MultiPolygon","coordinates":[[[[2.71698,49.47103],[2.71596,49.47112],[2.70736,49.46242],[2.71055,49.45806],[2.70904,49.4556],[2.7018,49.4562],[2.69644,49.46128],[2.68437,49.45726],[2.67979,49.45889],[2.67949,49.4596],[2.6819,49.46033],[2.68414,49.46284],[2.68392,49.46824],[2.68641,49.472],[2.69585,49.47635],[2.70583,49.4753],[2.71698,49.47103]]]]}},{"type":"Feature","properties":{"code":"60382","nom":"Margny-lès-Compiègne","departement":"60","region":"32"},"geometry":{"type":"MultiPolygon","coordinates":[[[[2.81437,49.41575],[2.81419,49.41559],[2.81215,49.4181],[2.80633,49.42369],[2.80431,49.4246],[2.78851,49.43074],[2.77337,49.43792],[2.77435,49.43958],[2.77934,49.44409],[2.78443,49.44261],[2.80519,49.44247],[2.82028,49.43786],[2.82134,49.43812],[2.83588,49.42806],[2.83488,49.42711],[2.83468,49.42694],[2.82876,49.42276],[2.82492,49.42162],[2.82023,49.42343],[2.81716,49.42203],[2.81473,49.42061],[2.81591,49.41943],[2.81636,49.41682],[2.81437,49.41575]]]]}},{"type":"Feature","properties":{"code":"60383","nom":"Margny-sur-Matz","departement":"60","region":"32"},"geometry":{"type":"MultiPolygon","coordinates":[[[[2.80549,49.53651],[2.79844,49.51797],[2.79787,49.51715],[2.7766,49.51427],[2.76373,49.5237],[2.75629,49.52764],[2.75272,49.52817],[2.7554,49.53034],[2.76058,49.54286],[2.76463,49.54457],[2.76599,49.54921],[2.76702,49.54911],[2.77477,49.5415],[2.78282,49.53705],[2.79034,49.5352],[2.79918,49.53513],[2.80256,49.53557],[2.80432,49.53681],[2.80549,49.53651]]]]}},{"type":"Feature","properties":{"code":"60385","nom":"Marolles","departement":"60","region":"32"},"geometry":{"type":"MultiPolygon","coordinates":[[[[3.11113,49.13169],[3.09409,49.14239],[3.10192,49.14767],[3.10511,49.14797],[3.11502,49.13872],[3.11697,49.13855],[3.11113,49.13169]]],[[[3.11492,49.19111],[3.11628,49.18735],[3.11572,49.1774],[3.11208,49.17326],[3.12172,49.16158],[3.14268,49.16216],[3.14488,49.15873],[3.14049,49.15387],[3.13244,49.15134],[3.12753,49.14505],[3.11634,49.14633],[3.10851,49.1461],[3.10538,49.14799],[3.10739,49.14877],[3.10665,49.14951],[3.10186,49.15082],[3.09969,49.14998],[3.09743,49.15064],[3.09182,49.15326],[3.08943,49.15563],[3.08471,49.15934],[3.08217,49.16168],[3.08383,49.16297],[3.08545,49.17494],[3.09152,49.18347],[3.09772,49.19518],[3.10106,49.19791],[3.10256,49.19744],[3.11492,49.19111]]]]}},{"type":"Feature","properties":{"code":"60386","nom":"Marquéglise","departement":"60","region":"32"},"geometry":{"type":"MultiPolygon","coordinates":[[[[2.75939,49.5053],[2.75514,49.50636],[2.73153,49.50595],[2.72025,49.51739],[2.72184,49.52036],[2.72723,49.52511],[2.73051,49.52508],[2.73627,49.52308],[2.74228,49.52308],[2.74761,49.52377],[2.75334,49.52555],[2.75629,49.52764],[2.76373,49.5237],[2.7766,49.51427],[2.77545,49.5096],[2.76352,49.50839],[2.75939,49.5053]]]]}},{"type":"Feature","properties":{"code":"60387","nom":"Marseille-en-Beauvaisis","departement":"60","region":"32"},"geometry":{"type":"MultiPolygon","coordinates":[[[[1.92112,49.56337],[1.94304,49.56933],[1.94775,49.57204],[1.9448,49.58639],[1.94837,49.58827],[1.9546,49.58375],[1.96702,49.59118],[1.98016,49.59723],[1.98281,49.58519],[1.98399,49.58382],[1.97947,49.58197],[1.97163,49.57547],[1.96913,49.57277],[1.96706,49.56789],[1.96143,49.56222],[1.95709,49.56031],[1.94793,49.55802],[1.93626,49.55972],[1.93447,49.55929],[1.92344,49.5621],[1.92112,49.56337]]]]}},{"type":"Feature","properties":{"code":"60388","nom":"Martincourt","departement":"60","region":"32"},"geometry":{"type":"MultiPolygon","coordinates":[[[[1.87471,49.52199],[1.87394,49.52316],[1.87553,49.52406],[1.87847,49.52271],[1.88348,49.52215],[1.88775,49.52254],[1.89333,49.52676],[1.90381,49.54148],[1.9052,49.54012],[1.91151,49.54377],[1.91005,49.54478],[1.93019,49.55147],[1.93243,49.54814],[1.92962,49.54468],[1.92587,49.54219],[1.91147,49.53505],[1.91114,49.52446],[1.90399,49.51494],[1.90015,49.51345],[1.89821,49.51282],[1.87709,49.51978],[1.87471,49.52199]]]]}},{"type":"Feature","properties":{"code":"60389","nom":"Maucourt","departement":"60","region":"32"},"geometry":{"type":"MultiPolygon","coordinates":[[[[3.0878,49.63983],[3.08793,49.63735],[3.0911,49.63055],[3.09585,49.6232],[3.09359,49.62249],[3.08977,49.62127],[3.08689,49.6247],[3.06899,49.62162],[3.06706,49.62987],[3.06586,49.64372],[3.06597,49.64418],[3.07919,49.64253],[3.08409,49.64163],[3.08651,49.63989],[3.0878,49.63983]]]]}},{"type":"Feature","properties":{"code":"60390","nom":"Maulers","departement":"60","region":"32"},"geometry":{"type":"MultiPolygon","coordinates":[[[[2.15142,49.55982],[2.15855,49.55521],[2.17785,49.5517],[2.19078,49.54767],[2.19216,49.54701],[2.19162,49.54643],[2.18546,49.54653],[2.18341,49.54041],[2.18348,49.52714],[2.18157,49.52599],[2.17959,49.52578],[2.15648,49.53341],[2.15499,49.53753],[2.1521,49.54031],[2.14257,49.54516],[2.1448,49.54622],[2.14341,49.54957],[2.14588,49.55425],[2.15142,49.55982]]]]}},{"type":"Feature","properties":{"code":"60391","nom":"Maysel","departement":"60","region":"32"},"geometry":{"type":"MultiPolygon","coordinates":[[[[2.3526,49.24119],[2.3564,49.247],[2.35859,49.26067],[2.36926,49.26606],[2.37075,49.266],[2.37807,49.26197],[2.37998,49.26218],[2.38161,49.26038],[2.37222,49.24297],[2.37211,49.24059],[2.35936,49.23969],[2.35605,49.24098],[2.3526,49.24119]]]]}},{"type":"Feature","properties":{"code":"60392","nom":"Mélicocq","departement":"60","region":"32"},"geometry":{"type":"MultiPolygon","coordinates":[[[[2.86261,49.49965],[2.86496,49.49974],[2.86998,49.49818],[2.87967,49.49028],[2.86658,49.48371],[2.86127,49.47921],[2.84408,49.47953],[2.82731,49.4812],[2.826,49.49155],[2.82836,49.49514],[2.83276,49.49919],[2.83698,49.49827],[2.84074,49.50181],[2.84232,49.50072],[2.85482,49.49704],[2.86069,49.49648],[2.86261,49.49965]]]]}},{"type":"Feature","properties":{"code":"60393","nom":"Mello","departement":"60","region":"32"},"geometry":{"type":"MultiPolygon","coordinates":[[[[2.39157,49.29018],[2.39163,49.28436],[2.38999,49.28192],[2.38463,49.27826],[2.37525,49.26385],[2.37807,49.26197],[2.37075,49.266],[2.36926,49.26606],[2.364,49.26746],[2.36269,49.27405],[2.36469,49.28378],[2.36675,49.2836],[2.3708,49.28533],[2.37815,49.2904],[2.3795,49.28961],[2.379,49.28694],[2.39157,49.29018]]]]}},{"type":"Feature","properties":{"code":"60394","nom":"Ménévillers","departement":"60","region":"32"},"geometry":{"type":"MultiPolygon","coordinates":[[[[2.5844,49.51632],[2.58393,49.51878],[2.58807,49.5225],[2.58833,49.52881],[2.59039,49.52714],[2.60251,49.52959],[2.60167,49.53524],[2.60554,49.53728],[2.61399,49.52969],[2.62392,49.52618],[2.62456,49.5253],[2.61199,49.51141],[2.59787,49.50744],[2.59566,49.50763],[2.59084,49.50893],[2.58859,49.51128],[2.58931,49.51285],[2.59099,49.51369],[2.58797,49.51586],[2.5844,49.51632]]]]}},{"type":"Feature","properties":{"code":"60395","nom":"Méru","departement":"60","region":"32"},"geometry":{"type":"MultiPolygon","coordinates":[[[[2.14665,49.21197],[2.12686,49.21454],[2.12006,49.21924],[2.11758,49.22696],[2.1154,49.23003],[2.09704,49.23012],[2.08747,49.23358],[2.0912,49.23704],[2.0923,49.23927],[2.09261,49.24203],[2.10369,49.23998],[2.11189,49.2403],[2.115,49.24551],[2.11688,49.25643],[2.11256,49.26481],[2.11582,49.2667],[2.11644,49.26597],[2.11824,49.2661],[2.12135,49.26761],[2.12667,49.27838],[2.13992,49.2763],[2.14217,49.27679],[2.15242,49.27979],[2.15898,49.27332],[2.15735,49.2734],[2.15647,49.25623],[2.15754,49.25055],[2.1597,49.25026],[2.16255,49.24985],[2.17005,49.24375],[2.16031,49.23371],[2.15623,49.22655],[2.14988,49.21343],[2.14873,49.21272],[2.14831,49.21255],[2.14665,49.21197]]]]}},{"type":"Feature","properties":{"code":"60396","nom":"Méry-la-Bataille","departement":"60","region":"32"},"geometry":{"type":"MultiPolygon","coordinates":[[[[2.60554,49.53728],[2.60321,49.54358],[2.60654,49.54383],[2.61077,49.54919],[2.60516,49.5507],[2.60388,49.55314],[2.61321,49.55855],[2.61968,49.55566],[2.6279,49.55762],[2.63597,49.56151],[2.64468,49.5635],[2.65641,49.55907],[2.65598,49.55786],[2.65702,49.55726],[2.65369,49.55299],[2.65691,49.55121],[2.65643,49.54578],[2.65214,49.54593],[2.64476,49.54047],[2.63894,49.5281],[2.6387,49.52428],[2.64,49.52319],[2.6382,49.52315],[2.63935,49.5198],[2.62456,49.5253],[2.62392,49.52618],[2.61399,49.52969],[2.60554,49.53728]]]]}},{"type":"Feature","properties":{"code":"60397","nom":"Le Mesnil-Conteville","departement":"60","region":"32"},"geometry":{"type":"MultiPolygon","coordinates":[[[[2.07367,49.66026],[2.07275,49.66159],[2.06251,49.66422],[2.05867,49.66434],[2.04927,49.65929],[2.04443,49.65852],[2.04442,49.65896],[2.04044,49.66585],[2.04818,49.66944],[2.07547,49.67844],[2.08239,49.67109],[2.07752,49.66353],[2.07815,49.66131],[2.07644,49.66014],[2.07367,49.66026]]]]}},{"type":"Feature","properties":{"code":"60398","nom":"Le Mesnil-en-Thelle","departement":"60","region":"32"},"geometry":{"type":"MultiPolygon","coordinates":[[[[2.26425,49.18516],[2.27273,49.19039],[2.27371,49.18902],[2.28412,49.18985],[2.2842,49.18934],[2.29355,49.19021],[2.29665,49.18905],[2.30181,49.18497],[2.30127,49.18404],[2.29663,49.17621],[2.28881,49.17071],[2.28509,49.16571],[2.28648,49.15987],[2.27671,49.15898],[2.27097,49.15725],[2.26817,49.15575],[2.26215,49.15838],[2.27316,49.16627],[2.27557,49.17243],[2.26425,49.18516]]]]}},{"type":"Feature","properties":{"code":"60399","nom":"Le Mesnil-Saint-Firmin","departement":"60","region":"32"},"geometry":{"type":"MultiPolygon","coordinates":[[[[2.39056,49.63623],[2.39416,49.63537],[2.39621,49.63671],[2.39691,49.63718],[2.40205,49.63678],[2.41374,49.63418],[2.41871,49.63187],[2.42022,49.63274],[2.42227,49.6327],[2.42547,49.62354],[2.42881,49.62013],[2.42517,49.61969],[2.41409,49.61511],[2.40455,49.61421],[2.39985,49.61659],[2.39474,49.6277],[2.3909,49.63238],[2.39056,49.63623]]]]}},{"type":"Feature","properties":{"code":"60400","nom":"Le Mesnil-sur-Bulles","departement":"60","region":"32"},"geometry":{"type":"MultiPolygon","coordinates":[[[[2.39153,49.48259],[2.39152,49.48228],[2.36766,49.47817],[2.35811,49.47346],[2.35714,49.47187],[2.33991,49.47429],[2.32448,49.48226],[2.32059,49.4814],[2.32018,49.48369],[2.32185,49.48707],[2.32496,49.48947],[2.33614,49.49487],[2.34395,49.49073],[2.356,49.48692],[2.36913,49.48571],[2.38214,49.48689],[2.39153,49.48259]]]]}},{"type":"Feature","properties":{"code":"60401","nom":"Le Mesnil-Théribus","departement":"60","region":"32"},"geometry":{"type":"MultiPolygon","coordinates":[[[[2.01209,49.315],[2.00264,49.30371],[1.99735,49.29579],[1.98625,49.28546],[1.97998,49.28576],[1.97095,49.30231],[1.98001,49.30675],[1.98431,49.31347],[1.99055,49.3199],[1.99869,49.32622],[2.01209,49.315]]]]}},{"type":"Feature","properties":{"code":"60403","nom":"Milly-sur-Thérain","departement":"60","region":"32"},"geometry":{"type":"MultiPolygon","coordinates":[[[[2.02503,49.47798],[2.02407,49.47827],[2.01993,49.48494],[2.01274,49.48784],[1.99452,49.49182],[1.98997,49.4945],[1.98793,49.49689],[1.97822,49.5002],[1.97437,49.51122],[1.9674,49.52362],[1.97275,49.52644],[1.9752,49.52975],[1.97952,49.52995],[1.98132,49.52713],[1.99604,49.51719],[2.00048,49.51591],[2.00774,49.51578],[2.01662,49.51719],[2.02149,49.5196],[2.02914,49.52836],[2.0325,49.53511],[2.03377,49.5358],[2.03906,49.53443],[2.04121,49.53506],[2.04624,49.53145],[2.04749,49.53165],[2.05353,49.52847],[2.05576,49.52717],[2.04918,49.52125],[2.04209,49.50899],[2.0385,49.49464],[2.02674,49.47909],[2.02503,49.47798]]]]}},{"type":"Feature","properties":{"code":"60404","nom":"Mogneville","departement":"60","region":"32"},"geometry":{"type":"MultiPolygon","coordinates":[[[[2.48809,49.30693],[2.48604,49.30673],[2.47958,49.30338],[2.47175,49.30162],[2.46107,49.3049],[2.45799,49.31074],[2.45888,49.31101],[2.45873,49.31526],[2.45769,49.31624],[2.45485,49.3156],[2.46471,49.31946],[2.4688,49.32286],[2.47275,49.32538],[2.47582,49.32348],[2.48337,49.31849],[2.49063,49.31198],[2.49268,49.30895],[2.48809,49.30693]]]]}},{"type":"Feature","properties":{"code":"60405","nom":"Moliens","departement":"60","region":"32"},"geometry":{"type":"MultiPolygon","coordinates":[[[[1.79496,49.66715],[1.79513,49.68147],[1.7953,49.6815],[1.80481,49.68319],[1.8254,49.68324],[1.83509,49.68104],[1.83931,49.67749],[1.84257,49.66872],[1.83429,49.66517],[1.82511,49.66392],[1.81981,49.66065],[1.81663,49.65328],[1.81753,49.65164],[1.81458,49.65109],[1.81225,49.65065],[1.79089,49.6637],[1.79496,49.66715]]]]}},{"type":"Feature","properties":{"code":"60406","nom":"Monceaux","departement":"60","region":"32"},"geometry":{"type":"MultiPolygon","coordinates":[[[[2.5536,49.33977],[2.60332,49.33312],[2.60316,49.33171],[2.58128,49.32876],[2.57451,49.32423],[2.57641,49.31544],[2.56992,49.31259],[2.56826,49.31192],[2.56509,49.31218],[2.56053,49.31397],[2.55375,49.3151],[2.54607,49.31504],[2.54361,49.31816],[2.54448,49.32423],[2.55132,49.32955],[2.5536,49.33977]]]]}},{"type":"Feature","properties":{"code":"60407","nom":"Monceaux-l'Abbaye","departement":"60","region":"32"},"geometry":{"type":"MultiPolygon","coordinates":[[[[1.7743,49.65593],[1.77546,49.66166],[1.79245,49.66717],[1.79496,49.66715],[1.79089,49.6637],[1.81225,49.65065],[1.78235,49.64061],[1.7756,49.64031],[1.77556,49.64802],[1.77643,49.65559],[1.7743,49.65593]]]]}},{"type":"Feature","properties":{"code":"60408","nom":"Monchy-Humières","departement":"60","region":"32"},"geometry":{"type":"MultiPolygon","coordinates":[[[[2.76605,49.46758],[2.7598,49.46603],[2.7494,49.46648],[2.72595,49.46546],[2.71698,49.47103],[2.70583,49.4753],[2.70873,49.47551],[2.716,49.48288],[2.72514,49.48491],[2.72775,49.48746],[2.7258,49.48817],[2.72796,49.49028],[2.73898,49.49144],[2.74375,49.4861],[2.75958,49.48219],[2.76221,49.4826],[2.7624,49.47427],[2.76605,49.46758]]]]}},{"type":"Feature","properties":{"code":"60409","nom":"Monchy-Saint-Éloi","departement":"60","region":"32"},"geometry":{"type":"MultiPolygon","coordinates":[[[[2.48809,49.30693],[2.48577,49.30448],[2.4855,49.2997],[2.48232,49.29458],[2.47573,49.28809],[2.47766,49.28756],[2.47656,49.28538],[2.47333,49.28517],[2.46901,49.28681],[2.45656,49.28882],[2.45843,49.30032],[2.45653,49.3102],[2.45799,49.31074],[2.46107,49.3049],[2.47175,49.30162],[2.47958,49.30338],[2.48604,49.30673],[2.48809,49.30693]]]]}},{"type":"Feature","properties":{"code":"60410","nom":"Mondescourt","departement":"60","region":"32"},"geometry":{"type":"MultiPolygon","coordinates":[[[[3.12249,49.60208],[3.1239,49.59596],[3.11591,49.59402],[3.1043,49.58775],[3.10108,49.59829],[3.10276,49.59903],[3.09681,49.60227],[3.10221,49.61568],[3.10866,49.6154],[3.10998,49.61336],[3.12204,49.604],[3.12249,49.60208]]]]}},{"type":"Feature","properties":{"code":"60411","nom":"Monneville","departement":"60","region":"32"},"geometry":{"type":"MultiPolygon","coordinates":[[[[1.95852,49.22627],[1.96218,49.22493],[1.97237,49.22684],[1.97477,49.23194],[1.97426,49.23575],[1.98013,49.23729],[1.98362,49.23697],[1.98259,49.23339],[1.984,49.22751],[1.99215,49.22817],[1.98963,49.2236],[1.98873,49.22335],[1.99365,49.21218],[1.98207,49.19729],[1.98422,49.19589],[1.97316,49.19356],[1.9657,49.19315],[1.96119,49.19345],[1.95746,49.20054],[1.94864,49.20894],[1.95277,49.225],[1.95852,49.22627]]]]}},{"type":"Feature","properties":{"code":"60412","nom":"Montagny-en-Vexin","departement":"60","region":"32"},"geometry":{"type":"MultiPolygon","coordinates":[[[[1.79701,49.18523],[1.79499,49.18482],[1.79363,49.18027],[1.79094,49.17997],[1.77752,49.18403],[1.77696,49.185],[1.78346,49.18718],[1.78349,49.19157],[1.78525,49.1965],[1.79117,49.20518],[1.79586,49.20795],[1.80611,49.20586],[1.81011,49.2018],[1.81459,49.19961],[1.81425,49.19766],[1.79772,49.18695],[1.79701,49.18523]]]]}},{"type":"Feature","properties":{"code":"60413","nom":"Montagny-Sainte-Félicité","departement":"60","region":"32"},"geometry":{"type":"MultiPolygon","coordinates":[[[[2.74656,49.14505],[2.74905,49.13983],[2.76201,49.13305],[2.76489,49.13365],[2.76236,49.13029],[2.76369,49.12523],[2.76741,49.12465],[2.76767,49.1238],[2.75907,49.11412],[2.75727,49.11483],[2.75517,49.11329],[2.75015,49.11648],[2.73318,49.1286],[2.72662,49.135],[2.72806,49.1369],[2.72893,49.13818],[2.72786,49.14015],[2.73147,49.14053],[2.74483,49.14541],[2.74656,49.14505]]]]}},{"type":"Feature","properties":{"code":"60414","nom":"Montataire","departement":"60","region":"32"},"geometry":{"type":"MultiPolygon","coordinates":[[[[2.45364,49.24533],[2.45079,49.24611],[2.44186,49.24559],[2.44157,49.24505],[2.43403,49.24873],[2.43225,49.25152],[2.42639,49.25237],[2.41692,49.25153],[2.41345,49.25444],[2.40914,49.25502],[2.41073,49.25541],[2.41372,49.2551],[2.40949,49.2571],[2.40815,49.2592],[2.40771,49.26108],[2.40002,49.26793],[2.40584,49.2758],[2.41877,49.27989],[2.43535,49.28111],[2.43534,49.27953],[2.43774,49.27589],[2.44555,49.26891],[2.45282,49.26567],[2.45612,49.26546],[2.45683,49.26598],[2.46024,49.26408],[2.45684,49.26162],[2.45891,49.25993],[2.45325,49.25633],[2.45749,49.25335],[2.45698,49.25213],[2.45536,49.24993],[2.45364,49.24533]]]]}},{"type":"Feature","properties":{"code":"60415","nom":"Montépilloy","departement":"60","region":"32"},"geometry":{"type":"MultiPolygon","coordinates":[[[[2.73171,49.2071],[2.72894,49.20745],[2.7242,49.2052],[2.72197,49.20156],[2.71625,49.201],[2.71689,49.2013],[2.70556,49.20458],[2.69226,49.20754],[2.68663,49.2138],[2.70314,49.2284],[2.72201,49.22341],[2.72353,49.22071],[2.72199,49.21423],[2.73021,49.2091],[2.73171,49.2071]]]]}},{"type":"Feature","properties":{"code":"60416","nom":"Montgérain","departement":"60","region":"32"},"geometry":{"type":"MultiPolygon","coordinates":[[[[2.60554,49.53728],[2.60167,49.53524],[2.60251,49.52959],[2.59039,49.52714],[2.58833,49.52881],[2.58355,49.53263],[2.5718,49.53461],[2.5589,49.5357],[2.56282,49.53838],[2.57141,49.54877],[2.59562,49.54568],[2.603,49.54444],[2.60321,49.54358],[2.60554,49.53728]]]]}},{"type":"Feature","properties":{"code":"60418","nom":"Montiers","departement":"60","region":"32"},"geometry":{"type":"MultiPolygon","coordinates":[[[[2.55185,49.48594],[2.54918,49.48703],[2.54975,49.48784],[2.55152,49.48944],[2.54994,49.5032],[2.54795,49.50768],[2.54643,49.5093],[2.54402,49.51013],[2.54421,49.51355],[2.54522,49.51403],[2.56388,49.51787],[2.56746,49.51243],[2.57404,49.51102],[2.58287,49.51075],[2.58512,49.5119],[2.58147,49.51582],[2.5844,49.51632],[2.58797,49.51586],[2.59099,49.51369],[2.58931,49.51285],[2.58859,49.51128],[2.59084,49.50893],[2.59566,49.50763],[2.59457,49.50571],[2.59798,49.50347],[2.60323,49.50231],[2.60437,49.50138],[2.60141,49.49744],[2.59997,49.49559],[2.59235,49.49686],[2.57933,49.49593],[2.56532,49.49286],[2.55738,49.49005],[2.55185,49.48594]]]]}},{"type":"Feature","properties":{"code":"60420","nom":"Montjavoult","departement":"60","region":"32"},"geometry":{"type":"MultiPolygon","coordinates":[[[[1.81459,49.19961],[1.81011,49.2018],[1.80611,49.20586],[1.79586,49.20795],[1.79117,49.20518],[1.78525,49.1965],[1.78349,49.19157],[1.78346,49.18718],[1.77696,49.185],[1.77639,49.18488],[1.77426,49.18473],[1.76906,49.18749],[1.76718,49.19019],[1.76646,49.19595],[1.77263,49.2066],[1.76578,49.21641],[1.7657,49.21948],[1.76936,49.22195],[1.77157,49.22706],[1.77225,49.23312],[1.7697,49.24275],[1.77858,49.24473],[1.78452,49.24492],[1.7909,49.24385],[1.79511,49.23608],[1.81203,49.22959],[1.8104,49.22889],[1.81459,49.22439],[1.8189,49.22523],[1.83178,49.21685],[1.82375,49.20162],[1.8208,49.19946],[1.81459,49.19961]]]]}},{"type":"Feature","properties":{"code":"60421","nom":"Mont-l'Évêque","departement":"60","region":"32"},"geometry":{"type":"MultiPolygon","coordinates":[[[[2.63361,49.21188],[2.63584,49.2135],[2.63893,49.21372],[2.64289,49.21293],[2.64926,49.21363],[2.65362,49.21412],[2.66507,49.20794],[2.66596,49.2042],[2.66867,49.19844],[2.65955,49.1926],[2.65325,49.18728],[2.65073,49.18465],[2.65016,49.18264],[2.64435,49.1768],[2.6319,49.17082],[2.62143,49.16927],[2.61455,49.16677],[2.6004,49.16399],[2.60005,49.16595],[2.60256,49.17633],[2.60524,49.17771],[2.60537,49.17852],[2.6058,49.1814],[2.61208,49.18446],[2.61611,49.18745],[2.61727,49.1977],[2.61294,49.19839],[2.62385,49.20545],[2.63154,49.2093],[2.63361,49.21188]]]]}},{"type":"Feature","properties":{"code":"60422","nom":"Montlognon","departement":"60","region":"32"},"geometry":{"type":"MultiPolygon","coordinates":[[[[2.70296,49.16692],[2.71301,49.16737],[2.71749,49.15539],[2.72408,49.14451],[2.72786,49.14015],[2.72893,49.13818],[2.72806,49.1369],[2.70789,49.14472],[2.69564,49.1509],[2.68816,49.15625],[2.68627,49.16014],[2.68733,49.16468],[2.69047,49.16641],[2.70296,49.16692]]]]}},{"type":"Feature","properties":{"code":"60423","nom":"Montmacq","departement":"60","region":"32"},"geometry":{"type":"MultiPolygon","coordinates":[[[[2.92517,49.49487],[2.93339,49.4935],[2.93431,49.49262],[2.93247,49.48938],[2.93114,49.47832],[2.93275,49.4775],[2.93629,49.47005],[2.91976,49.47121],[2.90812,49.46585],[2.89012,49.47125],[2.89935,49.48428],[2.90145,49.48483],[2.90366,49.48927],[2.90397,49.49088],[2.90251,49.4937],[2.90327,49.49644],[2.90661,49.4985],[2.9125,49.49909],[2.92517,49.49487]]]]}},{"type":"Feature","properties":{"code":"60425","nom":"Montreuil-sur-Brêche","departement":"60","region":"32"},"geometry":{"type":"MultiPolygon","coordinates":[[[[2.25914,49.52301],[2.27137,49.52697],[2.27245,49.52924],[2.27681,49.53163],[2.27968,49.5304],[2.2923,49.52759],[2.30535,49.52613],[2.30169,49.52142],[2.29468,49.50761],[2.29313,49.50631],[2.29293,49.5044],[2.28531,49.49955],[2.26645,49.49592],[2.2646,49.49661],[2.26069,49.49634],[2.24962,49.49907],[2.24612,49.50176],[2.25085,49.50671],[2.24386,49.50851],[2.25231,49.51908],[2.25708,49.52247],[2.25914,49.52301]]]]}},{"type":"Feature","properties":{"code":"60426","nom":"Montreuil-sur-Thérain","departement":"60","region":"32"},"geometry":{"type":"MultiPolygon","coordinates":[[[[2.18819,49.37513],[2.18377,49.37655],[2.18351,49.38143],[2.18735,49.38408],[2.19642,49.38762],[2.2072,49.38404],[2.19883,49.37797],[2.19722,49.37565],[2.19023,49.37472],[2.18819,49.37513]]]]}},{"type":"Feature","properties":{"code":"60427","nom":"Monts","departement":"60","region":"32"},"geometry":{"type":"MultiPolygon","coordinates":[[[[1.98963,49.2236],[2.00469,49.22638],[2.01581,49.22552],[2.02128,49.22306],[2.02238,49.21843],[2.01959,49.21444],[2.01754,49.21361],[1.99733,49.2135],[1.99365,49.21218],[1.98873,49.22335],[1.98963,49.2236]]]]}},{"type":"Feature","properties":{"code":"60428","nom":"Le Mont-Saint-Adrien","departement":"60","region":"32"},"geometry":{"type":"MultiPolygon","coordinates":[[[[2.03634,49.44228],[2.02175,49.43397],[2.00003,49.44168],[2.0004,49.4445],[1.99796,49.44678],[1.99164,49.44898],[1.98396,49.45374],[1.98658,49.45664],[1.99204,49.45868],[2.00309,49.46373],[2.00571,49.4639],[2.01001,49.46375],[2.01775,49.46153],[2.02537,49.45695],[2.03748,49.45268],[2.03417,49.44383],[2.03634,49.44228]]]]}},{"type":"Feature","properties":{"code":"60429","nom":"Morangles","departement":"60","region":"32"},"geometry":{"type":"MultiPolygon","coordinates":[[[[2.28581,49.2028],[2.28603,49.20384],[2.29101,49.20579],[2.29926,49.20617],[2.30193,49.20692],[2.30241,49.20788],[2.30533,49.20783],[2.31347,49.20371],[2.32926,49.19211],[2.3216,49.18437],[2.31321,49.18584],[2.31076,49.18594],[2.31043,49.18499],[2.30846,49.18541],[2.3068,49.18421],[2.30127,49.18404],[2.30181,49.18497],[2.29665,49.18905],[2.29355,49.19021],[2.2842,49.18934],[2.28412,49.18985],[2.28269,49.19298],[2.28821,49.20218],[2.28581,49.2028]]]]}},{"type":"Feature","properties":{"code":"60430","nom":"Morienval","departement":"60","region":"32"},"geometry":{"type":"MultiPolygon","coordinates":[[[[2.97409,49.30433],[2.96828,49.30516],[2.96907,49.30301],[2.97008,49.30268],[2.96586,49.29783],[2.9632,49.28814],[2.95191,49.28053],[2.92268,49.28703],[2.89728,49.28528],[2.89687,49.28603],[2.90576,49.29523],[2.90797,49.30612],[2.90199,49.31489],[2.9003,49.3148],[2.87983,49.3316],[2.88178,49.33565],[2.90667,49.34188],[2.9206,49.33459],[2.93598,49.32893],[2.95603,49.32149],[2.96322,49.32005],[2.96452,49.32159],[2.96637,49.3209],[2.97912,49.309],[2.97409,49.30433]]]]}},{"type":"Feature","properties":{"code":"60431","nom":"Morlincourt","departement":"60","region":"32"},"geometry":{"type":"MultiPolygon","coordinates":[[[[3.03071,49.5787],[3.03305,49.57894],[3.03338,49.57809],[3.04219,49.57833],[3.06268,49.56766],[3.04907,49.55883],[3.04437,49.55534],[3.02594,49.56631],[3.02703,49.56934],[3.03081,49.5695],[3.03071,49.5787]]]]}},{"type":"Feature","properties":{"code":"60432","nom":"Mortefontaine","departement":"60","region":"32"},"geometry":{"type":"MultiPolygon","coordinates":[[[[2.57214,49.09338],[2.57293,49.09428],[2.57698,49.09636],[2.58563,49.09395],[2.58761,49.09078],[2.58783,49.08704],[2.58466,49.08478],[2.58129,49.08677],[2.58014,49.08984],[2.57214,49.09338]]],[[[2.58935,49.14575],[2.58834,49.14979],[2.59737,49.15242],[2.61759,49.14097],[2.62264,49.12937],[2.62825,49.12291],[2.63735,49.11687],[2.63323,49.10857],[2.62899,49.10258],[2.61938,49.09463],[2.61589,49.09389],[2.61005,49.09497],[2.5955,49.10631],[2.59541,49.1145],[2.58398,49.12162],[2.58499,49.12565],[2.58728,49.12819],[2.5905,49.13115],[2.59308,49.13122],[2.59149,49.13491],[2.58603,49.14018],[2.58935,49.14575]]]]}},{"type":"Feature","properties":{"code":"60433","nom":"Mortefontaine-en-Thelle","departement":"60","region":"32"},"geometry":{"type":"MultiPolygon","coordinates":[[[[2.17877,49.28691],[2.18588,49.28461],[2.19012,49.27613],[2.20418,49.27017],[2.20404,49.26231],[2.20661,49.25387],[2.2067,49.25363],[2.20577,49.25333],[2.20526,49.25397],[2.19953,49.25223],[2.18785,49.24842],[2.18249,49.24904],[2.18074,49.25087],[2.17366,49.26991],[2.17511,49.27186],[2.17877,49.28691]]]]}},{"type":"Feature","properties":{"code":"60434","nom":"Mortemer","departement":"60","region":"32"},"geometry":{"type":"MultiPolygon","coordinates":[[[[2.67084,49.58147],[2.67689,49.57992],[2.67875,49.58271],[2.6798,49.58219],[2.69557,49.57271],[2.69866,49.56518],[2.69813,49.56209],[2.68947,49.56304],[2.67501,49.56203],[2.66914,49.56082],[2.66764,49.5573],[2.65702,49.55726],[2.65598,49.55786],[2.65641,49.55907],[2.64468,49.5635],[2.65089,49.56858],[2.65131,49.57082],[2.6487,49.57229],[2.64973,49.57178],[2.65438,49.57295],[2.66183,49.57596],[2.67084,49.58147]]]]}},{"type":"Feature","properties":{"code":"60435","nom":"Morvillers","departement":"60","region":"32"},"geometry":{"type":"MultiPolygon","coordinates":[[[[1.84562,49.58276],[1.84822,49.58393],[1.84942,49.58682],[1.85407,49.59001],[1.86811,49.59535],[1.86885,49.59447],[1.87011,49.59309],[1.87578,49.59461],[1.884,49.59289],[1.88849,49.59068],[1.89147,49.5804],[1.88352,49.57464],[1.88039,49.57382],[1.87927,49.57505],[1.86496,49.57626],[1.84562,49.58276]]]]}},{"type":"Feature","properties":{"code":"60436","nom":"Mory-Montcrux","departement":"60","region":"32"},"geometry":{"type":"MultiPolygon","coordinates":[[[[2.3925,49.57895],[2.37406,49.58546],[2.37965,49.59008],[2.39137,49.59755],[2.39427,49.60106],[2.40691,49.60938],[2.41654,49.61049],[2.41811,49.61151],[2.41988,49.6074],[2.41664,49.60403],[2.40301,49.59332],[2.39708,49.58978],[2.40286,49.58587],[2.39729,49.58368],[2.39373,49.58556],[2.3925,49.57895]]]]}},{"type":"Feature","properties":{"code":"60437","nom":"Mouchy-le-Châtel","departement":"60","region":"32"},"geometry":{"type":"MultiPolygon","coordinates":[[[[2.2712,49.31604],[2.26666,49.3141],[2.2673,49.31363],[2.26388,49.31216],[2.26025,49.31594],[2.25712,49.31752],[2.22957,49.32472],[2.22494,49.32437],[2.23197,49.33668],[2.23424,49.33863],[2.25093,49.331],[2.25367,49.3303],[2.2656,49.3194],[2.2712,49.31604]]]]}},{"type":"Feature","properties":{"code":"60438","nom":"Moulin-sous-Touvent","departement":"60","region":"32"},"geometry":{"type":"MultiPolygon","coordinates":[[[[3.04887,49.45122],[3.04872,49.45745],[3.05092,49.46256],[3.0504,49.46791],[3.04342,49.47072],[3.04021,49.47308],[3.03772,49.47748],[3.0371,49.48268],[3.03521,49.4831],[3.03696,49.48581],[3.03548,49.49599],[3.03669,49.49779],[3.04036,49.49894],[3.05619,49.49778],[3.06217,49.49305],[3.0763,49.47834],[3.07867,49.47239],[3.08199,49.4677],[3.09329,49.46866],[3.09935,49.46449],[3.1008,49.46057],[3.10051,49.43951],[3.09216,49.44105],[3.07085,49.43848],[3.06286,49.43891],[3.06443,49.43804],[3.06131,49.4376],[3.06123,49.43989],[3.05687,49.44766],[3.05326,49.45073],[3.04887,49.45122]]]]}},{"type":"Feature","properties":{"code":"60439","nom":"Mouy","departement":"60","region":"32"},"geometry":{"type":"MultiPolygon","coordinates":[[[[2.32926,49.31535],[2.33174,49.30853],[2.3075,49.30321],[2.30212,49.30435],[2.30087,49.30537],[2.2949,49.30636],[2.28432,49.30369],[2.28126,49.30576],[2.2673,49.31363],[2.26666,49.3141],[2.2712,49.31604],[2.27634,49.31787],[2.28327,49.32697],[2.28763,49.33496],[2.29024,49.33585],[2.31605,49.32557],[2.32361,49.32296],[2.32405,49.32362],[2.32629,49.32054],[2.32601,49.32001],[2.32926,49.31535]]]]}},{"type":"Feature","properties":{"code":"60440","nom":"Moyenneville","departement":"60","region":"32"},"geometry":{"type":"MultiPolygon","coordinates":[[[[2.60947,49.49137],[2.61039,49.49115],[2.62086,49.49709],[2.6341,49.5056],[2.63678,49.50432],[2.63841,49.49603],[2.64681,49.49196],[2.6599,49.48725],[2.66125,49.48669],[2.65744,49.47945],[2.65259,49.47403],[2.63816,49.47738],[2.63787,49.47852],[2.6331,49.47843],[2.63303,49.47447],[2.62083,49.47908],[2.61209,49.48074],[2.60832,49.48726],[2.6078,49.49057],[2.60947,49.49137]]]]}},{"type":"Feature","properties":{"code":"60441","nom":"Moyvillers","departement":"60","region":"32"},"geometry":{"type":"MultiPolygon","coordinates":[[[[2.66236,49.4056],[2.65102,49.39543],[2.64807,49.39537],[2.63545,49.39422],[2.63383,49.38771],[2.63191,49.38511],[2.62256,49.39162],[2.62438,49.3974],[2.62068,49.39737],[2.61412,49.40223],[2.61849,49.40936],[2.62093,49.40908],[2.63081,49.41357],[2.63746,49.41916],[2.64806,49.42207],[2.6612,49.42313],[2.66163,49.42399],[2.66781,49.42149],[2.6722,49.41755],[2.6732,49.4153],[2.66536,49.41094],[2.66176,49.40685],[2.66236,49.4056]]]]}},{"type":"Feature","properties":{"code":"60442","nom":"Muidorge","departement":"60","region":"32"},"geometry":{"type":"MultiPolygon","coordinates":[[[[2.15648,49.53341],[2.14683,49.52149],[2.14585,49.52078],[2.14037,49.52094],[2.13244,49.52374],[2.12981,49.52418],[2.12735,49.52708],[2.11514,49.5307],[2.11304,49.53065],[2.10962,49.53305],[2.11078,49.53401],[2.1113,49.53685],[2.11792,49.53934],[2.12498,49.54161],[2.13182,49.54211],[2.13969,49.54384],[2.14257,49.54516],[2.1521,49.54031],[2.15499,49.53753],[2.15648,49.53341]]]]}},{"type":"Feature","properties":{"code":"60443","nom":"Muirancourt","departement":"60","region":"32"},"geometry":{"type":"MultiPolygon","coordinates":[[[[2.9817,49.64386],[2.98719,49.65216],[2.99581,49.6619],[3.00907,49.66068],[3.00904,49.65968],[3.01213,49.65737],[3.01638,49.65614],[3.02533,49.65168],[3.02673,49.64908],[3.01116,49.64069],[2.99877,49.63505],[2.99525,49.63396],[2.9881,49.64093],[2.98392,49.64361],[2.9817,49.64386]]]]}},{"type":"Feature","properties":{"code":"60503","nom":"Le Ployron","departement":"60","region":"32"},"geometry":{"type":"MultiPolygon","coordinates":[[[[2.57213,49.58179],[2.56412,49.58439],[2.56255,49.58831],[2.5667,49.58924],[2.57251,49.59676],[2.5718,49.59714],[2.57681,49.59809],[2.57794,49.59626],[2.58178,49.59932],[2.59021,49.59324],[2.60037,49.5835],[2.60026,49.58197],[2.595,49.57511],[2.57213,49.58179]]]]}},{"type":"Feature","properties":{"code":"60444","nom":"Mureaumont","departement":"60","region":"32"},"geometry":{"type":"MultiPolygon","coordinates":[[[[1.7756,49.64031],[1.7851,49.62684],[1.79387,49.6242],[1.79996,49.62652],[1.80694,49.62633],[1.80852,49.62462],[1.8061,49.61774],[1.80771,49.60999],[1.8098,49.60797],[1.80839,49.60682],[1.7912,49.61039],[1.78741,49.61052],[1.77842,49.62033],[1.77316,49.6246],[1.75872,49.63089],[1.75797,49.63395],[1.77151,49.63987],[1.7756,49.64031]]]]}},{"type":"Feature","properties":{"code":"60445","nom":"Nampcel","departement":"60","region":"32"},"geometry":{"type":"MultiPolygon","coordinates":[[[[3.10732,49.46821],[3.09998,49.46903],[3.09329,49.46866],[3.08199,49.4677],[3.07867,49.47239],[3.0763,49.47834],[3.06217,49.49305],[3.05619,49.49778],[3.05651,49.49943],[3.0583,49.5004],[3.05962,49.50264],[3.07467,49.51029],[3.08948,49.52182],[3.09604,49.51892],[3.09596,49.518],[3.09547,49.51362],[3.10096,49.5055],[3.10638,49.50375],[3.11032,49.50176],[3.1162,49.49526],[3.12181,49.49382],[3.12066,49.49089],[3.12437,49.48013],[3.11941,49.47852],[3.11158,49.47839],[3.10721,49.47586],[3.10531,49.47322],[3.10732,49.46821]]]]}},{"type":"Feature","properties":{"code":"60446","nom":"Nanteuil-le-Haudouin","departement":"60","region":"32"},"geometry":{"type":"MultiPolygon","coordinates":[[[[2.82217,49.16446],[2.82316,49.16505],[2.82,49.16008],[2.82229,49.15438],[2.84146,49.14666],[2.85455,49.13977],[2.85864,49.13994],[2.86227,49.13727],[2.86107,49.13578],[2.85234,49.13309],[2.84378,49.12927],[2.83911,49.12383],[2.83063,49.11725],[2.81353,49.11364],[2.80113,49.12289],[2.79866,49.12374],[2.78895,49.12472],[2.77466,49.12412],[2.76741,49.12465],[2.76369,49.12523],[2.76236,49.13029],[2.76489,49.13365],[2.7633,49.13423],[2.77842,49.14748],[2.79534,49.15468],[2.8077,49.15602],[2.81593,49.15967],[2.82217,49.16446]]]]}},{"type":"Feature","properties":{"code":"60447","nom":"Néry","departement":"60","region":"32"},"geometry":{"type":"MultiPolygon","coordinates":[[[[2.8023,49.27066],[2.80017,49.25615],[2.79156,49.25576],[2.77883,49.24701],[2.77161,49.24664],[2.76434,49.25215],[2.7602,49.25198],[2.76006,49.251],[2.75661,49.2512],[2.74566,49.25713],[2.73879,49.2627],[2.74177,49.26719],[2.73905,49.27573],[2.74682,49.27507],[2.74971,49.27854],[2.7533,49.28852],[2.75897,49.29343],[2.7629,49.29566],[2.77503,49.2977],[2.78372,49.29711],[2.78816,49.30261],[2.79117,49.30198],[2.79603,49.29936],[2.78518,49.28936],[2.78689,49.2893],[2.7792,49.2758],[2.78376,49.27337],[2.8023,49.27066]]]]}},{"type":"Feature","properties":{"code":"60448","nom":"Neufchelles","departement":"60","region":"32"},"geometry":{"type":"MultiPolygon","coordinates":[[[[3.03722,49.10301],[3.02901,49.11495],[3.03745,49.12821],[3.05392,49.128],[3.0648,49.12907],[3.07656,49.12197],[3.07196,49.11776],[3.06978,49.11686],[3.05621,49.10194],[3.04682,49.10491],[3.03958,49.1023],[3.03722,49.10301]]]]}},{"type":"Feature","properties":{"code":"60449","nom":"Neufvy-sur-Aronde","departement":"60","region":"32"},"geometry":{"type":"MultiPolygon","coordinates":[[[[2.63678,49.50432],[2.64253,49.51289],[2.63935,49.5198],[2.6382,49.52315],[2.64,49.52319],[2.64529,49.52437],[2.65606,49.53015],[2.66754,49.53417],[2.666,49.52657],[2.66032,49.52101],[2.66438,49.51625],[2.66918,49.51444],[2.67099,49.51475],[2.67151,49.514],[2.66883,49.51354],[2.66622,49.50822],[2.66218,49.50553],[2.66974,49.49762],[2.66376,49.49494],[2.65902,49.48923],[2.6599,49.48725],[2.64681,49.49196],[2.63841,49.49603],[2.63678,49.50432]]]]}},{"type":"Feature","properties":{"code":"60450","nom":"Neuilly-en-Thelle","departement":"60","region":"32"},"geometry":{"type":"MultiPolygon","coordinates":[[[[2.24954,49.22144],[2.25456,49.22235],[2.25983,49.22577],[2.26595,49.23429],[2.26624,49.24998],[2.26507,49.25071],[2.27234,49.25592],[2.28666,49.25432],[2.29562,49.25505],[2.30073,49.25676],[2.3013,49.25522],[2.30502,49.25369],[2.30318,49.25263],[2.29409,49.23625],[2.29729,49.2227],[2.30136,49.22176],[2.3032,49.21482],[2.30241,49.20788],[2.30193,49.20692],[2.29926,49.20617],[2.29101,49.20579],[2.28603,49.20384],[2.28581,49.2028],[2.28451,49.19909],[2.28184,49.19958],[2.2764,49.20536],[2.24877,49.21428],[2.24954,49.22144]]]]}},{"type":"Feature","properties":{"code":"60451","nom":"Neuilly-sous-Clermont","departement":"60","region":"32"},"geometry":{"type":"MultiPolygon","coordinates":[[[[2.37958,49.36649],[2.38836,49.36991],[2.3905,49.36596],[2.3947,49.36678],[2.39272,49.364],[2.40599,49.35624],[2.41899,49.35292],[2.42372,49.35427],[2.42929,49.34912],[2.43127,49.34577],[2.42329,49.34357],[2.42244,49.34042],[2.42328,49.33648],[2.41369,49.33725],[2.41103,49.33811],[2.39122,49.33709],[2.38351,49.33897],[2.38154,49.34083],[2.38508,49.34936],[2.37958,49.36649]]]]}},{"type":"Feature","properties":{"code":"60452","nom":"Neuville-Bosc","departement":"60","region":"32"},"geometry":{"type":"MultiPolygon","coordinates":[[[[2.03824,49.19238],[2.038,49.19217],[2.03624,49.19099],[2.02566,49.18883],[2.02178,49.18881],[2.01851,49.19061],[2.00846,49.19355],[1.99032,49.19346],[1.98422,49.19589],[1.98207,49.19729],[1.99365,49.21218],[1.99733,49.2135],[2.01754,49.21361],[2.01959,49.21444],[2.02238,49.21843],[2.03523,49.21354],[2.03733,49.20439],[2.03705,49.19341],[2.03824,49.19238]]]]}},{"type":"Feature","properties":{"code":"60454","nom":"La Neuville-en-Hez","departement":"60","region":"32"},"geometry":{"type":"MultiPolygon","coordinates":[[[[2.35716,49.41486],[2.37281,49.41099],[2.37438,49.41034],[2.37492,49.40856],[2.36689,49.39816],[2.36025,49.39358],[2.35152,49.39015],[2.34947,49.38677],[2.35626,49.37903],[2.36005,49.37898],[2.36344,49.38069],[2.36932,49.37954],[2.37781,49.37375],[2.37813,49.36898],[2.3753,49.36697],[2.37369,49.36755],[2.36979,49.36872],[2.3589,49.36663],[2.35437,49.36088],[2.35036,49.3593],[2.34828,49.3594],[2.3478,49.36131],[2.34365,49.36423],[2.3294,49.36902],[2.32009,49.37116],[2.31417,49.36831],[2.30816,49.36755],[2.2983,49.35997],[2.27875,49.36902],[2.2773,49.36974],[2.28029,49.37127],[2.27645,49.38791],[2.2798,49.38885],[2.282,49.38964],[2.27815,49.39503],[2.29312,49.39946],[2.30602,49.40429],[2.31302,49.40538],[2.31632,49.41107],[2.32578,49.4084],[2.34256,49.40837],[2.34704,49.40924],[2.34867,49.4106],[2.34741,49.41374],[2.35172,49.41501],[2.35716,49.41486]]]]}},{"type":"Feature","properties":{"code":"60456","nom":"La Neuville-Roy","departement":"60","region":"32"},"geometry":{"type":"MultiPolygon","coordinates":[[[[2.60947,49.49137],[2.6078,49.49057],[2.60832,49.48726],[2.61209,49.48074],[2.61064,49.47993],[2.60562,49.47926],[2.59944,49.47397],[2.59543,49.46892],[2.5894,49.45779],[2.5835,49.45715],[2.58373,49.46113],[2.57485,49.4595],[2.56068,49.46215],[2.56232,49.46487],[2.5618,49.47577],[2.55988,49.47899],[2.55185,49.48594],[2.55738,49.49005],[2.56532,49.49286],[2.57933,49.49593],[2.59235,49.49686],[2.59997,49.49559],[2.60141,49.49744],[2.60346,49.49673],[2.60266,49.49354],[2.60947,49.49137]]]]}},{"type":"Feature","properties":{"code":"60457","nom":"La Neuville-Saint-Pierre","departement":"60","region":"32"},"geometry":{"type":"MultiPolygon","coordinates":[[[[2.18707,49.51897],[2.18549,49.52398],[2.18157,49.52599],[2.18348,49.52714],[2.18341,49.54041],[2.18546,49.54653],[2.19162,49.54643],[2.19216,49.54701],[2.19461,49.54584],[2.19883,49.53459],[2.20786,49.5334],[2.21439,49.53522],[2.21219,49.52869],[2.21018,49.5258],[2.19791,49.52017],[2.1899,49.51862],[2.18707,49.51897]]]]}},{"type":"Feature","properties":{"code":"60458","nom":"La Neuville-sur-Oudeuil","departement":"60","region":"32"},"geometry":{"type":"MultiPolygon","coordinates":[[[[2.00828,49.55791],[1.98699,49.56514],[2.0019,49.57379],[2.0145,49.57637],[2.03362,49.5781],[2.02537,49.56583],[2.02811,49.56412],[2.01152,49.55727],[2.01062,49.55759],[2.00828,49.55791]]]]}},{"type":"Feature","properties":{"code":"60459","nom":"La Neuville-sur-Ressons","departement":"60","region":"32"},"geometry":{"type":"MultiPolygon","coordinates":[[[[2.76058,49.54286],[2.75836,49.54303],[2.73915,49.55006],[2.73017,49.55121],[2.72906,49.54948],[2.72444,49.55283],[2.72453,49.55851],[2.72869,49.55945],[2.72991,49.55857],[2.7405,49.55701],[2.74847,49.55676],[2.76599,49.54921],[2.76463,49.54457],[2.76058,49.54286]]]]}},{"type":"Feature","properties":{"code":"60460","nom":"La Neuville-Vault","departement":"60","region":"32"},"geometry":{"type":"MultiPolygon","coordinates":[[[[1.94687,49.48914],[1.95644,49.4945],[1.96575,49.49671],[1.97231,49.49432],[1.97343,49.49461],[1.97822,49.5002],[1.98793,49.49689],[1.98997,49.4945],[1.98377,49.48427],[1.96303,49.48371],[1.96193,49.4813],[1.95945,49.48001],[1.94979,49.48052],[1.94532,49.48171],[1.94359,49.48239],[1.93807,49.48919],[1.93914,49.49033],[1.94136,49.48873],[1.94687,49.48914]]]]}},{"type":"Feature","properties":{"code":"60461","nom":"Nivillers","departement":"60","region":"32"},"geometry":{"type":"MultiPolygon","coordinates":[[[[2.15571,49.45966],[2.16047,49.4644],[2.16581,49.46701],[2.16597,49.46838],[2.17284,49.46649],[2.18753,49.46537],[2.18826,49.46219],[2.18704,49.4578],[2.18746,49.45435],[2.17824,49.4438],[2.17805,49.44152],[2.16098,49.43564],[2.15339,49.43511],[2.14933,49.43466],[2.14891,49.43512],[2.14532,49.44026],[2.14643,49.4426],[2.14409,49.44547],[2.15128,49.44716],[2.15478,49.4505],[2.15571,49.45966]]]]}},{"type":"Feature","properties":{"code":"60462","nom":"Noailles","departement":"60","region":"32"},"geometry":{"type":"MultiPolygon","coordinates":[[[[2.16886,49.30443],[2.16429,49.30734],[2.1626,49.31043],[2.16651,49.31416],[2.18356,49.32494],[2.18288,49.3256],[2.18353,49.32693],[2.19156,49.33234],[2.19458,49.33612],[2.19478,49.34008],[2.20246,49.34234],[2.20689,49.34226],[2.2057,49.34134],[2.20785,49.33759],[2.22226,49.32243],[2.21857,49.31945],[2.20338,49.31058],[2.19759,49.304],[2.19501,49.30232],[2.18486,49.30153],[2.18139,49.30133],[2.17511,49.30229],[2.16886,49.30443]]]]}},{"type":"Feature","properties":{"code":"60463","nom":"Nogent-sur-Oise","departement":"60","region":"32"},"geometry":{"type":"MultiPolygon","coordinates":[[[[2.49287,49.27696],[2.49591,49.27484],[2.49559,49.27459],[2.48874,49.26562],[2.48461,49.26891],[2.48335,49.27001],[2.47358,49.26599],[2.47309,49.26697],[2.46832,49.26588],[2.46024,49.26408],[2.45683,49.26598],[2.45612,49.26546],[2.45282,49.26567],[2.44555,49.26891],[2.43774,49.27589],[2.43534,49.27953],[2.43535,49.28111],[2.43309,49.28393],[2.43384,49.28484],[2.43516,49.28463],[2.4433,49.28089],[2.45656,49.28882],[2.46901,49.28681],[2.47333,49.28517],[2.48488,49.27987],[2.49287,49.27696]]]]}},{"type":"Feature","properties":{"code":"60464","nom":"Nointel","departement":"60","region":"32"},"geometry":{"type":"MultiPolygon","coordinates":[[[[2.48518,49.35956],[2.47354,49.35911],[2.46916,49.36235],[2.47185,49.36815],[2.46976,49.36893],[2.46888,49.37064],[2.46959,49.38254],[2.47339,49.38711],[2.47939,49.39195],[2.48078,49.3948],[2.47573,49.396],[2.4766,49.40008],[2.47755,49.40067],[2.49271,49.39992],[2.50123,49.40407],[2.50579,49.40372],[2.51338,49.40131],[2.49277,49.36856],[2.48518,49.35956]]]]}},{"type":"Feature","properties":{"code":"60465","nom":"Noirémont","departement":"60","region":"32"},"geometry":{"type":"MultiPolygon","coordinates":[[[[2.19917,49.56138],[2.20877,49.55657],[2.21622,49.55139],[2.21909,49.55081],[2.22983,49.55256],[2.2319,49.55811],[2.23314,49.55764],[2.2463,49.55386],[2.24267,49.54922],[2.24262,49.54759],[2.24379,49.54672],[2.23844,49.54256],[2.23578,49.54188],[2.22599,49.54317],[2.22036,49.54074],[2.21439,49.53522],[2.20786,49.5334],[2.19883,49.53459],[2.19461,49.54584],[2.19216,49.54701],[2.19078,49.54767],[2.18964,49.55043],[2.19219,49.55742],[2.19917,49.56138]]]]}},{"type":"Feature","properties":{"code":"60466","nom":"Noroy","departement":"60","region":"32"},"geometry":{"type":"MultiPolygon","coordinates":[[[[2.49237,49.44066],[2.49693,49.4538],[2.49878,49.45341],[2.50137,49.45529],[2.50792,49.45748],[2.50923,49.45713],[2.51839,49.45021],[2.52253,49.44976],[2.51949,49.44682],[2.52781,49.44258],[2.52849,49.44092],[2.52762,49.4357],[2.5221,49.4323],[2.51769,49.43032],[2.51142,49.42898],[2.50867,49.42899],[2.50653,49.42792],[2.50321,49.43279],[2.49237,49.44066]]]]}},{"type":"Feature","properties":{"code":"60468","nom":"Nourard-le-Franc","departement":"60","region":"32"},"geometry":{"type":"MultiPolygon","coordinates":[[[[2.39229,49.48967],[2.38214,49.48689],[2.36913,49.48571],[2.356,49.48692],[2.34395,49.49073],[2.33614,49.49487],[2.33379,49.49835],[2.33459,49.50248],[2.33855,49.50941],[2.33454,49.51046],[2.34059,49.51964],[2.34882,49.51493],[2.37013,49.51346],[2.38143,49.51164],[2.38871,49.50993],[2.39373,49.50716],[2.39116,49.4976],[2.39118,49.49246],[2.39229,49.48967]]]]}},{"type":"Feature","properties":{"code":"60469","nom":"Novillers","departement":"60","region":"32"},"geometry":{"type":"MultiPolygon","coordinates":[[[[2.23014,49.28693],[2.23446,49.28451],[2.23654,49.28223],[2.23582,49.28262],[2.22887,49.27958],[2.22609,49.27721],[2.22065,49.26563],[2.22174,49.26388],[2.228,49.2615],[2.22611,49.25682],[2.21997,49.25543],[2.21237,49.25382],[2.21208,49.25431],[2.20661,49.25387],[2.20404,49.26231],[2.20418,49.27017],[2.20459,49.27753],[2.20956,49.281],[2.21312,49.28322],[2.22094,49.28388],[2.2287,49.28594],[2.23014,49.28693]]]]}},{"type":"Feature","properties":{"code":"60470","nom":"Noyers-Saint-Martin","departement":"60","region":"32"},"geometry":{"type":"MultiPolygon","coordinates":[[[[2.29383,49.5664],[2.28859,49.55962],[2.28534,49.55002],[2.28987,49.53836],[2.28848,49.53636],[2.27968,49.5304],[2.27681,49.53163],[2.27245,49.52924],[2.27137,49.52697],[2.25914,49.52301],[2.25939,49.52591],[2.25273,49.52738],[2.24636,49.53145],[2.2451,49.53577],[2.24242,49.53983],[2.23844,49.54256],[2.24379,49.54672],[2.24262,49.54759],[2.24267,49.54922],[2.2463,49.55386],[2.25454,49.5586],[2.25939,49.56468],[2.26047,49.5692],[2.26331,49.57253],[2.27383,49.57534],[2.27541,49.57414],[2.27344,49.57094],[2.27477,49.56877],[2.28618,49.56496],[2.29206,49.56743],[2.29383,49.5664]]]]}},{"type":"Feature","properties":{"code":"60471","nom":"Noyon","departement":"60","region":"32"},"geometry":{"type":"MultiPolygon","coordinates":[[[[3.00007,49.56335],[2.99509,49.56698],[2.98987,49.56833],[2.9887,49.57257],[2.9878,49.57301],[2.98598,49.57192],[2.98624,49.57049],[2.98037,49.56368],[2.97807,49.56421],[2.97548,49.56696],[2.97035,49.56926],[2.97144,49.57306],[2.97034,49.57625],[2.97128,49.57813],[2.97401,49.58261],[2.98187,49.58875],[2.98535,49.5905],[2.9812,49.59298],[2.97996,49.5937],[2.98962,49.59516],[2.99027,49.59425],[3.00425,49.59565],[3.00859,49.60824],[3.02812,49.60439],[3.02878,49.60535],[3.03082,49.60257],[3.02828,49.59971],[3.02715,49.59484],[3.02203,49.58872],[3.02264,49.58658],[3.02498,49.58427],[3.03087,49.58424],[3.03263,49.58317],[3.03409,49.57905],[3.03305,49.57894],[3.03071,49.5787],[3.03081,49.5695],[3.02703,49.56934],[3.02594,49.56631],[3.04437,49.55534],[3.03598,49.55198],[3.02738,49.54972],[3.00007,49.56335]]]]}},{"type":"Feature","properties":{"code":"60472","nom":"Offoy","departement":"60","region":"32"},"geometry":{"type":"MultiPolygon","coordinates":[[[[2.04827,49.68824],[2.04218,49.69022],[2.02996,49.68814],[2.02708,49.68934],[2.02402,49.69337],[2.02546,49.69375],[2.02867,49.69974],[2.02784,49.70314],[2.02252,49.70312],[2.02242,49.7055],[2.02655,49.71023],[2.02819,49.71088],[2.03629,49.70652],[2.04476,49.69941],[2.05501,49.6987],[2.05988,49.69557],[2.06241,49.69033],[2.05983,49.68837],[2.0559,49.68916],[2.04827,49.68824]]]]}},{"type":"Feature","properties":{"code":"60473","nom":"Ognes","departement":"60","region":"32"},"geometry":{"type":"MultiPolygon","coordinates":[[[[2.80921,49.09753],[2.81092,49.09821],[2.81536,49.10621],[2.81353,49.11364],[2.83063,49.11725],[2.83216,49.11256],[2.83727,49.10645],[2.84311,49.10376],[2.84829,49.09667],[2.84843,49.09431],[2.84508,49.08483],[2.833,49.08305],[2.82239,49.08623],[2.81997,49.08741],[2.80921,49.09753]]]]}},{"type":"Feature","properties":{"code":"60474","nom":"Ognolles","departement":"60","region":"32"},"geometry":{"type":"MultiPolygon","coordinates":[[[[2.89255,49.69882],[2.90564,49.7002],[2.90932,49.70292],[2.9105,49.70595],[2.90891,49.70759],[2.91348,49.70973],[2.91708,49.7023],[2.9242,49.6938],[2.92962,49.68352],[2.93035,49.67672],[2.93208,49.67631],[2.93474,49.67682],[2.93666,49.67417],[2.91679,49.67007],[2.91137,49.6767],[2.89847,49.6864],[2.89255,49.69882]]]]}},{"type":"Feature","properties":{"code":"60476","nom":"Omécourt","departement":"60","region":"32"},"geometry":{"type":"MultiPolygon","coordinates":[[[[1.8452,49.62761],[1.85532,49.62149],[1.86557,49.62467],[1.86647,49.6234],[1.86118,49.62243],[1.85737,49.61758],[1.85566,49.61435],[1.85495,49.60575],[1.85301,49.603],[1.84488,49.59823],[1.83842,49.60452],[1.82738,49.61042],[1.81075,49.60728],[1.8098,49.60797],[1.80771,49.60999],[1.8061,49.61774],[1.80852,49.62462],[1.80694,49.62633],[1.82036,49.6247],[1.82624,49.62685],[1.83223,49.63429],[1.83496,49.6343],[1.8452,49.62761]]]]}},{"type":"Feature","properties":{"code":"60477","nom":"Ons-en-Bray","departement":"60","region":"32"},"geometry":{"type":"MultiPolygon","coordinates":[[[[1.90008,49.39785],[1.89486,49.3995],[1.88952,49.40493],[1.90205,49.42006],[1.9036,49.42564],[1.90157,49.42694],[1.90185,49.43247],[1.90987,49.44094],[1.91436,49.44103],[1.9213,49.43591],[1.93559,49.4324],[1.94904,49.43187],[1.95151,49.41911],[1.95015,49.41697],[1.93815,49.41018],[1.9301,49.40456],[1.92124,49.39532],[1.91904,49.39274],[1.90008,49.39785]]]]}},{"type":"Feature","properties":{"code":"60478","nom":"Ormoy-le-Davien","departement":"60","region":"32"},"geometry":{"type":"MultiPolygon","coordinates":[[[[2.97174,49.18795],[2.97161,49.18585],[2.96799,49.18566],[2.95477,49.18648],[2.95016,49.18725],[2.94542,49.18977],[2.94087,49.18964],[2.94155,49.19537],[2.94053,49.19814],[2.9445,49.201],[2.95274,49.20345],[2.95855,49.20369],[2.96213,49.205],[2.96498,49.20623],[2.96471,49.20932],[2.96893,49.21096],[2.96983,49.21041],[2.97214,49.20878],[2.97007,49.19819],[2.96991,49.1905],[2.97174,49.18795]]]]}},{"type":"Feature","properties":{"code":"60479","nom":"Ormoy-Villers","departement":"60","region":"32"},"geometry":{"type":"MultiPolygon","coordinates":[[[[2.87373,49.19608],[2.87353,49.19557],[2.87863,49.19432],[2.87956,49.18977],[2.87386,49.19105],[2.8619,49.18703],[2.85892,49.18749],[2.83644,49.17873],[2.82304,49.1806],[2.81854,49.17795],[2.81685,49.17906],[2.81887,49.18197],[2.81877,49.18491],[2.82201,49.18744],[2.8245,49.19719],[2.82847,49.20236],[2.83361,49.20752],[2.83985,49.21139],[2.84468,49.21273],[2.85991,49.22077],[2.86473,49.21303],[2.86488,49.20925],[2.87403,49.197],[2.87373,49.19608]]]]}},{"type":"Feature","properties":{"code":"60480","nom":"Oroër","departement":"60","region":"32"},"geometry":{"type":"MultiPolygon","coordinates":[[[[2.17025,49.50669],[2.17678,49.5127],[2.1862,49.5179],[2.2035,49.5095],[2.20619,49.5074],[2.20172,49.50442],[2.19806,49.49974],[2.19929,49.49416],[2.19671,49.48795],[2.19459,49.4871],[2.16526,49.47788],[2.1632,49.4774],[2.15299,49.48269],[2.15594,49.48541],[2.16269,49.49045],[2.17175,49.5051],[2.17025,49.50669]]]]}},{"type":"Feature","properties":{"code":"60481","nom":"Orrouy","departement":"60","region":"32"},"geometry":{"type":"MultiPolygon","coordinates":[[[[2.83585,49.28769],[2.83628,49.29761],[2.8331,49.30622],[2.82964,49.30954],[2.82349,49.30779],[2.8216,49.30829],[2.82232,49.30994],[2.83342,49.31757],[2.83657,49.32223],[2.83943,49.32459],[2.84739,49.32544],[2.85242,49.32883],[2.85847,49.32704],[2.87983,49.3316],[2.9003,49.3148],[2.8957,49.31374],[2.89252,49.31449],[2.88909,49.31837],[2.88183,49.31595],[2.8739,49.30937],[2.87243,49.30516],[2.87328,49.30243],[2.86903,49.28919],[2.86581,49.28892],[2.86263,49.28661],[2.85999,49.28258],[2.86272,49.27172],[2.86245,49.27128],[2.85801,49.27215],[2.8579,49.27422],[2.85393,49.28061],[2.84284,49.28601],[2.83585,49.28769]]]]}},{"type":"Feature","properties":{"code":"60482","nom":"Orry-la-Ville","departement":"60","region":"32"},"geometry":{"type":"MultiPolygon","coordinates":[[[[2.49567,49.1585],[2.50157,49.15832],[2.5243,49.16051],[2.52591,49.1568],[2.53647,49.14851],[2.54199,49.14525],[2.53811,49.13959],[2.53336,49.14013],[2.52859,49.1388],[2.52698,49.13731],[2.52253,49.13144],[2.52299,49.12744],[2.51606,49.12589],[2.50336,49.12498],[2.49908,49.12224],[2.47535,49.12845],[2.47751,49.13098],[2.48263,49.13259],[2.48473,49.13923],[2.50015,49.15684],[2.49456,49.15667],[2.49451,49.15792],[2.49567,49.1585]]]]}},{"type":"Feature","properties":{"code":"60483","nom":"Orvillers-Sorel","departement":"60","region":"32"},"geometry":{"type":"MultiPolygon","coordinates":[[[[2.70092,49.5889],[2.70644,49.58759],[2.71634,49.59001],[2.71836,49.58905],[2.72427,49.58921],[2.72645,49.588],[2.72377,49.57332],[2.73377,49.567],[2.72955,49.56371],[2.72869,49.55945],[2.72453,49.55851],[2.721,49.55804],[2.698,49.5603],[2.69813,49.56209],[2.69866,49.56518],[2.69557,49.57271],[2.6798,49.58219],[2.68258,49.58396],[2.68856,49.58573],[2.69148,49.58545],[2.69516,49.58625],[2.70092,49.5889]]]]}},{"type":"Feature","properties":{"code":"60484","nom":"Oudeuil","departement":"60","region":"32"},"geometry":{"type":"MultiPolygon","coordinates":[[[[2.02811,49.56412],[2.0359,49.55963],[2.04005,49.55549],[2.04579,49.54538],[2.04465,49.54447],[2.04412,49.54068],[2.04451,49.53599],[2.04121,49.53506],[2.03906,49.53443],[2.03377,49.5358],[2.0325,49.53511],[2.02923,49.53701],[2.01688,49.53983],[2.01398,49.54169],[2.00805,49.55165],[2.01062,49.55759],[2.01152,49.55727],[2.02811,49.56412]]]]}},{"type":"Feature","properties":{"code":"60485","nom":"Oursel-Maison","departement":"60","region":"32"},"geometry":{"type":"MultiPolygon","coordinates":[[[[2.20269,49.61382],[2.20028,49.6036],[2.19761,49.59909],[2.19146,49.59786],[2.18846,49.59445],[2.17889,49.59124],[2.17577,49.59098],[2.17088,49.58983],[2.15405,49.5897],[2.15167,49.59192],[2.15212,49.59507],[2.16061,49.60562],[2.16373,49.61244],[2.17636,49.61294],[2.20269,49.61382]]]]}},{"type":"Feature","properties":{"code":"60486","nom":"Paillart","departement":"60","region":"32"},"geometry":{"type":"MultiPolygon","coordinates":[[[[2.31544,49.68999],[2.31701,49.68757],[2.32725,49.68286],[2.33189,49.68169],[2.33408,49.67679],[2.33408,49.67222],[2.35076,49.66369],[2.3553,49.66426],[2.36032,49.65796],[2.34346,49.64674],[2.33398,49.6439],[2.33206,49.64865],[2.32737,49.64726],[2.31673,49.64674],[2.30826,49.64952],[2.30042,49.66033],[2.29497,49.65911],[2.29118,49.65819],[2.28859,49.66253],[2.29164,49.66963],[2.29301,49.67009],[2.29445,49.67006],[2.2953,49.67432],[2.2901,49.68458],[2.30177,49.68105],[2.31092,49.68559],[2.31544,49.68999]]]]}},{"type":"Feature","properties":{"code":"60487","nom":"Parnes","departement":"60","region":"32"},"geometry":{"type":"MultiPolygon","coordinates":[[[[1.7404,49.22283],[1.74024,49.22151],[1.74131,49.22119],[1.76578,49.21641],[1.77263,49.2066],[1.76646,49.19595],[1.76718,49.19019],[1.76906,49.18749],[1.77426,49.18473],[1.77639,49.18488],[1.77686,49.18415],[1.76695,49.18003],[1.75093,49.17624],[1.7424,49.17984],[1.7401,49.18081],[1.74265,49.18449],[1.73989,49.19208],[1.73727,49.19479],[1.72913,49.19522],[1.72587,49.19433],[1.72433,49.2007],[1.71841,49.20278],[1.71553,49.20266],[1.72935,49.20975],[1.73411,49.22128],[1.74046,49.22367],[1.7404,49.22283]]]]}},{"type":"Feature","properties":{"code":"60488","nom":"Passel","departement":"60","region":"32"},"geometry":{"type":"MultiPolygon","coordinates":[[[[2.98037,49.56368],[2.98162,49.56265],[2.97708,49.56078],[2.97589,49.55903],[2.97704,49.55313],[2.97738,49.55184],[2.9803,49.54982],[2.98092,49.55058],[2.98247,49.55023],[2.98153,49.54823],[2.96082,49.54929],[2.95551,49.5504],[2.94747,49.54934],[2.94675,49.54971],[2.94777,49.55335],[2.95072,49.55552],[2.95359,49.56056],[2.95303,49.56279],[2.95985,49.56347],[2.96948,49.56601],[2.97035,49.56926],[2.97548,49.56696],[2.97807,49.56421],[2.98037,49.56368]]]]}},{"type":"Feature","properties":{"code":"60489","nom":"Péroy-les-Gombries","departement":"60","region":"32"},"geometry":{"type":"MultiPolygon","coordinates":[[[[2.85864,49.13994],[2.85455,49.13977],[2.84146,49.14666],[2.82229,49.15438],[2.82,49.16008],[2.82316,49.16505],[2.82217,49.16446],[2.81954,49.16672],[2.81854,49.17795],[2.82304,49.1806],[2.83644,49.17873],[2.85892,49.18749],[2.8619,49.18703],[2.86351,49.18282],[2.86152,49.18218],[2.85731,49.16349],[2.86062,49.14185],[2.8591,49.14164],[2.85864,49.13994]]]]}},{"type":"Feature","properties":{"code":"60490","nom":"Pierrefitte-en-Beauvaisis","departement":"60","region":"32"},"geometry":{"type":"MultiPolygon","coordinates":[[[[1.93858,49.47879],[1.94532,49.48171],[1.94979,49.48052],[1.95945,49.48001],[1.96193,49.4813],[1.96303,49.48371],[1.98377,49.48427],[1.98758,49.48388],[1.9865,49.47999],[1.98841,49.47796],[1.99289,49.47551],[2.0062,49.47359],[2.00571,49.4639],[2.00309,49.46373],[1.99204,49.45868],[1.98679,49.46506],[1.97189,49.47331],[1.9625,49.47482],[1.94511,49.47554],[1.93753,49.478],[1.93858,49.47879]]]]}},{"type":"Feature","properties":{"code":"60491","nom":"Pierrefonds","departement":"60","region":"32"},"geometry":{"type":"MultiPolygon","coordinates":[[[[3.00165,49.34028],[2.99334,49.33312],[2.97943,49.32818],[2.969,49.3265],[2.96452,49.32159],[2.96322,49.32005],[2.95603,49.32149],[2.93598,49.32893],[2.93964,49.34005],[2.93934,49.34271],[2.93792,49.34691],[2.93233,49.35388],[2.92641,49.36887],[2.97054,49.37028],[2.98712,49.37091],[2.9923,49.3605],[3.00881,49.35536],[3.00977,49.3485],[3.00165,49.34028]]]]}},{"type":"Feature","properties":{"code":"60492","nom":"Pimprez","departement":"60","region":"32"},"geometry":{"type":"MultiPolygon","coordinates":[[[[2.93339,49.4935],[2.93434,49.4958],[2.9379,49.49728],[2.94098,49.50126],[2.93977,49.5115],[2.93436,49.5168],[2.93111,49.51834],[2.94626,49.53442],[2.96667,49.53477],[2.97198,49.52438],[2.9712,49.51781],[2.96799,49.51488],[2.95568,49.51463],[2.954,49.51324],[2.95305,49.50789],[2.95651,49.50512],[2.96563,49.50286],[2.96881,49.50165],[2.96948,49.49771],[2.96377,49.49293],[2.96314,49.49181],[2.95937,49.49115],[2.93927,49.48974],[2.93431,49.49262],[2.93339,49.4935]]]]}},{"type":"Feature","properties":{"code":"60493","nom":"Pisseleu","departement":"60","region":"32"},"geometry":{"type":"MultiPolygon","coordinates":[[[[2.07088,49.53702],[2.06205,49.53136],[2.05353,49.52847],[2.04749,49.53165],[2.04624,49.53145],[2.04121,49.53506],[2.04451,49.53599],[2.04412,49.54068],[2.04465,49.54447],[2.04579,49.54538],[2.06325,49.54501],[2.0676,49.54389],[2.07214,49.54079],[2.07447,49.53781],[2.07088,49.53702]]]]}},{"type":"Feature","properties":{"code":"60494","nom":"Plailly","departement":"60","region":"32"},"geometry":{"type":"MultiPolygon","coordinates":[[[[2.61005,49.09497],[2.61021,49.09289],[2.60485,49.08713],[2.59829,49.08264],[2.5903,49.0799],[2.58298,49.08066],[2.58269,49.08245],[2.57774,49.08782],[2.58014,49.08984],[2.58129,49.08677],[2.58466,49.08478],[2.58783,49.08704],[2.58761,49.09078],[2.58563,49.09395],[2.57698,49.09636],[2.57293,49.09428],[2.56235,49.09778],[2.55959,49.09754],[2.55753,49.10023],[2.55399,49.12104],[2.54991,49.12255],[2.54406,49.12127],[2.54207,49.12225],[2.55245,49.12602],[2.56205,49.14029],[2.57775,49.14114],[2.58603,49.14018],[2.59149,49.13491],[2.59308,49.13122],[2.5905,49.13115],[2.58728,49.12819],[2.58499,49.12565],[2.58398,49.12162],[2.59541,49.1145],[2.5955,49.10631],[2.61005,49.09497]]]]}},{"type":"Feature","properties":{"code":"60495","nom":"Plainval","departement":"60","region":"32"},"geometry":{"type":"MultiPolygon","coordinates":[[[[2.47319,49.52439],[2.47012,49.52598],[2.46309,49.5252],[2.44523,49.51956],[2.44103,49.51768],[2.44,49.51616],[2.43365,49.52385],[2.43196,49.52875],[2.43148,49.53555],[2.43616,49.53768],[2.43515,49.53905],[2.43611,49.54408],[2.44672,49.54192],[2.46093,49.54701],[2.46794,49.54836],[2.47392,49.5509],[2.47648,49.5536],[2.4829,49.54791],[2.48224,49.53618],[2.48701,49.52996],[2.47319,49.52439]]]]}},{"type":"Feature","properties":{"code":"60496","nom":"Plainville","departement":"60","region":"32"},"geometry":{"type":"MultiPolygon","coordinates":[[[[2.43757,49.60238],[2.43164,49.60666],[2.43146,49.6127],[2.42943,49.61589],[2.42915,49.61717],[2.43681,49.61844],[2.44369,49.61832],[2.4631,49.6228],[2.47198,49.61834],[2.46936,49.61388],[2.45983,49.60463],[2.45703,49.60356],[2.44781,49.60289],[2.44352,49.60493],[2.43757,49.60238]]]]}},{"type":"Feature","properties":{"code":"60497","nom":"Le Plessier-sur-Bulles","departement":"60","region":"32"},"geometry":{"type":"MultiPolygon","coordinates":[[[[2.30634,49.49909],[2.31142,49.50216],[2.31604,49.50303],[2.33459,49.50248],[2.33379,49.49835],[2.33614,49.49487],[2.32496,49.48947],[2.32185,49.48707],[2.32018,49.48369],[2.32059,49.4814],[2.30325,49.47796],[2.30164,49.48207],[2.30633,49.48346],[2.30854,49.49263],[2.30784,49.49769],[2.30634,49.49909]]]]}},{"type":"Feature","properties":{"code":"60498","nom":"Le Plessier-sur-Saint-Just","departement":"60","region":"32"},"geometry":{"type":"MultiPolygon","coordinates":[[[[2.44346,49.49456],[2.44229,49.50149],[2.44264,49.50563],[2.44484,49.51093],[2.44,49.51616],[2.44103,49.51768],[2.44523,49.51956],[2.46309,49.5252],[2.47012,49.52598],[2.47319,49.52439],[2.47704,49.51806],[2.47328,49.50368],[2.47027,49.50299],[2.47257,49.49844],[2.47305,49.49562],[2.47206,49.49512],[2.46433,49.49131],[2.45548,49.48964],[2.45076,49.49079],[2.44346,49.49456]]]]}},{"type":"Feature","properties":{"code":"60499","nom":"Plessis-de-Roye","departement":"60","region":"32"},"geometry":{"type":"MultiPolygon","coordinates":[[[[2.85227,49.57453],[2.85366,49.57397],[2.85295,49.57332],[2.85879,49.57093],[2.85307,49.56965],[2.82597,49.5569],[2.8235,49.55441],[2.82098,49.5553],[2.81665,49.55873],[2.81676,49.57026],[2.80892,49.58047],[2.80366,49.58286],[2.80414,49.58325],[2.81186,49.58986],[2.81849,49.58505],[2.83318,49.57979],[2.85227,49.57453]]]]}},{"type":"Feature","properties":{"code":"60500","nom":"Le Plessis-Belleville","departement":"60","region":"32"},"geometry":{"type":"MultiPolygon","coordinates":[[[[2.75015,49.11648],[2.75517,49.11329],[2.75727,49.11483],[2.75907,49.11412],[2.76235,49.11283],[2.77168,49.09751],[2.78387,49.0889],[2.78458,49.08804],[2.7813,49.08511],[2.77122,49.08401],[2.76872,49.08313],[2.74316,49.09581],[2.73652,49.10041],[2.73765,49.10105],[2.74002,49.10237],[2.73615,49.10535],[2.75015,49.11648]]]]}},{"type":"Feature","properties":{"code":"60501","nom":"Le Plessis-Brion","departement":"60","region":"32"},"geometry":{"type":"MultiPolygon","coordinates":[[[[2.89012,49.47125],[2.90812,49.46585],[2.91976,49.47121],[2.93629,49.47005],[2.94153,49.45891],[2.90892,49.44977],[2.90242,49.45654],[2.88385,49.45773],[2.87427,49.46147],[2.87343,49.46713],[2.87252,49.46752],[2.87431,49.46815],[2.88965,49.47051],[2.89012,49.47125]]]]}},{"type":"Feature","properties":{"code":"60502","nom":"Le Plessis-Patte-d'Oie","departement":"60","region":"32"},"geometry":{"type":"MultiPolygon","coordinates":[[[[3.0564,49.67558],[3.05849,49.68887],[3.05987,49.692],[3.06051,49.69307],[3.07073,49.69225],[3.07473,49.69025],[3.07854,49.69024],[3.07214,49.67879],[3.06436,49.67137],[3.05966,49.67084],[3.05543,49.66984],[3.0564,49.67558]]]]}},{"type":"Feature","properties":{"code":"60504","nom":"Ponchon","departement":"60","region":"32"},"geometry":{"type":"MultiPolygon","coordinates":[[[[2.18288,49.3256],[2.18077,49.32743],[2.17296,49.33125],[2.16291,49.33459],[2.1626,49.33642],[2.15946,49.33854],[2.15937,49.34006],[2.16076,49.34056],[2.16189,49.34096],[2.16577,49.34786],[2.16946,49.35822],[2.16716,49.3645],[2.17222,49.36686],[2.18004,49.369],[2.18152,49.37117],[2.18279,49.36764],[2.19543,49.35799],[2.2027,49.35614],[2.21735,49.3581],[2.21449,49.35687],[2.20843,49.34717],[2.20689,49.34226],[2.20246,49.34234],[2.19478,49.34008],[2.19458,49.33612],[2.19156,49.33234],[2.18353,49.32693],[2.18288,49.3256]]]]}},{"type":"Feature","properties":{"code":"60505","nom":"Pontarmé","departement":"60","region":"32"},"geometry":{"type":"MultiPolygon","coordinates":[[[[2.60005,49.16595],[2.57092,49.16758],[2.5635,49.15695],[2.55988,49.14953],[2.56218,49.14435],[2.56205,49.14029],[2.55949,49.14039],[2.54238,49.14584],[2.54199,49.14525],[2.53647,49.14851],[2.52591,49.1568],[2.5243,49.16051],[2.52709,49.16552],[2.52613,49.17257],[2.53831,49.1697],[2.53906,49.169],[2.55295,49.17459],[2.55669,49.18603],[2.56029,49.18852],[2.56188,49.18765],[2.57151,49.18768],[2.57392,49.18751],[2.57987,49.185],[2.57952,49.18003],[2.58484,49.17311],[2.60537,49.17852],[2.60524,49.17771],[2.60256,49.17633],[2.60005,49.16595]]]]}},{"type":"Feature","properties":{"code":"60506","nom":"Pont-l'Évêque","departement":"60","region":"32"},"geometry":{"type":"MultiPolygon","coordinates":[[[[2.98037,49.56368],[2.98624,49.57049],[2.98598,49.57192],[2.9878,49.57301],[2.9887,49.57257],[2.98987,49.56833],[2.99509,49.56698],[3.00007,49.56335],[2.99244,49.56381],[2.98732,49.56194],[2.97704,49.55313],[2.97589,49.55903],[2.97708,49.56078],[2.98162,49.56265],[2.98037,49.56368]]]]}},{"type":"Feature","properties":{"code":"60507","nom":"Pontoise-lès-Noyon","departement":"60","region":"32"},"geometry":{"type":"MultiPolygon","coordinates":[[[[3.0734,49.5381],[3.07509,49.53707],[3.074,49.53594],[3.07225,49.53695],[3.06343,49.53614],[3.06408,49.53422],[3.06242,49.53072],[3.04975,49.53079],[3.0444,49.53514],[3.03526,49.53774],[3.0276,49.53739],[3.01851,49.54134],[3.0172,49.54327],[3.02108,49.54554],[3.0262,49.54717],[3.02738,49.54972],[3.03598,49.55198],[3.04437,49.55534],[3.04907,49.55883],[3.06161,49.55174],[3.06695,49.547],[3.0702,49.53994],[3.0734,49.5381]]]]}},{"type":"Feature","properties":{"code":"60508","nom":"Pontpoint","departement":"60","region":"32"},"geometry":{"type":"MultiPolygon","coordinates":[[[[2.65349,49.32353],[2.67222,49.32016],[2.68001,49.31557],[2.68903,49.31356],[2.68596,49.30657],[2.68063,49.3038],[2.67461,49.29887],[2.66593,49.28385],[2.66683,49.28259],[2.66836,49.28235],[2.66681,49.27816],[2.6354,49.27812],[2.62217,49.27779],[2.62331,49.28],[2.62355,49.2855],[2.62071,49.28977],[2.61688,49.29299],[2.61451,49.29279],[2.61265,49.29519],[2.61101,49.30418],[2.61198,49.30413],[2.62033,49.30964],[2.62491,49.31459],[2.62965,49.31715],[2.65349,49.32353]]]]}},{"type":"Feature","properties":{"code":"60509","nom":"Pont-Sainte-Maxence","departement":"60","region":"32"},"geometry":{"type":"MultiPolygon","coordinates":[[[[2.58482,49.29365],[2.58116,49.29865],[2.58013,49.30332],[2.57661,49.30352],[2.57682,49.30554],[2.578,49.30638],[2.58227,49.30737],[2.59184,49.30811],[2.60405,49.31053],[2.60316,49.33171],[2.60332,49.33312],[2.60336,49.33322],[2.60541,49.33703],[2.60776,49.33871],[2.6182,49.33035],[2.62444,49.332],[2.62962,49.32583],[2.63465,49.32763],[2.63912,49.32777],[2.64883,49.32668],[2.65349,49.32353],[2.62965,49.31715],[2.62491,49.31459],[2.62033,49.30964],[2.61198,49.30413],[2.61101,49.30418],[2.61265,49.29519],[2.61451,49.29279],[2.61688,49.29299],[2.62071,49.28977],[2.62355,49.2855],[2.62331,49.28],[2.62217,49.27779],[2.60717,49.27753],[2.59473,49.27728],[2.58571,49.27858],[2.58407,49.29343],[2.58482,49.29365]]]]}},{"type":"Feature","properties":{"code":"60510","nom":"Porcheux","departement":"60","region":"32"},"geometry":{"type":"MultiPolygon","coordinates":[[[[1.94559,49.33935],[1.93237,49.32824],[1.92782,49.32611],[1.92228,49.32452],[1.91598,49.32109],[1.91397,49.32317],[1.91074,49.33163],[1.90981,49.33279],[1.91133,49.33321],[1.91391,49.33622],[1.91079,49.33959],[1.91204,49.34292],[1.91703,49.34621],[1.93334,49.35159],[1.9442,49.33939],[1.94559,49.33935]]]]}},{"type":"Feature","properties":{"code":"60511","nom":"Porquéricourt","departement":"60","region":"32"},"geometry":{"type":"MultiPolygon","coordinates":[[[[2.92938,49.59821],[2.93446,49.60045],[2.93984,49.60523],[2.95318,49.60324],[2.95809,49.60665],[2.97996,49.5937],[2.9812,49.59298],[2.95914,49.59129],[2.95033,49.58889],[2.94946,49.59009],[2.93269,49.59543],[2.92938,49.59821]]]]}},{"type":"Feature","properties":{"code":"60512","nom":"Pouilly","departement":"60","region":"32"},"geometry":{"type":"MultiPolygon","coordinates":[[[[2.04567,49.28669],[2.04303,49.2745],[2.03685,49.26468],[2.02766,49.26243],[2.02398,49.2622],[2.00823,49.26614],[2.02658,49.27347],[2.03027,49.27638],[2.0362,49.2874],[2.0371,49.29254],[2.03602,49.29502],[2.04054,49.29404],[2.03983,49.29253],[2.04084,49.28927],[2.04358,49.2862],[2.04567,49.28669]]]]}},{"type":"Feature","properties":{"code":"60513","nom":"Précy-sur-Oise","departement":"60","region":"32"},"geometry":{"type":"MultiPolygon","coordinates":[[[[2.37474,49.21874],[2.37793,49.21653],[2.38402,49.20951],[2.38658,49.20358],[2.39132,49.20433],[2.39132,49.20255],[2.38573,49.1956],[2.38195,49.19396],[2.37871,49.19181],[2.376,49.18698],[2.3731,49.1855],[2.37086,49.18541],[2.36739,49.18909],[2.36369,49.19111],[2.33722,49.19822],[2.33564,49.19705],[2.33166,49.20028],[2.33314,49.2017],[2.3339,49.21088],[2.34864,49.21539],[2.37259,49.21767],[2.37474,49.21874]]]]}},{"type":"Feature","properties":{"code":"60514","nom":"Prévillers","departement":"60","region":"32"},"geometry":{"type":"MultiPolygon","coordinates":[[[[1.98015,49.61192],[1.97873,49.61252],[1.97828,49.61954],[1.97885,49.62044],[1.9909,49.62498],[1.99758,49.62575],[2.00807,49.62987],[2.01111,49.63251],[2.02162,49.62643],[2.0217,49.62044],[2.01941,49.61848],[2.0134,49.61776],[2.00626,49.61443],[2.00178,49.60735],[2.00701,49.60062],[2.00156,49.59974],[1.9919,49.6075],[1.98463,49.61103],[1.98065,49.61234],[1.98015,49.61192]]]]}},{"type":"Feature","properties":{"code":"60515","nom":"Pronleroy","departement":"60","region":"32"},"geometry":{"type":"MultiPolygon","coordinates":[[[[2.52602,49.47917],[2.52808,49.47943],[2.52669,49.47977],[2.52625,49.48143],[2.53029,49.48164],[2.54815,49.48666],[2.54975,49.48784],[2.54918,49.48703],[2.55185,49.48594],[2.55988,49.47899],[2.5618,49.47577],[2.56232,49.46487],[2.56068,49.46215],[2.55879,49.45951],[2.55138,49.45558],[2.54108,49.45281],[2.53865,49.45553],[2.5294,49.45551],[2.52253,49.44976],[2.51839,49.45021],[2.50923,49.45713],[2.51103,49.45949],[2.51428,49.46143],[2.51703,49.46285],[2.52777,49.47316],[2.52937,49.47736],[2.52602,49.47917]]]]}},{"type":"Feature","properties":{"code":"60516","nom":"Puiseux-en-Bray","departement":"60","region":"32"},"geometry":{"type":"MultiPolygon","coordinates":[[[[1.74549,49.40915],[1.76244,49.41593],[1.77849,49.42529],[1.7801,49.42705],[1.78763,49.42286],[1.79115,49.41917],[1.79016,49.4152],[1.80191,49.41031],[1.80636,49.40703],[1.80507,49.40218],[1.80427,49.40211],[1.78566,49.3997],[1.77183,49.3968],[1.77031,49.39708],[1.77094,49.39902],[1.75596,49.40531],[1.7494,49.40651],[1.74549,49.40915]]]]}},{"type":"Feature","properties":{"code":"60517","nom":"Puiseux-le-Hauberger","departement":"60","region":"32"},"geometry":{"type":"MultiPolygon","coordinates":[[[[2.23064,49.20521],[2.22737,49.20778],[2.22166,49.20736],[2.21931,49.20856],[2.21419,49.21344],[2.21508,49.21756],[2.21905,49.22435],[2.22564,49.22823],[2.22137,49.23325],[2.23408,49.23488],[2.2468,49.22377],[2.24966,49.22234],[2.24954,49.22144],[2.24877,49.21428],[2.24575,49.21374],[2.24334,49.20864],[2.2393,49.20621],[2.23064,49.20521]]]]}},{"type":"Feature","properties":{"code":"60518","nom":"Puits-la-Vallée","departement":"60","region":"32"},"geometry":{"type":"MultiPolygon","coordinates":[[[[2.17577,49.59098],[2.17889,49.59124],[2.18846,49.59445],[2.19146,49.59786],[2.19761,49.59909],[2.19718,49.58989],[2.20262,49.58326],[2.20508,49.58294],[2.2085,49.58089],[2.20732,49.57942],[2.20555,49.57996],[2.20388,49.57888],[2.19856,49.57356],[2.18998,49.5707],[2.18859,49.5709],[2.18299,49.5748],[2.17716,49.57564],[2.1746,49.58232],[2.17636,49.5891],[2.17577,49.59098]]]]}},{"type":"Feature","properties":{"code":"60519","nom":"Quesmy","departement":"60","region":"32"},"geometry":{"type":"MultiPolygon","coordinates":[[[[3.06586,49.64372],[3.06706,49.62987],[3.06899,49.62162],[3.06687,49.62069],[3.05671,49.62134],[3.05451,49.62068],[3.04719,49.62137],[3.03851,49.6261],[3.03784,49.63143],[3.04272,49.63912],[3.04525,49.64258],[3.06028,49.64452],[3.06586,49.64372]]]]}},{"type":"Feature","properties":{"code":"60520","nom":"Le Quesnel-Aubry","departement":"60","region":"32"},"geometry":{"type":"MultiPolygon","coordinates":[[[[2.33459,49.50248],[2.31604,49.50303],[2.31142,49.50216],[2.30634,49.49909],[2.29468,49.50761],[2.30169,49.52142],[2.30535,49.52613],[2.30691,49.52783],[2.30896,49.5273],[2.30848,49.52371],[2.31593,49.51737],[2.33454,49.51046],[2.33855,49.50941],[2.33459,49.50248]]]]}},{"type":"Feature","properties":{"code":"60521","nom":"Quincampoix-Fleuzy","departement":"60","region":"32"},"geometry":{"type":"MultiPolygon","coordinates":[[[[1.79603,49.72706],[1.78219,49.73517],[1.7761,49.73369],[1.77286,49.73088],[1.76771,49.73163],[1.74589,49.73874],[1.73882,49.74926],[1.74296,49.75275],[1.76088,49.7575],[1.78116,49.75866],[1.78378,49.7583],[1.78994,49.75376],[1.78985,49.7518],[1.787,49.74727],[1.78958,49.7424],[1.79637,49.73629],[1.79618,49.73326],[1.79807,49.72819],[1.79603,49.72706]]]]}},{"type":"Feature","properties":{"code":"60522","nom":"Quinquempoix","departement":"60","region":"32"},"geometry":{"type":"MultiPolygon","coordinates":[[[[2.43148,49.53555],[2.41001,49.53419],[2.40853,49.53608],[2.39809,49.5483],[2.39532,49.5516],[2.41099,49.55764],[2.4096,49.55907],[2.43616,49.5566],[2.43611,49.54408],[2.43515,49.53905],[2.43616,49.53768],[2.43148,49.53555]]]]}},{"type":"Feature","properties":{"code":"60523","nom":"Rainvillers","departement":"60","region":"32"},"geometry":{"type":"MultiPolygon","coordinates":[[[[2.01637,49.40076],[2.00974,49.39684],[2.00624,49.39361],[1.99221,49.39828],[1.98371,49.3981],[1.97567,49.39963],[1.98378,49.40862],[1.97838,49.41386],[1.98047,49.41557],[1.98847,49.41964],[2.00828,49.41819],[2.01332,49.41896],[2.02134,49.40873],[2.01637,49.40076]]]]}},{"type":"Feature","properties":{"code":"60524","nom":"Rantigny","departement":"60","region":"32"},"geometry":{"type":"MultiPolygon","coordinates":[[[[2.43238,49.32099],[2.42955,49.32221],[2.42308,49.32964],[2.42328,49.33648],[2.42244,49.34042],[2.42329,49.34357],[2.43127,49.34577],[2.43933,49.34656],[2.44048,49.34813],[2.45024,49.33518],[2.44888,49.33486],[2.44735,49.32709],[2.44887,49.32433],[2.43238,49.32099]]]]}},{"type":"Feature","properties":{"code":"60525","nom":"Raray","departement":"60","region":"32"},"geometry":{"type":"MultiPolygon","coordinates":[[[[2.73905,49.27573],[2.74177,49.26719],[2.73879,49.2627],[2.73081,49.25511],[2.7188,49.24953],[2.70505,49.25057],[2.70362,49.24998],[2.69653,49.26023],[2.7005,49.26664],[2.7021,49.26732],[2.70636,49.27123],[2.70658,49.27254],[2.71714,49.27087],[2.73869,49.27623],[2.73905,49.27573]]]]}},{"type":"Feature","properties":{"code":"60526","nom":"Ravenel","departement":"60","region":"32"},"geometry":{"type":"MultiPolygon","coordinates":[[[[2.5352,49.52421],[2.53385,49.52242],[2.52594,49.51788],[2.53171,49.5143],[2.52923,49.51388],[2.50952,49.50014],[2.50704,49.50138],[2.50031,49.5009],[2.49405,49.49761],[2.48888,49.49651],[2.48027,49.49667],[2.47257,49.49844],[2.47027,49.50299],[2.47328,49.50368],[2.47704,49.51806],[2.47319,49.52439],[2.48701,49.52996],[2.49262,49.53203],[2.51996,49.52608],[2.5352,49.52421]]]]}},{"type":"Feature","properties":{"code":"60527","nom":"Réez-Fosse-Martin","departement":"60","region":"32"},"geometry":{"type":"MultiPolygon","coordinates":[[[[2.93833,49.10481],[2.92999,49.09517],[2.93641,49.09154],[2.94498,49.09041],[2.94582,49.08832],[2.94433,49.08457],[2.94119,49.08079],[2.93793,49.07857],[2.93661,49.07889],[2.92329,49.07759],[2.90144,49.08534],[2.89608,49.08799],[2.90439,49.0942],[2.90613,49.0985],[2.90192,49.10043],[2.90204,49.10133],[2.90847,49.10053],[2.91753,49.10244],[2.92637,49.10556],[2.93833,49.10481]]]]}},{"type":"Feature","properties":{"code":"60528","nom":"Reilly","departement":"60","region":"32"},"geometry":{"type":"MultiPolygon","coordinates":[[[[1.88625,49.23758],[1.87505,49.23703],[1.86724,49.23378],[1.84776,49.22219],[1.84304,49.22635],[1.8388,49.2318],[1.83515,49.24177],[1.83784,49.24697],[1.85365,49.25704],[1.86487,49.25594],[1.87688,49.25322],[1.87573,49.24856],[1.87484,49.24504],[1.87943,49.24166],[1.88613,49.23889],[1.88625,49.23758]]]]}},{"type":"Feature","properties":{"code":"60529","nom":"Rémécourt","departement":"60","region":"32"},"geometry":{"type":"MultiPolygon","coordinates":[[[[2.49237,49.44066],[2.50321,49.43279],[2.50653,49.42792],[2.49319,49.42028],[2.47902,49.42256],[2.48241,49.4344],[2.49237,49.44066]]]]}},{"type":"Feature","properties":{"code":"60530","nom":"Rémérangles","departement":"60","region":"32"},"geometry":{"type":"MultiPolygon","coordinates":[[[[2.32093,49.44643],[2.32081,49.44565],[2.3167,49.44342],[2.31125,49.44643],[2.30609,49.43954],[2.30251,49.43141],[2.29968,49.43009],[2.2962,49.43489],[2.2931,49.43704],[2.28557,49.43253],[2.285,49.4303],[2.2797,49.43047],[2.27697,49.436],[2.27437,49.43743],[2.27243,49.44061],[2.27316,49.44402],[2.27165,49.4483],[2.2652,49.45624],[2.26118,49.45857],[2.2795,49.46035],[2.28882,49.46181],[2.2955,49.4637],[2.32093,49.44643]]]]}},{"type":"Feature","properties":{"code":"60531","nom":"Remy","departement":"60","region":"32"},"geometry":{"type":"MultiPolygon","coordinates":[[[[2.72595,49.46546],[2.72996,49.45475],[2.7312,49.45398],[2.72438,49.44163],[2.7284,49.43125],[2.73652,49.42871],[2.73964,49.42429],[2.73791,49.42036],[2.73506,49.41733],[2.72765,49.41362],[2.72592,49.41225],[2.70824,49.41377],[2.69573,49.41196],[2.68161,49.41482],[2.6732,49.4153],[2.6722,49.41755],[2.66781,49.42149],[2.66163,49.42399],[2.65917,49.43034],[2.65943,49.43367],[2.66871,49.43821],[2.68835,49.44305],[2.69339,49.44515],[2.69939,49.45129],[2.7018,49.4562],[2.70904,49.4556],[2.71055,49.45806],[2.70736,49.46242],[2.71596,49.47112],[2.71698,49.47103],[2.72595,49.46546]]]]}},{"type":"Feature","properties":{"code":"60533","nom":"Ressons-sur-Matz","departement":"60","region":"32"},"geometry":{"type":"MultiPolygon","coordinates":[[[[2.76058,49.54286],[2.7554,49.53034],[2.75272,49.52817],[2.75629,49.52764],[2.75334,49.52555],[2.74761,49.52377],[2.74228,49.52308],[2.73627,49.52308],[2.73051,49.52508],[2.72723,49.52511],[2.72184,49.52036],[2.72025,49.51739],[2.71921,49.51676],[2.70883,49.51936],[2.70773,49.52233],[2.70296,49.52689],[2.70324,49.52882],[2.72584,49.54407],[2.72906,49.54948],[2.73017,49.55121],[2.73915,49.55006],[2.75836,49.54303],[2.76058,49.54286]]]]}},{"type":"Feature","properties":{"code":"60534","nom":"Rethondes","departement":"60","region":"32"},"geometry":{"type":"MultiPolygon","coordinates":[[[[2.93015,49.41525],[2.92581,49.41632],[2.9218,49.41889],[2.91872,49.42456],[2.92152,49.42535],[2.92644,49.42879],[2.93355,49.43613],[2.93479,49.43845],[2.93427,49.44061],[2.9294,49.44168],[2.94153,49.45891],[2.95111,49.43922],[2.95992,49.43083],[2.97574,49.42302],[2.97496,49.42116],[2.97353,49.41996],[2.95911,49.41798],[2.95874,49.41049],[2.93015,49.41525]]]]}},{"type":"Feature","properties":{"code":"60535","nom":"Reuil-sur-Brêche","departement":"60","region":"32"},"geometry":{"type":"MultiPolygon","coordinates":[[[[2.18707,49.51897],[2.1899,49.51862],[2.19791,49.52017],[2.21018,49.5258],[2.21219,49.52869],[2.21439,49.53522],[2.22036,49.54074],[2.22599,49.54317],[2.23578,49.54188],[2.23844,49.54256],[2.24242,49.53983],[2.2451,49.53577],[2.24636,49.53145],[2.25273,49.52738],[2.25939,49.52591],[2.25914,49.52301],[2.25708,49.52247],[2.25231,49.51908],[2.24386,49.50851],[2.23761,49.50251],[2.23331,49.50035],[2.22987,49.50034],[2.22032,49.50828],[2.20701,49.51115],[2.2035,49.5095],[2.1862,49.5179],[2.18707,49.51897]],[[2.21822,49.51034],[2.22142,49.50908],[2.22228,49.50962],[2.21889,49.51086],[2.21822,49.51034]]]]}},{"type":"Feature","properties":{"code":"60536","nom":"Rhuis","departement":"60","region":"32"},"geometry":{"type":"MultiPolygon","coordinates":[[[[2.68903,49.31356],[2.69785,49.31498],[2.70401,49.31426],[2.70413,49.3068],[2.70723,49.30205],[2.70772,49.29188],[2.70055,49.29203],[2.6889,49.30544],[2.68596,49.30657],[2.68903,49.31356]]]]}},{"type":"Feature","properties":{"code":"60537","nom":"Ribécourt-Dreslincourt","departement":"60","region":"32"},"geometry":{"type":"MultiPolygon","coordinates":[[[[2.91582,49.54195],[2.92335,49.54202],[2.92602,49.53922],[2.9353,49.5362],[2.94136,49.53486],[2.94673,49.5351],[2.94626,49.53442],[2.93111,49.51834],[2.93436,49.5168],[2.93977,49.5115],[2.94098,49.50126],[2.9379,49.49728],[2.93434,49.4958],[2.93339,49.4935],[2.92517,49.49487],[2.92616,49.49886],[2.91898,49.50225],[2.9104,49.5084],[2.89793,49.52449],[2.88862,49.52827],[2.88095,49.52552],[2.87832,49.5267],[2.88148,49.53253],[2.88785,49.53033],[2.8902,49.53203],[2.8906,49.53348],[2.88916,49.53627],[2.89181,49.54018],[2.91582,49.54195]]]]}},{"type":"Feature","properties":{"code":"60538","nom":"Ricquebourg","departement":"60","region":"32"},"geometry":{"type":"MultiPolygon","coordinates":[[[[2.77607,49.5674],[2.7835,49.56863],[2.78448,49.56633],[2.78552,49.56611],[2.78469,49.56491],[2.77667,49.5568],[2.76702,49.54911],[2.76599,49.54921],[2.74847,49.55676],[2.7405,49.55701],[2.72991,49.55857],[2.72869,49.55945],[2.72955,49.56371],[2.73377,49.567],[2.73654,49.56526],[2.73935,49.56873],[2.74994,49.56885],[2.75363,49.56808],[2.75553,49.56697],[2.75563,49.56504],[2.76375,49.5654],[2.77607,49.5674]]]]}},{"type":"Feature","properties":{"code":"60539","nom":"Rieux","departement":"60","region":"32"},"geometry":{"type":"MultiPolygon","coordinates":[[[[2.51064,49.2887],[2.49596,49.30212],[2.49619,49.30289],[2.49889,49.3048],[2.51462,49.30879],[2.52324,49.3069],[2.52606,49.29893],[2.52271,49.29852],[2.51536,49.29484],[2.51272,49.29249],[2.51064,49.2887]]]]}},{"type":"Feature","properties":{"code":"60540","nom":"Rivecourt","departement":"60","region":"32"},"geometry":{"type":"MultiPolygon","coordinates":[[[[2.75647,49.34387],[2.74624,49.34326],[2.7409,49.33893],[2.73621,49.33094],[2.7311,49.3347],[2.72661,49.33954],[2.72195,49.34834],[2.73095,49.35722],[2.73091,49.3567],[2.73277,49.35646],[2.74172,49.35831],[2.74505,49.35731],[2.758,49.34423],[2.75647,49.34387]]]]}},{"type":"Feature","properties":{"code":"60541","nom":"Roberval","departement":"60","region":"32"},"geometry":{"type":"MultiPolygon","coordinates":[[[[2.70055,49.29203],[2.69851,49.28506],[2.69536,49.2798],[2.68033,49.28239],[2.67088,49.28171],[2.66836,49.28235],[2.66683,49.28259],[2.66593,49.28385],[2.67461,49.29887],[2.68063,49.3038],[2.68596,49.30657],[2.6889,49.30544],[2.70055,49.29203]]]]}},{"type":"Feature","properties":{"code":"60542","nom":"Rochy-Condé","departement":"60","region":"32"},"geometry":{"type":"MultiPolygon","coordinates":[[[[2.18233,49.42081],[2.18722,49.41915],[2.19491,49.40927],[2.20612,49.40512],[2.21559,49.40351],[2.21375,49.3978],[2.20922,49.40015],[2.19663,49.39195],[2.19365,49.39186],[2.1928,49.39313],[2.17798,49.39321],[2.16693,49.39574],[2.1669,49.39961],[2.17095,49.4064],[2.16976,49.40653],[2.18233,49.42081]]]]}},{"type":"Feature","properties":{"code":"60543","nom":"Rocquemont","departement":"60","region":"32"},"geometry":{"type":"MultiPolygon","coordinates":[[[[2.8023,49.27066],[2.80534,49.26954],[2.80857,49.26976],[2.80883,49.27104],[2.8123,49.27283],[2.81875,49.27398],[2.82164,49.27355],[2.8248,49.27333],[2.8336,49.26053],[2.83973,49.25909],[2.83907,49.25771],[2.83754,49.25442],[2.83879,49.24732],[2.83698,49.24691],[2.83812,49.24515],[2.83023,49.24333],[2.82901,49.24371],[2.80537,49.25503],[2.80017,49.25615],[2.8023,49.27066]]]]}},{"type":"Feature","properties":{"code":"60544","nom":"Rocquencourt","departement":"60","region":"32"},"geometry":{"type":"MultiPolygon","coordinates":[[[[2.39621,49.63671],[2.38857,49.64355],[2.37706,49.64714],[2.3735,49.65622],[2.38755,49.65606],[2.40226,49.66064],[2.40352,49.65974],[2.40582,49.66036],[2.41295,49.66036],[2.44246,49.65309],[2.44542,49.65304],[2.44944,49.6472],[2.42809,49.64463],[2.42385,49.63505],[2.42022,49.63274],[2.41871,49.63187],[2.41374,49.63418],[2.40205,49.63678],[2.39691,49.63718],[2.39621,49.63671]]]]}},{"type":"Feature","properties":{"code":"60545","nom":"Romescamps","departement":"60","region":"32"},"geometry":{"type":"MultiPolygon","coordinates":[[[[1.79603,49.72706],[1.79807,49.72819],[1.80864,49.72216],[1.82043,49.72266],[1.8226,49.71762],[1.8296,49.72014],[1.83776,49.71821],[1.83939,49.71564],[1.84152,49.71276],[1.83803,49.71186],[1.83799,49.70897],[1.82743,49.70604],[1.82108,49.70551],[1.80456,49.70128],[1.79526,49.69733],[1.78681,49.69589],[1.77788,49.6979],[1.77404,49.69975],[1.77293,49.70201],[1.77387,49.70787],[1.77126,49.71016],[1.76968,49.71264],[1.77057,49.71436],[1.77253,49.71442],[1.77542,49.71694],[1.79603,49.72706]]]]}},{"type":"Feature","properties":{"code":"60546","nom":"Rosières","departement":"60","region":"32"},"geometry":{"type":"MultiPolygon","coordinates":[[[[2.80856,49.18752],[2.80782,49.18001],[2.80546,49.17897],[2.78988,49.173],[2.76977,49.16851],[2.76473,49.16861],[2.76503,49.17463],[2.75774,49.1855],[2.75319,49.18952],[2.75172,49.19367],[2.75458,49.19683],[2.75609,49.19713],[2.75955,49.19948],[2.79079,49.19955],[2.7916,49.19631],[2.80291,49.19402],[2.80868,49.19047],[2.80856,49.18752]]]]}},{"type":"Feature","properties":{"code":"60547","nom":"Rosoy","departement":"60","region":"32"},"geometry":{"type":"MultiPolygon","coordinates":[[[[2.49014,49.34726],[2.52425,49.34383],[2.53311,49.34247],[2.52454,49.32774],[2.51977,49.32824],[2.51692,49.32788],[2.51337,49.32982],[2.50825,49.33243],[2.49024,49.33701],[2.48481,49.33994],[2.4863,49.34207],[2.48344,49.34369],[2.49014,49.34726]]]]}},{"type":"Feature","properties":{"code":"60548","nom":"Rosoy-en-Multien","departement":"60","region":"32"},"geometry":{"type":"MultiPolygon","coordinates":[[[[2.99486,49.1171],[3.00621,49.11604],[3.00598,49.11236],[3.00884,49.10347],[3.00879,49.09859],[3.0079,49.09456],[3.00449,49.09344],[3.00296,49.09188],[3.00405,49.08868],[2.99962,49.08791],[2.99118,49.084],[2.98833,49.07927],[2.9883,49.07204],[2.97628,49.07414],[2.97461,49.07503],[2.97397,49.07965],[2.97017,49.08628],[2.97142,49.08897],[2.97671,49.10041],[2.97325,49.1093],[2.98099,49.1087],[2.98627,49.10698],[2.9886,49.10754],[2.99249,49.11004],[2.99471,49.11413],[2.99486,49.1171]]]]}},{"type":"Feature","properties":{"code":"60549","nom":"Rotangy","departement":"60","region":"32"},"geometry":{"type":"MultiPolygon","coordinates":[[[[2.09778,49.5692],[2.09159,49.56556],[2.09163,49.56756],[2.08866,49.56451],[2.08756,49.56452],[2.07251,49.56667],[2.06667,49.56885],[2.07504,49.57348],[2.07605,49.57509],[2.06868,49.58159],[2.06509,49.58347],[2.06205,49.58366],[2.06323,49.59085],[2.06485,49.59439],[2.06774,49.59734],[2.07605,49.59355],[2.08114,49.5946],[2.09257,49.60154],[2.09798,49.60236],[2.11717,49.59846],[2.11628,49.59238],[2.11257,49.58975],[2.10989,49.5882],[2.10203,49.58029],[2.09778,49.5692]]]]}},{"type":"Feature","properties":{"code":"60550","nom":"Rothois","departement":"60","region":"32"},"geometry":{"type":"MultiPolygon","coordinates":[[[[1.98281,49.58519],[1.98016,49.59723],[1.98026,49.6009],[1.98498,49.60362],[1.9767,49.61029],[1.97804,49.61086],[1.97892,49.6104],[1.98015,49.61192],[1.98065,49.61234],[1.98463,49.61103],[1.9919,49.6075],[2.00156,49.59974],[2.00326,49.59506],[2.00227,49.59298],[1.9985,49.59028],[1.98281,49.58519]]]]}},{"type":"Feature","properties":{"code":"60551","nom":"Rousseloy","departement":"60","region":"32"},"geometry":{"type":"MultiPolygon","coordinates":[[[[2.40867,49.2962],[2.39793,49.29286],[2.39743,49.29028],[2.39157,49.29018],[2.379,49.28694],[2.3795,49.28961],[2.37854,49.29776],[2.37904,49.30485],[2.39665,49.30945],[2.39694,49.30905],[2.39759,49.30803],[2.40722,49.30319],[2.4114,49.30082],[2.41114,49.29668],[2.40867,49.2962]]]]}},{"type":"Feature","properties":{"code":"60552","nom":"Rouville","departement":"60","region":"32"},"geometry":{"type":"MultiPolygon","coordinates":[[[[2.8982,49.21996],[2.902,49.2133],[2.90103,49.2132],[2.90054,49.2067],[2.89647,49.19858],[2.88303,49.19565],[2.88233,49.19674],[2.87373,49.19608],[2.87403,49.197],[2.86488,49.20925],[2.86473,49.21303],[2.85991,49.22077],[2.86988,49.22532],[2.87091,49.22493],[2.87647,49.2221],[2.8855,49.21859],[2.89275,49.21961],[2.89387,49.22101],[2.8982,49.21996]]]]}},{"type":"Feature","properties":{"code":"60553","nom":"Rouvillers","departement":"60","region":"32"},"geometry":{"type":"MultiPolygon","coordinates":[[[[2.63303,49.47447],[2.6331,49.47843],[2.63787,49.47852],[2.63816,49.47738],[2.65259,49.47403],[2.65744,49.47945],[2.66033,49.47877],[2.66319,49.47152],[2.65432,49.45568],[2.64817,49.45734],[2.63907,49.44267],[2.62402,49.43331],[2.60345,49.43697],[2.60515,49.43946],[2.59691,49.44029],[2.59999,49.44347],[2.59925,49.44605],[2.61019,49.45766],[2.61818,49.4635],[2.6306,49.46634],[2.63322,49.47015],[2.63303,49.47447]]]]}},{"type":"Feature","properties":{"code":"60554","nom":"Rouvres-en-Multien","departement":"60","region":"32"},"geometry":{"type":"MultiPolygon","coordinates":[[[[3.00621,49.11604],[3.03295,49.12953],[3.03912,49.13189],[3.03745,49.12821],[3.02901,49.11495],[3.03722,49.10301],[3.03791,49.09628],[3.03704,49.09236],[3.03417,49.08853],[3.0155,49.09132],[3.0087,49.09154],[3.00604,49.0864],[3.00405,49.08868],[3.00296,49.09188],[3.00449,49.09344],[3.0079,49.09456],[3.00879,49.09859],[3.00884,49.10347],[3.00598,49.11236],[3.00621,49.11604]]]]}},{"type":"Feature","properties":{"code":"60555","nom":"Rouvroy-les-Merles","departement":"60","region":"32"},"geometry":{"type":"MultiPolygon","coordinates":[[[[2.37706,49.64714],[2.37767,49.64608],[2.36762,49.64275],[2.36197,49.64549],[2.35739,49.6459],[2.35169,49.64436],[2.33654,49.63778],[2.33398,49.6439],[2.34346,49.64674],[2.36032,49.65796],[2.3553,49.66426],[2.36194,49.66681],[2.36603,49.66026],[2.36977,49.6576],[2.3735,49.65622],[2.37706,49.64714]]]]}},{"type":"Feature","properties":{"code":"60556","nom":"Royaucourt","departement":"60","region":"32"},"geometry":{"type":"MultiPolygon","coordinates":[[[[2.54016,49.60387],[2.53648,49.60418],[2.52565,49.60017],[2.5193,49.60024],[2.51507,49.60268],[2.50329,49.60051],[2.5047,49.6037],[2.49294,49.60804],[2.49172,49.61006],[2.49766,49.61526],[2.52148,49.62694],[2.52678,49.62963],[2.52648,49.62875],[2.52928,49.62532],[2.54129,49.6155],[2.54762,49.61507],[2.5665,49.61893],[2.56338,49.61165],[2.55916,49.60825],[2.54405,49.60614],[2.54016,49.60387]]]]}},{"type":"Feature","properties":{"code":"60557","nom":"Roy-Boissy","departement":"60","region":"32"},"geometry":{"type":"MultiPolygon","coordinates":[[[[1.92112,49.56337],[1.91994,49.56295],[1.90536,49.56657],[1.89879,49.57079],[1.88774,49.57383],[1.88478,49.57298],[1.88352,49.57464],[1.89147,49.5804],[1.914,49.59615],[1.91772,49.5957],[1.92323,49.598],[1.92756,49.59973],[1.92931,49.60078],[1.9448,49.58639],[1.94775,49.57204],[1.94304,49.56933],[1.92112,49.56337]]]]}},{"type":"Feature","properties":{"code":"60558","nom":"Roye-sur-Matz","departement":"60","region":"32"},"geometry":{"type":"MultiPolygon","coordinates":[[[[2.77607,49.5674],[2.77782,49.57246],[2.77736,49.57956],[2.77592,49.58105],[2.75684,49.58643],[2.7489,49.58458],[2.74508,49.58648],[2.73933,49.58765],[2.74857,49.59655],[2.75498,49.60683],[2.75965,49.61773],[2.76321,49.61711],[2.76809,49.61488],[2.77553,49.61507],[2.78445,49.6006],[2.79754,49.58737],[2.79611,49.58585],[2.79225,49.58326],[2.7927,49.58127],[2.7835,49.56863],[2.77607,49.5674]]]]}},{"type":"Feature","properties":{"code":"60559","nom":"La Rue-Saint-Pierre","departement":"60","region":"32"},"geometry":{"type":"MultiPolygon","coordinates":[[[[2.31632,49.41107],[2.31302,49.40538],[2.30602,49.40429],[2.29312,49.39946],[2.27815,49.39503],[2.282,49.38964],[2.2798,49.38885],[2.27255,49.40047],[2.27811,49.41771],[2.27932,49.4245],[2.27808,49.42575],[2.2797,49.43047],[2.285,49.4303],[2.28557,49.43253],[2.2931,49.43704],[2.2962,49.43489],[2.29968,49.43009],[2.30292,49.42243],[2.30908,49.41556],[2.31623,49.41232],[2.31632,49.41107]]]]}},{"type":"Feature","properties":{"code":"60560","nom":"Rully","departement":"60","region":"32"},"geometry":{"type":"MultiPolygon","coordinates":[[[[2.70314,49.2284],[2.70085,49.2288],[2.68341,49.23745],[2.67416,49.23268],[2.67157,49.23192],[2.66884,49.2322],[2.67356,49.23292],[2.67211,49.2374],[2.70362,49.24998],[2.70505,49.25057],[2.7188,49.24953],[2.73081,49.25511],[2.73879,49.2627],[2.74566,49.25713],[2.75661,49.2512],[2.76006,49.251],[2.75888,49.24846],[2.75461,49.24618],[2.75064,49.23356],[2.75526,49.22488],[2.7588,49.22526],[2.75905,49.22267],[2.72353,49.22071],[2.72201,49.22341],[2.70314,49.2284]]]]}},{"type":"Feature","properties":{"code":"60561","nom":"Russy-Bémont","departement":"60","region":"32"},"geometry":{"type":"MultiPolygon","coordinates":[[[[2.96067,49.23162],[2.95423,49.23675],[2.95081,49.23714],[2.93554,49.23316],[2.93028,49.23222],[2.9283,49.23307],[2.92825,49.23369],[2.92675,49.23374],[2.92517,49.23476],[2.92543,49.23729],[2.93773,49.24737],[2.94418,49.25647],[2.94475,49.25996],[2.94263,49.26084],[2.94309,49.26215],[2.94804,49.26654],[2.95316,49.26873],[2.95557,49.27046],[2.96253,49.27068],[2.97134,49.26417],[2.97311,49.26037],[2.97745,49.25661],[2.97972,49.2562],[2.98222,49.25388],[2.98449,49.25332],[2.97546,49.24325],[2.96284,49.23639],[2.96067,49.23162]]]]}},{"type":"Feature","properties":{"code":"60562","nom":"Sacy-le-Grand","departement":"60","region":"32"},"geometry":{"type":"MultiPolygon","coordinates":[[[[2.57677,49.36797],[2.5763,49.36576],[2.58276,49.35367],[2.58066,49.34916],[2.57756,49.3481],[2.57743,49.34568],[2.58549,49.34458],[2.58581,49.34587],[2.59425,49.3382],[2.6013,49.33353],[2.60336,49.33322],[2.60332,49.33312],[2.5536,49.33977],[2.53311,49.34247],[2.52425,49.34383],[2.52301,49.34892],[2.51397,49.35553],[2.51414,49.36044],[2.52079,49.36068],[2.52845,49.36268],[2.53059,49.36416],[2.53034,49.36623],[2.53534,49.37054],[2.54394,49.37585],[2.54539,49.3803],[2.55506,49.38247],[2.55861,49.38447],[2.56096,49.38527],[2.56419,49.38392],[2.57797,49.36911],[2.57677,49.36797]]]]}},{"type":"Feature","properties":{"code":"60563","nom":"Sacy-le-Petit","departement":"60","region":"32"},"geometry":{"type":"MultiPolygon","coordinates":[[[[2.63578,49.3544],[2.61452,49.35427],[2.61433,49.35661],[2.61154,49.3566],[2.60498,49.3543],[2.60515,49.3552],[2.60991,49.37404],[2.61674,49.37383],[2.62459,49.37552],[2.63191,49.38511],[2.63383,49.38771],[2.63545,49.39422],[2.64807,49.39537],[2.63825,49.36686],[2.63578,49.3544]]]]}},{"type":"Feature","properties":{"code":"60564","nom":"Sains-Morainvillers","departement":"60","region":"32"},"geometry":{"type":"MultiPolygon","coordinates":[[[[2.48718,49.56135],[2.48331,49.55855],[2.48171,49.55987],[2.475,49.56142],[2.46667,49.56079],[2.46032,49.56308],[2.44135,49.57282],[2.44019,49.5727],[2.43509,49.58422],[2.43299,49.59243],[2.43994,49.59699],[2.44216,49.59947],[2.44563,49.60265],[2.45374,49.59516],[2.44483,49.59123],[2.457,49.58959],[2.46782,49.59446],[2.47872,49.5927],[2.48432,49.58896],[2.48934,49.58802],[2.48856,49.58039],[2.49318,49.57053],[2.48952,49.56294],[2.48718,49.56135]]]]}},{"type":"Feature","properties":{"code":"60565","nom":"Saint-André-Farivillers","departement":"60","region":"32"},"geometry":{"type":"MultiPolygon","coordinates":[[[[2.33641,49.58879],[2.34197,49.5694],[2.33868,49.56711],[2.32978,49.57075],[2.32601,49.57698],[2.3202,49.5808],[2.31538,49.58278],[2.31348,49.58249],[2.31025,49.57654],[2.30038,49.56897],[2.29383,49.5664],[2.29206,49.56743],[2.28618,49.56496],[2.27477,49.56877],[2.27344,49.57094],[2.27541,49.57414],[2.27383,49.57534],[2.27443,49.57839],[2.26749,49.58552],[2.26777,49.58812],[2.26955,49.59038],[2.28019,49.59346],[2.2905,49.59876],[2.29692,49.60061],[2.30337,49.59873],[2.30154,49.59376],[2.3098,49.58958],[2.3147,49.58808],[2.32045,49.5868],[2.33641,49.58879]]]]}},{"type":"Feature","properties":{"code":"60566","nom":"Saint-Arnoult","departement":"60","region":"32"},"geometry":{"type":"MultiPolygon","coordinates":[[[[1.81225,49.65065],[1.81458,49.65109],[1.81443,49.65024],[1.81268,49.64688],[1.8185,49.64254],[1.82656,49.6436],[1.83351,49.63962],[1.83223,49.63429],[1.82624,49.62685],[1.82036,49.6247],[1.80694,49.62633],[1.79996,49.62652],[1.79387,49.6242],[1.7851,49.62684],[1.7756,49.64031],[1.78235,49.64061],[1.81225,49.65065]]]]}},{"type":"Feature","properties":{"code":"60567","nom":"Saint-Aubin-en-Bray","departement":"60","region":"32"},"geometry":{"type":"MultiPolygon","coordinates":[[[[1.87968,49.44069],[1.87939,49.44284],[1.88045,49.44401],[1.88967,49.44446],[1.90987,49.44094],[1.90185,49.43247],[1.90157,49.42694],[1.9036,49.42564],[1.90205,49.42006],[1.88952,49.40493],[1.87716,49.40918],[1.87284,49.40893],[1.87453,49.41965],[1.88104,49.43042],[1.88236,49.43815],[1.88062,49.44063],[1.87968,49.44069]]]]}},{"type":"Feature","properties":{"code":"60568","nom":"Saint-Aubin-sous-Erquery","departement":"60","region":"32"},"geometry":{"type":"MultiPolygon","coordinates":[[[[2.47573,49.396],[2.46803,49.39723],[2.46759,49.40056],[2.46675,49.40072],[2.47021,49.40337],[2.47185,49.41542],[2.47149,49.41961],[2.47329,49.42208],[2.47825,49.42041],[2.47902,49.42256],[2.49319,49.42028],[2.50653,49.42792],[2.50867,49.42899],[2.51142,49.42898],[2.51327,49.42548],[2.51302,49.42235],[2.50123,49.40407],[2.49271,49.39992],[2.47755,49.40067],[2.4766,49.40008],[2.47573,49.396]]]]}},{"type":"Feature","properties":{"code":"60569","nom":"Saint-Crépin-aux-Bois","departement":"60","region":"32"},"geometry":{"type":"MultiPolygon","coordinates":[[[[3.023,49.44525],[3.02175,49.44678],[3.00435,49.44279],[3.00027,49.4407],[2.99731,49.42893],[2.9913,49.42472],[2.98243,49.42024],[2.97496,49.42116],[2.97574,49.42302],[2.95992,49.43083],[2.95111,49.43922],[2.94153,49.45891],[2.98761,49.44882],[2.98772,49.45046],[2.97696,49.4574],[2.98283,49.46095],[2.99751,49.46778],[3.00682,49.46679],[3.01294,49.46102],[3.02835,49.45383],[3.03158,49.4499],[3.03072,49.44769],[3.02624,49.44748],[3.02646,49.44687],[3.023,49.44525]]]]}},{"type":"Feature","properties":{"code":"60570","nom":"Saint-Crépin-Ibouvillers","departement":"60","region":"32"},"geometry":{"type":"MultiPolygon","coordinates":[[[[2.0923,49.23927],[2.08402,49.24375],[2.07815,49.2483],[2.07177,49.247],[2.06302,49.2438],[2.05426,49.24116],[2.04602,49.24073],[2.02924,49.24264],[2.02564,49.24363],[2.02354,49.2461],[2.02401,49.24766],[2.02461,49.24952],[2.03561,49.25231],[2.04398,49.25672],[2.04615,49.26101],[2.0455,49.26457],[2.03685,49.26468],[2.04303,49.2745],[2.04567,49.28669],[2.05448,49.29302],[2.07185,49.29613],[2.07107,49.28892],[2.0732,49.28508],[2.07625,49.28319],[2.09124,49.27739],[2.09709,49.27665],[2.09388,49.2688],[2.09261,49.24203],[2.0923,49.23927]]]]}},{"type":"Feature","properties":{"code":"60571","nom":"Saint-Deniscourt","departement":"60","region":"32"},"geometry":{"type":"MultiPolygon","coordinates":[[[[1.86557,49.62467],[1.86756,49.62431],[1.87848,49.61676],[1.88012,49.61696],[1.88147,49.61535],[1.88104,49.61398],[1.86885,49.59447],[1.86811,49.59535],[1.85407,49.59001],[1.84488,49.59823],[1.85301,49.603],[1.85495,49.60575],[1.85566,49.61435],[1.85737,49.61758],[1.86118,49.62243],[1.86647,49.6234],[1.86557,49.62467]]]]}},{"type":"Feature","properties":{"code":"60572","nom":"Saint-Étienne-Roilaye","departement":"60","region":"32"},"geometry":{"type":"MultiPolygon","coordinates":[[[[3.00165,49.34028],[3.00977,49.3485],[3.00881,49.35536],[2.9923,49.3605],[2.98712,49.37091],[2.99941,49.37321],[3.00217,49.3758],[3.01652,49.37952],[3.02349,49.37821],[3.0274,49.37551],[3.02832,49.37278],[3.02447,49.36713],[3.02547,49.36586],[3.0287,49.36542],[3.02524,49.36106],[3.02058,49.34188],[3.0126,49.33714],[3.00165,49.34028]]]]}},{"type":"Feature","properties":{"code":"60573","nom":"Sainte-Eusoye","departement":"60","region":"32"},"geometry":{"type":"MultiPolygon","coordinates":[[[[2.25688,49.59541],[2.26271,49.59018],[2.26777,49.58812],[2.26749,49.58552],[2.27443,49.57839],[2.27383,49.57534],[2.26331,49.57253],[2.26047,49.5692],[2.25939,49.56468],[2.25454,49.5586],[2.2463,49.55386],[2.23314,49.55764],[2.23453,49.57663],[2.23387,49.5778],[2.23312,49.57913],[2.24498,49.58944],[2.24373,49.59091],[2.24288,49.59259],[2.25017,49.5956],[2.25688,49.59541]]]]}},{"type":"Feature","properties":{"code":"60574","nom":"Saint-Félix","departement":"60","region":"32"},"geometry":{"type":"MultiPolygon","coordinates":[[[[2.27875,49.36902],[2.2983,49.35997],[2.30004,49.35871],[2.29925,49.34991],[2.29625,49.34606],[2.28668,49.34068],[2.27902,49.34369],[2.26989,49.34529],[2.27234,49.35038],[2.2742,49.36482],[2.27525,49.36482],[2.27875,49.36902]]]]}},{"type":"Feature","properties":{"code":"60575","nom":"Sainte-Geneviève","departement":"60","region":"32"},"geometry":{"type":"MultiPolygon","coordinates":[[[[2.23014,49.28693],[2.2287,49.28594],[2.22094,49.28388],[2.21312,49.28322],[2.20956,49.281],[2.20459,49.27753],[2.20418,49.27017],[2.19012,49.27613],[2.18588,49.28461],[2.17877,49.28691],[2.17588,49.28793],[2.17172,49.29372],[2.17511,49.30229],[2.18139,49.30133],[2.18486,49.30153],[2.19501,49.30232],[2.19759,49.304],[2.20932,49.29572],[2.23075,49.28743],[2.23014,49.28693]]]]}},{"type":"Feature","properties":{"code":"60576","nom":"Saint-Germain-la-Poterie","departement":"60","region":"32"},"geometry":{"type":"MultiPolygon","coordinates":[[[[1.98396,49.45374],[1.99164,49.44898],[1.99796,49.44678],[2.0004,49.4445],[2.00003,49.44168],[1.99762,49.44261],[1.96622,49.43071],[1.95749,49.43072],[1.94897,49.43283],[1.95537,49.44739],[1.95799,49.44724],[1.96158,49.44825],[1.97127,49.45302],[1.98315,49.45441],[1.98396,49.45374]]]]}},{"type":"Feature","properties":{"code":"60577","nom":"Saint-Germer-de-Fly","departement":"60","region":"32"},"geometry":{"type":"MultiPolygon","coordinates":[[[[1.74752,49.45951],[1.76598,49.46602],[1.78394,49.4616],[1.79953,49.45601],[1.79898,49.45406],[1.82178,49.44908],[1.8186,49.43928],[1.81432,49.43607],[1.81072,49.42915],[1.81179,49.4216],[1.80191,49.41031],[1.79016,49.4152],[1.79115,49.41917],[1.78763,49.42286],[1.7801,49.42705],[1.76641,49.43001],[1.76331,49.42997],[1.75806,49.42823],[1.75253,49.42934],[1.7498,49.43138],[1.73999,49.44909],[1.74923,49.45164],[1.75171,49.45334],[1.75104,49.45633],[1.74752,49.45951]]]]}},{"type":"Feature","properties":{"code":"60578","nom":"Saintines","departement":"60","region":"32"},"geometry":{"type":"MultiPolygon","coordinates":[[[[2.76559,49.31137],[2.76668,49.31004],[2.76883,49.30993],[2.77404,49.30782],[2.77498,49.30655],[2.78816,49.30261],[2.78372,49.29711],[2.77503,49.2977],[2.7629,49.29566],[2.75897,49.29343],[2.7533,49.28852],[2.75794,49.30643],[2.75683,49.31123],[2.7565,49.31198],[2.75749,49.31238],[2.76559,49.31137]]]]}},{"type":"Feature","properties":{"code":"60579","nom":"Saint-Jean-aux-Bois","departement":"60","region":"32"},"geometry":{"type":"MultiPolygon","coordinates":[[[[2.92641,49.36887],[2.93233,49.35388],[2.93792,49.34691],[2.93934,49.34271],[2.93964,49.34005],[2.93598,49.32893],[2.9206,49.33459],[2.90667,49.34188],[2.88178,49.33565],[2.87983,49.3316],[2.85847,49.32704],[2.85242,49.32883],[2.84739,49.32544],[2.84371,49.34909],[2.84127,49.36734],[2.89238,49.36816],[2.92641,49.36887]]]]}},{"type":"Feature","properties":{"code":"60581","nom":"Saint-Just-en-Chaussée","departement":"60","region":"32"},"geometry":{"type":"MultiPolygon","coordinates":[[[[2.40853,49.53608],[2.41001,49.53419],[2.43148,49.53555],[2.43196,49.52875],[2.43365,49.52385],[2.44,49.51616],[2.44484,49.51093],[2.44264,49.50563],[2.44229,49.50149],[2.44346,49.49456],[2.42907,49.49405],[2.41831,49.49133],[2.40538,49.48952],[2.39229,49.48967],[2.39118,49.49246],[2.39116,49.4976],[2.39373,49.50716],[2.39393,49.50816],[2.40235,49.51399],[2.40695,49.5218],[2.39761,49.52766],[2.39683,49.5329],[2.39964,49.53486],[2.40853,49.53608]]]]}},{"type":"Feature","properties":{"code":"60582","nom":"Saint-Léger-aux-Bois","departement":"60","region":"32"},"geometry":{"type":"MultiPolygon","coordinates":[[[[2.96377,49.49293],[2.97603,49.48919],[2.97008,49.4702],[2.94153,49.45891],[2.93629,49.47005],[2.93275,49.4775],[2.93114,49.47832],[2.93247,49.48938],[2.93431,49.49262],[2.93927,49.48974],[2.95937,49.49115],[2.96314,49.49181],[2.96377,49.49293]]]]}},{"type":"Feature","properties":{"code":"60583","nom":"Saint-Léger-en-Bray","departement":"60","region":"32"},"geometry":{"type":"MultiPolygon","coordinates":[[[[2.01637,49.40076],[2.03064,49.39318],[2.03589,49.39208],[2.04649,49.38858],[2.04829,49.3854],[2.04136,49.38205],[2.03726,49.37836],[2.03112,49.37853],[2.00425,49.38925],[2.00221,49.39117],[2.00624,49.39361],[2.00974,49.39684],[2.01637,49.40076]]]]}},{"type":"Feature","properties":{"code":"60584","nom":"Saint-Leu-d'Esserent","departement":"60","region":"32"},"geometry":{"type":"MultiPolygon","coordinates":[[[[2.44157,49.24505],[2.44186,49.24559],[2.45079,49.24611],[2.45364,49.24533],[2.45263,49.2424],[2.44451,49.23325],[2.43862,49.2278],[2.43092,49.22318],[2.42295,49.21365],[2.42091,49.20894],[2.41574,49.20566],[2.40214,49.20334],[2.39781,49.20459],[2.40261,49.20953],[2.39935,49.21744],[2.39668,49.22012],[2.38826,49.22497],[2.36447,49.23321],[2.36032,49.23607],[2.35864,49.23833],[2.35936,49.23969],[2.37211,49.24059],[2.37754,49.23817],[2.38409,49.23774],[2.39948,49.23928],[2.40706,49.24205],[2.41674,49.24234],[2.41683,49.24174],[2.43317,49.23862],[2.43956,49.23962],[2.44196,49.24339],[2.44157,49.24505]]]]}},{"type":"Feature","properties":{"code":"60585","nom":"Saint-Martin-aux-Bois","departement":"60","region":"32"},"geometry":{"type":"MultiPolygon","coordinates":[[[[2.54092,49.54503],[2.55091,49.54202],[2.55724,49.53789],[2.5589,49.5357],[2.5718,49.53461],[2.58355,49.53263],[2.58833,49.52881],[2.58807,49.5225],[2.58393,49.51878],[2.5844,49.51632],[2.58147,49.51582],[2.58512,49.5119],[2.58287,49.51075],[2.57404,49.51102],[2.56746,49.51243],[2.56388,49.51787],[2.54522,49.51403],[2.54448,49.51507],[2.53171,49.5143],[2.52594,49.51788],[2.53385,49.52242],[2.5352,49.52421],[2.53635,49.52583],[2.54092,49.54503]]]]}},{"type":"Feature","properties":{"code":"60586","nom":"Saint-Martin-le-Nœud","departement":"60","region":"32"},"geometry":{"type":"MultiPolygon","coordinates":[[[[2.04829,49.3854],[2.04649,49.38858],[2.03589,49.39208],[2.04503,49.4],[2.05808,49.4083],[2.06431,49.41115],[2.07133,49.40655],[2.07219,49.40696],[2.07901,49.39898],[2.05838,49.38276],[2.05209,49.38466],[2.04967,49.38443],[2.04829,49.3854]]]]}},{"type":"Feature","properties":{"code":"60587","nom":"Saint-Martin-Longueau","departement":"60","region":"32"},"geometry":{"type":"MultiPolygon","coordinates":[[[[2.60776,49.33871],[2.60541,49.33703],[2.60336,49.33322],[2.6013,49.33353],[2.59425,49.3382],[2.58581,49.34587],[2.58617,49.3509],[2.58835,49.35799],[2.59533,49.35794],[2.6026,49.35472],[2.60515,49.3552],[2.60498,49.3543],[2.61154,49.3566],[2.61433,49.35661],[2.61452,49.35427],[2.60776,49.33871]]]]}},{"type":"Feature","properties":{"code":"60588","nom":"Saint-Maur","departement":"60","region":"32"},"geometry":{"type":"MultiPolygon","coordinates":[[[[1.92323,49.598],[1.90278,49.61516],[1.90411,49.61827],[1.9039,49.62251],[1.89907,49.62491],[1.89275,49.62611],[1.89403,49.62668],[1.89055,49.62992],[1.89751,49.63279],[1.90086,49.63323],[1.90413,49.63119],[1.90665,49.62752],[1.91416,49.62221],[1.93334,49.62937],[1.93979,49.62832],[1.93903,49.62509],[1.94014,49.625],[1.93908,49.6238],[1.94507,49.6186],[1.94692,49.60979],[1.94698,49.60908],[1.9249,49.60522],[1.92536,49.60165],[1.92756,49.59973],[1.92323,49.598]]]]}},{"type":"Feature","properties":{"code":"60589","nom":"Saint-Maximin","departement":"60","region":"32"},"geometry":{"type":"MultiPolygon","coordinates":[[[[2.47459,49.24366],[2.47583,49.24315],[2.47607,49.24082],[2.48754,49.23676],[2.47809,49.2265],[2.48059,49.22088],[2.48601,49.21974],[2.48474,49.21599],[2.4843,49.2147],[2.4725,49.20788],[2.46931,49.20334],[2.46106,49.20256],[2.46307,49.20861],[2.44541,49.21142],[2.42855,49.21134],[2.42295,49.21365],[2.43092,49.22318],[2.43862,49.2278],[2.44451,49.23325],[2.45263,49.2424],[2.45364,49.24533],[2.45536,49.24993],[2.45857,49.24479],[2.46683,49.24212],[2.47085,49.24498],[2.47459,49.24366]]]]}},{"type":"Feature","properties":{"code":"60590","nom":"Saint-Omer-en-Chaussée","departement":"60","region":"32"},"geometry":{"type":"MultiPolygon","coordinates":[[[[1.97077,49.54108],[1.98863,49.54352],[2.00093,49.55165],[2.00828,49.55791],[2.01062,49.55759],[2.00805,49.55165],[2.01398,49.54169],[2.01688,49.53983],[2.02923,49.53701],[2.0325,49.53511],[2.02914,49.52836],[2.02149,49.5196],[2.01662,49.51719],[2.00774,49.51578],[2.00048,49.51591],[1.99604,49.51719],[1.98132,49.52713],[1.97952,49.52995],[1.97612,49.53668],[1.97077,49.54108]]]]}},{"type":"Feature","properties":{"code":"60591","nom":"Saint-Paul","departement":"60","region":"32"},"geometry":{"type":"MultiPolygon","coordinates":[[[[2.02175,49.43397],[2.01386,49.42495],[2.01332,49.41896],[2.00828,49.41819],[1.98847,49.41964],[1.98047,49.41557],[1.96467,49.41812],[1.95392,49.41833],[1.95151,49.41911],[1.94904,49.43187],[1.94897,49.43283],[1.95749,49.43072],[1.96622,49.43071],[1.99762,49.44261],[2.00003,49.44168],[2.02175,49.43397]]]]}},{"type":"Feature","properties":{"code":"60592","nom":"Saint-Pierre-es-Champs","departement":"60","region":"32"},"geometry":{"type":"MultiPolygon","coordinates":[[[[1.73805,49.44904],[1.73999,49.44909],[1.7498,49.43138],[1.75253,49.42934],[1.75806,49.42823],[1.76331,49.42997],[1.76641,49.43001],[1.7801,49.42705],[1.77849,49.42529],[1.76244,49.41593],[1.74549,49.40915],[1.74049,49.40559],[1.73701,49.40733],[1.73447,49.40732],[1.72073,49.40493],[1.71403,49.40933],[1.72077,49.42048],[1.72365,49.4274],[1.72309,49.43425],[1.72913,49.44141],[1.73352,49.44113],[1.73805,49.44904]]]]}},{"type":"Feature","properties":{"code":"60593","nom":"Saint-Pierre-lès-Bitry","departement":"60","region":"32"},"geometry":{"type":"MultiPolygon","coordinates":[[[[3.09341,49.4246],[3.0941,49.42098],[3.08381,49.41986],[3.07209,49.42091],[3.07073,49.42223],[3.07085,49.43848],[3.09216,49.44105],[3.10051,49.43951],[3.10051,49.4393],[3.09314,49.43263],[3.09341,49.4246]]]]}},{"type":"Feature","properties":{"code":"60594","nom":"Saint-Quentin-des-Prés","departement":"60","region":"32"},"geometry":{"type":"MultiPolygon","coordinates":[[[[1.72534,49.49967],[1.72558,49.5006],[1.71919,49.50297],[1.71689,49.50354],[1.71583,49.50508],[1.71979,49.50888],[1.73772,49.52187],[1.74466,49.53024],[1.74786,49.53745],[1.74783,49.53871],[1.74553,49.53932],[1.74488,49.53955],[1.74861,49.54545],[1.75355,49.54958],[1.7606,49.54867],[1.77343,49.54562],[1.77358,49.53886],[1.77572,49.53786],[1.76253,49.52971],[1.75575,49.52235],[1.75495,49.51965],[1.75463,49.51833],[1.75865,49.51498],[1.76824,49.51209],[1.76879,49.51065],[1.76681,49.50945],[1.75458,49.50606],[1.75264,49.49734],[1.7451,49.48887],[1.7433,49.49028],[1.74428,49.49486],[1.74022,49.49921],[1.73594,49.50051],[1.72534,49.49967]]]]}},{"type":"Feature","properties":{"code":"60595","nom":"Saint-Remy-en-l'Eau","departement":"60","region":"32"},"geometry":{"type":"MultiPolygon","coordinates":[[[[2.39152,49.48228],[2.39153,49.48259],[2.39456,49.48703],[2.4022,49.48867],[2.41331,49.48405],[2.43921,49.47869],[2.45571,49.47211],[2.45743,49.47121],[2.45364,49.46988],[2.45248,49.46695],[2.45271,49.46617],[2.45645,49.4655],[2.4546,49.45991],[2.45009,49.45621],[2.43931,49.45593],[2.42928,49.45716],[2.42625,49.45886],[2.42113,49.4602],[2.41541,49.45969],[2.40878,49.45796],[2.40888,49.45573],[2.40515,49.45577],[2.40678,49.46168],[2.40309,49.47123],[2.39581,49.48136],[2.39152,49.48228]]]]}},{"type":"Feature","properties":{"code":"60596","nom":"Saint-Samson-la-Poterie","departement":"60","region":"32"},"geometry":{"type":"MultiPolygon","coordinates":[[[[1.72401,49.60193],[1.72751,49.59957],[1.73301,49.60242],[1.73919,49.60335],[1.75465,49.60013],[1.76264,49.59642],[1.74381,49.58251],[1.72937,49.58831],[1.72222,49.58905],[1.72085,49.59003],[1.72215,49.60047],[1.72401,49.60193]]]]}},{"type":"Feature","properties":{"code":"60597","nom":"Saint-Sauveur","departement":"60","region":"32"},"geometry":{"type":"MultiPolygon","coordinates":[[[[2.8216,49.30829],[2.81966,49.30966],[2.82848,49.31638],[2.82331,49.31955],[2.81103,49.32048],[2.80504,49.32031],[2.80022,49.31656],[2.79588,49.31461],[2.77404,49.30782],[2.76883,49.30993],[2.76668,49.31004],[2.76559,49.31137],[2.76658,49.3179],[2.76404,49.3218],[2.76009,49.32496],[2.75478,49.32721],[2.75444,49.32873],[2.75766,49.33133],[2.84371,49.34909],[2.84739,49.32544],[2.83943,49.32459],[2.83657,49.32223],[2.83342,49.31757],[2.82232,49.30994],[2.8216,49.30829]]]]}},{"type":"Feature","properties":{"code":"60598","nom":"Saint-Sulpice","departement":"60","region":"32"},"geometry":{"type":"MultiPolygon","coordinates":[[[[2.14555,49.35042],[2.13678,49.33971],[2.13003,49.33405],[2.11754,49.32657],[2.10788,49.32926],[2.10552,49.354],[2.10839,49.35739],[2.11618,49.3634],[2.11753,49.36612],[2.11248,49.37053],[2.10539,49.37448],[2.10413,49.37704],[2.10551,49.37763],[2.10756,49.37527],[2.11947,49.36764],[2.12315,49.36769],[2.12735,49.36997],[2.12905,49.37039],[2.13154,49.36704],[2.13671,49.37079],[2.13812,49.3702],[2.13293,49.36449],[2.13164,49.36202],[2.13216,49.35934],[2.14555,49.35042]]]]}},{"type":"Feature","properties":{"code":"60599","nom":"Saint-Thibault","departement":"60","region":"32"},"geometry":{"type":"MultiPolygon","coordinates":[[[[1.84906,49.70171],[1.85996,49.69077],[1.86399,49.68323],[1.85334,49.68237],[1.82999,49.6837],[1.8254,49.68324],[1.80481,49.68319],[1.7953,49.6815],[1.78681,49.69589],[1.79526,49.69733],[1.80456,49.70128],[1.82108,49.70551],[1.82743,49.70604],[1.83799,49.70897],[1.8439,49.70454],[1.84653,49.70476],[1.84906,49.70171]]]]}},{"type":"Feature","properties":{"code":"60600","nom":"Saint-Vaast-de-Longmont","departement":"60","region":"32"},"geometry":{"type":"MultiPolygon","coordinates":[[[[2.75683,49.31123],[2.75794,49.30643],[2.7533,49.28852],[2.74971,49.27854],[2.74682,49.27507],[2.73905,49.27573],[2.73869,49.27623],[2.74175,49.27955],[2.74244,49.28599],[2.73409,49.29565],[2.7278,49.29963],[2.72855,49.30194],[2.73173,49.30643],[2.74018,49.31131],[2.75683,49.31123]]]]}},{"type":"Feature","properties":{"code":"60663","nom":"Velennes","departement":"60","region":"32"},"geometry":{"type":"MultiPolygon","coordinates":[[[[2.21244,49.47505],[2.20463,49.46195],[2.20115,49.46057],[2.18704,49.4578],[2.18826,49.46219],[2.18753,49.46537],[2.17284,49.46649],[2.16597,49.46838],[2.16642,49.47222],[2.16526,49.47788],[2.19459,49.4871],[2.19788,49.48374],[2.20933,49.47822],[2.21303,49.47775],[2.21244,49.47505]]]]}},{"type":"Feature","properties":{"code":"60601","nom":"Saint-Vaast-lès-Mello","departement":"60","region":"32"},"geometry":{"type":"MultiPolygon","coordinates":[[[[2.43535,49.28111],[2.41877,49.27989],[2.40584,49.2758],[2.40002,49.26793],[2.40771,49.26108],[2.40815,49.2592],[2.4055,49.26102],[2.39846,49.25932],[2.38161,49.26038],[2.37998,49.26218],[2.37807,49.26197],[2.37525,49.26385],[2.38463,49.27826],[2.38999,49.28192],[2.39163,49.28436],[2.39157,49.29018],[2.39743,49.29028],[2.39793,49.29286],[2.40867,49.2962],[2.41095,49.29168],[2.41832,49.28729],[2.42322,49.28509],[2.43309,49.28393],[2.43535,49.28111]]]]}},{"type":"Feature","properties":{"code":"60602","nom":"Saint-Valery","departement":"60","region":"32"},"geometry":{"type":"MultiPolygon","coordinates":[[[[1.71481,49.71383],[1.71243,49.72955],[1.71604,49.73261],[1.7235,49.73277],[1.73105,49.73388],[1.74068,49.73828],[1.74289,49.73842],[1.74329,49.73234],[1.74761,49.72907],[1.74611,49.72482],[1.7345,49.71619],[1.7268,49.7134],[1.71799,49.71447],[1.71481,49.71383]]]]}},{"type":"Feature","properties":{"code":"60603","nom":"Salency","departement":"60","region":"32"},"geometry":{"type":"MultiPolygon","coordinates":[[[[3.04369,49.60619],[3.05105,49.60497],[3.05661,49.59461],[3.07165,49.57563],[3.07043,49.57434],[3.07081,49.57226],[3.06268,49.56766],[3.04219,49.57833],[3.03338,49.57809],[3.03305,49.57894],[3.03409,49.57905],[3.03263,49.58317],[3.03087,49.58424],[3.02498,49.58427],[3.02264,49.58658],[3.02203,49.58872],[3.02715,49.59484],[3.02828,49.59971],[3.03082,49.60257],[3.02878,49.60535],[3.03442,49.60688],[3.04096,49.60472],[3.04536,49.60508],[3.04369,49.60619]]]]}},{"type":"Feature","properties":{"code":"60604","nom":"Sarcus","departement":"60","region":"32"},"geometry":{"type":"MultiPolygon","coordinates":[[[[1.87761,49.66055],[1.874,49.66568],[1.86146,49.67459],[1.86133,49.67339],[1.85456,49.67588],[1.84956,49.67597],[1.84759,49.67178],[1.84257,49.66872],[1.83931,49.67749],[1.83509,49.68104],[1.8254,49.68324],[1.82999,49.6837],[1.85334,49.68237],[1.86399,49.68323],[1.85996,49.69077],[1.84906,49.70171],[1.85222,49.70258],[1.87149,49.70107],[1.87504,49.69902],[1.88105,49.69768],[1.88698,49.69275],[1.90347,49.6846],[1.9003,49.68241],[1.89986,49.67962],[1.90509,49.67257],[1.90953,49.67023],[1.91182,49.6679],[1.9023,49.66343],[1.89335,49.66131],[1.88617,49.66193],[1.87761,49.66055]]]]}},{"type":"Feature","properties":{"code":"60605","nom":"Sarnois","departement":"60","region":"32"},"geometry":{"type":"MultiPolygon","coordinates":[[[[1.90953,49.67023],[1.90509,49.67257],[1.89986,49.67962],[1.9003,49.68241],[1.90347,49.6846],[1.9076,49.68689],[1.91021,49.68585],[1.92017,49.68641],[1.93646,49.6897],[1.93758,49.69124],[1.94869,49.68417],[1.95298,49.68244],[1.93635,49.67414],[1.92698,49.67106],[1.91639,49.66902],[1.91278,49.67129],[1.90953,49.67023]]]]}},{"type":"Feature","properties":{"code":"60608","nom":"Le Saulchoy","departement":"60","region":"32"},"geometry":{"type":"MultiPolygon","coordinates":[[[[2.14725,49.62181],[2.14301,49.61718],[2.12882,49.62113],[2.12593,49.62017],[2.12097,49.626],[2.11909,49.62952],[2.12193,49.63395],[2.12574,49.63676],[2.1275,49.6414],[2.13369,49.64579],[2.1339,49.64405],[2.13603,49.64404],[2.14564,49.64014],[2.15168,49.63507],[2.14626,49.6224],[2.14725,49.62181]]]]}},{"type":"Feature","properties":{"code":"60609","nom":"Savignies","departement":"60","region":"32"},"geometry":{"type":"MultiPolygon","coordinates":[[[[1.93448,49.45275],[1.93359,49.4592],[1.93002,49.46906],[1.93216,49.4729],[1.93753,49.478],[1.94511,49.47554],[1.9625,49.47482],[1.97189,49.47331],[1.98679,49.46506],[1.99204,49.45868],[1.98658,49.45664],[1.98396,49.45374],[1.98315,49.45441],[1.97127,49.45302],[1.96158,49.44825],[1.95799,49.44724],[1.95537,49.44739],[1.95285,49.44751],[1.93448,49.45275]]]]}},{"type":"Feature","properties":{"code":"60610","nom":"Sempigny","departement":"60","region":"32"},"geometry":{"type":"MultiPolygon","coordinates":[[[[3.00007,49.56335],[3.02738,49.54972],[3.0262,49.54717],[3.02108,49.54554],[3.0172,49.54327],[2.99889,49.54882],[2.99157,49.54928],[2.9912,49.55057],[2.98482,49.55208],[2.9829,49.55158],[2.98346,49.54887],[2.98153,49.54823],[2.98247,49.55023],[2.98092,49.55058],[2.9803,49.54982],[2.97738,49.55184],[2.97704,49.55313],[2.98732,49.56194],[2.99244,49.56381],[3.00007,49.56335]]]]}},{"type":"Feature","properties":{"code":"60611","nom":"Senantes","departement":"60","region":"32"},"geometry":{"type":"MultiPolygon","coordinates":[[[[1.81406,49.49041],[1.81897,49.49757],[1.83218,49.50756],[1.83534,49.51203],[1.83559,49.51445],[1.83798,49.5145],[1.84788,49.51175],[1.85373,49.51261],[1.85549,49.51294],[1.86644,49.51144],[1.86872,49.50069],[1.86851,49.49963],[1.86508,49.49944],[1.86101,49.49639],[1.85747,49.4895],[1.8584,49.47838],[1.85596,49.47609],[1.83386,49.45752],[1.82707,49.45007],[1.8225,49.45117],[1.82178,49.44908],[1.79898,49.45406],[1.79953,49.45601],[1.80256,49.46701],[1.80942,49.47528],[1.81303,49.48463],[1.81406,49.49041]]]]}},{"type":"Feature","properties":{"code":"60612","nom":"Senlis","departement":"60","region":"32"},"geometry":{"type":"MultiPolygon","coordinates":[[[[2.61727,49.1977],[2.61611,49.18745],[2.61208,49.18446],[2.6058,49.1814],[2.60537,49.17852],[2.58484,49.17311],[2.57952,49.18003],[2.57987,49.185],[2.57392,49.18751],[2.57151,49.18768],[2.56188,49.18765],[2.56029,49.18852],[2.56142,49.18955],[2.55641,49.19857],[2.56166,49.19967],[2.56253,49.20078],[2.5616,49.20356],[2.56511,49.20884],[2.5578,49.21089],[2.55949,49.21266],[2.57161,49.22434],[2.56377,49.23659],[2.55377,49.24446],[2.54873,49.25054],[2.56555,49.2581],[2.58279,49.24594],[2.61196,49.24585],[2.59514,49.23835],[2.58723,49.2308],[2.59605,49.21566],[2.59568,49.21483],[2.59875,49.21547],[2.60152,49.2145],[2.60916,49.20941],[2.63361,49.21188],[2.63154,49.2093],[2.62385,49.20545],[2.61294,49.19839],[2.61727,49.1977]]]]}},{"type":"Feature","properties":{"code":"60613","nom":"Senots","departement":"60","region":"32"},"geometry":{"type":"MultiPolygon","coordinates":[[[[2.00823,49.26614],[2.02398,49.2622],[2.02766,49.26243],[2.03685,49.26468],[2.0455,49.26457],[2.04615,49.26101],[2.04398,49.25672],[2.03561,49.25231],[2.02461,49.24952],[2.02401,49.24766],[2.0141,49.2487],[2.01047,49.24782],[2.00454,49.25762],[1.99166,49.26067],[1.98171,49.26819],[1.9843,49.26959],[1.98218,49.27425],[1.99036,49.2773],[1.99761,49.27595],[2.00339,49.27379],[2.00823,49.26614]]]]}},{"type":"Feature","properties":{"code":"60614","nom":"Serans","departement":"60","region":"32"},"geometry":{"type":"MultiPolygon","coordinates":[[[[1.79701,49.18523],[1.79772,49.18695],[1.81425,49.19766],[1.81459,49.19961],[1.8208,49.19946],[1.82375,49.20162],[1.83178,49.21685],[1.84047,49.21967],[1.84516,49.2168],[1.85043,49.21357],[1.84492,49.20857],[1.84414,49.20907],[1.83085,49.20032],[1.83144,49.19645],[1.83641,49.19146],[1.84889,49.17059],[1.84519,49.16996],[1.83642,49.1645],[1.83431,49.16517],[1.83685,49.17099],[1.83641,49.1735],[1.82682,49.17965],[1.82205,49.17801],[1.81054,49.1782],[1.80308,49.18511],[1.79701,49.18523]]]]}},{"type":"Feature","properties":{"code":"60615","nom":"Sérévillers","departement":"60","region":"32"},"geometry":{"type":"MultiPolygon","coordinates":[[[[2.42881,49.62013],[2.42547,49.62354],[2.42227,49.6327],[2.42022,49.63274],[2.42385,49.63505],[2.42809,49.64463],[2.44944,49.6472],[2.45033,49.64728],[2.45265,49.641],[2.44267,49.63733],[2.43225,49.62842],[2.43221,49.62557],[2.43459,49.62063],[2.43681,49.61844],[2.42915,49.61717],[2.42969,49.61934],[2.42881,49.62013]]]]}},{"type":"Feature","properties":{"code":"60616","nom":"Sérifontaine","departement":"60","region":"32"},"geometry":{"type":"MultiPolygon","coordinates":[[[[1.83503,49.3766],[1.83055,49.37447],[1.82468,49.36898],[1.82088,49.36367],[1.81285,49.35635],[1.80495,49.35233],[1.79838,49.34338],[1.79919,49.33305],[1.79776,49.33037],[1.79148,49.33004],[1.77078,49.326],[1.76985,49.32663],[1.7723,49.33127],[1.77154,49.33849],[1.7667,49.3437],[1.75805,49.35703],[1.76029,49.35965],[1.75953,49.36822],[1.78012,49.37694],[1.78639,49.37931],[1.79685,49.38153],[1.80102,49.38651],[1.80418,49.38653],[1.80697,49.38863],[1.81671,49.38918],[1.83199,49.38765],[1.83503,49.3766]]]]}},{"type":"Feature","properties":{"code":"60617","nom":"Sermaize","departement":"60","region":"32"},"geometry":{"type":"MultiPolygon","coordinates":[[[[2.95809,49.60665],[2.95318,49.60324],[2.93984,49.60523],[2.94774,49.61281],[2.93093,49.62288],[2.94612,49.63048],[2.95656,49.62919],[2.96436,49.62509],[2.96709,49.62176],[2.9786,49.62144],[2.9841,49.62029],[2.98259,49.61887],[2.97289,49.61835],[2.96774,49.61572],[2.96328,49.61322],[2.95809,49.60665]]]]}},{"type":"Feature","properties":{"code":"60618","nom":"Séry-Magneval","departement":"60","region":"32"},"geometry":{"type":"MultiPolygon","coordinates":[[[[2.86272,49.27172],[2.88188,49.26928],[2.88071,49.26246],[2.87935,49.26264],[2.87936,49.2601],[2.87934,49.25328],[2.87119,49.25304],[2.86482,49.24843],[2.84887,49.24588],[2.83903,49.2468],[2.83879,49.24732],[2.83754,49.25442],[2.83907,49.25771],[2.84353,49.25752],[2.84757,49.25857],[2.85801,49.27215],[2.86245,49.27128],[2.86272,49.27172]]]]}},{"type":"Feature","properties":{"code":"60619","nom":"Silly-le-Long","departement":"60","region":"32"},"geometry":{"type":"MultiPolygon","coordinates":[[[[2.79165,49.09027],[2.78387,49.0889],[2.77168,49.09751],[2.76235,49.11283],[2.75907,49.11412],[2.76767,49.1238],[2.76741,49.12465],[2.77466,49.12412],[2.78895,49.12472],[2.79866,49.12374],[2.80113,49.12289],[2.81353,49.11364],[2.81536,49.10621],[2.81092,49.09821],[2.80921,49.09753],[2.79165,49.09027]]]]}},{"type":"Feature","properties":{"code":"60620","nom":"Silly-Tillard","departement":"60","region":"32"},"geometry":{"type":"MultiPolygon","coordinates":[[[[2.16291,49.33459],[2.17296,49.33125],[2.18077,49.32743],[2.18288,49.3256],[2.18356,49.32494],[2.16651,49.31416],[2.1626,49.31043],[2.16429,49.30734],[2.16886,49.30443],[2.16094,49.29602],[2.1542,49.29463],[2.15298,49.29456],[2.14658,49.29812],[2.14127,49.29949],[2.13763,49.29959],[2.1369,49.30501],[2.13884,49.31169],[2.12752,49.31982],[2.12245,49.32165],[2.13654,49.33054],[2.1438,49.33266],[2.15799,49.33459],[2.16291,49.33459]]]]}},{"type":"Feature","properties":{"code":"60621","nom":"Solente","departement":"60","region":"32"},"geometry":{"type":"MultiPolygon","coordinates":[[[[2.89255,49.69882],[2.89847,49.6864],[2.88842,49.68217],[2.88073,49.69162],[2.8673,49.70118],[2.86632,49.70265],[2.88498,49.70951],[2.88211,49.71381],[2.88352,49.71407],[2.88687,49.71056],[2.88676,49.70532],[2.89255,49.69882]]]]}},{"type":"Feature","properties":{"code":"60622","nom":"Sommereux","departement":"60","region":"32"},"geometry":{"type":"MultiPolygon","coordinates":[[[[2.04442,49.65896],[2.03372,49.65976],[2.03069,49.65877],[2.01518,49.66642],[2.00143,49.66588],[1.97681,49.66764],[1.96347,49.66698],[1.95958,49.66617],[1.95611,49.67113],[1.9544,49.67659],[1.95429,49.68098],[1.9605,49.68327],[1.97057,49.68395],[1.98134,49.68593],[1.98861,49.68893],[2.0037,49.67856],[2.01197,49.6773],[2.02709,49.68064],[2.02996,49.68814],[2.04218,49.69022],[2.04827,49.68824],[2.05095,49.68634],[2.03762,49.6695],[2.04044,49.66585],[2.04442,49.65896]]]]}},{"type":"Feature","properties":{"code":"60623","nom":"Songeons","departement":"60","region":"32"},"geometry":{"type":"MultiPolygon","coordinates":[[[[1.85805,49.54148],[1.84679,49.54732],[1.83455,49.54948],[1.83142,49.54875],[1.82974,49.54836],[1.82914,49.55201],[1.81809,49.5661],[1.81782,49.56854],[1.82851,49.57622],[1.82914,49.57494],[1.83679,49.57618],[1.84562,49.58276],[1.86496,49.57626],[1.87927,49.57505],[1.88039,49.57382],[1.88228,49.57123],[1.8825,49.56743],[1.88095,49.56207],[1.88285,49.56019],[1.87745,49.55336],[1.87338,49.54978],[1.86667,49.54507],[1.85859,49.54275],[1.85805,49.54148]]]]}},{"type":"Feature","properties":{"code":"60624","nom":"Sully","departement":"60","region":"32"},"geometry":{"type":"MultiPolygon","coordinates":[[[[1.75355,49.54958],[1.75438,49.55153],[1.76354,49.55774],[1.77263,49.56189],[1.78392,49.57006],[1.78355,49.57263],[1.78514,49.57385],[1.78688,49.57482],[1.79008,49.57465],[1.79931,49.56964],[1.80116,49.56891],[1.79864,49.56338],[1.79238,49.55551],[1.78083,49.55075],[1.77343,49.54562],[1.7606,49.54867],[1.75355,49.54958]]]]}},{"type":"Feature","properties":{"code":"60625","nom":"Suzoy","departement":"60","region":"32"},"geometry":{"type":"MultiPolygon","coordinates":[[[[2.94684,49.57088],[2.93558,49.57129],[2.93032,49.57314],[2.92255,49.57871],[2.9242,49.59011],[2.9231,49.59681],[2.92938,49.59821],[2.93269,49.59543],[2.94946,49.59009],[2.95033,49.58889],[2.95936,49.57962],[2.95248,49.57437],[2.95551,49.57178],[2.94684,49.57088]]]]}},{"type":"Feature","properties":{"code":"60626","nom":"Talmontiers","departement":"60","region":"32"},"geometry":{"type":"MultiPolygon","coordinates":[[[[1.77031,49.39708],[1.76798,49.39533],[1.76494,49.38461],[1.76481,49.37738],[1.77269,49.37965],[1.7765,49.37948],[1.78012,49.37694],[1.75953,49.36822],[1.74743,49.37456],[1.74293,49.3818],[1.73466,49.3858],[1.71994,49.39549],[1.74049,49.40559],[1.74549,49.40915],[1.7494,49.40651],[1.75596,49.40531],[1.77094,49.39902],[1.77031,49.39708]]]]}},{"type":"Feature","properties":{"code":"60627","nom":"Tartigny","departement":"60","region":"32"},"geometry":{"type":"MultiPolygon","coordinates":[[[[2.34012,49.62904],[2.33654,49.63778],[2.35169,49.64436],[2.35739,49.6459],[2.36197,49.64549],[2.36762,49.64275],[2.37767,49.64608],[2.37706,49.64714],[2.38857,49.64355],[2.39621,49.63671],[2.39416,49.63537],[2.39056,49.63623],[2.37886,49.63089],[2.36791,49.62701],[2.35654,49.62142],[2.35685,49.61853],[2.35471,49.6194],[2.34209,49.62915],[2.34012,49.62904]]]]}},{"type":"Feature","properties":{"code":"60628","nom":"Therdonne","departement":"60","region":"32"},"geometry":{"type":"MultiPolygon","coordinates":[[[[2.14409,49.44547],[2.14643,49.4426],[2.14532,49.44026],[2.14891,49.43512],[2.14933,49.43466],[2.15339,49.43511],[2.15374,49.43208],[2.16811,49.42834],[2.17947,49.42433],[2.18327,49.42188],[2.18233,49.42081],[2.16976,49.40653],[2.15929,49.40215],[2.15058,49.40998],[2.14196,49.42144],[2.136,49.42274],[2.1257,49.41947],[2.12575,49.42055],[2.12601,49.42415],[2.12689,49.42392],[2.12775,49.42695],[2.12549,49.42756],[2.13653,49.43832],[2.14008,49.44075],[2.14123,49.44285],[2.14,49.44453],[2.14409,49.44547]]]]}},{"type":"Feature","properties":{"code":"60629","nom":"Thérines","departement":"60","region":"32"},"geometry":{"type":"MultiPolygon","coordinates":[[[[1.88012,49.61696],[1.87942,49.6204],[1.88055,49.62194],[1.88874,49.626],[1.89275,49.62611],[1.89907,49.62491],[1.9039,49.62251],[1.90411,49.61827],[1.90278,49.61516],[1.92323,49.598],[1.91772,49.5957],[1.914,49.59615],[1.89147,49.5804],[1.88849,49.59068],[1.884,49.59289],[1.87578,49.59461],[1.87011,49.59309],[1.86885,49.59447],[1.88104,49.61398],[1.88147,49.61535],[1.88012,49.61696]]]]}},{"type":"Feature","properties":{"code":"60630","nom":"Thibivillers","departement":"60","region":"32"},"geometry":{"type":"MultiPolygon","coordinates":[[[[1.88306,49.29812],[1.88314,49.29872],[1.88581,49.29936],[1.88942,49.30311],[1.89259,49.30922],[1.88974,49.31111],[1.89336,49.31946],[1.91074,49.33163],[1.91397,49.32317],[1.91598,49.32109],[1.9177,49.32082],[1.91698,49.31105],[1.91398,49.30212],[1.90336,49.29385],[1.89905,49.2916],[1.89223,49.29015],[1.88404,49.29568],[1.88306,49.29812]]]]}},{"type":"Feature","properties":{"code":"60631","nom":"Thiers-sur-Thève","departement":"60","region":"32"},"geometry":{"type":"MultiPolygon","coordinates":[[[[2.56205,49.14029],[2.56218,49.14435],[2.55988,49.14953],[2.5635,49.15695],[2.57092,49.16758],[2.60005,49.16595],[2.6004,49.16399],[2.59233,49.16079],[2.59356,49.15487],[2.59737,49.15242],[2.58834,49.14979],[2.58935,49.14575],[2.58603,49.14018],[2.57775,49.14114],[2.56205,49.14029]]]]}},{"type":"Feature","properties":{"code":"60632","nom":"Thiescourt","departement":"60","region":"32"},"geometry":{"type":"MultiPolygon","coordinates":[[[[2.89537,49.57719],[2.89885,49.5737],[2.9015,49.56703],[2.90467,49.56572],[2.90477,49.56432],[2.88401,49.55478],[2.87644,49.54454],[2.87557,49.54348],[2.8607,49.53777],[2.85376,49.53821],[2.85954,49.54333],[2.85394,49.5467],[2.85118,49.54616],[2.84034,49.54676],[2.84082,49.54772],[2.82853,49.55331],[2.82573,49.55441],[2.8235,49.55441],[2.82597,49.5569],[2.85307,49.56965],[2.85879,49.57093],[2.87575,49.57561],[2.89537,49.57719]]]]}},{"type":"Feature","properties":{"code":"60633","nom":"Thieuloy-Saint-Antoine","departement":"60","region":"32"},"geometry":{"type":"MultiPolygon","coordinates":[[[[1.9621,49.63528],[1.95079,49.62812],[1.94014,49.625],[1.93903,49.62509],[1.93979,49.62832],[1.93334,49.62937],[1.92931,49.63137],[1.93167,49.63351],[1.93477,49.63419],[1.9375,49.63579],[1.93893,49.63844],[1.93865,49.64236],[1.94519,49.64168],[1.9453,49.64112],[1.95823,49.64249],[1.95618,49.64415],[1.95749,49.64442],[1.95913,49.64225],[1.9592,49.63989],[1.95697,49.63909],[1.9621,49.63528]]]]}},{"type":"Feature","properties":{"code":"60634","nom":"Thieux","departement":"60","region":"32"},"geometry":{"type":"MultiPolygon","coordinates":[[[[2.28848,49.53636],[2.28987,49.53836],[2.28534,49.55002],[2.28859,49.55962],[2.29565,49.55466],[2.31621,49.5567],[2.34162,49.55033],[2.32794,49.53403],[2.32558,49.53521],[2.3227,49.53033],[2.32117,49.52995],[2.30775,49.52907],[2.28848,49.53636]]]]}},{"type":"Feature","properties":{"code":"60635","nom":"Thiverny","departement":"60","region":"32"},"geometry":{"type":"MultiPolygon","coordinates":[[[[2.44157,49.24505],[2.44196,49.24339],[2.43956,49.23962],[2.43317,49.23862],[2.41683,49.24174],[2.41674,49.24234],[2.41692,49.25153],[2.42639,49.25237],[2.43225,49.25152],[2.43403,49.24873],[2.44157,49.24505]]]]}},{"type":"Feature","properties":{"code":"60636","nom":"Thourotte","departement":"60","region":"32"},"geometry":{"type":"MultiPolygon","coordinates":[[[[2.89012,49.47125],[2.88965,49.47051],[2.87431,49.46815],[2.87288,49.47027],[2.8642,49.4755],[2.86127,49.47921],[2.86658,49.48371],[2.87967,49.49028],[2.88404,49.48834],[2.89482,49.48802],[2.89934,49.4854],[2.89935,49.48428],[2.89012,49.47125]]]]}},{"type":"Feature","properties":{"code":"60637","nom":"Thury-en-Valois","departement":"60","region":"32"},"geometry":{"type":"MultiPolygon","coordinates":[[[[3.03875,49.16877],[3.04631,49.15914],[3.04567,49.15552],[3.04797,49.15157],[3.04956,49.15085],[3.05328,49.14919],[3.05716,49.14187],[3.05619,49.13705],[3.05049,49.13208],[3.04657,49.13213],[3.04165,49.13335],[3.02884,49.13925],[3.02105,49.14129],[3.00998,49.14188],[2.99968,49.14154],[2.99788,49.14284],[3.0047,49.15655],[3.00656,49.15651],[3.00826,49.15932],[3.01421,49.16952],[3.02267,49.17091],[3.02446,49.16987],[3.03801,49.16913],[3.03875,49.16877]]]]}},{"type":"Feature","properties":{"code":"60638","nom":"Thury-sous-Clermont","departement":"60","region":"32"},"geometry":{"type":"MultiPolygon","coordinates":[[[[2.30816,49.36755],[2.31417,49.36831],[2.32009,49.37116],[2.3294,49.36902],[2.34365,49.36423],[2.3478,49.36131],[2.34828,49.3594],[2.34545,49.35798],[2.34573,49.34955],[2.3438,49.34618],[2.3289,49.3492],[2.32836,49.35062],[2.31568,49.35427],[2.30649,49.35916],[2.30603,49.36451],[2.30816,49.36755]]]]}},{"type":"Feature","properties":{"code":"60639","nom":"Tillé","departement":"60","region":"32"},"geometry":{"type":"MultiPolygon","coordinates":[[[[2.14,49.44453],[2.13654,49.44372],[2.13163,49.4444],[2.11174,49.44246],[2.09902,49.45242],[2.09235,49.45661],[2.09901,49.46003],[2.09922,49.46083],[2.09141,49.47773],[2.08724,49.48139],[2.08426,49.48226],[2.08612,49.48598],[2.08915,49.49062],[2.09114,49.49129],[2.09346,49.49044],[2.09666,49.48747],[2.10572,49.48631],[2.11268,49.4904],[2.11543,49.48898],[2.11527,49.48674],[2.1174,49.481],[2.12165,49.47454],[2.13126,49.47386],[2.13257,49.47466],[2.13725,49.47004],[2.13892,49.46544],[2.15571,49.45966],[2.15478,49.4505],[2.15128,49.44716],[2.14409,49.44547],[2.14,49.44453]]]]}},{"type":"Feature","properties":{"code":"60640","nom":"Tourly","departement":"60","region":"32"},"geometry":{"type":"MultiPolygon","coordinates":[[[[1.95852,49.22627],[1.95277,49.225],[1.94864,49.20894],[1.94489,49.2076],[1.92893,49.21324],[1.9331,49.22679],[1.93595,49.23266],[1.942,49.22981],[1.94354,49.23127],[1.9548,49.22771],[1.95418,49.22571],[1.95852,49.22627]]]]}},{"type":"Feature","properties":{"code":"60641","nom":"Tracy-le-Mont","departement":"60","region":"32"},"geometry":{"type":"MultiPolygon","coordinates":[[[[2.94153,49.45891],[2.97008,49.4702],[2.97603,49.48919],[2.99187,49.49305],[2.99148,49.49231],[3.00169,49.48408],[3.01211,49.48093],[3.03218,49.48342],[3.03521,49.4831],[3.0371,49.48268],[3.03772,49.47748],[3.04021,49.47308],[3.04342,49.47072],[3.0504,49.46791],[3.05092,49.46256],[3.04872,49.45745],[3.04887,49.45122],[3.04512,49.45085],[3.03276,49.44708],[3.03072,49.44769],[3.03158,49.4499],[3.02835,49.45383],[3.01294,49.46102],[3.00682,49.46679],[2.99751,49.46778],[2.98283,49.46095],[2.97696,49.4574],[2.98772,49.45046],[2.98761,49.44882],[2.94153,49.45891]]]]}},{"type":"Feature","properties":{"code":"60642","nom":"Tracy-le-Val","departement":"60","region":"32"},"geometry":{"type":"MultiPolygon","coordinates":[[[[2.99187,49.49305],[3.00116,49.49836],[3.00333,49.50101],[3.00912,49.49909],[3.03548,49.49599],[3.03696,49.48581],[3.03521,49.4831],[3.03218,49.48342],[3.01211,49.48093],[3.00169,49.48408],[2.99148,49.49231],[2.99187,49.49305]]]]}},{"type":"Feature","properties":{"code":"60643","nom":"Tricot","departement":"60","region":"32"},"geometry":{"type":"MultiPolygon","coordinates":[[[[2.60026,49.58197],[2.60593,49.57924],[2.60657,49.57989],[2.61052,49.57764],[2.60876,49.57592],[2.6065,49.56759],[2.61434,49.5592],[2.61321,49.55855],[2.60388,49.55314],[2.60516,49.5507],[2.61077,49.54919],[2.60654,49.54383],[2.60321,49.54358],[2.603,49.54444],[2.59562,49.54568],[2.57141,49.54877],[2.56054,49.56161],[2.55656,49.56365],[2.55209,49.56842],[2.55181,49.57023],[2.56044,49.57837],[2.57213,49.58179],[2.595,49.57511],[2.60026,49.58197]]]]}},{"type":"Feature","properties":{"code":"60644","nom":"Trie-Château","departement":"60","region":"32"},"geometry":{"type":"MultiPolygon","coordinates":[[[[1.8024,49.2735],[1.79758,49.28845],[1.7914,49.28817],[1.7844,49.29321],[1.78363,49.29475],[1.79681,49.29804],[1.80217,49.30028],[1.80494,49.30347],[1.8053,49.30602],[1.8014,49.318],[1.80835,49.32373],[1.81093,49.32445],[1.81559,49.32252],[1.82624,49.31993],[1.83203,49.32009],[1.83307,49.32082],[1.83503,49.31955],[1.83423,49.31896],[1.8321,49.31629],[1.82854,49.30283],[1.82878,49.29924],[1.82662,49.29033],[1.82758,49.27907],[1.83,49.27658],[1.83597,49.27401],[1.84292,49.27357],[1.83752,49.26571],[1.83708,49.26519],[1.82287,49.27153],[1.80913,49.27408],[1.8024,49.2735]]]]}},{"type":"Feature","properties":{"code":"60645","nom":"Trie-la-Ville","departement":"60","region":"32"},"geometry":{"type":"MultiPolygon","coordinates":[[[[1.84292,49.27357],[1.83597,49.27401],[1.83,49.27658],[1.82758,49.27907],[1.82662,49.29033],[1.82878,49.29924],[1.83988,49.2962],[1.85243,49.29416],[1.8563,49.29208],[1.86256,49.28979],[1.84797,49.27614],[1.84292,49.27357]]]]}},{"type":"Feature","properties":{"code":"60646","nom":"Troissereux","departement":"60","region":"32"},"geometry":{"type":"MultiPolygon","coordinates":[[[[2.04209,49.50899],[2.04663,49.50926],[2.05605,49.50816],[2.08117,49.49759],[2.0816,49.49091],[2.08054,49.4874],[2.08612,49.48598],[2.08426,49.48226],[2.07811,49.46972],[2.06878,49.46372],[2.06012,49.46262],[2.04396,49.46874],[2.02503,49.47798],[2.02674,49.47909],[2.0385,49.49464],[2.04209,49.50899]]]]}},{"type":"Feature","properties":{"code":"60647","nom":"Trosly-Breuil","departement":"60","region":"32"},"geometry":{"type":"MultiPolygon","coordinates":[[[[3.00156,49.40699],[2.98916,49.39358],[2.97741,49.38441],[2.96944,49.38121],[2.94715,49.38837],[2.9411,49.39169],[2.93552,49.39812],[2.93702,49.40075],[2.92943,49.41227],[2.93015,49.41525],[2.95874,49.41049],[2.96222,49.40838],[2.97577,49.41049],[2.99129,49.41171],[3.00156,49.40699]]]]}},{"type":"Feature","properties":{"code":"60648","nom":"Troussencourt","departement":"60","region":"32"},"geometry":{"type":"MultiPolygon","coordinates":[[[[2.25688,49.59541],[2.25017,49.5956],[2.24288,49.59259],[2.24373,49.59091],[2.24144,49.59073],[2.23483,49.59269],[2.23239,49.59485],[2.23173,49.60212],[2.22795,49.60235],[2.22807,49.60432],[2.23389,49.60993],[2.25437,49.61558],[2.25419,49.6147],[2.26672,49.61165],[2.26891,49.61257],[2.27025,49.61125],[2.27154,49.60646],[2.26417,49.6001],[2.25688,49.59541]]]]}},{"type":"Feature","properties":{"code":"60650","nom":"Trumilly","departement":"60","region":"32"},"geometry":{"type":"MultiPolygon","coordinates":[[[[2.79036,49.2265],[2.7588,49.22526],[2.75526,49.22488],[2.75064,49.23356],[2.75461,49.24618],[2.75888,49.24846],[2.76006,49.251],[2.7602,49.25198],[2.76434,49.25215],[2.77161,49.24664],[2.77883,49.24701],[2.79156,49.25576],[2.80017,49.25615],[2.80537,49.25503],[2.82901,49.24371],[2.82237,49.23721],[2.82252,49.23584],[2.80879,49.23476],[2.80933,49.23351],[2.80611,49.23117],[2.79332,49.22679],[2.79036,49.2265]]]]}},{"type":"Feature","properties":{"code":"60651","nom":"Ully-Saint-Georges","departement":"60","region":"32"},"geometry":{"type":"MultiPolygon","coordinates":[[[[2.24576,49.27828],[2.26696,49.29044],[2.27277,49.29493],[2.27143,49.30018],[2.27713,49.30416],[2.28126,49.30576],[2.28432,49.30369],[2.30874,49.29042],[2.30697,49.29007],[2.29927,49.2761],[2.30015,49.26629],[2.30451,49.26154],[2.30222,49.26053],[2.30428,49.25821],[2.30073,49.25676],[2.29562,49.25505],[2.28666,49.25432],[2.27234,49.25592],[2.26507,49.25071],[2.26061,49.2535],[2.25131,49.25369],[2.23896,49.25216],[2.23634,49.25475],[2.23647,49.25605],[2.24144,49.26204],[2.2465,49.26692],[2.2512,49.26753],[2.25922,49.27159],[2.24576,49.27828]]]]}},{"type":"Feature","properties":{"code":"60652","nom":"Valdampierre","departement":"60","region":"32"},"geometry":{"type":"MultiPolygon","coordinates":[[[[2.06242,49.32295],[2.06699,49.32259],[2.06387,49.32111],[2.06104,49.31741],[2.0689,49.31512],[2.07761,49.31484],[2.08061,49.3151],[2.0819,49.31346],[2.07972,49.3077],[2.07484,49.30193],[2.07185,49.29613],[2.05448,49.29302],[2.04567,49.28669],[2.04358,49.2862],[2.04084,49.28927],[2.03983,49.29253],[2.04054,49.29404],[2.03508,49.30698],[2.02873,49.31591],[2.03457,49.32207],[2.04977,49.31649],[2.05367,49.3175],[2.05753,49.32087],[2.06242,49.32295]]]]}},{"type":"Feature","properties":{"code":"60653","nom":"Valescourt","departement":"60","region":"32"},"geometry":{"type":"MultiPolygon","coordinates":[[[[2.44346,49.49456],[2.45076,49.49079],[2.45548,49.48964],[2.46433,49.49131],[2.4687,49.48764],[2.46598,49.47858],[2.46247,49.47556],[2.45571,49.47211],[2.43921,49.47869],[2.41331,49.48405],[2.4022,49.48867],[2.39456,49.48703],[2.39153,49.48259],[2.38214,49.48689],[2.39229,49.48967],[2.40538,49.48952],[2.41831,49.49133],[2.42907,49.49405],[2.44346,49.49456]]]]}},{"type":"Feature","properties":{"code":"60654","nom":"Vandélicourt","departement":"60","region":"32"},"geometry":{"type":"MultiPolygon","coordinates":[[[[2.79412,49.49552],[2.7932,49.4954],[2.77545,49.5096],[2.7766,49.51427],[2.79787,49.51715],[2.79844,49.51797],[2.81113,49.51495],[2.81652,49.51218],[2.81232,49.50556],[2.80803,49.50331],[2.80992,49.50163],[2.80517,49.49899],[2.79412,49.49552]]]]}},{"type":"Feature","properties":{"code":"60655","nom":"Varesnes","departement":"60","region":"32"},"geometry":{"type":"MultiPolygon","coordinates":[[[[3.10967,49.55248],[3.10334,49.55147],[3.09723,49.54818],[3.0734,49.5381],[3.0702,49.53994],[3.06695,49.547],[3.06161,49.55174],[3.04907,49.55883],[3.06268,49.56766],[3.07081,49.57226],[3.07768,49.56947],[3.09093,49.56831],[3.09532,49.56296],[3.10321,49.55732],[3.10797,49.55541],[3.10967,49.55248]]]]}},{"type":"Feature","properties":{"code":"60656","nom":"Varinfroy","departement":"60","region":"32"},"geometry":{"type":"MultiPolygon","coordinates":[[[[3.03417,49.08853],[3.03704,49.09236],[3.03791,49.09628],[3.03722,49.10301],[3.03958,49.1023],[3.04682,49.10491],[3.05621,49.10194],[3.05676,49.0949],[3.06416,49.08901],[3.06614,49.08519],[3.03989,49.08682],[3.03417,49.08853]]]]}},{"type":"Feature","properties":{"code":"60657","nom":"Vauchelles","departement":"60","region":"32"},"geometry":{"type":"MultiPolygon","coordinates":[[[[2.98535,49.5905],[2.98187,49.58875],[2.97401,49.58261],[2.97128,49.57813],[2.96883,49.57883],[2.96121,49.57877],[2.95936,49.57962],[2.95033,49.58889],[2.95914,49.59129],[2.9812,49.59298],[2.98535,49.5905]]]]}},{"type":"Feature","properties":{"code":"60658","nom":"Vauciennes","departement":"60","region":"32"},"geometry":{"type":"MultiPolygon","coordinates":[[[[2.98609,49.2188],[2.9907,49.22259],[2.99791,49.22363],[3.00032,49.22276],[3.0023,49.22021],[2.99803,49.21396],[2.9917,49.2109],[2.98985,49.21071],[2.98615,49.21258],[2.98174,49.2168],[2.98609,49.2188]]],[[[3.04458,49.22934],[3.04709,49.2293],[3.04816,49.22774],[3.04385,49.22663],[3.04243,49.22844],[3.04405,49.22843],[3.04458,49.22934]]],[[[3.03371,49.24376],[3.03356,49.24295],[3.03295,49.23908],[3.03987,49.23275],[3.03581,49.22197],[3.02008,49.21679],[3.00946,49.22252],[3.01108,49.23253],[3.00178,49.23559],[3.00194,49.23846],[3.03371,49.24376]]]]}},{"type":"Feature","properties":{"code":"60659","nom":"Vaudancourt","departement":"60","region":"32"},"geometry":{"type":"MultiPolygon","coordinates":[[[[1.7697,49.24275],[1.77225,49.23312],[1.77157,49.22706],[1.76936,49.22195],[1.7657,49.21948],[1.76578,49.21641],[1.74131,49.22119],[1.74024,49.22151],[1.7404,49.22283],[1.74379,49.223],[1.74584,49.22452],[1.74826,49.23022],[1.7488,49.23508],[1.75148,49.24047],[1.7697,49.24275]]]]}},{"type":"Feature","properties":{"code":"60660","nom":"Le Vaumain","departement":"60","region":"32"},"geometry":{"type":"MultiPolygon","coordinates":[[[[1.85122,49.33438],[1.85172,49.33505],[1.84763,49.33791],[1.84506,49.34342],[1.85427,49.36243],[1.86413,49.36633],[1.86343,49.35444],[1.88207,49.34896],[1.88737,49.33951],[1.89044,49.3288],[1.88924,49.32812],[1.8872,49.32957],[1.87696,49.33161],[1.86787,49.32442],[1.86326,49.32359],[1.85807,49.3307],[1.85122,49.33438]]]]}},{"type":"Feature","properties":{"code":"60661","nom":"Vaumoise","departement":"60","region":"32"},"geometry":{"type":"MultiPolygon","coordinates":[[[[2.98449,49.25332],[3.00194,49.23846],[3.00178,49.23559],[2.96459,49.23266],[2.96438,49.23189],[2.96067,49.23162],[2.96284,49.23639],[2.97546,49.24325],[2.98449,49.25332]]]]}},{"type":"Feature","properties":{"code":"60662","nom":"Le Vauroux","departement":"60","region":"32"},"geometry":{"type":"MultiPolygon","coordinates":[[[[1.90008,49.39785],[1.91904,49.39274],[1.92124,49.39532],[1.93575,49.3903],[1.94154,49.38709],[1.94087,49.38194],[1.9346,49.37162],[1.93563,49.36782],[1.9282,49.36266],[1.92571,49.36191],[1.91842,49.37028],[1.90754,49.3749],[1.89685,49.37006],[1.88534,49.36993],[1.88575,49.38111],[1.88746,49.38579],[1.89233,49.38461],[1.90008,49.39785]]]]}},{"type":"Feature","properties":{"code":"60664","nom":"Vendeuil-Caply","departement":"60","region":"32"},"geometry":{"type":"MultiPolygon","coordinates":[[[[2.26891,49.61257],[2.28524,49.62067],[2.3036,49.62703],[2.3177,49.62689],[2.32943,49.62547],[2.33101,49.62599],[2.33419,49.62212],[2.31701,49.61388],[2.30434,49.6014],[2.30337,49.59873],[2.29692,49.60061],[2.2905,49.59876],[2.28019,49.59346],[2.26955,49.59038],[2.26777,49.58812],[2.26271,49.59018],[2.25688,49.59541],[2.26417,49.6001],[2.27154,49.60646],[2.27025,49.61125],[2.26891,49.61257]]]]}},{"type":"Feature","properties":{"code":"60665","nom":"Venette","departement":"60","region":"32"},"geometry":{"type":"MultiPolygon","coordinates":[[[[2.75373,49.41095],[2.75378,49.4121],[2.76472,49.42462],[2.77337,49.43792],[2.78851,49.43074],[2.80431,49.4246],[2.80633,49.42369],[2.81215,49.4181],[2.81419,49.41559],[2.8117,49.41429],[2.80777,49.41312],[2.8029,49.41275],[2.79929,49.41134],[2.79509,49.40348],[2.79022,49.40553],[2.77312,49.40952],[2.76462,49.41063],[2.75373,49.41095]]]]}},{"type":"Feature","properties":{"code":"60666","nom":"Ver-sur-Launette","departement":"60","region":"32"},"geometry":{"type":"MultiPolygon","coordinates":[[[[2.63323,49.10857],[2.63735,49.11687],[2.63894,49.11809],[2.64455,49.11838],[2.66013,49.11785],[2.66464,49.11871],[2.66377,49.1217],[2.68718,49.11837],[2.70264,49.11201],[2.71107,49.10956],[2.71087,49.10539],[2.70375,49.096],[2.70022,49.09448],[2.68883,49.09184],[2.67815,49.08608],[2.67122,49.09167],[2.65668,49.09774],[2.64586,49.10018],[2.63995,49.10311],[2.63654,49.10716],[2.63323,49.10857]]]]}},{"type":"Feature","properties":{"code":"60667","nom":"Verberie","departement":"60","region":"32"},"geometry":{"type":"MultiPolygon","coordinates":[[[[2.70658,49.27254],[2.70721,49.27638],[2.71662,49.28844],[2.70772,49.29188],[2.70723,49.30205],[2.70413,49.3068],[2.70401,49.31426],[2.71789,49.31068],[2.72418,49.31158],[2.72606,49.31338],[2.73291,49.32655],[2.73621,49.33094],[2.7409,49.33893],[2.74624,49.34326],[2.75647,49.34387],[2.75698,49.34322],[2.75297,49.34038],[2.74987,49.33475],[2.75444,49.32873],[2.75478,49.32721],[2.76009,49.32496],[2.76404,49.3218],[2.76658,49.3179],[2.76559,49.31137],[2.75749,49.31238],[2.7565,49.31198],[2.75683,49.31123],[2.74018,49.31131],[2.73173,49.30643],[2.72855,49.30194],[2.7278,49.29963],[2.73409,49.29565],[2.74244,49.28599],[2.74175,49.27955],[2.73869,49.27623],[2.71714,49.27087],[2.70658,49.27254]]]]}},{"type":"Feature","properties":{"code":"60668","nom":"Verderel-lès-Sauqueuse","departement":"60","region":"32"},"geometry":{"type":"MultiPolygon","coordinates":[[[[2.05353,49.52847],[2.06205,49.53136],[2.07088,49.53702],[2.07587,49.52894],[2.07524,49.51171],[2.0793,49.50682],[2.09948,49.51263],[2.114,49.51087],[2.11911,49.50929],[2.11796,49.508],[2.11771,49.49845],[2.11633,49.49394],[2.11268,49.4904],[2.10572,49.48631],[2.09666,49.48747],[2.09346,49.49044],[2.09114,49.49129],[2.08915,49.49062],[2.08612,49.48598],[2.08054,49.4874],[2.0816,49.49091],[2.08117,49.49759],[2.05605,49.50816],[2.04663,49.50926],[2.04209,49.50899],[2.04918,49.52125],[2.05576,49.52717],[2.05353,49.52847]]]]}},{"type":"Feature","properties":{"code":"60669","nom":"Verderonne","departement":"60","region":"32"},"geometry":{"type":"MultiPolygon","coordinates":[[[[2.48481,49.33994],[2.49024,49.33701],[2.50825,49.33243],[2.51337,49.32982],[2.50101,49.32441],[2.48337,49.31849],[2.47582,49.32348],[2.48,49.32827],[2.48046,49.33337],[2.48481,49.33994]]]]}},{"type":"Feature","properties":{"code":"60670","nom":"Verneuil-en-Halatte","departement":"60","region":"32"},"geometry":{"type":"MultiPolygon","coordinates":[[[[2.52606,49.29893],[2.53954,49.30182],[2.54796,49.30075],[2.55023,49.2945],[2.57403,49.27717],[2.56085,49.26152],[2.56555,49.2581],[2.54873,49.25054],[2.53087,49.24273],[2.53157,49.24712],[2.52082,49.25275],[2.51232,49.25583],[2.51155,49.25699],[2.50663,49.25787],[2.4953,49.26547],[2.49632,49.27401],[2.49559,49.27459],[2.49591,49.27484],[2.49996,49.27721],[2.51016,49.28694],[2.51064,49.2887],[2.51272,49.29249],[2.51536,49.29484],[2.52271,49.29852],[2.52606,49.29893]]]]}},{"type":"Feature","properties":{"code":"60671","nom":"Versigny","departement":"60","region":"32"},"geometry":{"type":"MultiPolygon","coordinates":[[[[2.81854,49.17795],[2.81954,49.16672],[2.82217,49.16446],[2.81593,49.15967],[2.8077,49.15602],[2.79534,49.15468],[2.77842,49.14748],[2.7633,49.13423],[2.76489,49.13365],[2.76201,49.13305],[2.74905,49.13983],[2.74656,49.14505],[2.75074,49.16204],[2.7561,49.16745],[2.76248,49.16911],[2.76473,49.16861],[2.76977,49.16851],[2.78988,49.173],[2.80546,49.17897],[2.80782,49.18001],[2.80856,49.18752],[2.81877,49.18491],[2.81887,49.18197],[2.81685,49.17906],[2.81854,49.17795]]]]}},{"type":"Feature","properties":{"code":"60672","nom":"Vez","departement":"60","region":"32"},"geometry":{"type":"MultiPolygon","coordinates":[[[[3.01037,49.2762],[3.0142,49.27631],[3.02749,49.2717],[3.02721,49.26793],[3.02895,49.26666],[3.03103,49.26684],[3.02896,49.25759],[3.03235,49.25069],[3.03371,49.24376],[3.00194,49.23846],[2.98449,49.25332],[2.98222,49.25388],[2.97972,49.2562],[2.97968,49.25741],[2.99223,49.2658],[3.00026,49.27451],[3.00506,49.2765],[3.01037,49.2762]]]]}},{"type":"Feature","properties":{"code":"60673","nom":"Viefvillers","departement":"60","region":"32"},"geometry":{"type":"MultiPolygon","coordinates":[[[[2.11729,49.60244],[2.11736,49.60426],[2.11364,49.61146],[2.12128,49.61426],[2.12882,49.62113],[2.14301,49.61718],[2.14276,49.61534],[2.14633,49.61197],[2.14859,49.606],[2.13645,49.59993],[2.11729,49.60244]]]]}},{"type":"Feature","properties":{"code":"60674","nom":"Vieux-Moulin","departement":"60","region":"32"},"geometry":{"type":"MultiPolygon","coordinates":[[[[2.92641,49.36887],[2.89238,49.36816],[2.88532,49.39043],[2.90147,49.39419],[2.92091,49.40403],[2.92943,49.41227],[2.93702,49.40075],[2.93552,49.39812],[2.9411,49.39169],[2.94715,49.38837],[2.96944,49.38121],[2.97054,49.37028],[2.92641,49.36887]]]]}},{"type":"Feature","properties":{"code":"60675","nom":"Vignemont","departement":"60","region":"32"},"geometry":{"type":"MultiPolygon","coordinates":[[[[2.76772,49.4856],[2.77024,49.48826],[2.76964,49.49084],[2.76458,49.49994],[2.76198,49.50347],[2.75939,49.5053],[2.76352,49.50839],[2.77545,49.5096],[2.7932,49.4954],[2.79412,49.49552],[2.79503,49.49282],[2.78842,49.48965],[2.78526,49.48501],[2.78386,49.47917],[2.77638,49.48375],[2.76772,49.4856]]]]}},{"type":"Feature","properties":{"code":"60676","nom":"Ville","departement":"60","region":"32"},"geometry":{"type":"MultiPolygon","coordinates":[[[[2.91582,49.54195],[2.91484,49.5423],[2.91574,49.55201],[2.92386,49.56274],[2.92835,49.56708],[2.93015,49.57224],[2.92949,49.57298],[2.93032,49.57314],[2.93558,49.57129],[2.94684,49.57088],[2.95303,49.56279],[2.95359,49.56056],[2.95072,49.55552],[2.94777,49.55335],[2.94675,49.54971],[2.94747,49.54934],[2.93769,49.54631],[2.92354,49.54323],[2.92335,49.54202],[2.91582,49.54195]]]]}},{"type":"Feature","properties":{"code":"60677","nom":"Villembray","departement":"60","region":"32"},"geometry":{"type":"MultiPolygon","coordinates":[[[[1.88525,49.46662],[1.88096,49.4669],[1.86041,49.47216],[1.85596,49.47609],[1.8584,49.47838],[1.85747,49.4895],[1.86101,49.49639],[1.86508,49.49944],[1.86552,49.49784],[1.87671,49.49388],[1.88021,49.49363],[1.88367,49.49353],[1.88594,49.49258],[1.88826,49.48938],[1.88745,49.48497],[1.88927,49.48432],[1.89116,49.48362],[1.89118,49.48209],[1.88471,49.46731],[1.88525,49.46662]]]]}},{"type":"Feature","properties":{"code":"60678","nom":"Villeneuve-les-Sablons","departement":"60","region":"32"},"geometry":{"type":"MultiPolygon","coordinates":[[[[2.05607,49.22445],[2.05563,49.22576],[2.05971,49.22635],[2.06372,49.22563],[2.06854,49.23081],[2.06784,49.23558],[2.06441,49.24277],[2.06302,49.2438],[2.07177,49.247],[2.07815,49.2483],[2.08402,49.24375],[2.0923,49.23927],[2.0912,49.23704],[2.08747,49.23358],[2.07712,49.23155],[2.07878,49.22894],[2.08086,49.22165],[2.08017,49.22106],[2.07171,49.21853],[2.06507,49.21852],[2.05627,49.22091],[2.05607,49.22445]]]]}},{"type":"Feature","properties":{"code":"60679","nom":"La Villeneuve-sous-Thury","departement":"60","region":"32"},"geometry":{"type":"MultiPolygon","coordinates":[[[[3.08471,49.15934],[3.08943,49.15563],[3.0687,49.15153],[3.05954,49.15067],[3.04956,49.15085],[3.04797,49.15157],[3.04567,49.15552],[3.04631,49.15914],[3.03875,49.16877],[3.04038,49.16938],[3.05401,49.16962],[3.06674,49.16616],[3.07644,49.16154],[3.08366,49.15907],[3.08471,49.15934]]]]}},{"type":"Feature","properties":{"code":"60680","nom":"Villeneuve-sur-Verberie","departement":"60","region":"32"},"geometry":{"type":"MultiPolygon","coordinates":[[[[2.70658,49.27254],[2.70636,49.27123],[2.7021,49.26732],[2.69962,49.26903],[2.68331,49.26772],[2.67181,49.26373],[2.66538,49.25955],[2.65614,49.26496],[2.64992,49.27015],[2.63935,49.27366],[2.6354,49.27812],[2.66681,49.27816],[2.66836,49.28235],[2.67088,49.28171],[2.68033,49.28239],[2.69536,49.2798],[2.69851,49.28506],[2.70055,49.29203],[2.70772,49.29188],[2.71662,49.28844],[2.70721,49.27638],[2.70658,49.27254]]]]}},{"type":"Feature","properties":{"code":"60681","nom":"Villers-Saint-Barthélemy","departement":"60","region":"32"},"geometry":{"type":"MultiPolygon","coordinates":[[[[1.95151,49.41911],[1.95392,49.41833],[1.96467,49.41812],[1.98047,49.41557],[1.97838,49.41386],[1.98378,49.40862],[1.97567,49.39963],[1.97033,49.40003],[1.96904,49.39619],[1.97008,49.393],[1.9671,49.38909],[1.96159,49.38679],[1.96056,49.38647],[1.94676,49.39292],[1.94154,49.38709],[1.93575,49.3903],[1.92124,49.39532],[1.9301,49.40456],[1.93815,49.41018],[1.95015,49.41697],[1.95151,49.41911]]]]}},{"type":"Feature","properties":{"code":"60682","nom":"Villers-Saint-Frambourg-Ognon","departement":"60","region":"32"},"geometry":{"type":"MultiPolygon","coordinates":[[[[2.61196,49.24585],[2.61958,49.25661],[2.61996,49.25887],[2.61714,49.27044],[2.60717,49.27753],[2.62217,49.27779],[2.6354,49.27812],[2.63935,49.27366],[2.64992,49.27015],[2.65614,49.26496],[2.66538,49.25955],[2.66624,49.25745],[2.66085,49.25626],[2.65816,49.25345],[2.65979,49.23254],[2.6565,49.23148],[2.65673,49.23062],[2.6538,49.23147],[2.64146,49.22802],[2.62884,49.23166],[2.62373,49.2351],[2.62262,49.237],[2.62399,49.23971],[2.62236,49.24578],[2.61196,49.24585]]]]}},{"type":"Feature","properties":{"code":"60683","nom":"Villers-Saint-Genest","departement":"60","region":"32"},"geometry":{"type":"MultiPolygon","coordinates":[[[[2.85864,49.13994],[2.8591,49.14164],[2.86062,49.14185],[2.87247,49.14089],[2.88237,49.14383],[2.88428,49.15065],[2.88955,49.15302],[2.90426,49.15479],[2.90705,49.15432],[2.90629,49.15287],[2.90896,49.1521],[2.91658,49.15236],[2.92784,49.14632],[2.93572,49.14016],[2.93223,49.13786],[2.91817,49.1316],[2.91136,49.12683],[2.89232,49.12878],[2.89171,49.13029],[2.88767,49.13192],[2.87467,49.13582],[2.86107,49.13578],[2.86227,49.13727],[2.85864,49.13994]]]]}},{"type":"Feature","properties":{"code":"60684","nom":"Villers-Saint-Paul","departement":"60","region":"32"},"geometry":{"type":"MultiPolygon","coordinates":[[[[2.49287,49.27696],[2.48488,49.27987],[2.47333,49.28517],[2.47656,49.28538],[2.47766,49.28756],[2.47573,49.28809],[2.48232,49.29458],[2.4855,49.2997],[2.49619,49.30289],[2.49596,49.30212],[2.51064,49.2887],[2.51016,49.28694],[2.49996,49.27721],[2.49591,49.27484],[2.49287,49.27696]]]]}},{"type":"Feature","properties":{"code":"60685","nom":"Villers-Saint-Sépulcre","departement":"60","region":"32"},"geometry":{"type":"MultiPolygon","coordinates":[[[[2.18152,49.37117],[2.18686,49.37363],[2.18819,49.37513],[2.19023,49.37472],[2.19722,49.37565],[2.19883,49.37797],[2.2072,49.38404],[2.22522,49.37529],[2.2312,49.37041],[2.23705,49.36921],[2.23855,49.36624],[2.23658,49.36488],[2.23511,49.36514],[2.23445,49.36264],[2.22552,49.36224],[2.22557,49.36102],[2.22233,49.35901],[2.21735,49.3581],[2.2027,49.35614],[2.19543,49.35799],[2.18279,49.36764],[2.18152,49.37117]]]]}},{"type":"Feature","properties":{"code":"60686","nom":"Villers-sous-Saint-Leu","departement":"60","region":"32"},"geometry":{"type":"MultiPolygon","coordinates":[[[[2.36447,49.23321],[2.38826,49.22497],[2.39668,49.22012],[2.39935,49.21744],[2.40261,49.20953],[2.39781,49.20459],[2.39132,49.20433],[2.38658,49.20358],[2.38402,49.20951],[2.37793,49.21653],[2.37474,49.21874],[2.36743,49.22346],[2.36146,49.22858],[2.35988,49.23088],[2.36447,49.23321]]]]}},{"type":"Feature","properties":{"code":"60687","nom":"Villers-sur-Auchy","departement":"60","region":"32"},"geometry":{"type":"MultiPolygon","coordinates":[[[[1.76598,49.46602],[1.7696,49.4683],[1.77226,49.47407],[1.77606,49.48775],[1.77744,49.48895],[1.78899,49.49043],[1.81406,49.49041],[1.81303,49.48463],[1.80942,49.47528],[1.80256,49.46701],[1.79953,49.45601],[1.78394,49.4616],[1.76598,49.46602]]]]}},{"type":"Feature","properties":{"code":"60688","nom":"Villers-sur-Bonnières","departement":"60","region":"32"},"geometry":{"type":"MultiPolygon","coordinates":[[[[1.94621,49.53091],[1.94283,49.53288],[1.94216,49.54139],[1.94322,49.54311],[1.96286,49.54318],[1.97077,49.54108],[1.97612,49.53668],[1.97952,49.52995],[1.9752,49.52975],[1.97275,49.52644],[1.9674,49.52362],[1.9667,49.52498],[1.95413,49.5298],[1.94621,49.53091]]]]}},{"type":"Feature","properties":{"code":"60689","nom":"Villers-sur-Coudun","departement":"60","region":"32"},"geometry":{"type":"MultiPolygon","coordinates":[[[[2.79262,49.47431],[2.78386,49.47917],[2.78526,49.48501],[2.78842,49.48965],[2.79503,49.49282],[2.79412,49.49552],[2.80517,49.49899],[2.80992,49.50163],[2.81236,49.50156],[2.81377,49.49822],[2.82021,49.49232],[2.826,49.49155],[2.82731,49.4812],[2.82163,49.48217],[2.81458,49.48124],[2.80589,49.4728],[2.79764,49.47297],[2.79262,49.47431]]]]}},{"type":"Feature","properties":{"code":"60691","nom":"Villers-Vermont","departement":"60","region":"32"},"geometry":{"type":"MultiPolygon","coordinates":[[[[1.69129,49.57913],[1.69039,49.57995],[1.69749,49.58265],[1.70664,49.57981],[1.71035,49.57991],[1.7181,49.58196],[1.72222,49.58905],[1.72937,49.58831],[1.74381,49.58251],[1.74472,49.58024],[1.75247,49.57352],[1.75404,49.57226],[1.75334,49.57107],[1.74287,49.56116],[1.73294,49.55787],[1.73,49.5614],[1.72545,49.56441],[1.72053,49.56957],[1.71374,49.57744],[1.70323,49.5778],[1.70106,49.57708],[1.70172,49.57521],[1.69769,49.57228],[1.69445,49.57504],[1.70022,49.57826],[1.70082,49.57968],[1.69964,49.58077],[1.69129,49.57913]]]]}},{"type":"Feature","properties":{"code":"60692","nom":"Villers-Vicomte","departement":"60","region":"32"},"geometry":{"type":"MultiPolygon","coordinates":[[[[2.24154,49.63431],[2.23269,49.63253],[2.22655,49.63277],[2.20931,49.63112],[2.20887,49.63425],[2.22087,49.6487],[2.2201,49.64976],[2.24082,49.65148],[2.24753,49.64959],[2.25016,49.64822],[2.25139,49.64463],[2.25071,49.63881],[2.24913,49.6367],[2.24025,49.63506],[2.24154,49.63431]]]]}},{"type":"Feature","properties":{"code":"60693","nom":"Villeselve","departement":"60","region":"32"},"geometry":{"type":"MultiPolygon","coordinates":[[[[3.10856,49.66443],[3.09906,49.68419],[3.10471,49.68753],[3.10598,49.68959],[3.10536,49.69135],[3.09869,49.69877],[3.09287,49.69983],[3.09666,49.70582],[3.10056,49.70651],[3.11832,49.70597],[3.12566,49.69639],[3.12271,49.69018],[3.11965,49.68726],[3.11929,49.6792],[3.12736,49.66957],[3.12652,49.66733],[3.1215,49.66405],[3.11732,49.66683],[3.10856,49.66443]]]]}},{"type":"Feature","properties":{"code":"60694","nom":"Les Hauts-Talican","departement":"60","region":"32"},"geometry":{"type":"MultiPolygon","coordinates":[[[[2.02519,49.35261],[2.02827,49.35173],[2.02984,49.34823],[2.03701,49.3445],[2.04625,49.34273],[2.0601,49.33737],[2.07902,49.33268],[2.0799,49.33232],[2.07838,49.3307],[2.07216,49.32719],[2.06486,49.32495],[2.06242,49.32295],[2.05753,49.32087],[2.05367,49.3175],[2.04977,49.31649],[2.03457,49.32207],[2.02634,49.32626],[2.02269,49.33475],[2.0011,49.3323],[1.99403,49.33667],[1.99311,49.33912],[1.9968,49.34159],[1.99944,49.34719],[1.99642,49.35495],[1.99724,49.35798],[2.0,49.36035],[2.01487,49.35819],[2.02519,49.35261]]]]}},{"type":"Feature","properties":{"code":"60695","nom":"Vineuil-Saint-Firmin","departement":"60","region":"32"},"geometry":{"type":"MultiPolygon","coordinates":[[[[2.46653,49.19829],[2.46931,49.20334],[2.4725,49.20788],[2.4843,49.2147],[2.48474,49.21599],[2.52621,49.21286],[2.52809,49.21048],[2.52546,49.2096],[2.52929,49.19769],[2.52813,49.19681],[2.52469,49.19657],[2.50147,49.1958],[2.501,49.1946],[2.47927,49.19895],[2.4668,49.19784],[2.46653,49.19829]]]]}},{"type":"Feature","properties":{"code":"60697","nom":"Vrocourt","departement":"60","region":"32"},"geometry":{"type":"MultiPolygon","coordinates":[[[[1.87232,49.52265],[1.87462,49.53172],[1.88012,49.54023],[1.8953,49.54913],[1.89827,49.55052],[1.91005,49.54478],[1.91151,49.54377],[1.9052,49.54012],[1.90381,49.54148],[1.89333,49.52676],[1.88775,49.52254],[1.88348,49.52215],[1.87847,49.52271],[1.87553,49.52406],[1.87394,49.52316],[1.87471,49.52199],[1.87259,49.52113],[1.87232,49.52265]]]]}},{"type":"Feature","properties":{"code":"60698","nom":"Wacquemoulin","departement":"60","region":"32"},"geometry":{"type":"MultiPolygon","coordinates":[[[[2.63935,49.5198],[2.64253,49.51289],[2.63678,49.50432],[2.6341,49.5056],[2.62086,49.49709],[2.61039,49.49115],[2.60947,49.49137],[2.60266,49.49354],[2.60346,49.49673],[2.60141,49.49744],[2.60437,49.50138],[2.60323,49.50231],[2.59798,49.50347],[2.59457,49.50571],[2.59566,49.50763],[2.59787,49.50744],[2.61199,49.51141],[2.62456,49.5253],[2.63935,49.5198]]]]}},{"type":"Feature","properties":{"code":"60699","nom":"Wambez","departement":"60","region":"32"},"geometry":{"type":"MultiPolygon","coordinates":[[[[1.85373,49.51261],[1.84788,49.51175],[1.83798,49.5145],[1.83559,49.51445],[1.835,49.51718],[1.82739,49.5175],[1.82044,49.52661],[1.83029,49.52929],[1.84735,49.53026],[1.86085,49.53008],[1.86062,49.52791],[1.86294,49.52341],[1.86439,49.52095],[1.86627,49.52063],[1.86701,49.51889],[1.86451,49.51743],[1.86113,49.51873],[1.85551,49.51751],[1.85373,49.51261]]]]}},{"type":"Feature","properties":{"code":"60700","nom":"Warluis","departement":"60","region":"32"},"geometry":{"type":"MultiPolygon","coordinates":[[[[2.16976,49.40653],[2.17095,49.4064],[2.1669,49.39961],[2.16693,49.39574],[2.17798,49.39321],[2.1928,49.39313],[2.19352,49.38993],[2.19642,49.38762],[2.18735,49.38408],[2.18351,49.38143],[2.18377,49.37655],[2.18819,49.37513],[2.18686,49.37363],[2.18152,49.37117],[2.18205,49.37223],[2.1776,49.3754],[2.17017,49.37886],[2.16618,49.37663],[2.15907,49.37416],[2.13807,49.37233],[2.13671,49.37079],[2.13154,49.36704],[2.12905,49.37039],[2.12735,49.36997],[2.12658,49.37084],[2.1372,49.37417],[2.13458,49.3876],[2.1277,49.39055],[2.13062,49.39358],[2.13841,49.39736],[2.15197,49.40098],[2.15929,49.40215],[2.16976,49.40653]]]]}},{"type":"Feature","properties":{"code":"60701","nom":"Wavignies","departement":"60","region":"32"},"geometry":{"type":"MultiPolygon","coordinates":[[[[2.32794,49.53403],[2.34162,49.55033],[2.3432,49.55006],[2.34992,49.55321],[2.35531,49.55753],[2.35645,49.55972],[2.35709,49.56652],[2.36193,49.56788],[2.36664,49.56725],[2.38342,49.55673],[2.38182,49.55516],[2.38234,49.54806],[2.3851,49.54151],[2.38258,49.53725],[2.37638,49.53418],[2.36669,49.53587],[2.36095,49.53561],[2.34757,49.52995],[2.34645,49.52857],[2.33006,49.53283],[2.32794,49.53403]]]]}},{"type":"Feature","properties":{"code":"60702","nom":"Welles-Pérennes","departement":"60","region":"32"},"geometry":{"type":"MultiPolygon","coordinates":[[[[2.50521,49.63958],[2.50527,49.63684],[2.50676,49.63475],[2.51102,49.63236],[2.51399,49.63213],[2.52148,49.62694],[2.49766,49.61526],[2.49172,49.61006],[2.49294,49.60804],[2.5047,49.6037],[2.50329,49.60051],[2.50145,49.5964],[2.49825,49.59363],[2.49534,49.58893],[2.49722,49.58762],[2.49548,49.58685],[2.48934,49.58802],[2.48432,49.58896],[2.47872,49.5927],[2.46782,49.59446],[2.457,49.58959],[2.44483,49.59123],[2.45374,49.59516],[2.44563,49.60265],[2.44216,49.59947],[2.43637,49.60037],[2.43757,49.60238],[2.44352,49.60493],[2.44781,49.60289],[2.45703,49.60356],[2.45983,49.60463],[2.46936,49.61388],[2.47198,49.61834],[2.47783,49.61994],[2.47786,49.62066],[2.48689,49.6262],[2.48941,49.63159],[2.50521,49.63958]]]]}},{"type":"Feature","properties":{"code":"60703","nom":"Aux Marais","departement":"60","region":"32"},"geometry":{"type":"MultiPolygon","coordinates":[[[[2.03589,49.39208],[2.03064,49.39318],[2.01637,49.40076],[2.02134,49.40873],[2.02696,49.40964],[2.03497,49.41472],[2.05346,49.41848],[2.05757,49.42122],[2.06592,49.41818],[2.06615,49.41332],[2.06431,49.41115],[2.05808,49.4083],[2.04503,49.4],[2.03589,49.39208]]]]}}]}