{"type":"FeatureCollection","features":[{"type":"Feature","properties":{"code":"62681","nom":"Quiestède","departement":"62","region":"32"},"geometry":{"type":"MultiPolygon","coordinates":[[[[2.33183,50.6869],[2.34857,50.68486],[2.35325,50.68087],[2.34814,50.67865],[2.32519,50.67595],[2.31088,50.66956],[2.30737,50.67511],[2.3223,50.68622],[2.32731,50.68743],[2.33183,50.6869]]]]}},{"type":"Feature","properties":{"code":"62121","nom":"Beugnâtre","departement":"62","region":"32"},"geometry":{"type":"MultiPolygon","coordinates":[[[[2.8778,50.1145],[2.8696,50.12208],[2.86699,50.13229],[2.86075,50.14271],[2.87274,50.14815],[2.88455,50.13602],[2.89052,50.12796],[2.89028,50.12437],[2.88655,50.12436],[2.8784,50.11893],[2.88042,50.11615],[2.8778,50.1145]]]]}},{"type":"Feature","properties":{"code":"62162","nom":"Bourecq","departement":"62","region":"32"},"geometry":{"type":"MultiPolygon","coordinates":[[[[2.45079,50.56948],[2.43237,50.56473],[2.43046,50.56719],[2.42349,50.56945],[2.42821,50.57237],[2.42241,50.5785],[2.42128,50.57823],[2.42096,50.58484],[2.42578,50.58794],[2.43163,50.59031],[2.43255,50.59077],[2.44556,50.58471],[2.4517,50.57681],[2.45079,50.56948]]]]}},{"type":"Feature","properties":{"code":"62001","nom":"Ablain-Saint-Nazaire","departement":"62","region":"32"},"geometry":{"type":"MultiPolygon","coordinates":[[[[2.70241,50.40647],[2.72323,50.40382],[2.72596,50.40238],[2.7339,50.39416],[2.73407,50.38983],[2.72951,50.38724],[2.72559,50.38689],[2.71987,50.38464],[2.71468,50.38386],[2.70169,50.38411],[2.67391,50.38932],[2.66649,50.3942],[2.66836,50.39534],[2.66995,50.39888],[2.66834,50.40289],[2.66412,50.40459],[2.66267,50.40799],[2.66266,50.40946],[2.66506,50.41175],[2.66685,50.41346],[2.67251,50.41447],[2.68573,50.40646],[2.7016,50.40524],[2.70241,50.40647]]]]}},{"type":"Feature","properties":{"code":"62002","nom":"Ablainzevelle","departement":"62","region":"32"},"geometry":{"type":"MultiPolygon","coordinates":[[[[2.74917,50.16774],[2.75445,50.16548],[2.74999,50.15831],[2.75305,50.15554],[2.75427,50.15084],[2.75346,50.14721],[2.74783,50.14216],[2.74795,50.13859],[2.7468,50.13865],[2.74252,50.13904],[2.73185,50.14534],[2.72564,50.15029],[2.72249,50.15423],[2.72856,50.15672],[2.7282,50.1591],[2.74494,50.16461],[2.74917,50.16774]]]]}},{"type":"Feature","properties":{"code":"62003","nom":"Acheville","departement":"62","region":"32"},"geometry":{"type":"MultiPolygon","coordinates":[[[[2.89808,50.38554],[2.89692,50.38495],[2.89426,50.37895],[2.88688,50.37551],[2.88642,50.37703],[2.88046,50.37616],[2.8815,50.37896],[2.8673,50.38182],[2.86391,50.3807],[2.86284,50.38244],[2.86803,50.38756],[2.87587,50.39059],[2.88609,50.3932],[2.89331,50.38948],[2.89808,50.38554]]]]}},{"type":"Feature","properties":{"code":"62004","nom":"Achicourt","departement":"62","region":"32"},"geometry":{"type":"MultiPolygon","coordinates":[[[[2.73187,50.26544],[2.73487,50.27096],[2.74166,50.27851],[2.73926,50.27902],[2.73795,50.28007],[2.74023,50.28135],[2.74089,50.28024],[2.75634,50.27876],[2.76341,50.2799],[2.76696,50.28207],[2.77143,50.28108],[2.77266,50.2805],[2.77476,50.27962],[2.77471,50.27491],[2.78178,50.27843],[2.78418,50.27184],[2.7801,50.26829],[2.77714,50.26746],[2.77421,50.26849],[2.77358,50.26438],[2.76405,50.26651],[2.75819,50.26614],[2.75176,50.26457],[2.74356,50.25985],[2.73062,50.26493],[2.73187,50.26544]]]]}},{"type":"Feature","properties":{"code":"62005","nom":"Achiet-le-Grand","departement":"62","region":"32"},"geometry":{"type":"MultiPolygon","coordinates":[[[[2.7825,50.11522],[2.76563,50.13024],[2.75931,50.13386],[2.76167,50.14066],[2.76206,50.14197],[2.78317,50.145],[2.78291,50.14194],[2.78967,50.13966],[2.79392,50.14131],[2.79772,50.13775],[2.79449,50.1294],[2.78543,50.11746],[2.7825,50.11522]]]]}},{"type":"Feature","properties":{"code":"62006","nom":"Achiet-le-Petit","departement":"62","region":"32"},"geometry":{"type":"MultiPolygon","coordinates":[[[[2.76167,50.14066],[2.75931,50.13386],[2.76563,50.13024],[2.7825,50.11522],[2.78348,50.11214],[2.78064,50.11111],[2.76942,50.11222],[2.74941,50.11279],[2.7381,50.12222],[2.73021,50.1258],[2.7468,50.13865],[2.74795,50.13859],[2.74783,50.14216],[2.75346,50.14721],[2.75815,50.14454],[2.75813,50.14282],[2.76167,50.14066]]]]}},{"type":"Feature","properties":{"code":"62007","nom":"Acq","departement":"62","region":"32"},"geometry":{"type":"MultiPolygon","coordinates":[[[[2.65716,50.36802],[2.66692,50.36185],[2.66857,50.36088],[2.65936,50.33542],[2.65479,50.33189],[2.64826,50.33316],[2.64095,50.33831],[2.63936,50.33836],[2.64298,50.34636],[2.64631,50.34799],[2.6468,50.34899],[2.64896,50.35698],[2.64762,50.35967],[2.64857,50.36158],[2.65716,50.36802]]]]}},{"type":"Feature","properties":{"code":"62008","nom":"Acquin-Westbécourt","departement":"62","region":"32"},"geometry":{"type":"MultiPolygon","coordinates":[[[[2.08717,50.74074],[2.10337,50.73449],[2.10896,50.73085],[2.11547,50.72027],[2.11777,50.72025],[2.10983,50.71588],[2.08933,50.70971],[2.08275,50.71054],[2.07605,50.7138],[2.06912,50.71596],[2.06283,50.71571],[2.0456,50.72629],[2.03909,50.72515],[2.03559,50.72368],[2.03495,50.72497],[2.03778,50.73159],[2.044,50.73341],[2.05397,50.74062],[2.0553,50.74399],[2.05539,50.74956],[2.05627,50.7517],[2.05848,50.7531],[2.05973,50.75378],[2.05798,50.75672],[2.05876,50.75704],[2.06674,50.75462],[2.0738,50.75083],[2.07273,50.75019],[2.07361,50.75021],[2.07909,50.74438],[2.08509,50.74089],[2.08691,50.74025],[2.08717,50.74074]]]]}},{"type":"Feature","properties":{"code":"62009","nom":"Adinfer","departement":"62","region":"32"},"geometry":{"type":"MultiPolygon","coordinates":[[[[2.7235,50.18855],[2.71062,50.18772],[2.70247,50.18463],[2.69494,50.17884],[2.68715,50.1754],[2.68292,50.17883],[2.68324,50.18082],[2.68912,50.18748],[2.68625,50.18913],[2.69112,50.1938],[2.69445,50.2038],[2.6992,50.20724],[2.70105,50.20433],[2.70674,50.20683],[2.70771,50.20485],[2.73267,50.20077],[2.73263,50.19879],[2.72677,50.19507],[2.72292,50.19086],[2.7235,50.18855]]]]}},{"type":"Feature","properties":{"code":"62010","nom":"Affringues","departement":"62","region":"32"},"geometry":{"type":"MultiPolygon","coordinates":[[[[2.0642,50.69497],[2.07619,50.6964],[2.0784,50.69838],[2.08674,50.70002],[2.08675,50.69954],[2.09357,50.69011],[2.08811,50.68721],[2.08477,50.68853],[2.07762,50.68328],[2.07027,50.68013],[2.06451,50.68446],[2.05544,50.68934],[2.05285,50.68982],[2.04481,50.68875],[2.04687,50.68914],[2.04649,50.69049],[2.05005,50.69091],[2.05522,50.69001],[2.06485,50.69231],[2.06581,50.69303],[2.0642,50.69497]]]]}},{"type":"Feature","properties":{"code":"62011","nom":"Agnez-lès-Duisans","departement":"62","region":"32"},"geometry":{"type":"MultiPolygon","coordinates":[[[[2.66627,50.29021],[2.66209,50.28818],[2.65864,50.29361],[2.63924,50.30782],[2.6305,50.31396],[2.62642,50.3132],[2.61997,50.32236],[2.64598,50.32438],[2.65988,50.32093],[2.66802,50.31829],[2.66827,50.31545],[2.66713,50.31539],[2.66498,50.31264],[2.66951,50.29924],[2.66627,50.29021]]]]}},{"type":"Feature","properties":{"code":"62012","nom":"Agnières","departement":"62","region":"32"},"geometry":{"type":"MultiPolygon","coordinates":[[[[2.60644,50.36681],[2.61097,50.36518],[2.61672,50.3665],[2.62452,50.36318],[2.62327,50.36122],[2.61591,50.35704],[2.61039,50.35366],[2.60987,50.34968],[2.6082,50.33492],[2.60484,50.33406],[2.6034,50.3352],[2.60116,50.33557],[2.59849,50.33507],[2.60218,50.34061],[2.60222,50.3515],[2.60043,50.35119],[2.59944,50.35194],[2.59755,50.35505],[2.60213,50.36436],[2.60644,50.36681]]]]}},{"type":"Feature","properties":{"code":"62013","nom":"Agny","departement":"62","region":"32"},"geometry":{"type":"MultiPolygon","coordinates":[[[[2.77498,50.24081],[2.77521,50.23992],[2.76447,50.23747],[2.76452,50.23805],[2.7563,50.23659],[2.75515,50.23851],[2.7409,50.25565],[2.74137,50.2581],[2.74356,50.25985],[2.75176,50.26457],[2.75819,50.26614],[2.76405,50.26651],[2.77358,50.26438],[2.77651,50.2546],[2.77284,50.24837],[2.7725,50.24372],[2.77355,50.24064],[2.77498,50.24081]]]]}},{"type":"Feature","properties":{"code":"62014","nom":"Aire-sur-la-Lys","departement":"62","region":"32"},"geometry":{"type":"MultiPolygon","coordinates":[[[[2.39015,50.62282],[2.37194,50.62642],[2.36571,50.62554],[2.36555,50.62726],[2.36464,50.62755],[2.35894,50.62621],[2.3448,50.62568],[2.33874,50.62801],[2.33603,50.63369],[2.33543,50.63583],[2.32874,50.64281],[2.32467,50.64356],[2.32428,50.64926],[2.32162,50.6531],[2.31908,50.65498],[2.32241,50.65576],[2.32772,50.65353],[2.34239,50.65144],[2.35597,50.65037],[2.36958,50.6545],[2.36877,50.65792],[2.36244,50.65909],[2.36027,50.66284],[2.36104,50.66994],[2.36484,50.66968],[2.37872,50.66628],[2.38798,50.66589],[2.39222,50.66688],[2.39261,50.66769],[2.41627,50.66574],[2.42167,50.6657],[2.4291,50.65702],[2.43522,50.65598],[2.44084,50.65615],[2.45084,50.65347],[2.4535,50.65063],[2.4589,50.64874],[2.46781,50.64375],[2.47326,50.63858],[2.4676,50.63403],[2.46539,50.63257],[2.46257,50.632],[2.45874,50.63468],[2.45678,50.63508],[2.45274,50.63514],[2.44493,50.63336],[2.44457,50.63268],[2.4414,50.63195],[2.42142,50.62798],[2.40951,50.62689],[2.39229,50.62431],[2.39015,50.62282]]]]}},{"type":"Feature","properties":{"code":"62015","nom":"Airon-Notre-Dame","departement":"62","region":"32"},"geometry":{"type":"MultiPolygon","coordinates":[[[[1.63715,50.43192],[1.63657,50.43936],[1.64088,50.43876],[1.64573,50.4413],[1.64792,50.44616],[1.64724,50.44897],[1.65302,50.44915],[1.66057,50.44657],[1.68353,50.44567],[1.68954,50.45136],[1.69349,50.45026],[1.69307,50.44599],[1.69663,50.44319],[1.69968,50.44312],[1.7034,50.44456],[1.70571,50.4433],[1.69571,50.4407],[1.69235,50.43849],[1.67373,50.43597],[1.64563,50.43408],[1.63715,50.43192]]]]}},{"type":"Feature","properties":{"code":"62016","nom":"Airon-Saint-Vaast","departement":"62","region":"32"},"geometry":{"type":"MultiPolygon","coordinates":[[[[1.69234,50.42005],[1.69163,50.41908],[1.69349,50.41855],[1.69336,50.41621],[1.69154,50.41488],[1.68795,50.41392],[1.67522,50.42042],[1.66589,50.42148],[1.64636,50.42212],[1.64339,50.42844],[1.64378,50.43139],[1.64563,50.43408],[1.67373,50.43597],[1.69235,50.43849],[1.69414,50.43819],[1.69383,50.43418],[1.69058,50.42691],[1.69027,50.4218],[1.69234,50.42005]]]]}},{"type":"Feature","properties":{"code":"62017","nom":"Aix-en-Ergny","departement":"62","region":"32"},"geometry":{"type":"MultiPolygon","coordinates":[[[[2.00678,50.60232],[2.01017,50.59997],[2.01977,50.59557],[2.01991,50.59456],[2.01362,50.59134],[2.00526,50.58323],[2.00224,50.57917],[1.99933,50.57199],[1.99193,50.56478],[1.99083,50.56466],[1.98805,50.56441],[1.98543,50.56627],[1.98978,50.57838],[1.9903,50.5877],[1.99465,50.59685],[1.99548,50.60048],[1.99432,50.6016],[1.99953,50.60298],[2.00342,50.60252],[2.00543,50.60142],[2.00678,50.60232]]]]}},{"type":"Feature","properties":{"code":"62018","nom":"Aix-en-Issart","departement":"62","region":"32"},"geometry":{"type":"MultiPolygon","coordinates":[[[[1.83758,50.50013],[1.85378,50.50199],[1.86238,50.48612],[1.86597,50.48411],[1.89029,50.47962],[1.89156,50.48026],[1.89439,50.47853],[1.89625,50.46827],[1.89843,50.46721],[1.88512,50.4627],[1.86745,50.46266],[1.862,50.46332],[1.86089,50.46454],[1.86162,50.46506],[1.85991,50.46673],[1.85007,50.4744],[1.83785,50.48029],[1.83329,50.48469],[1.82866,50.48752],[1.83067,50.48892],[1.83592,50.49629],[1.83436,50.4994],[1.83758,50.50013]]]]}},{"type":"Feature","properties":{"code":"62019","nom":"Aix-Noulette","departement":"62","region":"32"},"geometry":{"type":"MultiPolygon","coordinates":[[[[2.73741,50.43179],[2.74012,50.42984],[2.73789,50.42701],[2.73665,50.42786],[2.73559,50.42729],[2.73371,50.42552],[2.73287,50.42289],[2.73363,50.41809],[2.73717,50.41623],[2.73849,50.41236],[2.73697,50.4084],[2.73412,50.4062],[2.72596,50.40238],[2.72323,50.40382],[2.70241,50.40647],[2.70381,50.40975],[2.70279,50.4117],[2.69096,50.41866],[2.68731,50.42304],[2.6855,50.42689],[2.69161,50.4343],[2.6862,50.43734],[2.69471,50.44274],[2.69671,50.44384],[2.70074,50.43819],[2.70428,50.43541],[2.73085,50.43018],[2.7349,50.43021],[2.73741,50.43179]]]]}},{"type":"Feature","properties":{"code":"62020","nom":"Alembon","departement":"62","region":"32"},"geometry":{"type":"MultiPolygon","coordinates":[[[[1.89588,50.79521],[1.89565,50.79234],[1.89546,50.78819],[1.89759,50.78297],[1.89627,50.77803],[1.87334,50.76982],[1.85753,50.75935],[1.84945,50.76321],[1.8492,50.76923],[1.84638,50.77705],[1.84858,50.78052],[1.85217,50.78317],[1.85645,50.78745],[1.86304,50.78976],[1.87386,50.79542],[1.88025,50.80159],[1.8854,50.80076],[1.89154,50.79608],[1.89588,50.79521]]]]}},{"type":"Feature","properties":{"code":"62079","nom":"Bancourt","departement":"62","region":"32"},"geometry":{"type":"MultiPolygon","coordinates":[[[[2.91769,50.09806],[2.91616,50.09887],[2.90115,50.09578],[2.89882,50.09156],[2.89457,50.09111],[2.88516,50.09442],[2.86966,50.09773],[2.86768,50.09914],[2.86881,50.10157],[2.87361,50.10564],[2.87419,50.11037],[2.87327,50.111],[2.8778,50.1145],[2.88042,50.11615],[2.88499,50.10941],[2.90204,50.10235],[2.91971,50.09912],[2.91769,50.09806]]]]}},{"type":"Feature","properties":{"code":"62021","nom":"Alette","departement":"62","region":"32"},"geometry":{"type":"MultiPolygon","coordinates":[[[[1.85378,50.50199],[1.83758,50.50013],[1.83496,50.50418],[1.82812,50.50782],[1.81882,50.51474],[1.81839,50.51843],[1.82936,50.52965],[1.84477,50.53917],[1.85186,50.54448],[1.85092,50.54533],[1.85229,50.54606],[1.85457,50.55],[1.85936,50.54846],[1.88087,50.551],[1.88195,50.54656],[1.87315,50.53606],[1.86535,50.53021],[1.86487,50.52808],[1.865,50.52006],[1.8664,50.51775],[1.87366,50.51311],[1.87111,50.51007],[1.86603,50.5071],[1.86176,50.50474],[1.85378,50.50199]]]]}},{"type":"Feature","properties":{"code":"62022","nom":"Alincthun","departement":"62","region":"32"},"geometry":{"type":"MultiPolygon","coordinates":[[[[1.77789,50.72267],[1.77816,50.72475],[1.78649,50.72755],[1.79508,50.73416],[1.80051,50.74181],[1.80147,50.74519],[1.80313,50.74481],[1.80482,50.74031],[1.81633,50.73436],[1.82319,50.72625],[1.84603,50.7154],[1.84001,50.71041],[1.83196,50.70646],[1.81009,50.70768],[1.78266,50.71385],[1.77981,50.71763],[1.77789,50.72267]]]]}},{"type":"Feature","properties":{"code":"62023","nom":"Allouagne","departement":"62","region":"32"},"geometry":{"type":"MultiPolygon","coordinates":[[[[2.53641,50.54609],[2.5321,50.54201],[2.5274,50.54048],[2.52319,50.52759],[2.5202,50.52366],[2.51135,50.5203],[2.50868,50.51825],[2.50408,50.52131],[2.48416,50.52053],[2.48065,50.51889],[2.48015,50.51928],[2.47755,50.51759],[2.47302,50.51899],[2.47378,50.52787],[2.47954,50.53389],[2.48424,50.53656],[2.48596,50.53753],[2.51651,50.54306],[2.52593,50.55106],[2.52886,50.55239],[2.53641,50.54609]]]]}},{"type":"Feature","properties":{"code":"62024","nom":"Alquines","departement":"62","region":"32"},"geometry":{"type":"MultiPolygon","coordinates":[[[[1.96605,50.7193],[1.96491,50.72021],[1.9625,50.7202],[1.96068,50.72104],[1.97757,50.74039],[1.98443,50.74978],[1.99668,50.74933],[2.00381,50.74673],[2.02711,50.75307],[2.03253,50.7509],[2.02155,50.74613],[2.01841,50.73394],[2.01274,50.72737],[1.99428,50.7202],[1.97937,50.71675],[1.96802,50.71497],[1.96605,50.7193]]]]}},{"type":"Feature","properties":{"code":"62025","nom":"Ambleteuse","departement":"62","region":"32"},"geometry":{"type":"MultiPolygon","coordinates":[[[[1.60241,50.80428],[1.59483,50.81735],[1.59809,50.81881],[1.60694,50.8174],[1.61789,50.82055],[1.62837,50.82513],[1.63042,50.81945],[1.63335,50.8194],[1.63822,50.8171],[1.64147,50.81373],[1.6447,50.80562],[1.6443,50.80512],[1.6391,50.80471],[1.62932,50.80159],[1.62748,50.80167],[1.61283,50.80375],[1.60572,50.8058],[1.60241,50.80428]]]]}},{"type":"Feature","properties":{"code":"62026","nom":"Ambricourt","departement":"62","region":"32"},"geometry":{"type":"MultiPolygon","coordinates":[[[[2.16384,50.47475],[2.16451,50.47565],[2.1821,50.47818],[2.18041,50.47168],[2.18103,50.46789],[2.18646,50.46356],[2.18729,50.45947],[2.18599,50.45851],[2.18171,50.46004],[2.16868,50.45929],[2.16278,50.45765],[2.15929,50.45528],[2.15561,50.4604],[2.16384,50.47475]]]]}},{"type":"Feature","properties":{"code":"62027","nom":"Ambrines","departement":"62","region":"32"},"geometry":{"type":"MultiPolygon","coordinates":[[[[2.47642,50.31868],[2.47816,50.31702],[2.47953,50.31326],[2.48923,50.30655],[2.47418,50.29999],[2.47112,50.29999],[2.45721,50.29703],[2.45013,50.30342],[2.44762,50.30309],[2.44607,50.30198],[2.446,50.30598],[2.44388,50.30718],[2.45131,50.3078],[2.46133,50.31934],[2.46742,50.31818],[2.47438,50.31799],[2.47642,50.31868]]]]}},{"type":"Feature","properties":{"code":"62028","nom":"Ames","departement":"62","region":"32"},"geometry":{"type":"MultiPolygon","coordinates":[[[[2.43803,50.53576],[2.41872,50.5228],[2.39187,50.54244],[2.39425,50.5433],[2.39602,50.54211],[2.40137,50.54192],[2.40563,50.5437],[2.41226,50.54344],[2.41957,50.54204],[2.42675,50.53785],[2.43548,50.5374],[2.43803,50.53576]]]]}},{"type":"Feature","properties":{"code":"62029","nom":"Amettes","departement":"62","region":"32"},"geometry":{"type":"MultiPolygon","coordinates":[[[[2.37322,50.53883],[2.38715,50.5458],[2.39187,50.54244],[2.41872,50.5228],[2.41296,50.51816],[2.40633,50.51358],[2.39933,50.51025],[2.39794,50.51029],[2.39676,50.51174],[2.38882,50.51394],[2.38175,50.51962],[2.3786,50.53017],[2.37322,50.53883]]]]}},{"type":"Feature","properties":{"code":"62030","nom":"Amplier","departement":"62","region":"32"},"geometry":{"type":"MultiPolygon","coordinates":[[[[2.3754,50.10935],[2.37992,50.1194],[2.38123,50.12712],[2.39313,50.14567],[2.38899,50.15396],[2.38897,50.15493],[2.39037,50.15529],[2.39826,50.1562],[2.39918,50.15735],[2.40283,50.16474],[2.41335,50.16242],[2.41473,50.16418],[2.41633,50.163],[2.41695,50.15676],[2.41589,50.14698],[2.41488,50.14397],[2.40563,50.13793],[2.39811,50.12887],[2.39658,50.12108],[2.39723,50.11581],[2.39481,50.11027],[2.39278,50.10815],[2.38053,50.10846],[2.3754,50.10935]]]]}},{"type":"Feature","properties":{"code":"62031","nom":"Andres","departement":"62","region":"32"},"geometry":{"type":"MultiPolygon","coordinates":[[[[1.9405,50.87968],[1.9436,50.87562],[1.94277,50.86954],[1.93243,50.86387],[1.91518,50.84787],[1.89297,50.85648],[1.90161,50.86658],[1.908,50.87705],[1.91663,50.87735],[1.91868,50.8785],[1.91878,50.8807],[1.92139,50.88051],[1.93097,50.88205],[1.9405,50.87968]]]]}},{"type":"Feature","properties":{"code":"62032","nom":"Angres","departement":"62","region":"32"},"geometry":{"type":"MultiPolygon","coordinates":[[[[2.76097,50.39587],[2.74902,50.40178],[2.74231,50.4035],[2.73525,50.4043],[2.73412,50.4062],[2.73697,50.4084],[2.73849,50.41236],[2.73717,50.41623],[2.73363,50.41809],[2.73287,50.42289],[2.73371,50.42552],[2.73559,50.42729],[2.73665,50.42786],[2.73789,50.42701],[2.73674,50.4264],[2.73856,50.42519],[2.74809,50.42086],[2.74982,50.42193],[2.75967,50.41573],[2.76173,50.41362],[2.77472,50.40463],[2.76097,50.39587]]]]}},{"type":"Feature","properties":{"code":"62033","nom":"Annay","departement":"62","region":"32"},"geometry":{"type":"MultiPolygon","coordinates":[[[[2.86333,50.46291],[2.86751,50.46251],[2.87173,50.46524],[2.87975,50.47117],[2.88597,50.46921],[2.88978,50.46909],[2.89021,50.47056],[2.89961,50.46971],[2.90982,50.46881],[2.91173,50.46866],[2.90379,50.46601],[2.90023,50.46433],[2.89887,50.46102],[2.89422,50.45741],[2.89245,50.45656],[2.88904,50.45777],[2.87759,50.45295],[2.87886,50.45273],[2.87265,50.45045],[2.86491,50.45001],[2.8645,50.45459],[2.86191,50.45749],[2.85814,50.46105],[2.86333,50.46291]]]]}},{"type":"Feature","properties":{"code":"62034","nom":"Annequin","departement":"62","region":"32"},"geometry":{"type":"MultiPolygon","coordinates":[[[[2.7287,50.51907],[2.72817,50.5185],[2.73124,50.51195],[2.7306,50.50431],[2.72808,50.49974],[2.71534,50.48559],[2.70883,50.48264],[2.70418,50.48468],[2.70961,50.4916],[2.71747,50.50778],[2.71317,50.51886],[2.71437,50.51917],[2.7158,50.5216],[2.72572,50.52303],[2.72666,50.52295],[2.7287,50.51907]]]]}},{"type":"Feature","properties":{"code":"62035","nom":"Annezin","departement":"62","region":"32"},"geometry":{"type":"MultiPolygon","coordinates":[[[[2.62419,50.52755],[2.61594,50.52196],[2.61551,50.52317],[2.60968,50.52565],[2.59563,50.52912],[2.59429,50.52852],[2.58848,50.53229],[2.59114,50.5342],[2.58563,50.53581],[2.58337,50.53742],[2.58793,50.53913],[2.5899,50.5388],[2.59204,50.53661],[2.602,50.53497],[2.61662,50.54215],[2.62471,50.55038],[2.62479,50.55167],[2.62877,50.55481],[2.64755,50.564],[2.65052,50.56149],[2.64825,50.55837],[2.64349,50.552],[2.64493,50.5506],[2.6327,50.54378],[2.62465,50.53156],[2.62532,50.53162],[2.62419,50.52755]]]]}},{"type":"Feature","properties":{"code":"62036","nom":"Anvin","departement":"62","region":"32"},"geometry":{"type":"MultiPolygon","coordinates":[[[[2.24617,50.43339],[2.23933,50.43986],[2.23603,50.44595],[2.23637,50.45095],[2.23847,50.45366],[2.23676,50.46096],[2.23734,50.46146],[2.24642,50.45955],[2.2551,50.459],[2.26484,50.46335],[2.26816,50.46614],[2.26978,50.46553],[2.28484,50.4698],[2.28563,50.46894],[2.28722,50.46682],[2.27722,50.4572],[2.27122,50.44903],[2.27185,50.44598],[2.27426,50.44507],[2.26071,50.43622],[2.2574,50.4325],[2.24943,50.43137],[2.24617,50.43339]]]]}},{"type":"Feature","properties":{"code":"62037","nom":"Anzin-Saint-Aubin","departement":"62","region":"32"},"geometry":{"type":"MultiPolygon","coordinates":[[[[2.71845,50.31519],[2.72694,50.31964],[2.73252,50.32593],[2.73952,50.33742],[2.74333,50.33971],[2.74628,50.33305],[2.75112,50.32691],[2.75972,50.31026],[2.75167,50.30155],[2.74789,50.30466],[2.74135,50.31006],[2.72944,50.31044],[2.72805,50.30995],[2.72048,50.31145],[2.71845,50.31519]]]]}},{"type":"Feature","properties":{"code":"62038","nom":"Ardres","departement":"62","region":"32"},"geometry":{"type":"MultiPolygon","coordinates":[[[[1.95693,50.87839],[1.98415,50.90769],[1.98716,50.90705],[1.9934,50.90243],[1.99687,50.89726],[2.00073,50.88678],[2.00349,50.88217],[2.00889,50.86717],[2.00406,50.86657],[2.00154,50.86251],[1.99596,50.85735],[1.9833,50.85116],[1.98189,50.85154],[1.96917,50.84735],[1.96803,50.84769],[1.97268,50.85367],[1.97421,50.85803],[1.96422,50.86908],[1.96287,50.87428],[1.96112,50.87659],[1.95909,50.8757],[1.95671,50.87669],[1.95693,50.87839]]]]}},{"type":"Feature","properties":{"code":"62039","nom":"Arleux-en-Gohelle","departement":"62","region":"32"},"geometry":{"type":"MultiPolygon","coordinates":[[[[2.86714,50.34848],[2.86146,50.34638],[2.85204,50.34624],[2.8486,50.34901],[2.84739,50.35048],[2.85298,50.35376],[2.8596,50.35594],[2.8629,50.35851],[2.8639,50.36049],[2.85988,50.36936],[2.85349,50.37821],[2.85131,50.38067],[2.85238,50.38202],[2.85642,50.38189],[2.85877,50.37982],[2.86391,50.3807],[2.8673,50.38182],[2.8815,50.37896],[2.88046,50.37616],[2.8847,50.3622],[2.88724,50.35876],[2.88559,50.35721],[2.87963,50.35683],[2.87154,50.35231],[2.86714,50.34848]]]]}},{"type":"Feature","properties":{"code":"62040","nom":"Arques","departement":"62","region":"32"},"geometry":{"type":"MultiPolygon","coordinates":[[[[2.32441,50.71229],[2.3167,50.70609],[2.30496,50.71368],[2.29574,50.72326],[2.2936,50.72388],[2.29224,50.72319],[2.27921,50.7278],[2.27098,50.73319],[2.27522,50.7359],[2.27649,50.74013],[2.28227,50.73851],[2.28607,50.74351],[2.28487,50.74457],[2.28159,50.74479],[2.2789,50.74643],[2.27915,50.74696],[2.28536,50.74552],[2.29323,50.75004],[2.28897,50.76006],[2.28976,50.76003],[2.29729,50.75581],[2.30134,50.75275],[2.3103,50.75123],[2.32778,50.75782],[2.32276,50.76278],[2.33827,50.76879],[2.35611,50.77184],[2.36133,50.76172],[2.36364,50.75151],[2.36415,50.75019],[2.34253,50.7408],[2.33976,50.7375],[2.34094,50.73103],[2.33962,50.73072],[2.3275,50.72489],[2.32441,50.71229]]]]}},{"type":"Feature","properties":{"code":"62041","nom":"Arras","departement":"62","region":"32"},"geometry":{"type":"MultiPolygon","coordinates":[[[[2.76341,50.2799],[2.75634,50.27876],[2.74089,50.28024],[2.74023,50.28135],[2.74462,50.28711],[2.74173,50.28872],[2.7395,50.29249],[2.73858,50.29246],[2.72874,50.29226],[2.72783,50.29385],[2.72645,50.29381],[2.7277,50.29663],[2.72636,50.2968],[2.72508,50.30035],[2.72927,50.30698],[2.72944,50.31044],[2.74135,50.31006],[2.74789,50.30466],[2.75167,50.30155],[2.75407,50.29872],[2.75878,50.29777],[2.76306,50.29717],[2.76756,50.2991],[2.7708,50.30047],[2.77815,50.29933],[2.77911,50.29854],[2.78141,50.2982],[2.78371,50.29654],[2.78806,50.29501],[2.78897,50.29057],[2.78758,50.28989],[2.7937,50.28933],[2.80597,50.28962],[2.8073,50.29019],[2.80912,50.28418],[2.80783,50.28163],[2.80653,50.28194],[2.80044,50.27714],[2.79807,50.2783],[2.79545,50.27529],[2.79356,50.27271],[2.79512,50.26995],[2.78824,50.26809],[2.78431,50.27072],[2.78418,50.27184],[2.78178,50.27843],[2.77471,50.27491],[2.77476,50.27962],[2.77266,50.2805],[2.77143,50.28108],[2.76696,50.28207],[2.76341,50.2799]]]]}},{"type":"Feature","properties":{"code":"62042","nom":"Athies","departement":"62","region":"32"},"geometry":{"type":"MultiPolygon","coordinates":[[[[2.84887,50.32003],[2.84996,50.31828],[2.84634,50.31681],[2.84619,50.3156],[2.85593,50.30779],[2.85783,50.29654],[2.85478,50.29661],[2.84512,50.29957],[2.84507,50.29715],[2.8424,50.29797],[2.83822,50.29716],[2.82603,50.29816],[2.8252,50.29957],[2.82804,50.30948],[2.83678,50.3189],[2.83504,50.32002],[2.84081,50.32222],[2.84838,50.32088],[2.84887,50.32003]]]]}},{"type":"Feature","properties":{"code":"62043","nom":"Les Attaques","departement":"62","region":"32"},"geometry":{"type":"MultiPolygon","coordinates":[[[[1.88173,50.89378],[1.8819,50.89412],[1.88763,50.8926],[1.89217,50.89443],[1.9004,50.90729],[1.90234,50.91583],[1.9232,50.91082],[1.92331,50.91372],[1.92191,50.91439],[1.92652,50.91818],[1.93805,50.92135],[1.94937,50.91646],[1.95956,50.91532],[1.96742,50.91563],[1.97819,50.91854],[1.97961,50.91201],[1.98175,50.90905],[1.98415,50.90769],[1.95693,50.87839],[1.94863,50.88286],[1.9405,50.87968],[1.93097,50.88205],[1.92139,50.88051],[1.91878,50.8807],[1.91884,50.88132],[1.88173,50.89378]]]]}},{"type":"Feature","properties":{"code":"62044","nom":"Attin","departement":"62","region":"32"},"geometry":{"type":"MultiPolygon","coordinates":[[[[1.75397,50.509],[1.7532,50.50771],[1.76232,50.50401],[1.76819,50.50721],[1.77209,50.50494],[1.76929,50.4968],[1.77147,50.48948],[1.77348,50.48753],[1.76946,50.4834],[1.75422,50.47559],[1.74953,50.47721],[1.74884,50.47821],[1.74739,50.47959],[1.74613,50.47737],[1.74487,50.47649],[1.7385,50.48166],[1.73319,50.48952],[1.74706,50.50239],[1.74546,50.50272],[1.74994,50.50935],[1.75397,50.509]]]]}},{"type":"Feature","properties":{"code":"62045","nom":"Aubigny-en-Artois","departement":"62","region":"32"},"geometry":{"type":"MultiPolygon","coordinates":[[[[2.59849,50.33507],[2.58006,50.33712],[2.57284,50.33561],[2.56744,50.33322],[2.56476,50.33553],[2.56919,50.34661],[2.57925,50.35379],[2.58153,50.36042],[2.58345,50.36053],[2.58447,50.36179],[2.58482,50.36623],[2.60017,50.36557],[2.60213,50.36436],[2.59755,50.35505],[2.59944,50.35194],[2.60043,50.35119],[2.60222,50.3515],[2.60218,50.34061],[2.59849,50.33507]]]]}},{"type":"Feature","properties":{"code":"62046","nom":"Aubin-Saint-Vaast","departement":"62","region":"32"},"geometry":{"type":"MultiPolygon","coordinates":[[[[1.94511,50.36972],[1.93715,50.38275],[1.94319,50.38455],[1.9519,50.38991],[1.96745,50.40367],[1.97761,50.40195],[1.99372,50.39267],[1.99303,50.39135],[1.99523,50.39039],[1.99448,50.38885],[1.99189,50.39032],[1.9857,50.39001],[1.97798,50.3881],[1.97191,50.38551],[1.95897,50.36922],[1.95718,50.37153],[1.95431,50.37321],[1.9513,50.37262],[1.94841,50.36945],[1.94511,50.36972]]]]}},{"type":"Feature","properties":{"code":"62047","nom":"Aubrometz","departement":"62","region":"32"},"geometry":{"type":"MultiPolygon","coordinates":[[[[2.16566,50.2905],[2.16231,50.29366],[2.16105,50.29707],[2.16284,50.3005],[2.17977,50.31321],[2.18885,50.31818],[2.19106,50.31714],[2.1861,50.31199],[2.18427,50.29929],[2.16922,50.29107],[2.16664,50.28998],[2.16566,50.2905]]]]}},{"type":"Feature","properties":{"code":"62048","nom":"Auchel","departement":"62","region":"32"},"geometry":{"type":"MultiPolygon","coordinates":[[[[2.48993,50.51033],[2.48767,50.50746],[2.48799,50.50385],[2.48539,50.49833],[2.48606,50.49789],[2.47589,50.4944],[2.4678,50.49811],[2.46748,50.49831],[2.45587,50.50735],[2.45846,50.50912],[2.4442,50.51747],[2.44522,50.51805],[2.4471,50.52572],[2.44811,50.52716],[2.44918,50.52683],[2.45588,50.52031],[2.46566,50.52032],[2.47302,50.51899],[2.47755,50.51759],[2.48015,50.51928],[2.48065,50.51889],[2.48642,50.51275],[2.48993,50.51033]]]]}},{"type":"Feature","properties":{"code":"62049","nom":"Auchy-au-Bois","departement":"62","region":"32"},"geometry":{"type":"MultiPolygon","coordinates":[[[[2.39425,50.5433],[2.39187,50.54244],[2.38715,50.5458],[2.37322,50.53883],[2.3712,50.54119],[2.37065,50.54056],[2.36216,50.54764],[2.35867,50.54968],[2.35692,50.54899],[2.35607,50.54867],[2.35022,50.55497],[2.3536,50.5567],[2.36634,50.56075],[2.36804,50.56142],[2.37378,50.55857],[2.39185,50.55336],[2.39095,50.55236],[2.39546,50.54406],[2.39425,50.5433]]]]}},{"type":"Feature","properties":{"code":"62050","nom":"Auchy-lès-Hesdin","departement":"62","region":"32"},"geometry":{"type":"MultiPolygon","coordinates":[[[[2.09688,50.43277],[2.10602,50.41897],[2.10703,50.41315],[2.10545,50.4078],[2.1089,50.40433],[2.12484,50.39327],[2.10846,50.38086],[2.10527,50.38114],[2.10264,50.38945],[2.08963,50.4006],[2.07641,50.39936],[2.07138,50.41682],[2.07547,50.42057],[2.08375,50.42234],[2.09137,50.42594],[2.08507,50.43554],[2.08285,50.43732],[2.08506,50.43867],[2.0882,50.43662],[2.09597,50.43257],[2.09688,50.43277]]]]}},{"type":"Feature","properties":{"code":"62051","nom":"Auchy-les-Mines","departement":"62","region":"32"},"geometry":{"type":"MultiPolygon","coordinates":[[[[2.78466,50.48568],[2.78169,50.48549],[2.77668,50.49076],[2.76865,50.50021],[2.76777,50.50661],[2.76305,50.5088],[2.77326,50.51646],[2.78934,50.51966],[2.79403,50.52141],[2.79682,50.52275],[2.79937,50.51778],[2.79026,50.50668],[2.78462,50.48991],[2.78466,50.48568]]]]}},{"type":"Feature","properties":{"code":"62052","nom":"Audembert","departement":"62","region":"32"},"geometry":{"type":"MultiPolygon","coordinates":[[[[1.70671,50.87182],[1.70598,50.87076],[1.70732,50.86925],[1.7108,50.86747],[1.71783,50.86593],[1.71306,50.86418],[1.70587,50.85973],[1.70333,50.85335],[1.70342,50.85001],[1.70557,50.84778],[1.68763,50.84141],[1.68238,50.84045],[1.67062,50.85607],[1.6694,50.8564],[1.66696,50.85961],[1.68468,50.87202],[1.70012,50.87647],[1.70117,50.87593],[1.70016,50.8751],[1.70322,50.87205],[1.70671,50.87182]]]]}},{"type":"Feature","properties":{"code":"62053","nom":"Audincthun","departement":"62","region":"32"},"geometry":{"type":"MultiPolygon","coordinates":[[[[2.09508,50.55484],[2.09288,50.55964],[2.09883,50.5704],[2.10457,50.5759],[2.10963,50.58113],[2.11571,50.5849],[2.1233,50.59185],[2.12638,50.59834],[2.1224,50.60107],[2.12362,50.60235],[2.13197,50.60685],[2.13439,50.61132],[2.13596,50.61003],[2.14728,50.60778],[2.1544,50.60364],[2.15111,50.59987],[2.15232,50.59969],[2.1519,50.58731],[2.1463,50.57747],[2.1442,50.57718],[2.14078,50.57221],[2.14263,50.56857],[2.15121,50.56559],[2.15004,50.56476],[2.13426,50.56201],[2.13124,50.56043],[2.13118,50.55681],[2.12927,50.5563],[2.12324,50.55724],[2.11337,50.55614],[2.09589,50.55228],[2.09508,50.55484]]]]}},{"type":"Feature","properties":{"code":"62054","nom":"Audinghen","departement":"62","region":"32"},"geometry":{"type":"MultiPolygon","coordinates":[[[[1.63715,50.8355],[1.61879,50.84191],[1.61021,50.84258],[1.60364,50.83895],[1.60043,50.83542],[1.58918,50.8316],[1.58568,50.84139],[1.57864,50.85448],[1.58066,50.86776],[1.58904,50.8715],[1.61381,50.87201],[1.61655,50.86955],[1.61212,50.86334],[1.61485,50.86075],[1.63583,50.85313],[1.65032,50.85072],[1.64296,50.83871],[1.63715,50.8355]]]]}},{"type":"Feature","properties":{"code":"62055","nom":"Audrehem","departement":"62","region":"32"},"geometry":{"type":"MultiPolygon","coordinates":[[[[1.95606,50.77183],[1.96731,50.77688],[1.97514,50.78222],[1.97518,50.78424],[1.97771,50.78862],[1.98096,50.78991],[1.98823,50.79126],[1.99686,50.79011],[1.99888,50.78861],[2.00731,50.78176],[2.00818,50.77831],[2.00779,50.77258],[2.00579,50.76843],[2.00169,50.76476],[2.00256,50.76365],[1.97818,50.75157],[1.97282,50.75159],[1.97198,50.75227],[1.973,50.75468],[1.97204,50.75421],[1.96998,50.75524],[1.96966,50.75911],[1.96477,50.76534],[1.95617,50.7701],[1.95584,50.77174],[1.95606,50.77183]]]]}},{"type":"Feature","properties":{"code":"62056","nom":"Audresselles","departement":"62","region":"32"},"geometry":{"type":"MultiPolygon","coordinates":[[[[1.59483,50.81735],[1.58918,50.8316],[1.60043,50.83542],[1.60364,50.83895],[1.61021,50.84258],[1.61879,50.84191],[1.63715,50.8355],[1.62945,50.82746],[1.62837,50.82513],[1.61789,50.82055],[1.60694,50.8174],[1.59809,50.81881],[1.59483,50.81735]]]]}},{"type":"Feature","properties":{"code":"62057","nom":"Audruicq","departement":"62","region":"32"},"geometry":{"type":"MultiPolygon","coordinates":[[[[2.11841,50.88509],[2.11529,50.88691],[2.10605,50.87637],[2.07387,50.86185],[2.06241,50.85943],[2.06392,50.86287],[2.05647,50.89226],[2.05113,50.90006],[2.06759,50.90383],[2.08261,50.90309],[2.10226,50.89778],[2.10808,50.89527],[2.12047,50.88944],[2.11857,50.88657],[2.11841,50.88509]]]]}},{"type":"Feature","properties":{"code":"62058","nom":"Aumerval","departement":"62","region":"32"},"geometry":{"type":"MultiPolygon","coordinates":[[[[2.41296,50.51816],[2.41987,50.51341],[2.4258,50.51059],[2.42708,50.51087],[2.4284,50.50973],[2.4185,50.50441],[2.41031,50.49649],[2.39073,50.49669],[2.38584,50.50077],[2.39794,50.51029],[2.39933,50.51025],[2.40633,50.51358],[2.41296,50.51816]]]]}},{"type":"Feature","properties":{"code":"62059","nom":"Autingues","departement":"62","region":"32"},"geometry":{"type":"MultiPolygon","coordinates":[[[[1.9833,50.85116],[1.99596,50.85735],[1.99765,50.85444],[1.9982,50.84667],[1.99044,50.83784],[1.99241,50.83576],[1.99535,50.83496],[1.98859,50.82951],[1.98605,50.82919],[1.97133,50.83273],[1.97245,50.83733],[1.98471,50.85037],[1.9833,50.85116]]]]}},{"type":"Feature","properties":{"code":"62060","nom":"Auxi-le-Château","departement":"62","region":"32"},"geometry":{"type":"MultiPolygon","coordinates":[[[[2.1674,50.24499],[2.16235,50.24142],[2.15686,50.23938],[2.14802,50.23422],[2.14569,50.23151],[2.14276,50.22182],[2.15399,50.21462],[2.15669,50.21152],[2.156,50.2066],[2.15161,50.20474],[2.14168,50.20264],[2.1349,50.2078],[2.12922,50.2099],[2.12088,50.21091],[2.11723,50.20817],[2.11456,50.20318],[2.10968,50.20472],[2.10671,50.2067],[2.10325,50.2068],[2.09843,50.20569],[2.08592,50.20096],[2.08319,50.208],[2.08504,50.21311],[2.08308,50.21696],[2.07601,50.22314],[2.06863,50.22703],[2.06732,50.22856],[2.06851,50.23314],[2.07078,50.23198],[2.07456,50.23255],[2.09118,50.23749],[2.08492,50.24478],[2.11003,50.25694],[2.11241,50.25994],[2.1112,50.26112],[2.11357,50.26205],[2.12229,50.27246],[2.12367,50.27277],[2.12584,50.25817],[2.12842,50.25391],[2.15702,50.24535],[2.16603,50.24612],[2.1674,50.24499]]]]}},{"type":"Feature","properties":{"code":"62061","nom":"Averdoingt","departement":"62","region":"32"},"geometry":{"type":"MultiPolygon","coordinates":[[[[2.47243,50.34324],[2.47037,50.34264],[2.46736,50.33952],[2.4665,50.33478],[2.45903,50.33334],[2.43674,50.33331],[2.42457,50.33433],[2.42075,50.33577],[2.41404,50.33735],[2.41175,50.33877],[2.40833,50.34419],[2.41254,50.34536],[2.4089,50.3479],[2.42377,50.35056],[2.4326,50.35317],[2.43908,50.35599],[2.44131,50.3545],[2.45126,50.35914],[2.45929,50.36067],[2.46487,50.36042],[2.46425,50.35885],[2.46622,50.35296],[2.47243,50.34324]]]]}},{"type":"Feature","properties":{"code":"62062","nom":"Avesnes","departement":"62","region":"32"},"geometry":{"type":"MultiPolygon","coordinates":[[[[1.95371,50.54018],[1.95252,50.54195],[1.95331,50.55121],[1.95056,50.55827],[1.96074,50.56242],[1.9625,50.56009],[1.9678,50.56157],[1.97587,50.55137],[1.97585,50.54686],[1.97176,50.54439],[1.96214,50.54164],[1.95371,50.54018]]]]}},{"type":"Feature","properties":{"code":"62063","nom":"Avesnes-le-Comte","departement":"62","region":"32"},"geometry":{"type":"MultiPolygon","coordinates":[[[[2.55943,50.27954],[2.56206,50.27779],[2.54194,50.26767],[2.54048,50.26541],[2.54168,50.26309],[2.54191,50.26271],[2.53092,50.25981],[2.51821,50.24936],[2.51725,50.2511],[2.51956,50.25265],[2.50394,50.26464],[2.50574,50.26549],[2.50796,50.27743],[2.5093,50.27974],[2.51356,50.28328],[2.51943,50.28503],[2.53246,50.28815],[2.54681,50.28552],[2.55608,50.27996],[2.55798,50.27914],[2.55943,50.27954]]]]}},{"type":"Feature","properties":{"code":"62064","nom":"Avesnes-lès-Bapaume","departement":"62","region":"32"},"geometry":{"type":"MultiPolygon","coordinates":[[[[2.82231,50.09815],[2.82103,50.09914],[2.81897,50.10466],[2.82204,50.10836],[2.83867,50.11589],[2.84583,50.11583],[2.84617,50.11166],[2.83732,50.09504],[2.8348,50.09206],[2.83058,50.09222],[2.82316,50.09666],[2.82231,50.09815]]]]}},{"type":"Feature","properties":{"code":"62065","nom":"Avion","departement":"62","region":"32"},"geometry":{"type":"MultiPolygon","coordinates":[[[[2.84432,50.38431],[2.84201,50.38309],[2.82075,50.38952],[2.80017,50.39274],[2.79648,50.39514],[2.78978,50.40607],[2.80037,50.40989],[2.79988,50.41074],[2.80209,50.41063],[2.8007,50.41232],[2.80518,50.41363],[2.80448,50.41415],[2.81294,50.41432],[2.82,50.41596],[2.8211,50.41866],[2.8208,50.41945],[2.82315,50.41976],[2.83247,50.42415],[2.83304,50.42451],[2.8336,50.42488],[2.83885,50.42224],[2.84232,50.42462],[2.84972,50.42188],[2.8486,50.41596],[2.85904,50.41078],[2.85802,50.40989],[2.85678,50.4107],[2.85573,50.40983],[2.85165,50.40546],[2.85036,50.40532],[2.84931,50.40469],[2.84878,50.40155],[2.85214,50.40099],[2.85367,50.39821],[2.85444,50.39797],[2.85117,50.39621],[2.84432,50.38431]]]]}},{"type":"Feature","properties":{"code":"62066","nom":"Avondance","departement":"62","region":"32"},"geometry":{"type":"MultiPolygon","coordinates":[[[[2.11377,50.47601],[2.10894,50.47395],[2.10822,50.47249],[2.10743,50.47346],[2.10196,50.47072],[2.09369,50.47462],[2.08805,50.4808],[2.08667,50.4837],[2.08754,50.48477],[2.0896,50.48679],[2.10563,50.48658],[2.10908,50.48432],[2.11377,50.47601]]]]}},{"type":"Feature","properties":{"code":"62067","nom":"Avroult","departement":"62","region":"32"},"geometry":{"type":"MultiPolygon","coordinates":[[[[2.12504,50.61734],[2.1265,50.61871],[2.12798,50.62313],[2.12852,50.62969],[2.13447,50.64152],[2.14011,50.63955],[2.14271,50.63974],[2.15012,50.6418],[2.15174,50.64438],[2.16066,50.63925],[2.16475,50.6389],[2.1657,50.63799],[2.16842,50.63536],[2.16668,50.63057],[2.15378,50.62719],[2.13497,50.61999],[2.12885,50.61783],[2.12504,50.61734]]]]}},{"type":"Feature","properties":{"code":"62068","nom":"Ayette","departement":"62","region":"32"},"geometry":{"type":"MultiPolygon","coordinates":[[[[2.73471,50.18196],[2.73762,50.18404],[2.73908,50.18322],[2.74101,50.18194],[2.74931,50.18052],[2.75256,50.18152],[2.75579,50.17378],[2.74917,50.16774],[2.74494,50.16461],[2.7282,50.1591],[2.7277,50.16244],[2.71409,50.15799],[2.70796,50.15688],[2.69884,50.15927],[2.6969,50.16046],[2.7148,50.16496],[2.72199,50.1679],[2.73471,50.18196]]]]}},{"type":"Feature","properties":{"code":"62069","nom":"Azincourt","departement":"62","region":"32"},"geometry":{"type":"MultiPolygon","coordinates":[[[[2.10822,50.47249],[2.10894,50.47395],[2.11377,50.47601],[2.11799,50.47193],[2.13106,50.47491],[2.13797,50.47775],[2.14501,50.47815],[2.14577,50.47724],[2.14264,50.47522],[2.14112,50.46927],[2.14286,50.46513],[2.14627,50.46254],[2.13572,50.45807],[2.13181,50.45217],[2.11143,50.44732],[2.0882,50.43662],[2.08506,50.43867],[2.08416,50.43964],[2.08512,50.44742],[2.08832,50.44807],[2.09815,50.45127],[2.10768,50.46567],[2.10913,50.47012],[2.10822,50.47249]]]]}},{"type":"Feature","properties":{"code":"62070","nom":"Bailleul-aux-Cornailles","departement":"62","region":"32"},"geometry":{"type":"MultiPolygon","coordinates":[[[[2.45907,50.38778],[2.46238,50.38553],[2.46592,50.3807],[2.4646,50.37705],[2.46591,50.37147],[2.47246,50.36689],[2.4677,50.3645],[2.46588,50.36136],[2.46722,50.36031],[2.46487,50.36042],[2.45929,50.36067],[2.45126,50.35914],[2.44131,50.3545],[2.43908,50.35599],[2.43791,50.35683],[2.44167,50.35861],[2.44263,50.36207],[2.42877,50.37138],[2.42443,50.37331],[2.44134,50.38378],[2.44602,50.38538],[2.44128,50.38874],[2.4434,50.39004],[2.45624,50.38921],[2.45907,50.38778]]]]}},{"type":"Feature","properties":{"code":"62071","nom":"Bailleul-lès-Pernes","departement":"62","region":"32"},"geometry":{"type":"MultiPolygon","coordinates":[[[[2.38584,50.50077],[2.38047,50.5007],[2.37309,50.49861],[2.36564,50.50003],[2.36393,50.50254],[2.36336,50.50884],[2.37856,50.51658],[2.38175,50.51962],[2.38882,50.51394],[2.39676,50.51174],[2.39794,50.51029],[2.38584,50.50077]]]]}},{"type":"Feature","properties":{"code":"62072","nom":"Bailleulmont","departement":"62","region":"32"},"geometry":{"type":"MultiPolygon","coordinates":[[[[2.58038,50.21517],[2.59093,50.2182],[2.58996,50.21847],[2.5969,50.22033],[2.59632,50.22165],[2.59937,50.22242],[2.61056,50.22226],[2.62142,50.22125],[2.62804,50.21618],[2.62711,50.2145],[2.62876,50.21338],[2.62113,50.20824],[2.60875,50.20385],[2.60083,50.19563],[2.59894,50.1943],[2.59507,50.19616],[2.59111,50.19532],[2.58927,50.19854],[2.59012,50.2006],[2.59757,50.20841],[2.5922,50.21289],[2.58187,50.21228],[2.58038,50.21517]]]]}},{"type":"Feature","properties":{"code":"62073","nom":"Bailleul-Sir-Berthoult","departement":"62","region":"32"},"geometry":{"type":"MultiPolygon","coordinates":[[[[2.8486,50.34901],[2.85204,50.34624],[2.86146,50.34638],[2.86714,50.34848],[2.87298,50.34473],[2.86896,50.34069],[2.87225,50.33816],[2.85719,50.32289],[2.84887,50.32003],[2.84838,50.32088],[2.84081,50.32222],[2.83504,50.32002],[2.81551,50.33027],[2.81423,50.33079],[2.82217,50.34032],[2.82717,50.34921],[2.82773,50.34874],[2.83703,50.34968],[2.83672,50.35044],[2.83972,50.35136],[2.8473,50.3485],[2.8486,50.34901]]]]}},{"type":"Feature","properties":{"code":"62074","nom":"Bailleulval","departement":"62","region":"32"},"geometry":{"type":"MultiPolygon","coordinates":[[[[2.59632,50.22165],[2.59574,50.22342],[2.61115,50.22957],[2.62642,50.23227],[2.63235,50.22717],[2.64024,50.22488],[2.64908,50.2212],[2.65123,50.21806],[2.65118,50.21603],[2.6383,50.21433],[2.6306,50.21222],[2.62876,50.21338],[2.62711,50.2145],[2.62804,50.21618],[2.62142,50.22125],[2.61056,50.22226],[2.59937,50.22242],[2.59632,50.22165]]]]}},{"type":"Feature","properties":{"code":"62075","nom":"Baincthun","departement":"62","region":"32"},"geometry":{"type":"MultiPolygon","coordinates":[[[[1.66509,50.71309],[1.67872,50.71974],[1.68457,50.72816],[1.68676,50.72788],[1.68686,50.72587],[1.69393,50.72099],[1.7025,50.71877],[1.70531,50.71962],[1.71382,50.72604],[1.71879,50.728],[1.73693,50.72783],[1.74744,50.72336],[1.75084,50.72159],[1.75128,50.7104],[1.7445,50.70266],[1.74943,50.67728],[1.74694,50.6765],[1.7451,50.67672],[1.74364,50.67901],[1.73467,50.67618],[1.72969,50.67247],[1.72715,50.66624],[1.71575,50.6746],[1.71076,50.67061],[1.70609,50.67068],[1.71076,50.67911],[1.7075,50.68251],[1.68903,50.68264],[1.68189,50.68024],[1.6797,50.68999],[1.67668,50.70126],[1.66855,50.71067],[1.66509,50.71309]]]]}},{"type":"Feature","properties":{"code":"62076","nom":"Bainghen","departement":"62","region":"32"},"geometry":{"type":"MultiPolygon","coordinates":[[[[1.89447,50.7373],[1.87874,50.73847],[1.87521,50.7444],[1.87556,50.74721],[1.87822,50.75054],[1.893,50.75496],[1.9109,50.76553],[1.91509,50.76655],[1.91678,50.76511],[1.91761,50.76411],[1.92745,50.76267],[1.92836,50.76198],[1.92734,50.76131],[1.92862,50.76008],[1.9266,50.75553],[1.92255,50.75019],[1.91051,50.74366],[1.89447,50.7373]]]]}},{"type":"Feature","properties":{"code":"62077","nom":"Bajus","departement":"62","region":"32"},"geometry":{"type":"MultiPolygon","coordinates":[[[[2.48619,50.4185],[2.47117,50.41114],[2.46413,50.41262],[2.45969,50.41584],[2.45852,50.41575],[2.45424,50.41967],[2.45825,50.42016],[2.46262,50.4217],[2.46405,50.42677],[2.47112,50.43127],[2.47421,50.43237],[2.48619,50.4185]]]]}},{"type":"Feature","properties":{"code":"62078","nom":"Balinghem","departement":"62","region":"32"},"geometry":{"type":"MultiPolygon","coordinates":[[[[1.91518,50.84787],[1.93243,50.86387],[1.94277,50.86954],[1.9436,50.87562],[1.9405,50.87968],[1.94863,50.88286],[1.95693,50.87839],[1.95671,50.87669],[1.95909,50.8757],[1.96112,50.87659],[1.96287,50.87428],[1.95628,50.87215],[1.95154,50.86541],[1.94449,50.8518],[1.94135,50.8426],[1.92632,50.84631],[1.92015,50.84702],[1.91884,50.84614],[1.91666,50.84486],[1.914,50.84459],[1.91214,50.84561],[1.91518,50.84787]]]]}},{"type":"Feature","properties":{"code":"62080","nom":"Bapaume","departement":"62","region":"32"},"geometry":{"type":"MultiPolygon","coordinates":[[[[2.87327,50.111],[2.87419,50.11037],[2.87361,50.10564],[2.86881,50.10157],[2.86768,50.09914],[2.8682,50.09246],[2.86277,50.08599],[2.85866,50.08423],[2.85697,50.08468],[2.85716,50.08539],[2.83917,50.09349],[2.83732,50.09504],[2.84617,50.11166],[2.84583,50.11583],[2.84532,50.11917],[2.85816,50.11348],[2.87205,50.11005],[2.87327,50.111]]]]}},{"type":"Feature","properties":{"code":"62081","nom":"Baralle","departement":"62","region":"32"},"geometry":{"type":"MultiPolygon","coordinates":[[[[3.08466,50.22143],[3.07655,50.21589],[3.07032,50.20141],[3.06103,50.19095],[3.05632,50.19071],[3.05162,50.19303],[3.05185,50.20091],[3.05003,50.20739],[3.03887,50.21418],[3.03331,50.21994],[3.03114,50.22095],[3.03448,50.22426],[3.03531,50.22404],[3.04409,50.23194],[3.04827,50.22743],[3.07105,50.22496],[3.07295,50.22631],[3.079,50.22474],[3.08466,50.22143]]]]}},{"type":"Feature","properties":{"code":"62082","nom":"Barastre","departement":"62","region":"32"},"geometry":{"type":"MultiPolygon","coordinates":[[[[2.94032,50.05033],[2.93515,50.05395],[2.93856,50.05592],[2.93857,50.05722],[2.93516,50.06152],[2.93125,50.06426],[2.92372,50.06247],[2.91863,50.0682],[2.91789,50.06951],[2.91951,50.07624],[2.92209,50.0821],[2.92424,50.08398],[2.9259,50.08541],[2.94529,50.08625],[2.94995,50.08629],[2.95148,50.08477],[2.95661,50.07926],[2.96449,50.0737],[2.95505,50.06829],[2.95125,50.06276],[2.94994,50.05928],[2.95027,50.05591],[2.94892,50.05335],[2.94571,50.05411],[2.94032,50.05033]]]]}},{"type":"Feature","properties":{"code":"62083","nom":"Barlin","departement":"62","region":"32"},"geometry":{"type":"MultiPolygon","coordinates":[[[[2.61077,50.43916],[2.60628,50.44319],[2.60418,50.44404],[2.6015,50.44424],[2.60035,50.44368],[2.5978,50.44601],[2.59443,50.44746],[2.59151,50.45057],[2.58974,50.45222],[2.59091,50.45358],[2.59289,50.45353],[2.60367,50.46023],[2.61001,50.46621],[2.61065,50.46864],[2.63298,50.47097],[2.63398,50.47037],[2.63566,50.46901],[2.63763,50.46872],[2.63896,50.46631],[2.62708,50.4524],[2.6221,50.44881],[2.61077,50.43916]]]]}},{"type":"Feature","properties":{"code":"62084","nom":"Barly","departement":"62","region":"32"},"geometry":{"type":"MultiPolygon","coordinates":[[[[2.51821,50.24936],[2.53092,50.25981],[2.54191,50.26271],[2.54292,50.26159],[2.5448,50.26121],[2.54993,50.2632],[2.55392,50.25709],[2.55646,50.25062],[2.55597,50.2477],[2.54492,50.23736],[2.54814,50.23516],[2.54566,50.23378],[2.54427,50.23456],[2.54347,50.23198],[2.5413,50.23361],[2.53193,50.23392],[2.52816,50.23499],[2.52835,50.2358],[2.52242,50.24183],[2.51821,50.24936]]]]}},{"type":"Feature","properties":{"code":"62085","nom":"Basseux","departement":"62","region":"32"},"geometry":{"type":"MultiPolygon","coordinates":[[[[2.6615,50.23483],[2.66088,50.22888],[2.6514,50.21589],[2.65118,50.21603],[2.65123,50.21806],[2.64908,50.2212],[2.64024,50.22488],[2.63235,50.22717],[2.62642,50.23227],[2.63908,50.23624],[2.6447,50.23778],[2.65892,50.23623],[2.6615,50.23483]]]]}},{"type":"Feature","properties":{"code":"62086","nom":"Bavincourt","departement":"62","region":"32"},"geometry":{"type":"MultiPolygon","coordinates":[[[[2.58996,50.21847],[2.59093,50.2182],[2.58038,50.21517],[2.5577,50.21042],[2.55027,50.21036],[2.54692,50.20895],[2.54406,50.21016],[2.54323,50.21229],[2.54527,50.21726],[2.54525,50.22656],[2.54347,50.23198],[2.54427,50.23456],[2.54566,50.23378],[2.54814,50.23516],[2.55225,50.23698],[2.55284,50.23645],[2.55727,50.23428],[2.56218,50.23573],[2.5693,50.23545],[2.57644,50.23397],[2.58211,50.23067],[2.58734,50.22508],[2.58996,50.21847]]]]}},{"type":"Feature","properties":{"code":"62087","nom":"Bayenghem-lès-Éperlecques","departement":"62","region":"32"},"geometry":{"type":"MultiPolygon","coordinates":[[[[2.10477,50.81618],[2.12899,50.81775],[2.13086,50.81822],[2.13471,50.80977],[2.13338,50.80541],[2.13068,50.80293],[2.10815,50.79002],[2.10369,50.78854],[2.10043,50.7918],[2.10654,50.80014],[2.10757,50.80335],[2.10099,50.80556],[2.10191,50.80729],[2.1063,50.80972],[2.10713,50.8116],[2.10633,50.8148],[2.10477,50.81618]]]]}},{"type":"Feature","properties":{"code":"62088","nom":"Bayenghem-lès-Seninghem","departement":"62","region":"32"},"geometry":{"type":"MultiPolygon","coordinates":[[[[2.08675,50.69954],[2.08674,50.70002],[2.0784,50.69838],[2.07619,50.6964],[2.0642,50.69497],[2.06346,50.6953],[2.06501,50.70936],[2.06283,50.71571],[2.06912,50.71596],[2.07605,50.7138],[2.08275,50.71054],[2.08933,50.70971],[2.08835,50.69982],[2.08675,50.69954]]]]}},{"type":"Feature","properties":{"code":"62089","nom":"Bazinghen","departement":"62","region":"32"},"geometry":{"type":"MultiPolygon","coordinates":[[[[1.62837,50.82513],[1.62945,50.82746],[1.63715,50.8355],[1.64296,50.83871],[1.65032,50.85072],[1.65077,50.85379],[1.6528,50.85502],[1.66064,50.8532],[1.67062,50.85607],[1.68238,50.84045],[1.68586,50.83442],[1.68604,50.8309],[1.68569,50.82944],[1.68244,50.82641],[1.66556,50.81562],[1.65171,50.80874],[1.64775,50.80768],[1.6447,50.80562],[1.64147,50.81373],[1.63822,50.8171],[1.63335,50.8194],[1.63042,50.81945],[1.62837,50.82513]]]]}},{"type":"Feature","properties":{"code":"62090","nom":"Béalencourt","departement":"62","region":"32"},"geometry":{"type":"MultiPolygon","coordinates":[[[[2.0882,50.43662],[2.11143,50.44732],[2.13181,50.45217],[2.13784,50.44001],[2.14607,50.43958],[2.14958,50.4416],[2.1529,50.43825],[2.1494,50.43602],[2.15137,50.43181],[2.14193,50.42507],[2.13113,50.42085],[2.12283,50.42443],[2.11151,50.43245],[2.10225,50.43565],[2.09806,50.43404],[2.09688,50.43277],[2.09597,50.43257],[2.0882,50.43662]]]]}},{"type":"Feature","properties":{"code":"62091","nom":"Beaudricourt","departement":"62","region":"32"},"geometry":{"type":"MultiPolygon","coordinates":[[[[2.41388,50.25941],[2.42851,50.25535],[2.42756,50.25142],[2.41872,50.24385],[2.40992,50.23872],[2.4068,50.23777],[2.40648,50.24019],[2.39927,50.24492],[2.38852,50.2546],[2.38772,50.25638],[2.38861,50.26005],[2.39447,50.26092],[2.40812,50.25982],[2.41346,50.25871],[2.41388,50.25941]]]]}},{"type":"Feature","properties":{"code":"62092","nom":"Beaufort-Blavincourt","departement":"62","region":"32"},"geometry":{"type":"MultiPolygon","coordinates":[[[[2.45208,50.28097],[2.45185,50.28178],[2.45575,50.28207],[2.45682,50.28434],[2.46619,50.284],[2.47912,50.28514],[2.48757,50.28853],[2.49469,50.28381],[2.49786,50.28557],[2.51832,50.28706],[2.51943,50.28503],[2.51356,50.28328],[2.5093,50.27974],[2.50796,50.27743],[2.50574,50.26549],[2.50394,50.26464],[2.49789,50.26279],[2.49111,50.26296],[2.47065,50.26412],[2.45898,50.2669],[2.45832,50.26726],[2.46533,50.27269],[2.46426,50.27956],[2.45208,50.28097]]]]}},{"type":"Feature","properties":{"code":"62093","nom":"Beaulencourt","departement":"62","region":"32"},"geometry":{"type":"MultiPolygon","coordinates":[[[[2.85507,50.07811],[2.85514,50.081],[2.85697,50.08468],[2.85866,50.08423],[2.86277,50.08599],[2.86676,50.08184],[2.87058,50.08097],[2.87586,50.08269],[2.8804,50.08196],[2.88602,50.07796],[2.89058,50.07252],[2.88927,50.07197],[2.889,50.07146],[2.88817,50.07101],[2.88877,50.06975],[2.8648,50.05985],[2.86116,50.06194],[2.85659,50.06111],[2.85531,50.06232],[2.85468,50.06811],[2.85774,50.07743],[2.85507,50.07811]]]]}},{"type":"Feature","properties":{"code":"62094","nom":"Beaumerie-Saint-Martin","departement":"62","region":"32"},"geometry":{"type":"MultiPolygon","coordinates":[[[[1.82049,50.45306],[1.81584,50.43918],[1.81021,50.42786],[1.81173,50.4268],[1.81065,50.42627],[1.79595,50.4286],[1.79428,50.42795],[1.78835,50.43223],[1.78613,50.43953],[1.78187,50.44711],[1.77472,50.45111],[1.76875,50.45595],[1.76593,50.45986],[1.783,50.46236],[1.79838,50.45925],[1.79807,50.46029],[1.81689,50.45516],[1.82049,50.45306]]]]}},{"type":"Feature","properties":{"code":"62095","nom":"Beaumetz-lès-Aire","departement":"62","region":"32"},"geometry":{"type":"MultiPolygon","coordinates":[[[[2.21355,50.53431],[2.21156,50.53867],[2.20771,50.54351],[2.19993,50.5435],[2.19747,50.54777],[2.19301,50.54697],[2.19239,50.54878],[2.20153,50.55025],[2.201,50.55199],[2.20589,50.55501],[2.21006,50.55316],[2.22954,50.54845],[2.23763,50.54979],[2.24229,50.54634],[2.23487,50.54142],[2.23135,50.53619],[2.23583,50.53403],[2.23268,50.53229],[2.22711,50.53098],[2.21355,50.53431]]]]}},{"type":"Feature","properties":{"code":"62096","nom":"Beaumetz-lès-Cambrai","departement":"62","region":"32"},"geometry":{"type":"MultiPolygon","coordinates":[[[[2.99045,50.10383],[2.98522,50.10876],[2.9782,50.11192],[2.9758,50.11225],[2.97285,50.11366],[2.97231,50.11591],[2.96773,50.12083],[2.96303,50.12295],[2.95439,50.12288],[2.95454,50.12392],[2.9623,50.12553],[2.96144,50.1267],[2.96431,50.12943],[2.97878,50.13982],[2.98804,50.145],[2.98505,50.14612],[2.99001,50.14947],[2.99551,50.15335],[3.00393,50.15019],[3.00029,50.14433],[2.99826,50.13841],[2.99777,50.13293],[3.00443,50.11978],[3.0104,50.11523],[3.01063,50.11281],[3.00416,50.10466],[3.00276,50.10444],[2.99607,50.10327],[2.99045,50.10383]]]]}},{"type":"Feature","properties":{"code":"62097","nom":"Beaumetz-lès-Loges","departement":"62","region":"32"},"geometry":{"type":"MultiPolygon","coordinates":[[[[2.63908,50.23624],[2.63418,50.24407],[2.63535,50.24456],[2.63927,50.24614],[2.64446,50.25084],[2.6586,50.25776],[2.67058,50.25114],[2.67899,50.25199],[2.68432,50.25486],[2.68742,50.25304],[2.67281,50.24346],[2.67151,50.24032],[2.6615,50.23483],[2.65892,50.23623],[2.6447,50.23778],[2.63908,50.23624]]]]}},{"type":"Feature","properties":{"code":"62099","nom":"Beaurains","departement":"62","region":"32"},"geometry":{"type":"MultiPolygon","coordinates":[[[[2.79827,50.24758],[2.79683,50.24958],[2.79325,50.24869],[2.77748,50.24125],[2.77498,50.24081],[2.77355,50.24064],[2.7725,50.24372],[2.77284,50.24837],[2.77651,50.2546],[2.77358,50.26438],[2.77421,50.26849],[2.77714,50.26746],[2.7801,50.26829],[2.78418,50.27184],[2.78431,50.27072],[2.78824,50.26809],[2.79512,50.26995],[2.79356,50.27271],[2.79545,50.27529],[2.79807,50.2783],[2.80044,50.27714],[2.80259,50.27624],[2.80326,50.27494],[2.80332,50.27081],[2.80592,50.26515],[2.80683,50.26209],[2.80537,50.25611],[2.80244,50.25049],[2.79827,50.24758]]]]}},{"type":"Feature","properties":{"code":"62100","nom":"Beaurainville","departement":"62","region":"32"},"geometry":{"type":"MultiPolygon","coordinates":[[[[1.87812,50.43912],[1.88062,50.43811],[1.8932,50.4375],[1.89789,50.43901],[1.9021,50.43907],[1.90376,50.4385],[1.91198,50.42943],[1.94987,50.42876],[1.95225,50.42778],[1.95224,50.42608],[1.94404,50.42242],[1.94048,50.41988],[1.93838,50.41565],[1.9378,50.41506],[1.93405,50.41613],[1.92383,50.41489],[1.91657,50.40822],[1.91491,50.40428],[1.92572,50.40218],[1.92593,50.40125],[1.91609,50.39824],[1.90827,50.39725],[1.90291,50.39994],[1.89572,50.40805],[1.88569,50.41714],[1.88332,50.41802],[1.87223,50.41151],[1.86576,50.4105],[1.85807,50.41176],[1.85319,50.41575],[1.88056,50.42455],[1.88194,50.42645],[1.88099,50.43046],[1.87704,50.43542],[1.87812,50.43912]]]]}},{"type":"Feature","properties":{"code":"62101","nom":"Beauvois","departement":"62","region":"32"},"geometry":{"type":"MultiPolygon","coordinates":[[[[2.22065,50.37641],[2.23659,50.38301],[2.23734,50.38171],[2.24113,50.37796],[2.25133,50.37555],[2.24527,50.37193],[2.24405,50.37033],[2.24547,50.36871],[2.23699,50.3657],[2.23476,50.36552],[2.22954,50.3667],[2.22013,50.3725],[2.22122,50.37474],[2.22065,50.37641]]]]}},{"type":"Feature","properties":{"code":"62102","nom":"Bécourt","departement":"62","region":"32"},"geometry":{"type":"MultiPolygon","coordinates":[[[[1.88295,50.63481],[1.88186,50.63652],[1.88473,50.65229],[1.90235,50.64953],[1.92117,50.64749],[1.93001,50.64523],[1.93007,50.64335],[1.91802,50.63306],[1.90374,50.62456],[1.90164,50.62427],[1.89942,50.62624],[1.88762,50.63172],[1.88398,50.6348],[1.88295,50.63481]]]]}},{"type":"Feature","properties":{"code":"62103","nom":"Béhagnies","departement":"62","region":"32"},"geometry":{"type":"MultiPolygon","coordinates":[[[[2.83435,50.15268],[2.84547,50.14611],[2.84482,50.14516],[2.84146,50.13982],[2.82711,50.1354],[2.81698,50.13138],[2.81337,50.1298],[2.81087,50.13375],[2.81748,50.13984],[2.81384,50.14178],[2.81594,50.14503],[2.81967,50.14725],[2.83012,50.1496],[2.83435,50.15268]]]]}},{"type":"Feature","properties":{"code":"62104","nom":"Bellebrune","departement":"62","region":"32"},"geometry":{"type":"MultiPolygon","coordinates":[[[[1.78612,50.75116],[1.78839,50.74933],[1.79015,50.74784],[1.80147,50.74519],[1.80051,50.74181],[1.79508,50.73416],[1.78649,50.72755],[1.77816,50.72475],[1.77789,50.72267],[1.77129,50.71919],[1.75401,50.72064],[1.75084,50.72159],[1.74744,50.72336],[1.74829,50.72376],[1.74401,50.72699],[1.74735,50.72861],[1.74802,50.72773],[1.77175,50.73117],[1.7755,50.73383],[1.78612,50.75116]]]]}},{"type":"Feature","properties":{"code":"62105","nom":"Belle-et-Houllefort","departement":"62","region":"32"},"geometry":{"type":"MultiPolygon","coordinates":[[[[1.77751,50.76681],[1.78923,50.76614],[1.79885,50.76209],[1.79648,50.75956],[1.78696,50.75486],[1.78612,50.75116],[1.7755,50.73383],[1.77175,50.73117],[1.74802,50.72773],[1.74735,50.72861],[1.7509,50.73562],[1.74655,50.73806],[1.74381,50.73852],[1.73886,50.73998],[1.74007,50.74778],[1.73855,50.75072],[1.73527,50.75146],[1.74232,50.75368],[1.74898,50.75357],[1.76805,50.75649],[1.77044,50.75792],[1.77455,50.76538],[1.77751,50.76681]]]]}},{"type":"Feature","properties":{"code":"62106","nom":"Bellonne","departement":"62","region":"32"},"geometry":{"type":"MultiPolygon","coordinates":[[[[3.02841,50.30292],[3.03403,50.30317],[3.03628,50.30524],[3.03677,50.30791],[3.04239,50.30905],[3.05953,50.30338],[3.05809,50.30222],[3.05433,50.30206],[3.0537,50.30055],[3.05574,50.30034],[3.04754,50.29376],[3.04697,50.2945],[3.0405,50.2943],[3.02913,50.29789],[3.02739,50.30073],[3.02841,50.30292]]]]}},{"type":"Feature","properties":{"code":"62107","nom":"Bénifontaine","departement":"62","region":"32"},"geometry":{"type":"MultiPolygon","coordinates":[[[[2.83601,50.48524],[2.84313,50.48136],[2.84499,50.48061],[2.83523,50.46982],[2.82141,50.46242],[2.81496,50.4613],[2.81195,50.47265],[2.82059,50.48273],[2.83823,50.49466],[2.83456,50.48619],[2.83601,50.48524]]]]}},{"type":"Feature","properties":{"code":"62108","nom":"Berck","departement":"62","region":"32"},"geometry":{"type":"MultiPolygon","coordinates":[[[[1.57351,50.39025],[1.57054,50.39417],[1.56714,50.39556],[1.56274,50.39556],[1.56203,50.39455],[1.56019,50.39451],[1.55628,50.39701],[1.55542,50.40014],[1.55731,50.40647],[1.56105,50.41324],[1.56588,50.42587],[1.56909,50.43988],[1.60292,50.43471],[1.60606,50.40899],[1.60331,50.40648],[1.6027,50.40428],[1.60596,50.39923],[1.60627,50.39855],[1.59992,50.39805],[1.59594,50.39652],[1.58127,50.38966],[1.57614,50.38986],[1.57351,50.39025]]]]}},{"type":"Feature","properties":{"code":"62109","nom":"Bergueneuse","departement":"62","region":"32"},"geometry":{"type":"MultiPolygon","coordinates":[[[[2.23676,50.46096],[2.23143,50.46555],[2.24058,50.46973],[2.25067,50.47722],[2.26816,50.46614],[2.26484,50.46335],[2.2551,50.459],[2.24642,50.45955],[2.23734,50.46146],[2.23676,50.46096]]]]}},{"type":"Feature","properties":{"code":"62111","nom":"Berlencourt-le-Cauroy","departement":"62","region":"32"},"geometry":{"type":"MultiPolygon","coordinates":[[[[2.40373,50.28098],[2.4054,50.28872],[2.41211,50.29493],[2.41412,50.29383],[2.41823,50.29078],[2.42404,50.289],[2.43162,50.28731],[2.43392,50.28906],[2.43635,50.28861],[2.43339,50.28642],[2.43295,50.28466],[2.43639,50.28209],[2.43677,50.28105],[2.43326,50.27503],[2.43433,50.27057],[2.44368,50.26466],[2.44567,50.26529],[2.44672,50.26427],[2.44091,50.25548],[2.43795,50.25538],[2.43493,50.25624],[2.42851,50.25535],[2.41388,50.25941],[2.41075,50.26315],[2.40774,50.27833],[2.40373,50.28098]]]]}},{"type":"Feature","properties":{"code":"62112","nom":"Berles-au-Bois","departement":"62","region":"32"},"geometry":{"type":"MultiPolygon","coordinates":[[[[2.60083,50.19563],[2.60875,50.20385],[2.62113,50.20824],[2.62876,50.21338],[2.6306,50.21222],[2.6383,50.21433],[2.65118,50.21603],[2.6514,50.21589],[2.65866,50.21097],[2.65326,50.20662],[2.64741,50.19925],[2.65197,50.19543],[2.64388,50.18949],[2.62496,50.18372],[2.62411,50.1848],[2.61747,50.18352],[2.6132,50.18863],[2.60083,50.19563]]]]}},{"type":"Feature","properties":{"code":"62113","nom":"Berles-Monchel","departement":"62","region":"32"},"geometry":{"type":"MultiPolygon","coordinates":[[[[2.51711,50.32777],[2.51536,50.32789],[2.51488,50.32924],[2.51521,50.33554],[2.51322,50.33928],[2.50785,50.33989],[2.49886,50.33906],[2.49491,50.34233],[2.50167,50.34809],[2.50779,50.35021],[2.51529,50.35138],[2.52241,50.35723],[2.52312,50.36282],[2.52093,50.36403],[2.51975,50.36614],[2.5214,50.36668],[2.52604,50.3656],[2.53376,50.36189],[2.54836,50.34553],[2.55112,50.33782],[2.53855,50.33336],[2.52281,50.3276],[2.51711,50.32777]]]]}},{"type":"Feature","properties":{"code":"62114","nom":"Bermicourt","departement":"62","region":"32"},"geometry":{"type":"MultiPolygon","coordinates":[[[[2.23356,50.39278],[2.21878,50.39493],[2.21636,50.39692],[2.22255,50.40127],[2.22406,50.40623],[2.21343,50.41489],[2.22668,50.41963],[2.24069,50.42294],[2.25074,50.41668],[2.2504,50.41395],[2.24796,50.41388],[2.246,50.41217],[2.24321,50.40511],[2.24785,50.39873],[2.23619,50.39229],[2.23356,50.39278]]]]}},{"type":"Feature","properties":{"code":"62115","nom":"Berneville","departement":"62","region":"32"},"geometry":{"type":"MultiPolygon","coordinates":[[[[2.69345,50.25969],[2.68432,50.25486],[2.67899,50.25199],[2.67058,50.25114],[2.6586,50.25776],[2.66014,50.25838],[2.6581,50.26038],[2.65079,50.26285],[2.64766,50.2665],[2.66332,50.27109],[2.68596,50.27394],[2.69497,50.26769],[2.69107,50.26271],[2.69345,50.25969]]]]}},{"type":"Feature","properties":{"code":"62116","nom":"Bernieulles","departement":"62","region":"32"},"geometry":{"type":"MultiPolygon","coordinates":[[[[1.78245,50.54739],[1.77037,50.53639],[1.76655,50.53738],[1.76373,50.53687],[1.7593,50.54293],[1.75617,50.55241],[1.75402,50.55886],[1.76448,50.56017],[1.76627,50.56097],[1.77413,50.5733],[1.77542,50.57315],[1.77692,50.57445],[1.77867,50.57369],[1.78899,50.56268],[1.78635,50.55451],[1.78146,50.54765],[1.78245,50.54739]]]]}},{"type":"Feature","properties":{"code":"62117","nom":"Bertincourt","departement":"62","region":"32"},"geometry":{"type":"MultiPolygon","coordinates":[[[[2.95948,50.09288],[2.96467,50.09216],[2.97731,50.09276],[2.98429,50.09442],[2.98971,50.10045],[2.99045,50.10383],[2.99607,50.10327],[3.00276,50.10444],[3.00724,50.09493],[3.00347,50.09274],[2.99585,50.08285],[2.99498,50.07741],[2.99117,50.07782],[2.97797,50.07424],[2.96845,50.07457],[2.96449,50.0737],[2.95661,50.07926],[2.95148,50.08477],[2.95329,50.08621],[2.95614,50.08654],[2.95948,50.09288]]]]}},{"type":"Feature","properties":{"code":"62118","nom":"Béthonsart","departement":"62","region":"32"},"geometry":{"type":"MultiPolygon","coordinates":[[[[2.54899,50.36797],[2.52434,50.38641],[2.53046,50.39059],[2.54297,50.39563],[2.54443,50.39565],[2.55034,50.38881],[2.55532,50.38687],[2.55165,50.38127],[2.56124,50.37068],[2.55594,50.36957],[2.55558,50.37016],[2.54899,50.36797]]]]}},{"type":"Feature","properties":{"code":"62119","nom":"Béthune","departement":"62","region":"32"},"geometry":{"type":"MultiPolygon","coordinates":[[[[2.64651,50.50978],[2.63779,50.51532],[2.63498,50.51491],[2.63205,50.51277],[2.62771,50.51286],[2.62231,50.51812],[2.61716,50.52198],[2.61594,50.52196],[2.62419,50.52755],[2.62532,50.53162],[2.62465,50.53156],[2.6327,50.54378],[2.64493,50.5506],[2.64969,50.54631],[2.651,50.5433],[2.65052,50.54146],[2.65173,50.54083],[2.65814,50.54245],[2.67165,50.53816],[2.66066,50.52252],[2.66095,50.52247],[2.65895,50.51783],[2.65367,50.51389],[2.65372,50.51239],[2.64994,50.50992],[2.6499,50.51015],[2.64818,50.50948],[2.64651,50.50978]]]]}},{"type":"Feature","properties":{"code":"62120","nom":"Beugin","departement":"62","region":"32"},"geometry":{"type":"MultiPolygon","coordinates":[[[[2.5282,50.44083],[2.52157,50.43496],[2.52043,50.4324],[2.52281,50.43138],[2.5222,50.42999],[2.52034,50.42947],[2.51478,50.42834],[2.49829,50.43536],[2.4924,50.43994],[2.49265,50.44342],[2.48727,50.44588],[2.48655,50.44705],[2.48995,50.45323],[2.49267,50.45378],[2.4964,50.45321],[2.49899,50.45118],[2.50141,50.45081],[2.50488,50.45182],[2.5089,50.45474],[2.52744,50.44505],[2.5283,50.44426],[2.5282,50.44083]]]]}},{"type":"Feature","properties":{"code":"62122","nom":"Beugny","departement":"62","region":"32"},"geometry":{"type":"MultiPolygon","coordinates":[[[[2.95439,50.12288],[2.9543,50.12121],[2.94624,50.1141],[2.93353,50.10639],[2.93418,50.10335],[2.93023,50.10242],[2.92957,50.1031],[2.92538,50.10583],[2.91265,50.12254],[2.92484,50.12902],[2.92921,50.13217],[2.93138,50.13349],[2.94454,50.12925],[2.95074,50.12314],[2.95454,50.12392],[2.95439,50.12288]]]]}},{"type":"Feature","properties":{"code":"62123","nom":"Beussent","departement":"62","region":"32"},"geometry":{"type":"MultiPolygon","coordinates":[[[[1.82915,50.57533],[1.8329,50.56767],[1.84268,50.55737],[1.85296,50.55493],[1.85457,50.55],[1.85229,50.54606],[1.85092,50.54533],[1.83529,50.53984],[1.82053,50.53818],[1.80751,50.53957],[1.79347,50.54303],[1.78492,50.54704],[1.78245,50.54739],[1.78146,50.54765],[1.78635,50.55451],[1.78899,50.56268],[1.77867,50.57369],[1.77692,50.57445],[1.77943,50.57712],[1.79505,50.57698],[1.81394,50.57557],[1.82769,50.57673],[1.82915,50.57533]]]]}},{"type":"Feature","properties":{"code":"62124","nom":"Beutin","departement":"62","region":"32"},"geometry":{"type":"MultiPolygon","coordinates":[[[[1.74546,50.50272],[1.74706,50.50239],[1.73319,50.48952],[1.72231,50.49036],[1.71051,50.49459],[1.70948,50.49657],[1.71268,50.50035],[1.71825,50.50398],[1.72416,50.50442],[1.74224,50.50353],[1.74546,50.50272]]]]}},{"type":"Feature","properties":{"code":"62125","nom":"Beuvrequen","departement":"62","region":"32"},"geometry":{"type":"MultiPolygon","coordinates":[[[[1.68038,50.7857],[1.67849,50.78465],[1.66728,50.789],[1.65825,50.79681],[1.65375,50.80579],[1.6656,50.81054],[1.6732,50.8107],[1.67946,50.80973],[1.69718,50.79234],[1.69489,50.791],[1.68505,50.78846],[1.68038,50.7857]]]]}},{"type":"Feature","properties":{"code":"62126","nom":"Beuvry","departement":"62","region":"32"},"geometry":{"type":"MultiPolygon","coordinates":[[[[2.66313,50.51376],[2.66011,50.51566],[2.65895,50.51783],[2.66095,50.52247],[2.66066,50.52252],[2.67165,50.53816],[2.67787,50.54345],[2.67957,50.54969],[2.67674,50.5523],[2.68628,50.55934],[2.6971,50.56343],[2.71077,50.55184],[2.70867,50.55087],[2.70763,50.54673],[2.70958,50.54088],[2.72193,50.53035],[2.72379,50.52759],[2.72572,50.52303],[2.7158,50.5216],[2.71437,50.51917],[2.71317,50.51886],[2.6983,50.51582],[2.69443,50.51386],[2.68971,50.50998],[2.68799,50.50597],[2.68579,50.50764],[2.67778,50.51044],[2.67387,50.51037],[2.67192,50.51013],[2.66313,50.51376]]]]}},{"type":"Feature","properties":{"code":"62127","nom":"Bezinghem","departement":"62","region":"32"},"geometry":{"type":"MultiPolygon","coordinates":[[[[1.86467,50.62214],[1.87052,50.62153],[1.87565,50.61995],[1.86797,50.61224],[1.86205,50.60858],[1.86717,50.60313],[1.88073,50.60289],[1.90184,50.59974],[1.90196,50.59823],[1.87184,50.5919],[1.86596,50.58969],[1.8602,50.58603],[1.84492,50.58564],[1.83768,50.57993],[1.82915,50.57533],[1.82769,50.57673],[1.81661,50.58936],[1.81594,50.59134],[1.82025,50.59603],[1.83019,50.60251],[1.83943,50.61006],[1.84028,50.61291],[1.84221,50.6145],[1.86467,50.62214]]]]}},{"type":"Feature","properties":{"code":"62128","nom":"Biache-Saint-Vaast","departement":"62","region":"32"},"geometry":{"type":"MultiPolygon","coordinates":[[[[2.97815,50.2922],[2.95772,50.30424],[2.94577,50.30141],[2.94269,50.30443],[2.93602,50.30274],[2.93352,50.3062],[2.91448,50.3115],[2.90717,50.31504],[2.90329,50.31785],[2.9068,50.32019],[2.9128,50.32125],[2.92563,50.32669],[2.94475,50.32929],[2.9626,50.3249],[2.96504,50.32329],[2.96828,50.31974],[2.96787,50.31738],[2.96159,50.31392],[2.9572,50.30865],[2.9686,50.3027],[2.97975,50.29929],[2.97815,50.2922]]]]}},{"type":"Feature","properties":{"code":"62129","nom":"Biefvillers-lès-Bapaume","departement":"62","region":"32"},"geometry":{"type":"MultiPolygon","coordinates":[[[[2.84444,50.12194],[2.84532,50.11917],[2.84583,50.11583],[2.83867,50.11589],[2.82204,50.10836],[2.81375,50.10887],[2.80468,50.1121],[2.80325,50.11329],[2.80702,50.11343],[2.8098,50.11601],[2.8102,50.11825],[2.80857,50.12509],[2.81156,50.12911],[2.81337,50.1298],[2.81698,50.13138],[2.82319,50.12501],[2.83891,50.12051],[2.84444,50.12194]]]]}},{"type":"Feature","properties":{"code":"62130","nom":"Bienvillers-au-Bois","departement":"62","region":"32"},"geometry":{"type":"MultiPolygon","coordinates":[[[[2.59644,50.14866],[2.58974,50.15296],[2.58033,50.16407],[2.58307,50.1681],[2.59248,50.1692],[2.60156,50.17119],[2.60952,50.1743],[2.61343,50.17796],[2.61508,50.18267],[2.61747,50.18352],[2.62411,50.1848],[2.62496,50.18372],[2.62694,50.18087],[2.62795,50.17557],[2.63568,50.17123],[2.63321,50.17013],[2.61601,50.15701],[2.60892,50.15382],[2.60493,50.15313],[2.59644,50.14866]]]]}},{"type":"Feature","properties":{"code":"62131","nom":"Bihucourt","departement":"62","region":"32"},"geometry":{"type":"MultiPolygon","coordinates":[[[[2.79392,50.14131],[2.80041,50.14376],[2.81384,50.14178],[2.81748,50.13984],[2.81087,50.13375],[2.81337,50.1298],[2.81156,50.12911],[2.80857,50.12509],[2.8102,50.11825],[2.8098,50.11601],[2.80702,50.11343],[2.80325,50.11329],[2.80131,50.1168],[2.79617,50.11391],[2.7825,50.11522],[2.78543,50.11746],[2.79449,50.1294],[2.79772,50.13775],[2.79392,50.14131]]]]}},{"type":"Feature","properties":{"code":"62132","nom":"Billy-Berclau","departement":"62","region":"32"},"geometry":{"type":"MultiPolygon","coordinates":[[[[2.88174,50.50777],[2.86082,50.50694],[2.86072,50.50725],[2.8592,50.50855],[2.84606,50.50584],[2.84362,50.5064],[2.84253,50.50784],[2.84443,50.51743],[2.85252,50.52868],[2.86234,50.53025],[2.88245,50.53609],[2.88689,50.53778],[2.88696,50.53311],[2.88467,50.522],[2.88174,50.50777]]]]}},{"type":"Feature","properties":{"code":"62133","nom":"Billy-Montigny","departement":"62","region":"32"},"geometry":{"type":"MultiPolygon","coordinates":[[[[2.92423,50.41439],[2.92352,50.41138],[2.9246,50.41014],[2.92217,50.40932],[2.92341,50.40817],[2.92169,50.40608],[2.91451,50.41162],[2.91155,50.41167],[2.91083,50.4102],[2.90202,50.41153],[2.89586,50.40954],[2.89086,50.41076],[2.88895,50.41206],[2.89124,50.41303],[2.89069,50.41493],[2.89019,50.4159],[2.89151,50.41635],[2.89051,50.41786],[2.89168,50.41854],[2.89977,50.41913],[2.89969,50.41983],[2.89964,50.4203],[2.91122,50.42239],[2.91505,50.42344],[2.91494,50.42411],[2.91716,50.4243],[2.91874,50.42291],[2.92344,50.41531],[2.92423,50.41439]]]]}},{"type":"Feature","properties":{"code":"62134","nom":"Bimont","departement":"62","region":"32"},"geometry":{"type":"MultiPolygon","coordinates":[[[[1.92267,50.55334],[1.92858,50.54695],[1.93304,50.53697],[1.92291,50.53595],[1.91875,50.53388],[1.91358,50.52605],[1.90518,50.52039],[1.90433,50.52076],[1.90536,50.5225],[1.90065,50.52635],[1.89294,50.53966],[1.88487,50.55086],[1.88971,50.55197],[1.8967,50.55228],[1.92267,50.55334]]]]}},{"type":"Feature","properties":{"code":"62135","nom":"Blairville","departement":"62","region":"32"},"geometry":{"type":"MultiPolygon","coordinates":[[[[2.73266,50.2128],[2.73122,50.21152],[2.72751,50.21057],[2.72146,50.211],[2.70674,50.20683],[2.70105,50.20433],[2.6992,50.20724],[2.69804,50.20905],[2.70049,50.21005],[2.69601,50.2155],[2.70609,50.22697],[2.71555,50.23191],[2.71865,50.23066],[2.72172,50.23203],[2.72596,50.23409],[2.72991,50.22957],[2.72722,50.2235],[2.72604,50.21753],[2.73266,50.2128]]]]}},{"type":"Feature","properties":{"code":"62137","nom":"Blangerval-Blangermont","departement":"62","region":"32"},"geometry":{"type":"MultiPolygon","coordinates":[[[[2.22519,50.33772],[2.23816,50.32718],[2.22672,50.31405],[2.21815,50.31557],[2.21029,50.3161],[2.20734,50.31543],[2.20404,50.31578],[2.20052,50.31864],[2.2011,50.3202],[2.20238,50.32014],[2.20633,50.32464],[2.20627,50.32853],[2.22476,50.33742],[2.22519,50.33772]]]]}},{"type":"Feature","properties":{"code":"62138","nom":"Blangy-sur-Ternoise","departement":"62","region":"32"},"geometry":{"type":"MultiPolygon","coordinates":[[[[2.16714,50.44663],[2.16882,50.44118],[2.17455,50.44323],[2.17995,50.44103],[2.18794,50.43547],[2.19684,50.42012],[2.19862,50.41867],[2.19403,50.41932],[2.1936,50.41768],[2.19984,50.41433],[2.20399,50.40986],[2.19952,50.40603],[2.19778,50.40702],[2.18989,50.40804],[2.18255,50.4061],[2.17551,50.40498],[2.16735,50.40494],[2.16422,50.4038],[2.15622,50.41014],[2.15308,50.41524],[2.15369,50.41572],[2.15912,50.41904],[2.15137,50.43181],[2.1494,50.43602],[2.1529,50.43825],[2.14958,50.4416],[2.16714,50.44663]]]]}},{"type":"Feature","properties":{"code":"62139","nom":"Blendecques","departement":"62","region":"32"},"geometry":{"type":"MultiPolygon","coordinates":[[[[2.2936,50.72388],[2.29574,50.72326],[2.30496,50.71368],[2.3167,50.70609],[2.31292,50.70187],[2.30358,50.70513],[2.29302,50.70693],[2.28235,50.705],[2.26928,50.70437],[2.26826,50.7063],[2.26124,50.7056],[2.26096,50.70431],[2.25429,50.70237],[2.24965,50.70467],[2.25255,50.70836],[2.25361,50.70853],[2.25239,50.71391],[2.25362,50.71425],[2.25019,50.71998],[2.24992,50.7243],[2.26096,50.72946],[2.26668,50.73595],[2.27098,50.73319],[2.27921,50.7278],[2.29224,50.72319],[2.2936,50.72388]]]]}},{"type":"Feature","properties":{"code":"62140","nom":"Bléquin","departement":"62","region":"32"},"geometry":{"type":"MultiPolygon","coordinates":[[[[1.9421,50.65582],[1.93847,50.65888],[1.94298,50.66372],[1.96404,50.67906],[1.98645,50.67362],[1.98676,50.67446],[1.98937,50.671],[1.99375,50.66976],[2.0021,50.66962],[2.00376,50.6687],[2.00701,50.66119],[1.99838,50.65994],[1.99843,50.65931],[1.99304,50.65734],[1.95951,50.65344],[1.95057,50.65108],[1.94663,50.65456],[1.9429,50.65511],[1.9421,50.65582]]]]}},{"type":"Feature","properties":{"code":"62141","nom":"Blessy","departement":"62","region":"32"},"geometry":{"type":"MultiPolygon","coordinates":[[[[2.29827,50.60955],[2.29921,50.61054],[2.30871,50.61402],[2.32021,50.62145],[2.33874,50.62801],[2.3448,50.62568],[2.35894,50.62621],[2.36464,50.62755],[2.36555,50.62726],[2.36571,50.62554],[2.35444,50.6209],[2.34182,50.61203],[2.33195,50.60761],[2.32303,50.60502],[2.31712,50.60802],[2.30798,50.60902],[2.30142,50.60727],[2.29827,50.60955]]]]}},{"type":"Feature","properties":{"code":"62142","nom":"Blingel","departement":"62","region":"32"},"geometry":{"type":"MultiPolygon","coordinates":[[[[2.155,50.3949],[2.15281,50.39376],[2.14687,50.39394],[2.14422,50.39483],[2.14179,50.39676],[2.13723,50.40745],[2.14174,50.41346],[2.14815,50.41766],[2.15369,50.41572],[2.15308,50.41524],[2.15622,50.41014],[2.16422,50.4038],[2.16522,50.40296],[2.16092,50.39816],[2.15457,50.39531],[2.155,50.3949]]]]}},{"type":"Feature","properties":{"code":"62143","nom":"Boffles","departement":"62","region":"32"},"geometry":{"type":"MultiPolygon","coordinates":[[[[2.19032,50.26607],[2.19827,50.26312],[2.20281,50.26517],[2.20673,50.26578],[2.21477,50.26124],[2.22011,50.25768],[2.20694,50.24896],[2.19437,50.24819],[2.18144,50.25542],[2.19103,50.25981],[2.18487,50.26239],[2.19032,50.26607]]]]}},{"type":"Feature","properties":{"code":"62144","nom":"Boiry-Becquerelle","departement":"62","region":"32"},"geometry":{"type":"MultiPolygon","coordinates":[[[[2.84001,50.19569],[2.82188,50.20823],[2.81758,50.20923],[2.80826,50.20683],[2.80727,50.20721],[2.8061,50.2086],[2.8054,50.21821],[2.80121,50.22521],[2.80088,50.22745],[2.8059,50.22767],[2.8126,50.22984],[2.81315,50.23067],[2.81334,50.231],[2.82431,50.21898],[2.83473,50.21078],[2.83818,50.20633],[2.83953,50.20247],[2.84492,50.19849],[2.84001,50.19569]]]]}},{"type":"Feature","properties":{"code":"62145","nom":"Boiry-Notre-Dame","departement":"62","region":"32"},"geometry":{"type":"MultiPolygon","coordinates":[[[[2.93161,50.26364],[2.93224,50.2639],[2.91789,50.27449],[2.93802,50.28793],[2.9415,50.28636],[2.94296,50.28674],[2.95389,50.28383],[2.95974,50.28144],[2.96455,50.27805],[2.96131,50.27219],[2.96295,50.26719],[2.94445,50.26121],[2.94347,50.26362],[2.94049,50.26505],[2.93767,50.26489],[2.93284,50.26274],[2.93161,50.26364]]]]}},{"type":"Feature","properties":{"code":"62146","nom":"Boiry-Saint-Martin","departement":"62","region":"32"},"geometry":{"type":"MultiPolygon","coordinates":[[[[2.76616,50.20453],[2.7772,50.1956],[2.7626,50.18567],[2.75256,50.18152],[2.74931,50.18052],[2.74101,50.18194],[2.73908,50.18322],[2.74683,50.18996],[2.75435,50.19853],[2.76616,50.20453]]]]}},{"type":"Feature","properties":{"code":"62147","nom":"Boiry-Sainte-Rictrude","departement":"62","region":"32"},"geometry":{"type":"MultiPolygon","coordinates":[[[[2.75935,50.21751],[2.76742,50.21358],[2.7713,50.20914],[2.77063,50.20728],[2.76616,50.20453],[2.75435,50.19853],[2.74683,50.18996],[2.73908,50.18322],[2.73762,50.18404],[2.73471,50.18196],[2.73284,50.18351],[2.72541,50.18676],[2.7235,50.18855],[2.72292,50.19086],[2.72677,50.19507],[2.73263,50.19879],[2.73267,50.20077],[2.73331,50.20233],[2.74451,50.20614],[2.74871,50.21067],[2.74553,50.21417],[2.75609,50.21789],[2.75935,50.21751]]]]}},{"type":"Feature","properties":{"code":"62148","nom":"Bois-Bernard","departement":"62","region":"32"},"geometry":{"type":"MultiPolygon","coordinates":[[[[2.89808,50.38554],[2.90608,50.38682],[2.91204,50.38444],[2.91708,50.38769],[2.92962,50.37918],[2.93395,50.37571],[2.92059,50.36829],[2.91206,50.3643],[2.90395,50.37439],[2.89823,50.37477],[2.89426,50.37895],[2.89692,50.38495],[2.89808,50.38554]]]]}},{"type":"Feature","properties":{"code":"62149","nom":"Boisdinghem","departement":"62","region":"32"},"geometry":{"type":"MultiPolygon","coordinates":[[[[2.08717,50.74074],[2.08691,50.74025],[2.08509,50.74089],[2.07909,50.74438],[2.07361,50.75021],[2.07806,50.7503],[2.0908,50.75662],[2.10276,50.75835],[2.11254,50.75062],[2.11461,50.74792],[2.0876,50.74138],[2.08717,50.74074]]]]}},{"type":"Feature","properties":{"code":"62150","nom":"Boisjean","departement":"62","region":"32"},"geometry":{"type":"MultiPolygon","coordinates":[[[[1.7817,50.38602],[1.78198,50.38546],[1.77951,50.38516],[1.76523,50.38837],[1.75648,50.38916],[1.7537,50.39099],[1.76053,50.39707],[1.76218,50.40229],[1.75742,50.40619],[1.75562,50.40986],[1.75537,50.413],[1.75739,50.41634],[1.76174,50.41461],[1.76155,50.41813],[1.76466,50.42133],[1.77277,50.42332],[1.7874,50.42433],[1.79428,50.42795],[1.79595,50.4286],[1.81065,50.42627],[1.81173,50.4268],[1.81286,50.42685],[1.81888,50.42231],[1.81108,50.4162],[1.80881,50.41404],[1.81616,50.41227],[1.81391,50.40953],[1.79742,50.40736],[1.78084,50.38703],[1.7817,50.38602]]]]}},{"type":"Feature","properties":{"code":"62151","nom":"Boisleux-au-Mont","departement":"62","region":"32"},"geometry":{"type":"MultiPolygon","coordinates":[[[[2.78482,50.19784],[2.7796,50.19563],[2.77783,50.19514],[2.7772,50.1956],[2.76616,50.20453],[2.77063,50.20728],[2.7713,50.20914],[2.76742,50.21358],[2.75935,50.21751],[2.76262,50.22391],[2.76686,50.22584],[2.77999,50.22458],[2.78419,50.22609],[2.78713,50.22202],[2.79045,50.21048],[2.79174,50.20443],[2.79118,50.20223],[2.78974,50.20117],[2.78482,50.19784]]]]}},{"type":"Feature","properties":{"code":"62152","nom":"Boisleux-Saint-Marc","departement":"62","region":"32"},"geometry":{"type":"MultiPolygon","coordinates":[[[[2.78419,50.22609],[2.78869,50.22773],[2.80121,50.22521],[2.8054,50.21821],[2.8061,50.2086],[2.80727,50.20721],[2.80143,50.20237],[2.80124,50.19929],[2.79802,50.19837],[2.79178,50.19929],[2.78974,50.20117],[2.79118,50.20223],[2.79174,50.20443],[2.79045,50.21048],[2.78713,50.22202],[2.78419,50.22609]]]]}},{"type":"Feature","properties":{"code":"62153","nom":"Bomy","departement":"62","region":"32"},"geometry":{"type":"MultiPolygon","coordinates":[[[[2.19607,50.57852],[2.20138,50.58122],[2.21173,50.58841],[2.21879,50.5913],[2.227,50.59419],[2.23273,50.5864],[2.23742,50.58225],[2.24836,50.5761],[2.25673,50.57364],[2.25688,50.56804],[2.25667,50.56327],[2.24781,50.55621],[2.23763,50.54979],[2.22954,50.54845],[2.21006,50.55316],[2.20589,50.55501],[2.19073,50.56001],[2.19155,50.56279],[2.19537,50.56193],[2.19607,50.57852]]]]}},{"type":"Feature","properties":{"code":"62154","nom":"Bonnières","departement":"62","region":"32"},"geometry":{"type":"MultiPolygon","coordinates":[[[[2.25805,50.26621],[2.28372,50.25486],[2.28862,50.25013],[2.29636,50.24676],[2.31149,50.24596],[2.31525,50.24671],[2.3172,50.24395],[2.32223,50.24513],[2.33321,50.23905],[2.33316,50.23802],[2.32601,50.23624],[2.32519,50.23231],[2.3274,50.22655],[2.33145,50.22255],[2.33297,50.21836],[2.33203,50.21594],[2.32716,50.21315],[2.32373,50.21804],[2.31768,50.21921],[2.31363,50.21691],[2.30168,50.21308],[2.29881,50.21194],[2.28809,50.22015],[2.26986,50.22901],[2.2531,50.21486],[2.25019,50.21353],[2.23973,50.213],[2.23084,50.21076],[2.22279,50.20973],[2.22309,50.21646],[2.22392,50.21733],[2.23472,50.22761],[2.23671,50.2317],[2.23622,50.23314],[2.22755,50.2417],[2.22876,50.24296],[2.23048,50.24534],[2.24938,50.25813],[2.2527,50.26288],[2.25218,50.26428],[2.25424,50.26332],[2.25805,50.26621]]]]}},{"type":"Feature","properties":{"code":"62155","nom":"Bonningues-lès-Ardres","departement":"62","region":"32"},"geometry":{"type":"MultiPolygon","coordinates":[[[[2.00256,50.76365],[2.00169,50.76476],[2.00579,50.76843],[2.00779,50.77258],[2.00818,50.77831],[2.00731,50.78176],[1.99888,50.78861],[2.0158,50.79916],[2.0173,50.79802],[2.02491,50.79638],[2.02948,50.7973],[2.03194,50.79186],[2.03408,50.78068],[2.04194,50.76841],[2.04086,50.76249],[2.04188,50.75709],[2.03937,50.75577],[2.0358,50.75525],[2.03481,50.75645],[2.02627,50.75459],[2.02028,50.75434],[2.01517,50.7558],[2.01102,50.75976],[2.00415,50.76383],[2.00256,50.76365]]]]}},{"type":"Feature","properties":{"code":"62156","nom":"Bonningues-lès-Calais","departement":"62","region":"32"},"geometry":{"type":"MultiPolygon","coordinates":[[[[1.79989,50.89085],[1.79648,50.88921],[1.7866,50.8845],[1.76615,50.87997],[1.76371,50.87864],[1.76,50.88123],[1.73937,50.88765],[1.73597,50.89104],[1.73869,50.89215],[1.73915,50.89414],[1.74942,50.89501],[1.76156,50.90112],[1.78161,50.9085],[1.78366,50.91085],[1.78474,50.91019],[1.78984,50.90695],[1.79295,50.90328],[1.80023,50.89101],[1.79989,50.89085]]]]}},{"type":"Feature","properties":{"code":"62157","nom":"Boubers-lès-Hesmond","departement":"62","region":"32"},"geometry":{"type":"MultiPolygon","coordinates":[[[[1.9621,50.47926],[1.95828,50.47448],[1.94932,50.47294],[1.94465,50.47362],[1.93313,50.47748],[1.93326,50.48204],[1.93919,50.48575],[1.94013,50.48697],[1.9621,50.47926]]]]}},{"type":"Feature","properties":{"code":"62158","nom":"Boubers-sur-Canche","departement":"62","region":"32"},"geometry":{"type":"MultiPolygon","coordinates":[[[[2.26555,50.30198],[2.25659,50.29918],[2.25189,50.29073],[2.24934,50.28302],[2.24488,50.27904],[2.23573,50.27387],[2.22943,50.2703],[2.21762,50.27642],[2.19987,50.27838],[2.19966,50.27928],[2.21398,50.28444],[2.22359,50.29538],[2.24281,50.30821],[2.24948,50.31017],[2.25282,50.31281],[2.25909,50.31308],[2.26047,50.31254],[2.26309,50.31154],[2.26555,50.30198]]]]}},{"type":"Feature","properties":{"code":"62160","nom":"Boulogne-sur-Mer","departement":"62","region":"32"},"geometry":{"type":"MultiPolygon","coordinates":[[[[1.58752,50.72395],[1.57892,50.72835],[1.58399,50.73116],[1.5873,50.73186],[1.5904,50.72837],[1.59658,50.72766],[1.60052,50.7233],[1.59828,50.72832],[1.59259,50.72999],[1.59495,50.74154],[1.59442,50.75063],[1.59836,50.74839],[1.59789,50.74567],[1.59933,50.74228],[1.60085,50.7414],[1.60761,50.74625],[1.61738,50.73876],[1.62182,50.73789],[1.62068,50.73343],[1.62291,50.73283],[1.62308,50.72964],[1.62072,50.72859],[1.62273,50.72727],[1.62102,50.72667],[1.62463,50.72549],[1.62628,50.72388],[1.63342,50.72387],[1.63298,50.72234],[1.62923,50.72165],[1.62379,50.72184],[1.62335,50.72113],[1.62199,50.71817],[1.62262,50.71722],[1.62278,50.71714],[1.61963,50.71417],[1.61192,50.71067],[1.60796,50.71001],[1.6071,50.71156],[1.60617,50.71137],[1.60027,50.71157],[1.5996,50.71156],[1.59558,50.71193],[1.59145,50.71518],[1.59004,50.71803],[1.58746,50.72034],[1.58819,50.72085],[1.58752,50.72395]]]]}},{"type":"Feature","properties":{"code":"62161","nom":"Bouquehault","departement":"62","region":"32"},"geometry":{"type":"MultiPolygon","coordinates":[[[[1.92632,50.82289],[1.92392,50.82067],[1.9225,50.81644],[1.91896,50.81328],[1.91255,50.80979],[1.90096,50.80532],[1.89497,50.80082],[1.89897,50.79814],[1.89905,50.79554],[1.89588,50.79521],[1.89154,50.79608],[1.8854,50.80076],[1.88025,50.80159],[1.87802,50.80566],[1.87841,50.81632],[1.88063,50.81816],[1.88194,50.81775],[1.88527,50.81996],[1.89103,50.82864],[1.91423,50.83434],[1.91458,50.83368],[1.91396,50.83318],[1.92065,50.82664],[1.92632,50.82289]]]]}},{"type":"Feature","properties":{"code":"62163","nom":"Bouret-sur-Canche","departement":"62","region":"32"},"geometry":{"type":"MultiPolygon","coordinates":[[[[2.32223,50.24513],[2.3172,50.24395],[2.31525,50.24671],[2.31776,50.25304],[2.31765,50.25538],[2.31154,50.27005],[2.31056,50.27571],[2.31518,50.27985],[2.3229,50.28152],[2.32159,50.28447],[2.32694,50.28581],[2.32967,50.28652],[2.3343,50.28779],[2.33714,50.28475],[2.32876,50.2587],[2.32066,50.24778],[2.32223,50.24513]]]]}},{"type":"Feature","properties":{"code":"62164","nom":"Bourlon","departement":"62","region":"32"},"geometry":{"type":"MultiPolygon","coordinates":[[[[3.09588,50.16313],[3.09092,50.16608],[3.09251,50.17054],[3.08986,50.17186],[3.09229,50.17371],[3.09962,50.18614],[3.09936,50.19029],[3.10126,50.1905],[3.11559,50.19741],[3.13005,50.1999],[3.13128,50.19958],[3.14338,50.19649],[3.14718,50.19551],[3.15638,50.18156],[3.14593,50.17865],[3.13714,50.16956],[3.13734,50.16704],[3.12895,50.16556],[3.1209,50.16602],[3.11592,50.16796],[3.10228,50.16349],[3.10093,50.16202],[3.09921,50.16308],[3.10014,50.16361],[3.09658,50.16426],[3.09588,50.16313]]]]}},{"type":"Feature","properties":{"code":"62165","nom":"Bournonville","departement":"62","region":"32"},"geometry":{"type":"MultiPolygon","coordinates":[[[[1.83897,50.67764],[1.83973,50.67999],[1.8309,50.69506],[1.82539,50.69829],[1.82258,50.69893],[1.82047,50.70293],[1.81334,50.70446],[1.81009,50.70768],[1.83196,50.70646],[1.84001,50.71041],[1.84603,50.7154],[1.85054,50.71576],[1.86462,50.71316],[1.86284,50.70583],[1.86351,50.70228],[1.86426,50.70245],[1.86762,50.69561],[1.86654,50.6876],[1.84377,50.67765],[1.84087,50.67705],[1.83897,50.67764]]]]}},{"type":"Feature","properties":{"code":"62166","nom":"Bours","departement":"62","region":"32"},"geometry":{"type":"MultiPolygon","coordinates":[[[[2.37819,50.46573],[2.38764,50.46733],[2.39963,50.4717],[2.40111,50.47091],[2.39664,50.46745],[2.41661,50.4606],[2.42852,50.45852],[2.43724,50.46118],[2.43866,50.46042],[2.43978,50.45974],[2.42311,50.43195],[2.41847,50.42051],[2.4203,50.42002],[2.41389,50.41846],[2.40831,50.42087],[2.40606,50.4221],[2.40545,50.42406],[2.41041,50.42756],[2.41174,50.42948],[2.41059,50.43522],[2.40498,50.44149],[2.399,50.44418],[2.38064,50.44831],[2.3756,50.45217],[2.37728,50.45278],[2.37889,50.46302],[2.37819,50.46573]]]]}},{"type":"Feature","properties":{"code":"62167","nom":"Boursin","departement":"62","region":"32"},"geometry":{"type":"MultiPolygon","coordinates":[[[[1.84945,50.76321],[1.84225,50.76076],[1.82288,50.76002],[1.804,50.7603],[1.79885,50.76209],[1.78923,50.76614],[1.79663,50.76803],[1.81774,50.77756],[1.82094,50.78312],[1.82415,50.78367],[1.83629,50.78226],[1.85217,50.78317],[1.84858,50.78052],[1.84638,50.77705],[1.8492,50.76923],[1.84945,50.76321]]]]}},{"type":"Feature","properties":{"code":"62168","nom":"Bourthes","departement":"62","region":"32"},"geometry":{"type":"MultiPolygon","coordinates":[[[[1.94007,50.64395],[1.93717,50.64158],[1.94025,50.63818],[1.94416,50.63603],[1.94787,50.63444],[1.96061,50.63517],[1.96489,50.63474],[1.96808,50.63052],[1.9645,50.61785],[1.96408,50.60998],[1.96559,50.60752],[1.95222,50.59951],[1.94938,50.59625],[1.95481,50.59006],[1.94789,50.58505],[1.93121,50.57739],[1.92696,50.58139],[1.92216,50.59256],[1.9184,50.59124],[1.91875,50.59205],[1.91547,50.59125],[1.91013,50.59289],[1.90196,50.59823],[1.90184,50.59974],[1.90681,50.61915],[1.90358,50.62203],[1.90374,50.62456],[1.91802,50.63306],[1.93007,50.64335],[1.93001,50.64523],[1.94007,50.64395]]]]}},{"type":"Feature","properties":{"code":"62169","nom":"Bouvelinghem","departement":"62","region":"32"},"geometry":{"type":"MultiPolygon","coordinates":[[[[2.03253,50.7509],[2.03775,50.75001],[2.04321,50.74674],[2.04767,50.74528],[2.0553,50.74399],[2.05397,50.74062],[2.044,50.73341],[2.03778,50.73159],[2.03495,50.72497],[2.03559,50.72368],[2.02462,50.71653],[2.01383,50.72534],[2.01274,50.72737],[2.01841,50.73394],[2.02155,50.74613],[2.03253,50.7509]]]]}},{"type":"Feature","properties":{"code":"62170","nom":"Bouvigny-Boyeffles","departement":"62","region":"32"},"geometry":{"type":"MultiPolygon","coordinates":[[[[2.64647,50.42346],[2.65805,50.43558],[2.66204,50.43823],[2.66403,50.43767],[2.67522,50.44112],[2.67725,50.44079],[2.6862,50.43734],[2.69161,50.4343],[2.6855,50.42689],[2.68731,50.42304],[2.69096,50.41866],[2.70279,50.4117],[2.70381,50.40975],[2.70241,50.40647],[2.7016,50.40524],[2.68573,50.40646],[2.67251,50.41447],[2.66685,50.41346],[2.66506,50.41175],[2.65382,50.41503],[2.65426,50.41552],[2.64791,50.42305],[2.64647,50.42346]]]]}},{"type":"Feature","properties":{"code":"62171","nom":"Boyaval","departement":"62","region":"32"},"geometry":{"type":"MultiPolygon","coordinates":[[[[2.30213,50.4829],[2.30688,50.4844],[2.32911,50.47733],[2.33209,50.47817],[2.33418,50.47174],[2.33018,50.47055],[2.32433,50.46727],[2.31614,50.45987],[2.30045,50.46648],[2.29138,50.4727],[2.29076,50.47218],[2.2885,50.47439],[2.30213,50.4829]]]]}},{"type":"Feature","properties":{"code":"62172","nom":"Boyelles","departement":"62","region":"32"},"geometry":{"type":"MultiPolygon","coordinates":[[[[2.84001,50.19569],[2.83154,50.19017],[2.82865,50.18276],[2.82464,50.18116],[2.82241,50.18313],[2.82325,50.18336],[2.82095,50.18789],[2.81233,50.19757],[2.80318,50.19995],[2.80124,50.19929],[2.80143,50.20237],[2.80727,50.20721],[2.80826,50.20683],[2.81758,50.20923],[2.82188,50.20823],[2.84001,50.19569]]]]}},{"type":"Feature","properties":{"code":"62173","nom":"Brebières","departement":"62","region":"32"},"geometry":{"type":"MultiPolygon","coordinates":[[[[3.01362,50.35956],[3.01756,50.35678],[3.03043,50.35042],[3.03848,50.34409],[3.04024,50.3427],[3.03906,50.33787],[3.03582,50.33367],[3.03526,50.33094],[3.03821,50.32792],[3.0495,50.32639],[3.05192,50.32545],[3.05239,50.32508],[3.04413,50.31892],[3.04314,50.3196],[3.04236,50.32128],[3.02281,50.32163],[3.01446,50.31901],[3.00705,50.32618],[2.99834,50.34312],[2.99197,50.34954],[2.9943,50.35193],[2.9964,50.35099],[3.00648,50.36125],[3.00815,50.35822],[3.01362,50.35956]]]]}},{"type":"Feature","properties":{"code":"62174","nom":"Brêmes","departement":"62","region":"32"},"geometry":{"type":"MultiPolygon","coordinates":[[[[1.96803,50.84769],[1.96644,50.84731],[1.95948,50.83932],[1.9591,50.83156],[1.95958,50.83025],[1.96194,50.82894],[1.95071,50.82296],[1.9428,50.8208],[1.94029,50.82112],[1.93773,50.82248],[1.94542,50.83252],[1.94423,50.84213],[1.94135,50.8426],[1.94449,50.8518],[1.95154,50.86541],[1.95628,50.87215],[1.96287,50.87428],[1.96422,50.86908],[1.97421,50.85803],[1.97268,50.85367],[1.96803,50.84769]]]]}},{"type":"Feature","properties":{"code":"62175","nom":"Brévillers","departement":"62","region":"32"},"geometry":{"type":"MultiPolygon","coordinates":[[[[2.029,50.35818],[2.03084,50.35198],[2.03382,50.34767],[2.03694,50.34604],[2.03766,50.34564],[2.02196,50.33637],[2.01777,50.33901],[2.01579,50.33772],[2.01129,50.33962],[2.01146,50.34085],[2.00943,50.34285],[2.00843,50.35119],[2.01018,50.35241],[2.01606,50.35522],[2.029,50.35818]]]]}},{"type":"Feature","properties":{"code":"62176","nom":"Bréxent-Énocq","departement":"62","region":"32"},"geometry":{"type":"MultiPolygon","coordinates":[[[[1.74546,50.50272],[1.74224,50.50353],[1.72416,50.50442],[1.71825,50.50398],[1.71268,50.50035],[1.70948,50.49657],[1.70183,50.49617],[1.69956,50.49352],[1.69518,50.49186],[1.68727,50.49369],[1.68709,50.49538],[1.69144,50.49621],[1.69235,50.49712],[1.69199,50.49894],[1.68946,50.50084],[1.71491,50.51798],[1.71734,50.52119],[1.72391,50.52134],[1.73774,50.51655],[1.74176,50.51646],[1.74998,50.51781],[1.75929,50.51681],[1.76007,50.51544],[1.75745,50.5138],[1.75397,50.509],[1.74994,50.50935],[1.74546,50.50272]]]]}},{"type":"Feature","properties":{"code":"62177","nom":"Brimeux","departement":"62","region":"32"},"geometry":{"type":"MultiPolygon","coordinates":[[[[1.84236,50.42023],[1.84152,50.42174],[1.83239,50.42351],[1.82757,50.42089],[1.82097,50.41446],[1.81108,50.4162],[1.81888,50.42231],[1.81286,50.42685],[1.81173,50.4268],[1.81021,50.42786],[1.81584,50.43918],[1.82049,50.45306],[1.82594,50.45618],[1.83225,50.45425],[1.83264,50.45329],[1.84113,50.45],[1.85499,50.44733],[1.85981,50.44527],[1.86375,50.44147],[1.86146,50.43501],[1.86194,50.42871],[1.85788,50.42604],[1.84236,50.42023]]]]}},{"type":"Feature","properties":{"code":"62178","nom":"Bruay-la-Buissière","departement":"62","region":"32"},"geometry":{"type":"MultiPolygon","coordinates":[[[[2.53057,50.47275],[2.52861,50.47413],[2.52921,50.47483],[2.52748,50.47655],[2.5236,50.48137],[2.51893,50.48281],[2.51068,50.48847],[2.51353,50.49039],[2.52664,50.49696],[2.52939,50.4986],[2.53064,50.49805],[2.53507,50.50148],[2.53896,50.50253],[2.5393,50.50259],[2.54415,50.50373],[2.54345,50.51316],[2.54457,50.51342],[2.55309,50.51026],[2.56954,50.50952],[2.57525,50.51025],[2.57672,50.50963],[2.57436,50.5057],[2.57714,50.50174],[2.57905,50.50097],[2.58434,50.50143],[2.58988,50.49225],[2.59025,50.48972],[2.58841,50.48836],[2.58019,50.48333],[2.57406,50.48152],[2.56602,50.47812],[2.56512,50.47751],[2.56436,50.47678],[2.56285,50.47421],[2.55565,50.46726],[2.5561,50.46905],[2.55437,50.46956],[2.5517,50.46817],[2.55221,50.46775],[2.545,50.46476],[2.54195,50.46685],[2.53796,50.47],[2.53254,50.47142],[2.53057,50.47275]]]]}},{"type":"Feature","properties":{"code":"62179","nom":"Brunembert","departement":"62","region":"32"},"geometry":{"type":"MultiPolygon","coordinates":[[[[1.86462,50.71316],[1.86892,50.71895],[1.87257,50.71733],[1.87867,50.71899],[1.90026,50.73073],[1.90438,50.72944],[1.91063,50.72369],[1.90913,50.72248],[1.90873,50.72039],[1.91014,50.7165],[1.90894,50.71637],[1.90195,50.70845],[1.89991,50.70724],[1.87999,50.70333],[1.86426,50.70245],[1.86351,50.70228],[1.86284,50.70583],[1.86462,50.71316]]]]}},{"type":"Feature","properties":{"code":"62180","nom":"Brias","departement":"62","region":"32"},"geometry":{"type":"MultiPolygon","coordinates":[[[[2.35614,50.40998],[2.35575,50.41537],[2.35702,50.41754],[2.36357,50.42092],[2.36865,50.41833],[2.38806,50.4237],[2.39728,50.41939],[2.40831,50.42087],[2.41389,50.41846],[2.41559,50.4162],[2.40747,50.4114],[2.40995,50.40948],[2.40875,50.40808],[2.40907,50.40337],[2.40643,50.40222],[2.40341,50.40415],[2.38547,50.40297],[2.37884,50.39728],[2.3796,50.39582],[2.37609,50.39432],[2.3748,50.39508],[2.37648,50.39659],[2.37451,50.39923],[2.36457,50.40574],[2.35614,50.40998]]]]}},{"type":"Feature","properties":{"code":"62200","nom":"Cambrin","departement":"62","region":"32"},"geometry":{"type":"MultiPolygon","coordinates":[[[[2.7306,50.50431],[2.73124,50.51195],[2.72817,50.5185],[2.7287,50.51907],[2.7347,50.51952],[2.7422,50.51895],[2.7478,50.51454],[2.74596,50.50992],[2.7418,50.50745],[2.74042,50.50532],[2.74094,50.50335],[2.74202,50.50117],[2.73655,50.50091],[2.73724,50.50312],[2.7306,50.50431]]]]}},{"type":"Feature","properties":{"code":"62181","nom":"Bucquoy","departement":"62","region":"32"},"geometry":{"type":"MultiPolygon","coordinates":[[[[2.67727,50.12511],[2.66713,50.13126],[2.66123,50.1466],[2.66308,50.15032],[2.6537,50.15245],[2.66325,50.15983],[2.66579,50.15947],[2.67388,50.16427],[2.6792,50.17196],[2.6803,50.17233],[2.69673,50.17613],[2.70557,50.17445],[2.70086,50.16903],[2.69648,50.16195],[2.6969,50.16046],[2.69884,50.15927],[2.70796,50.15688],[2.71409,50.15799],[2.7277,50.16244],[2.7282,50.1591],[2.72856,50.15672],[2.72249,50.15423],[2.72564,50.15029],[2.73185,50.14534],[2.74252,50.13904],[2.7468,50.13865],[2.73021,50.1258],[2.70885,50.12861],[2.7069,50.12627],[2.70544,50.12489],[2.69711,50.12541],[2.68772,50.12491],[2.68222,50.12302],[2.67727,50.12511]]]]}},{"type":"Feature","properties":{"code":"62182","nom":"Buire-au-Bois","departement":"62","region":"32"},"geometry":{"type":"MultiPolygon","coordinates":[[[[2.12367,50.27277],[2.12342,50.27404],[2.12623,50.27462],[2.13378,50.27839],[2.13996,50.28291],[2.13931,50.28364],[2.15246,50.28499],[2.15431,50.27458],[2.15766,50.26987],[2.16883,50.26654],[2.17618,50.26564],[2.18487,50.26239],[2.19103,50.25981],[2.18144,50.25542],[2.17278,50.25147],[2.17092,50.24773],[2.1674,50.24499],[2.16603,50.24612],[2.15702,50.24535],[2.12842,50.25391],[2.12584,50.25817],[2.12367,50.27277]]]]}},{"type":"Feature","properties":{"code":"62183","nom":"Buire-le-Sec","departement":"62","region":"32"},"geometry":{"type":"MultiPolygon","coordinates":[[[[1.86165,50.38203],[1.85564,50.3792],[1.85659,50.37854],[1.85755,50.37904],[1.85922,50.37667],[1.85451,50.37452],[1.81626,50.38106],[1.80911,50.38303],[1.79892,50.38978],[1.79292,50.39094],[1.78628,50.39067],[1.7817,50.38602],[1.78084,50.38703],[1.79742,50.40736],[1.81391,50.40953],[1.81616,50.41227],[1.82891,50.41024],[1.83944,50.40605],[1.84323,50.40259],[1.85456,50.38834],[1.86165,50.38203]]]]}},{"type":"Feature","properties":{"code":"62184","nom":"Buissy","departement":"62","region":"32"},"geometry":{"type":"MultiPolygon","coordinates":[[[[3.00642,50.19405],[3.01074,50.19691],[3.01426,50.20265],[3.02216,50.21061],[3.02396,50.21424],[3.03114,50.22095],[3.03331,50.21994],[3.03887,50.21418],[3.05003,50.20739],[3.05185,50.20091],[3.05162,50.19303],[3.03423,50.19178],[3.02296,50.18817],[3.01451,50.18418],[3.01346,50.18605],[3.00642,50.19405]]]]}},{"type":"Feature","properties":{"code":"62185","nom":"Bullecourt","departement":"62","region":"32"},"geometry":{"type":"MultiPolygon","coordinates":[[[[2.94545,50.17912],[2.94266,50.17808],[2.93561,50.18061],[2.9323,50.17885],[2.93243,50.18057],[2.91768,50.18621],[2.90801,50.19183],[2.90638,50.19251],[2.90566,50.19212],[2.90427,50.19347],[2.90704,50.20012],[2.909,50.20216],[2.91096,50.20054],[2.92509,50.20672],[2.94964,50.19688],[2.94696,50.18135],[2.94545,50.17912]]]]}},{"type":"Feature","properties":{"code":"62186","nom":"Bully-les-Mines","departement":"62","region":"32"},"geometry":{"type":"MultiPolygon","coordinates":[[[[2.73841,50.44488],[2.73959,50.44576],[2.74377,50.44182],[2.74527,50.43833],[2.7454,50.43666],[2.74272,50.43651],[2.74246,50.43668],[2.73678,50.43485],[2.73526,50.4325],[2.73741,50.43179],[2.7349,50.43021],[2.73085,50.43018],[2.70428,50.43541],[2.70074,50.43819],[2.69671,50.44384],[2.69992,50.45034],[2.69813,50.45834],[2.69934,50.45916],[2.70369,50.46211],[2.70712,50.46036],[2.70853,50.4613],[2.71293,50.46342],[2.72419,50.45812],[2.72611,50.45602],[2.72742,50.45575],[2.73735,50.44542],[2.73841,50.44488]]]]}},{"type":"Feature","properties":{"code":"62187","nom":"Buneville","departement":"62","region":"32"},"geometry":{"type":"MultiPolygon","coordinates":[[[[2.34247,50.33423],[2.35028,50.33442],[2.35046,50.33196],[2.36119,50.33131],[2.36958,50.32936],[2.37112,50.3277],[2.34897,50.31709],[2.34585,50.31405],[2.34531,50.31352],[2.33757,50.31407],[2.33006,50.32123],[2.32957,50.32395],[2.34247,50.33423]]]]}},{"type":"Feature","properties":{"code":"62188","nom":"Burbure","departement":"62","region":"32"},"geometry":{"type":"MultiPolygon","coordinates":[[[[2.46085,50.54631],[2.4631,50.54735],[2.47497,50.54251],[2.4762,50.54092],[2.48424,50.53656],[2.47954,50.53389],[2.47378,50.52787],[2.47302,50.51899],[2.46566,50.52032],[2.45588,50.52031],[2.44918,50.52683],[2.44811,50.52716],[2.4471,50.52572],[2.44391,50.52677],[2.44107,50.53266],[2.44135,50.53396],[2.46085,50.54631]]]]}},{"type":"Feature","properties":{"code":"62189","nom":"Bus","departement":"62","region":"32"},"geometry":{"type":"MultiPolygon","coordinates":[[[[2.97797,50.07424],[2.981,50.07043],[2.98499,50.06779],[2.98241,50.06697],[2.97706,50.0674],[2.96655,50.06395],[2.96454,50.05997],[2.9653,50.05826],[2.96217,50.05017],[2.94892,50.05335],[2.95027,50.05591],[2.94994,50.05928],[2.95125,50.06276],[2.95505,50.06829],[2.96449,50.0737],[2.96845,50.07457],[2.97797,50.07424]]]]}},{"type":"Feature","properties":{"code":"62190","nom":"Busnes","departement":"62","region":"32"},"geometry":{"type":"MultiPolygon","coordinates":[[[[2.52368,50.57],[2.52367,50.57073],[2.51692,50.57246],[2.51079,50.57299],[2.50499,50.57952],[2.50341,50.5842],[2.48343,50.59034],[2.4812,50.59023],[2.47967,50.59234],[2.48959,50.5933],[2.49313,50.59494],[2.498,50.60296],[2.50797,50.61163],[2.52369,50.60625],[2.52536,50.60397],[2.52956,50.59423],[2.52799,50.58954],[2.52872,50.58457],[2.5442,50.57148],[2.5306,50.56775],[2.52924,50.57027],[2.52368,50.57]]]]}},{"type":"Feature","properties":{"code":"62191","nom":"Caffiers","departement":"62","region":"32"},"geometry":{"type":"MultiPolygon","coordinates":[[[[1.81078,50.85636],[1.82634,50.84886],[1.83726,50.84224],[1.8339,50.83984],[1.81871,50.83762],[1.81141,50.83536],[1.8055,50.83243],[1.79611,50.83552],[1.79145,50.83613],[1.78776,50.83425],[1.78606,50.83501],[1.78792,50.83803],[1.79742,50.84361],[1.8039,50.85016],[1.8002,50.85504],[1.79998,50.85691],[1.80205,50.85786],[1.80583,50.85807],[1.81078,50.85636]]]]}},{"type":"Feature","properties":{"code":"62192","nom":"Cagnicourt","departement":"62","region":"32"},"geometry":{"type":"MultiPolygon","coordinates":[[[[2.97189,50.20977],[2.97449,50.21135],[2.97525,50.21601],[2.97108,50.22204],[2.98438,50.2276],[2.9855,50.22702],[3.00043,50.21994],[3.00504,50.21853],[3.01132,50.218],[3.02396,50.21424],[3.02216,50.21061],[3.01426,50.20265],[3.01074,50.19691],[3.00642,50.19405],[3.00525,50.19509],[2.99337,50.1902],[2.979,50.18988],[2.97629,50.19235],[2.97808,50.20459],[2.97189,50.20977]]]]}},{"type":"Feature","properties":{"code":"62193","nom":"Calais","departement":"62","region":"32"},"geometry":{"type":"MultiPolygon","coordinates":[[[[1.86945,50.9279],[1.86571,50.92808],[1.85849,50.93024],[1.85618,50.93257],[1.84378,50.93117],[1.84147,50.93109],[1.83925,50.93146],[1.81862,50.93545],[1.81069,50.94047],[1.80587,50.94545],[1.80933,50.94601],[1.82792,50.95668],[1.82895,50.9626],[1.84015,50.96603],[1.84238,50.96758],[1.8417,50.96858],[1.84001,50.97078],[1.8406,50.97299],[1.84084,50.97326],[1.84528,50.97789],[1.85378,50.9813],[1.86406,50.9827],[1.87491,50.98188],[1.88786,50.97574],[1.8954,50.97503],[1.913,50.9806],[1.91732,50.97408],[1.91813,50.96662],[1.92022,50.96138],[1.91965,50.95838],[1.91867,50.95617],[1.9219,50.94718],[1.92192,50.94708],[1.92637,50.93868],[1.92779,50.9282],[1.90793,50.9219],[1.90774,50.92291],[1.90061,50.92862],[1.87268,50.9343],[1.86998,50.93379],[1.86945,50.9279]]]]}},{"type":"Feature","properties":{"code":"62194","nom":"Calonne-Ricouart","departement":"62","region":"32"},"geometry":{"type":"MultiPolygon","coordinates":[[[[2.45873,50.49428],[2.46748,50.49831],[2.4678,50.49811],[2.47589,50.4944],[2.48606,50.49789],[2.49037,50.49627],[2.49315,50.49407],[2.49536,50.49491],[2.50008,50.49531],[2.51353,50.49039],[2.51068,50.48847],[2.50668,50.48509],[2.50516,50.48601],[2.50196,50.48418],[2.4962,50.48205],[2.47938,50.47937],[2.45873,50.49428]]]]}},{"type":"Feature","properties":{"code":"62195","nom":"Calonne-sur-la-Lys","departement":"62","region":"32"},"geometry":{"type":"MultiPolygon","coordinates":[[[[2.63702,50.59785],[2.63327,50.59606],[2.62206,50.59616],[2.6154,50.597],[2.6068,50.60041],[2.59989,50.6053],[2.58321,50.60294],[2.57477,50.6119],[2.59516,50.62254],[2.59343,50.62926],[2.5915,50.63129],[2.59266,50.63191],[2.60111,50.63093],[2.60399,50.63166],[2.61222,50.62895],[2.61954,50.62551],[2.63065,50.61765],[2.63537,50.61078],[2.63702,50.59785]]]]}},{"type":"Feature","properties":{"code":"62196","nom":"La Calotterie","departement":"62","region":"32"},"geometry":{"type":"MultiPolygon","coordinates":[[[[1.74739,50.47959],[1.74884,50.47821],[1.74613,50.47737],[1.74739,50.47959]]],[[[1.69956,50.49352],[1.70183,50.49617],[1.70948,50.49657],[1.71051,50.49459],[1.72231,50.49036],[1.73319,50.48952],[1.7385,50.48166],[1.74487,50.47649],[1.73733,50.46531],[1.73546,50.46585],[1.71444,50.46542],[1.70164,50.46766],[1.6979,50.46725],[1.69445,50.46926],[1.69518,50.49186],[1.69956,50.49352]]]]}},{"type":"Feature","properties":{"code":"62197","nom":"Camblain-Châtelain","departement":"62","region":"32"},"geometry":{"type":"MultiPolygon","coordinates":[[[[2.43978,50.45974],[2.43866,50.46042],[2.4399,50.46129],[2.43481,50.4648],[2.42782,50.47681],[2.42407,50.48082],[2.42779,50.48296],[2.42991,50.48318],[2.44052,50.49086],[2.44857,50.49392],[2.45539,50.49672],[2.45873,50.49428],[2.47938,50.47937],[2.47649,50.47583],[2.47497,50.47121],[2.4541,50.46229],[2.44857,50.45816],[2.43978,50.45974]]]]}},{"type":"Feature","properties":{"code":"62198","nom":"Cambligneul","departement":"62","region":"32"},"geometry":{"type":"MultiPolygon","coordinates":[[[[2.60644,50.36681],[2.59789,50.37447],[2.5988,50.38473],[2.59514,50.38808],[2.59373,50.38851],[2.59667,50.39153],[2.60185,50.38944],[2.60833,50.38994],[2.6174,50.39236],[2.62265,50.38908],[2.62794,50.38578],[2.6228,50.37584],[2.62386,50.37108],[2.61672,50.3665],[2.61097,50.36518],[2.60644,50.36681]]]]}},{"type":"Feature","properties":{"code":"62199","nom":"Camblain-l'Abbé","departement":"62","region":"32"},"geometry":{"type":"MultiPolygon","coordinates":[[[[2.62826,50.36085],[2.62606,50.36126],[2.62585,50.36042],[2.62327,50.36122],[2.62452,50.36318],[2.61672,50.3665],[2.62386,50.37108],[2.6228,50.37584],[2.62794,50.38578],[2.62265,50.38908],[2.62407,50.39151],[2.63376,50.38961],[2.63949,50.38699],[2.64378,50.38636],[2.64686,50.38375],[2.64753,50.38046],[2.64632,50.37457],[2.65716,50.36802],[2.64857,50.36158],[2.64029,50.36322],[2.63317,50.36317],[2.63137,50.36297],[2.63086,50.36036],[2.62826,50.36085]]]]}},{"type":"Feature","properties":{"code":"62201","nom":"Camiers","departement":"62","region":"32"},"geometry":{"type":"MultiPolygon","coordinates":[[[[1.57798,50.5813],[1.57883,50.58069],[1.60841,50.582],[1.60813,50.58105],[1.61241,50.58079],[1.63011,50.58188],[1.6423,50.5708],[1.64774,50.57265],[1.6494,50.57183],[1.64454,50.56623],[1.64101,50.55897],[1.64075,50.55197],[1.63734,50.54458],[1.63653,50.54373],[1.62521,50.5483],[1.62017,50.54594],[1.61613,50.54402],[1.6158,50.53971],[1.60846,50.53987],[1.6051,50.54082],[1.60068,50.54908],[1.59553,50.55333],[1.58922,50.55608],[1.57917,50.56629],[1.57635,50.57426],[1.57798,50.5813]]]]}},{"type":"Feature","properties":{"code":"62202","nom":"Campagne-lès-Boulonnais","departement":"62","region":"32"},"geometry":{"type":"MultiPolygon","coordinates":[[[[2.0032,50.63731],[2.00403,50.63292],[2.00575,50.63154],[2.015,50.62968],[2.02171,50.62666],[2.03085,50.62008],[2.02763,50.61309],[2.01732,50.60436],[2.00678,50.60232],[2.00543,50.60142],[2.00342,50.60252],[1.99953,50.60298],[1.99432,50.6016],[1.99236,50.60085],[1.98094,50.60294],[1.97638,50.61048],[1.96559,50.60752],[1.96408,50.60998],[1.9645,50.61785],[1.96808,50.63052],[1.98003,50.63584],[1.98456,50.6348],[1.99054,50.63539],[1.99596,50.63945],[1.99709,50.63759],[2.0032,50.63731]]]]}},{"type":"Feature","properties":{"code":"62203","nom":"Campagne-lès-Guines","departement":"62","region":"32"},"geometry":{"type":"MultiPolygon","coordinates":[[[[1.91458,50.83368],[1.91423,50.83434],[1.89103,50.82864],[1.88527,50.81996],[1.88194,50.81775],[1.88063,50.81816],[1.88553,50.82267],[1.88908,50.82908],[1.88914,50.83053],[1.88517,50.83529],[1.88327,50.84123],[1.88519,50.84905],[1.88694,50.85156],[1.89297,50.85648],[1.91518,50.84787],[1.91214,50.84561],[1.914,50.84459],[1.91666,50.84486],[1.91884,50.84614],[1.92207,50.84447],[1.9169,50.83495],[1.91458,50.83368]]]]}},{"type":"Feature","properties":{"code":"62204","nom":"Campagne-lès-Hesdin","departement":"62","region":"32"},"geometry":{"type":"MultiPolygon","coordinates":[[[[1.86165,50.38203],[1.85456,50.38834],[1.84323,50.40259],[1.83944,50.40605],[1.82891,50.41024],[1.81616,50.41227],[1.80881,50.41404],[1.81108,50.4162],[1.82097,50.41446],[1.82757,50.42089],[1.83239,50.42351],[1.84152,50.42174],[1.84236,50.42023],[1.84668,50.41261],[1.85319,50.41575],[1.85807,50.41176],[1.86576,50.4105],[1.87223,50.41151],[1.88332,50.41802],[1.88569,50.41714],[1.89572,50.40805],[1.90291,50.39994],[1.90827,50.39725],[1.91136,50.3945],[1.90603,50.39095],[1.90447,50.39183],[1.8897,50.38598],[1.87989,50.37813],[1.8773,50.3778],[1.86301,50.37964],[1.86165,50.38203]]]]}},{"type":"Feature","properties":{"code":"62205","nom":"Campagne-lès-Wardrecques","departement":"62","region":"32"},"geometry":{"type":"MultiPolygon","coordinates":[[[[2.32986,50.69446],[2.32649,50.69675],[2.3223,50.69714],[2.31292,50.70187],[2.3167,50.70609],[2.32441,50.71229],[2.3275,50.72489],[2.33962,50.73072],[2.35481,50.71666],[2.35192,50.71694],[2.34157,50.71394],[2.33038,50.7096],[2.33212,50.70763],[2.3335,50.70318],[2.3332,50.699],[2.32986,50.69446]]]]}},{"type":"Feature","properties":{"code":"62206","nom":"Campigneulles-les-Grandes","departement":"62","region":"32"},"geometry":{"type":"MultiPolygon","coordinates":[[[[1.69235,50.43849],[1.69571,50.4407],[1.70571,50.4433],[1.7034,50.44456],[1.70144,50.44644],[1.7037,50.44688],[1.71074,50.44511],[1.7147,50.44544],[1.71469,50.44379],[1.71731,50.44285],[1.72023,50.4394],[1.72592,50.42768],[1.70526,50.41866],[1.69835,50.41831],[1.69234,50.42005],[1.69027,50.4218],[1.69058,50.42691],[1.69383,50.43418],[1.69414,50.43819],[1.69235,50.43849]]]]}},{"type":"Feature","properties":{"code":"62207","nom":"Campigneulles-les-Petites","departement":"62","region":"32"},"geometry":{"type":"MultiPolygon","coordinates":[[[[1.72592,50.42768],[1.72023,50.4394],[1.71731,50.44285],[1.71469,50.44379],[1.7147,50.44544],[1.72149,50.44653],[1.73777,50.45157],[1.74139,50.45366],[1.75436,50.45696],[1.75596,50.45604],[1.75056,50.44966],[1.74679,50.42749],[1.73053,50.42706],[1.73028,50.42772],[1.72851,50.42796],[1.72592,50.42768]]]]}},{"type":"Feature","properties":{"code":"62208","nom":"Canettemont","departement":"62","region":"32"},"geometry":{"type":"MultiPolygon","coordinates":[[[[2.36005,50.28685],[2.36029,50.28541],[2.37177,50.28101],[2.37597,50.28072],[2.37389,50.27706],[2.36513,50.27216],[2.35885,50.27259],[2.35303,50.27823],[2.35175,50.28425],[2.36005,50.28685]]]]}},{"type":"Feature","properties":{"code":"62209","nom":"Canlers","departement":"62","region":"32"},"geometry":{"type":"MultiPolygon","coordinates":[[[[2.15576,50.47823],[2.14577,50.47724],[2.14501,50.47815],[2.13797,50.47775],[2.12665,50.49191],[2.14334,50.4948],[2.15032,50.49458],[2.16457,50.4884],[2.16508,50.48405],[2.15576,50.47823]]]]}},{"type":"Feature","properties":{"code":"62211","nom":"Capelle-Fermont","departement":"62","region":"32"},"geometry":{"type":"MultiPolygon","coordinates":[[[[2.6082,50.33492],[2.60987,50.34968],[2.61039,50.35366],[2.61591,50.35704],[2.62327,50.36122],[2.62585,50.36042],[2.62606,50.36126],[2.62826,50.36085],[2.62866,50.34367],[2.62505,50.33932],[2.62321,50.33601],[2.61862,50.33703],[2.61623,50.33632],[2.6158,50.33098],[2.61346,50.33022],[2.61193,50.33104],[2.60963,50.33041],[2.60908,50.33382],[2.6106,50.33381],[2.60977,50.335],[2.6082,50.33492]]]]}},{"type":"Feature","properties":{"code":"62212","nom":"Capelle-lès-Hesdin","departement":"62","region":"32"},"geometry":{"type":"MultiPolygon","coordinates":[[[[1.98123,50.36126],[1.98409,50.36114],[1.98724,50.35838],[1.99488,50.35549],[1.9965,50.35696],[2.00129,50.35452],[2.01018,50.35241],[2.00843,50.35119],[2.00943,50.34285],[2.01146,50.34085],[2.01129,50.33962],[2.00255,50.33526],[1.98269,50.33013],[1.97902,50.32768],[1.97907,50.3292],[1.98417,50.33382],[1.98551,50.34485],[1.98263,50.34806],[1.97282,50.35145],[1.96907,50.35479],[1.97063,50.36158],[1.97233,50.3629],[1.98123,50.36126]]]]}},{"type":"Feature","properties":{"code":"62213","nom":"Carency","departement":"62","region":"32"},"geometry":{"type":"MultiPolygon","coordinates":[[[[2.68875,50.36736],[2.68417,50.37077],[2.68004,50.38059],[2.6652,50.38845],[2.65536,50.38761],[2.65171,50.3911],[2.65332,50.39224],[2.65222,50.39296],[2.6556,50.39671],[2.66378,50.39626],[2.66649,50.3942],[2.67391,50.38932],[2.70169,50.38411],[2.71468,50.38386],[2.71987,50.38464],[2.72559,50.38689],[2.72951,50.38724],[2.72767,50.38578],[2.72697,50.38313],[2.72823,50.38059],[2.7314,50.37663],[2.73887,50.3723],[2.74018,50.37183],[2.72982,50.36964],[2.72376,50.3664],[2.72288,50.36719],[2.71595,50.36738],[2.71053,50.36676],[2.69187,50.36903],[2.68875,50.36736]]]]}},{"type":"Feature","properties":{"code":"62214","nom":"Carly","departement":"62","region":"32"},"geometry":{"type":"MultiPolygon","coordinates":[[[[1.72715,50.66624],[1.73128,50.65109],[1.72648,50.64858],[1.72333,50.64908],[1.71459,50.64668],[1.71124,50.64004],[1.68943,50.63953],[1.69482,50.64316],[1.69227,50.6539],[1.70111,50.66023],[1.71106,50.66506],[1.71232,50.66918],[1.71076,50.67061],[1.71575,50.6746],[1.72715,50.66624]]]]}},{"type":"Feature","properties":{"code":"62215","nom":"Carvin","departement":"62","region":"32"},"geometry":{"type":"MultiPolygon","coordinates":[[[[2.9753,50.47481],[2.97853,50.4732],[2.98137,50.47224],[2.97884,50.47096],[2.97226,50.46945],[2.96461,50.46956],[2.93617,50.47024],[2.93633,50.46855],[2.92143,50.46791],[2.91173,50.46866],[2.90982,50.46881],[2.9105,50.47204],[2.91666,50.47961],[2.91531,50.48774],[2.91112,50.48924],[2.91299,50.49014],[2.91366,50.49382],[2.90916,50.49909],[2.91026,50.49973],[2.92705,50.50791],[2.9275,50.50741],[2.93805,50.50867],[2.94412,50.51083],[2.95005,50.51236],[2.95088,50.51193],[2.95789,50.50923],[2.95903,50.51054],[2.96068,50.51025],[2.96398,50.50999],[2.96455,50.51266],[2.97086,50.50998],[2.98222,50.50226],[2.99403,50.49662],[2.98777,50.49322],[2.98882,50.4915],[2.98733,50.4912],[2.98343,50.49015],[2.97516,50.48286],[2.9753,50.47481]]]]}},{"type":"Feature","properties":{"code":"62216","nom":"La Cauchie","departement":"62","region":"32"},"geometry":{"type":"MultiPolygon","coordinates":[[[[2.57783,50.19788],[2.57499,50.20124],[2.56816,50.20198],[2.56676,50.2049],[2.56989,50.20742],[2.58187,50.21228],[2.5922,50.21289],[2.59757,50.20841],[2.59012,50.2006],[2.58927,50.19854],[2.5799,50.19716],[2.57783,50.19788]]]]}},{"type":"Feature","properties":{"code":"62217","nom":"Cauchy-à-la-Tour","departement":"62","region":"32"},"geometry":{"type":"MultiPolygon","coordinates":[[[[2.45846,50.50912],[2.45587,50.50735],[2.46748,50.49831],[2.45873,50.49428],[2.45539,50.49672],[2.44857,50.49392],[2.44398,50.49805],[2.43798,50.50916],[2.43348,50.51231],[2.4442,50.51747],[2.45846,50.50912]]]]}},{"type":"Feature","properties":{"code":"62218","nom":"Caucourt","departement":"62","region":"32"},"geometry":{"type":"MultiPolygon","coordinates":[[[[2.59514,50.38808],[2.58377,50.38355],[2.57788,50.38326],[2.57854,50.38474],[2.57004,50.38952],[2.55532,50.38687],[2.55034,50.38881],[2.54443,50.39565],[2.56364,50.40248],[2.57207,50.40659],[2.57683,50.40776],[2.5815,50.40653],[2.59009,50.39691],[2.5919,50.3961],[2.598,50.39285],[2.59667,50.39153],[2.59373,50.38851],[2.59514,50.38808]]]]}},{"type":"Feature","properties":{"code":"62219","nom":"Caumont","departement":"62","region":"32"},"geometry":{"type":"MultiPolygon","coordinates":[[[[2.01529,50.31052],[2.01674,50.30955],[2.0153,50.30762],[2.0216,50.30173],[2.04386,50.30257],[2.05316,50.30777],[2.05556,50.30617],[2.05725,50.30262],[2.06208,50.28882],[2.06198,50.28688],[2.06099,50.28727],[2.04669,50.28231],[2.03975,50.27727],[2.03075,50.28058],[2.02404,50.27997],[2.01883,50.28175],[2.01131,50.28513],[2.00786,50.29413],[2.00407,50.29716],[2.002,50.29412],[1.99854,50.29534],[1.9999,50.30491],[2.00228,50.30751],[2.01529,50.31052]]]]}},{"type":"Feature","properties":{"code":"62240","nom":"Corbehem","departement":"62","region":"32"},"geometry":{"type":"MultiPolygon","coordinates":[[[[3.05192,50.32545],[3.0495,50.32639],[3.03821,50.32792],[3.03526,50.33094],[3.03582,50.33367],[3.03906,50.33787],[3.04024,50.3427],[3.03848,50.34409],[3.04676,50.34583],[3.04959,50.34431],[3.05338,50.33952],[3.06102,50.33253],[3.0621,50.33157],[3.06011,50.32891],[3.05192,50.32545]]]]}},{"type":"Feature","properties":{"code":"62220","nom":"Cavron-Saint-Martin","departement":"62","region":"32"},"geometry":{"type":"MultiPolygon","coordinates":[[[[1.98204,50.43954],[1.99585,50.44169],[2.00844,50.42832],[2.01417,50.42523],[2.02599,50.42616],[2.03439,50.42584],[2.05392,50.42455],[2.05535,50.42297],[2.04095,50.42104],[2.03587,50.41508],[2.0413,50.41258],[2.02855,50.41131],[2.02735,50.40879],[2.03049,50.40505],[2.02871,50.40484],[2.02654,50.40621],[1.99398,50.40658],[1.9847,50.40866],[1.98437,50.40983],[1.98282,50.41023],[1.98133,50.40958],[1.97733,50.4123],[1.97609,50.41475],[1.97837,50.42737],[1.97489,50.43225],[1.98298,50.43706],[1.98139,50.43725],[1.98204,50.43954]]]]}},{"type":"Feature","properties":{"code":"62221","nom":"Chelers","departement":"62","region":"32"},"geometry":{"type":"MultiPolygon","coordinates":[[[[2.50513,50.39394],[2.51111,50.39318],[2.5182,50.39025],[2.52411,50.38625],[2.52112,50.38548],[2.51184,50.38003],[2.47246,50.36689],[2.46591,50.37147],[2.4646,50.37705],[2.46592,50.3807],[2.46238,50.38553],[2.46765,50.38929],[2.47822,50.39247],[2.50486,50.39307],[2.50513,50.39394]]]]}},{"type":"Feature","properties":{"code":"62222","nom":"Chériennes","departement":"62","region":"32"},"geometry":{"type":"MultiPolygon","coordinates":[[[[2.05316,50.30777],[2.04386,50.30257],[2.0216,50.30173],[2.0153,50.30762],[2.01674,50.30955],[2.01529,50.31052],[2.02051,50.31368],[2.023,50.32051],[2.05119,50.32149],[2.05468,50.3224],[2.05613,50.32046],[2.04947,50.31463],[2.05051,50.3134],[2.04759,50.31025],[2.05035,50.30766],[2.0521,50.30837],[2.05316,50.30777]]]]}},{"type":"Feature","properties":{"code":"62223","nom":"Chérisy","departement":"62","region":"32"},"geometry":{"type":"MultiPolygon","coordinates":[[[[2.89093,50.22949],[2.88766,50.23142],[2.88877,50.23815],[2.90715,50.24356],[2.91463,50.24755],[2.91921,50.24782],[2.93884,50.22743],[2.92845,50.22231],[2.92749,50.22372],[2.905,50.22618],[2.8939,50.22799],[2.89093,50.22949]]]]}},{"type":"Feature","properties":{"code":"62224","nom":"Chocques","departement":"62","region":"32"},"geometry":{"type":"MultiPolygon","coordinates":[[[[2.5899,50.5388],[2.58793,50.53913],[2.58337,50.53742],[2.58563,50.53581],[2.59114,50.5342],[2.58848,50.53229],[2.58044,50.53467],[2.56869,50.53354],[2.5651,50.53098],[2.56161,50.52619],[2.55909,50.52563],[2.54157,50.53404],[2.54081,50.53687],[2.5321,50.54201],[2.53641,50.54609],[2.55934,50.55187],[2.5712,50.55314],[2.58193,50.54983],[2.58552,50.5503],[2.58716,50.54774],[2.58666,50.54538],[2.58925,50.5435],[2.58755,50.54285],[2.5899,50.5388]]]]}},{"type":"Feature","properties":{"code":"62225","nom":"Clairmarais","departement":"62","region":"32"},"geometry":{"type":"MultiPolygon","coordinates":[[[[2.2889,50.77699],[2.30459,50.78274],[2.31259,50.78725],[2.31437,50.78264],[2.33082,50.78126],[2.3421,50.78116],[2.36083,50.77556],[2.36758,50.77527],[2.36375,50.78005],[2.37143,50.78467],[2.37539,50.78433],[2.3828,50.78038],[2.38037,50.7787],[2.38633,50.77769],[2.39913,50.77504],[2.404,50.77169],[2.40579,50.77047],[2.4052,50.76992],[2.41001,50.76679],[2.41148,50.76667],[2.40748,50.76234],[2.38891,50.75727],[2.3759,50.75242],[2.36364,50.75151],[2.36133,50.76172],[2.35611,50.77184],[2.33827,50.76879],[2.32276,50.76278],[2.32778,50.75782],[2.3103,50.75123],[2.30134,50.75275],[2.29729,50.75581],[2.30084,50.76301],[2.30092,50.76538],[2.29298,50.76353],[2.28518,50.76887],[2.28472,50.77441],[2.2889,50.77699]]]]}},{"type":"Feature","properties":{"code":"62227","nom":"Clenleu","departement":"62","region":"32"},"geometry":{"type":"MultiPolygon","coordinates":[[[[1.90433,50.52076],[1.90125,50.51863],[1.89654,50.51346],[1.89157,50.51328],[1.87489,50.51363],[1.87366,50.51311],[1.8664,50.51775],[1.865,50.52006],[1.86487,50.52808],[1.86535,50.53021],[1.87315,50.53606],[1.88195,50.54656],[1.88087,50.551],[1.88487,50.55086],[1.89294,50.53966],[1.90065,50.52635],[1.90536,50.5225],[1.90433,50.52076]]]]}},{"type":"Feature","properties":{"code":"62228","nom":"Clerques","departement":"62","region":"32"},"geometry":{"type":"MultiPolygon","coordinates":[[[[2.00179,50.80927],[2.007,50.80189],[2.0146,50.80078],[2.0158,50.79916],[1.99888,50.78861],[1.99686,50.79011],[1.98823,50.79126],[1.98096,50.78991],[1.97771,50.78862],[1.97518,50.78424],[1.97514,50.78222],[1.96731,50.77688],[1.95606,50.77183],[1.95562,50.77332],[1.95691,50.77622],[1.96242,50.78305],[1.96391,50.78682],[1.96638,50.79859],[1.97383,50.79815],[1.97543,50.80076],[1.9831,50.80677],[1.98708,50.80564],[1.99682,50.80878],[2.00179,50.80927]]]]}},{"type":"Feature","properties":{"code":"62229","nom":"Cléty","departement":"62","region":"32"},"geometry":{"type":"MultiPolygon","coordinates":[[[[2.1657,50.63799],[2.16475,50.6389],[2.16066,50.63925],[2.15174,50.64438],[2.15267,50.64676],[2.1587,50.64676],[2.16084,50.64804],[2.16395,50.65071],[2.16375,50.65162],[2.16599,50.65482],[2.17573,50.66141],[2.18766,50.66325],[2.19227,50.66921],[2.20471,50.66502],[2.20646,50.65806],[2.20303,50.65664],[2.20263,50.6476],[2.2014,50.64754],[2.17941,50.64718],[2.1719,50.64102],[2.1657,50.63799]]]]}},{"type":"Feature","properties":{"code":"62230","nom":"Colembert","departement":"62","region":"32"},"geometry":{"type":"MultiPolygon","coordinates":[[[[1.78839,50.74933],[1.78612,50.75116],[1.78696,50.75486],[1.79648,50.75956],[1.79885,50.76209],[1.804,50.7603],[1.82288,50.76002],[1.84225,50.76076],[1.84945,50.76321],[1.85753,50.75935],[1.86087,50.75483],[1.85105,50.74636],[1.84476,50.73964],[1.84378,50.73736],[1.82655,50.73406],[1.81633,50.73436],[1.80482,50.74031],[1.80313,50.74481],[1.80319,50.74714],[1.80718,50.74719],[1.80536,50.75452],[1.80042,50.75486],[1.79221,50.75312],[1.78839,50.74933]]]]}},{"type":"Feature","properties":{"code":"62231","nom":"Colline-Beaumont","departement":"62","region":"32"},"geometry":{"type":"MultiPolygon","coordinates":[[[[1.65164,50.33985],[1.65694,50.34808],[1.67058,50.35159],[1.68454,50.35425],[1.68811,50.35405],[1.6916,50.3515],[1.6925,50.34283],[1.68953,50.34314],[1.68769,50.33839],[1.67867,50.33449],[1.66557,50.32975],[1.66236,50.33133],[1.65779,50.3357],[1.65164,50.33985]]]]}},{"type":"Feature","properties":{"code":"62232","nom":"La Comté","departement":"62","region":"32"},"geometry":{"type":"MultiPolygon","coordinates":[[[[2.48563,50.44083],[2.48307,50.44492],[2.48727,50.44588],[2.49265,50.44342],[2.4924,50.43994],[2.49829,50.43536],[2.51478,50.42834],[2.52034,50.42947],[2.52506,50.41993],[2.52336,50.41652],[2.52069,50.41439],[2.51182,50.4115],[2.50809,50.41128],[2.50316,50.41456],[2.48967,50.41877],[2.48732,50.41907],[2.48619,50.4185],[2.47421,50.43237],[2.47798,50.43402],[2.48563,50.44083]]]]}},{"type":"Feature","properties":{"code":"62233","nom":"Conchil-le-Temple","departement":"62","region":"32"},"geometry":{"type":"MultiPolygon","coordinates":[[[[1.65164,50.33985],[1.64481,50.35035],[1.64496,50.35094],[1.64052,50.35334],[1.63353,50.36426],[1.63617,50.3662],[1.6567,50.3722],[1.68416,50.38968],[1.68922,50.39521],[1.69462,50.39815],[1.69662,50.38653],[1.71141,50.38681],[1.71572,50.37821],[1.71518,50.37303],[1.71403,50.37199],[1.70377,50.36474],[1.69429,50.36428],[1.68946,50.36226],[1.68811,50.35405],[1.68454,50.35425],[1.67058,50.35159],[1.65694,50.34808],[1.65164,50.33985]]]]}},{"type":"Feature","properties":{"code":"62234","nom":"Conchy-sur-Canche","departement":"62","region":"32"},"geometry":{"type":"MultiPolygon","coordinates":[[[[2.2011,50.3202],[2.20052,50.31864],[2.20404,50.31578],[2.20734,50.31543],[2.20736,50.306],[2.20532,50.29876],[2.20879,50.29774],[2.20821,50.29544],[2.21407,50.28578],[2.21398,50.28444],[2.19966,50.27928],[2.19987,50.27838],[2.19928,50.27627],[2.19476,50.27345],[2.19116,50.27326],[2.18679,50.2699],[2.18367,50.27013],[2.18266,50.271],[2.18223,50.27306],[2.1794,50.27662],[2.16532,50.28887],[2.16566,50.2905],[2.16664,50.28998],[2.16922,50.29107],[2.18427,50.29929],[2.1861,50.31199],[2.19106,50.31714],[2.2011,50.3202]]]]}},{"type":"Feature","properties":{"code":"62235","nom":"Condette","departement":"62","region":"32"},"geometry":{"type":"MultiPolygon","coordinates":[[[[1.63863,50.67765],[1.64635,50.67452],[1.6585,50.66683],[1.65541,50.66113],[1.6571,50.65762],[1.67341,50.6487],[1.68681,50.63986],[1.6836,50.63818],[1.6806,50.63881],[1.67443,50.63771],[1.66517,50.63454],[1.65417,50.63722],[1.641,50.63176],[1.63976,50.63212],[1.63807,50.63281],[1.62674,50.63283],[1.61825,50.63418],[1.61058,50.64035],[1.60404,50.64327],[1.60496,50.64496],[1.61128,50.64803],[1.60445,50.66501],[1.60725,50.66583],[1.62086,50.66586],[1.63563,50.66741],[1.64213,50.67411],[1.63869,50.6759],[1.63863,50.67765]]]]}},{"type":"Feature","properties":{"code":"62236","nom":"Contes","departement":"62","region":"32"},"geometry":{"type":"MultiPolygon","coordinates":[[[[1.96745,50.40367],[1.96649,50.40421],[1.95616,50.40426],[1.94728,50.40604],[1.94003,50.40957],[1.93838,50.41565],[1.94048,50.41988],[1.94404,50.42242],[1.95224,50.42608],[1.95225,50.42778],[1.95174,50.43188],[1.96111,50.42926],[1.97137,50.4348],[1.97489,50.43225],[1.97837,50.42737],[1.97609,50.41475],[1.97733,50.4123],[1.98133,50.40958],[1.98282,50.41023],[1.98437,50.40983],[1.9847,50.40866],[1.98295,50.40799],[1.97761,50.40195],[1.96745,50.40367]]]]}},{"type":"Feature","properties":{"code":"62237","nom":"Conteville-lès-Boulogne","departement":"62","region":"32"},"geometry":{"type":"MultiPolygon","coordinates":[[[[1.72402,50.75177],[1.72427,50.7533],[1.73527,50.75146],[1.73855,50.75072],[1.74007,50.74778],[1.73886,50.73998],[1.74381,50.73852],[1.74264,50.73699],[1.72982,50.73474],[1.71467,50.73862],[1.71155,50.74097],[1.72377,50.74816],[1.72554,50.75083],[1.72554,50.75189],[1.72402,50.75177]]]]}},{"type":"Feature","properties":{"code":"62238","nom":"Conteville-en-Ternois","departement":"62","region":"32"},"geometry":{"type":"MultiPolygon","coordinates":[[[[2.34396,50.43123],[2.34082,50.43022],[2.32194,50.42723],[2.31093,50.42906],[2.31122,50.42967],[2.31869,50.43621],[2.3235,50.43801],[2.33307,50.44017],[2.33596,50.43818],[2.34329,50.43858],[2.34522,50.43404],[2.34257,50.43356],[2.34396,50.43123]]]]}},{"type":"Feature","properties":{"code":"62239","nom":"Coquelles","departement":"62","region":"32"},"geometry":{"type":"MultiPolygon","coordinates":[[[[1.85849,50.93024],[1.85667,50.92919],[1.85899,50.92497],[1.85997,50.91767],[1.85288,50.922],[1.84964,50.92416],[1.82783,50.92614],[1.7979,50.91708],[1.78474,50.91019],[1.78366,50.91085],[1.7905,50.91949],[1.78234,50.92792],[1.79634,50.94264],[1.80271,50.94526],[1.80587,50.94545],[1.81069,50.94047],[1.81862,50.93545],[1.83925,50.93146],[1.84147,50.93109],[1.84378,50.93117],[1.85618,50.93257],[1.85849,50.93024]]]]}},{"type":"Feature","properties":{"code":"62241","nom":"Cormont","departement":"62","region":"32"},"geometry":{"type":"MultiPolygon","coordinates":[[[[1.71949,50.56826],[1.74435,50.57746],[1.76945,50.57892],[1.77175,50.57744],[1.77413,50.5733],[1.76627,50.56097],[1.76448,50.56017],[1.75402,50.55886],[1.75617,50.55241],[1.75204,50.55111],[1.72736,50.54758],[1.71229,50.55091],[1.71461,50.55671],[1.72136,50.56441],[1.72247,50.56687],[1.71949,50.56826]]]]}},{"type":"Feature","properties":{"code":"62242","nom":"Couin","departement":"62","region":"32"},"geometry":{"type":"MultiPolygon","coordinates":[[[[2.54813,50.1241],[2.54292,50.1188],[2.53338,50.11395],[2.53229,50.11516],[2.52903,50.12038],[2.51848,50.13143],[2.51519,50.14096],[2.52479,50.14542],[2.52663,50.14412],[2.52998,50.14355],[2.53325,50.14438],[2.53869,50.14777],[2.54333,50.14471],[2.55158,50.14139],[2.54607,50.13554],[2.54645,50.12477],[2.54813,50.1241]]]]}},{"type":"Feature","properties":{"code":"62243","nom":"Coullemont","departement":"62","region":"32"},"geometry":{"type":"MultiPolygon","coordinates":[[[[2.48608,50.23333],[2.48668,50.23361],[2.49025,50.23126],[2.4978,50.22288],[2.49661,50.2217],[2.49692,50.21547],[2.49492,50.21531],[2.48576,50.20779],[2.47348,50.2099],[2.46458,50.21424],[2.46134,50.21682],[2.45964,50.21973],[2.4614,50.21948],[2.47662,50.22307],[2.48082,50.22754],[2.48119,50.23038],[2.48608,50.23333]]]]}},{"type":"Feature","properties":{"code":"62244","nom":"Coulogne","departement":"62","region":"32"},"geometry":{"type":"MultiPolygon","coordinates":[[[[1.9004,50.90729],[1.89217,50.89443],[1.88763,50.8926],[1.8819,50.89412],[1.88284,50.89723],[1.88112,50.90635],[1.87393,50.91273],[1.85997,50.91767],[1.85899,50.92497],[1.85667,50.92919],[1.85849,50.93024],[1.86571,50.92808],[1.86945,50.9279],[1.86998,50.93379],[1.87268,50.9343],[1.90061,50.92862],[1.90774,50.92291],[1.90793,50.9219],[1.90928,50.91944],[1.91435,50.91798],[1.92191,50.91439],[1.92331,50.91372],[1.9232,50.91082],[1.90234,50.91583],[1.9004,50.90729]]]]}},{"type":"Feature","properties":{"code":"62245","nom":"Coulomby","departement":"62","region":"32"},"geometry":{"type":"MultiPolygon","coordinates":[[[[1.98345,50.695],[1.98012,50.6955],[1.96964,50.70382],[1.96802,50.71497],[1.97937,50.71675],[1.99428,50.7202],[2.01274,50.72737],[2.01383,50.72534],[2.02462,50.71653],[2.02962,50.71227],[2.03001,50.71016],[2.02658,50.70337],[2.01957,50.6981],[2.00688,50.69527],[1.98345,50.695]]]]}},{"type":"Feature","properties":{"code":"62246","nom":"Coupelle-Neuve","departement":"62","region":"32"},"geometry":{"type":"MultiPolygon","coordinates":[[[[2.08286,50.49895],[2.10944,50.50594],[2.12245,50.51024],[2.12742,50.50678],[2.12552,50.50039],[2.12036,50.49449],[2.12253,50.49096],[2.10824,50.48823],[2.10269,50.48871],[2.08996,50.49244],[2.09025,50.4935],[2.08286,50.49895]]]]}},{"type":"Feature","properties":{"code":"62247","nom":"Coupelle-Vieille","departement":"62","region":"32"},"geometry":{"type":"MultiPolygon","coordinates":[[[[2.09508,50.55484],[2.09589,50.55228],[2.09981,50.54147],[2.10209,50.53914],[2.11764,50.53614],[2.11277,50.52763],[2.10228,50.52251],[2.09126,50.51908],[2.08508,50.51796],[2.05943,50.51509],[2.05064,50.51879],[2.04066,50.52678],[2.04499,50.53728],[2.06083,50.54303],[2.06973,50.5499],[2.07747,50.55131],[2.09508,50.55484]]]]}},{"type":"Feature","properties":{"code":"62248","nom":"Courcelles-le-Comte","departement":"62","region":"32"},"geometry":{"type":"MultiPolygon","coordinates":[[[[2.78655,50.17221],[2.78825,50.16955],[2.7971,50.16726],[2.80646,50.16907],[2.80661,50.16793],[2.80311,50.16016],[2.80538,50.15652],[2.80351,50.15604],[2.79819,50.15818],[2.79258,50.15801],[2.78523,50.15434],[2.78317,50.145],[2.76206,50.14197],[2.76167,50.14066],[2.75813,50.14282],[2.75815,50.14454],[2.75346,50.14721],[2.75427,50.15084],[2.75305,50.15554],[2.74999,50.15831],[2.75445,50.16548],[2.75955,50.16474],[2.77338,50.16782],[2.78473,50.17468],[2.78655,50.17221]]]]}},{"type":"Feature","properties":{"code":"62249","nom":"Courcelles-lès-Lens","departement":"62","region":"32"},"geometry":{"type":"MultiPolygon","coordinates":[[[[3.03121,50.41549],[3.02842,50.41219],[3.02955,50.41171],[3.02234,50.40703],[3.01362,50.40297],[2.99503,50.40003],[2.99248,50.39994],[2.99145,50.40197],[2.99389,50.40283],[2.9954,50.40452],[3.00281,50.418],[3.00559,50.42347],[3.0047,50.42411],[3.00597,50.42478],[3.00955,50.42415],[3.01025,50.42498],[3.01333,50.42396],[3.02048,50.42986],[3.03601,50.4238],[3.03868,50.42309],[3.03749,50.41924],[3.03038,50.41573],[3.03121,50.41549]]]]}},{"type":"Feature","properties":{"code":"62250","nom":"Courrières","departement":"62","region":"32"},"geometry":{"type":"MultiPolygon","coordinates":[[[[2.9646,50.44613],[2.96263,50.44231],[2.95338,50.4374],[2.94339,50.43981],[2.93301,50.4411],[2.92609,50.4381],[2.9218,50.43938],[2.92032,50.43982],[2.9169,50.44713],[2.92606,50.45434],[2.93769,50.46033],[2.94025,50.46012],[2.94159,50.45991],[2.94219,50.46371],[2.94023,50.46617],[2.93719,50.46653],[2.93633,50.46855],[2.93617,50.47024],[2.96461,50.46956],[2.97087,50.46577],[2.97236,50.46111],[2.97045,50.46128],[2.96015,50.45189],[2.96553,50.44944],[2.9627,50.44723],[2.9646,50.44613]]]]}},{"type":"Feature","properties":{"code":"62251","nom":"Courset","departement":"62","region":"32"},"geometry":{"type":"MultiPolygon","coordinates":[[[[1.87375,50.65704],[1.87697,50.65702],[1.88128,50.65277],[1.88473,50.65229],[1.88186,50.63652],[1.88295,50.63481],[1.87822,50.6348],[1.87245,50.63324],[1.86453,50.63246],[1.84121,50.63603],[1.81503,50.63641],[1.81713,50.63758],[1.80996,50.6437],[1.8163,50.64752],[1.84322,50.65529],[1.85194,50.65581],[1.8707,50.65391],[1.87004,50.65634],[1.87375,50.65704]]]]}},{"type":"Feature","properties":{"code":"62252","nom":"La Couture","departement":"62","region":"32"},"geometry":{"type":"MultiPolygon","coordinates":[[[[2.71077,50.55184],[2.6971,50.56343],[2.6965,50.56563],[2.68444,50.57761],[2.6783,50.58112],[2.655,50.58997],[2.67457,50.59842],[2.68855,50.60194],[2.69408,50.60235],[2.69851,50.59852],[2.69564,50.59676],[2.7024,50.58936],[2.70988,50.58317],[2.71736,50.58247],[2.73283,50.57593],[2.73284,50.56618],[2.72316,50.56163],[2.71746,50.55322],[2.71077,50.55184]]]]}},{"type":"Feature","properties":{"code":"62253","nom":"Couturelle","departement":"62","region":"32"},"geometry":{"type":"MultiPolygon","coordinates":[[[[2.49692,50.21547],[2.49865,50.21386],[2.49995,50.21456],[2.50419,50.21323],[2.51416,50.20562],[2.50318,50.20109],[2.49508,50.19966],[2.49215,50.20301],[2.48905,50.20483],[2.48576,50.20779],[2.49492,50.21531],[2.49692,50.21547]]]]}},{"type":"Feature","properties":{"code":"62254","nom":"Coyecques","departement":"62","region":"32"},"geometry":{"type":"MultiPolygon","coordinates":[[[[2.15232,50.59969],[2.15111,50.59987],[2.1544,50.60364],[2.14728,50.60778],[2.17529,50.61971],[2.192,50.62362],[2.20473,50.60669],[2.21879,50.5913],[2.21173,50.58841],[2.20138,50.58122],[2.19607,50.57852],[2.17404,50.58291],[2.16908,50.58872],[2.17204,50.59032],[2.16528,50.59612],[2.15824,50.59942],[2.15232,50.59969]]]]}},{"type":"Feature","properties":{"code":"62255","nom":"Crémarest","departement":"62","region":"32"},"geometry":{"type":"MultiPolygon","coordinates":[[[[1.8047,50.67744],[1.78539,50.68027],[1.77115,50.6841],[1.77441,50.68891],[1.77997,50.6914],[1.78301,50.69405],[1.7833,50.69521],[1.77765,50.70311],[1.77259,50.70722],[1.76376,50.71163],[1.75128,50.7104],[1.75084,50.72159],[1.75401,50.72064],[1.77129,50.71919],[1.77789,50.72267],[1.77981,50.71763],[1.78266,50.71385],[1.81009,50.70768],[1.81334,50.70446],[1.82047,50.70293],[1.82258,50.69893],[1.825,50.69338],[1.81499,50.69396],[1.80809,50.68973],[1.80679,50.6858],[1.80993,50.68094],[1.8047,50.67744]]]]}},{"type":"Feature","properties":{"code":"62256","nom":"Crépy","departement":"62","region":"32"},"geometry":{"type":"MultiPolygon","coordinates":[[[[2.18599,50.45851],[2.18729,50.45947],[2.18646,50.46356],[2.18103,50.46789],[2.18041,50.47168],[2.1821,50.47818],[2.18721,50.47777],[2.20186,50.48355],[2.21032,50.48926],[2.22137,50.48399],[2.22151,50.48168],[2.21951,50.47988],[2.21887,50.47664],[2.22175,50.47156],[2.22839,50.46726],[2.2169,50.46324],[2.19826,50.46152],[2.19317,50.46044],[2.18931,50.45894],[2.18887,50.45708],[2.18599,50.45851]]]]}},{"type":"Feature","properties":{"code":"62257","nom":"Créquy","departement":"62","region":"32"},"geometry":{"type":"MultiPolygon","coordinates":[[[[2.08286,50.49895],[2.09025,50.4935],[2.08996,50.49244],[2.0853,50.4867],[2.08146,50.48505],[2.07265,50.48832],[2.06087,50.48806],[2.04298,50.48013],[2.04037,50.47817],[2.03671,50.48134],[2.02549,50.497],[2.02086,50.5006],[2.01422,50.50298],[2.01196,50.50298],[2.00951,50.49921],[2.0098,50.49546],[2.00431,50.48581],[2.0049,50.48502],[2.00249,50.48418],[2.00109,50.48448],[2.00063,50.48635],[2.00484,50.49238],[2.00773,50.4936],[2.00742,50.49476],[2.00351,50.49419],[2.00167,50.49096],[2.00251,50.49012],[2.00177,50.48846],[1.99959,50.48545],[1.99307,50.47989],[1.98637,50.48081],[1.98735,50.48649],[1.98683,50.49081],[1.98599,50.49121],[1.98777,50.49421],[1.99251,50.49648],[1.99857,50.50044],[2.00153,50.50559],[2.0023,50.51162],[2.00513,50.51658],[2.01455,50.52258],[2.01284,50.52583],[2.02199,50.52663],[2.0218,50.52884],[2.02417,50.52857],[2.04066,50.52678],[2.05064,50.51879],[2.05943,50.51509],[2.05745,50.51452],[2.05962,50.511],[2.0646,50.50798],[2.07933,50.50151],[2.08286,50.49895]]]]}},{"type":"Feature","properties":{"code":"62258","nom":"Croisette","departement":"62","region":"32"},"geometry":{"type":"MultiPolygon","coordinates":[[[[2.28238,50.33448],[2.2774,50.33204],[2.27391,50.33483],[2.26674,50.34357],[2.25906,50.348],[2.24044,50.3469],[2.23692,50.35335],[2.23948,50.35659],[2.23788,50.35771],[2.25066,50.36651],[2.25044,50.36708],[2.25901,50.36728],[2.27087,50.36535],[2.28031,50.36257],[2.28214,50.36394],[2.28788,50.35846],[2.28902,50.35432],[2.27448,50.34061],[2.28238,50.33448]]]]}},{"type":"Feature","properties":{"code":"62259","nom":"Croisilles","departement":"62","region":"32"},"geometry":{"type":"MultiPolygon","coordinates":[[[[2.87296,50.2198],[2.87685,50.2178],[2.88132,50.21503],[2.89215,50.21167],[2.8993,50.20859],[2.90564,50.2053],[2.909,50.20216],[2.90704,50.20012],[2.90427,50.19347],[2.90566,50.19212],[2.88814,50.17977],[2.8747,50.17246],[2.87453,50.18182],[2.86552,50.19084],[2.85585,50.19563],[2.85351,50.20085],[2.85274,50.20228],[2.86218,50.21329],[2.87296,50.2198]]]]}},{"type":"Feature","properties":{"code":"62260","nom":"Croix-en-Ternois","departement":"62","region":"32"},"geometry":{"type":"MultiPolygon","coordinates":[[[[2.2994,50.37817],[2.29332,50.37515],[2.28744,50.37378],[2.28462,50.37352],[2.27901,50.37552],[2.25813,50.37417],[2.25133,50.37555],[2.24113,50.37796],[2.23734,50.38171],[2.25471,50.3881],[2.28147,50.39542],[2.28561,50.39484],[2.29493,50.3902],[2.29299,50.38672],[2.2994,50.37817]]]]}},{"type":"Feature","properties":{"code":"62261","nom":"Cucq","departement":"62","region":"32"},"geometry":{"type":"MultiPolygon","coordinates":[[[[1.63489,50.51169],[1.63862,50.50904],[1.64062,50.50871],[1.64012,50.49405],[1.63531,50.48667],[1.63184,50.47796],[1.63169,50.47264],[1.6305,50.46963],[1.62361,50.47241],[1.61763,50.47359],[1.57445,50.47142],[1.57607,50.48792],[1.60715,50.48363],[1.61737,50.49383],[1.62463,50.50329],[1.63489,50.51169]]]]}},{"type":"Feature","properties":{"code":"62262","nom":"Cuinchy","departement":"62","region":"32"},"geometry":{"type":"MultiPolygon","coordinates":[[[[2.74094,50.50335],[2.74042,50.50532],[2.7418,50.50745],[2.74596,50.50992],[2.7478,50.51454],[2.7422,50.51895],[2.7347,50.51952],[2.7287,50.51907],[2.72666,50.52295],[2.72641,50.52432],[2.73032,50.52828],[2.73591,50.53006],[2.74962,50.53719],[2.74895,50.53061],[2.75034,50.52251],[2.76463,50.52179],[2.75557,50.5039],[2.74229,50.50434],[2.74094,50.50335]]]]}},{"type":"Feature","properties":{"code":"62263","nom":"Dainville","departement":"62","region":"32"},"geometry":{"type":"MultiPolygon","coordinates":[[[[2.71552,50.26045],[2.69519,50.26065],[2.69345,50.25969],[2.69107,50.26271],[2.69497,50.26769],[2.68596,50.27394],[2.68431,50.27681],[2.68801,50.28277],[2.69476,50.28452],[2.69425,50.28702],[2.72627,50.29315],[2.72645,50.29381],[2.72783,50.29385],[2.72874,50.29226],[2.73858,50.29246],[2.7395,50.29249],[2.74173,50.28872],[2.74462,50.28711],[2.74023,50.28135],[2.73795,50.28007],[2.73926,50.27902],[2.74166,50.27851],[2.73487,50.27096],[2.73187,50.26544],[2.73062,50.26493],[2.71552,50.26045]]]]}},{"type":"Feature","properties":{"code":"62264","nom":"Dannes","departement":"62","region":"32"},"geometry":{"type":"MultiPolygon","coordinates":[[[[1.57864,50.60668],[1.59621,50.60709],[1.61145,50.59986],[1.62904,50.60209],[1.63878,50.59813],[1.64085,50.59422],[1.64241,50.59165],[1.64087,50.58979],[1.63534,50.58591],[1.62957,50.58453],[1.62899,50.58211],[1.63011,50.58188],[1.61241,50.58079],[1.60813,50.58105],[1.60841,50.582],[1.57883,50.58069],[1.57798,50.5813],[1.57864,50.60668]]]]}},{"type":"Feature","properties":{"code":"62265","nom":"Delettes","departement":"62","region":"32"},"geometry":{"type":"MultiPolygon","coordinates":[[[[2.20263,50.6476],[2.22547,50.64793],[2.2268,50.64425],[2.23499,50.63792],[2.23768,50.63314],[2.23661,50.62849],[2.23421,50.6267],[2.23206,50.62002],[2.23248,50.61283],[2.23468,50.60874],[2.24042,50.60627],[2.23585,50.59511],[2.23359,50.59615],[2.227,50.59419],[2.21879,50.5913],[2.20473,50.60669],[2.192,50.62362],[2.19523,50.63392],[2.20154,50.64434],[2.2014,50.64754],[2.20263,50.6476]]]]}},{"type":"Feature","properties":{"code":"62266","nom":"Denier","departement":"62","region":"32"},"geometry":{"type":"MultiPolygon","coordinates":[[[[2.43392,50.28906],[2.44607,50.30198],[2.44762,50.30309],[2.45013,50.30342],[2.45721,50.29703],[2.45682,50.28434],[2.45575,50.28207],[2.45185,50.28178],[2.45208,50.28097],[2.44114,50.28105],[2.43639,50.28209],[2.43295,50.28466],[2.43339,50.28642],[2.43635,50.28861],[2.43392,50.28906]]]]}},{"type":"Feature","properties":{"code":"62267","nom":"Dennebrœucq","departement":"62","region":"32"},"geometry":{"type":"MultiPolygon","coordinates":[[[[2.15121,50.56559],[2.14263,50.56857],[2.14078,50.57221],[2.1442,50.57718],[2.1463,50.57747],[2.1519,50.58731],[2.15232,50.59969],[2.15824,50.59942],[2.16528,50.59612],[2.17204,50.59032],[2.16908,50.58872],[2.16792,50.58862],[2.16595,50.5866],[2.16493,50.58323],[2.15186,50.56602],[2.15121,50.56559]]]]}},{"type":"Feature","properties":{"code":"62268","nom":"Desvres","departement":"62","region":"32"},"geometry":{"type":"MultiPolygon","coordinates":[[[[1.82539,50.69829],[1.8309,50.69506],[1.83973,50.67999],[1.83897,50.67764],[1.83866,50.67661],[1.84943,50.66874],[1.87004,50.65634],[1.8707,50.65391],[1.85194,50.65581],[1.83133,50.66428],[1.8268,50.66651],[1.81357,50.67036],[1.79535,50.67031],[1.79386,50.67294],[1.80134,50.6746],[1.8047,50.67744],[1.80993,50.68094],[1.80679,50.6858],[1.80809,50.68973],[1.81499,50.69396],[1.825,50.69338],[1.82258,50.69893],[1.82539,50.69829]]]]}},{"type":"Feature","properties":{"code":"62269","nom":"Diéval","departement":"62","region":"32"},"geometry":{"type":"MultiPolygon","coordinates":[[[[2.45424,50.41967],[2.44852,50.41989],[2.44026,50.42155],[2.42679,50.41805],[2.4203,50.42002],[2.41847,50.42051],[2.42311,50.43195],[2.43978,50.45974],[2.44857,50.45816],[2.46596,50.44918],[2.47454,50.44211],[2.48563,50.44083],[2.47798,50.43402],[2.47421,50.43237],[2.47112,50.43127],[2.46405,50.42677],[2.46262,50.4217],[2.45825,50.42016],[2.45424,50.41967]],[[2.46041,50.44936],[2.46091,50.44781],[2.46326,50.44856],[2.4617,50.44955],[2.46041,50.44936]]]]}},{"type":"Feature","properties":{"code":"62270","nom":"Divion","departement":"62","region":"32"},"geometry":{"type":"MultiPolygon","coordinates":[[[[2.52921,50.47483],[2.52861,50.47413],[2.53057,50.47275],[2.53254,50.47142],[2.53796,50.47],[2.54195,50.46685],[2.53585,50.46313],[2.52796,50.46403],[2.52396,50.46281],[2.5089,50.45474],[2.50488,50.45182],[2.50141,50.45081],[2.49899,50.45118],[2.4964,50.45321],[2.49267,50.45378],[2.48995,50.45323],[2.48668,50.46025],[2.48404,50.46025],[2.47784,50.46399],[2.47645,50.46752],[2.47745,50.46951],[2.47497,50.47121],[2.47649,50.47583],[2.47938,50.47937],[2.4962,50.48205],[2.50196,50.48418],[2.50516,50.48601],[2.50668,50.48509],[2.51068,50.48847],[2.51893,50.48281],[2.5236,50.48137],[2.52748,50.47655],[2.52921,50.47483]]]]}},{"type":"Feature","properties":{"code":"62271","nom":"Dohem","departement":"62","region":"32"},"geometry":{"type":"MultiPolygon","coordinates":[[[[2.13497,50.61999],[2.15378,50.62719],[2.16668,50.63057],[2.16842,50.63536],[2.1657,50.63799],[2.1719,50.64102],[2.17941,50.64718],[2.2014,50.64754],[2.20154,50.64434],[2.19523,50.63392],[2.192,50.62362],[2.17529,50.61971],[2.14728,50.60778],[2.13596,50.61003],[2.13439,50.61132],[2.134,50.61796],[2.13497,50.61999]]]]}},{"type":"Feature","properties":{"code":"62272","nom":"Douchy-lès-Ayette","departement":"62","region":"32"},"geometry":{"type":"MultiPolygon","coordinates":[[[[2.73471,50.18196],[2.72199,50.1679],[2.7148,50.16496],[2.6969,50.16046],[2.69648,50.16195],[2.70086,50.16903],[2.70557,50.17445],[2.69673,50.17613],[2.6803,50.17233],[2.67818,50.17579],[2.67978,50.17828],[2.6816,50.17774],[2.68292,50.17883],[2.68715,50.1754],[2.69494,50.17884],[2.70247,50.18463],[2.71062,50.18772],[2.7235,50.18855],[2.72541,50.18676],[2.73284,50.18351],[2.73471,50.18196]]]]}},{"type":"Feature","properties":{"code":"62273","nom":"Doudeauville","departement":"62","region":"32"},"geometry":{"type":"MultiPolygon","coordinates":[[[[1.80071,50.63334],[1.80404,50.63459],[1.80613,50.63702],[1.81503,50.63641],[1.84121,50.63603],[1.86453,50.63246],[1.87245,50.63324],[1.87822,50.6348],[1.88295,50.63481],[1.88398,50.6348],[1.88762,50.63172],[1.87975,50.62711],[1.86467,50.62214],[1.84221,50.6145],[1.84028,50.61291],[1.83943,50.61006],[1.83019,50.60251],[1.82129,50.6093],[1.80873,50.61526],[1.80189,50.6164],[1.78992,50.61386],[1.78919,50.61561],[1.79121,50.61956],[1.79172,50.62809],[1.79342,50.63015],[1.80071,50.63334]]]]}},{"type":"Feature","properties":{"code":"62274","nom":"Dourges","departement":"62","region":"32"},"geometry":{"type":"MultiPolygon","coordinates":[[[[2.99519,50.42618],[2.98615,50.42499],[2.98295,50.4241],[2.97713,50.41634],[2.97437,50.41703],[2.9766,50.41954],[2.97711,50.4221],[2.97353,50.4242],[2.96643,50.42646],[2.95997,50.42554],[2.958,50.42695],[2.95306,50.42804],[2.95058,50.43065],[2.96295,50.43931],[2.97049,50.44064],[2.9799,50.44618],[2.97921,50.45357],[2.98058,50.45754],[2.98288,50.45932],[2.99241,50.4569],[2.99377,50.45552],[2.99715,50.45213],[3.00832,50.456],[3.01634,50.4421],[3.01288,50.44247],[3.01104,50.44257],[3.00838,50.43944],[3.00729,50.43457],[2.99519,50.42618]]]]}},{"type":"Feature","properties":{"code":"62275","nom":"Douriez","departement":"62","region":"32"},"geometry":{"type":"MultiPolygon","coordinates":[[[[1.85184,50.34306],[1.86259,50.34855],[1.87972,50.35516],[1.88123,50.35281],[1.88549,50.35322],[1.89002,50.35676],[1.89463,50.35495],[1.89583,50.35373],[1.89401,50.35287],[1.89244,50.34966],[1.89228,50.34734],[1.89405,50.34456],[1.90053,50.34252],[1.9077,50.34199],[1.90945,50.33944],[1.90624,50.33283],[1.89337,50.32444],[1.89114,50.32075],[1.89299,50.3194],[1.8927,50.3184],[1.88321,50.31769],[1.88139,50.31812],[1.87639,50.3213],[1.87552,50.32282],[1.87487,50.32829],[1.87243,50.33257],[1.86585,50.33699],[1.85844,50.33722],[1.85314,50.3394],[1.85236,50.34125],[1.85333,50.34194],[1.85184,50.34306]]]]}},{"type":"Feature","properties":{"code":"62276","nom":"Douvrin","departement":"62","region":"32"},"geometry":{"type":"MultiPolygon","coordinates":[[[[2.80989,50.49968],[2.80354,50.52729],[2.80722,50.5273],[2.80953,50.52894],[2.81234,50.52897],[2.826,50.52545],[2.85252,50.52868],[2.84443,50.51743],[2.84253,50.50784],[2.84362,50.5064],[2.84606,50.50584],[2.8592,50.50855],[2.86072,50.50725],[2.84526,50.50064],[2.84094,50.50365],[2.83482,50.50078],[2.83626,50.49886],[2.83347,50.49646],[2.82845,50.49456],[2.81904,50.49334],[2.81132,50.49639],[2.80957,50.49625],[2.80989,50.49968]]]]}},{"type":"Feature","properties":{"code":"62277","nom":"Drocourt","departement":"62","region":"32"},"geometry":{"type":"MultiPolygon","coordinates":[[[[2.93814,50.4008],[2.94425,50.3961],[2.94845,50.38296],[2.94531,50.38119],[2.93895,50.37813],[2.93619,50.38047],[2.92962,50.37918],[2.91708,50.38769],[2.92173,50.39191],[2.92654,50.40134],[2.93026,50.40069],[2.9355,50.40211],[2.93814,50.4008]]]]}},{"type":"Feature","properties":{"code":"62278","nom":"Drouvin-le-Marais","departement":"62","region":"32"},"geometry":{"type":"MultiPolygon","coordinates":[[[[2.65097,50.48688],[2.65121,50.48647],[2.64769,50.48417],[2.63739,50.48242],[2.63527,50.48442],[2.6325,50.4853],[2.6163,50.4883],[2.616,50.48998],[2.62363,50.49545],[2.6284,50.49758],[2.63106,50.49688],[2.65097,50.48688]]]]}},{"type":"Feature","properties":{"code":"62279","nom":"Duisans","departement":"62","region":"32"},"geometry":{"type":"MultiPolygon","coordinates":[[[[2.72944,50.31044],[2.72927,50.30698],[2.72508,50.30035],[2.72636,50.2968],[2.7277,50.29663],[2.72645,50.29381],[2.72627,50.29315],[2.69425,50.28702],[2.68894,50.28589],[2.68475,50.28806],[2.66627,50.29021],[2.66951,50.29924],[2.66498,50.31264],[2.66713,50.31539],[2.66827,50.31545],[2.67849,50.31566],[2.68593,50.31217],[2.69293,50.31024],[2.69955,50.31044],[2.71144,50.31371],[2.71845,50.31519],[2.72048,50.31145],[2.72805,50.30995],[2.72944,50.31044]]]]}},{"type":"Feature","properties":{"code":"62280","nom":"Dury","departement":"62","region":"32"},"geometry":{"type":"MultiPolygon","coordinates":[[[[2.99311,50.23482],[2.99448,50.23652],[2.98747,50.24198],[2.98593,50.2422],[2.99457,50.25551],[3.01231,50.268],[3.01801,50.26471],[3.01858,50.26422],[3.01059,50.25764],[3.0114,50.25555],[3.01843,50.24817],[3.01443,50.24637],[3.01098,50.23692],[3.01506,50.23373],[3.01171,50.23202],[3.00608,50.23151],[2.99311,50.23482]]]]}},{"type":"Feature","properties":{"code":"62281","nom":"Echinghen","departement":"62","region":"32"},"geometry":{"type":"MultiPolygon","coordinates":[[[[1.63768,50.69247],[1.63351,50.69811],[1.63266,50.70333],[1.6311,50.70583],[1.63663,50.7088],[1.64612,50.7119],[1.66509,50.71309],[1.66855,50.71067],[1.67668,50.70126],[1.6797,50.68999],[1.66945,50.68955],[1.64958,50.69351],[1.63768,50.69247]]]]}},{"type":"Feature","properties":{"code":"62282","nom":"Éclimeux","departement":"62","region":"32"},"geometry":{"type":"MultiPolygon","coordinates":[[[[2.155,50.3949],[2.15457,50.39531],[2.16092,50.39816],[2.16522,50.40296],[2.16422,50.4038],[2.16735,50.40494],[2.17551,50.40498],[2.18255,50.4061],[2.18989,50.40804],[2.19778,50.40702],[2.19952,50.40603],[2.21082,50.40014],[2.2103,50.39715],[2.19718,50.39471],[2.19201,50.39269],[2.18728,50.38552],[2.18237,50.38426],[2.17633,50.38246],[2.16566,50.38809],[2.16193,50.38766],[2.15844,50.38997],[2.16051,50.39075],[2.155,50.3949]]]]}},{"type":"Feature","properties":{"code":"62283","nom":"Écoivres","departement":"62","region":"32"},"geometry":{"type":"MultiPolygon","coordinates":[[[[2.2774,50.33204],[2.28155,50.32865],[2.28367,50.32808],[2.29493,50.32838],[2.29564,50.32895],[2.29757,50.32711],[2.29905,50.32357],[2.29307,50.31665],[2.29222,50.3156],[2.28016,50.31845],[2.27542,50.32102],[2.27157,50.33003],[2.2774,50.33204]]]]}},{"type":"Feature","properties":{"code":"62284","nom":"Écourt-Saint-Quentin","departement":"62","region":"32"},"geometry":{"type":"MultiPolygon","coordinates":[[[[3.06069,50.27269],[3.06097,50.27236],[3.06217,50.27142],[3.06831,50.27058],[3.0791,50.27003],[3.0919,50.26085],[3.09256,50.25688],[3.07926,50.25147],[3.07817,50.2518],[3.06728,50.24751],[3.05682,50.24507],[3.04592,50.2438],[3.04215,50.25094],[3.04236,50.25379],[3.03929,50.26391],[3.03634,50.26961],[3.04854,50.27794],[3.05535,50.27484],[3.05757,50.27333],[3.06069,50.27269]]]]}},{"type":"Feature","properties":{"code":"62285","nom":"Écoust-Saint-Mein","departement":"62","region":"32"},"geometry":{"type":"MultiPolygon","coordinates":[[[[2.87166,50.1684],[2.87455,50.17002],[2.8747,50.17246],[2.88814,50.17977],[2.90566,50.19212],[2.90638,50.19251],[2.90801,50.19183],[2.91768,50.18621],[2.93243,50.18057],[2.9323,50.17885],[2.93176,50.17692],[2.923,50.17329],[2.91284,50.1648],[2.91333,50.1622],[2.91459,50.16148],[2.91357,50.16082],[2.90497,50.16155],[2.88396,50.16032],[2.88125,50.16136],[2.87266,50.16695],[2.87166,50.1684]]]]}},{"type":"Feature","properties":{"code":"62286","nom":"Ecquedecques","departement":"62","region":"32"},"geometry":{"type":"MultiPolygon","coordinates":[[[[2.43237,50.56473],[2.45079,50.56948],[2.45319,50.56932],[2.45615,50.5628],[2.45021,50.55738],[2.43669,50.54951],[2.42705,50.55457],[2.42674,50.55856],[2.43355,50.56176],[2.43237,50.56473]]]]}},{"type":"Feature","properties":{"code":"62288","nom":"Ecques","departement":"62","region":"32"},"geometry":{"type":"MultiPolygon","coordinates":[[[[2.31088,50.66956],[2.29954,50.66324],[2.30266,50.66008],[2.29723,50.65709],[2.2914,50.65503],[2.28415,50.65454],[2.26881,50.65768],[2.25695,50.66359],[2.24968,50.67811],[2.25309,50.67735],[2.25896,50.67816],[2.264,50.68066],[2.26715,50.67745],[2.27567,50.67968],[2.29279,50.69214],[2.30923,50.6976],[2.31398,50.6965],[2.32731,50.68743],[2.3223,50.68622],[2.30737,50.67511],[2.31088,50.66956]]]]}},{"type":"Feature","properties":{"code":"62289","nom":"Écuires","departement":"62","region":"32"},"geometry":{"type":"MultiPolygon","coordinates":[[[[1.75764,50.45754],[1.75964,50.45655],[1.76593,50.45986],[1.76875,50.45595],[1.77472,50.45111],[1.78187,50.44711],[1.78613,50.43953],[1.78835,50.43223],[1.79428,50.42795],[1.7874,50.42433],[1.77277,50.42332],[1.76466,50.42133],[1.76155,50.41813],[1.76174,50.41461],[1.75739,50.41634],[1.75061,50.42181],[1.74679,50.42749],[1.75056,50.44966],[1.75596,50.45604],[1.75764,50.45754]]]]}},{"type":"Feature","properties":{"code":"62290","nom":"Écurie","departement":"62","region":"32"},"geometry":{"type":"MultiPolygon","coordinates":[[[[2.77184,50.32129],[2.77107,50.31979],[2.77017,50.31979],[2.75765,50.32378],[2.7538,50.33566],[2.76523,50.33962],[2.77517,50.34436],[2.77677,50.3395],[2.78144,50.33987],[2.77184,50.32129]]]]}},{"type":"Feature","properties":{"code":"62291","nom":"Éleu-dit-Leauwette","departement":"62","region":"32"},"geometry":{"type":"MultiPolygon","coordinates":[[[[2.80797,50.42323],[2.81227,50.42391],[2.81299,50.42111],[2.81931,50.42199],[2.82315,50.41976],[2.8208,50.41945],[2.8211,50.41866],[2.82,50.41596],[2.81294,50.41432],[2.80448,50.41415],[2.80354,50.4141],[2.80291,50.41516],[2.802,50.41836],[2.8027,50.41993],[2.80157,50.42149],[2.80444,50.42259],[2.80797,50.42323]]]]}},{"type":"Feature","properties":{"code":"62292","nom":"Elnes","departement":"62","region":"32"},"geometry":{"type":"MultiPolygon","coordinates":[[[[2.08811,50.68721],[2.09357,50.69011],[2.09932,50.68827],[2.11504,50.69098],[2.12952,50.69512],[2.14272,50.70123],[2.14614,50.70394],[2.14893,50.70446],[2.15066,50.70398],[2.14843,50.69876],[2.15396,50.69552],[2.1521,50.69438],[2.13341,50.68683],[2.11654,50.67608],[2.11223,50.67598],[2.10104,50.6697],[2.08793,50.67841],[2.08387,50.68343],[2.08908,50.6864],[2.08811,50.68721]]]]}},{"type":"Feature","properties":{"code":"62293","nom":"Embry","departement":"62","region":"32"},"geometry":{"type":"MultiPolygon","coordinates":[[[[1.976,50.48434],[1.97269,50.48338],[1.9683,50.47921],[1.9621,50.47926],[1.94013,50.48697],[1.93919,50.48575],[1.9381,50.48623],[1.93427,50.48403],[1.92986,50.48332],[1.92873,50.48433],[1.92837,50.48632],[1.93205,50.50398],[1.92985,50.50582],[1.94027,50.51159],[1.95199,50.51271],[1.96014,50.51211],[1.96313,50.51094],[1.96524,50.51092],[1.97751,50.50588],[1.98581,50.50151],[1.99251,50.49648],[1.98777,50.49421],[1.98599,50.49121],[1.98024,50.48669],[1.97568,50.48503],[1.976,50.48434]]]]}},{"type":"Feature","properties":{"code":"62295","nom":"Enquin-lez-Guinegatte","departement":"62","region":"32"},"geometry":{"type":"MultiPolygon","coordinates":[[[[2.27098,50.57563],[2.26762,50.58636],[2.263,50.59177],[2.26224,50.592],[2.25054,50.59494],[2.23585,50.59511],[2.24042,50.60627],[2.24125,50.60776],[2.24808,50.61294],[2.27499,50.62535],[2.27906,50.6227],[2.28249,50.62196],[2.29436,50.61366],[2.29459,50.61219],[2.29827,50.60955],[2.30142,50.60727],[2.30632,50.5975],[2.30697,50.59327],[2.30928,50.59016],[2.32434,50.57994],[2.32003,50.56986],[2.31908,50.56455],[2.31292,50.56677],[2.31173,50.56585],[2.29134,50.57819],[2.28581,50.578],[2.27098,50.57563]]]]}},{"type":"Feature","properties":{"code":"62296","nom":"Enquin-sur-Baillons","departement":"62","region":"32"},"geometry":{"type":"MultiPolygon","coordinates":[[[[1.8602,50.58603],[1.85782,50.58423],[1.85707,50.58095],[1.86134,50.57445],[1.86079,50.56845],[1.85512,50.5569],[1.85296,50.55493],[1.84268,50.55737],[1.8329,50.56767],[1.82915,50.57533],[1.83768,50.57993],[1.84492,50.58564],[1.8602,50.58603]]]]}},{"type":"Feature","properties":{"code":"62297","nom":"Éperlecques","departement":"62","region":"32"},"geometry":{"type":"MultiPolygon","coordinates":[[[[2.11835,50.78109],[2.1113,50.7766],[2.10386,50.7792],[2.10366,50.78104],[2.10904,50.78902],[2.10815,50.79002],[2.13068,50.80293],[2.13338,50.80541],[2.13471,50.80977],[2.13086,50.81822],[2.12899,50.81775],[2.12528,50.82958],[2.12775,50.83873],[2.13939,50.84236],[2.14024,50.84359],[2.17324,50.83748],[2.18211,50.8437],[2.19515,50.84385],[2.20238,50.84303],[2.20792,50.83829],[2.20756,50.83629],[2.21301,50.82231],[2.21149,50.81977],[2.2018,50.81693],[2.19802,50.81436],[2.19735,50.81199],[2.14552,50.7958],[2.1352,50.7915],[2.12081,50.78333],[2.11835,50.78109]]]]}},{"type":"Feature","properties":{"code":"62298","nom":"Épinoy","departement":"62","region":"32"},"geometry":{"type":"MultiPolygon","coordinates":[[[[3.18675,50.23522],[3.18822,50.22878],[3.18447,50.22608],[3.17978,50.22391],[3.17802,50.22088],[3.17873,50.21905],[3.17024,50.21855],[3.14278,50.21921],[3.13695,50.22903],[3.13499,50.23004],[3.13842,50.23485],[3.13935,50.23977],[3.14704,50.24632],[3.15569,50.24318],[3.16305,50.24178],[3.17477,50.24148],[3.17562,50.24142],[3.17858,50.23368],[3.18135,50.2326],[3.18492,50.2337],[3.18675,50.23522]]]]}},{"type":"Feature","properties":{"code":"62299","nom":"Eps","departement":"62","region":"32"},"geometry":{"type":"MultiPolygon","coordinates":[[[[2.29076,50.47218],[2.29138,50.4727],[2.30045,50.46648],[2.31614,50.45987],[2.3154,50.45917],[2.31931,50.4565],[2.31993,50.45216],[2.31888,50.44786],[2.31733,50.44602],[2.30343,50.44206],[2.30317,50.44407],[2.29195,50.4466],[2.27426,50.44507],[2.27185,50.44598],[2.27122,50.44903],[2.27722,50.4572],[2.28722,50.46682],[2.28563,50.46894],[2.29076,50.47218]]]]}},{"type":"Feature","properties":{"code":"62300","nom":"Équihen-Plage","departement":"62","region":"32"},"geometry":{"type":"MultiPolygon","coordinates":[[[[1.58113,50.68458],[1.58233,50.68006],[1.59527,50.68115],[1.59089,50.67349],[1.58791,50.67113],[1.57699,50.66443],[1.57144,50.6644],[1.56608,50.67913],[1.56299,50.69205],[1.5675,50.69153],[1.5726,50.69294],[1.5741,50.69411],[1.57844,50.68954],[1.58113,50.68458]]]]}},{"type":"Feature","properties":{"code":"62301","nom":"Équirre","departement":"62","region":"32"},"geometry":{"type":"MultiPolygon","coordinates":[[[[2.22839,50.46726],[2.22175,50.47156],[2.21887,50.47664],[2.21951,50.47988],[2.22151,50.48168],[2.22137,50.48399],[2.23882,50.49286],[2.24243,50.49384],[2.2433,50.4933],[2.24622,50.49095],[2.24797,50.48918],[2.24619,50.48254],[2.24763,50.47953],[2.25067,50.47722],[2.24058,50.46973],[2.23143,50.46555],[2.22913,50.46766],[2.22839,50.46726]]]]}},{"type":"Feature","properties":{"code":"62302","nom":"Ergny","departement":"62","region":"32"},"geometry":{"type":"MultiPolygon","coordinates":[[[[1.99432,50.6016],[1.99548,50.60048],[1.99465,50.59685],[1.9903,50.5877],[1.98978,50.57838],[1.98543,50.56627],[1.98337,50.56543],[1.97465,50.56534],[1.96701,50.5626],[1.9678,50.56157],[1.9625,50.56009],[1.96074,50.56242],[1.96857,50.56843],[1.97099,50.57216],[1.96534,50.58264],[1.96048,50.58866],[1.95755,50.59121],[1.95481,50.59006],[1.94938,50.59625],[1.95222,50.59951],[1.96559,50.60752],[1.97638,50.61048],[1.98094,50.60294],[1.99236,50.60085],[1.99432,50.6016]]]]}},{"type":"Feature","properties":{"code":"62303","nom":"Érin","departement":"62","region":"32"},"geometry":{"type":"MultiPolygon","coordinates":[[[[2.24069,50.42294],[2.22668,50.41963],[2.21343,50.41489],[2.20546,50.42249],[2.20361,50.43013],[2.19677,50.44029],[2.19867,50.44183],[2.21313,50.44621],[2.21509,50.44689],[2.22893,50.43809],[2.23778,50.43521],[2.23899,50.4329],[2.23988,50.43188],[2.23696,50.42685],[2.24069,50.42294]]]]}},{"type":"Feature","properties":{"code":"62304","nom":"Erny-Saint-Julien","departement":"62","region":"32"},"geometry":{"type":"MultiPolygon","coordinates":[[[[2.227,50.59419],[2.23359,50.59615],[2.23585,50.59511],[2.25054,50.59494],[2.26224,50.592],[2.263,50.59177],[2.26762,50.58636],[2.27098,50.57563],[2.25688,50.56804],[2.25673,50.57364],[2.24836,50.5761],[2.23742,50.58225],[2.23273,50.5864],[2.227,50.59419]]]]}},{"type":"Feature","properties":{"code":"62306","nom":"Ervillers","departement":"62","region":"32"},"geometry":{"type":"MultiPolygon","coordinates":[[[[2.82241,50.18313],[2.82464,50.18116],[2.82644,50.17945],[2.84769,50.17555],[2.85379,50.17176],[2.85342,50.16985],[2.84759,50.16737],[2.83567,50.15979],[2.83755,50.15608],[2.83435,50.15268],[2.83012,50.1496],[2.81967,50.14725],[2.81287,50.15129],[2.81441,50.15198],[2.80756,50.15717],[2.80538,50.15652],[2.80311,50.16016],[2.80661,50.16793],[2.80968,50.16863],[2.81816,50.17575],[2.82079,50.18283],[2.82241,50.18313]]]]}},{"type":"Feature","properties":{"code":"62307","nom":"Escalles","departement":"62","region":"32"},"geometry":{"type":"MultiPolygon","coordinates":[[[[1.71523,50.89902],[1.71214,50.90326],[1.69274,50.91555],[1.70702,50.92559],[1.71017,50.92422],[1.71876,50.92347],[1.73289,50.92572],[1.73559,50.9269],[1.73792,50.91547],[1.73665,50.90465],[1.73795,50.89576],[1.73915,50.89414],[1.73869,50.89215],[1.73597,50.89104],[1.73494,50.89194],[1.71726,50.89748],[1.71523,50.89902]]]]}},{"type":"Feature","properties":{"code":"62308","nom":"Escœuilles","departement":"62","region":"32"},"geometry":{"type":"MultiPolygon","coordinates":[[[[1.94755,50.73348],[1.94674,50.72779],[1.95103,50.72439],[1.95689,50.72172],[1.96068,50.72104],[1.9625,50.7202],[1.96491,50.72021],[1.96605,50.7193],[1.95884,50.71474],[1.94378,50.71261],[1.93539,50.71283],[1.9296,50.71514],[1.91263,50.71724],[1.91014,50.7165],[1.90873,50.72039],[1.90913,50.72248],[1.91063,50.72369],[1.92835,50.73427],[1.93346,50.7393],[1.93723,50.73649],[1.94508,50.73474],[1.94755,50.73348]]]]}},{"type":"Feature","properties":{"code":"62309","nom":"Esquerdes","departement":"62","region":"32"},"geometry":{"type":"MultiPolygon","coordinates":[[[[2.17549,50.7179],[2.17581,50.71697],[2.18441,50.71882],[2.19327,50.71941],[2.19576,50.7132],[2.19942,50.71011],[2.20135,50.71051],[2.20304,50.70719],[2.20103,50.69997],[2.198,50.69419],[2.1896,50.68618],[2.18119,50.68087],[2.17687,50.68496],[2.17313,50.68382],[2.17169,50.68615],[2.16628,50.68908],[2.1578,50.69309],[2.15265,50.69363],[2.1521,50.69438],[2.15396,50.69552],[2.14843,50.69876],[2.17549,50.7179]]]]}},{"type":"Feature","properties":{"code":"62310","nom":"Essars","departement":"62","region":"32"},"geometry":{"type":"MultiPolygon","coordinates":[[[[2.65052,50.54146],[2.651,50.5433],[2.64969,50.54631],[2.64493,50.5506],[2.64349,50.552],[2.64825,50.55837],[2.6595,50.55494],[2.66831,50.55633],[2.6738,50.55469],[2.67674,50.5523],[2.67957,50.54969],[2.67787,50.54345],[2.67165,50.53816],[2.65814,50.54245],[2.65173,50.54083],[2.65052,50.54146]]]]}},{"type":"Feature","properties":{"code":"62311","nom":"Estevelles","departement":"62","region":"32"},"geometry":{"type":"MultiPolygon","coordinates":[[[[2.91112,50.48924],[2.91531,50.48774],[2.91666,50.47961],[2.9105,50.47204],[2.90982,50.46881],[2.89961,50.46971],[2.89671,50.47437],[2.8977,50.48241],[2.90063,50.48267],[2.90254,50.48488],[2.91112,50.48924]]]]}},{"type":"Feature","properties":{"code":"62312","nom":"Estrée","departement":"62","region":"32"},"geometry":{"type":"MultiPolygon","coordinates":[[[[1.83067,50.48892],[1.8208,50.49261],[1.81156,50.49164],[1.79751,50.48716],[1.79217,50.48652],[1.78535,50.48765],[1.78127,50.48952],[1.79023,50.50566],[1.80357,50.50402],[1.81992,50.49912],[1.8286,50.49763],[1.83436,50.4994],[1.83592,50.49629],[1.83067,50.48892]]]]}},{"type":"Feature","properties":{"code":"62313","nom":"Estrée-Blanche","departement":"62","region":"32"},"geometry":{"type":"MultiPolygon","coordinates":[[[[2.33931,50.58014],[2.33793,50.57954],[2.32954,50.57914],[2.32434,50.57994],[2.30928,50.59016],[2.30697,50.59327],[2.30632,50.5975],[2.30142,50.60727],[2.30798,50.60902],[2.31712,50.60802],[2.32303,50.60502],[2.3316,50.59405],[2.34355,50.58451],[2.34109,50.58333],[2.34286,50.58183],[2.33931,50.58014]]]]}},{"type":"Feature","properties":{"code":"62314","nom":"Estrée-Cauchy","departement":"62","region":"32"},"geometry":{"type":"MultiPolygon","coordinates":[[[[2.5919,50.3961],[2.60173,50.40218],[2.60338,50.40676],[2.6052,50.40865],[2.62056,50.41238],[2.62255,50.41117],[2.62386,50.40391],[2.62407,50.39151],[2.62265,50.38908],[2.6174,50.39236],[2.60833,50.38994],[2.60185,50.38944],[2.59667,50.39153],[2.598,50.39285],[2.5919,50.3961]]]]}},{"type":"Feature","properties":{"code":"62315","nom":"Estréelles","departement":"62","region":"32"},"geometry":{"type":"MultiPolygon","coordinates":[[[[1.76819,50.50721],[1.77738,50.51152],[1.78541,50.51303],[1.78848,50.51309],[1.7906,50.51136],[1.79023,50.50566],[1.78127,50.48952],[1.77935,50.48831],[1.77348,50.48753],[1.77147,50.48948],[1.76929,50.4968],[1.77209,50.50494],[1.76819,50.50721]]]]}},{"type":"Feature","properties":{"code":"62316","nom":"Estrée-Wamin","departement":"62","region":"32"},"geometry":{"type":"MultiPolygon","coordinates":[[[[2.38347,50.27937],[2.39448,50.28506],[2.39797,50.28273],[2.40054,50.28252],[2.40373,50.28098],[2.40774,50.27833],[2.41075,50.26315],[2.41388,50.25941],[2.41346,50.25871],[2.40812,50.25982],[2.39447,50.26092],[2.38861,50.26005],[2.38772,50.25638],[2.38852,50.2546],[2.38545,50.25422],[2.38557,50.25333],[2.38202,50.25308],[2.37879,50.25852],[2.381,50.2672],[2.38548,50.27487],[2.38347,50.27937]]]]}},{"type":"Feature","properties":{"code":"62317","nom":"Étaing","departement":"62","region":"32"},"geometry":{"type":"MultiPolygon","coordinates":[[[[2.97858,50.27129],[2.98211,50.27272],[2.98996,50.2784],[3.00052,50.28419],[3.01407,50.28356],[3.0156,50.28403],[3.01631,50.28258],[3.01113,50.26882],[3.01231,50.268],[2.99457,50.25551],[2.99241,50.25881],[2.98558,50.2619],[2.97961,50.26599],[2.98045,50.27008],[2.97858,50.27129]]]]}},{"type":"Feature","properties":{"code":"62318","nom":"Étaples","departement":"62","region":"32"},"geometry":{"type":"MultiPolygon","coordinates":[[[[1.68614,50.52591],[1.6869,50.52193],[1.68349,50.51752],[1.68304,50.50709],[1.68842,50.50303],[1.68778,50.50229],[1.6873,50.50172],[1.68347,50.50114],[1.67624,50.50203],[1.66324,50.50663],[1.65129,50.50945],[1.64434,50.50952],[1.6443,50.51087],[1.6406,50.51121],[1.63606,50.51297],[1.62821,50.51869],[1.62279,50.5287],[1.61658,50.53273],[1.60548,50.5378],[1.6051,50.54082],[1.60846,50.53987],[1.6158,50.53971],[1.61613,50.54402],[1.62017,50.54594],[1.62521,50.5483],[1.64247,50.53332],[1.65773,50.52923],[1.67755,50.53491],[1.67889,50.53021],[1.68259,50.52838],[1.68345,50.52882],[1.68614,50.52591]]]]}},{"type":"Feature","properties":{"code":"62319","nom":"Éterpigny","departement":"62","region":"32"},"geometry":{"type":"MultiPolygon","coordinates":[[[[2.97858,50.27129],[2.98045,50.27008],[2.97961,50.26599],[2.98558,50.2619],[2.99241,50.25881],[2.99457,50.25551],[2.98593,50.2422],[2.98512,50.24249],[2.98367,50.24104],[2.97063,50.24799],[2.97352,50.25007],[2.96903,50.26766],[2.97858,50.27129]]]]}},{"type":"Feature","properties":{"code":"62320","nom":"Étrun","departement":"62","region":"32"},"geometry":{"type":"MultiPolygon","coordinates":[[[[2.65988,50.32093],[2.6619,50.32383],[2.66086,50.32424],[2.66345,50.32651],[2.67984,50.31946],[2.71144,50.31371],[2.69955,50.31044],[2.69293,50.31024],[2.68593,50.31217],[2.67849,50.31566],[2.66827,50.31545],[2.66802,50.31829],[2.65988,50.32093]]]]}},{"type":"Feature","properties":{"code":"62321","nom":"Évin-Malmaison","departement":"62","region":"32"},"geometry":{"type":"MultiPolygon","coordinates":[[[[3.04157,50.4446],[3.04623,50.43638],[3.03601,50.4238],[3.02048,50.42986],[3.00729,50.43457],[3.00838,50.43944],[3.01104,50.44257],[3.01288,50.44247],[3.01634,50.4421],[3.03332,50.44398],[3.03772,50.44165],[3.04157,50.4446]]]]}},{"type":"Feature","properties":{"code":"62322","nom":"Famechon","departement":"62","region":"32"},"geometry":{"type":"MultiPolygon","coordinates":[[[[2.46956,50.13408],[2.4683,50.13227],[2.45672,50.13048],[2.45502,50.13139],[2.44547,50.14092],[2.44543,50.14243],[2.44586,50.14352],[2.44421,50.14663],[2.4404,50.14976],[2.43886,50.15285],[2.45454,50.15806],[2.4706,50.14834],[2.47605,50.13692],[2.46956,50.13408]]]]}},{"type":"Feature","properties":{"code":"62323","nom":"Fampoux","departement":"62","region":"32"},"geometry":{"type":"MultiPolygon","coordinates":[[[[2.89069,50.31346],[2.8855,50.31093],[2.8822,50.30491],[2.88283,50.30275],[2.8897,50.29233],[2.89818,50.28844],[2.89398,50.28732],[2.88979,50.28207],[2.88838,50.28313],[2.86938,50.27931],[2.8614,50.29127],[2.85594,50.29417],[2.84507,50.29715],[2.84512,50.29957],[2.85478,50.29661],[2.85783,50.29654],[2.85593,50.30779],[2.84619,50.3156],[2.84634,50.31681],[2.84996,50.31828],[2.85178,50.31895],[2.86403,50.31817],[2.88894,50.31569],[2.89069,50.31346]]]]}},{"type":"Feature","properties":{"code":"62324","nom":"Farbus","departement":"62","region":"32"},"geometry":{"type":"MultiPolygon","coordinates":[[[[2.82717,50.34921],[2.81099,50.3576],[2.80709,50.36261],[2.81579,50.36622],[2.83744,50.372],[2.83897,50.36975],[2.83756,50.36901],[2.83681,50.36458],[2.83672,50.35044],[2.83703,50.34968],[2.82773,50.34874],[2.82717,50.34921]]]]}},{"type":"Feature","properties":{"code":"62325","nom":"Fauquembergues","departement":"62","region":"32"},"geometry":{"type":"MultiPolygon","coordinates":[[[[2.06007,50.60247],[2.06798,50.60256],[2.07015,50.60196],[2.08104,50.60177],[2.10731,50.60402],[2.12362,50.60235],[2.1224,50.60107],[2.12638,50.59834],[2.1233,50.59185],[2.11571,50.5849],[2.10963,50.58113],[2.10457,50.5759],[2.10061,50.57759],[2.08992,50.58525],[2.08703,50.59058],[2.08301,50.5932],[2.06007,50.60247]]]]}},{"type":"Feature","properties":{"code":"62326","nom":"Favreuil","departement":"62","region":"32"},"geometry":{"type":"MultiPolygon","coordinates":[[[[2.84532,50.11917],[2.84444,50.12194],[2.85176,50.13694],[2.85035,50.13962],[2.86021,50.14313],[2.86075,50.14271],[2.86699,50.13229],[2.8696,50.12208],[2.8778,50.1145],[2.87327,50.111],[2.87205,50.11005],[2.85816,50.11348],[2.84532,50.11917]]]]}},{"type":"Feature","properties":{"code":"62327","nom":"Febvin-Palfart","departement":"62","region":"32"},"geometry":{"type":"MultiPolygon","coordinates":[[[[2.31173,50.56585],[2.31292,50.56677],[2.31908,50.56455],[2.31646,50.55014],[2.3229,50.5455],[2.3264,50.5461],[2.32887,50.54373],[2.32995,50.53999],[2.33436,50.53637],[2.3229,50.52717],[2.32095,50.52242],[2.32297,50.51984],[2.31289,50.51849],[2.30014,50.51302],[2.29343,50.50868],[2.27861,50.51377],[2.27802,50.51522],[2.27242,50.51941],[2.26745,50.52057],[2.28509,50.53744],[2.2881,50.54225],[2.31173,50.56585]]]]}},{"type":"Feature","properties":{"code":"62328","nom":"Ferfay","departement":"62","region":"32"},"geometry":{"type":"MultiPolygon","coordinates":[[[[2.4284,50.50973],[2.42708,50.51087],[2.4258,50.51059],[2.41987,50.51341],[2.41296,50.51816],[2.41872,50.5228],[2.43803,50.53576],[2.44135,50.53396],[2.44107,50.53266],[2.44391,50.52677],[2.4471,50.52572],[2.44522,50.51805],[2.4442,50.51747],[2.43348,50.51231],[2.4284,50.50973]]]]}},{"type":"Feature","properties":{"code":"62329","nom":"Ferques","departement":"62","region":"32"},"geometry":{"type":"MultiPolygon","coordinates":[[[[1.79496,50.82029],[1.76447,50.81627],[1.75987,50.82327],[1.74307,50.82543],[1.73401,50.82441],[1.73202,50.82897],[1.74497,50.84171],[1.75633,50.84041],[1.75829,50.84107],[1.77047,50.83701],[1.78606,50.83501],[1.78776,50.83425],[1.79145,50.83613],[1.79611,50.83552],[1.8055,50.83243],[1.80178,50.8301],[1.79496,50.82029]]]]}},{"type":"Feature","properties":{"code":"62330","nom":"Festubert","departement":"62","region":"32"},"geometry":{"type":"MultiPolygon","coordinates":[[[[2.72379,50.52759],[2.72193,50.53035],[2.70958,50.54088],[2.70763,50.54673],[2.70867,50.55087],[2.71077,50.55184],[2.71746,50.55322],[2.72936,50.5525],[2.74515,50.55435],[2.75364,50.55704],[2.76203,50.55828],[2.7713,50.55739],[2.7636,50.5507],[2.75639,50.54829],[2.75271,50.54692],[2.74962,50.53719],[2.73591,50.53006],[2.73032,50.52828],[2.72641,50.52432],[2.72666,50.52295],[2.72572,50.52303],[2.72379,50.52759]]]]}},{"type":"Feature","properties":{"code":"62331","nom":"Feuchy","departement":"62","region":"32"},"geometry":{"type":"MultiPolygon","coordinates":[[[[2.84507,50.29715],[2.85594,50.29417],[2.8614,50.29127],[2.86938,50.27931],[2.86949,50.2787],[2.86192,50.27668],[2.85409,50.27285],[2.85333,50.27015],[2.85141,50.27064],[2.83006,50.27623],[2.83647,50.28205],[2.83668,50.28949],[2.83411,50.29353],[2.83338,50.29536],[2.82603,50.29816],[2.83822,50.29716],[2.8424,50.29797],[2.84507,50.29715]]]]}},{"type":"Feature","properties":{"code":"62332","nom":"Ficheux","departement":"62","region":"32"},"geometry":{"type":"MultiPolygon","coordinates":[[[[2.74553,50.21417],[2.73824,50.21153],[2.73713,50.21509],[2.73945,50.21717],[2.73851,50.2179],[2.73369,50.21565],[2.73266,50.2128],[2.72604,50.21753],[2.72722,50.2235],[2.72991,50.22957],[2.72596,50.23409],[2.73078,50.23568],[2.73602,50.23405],[2.75515,50.23851],[2.7563,50.23659],[2.76452,50.23805],[2.76447,50.23747],[2.76285,50.2328],[2.76657,50.23387],[2.76686,50.22584],[2.76262,50.22391],[2.75935,50.21751],[2.75609,50.21789],[2.74553,50.21417]]]]}},{"type":"Feature","properties":{"code":"62333","nom":"Fiefs","departement":"62","region":"32"},"geometry":{"type":"MultiPolygon","coordinates":[[[[2.30307,50.49074],[2.30133,50.49122],[2.3021,50.49375],[2.30122,50.49852],[2.29692,50.50576],[2.29343,50.50868],[2.30014,50.51302],[2.31289,50.51849],[2.32297,50.51984],[2.32633,50.51649],[2.32998,50.51563],[2.33063,50.5161],[2.33249,50.51486],[2.33784,50.51431],[2.33905,50.50927],[2.33812,50.50848],[2.33767,50.50622],[2.33967,50.50252],[2.34215,50.50052],[2.34325,50.50074],[2.34487,50.48823],[2.34319,50.48818],[2.33026,50.48194],[2.33209,50.47817],[2.32911,50.47733],[2.30688,50.4844],[2.30213,50.4829],[2.30618,50.48962],[2.30307,50.49074]]]]}},{"type":"Feature","properties":{"code":"62334","nom":"Fiennes","departement":"62","region":"32"},"geometry":{"type":"MultiPolygon","coordinates":[[[[1.87669,50.81689],[1.86716,50.81933],[1.86032,50.81833],[1.85283,50.81524],[1.84816,50.81142],[1.84382,50.80933],[1.84321,50.80965],[1.8414,50.81092],[1.83428,50.81251],[1.81901,50.81028],[1.80668,50.81124],[1.79726,50.8193],[1.79496,50.82029],[1.80178,50.8301],[1.8055,50.83243],[1.81141,50.83536],[1.81871,50.83762],[1.8339,50.83984],[1.83726,50.84224],[1.8571,50.83049],[1.8644,50.82219],[1.87669,50.81689]]]]}},{"type":"Feature","properties":{"code":"62335","nom":"Fillièvres","departement":"62","region":"32"},"geometry":{"type":"MultiPolygon","coordinates":[[[[2.2011,50.3202],[2.19106,50.31714],[2.18885,50.31818],[2.17977,50.31321],[2.16284,50.3005],[2.16105,50.29707],[2.16231,50.29366],[2.16566,50.2905],[2.1565,50.28513],[2.15246,50.28499],[2.13931,50.28364],[2.12729,50.29509],[2.12852,50.29491],[2.13195,50.29738],[2.13684,50.30634],[2.13421,50.30699],[2.12178,50.31492],[2.15223,50.32754],[2.14971,50.33278],[2.14558,50.33627],[2.14453,50.3377],[2.1513,50.34271],[2.16683,50.34499],[2.18425,50.34337],[2.1871,50.34297],[2.18922,50.33802],[2.19443,50.33447],[2.20627,50.32853],[2.20633,50.32464],[2.20238,50.32014],[2.2011,50.3202]]]]}},{"type":"Feature","properties":{"code":"62336","nom":"Fléchin","departement":"62","region":"32"},"geometry":{"type":"MultiPolygon","coordinates":[[[[2.27098,50.57563],[2.28581,50.578],[2.29134,50.57819],[2.31173,50.56585],[2.2881,50.54225],[2.28509,50.53744],[2.276,50.53687],[2.26447,50.54168],[2.25783,50.56301],[2.25667,50.56327],[2.25688,50.56804],[2.27098,50.57563]]]]}},{"type":"Feature","properties":{"code":"62337","nom":"Flers","departement":"62","region":"32"},"geometry":{"type":"MultiPolygon","coordinates":[[[[2.27391,50.33483],[2.2774,50.33204],[2.27157,50.33003],[2.27542,50.32102],[2.27232,50.32007],[2.26116,50.31405],[2.26047,50.31254],[2.25909,50.31308],[2.25282,50.31281],[2.24948,50.31017],[2.24281,50.30821],[2.23584,50.30887],[2.22735,50.31244],[2.22672,50.31405],[2.23816,50.32718],[2.23936,50.32675],[2.24681,50.32826],[2.27391,50.33483]]]]}},{"type":"Feature","properties":{"code":"62338","nom":"Fleurbaix","departement":"62","region":"32"},"geometry":{"type":"MultiPolygon","coordinates":[[[[2.83101,50.62039],[2.82858,50.61882],[2.7943,50.63501],[2.7964,50.6411],[2.80106,50.64588],[2.81412,50.64698],[2.82204,50.65269],[2.82219,50.66045],[2.82102,50.6613],[2.8243,50.6622],[2.832,50.66045],[2.8391,50.65758],[2.84521,50.65222],[2.85461,50.6452],[2.86965,50.6312],[2.86193,50.62756],[2.86069,50.62887],[2.84741,50.62765],[2.83101,50.62039]]]]}},{"type":"Feature","properties":{"code":"62339","nom":"Fleury","departement":"62","region":"32"},"geometry":{"type":"MultiPolygon","coordinates":[[[[2.24617,50.43339],[2.24943,50.43137],[2.2574,50.4325],[2.25713,50.42954],[2.26455,50.42433],[2.2675,50.42088],[2.26902,50.41964],[2.2661,50.41861],[2.26861,50.41662],[2.2658,50.41567],[2.26376,50.4171],[2.26201,50.41702],[2.25797,50.41584],[2.25534,50.4139],[2.2504,50.41395],[2.25074,50.41668],[2.24069,50.42294],[2.23696,50.42685],[2.23988,50.43188],[2.23899,50.4329],[2.24305,50.43393],[2.24442,50.43257],[2.24617,50.43339]]]]}},{"type":"Feature","properties":{"code":"62340","nom":"Floringhem","departement":"62","region":"32"},"geometry":{"type":"MultiPolygon","coordinates":[[[[2.43348,50.51231],[2.43798,50.50916],[2.44398,50.49805],[2.44857,50.49392],[2.44052,50.49086],[2.42991,50.48318],[2.42779,50.48296],[2.41031,50.49649],[2.4185,50.50441],[2.4284,50.50973],[2.43348,50.51231]]]]}},{"type":"Feature","properties":{"code":"62341","nom":"Foncquevillers","departement":"62","region":"32"},"geometry":{"type":"MultiPolygon","coordinates":[[[[2.66123,50.1466],[2.65044,50.14589],[2.64506,50.14375],[2.63305,50.13629],[2.61808,50.12964],[2.61357,50.12956],[2.61259,50.13243],[2.6071,50.13521],[2.59768,50.13709],[2.58839,50.13801],[2.58681,50.13725],[2.58508,50.13789],[2.58065,50.13781],[2.58362,50.1396],[2.58618,50.13961],[2.59337,50.14355],[2.59644,50.14866],[2.60493,50.15313],[2.60892,50.15382],[2.61601,50.15701],[2.61826,50.15529],[2.63545,50.15862],[2.6537,50.15245],[2.66308,50.15032],[2.66123,50.1466]]]]}},{"type":"Feature","properties":{"code":"62342","nom":"Fontaine-lès-Boulans","departement":"62","region":"32"},"geometry":{"type":"MultiPolygon","coordinates":[[[[2.29343,50.50868],[2.29692,50.50576],[2.30122,50.49852],[2.3021,50.49375],[2.30133,50.49122],[2.30307,50.49074],[2.30009,50.48655],[2.29761,50.48543],[2.28106,50.48771],[2.27088,50.49314],[2.27105,50.4951],[2.26536,50.49742],[2.26256,50.50028],[2.26369,50.50248],[2.2695,50.50744],[2.27861,50.51377],[2.29343,50.50868]]]]}},{"type":"Feature","properties":{"code":"62343","nom":"Fontaine-lès-Croisilles","departement":"62","region":"32"},"geometry":{"type":"MultiPolygon","coordinates":[[[[2.92509,50.20672],[2.91096,50.20054],[2.909,50.20216],[2.90564,50.2053],[2.8993,50.20859],[2.89215,50.21167],[2.88132,50.21503],[2.87685,50.2178],[2.88022,50.21935],[2.88618,50.22613],[2.89093,50.22949],[2.8939,50.22799],[2.905,50.22618],[2.92749,50.22372],[2.92845,50.22231],[2.92967,50.22121],[2.92658,50.21844],[2.92353,50.21333],[2.92324,50.21003],[2.92509,50.20672]]]]}},{"type":"Feature","properties":{"code":"62344","nom":"Fontaine-lès-Hermans","departement":"62","region":"32"},"geometry":{"type":"MultiPolygon","coordinates":[[[[2.33063,50.5161],[2.32998,50.51563],[2.32633,50.51649],[2.32297,50.51984],[2.32095,50.52242],[2.3229,50.52717],[2.33436,50.53637],[2.33663,50.53736],[2.35247,50.539],[2.35378,50.53611],[2.35424,50.52937],[2.35164,50.52428],[2.33483,50.51829],[2.33063,50.5161]]]]}},{"type":"Feature","properties":{"code":"62345","nom":"Fontaine-l'Étalon","departement":"62","region":"32"},"geometry":{"type":"MultiPolygon","coordinates":[[[[2.05051,50.3134],[2.0553,50.31417],[2.08104,50.30871],[2.08207,50.30908],[2.0845,50.30829],[2.08457,50.30642],[2.07911,50.29702],[2.07405,50.29413],[2.07435,50.29209],[2.06822,50.2922],[2.06208,50.28882],[2.05725,50.30262],[2.05556,50.30617],[2.05316,50.30777],[2.0521,50.30837],[2.05035,50.30766],[2.04759,50.31025],[2.05051,50.3134]]]]}},{"type":"Feature","properties":{"code":"62346","nom":"Fortel-en-Artois","departement":"62","region":"32"},"geometry":{"type":"MultiPolygon","coordinates":[[[[2.20775,50.2445],[2.2081,50.24713],[2.20694,50.24896],[2.22011,50.25768],[2.21477,50.26124],[2.22943,50.2703],[2.23573,50.27387],[2.23993,50.27136],[2.25081,50.26782],[2.2526,50.26566],[2.25218,50.26428],[2.2527,50.26288],[2.24938,50.25813],[2.23048,50.24534],[2.22876,50.24296],[2.21859,50.24375],[2.20796,50.24262],[2.20775,50.2445]]]]}},{"type":"Feature","properties":{"code":"62347","nom":"Fosseux","departement":"62","region":"32"},"geometry":{"type":"MultiPolygon","coordinates":[[[[2.54814,50.23516],[2.54492,50.23736],[2.55597,50.2477],[2.55646,50.25062],[2.55392,50.25709],[2.54993,50.2632],[2.5448,50.26121],[2.54292,50.26159],[2.54191,50.26271],[2.54168,50.26309],[2.55802,50.26776],[2.57448,50.26628],[2.58649,50.26647],[2.59051,50.26802],[2.59309,50.2657],[2.59184,50.26487],[2.58926,50.2632],[2.57883,50.25014],[2.57408,50.24715],[2.55808,50.24037],[2.55634,50.23721],[2.55284,50.23645],[2.55225,50.23698],[2.54814,50.23516]]]]}},{"type":"Feature","properties":{"code":"62348","nom":"Foufflin-Ricametz","departement":"62","region":"32"},"geometry":{"type":"MultiPolygon","coordinates":[[[[2.386,50.33891],[2.38331,50.34283],[2.3743,50.34665],[2.36869,50.35002],[2.37046,50.35269],[2.37372,50.35167],[2.37846,50.35739],[2.38106,50.35868],[2.40621,50.35369],[2.40522,50.34842],[2.39915,50.34899],[2.386,50.33891]]]]}},{"type":"Feature","properties":{"code":"62349","nom":"Fouquereuil","departement":"62","region":"32"},"geometry":{"type":"MultiPolygon","coordinates":[[[[2.59429,50.52852],[2.59563,50.52912],[2.60968,50.52565],[2.61551,50.52317],[2.61594,50.52196],[2.61716,50.52198],[2.59854,50.51359],[2.59615,50.5143],[2.5885,50.51415],[2.58709,50.51533],[2.58975,50.51563],[2.59129,50.52336],[2.59299,50.52776],[2.59429,50.52852]]]]}},{"type":"Feature","properties":{"code":"62350","nom":"Fouquières-lès-Béthune","departement":"62","region":"32"},"geometry":{"type":"MultiPolygon","coordinates":[[[[2.60114,50.50668],[2.60273,50.50758],[2.59854,50.51359],[2.61716,50.52198],[2.62231,50.51812],[2.62771,50.51286],[2.62717,50.51221],[2.60991,50.50379],[2.60677,50.50504],[2.60612,50.50443],[2.60114,50.50668]]]]}},{"type":"Feature","properties":{"code":"62351","nom":"Fouquières-lès-Lens","departement":"62","region":"32"},"geometry":{"type":"MultiPolygon","coordinates":[[[[2.88726,50.41982],[2.8891,50.41983],[2.89127,50.42103],[2.89022,50.42383],[2.89121,50.42522],[2.89308,50.42568],[2.88767,50.43079],[2.88826,50.43424],[2.88943,50.43521],[2.90022,50.43729],[2.9003,50.43657],[2.90376,50.43655],[2.92014,50.43836],[2.9218,50.43938],[2.92609,50.4381],[2.92059,50.43257],[2.91967,50.43162],[2.9234,50.43021],[2.92103,50.42807],[2.91943,50.42659],[2.91874,50.42291],[2.91716,50.4243],[2.91494,50.42411],[2.91505,50.42344],[2.91122,50.42239],[2.89964,50.4203],[2.89969,50.41983],[2.89977,50.41913],[2.89168,50.41854],[2.89051,50.41786],[2.88913,50.41747],[2.8894,50.41893],[2.88758,50.41898],[2.88726,50.41982]]]]}},{"type":"Feature","properties":{"code":"62352","nom":"Framecourt","departement":"62","region":"32"},"geometry":{"type":"MultiPolygon","coordinates":[[[[2.31079,50.31469],[2.30709,50.31392],[2.29307,50.31665],[2.29905,50.32357],[2.29757,50.32711],[2.29564,50.32895],[2.30089,50.33263],[2.3032,50.33351],[2.30702,50.33354],[2.31711,50.32906],[2.31534,50.32206],[2.31384,50.32114],[2.3121,50.31522],[2.31079,50.31469]]]]}},{"type":"Feature","properties":{"code":"62353","nom":"Frémicourt","departement":"62","region":"32"},"geometry":{"type":"MultiPolygon","coordinates":[[[[2.91265,50.12254],[2.92538,50.10583],[2.92957,50.1031],[2.91971,50.09912],[2.90204,50.10235],[2.88499,50.10941],[2.88042,50.11615],[2.8784,50.11893],[2.88655,50.12436],[2.89028,50.12437],[2.89001,50.12153],[2.91265,50.12254]]]]}},{"type":"Feature","properties":{"code":"62354","nom":"Frencq","departement":"62","region":"32"},"geometry":{"type":"MultiPolygon","coordinates":[[[[1.65166,50.57059],[1.65781,50.57426],[1.66985,50.57834],[1.67652,50.57811],[1.68283,50.58076],[1.69297,50.58928],[1.69285,50.59105],[1.69873,50.59373],[1.70032,50.59529],[1.71309,50.59135],[1.71117,50.59055],[1.70982,50.57819],[1.71155,50.57304],[1.71949,50.56826],[1.72247,50.56687],[1.72136,50.56441],[1.71461,50.55671],[1.71229,50.55091],[1.71104,50.55088],[1.7071,50.5484],[1.71072,50.54179],[1.708,50.54206],[1.70784,50.53962],[1.69855,50.53377],[1.68345,50.52882],[1.68259,50.52838],[1.67889,50.53021],[1.67755,50.53491],[1.67855,50.53518],[1.67757,50.53855],[1.6723,50.54365],[1.66301,50.55058],[1.66199,50.56329],[1.65758,50.56713],[1.65166,50.57059]]]]}},{"type":"Feature","properties":{"code":"62355","nom":"Fresnes-lès-Montauban","departement":"62","region":"32"},"geometry":{"type":"MultiPolygon","coordinates":[[[[2.91324,50.33895],[2.93234,50.34912],[2.9434,50.34851],[2.94711,50.34366],[2.94947,50.34004],[2.94865,50.33413],[2.94475,50.32929],[2.92563,50.32669],[2.9128,50.32125],[2.91083,50.33302],[2.90854,50.33745],[2.91324,50.33895]]]]}},{"type":"Feature","properties":{"code":"62356","nom":"Fresnicourt-le-Dolmen","departement":"62","region":"32"},"geometry":{"type":"MultiPolygon","coordinates":[[[[2.61077,50.43916],[2.61625,50.4314],[2.62127,50.42784],[2.62437,50.4268],[2.63063,50.42619],[2.6278,50.42378],[2.62563,50.41912],[2.62056,50.41238],[2.6052,50.40865],[2.60338,50.40676],[2.60137,50.41033],[2.59174,50.41804],[2.58573,50.42119],[2.58222,50.42133],[2.57684,50.42404],[2.58328,50.43257],[2.58508,50.43365],[2.58601,50.43318],[2.58881,50.43376],[2.5931,50.43593],[2.59604,50.4379],[2.60035,50.44368],[2.6015,50.44424],[2.60418,50.44404],[2.60628,50.44319],[2.61077,50.43916]]]]}},{"type":"Feature","properties":{"code":"62357","nom":"Fresnoy","departement":"62","region":"32"},"geometry":{"type":"MultiPolygon","coordinates":[[[[2.15231,50.37832],[2.14521,50.36924],[2.13604,50.36208],[2.1303,50.3659],[2.1288,50.37778],[2.12933,50.38008],[2.13032,50.38035],[2.13379,50.38064],[2.13926,50.38402],[2.14443,50.38241],[2.15231,50.37832]]]]}},{"type":"Feature","properties":{"code":"62358","nom":"Fresnoy-en-Gohelle","departement":"62","region":"32"},"geometry":{"type":"MultiPolygon","coordinates":[[[[2.89426,50.37895],[2.89823,50.37477],[2.90395,50.37439],[2.91206,50.3643],[2.89833,50.35888],[2.8943,50.35896],[2.89136,50.36085],[2.89004,50.36079],[2.88724,50.35876],[2.8847,50.3622],[2.88046,50.37616],[2.88642,50.37703],[2.88688,50.37551],[2.89426,50.37895]]]]}},{"type":"Feature","properties":{"code":"62359","nom":"Fressin","departement":"62","region":"32"},"geometry":{"type":"MultiPolygon","coordinates":[[[[2.06963,50.42745],[2.06806,50.42853],[2.05649,50.42876],[2.048,50.42794],[2.04018,50.42935],[2.03735,50.4303],[2.03574,50.433],[2.02568,50.44325],[2.01285,50.44686],[2.00684,50.44756],[2.00293,50.44753],[2.00015,50.44549],[2.00594,50.45319],[2.01313,50.45639],[2.01958,50.46047],[2.02922,50.4603],[2.04074,50.45376],[2.04685,50.45794],[2.05246,50.46347],[2.0591,50.47634],[2.06416,50.47884],[2.06828,50.47907],[2.07488,50.4744],[2.07533,50.47039],[2.0733,50.46649],[2.07344,50.46132],[2.08832,50.44807],[2.08512,50.44742],[2.08416,50.43964],[2.08506,50.43867],[2.08285,50.43732],[2.07539,50.43056],[2.06963,50.42745]]]]}},{"type":"Feature","properties":{"code":"62360","nom":"Fréthun","departement":"62","region":"32"},"geometry":{"type":"MultiPolygon","coordinates":[[[[1.80023,50.89101],[1.79295,50.90328],[1.78984,50.90695],[1.78474,50.91019],[1.7979,50.91708],[1.82783,50.92614],[1.84964,50.92416],[1.85288,50.922],[1.85122,50.92133],[1.85123,50.91804],[1.85822,50.91541],[1.84737,50.91205],[1.83835,50.91439],[1.83187,50.91216],[1.82477,50.90856],[1.80912,50.89571],[1.80023,50.89101]]]]}},{"type":"Feature","properties":{"code":"62361","nom":"Frévent","departement":"62","region":"32"},"geometry":{"type":"MultiPolygon","coordinates":[[[[2.28104,50.29523],[2.28296,50.2932],[2.28627,50.29512],[2.29702,50.29652],[2.29947,50.29411],[2.30516,50.28974],[2.31915,50.284],[2.32159,50.28447],[2.3229,50.28152],[2.31518,50.27985],[2.31056,50.27571],[2.31154,50.27005],[2.31765,50.25538],[2.31776,50.25304],[2.31525,50.24671],[2.31149,50.24596],[2.29636,50.24676],[2.28862,50.25013],[2.28372,50.25486],[2.25805,50.26621],[2.27101,50.2766],[2.2755,50.28245],[2.27883,50.29196],[2.28104,50.29523]]]]}},{"type":"Feature","properties":{"code":"62583","nom":"Mondicourt","departement":"62","region":"32"},"geometry":{"type":"MultiPolygon","coordinates":[[[[2.45876,50.15959],[2.45296,50.1697],[2.44749,50.17581],[2.45081,50.179],[2.46998,50.18787],[2.4741,50.18889],[2.48002,50.18247],[2.48588,50.16705],[2.48478,50.16648],[2.48221,50.16951],[2.47527,50.16499],[2.45876,50.15959]]]]}},{"type":"Feature","properties":{"code":"62362","nom":"Frévillers","departement":"62","region":"32"},"geometry":{"type":"MultiPolygon","coordinates":[[[[2.52434,50.38641],[2.52411,50.38625],[2.5182,50.39025],[2.51111,50.39318],[2.50513,50.39394],[2.5077,50.39658],[2.50988,50.39673],[2.51287,50.39994],[2.51267,50.40615],[2.50809,50.41128],[2.51182,50.4115],[2.52069,50.41439],[2.52099,50.41353],[2.53207,50.41192],[2.53287,50.41235],[2.54378,50.40011],[2.54222,50.39695],[2.54297,50.39563],[2.53046,50.39059],[2.52434,50.38641]]]]}},{"type":"Feature","properties":{"code":"62363","nom":"Frévin-Capelle","departement":"62","region":"32"},"geometry":{"type":"MultiPolygon","coordinates":[[[[2.64857,50.36158],[2.64762,50.35967],[2.64896,50.35698],[2.6468,50.34899],[2.64631,50.34799],[2.64298,50.34636],[2.63936,50.33836],[2.63186,50.33781],[2.62505,50.33932],[2.62866,50.34367],[2.62826,50.36085],[2.63086,50.36036],[2.63137,50.36297],[2.63317,50.36317],[2.64029,50.36322],[2.64857,50.36158]]]]}},{"type":"Feature","properties":{"code":"62364","nom":"Fruges","departement":"62","region":"32"},"geometry":{"type":"MultiPolygon","coordinates":[[[[2.11764,50.53614],[2.11945,50.53607],[2.12241,50.53768],[2.1268,50.53794],[2.12924,50.53286],[2.13361,50.52805],[2.14431,50.5231],[2.14926,50.52293],[2.15317,50.52446],[2.15577,50.52479],[2.16553,50.51985],[2.17932,50.511],[2.16435,50.50324],[2.15032,50.49458],[2.14334,50.4948],[2.12665,50.49191],[2.12253,50.49096],[2.12036,50.49449],[2.12552,50.50039],[2.12742,50.50678],[2.12245,50.51024],[2.10944,50.50594],[2.08286,50.49895],[2.07933,50.50151],[2.0646,50.50798],[2.05962,50.511],[2.05745,50.51452],[2.05943,50.51509],[2.08508,50.51796],[2.09126,50.51908],[2.10228,50.52251],[2.11277,50.52763],[2.11764,50.53614]]]]}},{"type":"Feature","properties":{"code":"62365","nom":"Galametz","departement":"62","region":"32"},"geometry":{"type":"MultiPolygon","coordinates":[[[[2.14558,50.33627],[2.14971,50.33278],[2.15223,50.32754],[2.12178,50.31492],[2.11693,50.31752],[2.11192,50.32171],[2.11059,50.3243],[2.11177,50.32574],[2.11038,50.32719],[2.11717,50.33076],[2.13314,50.33616],[2.1385,50.33332],[2.14558,50.33627]]]]}},{"type":"Feature","properties":{"code":"62366","nom":"Gauchin-Légal","departement":"62","region":"32"},"geometry":{"type":"MultiPolygon","coordinates":[[[[2.57684,50.42404],[2.58222,50.42133],[2.58573,50.42119],[2.59174,50.41804],[2.60137,50.41033],[2.60338,50.40676],[2.60173,50.40218],[2.5919,50.3961],[2.59009,50.39691],[2.5815,50.40653],[2.57683,50.40776],[2.57207,50.40659],[2.56364,50.40248],[2.54443,50.39565],[2.54297,50.39563],[2.54222,50.39695],[2.54378,50.40011],[2.54893,50.40161],[2.5604,50.40963],[2.56822,50.41899],[2.57235,50.42061],[2.57684,50.42404]]]]}},{"type":"Feature","properties":{"code":"62367","nom":"Gauchin-Verloingt","departement":"62","region":"32"},"geometry":{"type":"MultiPolygon","coordinates":[[[[2.32033,50.40523],[2.32928,50.39994],[2.33123,50.39721],[2.33254,50.39688],[2.33145,50.39526],[2.33299,50.38961],[2.32985,50.38216],[2.32136,50.3771],[2.31259,50.37845],[2.2994,50.37817],[2.29299,50.38672],[2.29493,50.3902],[2.32033,50.40523]]]]}},{"type":"Feature","properties":{"code":"62368","nom":"Gaudiempré","departement":"62","region":"32"},"geometry":{"type":"MultiPolygon","coordinates":[[[[2.52723,50.19249],[2.53143,50.19401],[2.53644,50.19267],[2.53575,50.19119],[2.53805,50.18993],[2.53744,50.18946],[2.55035,50.18301],[2.54293,50.17899],[2.543,50.17231],[2.54616,50.16252],[2.54259,50.16041],[2.53288,50.1624],[2.52646,50.16633],[2.51914,50.16691],[2.51208,50.16374],[2.5073,50.16213],[2.50366,50.16244],[2.50146,50.16674],[2.50542,50.1681],[2.52622,50.18628],[2.52793,50.1894],[2.52723,50.19249]]]]}},{"type":"Feature","properties":{"code":"62369","nom":"Gavrelle","departement":"62","region":"32"},"geometry":{"type":"MultiPolygon","coordinates":[[[[2.89069,50.31346],[2.88894,50.31569],[2.86403,50.31817],[2.85178,50.31895],[2.84996,50.31828],[2.84887,50.32003],[2.85719,50.32289],[2.87225,50.33816],[2.87357,50.33883],[2.88583,50.33915],[2.90277,50.33626],[2.90854,50.33745],[2.91083,50.33302],[2.9128,50.32125],[2.9068,50.32019],[2.90329,50.31785],[2.90245,50.31855],[2.89569,50.31604],[2.89069,50.31346]]]]}},{"type":"Feature","properties":{"code":"62370","nom":"Gennes-Ivergny","departement":"62","region":"32"},"geometry":{"type":"MultiPolygon","coordinates":[[[[2.03975,50.27727],[2.04669,50.28231],[2.06099,50.28727],[2.06198,50.28688],[2.06208,50.28882],[2.06822,50.2922],[2.07435,50.29209],[2.08825,50.28899],[2.09632,50.28093],[2.09702,50.27898],[2.08482,50.27179],[2.08153,50.26838],[2.07782,50.268],[2.06929,50.26482],[2.06433,50.25547],[2.05536,50.25528],[2.05041,50.25695],[2.03813,50.2642],[2.03696,50.26662],[2.02631,50.26966],[2.03975,50.27727]]]]}},{"type":"Feature","properties":{"code":"62371","nom":"Givenchy-en-Gohelle","departement":"62","region":"32"},"geometry":{"type":"MultiPolygon","coordinates":[[[[2.78978,50.40607],[2.79648,50.39514],[2.80017,50.39274],[2.77145,50.37689],[2.77075,50.37765],[2.76374,50.37894],[2.76394,50.37996],[2.7651,50.38266],[2.76028,50.38393],[2.75768,50.39255],[2.76097,50.39587],[2.77472,50.40463],[2.78603,50.4043],[2.78978,50.40607]]]]}},{"type":"Feature","properties":{"code":"62372","nom":"Givenchy-le-Noble","departement":"62","region":"32"},"geometry":{"type":"MultiPolygon","coordinates":[[[[2.48923,50.30655],[2.50123,50.30966],[2.50326,50.30306],[2.50291,50.29695],[2.4886,50.29076],[2.48638,50.29017],[2.47493,50.29834],[2.47418,50.29999],[2.48923,50.30655]]]]}},{"type":"Feature","properties":{"code":"62373","nom":"Givenchy-lès-la-Bassée","departement":"62","region":"32"},"geometry":{"type":"MultiPolygon","coordinates":[[[[2.76463,50.52179],[2.75034,50.52251],[2.74895,50.53061],[2.74962,50.53719],[2.75271,50.54692],[2.75639,50.54829],[2.75876,50.54294],[2.7777,50.53028],[2.77622,50.52669],[2.77143,50.5214],[2.76463,50.52179]]]]}},{"type":"Feature","properties":{"code":"62374","nom":"Gomiécourt","departement":"62","region":"32"},"geometry":{"type":"MultiPolygon","coordinates":[[[[2.80538,50.15652],[2.80756,50.15717],[2.81441,50.15198],[2.81287,50.15129],[2.81967,50.14725],[2.81594,50.14503],[2.81384,50.14178],[2.80041,50.14376],[2.79392,50.14131],[2.78967,50.13966],[2.78291,50.14194],[2.78317,50.145],[2.78523,50.15434],[2.79258,50.15801],[2.79819,50.15818],[2.80351,50.15604],[2.80538,50.15652]]]]}},{"type":"Feature","properties":{"code":"62375","nom":"Gommecourt","departement":"62","region":"32"},"geometry":{"type":"MultiPolygon","coordinates":[[[[2.66123,50.1466],[2.66713,50.13126],[2.66539,50.12965],[2.64778,50.12935],[2.64046,50.13214],[2.63305,50.13629],[2.64506,50.14375],[2.65044,50.14589],[2.66123,50.1466]]]]}},{"type":"Feature","properties":{"code":"62376","nom":"Gonnehem","departement":"62","region":"32"},"geometry":{"type":"MultiPolygon","coordinates":[[[[2.5442,50.57148],[2.55921,50.57639],[2.56117,50.58333],[2.56015,50.58407],[2.57094,50.58412],[2.57825,50.58247],[2.5854,50.57984],[2.59554,50.57226],[2.59891,50.57064],[2.60252,50.57108],[2.60687,50.57409],[2.6093,50.57413],[2.61475,50.57243],[2.60525,50.56097],[2.60603,50.55973],[2.60154,50.55671],[2.59814,50.55797],[2.59458,50.55826],[2.59059,50.55656],[2.58821,50.55159],[2.58552,50.5503],[2.58193,50.54983],[2.5712,50.55314],[2.55934,50.55187],[2.53641,50.54609],[2.52886,50.55239],[2.52344,50.55729],[2.53009,50.5658],[2.5306,50.56775],[2.5442,50.57148]]]]}},{"type":"Feature","properties":{"code":"62377","nom":"Gosnay","departement":"62","region":"32"},"geometry":{"type":"MultiPolygon","coordinates":[[[[2.60114,50.50668],[2.58434,50.50143],[2.57905,50.50097],[2.57714,50.50174],[2.57436,50.5057],[2.57672,50.50963],[2.57525,50.51025],[2.58505,50.51525],[2.58709,50.51533],[2.5885,50.51415],[2.59615,50.5143],[2.59854,50.51359],[2.60273,50.50758],[2.60114,50.50668]]]]}},{"type":"Feature","properties":{"code":"62378","nom":"Gouves","departement":"62","region":"32"},"geometry":{"type":"MultiPolygon","coordinates":[[[[2.65215,50.28493],[2.63583,50.29326],[2.63047,50.29868],[2.62708,50.30604],[2.63924,50.30782],[2.65864,50.29361],[2.66209,50.28818],[2.65215,50.28493]]]]}},{"type":"Feature","properties":{"code":"62379","nom":"Gouy-en-Artois","departement":"62","region":"32"},"geometry":{"type":"MultiPolygon","coordinates":[[[[2.58996,50.21847],[2.58734,50.22508],[2.58211,50.23067],[2.57644,50.23397],[2.5693,50.23545],[2.56218,50.23573],[2.55727,50.23428],[2.55284,50.23645],[2.55634,50.23721],[2.55808,50.24037],[2.57408,50.24715],[2.57883,50.25014],[2.58926,50.2632],[2.59184,50.26487],[2.61223,50.25151],[2.61047,50.25129],[2.60536,50.24339],[2.60943,50.24234],[2.61124,50.24191],[2.61224,50.23946],[2.61115,50.22957],[2.59574,50.22342],[2.59632,50.22165],[2.5969,50.22033],[2.58996,50.21847]]]]}},{"type":"Feature","properties":{"code":"62380","nom":"Gouy-Servins","departement":"62","region":"32"},"geometry":{"type":"MultiPolygon","coordinates":[[[[2.66649,50.3942],[2.66378,50.39626],[2.6556,50.39671],[2.65222,50.39296],[2.65332,50.39224],[2.65171,50.3911],[2.64979,50.392],[2.6489,50.39284],[2.64454,50.39263],[2.64012,50.39486],[2.63946,50.39979],[2.65382,50.41503],[2.66506,50.41175],[2.66266,50.40946],[2.66267,50.40799],[2.66412,50.40459],[2.66834,50.40289],[2.66995,50.39888],[2.66836,50.39534],[2.66649,50.3942]]]]}},{"type":"Feature","properties":{"code":"62381","nom":"Gouy-en-Ternois","departement":"62","region":"32"},"geometry":{"type":"MultiPolygon","coordinates":[[[[2.42075,50.33577],[2.41865,50.33296],[2.43058,50.31871],[2.42994,50.31658],[2.42704,50.31352],[2.42454,50.31261],[2.39997,50.30868],[2.39462,50.31069],[2.39274,50.31257],[2.40014,50.32514],[2.39697,50.32805],[2.41175,50.33877],[2.41404,50.33735],[2.42075,50.33577]]]]}},{"type":"Feature","properties":{"code":"62382","nom":"Gouy-Saint-André","departement":"62","region":"32"},"geometry":{"type":"MultiPolygon","coordinates":[[[[1.89583,50.35373],[1.89463,50.35495],[1.89002,50.35676],[1.88226,50.35946],[1.87956,50.36264],[1.87824,50.36822],[1.87989,50.37813],[1.8897,50.38598],[1.90447,50.39183],[1.90603,50.39095],[1.91545,50.38656],[1.92099,50.38884],[1.93076,50.3912],[1.9355,50.38978],[1.93755,50.38517],[1.93583,50.38427],[1.93715,50.38275],[1.94511,50.36972],[1.94279,50.36777],[1.93314,50.36881],[1.92642,50.36773],[1.92419,50.36669],[1.92154,50.36149],[1.92277,50.35941],[1.90453,50.35946],[1.89969,50.35707],[1.89583,50.35373]]]]}},{"type":"Feature","properties":{"code":"62383","nom":"Gouy-sous-Bellonne","departement":"62","region":"32"},"geometry":{"type":"MultiPolygon","coordinates":[[[[3.08431,50.31119],[3.05921,50.30207],[3.05809,50.30222],[3.05953,50.30338],[3.04239,50.30905],[3.03677,50.30791],[3.03472,50.31267],[3.03512,50.31417],[3.04314,50.3196],[3.04413,50.31892],[3.05239,50.32508],[3.05192,50.32545],[3.06011,50.32891],[3.07842,50.31618],[3.08431,50.31119]]]]}},{"type":"Feature","properties":{"code":"62384","nom":"Graincourt-lès-Havrincourt","departement":"62","region":"32"},"geometry":{"type":"MultiPolygon","coordinates":[[[[3.13541,50.14405],[3.13633,50.14299],[3.13536,50.14039],[3.13344,50.1409],[3.12401,50.13725],[3.11481,50.13139],[3.0965,50.12428],[3.07372,50.12991],[3.07262,50.13097],[3.07398,50.13148],[3.07369,50.13423],[3.06796,50.14744],[3.07362,50.14865],[3.09588,50.16313],[3.09658,50.16426],[3.10014,50.16361],[3.09921,50.16308],[3.10093,50.16202],[3.11716,50.14687],[3.13475,50.14323],[3.13541,50.14405]]]]}},{"type":"Feature","properties":{"code":"62385","nom":"Grand-Rullecourt","departement":"62","region":"32"},"geometry":{"type":"MultiPolygon","coordinates":[[[[2.50394,50.26464],[2.51956,50.25265],[2.51725,50.2511],[2.50781,50.25143],[2.49727,50.24817],[2.48738,50.24176],[2.48012,50.24084],[2.46259,50.24046],[2.45717,50.24133],[2.44091,50.25548],[2.44672,50.26427],[2.44567,50.26529],[2.45218,50.26495],[2.45898,50.2669],[2.47065,50.26412],[2.49111,50.26296],[2.49789,50.26279],[2.50394,50.26464]]]]}},{"type":"Feature","properties":{"code":"62386","nom":"Grenay","departement":"62","region":"32"},"geometry":{"type":"MultiPolygon","coordinates":[[[[2.75999,50.44279],[2.75548,50.44146],[2.74527,50.43833],[2.74377,50.44182],[2.73959,50.44576],[2.73841,50.44488],[2.73735,50.44542],[2.72742,50.45575],[2.72914,50.45797],[2.72963,50.45765],[2.7368,50.45845],[2.73923,50.46043],[2.7495,50.45918],[2.75247,50.45769],[2.75653,50.45398],[2.75695,50.45283],[2.75795,50.45036],[2.75999,50.44279]]]]}},{"type":"Feature","properties":{"code":"62387","nom":"Grévillers","departement":"62","region":"32"},"geometry":{"type":"MultiPolygon","coordinates":[[[[2.77746,50.09958],[2.78124,50.10824],[2.78064,50.11111],[2.78348,50.11214],[2.7825,50.11522],[2.79617,50.11391],[2.80131,50.1168],[2.80325,50.11329],[2.80468,50.1121],[2.81375,50.10887],[2.82204,50.10836],[2.81897,50.10466],[2.82103,50.09914],[2.82231,50.09815],[2.80137,50.08867],[2.8002,50.08978],[2.79189,50.09162],[2.78255,50.09171],[2.78208,50.09106],[2.77807,50.09381],[2.78012,50.09825],[2.77746,50.09958]]]]}},{"type":"Feature","properties":{"code":"62388","nom":"Grigny","departement":"62","region":"32"},"geometry":{"type":"MultiPolygon","coordinates":[[[[2.06363,50.37396],[2.0605,50.374],[2.05132,50.3799],[2.05465,50.38065],[2.05909,50.38465],[2.05856,50.39386],[2.06152,50.39479],[2.079,50.37612],[2.06363,50.37396]]]]}},{"type":"Feature","properties":{"code":"62389","nom":"Grincourt-lès-Pas","departement":"62","region":"32"},"geometry":{"type":"MultiPolygon","coordinates":[[[[2.4741,50.18889],[2.48501,50.1914],[2.48289,50.19043],[2.49842,50.1781],[2.50148,50.17082],[2.50202,50.16905],[2.49417,50.1673],[2.48876,50.16436],[2.48478,50.16648],[2.48588,50.16705],[2.48002,50.18247],[2.4741,50.18889]]]]}},{"type":"Feature","properties":{"code":"62390","nom":"Groffliers","departement":"62","region":"32"},"geometry":{"type":"MultiPolygon","coordinates":[[[[1.61771,50.37238],[1.61017,50.37308],[1.59614,50.37635],[1.57947,50.38154],[1.57351,50.39025],[1.57614,50.38986],[1.58127,50.38966],[1.59594,50.39652],[1.59992,50.39805],[1.60627,50.39855],[1.60596,50.39923],[1.60982,50.40025],[1.61279,50.40018],[1.61879,50.39653],[1.62239,50.39192],[1.62527,50.39213],[1.62613,50.38992],[1.62999,50.38689],[1.6305,50.38187],[1.62955,50.37962],[1.61771,50.37238]]]]}},{"type":"Feature","properties":{"code":"62391","nom":"Guarbecque","departement":"62","region":"32"},"geometry":{"type":"MultiPolygon","coordinates":[[[[2.47967,50.59234],[2.47114,50.59128],[2.46558,50.59215],[2.46497,50.59571],[2.47227,50.59804],[2.48513,50.61241],[2.4888,50.61909],[2.48807,50.6195],[2.48805,50.61951],[2.49083,50.6243],[2.50737,50.6229],[2.50797,50.61163],[2.498,50.60296],[2.49313,50.59494],[2.48959,50.5933],[2.47967,50.59234]]]]}},{"type":"Feature","properties":{"code":"62392","nom":"Guémappe","departement":"62","region":"32"},"geometry":{"type":"MultiPolygon","coordinates":[[[[2.87487,50.26473],[2.9053,50.25708],[2.91599,50.25298],[2.91678,50.25302],[2.91626,50.25049],[2.91446,50.25005],[2.9138,50.24896],[2.91463,50.24755],[2.90715,50.24356],[2.88877,50.23815],[2.87913,50.24508],[2.88196,50.24695],[2.88343,50.24965],[2.87916,50.25744],[2.87351,50.26193],[2.87297,50.26345],[2.87487,50.26473]]]]}},{"type":"Feature","properties":{"code":"62393","nom":"Guemps","departement":"62","region":"32"},"geometry":{"type":"MultiPolygon","coordinates":[[[[1.97819,50.91854],[1.96521,50.94151],[1.96247,50.94474],[1.96198,50.94542],[1.9666,50.94709],[1.96899,50.9489],[1.9785,50.95012],[1.99172,50.94834],[1.99355,50.94465],[1.99195,50.94137],[1.996,50.93533],[2.00731,50.92693],[2.01306,50.92029],[2.0319,50.90299],[2.03527,50.89586],[2.00073,50.88678],[1.99687,50.89726],[1.9934,50.90243],[1.98716,50.90705],[1.98415,50.90769],[1.98175,50.90905],[1.97961,50.91201],[1.97819,50.91854]]]]}},{"type":"Feature","properties":{"code":"62395","nom":"Guigny","departement":"62","region":"32"},"geometry":{"type":"MultiPolygon","coordinates":[[[[2.02196,50.33637],[2.0087,50.32913],[2.00664,50.32667],[1.98081,50.31873],[1.97752,50.314],[1.97173,50.31647],[1.9708,50.32068],[1.97902,50.32768],[1.98269,50.33013],[2.00255,50.33526],[2.01129,50.33962],[2.01579,50.33772],[2.01777,50.33901],[2.02196,50.33637]]]]}},{"type":"Feature","properties":{"code":"62396","nom":"Guinecourt","departement":"62","region":"32"},"geometry":{"type":"MultiPolygon","coordinates":[[[[2.22519,50.33772],[2.22476,50.33742],[2.21415,50.34554],[2.23556,50.35799],[2.23788,50.35771],[2.23948,50.35659],[2.23692,50.35335],[2.24044,50.3469],[2.24054,50.34529],[2.23351,50.34263],[2.22519,50.33772]]]]}},{"type":"Feature","properties":{"code":"62397","nom":"Guînes","departement":"62","region":"32"},"geometry":{"type":"MultiPolygon","coordinates":[[[[1.87841,50.81632],[1.87669,50.81689],[1.8644,50.82219],[1.8571,50.83049],[1.83726,50.84224],[1.82634,50.84886],[1.85148,50.87923],[1.86068,50.88499],[1.87004,50.885],[1.87472,50.88263],[1.87591,50.88406],[1.88173,50.89378],[1.91884,50.88132],[1.91878,50.8807],[1.91868,50.8785],[1.91663,50.87735],[1.908,50.87705],[1.90161,50.86658],[1.89297,50.85648],[1.88694,50.85156],[1.88519,50.84905],[1.88327,50.84123],[1.88517,50.83529],[1.88914,50.83053],[1.88908,50.82908],[1.88553,50.82267],[1.88063,50.81816],[1.87841,50.81632]]]]}},{"type":"Feature","properties":{"code":"62398","nom":"Guisy","departement":"62","region":"32"},"geometry":{"type":"MultiPolygon","coordinates":[[[[1.99448,50.38885],[1.99523,50.39039],[1.99303,50.39135],[1.99372,50.39267],[1.99493,50.3924],[1.9986,50.39484],[2.00567,50.39107],[2.0121,50.38516],[2.01077,50.38169],[2.00723,50.38208],[2.00522,50.38038],[2.00418,50.38106],[1.99947,50.38588],[1.99448,50.38885]]]]}},{"type":"Feature","properties":{"code":"62399","nom":"Habarcq","departement":"62","region":"32"},"geometry":{"type":"MultiPolygon","coordinates":[[[[2.60067,50.28811],[2.59929,50.29013],[2.60235,50.29292],[2.60126,50.29783],[2.59836,50.30308],[2.58898,50.30777],[2.58178,50.3061],[2.58106,50.30593],[2.57865,50.31006],[2.57968,50.31044],[2.59777,50.31625],[2.60068,50.3181],[2.60963,50.33041],[2.61193,50.33104],[2.61346,50.33022],[2.6158,50.33098],[2.61997,50.32236],[2.62642,50.3132],[2.62837,50.30957],[2.61819,50.30088],[2.60903,50.29613],[2.60476,50.29073],[2.60629,50.2889],[2.60067,50.28811]]]]}},{"type":"Feature","properties":{"code":"62400","nom":"Haillicourt","departement":"62","region":"32"},"geometry":{"type":"MultiPolygon","coordinates":[[[[2.55389,50.46551],[2.55565,50.46726],[2.56285,50.47421],[2.56436,50.47678],[2.56512,50.47751],[2.56602,50.47812],[2.57406,50.48152],[2.58019,50.48333],[2.58841,50.48836],[2.59125,50.48665],[2.59448,50.48592],[2.60039,50.48565],[2.59945,50.48409],[2.6027,50.48347],[2.60533,50.48082],[2.60324,50.48112],[2.59577,50.47813],[2.58307,50.46995],[2.56354,50.46259],[2.56192,50.4611],[2.55389,50.46551]]]]}},{"type":"Feature","properties":{"code":"62401","nom":"Haisnes","departement":"62","region":"32"},"geometry":{"type":"MultiPolygon","coordinates":[[[[2.78466,50.48568],[2.78462,50.48991],[2.79026,50.50668],[2.79937,50.51778],[2.79682,50.52275],[2.79403,50.52141],[2.79108,50.52378],[2.79435,50.52669],[2.79936,50.52857],[2.80018,50.52749],[2.80294,50.52821],[2.80354,50.52729],[2.80989,50.49968],[2.80957,50.49625],[2.80928,50.4933],[2.79671,50.48807],[2.79222,50.48302],[2.79005,50.47286],[2.77959,50.47944],[2.78703,50.48581],[2.78466,50.48568]]]]}},{"type":"Feature","properties":{"code":"62402","nom":"Halinghen","departement":"62","region":"32"},"geometry":{"type":"MultiPolygon","coordinates":[[[[1.6743,50.6225],[1.67745,50.62315],[1.68305,50.61836],[1.69034,50.61602],[1.69578,50.61523],[1.70072,50.61634],[1.69705,50.6114],[1.69816,50.59872],[1.70032,50.59529],[1.69873,50.59373],[1.69285,50.59105],[1.69188,50.59241],[1.68475,50.59435],[1.6736,50.59403],[1.6654,50.59265],[1.66291,50.59511],[1.658,50.60356],[1.6654,50.60444],[1.66763,50.60286],[1.67439,50.60693],[1.67956,50.61912],[1.6743,50.6225]]]]}},{"type":"Feature","properties":{"code":"62403","nom":"Hallines","departement":"62","region":"32"},"geometry":{"type":"MultiPolygon","coordinates":[[[[2.19908,50.72104],[2.22207,50.70719],[2.22985,50.70079],[2.23034,50.69941],[2.22237,50.69373],[2.21897,50.69142],[2.20872,50.69017],[2.19026,50.68134],[2.1896,50.68618],[2.198,50.69419],[2.20103,50.69997],[2.20304,50.70719],[2.20135,50.71051],[2.19942,50.71011],[2.19576,50.7132],[2.19327,50.71941],[2.19392,50.71916],[2.19489,50.72126],[2.1962,50.72182],[2.19838,50.72202],[2.19908,50.72104]]]]}},{"type":"Feature","properties":{"code":"62404","nom":"Halloy","departement":"62","region":"32"},"geometry":{"type":"MultiPolygon","coordinates":[[[[2.43774,50.15499],[2.43475,50.15421],[2.43036,50.14942],[2.42718,50.14784],[2.41589,50.14698],[2.41695,50.15676],[2.41633,50.163],[2.41473,50.16418],[2.41624,50.16789],[2.41487,50.17331],[2.42073,50.17463],[2.42586,50.17581],[2.42811,50.1733],[2.43126,50.16892],[2.43774,50.15499]]]]}},{"type":"Feature","properties":{"code":"62405","nom":"Hamblain-les-Prés","departement":"62","region":"32"},"geometry":{"type":"MultiPolygon","coordinates":[[[[2.96455,50.27805],[2.95974,50.28144],[2.95389,50.28383],[2.94296,50.28674],[2.9415,50.28636],[2.93802,50.28793],[2.9398,50.28923],[2.94577,50.30141],[2.95772,50.30424],[2.97815,50.2922],[2.97893,50.2916],[2.97247,50.28331],[2.96455,50.27805]]]]}},{"type":"Feature","properties":{"code":"62406","nom":"Hamelincourt","departement":"62","region":"32"},"geometry":{"type":"MultiPolygon","coordinates":[[[[2.82241,50.18313],[2.82079,50.18283],[2.81816,50.17575],[2.80968,50.16863],[2.80661,50.16793],[2.80646,50.16907],[2.7971,50.16726],[2.78825,50.16955],[2.78655,50.17221],[2.78841,50.17258],[2.78909,50.17445],[2.7901,50.18515],[2.78854,50.1916],[2.78482,50.19784],[2.78974,50.20117],[2.79178,50.19929],[2.79802,50.19837],[2.80124,50.19929],[2.80318,50.19995],[2.81233,50.19757],[2.82095,50.18789],[2.82325,50.18336],[2.82241,50.18313]]]]}},{"type":"Feature","properties":{"code":"62407","nom":"Ham-en-Artois","departement":"62","region":"32"},"geometry":{"type":"MultiPolygon","coordinates":[[[[2.47967,50.59234],[2.4812,50.59023],[2.47866,50.59025],[2.47875,50.58853],[2.4707,50.58622],[2.44556,50.58471],[2.43255,50.59077],[2.43163,50.59031],[2.43222,50.59382],[2.43847,50.59362],[2.43984,50.59736],[2.44124,50.59725],[2.44565,50.60116],[2.45843,50.59566],[2.46497,50.59571],[2.46558,50.59215],[2.47114,50.59128],[2.47967,50.59234]]]]}},{"type":"Feature","properties":{"code":"62408","nom":"Hames-Boucres","departement":"62","region":"32"},"geometry":{"type":"MultiPolygon","coordinates":[[[[1.81566,50.87325],[1.81973,50.87488],[1.83106,50.88245],[1.84413,50.89495],[1.8575,50.90531],[1.86477,50.91374],[1.86404,50.91398],[1.85822,50.91541],[1.85123,50.91804],[1.85122,50.92133],[1.85288,50.922],[1.85997,50.91767],[1.87393,50.91273],[1.88112,50.90635],[1.88284,50.89723],[1.8819,50.89412],[1.88173,50.89378],[1.87591,50.88406],[1.87472,50.88263],[1.87004,50.885],[1.86068,50.88499],[1.85148,50.87923],[1.82634,50.84886],[1.81078,50.85636],[1.82077,50.86434],[1.81753,50.86816],[1.81566,50.87325]]]]}},{"type":"Feature","properties":{"code":"62409","nom":"Hannescamps","departement":"62","region":"32"},"geometry":{"type":"MultiPolygon","coordinates":[[[[2.61601,50.15701],[2.63321,50.17013],[2.63568,50.17123],[2.63819,50.17178],[2.64387,50.1697],[2.66325,50.15983],[2.6537,50.15245],[2.63545,50.15862],[2.61826,50.15529],[2.61601,50.15701]]]]}},{"type":"Feature","properties":{"code":"62410","nom":"Haplincourt","departement":"62","region":"32"},"geometry":{"type":"MultiPolygon","coordinates":[[[[2.92957,50.1031],[2.93023,50.10242],[2.93418,50.10335],[2.93432,50.10262],[2.95591,50.09478],[2.95707,50.09538],[2.95948,50.09288],[2.95614,50.08654],[2.95329,50.08621],[2.95148,50.08477],[2.94995,50.08629],[2.94529,50.08625],[2.9259,50.08541],[2.92424,50.08398],[2.91612,50.08857],[2.92068,50.09332],[2.92113,50.0954],[2.91769,50.09806],[2.91971,50.09912],[2.92957,50.1031]]]]}},{"type":"Feature","properties":{"code":"62411","nom":"Haravesnes","departement":"62","region":"32"},"geometry":{"type":"MultiPolygon","coordinates":[[[[2.12729,50.29509],[2.13931,50.28364],[2.13996,50.28291],[2.13378,50.27839],[2.12623,50.27462],[2.12342,50.27404],[2.1227,50.27388],[2.11293,50.2822],[2.11541,50.28503],[2.11666,50.29195],[2.11967,50.29403],[2.12729,50.29509]]]]}},{"type":"Feature","properties":{"code":"62412","nom":"Hardinghen","departement":"62","region":"32"},"geometry":{"type":"MultiPolygon","coordinates":[[[[1.80668,50.81124],[1.81901,50.81028],[1.83428,50.81251],[1.8414,50.81092],[1.84321,50.80965],[1.84155,50.80863],[1.84226,50.80216],[1.85009,50.79505],[1.85645,50.78745],[1.85217,50.78317],[1.83629,50.78226],[1.82415,50.78367],[1.82094,50.78312],[1.82252,50.785],[1.80473,50.797],[1.80437,50.80089],[1.80668,50.81124]]]]}},{"type":"Feature","properties":{"code":"62413","nom":"Harnes","departement":"62","region":"32"},"geometry":{"type":"MultiPolygon","coordinates":[[[[2.92032,50.43982],[2.9218,50.43938],[2.92014,50.43836],[2.90376,50.43655],[2.9003,50.43657],[2.90022,50.43729],[2.90101,50.43916],[2.88674,50.4358],[2.88411,50.43596],[2.88314,50.43736],[2.88247,50.43832],[2.87806,50.4378],[2.87746,50.43921],[2.87693,50.44049],[2.86875,50.43925],[2.86809,50.44177],[2.86548,50.44802],[2.86491,50.45001],[2.87265,50.45045],[2.87886,50.45273],[2.87759,50.45295],[2.88904,50.45777],[2.89245,50.45656],[2.89422,50.45741],[2.89887,50.46102],[2.90023,50.46433],[2.90379,50.46601],[2.91173,50.46866],[2.92143,50.46791],[2.93633,50.46855],[2.93719,50.46653],[2.94023,50.46617],[2.94219,50.46371],[2.94159,50.45991],[2.94025,50.46012],[2.93769,50.46033],[2.92606,50.45434],[2.9169,50.44713],[2.92032,50.43982]]]]}},{"type":"Feature","properties":{"code":"62414","nom":"Haucourt","departement":"62","region":"32"},"geometry":{"type":"MultiPolygon","coordinates":[[[[2.99311,50.23482],[2.99131,50.23527],[2.98843,50.23084],[2.9899,50.23052],[2.9855,50.22702],[2.98438,50.2276],[2.97108,50.22204],[2.9676,50.22524],[2.95367,50.23165],[2.95239,50.23233],[2.9452,50.24522],[2.94503,50.24664],[2.94616,50.24722],[2.95154,50.2495],[2.95805,50.25089],[2.96105,50.25054],[2.96548,50.24642],[2.97063,50.24799],[2.98367,50.24104],[2.98512,50.24249],[2.98593,50.2422],[2.98747,50.24198],[2.99448,50.23652],[2.99311,50.23482]]]]}},{"type":"Feature","properties":{"code":"62415","nom":"Haute-Avesnes","departement":"62","region":"32"},"geometry":{"type":"MultiPolygon","coordinates":[[[[2.61997,50.32236],[2.6158,50.33098],[2.61623,50.33632],[2.61862,50.33703],[2.62321,50.33601],[2.62505,50.33932],[2.63186,50.33781],[2.63936,50.33836],[2.64095,50.33831],[2.64826,50.33316],[2.64538,50.33128],[2.65231,50.32882],[2.65776,50.32841],[2.66345,50.32651],[2.66086,50.32424],[2.6619,50.32383],[2.65988,50.32093],[2.64598,50.32438],[2.61997,50.32236]]]]}},{"type":"Feature","properties":{"code":"62416","nom":"Hautecloque","departement":"62","region":"32"},"geometry":{"type":"MultiPolygon","coordinates":[[[[2.30952,50.34565],[2.31194,50.34345],[2.31923,50.34587],[2.33737,50.34186],[2.33738,50.33981],[2.34247,50.33423],[2.32957,50.32395],[2.33006,50.32123],[2.32343,50.31903],[2.31952,50.31864],[2.31614,50.32064],[2.31534,50.32206],[2.31711,50.32906],[2.30702,50.33354],[2.3032,50.33351],[2.30089,50.33263],[2.29564,50.32895],[2.29493,50.32838],[2.28367,50.32808],[2.28155,50.32865],[2.2774,50.33204],[2.28238,50.33448],[2.29626,50.33955],[2.30952,50.34565]]]]}},{"type":"Feature","properties":{"code":"62418","nom":"Hauteville","departement":"62","region":"32"},"geometry":{"type":"MultiPolygon","coordinates":[[[[2.58938,50.27581],[2.58376,50.26874],[2.58649,50.26647],[2.57448,50.26628],[2.55802,50.26776],[2.54168,50.26309],[2.54048,50.26541],[2.54194,50.26767],[2.56206,50.27779],[2.55943,50.27954],[2.56634,50.28122],[2.57572,50.28059],[2.58938,50.27581]]]]}},{"type":"Feature","properties":{"code":"62419","nom":"Haut-Loquin","departement":"62","region":"32"},"geometry":{"type":"MultiPolygon","coordinates":[[[[1.96068,50.72104],[1.95689,50.72172],[1.95103,50.72439],[1.94674,50.72779],[1.94755,50.73348],[1.94575,50.7362],[1.9497,50.74083],[1.97204,50.75421],[1.973,50.75468],[1.97198,50.75227],[1.97282,50.75159],[1.97818,50.75157],[1.98138,50.75212],[1.98497,50.75074],[1.98443,50.74978],[1.97757,50.74039],[1.96068,50.72104]]]]}},{"type":"Feature","properties":{"code":"62421","nom":"Havrincourt","departement":"62","region":"32"},"geometry":{"type":"MultiPolygon","coordinates":[[[[3.10429,50.11137],[3.10446,50.10903],[3.10598,50.10947],[3.10601,50.10863],[3.10437,50.10464],[3.10307,50.10477],[3.09952,50.10099],[3.09278,50.09633],[3.07839,50.09019],[3.07603,50.08737],[3.07851,50.08164],[3.08156,50.07884],[3.08626,50.07732],[3.08703,50.07552],[3.08594,50.07338],[3.08372,50.07209],[3.0657,50.07615],[3.05342,50.0747],[3.05082,50.07314],[3.04477,50.07206],[3.03822,50.073],[3.04185,50.08012],[3.04275,50.07979],[3.04465,50.08083],[3.0461,50.08441],[3.0438,50.08479],[3.05034,50.10179],[3.06034,50.11315],[3.0622,50.12601],[3.06732,50.12875],[3.07262,50.13097],[3.07372,50.12991],[3.0965,50.12428],[3.09248,50.12057],[3.10429,50.11137]]]]}},{"type":"Feature","properties":{"code":"62422","nom":"Hébuterne","departement":"62","region":"32"},"geometry":{"type":"MultiPolygon","coordinates":[[[[2.63588,50.1002],[2.6336,50.10095],[2.63093,50.10537],[2.6309,50.10735],[2.62994,50.11307],[2.61808,50.12964],[2.63305,50.13629],[2.64046,50.13214],[2.64778,50.12935],[2.66539,50.12965],[2.66713,50.13126],[2.67727,50.12511],[2.66127,50.11254],[2.65685,50.10589],[2.6564,50.10284],[2.65791,50.10154],[2.65654,50.10052],[2.6552,50.10018],[2.64906,50.09464],[2.64775,50.09451],[2.64392,50.09767],[2.6411,50.09773],[2.63588,50.1002]]]]}},{"type":"Feature","properties":{"code":"62423","nom":"Helfaut","departement":"62","region":"32"},"geometry":{"type":"MultiPolygon","coordinates":[[[[2.24968,50.67811],[2.24644,50.67942],[2.23468,50.67795],[2.22466,50.69189],[2.22237,50.69373],[2.23034,50.69941],[2.22985,50.70079],[2.2327,50.70102],[2.25255,50.70836],[2.24965,50.70467],[2.25429,50.70237],[2.26096,50.70431],[2.26124,50.7056],[2.26826,50.7063],[2.26928,50.70437],[2.27256,50.69897],[2.27583,50.6969],[2.2766,50.69479],[2.2736,50.68857],[2.26865,50.68353],[2.26326,50.68138],[2.264,50.68066],[2.25896,50.67816],[2.25309,50.67735],[2.24968,50.67811]]]]}},{"type":"Feature","properties":{"code":"62424","nom":"Hendecourt-lès-Cagnicourt","departement":"62","region":"32"},"geometry":{"type":"MultiPolygon","coordinates":[[[[2.97189,50.20977],[2.96071,50.20711],[2.95143,50.20127],[2.94964,50.19688],[2.92509,50.20672],[2.92324,50.21003],[2.92353,50.21333],[2.92658,50.21844],[2.92967,50.22121],[2.92845,50.22231],[2.93884,50.22743],[2.94007,50.22593],[2.94659,50.22635],[2.95008,50.22769],[2.9514,50.23019],[2.95367,50.23165],[2.9676,50.22524],[2.97108,50.22204],[2.97525,50.21601],[2.97449,50.21135],[2.97189,50.20977]]]]}},{"type":"Feature","properties":{"code":"62425","nom":"Hendecourt-lès-Ransart","departement":"62","region":"32"},"geometry":{"type":"MultiPolygon","coordinates":[[[[2.74553,50.21417],[2.74871,50.21067],[2.74451,50.20614],[2.73331,50.20233],[2.73267,50.20077],[2.70771,50.20485],[2.70674,50.20683],[2.72146,50.211],[2.72751,50.21057],[2.73122,50.21152],[2.73266,50.2128],[2.73369,50.21565],[2.73851,50.2179],[2.73945,50.21717],[2.73713,50.21509],[2.73824,50.21153],[2.74553,50.21417]]]]}},{"type":"Feature","properties":{"code":"62426","nom":"Héninel","departement":"62","region":"32"},"geometry":{"type":"MultiPolygon","coordinates":[[[[2.88877,50.23815],[2.88766,50.23142],[2.89093,50.22949],[2.88618,50.22613],[2.88022,50.21935],[2.87685,50.2178],[2.87296,50.2198],[2.86615,50.22377],[2.84738,50.2405],[2.85552,50.24542],[2.87913,50.24508],[2.88877,50.23815]]]]}},{"type":"Feature","properties":{"code":"62427","nom":"Hénin-Beaumont","departement":"62","region":"32"},"geometry":{"type":"MultiPolygon","coordinates":[[[[2.92217,50.40932],[2.9246,50.41014],[2.926,50.41101],[2.93039,50.41506],[2.93096,50.41968],[2.9326,50.41967],[2.93266,50.42216],[2.93756,50.42268],[2.94281,50.42542],[2.94136,50.42617],[2.93834,50.42807],[2.93976,50.43232],[2.94339,50.43981],[2.95338,50.4374],[2.96263,50.44231],[2.9646,50.44613],[2.9627,50.44723],[2.96553,50.44944],[2.96015,50.45189],[2.97045,50.46128],[2.97236,50.46111],[2.97208,50.4561],[2.98012,50.461],[2.98288,50.45932],[2.98058,50.45754],[2.97921,50.45357],[2.9799,50.44618],[2.97049,50.44064],[2.96295,50.43931],[2.95058,50.43065],[2.95306,50.42804],[2.958,50.42695],[2.95997,50.42554],[2.96643,50.42646],[2.97353,50.4242],[2.97711,50.4221],[2.9766,50.41954],[2.97437,50.41703],[2.97713,50.41634],[2.97207,50.41205],[2.97945,50.40382],[2.9899,50.39494],[2.99498,50.38752],[2.99467,50.38272],[2.97702,50.37944],[2.97622,50.38085],[2.97251,50.38171],[2.95758,50.37656],[2.95381,50.38187],[2.94947,50.37868],[2.94531,50.38119],[2.94845,50.38296],[2.94425,50.3961],[2.93814,50.4008],[2.9355,50.40211],[2.93026,50.40069],[2.92654,50.40134],[2.92465,50.40375],[2.92169,50.40608],[2.92341,50.40817],[2.92217,50.40932]]]]}},{"type":"Feature","properties":{"code":"62428","nom":"Hénin-sur-Cojeul","departement":"62","region":"32"},"geometry":{"type":"MultiPolygon","coordinates":[[[[2.8338,50.23645],[2.84159,50.22837],[2.8615,50.21481],[2.86218,50.21329],[2.85274,50.20228],[2.85351,50.20085],[2.8468,50.19779],[2.84492,50.19849],[2.83953,50.20247],[2.83818,50.20633],[2.83473,50.21078],[2.82431,50.21898],[2.81334,50.231],[2.81467,50.23258],[2.81989,50.23442],[2.82085,50.2333],[2.8338,50.23645]]]]}},{"type":"Feature","properties":{"code":"62429","nom":"Henneveux","departement":"62","region":"32"},"geometry":{"type":"MultiPolygon","coordinates":[[[[1.86892,50.71895],[1.86462,50.71316],[1.85054,50.71576],[1.84603,50.7154],[1.82319,50.72625],[1.81633,50.73436],[1.82655,50.73406],[1.84378,50.73736],[1.85446,50.73323],[1.85769,50.7343],[1.8673,50.73112],[1.86419,50.72326],[1.86726,50.71932],[1.86892,50.71895]]]]}},{"type":"Feature","properties":{"code":"62430","nom":"Hénu","departement":"62","region":"32"},"geometry":{"type":"MultiPolygon","coordinates":[[[[2.53869,50.14777],[2.53325,50.14438],[2.52998,50.14355],[2.52663,50.14412],[2.52479,50.14542],[2.51208,50.16374],[2.51914,50.16691],[2.52646,50.16633],[2.53288,50.1624],[2.54259,50.16041],[2.54616,50.16252],[2.54807,50.16301],[2.55493,50.15963],[2.5545,50.15923],[2.53869,50.14777]]]]}},{"type":"Feature","properties":{"code":"62432","nom":"Herbinghen","departement":"62","region":"32"},"geometry":{"type":"MultiPolygon","coordinates":[[[[1.91678,50.76511],[1.91509,50.76655],[1.9109,50.76553],[1.893,50.75496],[1.87822,50.75054],[1.87682,50.75138],[1.87024,50.74902],[1.86703,50.75127],[1.8822,50.76278],[1.90654,50.77332],[1.92642,50.77768],[1.92757,50.7757],[1.92682,50.77467],[1.91678,50.76511]]]]}},{"type":"Feature","properties":{"code":"62433","nom":"Héricourt","departement":"62","region":"32"},"geometry":{"type":"MultiPolygon","coordinates":[[[[2.24044,50.3469],[2.25906,50.348],[2.26674,50.34357],[2.27391,50.33483],[2.24681,50.32826],[2.23936,50.32675],[2.23816,50.32718],[2.22519,50.33772],[2.23351,50.34263],[2.24054,50.34529],[2.24044,50.3469]]]]}},{"type":"Feature","properties":{"code":"62434","nom":"La Herlière","departement":"62","region":"32"},"geometry":{"type":"MultiPolygon","coordinates":[[[[2.55384,50.1849],[2.55035,50.18301],[2.53744,50.18946],[2.53805,50.18993],[2.546,50.19468],[2.5498,50.20457],[2.54692,50.20895],[2.55027,50.21036],[2.5577,50.21042],[2.58038,50.21517],[2.58187,50.21228],[2.56989,50.20742],[2.56676,50.2049],[2.56816,50.20198],[2.57499,50.20124],[2.57783,50.19788],[2.55384,50.1849]]]]}},{"type":"Feature","properties":{"code":"62435","nom":"Herlincourt","departement":"62","region":"32"},"geometry":{"type":"MultiPolygon","coordinates":[[[[2.30952,50.34565],[2.29626,50.33955],[2.28238,50.33448],[2.27448,50.34061],[2.28902,50.35432],[2.2896,50.35352],[2.29946,50.34974],[2.30602,50.35066],[2.30952,50.34565]]]]}},{"type":"Feature","properties":{"code":"62436","nom":"Herlin-le-Sec","departement":"62","region":"32"},"geometry":{"type":"MultiPolygon","coordinates":[[[[2.31923,50.34587],[2.31708,50.34626],[2.31675,50.35096],[2.32067,50.35621],[2.32985,50.36254],[2.33053,50.36522],[2.33126,50.36652],[2.33373,50.36703],[2.33527,50.36522],[2.34116,50.36376],[2.34405,50.35949],[2.34443,50.35194],[2.34642,50.34526],[2.33737,50.34186],[2.31923,50.34587]]]]}},{"type":"Feature","properties":{"code":"62437","nom":"Herly","departement":"62","region":"32"},"geometry":{"type":"MultiPolygon","coordinates":[[[[2.00459,50.56239],[2.00727,50.56014],[2.00582,50.55904],[2.00702,50.55532],[2.01084,50.55104],[2.01787,50.54671],[2.0317,50.54304],[2.0348,50.53975],[2.03328,50.53407],[2.02417,50.52857],[2.0218,50.52884],[2.02199,50.52663],[2.01284,50.52583],[2.01183,50.52786],[2.00901,50.52944],[1.9982,50.53135],[1.99283,50.52817],[1.99038,50.52405],[1.98525,50.52239],[1.96623,50.51867],[1.96286,50.52082],[1.96226,50.52623],[1.95993,50.52885],[1.95667,50.53017],[1.9518,50.52891],[1.95099,50.5309],[1.95524,50.53208],[1.9515,50.53608],[1.95441,50.53915],[1.95371,50.54018],[1.96214,50.54164],[1.97176,50.54439],[1.97585,50.54686],[1.97587,50.55137],[1.9678,50.56157],[1.96701,50.5626],[1.97465,50.56534],[1.98337,50.56543],[1.98543,50.56627],[1.98805,50.56441],[1.99083,50.56466],[1.99118,50.56312],[1.99311,50.56158],[2.00459,50.56239]]]]}},{"type":"Feature","properties":{"code":"62438","nom":"Hermaville","departement":"62","region":"32"},"geometry":{"type":"MultiPolygon","coordinates":[[[[2.57968,50.31044],[2.57443,50.31511],[2.56511,50.31575],[2.56233,50.31535],[2.56072,50.31716],[2.56386,50.31762],[2.5644,50.33185],[2.56744,50.33322],[2.57284,50.33561],[2.58006,50.33712],[2.59849,50.33507],[2.60116,50.33557],[2.6034,50.3352],[2.60484,50.33406],[2.6082,50.33492],[2.60977,50.335],[2.6106,50.33381],[2.60908,50.33382],[2.60963,50.33041],[2.60068,50.3181],[2.59777,50.31625],[2.57968,50.31044]]]]}},{"type":"Feature","properties":{"code":"62439","nom":"Hermelinghen","departement":"62","region":"32"},"geometry":{"type":"MultiPolygon","coordinates":[[[[1.88025,50.80159],[1.87386,50.79542],[1.86304,50.78976],[1.85645,50.78745],[1.85009,50.79505],[1.84226,50.80216],[1.84155,50.80863],[1.84321,50.80965],[1.84382,50.80933],[1.84816,50.81142],[1.85283,50.81524],[1.86032,50.81833],[1.86716,50.81933],[1.87669,50.81689],[1.87841,50.81632],[1.87802,50.80566],[1.88025,50.80159]]]]}},{"type":"Feature","properties":{"code":"62440","nom":"Hermies","departement":"62","region":"32"},"geometry":{"type":"MultiPolygon","coordinates":[[[[3.0438,50.08479],[3.03869,50.08556],[3.03102,50.09312],[3.02264,50.0966],[3.01917,50.09748],[3.01512,50.09749],[3.00724,50.09493],[3.00276,50.10444],[3.00416,50.10466],[3.01063,50.11281],[3.02621,50.11731],[3.03705,50.13055],[3.06225,50.13047],[3.06732,50.12875],[3.0622,50.12601],[3.06034,50.11315],[3.05034,50.10179],[3.0438,50.08479]]]]}},{"type":"Feature","properties":{"code":"62441","nom":"Hermin","departement":"62","region":"32"},"geometry":{"type":"MultiPolygon","coordinates":[[[[2.53287,50.41235],[2.54898,50.42225],[2.5535,50.42428],[2.56258,50.42673],[2.57235,50.42061],[2.56822,50.41899],[2.5604,50.40963],[2.54893,50.40161],[2.54378,50.40011],[2.53287,50.41235]]]]}},{"type":"Feature","properties":{"code":"62442","nom":"Hernicourt","departement":"62","region":"32"},"geometry":{"type":"MultiPolygon","coordinates":[[[[2.26861,50.41662],[2.2661,50.41861],[2.26902,50.41964],[2.2675,50.42088],[2.2746,50.42348],[2.29497,50.42759],[2.29926,50.42955],[2.30191,50.43206],[2.30941,50.43114],[2.31122,50.42967],[2.31093,50.42906],[2.32194,50.42723],[2.34082,50.43022],[2.33432,50.41678],[2.32949,50.4105],[2.32765,50.40874],[2.32033,50.40523],[2.29493,50.3902],[2.28561,50.39484],[2.28147,50.39542],[2.2818,50.39688],[2.28423,50.39688],[2.29704,50.40544],[2.30847,50.41178],[2.30747,50.41469],[2.30534,50.41785],[2.2973,50.42032],[2.29395,50.42009],[2.28316,50.41601],[2.27057,50.41531],[2.26861,50.41662]]]]}},{"type":"Feature","properties":{"code":"62443","nom":"Hersin-Coupigny","departement":"62","region":"32"},"geometry":{"type":"MultiPolygon","coordinates":[[[[2.65805,50.43558],[2.64647,50.42346],[2.63908,50.42523],[2.63063,50.42619],[2.62437,50.4268],[2.62127,50.42784],[2.61625,50.4314],[2.61077,50.43916],[2.6221,50.44881],[2.62708,50.4524],[2.63896,50.46631],[2.6675,50.46327],[2.6716,50.46229],[2.67324,50.46264],[2.6749,50.46144],[2.67336,50.46045],[2.66476,50.44173],[2.66276,50.44039],[2.66085,50.43895],[2.66204,50.43823],[2.65805,50.43558]]]]}},{"type":"Feature","properties":{"code":"62444","nom":"Hervelinghen","departement":"62","region":"32"},"geometry":{"type":"MultiPolygon","coordinates":[[[[1.71523,50.89902],[1.71726,50.89748],[1.73494,50.89194],[1.73597,50.89104],[1.73937,50.88765],[1.73491,50.87779],[1.73552,50.87622],[1.73447,50.87439],[1.73102,50.87327],[1.71187,50.87271],[1.70671,50.87182],[1.70322,50.87205],[1.70016,50.8751],[1.70117,50.87593],[1.70356,50.87806],[1.70342,50.88751],[1.71523,50.89902]]]]}},{"type":"Feature","properties":{"code":"62445","nom":"Hesdigneul-lès-Béthune","departement":"62","region":"32"},"geometry":{"type":"MultiPolygon","coordinates":[[[[2.58841,50.48836],[2.59025,50.48972],[2.58988,50.49225],[2.58434,50.50143],[2.60114,50.50668],[2.60612,50.50443],[2.60677,50.50504],[2.60991,50.50379],[2.61075,50.50345],[2.60818,50.50033],[2.60625,50.49082],[2.60388,50.49098],[2.60039,50.48565],[2.59448,50.48592],[2.59125,50.48665],[2.58841,50.48836]]]]}},{"type":"Feature","properties":{"code":"62446","nom":"Hesdigneul-lès-Boulogne","departement":"62","region":"32"},"geometry":{"type":"MultiPolygon","coordinates":[[[[1.65881,50.66637],[1.67128,50.66089],[1.69227,50.6539],[1.69482,50.64316],[1.68943,50.63953],[1.6874,50.63931],[1.68681,50.63986],[1.67341,50.6487],[1.6571,50.65762],[1.65541,50.66113],[1.6585,50.66683],[1.65881,50.66637]]]]}},{"type":"Feature","properties":{"code":"62447","nom":"Hesdin-la-Forêt","departement":"62","region":"32"},"geometry":{"type":"MultiPolygon","coordinates":[[[[2.03944,50.34755],[2.03694,50.34604],[2.03382,50.34767],[2.03084,50.35198],[2.029,50.35818],[2.01606,50.35522],[2.01018,50.35241],[2.00129,50.35452],[1.9965,50.35696],[2.00171,50.35988],[2.01141,50.36127],[2.02279,50.3658],[2.02879,50.3705],[2.03054,50.37455],[2.02583,50.37832],[2.01938,50.38026],[2.01077,50.38169],[2.0121,50.38516],[2.00567,50.39107],[1.9986,50.39484],[1.99493,50.3924],[1.99372,50.39267],[1.97761,50.40195],[1.98295,50.40799],[1.9847,50.40866],[1.99398,50.40658],[2.02654,50.40621],[2.02871,50.40484],[2.03236,50.40353],[2.0392,50.40776],[2.04082,50.40735],[2.06041,50.39725],[2.06152,50.39479],[2.05856,50.39386],[2.05909,50.38465],[2.05465,50.38065],[2.05132,50.3799],[2.0605,50.374],[2.06363,50.37396],[2.06308,50.37233],[2.05474,50.37052],[2.05788,50.3672],[2.06209,50.36643],[2.06106,50.36528],[2.05961,50.36035],[2.0558,50.35624],[2.04867,50.34981],[2.0433,50.34708],[2.04098,50.34574],[2.03944,50.34755]]]]}},{"type":"Feature","properties":{"code":"62448","nom":"Hesdin-l'Abbé","departement":"62","region":"32"},"geometry":{"type":"MultiPolygon","coordinates":[[[[1.68189,50.68024],[1.68903,50.68264],[1.7075,50.68251],[1.71076,50.67911],[1.70609,50.67068],[1.71076,50.67061],[1.71232,50.66918],[1.71106,50.66506],[1.70111,50.66023],[1.69227,50.6539],[1.67128,50.66089],[1.65881,50.66637],[1.6644,50.66927],[1.67825,50.67897],[1.68189,50.68024]]]]}},{"type":"Feature","properties":{"code":"62449","nom":"Hesmond","departement":"62","region":"32"},"geometry":{"type":"MultiPolygon","coordinates":[[[[1.91636,50.46852],[1.91434,50.46974],[1.91441,50.47066],[1.92873,50.48433],[1.92986,50.48332],[1.93427,50.48403],[1.9381,50.48623],[1.93919,50.48575],[1.93326,50.48204],[1.93313,50.47748],[1.94465,50.47362],[1.94932,50.47294],[1.95828,50.47448],[1.9621,50.47926],[1.9683,50.47921],[1.9627,50.47246],[1.95364,50.46803],[1.95142,50.4619],[1.97234,50.44621],[1.97152,50.44566],[1.9705,50.44488],[1.96157,50.44413],[1.95305,50.44504],[1.94605,50.4482],[1.93142,50.45772],[1.9295,50.45831],[1.92626,50.45684],[1.91906,50.46333],[1.91942,50.46543],[1.91636,50.46852]]]]}},{"type":"Feature","properties":{"code":"62450","nom":"Hestrus","departement":"62","region":"32"},"geometry":{"type":"MultiPolygon","coordinates":[[[[2.33763,50.46789],[2.33978,50.46352],[2.35726,50.44995],[2.35169,50.44493],[2.34853,50.43978],[2.34329,50.43858],[2.33596,50.43818],[2.33307,50.44017],[2.3235,50.43801],[2.31869,50.43621],[2.31122,50.42967],[2.30941,50.43114],[2.30191,50.43206],[2.30343,50.44206],[2.31733,50.44602],[2.31888,50.44786],[2.31993,50.45216],[2.31931,50.4565],[2.3154,50.45917],[2.31614,50.45987],[2.32433,50.46727],[2.33018,50.47055],[2.33418,50.47174],[2.3352,50.46795],[2.33763,50.46789]]]]}},{"type":"Feature","properties":{"code":"62451","nom":"Heuchin","departement":"62","region":"32"},"geometry":{"type":"MultiPolygon","coordinates":[[[[2.25067,50.47722],[2.24763,50.47953],[2.24619,50.48254],[2.24797,50.48918],[2.24622,50.49095],[2.25888,50.4959],[2.26129,50.49584],[2.27088,50.49314],[2.28106,50.48771],[2.29761,50.48543],[2.30009,50.48655],[2.30307,50.49074],[2.30618,50.48962],[2.30213,50.4829],[2.2885,50.47439],[2.29076,50.47218],[2.28563,50.46894],[2.28484,50.4698],[2.26978,50.46553],[2.26816,50.46614],[2.25067,50.47722]]]]}},{"type":"Feature","properties":{"code":"62452","nom":"Heuringhem","departement":"62","region":"32"},"geometry":{"type":"MultiPolygon","coordinates":[[[[2.33405,50.68937],[2.33183,50.6869],[2.32731,50.68743],[2.31398,50.6965],[2.30923,50.6976],[2.29279,50.69214],[2.27567,50.67968],[2.26715,50.67745],[2.264,50.68066],[2.26326,50.68138],[2.26865,50.68353],[2.2736,50.68857],[2.2766,50.69479],[2.27583,50.6969],[2.27256,50.69897],[2.26928,50.70437],[2.28235,50.705],[2.29302,50.70693],[2.30358,50.70513],[2.31292,50.70187],[2.3223,50.69714],[2.32649,50.69675],[2.32986,50.69446],[2.33405,50.68937]]]]}},{"type":"Feature","properties":{"code":"62453","nom":"Hézecques","departement":"62","region":"32"},"geometry":{"type":"MultiPolygon","coordinates":[[[[2.21355,50.53431],[2.20986,50.53334],[2.19874,50.5281],[2.19456,50.5235],[2.19343,50.52214],[2.17276,50.52762],[2.16402,50.53086],[2.16912,50.53589],[2.1674,50.53669],[2.18045,50.53847],[2.19993,50.5435],[2.20771,50.54351],[2.21156,50.53867],[2.21355,50.53431]]]]}},{"type":"Feature","properties":{"code":"62454","nom":"Hinges","departement":"62","region":"32"},"geometry":{"type":"MultiPolygon","coordinates":[[[[2.62479,50.55167],[2.62012,50.5539],[2.61374,50.5542],[2.61019,50.55346],[2.60603,50.55973],[2.60525,50.56097],[2.61475,50.57243],[2.62305,50.58302],[2.62942,50.58761],[2.63366,50.59191],[2.63436,50.59352],[2.63327,50.59606],[2.63702,50.59785],[2.64235,50.59134],[2.64442,50.58553],[2.64755,50.564],[2.62877,50.55481],[2.62479,50.55167]]]]}},{"type":"Feature","properties":{"code":"62455","nom":"Hocquinghen","departement":"62","region":"32"},"geometry":{"type":"MultiPolygon","coordinates":[[[[1.92836,50.76198],[1.92745,50.76267],[1.91761,50.76411],[1.91678,50.76511],[1.92682,50.77467],[1.92977,50.77132],[1.94205,50.76942],[1.94413,50.77003],[1.94778,50.76546],[1.94788,50.75972],[1.94643,50.75835],[1.94393,50.75732],[1.9396,50.76101],[1.93498,50.76216],[1.92836,50.76198]]]]}},{"type":"Feature","properties":{"code":"62456","nom":"Houchin","departement":"62","region":"32"},"geometry":{"type":"MultiPolygon","coordinates":[[[[2.63398,50.47037],[2.63298,50.47097],[2.61065,50.46864],[2.60533,50.48082],[2.6027,50.48347],[2.59945,50.48409],[2.60039,50.48565],[2.60388,50.49098],[2.60625,50.49082],[2.6163,50.4883],[2.6325,50.4853],[2.63527,50.48442],[2.63739,50.48242],[2.63398,50.47037]]]]}},{"type":"Feature","properties":{"code":"62457","nom":"Houdain","departement":"62","region":"32"},"geometry":{"type":"MultiPolygon","coordinates":[[[[2.5283,50.44426],[2.52744,50.44505],[2.5089,50.45474],[2.52396,50.46281],[2.52796,50.46403],[2.53585,50.46313],[2.54195,50.46685],[2.545,50.46476],[2.55221,50.46775],[2.5517,50.46817],[2.55437,50.46956],[2.5561,50.46905],[2.55565,50.46726],[2.55389,50.46551],[2.56192,50.4611],[2.56067,50.45992],[2.55596,50.45326],[2.55465,50.45248],[2.54112,50.44254],[2.53878,50.44155],[2.53126,50.44043],[2.5282,50.44083],[2.5283,50.44426]]]]}},{"type":"Feature","properties":{"code":"62458","nom":"Houlle","departement":"62","region":"32"},"geometry":{"type":"MultiPolygon","coordinates":[[[[2.14068,50.7812],[2.13587,50.779],[2.13426,50.77943],[2.12674,50.78053],[2.12127,50.7795],[2.11835,50.78109],[2.12081,50.78333],[2.1352,50.7915],[2.14552,50.7958],[2.19735,50.81199],[2.19802,50.81436],[2.2018,50.81693],[2.21149,50.81977],[2.21336,50.8106],[2.20356,50.80926],[2.19068,50.80523],[2.1714,50.79408],[2.14068,50.7812]]]]}},{"type":"Feature","properties":{"code":"62459","nom":"Houvin-Houvigneul","departement":"62","region":"32"},"geometry":{"type":"MultiPolygon","coordinates":[[[[2.38065,50.31148],[2.39464,50.30576],[2.39924,50.30808],[2.40274,50.30057],[2.39997,50.29506],[2.39612,50.29317],[2.39286,50.28744],[2.39448,50.28506],[2.38347,50.27937],[2.38197,50.27881],[2.38257,50.28028],[2.37597,50.28072],[2.37177,50.28101],[2.36029,50.28541],[2.36005,50.28685],[2.35828,50.28952],[2.34882,50.29164],[2.34722,50.29549],[2.35144,50.29582],[2.35865,50.30193],[2.35704,50.30349],[2.38065,50.31148]]]]}},{"type":"Feature","properties":{"code":"62460","nom":"Hubersent","departement":"62","region":"32"},"geometry":{"type":"MultiPolygon","coordinates":[[[[1.73002,50.59507],[1.73796,50.591],[1.75669,50.59054],[1.76798,50.59156],[1.76832,50.58993],[1.77593,50.5845],[1.77943,50.57712],[1.77692,50.57445],[1.77542,50.57315],[1.77413,50.5733],[1.77175,50.57744],[1.76945,50.57892],[1.74435,50.57746],[1.71949,50.56826],[1.71155,50.57304],[1.70982,50.57819],[1.71117,50.59055],[1.71309,50.59135],[1.71975,50.59141],[1.73043,50.59425],[1.73002,50.59507]]]]}},{"type":"Feature","properties":{"code":"62462","nom":"Huclier","departement":"62","region":"32"},"geometry":{"type":"MultiPolygon","coordinates":[[[[2.34396,50.43123],[2.34257,50.43356],[2.34522,50.43404],[2.34329,50.43858],[2.34853,50.43978],[2.35169,50.44493],[2.35726,50.44995],[2.3579,50.45032],[2.3613,50.4485],[2.36342,50.44678],[2.36462,50.43839],[2.36418,50.43432],[2.36188,50.4304],[2.35758,50.42837],[2.36052,50.42461],[2.35417,50.42142],[2.34752,50.42589],[2.34396,50.43123]]]]}},{"type":"Feature","properties":{"code":"62463","nom":"Hucqueliers","departement":"62","region":"32"},"geometry":{"type":"MultiPolygon","coordinates":[[[[1.93542,50.55993],[1.93165,50.55712],[1.92267,50.55334],[1.8967,50.55228],[1.89911,50.55692],[1.89977,50.56789],[1.90422,50.57717],[1.91773,50.58803],[1.9184,50.59124],[1.92216,50.59256],[1.92696,50.58139],[1.93121,50.57739],[1.93013,50.57474],[1.93331,50.56879],[1.93542,50.55993]]]]}},{"type":"Feature","properties":{"code":"62464","nom":"Hulluch","departement":"62","region":"32"},"geometry":{"type":"MultiPolygon","coordinates":[[[[2.83823,50.49466],[2.82059,50.48273],[2.81195,50.47265],[2.80666,50.46805],[2.80192,50.47065],[2.79051,50.47106],[2.79005,50.47286],[2.79222,50.48302],[2.79671,50.48807],[2.80928,50.4933],[2.80957,50.49625],[2.81132,50.49639],[2.81904,50.49334],[2.82845,50.49456],[2.83347,50.49646],[2.83626,50.49886],[2.83482,50.50078],[2.84094,50.50365],[2.84526,50.50064],[2.83823,50.49466]]]]}},{"type":"Feature","properties":{"code":"62465","nom":"Humbercamps","departement":"62","region":"32"},"geometry":{"type":"MultiPolygon","coordinates":[[[[2.58927,50.19854],[2.59111,50.19532],[2.59213,50.19439],[2.58839,50.19072],[2.58133,50.18672],[2.5779,50.18365],[2.57484,50.17595],[2.57301,50.17485],[2.5648,50.17709],[2.55662,50.18214],[2.55384,50.1849],[2.57783,50.19788],[2.5799,50.19716],[2.58927,50.19854]]]]}},{"type":"Feature","properties":{"code":"62466","nom":"Humbert","departement":"62","region":"32"},"geometry":{"type":"MultiPolygon","coordinates":[[[[1.90046,50.48482],[1.90223,50.48567],[1.89594,50.49183],[1.89138,50.5042],[1.89157,50.51328],[1.89654,50.51346],[1.90125,50.51863],[1.92697,50.50799],[1.92985,50.50582],[1.93205,50.50398],[1.92837,50.48632],[1.91349,50.48836],[1.90609,50.48447],[1.90046,50.48482]]]]}},{"type":"Feature","properties":{"code":"62467","nom":"Humerœuille","departement":"62","region":"32"},"geometry":{"type":"MultiPolygon","coordinates":[[[[2.20546,50.42249],[2.21343,50.41489],[2.22406,50.40623],[2.22255,50.40127],[2.21636,50.39692],[2.21492,50.39718],[2.2099,50.3958],[2.2103,50.39715],[2.21082,50.40014],[2.19952,50.40603],[2.20399,50.40986],[2.19984,50.41433],[2.1936,50.41768],[2.19403,50.41932],[2.19862,50.41867],[2.20069,50.41855],[2.20546,50.42249]]]]}},{"type":"Feature","properties":{"code":"62468","nom":"Humières","departement":"62","region":"32"},"geometry":{"type":"MultiPolygon","coordinates":[[[[2.21636,50.39692],[2.21878,50.39493],[2.23356,50.39278],[2.23253,50.38996],[2.23659,50.38301],[2.22065,50.37641],[2.19618,50.37404],[2.18685,50.3695],[2.18577,50.37017],[2.18494,50.37118],[2.18725,50.37215],[2.18444,50.38262],[2.18237,50.38426],[2.18728,50.38552],[2.19201,50.39269],[2.19718,50.39471],[2.2103,50.39715],[2.2099,50.3958],[2.21492,50.39718],[2.21636,50.39692]]]]}},{"type":"Feature","properties":{"code":"62469","nom":"Inchy-en-Artois","departement":"62","region":"32"},"geometry":{"type":"MultiPolygon","coordinates":[[[[3.01451,50.18418],[3.02296,50.18817],[3.03423,50.19178],[3.05162,50.19303],[3.05632,50.19071],[3.06103,50.19095],[3.0637,50.18909],[3.0641,50.17849],[3.06271,50.17383],[3.05892,50.1741],[3.04058,50.15986],[3.02658,50.15108],[3.02435,50.15254],[3.02219,50.15193],[3.01956,50.15408],[3.01756,50.15666],[3.02214,50.17275],[3.01948,50.17861],[3.01451,50.18418]]]]}},{"type":"Feature","properties":{"code":"62470","nom":"Incourt","departement":"62","region":"32"},"geometry":{"type":"MultiPolygon","coordinates":[[[[2.15597,50.38126],[2.15492,50.38071],[2.15577,50.37993],[2.15231,50.37832],[2.14443,50.38241],[2.13926,50.38402],[2.1385,50.38435],[2.14422,50.39483],[2.14687,50.39394],[2.15281,50.39376],[2.155,50.3949],[2.16051,50.39075],[2.15844,50.38997],[2.16193,50.38766],[2.15792,50.38242],[2.15597,50.38126]]]]}},{"type":"Feature","properties":{"code":"62471","nom":"Bellinghem","departement":"62","region":"32"},"geometry":{"type":"MultiPolygon","coordinates":[[[[2.25695,50.66359],[2.24507,50.65807],[2.24052,50.65712],[2.23985,50.65089],[2.23979,50.64775],[2.24098,50.64639],[2.23485,50.64817],[2.23069,50.64802],[2.2268,50.64425],[2.22547,50.64793],[2.20263,50.6476],[2.20303,50.65664],[2.20646,50.65806],[2.20838,50.65632],[2.21739,50.65958],[2.22941,50.66869],[2.23317,50.6778],[2.23468,50.67795],[2.24644,50.67942],[2.24968,50.67811],[2.25695,50.66359]]]]}},{"type":"Feature","properties":{"code":"62472","nom":"Inxent","departement":"62","region":"32"},"geometry":{"type":"MultiPolygon","coordinates":[[[[1.78245,50.54739],[1.78492,50.54704],[1.79347,50.54303],[1.80751,50.53957],[1.80427,50.53104],[1.8007,50.5268],[1.79769,50.52594],[1.79698,50.52686],[1.795,50.5294],[1.78779,50.52923],[1.78599,50.52733],[1.78454,50.52713],[1.77165,50.52839],[1.77056,50.52825],[1.76993,50.52906],[1.7715,50.53023],[1.77258,50.53314],[1.77037,50.53639],[1.78245,50.54739]]]]}},{"type":"Feature","properties":{"code":"62473","nom":"Isbergues","departement":"62","region":"32"},"geometry":{"type":"MultiPolygon","coordinates":[[[[2.48513,50.61241],[2.47227,50.59804],[2.46497,50.59571],[2.45843,50.59566],[2.44565,50.60116],[2.44124,50.59725],[2.43984,50.59736],[2.43815,50.5975],[2.43783,50.60147],[2.43227,50.60893],[2.42443,50.61358],[2.42342,50.61582],[2.42679,50.61616],[2.42653,50.62091],[2.42318,50.62363],[2.42142,50.62798],[2.4414,50.63195],[2.44457,50.63268],[2.44493,50.63336],[2.45274,50.63514],[2.45678,50.63508],[2.45874,50.63468],[2.46257,50.632],[2.46539,50.63257],[2.4676,50.63403],[2.49083,50.6243],[2.48805,50.61951],[2.48807,50.6195],[2.4888,50.61909],[2.48513,50.61241]]]]}},{"type":"Feature","properties":{"code":"62474","nom":"Isques","departement":"62","region":"32"},"geometry":{"type":"MultiPolygon","coordinates":[[[[1.65881,50.66637],[1.6585,50.66683],[1.64635,50.67452],[1.63863,50.67765],[1.62761,50.68332],[1.62798,50.68484],[1.63768,50.69247],[1.64958,50.69351],[1.66945,50.68955],[1.6797,50.68999],[1.68189,50.68024],[1.67825,50.67897],[1.6644,50.66927],[1.65881,50.66637]]]]}},{"type":"Feature","properties":{"code":"62475","nom":"Ivergny","departement":"62","region":"32"},"geometry":{"type":"MultiPolygon","coordinates":[[[[2.34226,50.23953],[2.34762,50.24131],[2.35668,50.24069],[2.36739,50.24367],[2.38273,50.24892],[2.38202,50.25308],[2.38557,50.25333],[2.38545,50.25422],[2.38852,50.2546],[2.39927,50.24492],[2.40648,50.24019],[2.4068,50.23777],[2.40731,50.23448],[2.40125,50.23214],[2.39236,50.2244],[2.38527,50.22534],[2.38204,50.22587],[2.37698,50.22722],[2.37091,50.23117],[2.3637,50.23244],[2.34532,50.23172],[2.34328,50.23558],[2.34226,50.23953]]]]}},{"type":"Feature","properties":{"code":"62476","nom":"Izel-lès-Équerchin","departement":"62","region":"32"},"geometry":{"type":"MultiPolygon","coordinates":[[[[2.95758,50.37656],[2.96502,50.36655],[2.96553,50.35437],[2.96849,50.34847],[2.96473,50.34775],[2.96356,50.34946],[2.94711,50.34366],[2.9434,50.34851],[2.93234,50.34912],[2.92454,50.35801],[2.92059,50.36829],[2.93395,50.37571],[2.92962,50.37918],[2.93619,50.38047],[2.93895,50.37813],[2.94531,50.38119],[2.94947,50.37868],[2.95381,50.38187],[2.95758,50.37656]]]]}},{"type":"Feature","properties":{"code":"62477","nom":"Izel-lès-Hameau","departement":"62","region":"32"},"geometry":{"type":"MultiPolygon","coordinates":[[[[2.54562,50.30318],[2.53555,50.29964],[2.525,50.29827],[2.52264,50.29713],[2.52077,50.29641],[2.51317,50.30261],[2.51384,50.30445],[2.51209,50.30924],[2.50402,50.31224],[2.50189,50.31563],[2.50437,50.31687],[2.51337,50.31982],[2.51869,50.32575],[2.51711,50.32777],[2.52281,50.3276],[2.53855,50.33336],[2.54103,50.33113],[2.54103,50.32667],[2.54693,50.31993],[2.55208,50.32092],[2.55231,50.32149],[2.55756,50.32011],[2.55796,50.31689],[2.5551,50.31638],[2.55214,50.30718],[2.54562,50.30318]]]]}},{"type":"Feature","properties":{"code":"62478","nom":"Journy","departement":"62","region":"32"},"geometry":{"type":"MultiPolygon","coordinates":[[[[2.02711,50.75307],[2.00381,50.74673],[1.99668,50.74933],[1.98443,50.74978],[1.98497,50.75074],[1.98138,50.75212],[1.97818,50.75157],[2.00256,50.76365],[2.00415,50.76383],[2.01102,50.75976],[2.01517,50.7558],[2.02028,50.75434],[2.02627,50.75459],[2.02711,50.75307]]]]}},{"type":"Feature","properties":{"code":"62479","nom":"Labeuvrière","departement":"62","region":"32"},"geometry":{"type":"MultiPolygon","coordinates":[[[[2.58709,50.51533],[2.58505,50.51525],[2.57525,50.51025],[2.56954,50.50952],[2.55309,50.51026],[2.54457,50.51342],[2.54378,50.51492],[2.55162,50.51914],[2.55909,50.52563],[2.56161,50.52619],[2.5651,50.53098],[2.56869,50.53354],[2.58044,50.53467],[2.58848,50.53229],[2.59429,50.52852],[2.59299,50.52776],[2.59129,50.52336],[2.58975,50.51563],[2.58709,50.51533]]]]}},{"type":"Feature","properties":{"code":"62480","nom":"Labourse","departement":"62","region":"32"},"geometry":{"type":"MultiPolygon","coordinates":[[[[2.67378,50.48828],[2.67139,50.48966],[2.66669,50.48989],[2.67345,50.49783],[2.67564,50.50708],[2.67387,50.51037],[2.67778,50.51044],[2.68579,50.50764],[2.68799,50.50597],[2.68914,50.50209],[2.68741,50.49972],[2.68887,50.49661],[2.69646,50.48606],[2.70186,50.48015],[2.7036,50.4794],[2.69805,50.47597],[2.69493,50.47611],[2.69525,50.47706],[2.68922,50.47894],[2.67378,50.48828]]]]}},{"type":"Feature","properties":{"code":"62481","nom":"Labroye","departement":"62","region":"32"},"geometry":{"type":"MultiPolygon","coordinates":[[[[1.96002,50.29065],[1.97413,50.30256],[1.98019,50.31294],[1.98179,50.31371],[2.00228,50.30751],[1.9999,50.30491],[1.99854,50.29534],[2.002,50.29412],[2.00334,50.29363],[2.00491,50.29052],[2.00237,50.28379],[1.99415,50.2758],[1.98904,50.27622],[1.96474,50.2857],[1.96437,50.28878],[1.96002,50.29065]]]]}},{"type":"Feature","properties":{"code":"62483","nom":"Lacres","departement":"62","region":"32"},"geometry":{"type":"MultiPolygon","coordinates":[[[[1.78992,50.61386],[1.79035,50.61321],[1.78528,50.6046],[1.78064,50.59847],[1.76798,50.59156],[1.75669,50.59054],[1.73796,50.591],[1.73002,50.59507],[1.73185,50.59605],[1.73573,50.60162],[1.7444,50.60706],[1.75496,50.60884],[1.76642,50.61777],[1.77472,50.61915],[1.78629,50.61717],[1.78919,50.61561],[1.78992,50.61386]]]]}},{"type":"Feature","properties":{"code":"62484","nom":"Lagnicourt-Marcel","departement":"62","region":"32"},"geometry":{"type":"MultiPolygon","coordinates":[[[[2.99001,50.14947],[2.98505,50.14612],[2.97481,50.15009],[2.96739,50.14964],[2.95208,50.14689],[2.94245,50.14183],[2.93809,50.14251],[2.93317,50.14462],[2.92861,50.15699],[2.93783,50.16328],[2.95291,50.16641],[2.96572,50.17204],[2.96984,50.16963],[2.97776,50.16259],[2.99001,50.14947]]]]}},{"type":"Feature","properties":{"code":"62485","nom":"Laires","departement":"62","region":"32"},"geometry":{"type":"MultiPolygon","coordinates":[[[[2.2619,50.51925],[2.24695,50.52868],[2.23583,50.53403],[2.23135,50.53619],[2.23487,50.54142],[2.24229,50.54634],[2.23763,50.54979],[2.24781,50.55621],[2.25667,50.56327],[2.25783,50.56301],[2.26447,50.54168],[2.276,50.53687],[2.28509,50.53744],[2.26745,50.52057],[2.26231,50.51867],[2.2619,50.51925]]]]}},{"type":"Feature","properties":{"code":"62486","nom":"Lambres","departement":"62","region":"32"},"geometry":{"type":"MultiPolygon","coordinates":[[[[2.40951,50.62689],[2.42142,50.62798],[2.42318,50.62363],[2.42653,50.62091],[2.42679,50.61616],[2.42342,50.61582],[2.41897,50.6155],[2.39204,50.60601],[2.38946,50.60614],[2.38773,50.60824],[2.38481,50.60886],[2.38269,50.61163],[2.39015,50.62282],[2.39229,50.62431],[2.40951,50.62689]]]]}},{"type":"Feature","properties":{"code":"62487","nom":"Landrethun-le-Nord","departement":"62","region":"32"},"geometry":{"type":"MultiPolygon","coordinates":[[[[1.78606,50.83501],[1.77047,50.83701],[1.75829,50.84107],[1.75633,50.84041],[1.75687,50.84135],[1.75493,50.84165],[1.75984,50.8586],[1.7615,50.85822],[1.76964,50.86269],[1.77239,50.86041],[1.77405,50.86056],[1.78127,50.86233],[1.7862,50.86451],[1.78975,50.86453],[1.79998,50.85691],[1.8002,50.85504],[1.8039,50.85016],[1.79742,50.84361],[1.78792,50.83803],[1.78606,50.83501]]]]}},{"type":"Feature","properties":{"code":"62488","nom":"Landrethun-lès-Ardres","departement":"62","region":"32"},"geometry":{"type":"MultiPolygon","coordinates":[[[[1.96638,50.79859],[1.96866,50.8067],[1.96655,50.80925],[1.95517,50.81083],[1.95114,50.8121],[1.94514,50.81568],[1.94325,50.81861],[1.94138,50.81931],[1.94029,50.82112],[1.9428,50.8208],[1.95071,50.82296],[1.96194,50.82894],[1.97581,50.8235],[1.98474,50.81791],[1.98542,50.81477],[1.98304,50.81186],[1.9831,50.80677],[1.97543,50.80076],[1.97383,50.79815],[1.96638,50.79859]]]]}},{"type":"Feature","properties":{"code":"62489","nom":"Lapugnoy","departement":"62","region":"32"},"geometry":{"type":"MultiPolygon","coordinates":[[[[2.50796,50.51472],[2.50687,50.51537],[2.50866,50.51674],[2.50868,50.51825],[2.51135,50.5203],[2.5202,50.52366],[2.52319,50.52759],[2.5274,50.54048],[2.5321,50.54201],[2.54081,50.53687],[2.54157,50.53404],[2.55909,50.52563],[2.55162,50.51914],[2.54378,50.51492],[2.54457,50.51342],[2.54345,50.51316],[2.54415,50.50373],[2.5393,50.50259],[2.53896,50.50253],[2.53507,50.50148],[2.53064,50.49805],[2.52939,50.4986],[2.52382,50.50038],[2.51999,50.50279],[2.51202,50.50986],[2.51005,50.51402],[2.50796,50.51472]]]]}},{"type":"Feature","properties":{"code":"62490","nom":"Lattre-Saint-Quentin","departement":"62","region":"32"},"geometry":{"type":"MultiPolygon","coordinates":[[[[2.58938,50.27581],[2.57572,50.28059],[2.56634,50.28122],[2.56296,50.28489],[2.56465,50.28609],[2.56894,50.29624],[2.54694,50.30179],[2.54562,50.30318],[2.55214,50.30718],[2.5551,50.31638],[2.55796,50.31689],[2.56072,50.31716],[2.56233,50.31535],[2.56511,50.31575],[2.57443,50.31511],[2.57968,50.31044],[2.57865,50.31006],[2.58106,50.30593],[2.58178,50.3061],[2.58349,50.30328],[2.58363,50.30078],[2.57981,50.29905],[2.58645,50.29352],[2.59501,50.29048],[2.59786,50.28713],[2.59605,50.2863],[2.58938,50.27581]]]]}},{"type":"Feature","properties":{"code":"62491","nom":"Laventie","departement":"62","region":"32"},"geometry":{"type":"MultiPolygon","coordinates":[[[[2.82858,50.61882],[2.81066,50.60867],[2.80401,50.60205],[2.79928,50.59416],[2.79192,50.58633],[2.78888,50.58814],[2.77992,50.59028],[2.77144,50.58944],[2.7727,50.58687],[2.76917,50.58335],[2.75148,50.60701],[2.74831,50.61305],[2.75548,50.62438],[2.75901,50.63277],[2.77165,50.63262],[2.78352,50.62913],[2.7874,50.63003],[2.79223,50.63373],[2.7943,50.63501],[2.82858,50.61882]]]]}},{"type":"Feature","properties":{"code":"62492","nom":"Lebiez","departement":"62","region":"32"},"geometry":{"type":"MultiPolygon","coordinates":[[[[1.9683,50.47921],[1.97269,50.48338],[1.976,50.48434],[1.98272,50.4761],[1.98804,50.46628],[1.9921,50.46216],[2.00594,50.45319],[2.00015,50.44549],[1.99585,50.44169],[1.98204,50.43954],[1.97152,50.44566],[1.97234,50.44621],[1.95142,50.4619],[1.95364,50.46803],[1.9627,50.47246],[1.9683,50.47921]]]]}},{"type":"Feature","properties":{"code":"62493","nom":"Lebucquière","departement":"62","region":"32"},"geometry":{"type":"MultiPolygon","coordinates":[[[[2.9758,50.11225],[2.95707,50.09538],[2.95591,50.09478],[2.93432,50.10262],[2.93418,50.10335],[2.93353,50.10639],[2.94624,50.1141],[2.9543,50.12121],[2.95439,50.12288],[2.96303,50.12295],[2.96773,50.12083],[2.97231,50.11591],[2.97285,50.11366],[2.9758,50.11225]]]]}},{"type":"Feature","properties":{"code":"62494","nom":"Léchelle","departement":"62","region":"32"},"geometry":{"type":"MultiPolygon","coordinates":[[[[2.96217,50.05017],[2.9653,50.05826],[2.96454,50.05997],[2.96655,50.06395],[2.97706,50.0674],[2.98241,50.06697],[2.99313,50.0552],[2.99387,50.05059],[2.99277,50.05106],[2.97834,50.04651],[2.97178,50.04155],[2.96852,50.04267],[2.96461,50.04956],[2.96217,50.05017]]]]}},{"type":"Feature","properties":{"code":"62495","nom":"Ledinghem","departement":"62","region":"32"},"geometry":{"type":"MultiPolygon","coordinates":[[[[1.94007,50.64395],[1.94526,50.64402],[1.95095,50.64792],[1.95057,50.65108],[1.95951,50.65344],[1.99304,50.65734],[1.99843,50.65931],[1.99838,50.65994],[2.00701,50.66119],[2.00724,50.66092],[1.9975,50.64545],[1.99793,50.64263],[1.99596,50.63945],[1.99054,50.63539],[1.98456,50.6348],[1.98003,50.63584],[1.96808,50.63052],[1.96489,50.63474],[1.96061,50.63517],[1.94787,50.63444],[1.94416,50.63603],[1.94025,50.63818],[1.93717,50.64158],[1.94007,50.64395]]]]}},{"type":"Feature","properties":{"code":"62496","nom":"Lefaux","departement":"62","region":"32"},"geometry":{"type":"MultiPolygon","coordinates":[[[[1.64774,50.57265],[1.6488,50.57335],[1.65166,50.57059],[1.65758,50.56713],[1.66199,50.56329],[1.66301,50.55058],[1.6723,50.54365],[1.67757,50.53855],[1.67855,50.53518],[1.67755,50.53491],[1.65773,50.52923],[1.64247,50.53332],[1.62521,50.5483],[1.63653,50.54373],[1.63734,50.54458],[1.64075,50.55197],[1.64101,50.55897],[1.64454,50.56623],[1.6494,50.57183],[1.64774,50.57265]]]]}},{"type":"Feature","properties":{"code":"62497","nom":"Leforest","departement":"62","region":"32"},"geometry":{"type":"MultiPolygon","coordinates":[[[[3.07168,50.43248],[3.06909,50.42911],[3.06862,50.42567],[3.06518,50.42517],[3.06209,50.426],[3.0492,50.42592],[3.04401,50.42253],[3.03868,50.42309],[3.03601,50.4238],[3.04623,50.43638],[3.04157,50.4446],[3.04382,50.44801],[3.04435,50.44964],[3.05192,50.454],[3.05881,50.45649],[3.06332,50.45721],[3.06685,50.45867],[3.06902,50.45769],[3.06893,50.45569],[3.07264,50.44996],[3.0774,50.44547],[3.08154,50.44395],[3.07689,50.44179],[3.07318,50.43714],[3.07168,50.43248]]]]}},{"type":"Feature","properties":{"code":"62498","nom":"Lens","departement":"62","region":"32"},"geometry":{"type":"MultiPolygon","coordinates":[[[[2.79199,50.43474],[2.79033,50.43767],[2.78673,50.44158],[2.78922,50.44258],[2.80095,50.44413],[2.81746,50.45209],[2.8165,50.45545],[2.82793,50.45867],[2.84053,50.44843],[2.84097,50.44823],[2.84638,50.4437],[2.85146,50.43423],[2.84794,50.43196],[2.84314,50.42868],[2.83863,50.42729],[2.84124,50.42555],[2.84232,50.42462],[2.83885,50.42224],[2.8336,50.42488],[2.83304,50.42451],[2.83247,50.42415],[2.82315,50.41976],[2.81931,50.42199],[2.81299,50.42111],[2.81227,50.42391],[2.80797,50.42323],[2.80444,50.42259],[2.79742,50.42811],[2.79492,50.4294],[2.79199,50.43474]]]]}},{"type":"Feature","properties":{"code":"62499","nom":"Lépine","departement":"62","region":"32"},"geometry":{"type":"MultiPolygon","coordinates":[[[[1.76523,50.38837],[1.7644,50.38759],[1.76842,50.37877],[1.7634,50.37717],[1.75406,50.37568],[1.75166,50.36964],[1.75193,50.36761],[1.75217,50.36581],[1.74518,50.36347],[1.74163,50.36596],[1.72542,50.36983],[1.72223,50.37134],[1.7174,50.37304],[1.7157,50.37161],[1.71403,50.37199],[1.71518,50.37303],[1.71572,50.37821],[1.71141,50.38681],[1.69662,50.38653],[1.69462,50.39815],[1.69668,50.39906],[1.69463,50.40106],[1.69279,50.4057],[1.69352,50.40659],[1.69546,50.40888],[1.70387,50.40907],[1.70823,50.40217],[1.70895,50.39293],[1.72089,50.38987],[1.74153,50.38725],[1.75027,50.38863],[1.7537,50.39099],[1.75648,50.38916],[1.76523,50.38837]]]]}},{"type":"Feature","properties":{"code":"62500","nom":"Lespesses","departement":"62","region":"32"},"geometry":{"type":"MultiPolygon","coordinates":[[[[2.43601,50.53854],[2.43079,50.53835],[2.42408,50.54426],[2.42092,50.55294],[2.42062,50.55775],[2.41531,50.56066],[2.40601,50.55882],[2.40546,50.56099],[2.42349,50.56945],[2.43046,50.56719],[2.43237,50.56473],[2.43355,50.56176],[2.42674,50.55856],[2.42705,50.55457],[2.43669,50.54951],[2.43783,50.53887],[2.43601,50.53854]]]]}},{"type":"Feature","properties":{"code":"62501","nom":"Lespinoy","departement":"62","region":"32"},"geometry":{"type":"MultiPolygon","coordinates":[[[[1.86375,50.44147],[1.87078,50.44142],[1.87812,50.43912],[1.87704,50.43542],[1.88099,50.43046],[1.88194,50.42645],[1.88056,50.42455],[1.85319,50.41575],[1.84668,50.41261],[1.84236,50.42023],[1.85788,50.42604],[1.86194,50.42871],[1.86146,50.43501],[1.86375,50.44147]]]]}},{"type":"Feature","properties":{"code":"62502","nom":"Lestrem","departement":"62","region":"32"},"geometry":{"type":"MultiPolygon","coordinates":[[[[2.64442,50.58553],[2.64235,50.59134],[2.63702,50.59785],[2.63537,50.61078],[2.63065,50.61765],[2.64377,50.62265],[2.66188,50.62373],[2.67138,50.62571],[2.6748,50.62807],[2.67325,50.63388],[2.6743,50.63765],[2.67713,50.63597],[2.68203,50.63625],[2.68457,50.63248],[2.69576,50.62865],[2.70592,50.62917],[2.71328,50.63178],[2.71682,50.63033],[2.71842,50.62934],[2.72187,50.61861],[2.72439,50.61465],[2.726,50.61413],[2.72455,50.61287],[2.72464,50.60192],[2.71829,50.59762],[2.71623,50.59702],[2.69851,50.59852],[2.69408,50.60235],[2.68855,50.60194],[2.67457,50.59842],[2.655,50.58997],[2.64442,50.58553]]]]}},{"type":"Feature","properties":{"code":"62503","nom":"Leubringhen","departement":"62","region":"32"},"geometry":{"type":"MultiPolygon","coordinates":[[[[1.75984,50.8586],[1.75493,50.84165],[1.75687,50.84135],[1.75633,50.84041],[1.74497,50.84171],[1.72744,50.8462],[1.70623,50.84698],[1.70557,50.84778],[1.70342,50.85001],[1.70333,50.85335],[1.70587,50.85973],[1.71306,50.86418],[1.71783,50.86593],[1.72653,50.86571],[1.73903,50.8636],[1.75277,50.85808],[1.75984,50.8586]]]]}},{"type":"Feature","properties":{"code":"62504","nom":"Leulinghem","departement":"62","region":"32"},"geometry":{"type":"MultiPolygon","coordinates":[[[[2.15254,50.74136],[2.15585,50.74268],[2.17207,50.74518],[2.18559,50.74939],[2.18938,50.74582],[2.18997,50.74356],[2.18834,50.73907],[2.18716,50.73884],[2.18166,50.73759],[2.17731,50.73313],[2.17924,50.73049],[2.18208,50.72904],[2.17731,50.72433],[2.17186,50.72247],[2.17125,50.72339],[2.15513,50.72227],[2.15622,50.72341],[2.15558,50.73514],[2.1544,50.7393],[2.15254,50.74136]]]]}},{"type":"Feature","properties":{"code":"62505","nom":"Leulinghen-Bernes","departement":"62","region":"32"},"geometry":{"type":"MultiPolygon","coordinates":[[[[1.70557,50.84778],[1.70623,50.84698],[1.72744,50.8462],[1.74497,50.84171],[1.73202,50.82897],[1.71687,50.82505],[1.71031,50.82724],[1.70246,50.83177],[1.69832,50.83286],[1.69556,50.83299],[1.68808,50.83047],[1.68604,50.8309],[1.68586,50.83442],[1.68238,50.84045],[1.68763,50.84141],[1.70557,50.84778]]]]}},{"type":"Feature","properties":{"code":"62506","nom":"Licques","departement":"62","region":"32"},"geometry":{"type":"MultiPolygon","coordinates":[[[[1.89565,50.79234],[1.89588,50.79521],[1.89905,50.79554],[1.89897,50.79814],[1.89497,50.80082],[1.90096,50.80532],[1.91255,50.80979],[1.91896,50.81328],[1.9225,50.81644],[1.92392,50.82067],[1.92632,50.82289],[1.93366,50.81993],[1.94138,50.81931],[1.94325,50.81861],[1.94514,50.81568],[1.95114,50.8121],[1.95517,50.81083],[1.96655,50.80925],[1.96866,50.8067],[1.96638,50.79859],[1.96391,50.78682],[1.96242,50.78305],[1.95691,50.77622],[1.95562,50.77332],[1.95606,50.77183],[1.95584,50.77174],[1.95095,50.7707],[1.94602,50.77107],[1.94413,50.77003],[1.94205,50.76942],[1.92977,50.77132],[1.92682,50.77467],[1.92757,50.7757],[1.92642,50.77768],[1.92134,50.78319],[1.91493,50.78773],[1.90068,50.79315],[1.89565,50.79234]]]]}},{"type":"Feature","properties":{"code":"62507","nom":"Liencourt","departement":"62","region":"32"},"geometry":{"type":"MultiPolygon","coordinates":[[[[2.44567,50.26529],[2.44368,50.26466],[2.43433,50.27057],[2.43326,50.27503],[2.43677,50.28105],[2.43639,50.28209],[2.44114,50.28105],[2.45208,50.28097],[2.46426,50.27956],[2.46533,50.27269],[2.45832,50.26726],[2.45898,50.2669],[2.45218,50.26495],[2.44567,50.26529]]]]}},{"type":"Feature","properties":{"code":"62508","nom":"Lières","departement":"62","region":"32"},"geometry":{"type":"MultiPolygon","coordinates":[[[[2.39425,50.5433],[2.39546,50.54406],[2.39095,50.55236],[2.39185,50.55336],[2.39521,50.55266],[2.39759,50.55308],[2.40359,50.55614],[2.40601,50.55882],[2.41531,50.56066],[2.42062,50.55775],[2.42092,50.55294],[2.42408,50.54426],[2.43079,50.53835],[2.43601,50.53854],[2.43548,50.5374],[2.42675,50.53785],[2.41957,50.54204],[2.41226,50.54344],[2.40563,50.5437],[2.40137,50.54192],[2.39602,50.54211],[2.39425,50.5433]]]]}},{"type":"Feature","properties":{"code":"62509","nom":"Liettres","departement":"62","region":"32"},"geometry":{"type":"MultiPolygon","coordinates":[[[[2.35552,50.59397],[2.35612,50.59141],[2.35522,50.591],[2.35041,50.58738],[2.34355,50.58451],[2.3316,50.59405],[2.32303,50.60502],[2.33195,50.60761],[2.3453,50.60007],[2.34676,50.60095],[2.35552,50.59397]]]]}},{"type":"Feature","properties":{"code":"62510","nom":"Liévin","departement":"62","region":"32"},"geometry":{"type":"MultiPolygon","coordinates":[[[[2.75967,50.41573],[2.74982,50.42193],[2.74809,50.42086],[2.73856,50.42519],[2.73674,50.4264],[2.73789,50.42701],[2.74012,50.42984],[2.73741,50.43179],[2.73526,50.4325],[2.73678,50.43485],[2.74246,50.43668],[2.74272,50.43651],[2.7454,50.43666],[2.74527,50.43833],[2.75548,50.44146],[2.7569,50.43968],[2.76019,50.43899],[2.76536,50.44134],[2.76647,50.43864],[2.76671,50.43806],[2.7735,50.43816],[2.78571,50.44184],[2.78597,50.44128],[2.78673,50.44158],[2.79033,50.43767],[2.79199,50.43474],[2.79492,50.4294],[2.79742,50.42811],[2.80444,50.42259],[2.80157,50.42149],[2.8027,50.41993],[2.802,50.41836],[2.80291,50.41516],[2.80354,50.4141],[2.80448,50.41415],[2.80518,50.41363],[2.8007,50.41232],[2.80209,50.41063],[2.79988,50.41074],[2.80037,50.40989],[2.78978,50.40607],[2.78603,50.4043],[2.77472,50.40463],[2.76173,50.41362],[2.75967,50.41573]]]]}},{"type":"Feature","properties":{"code":"62511","nom":"Lignereuil","departement":"62","region":"32"},"geometry":{"type":"MultiPolygon","coordinates":[[[[2.48757,50.28853],[2.47912,50.28514],[2.46619,50.284],[2.45682,50.28434],[2.45721,50.29703],[2.47112,50.29999],[2.47418,50.29999],[2.47493,50.29834],[2.48638,50.29017],[2.4886,50.29076],[2.4894,50.28933],[2.48757,50.28853]]]]}},{"type":"Feature","properties":{"code":"62512","nom":"Ligny-lès-Aire","departement":"62","region":"32"},"geometry":{"type":"MultiPolygon","coordinates":[[[[2.32434,50.57994],[2.32954,50.57914],[2.33793,50.57954],[2.33931,50.58014],[2.36634,50.56075],[2.3536,50.5567],[2.35022,50.55497],[2.34795,50.55366],[2.3347,50.5507],[2.3264,50.5461],[2.3229,50.5455],[2.31646,50.55014],[2.31908,50.56455],[2.32003,50.56986],[2.32434,50.57994]]]]}},{"type":"Feature","properties":{"code":"62513","nom":"Ligny-sur-Canche","departement":"62","region":"32"},"geometry":{"type":"MultiPolygon","coordinates":[[[[2.25805,50.26621],[2.25424,50.26332],[2.25218,50.26428],[2.2526,50.26566],[2.25081,50.26782],[2.23993,50.27136],[2.23573,50.27387],[2.24488,50.27904],[2.24934,50.28302],[2.25189,50.29073],[2.25659,50.29918],[2.26555,50.30198],[2.26666,50.30226],[2.28104,50.29523],[2.27883,50.29196],[2.2755,50.28245],[2.27101,50.2766],[2.25805,50.26621]]]]}},{"type":"Feature","properties":{"code":"62514","nom":"Ligny-Saint-Flochel","departement":"62","region":"32"},"geometry":{"type":"MultiPolygon","coordinates":[[[[2.40621,50.35369],[2.41177,50.36623],[2.41726,50.37049],[2.42367,50.37237],[2.42443,50.37331],[2.42877,50.37138],[2.44263,50.36207],[2.44167,50.35861],[2.43791,50.35683],[2.43908,50.35599],[2.4326,50.35317],[2.42377,50.35056],[2.4089,50.3479],[2.40492,50.34664],[2.40522,50.34842],[2.40621,50.35369]]]]}},{"type":"Feature","properties":{"code":"62515","nom":"Ligny-Thilloy","departement":"62","region":"32"},"geometry":{"type":"MultiPolygon","coordinates":[[[[2.80724,50.06261],[2.7996,50.06655],[2.805,50.06971],[2.80323,50.07149],[2.80291,50.08043],[2.80483,50.08411],[2.80137,50.08867],[2.82231,50.09815],[2.82316,50.09666],[2.83058,50.09222],[2.8348,50.09206],[2.83732,50.09504],[2.83917,50.09349],[2.85716,50.08539],[2.85697,50.08468],[2.85514,50.081],[2.85507,50.07811],[2.84577,50.07677],[2.83484,50.06893],[2.83285,50.06424],[2.83108,50.06296],[2.82922,50.065],[2.82217,50.06758],[2.82154,50.0654],[2.81128,50.05795],[2.80724,50.06261]]]]}},{"type":"Feature","properties":{"code":"62516","nom":"Lillers","departement":"62","region":"32"},"geometry":{"type":"MultiPolygon","coordinates":[[[[2.52924,50.57027],[2.5306,50.56775],[2.53009,50.5658],[2.52344,50.55729],[2.52886,50.55239],[2.52593,50.55106],[2.51651,50.54306],[2.48596,50.53753],[2.48424,50.53656],[2.4762,50.54092],[2.47497,50.54251],[2.4631,50.54735],[2.46085,50.54631],[2.44135,50.53396],[2.43803,50.53576],[2.43548,50.5374],[2.43601,50.53854],[2.43783,50.53887],[2.43669,50.54951],[2.45021,50.55738],[2.45615,50.5628],[2.45319,50.56932],[2.45079,50.56948],[2.4517,50.57681],[2.44556,50.58471],[2.4707,50.58622],[2.47875,50.58853],[2.47866,50.59025],[2.4812,50.59023],[2.48343,50.59034],[2.50341,50.5842],[2.50499,50.57952],[2.51079,50.57299],[2.51692,50.57246],[2.52367,50.57073],[2.52368,50.57],[2.52924,50.57027]]]]}},{"type":"Feature","properties":{"code":"62517","nom":"Linghem","departement":"62","region":"32"},"geometry":{"type":"MultiPolygon","coordinates":[[[[2.38929,50.58748],[2.38531,50.58277],[2.37939,50.57874],[2.37504,50.58078],[2.36856,50.5825],[2.36491,50.58079],[2.35522,50.591],[2.35612,50.59141],[2.35552,50.59397],[2.37506,50.60035],[2.37959,50.59854],[2.38045,50.59728],[2.38929,50.58748]]]]}},{"type":"Feature","properties":{"code":"62518","nom":"Linzeux","departement":"62","region":"32"},"geometry":{"type":"MultiPolygon","coordinates":[[[[2.20627,50.32853],[2.19443,50.33447],[2.18922,50.33802],[2.1871,50.34297],[2.18425,50.34337],[2.18583,50.34986],[2.18822,50.35351],[2.18641,50.35668],[2.18797,50.35743],[2.20521,50.35129],[2.21018,50.34916],[2.21415,50.34554],[2.22476,50.33742],[2.20627,50.32853]]]]}},{"type":"Feature","properties":{"code":"62519","nom":"Lisbourg","departement":"62","region":"32"},"geometry":{"type":"MultiPolygon","coordinates":[[[[2.2433,50.4933],[2.24243,50.49384],[2.23882,50.49286],[2.22137,50.48399],[2.21032,50.48926],[2.20785,50.49251],[2.20278,50.49495],[2.19302,50.50288],[2.19587,50.51223],[2.19625,50.52329],[2.19456,50.5235],[2.19874,50.5281],[2.20986,50.53334],[2.21355,50.53431],[2.22711,50.53098],[2.23268,50.53229],[2.23583,50.53403],[2.24695,50.52868],[2.2619,50.51925],[2.26047,50.51888],[2.26071,50.51646],[2.25219,50.50813],[2.24122,50.49931],[2.2433,50.4933]]]]}},{"type":"Feature","properties":{"code":"62520","nom":"Locon","departement":"62","region":"32"},"geometry":{"type":"MultiPolygon","coordinates":[[[[2.64825,50.55837],[2.65052,50.56149],[2.64755,50.564],[2.64442,50.58553],[2.655,50.58997],[2.6783,50.58112],[2.68444,50.57761],[2.6965,50.56563],[2.6971,50.56343],[2.68628,50.55934],[2.67674,50.5523],[2.6738,50.55469],[2.66831,50.55633],[2.6595,50.55494],[2.64825,50.55837]]]]}},{"type":"Feature","properties":{"code":"62521","nom":"La Loge","departement":"62","region":"32"},"geometry":{"type":"MultiPolygon","coordinates":[[[[2.04082,50.40735],[2.0392,50.40776],[2.03236,50.40353],[2.02871,50.40484],[2.03049,50.40505],[2.02735,50.40879],[2.02855,50.41131],[2.0413,50.41258],[2.04236,50.41088],[2.04082,50.40735]]]]}},{"type":"Feature","properties":{"code":"62522","nom":"Loison-sur-Créquoise","departement":"62","region":"32"},"geometry":{"type":"MultiPolygon","coordinates":[[[[1.90326,50.46469],[1.90737,50.46706],[1.91636,50.46852],[1.91942,50.46543],[1.91906,50.46333],[1.92626,50.45684],[1.93629,50.4406],[1.94595,50.43315],[1.95123,50.43276],[1.95174,50.43188],[1.95225,50.42778],[1.94987,50.42876],[1.91198,50.42943],[1.90376,50.4385],[1.9021,50.43907],[1.90172,50.4414],[1.89774,50.44556],[1.89875,50.45267],[1.90197,50.45722],[1.90326,50.46469]]]]}},{"type":"Feature","properties":{"code":"62523","nom":"Loison-sous-Lens","departement":"62","region":"32"},"geometry":{"type":"MultiPolygon","coordinates":[[[[2.86809,50.44177],[2.86875,50.43925],[2.87693,50.44049],[2.87746,50.43921],[2.87806,50.4378],[2.88247,50.43832],[2.88314,50.43736],[2.88411,50.43596],[2.87659,50.43625],[2.85818,50.43497],[2.8518,50.43407],[2.85146,50.43423],[2.84638,50.4437],[2.84097,50.44823],[2.84235,50.44947],[2.86191,50.45749],[2.8645,50.45459],[2.86491,50.45001],[2.86548,50.44802],[2.86809,50.44177]]]]}},{"type":"Feature","properties":{"code":"62524","nom":"Longfossé","departement":"62","region":"32"},"geometry":{"type":"MultiPolygon","coordinates":[[[[1.78373,50.64675],[1.782,50.64864],[1.77805,50.65823],[1.78139,50.65882],[1.79535,50.67031],[1.81357,50.67036],[1.8268,50.66651],[1.83133,50.66428],[1.85194,50.65581],[1.84322,50.65529],[1.8163,50.64752],[1.80996,50.6437],[1.81713,50.63758],[1.81503,50.63641],[1.80613,50.63702],[1.80404,50.63459],[1.80071,50.63334],[1.79999,50.63591],[1.78373,50.64675]]]]}},{"type":"Feature","properties":{"code":"62525","nom":"Longuenesse","departement":"62","region":"32"},"geometry":{"type":"MultiPolygon","coordinates":[[[[2.21523,50.72711],[2.2142,50.72671],[2.21016,50.73154],[2.2185,50.73528],[2.22839,50.74305],[2.23552,50.74532],[2.23641,50.74466],[2.23721,50.74402],[2.24053,50.74499],[2.24362,50.74619],[2.24453,50.74757],[2.25094,50.74398],[2.25157,50.7433],[2.26101,50.74273],[2.26438,50.74596],[2.266,50.74755],[2.27137,50.7477],[2.2789,50.74643],[2.28159,50.74479],[2.28487,50.74457],[2.28607,50.74351],[2.28227,50.73851],[2.27649,50.74013],[2.27522,50.7359],[2.27098,50.73319],[2.26668,50.73595],[2.26096,50.72946],[2.24992,50.7243],[2.23404,50.72359],[2.21523,50.72711]]]]}},{"type":"Feature","properties":{"code":"62526","nom":"Longueville","departement":"62","region":"32"},"geometry":{"type":"MultiPolygon","coordinates":[[[[1.89447,50.7373],[1.90026,50.73073],[1.87867,50.71899],[1.87257,50.71733],[1.86892,50.71895],[1.86726,50.71932],[1.86419,50.72326],[1.8673,50.73112],[1.87718,50.73679],[1.87874,50.73847],[1.89447,50.7373]]]]}},{"type":"Feature","properties":{"code":"62527","nom":"Longvilliers","departement":"62","region":"32"},"geometry":{"type":"MultiPolygon","coordinates":[[[[1.71072,50.54179],[1.7071,50.5484],[1.71104,50.55088],[1.71229,50.55091],[1.72736,50.54758],[1.75204,50.55111],[1.75617,50.55241],[1.7593,50.54293],[1.76373,50.53687],[1.76655,50.53738],[1.77037,50.53639],[1.77258,50.53314],[1.7715,50.53023],[1.76993,50.52906],[1.77056,50.52825],[1.77165,50.52839],[1.77376,50.5222],[1.76007,50.51544],[1.75929,50.51681],[1.74998,50.51781],[1.74176,50.51646],[1.74292,50.51941],[1.74471,50.52077],[1.7409,50.5252],[1.73359,50.52916],[1.71922,50.5335],[1.71434,50.53386],[1.71072,50.54179]]]]}},{"type":"Feature","properties":{"code":"62528","nom":"Loos-en-Gohelle","departement":"62","region":"32"},"geometry":{"type":"MultiPolygon","coordinates":[[[[2.76536,50.44134],[2.76019,50.43899],[2.7569,50.43968],[2.75548,50.44146],[2.75999,50.44279],[2.75795,50.45036],[2.75695,50.45283],[2.75653,50.45398],[2.76164,50.45645],[2.76101,50.45944],[2.76633,50.46616],[2.77355,50.4746],[2.77959,50.47944],[2.79005,50.47286],[2.79051,50.47106],[2.80192,50.47065],[2.80666,50.46805],[2.81195,50.47265],[2.81496,50.4613],[2.8165,50.45545],[2.81746,50.45209],[2.80095,50.44413],[2.78922,50.44258],[2.78673,50.44158],[2.78597,50.44128],[2.78571,50.44184],[2.7735,50.43816],[2.76671,50.43806],[2.76647,50.43864],[2.76536,50.44134]]]]}},{"type":"Feature","properties":{"code":"62529","nom":"Lorgies","departement":"62","region":"32"},"geometry":{"type":"MultiPolygon","coordinates":[[[[2.79437,50.54937],[2.78356,50.56427],[2.77499,50.57566],[2.78645,50.58109],[2.78913,50.58322],[2.79854,50.57984],[2.80792,50.57923],[2.81158,50.5723],[2.81317,50.55996],[2.81632,50.55274],[2.81554,50.55044],[2.81285,50.54962],[2.80892,50.5509],[2.80236,50.55152],[2.79437,50.54937]]]]}},{"type":"Feature","properties":{"code":"62530","nom":"Lottinghen","departement":"62","region":"32"},"geometry":{"type":"MultiPolygon","coordinates":[[[[1.91046,50.69121],[1.91711,50.68745],[1.92354,50.68504],[1.93021,50.69114],[1.94144,50.68965],[1.94833,50.68761],[1.95832,50.6899],[1.96344,50.69192],[1.97436,50.6861],[1.96279,50.6801],[1.96404,50.67906],[1.94298,50.66372],[1.93847,50.65888],[1.9421,50.65582],[1.92838,50.6549],[1.92826,50.65565],[1.92108,50.67142],[1.91812,50.67621],[1.91476,50.67911],[1.90836,50.6802],[1.90236,50.68046],[1.8997,50.67987],[1.89808,50.68199],[1.89553,50.68282],[1.89521,50.6842],[1.89785,50.68451],[1.90322,50.68797],[1.91046,50.69121]]]]}},{"type":"Feature","properties":{"code":"62531","nom":"Louches","departement":"62","region":"32"},"geometry":{"type":"MultiPolygon","coordinates":[[[[2.00179,50.80927],[1.99682,50.80878],[1.98708,50.80564],[1.9831,50.80677],[1.98304,50.81186],[1.98542,50.81477],[1.98474,50.81791],[1.97581,50.8235],[1.96194,50.82894],[1.95958,50.83025],[1.9591,50.83156],[1.95948,50.83932],[1.96644,50.84731],[1.96803,50.84769],[1.96917,50.84735],[1.98189,50.85154],[1.9833,50.85116],[1.98471,50.85037],[1.97245,50.83733],[1.97133,50.83273],[1.98605,50.82919],[1.98859,50.82951],[1.99535,50.83496],[1.99945,50.83872],[2.0161,50.83516],[2.01838,50.83632],[2.02321,50.84185],[2.03137,50.8387],[2.03018,50.82704],[2.02822,50.82201],[2.03013,50.82159],[2.03065,50.81713],[2.02881,50.81395],[2.01943,50.8106],[2.00179,50.80927]]]]}},{"type":"Feature","properties":{"code":"62532","nom":"Lozinghem","departement":"62","region":"32"},"geometry":{"type":"MultiPolygon","coordinates":[[[[2.50796,50.51472],[2.49363,50.50902],[2.48993,50.51033],[2.48642,50.51275],[2.48065,50.51889],[2.48416,50.52053],[2.50408,50.52131],[2.50868,50.51825],[2.50866,50.51674],[2.50687,50.51537],[2.50796,50.51472]]]]}},{"type":"Feature","properties":{"code":"62533","nom":"Lugy","departement":"62","region":"32"},"geometry":{"type":"MultiPolygon","coordinates":[[[[2.16402,50.53086],[2.17276,50.52762],[2.19343,50.52214],[2.17939,50.5118],[2.17932,50.511],[2.16553,50.51985],[2.15577,50.52479],[2.15317,50.52446],[2.16402,50.53086]]]]}},{"type":"Feature","properties":{"code":"62534","nom":"Lumbres","departement":"62","region":"32"},"geometry":{"type":"MultiPolygon","coordinates":[[[[2.13556,50.71851],[2.14126,50.70497],[2.14262,50.70415],[2.14614,50.70394],[2.14272,50.70123],[2.12952,50.69512],[2.11504,50.69098],[2.09932,50.68827],[2.09357,50.69011],[2.08675,50.69954],[2.08835,50.69982],[2.08933,50.70971],[2.10983,50.71588],[2.11777,50.72025],[2.11987,50.72323],[2.12205,50.72349],[2.12484,50.71986],[2.12747,50.71876],[2.13556,50.71851]]]]}},{"type":"Feature","properties":{"code":"62535","nom":"La Madelaine-sous-Montreuil","departement":"62","region":"32"},"geometry":{"type":"MultiPolygon","coordinates":[[[[1.74613,50.47737],[1.74884,50.47821],[1.74953,50.47721],[1.75422,50.47559],[1.75566,50.47564],[1.7578,50.47416],[1.75854,50.47248],[1.75631,50.46688],[1.75764,50.45754],[1.75596,50.45604],[1.75436,50.45696],[1.74139,50.45366],[1.74267,50.46214],[1.73916,50.46521],[1.73733,50.46531],[1.74487,50.47649],[1.74613,50.47737]]]]}},{"type":"Feature","properties":{"code":"62536","nom":"Magnicourt-en-Comte","departement":"62","region":"32"},"geometry":{"type":"MultiPolygon","coordinates":[[[[2.45119,50.40728],[2.45294,50.41258],[2.45852,50.41445],[2.45936,50.41507],[2.45852,50.41575],[2.45969,50.41584],[2.46413,50.41262],[2.47117,50.41114],[2.48619,50.4185],[2.48732,50.41907],[2.48967,50.41877],[2.50316,50.41456],[2.50809,50.41128],[2.51267,50.40615],[2.51287,50.39994],[2.50988,50.39673],[2.5077,50.39658],[2.50513,50.39394],[2.50486,50.39307],[2.47822,50.39247],[2.46765,50.38929],[2.46238,50.38553],[2.45907,50.38778],[2.4639,50.39103],[2.45729,50.40726],[2.45119,50.40728]]]]}},{"type":"Feature","properties":{"code":"62537","nom":"Magnicourt-sur-Canche","departement":"62","region":"32"},"geometry":{"type":"MultiPolygon","coordinates":[[[[2.42454,50.31261],[2.42778,50.30665],[2.43432,50.30687],[2.43205,50.30421],[2.42589,50.29975],[2.4181,50.29566],[2.41685,50.29609],[2.41412,50.29383],[2.41211,50.29493],[2.4054,50.28872],[2.40373,50.28098],[2.40054,50.28252],[2.39797,50.28273],[2.39448,50.28506],[2.39286,50.28744],[2.39612,50.29317],[2.39997,50.29506],[2.40274,50.30057],[2.39924,50.30808],[2.39997,50.30868],[2.42454,50.31261]]]]}},{"type":"Feature","properties":{"code":"62538","nom":"Maintenay","departement":"62","region":"32"},"geometry":{"type":"MultiPolygon","coordinates":[[[[1.7817,50.38602],[1.78628,50.39067],[1.79292,50.39094],[1.79892,50.38978],[1.80911,50.38303],[1.81626,50.38106],[1.85451,50.37452],[1.85595,50.37306],[1.85596,50.37119],[1.85348,50.36967],[1.85112,50.3685],[1.84593,50.36083],[1.83073,50.35587],[1.822,50.35038],[1.81195,50.35651],[1.80478,50.35961],[1.7917,50.3595],[1.79269,50.36307],[1.78863,50.37455],[1.78826,50.3832],[1.78489,50.38584],[1.78198,50.38546],[1.7817,50.38602]]]]}},{"type":"Feature","properties":{"code":"62539","nom":"Maisnil","departement":"62","region":"32"},"geometry":{"type":"MultiPolygon","coordinates":[[[[2.33737,50.34186],[2.34642,50.34526],[2.34443,50.35194],[2.34405,50.35949],[2.35609,50.36127],[2.35767,50.36321],[2.36096,50.36226],[2.36463,50.35564],[2.37046,50.35269],[2.36869,50.35002],[2.3743,50.34665],[2.38331,50.34283],[2.386,50.33891],[2.38734,50.33672],[2.3854,50.33635],[2.38134,50.33514],[2.37759,50.33914],[2.36207,50.34165],[2.3528,50.33776],[2.34962,50.33541],[2.35028,50.33442],[2.34247,50.33423],[2.33738,50.33981],[2.33737,50.34186]]]]}},{"type":"Feature","properties":{"code":"62540","nom":"Maisnil-lès-Ruitz","departement":"62","region":"32"},"geometry":{"type":"MultiPolygon","coordinates":[[[[2.59091,50.45358],[2.58974,50.45222],[2.59151,50.45057],[2.59443,50.44746],[2.5978,50.44601],[2.60035,50.44368],[2.59604,50.4379],[2.5931,50.43593],[2.58881,50.43376],[2.58601,50.43318],[2.58508,50.43365],[2.56949,50.44233],[2.55814,50.45227],[2.55596,50.45326],[2.56067,50.45992],[2.56415,50.4582],[2.57121,50.45994],[2.57678,50.45939],[2.58914,50.455],[2.59091,50.45358]]]]}},{"type":"Feature","properties":{"code":"62541","nom":"Maisoncelle","departement":"62","region":"32"},"geometry":{"type":"MultiPolygon","coordinates":[[[[2.15929,50.45528],[2.16819,50.44889],[2.16714,50.44663],[2.14958,50.4416],[2.14607,50.43958],[2.13784,50.44001],[2.13181,50.45217],[2.13572,50.45807],[2.14627,50.46254],[2.14794,50.46146],[2.15561,50.4604],[2.15929,50.45528]]]]}},{"type":"Feature","properties":{"code":"62542","nom":"Maizières","departement":"62","region":"32"},"geometry":{"type":"MultiPolygon","coordinates":[[[[2.46133,50.31934],[2.45131,50.3078],[2.44388,50.30718],[2.43432,50.30687],[2.42778,50.30665],[2.42454,50.31261],[2.42704,50.31352],[2.42994,50.31658],[2.43058,50.31871],[2.41865,50.33296],[2.42075,50.33577],[2.42457,50.33433],[2.43674,50.33331],[2.45903,50.33334],[2.46036,50.33197],[2.46205,50.32251],[2.46133,50.31934]]]]}},{"type":"Feature","properties":{"code":"62543","nom":"Mametz","departement":"62","region":"32"},"geometry":{"type":"MultiPolygon","coordinates":[[[[2.32467,50.64356],[2.32874,50.64281],[2.33543,50.63583],[2.33603,50.63369],[2.33874,50.62801],[2.32021,50.62145],[2.30871,50.61402],[2.29921,50.61054],[2.29827,50.60955],[2.29459,50.61219],[2.29436,50.61366],[2.28249,50.62196],[2.27906,50.6227],[2.27499,50.62535],[2.27426,50.62588],[2.27521,50.63371],[2.27647,50.63424],[2.31197,50.64144],[2.31569,50.64345],[2.32467,50.64356]]]]}},{"type":"Feature","properties":{"code":"62544","nom":"Manin","departement":"62","region":"32"},"geometry":{"type":"MultiPolygon","coordinates":[[[[2.4886,50.29076],[2.50291,50.29695],[2.50326,50.30306],[2.50123,50.30966],[2.50055,50.31134],[2.50402,50.31224],[2.51209,50.30924],[2.51384,50.30445],[2.51317,50.30261],[2.52077,50.29641],[2.52264,50.29713],[2.52304,50.29325],[2.52004,50.28763],[2.51832,50.28706],[2.49786,50.28557],[2.49469,50.28381],[2.48757,50.28853],[2.4894,50.28933],[2.4886,50.29076]]]]}},{"type":"Feature","properties":{"code":"62545","nom":"Maninghem","departement":"62","region":"32"},"geometry":{"type":"MultiPolygon","coordinates":[[[[1.92267,50.55334],[1.93165,50.55712],[1.93542,50.55993],[1.94009,50.55657],[1.94609,50.55963],[1.95056,50.55827],[1.95331,50.55121],[1.95252,50.54195],[1.95371,50.54018],[1.95441,50.53915],[1.9515,50.53608],[1.94861,50.53548],[1.93304,50.53697],[1.92858,50.54695],[1.92267,50.55334]]]]}},{"type":"Feature","properties":{"code":"62546","nom":"Maninghen-Henne","departement":"62","region":"32"},"geometry":{"type":"MultiPolygon","coordinates":[[[[1.69504,50.78142],[1.69194,50.77015],[1.66404,50.75874],[1.65649,50.76021],[1.65325,50.76242],[1.6529,50.77077],[1.65639,50.77461],[1.65806,50.77375],[1.66713,50.77425],[1.67429,50.77571],[1.6829,50.77929],[1.68571,50.77732],[1.69504,50.78142]]]]}},{"type":"Feature","properties":{"code":"62547","nom":"Marant","departement":"62","region":"32"},"geometry":{"type":"MultiPolygon","coordinates":[[[[1.86089,50.46454],[1.85393,50.4608],[1.84519,50.45777],[1.83782,50.46545],[1.83757,50.46722],[1.83119,50.47224],[1.82677,50.47534],[1.82425,50.47619],[1.82095,50.47608],[1.82282,50.47664],[1.8242,50.48077],[1.82866,50.48752],[1.83329,50.48469],[1.83785,50.48029],[1.85007,50.4744],[1.85991,50.46673],[1.86162,50.46506],[1.86089,50.46454]]]]}},{"type":"Feature","properties":{"code":"62548","nom":"Marck","departement":"62","region":"32"},"geometry":{"type":"MultiPolygon","coordinates":[[[[1.92637,50.93868],[1.92192,50.94708],[1.9219,50.94718],[1.91867,50.95617],[1.91965,50.95838],[1.92022,50.96138],[1.91813,50.96662],[1.91732,50.97408],[1.913,50.9806],[1.91236,50.98094],[1.92111,50.98515],[1.94339,50.98972],[1.9509,50.9894],[1.95141,50.98777],[1.95205,50.98928],[1.95474,50.98832],[1.95622,50.9889],[1.96166,50.98702],[1.97271,50.9895],[1.98009,50.97846],[1.98034,50.97293],[1.98565,50.96458],[1.99156,50.95835],[1.99528,50.95382],[1.99172,50.94834],[1.9785,50.95012],[1.96899,50.9489],[1.9666,50.94709],[1.96198,50.94542],[1.96247,50.94474],[1.96521,50.94151],[1.97819,50.91854],[1.96742,50.91563],[1.95956,50.91532],[1.94937,50.91646],[1.93805,50.92135],[1.92652,50.91818],[1.92191,50.91439],[1.91435,50.91798],[1.90928,50.91944],[1.90793,50.9219],[1.92779,50.9282],[1.92637,50.93868]]]]}},{"type":"Feature","properties":{"code":"62550","nom":"Marconnelle","departement":"62","region":"32"},"geometry":{"type":"MultiPolygon","coordinates":[[[[2.02583,50.37832],[2.03054,50.37455],[2.02879,50.3705],[2.02279,50.3658],[2.01141,50.36127],[2.00171,50.35988],[1.9965,50.35696],[1.99488,50.35549],[1.98724,50.35838],[1.98409,50.36114],[1.98123,50.36126],[2.00418,50.38106],[2.00522,50.38038],[2.00723,50.38208],[2.01077,50.38169],[2.01938,50.38026],[2.02583,50.37832]]]]}},{"type":"Feature","properties":{"code":"62551","nom":"Marenla","departement":"62","region":"32"},"geometry":{"type":"MultiPolygon","coordinates":[[[[1.86375,50.44147],[1.85981,50.44527],[1.85499,50.44733],[1.84113,50.45],[1.83264,50.45329],[1.83225,50.45425],[1.83307,50.4554],[1.83552,50.45608],[1.84519,50.45777],[1.85393,50.4608],[1.86089,50.46454],[1.862,50.46332],[1.86745,50.46266],[1.88512,50.4627],[1.89843,50.46721],[1.90326,50.46469],[1.90197,50.45722],[1.89875,50.45267],[1.89774,50.44556],[1.90172,50.4414],[1.9021,50.43907],[1.89789,50.43901],[1.8932,50.4375],[1.88062,50.43811],[1.87812,50.43912],[1.87078,50.44142],[1.86375,50.44147]]]]}},{"type":"Feature","properties":{"code":"62552","nom":"Maresquel-Ecquemicourt","departement":"62","region":"32"},"geometry":{"type":"MultiPolygon","coordinates":[[[[1.90603,50.39095],[1.91136,50.3945],[1.90827,50.39725],[1.91609,50.39824],[1.92593,50.40125],[1.92572,50.40218],[1.91491,50.40428],[1.91657,50.40822],[1.92383,50.41489],[1.93405,50.41613],[1.9378,50.41506],[1.93838,50.41565],[1.94003,50.40957],[1.94728,50.40604],[1.95616,50.40426],[1.96649,50.40421],[1.96745,50.40367],[1.9519,50.38991],[1.94319,50.38455],[1.93715,50.38275],[1.93583,50.38427],[1.93755,50.38517],[1.9355,50.38978],[1.93076,50.3912],[1.92099,50.38884],[1.91545,50.38656],[1.90603,50.39095]]]]}},{"type":"Feature","properties":{"code":"62553","nom":"Marest","departement":"62","region":"32"},"geometry":{"type":"MultiPolygon","coordinates":[[[[2.40111,50.47091],[2.4081,50.46938],[2.41184,50.47094],[2.41792,50.47566],[2.42407,50.48082],[2.42782,50.47681],[2.43481,50.4648],[2.4399,50.46129],[2.43866,50.46042],[2.43724,50.46118],[2.42852,50.45852],[2.41661,50.4606],[2.39664,50.46745],[2.40111,50.47091]]]]}},{"type":"Feature","properties":{"code":"62554","nom":"Maresville","departement":"62","region":"32"},"geometry":{"type":"MultiPolygon","coordinates":[[[[1.71734,50.52119],[1.71947,50.52644],[1.71434,50.53386],[1.71922,50.5335],[1.73359,50.52916],[1.7409,50.5252],[1.74471,50.52077],[1.74292,50.51941],[1.74176,50.51646],[1.73774,50.51655],[1.72391,50.52134],[1.71734,50.52119]]]]}},{"type":"Feature","properties":{"code":"62555","nom":"Marles-les-Mines","departement":"62","region":"32"},"geometry":{"type":"MultiPolygon","coordinates":[[[[2.49037,50.49627],[2.48606,50.49789],[2.48539,50.49833],[2.48799,50.50385],[2.48767,50.50746],[2.48993,50.51033],[2.49363,50.50902],[2.50796,50.51472],[2.51005,50.51402],[2.51202,50.50986],[2.51999,50.50279],[2.52382,50.50038],[2.52939,50.4986],[2.52664,50.49696],[2.51353,50.49039],[2.50008,50.49531],[2.49536,50.49491],[2.49315,50.49407],[2.49037,50.49627]]]]}},{"type":"Feature","properties":{"code":"62556","nom":"Marles-sur-Canche","departement":"62","region":"32"},"geometry":{"type":"MultiPolygon","coordinates":[[[[1.79807,50.46029],[1.79747,50.46229],[1.79929,50.46253],[1.80308,50.46532],[1.80039,50.46565],[1.80096,50.46707],[1.80677,50.47353],[1.81251,50.4758],[1.82095,50.47608],[1.82425,50.47619],[1.82677,50.47534],[1.83119,50.47224],[1.83757,50.46722],[1.83782,50.46545],[1.84519,50.45777],[1.83552,50.45608],[1.83307,50.4554],[1.83225,50.45425],[1.82594,50.45618],[1.82049,50.45306],[1.81689,50.45516],[1.79807,50.46029]]]]}},{"type":"Feature","properties":{"code":"62557","nom":"Marœuil","departement":"62","region":"32"},"geometry":{"type":"MultiPolygon","coordinates":[[[[2.74333,50.33971],[2.73952,50.33742],[2.73252,50.32593],[2.72694,50.31964],[2.71845,50.31519],[2.71144,50.31371],[2.67984,50.31946],[2.66345,50.32651],[2.66623,50.32897],[2.6719,50.32696],[2.68908,50.33284],[2.70696,50.34102],[2.72961,50.34905],[2.73394,50.34963],[2.73827,50.34923],[2.74082,50.34603],[2.74333,50.33971]]]]}},{"type":"Feature","properties":{"code":"62558","nom":"Marquay","departement":"62","region":"32"},"geometry":{"type":"MultiPolygon","coordinates":[[[[2.42443,50.37331],[2.42367,50.37237],[2.41726,50.37049],[2.41177,50.36623],[2.40432,50.36706],[2.40885,50.37469],[2.41034,50.3847],[2.40975,50.38696],[2.41745,50.39198],[2.42126,50.38906],[2.42853,50.3862],[2.43945,50.38744],[2.44128,50.38874],[2.44602,50.38538],[2.44134,50.38378],[2.42443,50.37331]]]]}},{"type":"Feature","properties":{"code":"62559","nom":"Marquion","departement":"62","region":"32"},"geometry":{"type":"MultiPolygon","coordinates":[[[[3.13128,50.19958],[3.13005,50.1999],[3.11559,50.19741],[3.10126,50.1905],[3.09936,50.19029],[3.09647,50.19009],[3.08558,50.19618],[3.07032,50.20141],[3.07655,50.21589],[3.08466,50.22143],[3.08569,50.22275],[3.09424,50.21741],[3.10352,50.20959],[3.12908,50.2042],[3.13257,50.20258],[3.13354,50.20194],[3.13128,50.19958]]]]}},{"type":"Feature","properties":{"code":"62560","nom":"Marquise","departement":"62","region":"32"},"geometry":{"type":"MultiPolygon","coordinates":[[[[1.73202,50.82897],[1.73401,50.82441],[1.73099,50.82395],[1.72638,50.81081],[1.72262,50.80574],[1.7159,50.80071],[1.71558,50.79563],[1.71953,50.79015],[1.71865,50.79021],[1.69718,50.79234],[1.67946,50.80973],[1.6732,50.8107],[1.6656,50.81054],[1.65375,50.80579],[1.6443,50.80512],[1.6447,50.80562],[1.64775,50.80768],[1.65171,50.80874],[1.66556,50.81562],[1.68244,50.82641],[1.68569,50.82944],[1.68604,50.8309],[1.68808,50.83047],[1.69556,50.83299],[1.69832,50.83286],[1.70246,50.83177],[1.71031,50.82724],[1.71687,50.82505],[1.73202,50.82897]]]]}},{"type":"Feature","properties":{"code":"62561","nom":"Martinpuich","departement":"62","region":"32"},"geometry":{"type":"MultiPolygon","coordinates":[[[[2.79562,50.05122],[2.79478,50.05047],[2.78866,50.0452],[2.78686,50.04705],[2.77883,50.04484],[2.77675,50.04361],[2.76339,50.03832],[2.75308,50.03853],[2.75179,50.03999],[2.74597,50.04613],[2.74247,50.04821],[2.76402,50.0607],[2.7701,50.06423],[2.78626,50.06114],[2.79,50.05789],[2.792,50.05367],[2.79562,50.05122]]]]}},{"type":"Feature","properties":{"code":"62562","nom":"Matringhem","departement":"62","region":"32"},"geometry":{"type":"MultiPolygon","coordinates":[[[[2.19239,50.54878],[2.19301,50.54697],[2.19747,50.54777],[2.19993,50.5435],[2.18045,50.53847],[2.1674,50.53669],[2.16198,50.54052],[2.15544,50.54229],[2.1367,50.54518],[2.13865,50.54653],[2.13786,50.54794],[2.1413,50.5505],[2.14784,50.55257],[2.15642,50.5533],[2.15955,50.55011],[2.19239,50.54878]]]]}},{"type":"Feature","properties":{"code":"62563","nom":"Mazingarbe","departement":"62","region":"32"},"geometry":{"type":"MultiPolygon","coordinates":[[[[2.76101,50.45944],[2.76164,50.45645],[2.75653,50.45398],[2.75247,50.45769],[2.7495,50.45918],[2.73923,50.46043],[2.7368,50.45845],[2.72963,50.45765],[2.72914,50.45797],[2.72742,50.45575],[2.72611,50.45602],[2.72419,50.45812],[2.71293,50.46342],[2.70853,50.4613],[2.70712,50.46036],[2.70369,50.46211],[2.69934,50.45916],[2.6964,50.4606],[2.69642,50.46199],[2.6862,50.46743],[2.68773,50.472],[2.6902,50.47417],[2.69493,50.47611],[2.69805,50.47597],[2.7036,50.4794],[2.70883,50.48264],[2.71534,50.48559],[2.71537,50.48436],[2.72447,50.48078],[2.73015,50.48052],[2.73635,50.47686],[2.74274,50.47437],[2.76633,50.46616],[2.76101,50.45944]]]]}},{"type":"Feature","properties":{"code":"62564","nom":"Mazinghem","departement":"62","region":"32"},"geometry":{"type":"MultiPolygon","coordinates":[[[[2.42342,50.61582],[2.42443,50.61358],[2.43227,50.60893],[2.43783,50.60147],[2.43815,50.5975],[2.4242,50.59846],[2.40025,50.59615],[2.39634,50.59962],[2.38755,50.60165],[2.38493,50.60409],[2.38658,50.60547],[2.38946,50.60614],[2.39204,50.60601],[2.41897,50.6155],[2.42342,50.61582]]]]}},{"type":"Feature","properties":{"code":"62565","nom":"Mencas","departement":"62","region":"32"},"geometry":{"type":"MultiPolygon","coordinates":[[[[2.15811,50.56171],[2.15642,50.5533],[2.14784,50.55257],[2.1413,50.5505],[2.13786,50.54794],[2.13118,50.55681],[2.13124,50.56043],[2.13426,50.56201],[2.15004,50.56476],[2.15121,50.56559],[2.15186,50.56602],[2.15811,50.56171]]]]}},{"type":"Feature","properties":{"code":"62566","nom":"Menneville","departement":"62","region":"32"},"geometry":{"type":"MultiPolygon","coordinates":[[[[1.87831,50.68652],[1.87649,50.68585],[1.87496,50.67811],[1.87375,50.65704],[1.87004,50.65634],[1.84943,50.66874],[1.83866,50.67661],[1.83897,50.67764],[1.84087,50.67705],[1.84377,50.67765],[1.86654,50.6876],[1.86933,50.68635],[1.87146,50.68634],[1.87412,50.68878],[1.87558,50.68887],[1.87779,50.68806],[1.87831,50.68652]]]]}},{"type":"Feature","properties":{"code":"62567","nom":"Mentque-Nortbécourt","departement":"62","region":"32"},"geometry":{"type":"MultiPolygon","coordinates":[[[[2.0738,50.75083],[2.06674,50.75462],[2.05876,50.75704],[2.06468,50.7605],[2.06621,50.76306],[2.06544,50.76932],[2.06888,50.77805],[2.07744,50.78579],[2.09898,50.7931],[2.10043,50.7918],[2.10369,50.78854],[2.10815,50.79002],[2.10904,50.78902],[2.10366,50.78104],[2.10386,50.7792],[2.1113,50.7766],[2.11835,50.78109],[2.12127,50.7795],[2.12674,50.78053],[2.13426,50.77943],[2.12485,50.77404],[2.09324,50.76138],[2.08889,50.75836],[2.0738,50.75083]]]]}},{"type":"Feature","properties":{"code":"62568","nom":"Mercatel","departement":"62","region":"32"},"geometry":{"type":"MultiPolygon","coordinates":[[[[2.81315,50.23067],[2.8126,50.22984],[2.8059,50.22767],[2.80088,50.22745],[2.80121,50.22521],[2.78869,50.22773],[2.78419,50.22609],[2.77999,50.22458],[2.76686,50.22584],[2.76657,50.23387],[2.76285,50.2328],[2.76447,50.23747],[2.77521,50.23992],[2.77498,50.24081],[2.77748,50.24125],[2.79325,50.24869],[2.79683,50.24958],[2.79827,50.24758],[2.8109,50.23023],[2.81315,50.23067]]]]}},{"type":"Feature","properties":{"code":"62569","nom":"Merck-Saint-Liévin","departement":"62","region":"32"},"geometry":{"type":"MultiPolygon","coordinates":[[[[2.11191,50.65889],[2.12372,50.65308],[2.12156,50.6521],[2.122,50.64766],[2.13447,50.64152],[2.12852,50.62969],[2.12798,50.62313],[2.1265,50.61871],[2.12504,50.61734],[2.12052,50.61639],[2.11283,50.61705],[2.0878,50.62484],[2.0838,50.62504],[2.08233,50.62715],[2.08134,50.63443],[2.07551,50.64312],[2.09438,50.64971],[2.09758,50.65284],[2.10746,50.65762],[2.11191,50.65889]]]]}},{"type":"Feature","properties":{"code":"62570","nom":"Méricourt","departement":"62","region":"32"},"geometry":{"type":"MultiPolygon","coordinates":[[[[2.86803,50.38756],[2.86284,50.38244],[2.86391,50.3807],[2.85877,50.37982],[2.85642,50.38189],[2.85238,50.38202],[2.85131,50.38067],[2.84432,50.38431],[2.85117,50.39621],[2.85444,50.39797],[2.85367,50.39821],[2.85214,50.40099],[2.84878,50.40155],[2.84931,50.40469],[2.85036,50.40532],[2.85165,50.40546],[2.85573,50.40983],[2.85678,50.4107],[2.85802,50.40989],[2.85904,50.41078],[2.86136,50.4097],[2.87321,50.41193],[2.87585,50.41368],[2.87968,50.41771],[2.88758,50.41898],[2.8894,50.41893],[2.88913,50.41747],[2.89051,50.41786],[2.89151,50.41635],[2.89019,50.4159],[2.89069,50.41493],[2.89124,50.41303],[2.88895,50.41206],[2.89086,50.41076],[2.89061,50.41055],[2.88478,50.40438],[2.88525,50.40256],[2.88712,50.40178],[2.88661,50.40121],[2.88515,50.39897],[2.88706,50.39781],[2.88996,50.39751],[2.88892,50.39606],[2.8865,50.39568],[2.88366,50.39399],[2.88609,50.3932],[2.87587,50.39059],[2.86803,50.38756]]]]}},{"type":"Feature","properties":{"code":"62571","nom":"Merlimont","departement":"62","region":"32"},"geometry":{"type":"MultiPolygon","coordinates":[[[[1.6305,50.46963],[1.6284,50.4639],[1.6298,50.46272],[1.63457,50.4607],[1.6376,50.46057],[1.642,50.46168],[1.65008,50.46092],[1.65032,50.45945],[1.64526,50.45516],[1.64724,50.44897],[1.64792,50.44616],[1.64573,50.4413],[1.64088,50.43876],[1.63657,50.43936],[1.63715,50.43192],[1.63493,50.43123],[1.60292,50.43471],[1.56909,50.43988],[1.57445,50.47142],[1.61763,50.47359],[1.62361,50.47241],[1.6305,50.46963]]]]}},{"type":"Feature","properties":{"code":"62572","nom":"Metz-en-Couture","departement":"62","region":"32"},"geometry":{"type":"MultiPolygon","coordinates":[[[[3.07441,50.04528],[3.07267,50.04661],[3.06704,50.0485],[3.06167,50.04947],[3.0344,50.05841],[3.03065,50.05762],[3.02734,50.06184],[3.02739,50.06441],[3.03822,50.073],[3.04477,50.07206],[3.05082,50.07314],[3.05342,50.0747],[3.0657,50.07615],[3.08372,50.07209],[3.08594,50.07338],[3.08703,50.07552],[3.08741,50.07555],[3.09003,50.07559],[3.09475,50.07103],[3.09596,50.06985],[3.08738,50.0677],[3.08567,50.06447],[3.08497,50.05948],[3.09028,50.05379],[3.08814,50.05066],[3.07441,50.04528]]]]}},{"type":"Feature","properties":{"code":"62573","nom":"Meurchin","departement":"62","region":"32"},"geometry":{"type":"MultiPolygon","coordinates":[[[[2.88034,50.48807],[2.87968,50.49636],[2.88174,50.50777],[2.88727,50.50772],[2.89031,50.50626],[2.88741,50.50362],[2.89613,50.5013],[2.90434,50.50261],[2.90483,50.50352],[2.90783,50.50074],[2.90852,50.50111],[2.91026,50.49973],[2.90916,50.49909],[2.91366,50.49382],[2.91299,50.49014],[2.91112,50.48924],[2.90254,50.48488],[2.90063,50.48267],[2.8977,50.48241],[2.88429,50.48288],[2.88714,50.48631],[2.88235,50.48782],[2.881,50.4853],[2.88034,50.48807]]]]}},{"type":"Feature","properties":{"code":"62574","nom":"Mingoval","departement":"62","region":"32"},"geometry":{"type":"MultiPolygon","coordinates":[[[[2.55532,50.38687],[2.57004,50.38952],[2.57854,50.38474],[2.57788,50.38326],[2.57667,50.38],[2.57754,50.37336],[2.58157,50.37049],[2.58482,50.36623],[2.58447,50.36179],[2.58345,50.36053],[2.58153,50.36042],[2.58155,50.36122],[2.56726,50.36678],[2.56124,50.37068],[2.55165,50.38127],[2.55532,50.38687]]]]}},{"type":"Feature","properties":{"code":"62576","nom":"Moncheaux-lès-Frévent","departement":"62","region":"32"},"geometry":{"type":"MultiPolygon","coordinates":[[[[2.37207,50.32724],[2.37479,50.32345],[2.38417,50.31618],[2.38065,50.31148],[2.35704,50.30349],[2.348,50.31326],[2.34585,50.31405],[2.34897,50.31709],[2.37112,50.3277],[2.37207,50.32724]]]]}},{"type":"Feature","properties":{"code":"62577","nom":"Monchel-sur-Canche","departement":"62","region":"32"},"geometry":{"type":"MultiPolygon","coordinates":[[[[2.24281,50.30821],[2.22359,50.29538],[2.21398,50.28444],[2.21407,50.28578],[2.20821,50.29544],[2.20879,50.29774],[2.20532,50.29876],[2.20736,50.306],[2.20734,50.31543],[2.21029,50.3161],[2.21815,50.31557],[2.22672,50.31405],[2.22735,50.31244],[2.23584,50.30887],[2.24281,50.30821]]]]}},{"type":"Feature","properties":{"code":"62578","nom":"Monchiet","departement":"62","region":"32"},"geometry":{"type":"MultiPolygon","coordinates":[[[[2.63535,50.24456],[2.63418,50.24407],[2.63908,50.23624],[2.62642,50.23227],[2.61115,50.22957],[2.61224,50.23946],[2.61124,50.24191],[2.60943,50.24234],[2.61474,50.24447],[2.62656,50.24614],[2.63366,50.24619],[2.63535,50.24456]]]]}},{"type":"Feature","properties":{"code":"62579","nom":"Monchy-au-Bois","departement":"62","region":"32"},"geometry":{"type":"MultiPolygon","coordinates":[[[[2.63568,50.17123],[2.62795,50.17557],[2.62694,50.18087],[2.62496,50.18372],[2.64388,50.18949],[2.65197,50.19543],[2.66067,50.19662],[2.66759,50.19646],[2.68092,50.18941],[2.68451,50.18802],[2.68625,50.18913],[2.68912,50.18748],[2.68324,50.18082],[2.68292,50.17883],[2.6816,50.17774],[2.67978,50.17828],[2.67818,50.17579],[2.6803,50.17233],[2.6792,50.17196],[2.67388,50.16427],[2.66579,50.15947],[2.66325,50.15983],[2.64387,50.1697],[2.63819,50.17178],[2.63568,50.17123]]]]}},{"type":"Feature","properties":{"code":"62580","nom":"Monchy-Breton","departement":"62","region":"32"},"geometry":{"type":"MultiPolygon","coordinates":[[[[2.45119,50.40728],[2.45729,50.40726],[2.4639,50.39103],[2.45907,50.38778],[2.45624,50.38921],[2.4434,50.39004],[2.44128,50.38874],[2.43945,50.38744],[2.42853,50.3862],[2.42126,50.38906],[2.41745,50.39198],[2.41907,50.39292],[2.41565,50.39615],[2.40643,50.40222],[2.40907,50.40337],[2.40875,50.40808],[2.40995,50.40948],[2.41746,50.40607],[2.44499,50.40816],[2.45119,50.40728]]]]}},{"type":"Feature","properties":{"code":"62581","nom":"Monchy-Cayeux","departement":"62","region":"32"},"geometry":{"type":"MultiPolygon","coordinates":[[[[2.30191,50.43206],[2.29926,50.42955],[2.29497,50.42759],[2.2746,50.42348],[2.2675,50.42088],[2.26455,50.42433],[2.25713,50.42954],[2.2574,50.4325],[2.26071,50.43622],[2.27426,50.44507],[2.29195,50.4466],[2.30317,50.44407],[2.30343,50.44206],[2.30191,50.43206]]]]}},{"type":"Feature","properties":{"code":"62582","nom":"Monchy-le-Preux","departement":"62","region":"32"},"geometry":{"type":"MultiPolygon","coordinates":[[[[2.87487,50.26473],[2.85333,50.27015],[2.85409,50.27285],[2.86192,50.27668],[2.86949,50.2787],[2.86938,50.27931],[2.88838,50.28313],[2.88979,50.28207],[2.90451,50.27294],[2.9112,50.27216],[2.91789,50.27449],[2.93224,50.2639],[2.93161,50.26364],[2.91599,50.25298],[2.9053,50.25708],[2.87487,50.26473]]]]}},{"type":"Feature","properties":{"code":"62584","nom":"Mont-Bernanchon","departement":"62","region":"32"},"geometry":{"type":"MultiPolygon","coordinates":[[[[2.63327,50.59606],[2.63436,50.59352],[2.63366,50.59191],[2.62942,50.58761],[2.62305,50.58302],[2.61475,50.57243],[2.6093,50.57413],[2.60687,50.57409],[2.60252,50.57108],[2.59891,50.57064],[2.59554,50.57226],[2.5854,50.57984],[2.57825,50.58247],[2.57094,50.58412],[2.56015,50.58407],[2.55944,50.58514],[2.56418,50.5941],[2.57641,50.60103],[2.58321,50.60294],[2.59989,50.6053],[2.6068,50.60041],[2.6154,50.597],[2.62206,50.59616],[2.63327,50.59606]]]]}},{"type":"Feature","properties":{"code":"62585","nom":"Montcavrel","departement":"62","region":"32"},"geometry":{"type":"MultiPolygon","coordinates":[[[[1.7906,50.51136],[1.79296,50.51202],[1.79546,50.51472],[1.79759,50.51983],[1.79892,50.52307],[1.79591,50.52659],[1.79698,50.52686],[1.79769,50.52594],[1.8007,50.5268],[1.80427,50.53104],[1.80751,50.53957],[1.82053,50.53818],[1.83529,50.53984],[1.85092,50.54533],[1.85186,50.54448],[1.84477,50.53917],[1.82936,50.52965],[1.81839,50.51843],[1.81882,50.51474],[1.82812,50.50782],[1.83496,50.50418],[1.83758,50.50013],[1.83436,50.4994],[1.8286,50.49763],[1.81992,50.49912],[1.80357,50.50402],[1.79023,50.50566],[1.7906,50.51136]]]]}},{"type":"Feature","properties":{"code":"62586","nom":"Montenescourt","departement":"62","region":"32"},"geometry":{"type":"MultiPolygon","coordinates":[[[[2.64347,50.27647],[2.63708,50.28133],[2.62406,50.2873],[2.60629,50.2889],[2.60476,50.29073],[2.60903,50.29613],[2.61819,50.30088],[2.62837,50.30957],[2.62642,50.3132],[2.6305,50.31396],[2.63924,50.30782],[2.62708,50.30604],[2.63047,50.29868],[2.63583,50.29326],[2.65215,50.28493],[2.64856,50.2832],[2.64511,50.27752],[2.64347,50.27647]]]]}},{"type":"Feature","properties":{"code":"62587","nom":"Montigny-en-Gohelle","departement":"62","region":"32"},"geometry":{"type":"MultiPolygon","coordinates":[[[[2.926,50.41101],[2.9246,50.41014],[2.92352,50.41138],[2.92423,50.41439],[2.92344,50.41531],[2.91874,50.42291],[2.91943,50.42659],[2.92103,50.42807],[2.9234,50.43021],[2.91967,50.43162],[2.92059,50.43257],[2.92609,50.4381],[2.93301,50.4411],[2.94339,50.43981],[2.93976,50.43232],[2.93834,50.42807],[2.94136,50.42617],[2.94281,50.42542],[2.93756,50.42268],[2.93266,50.42216],[2.9326,50.41967],[2.93096,50.41968],[2.93039,50.41506],[2.926,50.41101]]]]}},{"type":"Feature","properties":{"code":"62588","nom":"Montreuil-sur-Mer","departement":"62","region":"32"},"geometry":{"type":"MultiPolygon","coordinates":[[[[1.79807,50.46029],[1.79838,50.45925],[1.783,50.46236],[1.76593,50.45986],[1.75964,50.45655],[1.75764,50.45754],[1.75631,50.46688],[1.75854,50.47248],[1.7578,50.47416],[1.79345,50.46577],[1.79929,50.46253],[1.79747,50.46229],[1.79807,50.46029]]]]}},{"type":"Feature","properties":{"code":"62589","nom":"Mont-Saint-Éloi","departement":"62","region":"32"},"geometry":{"type":"MultiPolygon","coordinates":[[[[2.66345,50.32651],[2.65776,50.32841],[2.65231,50.32882],[2.64538,50.33128],[2.64826,50.33316],[2.65479,50.33189],[2.65936,50.33542],[2.66857,50.36088],[2.66692,50.36185],[2.66877,50.36354],[2.66744,50.36939],[2.66922,50.3716],[2.67716,50.37151],[2.67984,50.37074],[2.68336,50.36636],[2.68552,50.36557],[2.68875,50.36736],[2.69187,50.36903],[2.71053,50.36676],[2.71595,50.36738],[2.72288,50.36719],[2.72376,50.3664],[2.72145,50.36437],[2.72961,50.34905],[2.70696,50.34102],[2.68908,50.33284],[2.6719,50.32696],[2.66623,50.32897],[2.66345,50.32651]]]]}},{"type":"Feature","properties":{"code":"62590","nom":"Monts-en-Ternois","departement":"62","region":"32"},"geometry":{"type":"MultiPolygon","coordinates":[[[[2.39697,50.32805],[2.40014,50.32514],[2.39274,50.31257],[2.39462,50.31069],[2.39997,50.30868],[2.39924,50.30808],[2.39464,50.30576],[2.38065,50.31148],[2.38417,50.31618],[2.37479,50.32345],[2.37207,50.32724],[2.38137,50.33275],[2.38673,50.33251],[2.38759,50.33143],[2.38832,50.33051],[2.39413,50.33072],[2.39697,50.32805]]]]}},{"type":"Feature","properties":{"code":"62591","nom":"Morchies","departement":"62","region":"32"},"geometry":{"type":"MultiPolygon","coordinates":[[[[2.92921,50.13217],[2.92594,50.13757],[2.93106,50.13944],[2.93317,50.14462],[2.93809,50.14251],[2.94245,50.14183],[2.95208,50.14689],[2.96739,50.14964],[2.97481,50.15009],[2.98505,50.14612],[2.98804,50.145],[2.97878,50.13982],[2.96431,50.12943],[2.96144,50.1267],[2.9623,50.12553],[2.95454,50.12392],[2.95074,50.12314],[2.94454,50.12925],[2.93138,50.13349],[2.92921,50.13217]]]]}},{"type":"Feature","properties":{"code":"62592","nom":"Moringhem","departement":"62","region":"32"},"geometry":{"type":"MultiPolygon","coordinates":[[[[2.0738,50.75083],[2.08889,50.75836],[2.09324,50.76138],[2.12485,50.77404],[2.13426,50.77943],[2.13587,50.779],[2.14068,50.7812],[2.14788,50.77452],[2.15531,50.774],[2.1633,50.76688],[2.15924,50.76346],[2.14096,50.75412],[2.12876,50.7501],[2.1292,50.7495],[2.11949,50.74937],[2.11461,50.74792],[2.11254,50.75062],[2.10276,50.75835],[2.0908,50.75662],[2.07806,50.7503],[2.07361,50.75021],[2.07273,50.75019],[2.0738,50.75083]]]]}},{"type":"Feature","properties":{"code":"62593","nom":"Morval","departement":"62","region":"32"},"geometry":{"type":"MultiPolygon","coordinates":[[[[2.87019,50.03515],[2.87166,50.03417],[2.87806,50.03588],[2.88301,50.03488],[2.88421,50.03154],[2.87937,50.03045],[2.8759,50.02757],[2.87597,50.02652],[2.87862,50.02452],[2.87703,50.02341],[2.87816,50.02296],[2.8776,50.02075],[2.87517,50.01984],[2.85655,50.02404],[2.85709,50.02462],[2.85573,50.02616],[2.85798,50.03013],[2.87019,50.03515]]]]}},{"type":"Feature","properties":{"code":"62594","nom":"Mory","departement":"62","region":"32"},"geometry":{"type":"MultiPolygon","coordinates":[[[[2.87166,50.1684],[2.87266,50.16695],[2.88125,50.16136],[2.87308,50.15282],[2.87274,50.14815],[2.86075,50.14271],[2.86021,50.14313],[2.85035,50.13962],[2.84638,50.14498],[2.84482,50.14516],[2.84547,50.14611],[2.83435,50.15268],[2.83755,50.15608],[2.83567,50.15979],[2.84759,50.16737],[2.85342,50.16985],[2.85379,50.17176],[2.85384,50.1727],[2.86818,50.17196],[2.87166,50.1684]]]]}},{"type":"Feature","properties":{"code":"62595","nom":"Moulle","departement":"62","region":"32"},"geometry":{"type":"MultiPolygon","coordinates":[[[[2.15531,50.774],[2.14788,50.77452],[2.14068,50.7812],[2.1714,50.79408],[2.19068,50.80523],[2.20356,50.80926],[2.19325,50.79712],[2.17939,50.78397],[2.16826,50.77828],[2.15531,50.774]]]]}},{"type":"Feature","properties":{"code":"62596","nom":"Mouriez","departement":"62","region":"32"},"geometry":{"type":"MultiPolygon","coordinates":[[[[1.96373,50.31788],[1.96098,50.3241],[1.95664,50.32729],[1.94629,50.33171],[1.93807,50.33554],[1.93225,50.34009],[1.93112,50.35148],[1.92551,50.35509],[1.92277,50.35941],[1.92154,50.36149],[1.92419,50.36669],[1.92642,50.36773],[1.93314,50.36881],[1.94279,50.36777],[1.94511,50.36972],[1.94841,50.36945],[1.9513,50.37262],[1.95431,50.37321],[1.95718,50.37153],[1.95897,50.36922],[1.95766,50.36766],[1.97233,50.3629],[1.97063,50.36158],[1.96907,50.35479],[1.97282,50.35145],[1.98263,50.34806],[1.98551,50.34485],[1.98417,50.33382],[1.97907,50.3292],[1.97902,50.32768],[1.9708,50.32068],[1.96573,50.31933],[1.96373,50.31788]]]]}},{"type":"Feature","properties":{"code":"62597","nom":"Moyenneville","departement":"62","region":"32"},"geometry":{"type":"MultiPolygon","coordinates":[[[[2.78655,50.17221],[2.78473,50.17468],[2.77338,50.16782],[2.75955,50.16474],[2.75445,50.16548],[2.74917,50.16774],[2.75579,50.17378],[2.75256,50.18152],[2.7626,50.18567],[2.7772,50.1956],[2.77783,50.19514],[2.7796,50.19563],[2.78482,50.19784],[2.78854,50.1916],[2.7901,50.18515],[2.78909,50.17445],[2.78841,50.17258],[2.78655,50.17221]]]]}},{"type":"Feature","properties":{"code":"62598","nom":"Muncq-Nieurlet","departement":"62","region":"32"},"geometry":{"type":"MultiPolygon","coordinates":[[[[2.12899,50.81775],[2.10477,50.81618],[2.0915,50.82701],[2.09309,50.82808],[2.09209,50.83198],[2.09482,50.83789],[2.10087,50.84336],[2.10866,50.84686],[2.1107,50.84868],[2.10955,50.84986],[2.1133,50.85571],[2.11993,50.86287],[2.12642,50.86898],[2.12907,50.87039],[2.13984,50.85378],[2.14024,50.84359],[2.13939,50.84236],[2.12775,50.83873],[2.12528,50.82958],[2.12899,50.81775]]]]}},{"type":"Feature","properties":{"code":"62599","nom":"Nabringhen","departement":"62","region":"32"},"geometry":{"type":"MultiPolygon","coordinates":[[[[1.87874,50.73847],[1.87718,50.73679],[1.8673,50.73112],[1.85769,50.7343],[1.85446,50.73323],[1.84378,50.73736],[1.84476,50.73964],[1.85105,50.74636],[1.86087,50.75483],[1.86703,50.75127],[1.87024,50.74902],[1.87682,50.75138],[1.87822,50.75054],[1.87556,50.74721],[1.87521,50.7444],[1.87874,50.73847]]]]}},{"type":"Feature","properties":{"code":"62600","nom":"Nédon","departement":"62","region":"32"},"geometry":{"type":"MultiPolygon","coordinates":[[[[2.37322,50.53883],[2.3786,50.53017],[2.38175,50.51962],[2.37856,50.51658],[2.36336,50.50884],[2.35929,50.50577],[2.34325,50.50074],[2.34215,50.50052],[2.33967,50.50252],[2.33767,50.50622],[2.33812,50.50848],[2.35514,50.51411],[2.36407,50.52159],[2.36306,50.52502],[2.36306,50.5346],[2.37065,50.54056],[2.3712,50.54119],[2.37322,50.53883]]]]}},{"type":"Feature","properties":{"code":"62601","nom":"Nédonchel","departement":"62","region":"32"},"geometry":{"type":"MultiPolygon","coordinates":[[[[2.33063,50.5161],[2.33483,50.51829],[2.35164,50.52428],[2.35424,50.52937],[2.35378,50.53611],[2.35247,50.539],[2.35696,50.54105],[2.35869,50.54347],[2.35692,50.54899],[2.35867,50.54968],[2.36216,50.54764],[2.37065,50.54056],[2.36306,50.5346],[2.36306,50.52502],[2.36407,50.52159],[2.35514,50.51411],[2.33812,50.50848],[2.33905,50.50927],[2.33784,50.51431],[2.33249,50.51486],[2.33063,50.5161]]]]}},{"type":"Feature","properties":{"code":"62602","nom":"Nempont-Saint-Firmin","departement":"62","region":"32"},"geometry":{"type":"MultiPolygon","coordinates":[[[[1.75193,50.36761],[1.75713,50.36874],[1.76543,50.3663],[1.76658,50.3644],[1.76316,50.36386],[1.76183,50.36159],[1.75935,50.35807],[1.75137,50.35583],[1.75085,50.35786],[1.7352,50.35341],[1.73019,50.34786],[1.7289,50.34796],[1.72559,50.35309],[1.72223,50.37134],[1.72542,50.36983],[1.74163,50.36596],[1.74518,50.36347],[1.75217,50.36581],[1.75193,50.36761]]]]}},{"type":"Feature","properties":{"code":"62603","nom":"Nesles","departement":"62","region":"32"},"geometry":{"type":"MultiPolygon","coordinates":[[[[1.6654,50.60444],[1.66405,50.60608],[1.66829,50.60962],[1.64035,50.62559],[1.6382,50.63032],[1.63976,50.63212],[1.641,50.63176],[1.65417,50.63722],[1.66517,50.63454],[1.66412,50.6334],[1.66868,50.62455],[1.67105,50.62297],[1.6743,50.6225],[1.67956,50.61912],[1.67439,50.60693],[1.66763,50.60286],[1.6654,50.60444]]]]}},{"type":"Feature","properties":{"code":"62604","nom":"Neufchâtel-Hardelot","departement":"62","region":"32"},"geometry":{"type":"MultiPolygon","coordinates":[[[[1.60404,50.64327],[1.61058,50.64035],[1.61825,50.63418],[1.62674,50.63283],[1.63807,50.63281],[1.63976,50.63212],[1.6382,50.63032],[1.64035,50.62559],[1.66829,50.60962],[1.66405,50.60608],[1.6654,50.60444],[1.658,50.60356],[1.66291,50.59511],[1.6654,50.59265],[1.66085,50.59156],[1.65398,50.5929],[1.64683,50.59569],[1.64085,50.59422],[1.63878,50.59813],[1.62904,50.60209],[1.61145,50.59986],[1.59621,50.60709],[1.57864,50.60668],[1.57644,50.63489],[1.57799,50.64132],[1.59435,50.64112],[1.60404,50.64327]]]]}},{"type":"Feature","properties":{"code":"62605","nom":"Neulette","departement":"62","region":"32"},"geometry":{"type":"MultiPolygon","coordinates":[[[[2.17633,50.38246],[2.17412,50.37934],[2.16705,50.37562],[2.15934,50.37888],[2.15597,50.38126],[2.15792,50.38242],[2.16193,50.38766],[2.16566,50.38809],[2.17633,50.38246]]]]}},{"type":"Feature","properties":{"code":"62606","nom":"Neuve-Chapelle","departement":"62","region":"32"},"geometry":{"type":"MultiPolygon","coordinates":[[[[2.79192,50.58633],[2.78913,50.58322],[2.78645,50.58109],[2.77499,50.57566],[2.76917,50.58335],[2.7727,50.58687],[2.77144,50.58944],[2.77992,50.59028],[2.78888,50.58814],[2.79192,50.58633]]]]}},{"type":"Feature","properties":{"code":"62607","nom":"Neuville-au-Cornet","departement":"62","region":"32"},"geometry":{"type":"MultiPolygon","coordinates":[[[[2.37112,50.3277],[2.36958,50.32936],[2.36119,50.33131],[2.35046,50.33196],[2.35028,50.33442],[2.34962,50.33541],[2.3528,50.33776],[2.36207,50.34165],[2.37759,50.33914],[2.38134,50.33514],[2.3854,50.33635],[2.3887,50.33152],[2.38759,50.33143],[2.38673,50.33251],[2.38137,50.33275],[2.37207,50.32724],[2.37112,50.3277]]]]}},{"type":"Feature","properties":{"code":"62608","nom":"Neuville-Bourjonval","departement":"62","region":"32"},"geometry":{"type":"MultiPolygon","coordinates":[[[[3.04185,50.08012],[3.03822,50.073],[3.02739,50.06441],[3.02734,50.06184],[3.03065,50.05762],[3.02556,50.05669],[3.02506,50.05461],[3.01476,50.05921],[3.01166,50.05799],[3.01062,50.05924],[3.01349,50.0664],[3.01349,50.0681],[3.01907,50.07398],[3.02837,50.0762],[3.03407,50.07836],[3.03562,50.08273],[3.04025,50.08161],[3.04185,50.08012]]]]}},{"type":"Feature","properties":{"code":"62609","nom":"Neuville-Saint-Vaast","departement":"62","region":"32"},"geometry":{"type":"MultiPolygon","coordinates":[[[[2.77517,50.34436],[2.76523,50.33962],[2.7538,50.33566],[2.74628,50.33305],[2.74333,50.33971],[2.74082,50.34603],[2.73827,50.34923],[2.73394,50.34963],[2.72961,50.34905],[2.72145,50.36437],[2.72376,50.3664],[2.72982,50.36964],[2.74018,50.37183],[2.73887,50.3723],[2.75625,50.37902],[2.76151,50.3802],[2.76394,50.37996],[2.76374,50.37894],[2.77075,50.37765],[2.77145,50.37689],[2.78435,50.36972],[2.78662,50.36749],[2.77895,50.36552],[2.7735,50.36245],[2.77454,50.34927],[2.77517,50.34436]]]]}},{"type":"Feature","properties":{"code":"62610","nom":"Neuville-sous-Montreuil","departement":"62","region":"32"},"geometry":{"type":"MultiPolygon","coordinates":[[[[1.82095,50.47608],[1.81251,50.4758],[1.80677,50.47353],[1.80096,50.46707],[1.80039,50.46565],[1.80308,50.46532],[1.79929,50.46253],[1.79345,50.46577],[1.7578,50.47416],[1.75566,50.47564],[1.75422,50.47559],[1.76946,50.4834],[1.77348,50.48753],[1.77935,50.48831],[1.78127,50.48952],[1.78535,50.48765],[1.79217,50.48652],[1.79751,50.48716],[1.81156,50.49164],[1.8208,50.49261],[1.83067,50.48892],[1.82866,50.48752],[1.8242,50.48077],[1.82282,50.47664],[1.82095,50.47608]]]]}},{"type":"Feature","properties":{"code":"62611","nom":"Neuville-Vitasse","departement":"62","region":"32"},"geometry":{"type":"MultiPolygon","coordinates":[[[[2.81315,50.23067],[2.8109,50.23023],[2.79827,50.24758],[2.80244,50.25049],[2.80537,50.25611],[2.80683,50.26209],[2.80592,50.26515],[2.80889,50.26593],[2.8254,50.26248],[2.827,50.26161],[2.83115,50.25727],[2.83492,50.25047],[2.84204,50.24443],[2.83315,50.23732],[2.8338,50.23645],[2.82085,50.2333],[2.81989,50.23442],[2.81467,50.23258],[2.81334,50.231],[2.81315,50.23067]]]]}},{"type":"Feature","properties":{"code":"62612","nom":"Neuvireuil","departement":"62","region":"32"},"geometry":{"type":"MultiPolygon","coordinates":[[[[2.91206,50.3643],[2.92059,50.36829],[2.92454,50.35801],[2.93234,50.34912],[2.91324,50.33895],[2.91073,50.34345],[2.90065,50.35254],[2.89833,50.35888],[2.91206,50.3643]]]]}},{"type":"Feature","properties":{"code":"62613","nom":"Nielles-lès-Bléquin","departement":"62","region":"32"},"geometry":{"type":"MultiPolygon","coordinates":[[[[2.04481,50.68875],[2.05285,50.68982],[2.05544,50.68934],[2.06451,50.68446],[2.07027,50.68013],[2.06901,50.67956],[2.06849,50.67279],[2.06602,50.66854],[2.06348,50.66575],[2.05323,50.6607],[2.0517,50.66218],[2.04339,50.66469],[2.02932,50.6675],[2.02474,50.66703],[2.01511,50.6621],[2.00724,50.66092],[2.00701,50.66119],[2.00376,50.6687],[2.0021,50.66962],[1.99375,50.66976],[1.98937,50.671],[1.98676,50.67446],[1.97933,50.682],[1.97902,50.68309],[1.98367,50.68438],[1.98653,50.68483],[1.99101,50.68435],[2.00166,50.68195],[2.01723,50.6821],[2.02557,50.68288],[2.02979,50.68473],[2.04481,50.68875]]]]}},{"type":"Feature","properties":{"code":"62614","nom":"Nielles-lès-Ardres","departement":"62","region":"32"},"geometry":{"type":"MultiPolygon","coordinates":[[[[1.99596,50.85735],[2.00154,50.86251],[2.00406,50.86657],[2.00889,50.86717],[2.01256,50.86783],[2.01399,50.8666],[2.00926,50.86547],[2.0182,50.84735],[2.02321,50.84185],[2.01838,50.83632],[2.0161,50.83516],[1.99945,50.83872],[1.99535,50.83496],[1.99241,50.83576],[1.99044,50.83784],[1.9982,50.84667],[1.99765,50.85444],[1.99596,50.85735]]]]}},{"type":"Feature","properties":{"code":"62615","nom":"Nielles-lès-Calais","departement":"62","region":"32"},"geometry":{"type":"MultiPolygon","coordinates":[[[[1.80023,50.89101],[1.80912,50.89571],[1.82477,50.90856],[1.83187,50.91216],[1.83835,50.91439],[1.84737,50.91205],[1.85822,50.91541],[1.86404,50.91398],[1.85713,50.91024],[1.84995,50.9107],[1.84224,50.9081],[1.82119,50.89958],[1.81107,50.89445],[1.79989,50.89085],[1.80023,50.89101]]]]}},{"type":"Feature","properties":{"code":"62616","nom":"Nœux-lès-Auxi","departement":"62","region":"32"},"geometry":{"type":"MultiPolygon","coordinates":[[[[2.1674,50.24499],[2.17092,50.24773],[2.17278,50.25147],[2.18144,50.25542],[2.19437,50.24819],[2.20694,50.24896],[2.2081,50.24713],[2.20775,50.2445],[2.20296,50.24471],[2.19857,50.23844],[2.18602,50.23196],[2.18453,50.23018],[2.17738,50.22735],[2.17339,50.22692],[2.1622,50.23206],[2.15882,50.23657],[2.15924,50.2381],[2.15686,50.23938],[2.16235,50.24142],[2.1674,50.24499]]]]}},{"type":"Feature","properties":{"code":"62617","nom":"Nœux-les-Mines","departement":"62","region":"32"},"geometry":{"type":"MultiPolygon","coordinates":[[[[2.6749,50.46144],[2.67324,50.46264],[2.6716,50.46229],[2.6675,50.46327],[2.63896,50.46631],[2.63763,50.46872],[2.63566,50.46901],[2.63398,50.47037],[2.63739,50.48242],[2.64769,50.48417],[2.65121,50.48647],[2.65097,50.48688],[2.65656,50.4888],[2.66487,50.48789],[2.66669,50.48989],[2.67139,50.48966],[2.67378,50.48828],[2.68922,50.47894],[2.69525,50.47706],[2.69493,50.47611],[2.6902,50.47417],[2.68773,50.472],[2.6862,50.46743],[2.6812,50.46507],[2.6749,50.46144]]]]}},{"type":"Feature","properties":{"code":"62618","nom":"Nordausques","departement":"62","region":"32"},"geometry":{"type":"MultiPolygon","coordinates":[[[[2.10477,50.81618],[2.10633,50.8148],[2.10713,50.8116],[2.1063,50.80972],[2.10191,50.80729],[2.10099,50.80556],[2.09856,50.80352],[2.08149,50.80314],[2.06879,50.80497],[2.05923,50.81208],[2.06546,50.81751],[2.0729,50.81826],[2.07483,50.81951],[2.07561,50.82055],[2.07372,50.822],[2.0775,50.82312],[2.08724,50.82823],[2.0915,50.82701],[2.10477,50.81618]]]]}},{"type":"Feature","properties":{"code":"62619","nom":"Noreuil","departement":"62","region":"32"},"geometry":{"type":"MultiPolygon","coordinates":[[[[2.96572,50.17204],[2.95291,50.16641],[2.93783,50.16328],[2.92861,50.15699],[2.92581,50.1602],[2.91676,50.16248],[2.91459,50.16148],[2.91333,50.1622],[2.91284,50.1648],[2.923,50.17329],[2.93176,50.17692],[2.9323,50.17885],[2.93561,50.18061],[2.94266,50.17808],[2.94545,50.17912],[2.95015,50.17751],[2.95668,50.18031],[2.95773,50.1801],[2.95708,50.17983],[2.95817,50.17837],[2.96432,50.17812],[2.96659,50.17478],[2.96668,50.17262],[2.96572,50.17204]]]]}},{"type":"Feature","properties":{"code":"62620","nom":"Norrent-Fontes","departement":"62","region":"32"},"geometry":{"type":"MultiPolygon","coordinates":[[[[2.43984,50.59736],[2.43847,50.59362],[2.43222,50.59382],[2.43163,50.59031],[2.42578,50.58794],[2.42096,50.58484],[2.42128,50.57823],[2.39579,50.57917],[2.38999,50.57835],[2.38499,50.57575],[2.38215,50.57731],[2.37939,50.57874],[2.38531,50.58277],[2.38929,50.58748],[2.40025,50.59615],[2.4242,50.59846],[2.43815,50.5975],[2.43984,50.59736]]]]}},{"type":"Feature","properties":{"code":"62621","nom":"Nortkerque","departement":"62","region":"32"},"geometry":{"type":"MultiPolygon","coordinates":[[[[2.00073,50.88678],[2.03527,50.89586],[2.04837,50.89932],[2.05113,50.90006],[2.05647,50.89226],[2.06392,50.86287],[2.06241,50.85943],[2.05111,50.86843],[2.03042,50.85724],[2.02227,50.85935],[2.01399,50.8666],[2.01256,50.86783],[2.00889,50.86717],[2.00349,50.88217],[2.00073,50.88678]]]]}},{"type":"Feature","properties":{"code":"62622","nom":"Nort-Leulinghem","departement":"62","region":"32"},"geometry":{"type":"MultiPolygon","coordinates":[[[[2.08149,50.80314],[2.09856,50.80352],[2.10099,50.80556],[2.10757,50.80335],[2.10654,50.80014],[2.10043,50.7918],[2.09898,50.7931],[2.07744,50.78579],[2.07319,50.791],[2.0744,50.79686],[2.08149,50.80314]]]]}},{"type":"Feature","properties":{"code":"62623","nom":"Nouvelle-Église","departement":"62","region":"32"},"geometry":{"type":"MultiPolygon","coordinates":[[[[2.05113,50.90006],[2.04837,50.89932],[2.0429,50.90714],[2.04,50.91931],[2.03894,50.92793],[2.04022,50.93693],[2.03667,50.94315],[2.02174,50.95463],[2.02024,50.95719],[2.03601,50.9628],[2.04554,50.96399],[2.0528,50.94916],[2.05212,50.93029],[2.06759,50.90383],[2.05113,50.90006]]]]}},{"type":"Feature","properties":{"code":"62624","nom":"Noyelles-Godault","departement":"62","region":"32"},"geometry":{"type":"MultiPolygon","coordinates":[[[[2.97713,50.41634],[2.98295,50.4241],[2.98615,50.42499],[2.99519,50.42618],[3.00729,50.43457],[3.02048,50.42986],[3.01333,50.42396],[3.01025,50.42498],[3.00955,50.42415],[3.00597,50.42478],[3.0047,50.42411],[3.00559,50.42347],[3.00281,50.418],[2.9954,50.40452],[2.99389,50.40283],[2.99145,50.40197],[2.99125,50.40254],[2.97945,50.40382],[2.97207,50.41205],[2.97713,50.41634]]]]}},{"type":"Feature","properties":{"code":"62625","nom":"Noyelles-lès-Humières","departement":"62","region":"32"},"geometry":{"type":"MultiPolygon","coordinates":[[[[2.17633,50.38246],[2.18237,50.38426],[2.18444,50.38262],[2.18725,50.37215],[2.18494,50.37118],[2.17303,50.36938],[2.16705,50.37562],[2.17412,50.37934],[2.17633,50.38246]]]]}},{"type":"Feature","properties":{"code":"62626","nom":"Noyelles-lès-Vermelles","departement":"62","region":"32"},"geometry":{"type":"MultiPolygon","coordinates":[[[[2.73655,50.50091],[2.73932,50.49589],[2.73527,50.48648],[2.73015,50.48052],[2.72447,50.48078],[2.71537,50.48436],[2.71534,50.48559],[2.72808,50.49974],[2.7306,50.50431],[2.73724,50.50312],[2.73655,50.50091]]]]}},{"type":"Feature","properties":{"code":"62627","nom":"Noyelles-sous-Bellonne","departement":"62","region":"32"},"geometry":{"type":"MultiPolygon","coordinates":[[[[3.00151,50.30381],[3.00793,50.31105],[3.01785,50.31581],[3.01446,50.31901],[3.02281,50.32163],[3.04236,50.32128],[3.04314,50.3196],[3.03512,50.31417],[3.03472,50.31267],[3.03677,50.30791],[3.03628,50.30524],[3.03403,50.30317],[3.02841,50.30292],[3.02743,50.30376],[3.01829,50.29872],[3.01483,50.29823],[3.01062,50.29823],[3.00492,50.29983],[3.00067,50.30186],[3.00151,50.30381]]]]}},{"type":"Feature","properties":{"code":"62628","nom":"Noyelles-sous-Lens","departement":"62","region":"32"},"geometry":{"type":"MultiPolygon","coordinates":[[[[2.89308,50.42568],[2.89121,50.42522],[2.89022,50.42383],[2.89127,50.42103],[2.8891,50.41983],[2.88726,50.41982],[2.88646,50.41982],[2.87856,50.4198],[2.87827,50.42063],[2.87221,50.42104],[2.86639,50.42245],[2.85734,50.42969],[2.85751,50.43176],[2.8518,50.43407],[2.85818,50.43497],[2.87659,50.43625],[2.88411,50.43596],[2.88674,50.4358],[2.90101,50.43916],[2.90022,50.43729],[2.88943,50.43521],[2.88826,50.43424],[2.88767,50.43079],[2.89308,50.42568]]]]}},{"type":"Feature","properties":{"code":"62629","nom":"Noyellette","departement":"62","region":"32"},"geometry":{"type":"MultiPolygon","coordinates":[[[[2.60067,50.28811],[2.59786,50.28713],[2.59501,50.29048],[2.58645,50.29352],[2.57981,50.29905],[2.58363,50.30078],[2.58349,50.30328],[2.58178,50.3061],[2.58898,50.30777],[2.59836,50.30308],[2.60126,50.29783],[2.60235,50.29292],[2.59929,50.29013],[2.60067,50.28811]]]]}},{"type":"Feature","properties":{"code":"62630","nom":"Noyelle-Vion","departement":"62","region":"32"},"geometry":{"type":"MultiPolygon","coordinates":[[[[2.54562,50.30318],[2.54694,50.30179],[2.56894,50.29624],[2.56465,50.28609],[2.56296,50.28489],[2.56634,50.28122],[2.55943,50.27954],[2.55798,50.27914],[2.55608,50.27996],[2.54681,50.28552],[2.53246,50.28815],[2.51943,50.28503],[2.51832,50.28706],[2.52004,50.28763],[2.52304,50.29325],[2.52264,50.29713],[2.525,50.29827],[2.53555,50.29964],[2.54562,50.30318]]]]}},{"type":"Feature","properties":{"code":"62631","nom":"Nuncq-Hautecôte","departement":"62","region":"32"},"geometry":{"type":"MultiPolygon","coordinates":[[[[2.26555,50.30198],[2.26309,50.31154],[2.26047,50.31254],[2.26116,50.31405],[2.27232,50.32007],[2.27542,50.32102],[2.28016,50.31845],[2.29222,50.3156],[2.29307,50.31665],[2.30709,50.31392],[2.31079,50.31469],[2.31243,50.31248],[2.31017,50.31131],[2.31195,50.31],[2.3038,50.30039],[2.30142,50.29526],[2.29947,50.29411],[2.29702,50.29652],[2.28627,50.29512],[2.28296,50.2932],[2.28104,50.29523],[2.26666,50.30226],[2.26555,50.30198]]]]}},{"type":"Feature","properties":{"code":"62632","nom":"Oblinghem","departement":"62","region":"32"},"geometry":{"type":"MultiPolygon","coordinates":[[[[2.58552,50.5503],[2.58821,50.55159],[2.59059,50.55656],[2.59458,50.55826],[2.59814,50.55797],[2.60154,50.55671],[2.6013,50.55064],[2.59746,50.54504],[2.58925,50.5435],[2.58666,50.54538],[2.58716,50.54774],[2.58552,50.5503]]]]}},{"type":"Feature","properties":{"code":"62633","nom":"Œuf-en-Ternois","departement":"62","region":"32"},"geometry":{"type":"MultiPolygon","coordinates":[[[[2.24547,50.36871],[2.24716,50.36672],[2.25044,50.36708],[2.25066,50.36651],[2.23788,50.35771],[2.23556,50.35799],[2.21415,50.34554],[2.21018,50.34916],[2.20521,50.35129],[2.18797,50.35743],[2.18641,50.35668],[2.18316,50.35698],[2.18049,50.36598],[2.18388,50.36952],[2.18577,50.37017],[2.18685,50.3695],[2.19618,50.37404],[2.22065,50.37641],[2.22122,50.37474],[2.22013,50.3725],[2.22954,50.3667],[2.23476,50.36552],[2.23699,50.3657],[2.24547,50.36871]]]]}},{"type":"Feature","properties":{"code":"62634","nom":"Offekerque","departement":"62","region":"32"},"geometry":{"type":"MultiPolygon","coordinates":[[[[1.99172,50.94834],[1.99528,50.95382],[2.01695,50.95574],[2.02024,50.95719],[2.02174,50.95463],[2.03667,50.94315],[2.04022,50.93693],[2.03894,50.92793],[2.04,50.91931],[2.0429,50.90714],[2.04837,50.89932],[2.03527,50.89586],[2.0319,50.90299],[2.01306,50.92029],[2.00731,50.92693],[1.996,50.93533],[1.99195,50.94137],[1.99355,50.94465],[1.99172,50.94834]]]]}},{"type":"Feature","properties":{"code":"62635","nom":"Offin","departement":"62","region":"32"},"geometry":{"type":"MultiPolygon","coordinates":[[[[1.97152,50.44566],[1.98204,50.43954],[1.98139,50.43725],[1.98298,50.43706],[1.97489,50.43225],[1.97137,50.4348],[1.96111,50.42926],[1.95174,50.43188],[1.95123,50.43276],[1.94595,50.43315],[1.93629,50.4406],[1.92626,50.45684],[1.9295,50.45831],[1.93142,50.45772],[1.94605,50.4482],[1.95305,50.44504],[1.96157,50.44413],[1.9705,50.44488],[1.97152,50.44566]]]]}},{"type":"Feature","properties":{"code":"62636","nom":"Offrethun","departement":"62","region":"32"},"geometry":{"type":"MultiPolygon","coordinates":[[[[1.69504,50.78142],[1.68571,50.77732],[1.6829,50.77929],[1.68396,50.78271],[1.68251,50.78482],[1.68038,50.7857],[1.68505,50.78846],[1.69489,50.791],[1.69718,50.79234],[1.71865,50.79021],[1.71395,50.78296],[1.71102,50.78125],[1.69504,50.78142]]]]}},{"type":"Feature","properties":{"code":"62637","nom":"Oignies","departement":"62","region":"32"},"geometry":{"type":"MultiPolygon","coordinates":[[[[2.99377,50.45552],[2.99241,50.4569],[2.98288,50.45932],[2.98012,50.461],[2.97208,50.4561],[2.97236,50.46111],[2.97087,50.46577],[2.96461,50.46956],[2.97226,50.46945],[2.97884,50.47096],[2.98137,50.47224],[2.97853,50.4732],[2.97926,50.47516],[2.98997,50.47358],[3.00662,50.47298],[3.00865,50.47075],[3.0172,50.47297],[3.01652,50.46836],[3.01709,50.46768],[3.0152,50.46355],[3.01357,50.45999],[3.00786,50.45868],[3.00693,50.45732],[3.00832,50.456],[2.99715,50.45213],[2.99377,50.45552]]]]}},{"type":"Feature","properties":{"code":"62638","nom":"Oisy-le-Verger","departement":"62","region":"32"},"geometry":{"type":"MultiPolygon","coordinates":[[[[3.13499,50.23004],[3.1269,50.23247],[3.11422,50.23451],[3.11355,50.236],[3.11068,50.23745],[3.09944,50.24798],[3.09474,50.24983],[3.0873,50.25008],[3.08058,50.24962],[3.07926,50.25147],[3.09256,50.25688],[3.09392,50.25976],[3.0994,50.25869],[3.10178,50.25746],[3.10084,50.24858],[3.10941,50.25267],[3.10765,50.26844],[3.11603,50.26858],[3.12492,50.26638],[3.13244,50.26614],[3.13657,50.26488],[3.13789,50.26534],[3.14912,50.2625],[3.14769,50.26016],[3.14842,50.25442],[3.15044,50.24976],[3.14704,50.24632],[3.13935,50.23977],[3.13842,50.23485],[3.13499,50.23004]]]]}},{"type":"Feature","properties":{"code":"62639","nom":"Oppy","departement":"62","region":"32"},"geometry":{"type":"MultiPolygon","coordinates":[[[[2.86714,50.34848],[2.87154,50.35231],[2.87963,50.35683],[2.88559,50.35721],[2.88724,50.35876],[2.89004,50.36079],[2.89136,50.36085],[2.8943,50.35896],[2.89833,50.35888],[2.90065,50.35254],[2.91073,50.34345],[2.91324,50.33895],[2.90854,50.33745],[2.90277,50.33626],[2.88583,50.33915],[2.87357,50.33883],[2.87225,50.33816],[2.86896,50.34069],[2.87298,50.34473],[2.86714,50.34848]]]]}},{"type":"Feature","properties":{"code":"62640","nom":"Orville","departement":"62","region":"32"},"geometry":{"type":"MultiPolygon","coordinates":[[[[2.44201,50.12819],[2.42947,50.12602],[2.42601,50.12452],[2.41852,50.11528],[2.41438,50.10049],[2.39728,50.10653],[2.39517,50.10842],[2.39481,50.11027],[2.39723,50.11581],[2.39658,50.12108],[2.39811,50.12887],[2.40563,50.13793],[2.41488,50.14397],[2.41589,50.14698],[2.42718,50.14784],[2.43036,50.14942],[2.43475,50.15421],[2.43774,50.15499],[2.43886,50.15285],[2.4404,50.14976],[2.44421,50.14663],[2.44586,50.14352],[2.44543,50.14243],[2.44142,50.13676],[2.44097,50.13164],[2.44201,50.12819]]]]}},{"type":"Feature","properties":{"code":"62641","nom":"Ostreville","departement":"62","region":"32"},"geometry":{"type":"MultiPolygon","coordinates":[[[[2.3796,50.39582],[2.37884,50.39728],[2.38547,50.40297],[2.40341,50.40415],[2.40643,50.40222],[2.41565,50.39615],[2.41907,50.39292],[2.41745,50.39198],[2.40975,50.38696],[2.40521,50.38889],[2.4002,50.38826],[2.39387,50.3868],[2.38856,50.38415],[2.38516,50.3854],[2.38181,50.39096],[2.38189,50.39364],[2.3796,50.39582]]]]}},{"type":"Feature","properties":{"code":"62642","nom":"Ourton","departement":"62","region":"32"},"geometry":{"type":"MultiPolygon","coordinates":[[[[2.4617,50.44955],[2.46326,50.44856],[2.46091,50.44781],[2.46041,50.44936],[2.4617,50.44955]]],[[[2.47745,50.46951],[2.47645,50.46752],[2.47784,50.46399],[2.48404,50.46025],[2.48668,50.46025],[2.48995,50.45323],[2.48655,50.44705],[2.48727,50.44588],[2.48307,50.44492],[2.48563,50.44083],[2.47454,50.44211],[2.46596,50.44918],[2.44857,50.45816],[2.4541,50.46229],[2.47497,50.47121],[2.47745,50.46951]]]]}},{"type":"Feature","properties":{"code":"62643","nom":"Outreau","departement":"62","region":"32"},"geometry":{"type":"MultiPolygon","coordinates":[[[[1.60027,50.71157],[1.60617,50.71137],[1.6071,50.71156],[1.60796,50.71001],[1.61121,50.70468],[1.60539,50.69735],[1.60571,50.69386],[1.60749,50.69234],[1.60563,50.68756],[1.60434,50.68749],[1.59527,50.68115],[1.58233,50.68006],[1.58113,50.68458],[1.57844,50.68954],[1.5741,50.69411],[1.571,50.69987],[1.5714,50.70139],[1.5733,50.70239],[1.57377,50.70192],[1.57585,50.7027],[1.57614,50.70486],[1.57992,50.70661],[1.58025,50.70674],[1.58852,50.70977],[1.58745,50.71136],[1.58651,50.71273],[1.59145,50.71518],[1.59558,50.71193],[1.5996,50.71156],[1.60027,50.71157]]]]}},{"type":"Feature","properties":{"code":"62644","nom":"Ouve-Wirquin","departement":"62","region":"32"},"geometry":{"type":"MultiPolygon","coordinates":[[[[2.1526,50.66551],[2.15482,50.66439],[2.15909,50.65327],[2.16072,50.65156],[2.16375,50.65162],[2.16395,50.65071],[2.16084,50.64804],[2.1587,50.64676],[2.15267,50.64676],[2.15174,50.64438],[2.15012,50.6418],[2.14271,50.63974],[2.14011,50.63955],[2.13447,50.64152],[2.122,50.64766],[2.12156,50.6521],[2.12372,50.65308],[2.13938,50.66385],[2.15082,50.66657],[2.1526,50.66551]]]]}},{"type":"Feature","properties":{"code":"62645","nom":"Oye-Plage","departement":"62","region":"32"},"geometry":{"type":"MultiPolygon","coordinates":[[[[2.08917,50.97391],[2.07143,50.96955],[2.05078,50.96588],[2.04554,50.96399],[2.03601,50.9628],[2.02024,50.95719],[2.01695,50.95574],[1.99528,50.95382],[1.99156,50.95835],[1.98565,50.96458],[1.98034,50.97293],[1.98009,50.97846],[1.97271,50.9895],[1.99308,50.99381],[2.0099,50.99577],[2.01081,50.99552],[2.00861,50.99553],[2.00861,50.99462],[2.04046,50.99747],[2.04539,51.00318],[2.05723,51.00563],[2.06725,51.00666],[2.08066,51.00661],[2.08413,51.00473],[2.08946,51.00397],[2.08932,51.00255],[2.09355,51.00154],[2.11007,50.98772],[2.10993,50.9877],[2.10886,50.98649],[2.10923,50.98438],[2.10842,50.98437],[2.09203,50.97353],[2.08917,50.97391]]]]}},{"type":"Feature","properties":{"code":"62646","nom":"Palluel","departement":"62","region":"32"},"geometry":{"type":"MultiPolygon","coordinates":[[[[3.10765,50.26844],[3.10941,50.25267],[3.10084,50.24858],[3.10178,50.25746],[3.0994,50.25869],[3.09392,50.25976],[3.09256,50.25688],[3.0919,50.26085],[3.0791,50.27003],[3.06831,50.27058],[3.06217,50.27142],[3.06097,50.27236],[3.08006,50.27341],[3.10765,50.26844]]]]}},{"type":"Feature","properties":{"code":"62647","nom":"Le Parcq","departement":"62","region":"32"},"geometry":{"type":"MultiPolygon","coordinates":[[[[2.08893,50.36683],[2.08441,50.36955],[2.06975,50.37133],[2.06209,50.36643],[2.05788,50.3672],[2.05474,50.37052],[2.06308,50.37233],[2.06363,50.37396],[2.079,50.37612],[2.06152,50.39479],[2.06041,50.39725],[2.07641,50.39936],[2.08963,50.4006],[2.10264,50.38945],[2.10527,50.38114],[2.10806,50.37135],[2.10196,50.36293],[2.1,50.36226],[2.08893,50.36683]]]]}},{"type":"Feature","properties":{"code":"62648","nom":"Parenty","departement":"62","region":"32"},"geometry":{"type":"MultiPolygon","coordinates":[[[[1.77943,50.57712],[1.77593,50.5845],[1.76832,50.58993],[1.76798,50.59156],[1.78064,50.59847],[1.78528,50.6046],[1.79035,50.61321],[1.78992,50.61386],[1.80189,50.6164],[1.80873,50.61526],[1.82129,50.6093],[1.83019,50.60251],[1.82025,50.59603],[1.81594,50.59134],[1.81661,50.58936],[1.82769,50.57673],[1.81394,50.57557],[1.79505,50.57698],[1.77943,50.57712]]]]}},{"type":"Feature","properties":{"code":"62649","nom":"Pas-en-Artois","departement":"62","region":"32"},"geometry":{"type":"MultiPolygon","coordinates":[[[[2.45876,50.15959],[2.47527,50.16499],[2.48221,50.16951],[2.48478,50.16648],[2.48876,50.16436],[2.49417,50.1673],[2.49816,50.16578],[2.50146,50.16674],[2.50366,50.16244],[2.5073,50.16213],[2.51208,50.16374],[2.52479,50.14542],[2.51519,50.14096],[2.50665,50.14056],[2.49123,50.13784],[2.48203,50.13827],[2.47605,50.13692],[2.4706,50.14834],[2.45454,50.15806],[2.45876,50.15959]]]]}},{"type":"Feature","properties":{"code":"62650","nom":"Pelves","departement":"62","region":"32"},"geometry":{"type":"MultiPolygon","coordinates":[[[[2.93802,50.28793],[2.91789,50.27449],[2.9112,50.27216],[2.90451,50.27294],[2.88979,50.28207],[2.89398,50.28732],[2.89818,50.28844],[2.90432,50.29088],[2.90556,50.29483],[2.91243,50.29528],[2.92037,50.29442],[2.93602,50.30274],[2.94269,50.30443],[2.94577,50.30141],[2.9398,50.28923],[2.93802,50.28793]]]]}},{"type":"Feature","properties":{"code":"62651","nom":"Penin","departement":"62","region":"32"},"geometry":{"type":"MultiPolygon","coordinates":[[[[2.49491,50.34233],[2.49886,50.33906],[2.50785,50.33989],[2.51322,50.33928],[2.51521,50.33554],[2.51488,50.32924],[2.51536,50.32789],[2.51711,50.32777],[2.51869,50.32575],[2.51337,50.31982],[2.50437,50.31687],[2.50291,50.31915],[2.49946,50.32167],[2.49465,50.32367],[2.48758,50.32359],[2.47877,50.32116],[2.47642,50.31868],[2.47438,50.31799],[2.46742,50.31818],[2.46133,50.31934],[2.46205,50.32251],[2.46036,50.33197],[2.45903,50.33334],[2.4665,50.33478],[2.46736,50.33952],[2.47037,50.34264],[2.47243,50.34324],[2.47523,50.34302],[2.48451,50.34523],[2.49476,50.34296],[2.49491,50.34233]]]]}},{"type":"Feature","properties":{"code":"62652","nom":"Pernes","departement":"62","region":"32"},"geometry":{"type":"MultiPolygon","coordinates":[[[[2.38431,50.48015],[2.38655,50.48074],[2.38704,50.4842],[2.38663,50.48799],[2.38324,50.49291],[2.39073,50.49669],[2.41031,50.49649],[2.42779,50.48296],[2.42407,50.48082],[2.41792,50.47566],[2.41809,50.47781],[2.41584,50.48101],[2.38669,50.4792],[2.38431,50.48015]]]]}},{"type":"Feature","properties":{"code":"62653","nom":"Pernes-lès-Boulogne","departement":"62","region":"32"},"geometry":{"type":"MultiPolygon","coordinates":[[[[1.67902,50.7389],[1.68024,50.7423],[1.6786,50.74382],[1.67307,50.75687],[1.67853,50.75621],[1.6899,50.75815],[1.70094,50.7623],[1.70471,50.76541],[1.72028,50.75246],[1.72402,50.75177],[1.72554,50.75189],[1.72554,50.75083],[1.72377,50.74816],[1.71155,50.74097],[1.69824,50.73536],[1.69112,50.73383],[1.6857,50.73452],[1.68314,50.73529],[1.67902,50.7389]]]]}},{"type":"Feature","properties":{"code":"62654","nom":"Peuplingues","departement":"62","region":"32"},"geometry":{"type":"MultiPolygon","coordinates":[[[[1.73915,50.89414],[1.73795,50.89576],[1.73665,50.90465],[1.73792,50.91547],[1.73559,50.9269],[1.77728,50.9294],[1.78234,50.92792],[1.7905,50.91949],[1.78366,50.91085],[1.78161,50.9085],[1.76156,50.90112],[1.74942,50.89501],[1.73915,50.89414]]]]}},{"type":"Feature","properties":{"code":"62655","nom":"Pierremont","departement":"62","region":"32"},"geometry":{"type":"MultiPolygon","coordinates":[[[[2.28147,50.39542],[2.25471,50.3881],[2.23734,50.38171],[2.23659,50.38301],[2.23253,50.38996],[2.23356,50.39278],[2.23619,50.39229],[2.24785,50.39873],[2.24321,50.40511],[2.246,50.41217],[2.24796,50.41388],[2.2504,50.41395],[2.25534,50.4139],[2.25797,50.41584],[2.26201,50.41702],[2.26376,50.4171],[2.2658,50.41567],[2.27325,50.39985],[2.28201,50.39768],[2.2818,50.39688],[2.28147,50.39542]]]]}},{"type":"Feature","properties":{"code":"62656","nom":"Pihem","departement":"62","region":"32"},"geometry":{"type":"MultiPolygon","coordinates":[[[[2.22237,50.69373],[2.22466,50.69189],[2.23468,50.67795],[2.23317,50.6778],[2.22941,50.66869],[2.21739,50.65958],[2.20838,50.65632],[2.20646,50.65806],[2.20471,50.66502],[2.19227,50.66921],[2.19523,50.67567],[2.19026,50.68134],[2.20872,50.69017],[2.21897,50.69142],[2.22237,50.69373]]]]}},{"type":"Feature","properties":{"code":"62657","nom":"Pihen-lès-Guînes","departement":"62","region":"32"},"geometry":{"type":"MultiPolygon","coordinates":[[[[1.81566,50.87325],[1.81753,50.86816],[1.82077,50.86434],[1.81078,50.85636],[1.80583,50.85807],[1.80205,50.85786],[1.79998,50.85691],[1.78975,50.86453],[1.7862,50.86451],[1.78127,50.86233],[1.77405,50.86056],[1.77239,50.86041],[1.76964,50.86269],[1.7614,50.86927],[1.75998,50.87657],[1.76371,50.87864],[1.76615,50.87997],[1.7866,50.8845],[1.79648,50.88921],[1.81541,50.8743],[1.81566,50.87325]]]]}},{"type":"Feature","properties":{"code":"62658","nom":"Pittefaux","departement":"62","region":"32"},"geometry":{"type":"MultiPolygon","coordinates":[[[[1.67307,50.75687],[1.66404,50.75874],[1.69194,50.77015],[1.70076,50.76871],[1.70471,50.76541],[1.70094,50.7623],[1.6899,50.75815],[1.67853,50.75621],[1.67307,50.75687]]]]}},{"type":"Feature","properties":{"code":"62659","nom":"Planques","departement":"62","region":"32"},"geometry":{"type":"MultiPolygon","coordinates":[[[[2.10822,50.47249],[2.10913,50.47012],[2.10768,50.46567],[2.09815,50.45127],[2.08832,50.44807],[2.07344,50.46132],[2.0733,50.46649],[2.07533,50.47039],[2.07488,50.4744],[2.07678,50.47875],[2.07757,50.47685],[2.07898,50.47654],[2.08103,50.47959],[2.08146,50.48505],[2.0853,50.4867],[2.08754,50.48477],[2.08667,50.4837],[2.08805,50.4808],[2.09369,50.47462],[2.10196,50.47072],[2.10743,50.47346],[2.10822,50.47249]]]]}},{"type":"Feature","properties":{"code":"62660","nom":"Plouvain","departement":"62","region":"32"},"geometry":{"type":"MultiPolygon","coordinates":[[[[2.91243,50.29528],[2.91193,50.29659],[2.91636,50.29628],[2.91739,50.29751],[2.91932,50.30026],[2.9185,50.30277],[2.90568,50.31212],[2.89744,50.31388],[2.89569,50.31604],[2.90245,50.31855],[2.90329,50.31785],[2.90717,50.31504],[2.91448,50.3115],[2.93352,50.3062],[2.93602,50.30274],[2.92037,50.29442],[2.91243,50.29528]]]]}},{"type":"Feature","properties":{"code":"62661","nom":"Bouin-Plumoison","departement":"62","region":"32"},"geometry":{"type":"MultiPolygon","coordinates":[[[[1.95897,50.36922],[1.97191,50.38551],[1.97798,50.3881],[1.9857,50.39001],[1.99189,50.39032],[1.99448,50.38885],[1.99947,50.38588],[2.00418,50.38106],[1.98123,50.36126],[1.97233,50.3629],[1.95766,50.36766],[1.95897,50.36922]]]]}},{"type":"Feature","properties":{"code":"62662","nom":"Polincove","departement":"62","region":"32"},"geometry":{"type":"MultiPolygon","coordinates":[[[[2.12907,50.87039],[2.12642,50.86898],[2.11993,50.86287],[2.1133,50.85571],[2.10955,50.84986],[2.09409,50.84567],[2.0866,50.84468],[2.07694,50.846],[2.09573,50.85695],[2.11086,50.86882],[2.11686,50.88013],[2.11841,50.88509],[2.11857,50.88657],[2.11948,50.88683],[2.12637,50.87794],[2.12907,50.87039]]]]}},{"type":"Feature","properties":{"code":"62663","nom":"Pommera","departement":"62","region":"32"},"geometry":{"type":"MultiPolygon","coordinates":[[[[2.43774,50.15499],[2.43126,50.16892],[2.42811,50.1733],[2.42586,50.17581],[2.42073,50.17463],[2.41966,50.17591],[2.43916,50.18134],[2.44373,50.18127],[2.45081,50.179],[2.44749,50.17581],[2.45296,50.1697],[2.45876,50.15959],[2.45454,50.15806],[2.43886,50.15285],[2.43774,50.15499]]]]}},{"type":"Feature","properties":{"code":"62664","nom":"Pommier","departement":"62","region":"32"},"geometry":{"type":"MultiPolygon","coordinates":[[[[2.61747,50.18352],[2.61508,50.18267],[2.61343,50.17796],[2.60952,50.1743],[2.60156,50.17119],[2.59248,50.1692],[2.58307,50.1681],[2.57893,50.17314],[2.57663,50.17288],[2.57484,50.17595],[2.5779,50.18365],[2.58133,50.18672],[2.58839,50.19072],[2.59213,50.19439],[2.59111,50.19532],[2.59507,50.19616],[2.59894,50.1943],[2.60083,50.19563],[2.6132,50.18863],[2.61747,50.18352]]]]}},{"type":"Feature","properties":{"code":"62665","nom":"Le Ponchel","departement":"62","region":"32"},"geometry":{"type":"MultiPolygon","coordinates":[[[[2.1112,50.26112],[2.11241,50.25994],[2.11003,50.25694],[2.08492,50.24478],[2.08343,50.24692],[2.08095,50.24682],[2.07822,50.24849],[2.06433,50.25547],[2.06929,50.26482],[2.07782,50.268],[2.08153,50.26838],[2.09073,50.26253],[2.09793,50.25971],[2.1112,50.26112]]]]}},{"type":"Feature","properties":{"code":"62666","nom":"Pont-à-Vendin","departement":"62","region":"32"},"geometry":{"type":"MultiPolygon","coordinates":[[[[2.88597,50.46921],[2.87975,50.47117],[2.87173,50.46524],[2.87012,50.46597],[2.87147,50.46809],[2.8736,50.47092],[2.88182,50.47757],[2.88146,50.47921],[2.881,50.4853],[2.88235,50.48782],[2.88714,50.48631],[2.88429,50.48288],[2.8977,50.48241],[2.89671,50.47437],[2.89961,50.46971],[2.89021,50.47056],[2.88978,50.46909],[2.88597,50.46921]]]]}},{"type":"Feature","properties":{"code":"62667","nom":"Le Portel","departement":"62","region":"32"},"geometry":{"type":"MultiPolygon","coordinates":[[[[1.57614,50.70486],[1.57585,50.7027],[1.57377,50.70192],[1.5733,50.70239],[1.5714,50.70139],[1.571,50.69987],[1.5741,50.69411],[1.5726,50.69294],[1.5675,50.69153],[1.56299,50.69205],[1.56076,50.69897],[1.56922,50.70786],[1.56947,50.70892],[1.57287,50.71693],[1.56377,50.72311],[1.56273,50.72492],[1.56297,50.72606],[1.56671,50.73441],[1.56759,50.74016],[1.56677,50.73426],[1.56285,50.72531],[1.57126,50.7204],[1.5737,50.71986],[1.57892,50.72835],[1.58752,50.72395],[1.58819,50.72085],[1.58746,50.72034],[1.59004,50.71803],[1.59145,50.71518],[1.58651,50.71273],[1.58745,50.71136],[1.58852,50.70977],[1.58025,50.70674],[1.57992,50.70661],[1.57614,50.70486]]]]}},{"type":"Feature","properties":{"code":"62668","nom":"Prédefin","departement":"62","region":"32"},"geometry":{"type":"MultiPolygon","coordinates":[[[[2.2433,50.4933],[2.24122,50.49931],[2.25219,50.50813],[2.26071,50.51646],[2.26047,50.51888],[2.2619,50.51925],[2.26231,50.51867],[2.26745,50.52057],[2.27242,50.51941],[2.27802,50.51522],[2.27861,50.51377],[2.2695,50.50744],[2.26369,50.50248],[2.26256,50.50028],[2.26536,50.49742],[2.27105,50.4951],[2.27088,50.49314],[2.26129,50.49584],[2.25888,50.4959],[2.24622,50.49095],[2.2433,50.4933]]]]}},{"type":"Feature","properties":{"code":"62669","nom":"Pressy","departement":"62","region":"32"},"geometry":{"type":"MultiPolygon","coordinates":[[[[2.41792,50.47566],[2.41184,50.47094],[2.4081,50.46938],[2.40111,50.47091],[2.39963,50.4717],[2.38764,50.46733],[2.37819,50.46573],[2.3707,50.46692],[2.36804,50.46836],[2.36134,50.4753],[2.36765,50.47732],[2.37262,50.4787],[2.38431,50.48015],[2.38669,50.4792],[2.41584,50.48101],[2.41809,50.47781],[2.41792,50.47566]]]]}},{"type":"Feature","properties":{"code":"62670","nom":"Preures","departement":"62","region":"32"},"geometry":{"type":"MultiPolygon","coordinates":[[[[1.88087,50.551],[1.85936,50.54846],[1.85457,50.55],[1.85296,50.55493],[1.85512,50.5569],[1.86079,50.56845],[1.86134,50.57445],[1.85707,50.58095],[1.85782,50.58423],[1.8602,50.58603],[1.86596,50.58969],[1.87184,50.5919],[1.90196,50.59823],[1.91013,50.59289],[1.91547,50.59125],[1.91875,50.59205],[1.9184,50.59124],[1.91773,50.58803],[1.90422,50.57717],[1.89977,50.56789],[1.89911,50.55692],[1.8967,50.55228],[1.88971,50.55197],[1.88487,50.55086],[1.88087,50.551]]]]}},{"type":"Feature","properties":{"code":"62671","nom":"Pronville-en-Artois","departement":"62","region":"32"},"geometry":{"type":"MultiPolygon","coordinates":[[[[3.01956,50.15408],[3.01091,50.15049],[3.00667,50.14945],[3.00393,50.15019],[2.99551,50.15335],[2.9942,50.15567],[2.99364,50.16728],[2.99753,50.17709],[3.0086,50.18514],[3.01346,50.18605],[3.01451,50.18418],[3.01948,50.17861],[3.02214,50.17275],[3.01756,50.15666],[3.01956,50.15408]]]]}},{"type":"Feature","properties":{"code":"62672","nom":"Puisieux","departement":"62","region":"32"},"geometry":{"type":"MultiPolygon","coordinates":[[[[2.65654,50.10052],[2.65791,50.10154],[2.6564,50.10284],[2.65685,50.10589],[2.66127,50.11254],[2.67727,50.12511],[2.68222,50.12302],[2.68772,50.12491],[2.69711,50.12541],[2.70544,50.12489],[2.7069,50.12627],[2.71028,50.11793],[2.71057,50.11337],[2.7077,50.10882],[2.69759,50.10611],[2.69635,50.10339],[2.70247,50.09609],[2.71908,50.0878],[2.70373,50.0807],[2.70348,50.08187],[2.69173,50.0917],[2.68166,50.09501],[2.67478,50.09476],[2.67215,50.09366],[2.65654,50.10052]]]]}},{"type":"Feature","properties":{"code":"62673","nom":"Quéant","departement":"62","region":"32"},"geometry":{"type":"MultiPolygon","coordinates":[[[[3.01346,50.18605],[3.0086,50.18514],[2.99753,50.17709],[2.99364,50.16728],[2.9942,50.15567],[2.99551,50.15335],[2.99001,50.14947],[2.97776,50.16259],[2.96984,50.16963],[2.96572,50.17204],[2.96668,50.17262],[2.96659,50.17478],[2.96432,50.17812],[2.95817,50.17837],[2.95708,50.17983],[2.95773,50.1801],[2.95901,50.18003],[2.97629,50.19235],[2.979,50.18988],[2.99337,50.1902],[3.00525,50.19509],[3.00642,50.19405],[3.01346,50.18605]]]]}},{"type":"Feature","properties":{"code":"62674","nom":"Quelmes","departement":"62","region":"32"},"geometry":{"type":"MultiPolygon","coordinates":[[[[2.11461,50.74792],[2.11949,50.74937],[2.1292,50.7495],[2.12553,50.7487],[2.1313,50.74417],[2.13732,50.74211],[2.14222,50.74167],[2.14887,50.74296],[2.15254,50.74136],[2.1544,50.7393],[2.15558,50.73514],[2.15622,50.72341],[2.15513,50.72227],[2.15413,50.72088],[2.1503,50.7203],[2.14194,50.72355],[2.13707,50.72206],[2.13556,50.71851],[2.12747,50.71876],[2.12484,50.71986],[2.12205,50.72349],[2.11987,50.72323],[2.11777,50.72025],[2.11547,50.72027],[2.10896,50.73085],[2.10337,50.73449],[2.08717,50.74074],[2.0876,50.74138],[2.11461,50.74792]]]]}},{"type":"Feature","properties":{"code":"62675","nom":"Quercamps","departement":"62","region":"32"},"geometry":{"type":"MultiPolygon","coordinates":[[[[2.02627,50.75459],[2.03481,50.75645],[2.0358,50.75525],[2.03937,50.75577],[2.04188,50.75709],[2.04437,50.75738],[2.05121,50.75644],[2.05848,50.7531],[2.05627,50.7517],[2.05539,50.74956],[2.0553,50.74399],[2.04767,50.74528],[2.04321,50.74674],[2.03775,50.75001],[2.03253,50.7509],[2.02711,50.75307],[2.02627,50.75459]]]]}},{"type":"Feature","properties":{"code":"62676","nom":"Quernes","departement":"62","region":"32"},"geometry":{"type":"MultiPolygon","coordinates":[[[[2.38755,50.60165],[2.38045,50.59728],[2.37959,50.59854],[2.37506,50.60035],[2.35552,50.59397],[2.34676,50.60095],[2.35199,50.60412],[2.36141,50.60612],[2.37117,50.6072],[2.37276,50.60627],[2.38481,50.60886],[2.38773,50.60824],[2.38946,50.60614],[2.38658,50.60547],[2.38493,50.60409],[2.38755,50.60165]]]]}},{"type":"Feature","properties":{"code":"62677","nom":"Le Quesnoy-en-Artois","departement":"62","region":"32"},"geometry":{"type":"MultiPolygon","coordinates":[[[[2.05468,50.3224],[2.05119,50.32149],[2.023,50.32051],[2.00636,50.32575],[2.00664,50.32667],[2.0087,50.32913],[2.02196,50.33637],[2.03766,50.34564],[2.03694,50.34604],[2.03944,50.34755],[2.04098,50.34574],[2.0433,50.34708],[2.06093,50.33637],[2.06002,50.33597],[2.06528,50.33146],[2.06234,50.32437],[2.05468,50.3224]]]]}},{"type":"Feature","properties":{"code":"62678","nom":"Quesques","departement":"62","region":"32"},"geometry":{"type":"MultiPolygon","coordinates":[[[[1.91014,50.7165],[1.91263,50.71724],[1.9296,50.71514],[1.93539,50.71283],[1.94378,50.71261],[1.95884,50.71474],[1.96605,50.7193],[1.96802,50.71497],[1.96964,50.70382],[1.98012,50.6955],[1.98345,50.695],[1.98451,50.69356],[1.98141,50.68954],[1.97436,50.6861],[1.96344,50.69192],[1.95832,50.6899],[1.94833,50.68761],[1.94144,50.68965],[1.93021,50.69114],[1.92354,50.68504],[1.91711,50.68745],[1.91046,50.69121],[1.91172,50.69295],[1.9087,50.7002],[1.90461,50.7075],[1.90195,50.70845],[1.90894,50.71637],[1.91014,50.7165]]]]}},{"type":"Feature","properties":{"code":"62679","nom":"Questrecques","departement":"62","region":"32"},"geometry":{"type":"MultiPolygon","coordinates":[[[[1.73128,50.65109],[1.72715,50.66624],[1.72969,50.67247],[1.73467,50.67618],[1.74364,50.67901],[1.7451,50.67672],[1.74694,50.6765],[1.74943,50.67728],[1.75573,50.67615],[1.75996,50.67465],[1.76073,50.6737],[1.76149,50.67069],[1.75681,50.66577],[1.7629,50.66397],[1.77114,50.66435],[1.77242,50.66116],[1.76836,50.6583],[1.75232,50.65246],[1.75185,50.65042],[1.73872,50.65683],[1.73128,50.65109]]]]}},{"type":"Feature","properties":{"code":"62680","nom":"Quiéry-la-Motte","departement":"62","region":"32"},"geometry":{"type":"MultiPolygon","coordinates":[[[[2.96849,50.34847],[2.96553,50.35437],[2.96502,50.36655],[2.95758,50.37656],[2.97251,50.38171],[2.97622,50.38085],[2.97702,50.37944],[2.99467,50.38272],[2.99313,50.37973],[2.99899,50.37673],[3.00297,50.37318],[3.00258,50.3707],[3.00477,50.36664],[3.00906,50.36454],[3.00972,50.36274],[3.00648,50.36125],[2.9964,50.35099],[2.9943,50.35193],[2.99282,50.35286],[2.96849,50.34847]]]]}},{"type":"Feature","properties":{"code":"62682","nom":"Quilen","departement":"62","region":"32"},"geometry":{"type":"MultiPolygon","coordinates":[[[[1.93304,50.53697],[1.94861,50.53548],[1.9515,50.53608],[1.95524,50.53208],[1.95099,50.5309],[1.9518,50.52891],[1.95219,50.52794],[1.93603,50.52062],[1.91904,50.52319],[1.91358,50.52605],[1.91875,50.53388],[1.92291,50.53595],[1.93304,50.53697]]]]}},{"type":"Feature","properties":{"code":"62683","nom":"Quœux-Haut-Maînil","departement":"62","region":"32"},"geometry":{"type":"MultiPolygon","coordinates":[[[[2.11293,50.2822],[2.09702,50.27898],[2.09632,50.28093],[2.08825,50.28899],[2.07435,50.29209],[2.07405,50.29413],[2.07911,50.29702],[2.08457,50.30642],[2.0845,50.30829],[2.08207,50.30908],[2.08836,50.3166],[2.08947,50.31579],[2.1086,50.32059],[2.11027,50.32223],[2.11059,50.3243],[2.11192,50.32171],[2.11693,50.31752],[2.12178,50.31492],[2.13421,50.30699],[2.13684,50.30634],[2.13195,50.29738],[2.12852,50.29491],[2.12729,50.29509],[2.11967,50.29403],[2.11666,50.29195],[2.11541,50.28503],[2.11293,50.2822]]]]}},{"type":"Feature","properties":{"code":"62684","nom":"Racquinghem","departement":"62","region":"32"},"geometry":{"type":"MultiPolygon","coordinates":[[[[2.34857,50.68486],[2.33183,50.6869],[2.33405,50.68937],[2.3497,50.70042],[2.36601,50.70905],[2.38424,50.70054],[2.38093,50.69565],[2.36366,50.6848],[2.36022,50.68727],[2.35721,50.68768],[2.34892,50.68618],[2.34802,50.68569],[2.34857,50.68486]]]]}},{"type":"Feature","properties":{"code":"62685","nom":"Radinghem","departement":"62","region":"32"},"geometry":{"type":"MultiPolygon","coordinates":[[[[2.09589,50.55228],[2.11337,50.55614],[2.12324,50.55724],[2.12927,50.5563],[2.13118,50.55681],[2.13786,50.54794],[2.13865,50.54653],[2.1367,50.54518],[2.12572,50.53899],[2.1268,50.53794],[2.12241,50.53768],[2.11945,50.53607],[2.11764,50.53614],[2.10209,50.53914],[2.09981,50.54147],[2.09589,50.55228]]]]}},{"type":"Feature","properties":{"code":"62686","nom":"Ramecourt","departement":"62","region":"32"},"geometry":{"type":"MultiPolygon","coordinates":[[[[2.31923,50.34587],[2.31194,50.34345],[2.30952,50.34565],[2.30602,50.35066],[2.29946,50.34974],[2.2896,50.35352],[2.28902,50.35432],[2.28788,50.35846],[2.28214,50.36394],[2.2865,50.36938],[2.28744,50.37378],[2.29332,50.37515],[2.2994,50.37817],[2.31259,50.37845],[2.32136,50.3771],[2.32143,50.37701],[2.32708,50.3658],[2.33053,50.36522],[2.32985,50.36254],[2.32067,50.35621],[2.31675,50.35096],[2.31708,50.34626],[2.31923,50.34587]]]]}},{"type":"Feature","properties":{"code":"62688","nom":"Rang-du-Fliers","departement":"62","region":"32"},"geometry":{"type":"MultiPolygon","coordinates":[[[[1.68795,50.41392],[1.68706,50.41356],[1.68318,50.41182],[1.67216,50.41116],[1.65385,50.41383],[1.64271,50.4121],[1.64002,50.41003],[1.62993,50.4083],[1.60735,50.40769],[1.60697,50.40896],[1.60606,50.40899],[1.60292,50.43471],[1.63493,50.43123],[1.63715,50.43192],[1.64563,50.43408],[1.64378,50.43139],[1.64339,50.42844],[1.64636,50.42212],[1.66589,50.42148],[1.67522,50.42042],[1.68795,50.41392]]]]}},{"type":"Feature","properties":{"code":"62689","nom":"Ransart","departement":"62","region":"32"},"geometry":{"type":"MultiPolygon","coordinates":[[[[2.65197,50.19543],[2.64741,50.19925],[2.65326,50.20662],[2.65866,50.21097],[2.66256,50.21353],[2.67133,50.21686],[2.68268,50.21808],[2.69533,50.21477],[2.69601,50.2155],[2.70049,50.21005],[2.69804,50.20905],[2.6992,50.20724],[2.69445,50.2038],[2.69112,50.1938],[2.68625,50.18913],[2.68451,50.18802],[2.68092,50.18941],[2.66759,50.19646],[2.66067,50.19662],[2.65197,50.19543]]]]}},{"type":"Feature","properties":{"code":"62690","nom":"Raye-sur-Authie","departement":"62","region":"32"},"geometry":{"type":"MultiPolygon","coordinates":[[[[1.9708,50.32068],[1.97173,50.31647],[1.97752,50.314],[1.98019,50.31294],[1.97413,50.30256],[1.96002,50.29065],[1.95666,50.29035],[1.95224,50.28569],[1.94567,50.28792],[1.94147,50.2942],[1.94481,50.30539],[1.95578,50.31171],[1.96373,50.31788],[1.96573,50.31933],[1.9708,50.32068]]]]}},{"type":"Feature","properties":{"code":"62691","nom":"Saint-Augustin","departement":"62","region":"32"},"geometry":{"type":"MultiPolygon","coordinates":[[[[2.32467,50.64356],[2.31569,50.64345],[2.31197,50.64144],[2.27647,50.63424],[2.26649,50.63573],[2.25987,50.64068],[2.24098,50.64639],[2.23979,50.64775],[2.23985,50.65089],[2.24052,50.65712],[2.24507,50.65807],[2.25695,50.66359],[2.26881,50.65768],[2.28415,50.65454],[2.2914,50.65503],[2.29723,50.65709],[2.30266,50.66008],[2.3038,50.65903],[2.30771,50.65791],[2.31244,50.65962],[2.31908,50.65498],[2.32162,50.6531],[2.32428,50.64926],[2.32467,50.64356]]]]}},{"type":"Feature","properties":{"code":"62692","nom":"Rebergues","departement":"62","region":"32"},"geometry":{"type":"MultiPolygon","coordinates":[[[[1.93346,50.7393],[1.94839,50.75287],[1.94643,50.75835],[1.94788,50.75972],[1.94778,50.76546],[1.94413,50.77003],[1.94602,50.77107],[1.95095,50.7707],[1.95584,50.77174],[1.95617,50.7701],[1.96477,50.76534],[1.96966,50.75911],[1.96998,50.75524],[1.97204,50.75421],[1.9497,50.74083],[1.94575,50.7362],[1.94755,50.73348],[1.94508,50.73474],[1.93723,50.73649],[1.93346,50.7393]]]]}},{"type":"Feature","properties":{"code":"62693","nom":"Rebreuve-Ranchicourt","departement":"62","region":"32"},"geometry":{"type":"MultiPolygon","coordinates":[[[[2.52034,50.42947],[2.5222,50.42999],[2.52281,50.43138],[2.52043,50.4324],[2.52157,50.43496],[2.5282,50.44083],[2.53126,50.44043],[2.53878,50.44155],[2.54112,50.44254],[2.55465,50.45248],[2.55596,50.45326],[2.55814,50.45227],[2.56949,50.44233],[2.58508,50.43365],[2.58328,50.43257],[2.57684,50.42404],[2.57235,50.42061],[2.56258,50.42673],[2.5535,50.42428],[2.54898,50.42225],[2.53287,50.41235],[2.53207,50.41192],[2.52099,50.41353],[2.52069,50.41439],[2.52336,50.41652],[2.52506,50.41993],[2.52034,50.42947]]]]}},{"type":"Feature","properties":{"code":"62694","nom":"Rebreuve-sur-Canche","departement":"62","region":"32"},"geometry":{"type":"MultiPolygon","coordinates":[[[[2.33654,50.2351],[2.33321,50.23905],[2.32223,50.24513],[2.32066,50.24778],[2.32876,50.2587],[2.33714,50.28475],[2.3343,50.28779],[2.32967,50.28652],[2.33005,50.28853],[2.34324,50.29611],[2.34722,50.29549],[2.34882,50.29164],[2.35828,50.28952],[2.36005,50.28685],[2.35175,50.28425],[2.35303,50.27823],[2.35885,50.27259],[2.35593,50.27158],[2.34625,50.25678],[2.33903,50.24764],[2.34226,50.23953],[2.34328,50.23558],[2.34059,50.23483],[2.3397,50.23613],[2.33654,50.2351]]]]}},{"type":"Feature","properties":{"code":"62695","nom":"Rebreuviette","departement":"62","region":"32"},"geometry":{"type":"MultiPolygon","coordinates":[[[[2.38347,50.27937],[2.38548,50.27487],[2.381,50.2672],[2.37879,50.25852],[2.38202,50.25308],[2.38273,50.24892],[2.36739,50.24367],[2.35668,50.24069],[2.34762,50.24131],[2.34226,50.23953],[2.33903,50.24764],[2.34625,50.25678],[2.35593,50.27158],[2.35885,50.27259],[2.36513,50.27216],[2.37389,50.27706],[2.37597,50.28072],[2.38257,50.28028],[2.38197,50.27881],[2.38347,50.27937]]]]}},{"type":"Feature","properties":{"code":"62696","nom":"Reclinghem","departement":"62","region":"32"},"geometry":{"type":"MultiPolygon","coordinates":[[[[2.19607,50.57852],[2.19537,50.56193],[2.19155,50.56279],[2.18675,50.56386],[2.16879,50.56413],[2.16433,50.56397],[2.15811,50.56171],[2.15186,50.56602],[2.16493,50.58323],[2.16595,50.5866],[2.16792,50.58862],[2.16908,50.58872],[2.17404,50.58291],[2.19607,50.57852]]]]}},{"type":"Feature","properties":{"code":"62697","nom":"Récourt","departement":"62","region":"32"},"geometry":{"type":"MultiPolygon","coordinates":[[[[3.03634,50.26961],[3.03929,50.26391],[3.04236,50.25379],[3.04215,50.25094],[3.03496,50.25045],[3.02638,50.25091],[3.01843,50.24817],[3.0114,50.25555],[3.01059,50.25764],[3.01858,50.26422],[3.01801,50.26471],[3.03015,50.26714],[3.03634,50.26961]]]]}},{"type":"Feature","properties":{"code":"62698","nom":"Recques-sur-Course","departement":"62","region":"32"},"geometry":{"type":"MultiPolygon","coordinates":[[[[1.76007,50.51544],[1.77376,50.5222],[1.77165,50.52839],[1.78454,50.52713],[1.78599,50.52733],[1.78779,50.52923],[1.795,50.5294],[1.79698,50.52686],[1.79591,50.52659],[1.79892,50.52307],[1.79759,50.51983],[1.79546,50.51472],[1.79296,50.51202],[1.7906,50.51136],[1.78848,50.51309],[1.78541,50.51303],[1.77738,50.51152],[1.76819,50.50721],[1.76232,50.50401],[1.7532,50.50771],[1.75397,50.509],[1.75745,50.5138],[1.76007,50.51544]]]]}},{"type":"Feature","properties":{"code":"62699","nom":"Recques-sur-Hem","departement":"62","region":"32"},"geometry":{"type":"MultiPolygon","coordinates":[[[[2.10955,50.84986],[2.1107,50.84868],[2.10866,50.84686],[2.10087,50.84336],[2.09482,50.83789],[2.09209,50.83198],[2.09309,50.82808],[2.0915,50.82701],[2.08724,50.82823],[2.0775,50.82312],[2.07372,50.822],[2.06993,50.82162],[2.06107,50.82937],[2.06161,50.83008],[2.05934,50.83164],[2.05524,50.83263],[2.06251,50.83889],[2.07381,50.84532],[2.07694,50.846],[2.0866,50.84468],[2.09409,50.84567],[2.10955,50.84986]]]]}},{"type":"Feature","properties":{"code":"62700","nom":"Regnauville","departement":"62","region":"32"},"geometry":{"type":"MultiPolygon","coordinates":[[[[2.00664,50.32667],[2.00636,50.32575],[2.023,50.32051],[2.02051,50.31368],[2.01529,50.31052],[2.00228,50.30751],[1.98179,50.31371],[1.98019,50.31294],[1.97752,50.314],[1.98081,50.31873],[2.00664,50.32667]]]]}},{"type":"Feature","properties":{"code":"62701","nom":"Rely","departement":"62","region":"32"},"geometry":{"type":"MultiPolygon","coordinates":[[[[2.38215,50.57731],[2.37849,50.57324],[2.37685,50.56914],[2.37768,50.56545],[2.36804,50.56142],[2.36634,50.56075],[2.33931,50.58014],[2.34286,50.58183],[2.34109,50.58333],[2.34355,50.58451],[2.35041,50.58738],[2.35522,50.591],[2.36491,50.58079],[2.36856,50.5825],[2.37504,50.58078],[2.37939,50.57874],[2.38215,50.57731]]]]}},{"type":"Feature","properties":{"code":"62702","nom":"Remilly-Wirquin","departement":"62","region":"32"},"geometry":{"type":"MultiPolygon","coordinates":[[[[2.19227,50.66921],[2.18766,50.66325],[2.17573,50.66141],[2.16599,50.65482],[2.16375,50.65162],[2.16072,50.65156],[2.15909,50.65327],[2.15482,50.66439],[2.1526,50.66551],[2.16021,50.66963],[2.16988,50.67648],[2.17313,50.68382],[2.17687,50.68496],[2.18119,50.68087],[2.1896,50.68618],[2.19026,50.68134],[2.19523,50.67567],[2.19227,50.66921]]]]}},{"type":"Feature","properties":{"code":"62703","nom":"Rémy","departement":"62","region":"32"},"geometry":{"type":"MultiPolygon","coordinates":[[[[2.97063,50.24799],[2.96548,50.24642],[2.96105,50.25054],[2.95805,50.25089],[2.95154,50.2495],[2.94616,50.24722],[2.94417,50.24769],[2.94307,50.2517],[2.94266,50.25866],[2.94445,50.26121],[2.96295,50.26719],[2.96816,50.26854],[2.96903,50.26766],[2.97352,50.25007],[2.97063,50.24799]]]]}},{"type":"Feature","properties":{"code":"62704","nom":"Renty","departement":"62","region":"32"},"geometry":{"type":"MultiPolygon","coordinates":[[[[2.04239,50.57709],[2.03896,50.58071],[2.03836,50.58466],[2.03142,50.5945],[2.03467,50.59924],[2.03924,50.60067],[2.06007,50.60247],[2.08301,50.5932],[2.08703,50.59058],[2.08992,50.58525],[2.10061,50.57759],[2.10457,50.5759],[2.09883,50.5704],[2.09288,50.55964],[2.09508,50.55484],[2.07747,50.55131],[2.06227,50.5681],[2.04239,50.57709]]]]}},{"type":"Feature","properties":{"code":"62705","nom":"Rety","departement":"62","region":"32"},"geometry":{"type":"MultiPolygon","coordinates":[[[[1.79496,50.82029],[1.79726,50.8193],[1.80668,50.81124],[1.80437,50.80089],[1.80473,50.797],[1.82252,50.785],[1.82094,50.78312],[1.81774,50.77756],[1.79663,50.76803],[1.78923,50.76614],[1.77751,50.76681],[1.7786,50.76861],[1.77858,50.77612],[1.76625,50.78675],[1.76382,50.78841],[1.75265,50.79211],[1.74186,50.79413],[1.76306,50.81001],[1.76585,50.81314],[1.76447,50.81627],[1.79496,50.82029]]]]}},{"type":"Feature","properties":{"code":"62706","nom":"Richebourg","departement":"62","region":"32"},"geometry":{"type":"MultiPolygon","coordinates":[[[[2.726,50.61413],[2.7458,50.60475],[2.75148,50.60701],[2.76917,50.58335],[2.77499,50.57566],[2.78356,50.56427],[2.77815,50.56278],[2.7713,50.55739],[2.76203,50.55828],[2.75364,50.55704],[2.74515,50.55435],[2.72936,50.5525],[2.71746,50.55322],[2.72316,50.56163],[2.73284,50.56618],[2.73283,50.57593],[2.71736,50.58247],[2.73299,50.59084],[2.73544,50.59965],[2.73458,50.60088],[2.7232,50.59686],[2.71889,50.59614],[2.71829,50.59762],[2.72464,50.60192],[2.72455,50.61287],[2.726,50.61413]]]]}},{"type":"Feature","properties":{"code":"62708","nom":"Riencourt-lès-Bapaume","departement":"62","region":"32"},"geometry":{"type":"MultiPolygon","coordinates":[[[[2.86277,50.08599],[2.8682,50.09246],[2.86768,50.09914],[2.86966,50.09773],[2.88516,50.09442],[2.89457,50.09111],[2.89882,50.09156],[2.89998,50.08413],[2.89562,50.08332],[2.88602,50.07796],[2.8804,50.08196],[2.87586,50.08269],[2.87058,50.08097],[2.86676,50.08184],[2.86277,50.08599]]]]}},{"type":"Feature","properties":{"code":"62709","nom":"Riencourt-lès-Cagnicourt","departement":"62","region":"32"},"geometry":{"type":"MultiPolygon","coordinates":[[[[2.95773,50.1801],[2.95668,50.18031],[2.95015,50.17751],[2.94545,50.17912],[2.94696,50.18135],[2.94964,50.19688],[2.95143,50.20127],[2.96071,50.20711],[2.97189,50.20977],[2.97808,50.20459],[2.97629,50.19235],[2.95901,50.18003],[2.95773,50.1801]]]]}},{"type":"Feature","properties":{"code":"62710","nom":"Rimboval","departement":"62","region":"32"},"geometry":{"type":"MultiPolygon","coordinates":[[[[2.01284,50.52583],[2.01455,50.52258],[2.00513,50.51658],[2.0023,50.51162],[2.00153,50.50559],[1.99857,50.50044],[1.99251,50.49648],[1.98581,50.50151],[1.97751,50.50588],[1.96524,50.51092],[1.96313,50.51094],[1.96444,50.51214],[1.96103,50.51975],[1.96286,50.52082],[1.96623,50.51867],[1.98525,50.52239],[1.99038,50.52405],[1.99283,50.52817],[1.9982,50.53135],[2.00901,50.52944],[2.01183,50.52786],[2.01284,50.52583]]]]}},{"type":"Feature","properties":{"code":"62711","nom":"Rinxent","departement":"62","region":"32"},"geometry":{"type":"MultiPolygon","coordinates":[[[[1.73401,50.82441],[1.74307,50.82543],[1.75987,50.82327],[1.76447,50.81627],[1.76585,50.81314],[1.76306,50.81001],[1.74186,50.79413],[1.73223,50.78929],[1.72625,50.78804],[1.71953,50.79015],[1.71558,50.79563],[1.7159,50.80071],[1.72262,50.80574],[1.72638,50.81081],[1.73099,50.82395],[1.73401,50.82441]]]]}},{"type":"Feature","properties":{"code":"62712","nom":"Rivière","departement":"62","region":"32"},"geometry":{"type":"MultiPolygon","coordinates":[[[[2.68742,50.25304],[2.69255,50.24982],[2.70332,50.24804],[2.716,50.23835],[2.72172,50.23203],[2.71865,50.23066],[2.71555,50.23191],[2.70609,50.22697],[2.69601,50.2155],[2.69533,50.21477],[2.68268,50.21808],[2.67133,50.21686],[2.66256,50.21353],[2.65866,50.21097],[2.6514,50.21589],[2.66088,50.22888],[2.6615,50.23483],[2.67151,50.24032],[2.67281,50.24346],[2.68742,50.25304]]]]}},{"type":"Feature","properties":{"code":"62713","nom":"Robecq","departement":"62","region":"32"},"geometry":{"type":"MultiPolygon","coordinates":[[[[2.56015,50.58407],[2.56117,50.58333],[2.55921,50.57639],[2.5442,50.57148],[2.52872,50.58457],[2.52799,50.58954],[2.52956,50.59423],[2.52536,50.60397],[2.54659,50.60888],[2.56899,50.61153],[2.57314,50.61173],[2.57354,50.61123],[2.57477,50.6119],[2.58321,50.60294],[2.57641,50.60103],[2.56418,50.5941],[2.55944,50.58514],[2.56015,50.58407]]]]}},{"type":"Feature","properties":{"code":"62714","nom":"Roclincourt","departement":"62","region":"32"},"geometry":{"type":"MultiPolygon","coordinates":[[[[2.81423,50.33079],[2.81551,50.33027],[2.79812,50.31985],[2.795,50.32134],[2.78803,50.31478],[2.78466,50.31392],[2.77617,50.31615],[2.77802,50.31814],[2.77493,50.32044],[2.77184,50.32129],[2.78144,50.33987],[2.77677,50.3395],[2.77517,50.34436],[2.77454,50.34927],[2.78039,50.34987],[2.78533,50.34553],[2.81423,50.33079]]]]}},{"type":"Feature","properties":{"code":"62715","nom":"Rocquigny","departement":"62","region":"32"},"geometry":{"type":"MultiPolygon","coordinates":[[[[2.91966,50.04801],[2.9132,50.05334],[2.90836,50.06302],[2.91863,50.0682],[2.92372,50.06247],[2.93125,50.06426],[2.93516,50.06152],[2.93857,50.05722],[2.93856,50.05592],[2.93515,50.05395],[2.94032,50.05033],[2.93828,50.0457],[2.93693,50.04626],[2.93467,50.04539],[2.93293,50.0433],[2.92624,50.04442],[2.92008,50.04858],[2.91966,50.04801]]]]}},{"type":"Feature","properties":{"code":"62716","nom":"Rodelinghem","departement":"62","region":"32"},"geometry":{"type":"MultiPolygon","coordinates":[[[[1.91884,50.84614],[1.92015,50.84702],[1.92632,50.84631],[1.94135,50.8426],[1.94423,50.84213],[1.94542,50.83252],[1.93773,50.82248],[1.94029,50.82112],[1.94138,50.81931],[1.93366,50.81993],[1.92632,50.82289],[1.92065,50.82664],[1.91396,50.83318],[1.91458,50.83368],[1.9169,50.83495],[1.92207,50.84447],[1.91884,50.84614]]]]}},{"type":"Feature","properties":{"code":"62717","nom":"Roëllecourt","departement":"62","region":"32"},"geometry":{"type":"MultiPolygon","coordinates":[[[[2.35767,50.36321],[2.36214,50.36761],[2.3671,50.37074],[2.37031,50.37052],[2.38728,50.38222],[2.38856,50.38415],[2.39387,50.3868],[2.4002,50.38826],[2.40521,50.38889],[2.40975,50.38696],[2.41034,50.3847],[2.40885,50.37469],[2.40432,50.36706],[2.41177,50.36623],[2.40621,50.35369],[2.38106,50.35868],[2.37846,50.35739],[2.37372,50.35167],[2.37046,50.35269],[2.36463,50.35564],[2.36096,50.36226],[2.35767,50.36321]]]]}},{"type":"Feature","properties":{"code":"62718","nom":"Rœux","departement":"62","region":"32"},"geometry":{"type":"MultiPolygon","coordinates":[[[[2.89069,50.31346],[2.89569,50.31604],[2.89744,50.31388],[2.90568,50.31212],[2.9185,50.30277],[2.91932,50.30026],[2.91739,50.29751],[2.91636,50.29628],[2.91193,50.29659],[2.91243,50.29528],[2.90556,50.29483],[2.90432,50.29088],[2.89818,50.28844],[2.8897,50.29233],[2.88283,50.30275],[2.8822,50.30491],[2.8855,50.31093],[2.89069,50.31346]]]]}},{"type":"Feature","properties":{"code":"62719","nom":"Rollancourt","departement":"62","region":"32"},"geometry":{"type":"MultiPolygon","coordinates":[[[[2.13926,50.38402],[2.13379,50.38064],[2.13032,50.38035],[2.12566,50.38714],[2.12614,50.39026],[2.12484,50.39327],[2.1089,50.40433],[2.10545,50.4078],[2.10703,50.41315],[2.10602,50.41897],[2.09688,50.43277],[2.09806,50.43404],[2.10225,50.43565],[2.11151,50.43245],[2.12283,50.42443],[2.13113,50.42085],[2.14193,50.42507],[2.15137,50.43181],[2.15912,50.41904],[2.15369,50.41572],[2.14815,50.41766],[2.14174,50.41346],[2.13723,50.40745],[2.14179,50.39676],[2.14422,50.39483],[2.1385,50.38435],[2.13926,50.38402]]]]}},{"type":"Feature","properties":{"code":"62720","nom":"Rombly","departement":"62","region":"32"},"geometry":{"type":"MultiPolygon","coordinates":[[[[2.40025,50.59615],[2.38929,50.58748],[2.38045,50.59728],[2.38755,50.60165],[2.39634,50.59962],[2.40025,50.59615]]]]}},{"type":"Feature","properties":{"code":"62721","nom":"Roquetoire","departement":"62","region":"32"},"geometry":{"type":"MultiPolygon","coordinates":[[[[2.31088,50.66956],[2.32519,50.67595],[2.34814,50.67865],[2.35325,50.68087],[2.34857,50.68486],[2.34802,50.68569],[2.34892,50.68618],[2.35721,50.68768],[2.36022,50.68727],[2.36366,50.6848],[2.37211,50.67869],[2.37261,50.67759],[2.37127,50.67706],[2.36151,50.67887],[2.35862,50.67615],[2.35675,50.67274],[2.35782,50.66544],[2.36027,50.66284],[2.36244,50.65909],[2.36877,50.65792],[2.36958,50.6545],[2.35597,50.65037],[2.34239,50.65144],[2.32772,50.65353],[2.32241,50.65576],[2.31908,50.65498],[2.31244,50.65962],[2.30771,50.65791],[2.3038,50.65903],[2.30266,50.66008],[2.29954,50.66324],[2.31088,50.66956]]]]}},{"type":"Feature","properties":{"code":"62722","nom":"Rougefay","departement":"62","region":"32"},"geometry":{"type":"MultiPolygon","coordinates":[[[[2.19032,50.26607],[2.18487,50.26239],[2.17618,50.26564],[2.16883,50.26654],[2.15766,50.26987],[2.15431,50.27458],[2.15246,50.28499],[2.1565,50.28513],[2.16566,50.2905],[2.16532,50.28887],[2.1794,50.27662],[2.18223,50.27306],[2.18266,50.271],[2.18367,50.27013],[2.18679,50.2699],[2.19405,50.26859],[2.19032,50.26607]]]]}},{"type":"Feature","properties":{"code":"62723","nom":"Roussent","departement":"62","region":"32"},"geometry":{"type":"MultiPolygon","coordinates":[[[[1.76523,50.38837],[1.77951,50.38516],[1.78198,50.38546],[1.78489,50.38584],[1.78826,50.3832],[1.78863,50.37455],[1.79269,50.36307],[1.7917,50.3595],[1.76183,50.36159],[1.76316,50.36386],[1.76658,50.3644],[1.76543,50.3663],[1.75713,50.36874],[1.75193,50.36761],[1.75166,50.36964],[1.75406,50.37568],[1.7634,50.37717],[1.76842,50.37877],[1.7644,50.38759],[1.76523,50.38837]]]]}},{"type":"Feature","properties":{"code":"62724","nom":"Rouvroy","departement":"62","region":"32"},"geometry":{"type":"MultiPolygon","coordinates":[[[[2.90608,50.38682],[2.89808,50.38554],[2.89331,50.38948],[2.88609,50.3932],[2.88366,50.39399],[2.8865,50.39568],[2.88892,50.39606],[2.88996,50.39751],[2.88706,50.39781],[2.88515,50.39897],[2.88661,50.40121],[2.88712,50.40178],[2.88525,50.40256],[2.88478,50.40438],[2.89061,50.41055],[2.89086,50.41076],[2.89586,50.40954],[2.90202,50.41153],[2.91083,50.4102],[2.91155,50.41167],[2.91451,50.41162],[2.92169,50.40608],[2.92465,50.40375],[2.92654,50.40134],[2.92173,50.39191],[2.91708,50.38769],[2.91204,50.38444],[2.90608,50.38682]]]]}},{"type":"Feature","properties":{"code":"62725","nom":"Royon","departement":"62","region":"32"},"geometry":{"type":"MultiPolygon","coordinates":[[[[1.976,50.48434],[1.97568,50.48503],[1.98024,50.48669],[1.98599,50.49121],[1.98683,50.49081],[1.98735,50.48649],[1.98637,50.48081],[1.99307,50.47989],[1.99959,50.48545],[2.00177,50.48846],[2.00251,50.49012],[2.00167,50.49096],[2.00351,50.49419],[2.00742,50.49476],[2.00773,50.4936],[2.00484,50.49238],[2.00063,50.48635],[2.00109,50.48448],[2.00249,50.48418],[2.0049,50.48502],[2.01179,50.47661],[2.02469,50.4675],[2.01958,50.46047],[2.01313,50.45639],[2.00594,50.45319],[1.9921,50.46216],[1.98804,50.46628],[1.98272,50.4761],[1.976,50.48434]]]]}},{"type":"Feature","properties":{"code":"62726","nom":"Ruisseauville","departement":"62","region":"32"},"geometry":{"type":"MultiPolygon","coordinates":[[[[2.12253,50.49096],[2.12665,50.49191],[2.13797,50.47775],[2.13106,50.47491],[2.11799,50.47193],[2.11377,50.47601],[2.10908,50.48432],[2.10563,50.48658],[2.0896,50.48679],[2.08754,50.48477],[2.0853,50.4867],[2.08996,50.49244],[2.10269,50.48871],[2.10824,50.48823],[2.12253,50.49096]]]]}},{"type":"Feature","properties":{"code":"62727","nom":"Ruitz","departement":"62","region":"32"},"geometry":{"type":"MultiPolygon","coordinates":[[[[2.56192,50.4611],[2.56354,50.46259],[2.58307,50.46995],[2.59577,50.47813],[2.60324,50.48112],[2.60533,50.48082],[2.61065,50.46864],[2.61001,50.46621],[2.60367,50.46023],[2.59289,50.45353],[2.59091,50.45358],[2.58914,50.455],[2.57678,50.45939],[2.57121,50.45994],[2.56415,50.4582],[2.56067,50.45992],[2.56192,50.4611]]]]}},{"type":"Feature","properties":{"code":"62728","nom":"Rumaucourt","departement":"62","region":"32"},"geometry":{"type":"MultiPolygon","coordinates":[[[[3.07926,50.25147],[3.08058,50.24962],[3.0873,50.25008],[3.08817,50.24849],[3.08123,50.23676],[3.07295,50.22631],[3.07105,50.22496],[3.04827,50.22743],[3.04409,50.23194],[3.04911,50.24004],[3.04592,50.2438],[3.05682,50.24507],[3.06728,50.24751],[3.07817,50.2518],[3.07926,50.25147]]]]}},{"type":"Feature","properties":{"code":"62729","nom":"Rumilly","departement":"62","region":"32"},"geometry":{"type":"MultiPolygon","coordinates":[[[[2.00459,50.56239],[1.99311,50.56158],[1.99118,50.56312],[1.99083,50.56466],[1.99193,50.56478],[1.99933,50.57199],[2.00224,50.57917],[2.00526,50.58323],[2.01362,50.59134],[2.01991,50.59456],[2.02733,50.59718],[2.03335,50.60106],[2.03467,50.59924],[2.03142,50.5945],[2.03836,50.58466],[2.03896,50.58071],[2.04239,50.57709],[2.03956,50.57578],[2.02837,50.57351],[2.01504,50.56816],[2.00459,50.56239]]]]}},{"type":"Feature","properties":{"code":"62730","nom":"Ruminghem","departement":"62","region":"32"},"geometry":{"type":"MultiPolygon","coordinates":[[[[2.18854,50.87463],[2.19017,50.87158],[2.19536,50.85803],[2.20196,50.84685],[2.20238,50.84303],[2.19515,50.84385],[2.18211,50.8437],[2.17324,50.83748],[2.14024,50.84359],[2.13984,50.85378],[2.12907,50.87039],[2.1632,50.87001],[2.18854,50.87463]]]]}},{"type":"Feature","properties":{"code":"62731","nom":"Ruyaulcourt","departement":"62","region":"32"},"geometry":{"type":"MultiPolygon","coordinates":[[[[3.04185,50.08012],[3.04025,50.08161],[3.03562,50.08273],[3.03407,50.07836],[3.02837,50.0762],[3.01907,50.07398],[3.01349,50.0681],[3.01349,50.0664],[3.01104,50.06659],[2.9991,50.07614],[2.99498,50.07741],[2.99585,50.08285],[3.00347,50.09274],[3.00724,50.09493],[3.01512,50.09749],[3.01917,50.09748],[3.02264,50.0966],[3.03102,50.09312],[3.03869,50.08556],[3.0438,50.08479],[3.0461,50.08441],[3.04465,50.08083],[3.04275,50.07979],[3.04185,50.08012]]]]}},{"type":"Feature","properties":{"code":"62732","nom":"Sachin","departement":"62","region":"32"},"geometry":{"type":"MultiPolygon","coordinates":[[[[2.36336,50.50884],[2.36393,50.50254],[2.36564,50.50003],[2.37309,50.49861],[2.38047,50.5007],[2.38584,50.50077],[2.39073,50.49669],[2.38324,50.49291],[2.38663,50.48799],[2.38704,50.4842],[2.38655,50.48074],[2.38431,50.48015],[2.37262,50.4787],[2.36765,50.47732],[2.36613,50.47919],[2.37122,50.4828],[2.36753,50.48588],[2.35312,50.48792],[2.34487,50.48823],[2.34325,50.50074],[2.35929,50.50577],[2.36336,50.50884]]]]}},{"type":"Feature","properties":{"code":"62733","nom":"Sailly-au-Bois","departement":"62","region":"32"},"geometry":{"type":"MultiPolygon","coordinates":[[[[2.61808,50.12964],[2.62994,50.11307],[2.6309,50.10735],[2.62931,50.10699],[2.62022,50.11104],[2.59831,50.1087],[2.59321,50.10664],[2.58715,50.11205],[2.57891,50.11365],[2.57604,50.11335],[2.57139,50.11703],[2.5715,50.11902],[2.56943,50.12036],[2.57099,50.12191],[2.56995,50.12238],[2.57376,50.12486],[2.58181,50.13502],[2.58681,50.13725],[2.58839,50.13801],[2.59768,50.13709],[2.6071,50.13521],[2.61259,50.13243],[2.61357,50.12956],[2.61808,50.12964]]]]}},{"type":"Feature","properties":{"code":"62734","nom":"Sailly-en-Ostrevent","departement":"62","region":"32"},"geometry":{"type":"MultiPolygon","coordinates":[[[[3.00151,50.30381],[3.00067,50.30186],[3.00492,50.29983],[3.01062,50.29823],[3.01483,50.29823],[3.0231,50.29344],[3.02415,50.29171],[3.0225,50.28959],[3.01965,50.28711],[3.00052,50.28419],[2.98996,50.2784],[2.98211,50.27272],[2.97858,50.27129],[2.96903,50.26766],[2.96816,50.26854],[2.96295,50.26719],[2.96131,50.27219],[2.96455,50.27805],[2.97247,50.28331],[2.97893,50.2916],[2.97815,50.2922],[2.97975,50.29929],[2.98709,50.29931],[2.99434,50.30477],[3.00151,50.30381]]]]}},{"type":"Feature","properties":{"code":"62735","nom":"Sailly-Labourse","departement":"62","region":"32"},"geometry":{"type":"MultiPolygon","coordinates":[[[[2.71317,50.51886],[2.71747,50.50778],[2.70961,50.4916],[2.70418,50.48468],[2.70883,50.48264],[2.7036,50.4794],[2.70186,50.48015],[2.69646,50.48606],[2.68887,50.49661],[2.68741,50.49972],[2.68914,50.50209],[2.68799,50.50597],[2.68971,50.50998],[2.69443,50.51386],[2.6983,50.51582],[2.71317,50.51886]]]]}},{"type":"Feature","properties":{"code":"62736","nom":"Sailly-sur-la-Lys","departement":"62","region":"32"},"geometry":{"type":"MultiPolygon","coordinates":[[[[2.75942,50.65162],[2.76033,50.65566],[2.76222,50.65806],[2.76826,50.66234],[2.77543,50.66468],[2.78593,50.6647],[2.7936,50.66229],[2.79913,50.66298],[2.8068,50.66659],[2.80921,50.669],[2.81204,50.66805],[2.82102,50.6613],[2.82219,50.66045],[2.82204,50.65269],[2.81412,50.64698],[2.80106,50.64588],[2.7964,50.6411],[2.7943,50.63501],[2.79223,50.63373],[2.77284,50.64453],[2.7588,50.65082],[2.75942,50.65162]]]]}},{"type":"Feature","properties":{"code":"62737","nom":"Sains-en-Gohelle","departement":"62","region":"32"},"geometry":{"type":"MultiPolygon","coordinates":[[[[2.67725,50.44079],[2.67522,50.44112],[2.66403,50.43767],[2.66204,50.43823],[2.66085,50.43895],[2.66276,50.44039],[2.66476,50.44173],[2.67336,50.46045],[2.6749,50.46144],[2.6812,50.46507],[2.6862,50.46743],[2.69642,50.46199],[2.6964,50.4606],[2.69934,50.45916],[2.69813,50.45834],[2.69992,50.45034],[2.69671,50.44384],[2.69471,50.44274],[2.6862,50.43734],[2.67725,50.44079]]]]}},{"type":"Feature","properties":{"code":"62738","nom":"Sains-lès-Fressin","departement":"62","region":"32"},"geometry":{"type":"MultiPolygon","coordinates":[[[[2.07488,50.4744],[2.06828,50.47907],[2.06416,50.47884],[2.0591,50.47634],[2.05246,50.46347],[2.04685,50.45794],[2.04074,50.45376],[2.02922,50.4603],[2.01958,50.46047],[2.02469,50.4675],[2.02802,50.47107],[2.0365,50.47525],[2.04037,50.47817],[2.04298,50.48013],[2.06087,50.48806],[2.07265,50.48832],[2.08146,50.48505],[2.08103,50.47959],[2.07898,50.47654],[2.07757,50.47685],[2.07678,50.47875],[2.07488,50.4744]]]]}},{"type":"Feature","properties":{"code":"62739","nom":"Sains-lès-Marquion","departement":"62","region":"32"},"geometry":{"type":"MultiPolygon","coordinates":[[[[3.06103,50.19095],[3.07032,50.20141],[3.08558,50.19618],[3.09647,50.19009],[3.09936,50.19029],[3.09962,50.18614],[3.09229,50.17371],[3.08986,50.17186],[3.08787,50.17123],[3.08021,50.17119],[3.06271,50.17383],[3.0641,50.17849],[3.0637,50.18909],[3.06103,50.19095]]]]}},{"type":"Feature","properties":{"code":"62740","nom":"Sains-lès-Pernes","departement":"62","region":"32"},"geometry":{"type":"MultiPolygon","coordinates":[[[[2.33418,50.47174],[2.33209,50.47817],[2.33026,50.48194],[2.34319,50.48818],[2.34487,50.48823],[2.35312,50.48792],[2.36753,50.48588],[2.37122,50.4828],[2.36613,50.47919],[2.36765,50.47732],[2.36134,50.4753],[2.35117,50.4709],[2.33763,50.46789],[2.3352,50.46795],[2.33418,50.47174]]]]}},{"type":"Feature","properties":{"code":"62741","nom":"Saint-Amand","departement":"62","region":"32"},"geometry":{"type":"MultiPolygon","coordinates":[[[[2.55384,50.1849],[2.55662,50.18214],[2.5648,50.17709],[2.57301,50.17485],[2.57484,50.17595],[2.57663,50.17288],[2.57893,50.17314],[2.58307,50.1681],[2.58033,50.16407],[2.56598,50.15884],[2.55555,50.15821],[2.5545,50.15923],[2.55493,50.15963],[2.54807,50.16301],[2.54616,50.16252],[2.543,50.17231],[2.54293,50.17899],[2.55035,50.18301],[2.55384,50.1849]]]]}},{"type":"Feature","properties":{"code":"62742","nom":"Saint-Aubin","departement":"62","region":"32"},"geometry":{"type":"MultiPolygon","coordinates":[[[[1.65008,50.46092],[1.66607,50.46348],[1.68818,50.45758],[1.69373,50.45701],[1.69332,50.45581],[1.69188,50.45621],[1.68851,50.45168],[1.68954,50.45136],[1.68353,50.44567],[1.66057,50.44657],[1.65302,50.44915],[1.64724,50.44897],[1.64526,50.45516],[1.65032,50.45945],[1.65008,50.46092]]]]}},{"type":"Feature","properties":{"code":"62781","nom":"Sauchy-Lestrée","departement":"62","region":"32"},"geometry":{"type":"MultiPolygon","coordinates":[[[[3.08569,50.22275],[3.08783,50.2252],[3.09661,50.23098],[3.10519,50.23288],[3.11149,50.23323],[3.11422,50.23451],[3.1269,50.23247],[3.13499,50.23004],[3.13695,50.22903],[3.14278,50.21921],[3.13257,50.20258],[3.12908,50.2042],[3.10352,50.20959],[3.09424,50.21741],[3.08569,50.22275]]]]}},{"type":"Feature","properties":{"code":"62744","nom":"Sainte-Catherine","departement":"62","region":"32"},"geometry":{"type":"MultiPolygon","coordinates":[[[[2.7708,50.30047],[2.76756,50.2991],[2.76306,50.29717],[2.75878,50.29777],[2.75407,50.29872],[2.75167,50.30155],[2.75972,50.31026],[2.75112,50.32691],[2.74628,50.33305],[2.7538,50.33566],[2.75765,50.32378],[2.77017,50.31979],[2.77107,50.31979],[2.77184,50.32129],[2.77493,50.32044],[2.77802,50.31814],[2.77617,50.31615],[2.77516,50.31446],[2.7684,50.30177],[2.7708,50.30047]]]]}},{"type":"Feature","properties":{"code":"62745","nom":"Saint-Denœux","departement":"62","region":"32"},"geometry":{"type":"MultiPolygon","coordinates":[[[[1.92873,50.48433],[1.91441,50.47066],[1.91434,50.46974],[1.91636,50.46852],[1.90737,50.46706],[1.90326,50.46469],[1.89843,50.46721],[1.89625,50.46827],[1.89439,50.47853],[1.89156,50.48026],[1.90046,50.48482],[1.90609,50.48447],[1.91349,50.48836],[1.92837,50.48632],[1.92873,50.48433]]]]}},{"type":"Feature","properties":{"code":"62746","nom":"Saint-Étienne-au-Mont","departement":"62","region":"32"},"geometry":{"type":"MultiPolygon","coordinates":[[[[1.57144,50.6644],[1.57699,50.66443],[1.58791,50.67113],[1.59089,50.67349],[1.59527,50.68115],[1.60434,50.68749],[1.60563,50.68756],[1.60749,50.69234],[1.62144,50.68573],[1.62798,50.68484],[1.62761,50.68332],[1.63863,50.67765],[1.63869,50.6759],[1.64213,50.67411],[1.63563,50.66741],[1.62086,50.66586],[1.60725,50.66583],[1.60445,50.66501],[1.61128,50.64803],[1.60496,50.64496],[1.60404,50.64327],[1.59435,50.64112],[1.57799,50.64132],[1.57491,50.64818],[1.57144,50.6644]]]]}},{"type":"Feature","properties":{"code":"62747","nom":"Saint-Floris","departement":"62","region":"32"},"geometry":{"type":"MultiPolygon","coordinates":[[[[2.58478,50.63696],[2.58658,50.63801],[2.59041,50.6381],[2.59133,50.6351],[2.5903,50.63389],[2.59266,50.63191],[2.5915,50.63129],[2.59343,50.62926],[2.59516,50.62254],[2.57477,50.6119],[2.57354,50.61123],[2.57314,50.61173],[2.56899,50.61153],[2.56421,50.62461],[2.57587,50.63075],[2.58478,50.63696]]]]}},{"type":"Feature","properties":{"code":"62748","nom":"Saint-Folquin","departement":"62","region":"32"},"geometry":{"type":"MultiPolygon","coordinates":[[[[2.12516,50.97039],[2.12521,50.96898],[2.12793,50.96759],[2.13666,50.9556],[2.13835,50.95091],[2.14213,50.94763],[2.14255,50.94624],[2.1496,50.9408],[2.15131,50.93575],[2.15118,50.93273],[2.14653,50.93141],[2.14941,50.92273],[2.14523,50.91641],[2.13561,50.91394],[2.12968,50.91119],[2.12705,50.89733],[2.12047,50.88944],[2.10808,50.89527],[2.1154,50.90484],[2.11566,50.92124],[2.107,50.95912],[2.10842,50.98437],[2.10923,50.98438],[2.12058,50.98053],[2.12163,50.97474],[2.12516,50.97039]]]]}},{"type":"Feature","properties":{"code":"62749","nom":"Saint-Georges","departement":"62","region":"32"},"geometry":{"type":"MultiPolygon","coordinates":[[[[2.06093,50.33637],[2.0433,50.34708],[2.04867,50.34981],[2.0558,50.35624],[2.05961,50.36035],[2.06106,50.36528],[2.06209,50.36643],[2.06975,50.37133],[2.08441,50.36955],[2.08893,50.36683],[2.08853,50.36549],[2.09266,50.3539],[2.09796,50.3504],[2.09446,50.34421],[2.08589,50.33737],[2.08436,50.33828],[2.06423,50.33794],[2.06093,50.33637]]]]}},{"type":"Feature","properties":{"code":"62750","nom":"Saint-Hilaire-Cottes","departement":"62","region":"32"},"geometry":{"type":"MultiPolygon","coordinates":[[[[2.36804,50.56142],[2.37768,50.56545],[2.37685,50.56914],[2.37849,50.57324],[2.38215,50.57731],[2.38499,50.57575],[2.38999,50.57835],[2.39579,50.57917],[2.42128,50.57823],[2.42241,50.5785],[2.42821,50.57237],[2.42349,50.56945],[2.40546,50.56099],[2.40601,50.55882],[2.40359,50.55614],[2.39759,50.55308],[2.39521,50.55266],[2.39185,50.55336],[2.37378,50.55857],[2.36804,50.56142]]]]}},{"type":"Feature","properties":{"code":"62751","nom":"Saint-Inglevert","departement":"62","region":"32"},"geometry":{"type":"MultiPolygon","coordinates":[[[[1.71783,50.86593],[1.7108,50.86747],[1.70732,50.86925],[1.70598,50.87076],[1.70671,50.87182],[1.71187,50.87271],[1.73102,50.87327],[1.73447,50.87439],[1.73552,50.87622],[1.73491,50.87779],[1.73937,50.88765],[1.76,50.88123],[1.76371,50.87864],[1.75998,50.87657],[1.7614,50.86927],[1.76964,50.86269],[1.7615,50.85822],[1.75984,50.8586],[1.75277,50.85808],[1.73903,50.8636],[1.72653,50.86571],[1.71783,50.86593]]]]}},{"type":"Feature","properties":{"code":"62752","nom":"Saint-Josse","departement":"62","region":"32"},"geometry":{"type":"MultiPolygon","coordinates":[[[[1.6305,50.46963],[1.63169,50.47264],[1.63184,50.47796],[1.63531,50.48667],[1.64012,50.49405],[1.64062,50.50871],[1.64312,50.50859],[1.64434,50.50952],[1.65129,50.50945],[1.66324,50.50663],[1.67624,50.50203],[1.68347,50.50114],[1.6873,50.50172],[1.68946,50.50084],[1.69199,50.49894],[1.69235,50.49712],[1.69144,50.49621],[1.68709,50.49538],[1.68727,50.49369],[1.69518,50.49186],[1.69445,50.46926],[1.6979,50.46725],[1.68709,50.46135],[1.69345,50.46182],[1.69373,50.45701],[1.68818,50.45758],[1.66607,50.46348],[1.65008,50.46092],[1.642,50.46168],[1.6376,50.46057],[1.63457,50.4607],[1.6298,50.46272],[1.6284,50.4639],[1.6305,50.46963]]]]}},{"type":"Feature","properties":{"code":"62753","nom":"Saint-Laurent-Blangy","departement":"62","region":"32"},"geometry":{"type":"MultiPolygon","coordinates":[[[[2.7967,50.30848],[2.79874,50.31283],[2.79889,50.31685],[2.79691,50.31878],[2.79812,50.31985],[2.81551,50.33027],[2.83504,50.32002],[2.83678,50.3189],[2.82804,50.30948],[2.8252,50.29957],[2.82603,50.29816],[2.83338,50.29536],[2.83411,50.29353],[2.82626,50.29304],[2.81587,50.29372],[2.81102,50.29299],[2.80693,50.29092],[2.8073,50.29019],[2.80597,50.28962],[2.7937,50.28933],[2.78758,50.28989],[2.78897,50.29057],[2.78806,50.29501],[2.78371,50.29654],[2.78141,50.2982],[2.77911,50.29854],[2.78035,50.29997],[2.78889,50.29861],[2.79385,50.30447],[2.7967,50.30848]]]]}},{"type":"Feature","properties":{"code":"62754","nom":"Saint-Léger","departement":"62","region":"32"},"geometry":{"type":"MultiPolygon","coordinates":[[[[2.85379,50.17176],[2.84769,50.17555],[2.82644,50.17945],[2.82464,50.18116],[2.82865,50.18276],[2.83154,50.19017],[2.84001,50.19569],[2.84492,50.19849],[2.8468,50.19779],[2.85351,50.20085],[2.85585,50.19563],[2.86552,50.19084],[2.87453,50.18182],[2.8747,50.17246],[2.87455,50.17002],[2.87166,50.1684],[2.86818,50.17196],[2.85384,50.1727],[2.85379,50.17176]]]]}},{"type":"Feature","properties":{"code":"62755","nom":"Saint-Léonard","departement":"62","region":"32"},"geometry":{"type":"MultiPolygon","coordinates":[[[[1.61121,50.70468],[1.62638,50.70382],[1.63058,50.70564],[1.6311,50.70583],[1.63266,50.70333],[1.63351,50.69811],[1.63768,50.69247],[1.62798,50.68484],[1.62144,50.68573],[1.60749,50.69234],[1.60571,50.69386],[1.60539,50.69735],[1.61121,50.70468]]]]}},{"type":"Feature","properties":{"code":"62756","nom":"Sainte-Marie-Kerque","departement":"62","region":"32"},"geometry":{"type":"MultiPolygon","coordinates":[[[[2.18854,50.87463],[2.1632,50.87001],[2.12907,50.87039],[2.12637,50.87794],[2.11948,50.88683],[2.11857,50.88657],[2.12047,50.88944],[2.12705,50.89733],[2.12968,50.91119],[2.13561,50.91394],[2.14523,50.91641],[2.14941,50.92273],[2.14653,50.93141],[2.15118,50.93273],[2.15515,50.92519],[2.1615,50.91809],[2.16558,50.91172],[2.16976,50.9023],[2.18373,50.88373],[2.18854,50.87463]]]]}},{"type":"Feature","properties":{"code":"62757","nom":"Saint-Martin-lez-Tatinghem","departement":"62","region":"32"},"geometry":{"type":"MultiPolygon","coordinates":[[[[2.18876,50.75022],[2.19276,50.75124],[2.20133,50.75514],[2.20971,50.76051],[2.22038,50.76578],[2.22888,50.76812],[2.23393,50.76751],[2.23673,50.76871],[2.24932,50.75516],[2.24525,50.75494],[2.24383,50.74947],[2.24453,50.74757],[2.24362,50.74619],[2.24053,50.74499],[2.23721,50.74402],[2.23641,50.74466],[2.23552,50.74532],[2.22839,50.74305],[2.2185,50.73528],[2.21016,50.73154],[2.20749,50.7306],[2.19285,50.73242],[2.19024,50.73338],[2.18716,50.73884],[2.18834,50.73907],[2.18997,50.74356],[2.18938,50.74582],[2.18559,50.74939],[2.18876,50.75022]]]]}},{"type":"Feature","properties":{"code":"62758","nom":"Saint-Martin-Boulogne","departement":"62","region":"32"},"geometry":{"type":"MultiPolygon","coordinates":[[[[1.61121,50.70468],[1.60796,50.71001],[1.61192,50.71067],[1.61963,50.71417],[1.62278,50.71714],[1.62262,50.71722],[1.62199,50.71817],[1.62335,50.72113],[1.62379,50.72184],[1.62923,50.72165],[1.63298,50.72234],[1.63342,50.72387],[1.62628,50.72388],[1.62463,50.72549],[1.62102,50.72667],[1.62273,50.72727],[1.62072,50.72859],[1.62308,50.72964],[1.62291,50.73283],[1.62068,50.73343],[1.62182,50.73789],[1.62271,50.73758],[1.62955,50.73936],[1.63299,50.73898],[1.63767,50.74175],[1.64681,50.73734],[1.65982,50.73435],[1.6776,50.73639],[1.67902,50.7389],[1.68314,50.73529],[1.6857,50.73452],[1.68457,50.72816],[1.67872,50.71974],[1.66509,50.71309],[1.64612,50.7119],[1.63663,50.7088],[1.6311,50.70583],[1.63058,50.70564],[1.62638,50.70382],[1.61121,50.70468]]]]}},{"type":"Feature","properties":{"code":"62759","nom":"Saint-Martin-Choquel","departement":"62","region":"32"},"geometry":{"type":"MultiPolygon","coordinates":[[[[1.90235,50.64953],[1.88473,50.65229],[1.88128,50.65277],[1.87697,50.65702],[1.87375,50.65704],[1.87496,50.67811],[1.87649,50.68585],[1.87831,50.68652],[1.88412,50.68513],[1.89521,50.6842],[1.89553,50.68282],[1.89808,50.68199],[1.8997,50.67987],[1.90044,50.67325],[1.89783,50.66922],[1.89278,50.66682],[1.89421,50.6617],[1.90183,50.65463],[1.90235,50.64953]]]]}},{"type":"Feature","properties":{"code":"62760","nom":"Saint-Martin-d'Hardinghem","departement":"62","region":"32"},"geometry":{"type":"MultiPolygon","coordinates":[[[[2.13497,50.61999],[2.134,50.61796],[2.13439,50.61132],[2.13197,50.60685],[2.12362,50.60235],[2.10731,50.60402],[2.08104,50.60177],[2.07015,50.60196],[2.06798,50.60256],[2.07945,50.60503],[2.08604,50.61035],[2.0875,50.6142],[2.0838,50.62504],[2.0878,50.62484],[2.11283,50.61705],[2.12052,50.61639],[2.12504,50.61734],[2.12885,50.61783],[2.13497,50.61999]]]]}},{"type":"Feature","properties":{"code":"62761","nom":"Saint-Martin-sur-Cojeul","departement":"62","region":"32"},"geometry":{"type":"MultiPolygon","coordinates":[[[[2.86218,50.21329],[2.8615,50.21481],[2.84159,50.22837],[2.8338,50.23645],[2.83315,50.23732],[2.84204,50.24443],[2.84738,50.2405],[2.86615,50.22377],[2.87296,50.2198],[2.86218,50.21329]]]]}},{"type":"Feature","properties":{"code":"62762","nom":"Saint-Michel-sous-Bois","departement":"62","region":"32"},"geometry":{"type":"MultiPolygon","coordinates":[[[[1.96313,50.51094],[1.96014,50.51211],[1.95199,50.51271],[1.94027,50.51159],[1.92985,50.50582],[1.92697,50.50799],[1.90125,50.51863],[1.90433,50.52076],[1.90518,50.52039],[1.91358,50.52605],[1.91904,50.52319],[1.93603,50.52062],[1.95219,50.52794],[1.9518,50.52891],[1.95667,50.53017],[1.95993,50.52885],[1.96226,50.52623],[1.96286,50.52082],[1.96103,50.51975],[1.96444,50.51214],[1.96313,50.51094]]]]}},{"type":"Feature","properties":{"code":"62763","nom":"Saint-Michel-sur-Ternoise","departement":"62","region":"32"},"geometry":{"type":"MultiPolygon","coordinates":[[[[2.34337,50.37815],[2.34491,50.38113],[2.34887,50.38201],[2.35447,50.37869],[2.359,50.37878],[2.36471,50.38143],[2.36905,50.38492],[2.36948,50.38676],[2.38181,50.39096],[2.38516,50.3854],[2.38856,50.38415],[2.38728,50.38222],[2.37031,50.37052],[2.3671,50.37074],[2.36214,50.36761],[2.35767,50.36321],[2.35609,50.36127],[2.34405,50.35949],[2.34116,50.36376],[2.33527,50.36522],[2.33373,50.36703],[2.33683,50.36729],[2.34337,50.37815]]]]}},{"type":"Feature","properties":{"code":"62764","nom":"Saint-Nicolas","departement":"62","region":"32"},"geometry":{"type":"MultiPolygon","coordinates":[[[[2.78889,50.29861],[2.78035,50.29997],[2.77911,50.29854],[2.77815,50.29933],[2.7708,50.30047],[2.7684,50.30177],[2.77516,50.31446],[2.77617,50.31615],[2.78466,50.31392],[2.78803,50.31478],[2.795,50.32134],[2.79812,50.31985],[2.79691,50.31878],[2.79889,50.31685],[2.79874,50.31283],[2.7967,50.30848],[2.79385,50.30447],[2.78889,50.29861]]]]}},{"type":"Feature","properties":{"code":"62765","nom":"Saint-Omer","departement":"62","region":"32"},"geometry":{"type":"MultiPolygon","coordinates":[[[[2.25157,50.7433],[2.25094,50.74398],[2.24453,50.74757],[2.24383,50.74947],[2.24525,50.75494],[2.24932,50.75516],[2.23673,50.76871],[2.24418,50.7705],[2.24488,50.77405],[2.24131,50.77915],[2.23184,50.78518],[2.22867,50.79149],[2.23481,50.79478],[2.2403,50.79526],[2.24269,50.79651],[2.25071,50.7897],[2.25557,50.78797],[2.26374,50.78564],[2.28576,50.78667],[2.28803,50.78519],[2.2889,50.77699],[2.28472,50.77441],[2.28518,50.76887],[2.29298,50.76353],[2.30092,50.76538],[2.30084,50.76301],[2.29729,50.75581],[2.28976,50.76003],[2.28897,50.76006],[2.29323,50.75004],[2.28536,50.74552],[2.27915,50.74696],[2.2789,50.74643],[2.27137,50.7477],[2.266,50.74755],[2.26438,50.74596],[2.26101,50.74273],[2.25157,50.7433]]]]}},{"type":"Feature","properties":{"code":"62766","nom":"Saint-Omer-Capelle","departement":"62","region":"32"},"geometry":{"type":"MultiPolygon","coordinates":[[[[2.10226,50.89778],[2.11021,50.90873],[2.10456,50.923],[2.10062,50.92759],[2.08766,50.93868],[2.08185,50.95446],[2.08286,50.95873],[2.09203,50.97353],[2.10842,50.98437],[2.107,50.95912],[2.11566,50.92124],[2.1154,50.90484],[2.10808,50.89527],[2.10226,50.89778]]]]}},{"type":"Feature","properties":{"code":"62767","nom":"Saint-Pol-sur-Ternoise","departement":"62","region":"32"},"geometry":{"type":"MultiPolygon","coordinates":[[[[2.33683,50.36729],[2.33373,50.36703],[2.33126,50.36652],[2.33053,50.36522],[2.32708,50.3658],[2.32143,50.37701],[2.32136,50.3771],[2.32985,50.38216],[2.33299,50.38961],[2.33145,50.39526],[2.33254,50.39688],[2.3344,50.39685],[2.34174,50.3943],[2.34497,50.39427],[2.35633,50.397],[2.36262,50.40211],[2.35537,50.40425],[2.35497,50.40883],[2.35614,50.40998],[2.36457,50.40574],[2.37451,50.39923],[2.37648,50.39659],[2.3748,50.39508],[2.37609,50.39432],[2.3796,50.39582],[2.38189,50.39364],[2.38181,50.39096],[2.36948,50.38676],[2.36905,50.38492],[2.36471,50.38143],[2.359,50.37878],[2.35447,50.37869],[2.34887,50.38201],[2.34491,50.38113],[2.34337,50.37815],[2.33683,50.36729]]]]}},{"type":"Feature","properties":{"code":"62768","nom":"Saint-Rémy-au-Bois","departement":"62","region":"32"},"geometry":{"type":"MultiPolygon","coordinates":[[[[1.85451,50.37452],[1.85922,50.37667],[1.85755,50.37904],[1.85659,50.37854],[1.85564,50.3792],[1.86165,50.38203],[1.86301,50.37964],[1.8773,50.3778],[1.87989,50.37813],[1.87824,50.36822],[1.87956,50.36264],[1.88226,50.35946],[1.89002,50.35676],[1.88549,50.35322],[1.88123,50.35281],[1.87972,50.35516],[1.87542,50.36014],[1.85691,50.36735],[1.85348,50.36967],[1.85596,50.37119],[1.85595,50.37306],[1.85451,50.37452]]]]}},{"type":"Feature","properties":{"code":"62769","nom":"Saint-Tricat","departement":"62","region":"32"},"geometry":{"type":"MultiPolygon","coordinates":[[[[1.86404,50.91398],[1.86477,50.91374],[1.8575,50.90531],[1.84413,50.89495],[1.83106,50.88245],[1.81973,50.87488],[1.81566,50.87325],[1.81541,50.8743],[1.79648,50.88921],[1.79989,50.89085],[1.81107,50.89445],[1.82119,50.89958],[1.84224,50.9081],[1.84995,50.9107],[1.85713,50.91024],[1.86404,50.91398]]]]}},{"type":"Feature","properties":{"code":"62770","nom":"Saint-Venant","departement":"62","region":"32"},"geometry":{"type":"MultiPolygon","coordinates":[[[[2.52536,50.60397],[2.52369,50.60625],[2.50797,50.61163],[2.50737,50.6229],[2.49083,50.6243],[2.4676,50.63403],[2.47326,50.63858],[2.48564,50.63322],[2.49148,50.63168],[2.49787,50.63141],[2.50647,50.63434],[2.518,50.63715],[2.52589,50.643],[2.53353,50.64321],[2.53782,50.63961],[2.53602,50.63267],[2.53652,50.63087],[2.54896,50.62599],[2.56421,50.62461],[2.56899,50.61153],[2.54659,50.60888],[2.52536,50.60397]]]]}},{"type":"Feature","properties":{"code":"62771","nom":"Sallaumines","departement":"62","region":"32"},"geometry":{"type":"MultiPolygon","coordinates":[[[[2.87827,50.42063],[2.87856,50.4198],[2.88646,50.41982],[2.88726,50.41982],[2.88758,50.41898],[2.87968,50.41771],[2.87585,50.41368],[2.87321,50.41193],[2.86136,50.4097],[2.85904,50.41078],[2.8486,50.41596],[2.84972,50.42188],[2.84232,50.42462],[2.84124,50.42555],[2.83863,50.42729],[2.84314,50.42868],[2.84794,50.43196],[2.85146,50.43423],[2.8518,50.43407],[2.85751,50.43176],[2.85734,50.42969],[2.86639,50.42245],[2.87221,50.42104],[2.87827,50.42063]]]]}},{"type":"Feature","properties":{"code":"62772","nom":"Salperwick","departement":"62","region":"32"},"geometry":{"type":"MultiPolygon","coordinates":[[[[2.18456,50.75732],[2.1889,50.75912],[2.19948,50.75878],[2.21454,50.76825],[2.21554,50.77027],[2.22315,50.77774],[2.23184,50.78518],[2.24131,50.77915],[2.24488,50.77405],[2.24418,50.7705],[2.23673,50.76871],[2.23393,50.76751],[2.22888,50.76812],[2.22038,50.76578],[2.20971,50.76051],[2.20133,50.75514],[2.19276,50.75124],[2.18876,50.75022],[2.18597,50.75366],[2.18625,50.75618],[2.18456,50.75732]]]]}},{"type":"Feature","properties":{"code":"62773","nom":"Samer","departement":"62","region":"32"},"geometry":{"type":"MultiPolygon","coordinates":[[[[1.71649,50.62969],[1.71483,50.62945],[1.71098,50.63406],[1.71035,50.63813],[1.71144,50.63884],[1.71124,50.64004],[1.71459,50.64668],[1.72333,50.64908],[1.72648,50.64858],[1.73128,50.65109],[1.73872,50.65683],[1.75185,50.65042],[1.75614,50.64939],[1.75482,50.64521],[1.76284,50.6415],[1.76706,50.64067],[1.77471,50.64163],[1.77721,50.64264],[1.78015,50.64534],[1.78373,50.64675],[1.79999,50.63591],[1.80071,50.63334],[1.79342,50.63015],[1.79172,50.62809],[1.79121,50.61956],[1.78919,50.61561],[1.78629,50.61717],[1.77472,50.61915],[1.76642,50.61777],[1.75496,50.60884],[1.74475,50.61838],[1.74344,50.62463],[1.73703,50.62926],[1.73271,50.63118],[1.72262,50.63092],[1.71649,50.62969]]]]}},{"type":"Feature","properties":{"code":"62774","nom":"Sangatte","departement":"62","region":"32"},"geometry":{"type":"MultiPolygon","coordinates":[[[[1.73559,50.9269],[1.73289,50.92572],[1.71876,50.92347],[1.71017,50.92422],[1.70702,50.92559],[1.72803,50.93752],[1.74248,50.94324],[1.77298,50.95282],[1.79002,50.95717],[1.82895,50.9626],[1.82792,50.95668],[1.80933,50.94601],[1.80587,50.94545],[1.80271,50.94526],[1.79634,50.94264],[1.78234,50.92792],[1.77728,50.9294],[1.73559,50.9269]]]]}},{"type":"Feature","properties":{"code":"62775","nom":"Sanghen","departement":"62","region":"32"},"geometry":{"type":"MultiPolygon","coordinates":[[[[1.89565,50.79234],[1.90068,50.79315],[1.91493,50.78773],[1.92134,50.78319],[1.92642,50.77768],[1.90654,50.77332],[1.8822,50.76278],[1.86703,50.75127],[1.86087,50.75483],[1.85753,50.75935],[1.87334,50.76982],[1.89627,50.77803],[1.89759,50.78297],[1.89546,50.78819],[1.89565,50.79234]]]]}},{"type":"Feature","properties":{"code":"62776","nom":"Sapignies","departement":"62","region":"32"},"geometry":{"type":"MultiPolygon","coordinates":[[[[2.84444,50.12194],[2.83891,50.12051],[2.82319,50.12501],[2.81698,50.13138],[2.82711,50.1354],[2.84146,50.13982],[2.84482,50.14516],[2.84638,50.14498],[2.85035,50.13962],[2.85176,50.13694],[2.84444,50.12194]]]]}},{"type":"Feature","properties":{"code":"62777","nom":"Le Sars","departement":"62","region":"32"},"geometry":{"type":"MultiPolygon","coordinates":[[[[2.79562,50.05122],[2.792,50.05367],[2.79,50.05789],[2.78626,50.06114],[2.7701,50.06423],[2.76402,50.0607],[2.76202,50.06229],[2.76101,50.06465],[2.76038,50.06964],[2.77446,50.07952],[2.79327,50.07243],[2.7996,50.06655],[2.80724,50.06261],[2.79562,50.05122]]]]}},{"type":"Feature","properties":{"code":"62778","nom":"Sars-le-Bois","departement":"62","region":"32"},"geometry":{"type":"MultiPolygon","coordinates":[[[[2.41412,50.29383],[2.41685,50.29609],[2.4181,50.29566],[2.42589,50.29975],[2.43205,50.30421],[2.43432,50.30687],[2.44388,50.30718],[2.446,50.30598],[2.44607,50.30198],[2.43392,50.28906],[2.43162,50.28731],[2.42404,50.289],[2.41823,50.29078],[2.41412,50.29383]]]]}},{"type":"Feature","properties":{"code":"62779","nom":"Sarton","departement":"62","region":"32"},"geometry":{"type":"MultiPolygon","coordinates":[[[[2.43011,50.08841],[2.42506,50.08811],[2.4183,50.08984],[2.41482,50.0953],[2.41438,50.10049],[2.41852,50.11528],[2.42601,50.12452],[2.42947,50.12602],[2.44201,50.12819],[2.44291,50.12626],[2.44972,50.12425],[2.44617,50.11753],[2.43011,50.08841]]]]}},{"type":"Feature","properties":{"code":"62780","nom":"Sauchy-Cauchy","departement":"62","region":"32"},"geometry":{"type":"MultiPolygon","coordinates":[[[[3.07295,50.22631],[3.08123,50.23676],[3.08817,50.24849],[3.0873,50.25008],[3.09474,50.24983],[3.09944,50.24798],[3.11068,50.23745],[3.11355,50.236],[3.11422,50.23451],[3.11149,50.23323],[3.10519,50.23288],[3.09661,50.23098],[3.08783,50.2252],[3.08569,50.22275],[3.08466,50.22143],[3.079,50.22474],[3.07295,50.22631]]]]}},{"type":"Feature","properties":{"code":"62782","nom":"Saudemont","departement":"62","region":"32"},"geometry":{"type":"MultiPolygon","coordinates":[[[[3.01506,50.23373],[3.01098,50.23692],[3.01443,50.24637],[3.01843,50.24817],[3.02638,50.25091],[3.03496,50.25045],[3.04215,50.25094],[3.04592,50.2438],[3.04911,50.24004],[3.04409,50.23194],[3.03531,50.22404],[3.03448,50.22426],[3.02578,50.22648],[3.01506,50.23373]]]]}},{"type":"Feature","properties":{"code":"62783","nom":"Saulchoy","departement":"62","region":"32"},"geometry":{"type":"MultiPolygon","coordinates":[[[[1.822,50.35038],[1.83073,50.35587],[1.84593,50.36083],[1.85112,50.3685],[1.85348,50.36967],[1.85691,50.36735],[1.87542,50.36014],[1.87972,50.35516],[1.86259,50.34855],[1.85184,50.34306],[1.83778,50.34557],[1.83156,50.34529],[1.822,50.35038]]]]}},{"type":"Feature","properties":{"code":"62784","nom":"Saulty","departement":"62","region":"32"},"geometry":{"type":"MultiPolygon","coordinates":[[[[2.4978,50.22288],[2.51157,50.22662],[2.52666,50.23544],[2.52816,50.23499],[2.53193,50.23392],[2.5413,50.23361],[2.54347,50.23198],[2.54525,50.22656],[2.54527,50.21726],[2.54323,50.21229],[2.54406,50.21016],[2.54692,50.20895],[2.5498,50.20457],[2.546,50.19468],[2.53805,50.18993],[2.53575,50.19119],[2.53644,50.19267],[2.53143,50.19401],[2.52723,50.19249],[2.52595,50.19345],[2.5064,50.19351],[2.50118,50.19456],[2.49533,50.19463],[2.49508,50.19966],[2.50318,50.20109],[2.51416,50.20562],[2.50419,50.21323],[2.49995,50.21456],[2.49865,50.21386],[2.49692,50.21547],[2.49661,50.2217],[2.4978,50.22288]]]]}},{"type":"Feature","properties":{"code":"62785","nom":"Savy-Berlette","departement":"62","region":"32"},"geometry":{"type":"MultiPolygon","coordinates":[[[[2.55112,50.33782],[2.54836,50.34553],[2.53376,50.36189],[2.54553,50.36469],[2.55057,50.36682],[2.54899,50.36797],[2.55558,50.37016],[2.55594,50.36957],[2.56124,50.37068],[2.56726,50.36678],[2.58155,50.36122],[2.58153,50.36042],[2.57925,50.35379],[2.56919,50.34661],[2.56476,50.33553],[2.5627,50.33392],[2.55611,50.33431],[2.55112,50.33782]]]]}},{"type":"Feature","properties":{"code":"62786","nom":"Selles","departement":"62","region":"32"},"geometry":{"type":"MultiPolygon","coordinates":[[[[1.86654,50.6876],[1.86762,50.69561],[1.86426,50.70245],[1.87999,50.70333],[1.89991,50.70724],[1.90195,50.70845],[1.90461,50.7075],[1.9087,50.7002],[1.91172,50.69295],[1.91046,50.69121],[1.90322,50.68797],[1.89785,50.68451],[1.89521,50.6842],[1.88412,50.68513],[1.87831,50.68652],[1.87779,50.68806],[1.87558,50.68887],[1.87412,50.68878],[1.87146,50.68634],[1.86933,50.68635],[1.86654,50.6876]]]]}},{"type":"Feature","properties":{"code":"62787","nom":"Sempy","departement":"62","region":"32"},"geometry":{"type":"MultiPolygon","coordinates":[[[[1.87366,50.51311],[1.87489,50.51363],[1.89157,50.51328],[1.89138,50.5042],[1.89594,50.49183],[1.90223,50.48567],[1.90046,50.48482],[1.89156,50.48026],[1.89029,50.47962],[1.86597,50.48411],[1.86238,50.48612],[1.85378,50.50199],[1.86176,50.50474],[1.86603,50.5071],[1.87111,50.51007],[1.87366,50.51311]]]]}},{"type":"Feature","properties":{"code":"62788","nom":"Seninghem","departement":"62","region":"32"},"geometry":{"type":"MultiPolygon","coordinates":[[[[2.02462,50.71653],[2.03559,50.72368],[2.03909,50.72515],[2.0456,50.72629],[2.06283,50.71571],[2.06501,50.70936],[2.06346,50.6953],[2.0642,50.69497],[2.06581,50.69303],[2.06485,50.69231],[2.05522,50.69001],[2.05005,50.69091],[2.04649,50.69049],[2.04687,50.68914],[2.04481,50.68875],[2.02979,50.68473],[2.02557,50.68288],[2.01723,50.6821],[2.00166,50.68195],[1.99101,50.68435],[1.98653,50.68483],[1.98367,50.68438],[1.97902,50.68309],[1.97933,50.682],[1.98676,50.67446],[1.98645,50.67362],[1.96404,50.67906],[1.96279,50.6801],[1.97436,50.6861],[1.98141,50.68954],[1.98451,50.69356],[1.98345,50.695],[2.00688,50.69527],[2.01957,50.6981],[2.02658,50.70337],[2.03001,50.71016],[2.02962,50.71227],[2.02462,50.71653]]]]}},{"type":"Feature","properties":{"code":"62789","nom":"Senlecques","departement":"62","region":"32"},"geometry":{"type":"MultiPolygon","coordinates":[[[[1.92826,50.65565],[1.92838,50.6549],[1.9421,50.65582],[1.9429,50.65511],[1.94663,50.65456],[1.95057,50.65108],[1.95095,50.64792],[1.94526,50.64402],[1.94007,50.64395],[1.93001,50.64523],[1.92117,50.64749],[1.92826,50.65565]]]]}},{"type":"Feature","properties":{"code":"62790","nom":"Senlis","departement":"62","region":"32"},"geometry":{"type":"MultiPolygon","coordinates":[[[[2.1674,50.53669],[2.16912,50.53589],[2.16402,50.53086],[2.15317,50.52446],[2.14926,50.52293],[2.14431,50.5231],[2.13361,50.52805],[2.12924,50.53286],[2.1268,50.53794],[2.12572,50.53899],[2.1367,50.54518],[2.15544,50.54229],[2.16198,50.54052],[2.1674,50.53669]]]]}},{"type":"Feature","properties":{"code":"62791","nom":"Séricourt","departement":"62","region":"32"},"geometry":{"type":"MultiPolygon","coordinates":[[[[2.29947,50.29411],[2.30142,50.29526],[2.3038,50.30039],[2.31195,50.31],[2.31615,50.30715],[2.31501,50.30236],[2.31757,50.2959],[2.32694,50.28581],[2.32159,50.28447],[2.31915,50.284],[2.30516,50.28974],[2.29947,50.29411]]]]}},{"type":"Feature","properties":{"code":"62792","nom":"Serques","departement":"62","region":"32"},"geometry":{"type":"MultiPolygon","coordinates":[[[[2.24269,50.79651],[2.2403,50.79526],[2.23481,50.79478],[2.22867,50.79149],[2.21537,50.7851],[2.20669,50.78241],[2.19495,50.78189],[2.18395,50.77413],[2.17391,50.76856],[2.17184,50.77009],[2.17075,50.76706],[2.16703,50.76964],[2.1633,50.76688],[2.15531,50.774],[2.16826,50.77828],[2.17939,50.78397],[2.19325,50.79712],[2.20356,50.80926],[2.21336,50.8106],[2.22429,50.80889],[2.22672,50.80789],[2.23455,50.8045],[2.24269,50.79651]]]]}},{"type":"Feature","properties":{"code":"62793","nom":"Servins","departement":"62","region":"32"},"geometry":{"type":"MultiPolygon","coordinates":[[[[2.64979,50.392],[2.64378,50.38636],[2.63949,50.38699],[2.63376,50.38961],[2.62407,50.39151],[2.62386,50.40391],[2.62255,50.41117],[2.62056,50.41238],[2.62563,50.41912],[2.6278,50.42378],[2.63063,50.42619],[2.63908,50.42523],[2.64647,50.42346],[2.64791,50.42305],[2.65426,50.41552],[2.65382,50.41503],[2.63946,50.39979],[2.64012,50.39486],[2.64454,50.39263],[2.6489,50.39284],[2.64979,50.392]]]]}},{"type":"Feature","properties":{"code":"62794","nom":"Setques","departement":"62","region":"32"},"geometry":{"type":"MultiPolygon","coordinates":[[[[2.14843,50.69876],[2.15066,50.70398],[2.14893,50.70446],[2.14614,50.70394],[2.14262,50.70415],[2.14126,50.70497],[2.13556,50.71851],[2.13707,50.72206],[2.14194,50.72355],[2.1503,50.7203],[2.15413,50.72088],[2.15513,50.72227],[2.17125,50.72339],[2.17186,50.72247],[2.17549,50.7179],[2.14843,50.69876]]]]}},{"type":"Feature","properties":{"code":"62795","nom":"Sibiville","departement":"62","region":"32"},"geometry":{"type":"MultiPolygon","coordinates":[[[[2.31195,50.31],[2.31017,50.31131],[2.31243,50.31248],[2.31079,50.31469],[2.3121,50.31522],[2.31384,50.32114],[2.31534,50.32206],[2.31614,50.32064],[2.31952,50.31864],[2.32343,50.31903],[2.33006,50.32123],[2.33757,50.31407],[2.34531,50.31352],[2.34585,50.31405],[2.348,50.31326],[2.35704,50.30349],[2.35865,50.30193],[2.35144,50.29582],[2.34722,50.29549],[2.34324,50.29611],[2.33005,50.28853],[2.32967,50.28652],[2.32694,50.28581],[2.31757,50.2959],[2.31501,50.30236],[2.31615,50.30715],[2.31195,50.31]]]]}},{"type":"Feature","properties":{"code":"62796","nom":"Simencourt","departement":"62","region":"32"},"geometry":{"type":"MultiPolygon","coordinates":[[[[2.61223,50.25151],[2.62049,50.2548],[2.63137,50.26417],[2.6381,50.26634],[2.6424,50.26467],[2.64766,50.2665],[2.65079,50.26285],[2.6581,50.26038],[2.66014,50.25838],[2.6586,50.25776],[2.64446,50.25084],[2.63927,50.24614],[2.63535,50.24456],[2.63366,50.24619],[2.62656,50.24614],[2.61474,50.24447],[2.60943,50.24234],[2.60536,50.24339],[2.61047,50.25129],[2.61223,50.25151]]]]}},{"type":"Feature","properties":{"code":"62797","nom":"Siracourt","departement":"62","region":"32"},"geometry":{"type":"MultiPolygon","coordinates":[[[[2.28744,50.37378],[2.2865,50.36938],[2.28214,50.36394],[2.28031,50.36257],[2.27087,50.36535],[2.25901,50.36728],[2.25044,50.36708],[2.24716,50.36672],[2.24547,50.36871],[2.24405,50.37033],[2.24527,50.37193],[2.25133,50.37555],[2.25813,50.37417],[2.27901,50.37552],[2.28462,50.37352],[2.28744,50.37378]]]]}},{"type":"Feature","properties":{"code":"62798","nom":"Sombrin","departement":"62","region":"32"},"geometry":{"type":"MultiPolygon","coordinates":[[[[2.52816,50.23499],[2.52666,50.23544],[2.51157,50.22662],[2.4978,50.22288],[2.49025,50.23126],[2.48668,50.23361],[2.48608,50.23333],[2.48467,50.23402],[2.48012,50.24084],[2.48738,50.24176],[2.49727,50.24817],[2.50781,50.25143],[2.51725,50.2511],[2.51821,50.24936],[2.52242,50.24183],[2.52835,50.2358],[2.52816,50.23499]]]]}},{"type":"Feature","properties":{"code":"62799","nom":"Sorrus","departement":"62","region":"32"},"geometry":{"type":"MultiPolygon","coordinates":[[[[1.7034,50.44456],[1.69968,50.44312],[1.69663,50.44319],[1.69307,50.44599],[1.69349,50.45026],[1.68954,50.45136],[1.68851,50.45168],[1.69188,50.45621],[1.69332,50.45581],[1.69373,50.45701],[1.69345,50.46182],[1.68709,50.46135],[1.6979,50.46725],[1.70164,50.46766],[1.71444,50.46542],[1.73546,50.46585],[1.73733,50.46531],[1.73916,50.46521],[1.74267,50.46214],[1.74139,50.45366],[1.73777,50.45157],[1.72149,50.44653],[1.7147,50.44544],[1.71074,50.44511],[1.7037,50.44688],[1.70144,50.44644],[1.7034,50.44456]]]]}},{"type":"Feature","properties":{"code":"62800","nom":"Souastre","departement":"62","region":"32"},"geometry":{"type":"MultiPolygon","coordinates":[[[[2.59644,50.14866],[2.59337,50.14355],[2.58618,50.13961],[2.58362,50.1396],[2.58065,50.13781],[2.57209,50.1373],[2.56846,50.13585],[2.5573,50.14258],[2.55257,50.14252],[2.55158,50.14139],[2.54333,50.14471],[2.53869,50.14777],[2.5545,50.15923],[2.55555,50.15821],[2.56598,50.15884],[2.58033,50.16407],[2.58974,50.15296],[2.59644,50.14866]]]]}},{"type":"Feature","properties":{"code":"62801","nom":"Souchez","departement":"62","region":"32"},"geometry":{"type":"MultiPolygon","coordinates":[[[[2.72596,50.40238],[2.73412,50.4062],[2.73525,50.4043],[2.74231,50.4035],[2.74902,50.40178],[2.76097,50.39587],[2.75768,50.39255],[2.76028,50.38393],[2.7651,50.38266],[2.76394,50.37996],[2.76151,50.3802],[2.75625,50.37902],[2.73887,50.3723],[2.7314,50.37663],[2.72823,50.38059],[2.72697,50.38313],[2.72767,50.38578],[2.72951,50.38724],[2.73407,50.38983],[2.7339,50.39416],[2.72596,50.40238]]]]}},{"type":"Feature","properties":{"code":"62802","nom":"Le Souich","departement":"62","region":"32"},"geometry":{"type":"MultiPolygon","coordinates":[[[[2.38204,50.22587],[2.37984,50.22496],[2.36804,50.20787],[2.36193,50.20705],[2.3502,50.22122],[2.33654,50.2351],[2.3397,50.23613],[2.34059,50.23483],[2.34328,50.23558],[2.34532,50.23172],[2.3637,50.23244],[2.37091,50.23117],[2.37698,50.22722],[2.38204,50.22587]]]]}},{"type":"Feature","properties":{"code":"62803","nom":"Surques","departement":"62","region":"32"},"geometry":{"type":"MultiPolygon","coordinates":[[[[1.89447,50.7373],[1.91051,50.74366],[1.92255,50.75019],[1.9266,50.75553],[1.92862,50.76008],[1.92734,50.76131],[1.92836,50.76198],[1.93498,50.76216],[1.9396,50.76101],[1.94393,50.75732],[1.94643,50.75835],[1.94839,50.75287],[1.93346,50.7393],[1.92835,50.73427],[1.91063,50.72369],[1.90438,50.72944],[1.90026,50.73073],[1.89447,50.7373]]]]}},{"type":"Feature","properties":{"code":"62804","nom":"Sus-Saint-Léger","departement":"62","region":"32"},"geometry":{"type":"MultiPolygon","coordinates":[[[[2.43688,50.22747],[2.41594,50.2289],[2.40982,50.23527],[2.40731,50.23448],[2.4068,50.23777],[2.40992,50.23872],[2.41872,50.24385],[2.42756,50.25142],[2.42851,50.25535],[2.43493,50.25624],[2.43795,50.25538],[2.44091,50.25548],[2.45717,50.24133],[2.46259,50.24046],[2.45185,50.23021],[2.45027,50.23092],[2.43688,50.22747]]]]}},{"type":"Feature","properties":{"code":"62805","nom":"Tangry","departement":"62","region":"32"},"geometry":{"type":"MultiPolygon","coordinates":[[[[2.35726,50.44995],[2.33978,50.46352],[2.33763,50.46789],[2.35117,50.4709],[2.36134,50.4753],[2.36804,50.46836],[2.3707,50.46692],[2.37819,50.46573],[2.37889,50.46302],[2.37728,50.45278],[2.3756,50.45217],[2.3613,50.4485],[2.3579,50.45032],[2.35726,50.44995]]]]}},{"type":"Feature","properties":{"code":"62806","nom":"Tardinghen","departement":"62","region":"32"},"geometry":{"type":"MultiPolygon","coordinates":[[[[1.66696,50.85961],[1.6694,50.8564],[1.67062,50.85607],[1.66064,50.8532],[1.6528,50.85502],[1.65077,50.85379],[1.65032,50.85072],[1.63583,50.85313],[1.61485,50.86075],[1.61212,50.86334],[1.61655,50.86955],[1.61381,50.87201],[1.63503,50.87595],[1.63426,50.87543],[1.63569,50.87514],[1.65357,50.87756],[1.66742,50.87652],[1.67126,50.87452],[1.66341,50.86584],[1.66696,50.85961]]]]}},{"type":"Feature","properties":{"code":"62808","nom":"Teneur","departement":"62","region":"32"},"geometry":{"type":"MultiPolygon","coordinates":[[[[2.23143,50.46555],[2.23676,50.46096],[2.23847,50.45366],[2.23637,50.45095],[2.23603,50.44595],[2.23933,50.43986],[2.24617,50.43339],[2.24442,50.43257],[2.24305,50.43393],[2.23899,50.4329],[2.23778,50.43521],[2.22893,50.43809],[2.21509,50.44689],[2.21313,50.44621],[2.21298,50.44713],[2.2002,50.44955],[2.19433,50.45183],[2.18887,50.45708],[2.18931,50.45894],[2.19317,50.46044],[2.19826,50.46152],[2.2169,50.46324],[2.22839,50.46726],[2.22913,50.46766],[2.23143,50.46555]]]]}},{"type":"Feature","properties":{"code":"62809","nom":"Ternas","departement":"62","region":"32"},"geometry":{"type":"MultiPolygon","coordinates":[[[[2.386,50.33891],[2.39915,50.34899],[2.40522,50.34842],[2.40492,50.34664],[2.4089,50.3479],[2.41254,50.34536],[2.40833,50.34419],[2.41175,50.33877],[2.39697,50.32805],[2.39413,50.33072],[2.38832,50.33051],[2.38759,50.33143],[2.3887,50.33152],[2.3854,50.33635],[2.38734,50.33672],[2.386,50.33891]]]]}},{"type":"Feature","properties":{"code":"62810","nom":"Thélus","departement":"62","region":"32"},"geometry":{"type":"MultiPolygon","coordinates":[[[[2.78662,50.36749],[2.80606,50.36213],[2.80709,50.36261],[2.81099,50.3576],[2.82717,50.34921],[2.82217,50.34032],[2.81423,50.33079],[2.78533,50.34553],[2.78039,50.34987],[2.77454,50.34927],[2.7735,50.36245],[2.77895,50.36552],[2.78662,50.36749]]]]}},{"type":"Feature","properties":{"code":"62811","nom":"Thérouanne","departement":"62","region":"32"},"geometry":{"type":"MultiPolygon","coordinates":[[[[2.27499,50.62535],[2.24808,50.61294],[2.24125,50.60776],[2.24042,50.60627],[2.23468,50.60874],[2.23248,50.61283],[2.23206,50.62002],[2.23421,50.6267],[2.23661,50.62849],[2.23768,50.63314],[2.23499,50.63792],[2.2268,50.64425],[2.23069,50.64802],[2.23485,50.64817],[2.24098,50.64639],[2.25987,50.64068],[2.26649,50.63573],[2.27647,50.63424],[2.27521,50.63371],[2.27426,50.62588],[2.27499,50.62535]]]]}},{"type":"Feature","properties":{"code":"62812","nom":"Thiembronne","departement":"62","region":"32"},"geometry":{"type":"MultiPolygon","coordinates":[[[[2.01991,50.59456],[2.01977,50.59557],[2.01017,50.59997],[2.00678,50.60232],[2.01732,50.60436],[2.02763,50.61309],[2.03085,50.62008],[2.02171,50.62666],[2.015,50.62968],[2.00575,50.63154],[2.00403,50.63292],[2.0032,50.63731],[2.00652,50.64251],[2.01018,50.6443],[2.01926,50.64457],[2.03455,50.64931],[2.0497,50.645],[2.05861,50.64501],[2.07551,50.64312],[2.08134,50.63443],[2.08233,50.62715],[2.0838,50.62504],[2.0875,50.6142],[2.08604,50.61035],[2.07945,50.60503],[2.06798,50.60256],[2.06007,50.60247],[2.03924,50.60067],[2.03467,50.59924],[2.03335,50.60106],[2.02733,50.59718],[2.01991,50.59456]]]]}},{"type":"Feature","properties":{"code":"62813","nom":"La Thieuloye","departement":"62","region":"32"},"geometry":{"type":"MultiPolygon","coordinates":[[[[2.45119,50.40728],[2.44499,50.40816],[2.41746,50.40607],[2.40995,50.40948],[2.40747,50.4114],[2.41559,50.4162],[2.41389,50.41846],[2.4203,50.42002],[2.42679,50.41805],[2.44026,50.42155],[2.44852,50.41989],[2.45424,50.41967],[2.45852,50.41575],[2.45936,50.41507],[2.45852,50.41445],[2.45294,50.41258],[2.45119,50.40728]]]]}},{"type":"Feature","properties":{"code":"62814","nom":"Thièvres","departement":"62","region":"32"},"geometry":{"type":"MultiPolygon","coordinates":[[[[2.44972,50.12425],[2.44291,50.12626],[2.44201,50.12819],[2.44097,50.13164],[2.44142,50.13676],[2.44543,50.14243],[2.44547,50.14092],[2.45502,50.13139],[2.45457,50.12741],[2.44972,50.12425]]]]}},{"type":"Feature","properties":{"code":"62815","nom":"Tigny-Noyelle","departement":"62","region":"32"},"geometry":{"type":"MultiPolygon","coordinates":[[[[1.72223,50.37134],[1.72559,50.35309],[1.7289,50.34796],[1.73019,50.34786],[1.72824,50.34594],[1.70498,50.34374],[1.69456,50.33897],[1.6925,50.34283],[1.6916,50.3515],[1.68811,50.35405],[1.68946,50.36226],[1.69429,50.36428],[1.70377,50.36474],[1.71403,50.37199],[1.7157,50.37161],[1.7174,50.37304],[1.72223,50.37134]]]]}},{"type":"Feature","properties":{"code":"62816","nom":"Tilloy-lès-Hermaville","departement":"62","region":"32"},"geometry":{"type":"MultiPolygon","coordinates":[[[[2.56476,50.33553],[2.56744,50.33322],[2.5644,50.33185],[2.56386,50.31762],[2.56072,50.31716],[2.55796,50.31689],[2.55756,50.32011],[2.55231,50.32149],[2.55208,50.32092],[2.54693,50.31993],[2.54103,50.32667],[2.54103,50.33113],[2.53855,50.33336],[2.55112,50.33782],[2.55611,50.33431],[2.5627,50.33392],[2.56476,50.33553]]]]}},{"type":"Feature","properties":{"code":"62817","nom":"Tilloy-lès-Mofflaines","departement":"62","region":"32"},"geometry":{"type":"MultiPolygon","coordinates":[[[[2.83411,50.29353],[2.83668,50.28949],[2.83647,50.28205],[2.83006,50.27623],[2.85141,50.27064],[2.827,50.26161],[2.8254,50.26248],[2.80889,50.26593],[2.80592,50.26515],[2.80332,50.27081],[2.80326,50.27494],[2.80259,50.27624],[2.80044,50.27714],[2.80653,50.28194],[2.80783,50.28163],[2.80912,50.28418],[2.8073,50.29019],[2.80693,50.29092],[2.81102,50.29299],[2.81587,50.29372],[2.82626,50.29304],[2.83411,50.29353]]]]}},{"type":"Feature","properties":{"code":"62818","nom":"Tilly-Capelle","departement":"62","region":"32"},"geometry":{"type":"MultiPolygon","coordinates":[[[[2.15929,50.45528],[2.16278,50.45765],[2.16868,50.45929],[2.18171,50.46004],[2.18599,50.45851],[2.18887,50.45708],[2.19433,50.45183],[2.2002,50.44955],[2.21298,50.44713],[2.21313,50.44621],[2.19867,50.44183],[2.19677,50.44029],[2.20361,50.43013],[2.20546,50.42249],[2.20069,50.41855],[2.19862,50.41867],[2.19684,50.42012],[2.18794,50.43547],[2.17995,50.44103],[2.17455,50.44323],[2.16882,50.44118],[2.16714,50.44663],[2.16819,50.44889],[2.15929,50.45528]]]]}},{"type":"Feature","properties":{"code":"62819","nom":"Tilques","departement":"62","region":"32"},"geometry":{"type":"MultiPolygon","coordinates":[[[[2.18456,50.75732],[2.18259,50.75655],[2.17894,50.76057],[2.17075,50.76706],[2.17184,50.77009],[2.17391,50.76856],[2.18395,50.77413],[2.19495,50.78189],[2.20669,50.78241],[2.21537,50.7851],[2.22867,50.79149],[2.23184,50.78518],[2.22315,50.77774],[2.21554,50.77027],[2.21454,50.76825],[2.19948,50.75878],[2.1889,50.75912],[2.18456,50.75732]]]]}},{"type":"Feature","properties":{"code":"62820","nom":"Tincques","departement":"62","region":"32"},"geometry":{"type":"MultiPolygon","coordinates":[[[[2.47243,50.34324],[2.46622,50.35296],[2.46425,50.35885],[2.46487,50.36042],[2.46722,50.36031],[2.46588,50.36136],[2.4677,50.3645],[2.47246,50.36689],[2.51184,50.38003],[2.51633,50.37428],[2.51765,50.36893],[2.51975,50.36614],[2.52093,50.36403],[2.52312,50.36282],[2.52241,50.35723],[2.51529,50.35138],[2.50779,50.35021],[2.50167,50.34809],[2.49491,50.34233],[2.49476,50.34296],[2.48451,50.34523],[2.47523,50.34302],[2.47243,50.34324]]]]}},{"type":"Feature","properties":{"code":"62821","nom":"Tingry","departement":"62","region":"32"},"geometry":{"type":"MultiPolygon","coordinates":[[[[1.75496,50.60884],[1.7444,50.60706],[1.73573,50.60162],[1.73185,50.59605],[1.73002,50.59507],[1.73043,50.59425],[1.71975,50.59141],[1.71309,50.59135],[1.70032,50.59529],[1.69816,50.59872],[1.69705,50.6114],[1.70072,50.61634],[1.70983,50.61727],[1.71631,50.6279],[1.71649,50.62969],[1.72262,50.63092],[1.73271,50.63118],[1.73703,50.62926],[1.74344,50.62463],[1.74475,50.61838],[1.75496,50.60884]]]]}},{"type":"Feature","properties":{"code":"62822","nom":"Tollent","departement":"62","region":"32"},"geometry":{"type":"MultiPolygon","coordinates":[[[[2.002,50.29412],[2.00407,50.29716],[2.00786,50.29413],[2.01131,50.28513],[2.01883,50.28175],[2.02404,50.27997],[2.03075,50.28058],[2.03975,50.27727],[2.02631,50.26966],[2.01634,50.26823],[2.00992,50.26883],[2.00328,50.27055],[2.00336,50.27125],[1.99415,50.2758],[2.00237,50.28379],[2.00491,50.29052],[2.00334,50.29363],[2.002,50.29412]]]]}},{"type":"Feature","properties":{"code":"62823","nom":"Torcy","departement":"62","region":"32"},"geometry":{"type":"MultiPolygon","coordinates":[[[[2.0049,50.48502],[2.00431,50.48581],[2.0098,50.49546],[2.00951,50.49921],[2.01196,50.50298],[2.01422,50.50298],[2.02086,50.5006],[2.02549,50.497],[2.03671,50.48134],[2.04037,50.47817],[2.0365,50.47525],[2.02802,50.47107],[2.02469,50.4675],[2.01179,50.47661],[2.0049,50.48502]]]]}},{"type":"Feature","properties":{"code":"62824","nom":"Tortefontaine","departement":"62","region":"32"},"geometry":{"type":"MultiPolygon","coordinates":[[[[1.89583,50.35373],[1.89969,50.35707],[1.90453,50.35946],[1.92277,50.35941],[1.92551,50.35509],[1.93112,50.35148],[1.93225,50.34009],[1.93807,50.33554],[1.94629,50.33171],[1.92961,50.32373],[1.92321,50.31797],[1.91831,50.31183],[1.91276,50.3117],[1.89896,50.31333],[1.89427,50.31801],[1.8927,50.3184],[1.89299,50.3194],[1.89114,50.32075],[1.89337,50.32444],[1.90624,50.33283],[1.90945,50.33944],[1.9077,50.34199],[1.90053,50.34252],[1.89405,50.34456],[1.89228,50.34734],[1.89244,50.34966],[1.89401,50.35287],[1.89583,50.35373]]]]}},{"type":"Feature","properties":{"code":"62825","nom":"Tortequesne","departement":"62","region":"32"},"geometry":{"type":"MultiPolygon","coordinates":[[[[3.04754,50.29376],[3.05476,50.28997],[3.05589,50.28917],[3.05502,50.28226],[3.04346,50.28239],[3.0418,50.28389],[3.04236,50.28593],[3.04051,50.28761],[3.03466,50.28809],[3.03149,50.28793],[3.0156,50.28403],[3.01407,50.28356],[3.00052,50.28419],[3.01965,50.28711],[3.0225,50.28959],[3.02415,50.29171],[3.0231,50.29344],[3.01483,50.29823],[3.01829,50.29872],[3.02743,50.30376],[3.02841,50.30292],[3.02739,50.30073],[3.02913,50.29789],[3.0405,50.2943],[3.04697,50.2945],[3.04754,50.29376]]]]}},{"type":"Feature","properties":{"code":"62826","nom":"Le Touquet-Paris-Plage","departement":"62","region":"32"},"geometry":{"type":"MultiPolygon","coordinates":[[[[1.63489,50.51169],[1.62463,50.50329],[1.61737,50.49383],[1.60715,50.48363],[1.57607,50.48792],[1.57762,50.51656],[1.58058,50.53038],[1.58501,50.53914],[1.58738,50.54034],[1.59486,50.53606],[1.63489,50.51169]]]]}},{"type":"Feature","properties":{"code":"62827","nom":"Tournehem-sur-la-Hem","departement":"62","region":"32"},"geometry":{"type":"MultiPolygon","coordinates":[[[[2.04188,50.75709],[2.04086,50.76249],[2.04194,50.76841],[2.03408,50.78068],[2.03194,50.79186],[2.02948,50.7973],[2.02491,50.79638],[2.0173,50.79802],[2.0158,50.79916],[2.0146,50.80078],[2.007,50.80189],[2.00179,50.80927],[2.01943,50.8106],[2.02881,50.81395],[2.03065,50.81713],[2.03013,50.82159],[2.03295,50.82135],[2.03802,50.82073],[2.04722,50.81797],[2.05923,50.81208],[2.06879,50.80497],[2.08149,50.80314],[2.0744,50.79686],[2.07319,50.791],[2.07744,50.78579],[2.06888,50.77805],[2.06544,50.76932],[2.06621,50.76306],[2.06468,50.7605],[2.05876,50.75704],[2.05798,50.75672],[2.05973,50.75378],[2.05848,50.7531],[2.05121,50.75644],[2.04437,50.75738],[2.04188,50.75709]]]]}},{"type":"Feature","properties":{"code":"62828","nom":"Tramecourt","departement":"62","region":"32"},"geometry":{"type":"MultiPolygon","coordinates":[[[[2.16384,50.47475],[2.15561,50.4604],[2.14794,50.46146],[2.14627,50.46254],[2.14286,50.46513],[2.14112,50.46927],[2.14264,50.47522],[2.14577,50.47724],[2.15576,50.47823],[2.16384,50.47475]]]]}},{"type":"Feature","properties":{"code":"62829","nom":"Le Transloy","departement":"62","region":"32"},"geometry":{"type":"MultiPolygon","coordinates":[[[[2.87509,50.0392],[2.87775,50.04277],[2.8648,50.05985],[2.88877,50.06975],[2.9076,50.064],[2.90836,50.06302],[2.9132,50.05334],[2.91966,50.04801],[2.90693,50.03678],[2.88421,50.03154],[2.88301,50.03488],[2.87806,50.03588],[2.87166,50.03417],[2.87019,50.03515],[2.87509,50.0392]]],[[[2.88927,50.07197],[2.89074,50.07018],[2.889,50.07146],[2.88927,50.07197]]]]}},{"type":"Feature","properties":{"code":"62830","nom":"Trescault","departement":"62","region":"32"},"geometry":{"type":"MultiPolygon","coordinates":[[[[3.08703,50.07552],[3.08626,50.07732],[3.08156,50.07884],[3.07851,50.08164],[3.07603,50.08737],[3.07839,50.09019],[3.09278,50.09633],[3.09952,50.10099],[3.10307,50.10477],[3.10437,50.10464],[3.1084,50.10559],[3.1115,50.10204],[3.11411,50.0926],[3.10856,50.08509],[3.10365,50.082],[3.09654,50.08349],[3.08812,50.08317],[3.08741,50.07555],[3.08703,50.07552]]]]}},{"type":"Feature","properties":{"code":"62831","nom":"Troisvaux","departement":"62","region":"32"},"geometry":{"type":"MultiPolygon","coordinates":[[[[2.35614,50.40998],[2.35497,50.40883],[2.35537,50.40425],[2.36262,50.40211],[2.35633,50.397],[2.34497,50.39427],[2.34174,50.3943],[2.3344,50.39685],[2.33254,50.39688],[2.33123,50.39721],[2.32928,50.39994],[2.32033,50.40523],[2.32765,50.40874],[2.32949,50.4105],[2.33432,50.41678],[2.34082,50.43022],[2.34396,50.43123],[2.34752,50.42589],[2.35417,50.42142],[2.36052,50.42461],[2.36357,50.42092],[2.35702,50.41754],[2.35575,50.41537],[2.35614,50.40998]]]]}},{"type":"Feature","properties":{"code":"62832","nom":"Tubersent","departement":"62","region":"32"},"geometry":{"type":"MultiPolygon","coordinates":[[[[1.68946,50.50084],[1.6873,50.50172],[1.68778,50.50229],[1.68842,50.50303],[1.68304,50.50709],[1.68349,50.51752],[1.6869,50.52193],[1.68614,50.52591],[1.68345,50.52882],[1.69855,50.53377],[1.70784,50.53962],[1.708,50.54206],[1.71072,50.54179],[1.71434,50.53386],[1.71947,50.52644],[1.71734,50.52119],[1.71491,50.51798],[1.68946,50.50084]]]]}},{"type":"Feature","properties":{"code":"62833","nom":"Vacquerie-le-Boucq","departement":"62","region":"32"},"geometry":{"type":"MultiPolygon","coordinates":[[[[2.19032,50.26607],[2.19405,50.26859],[2.18679,50.2699],[2.19116,50.27326],[2.19476,50.27345],[2.19928,50.27627],[2.19987,50.27838],[2.21762,50.27642],[2.22943,50.2703],[2.21477,50.26124],[2.20673,50.26578],[2.20281,50.26517],[2.19827,50.26312],[2.19032,50.26607]]]]}},{"type":"Feature","properties":{"code":"62834","nom":"Vacqueriette-Erquières","departement":"62","region":"32"},"geometry":{"type":"MultiPolygon","coordinates":[[[[2.06093,50.33637],[2.06423,50.33794],[2.08436,50.33828],[2.08589,50.33737],[2.09214,50.33501],[2.10004,50.33093],[2.08411,50.32197],[2.08425,50.32075],[2.08836,50.3166],[2.08207,50.30908],[2.08104,50.30871],[2.0553,50.31417],[2.05051,50.3134],[2.04947,50.31463],[2.05613,50.32046],[2.05468,50.3224],[2.06234,50.32437],[2.06528,50.33146],[2.06002,50.33597],[2.06093,50.33637]]]]}},{"type":"Feature","properties":{"code":"62835","nom":"Valhuon","departement":"62","region":"32"},"geometry":{"type":"MultiPolygon","coordinates":[[[[2.40831,50.42087],[2.39728,50.41939],[2.38806,50.4237],[2.36865,50.41833],[2.36357,50.42092],[2.36052,50.42461],[2.35758,50.42837],[2.36188,50.4304],[2.36418,50.43432],[2.36462,50.43839],[2.36342,50.44678],[2.3613,50.4485],[2.3756,50.45217],[2.38064,50.44831],[2.399,50.44418],[2.40498,50.44149],[2.41059,50.43522],[2.41174,50.42948],[2.41041,50.42756],[2.40545,50.42406],[2.40606,50.4221],[2.40831,50.42087]]]]}},{"type":"Feature","properties":{"code":"62836","nom":"Vaudricourt","departement":"62","region":"32"},"geometry":{"type":"MultiPolygon","coordinates":[[[[2.63106,50.49688],[2.6284,50.49758],[2.62363,50.49545],[2.616,50.48998],[2.6163,50.4883],[2.60625,50.49082],[2.60818,50.50033],[2.61075,50.50345],[2.60991,50.50379],[2.62717,50.51221],[2.6311,50.5092],[2.63234,50.50394],[2.63106,50.49688]]]]}},{"type":"Feature","properties":{"code":"62837","nom":"Vaudringhem","departement":"62","region":"32"},"geometry":{"type":"MultiPolygon","coordinates":[[[[1.99596,50.63945],[1.99793,50.64263],[1.9975,50.64545],[2.00724,50.66092],[2.01511,50.6621],[2.02474,50.66703],[2.02932,50.6675],[2.04339,50.66469],[2.0517,50.66218],[2.05323,50.6607],[2.05301,50.65596],[2.05861,50.64501],[2.0497,50.645],[2.03455,50.64931],[2.01926,50.64457],[2.01018,50.6443],[2.00652,50.64251],[2.0032,50.63731],[1.99709,50.63759],[1.99596,50.63945]]]]}},{"type":"Feature","properties":{"code":"62838","nom":"Vaulx","departement":"62","region":"32"},"geometry":{"type":"MultiPolygon","coordinates":[[[[2.12367,50.27277],[2.12229,50.27246],[2.11357,50.26205],[2.1112,50.26112],[2.09793,50.25971],[2.09073,50.26253],[2.08153,50.26838],[2.08482,50.27179],[2.09702,50.27898],[2.11293,50.2822],[2.1227,50.27388],[2.12342,50.27404],[2.12367,50.27277]]]]}},{"type":"Feature","properties":{"code":"62839","nom":"Vaulx-Vraucourt","departement":"62","region":"32"},"geometry":{"type":"MultiPolygon","coordinates":[[[[2.92861,50.15699],[2.93317,50.14462],[2.93106,50.13944],[2.92594,50.13757],[2.92921,50.13217],[2.92484,50.12902],[2.91265,50.12254],[2.89001,50.12153],[2.89028,50.12437],[2.89052,50.12796],[2.88455,50.13602],[2.87274,50.14815],[2.87308,50.15282],[2.88125,50.16136],[2.88396,50.16032],[2.90497,50.16155],[2.91357,50.16082],[2.91459,50.16148],[2.91676,50.16248],[2.92581,50.1602],[2.92861,50.15699]]]]}},{"type":"Feature","properties":{"code":"62840","nom":"Vélu","departement":"62","region":"32"},"geometry":{"type":"MultiPolygon","coordinates":[[[[2.95948,50.09288],[2.95707,50.09538],[2.9758,50.11225],[2.9782,50.11192],[2.98522,50.10876],[2.99045,50.10383],[2.98971,50.10045],[2.98429,50.09442],[2.97731,50.09276],[2.96467,50.09216],[2.95948,50.09288]]]]}},{"type":"Feature","properties":{"code":"62841","nom":"Vendin-lès-Béthune","departement":"62","region":"32"},"geometry":{"type":"MultiPolygon","coordinates":[[[[2.62479,50.55167],[2.62471,50.55038],[2.61662,50.54215],[2.602,50.53497],[2.59204,50.53661],[2.5899,50.5388],[2.58755,50.54285],[2.58925,50.5435],[2.59746,50.54504],[2.6013,50.55064],[2.60154,50.55671],[2.60603,50.55973],[2.61019,50.55346],[2.61374,50.5542],[2.62012,50.5539],[2.62479,50.55167]]]]}},{"type":"Feature","properties":{"code":"62861","nom":"Vimy","departement":"62","region":"32"},"geometry":{"type":"MultiPolygon","coordinates":[[[[2.84432,50.38431],[2.85131,50.38067],[2.85349,50.37821],[2.85021,50.37733],[2.83897,50.36975],[2.83744,50.372],[2.81579,50.36622],[2.80709,50.36261],[2.80606,50.36213],[2.78662,50.36749],[2.78435,50.36972],[2.77145,50.37689],[2.80017,50.39274],[2.82075,50.38952],[2.84201,50.38309],[2.84432,50.38431]]]]}},{"type":"Feature","properties":{"code":"62842","nom":"Vendin-le-Vieil","departement":"62","region":"32"},"geometry":{"type":"MultiPolygon","coordinates":[[[[2.86751,50.46251],[2.86333,50.46291],[2.85814,50.46105],[2.86191,50.45749],[2.84235,50.44947],[2.84097,50.44823],[2.84053,50.44843],[2.82793,50.45867],[2.8165,50.45545],[2.81496,50.4613],[2.82141,50.46242],[2.83523,50.46982],[2.84499,50.48061],[2.84313,50.48136],[2.8468,50.48392],[2.85754,50.48488],[2.87,50.49067],[2.87968,50.49636],[2.88034,50.48807],[2.881,50.4853],[2.88146,50.47921],[2.88182,50.47757],[2.8736,50.47092],[2.87147,50.46809],[2.87012,50.46597],[2.87173,50.46524],[2.86751,50.46251]]]]}},{"type":"Feature","properties":{"code":"62843","nom":"Verchin","departement":"62","region":"32"},"geometry":{"type":"MultiPolygon","coordinates":[[[[2.21032,50.48926],[2.20186,50.48355],[2.18721,50.47777],[2.1821,50.47818],[2.16451,50.47565],[2.16384,50.47475],[2.15576,50.47823],[2.16508,50.48405],[2.16457,50.4884],[2.15032,50.49458],[2.16435,50.50324],[2.17932,50.511],[2.17939,50.5118],[2.19343,50.52214],[2.19456,50.5235],[2.19625,50.52329],[2.19587,50.51223],[2.19302,50.50288],[2.20278,50.49495],[2.20785,50.49251],[2.21032,50.48926]]]]}},{"type":"Feature","properties":{"code":"62844","nom":"Verchocq","departement":"62","region":"32"},"geometry":{"type":"MultiPolygon","coordinates":[[[[2.04066,50.52678],[2.02417,50.52857],[2.03328,50.53407],[2.0348,50.53975],[2.0317,50.54304],[2.01787,50.54671],[2.01084,50.55104],[2.00702,50.55532],[2.00582,50.55904],[2.00727,50.56014],[2.00459,50.56239],[2.01504,50.56816],[2.02837,50.57351],[2.03956,50.57578],[2.04239,50.57709],[2.06227,50.5681],[2.07747,50.55131],[2.06973,50.5499],[2.06083,50.54303],[2.04499,50.53728],[2.04066,50.52678]]]]}},{"type":"Feature","properties":{"code":"62845","nom":"Verlincthun","departement":"62","region":"32"},"geometry":{"type":"MultiPolygon","coordinates":[[[[1.70072,50.61634],[1.69578,50.61523],[1.69034,50.61602],[1.68305,50.61836],[1.67745,50.62315],[1.6743,50.6225],[1.67105,50.62297],[1.66868,50.62455],[1.66412,50.6334],[1.66517,50.63454],[1.67443,50.63771],[1.6806,50.63881],[1.6836,50.63818],[1.68681,50.63986],[1.6874,50.63931],[1.68943,50.63953],[1.71124,50.64004],[1.71144,50.63884],[1.71035,50.63813],[1.71098,50.63406],[1.71483,50.62945],[1.71649,50.62969],[1.71631,50.6279],[1.70983,50.61727],[1.70072,50.61634]]]]}},{"type":"Feature","properties":{"code":"62846","nom":"Vermelles","departement":"62","region":"32"},"geometry":{"type":"MultiPolygon","coordinates":[[[[2.73015,50.48052],[2.73527,50.48648],[2.73932,50.49589],[2.73655,50.50091],[2.74202,50.50117],[2.74094,50.50335],[2.74229,50.50434],[2.75557,50.5039],[2.76305,50.5088],[2.76777,50.50661],[2.76865,50.50021],[2.77668,50.49076],[2.78169,50.48549],[2.78466,50.48568],[2.78703,50.48581],[2.77959,50.47944],[2.77355,50.4746],[2.76633,50.46616],[2.74274,50.47437],[2.73635,50.47686],[2.73015,50.48052]]]]}},{"type":"Feature","properties":{"code":"62847","nom":"Verquigneul","departement":"62","region":"32"},"geometry":{"type":"MultiPolygon","coordinates":[[[[2.65656,50.4888],[2.64994,50.50992],[2.65372,50.51239],[2.65367,50.51389],[2.65895,50.51783],[2.66011,50.51566],[2.66313,50.51376],[2.67192,50.51013],[2.67387,50.51037],[2.67564,50.50708],[2.67345,50.49783],[2.66669,50.48989],[2.66487,50.48789],[2.65656,50.4888]]]]}},{"type":"Feature","properties":{"code":"62848","nom":"Verquin","departement":"62","region":"32"},"geometry":{"type":"MultiPolygon","coordinates":[[[[2.62717,50.51221],[2.62771,50.51286],[2.63205,50.51277],[2.63498,50.51491],[2.63779,50.51532],[2.64651,50.50978],[2.64818,50.50948],[2.6499,50.51015],[2.64994,50.50992],[2.65656,50.4888],[2.65097,50.48688],[2.63106,50.49688],[2.63234,50.50394],[2.6311,50.5092],[2.62717,50.51221]]]]}},{"type":"Feature","properties":{"code":"62849","nom":"Verton","departement":"62","region":"32"},"geometry":{"type":"MultiPolygon","coordinates":[[[[1.60596,50.39923],[1.6027,50.40428],[1.60331,50.40648],[1.60606,50.40899],[1.60697,50.40896],[1.60735,50.40769],[1.62993,50.4083],[1.64002,50.41003],[1.64271,50.4121],[1.65385,50.41383],[1.67216,50.41116],[1.68318,50.41182],[1.68706,50.41356],[1.68972,50.41123],[1.68833,50.40735],[1.69352,50.40659],[1.69279,50.4057],[1.69463,50.40106],[1.69668,50.39906],[1.69462,50.39815],[1.68922,50.39521],[1.6886,50.39588],[1.68434,50.39435],[1.67729,50.39363],[1.65433,50.39241],[1.6372,50.39269],[1.6291,50.39372],[1.62651,50.3935],[1.62527,50.39213],[1.62239,50.39192],[1.61879,50.39653],[1.61279,50.40018],[1.60982,50.40025],[1.60596,50.39923]]]]}},{"type":"Feature","properties":{"code":"62850","nom":"Vieil-Hesdin","departement":"62","region":"32"},"geometry":{"type":"MultiPolygon","coordinates":[[[[2.12484,50.39327],[2.12614,50.39026],[2.12566,50.38714],[2.13032,50.38035],[2.12933,50.38008],[2.1288,50.37778],[2.1303,50.3659],[2.13604,50.36208],[2.13955,50.35449],[2.12948,50.35429],[2.11784,50.35139],[2.11184,50.3483],[2.10212,50.34078],[2.09214,50.33501],[2.08589,50.33737],[2.09446,50.34421],[2.09796,50.3504],[2.09266,50.3539],[2.08853,50.36549],[2.08893,50.36683],[2.1,50.36226],[2.10196,50.36293],[2.10806,50.37135],[2.10527,50.38114],[2.10846,50.38086],[2.12484,50.39327]]]]}},{"type":"Feature","properties":{"code":"62851","nom":"Vieille-Chapelle","departement":"62","region":"32"},"geometry":{"type":"MultiPolygon","coordinates":[[[[2.69851,50.59852],[2.71623,50.59702],[2.71829,50.59762],[2.71889,50.59614],[2.7232,50.59686],[2.73458,50.60088],[2.73544,50.59965],[2.73299,50.59084],[2.71736,50.58247],[2.70988,50.58317],[2.7024,50.58936],[2.69564,50.59676],[2.69851,50.59852]]]]}},{"type":"Feature","properties":{"code":"62852","nom":"Vieille-Église","departement":"62","region":"32"},"geometry":{"type":"MultiPolygon","coordinates":[[[[2.09203,50.97353],[2.08286,50.95873],[2.08185,50.95446],[2.08766,50.93868],[2.10062,50.92759],[2.10456,50.923],[2.11021,50.90873],[2.10226,50.89778],[2.08261,50.90309],[2.06759,50.90383],[2.05212,50.93029],[2.0528,50.94916],[2.04554,50.96399],[2.05078,50.96588],[2.07143,50.96955],[2.08917,50.97391],[2.09203,50.97353]]]]}},{"type":"Feature","properties":{"code":"62853","nom":"Vieil-Moutier","departement":"62","region":"32"},"geometry":{"type":"MultiPolygon","coordinates":[[[[1.8997,50.67987],[1.90236,50.68046],[1.90836,50.6802],[1.91476,50.67911],[1.91812,50.67621],[1.92108,50.67142],[1.92826,50.65565],[1.92117,50.64749],[1.90235,50.64953],[1.90183,50.65463],[1.89421,50.6617],[1.89278,50.66682],[1.89783,50.66922],[1.90044,50.67325],[1.8997,50.67987]]]]}},{"type":"Feature","properties":{"code":"62854","nom":"Villers-au-Bois","departement":"62","region":"32"},"geometry":{"type":"MultiPolygon","coordinates":[[[[2.68875,50.36736],[2.68552,50.36557],[2.68336,50.36636],[2.67984,50.37074],[2.67716,50.37151],[2.66922,50.3716],[2.66744,50.36939],[2.66877,50.36354],[2.66692,50.36185],[2.65716,50.36802],[2.64632,50.37457],[2.64753,50.38046],[2.64686,50.38375],[2.64378,50.38636],[2.64979,50.392],[2.65171,50.3911],[2.65536,50.38761],[2.6652,50.38845],[2.68004,50.38059],[2.68417,50.37077],[2.68875,50.36736]]]]}},{"type":"Feature","properties":{"code":"62855","nom":"Villers-au-Flos","departement":"62","region":"32"},"geometry":{"type":"MultiPolygon","coordinates":[[[[2.88602,50.07796],[2.89562,50.08332],[2.89998,50.08413],[2.89882,50.09156],[2.90115,50.09578],[2.91616,50.09887],[2.91769,50.09806],[2.92113,50.0954],[2.92068,50.09332],[2.91612,50.08857],[2.92424,50.08398],[2.92209,50.0821],[2.91951,50.07624],[2.91789,50.06951],[2.91863,50.0682],[2.90836,50.06302],[2.9076,50.064],[2.88877,50.06975],[2.88817,50.07101],[2.889,50.07146],[2.89074,50.07018],[2.88927,50.07197],[2.89058,50.07252],[2.88602,50.07796]]]]}},{"type":"Feature","properties":{"code":"62856","nom":"Villers-Brûlin","departement":"62","region":"32"},"geometry":{"type":"MultiPolygon","coordinates":[[[[2.53376,50.36189],[2.52604,50.3656],[2.5214,50.36668],[2.51975,50.36614],[2.51765,50.36893],[2.51633,50.37428],[2.51184,50.38003],[2.52112,50.38548],[2.52411,50.38625],[2.52434,50.38641],[2.54899,50.36797],[2.55057,50.36682],[2.54553,50.36469],[2.53376,50.36189]]]]}},{"type":"Feature","properties":{"code":"62857","nom":"Villers-Châtel","departement":"62","region":"32"},"geometry":{"type":"MultiPolygon","coordinates":[[[[2.57788,50.38326],[2.58377,50.38355],[2.59514,50.38808],[2.5988,50.38473],[2.59789,50.37447],[2.60644,50.36681],[2.60213,50.36436],[2.60017,50.36557],[2.58482,50.36623],[2.58157,50.37049],[2.57754,50.37336],[2.57667,50.38],[2.57788,50.38326]]]]}},{"type":"Feature","properties":{"code":"62858","nom":"Villers-lès-Cagnicourt","departement":"62","region":"32"},"geometry":{"type":"MultiPolygon","coordinates":[[[[2.9855,50.22702],[2.9899,50.23052],[2.98843,50.23084],[2.99131,50.23527],[2.99311,50.23482],[3.00608,50.23151],[3.01171,50.23202],[3.01506,50.23373],[3.02578,50.22648],[3.03448,50.22426],[3.03114,50.22095],[3.02396,50.21424],[3.01132,50.218],[3.00504,50.21853],[3.00043,50.21994],[2.9855,50.22702]]]]}},{"type":"Feature","properties":{"code":"62859","nom":"Villers-l'Hôpital","departement":"62","region":"32"},"geometry":{"type":"MultiPolygon","coordinates":[[[[2.19992,50.21487],[2.18453,50.23018],[2.18602,50.23196],[2.19857,50.23844],[2.20296,50.24471],[2.20775,50.2445],[2.20796,50.24262],[2.21859,50.24375],[2.22876,50.24296],[2.22755,50.2417],[2.23622,50.23314],[2.23671,50.2317],[2.23472,50.22761],[2.22392,50.21733],[2.22248,50.21796],[2.20108,50.21558],[2.19992,50.21487]]]]}},{"type":"Feature","properties":{"code":"62860","nom":"Villers-Sir-Simon","departement":"62","region":"32"},"geometry":{"type":"MultiPolygon","coordinates":[[[[2.50402,50.31224],[2.50055,50.31134],[2.50123,50.30966],[2.48923,50.30655],[2.47953,50.31326],[2.47816,50.31702],[2.47642,50.31868],[2.47877,50.32116],[2.48758,50.32359],[2.49465,50.32367],[2.49946,50.32167],[2.50291,50.31915],[2.50437,50.31687],[2.50189,50.31563],[2.50402,50.31224]]]]}},{"type":"Feature","properties":{"code":"62862","nom":"Vincly","departement":"62","region":"32"},"geometry":{"type":"MultiPolygon","coordinates":[[[[2.15642,50.5533],[2.15811,50.56171],[2.16433,50.56397],[2.16879,50.56413],[2.18675,50.56386],[2.19155,50.56279],[2.19073,50.56001],[2.20589,50.55501],[2.201,50.55199],[2.20153,50.55025],[2.19239,50.54878],[2.15955,50.55011],[2.15642,50.5533]]]]}},{"type":"Feature","properties":{"code":"62863","nom":"Violaines","departement":"62","region":"32"},"geometry":{"type":"MultiPolygon","coordinates":[[[[2.76463,50.52179],[2.77143,50.5214],[2.77622,50.52669],[2.7777,50.53028],[2.75876,50.54294],[2.75639,50.54829],[2.7636,50.5507],[2.7713,50.55739],[2.77815,50.56278],[2.78356,50.56427],[2.79437,50.54937],[2.80049,50.54085],[2.80147,50.53682],[2.80195,50.53453],[2.79936,50.52857],[2.79435,50.52669],[2.79108,50.52378],[2.79403,50.52141],[2.78934,50.51966],[2.77326,50.51646],[2.76305,50.5088],[2.75557,50.5039],[2.76463,50.52179]]]]}},{"type":"Feature","properties":{"code":"62864","nom":"Vis-en-Artois","departement":"62","region":"32"},"geometry":{"type":"MultiPolygon","coordinates":[[[[2.94445,50.26121],[2.94266,50.25866],[2.94307,50.2517],[2.94417,50.24769],[2.94616,50.24722],[2.94503,50.24664],[2.9452,50.24522],[2.95239,50.23233],[2.95367,50.23165],[2.9514,50.23019],[2.95008,50.22769],[2.94659,50.22635],[2.94007,50.22593],[2.93884,50.22743],[2.91921,50.24782],[2.91463,50.24755],[2.9138,50.24896],[2.91446,50.25005],[2.91626,50.25049],[2.91678,50.25302],[2.91599,50.25298],[2.93161,50.26364],[2.93284,50.26274],[2.93767,50.26489],[2.94049,50.26505],[2.94347,50.26362],[2.94445,50.26121]]]]}},{"type":"Feature","properties":{"code":"62865","nom":"Vitry-en-Artois","departement":"62","region":"32"},"geometry":{"type":"MultiPolygon","coordinates":[[[[2.97975,50.29929],[2.9686,50.3027],[2.9572,50.30865],[2.96159,50.31392],[2.96787,50.31738],[2.96828,50.31974],[2.96504,50.32329],[2.9626,50.3249],[2.94475,50.32929],[2.94865,50.33413],[2.94947,50.34004],[2.94711,50.34366],[2.96356,50.34946],[2.96473,50.34775],[2.96849,50.34847],[2.99282,50.35286],[2.9943,50.35193],[2.99197,50.34954],[2.99834,50.34312],[3.00705,50.32618],[3.01446,50.31901],[3.01785,50.31581],[3.00793,50.31105],[3.00151,50.30381],[2.99434,50.30477],[2.98709,50.29931],[2.97975,50.29929]]]]}},{"type":"Feature","properties":{"code":"62866","nom":"Waben","departement":"62","region":"32"},"geometry":{"type":"MultiPolygon","coordinates":[[[[1.62527,50.39213],[1.62651,50.3935],[1.6291,50.39372],[1.6372,50.39269],[1.65433,50.39241],[1.67729,50.39363],[1.68434,50.39435],[1.6886,50.39588],[1.68922,50.39521],[1.68416,50.38968],[1.6567,50.3722],[1.63617,50.3662],[1.63353,50.36426],[1.63262,50.36565],[1.62313,50.37156],[1.61905,50.37153],[1.61771,50.37238],[1.62955,50.37962],[1.6305,50.38187],[1.62999,50.38689],[1.62613,50.38992],[1.62527,50.39213]]]]}},{"type":"Feature","properties":{"code":"62867","nom":"Wacquinghen","departement":"62","region":"32"},"geometry":{"type":"MultiPolygon","coordinates":[[[[1.6829,50.77929],[1.67429,50.77571],[1.66713,50.77425],[1.65806,50.77375],[1.65639,50.77461],[1.65482,50.77705],[1.65605,50.78217],[1.66259,50.78535],[1.66728,50.789],[1.67849,50.78465],[1.68038,50.7857],[1.68251,50.78482],[1.68396,50.78271],[1.6829,50.77929]]]]}},{"type":"Feature","properties":{"code":"62868","nom":"Wail","departement":"62","region":"32"},"geometry":{"type":"MultiPolygon","coordinates":[[[[2.08836,50.3166],[2.08425,50.32075],[2.08411,50.32197],[2.10004,50.33093],[2.09214,50.33501],[2.10212,50.34078],[2.11184,50.3483],[2.11784,50.35139],[2.12948,50.35429],[2.13955,50.35449],[2.1419,50.35436],[2.148,50.34841],[2.1513,50.34271],[2.14453,50.3377],[2.14558,50.33627],[2.1385,50.33332],[2.13314,50.33616],[2.11717,50.33076],[2.11038,50.32719],[2.11177,50.32574],[2.11059,50.3243],[2.11027,50.32223],[2.1086,50.32059],[2.08947,50.31579],[2.08836,50.3166]]]]}},{"type":"Feature","properties":{"code":"62869","nom":"Wailly","departement":"62","region":"32"},"geometry":{"type":"MultiPolygon","coordinates":[[[[2.68742,50.25304],[2.68432,50.25486],[2.69345,50.25969],[2.69519,50.26065],[2.71552,50.26045],[2.73062,50.26493],[2.74356,50.25985],[2.74137,50.2581],[2.7409,50.25565],[2.75515,50.23851],[2.73602,50.23405],[2.73078,50.23568],[2.72596,50.23409],[2.72172,50.23203],[2.716,50.23835],[2.70332,50.24804],[2.69255,50.24982],[2.68742,50.25304]]]]}},{"type":"Feature","properties":{"code":"62870","nom":"Wailly-Beaucamp","departement":"62","region":"32"},"geometry":{"type":"MultiPolygon","coordinates":[[[[1.68795,50.41392],[1.69154,50.41488],[1.69336,50.41621],[1.69349,50.41855],[1.69163,50.41908],[1.69234,50.42005],[1.69835,50.41831],[1.70526,50.41866],[1.72592,50.42768],[1.72851,50.42796],[1.73028,50.42772],[1.73053,50.42706],[1.74679,50.42749],[1.75061,50.42181],[1.75739,50.41634],[1.75537,50.413],[1.75562,50.40986],[1.75742,50.40619],[1.76218,50.40229],[1.76053,50.39707],[1.7537,50.39099],[1.75027,50.38863],[1.74153,50.38725],[1.72089,50.38987],[1.70895,50.39293],[1.70823,50.40217],[1.70387,50.40907],[1.69546,50.40888],[1.69352,50.40659],[1.68833,50.40735],[1.68972,50.41123],[1.68706,50.41356],[1.68795,50.41392]]]]}},{"type":"Feature","properties":{"code":"62871","nom":"Wambercourt","departement":"62","region":"32"},"geometry":{"type":"MultiPolygon","coordinates":[[[[2.00015,50.44549],[2.00293,50.44753],[2.00684,50.44756],[2.01285,50.44686],[2.02568,50.44325],[2.03574,50.433],[2.03735,50.4303],[2.04018,50.42935],[2.048,50.42794],[2.05649,50.42876],[2.06806,50.42853],[2.06963,50.42745],[2.06571,50.42506],[2.05838,50.42235],[2.05535,50.42297],[2.05392,50.42455],[2.03439,50.42584],[2.02599,50.42616],[2.01417,50.42523],[2.00844,50.42832],[1.99585,50.44169],[2.00015,50.44549]]]]}},{"type":"Feature","properties":{"code":"62872","nom":"Wamin","departement":"62","region":"32"},"geometry":{"type":"MultiPolygon","coordinates":[[[[2.06963,50.42745],[2.07539,50.43056],[2.08285,50.43732],[2.08507,50.43554],[2.09137,50.42594],[2.08375,50.42234],[2.07547,50.42057],[2.07138,50.41682],[2.07641,50.39936],[2.06041,50.39725],[2.04082,50.40735],[2.04236,50.41088],[2.0413,50.41258],[2.03587,50.41508],[2.04095,50.42104],[2.05535,50.42297],[2.05838,50.42235],[2.06571,50.42506],[2.06963,50.42745]]]]}},{"type":"Feature","properties":{"code":"62873","nom":"Wancourt","departement":"62","region":"32"},"geometry":{"type":"MultiPolygon","coordinates":[[[[2.827,50.26161],[2.85141,50.27064],[2.85333,50.27015],[2.87487,50.26473],[2.87297,50.26345],[2.87351,50.26193],[2.87916,50.25744],[2.88343,50.24965],[2.88196,50.24695],[2.87913,50.24508],[2.85552,50.24542],[2.84738,50.2405],[2.84204,50.24443],[2.83492,50.25047],[2.83115,50.25727],[2.827,50.26161]]]]}},{"type":"Feature","properties":{"code":"62874","nom":"Wanquetin","departement":"62","region":"32"},"geometry":{"type":"MultiPolygon","coordinates":[[[[2.60629,50.2889],[2.62406,50.2873],[2.63708,50.28133],[2.64347,50.27647],[2.63679,50.26894],[2.6381,50.26634],[2.63137,50.26417],[2.62049,50.2548],[2.61223,50.25151],[2.59184,50.26487],[2.59309,50.2657],[2.59051,50.26802],[2.58649,50.26647],[2.58376,50.26874],[2.58938,50.27581],[2.59605,50.2863],[2.59786,50.28713],[2.60067,50.28811],[2.60629,50.2889]]]]}},{"type":"Feature","properties":{"code":"62875","nom":"Wardrecques","departement":"62","region":"32"},"geometry":{"type":"MultiPolygon","coordinates":[[[[2.33405,50.68937],[2.32986,50.69446],[2.3332,50.699],[2.3335,50.70318],[2.33212,50.70763],[2.33038,50.7096],[2.34157,50.71394],[2.35192,50.71694],[2.35481,50.71666],[2.35799,50.71526],[2.36601,50.70905],[2.3497,50.70042],[2.33405,50.68937]]]]}},{"type":"Feature","properties":{"code":"62876","nom":"Warlencourt-Eaucourt","departement":"62","region":"32"},"geometry":{"type":"MultiPolygon","coordinates":[[[[2.77446,50.07952],[2.77638,50.08558],[2.78208,50.09106],[2.78255,50.09171],[2.79189,50.09162],[2.8002,50.08978],[2.80137,50.08867],[2.80483,50.08411],[2.80291,50.08043],[2.80323,50.07149],[2.805,50.06971],[2.7996,50.06655],[2.79327,50.07243],[2.77446,50.07952]]]]}},{"type":"Feature","properties":{"code":"62877","nom":"Warlincourt-lès-Pas","departement":"62","region":"32"},"geometry":{"type":"MultiPolygon","coordinates":[[[[2.50146,50.16674],[2.49816,50.16578],[2.49417,50.1673],[2.50202,50.16905],[2.50148,50.17082],[2.49842,50.1781],[2.48289,50.19043],[2.48501,50.1914],[2.48761,50.19167],[2.49533,50.19463],[2.50118,50.19456],[2.5064,50.19351],[2.52595,50.19345],[2.52723,50.19249],[2.52793,50.1894],[2.52622,50.18628],[2.50542,50.1681],[2.50146,50.16674]]]]}},{"type":"Feature","properties":{"code":"62878","nom":"Warlus","departement":"62","region":"32"},"geometry":{"type":"MultiPolygon","coordinates":[[[[2.64766,50.2665],[2.6424,50.26467],[2.6381,50.26634],[2.63679,50.26894],[2.64347,50.27647],[2.64511,50.27752],[2.64856,50.2832],[2.65215,50.28493],[2.66209,50.28818],[2.66627,50.29021],[2.68475,50.28806],[2.68894,50.28589],[2.69425,50.28702],[2.69476,50.28452],[2.68801,50.28277],[2.68431,50.27681],[2.68596,50.27394],[2.66332,50.27109],[2.64766,50.2665]]]]}},{"type":"Feature","properties":{"code":"62879","nom":"Warluzel","departement":"62","region":"32"},"geometry":{"type":"MultiPolygon","coordinates":[[[[2.45964,50.21973],[2.45185,50.23021],[2.46259,50.24046],[2.48012,50.24084],[2.48467,50.23402],[2.48608,50.23333],[2.48119,50.23038],[2.48082,50.22754],[2.47662,50.22307],[2.4614,50.21948],[2.45964,50.21973]]]]}},{"type":"Feature","properties":{"code":"62880","nom":"Le Wast","departement":"62","region":"32"},"geometry":{"type":"MultiPolygon","coordinates":[[[[1.78839,50.74933],[1.79221,50.75312],[1.80042,50.75486],[1.80536,50.75452],[1.80718,50.74719],[1.80319,50.74714],[1.80313,50.74481],[1.80147,50.74519],[1.79015,50.74784],[1.78839,50.74933]]]]}},{"type":"Feature","properties":{"code":"62881","nom":"Beauvoir-Wavans","departement":"62","region":"32"},"geometry":{"type":"MultiPolygon","coordinates":[[[[2.19992,50.21487],[2.20176,50.21354],[2.19691,50.21094],[2.18695,50.21008],[2.17733,50.20781],[2.17382,50.20919],[2.16751,50.20187],[2.15984,50.19489],[2.15021,50.19193],[2.14904,50.19087],[2.14645,50.19791],[2.14168,50.20264],[2.15161,50.20474],[2.156,50.2066],[2.15669,50.21152],[2.15399,50.21462],[2.14276,50.22182],[2.14569,50.23151],[2.14802,50.23422],[2.15686,50.23938],[2.15924,50.2381],[2.15882,50.23657],[2.1622,50.23206],[2.17339,50.22692],[2.17738,50.22735],[2.18453,50.23018],[2.19992,50.21487]]]]}},{"type":"Feature","properties":{"code":"62902","nom":"Wizernes","departement":"62","region":"32"},"geometry":{"type":"MultiPolygon","coordinates":[[[[2.2142,50.72671],[2.21523,50.72711],[2.23404,50.72359],[2.24992,50.7243],[2.25019,50.71998],[2.25362,50.71425],[2.25239,50.71391],[2.25361,50.70853],[2.25255,50.70836],[2.2327,50.70102],[2.22985,50.70079],[2.22207,50.70719],[2.19908,50.72104],[2.2142,50.72671]]]]}},{"type":"Feature","properties":{"code":"62882","nom":"Wavrans-sur-l'Aa","departement":"62","region":"32"},"geometry":{"type":"MultiPolygon","coordinates":[[[[2.17313,50.68382],[2.16988,50.67648],[2.16021,50.66963],[2.1526,50.66551],[2.15082,50.66657],[2.13938,50.66385],[2.12372,50.65308],[2.11191,50.65889],[2.11358,50.65949],[2.11085,50.66317],[2.10104,50.6697],[2.11223,50.67598],[2.11654,50.67608],[2.13341,50.68683],[2.1521,50.69438],[2.15265,50.69363],[2.1578,50.69309],[2.16628,50.68908],[2.17169,50.68615],[2.17313,50.68382]]]]}},{"type":"Feature","properties":{"code":"62883","nom":"Wavrans-sur-Ternoise","departement":"62","region":"32"},"geometry":{"type":"MultiPolygon","coordinates":[[[[2.2818,50.39688],[2.28201,50.39768],[2.27325,50.39985],[2.2658,50.41567],[2.26861,50.41662],[2.27057,50.41531],[2.28316,50.41601],[2.29395,50.42009],[2.2973,50.42032],[2.30534,50.41785],[2.30747,50.41469],[2.30847,50.41178],[2.29704,50.40544],[2.28423,50.39688],[2.2818,50.39688]]]]}},{"type":"Feature","properties":{"code":"62885","nom":"Westrehem","departement":"62","region":"32"},"geometry":{"type":"MultiPolygon","coordinates":[[[[2.3264,50.5461],[2.3347,50.5507],[2.34795,50.55366],[2.35022,50.55497],[2.35607,50.54867],[2.35692,50.54899],[2.35869,50.54347],[2.35696,50.54105],[2.35247,50.539],[2.33663,50.53736],[2.33436,50.53637],[2.32995,50.53999],[2.32887,50.54373],[2.3264,50.5461]]]]}},{"type":"Feature","properties":{"code":"62886","nom":"Wicquinghem","departement":"62","region":"32"},"geometry":{"type":"MultiPolygon","coordinates":[[[[1.93542,50.55993],[1.93331,50.56879],[1.93013,50.57474],[1.93121,50.57739],[1.94789,50.58505],[1.95481,50.59006],[1.95755,50.59121],[1.96048,50.58866],[1.96534,50.58264],[1.97099,50.57216],[1.96857,50.56843],[1.96074,50.56242],[1.95056,50.55827],[1.94609,50.55963],[1.94009,50.55657],[1.93542,50.55993]]]]}},{"type":"Feature","properties":{"code":"62887","nom":"Widehem","departement":"62","region":"32"},"geometry":{"type":"MultiPolygon","coordinates":[[[[1.6654,50.59265],[1.6736,50.59403],[1.68475,50.59435],[1.69188,50.59241],[1.69285,50.59105],[1.69297,50.58928],[1.68283,50.58076],[1.67652,50.57811],[1.66985,50.57834],[1.65781,50.57426],[1.65166,50.57059],[1.6488,50.57335],[1.64774,50.57265],[1.6423,50.5708],[1.63011,50.58188],[1.62899,50.58211],[1.62957,50.58453],[1.63534,50.58591],[1.64087,50.58979],[1.64241,50.59165],[1.64085,50.59422],[1.64683,50.59569],[1.65398,50.5929],[1.66085,50.59156],[1.6654,50.59265]]]]}},{"type":"Feature","properties":{"code":"62888","nom":"Wierre-au-Bois","departement":"62","region":"32"},"geometry":{"type":"MultiPolygon","coordinates":[[[[1.77114,50.66435],[1.7773,50.66285],[1.77805,50.65823],[1.782,50.64864],[1.78373,50.64675],[1.78015,50.64534],[1.77721,50.64264],[1.77471,50.64163],[1.76706,50.64067],[1.76284,50.6415],[1.75482,50.64521],[1.75614,50.64939],[1.75185,50.65042],[1.75232,50.65246],[1.76836,50.6583],[1.77242,50.66116],[1.77114,50.66435]]]]}},{"type":"Feature","properties":{"code":"62889","nom":"Wierre-Effroy","departement":"62","region":"32"},"geometry":{"type":"MultiPolygon","coordinates":[[[[1.71865,50.79021],[1.71953,50.79015],[1.72625,50.78804],[1.73223,50.78929],[1.74186,50.79413],[1.75265,50.79211],[1.76382,50.78841],[1.76625,50.78675],[1.77858,50.77612],[1.7786,50.76861],[1.77751,50.76681],[1.77455,50.76538],[1.77044,50.75792],[1.76805,50.75649],[1.74898,50.75357],[1.74232,50.75368],[1.73527,50.75146],[1.72427,50.7533],[1.72402,50.75177],[1.72028,50.75246],[1.70471,50.76541],[1.70076,50.76871],[1.69194,50.77015],[1.69504,50.78142],[1.71102,50.78125],[1.71395,50.78296],[1.71865,50.79021]]]]}},{"type":"Feature","properties":{"code":"62890","nom":"Willeman","departement":"62","region":"32"},"geometry":{"type":"MultiPolygon","coordinates":[[[[2.16705,50.37562],[2.17303,50.36938],[2.18494,50.37118],[2.18577,50.37017],[2.18388,50.36952],[2.18049,50.36598],[2.18316,50.35698],[2.18641,50.35668],[2.18822,50.35351],[2.18583,50.34986],[2.18425,50.34337],[2.16683,50.34499],[2.1513,50.34271],[2.148,50.34841],[2.1419,50.35436],[2.13955,50.35449],[2.13604,50.36208],[2.14521,50.36924],[2.15231,50.37832],[2.15577,50.37993],[2.15492,50.38071],[2.15597,50.38126],[2.15934,50.37888],[2.16705,50.37562]]]]}},{"type":"Feature","properties":{"code":"62891","nom":"Willencourt","departement":"62","region":"32"},"geometry":{"type":"MultiPolygon","coordinates":[[[[2.08492,50.24478],[2.09118,50.23749],[2.07456,50.23255],[2.07078,50.23198],[2.06851,50.23314],[2.06761,50.23391],[2.06341,50.23459],[2.06422,50.23895],[2.07822,50.24849],[2.08095,50.24682],[2.08343,50.24692],[2.08492,50.24478]]]]}},{"type":"Feature","properties":{"code":"62892","nom":"Willerval","departement":"62","region":"32"},"geometry":{"type":"MultiPolygon","coordinates":[[[[2.83672,50.35044],[2.83681,50.36458],[2.83756,50.36901],[2.83897,50.36975],[2.85021,50.37733],[2.85349,50.37821],[2.85988,50.36936],[2.8639,50.36049],[2.8629,50.35851],[2.8596,50.35594],[2.85298,50.35376],[2.84739,50.35048],[2.8486,50.34901],[2.8473,50.3485],[2.83972,50.35136],[2.83672,50.35044]]]]}},{"type":"Feature","properties":{"code":"62893","nom":"Wimereux","departement":"62","region":"32"},"geometry":{"type":"MultiPolygon","coordinates":[[[[1.61191,50.7569],[1.60761,50.74625],[1.60085,50.7414],[1.59933,50.74228],[1.59789,50.74567],[1.59836,50.74839],[1.59442,50.75063],[1.60014,50.754],[1.6052,50.76345],[1.6069,50.77042],[1.60582,50.77611],[1.60479,50.7767],[1.60449,50.78348],[1.60691,50.7898],[1.60654,50.79442],[1.60241,50.80428],[1.60572,50.8058],[1.61283,50.80375],[1.62748,50.80167],[1.63383,50.79081],[1.6297,50.78055],[1.6215,50.777],[1.61445,50.76972],[1.61191,50.7569]]]]}},{"type":"Feature","properties":{"code":"62894","nom":"Wimille","departement":"62","region":"32"},"geometry":{"type":"MultiPolygon","coordinates":[[[[1.62748,50.80167],[1.62932,50.80159],[1.6391,50.80471],[1.6443,50.80512],[1.65375,50.80579],[1.65825,50.79681],[1.66728,50.789],[1.66259,50.78535],[1.65605,50.78217],[1.65482,50.77705],[1.65639,50.77461],[1.6529,50.77077],[1.65325,50.76242],[1.65649,50.76021],[1.66404,50.75874],[1.67307,50.75687],[1.6786,50.74382],[1.68024,50.7423],[1.67902,50.7389],[1.6776,50.73639],[1.65982,50.73435],[1.64681,50.73734],[1.63767,50.74175],[1.63299,50.73898],[1.62955,50.73936],[1.62271,50.73758],[1.62182,50.73789],[1.61738,50.73876],[1.60761,50.74625],[1.61191,50.7569],[1.61445,50.76972],[1.6215,50.777],[1.6297,50.78055],[1.63383,50.79081],[1.62748,50.80167]]]]}},{"type":"Feature","properties":{"code":"62895","nom":"Wingles","departement":"62","region":"32"},"geometry":{"type":"MultiPolygon","coordinates":[[[[2.8468,50.48392],[2.84313,50.48136],[2.83601,50.48524],[2.83456,50.48619],[2.83823,50.49466],[2.84526,50.50064],[2.86072,50.50725],[2.86082,50.50694],[2.88174,50.50777],[2.87968,50.49636],[2.87,50.49067],[2.85754,50.48488],[2.8468,50.48392]]]]}},{"type":"Feature","properties":{"code":"62896","nom":"Wirwignes","departement":"62","region":"32"},"geometry":{"type":"MultiPolygon","coordinates":[[[[1.77805,50.65823],[1.7773,50.66285],[1.77114,50.66435],[1.7629,50.66397],[1.75681,50.66577],[1.76149,50.67069],[1.76073,50.6737],[1.75996,50.67465],[1.75573,50.67615],[1.74943,50.67728],[1.7445,50.70266],[1.75128,50.7104],[1.76376,50.71163],[1.77259,50.70722],[1.77765,50.70311],[1.7833,50.69521],[1.78301,50.69405],[1.77997,50.6914],[1.77441,50.68891],[1.77115,50.6841],[1.78539,50.68027],[1.8047,50.67744],[1.80134,50.6746],[1.79386,50.67294],[1.79535,50.67031],[1.78139,50.65882],[1.77805,50.65823]]]]}},{"type":"Feature","properties":{"code":"62897","nom":"Wismes","departement":"62","region":"32"},"geometry":{"type":"MultiPolygon","coordinates":[[[[2.05323,50.6607],[2.06348,50.66575],[2.06602,50.66854],[2.06849,50.67279],[2.06901,50.67956],[2.07027,50.68013],[2.07762,50.68328],[2.08477,50.68853],[2.08811,50.68721],[2.08908,50.6864],[2.08387,50.68343],[2.08793,50.67841],[2.10104,50.6697],[2.11085,50.66317],[2.11358,50.65949],[2.11191,50.65889],[2.10746,50.65762],[2.09758,50.65284],[2.09438,50.64971],[2.07551,50.64312],[2.05861,50.64501],[2.05301,50.65596],[2.05323,50.6607]]]]}},{"type":"Feature","properties":{"code":"62898","nom":"Wisques","departement":"62","region":"32"},"geometry":{"type":"MultiPolygon","coordinates":[[[[2.2142,50.72671],[2.19908,50.72104],[2.19838,50.72202],[2.1962,50.72182],[2.19489,50.72126],[2.19392,50.71916],[2.19327,50.71941],[2.18441,50.71882],[2.17581,50.71697],[2.17549,50.7179],[2.17186,50.72247],[2.17731,50.72433],[2.18208,50.72904],[2.17924,50.73049],[2.17731,50.73313],[2.18166,50.73759],[2.18716,50.73884],[2.19024,50.73338],[2.19285,50.73242],[2.20749,50.7306],[2.21016,50.73154],[2.2142,50.72671]]]]}},{"type":"Feature","properties":{"code":"62899","nom":"Wissant","departement":"62","region":"32"},"geometry":{"type":"MultiPolygon","coordinates":[[[[1.66696,50.85961],[1.66341,50.86584],[1.67126,50.87452],[1.66742,50.87652],[1.65357,50.87756],[1.63569,50.87514],[1.63426,50.87543],[1.63503,50.87595],[1.64626,50.87958],[1.66355,50.8905],[1.67734,50.90061],[1.69274,50.91555],[1.71214,50.90326],[1.71523,50.89902],[1.70342,50.88751],[1.70356,50.87806],[1.70117,50.87593],[1.70012,50.87647],[1.68468,50.87202],[1.66696,50.85961]]]]}},{"type":"Feature","properties":{"code":"62900","nom":"Witternesse","departement":"62","region":"32"},"geometry":{"type":"MultiPolygon","coordinates":[[[[2.33195,50.60761],[2.34182,50.61203],[2.35444,50.6209],[2.36571,50.62554],[2.37194,50.62642],[2.39015,50.62282],[2.38269,50.61163],[2.38481,50.60886],[2.37276,50.60627],[2.37117,50.6072],[2.36141,50.60612],[2.35199,50.60412],[2.34676,50.60095],[2.3453,50.60007],[2.33195,50.60761]]]]}},{"type":"Feature","properties":{"code":"62901","nom":"Wittes","departement":"62","region":"32"},"geometry":{"type":"MultiPolygon","coordinates":[[[[2.36027,50.66284],[2.35782,50.66544],[2.35675,50.67274],[2.35862,50.67615],[2.36151,50.67887],[2.37127,50.67706],[2.37342,50.67271],[2.37721,50.67085],[2.37999,50.67088],[2.38692,50.6748],[2.40333,50.68104],[2.41464,50.6694],[2.41627,50.66574],[2.39261,50.66769],[2.39222,50.66688],[2.38798,50.66589],[2.37872,50.66628],[2.36484,50.66968],[2.36104,50.66994],[2.36027,50.66284]]]]}},{"type":"Feature","properties":{"code":"62903","nom":"Zoteux","departement":"62","region":"32"},"geometry":{"type":"MultiPolygon","coordinates":[[[[1.90184,50.59974],[1.88073,50.60289],[1.86717,50.60313],[1.86205,50.60858],[1.86797,50.61224],[1.87565,50.61995],[1.87052,50.62153],[1.86467,50.62214],[1.87975,50.62711],[1.88762,50.63172],[1.89942,50.62624],[1.90164,50.62427],[1.90374,50.62456],[1.90358,50.62203],[1.90681,50.61915],[1.90184,50.59974]]]]}},{"type":"Feature","properties":{"code":"62904","nom":"Zouafques","departement":"62","region":"32"},"geometry":{"type":"MultiPolygon","coordinates":[[[[2.05524,50.83263],[2.05934,50.83164],[2.06161,50.83008],[2.06107,50.82937],[2.06993,50.82162],[2.07372,50.822],[2.07561,50.82055],[2.07483,50.81951],[2.0729,50.81826],[2.06546,50.81751],[2.05923,50.81208],[2.04722,50.81797],[2.03802,50.82073],[2.03295,50.82135],[2.03791,50.8297],[2.04242,50.8325],[2.04911,50.83319],[2.05459,50.83162],[2.05524,50.83263]]]]}},{"type":"Feature","properties":{"code":"62905","nom":"Zudausques","departement":"62","region":"32"},"geometry":{"type":"MultiPolygon","coordinates":[[[[2.1292,50.7495],[2.12876,50.7501],[2.14096,50.75412],[2.15924,50.76346],[2.1633,50.76688],[2.16703,50.76964],[2.17075,50.76706],[2.17894,50.76057],[2.18259,50.75655],[2.18456,50.75732],[2.18625,50.75618],[2.18597,50.75366],[2.18876,50.75022],[2.18559,50.74939],[2.17207,50.74518],[2.15585,50.74268],[2.15254,50.74136],[2.14887,50.74296],[2.14222,50.74167],[2.13732,50.74211],[2.1313,50.74417],[2.12553,50.7487],[2.1292,50.7495]]]]}},{"type":"Feature","properties":{"code":"62906","nom":"Zutkerque","departement":"62","region":"32"},"geometry":{"type":"MultiPolygon","coordinates":[[[[2.07694,50.846],[2.07381,50.84532],[2.06251,50.83889],[2.05524,50.83263],[2.05459,50.83162],[2.04911,50.83319],[2.04242,50.8325],[2.03791,50.8297],[2.03295,50.82135],[2.03013,50.82159],[2.02822,50.82201],[2.03018,50.82704],[2.03137,50.8387],[2.02321,50.84185],[2.0182,50.84735],[2.00926,50.86547],[2.01399,50.8666],[2.02227,50.85935],[2.03042,50.85724],[2.05111,50.86843],[2.06241,50.85943],[2.07387,50.86185],[2.10605,50.87637],[2.11529,50.88691],[2.11841,50.88509],[2.11686,50.88013],[2.11086,50.86882],[2.09573,50.85695],[2.07694,50.846]]]]}},{"type":"Feature","properties":{"code":"62907","nom":"Libercourt","departement":"62","region":"32"},"geometry":{"type":"MultiPolygon","coordinates":[[[[3.0172,50.47297],[3.00865,50.47075],[3.00662,50.47298],[2.98997,50.47358],[2.97926,50.47516],[2.97853,50.4732],[2.9753,50.47481],[2.97516,50.48286],[2.98343,50.49015],[2.98733,50.4912],[2.98882,50.4915],[2.98777,50.49322],[2.99403,50.49662],[2.99961,50.4966],[3.00436,50.4951],[3.00805,50.49267],[3.0104,50.49044],[3.01187,50.4896],[3.02242,50.48234],[3.02024,50.48101],[3.01982,50.47584],[3.0172,50.47297]]]]}},{"type":"Feature","properties":{"code":"62908","nom":"La Capelle-lès-Boulogne","departement":"62","region":"32"},"geometry":{"type":"MultiPolygon","coordinates":[[[[1.74744,50.72336],[1.73693,50.72783],[1.71879,50.728],[1.71382,50.72604],[1.70531,50.71962],[1.7025,50.71877],[1.69393,50.72099],[1.68686,50.72587],[1.68676,50.72788],[1.68457,50.72816],[1.6857,50.73452],[1.69112,50.73383],[1.69824,50.73536],[1.71155,50.74097],[1.71467,50.73862],[1.72982,50.73474],[1.74264,50.73699],[1.74381,50.73852],[1.74655,50.73806],[1.7509,50.73562],[1.74735,50.72861],[1.74401,50.72699],[1.74829,50.72376],[1.74744,50.72336]]]]}},{"type":"Feature","properties":{"code":"62909","nom":"Ytres","departement":"62","region":"32"},"geometry":{"type":"MultiPolygon","coordinates":[[[[3.00641,50.05474],[2.99657,50.04953],[2.99387,50.05059],[2.99313,50.0552],[2.98241,50.06697],[2.98499,50.06779],[2.981,50.07043],[2.97797,50.07424],[2.99117,50.07782],[2.99498,50.07741],[2.9991,50.07614],[3.01104,50.06659],[3.01349,50.0664],[3.01062,50.05924],[3.01166,50.05799],[3.00641,50.05474]]]]}}]}