{"type":"FeatureCollection","features":[{"type":"Feature","properties":{"code":"64074","nom":"Aubous","departement":"64","region":"75"},"geometry":{"type":"MultiPolygon","coordinates":[[[[-0.13817037,43.56495607],[-0.13980895,43.56473489],[-0.1451608,43.56669781],[-0.15210089,43.57170835],[-0.15782713,43.58144437],[-0.15680408,43.58270687],[-0.14299521,43.58449784],[-0.12880444,43.58120863],[-0.12316968,43.57918187],[-0.12184902,43.57407737],[-0.12377518,43.57242186],[-0.12668374,43.57150159],[-0.13203634,43.57272678],[-0.13760669,43.56896048],[-0.13817037,43.56495607]]]]}},{"type":"Feature","properties":{"code":"64270","nom":"Igon","departement":"64","region":"75"},"geometry":{"type":"MultiPolygon","coordinates":[[[[-0.21446692,43.14600343],[-0.21641746,43.14449231],[-0.22473452,43.14156928],[-0.22977865,43.13372149],[-0.23899001,43.14028207],[-0.24109534,43.1433209],[-0.24316704,43.15462832],[-0.2486483,43.1702812],[-0.24575746,43.1705132],[-0.2432817,43.16970457],[-0.22924907,43.16241266],[-0.21488102,43.14988896],[-0.21393316,43.1484535],[-0.21446692,43.14600343]]]]}},{"type":"Feature","properties":{"code":"64001","nom":"Aast","departement":"64","region":"75"},"geometry":{"type":"MultiPolygon","coordinates":[[[[-0.08479918,43.27720386],[-0.09214987,43.28122302],[-0.09604748,43.28551719],[-0.08913926,43.30118035],[-0.0753433,43.30715542],[-0.07519535,43.30715513],[-0.07527295,43.3053056],[-0.07207682,43.29707731],[-0.06982859,43.2817075],[-0.07310368,43.28196007],[-0.08479918,43.27720386]]]]}},{"type":"Feature","properties":{"code":"64002","nom":"Abère","departement":"64","region":"75"},"geometry":{"type":"MultiPolygon","coordinates":[[[[-0.16126441,43.39210542],[-0.16098268,43.38540245],[-0.15913052,43.37893896],[-0.16890939,43.37587543],[-0.16931716,43.37532328],[-0.16591654,43.37148115],[-0.16717246,43.37207823],[-0.17159305,43.36669614],[-0.17646954,43.3680053],[-0.18023238,43.37059758],[-0.18232902,43.37497013],[-0.18324903,43.38730042],[-0.18681031,43.39701585],[-0.18892447,43.40497587],[-0.18825258,43.41047894],[-0.18770329,43.4090131],[-0.17426992,43.39960467],[-0.16126441,43.39210542]]]]}},{"type":"Feature","properties":{"code":"64003","nom":"Abidos","departement":"64","region":"75"},"geometry":{"type":"MultiPolygon","coordinates":[[[[-0.64185394,43.38061854],[-0.64515071,43.3831354],[-0.64587351,43.3847411],[-0.64356389,43.38913991],[-0.63441846,43.39809581],[-0.63366584,43.4028798],[-0.61846437,43.40350261],[-0.61199705,43.40684727],[-0.60744995,43.40312104],[-0.60853607,43.40025252],[-0.63146509,43.38936295],[-0.63864564,43.382289],[-0.64185394,43.38061854]]]]}},{"type":"Feature","properties":{"code":"64004","nom":"Abitain","departement":"64","region":"75"},"geometry":{"type":"MultiPolygon","coordinates":[[[[-1.00473593,43.40054919],[-1.01029664,43.40914675],[-1.01759885,43.42297809],[-1.00972791,43.42433111],[-1.0052401,43.42755731],[-0.99391959,43.43419115],[-0.98213756,43.42409752],[-0.97926325,43.42113782],[-0.984265,43.41597063],[-0.980537,43.41079496],[-0.99014832,43.40610461],[-1.00473593,43.40054919]]]]}},{"type":"Feature","properties":{"code":"64005","nom":"Abos","departement":"64","region":"75"},"geometry":{"type":"MultiPolygon","coordinates":[[[[-0.57200141,43.36575978],[-0.56561032,43.37032743],[-0.55877913,43.37823574],[-0.55529426,43.37484366],[-0.54903996,43.37195572],[-0.5417084,43.36992581],[-0.55135355,43.35821347],[-0.54886833,43.35507572],[-0.53890701,43.35176501],[-0.53669551,43.35204358],[-0.52238642,43.34099511],[-0.5319854,43.33174547],[-0.53268479,43.33134261],[-0.53620356,43.33215686],[-0.54391815,43.33666424],[-0.55965212,43.34949197],[-0.57333736,43.35270121],[-0.57625568,43.35806283],[-0.57556199,43.36100258],[-0.57200141,43.36575978]]]]}},{"type":"Feature","properties":{"code":"64006","nom":"Accous","departement":"64","region":"75"},"geometry":{"type":"MultiPolygon","coordinates":[[[[-0.49304086,42.9679957],[-0.49296355,42.95593468],[-0.4944587,42.94959193],[-0.50869264,42.92945887],[-0.51027285,42.92901295],[-0.52201631,42.9357192],[-0.52937157,42.93836736],[-0.5409656,42.9418359],[-0.54966038,42.94295862],[-0.56992491,42.95107947],[-0.59021458,42.95636464],[-0.60389228,42.95267298],[-0.6086693,42.94507118],[-0.61052433,42.93898803],[-0.60787164,42.93113261],[-0.60589579,42.92956056],[-0.60234723,42.92834553],[-0.60005268,42.92587845],[-0.59899165,42.91983573],[-0.60103539,42.90905646],[-0.62554103,42.87301455],[-0.63614668,42.8533132],[-0.64874355,42.85517905],[-0.65593014,42.85888257],[-0.66210966,42.86643152],[-0.66270685,42.87073664],[-0.65138638,42.8803515],[-0.64346036,42.88853651],[-0.63048529,42.91603508],[-0.62209141,42.92663976],[-0.61305052,42.94271829],[-0.61523581,42.9525898],[-0.61495999,42.95378741],[-0.61176524,42.95627154],[-0.61040598,42.96087521],[-0.60978832,42.96896499],[-0.61440984,42.98220924],[-0.61433666,42.98459383],[-0.61171675,42.98450454],[-0.60346362,42.98682158],[-0.59658769,42.99035408],[-0.58294123,42.9924213],[-0.56553073,42.99242765],[-0.56339038,42.98658125],[-0.55838393,42.98347201],[-0.54158506,42.97696813],[-0.53330236,42.97448067],[-0.51972758,42.97394129],[-0.50764045,42.97200855],[-0.50042747,42.97061168],[-0.49304086,42.9679957]]]]}},{"type":"Feature","properties":{"code":"64007","nom":"Agnos","departement":"64","region":"75"},"geometry":{"type":"MultiPolygon","coordinates":[[[[-0.66542205,43.14119246],[-0.66507771,43.14316889],[-0.66143257,43.14803174],[-0.65661758,43.15008252],[-0.64722607,43.15297056],[-0.64339817,43.15487116],[-0.63701567,43.1593142],[-0.62902312,43.16810066],[-0.61082928,43.17211337],[-0.60635643,43.1685903],[-0.60843727,43.16804975],[-0.60825368,43.15034312],[-0.61548885,43.14479008],[-0.62069325,43.14279743],[-0.63395045,43.13905658],[-0.64108368,43.14238499],[-0.65860741,43.14002391],[-0.66542205,43.14119246]]]]}},{"type":"Feature","properties":{"code":"64008","nom":"Ahaxe-Alciette-Bascassan","departement":"64","region":"75"},"geometry":{"type":"MultiPolygon","coordinates":[[[[-1.12322738,43.15950279],[-1.1236041,43.15862732],[-1.12999027,43.15514566],[-1.14596647,43.14733104],[-1.16154897,43.12616912],[-1.16279427,43.11780043],[-1.17633387,43.11947388],[-1.17821893,43.1191873],[-1.1802608,43.11974305],[-1.18755005,43.12575668],[-1.18692973,43.15336075],[-1.18530528,43.15517037],[-1.18186742,43.15434907],[-1.17560449,43.15859207],[-1.15214799,43.16203482],[-1.13549916,43.16538341],[-1.1299414,43.1638906],[-1.12322738,43.15950279]]]]}},{"type":"Feature","properties":{"code":"64009","nom":"Ahetze","departement":"64","region":"75"},"geometry":{"type":"MultiPolygon","coordinates":[[[[-1.53103851,43.39712718],[-1.53342462,43.39414633],[-1.5438839,43.39139607],[-1.55493044,43.39072145],[-1.56452054,43.39206264],[-1.58486239,43.39636943],[-1.59722873,43.40058554],[-1.59838507,43.40088874],[-1.60060989,43.41059344],[-1.59964792,43.414376],[-1.57996433,43.41951675],[-1.57835657,43.42104647],[-1.56888368,43.41561458],[-1.56366106,43.41337575],[-1.55875512,43.41224167],[-1.54519139,43.40620701],[-1.53338818,43.39713326],[-1.53103851,43.39712718]]]]}},{"type":"Feature","properties":{"code":"64010","nom":"Aïcirits-Camou-Suhast","departement":"64","region":"75"},"geometry":{"type":"MultiPolygon","coordinates":[[[[-1.00992147,43.3860778],[-1.00375685,43.38275435],[-1.00607127,43.37528587],[-1.0082817,43.37319434],[-1.01012106,43.36886278],[-1.00712369,43.36204245],[-0.99791185,43.35094018],[-0.99576008,43.35018833],[-0.99980446,43.34957759],[-1.01079908,43.3421101],[-1.00941449,43.33991408],[-1.00877168,43.33447396],[-1.00997641,43.33341592],[-1.02117388,43.32269527],[-1.0307327,43.3341517],[-1.03253212,43.33494841],[-1.02664719,43.34767405],[-1.02504746,43.35736558],[-1.02502088,43.35760347],[-1.02189273,43.3697786],[-1.02301535,43.37382731],[-1.02179744,43.3809609],[-1.01062565,43.38650569],[-1.00992147,43.3860778]]]]}},{"type":"Feature","properties":{"code":"64011","nom":"Aincille","departement":"64","region":"75"},"geometry":{"type":"MultiPolygon","coordinates":[[[[-1.17821893,43.1191873],[-1.18615281,43.11750291],[-1.1925194,43.12077699],[-1.20149994,43.12183841],[-1.20679445,43.11991045],[-1.21062157,43.13578293],[-1.20811736,43.13855055],[-1.20652691,43.14207958],[-1.20569654,43.14413954],[-1.20601358,43.1483417],[-1.20515118,43.14861135],[-1.20330534,43.14840055],[-1.18692973,43.15336075],[-1.18755005,43.12575668],[-1.1802608,43.11974305],[-1.17821893,43.1191873]]]]}},{"type":"Feature","properties":{"code":"64012","nom":"Ainharp","departement":"64","region":"75"},"geometry":{"type":"MultiPolygon","coordinates":[[[[-0.91488476,43.2628721],[-0.9162129,43.26217727],[-0.91669034,43.2559437],[-0.92017204,43.24707118],[-0.92259973,43.23463436],[-0.92375782,43.22853462],[-0.92561215,43.22684334],[-0.9301728,43.22693308],[-0.93284782,43.22984102],[-0.94696882,43.23901722],[-0.95162198,43.24098148],[-0.95584447,43.24064935],[-0.96543114,43.24940771],[-0.96749182,43.24959498],[-0.95796772,43.25859374],[-0.95684705,43.26521332],[-0.95231564,43.26823893],[-0.94056897,43.26260144],[-0.93685876,43.26255487],[-0.93153856,43.26441676],[-0.93106522,43.26533736],[-0.93487968,43.27035829],[-0.93525212,43.27572439],[-0.93359402,43.28161124],[-0.92731113,43.28248929],[-0.91806721,43.2808337],[-0.91165828,43.27246208],[-0.91488476,43.2628721]]]]}},{"type":"Feature","properties":{"code":"64013","nom":"Ainhice-Mongelos","departement":"64","region":"75"},"geometry":{"type":"MultiPolygon","coordinates":[[[[-1.17209831,43.20199392],[-1.17535512,43.20211377],[-1.17785787,43.20362109],[-1.17771132,43.20528776],[-1.18040852,43.21042839],[-1.1834826,43.21343936],[-1.17976179,43.22256429],[-1.17658238,43.22659228],[-1.16783127,43.23279384],[-1.15995034,43.22602607],[-1.15467839,43.22447095],[-1.14868066,43.22515125],[-1.14001048,43.22740202],[-1.13438952,43.22514683],[-1.13182474,43.21914075],[-1.14315916,43.20852128],[-1.14772457,43.19905556],[-1.15140648,43.19512717],[-1.15800323,43.19704648],[-1.16347272,43.19964936],[-1.16453279,43.20208909],[-1.16977714,43.20309884],[-1.17209831,43.20199392]]]]}},{"type":"Feature","properties":{"code":"64014","nom":"Ainhoa","departement":"64","region":"75"},"geometry":{"type":"MultiPolygon","coordinates":[[[[-1.50585113,43.32412445],[-1.48663135,43.32455218],[-1.48324918,43.32167592],[-1.47914206,43.31140968],[-1.47581907,43.30273817],[-1.47138218,43.29549943],[-1.45905205,43.28995636],[-1.4530535,43.28316718],[-1.44603475,43.2690489],[-1.46079919,43.27140399],[-1.49655338,43.28439617],[-1.50266327,43.28879981],[-1.5059556,43.29351991],[-1.50597569,43.29689973],[-1.51542768,43.30625057],[-1.51687895,43.31058159],[-1.50585113,43.32412445]]]]}},{"type":"Feature","properties":{"code":"64015","nom":"Alçay-Alçabéhéty-Sunharette","departement":"64","region":"75"},"geometry":{"type":"MultiPolygon","coordinates":[[[[-0.96195301,43.1147052],[-0.93428757,43.10452023],[-0.90944847,43.11265081],[-0.89391486,43.11479492],[-0.89058694,43.1121767],[-0.88382609,43.10368032],[-0.88306807,43.10104935],[-0.89103204,43.09884915],[-0.89750928,43.09195646],[-0.89843896,43.08899704],[-0.90140565,43.08877069],[-0.92512309,43.09505779],[-0.93432801,43.09516396],[-0.9374068,43.09448676],[-0.9565463,43.08417085],[-0.96872876,43.07610827],[-0.98689208,43.07282084],[-0.99506619,43.06871827],[-1.00749923,43.05916307],[-1.01780084,43.05516855],[-1.02131673,43.05804865],[-1.02550884,43.05350346],[-1.04768883,43.05598892],[-1.04255369,43.07380265],[-1.02983128,43.0727011],[-1.03209666,43.08428055],[-1.03811919,43.094163],[-1.01515061,43.09517611],[-1.0013805,43.09928841],[-0.99123412,43.09839702],[-0.9753279,43.09367581],[-0.97315757,43.09360104],[-0.96965297,43.09478217],[-0.96753316,43.09637505],[-0.96270541,43.10364383],[-0.96248938,43.1049747],[-0.96524262,43.10918794],[-0.96195301,43.1147052]]]]}},{"type":"Feature","properties":{"code":"64016","nom":"Aldudes","departement":"64","region":"75"},"geometry":{"type":"MultiPolygon","coordinates":[[[[-1.45606874,43.06323621],[-1.47161367,43.08079094],[-1.47236341,43.08327046],[-1.47128116,43.09100063],[-1.46453829,43.09737215],[-1.45187249,43.10238029],[-1.43391231,43.11430468],[-1.42695435,43.1198979],[-1.42660673,43.12158867],[-1.42583895,43.12062029],[-1.42437464,43.12054443],[-1.41636623,43.12115335],[-1.4103835,43.11669166],[-1.40100534,43.105025],[-1.39306352,43.09135973],[-1.40191747,43.08976927],[-1.41482451,43.08140348],[-1.44356978,43.06584943],[-1.45606874,43.06323621]]]]}},{"type":"Feature","properties":{"code":"64017","nom":"Alos-Sibas-Abense","departement":"64","region":"75"},"geometry":{"type":"MultiPolygon","coordinates":[[[[-0.89391486,43.11479492],[-0.89178445,43.12640322],[-0.88986904,43.12779259],[-0.88166516,43.12900707],[-0.88015362,43.12359802],[-0.8762869,43.1233185],[-0.86597132,43.11730998],[-0.86117912,43.11150432],[-0.86001109,43.10450425],[-0.86517989,43.09689061],[-0.87942996,43.10265282],[-0.88306807,43.10104935],[-0.88382609,43.10368032],[-0.89058694,43.1121767],[-0.89391486,43.11479492]]]]}},{"type":"Feature","properties":{"code":"64018","nom":"Amendeuix-Oneix","departement":"64","region":"75"},"geometry":{"type":"MultiPolygon","coordinates":[[[[-1.02502088,43.35760347],[-1.02504746,43.35736558],[-1.02664719,43.34767405],[-1.03253212,43.33494841],[-1.03927651,43.32666894],[-1.04560085,43.32339678],[-1.04991954,43.32212256],[-1.04912183,43.32009421],[-1.05291427,43.32291735],[-1.06329288,43.32627662],[-1.06243309,43.32743401],[-1.06379825,43.32761598],[-1.06366487,43.33055214],[-1.05495241,43.33190717],[-1.04880636,43.33410578],[-1.05037103,43.34584285],[-1.05494101,43.35438845],[-1.0552174,43.36465616],[-1.05598795,43.36532357],[-1.05590988,43.36616064],[-1.05278056,43.36764268],[-1.0507049,43.36269401],[-1.04434543,43.36000629],[-1.0393963,43.35884822],[-1.02502088,43.35760347]]]]}},{"type":"Feature","properties":{"code":"64019","nom":"Amorots-Succos","departement":"64","region":"75"},"geometry":{"type":"MultiPolygon","coordinates":[[[[-1.13253615,43.33598117],[-1.13545375,43.34270236],[-1.14196746,43.34655266],[-1.14906882,43.34998008],[-1.15297033,43.35101668],[-1.15586517,43.35300081],[-1.15764178,43.35929343],[-1.15765294,43.35948218],[-1.1445794,43.36100838],[-1.13662955,43.36758992],[-1.13326216,43.37640918],[-1.13352868,43.38070418],[-1.13287116,43.38088695],[-1.12686804,43.37888026],[-1.1212502,43.38398878],[-1.11929872,43.38683594],[-1.11548528,43.38950708],[-1.10280745,43.39069491],[-1.10216879,43.3860861],[-1.09783863,43.37433219],[-1.10288272,43.36452099],[-1.11642818,43.3431232],[-1.12627722,43.33380071],[-1.13253615,43.33598117]]]]}},{"type":"Feature","properties":{"code":"64021","nom":"Andoins","departement":"64","region":"75"},"geometry":{"type":"MultiPolygon","coordinates":[[[[-0.24150457,43.29036608],[-0.24289913,43.29099046],[-0.24411001,43.2934534],[-0.24220791,43.29791937],[-0.24720801,43.30451358],[-0.2571193,43.3090654],[-0.25176125,43.31171169],[-0.24064798,43.32044743],[-0.2377243,43.32031716],[-0.22167143,43.3119349],[-0.20875274,43.31401633],[-0.20384331,43.30681361],[-0.19861433,43.30304857],[-0.19500571,43.29583586],[-0.19806935,43.28809448],[-0.20536624,43.28086401],[-0.21375796,43.28508646],[-0.22873901,43.28634852],[-0.23569159,43.28712814],[-0.24150457,43.29036608]]]]}},{"type":"Feature","properties":{"code":"64022","nom":"Andrein","departement":"64","region":"75"},"geometry":{"type":"MultiPolygon","coordinates":[[[[-0.86786511,43.39154998],[-0.86805354,43.38939235],[-0.8805755,43.38438901],[-0.88680181,43.38911942],[-0.8958764,43.38941992],[-0.91019228,43.39209293],[-0.91198743,43.39308099],[-0.90764176,43.40302363],[-0.89816857,43.40852383],[-0.89121642,43.41906045],[-0.87779185,43.4102647],[-0.87252791,43.41023611],[-0.87590186,43.40284379],[-0.87537079,43.3994716],[-0.87279244,43.39420015],[-0.86936431,43.39299785],[-0.86786511,43.39154998]]]]}},{"type":"Feature","properties":{"code":"64023","nom":"Angaïs","departement":"64","region":"75"},"geometry":{"type":"MultiPolygon","coordinates":[[[[-0.22756434,43.24060105],[-0.23014885,43.23870518],[-0.23281299,43.23489288],[-0.23437739,43.2298522],[-0.24847508,43.22647048],[-0.25368562,43.22612806],[-0.25875102,43.22690071],[-0.26271907,43.23103916],[-0.26303,43.23394669],[-0.26534034,43.23641294],[-0.26172078,43.24284963],[-0.25403829,43.25046118],[-0.25164527,43.25262557],[-0.24722995,43.25429346],[-0.23911422,43.24942539],[-0.22756434,43.24060105]]]]}},{"type":"Feature","properties":{"code":"64024","nom":"Anglet","departement":"64","region":"75"},"geometry":{"type":"MultiPolygon","coordinates":[[[[-1.51708263,43.45251011],[-1.5177241,43.45423427],[-1.53557978,43.46092231],[-1.53464469,43.47301004],[-1.53520353,43.4810287],[-1.53543542,43.48567356],[-1.53800028,43.48716664],[-1.54447981,43.49095306],[-1.54734244,43.49263622],[-1.54865218,43.49307509],[-1.54583053,43.49550687],[-1.53771172,43.50838996],[-1.52116524,43.52881669],[-1.51310849,43.52801691],[-1.5017597,43.52711898],[-1.49138478,43.52114018],[-1.49089204,43.51658355],[-1.49205127,43.51194947],[-1.49276393,43.50858832],[-1.4904089,43.50301493],[-1.49091931,43.50238639],[-1.49098368,43.50230713],[-1.49225538,43.50096575],[-1.49390104,43.49812375],[-1.49600474,43.49185363],[-1.49601246,43.4918416],[-1.49775693,43.48838625],[-1.49971577,43.48435245],[-1.5023749,43.48314615],[-1.50485022,43.48128599],[-1.5048808,43.47888314],[-1.50457952,43.47794496],[-1.50156858,43.47767453],[-1.492888,43.47714011],[-1.49109304,43.47634044],[-1.49077407,43.47526779],[-1.49356917,43.46958641],[-1.49843716,43.46412526],[-1.49482141,43.45050069],[-1.50595089,43.45081574],[-1.51708263,43.45251011]]]]}},{"type":"Feature","properties":{"code":"64025","nom":"Angous","departement":"64","region":"75"},"geometry":{"type":"MultiPolygon","coordinates":[[[[-0.80994815,43.27340229],[-0.81143381,43.27316704],[-0.81283073,43.27388233],[-0.8210624,43.27945429],[-0.82317152,43.28229852],[-0.8234973,43.28681976],[-0.82600342,43.29454296],[-0.8246487,43.29566267],[-0.82751889,43.30256516],[-0.82292634,43.30302588],[-0.81986757,43.30474799],[-0.81530804,43.30582233],[-0.80641552,43.30715099],[-0.80129337,43.30686301],[-0.8010976,43.30537218],[-0.80118066,43.30188298],[-0.80008937,43.29887281],[-0.798367,43.29775359],[-0.79734659,43.29804254],[-0.79840215,43.28962531],[-0.80563134,43.2774649],[-0.80994815,43.27340229]]]]}},{"type":"Feature","properties":{"code":"64026","nom":"Anhaux","departement":"64","region":"75"},"geometry":{"type":"MultiPolygon","coordinates":[[[[-1.33632229,43.11318512],[-1.33667419,43.11582648],[-1.33277243,43.11951285],[-1.3323155,43.12101214],[-1.33035976,43.12707657],[-1.32903495,43.12866479],[-1.32521907,43.13162678],[-1.31799547,43.13550629],[-1.31270063,43.13984315],[-1.303629,43.15817323],[-1.30402484,43.16209753],[-1.30044293,43.17141976],[-1.29521725,43.17380269],[-1.28749518,43.17451371],[-1.28294377,43.17249041],[-1.2831224,43.16925755],[-1.27180597,43.16928602],[-1.26988581,43.17051332],[-1.26747352,43.16996209],[-1.27189028,43.16468685],[-1.2758412,43.16271957],[-1.27575473,43.16015576],[-1.28459598,43.14568025],[-1.28941088,43.14079287],[-1.29658169,43.13754352],[-1.29932067,43.13354014],[-1.29869138,43.12908298],[-1.3008953,43.12572968],[-1.3262358,43.11747955],[-1.33632229,43.11318512]]]]}},{"type":"Feature","properties":{"code":"64027","nom":"Anos","departement":"64","region":"75"},"geometry":{"type":"MultiPolygon","coordinates":[[[[-0.28777345,43.40999975],[-0.28359466,43.4054246],[-0.28393704,43.40049615],[-0.28277577,43.39150476],[-0.2869967,43.39030785],[-0.29340271,43.39128901],[-0.29653502,43.39249474],[-0.29662433,43.39810611],[-0.2930915,43.40473089],[-0.28777345,43.40999975]]]]}},{"type":"Feature","properties":{"code":"64028","nom":"Anoye","departement":"64","region":"75"},"geometry":{"type":"MultiPolygon","coordinates":[[[[-0.13058017,43.41633614],[-0.12071982,43.41767152],[-0.12028449,43.41394942],[-0.11622937,43.40837785],[-0.11482805,43.40466557],[-0.11508896,43.40163833],[-0.12138755,43.3905277],[-0.12008038,43.38923381],[-0.11859091,43.38926774],[-0.13370671,43.38453197],[-0.14731804,43.3781722],[-0.15119363,43.37742555],[-0.15700766,43.37804206],[-0.15913052,43.37893896],[-0.16098268,43.38540245],[-0.16126441,43.39210542],[-0.15034063,43.39393385],[-0.14881086,43.40363642],[-0.14829638,43.4057438],[-0.14257497,43.40994724],[-0.1326212,43.41584853],[-0.13058017,43.41633614]]]]}},{"type":"Feature","properties":{"code":"64029","nom":"Aramits","departement":"64","region":"75"},"geometry":{"type":"MultiPolygon","coordinates":[[[[-0.6656104,43.12749251],[-0.66562467,43.11792968],[-0.68513113,43.11030208],[-0.68599654,43.10851306],[-0.71262993,43.10847519],[-0.71976741,43.10766973],[-0.74425212,43.11202485],[-0.74267662,43.11496913],[-0.74939018,43.12696737],[-0.76328224,43.13384336],[-0.77049682,43.13900296],[-0.77292001,43.14163308],[-0.77503889,43.14233147],[-0.77313338,43.15169842],[-0.76890621,43.15912589],[-0.76418845,43.15838216],[-0.75476871,43.15892865],[-0.74080877,43.15776621],[-0.73182826,43.1610752],[-0.7235149,43.1547695],[-0.71755023,43.14808781],[-0.68887334,43.13075665],[-0.67598406,43.12570646],[-0.6656104,43.12749251]]]]}},{"type":"Feature","properties":{"code":"64031","nom":"Arancou","departement":"64","region":"75"},"geometry":{"type":"MultiPolygon","coordinates":[[[[-1.07314874,43.45005002],[-1.07116199,43.45031662],[-1.06838031,43.45226253],[-1.06801491,43.45464734],[-1.06609534,43.45597073],[-1.05952947,43.45897369],[-1.05447531,43.45461187],[-1.04698332,43.45442636],[-1.04206744,43.4519056],[-1.039523,43.44759991],[-1.03898494,43.43174269],[-1.03756577,43.43186409],[-1.03590613,43.43016215],[-1.03562381,43.42946823],[-1.0367491,43.42871822],[-1.04715359,43.43032778],[-1.05561115,43.43250568],[-1.05939333,43.44149944],[-1.06583577,43.44592144],[-1.07224377,43.44547974],[-1.07314874,43.45005002]]]]}},{"type":"Feature","properties":{"code":"64032","nom":"Araujuzon","departement":"64","region":"75"},"geometry":{"type":"MultiPolygon","coordinates":[[[[-0.82385546,43.3646764],[-0.8225094,43.36437183],[-0.81526861,43.36618837],[-0.81071338,43.36540689],[-0.80802349,43.36374715],[-0.80490358,43.36200342],[-0.81766948,43.35229834],[-0.83392528,43.3341315],[-0.83648743,43.32806657],[-0.84052596,43.32202479],[-0.84344869,43.3211058],[-0.84678626,43.32218851],[-0.84861243,43.32758685],[-0.84991012,43.32865474],[-0.83586359,43.33965129],[-0.83598255,43.34399364],[-0.83954676,43.34908735],[-0.8471624,43.35192574],[-0.83737408,43.3613199],[-0.835401,43.36742711],[-0.83616353,43.37029214],[-0.83474286,43.37122428],[-0.82734665,43.36501134],[-0.82385546,43.3646764]]]]}},{"type":"Feature","properties":{"code":"64033","nom":"Araux","departement":"64","region":"75"},"geometry":{"type":"MultiPolygon","coordinates":[[[[-0.80490358,43.36200342],[-0.79875463,43.35851882],[-0.79736847,43.34957367],[-0.82156116,43.33320397],[-0.83253918,43.31684325],[-0.83531177,43.31722852],[-0.84344869,43.3211058],[-0.84052596,43.32202479],[-0.83648743,43.32806657],[-0.83392528,43.3341315],[-0.81766948,43.35229834],[-0.80490358,43.36200342]]]]}},{"type":"Feature","properties":{"code":"64034","nom":"Arbérats-Sillègue","departement":"64","region":"75"},"geometry":{"type":"MultiPolygon","coordinates":[[[[-1.00997641,43.33341592],[-1.00877168,43.33447396],[-1.00941449,43.33991408],[-1.01079908,43.3421101],[-0.99980446,43.34957759],[-0.99576008,43.35018833],[-0.98293024,43.34886117],[-0.9731927,43.34932036],[-0.97415813,43.34726722],[-0.97392874,43.34403299],[-0.97736432,43.33802483],[-0.98213137,43.33434815],[-0.98680937,43.33377847],[-0.99140658,43.33220454],[-0.9933667,43.32913537],[-0.99881239,43.32987349],[-1.00997641,43.33341592]]]]}},{"type":"Feature","properties":{"code":"64035","nom":"Arbonne","departement":"64","region":"75"},"geometry":{"type":"MultiPolygon","coordinates":[[[[-1.53103851,43.39712718],[-1.53338818,43.39713326],[-1.54519139,43.40620701],[-1.55875512,43.41224167],[-1.56366106,43.41337575],[-1.56888368,43.41561458],[-1.57835657,43.42104647],[-1.56629139,43.42935941],[-1.55232881,43.44089576],[-1.54490799,43.44382995],[-1.54216166,43.44756156],[-1.5399572,43.4476351],[-1.54026543,43.44541525],[-1.53886144,43.4404484],[-1.5360759,43.43723002],[-1.53623184,43.43121465],[-1.53789403,43.42526683],[-1.53990559,43.42287104],[-1.54059545,43.42013147],[-1.54022212,43.41883237],[-1.53105921,43.40906074],[-1.5297219,43.40253405],[-1.53103851,43.39712718]]]]}},{"type":"Feature","properties":{"code":"64036","nom":"Arbouet-Sussaute","departement":"64","region":"75"},"geometry":{"type":"MultiPolygon","coordinates":[[[[-0.9731927,43.34932036],[-0.98293024,43.34886117],[-0.99576008,43.35018833],[-0.99791185,43.35094018],[-1.00712369,43.36204245],[-1.01012106,43.36886278],[-1.0082817,43.37319434],[-1.00607127,43.37528587],[-1.00375685,43.38275435],[-1.00992147,43.3860778],[-1.0032326,43.39378764],[-1.00365939,43.39479064],[-1.00933939,43.39615849],[-1.01289792,43.40784144],[-1.01029664,43.40914675],[-1.00473593,43.40054919],[-0.98919093,43.39400995],[-0.98392711,43.39077465],[-0.98039703,43.38561527],[-0.97931249,43.38202327],[-0.97321615,43.37555923],[-0.97000665,43.37364137],[-0.96681172,43.37031953],[-0.96252741,43.36314812],[-0.96191671,43.35788044],[-0.9694133,43.35132462],[-0.9731927,43.34932036]]]]}},{"type":"Feature","properties":{"code":"64037","nom":"Arbus","departement":"64","region":"75"},"geometry":{"type":"MultiPolygon","coordinates":[[[[-0.52238642,43.34099511],[-0.51903495,43.34873952],[-0.51465647,43.35416963],[-0.50795023,43.34907719],[-0.50636112,43.34883697],[-0.50243704,43.34479581],[-0.48639986,43.3344022],[-0.48903263,43.3309243],[-0.48981815,43.32786617],[-0.48949305,43.31184939],[-0.48752369,43.30082574],[-0.48868634,43.29946185],[-0.49765964,43.29841535],[-0.50621044,43.29644714],[-0.52196693,43.31910454],[-0.52350201,43.31946152],[-0.52313119,43.32063792],[-0.52180964,43.32101057],[-0.52257862,43.32539785],[-0.52861546,43.33025806],[-0.5319854,43.33174547],[-0.52238642,43.34099511]]]]}},{"type":"Feature","properties":{"code":"64038","nom":"Arcangues","departement":"64","region":"75"},"geometry":{"type":"MultiPolygon","coordinates":[[[[-1.5399572,43.4476351],[-1.53557978,43.46092231],[-1.5177241,43.45423427],[-1.51708263,43.45251011],[-1.52157246,43.44989681],[-1.51893078,43.44058929],[-1.51711228,43.43762386],[-1.5101498,43.43308144],[-1.49951541,43.43304556],[-1.48774139,43.43470854],[-1.475424,43.4383733],[-1.47678068,43.4339135],[-1.4849707,43.42224122],[-1.49492335,43.41723714],[-1.51466582,43.40153424],[-1.51676418,43.39753583],[-1.51772336,43.39124571],[-1.53342462,43.39414633],[-1.53103851,43.39712718],[-1.5297219,43.40253405],[-1.53105921,43.40906074],[-1.54022212,43.41883237],[-1.54059545,43.42013147],[-1.53990559,43.42287104],[-1.53789403,43.42526683],[-1.53623184,43.43121465],[-1.5360759,43.43723002],[-1.53886144,43.4404484],[-1.54026543,43.44541525],[-1.5399572,43.4476351]]]]}},{"type":"Feature","properties":{"code":"64039","nom":"Aren","departement":"64","region":"75"},"geometry":{"type":"MultiPolygon","coordinates":[[[[-0.69011351,43.25086228],[-0.69121426,43.25345145],[-0.69325947,43.25393352],[-0.69452992,43.25574512],[-0.70031205,43.25889523],[-0.71091273,43.25515168],[-0.71573539,43.25469853],[-0.71802683,43.25200088],[-0.71781206,43.24712111],[-0.73136092,43.24484261],[-0.73995358,43.24211377],[-0.74597404,43.23867115],[-0.74779524,43.23511744],[-0.75740331,43.22741874],[-0.76123436,43.22526266],[-0.76702993,43.23558511],[-0.77041385,43.23877735],[-0.76671715,43.23913247],[-0.74944203,43.24563617],[-0.73698328,43.2515192],[-0.7245315,43.2562316],[-0.71245808,43.25515709],[-0.7018,43.25867672],[-0.69848039,43.26193874],[-0.69932657,43.26598644],[-0.6969421,43.26771608],[-0.69365829,43.26439295],[-0.68787216,43.26391895],[-0.6784491,43.25653649],[-0.67641585,43.25351609],[-0.67632905,43.24983507],[-0.68516133,43.25157987],[-0.69011351,43.25086228]]]]}},{"type":"Feature","properties":{"code":"64040","nom":"Arette","departement":"64","region":"75"},"geometry":{"type":"MultiPolygon","coordinates":[[[[-0.73602745,42.99406897],[-0.7362095,42.99036942],[-0.72410749,42.97261891],[-0.72046022,42.95662238],[-0.74058346,42.94884165],[-0.75127507,42.96569024],[-0.75823402,42.96785275],[-0.76388279,42.96846622],[-0.78382503,42.96446506],[-0.78471458,42.96723562],[-0.78771267,42.96814377],[-0.79365285,42.97526134],[-0.79725899,42.9830059],[-0.79787845,42.98766596],[-0.79442829,42.99043403],[-0.77679887,42.9982048],[-0.75446699,42.99875841],[-0.754244,43.00127911],[-0.76367517,43.01262807],[-0.77490907,43.01682441],[-0.77800997,43.01695861],[-0.77692215,43.02198949],[-0.77526155,43.02435641],[-0.77596375,43.03134044],[-0.77939786,43.04181038],[-0.7733809,43.05305973],[-0.77724002,43.06143148],[-0.77584344,43.06895222],[-0.76479705,43.08106006],[-0.75798743,43.08488802],[-0.75197939,43.09121871],[-0.74936245,43.10471015],[-0.74676766,43.10947915],[-0.74425212,43.11202485],[-0.71976741,43.10766973],[-0.71262993,43.10847519],[-0.68599654,43.10851306],[-0.6821954,43.10631194],[-0.68039588,43.10367945],[-0.67967844,43.0983727],[-0.68089082,43.09000981],[-0.6858999,43.08585239],[-0.68692633,43.0808723],[-0.6864031,43.07630545],[-0.68462258,43.07135669],[-0.67647571,43.05971257],[-0.67713276,43.05940561],[-0.67609679,43.05067597],[-0.67719647,43.04813989],[-0.68039904,43.04207361],[-0.68793724,43.0338491],[-0.6961029,43.04438486],[-0.70245859,43.04867266],[-0.70798897,43.04500946],[-0.71280596,43.04081775],[-0.71185618,43.02729101],[-0.71453924,43.01985684],[-0.72440734,43.01163648],[-0.72970114,43.00582305],[-0.73568748,42.99826832],[-0.73602745,42.99406897]]]]}},{"type":"Feature","properties":{"code":"64041","nom":"Aressy","departement":"64","region":"75"},"geometry":{"type":"MultiPolygon","coordinates":[[[[-0.33339353,43.27092139],[-0.33850904,43.27664087],[-0.33847332,43.28011015],[-0.3302558,43.28592892],[-0.3160745,43.28218756],[-0.32028666,43.27283502],[-0.33131023,43.26956042],[-0.33339353,43.27092139]]]]}},{"type":"Feature","properties":{"code":"64042","nom":"Argagnon","departement":"64","region":"75"},"geometry":{"type":"MultiPolygon","coordinates":[[[[-0.69471483,43.45752151],[-0.69977722,43.4593752],[-0.70098497,43.46989426],[-0.69393648,43.47399868],[-0.68575189,43.47666147],[-0.66958818,43.47811075],[-0.66557416,43.46509259],[-0.65857667,43.46285867],[-0.65353302,43.46258487],[-0.64884091,43.45801198],[-0.64668837,43.45080106],[-0.6470541,43.44953147],[-0.66176708,43.45104434],[-0.66774852,43.45173178],[-0.67221852,43.45165057],[-0.68373851,43.44639407],[-0.69471483,43.45752151]]]]}},{"type":"Feature","properties":{"code":"64043","nom":"Argelos","departement":"64","region":"75"},"geometry":{"type":"MultiPolygon","coordinates":[[[[-0.34737688,43.46054411],[-0.34596539,43.45827617],[-0.33039316,43.45067248],[-0.33199885,43.44931022],[-0.33371129,43.43787473],[-0.33265097,43.43388591],[-0.33412842,43.43251586],[-0.3427462,43.4346328],[-0.36015896,43.44480415],[-0.36329593,43.45761344],[-0.36355795,43.45966203],[-0.35765828,43.464732],[-0.35508168,43.46511078],[-0.34738367,43.46140386],[-0.34737688,43.46054411]]]]}},{"type":"Feature","properties":{"code":"64044","nom":"Arget","departement":"64","region":"75"},"geometry":{"type":"MultiPolygon","coordinates":[[[[-0.53559633,43.53328499],[-0.54168971,43.53648246],[-0.54572089,43.53765036],[-0.55292638,43.54315615],[-0.5362816,43.54987657],[-0.52831894,43.55445796],[-0.52554478,43.5577598],[-0.52010056,43.55478975],[-0.51433208,43.54730342],[-0.51757434,43.54311221],[-0.52064568,43.54078444],[-0.52777818,43.53883162],[-0.5310239,43.53721566],[-0.53559633,43.53328499]]]]}},{"type":"Feature","properties":{"code":"64045","nom":"Arhansus","departement":"64","region":"75"},"geometry":{"type":"MultiPolygon","coordinates":[[[[-1.01822362,43.2435146],[-1.02035506,43.24572388],[-1.02620534,43.24793407],[-1.03441437,43.24910288],[-1.04602846,43.25260873],[-1.03705419,43.26727514],[-1.030838,43.27005554],[-1.01859246,43.25922346],[-1.00722922,43.25566661],[-1.00453516,43.25351576],[-1.00675666,43.2483336],[-1.01222728,43.24507342],[-1.01822362,43.2435146]]]]}},{"type":"Feature","properties":{"code":"64046","nom":"Armendarits","departement":"64","region":"75"},"geometry":{"type":"MultiPolygon","coordinates":[[[[-1.13553859,43.27061121],[-1.13842676,43.27322001],[-1.14330231,43.28037084],[-1.15454003,43.28818048],[-1.15762581,43.28897424],[-1.18017712,43.2905503],[-1.20001712,43.29591972],[-1.20575042,43.29576237],[-1.20633723,43.29628272],[-1.20573599,43.29652775],[-1.19773644,43.30355111],[-1.19477624,43.31365015],[-1.19322383,43.31332215],[-1.18551915,43.31464157],[-1.17389763,43.32175737],[-1.17217271,43.32138258],[-1.15837638,43.31732019],[-1.13459003,43.30334538],[-1.13520858,43.30233983],[-1.13593773,43.30134625],[-1.13285241,43.29652256],[-1.12729331,43.29117454],[-1.12404638,43.27924969],[-1.12508592,43.27422237],[-1.13160811,43.27277044],[-1.13553859,43.27061121]]]]}},{"type":"Feature","properties":{"code":"64047","nom":"Arnéguy","departement":"64","region":"75"},"geometry":{"type":"MultiPolygon","coordinates":[[[[-1.24760011,43.04263643],[-1.25477629,43.04293642],[-1.2642134,43.04578715],[-1.26681164,43.04923014],[-1.27400631,43.05551874],[-1.28327449,43.06123804],[-1.28705261,43.06308895],[-1.30418403,43.06775618],[-1.30691324,43.07510599],[-1.30108165,43.08916206],[-1.2985221,43.0927385],[-1.28961757,43.10281012],[-1.28119665,43.10999103],[-1.27348535,43.11484075],[-1.26998386,43.118271],[-1.27037614,43.1215495],[-1.26349032,43.12060272],[-1.25610197,43.11693621],[-1.25227796,43.11050109],[-1.25001253,43.10079239],[-1.25134235,43.09709645],[-1.25695381,43.09122804],[-1.25037891,43.08645015],[-1.26251473,43.07762143],[-1.26664898,43.0733197],[-1.26895183,43.06809879],[-1.2681474,43.0598784],[-1.26715355,43.05856136],[-1.25865154,43.049123],[-1.24760011,43.04263643]]]]}},{"type":"Feature","properties":{"code":"64048","nom":"Arnos","departement":"64","region":"75"},"geometry":{"type":"MultiPolygon","coordinates":[[[[-0.53720886,43.47666077],[-0.53662597,43.47359979],[-0.52441991,43.46630927],[-0.51866963,43.46601347],[-0.51775843,43.46502451],[-0.5200575,43.45263817],[-0.52268778,43.44722762],[-0.52747098,43.44424147],[-0.53420254,43.44473075],[-0.53922947,43.44019523],[-0.54298767,43.44149614],[-0.54485378,43.44141346],[-0.54273959,43.45704726],[-0.54543849,43.47154123],[-0.53720886,43.47666077]]]]}},{"type":"Feature","properties":{"code":"64049","nom":"Aroue-Ithorots-Olhaïby","departement":"64","region":"75"},"geometry":{"type":"MultiPolygon","coordinates":[[[[-0.93359402,43.28161124],[-0.93941735,43.287973],[-0.94056737,43.29000621],[-0.94891907,43.29188804],[-0.95688845,43.29013275],[-0.95798988,43.28654728],[-0.9603328,43.28709097],[-0.95973992,43.31980905],[-0.95790794,43.32275305],[-0.95324728,43.32622566],[-0.94074868,43.3304543],[-0.94206403,43.31596173],[-0.94020878,43.31392357],[-0.93557579,43.3114678],[-0.93153959,43.30873254],[-0.93036934,43.31186358],[-0.9261165,43.31390965],[-0.92285756,43.31666163],[-0.91159468,43.33356425],[-0.91233044,43.3440866],[-0.91054723,43.34381516],[-0.90256208,43.33898237],[-0.89743679,43.33430717],[-0.89895598,43.32501586],[-0.89761288,43.31506679],[-0.8982903,43.31246373],[-0.91292004,43.2957741],[-0.9211619,43.28894085],[-0.92270257,43.28349891],[-0.91775773,43.28181224],[-0.91806721,43.2808337],[-0.92731113,43.28248929],[-0.93359402,43.28161124]]]]}},{"type":"Feature","properties":{"code":"64050","nom":"Arrast-Larrebieu","departement":"64","region":"75"},"geometry":{"type":"MultiPolygon","coordinates":[[[[-0.82600342,43.29454296],[-0.82934195,43.29264413],[-0.83802692,43.28457252],[-0.84915965,43.27710553],[-0.85848848,43.26791949],[-0.86545294,43.25951707],[-0.86754655,43.26052733],[-0.86925255,43.27586958],[-0.86725839,43.28193652],[-0.86518494,43.28500716],[-0.86376561,43.28549836],[-0.86422319,43.28864592],[-0.84939315,43.29780714],[-0.83911605,43.30046227],[-0.82852393,43.30534941],[-0.82751889,43.30256516],[-0.8246487,43.29566267],[-0.82600342,43.29454296]]]]}},{"type":"Feature","properties":{"code":"64051","nom":"Arraute-Charritte","departement":"64","region":"75"},"geometry":{"type":"MultiPolygon","coordinates":[[[[-1.10280745,43.39069491],[-1.11548528,43.38950708],[-1.11929872,43.38683594],[-1.1212502,43.38398878],[-1.12686804,43.37888026],[-1.13287116,43.38088695],[-1.12447092,43.38746223],[-1.12427111,43.39510011],[-1.13336175,43.40862476],[-1.1407815,43.41577516],[-1.14687182,43.41961578],[-1.16084585,43.4380723],[-1.13624994,43.43481663],[-1.11547377,43.4375958],[-1.09259705,43.44230882],[-1.08899809,43.4431619],[-1.08810429,43.44403256],[-1.08619304,43.44163542],[-1.08297611,43.44127031],[-1.08032467,43.44357649],[-1.0793058,43.44932458],[-1.07793462,43.45127796],[-1.07469869,43.45222136],[-1.07314874,43.45005002],[-1.07224377,43.44547974],[-1.07312844,43.43901522],[-1.08165708,43.43178262],[-1.09115635,43.42696476],[-1.09279207,43.424158],[-1.08891892,43.41922715],[-1.08413144,43.41580271],[-1.08763787,43.41043729],[-1.1004641,43.39585912],[-1.10280745,43.39069491]]]]}},{"type":"Feature","properties":{"code":"64052","nom":"Arricau-Bordes","departement":"64","region":"75"},"geometry":{"type":"MultiPolygon","coordinates":[[[[-0.13466941,43.51702707],[-0.13406208,43.51614601],[-0.12869393,43.51667469],[-0.12818776,43.51726285],[-0.12675189,43.51570602],[-0.12695113,43.5019807],[-0.12123697,43.48949201],[-0.13496713,43.48646301],[-0.15367117,43.49175779],[-0.15443541,43.49137359],[-0.15880967,43.49573569],[-0.1669892,43.4979624],[-0.1644748,43.50369228],[-0.16347165,43.50960135],[-0.16254779,43.510056],[-0.15092574,43.51365929],[-0.13466941,43.51702707]]]]}},{"type":"Feature","properties":{"code":"64053","nom":"Arrien","departement":"64","region":"75"},"geometry":{"type":"MultiPolygon","coordinates":[[[[-0.17810773,43.32374753],[-0.17632704,43.32312103],[-0.16775954,43.32310595],[-0.1598559,43.32406472],[-0.15420887,43.32351661],[-0.15507348,43.32239391],[-0.15275967,43.32143868],[-0.1514018,43.31597836],[-0.15152252,43.31403741],[-0.1493001,43.30820439],[-0.15099115,43.30269576],[-0.15876333,43.30026675],[-0.16485763,43.30473572],[-0.16725001,43.30555872],[-0.17115985,43.30498941],[-0.17868116,43.31878526],[-0.17810773,43.32374753]]]]}},{"type":"Feature","properties":{"code":"64054","nom":"Arros-de-Nay","departement":"64","region":"75"},"geometry":{"type":"MultiPolygon","coordinates":[[[[-0.28232529,43.16791986],[-0.29538476,43.15643399],[-0.29934674,43.15333297],[-0.3015199,43.15344828],[-0.30302408,43.15493893],[-0.29442636,43.16022092],[-0.2953508,43.16105601],[-0.29642834,43.16203044],[-0.30313935,43.16142891],[-0.30953682,43.15915581],[-0.31073948,43.15608682],[-0.31033615,43.15452016],[-0.31963456,43.15612294],[-0.31925286,43.15765523],[-0.31384762,43.16390368],[-0.29787227,43.17547574],[-0.31309292,43.17714189],[-0.32161224,43.1791863],[-0.32310115,43.18043322],[-0.32372809,43.18322547],[-0.31977135,43.18668829],[-0.31899209,43.18942032],[-0.31834475,43.19380662],[-0.31385794,43.19302627],[-0.30775376,43.19399509],[-0.28864458,43.20408452],[-0.27428613,43.21011378],[-0.2713059,43.20671742],[-0.27006739,43.20664513],[-0.26929097,43.20397506],[-0.28097772,43.1968349],[-0.28022484,43.19374107],[-0.2768259,43.18781442],[-0.27419506,43.18542041],[-0.27347209,43.18440796],[-0.27587341,43.17733555],[-0.28285948,43.16905232],[-0.28232529,43.16791986]]]]}},{"type":"Feature","properties":{"code":"64056","nom":"Arrosès","departement":"64","region":"75"},"geometry":{"type":"MultiPolygon","coordinates":[[[[-0.14019431,43.56093734],[-0.13843955,43.56170396],[-0.13199037,43.56178762],[-0.12004947,43.55913579],[-0.10885425,43.55912031],[-0.09329991,43.56366083],[-0.08964649,43.55997049],[-0.08876458,43.5570656],[-0.09431623,43.54870457],[-0.09424754,43.54391629],[-0.09197475,43.54244317],[-0.08710418,43.54233155],[-0.09294329,43.53544634],[-0.10322415,43.5275163],[-0.10669209,43.5262672],[-0.11927182,43.53676255],[-0.12791326,43.54586924],[-0.13274093,43.54956403],[-0.13574167,43.55529512],[-0.13984393,43.55881071],[-0.14019431,43.56093734]]]]}},{"type":"Feature","properties":{"code":"64057","nom":"Arthez-de-Béarn","departement":"64","region":"75"},"geometry":{"type":"MultiPolygon","coordinates":[[[[-0.58707315,43.48806155],[-0.57919468,43.48470155],[-0.57958161,43.47868257],[-0.5909639,43.48035127],[-0.59672594,43.47789781],[-0.5957411,43.47532231],[-0.58741106,43.46585831],[-0.58145152,43.45635871],[-0.5802717,43.45019892],[-0.58236449,43.44886978],[-0.59335074,43.4499513],[-0.60722544,43.43945286],[-0.6251409,43.43952013],[-0.63100586,43.43835187],[-0.64116603,43.43969216],[-0.64430382,43.44235871],[-0.6470541,43.44953147],[-0.64668837,43.45080106],[-0.64884091,43.45801198],[-0.65353302,43.46258487],[-0.65857667,43.46285867],[-0.66557416,43.46509259],[-0.66958818,43.47811075],[-0.65969498,43.47923702],[-0.63561632,43.47694487],[-0.63257233,43.47827003],[-0.62821744,43.48097014],[-0.62759743,43.48355052],[-0.63050224,43.49477615],[-0.63059432,43.49918895],[-0.62973228,43.5004274],[-0.62763669,43.4993159],[-0.61592463,43.49661622],[-0.60396314,43.48966542],[-0.58707315,43.48806155]]]]}},{"type":"Feature","properties":{"code":"64058","nom":"Arthez-d'Asson","departement":"64","region":"75"},"geometry":{"type":"MultiPolygon","coordinates":[[[[-0.27513682,43.09747118],[-0.27066086,43.10162568],[-0.2531533,43.10279687],[-0.24598624,43.10181227],[-0.23723394,43.0980042],[-0.23295765,43.0925939],[-0.23193132,43.08752525],[-0.24194234,43.08159104],[-0.25315708,43.07275067],[-0.26075217,43.06363535],[-0.26392786,43.06852691],[-0.2648025,43.07871822],[-0.26267989,43.0825174],[-0.25902497,43.08345176],[-0.25764232,43.08478535],[-0.25998832,43.08956271],[-0.26372076,43.09380473],[-0.27513682,43.09747118]]]]}},{"type":"Feature","properties":{"code":"64059","nom":"Artigueloutan","departement":"64","region":"75"},"geometry":{"type":"MultiPolygon","coordinates":[[[[-0.23911422,43.24942539],[-0.24722995,43.25429346],[-0.25467708,43.26228538],[-0.25722674,43.2639803],[-0.25944602,43.26919996],[-0.26048992,43.27498088],[-0.25579293,43.28650439],[-0.2422016,43.28873449],[-0.24150457,43.29036608],[-0.23569159,43.28712814],[-0.22873901,43.28634852],[-0.22804757,43.2754962],[-0.22888229,43.26965261],[-0.23474495,43.25523271],[-0.23911422,43.24942539]]]]}},{"type":"Feature","properties":{"code":"64060","nom":"Artiguelouve","departement":"64","region":"75"},"geometry":{"type":"MultiPolygon","coordinates":[[[[-0.48752369,43.30082574],[-0.48949305,43.31184939],[-0.48981815,43.32786617],[-0.48903263,43.3309243],[-0.48639986,43.3344022],[-0.47943834,43.33556027],[-0.4784664,43.3366658],[-0.47653538,43.3341661],[-0.47631893,43.33481058],[-0.47201101,43.33394772],[-0.46484079,43.32960886],[-0.45889555,43.32482428],[-0.45364355,43.31850273],[-0.44980818,43.31498025],[-0.45888065,43.30994945],[-0.4623755,43.30652842],[-0.45987931,43.30080869],[-0.45825139,43.29851879],[-0.46066213,43.29581865],[-0.46343357,43.28835444],[-0.4675087,43.2886442],[-0.4741011,43.29165773],[-0.48608375,43.29827894],[-0.48752369,43.30082574]]]]}},{"type":"Feature","properties":{"code":"64061","nom":"Artix","departement":"64","region":"75"},"geometry":{"type":"MultiPolygon","coordinates":[[[[-0.58710238,43.41669445],[-0.54629271,43.39867638],[-0.55174191,43.39377973],[-0.55475986,43.38835933],[-0.56432585,43.38012527],[-0.57291886,43.38400322],[-0.58746225,43.38849302],[-0.58567637,43.38991476],[-0.59929043,43.40057213],[-0.58710238,43.41669445]]]]}},{"type":"Feature","properties":{"code":"64062","nom":"Arudy","departement":"64","region":"75"},"geometry":{"type":"MultiPolygon","coordinates":[[[[-0.47161752,43.0770609],[-0.47262402,43.07631542],[-0.48119072,43.07459377],[-0.52372034,43.08635343],[-0.51856487,43.09691071],[-0.51273498,43.10574226],[-0.50915645,43.11474416],[-0.5011653,43.12270735],[-0.50154371,43.12327306],[-0.49908496,43.1243199],[-0.49014014,43.12270318],[-0.48944618,43.12205943],[-0.48829999,43.12070376],[-0.48461333,43.11977332],[-0.47146772,43.11907597],[-0.45923732,43.11417566],[-0.45202585,43.11567103],[-0.44355411,43.11860616],[-0.42555981,43.11601539],[-0.41566296,43.10269416],[-0.41552411,43.10194504],[-0.42418416,43.09571567],[-0.42584718,43.09589684],[-0.44098842,43.0908848],[-0.45576553,43.08783765],[-0.4738781,43.08521472],[-0.47543013,43.08438859],[-0.47747383,43.0814651],[-0.47161752,43.0770609]]]]}},{"type":"Feature","properties":{"code":"64063","nom":"Arzacq-Arraziguet","departement":"64","region":"75"},"geometry":{"type":"MultiPolygon","coordinates":[[[[-0.4657481,43.52576166],[-0.46136225,43.53012276],[-0.44831691,43.53776187],[-0.44023021,43.54112024],[-0.43770929,43.5529807],[-0.41527424,43.56304443],[-0.406037,43.56822579],[-0.40067688,43.56321646],[-0.39728779,43.55960685],[-0.39763316,43.54623881],[-0.39584583,43.54084728],[-0.39421473,43.53872077],[-0.39753648,43.53824666],[-0.4045576,43.53552746],[-0.41017927,43.53118127],[-0.43103951,43.52428425],[-0.43580822,43.52145228],[-0.43999765,43.51686977],[-0.45936854,43.52197307],[-0.46075703,43.52178648],[-0.4657481,43.52576166]]]]}},{"type":"Feature","properties":{"code":"64064","nom":"Asasp-Arros","departement":"64","region":"75"},"geometry":{"type":"MultiPolygon","coordinates":[[[[-0.60629136,43.07160585],[-0.61261824,43.07050143],[-0.6369546,43.07014549],[-0.63596456,43.07256488],[-0.6359957,43.08814458],[-0.62586271,43.10075112],[-0.63067905,43.11111875],[-0.63973752,43.11312879],[-0.64982882,43.1166923],[-0.66562467,43.11792968],[-0.6656104,43.12749251],[-0.6652167,43.12841802],[-0.67331137,43.13038345],[-0.66886737,43.13879083],[-0.66542205,43.14119246],[-0.65860741,43.14002391],[-0.64108368,43.14238499],[-0.63395045,43.13905658],[-0.62069325,43.14279743],[-0.61548885,43.14479008],[-0.60825368,43.15034312],[-0.60095163,43.15020829],[-0.59182139,43.14774517],[-0.5972179,43.1383344],[-0.59733395,43.13464886],[-0.60181171,43.12682171],[-0.60664203,43.12084276],[-0.61010862,43.11795708],[-0.61724935,43.1138693],[-0.6220178,43.11237829],[-0.62447352,43.10832501],[-0.62139564,43.09881709],[-0.62068588,43.09776412],[-0.61826643,43.09685685],[-0.61476997,43.09434433],[-0.61235393,43.08449989],[-0.60629136,43.07160585]]]]}},{"type":"Feature","properties":{"code":"64065","nom":"Ascain","departement":"64","region":"75"},"geometry":{"type":"MultiPolygon","coordinates":[[[[-1.65524732,43.35559434],[-1.64871143,43.35566657],[-1.64088581,43.359685],[-1.63996447,43.36356081],[-1.64106847,43.36746323],[-1.6289651,43.36717921],[-1.62154457,43.3652492],[-1.61756395,43.36683861],[-1.61962255,43.35886289],[-1.61591129,43.35125628],[-1.60873757,43.34822821],[-1.59613061,43.3389987],[-1.6026988,43.33151197],[-1.60965225,43.32542043],[-1.62102572,43.3193674],[-1.63541167,43.30902066],[-1.64054028,43.3173089],[-1.64592571,43.31786951],[-1.65007304,43.32018361],[-1.65934113,43.32930852],[-1.66022942,43.3338625],[-1.65962139,43.33968138],[-1.65479276,43.34878306],[-1.65524732,43.35559434]]]]}},{"type":"Feature","properties":{"code":"64066","nom":"Ascarat","departement":"64","region":"75"},"geometry":{"type":"MultiPolygon","coordinates":[[[[-1.27613653,43.20045868],[-1.27585621,43.20305694],[-1.27428495,43.20488574],[-1.26847855,43.20493286],[-1.26351517,43.20408967],[-1.25986624,43.20245118],[-1.25623313,43.19803567],[-1.2561473,43.18902476],[-1.25911781,43.18106514],[-1.2589273,43.17886663],[-1.24782178,43.17132933],[-1.25016128,43.16811861],[-1.2543606,43.16553523],[-1.255029,43.16351723],[-1.26292863,43.16651179],[-1.27201203,43.1632885],[-1.27575473,43.16015576],[-1.2758412,43.16271957],[-1.27189028,43.16468685],[-1.26747352,43.16996209],[-1.26988581,43.17051332],[-1.26817986,43.17359043],[-1.26953624,43.17562205],[-1.27120755,43.18403864],[-1.26927039,43.19076871],[-1.26905705,43.19635675],[-1.27254859,43.19989557],[-1.27632012,43.1994632],[-1.27613653,43.20045868]]]]}},{"type":"Feature","properties":{"code":"64067","nom":"Assat","departement":"64","region":"75"},"geometry":{"type":"MultiPolygon","coordinates":[[[[-0.30784525,43.24224376],[-0.30820212,43.24550367],[-0.31187081,43.2538029],[-0.31060237,43.25565325],[-0.29705048,43.26341547],[-0.28847891,43.27329501],[-0.28609717,43.28196565],[-0.27989291,43.28149878],[-0.26952981,43.26877721],[-0.26680436,43.26253229],[-0.26712063,43.26067798],[-0.26379386,43.25811818],[-0.26510147,43.25547497],[-0.2739325,43.25253274],[-0.28026403,43.24935873],[-0.29772016,43.23298508],[-0.30784525,43.24224376]]]]}},{"type":"Feature","properties":{"code":"64068","nom":"Asson","departement":"64","region":"75"},"geometry":{"type":"MultiPolygon","coordinates":[[[[-0.22977865,43.13372149],[-0.22627836,43.11965642],[-0.22508888,43.11027341],[-0.22753841,43.10764713],[-0.22365333,43.10598923],[-0.21531197,43.10414206],[-0.19437825,43.10551929],[-0.19190172,43.10478797],[-0.19593035,43.1040609],[-0.19826634,43.10171775],[-0.19786135,43.09941456],[-0.1954074,43.09513064],[-0.1871172,43.09073244],[-0.18796821,43.08509214],[-0.19165777,43.07722],[-0.198226,43.07002469],[-0.19890568,43.06444166],[-0.19695066,43.06043115],[-0.19219921,43.05703469],[-0.18566305,43.0567936],[-0.18195606,43.05252959],[-0.19715606,43.04606267],[-0.21423999,43.03621223],[-0.2239246,43.03371085],[-0.22932969,43.03685759],[-0.23678821,43.03949587],[-0.25367113,43.03936018],[-0.25791792,43.03830632],[-0.26066245,43.03862284],[-0.26054924,43.04001159],[-0.26236293,43.04244912],[-0.26659419,43.04433707],[-0.26855025,43.04452881],[-0.27537946,43.0417422],[-0.27658409,43.04045431],[-0.30190238,43.04912211],[-0.30283388,43.0557665],[-0.30028474,43.06261944],[-0.29650826,43.07069817],[-0.29161838,43.07606168],[-0.29672123,43.08527472],[-0.30208369,43.08818457],[-0.30064784,43.09507103],[-0.29480926,43.10015684],[-0.29048181,43.09871829],[-0.27513682,43.09747118],[-0.26372076,43.09380473],[-0.25998832,43.08956271],[-0.25764232,43.08478535],[-0.25902497,43.08345176],[-0.26267989,43.0825174],[-0.2648025,43.07871822],[-0.26392786,43.06852691],[-0.26075217,43.06363535],[-0.25315708,43.07275067],[-0.24194234,43.08159104],[-0.23193132,43.08752525],[-0.23295765,43.0925939],[-0.23723394,43.0980042],[-0.24598624,43.10181227],[-0.2531533,43.10279687],[-0.27066086,43.10162568],[-0.2780766,43.1049515],[-0.28437877,43.10959541],[-0.29104506,43.11988393],[-0.29009175,43.12243726],[-0.28952392,43.13271624],[-0.29445004,43.14364311],[-0.29538476,43.15643399],[-0.28232529,43.16791986],[-0.2734017,43.16393661],[-0.2486483,43.1702812],[-0.24316704,43.15462832],[-0.24109534,43.1433209],[-0.23899001,43.14028207],[-0.22977865,43.13372149]]]]}},{"type":"Feature","properties":{"code":"64069","nom":"Aste-Béon","departement":"64","region":"75"},"geometry":{"type":"MultiPolygon","coordinates":[[[[-0.37129428,43.02621455],[-0.37520608,43.02598745],[-0.37539052,43.02338463],[-0.3715933,43.01797031],[-0.38080363,43.00689071],[-0.38501838,43.00546906],[-0.39134477,43.00603396],[-0.39576759,43.00697369],[-0.40358405,43.01011756],[-0.41150632,43.00902483],[-0.41746681,43.00452003],[-0.41986149,43.01148702],[-0.42057038,43.0178397],[-0.41979122,43.01864766],[-0.4181145,43.01950574],[-0.41547873,43.02977172],[-0.41830564,43.03406956],[-0.42134093,43.03559435],[-0.42311856,43.03751468],[-0.4226303,43.03969705],[-0.41350227,43.05418897],[-0.41389785,43.0560669],[-0.38984792,43.05246472],[-0.37004265,43.03791123],[-0.37129428,43.02621455]]]]}},{"type":"Feature","properties":{"code":"64070","nom":"Astis","departement":"64","region":"75"},"geometry":{"type":"MultiPolygon","coordinates":[[[[-0.32446199,43.42583995],[-0.32754715,43.43201594],[-0.33014196,43.43408736],[-0.33265097,43.43388591],[-0.33371129,43.43787473],[-0.33199885,43.44931022],[-0.33039316,43.45067248],[-0.32796122,43.45097955],[-0.32390241,43.44957158],[-0.31096366,43.43708774],[-0.3085266,43.43437623],[-0.3097889,43.43138329],[-0.30880927,43.43093509],[-0.31264473,43.42954639],[-0.31393688,43.43012186],[-0.31704395,43.42981692],[-0.32446199,43.42583995]]]]}},{"type":"Feature","properties":{"code":"64071","nom":"Athos-Aspis","departement":"64","region":"75"},"geometry":{"type":"MultiPolygon","coordinates":[[[[-0.98213756,43.42409752],[-0.98033341,43.42511872],[-0.9774595,43.42486224],[-0.96925444,43.42359154],[-0.96226092,43.42156788],[-0.95739828,43.42132061],[-0.94488378,43.42381318],[-0.94367729,43.42261948],[-0.95537108,43.40713725],[-0.95743417,43.39743713],[-0.96579231,43.3999478],[-0.980537,43.41079496],[-0.984265,43.41597063],[-0.97926325,43.42113782],[-0.98213756,43.42409752]]]]}},{"type":"Feature","properties":{"code":"64072","nom":"Aubertin","departement":"64","region":"75"},"geometry":{"type":"MultiPolygon","coordinates":[[[[-0.50621044,43.29644714],[-0.49765964,43.29841535],[-0.48868634,43.29946185],[-0.48752369,43.30082574],[-0.48608375,43.29827894],[-0.4741011,43.29165773],[-0.4675087,43.2886442],[-0.46343357,43.28835444],[-0.46043391,43.25922589],[-0.45604908,43.24670137],[-0.46147598,43.24483385],[-0.46521606,43.24449775],[-0.48128669,43.24523041],[-0.4876909,43.24729901],[-0.492828,43.25042392],[-0.49898486,43.26421706],[-0.50037895,43.28302333],[-0.50419442,43.28764044],[-0.50621044,43.29644714]]]]}},{"type":"Feature","properties":{"code":"64073","nom":"Aubin","departement":"64","region":"75"},"geometry":{"type":"MultiPolygon","coordinates":[[[[-0.41083448,43.43274458],[-0.41212871,43.43181592],[-0.41431069,43.42617307],[-0.42618651,43.41885238],[-0.42998711,43.41838624],[-0.43137004,43.41891333],[-0.43979552,43.42406157],[-0.43315427,43.43674078],[-0.42844841,43.44262521],[-0.42324073,43.44796518],[-0.41323046,43.45296105],[-0.41174585,43.45185607],[-0.40870988,43.4388232],[-0.41083448,43.43274458]]]]}},{"type":"Feature","properties":{"code":"64075","nom":"Audaux","departement":"64","region":"75"},"geometry":{"type":"MultiPolygon","coordinates":[[[[-0.80490358,43.36200342],[-0.80802349,43.36374715],[-0.80272166,43.36963577],[-0.80101208,43.37369749],[-0.79549816,43.37815484],[-0.79026881,43.37584609],[-0.77921684,43.37588064],[-0.75577552,43.39282132],[-0.75012214,43.39811778],[-0.74289386,43.39183028],[-0.7526155,43.38724159],[-0.75993282,43.38239064],[-0.76492534,43.37763632],[-0.77531153,43.36200842],[-0.77955284,43.35826582],[-0.79219672,43.35389183],[-0.7949282,43.35752647],[-0.79875463,43.35851882],[-0.80490358,43.36200342]]]]}},{"type":"Feature","properties":{"code":"64077","nom":"Auga","departement":"64","region":"75"},"geometry":{"type":"MultiPolygon","coordinates":[[[[-0.36471399,43.47039425],[-0.36929149,43.46818356],[-0.38979373,43.46716315],[-0.3910212,43.46847911],[-0.39240607,43.47489064],[-0.38866362,43.48083497],[-0.38384638,43.48586809],[-0.38350317,43.49154938],[-0.3823652,43.49217924],[-0.37769758,43.48928374],[-0.37703665,43.48769782],[-0.36857659,43.48146931],[-0.36586465,43.48005603],[-0.36460096,43.48022764],[-0.36565171,43.47238765],[-0.36471399,43.47039425]]]]}},{"type":"Feature","properties":{"code":"64078","nom":"Auriac","departement":"64","region":"75"},"geometry":{"type":"MultiPolygon","coordinates":[[[[-0.34737688,43.46054411],[-0.32410773,43.46900646],[-0.31980074,43.46633983],[-0.31275886,43.45759031],[-0.30307919,43.44896954],[-0.29690733,43.44798428],[-0.31096366,43.43708774],[-0.32390241,43.44957158],[-0.32796122,43.45097955],[-0.33039316,43.45067248],[-0.34596539,43.45827617],[-0.34737688,43.46054411]]]]}},{"type":"Feature","properties":{"code":"64079","nom":"Aurions-Idernes","departement":"64","region":"75"},"geometry":{"type":"MultiPolygon","coordinates":[[[[-0.10669209,43.5262672],[-0.10721092,43.52579313],[-0.11666257,43.52374002],[-0.11933933,43.52253665],[-0.12675189,43.51570602],[-0.12818776,43.51726285],[-0.12869393,43.51667469],[-0.13406208,43.51614601],[-0.13466941,43.51702707],[-0.13587413,43.51951253],[-0.14247194,43.52675458],[-0.1459084,43.53531445],[-0.14388227,43.54254699],[-0.13274093,43.54956403],[-0.12791326,43.54586924],[-0.11927182,43.53676255],[-0.10669209,43.5262672]]]]}},{"type":"Feature","properties":{"code":"64080","nom":"Aussevielle","departement":"64","region":"75"},"geometry":{"type":"MultiPolygon","coordinates":[[[[-0.46907918,43.36703416],[-0.47113202,43.36544108],[-0.46787807,43.36229833],[-0.46125969,43.3614856],[-0.46163408,43.36001486],[-0.47271299,43.35586327],[-0.48319684,43.34675455],[-0.48920894,43.3478664],[-0.49658048,43.35059446],[-0.48771022,43.35873313],[-0.48386625,43.36444904],[-0.48264455,43.36975714],[-0.48324909,43.37260844],[-0.46907918,43.36703416]]]]}},{"type":"Feature","properties":{"code":"64081","nom":"Aussurucq","departement":"64","region":"75"},"geometry":{"type":"MultiPolygon","coordinates":[[[[-1.02349625,43.13007437],[-1.01687513,43.13582962],[-1.01228054,43.13619808],[-1.0036624,43.1315834],[-0.99866978,43.13250374],[-0.99038533,43.14508972],[-0.98829562,43.15153798],[-0.98453362,43.15554347],[-0.97572025,43.16200391],[-0.96411977,43.16707292],[-0.95379624,43.16990174],[-0.94993884,43.17317546],[-0.94047539,43.16946462],[-0.9374006,43.1674795],[-0.92902741,43.15871797],[-0.91804016,43.1528509],[-0.91821702,43.15139635],[-0.92653645,43.14160153],[-0.93309549,43.12542232],[-0.93752187,43.12425377],[-0.95920307,43.11425519],[-0.96195301,43.1147052],[-0.96524262,43.10918794],[-0.96248938,43.1049747],[-0.96270541,43.10364383],[-0.96753316,43.09637505],[-0.96965297,43.09478217],[-0.97315757,43.09360104],[-0.9753279,43.09367581],[-0.99123412,43.09839702],[-1.0013805,43.09928841],[-1.01515061,43.09517611],[-1.03811919,43.094163],[-1.03748766,43.10329804],[-1.04141469,43.1139715],[-1.04459007,43.11513206],[-1.03499918,43.1186764],[-1.02349625,43.13007437]]]]}},{"type":"Feature","properties":{"code":"64082","nom":"Auterrive","departement":"64","region":"75"},"geometry":{"type":"MultiPolygon","coordinates":[[[[-1.02569219,43.46406981],[-1.02661759,43.46688029],[-1.0184087,43.46820669],[-1.0131262,43.47187438],[-1.01293955,43.47648102],[-1.01183077,43.47674099],[-0.99034914,43.4697151],[-0.99050653,43.46795629],[-0.99491589,43.46498587],[-0.99665424,43.4646578],[-0.99955731,43.46368584],[-1.00109171,43.46213469],[-1.00146785,43.45801661],[-1.01386942,43.45510382],[-1.02569219,43.46406981]]]]}},{"type":"Feature","properties":{"code":"64083","nom":"Autevielle-Saint-Martin-Bideren","departement":"64","region":"75"},"geometry":{"type":"MultiPolygon","coordinates":[[[[-1.00473593,43.40054919],[-0.99014832,43.40610461],[-0.980537,43.41079496],[-0.96579231,43.3999478],[-0.95743417,43.39743713],[-0.9578966,43.3965816],[-0.95320964,43.39499467],[-0.9561841,43.39027045],[-0.960252,43.38765894],[-0.96665638,43.3907292],[-0.97322922,43.38195505],[-0.97321615,43.37555923],[-0.97931249,43.38202327],[-0.98039703,43.38561527],[-0.98392711,43.39077465],[-0.98919093,43.39400995],[-1.00473593,43.40054919]]]]}},{"type":"Feature","properties":{"code":"64084","nom":"Aydie","departement":"64","region":"75"},"geometry":{"type":"MultiPolygon","coordinates":[[[[-0.12880444,43.58120863],[-0.12810373,43.58316931],[-0.11744901,43.58557384],[-0.09705314,43.58220189],[-0.09263517,43.57117859],[-0.09329991,43.56366083],[-0.10885425,43.55912031],[-0.12004947,43.55913579],[-0.13199037,43.56178762],[-0.13843955,43.56170396],[-0.14019431,43.56093734],[-0.14071699,43.5616867],[-0.13972028,43.56291044],[-0.13568496,43.56427423],[-0.13620159,43.56500397],[-0.13817037,43.56495607],[-0.13760669,43.56896048],[-0.13203634,43.57272678],[-0.12668374,43.57150159],[-0.12377518,43.57242186],[-0.12184902,43.57407737],[-0.12316968,43.57918187],[-0.12880444,43.58120863]]]]}},{"type":"Feature","properties":{"code":"64085","nom":"Aydius","departement":"64","region":"75"},"geometry":{"type":"MultiPolygon","coordinates":[[[[-0.47286403,43.00106785],[-0.48795663,42.97276808],[-0.49304086,42.9679957],[-0.50042747,42.97061168],[-0.50764045,42.97200855],[-0.51972758,42.97394129],[-0.53330236,42.97448067],[-0.54158506,42.97696813],[-0.55838393,42.98347201],[-0.56339038,42.98658125],[-0.56553073,42.99242765],[-0.56527715,43.01289548],[-0.56220841,43.01553955],[-0.54174688,43.01569866],[-0.53051952,43.01748126],[-0.52283561,43.02236147],[-0.51957062,43.02595417],[-0.5172132,43.03204953],[-0.51503144,43.03377013],[-0.50933766,43.03410187],[-0.49377668,43.01917817],[-0.48462768,43.01522139],[-0.48239415,43.01339336],[-0.48184741,43.01009461],[-0.47286403,43.00106785]]]]}},{"type":"Feature","properties":{"code":"64086","nom":"Ayherre","departement":"64","region":"75"},"geometry":{"type":"MultiPolygon","coordinates":[[[[-1.18510873,43.38943215],[-1.1985513,43.38895717],[-1.20426208,43.38806058],[-1.20806608,43.38708833],[-1.2195402,43.38107011],[-1.23104198,43.36685937],[-1.23295283,43.35758186],[-1.23309898,43.35013382],[-1.23841414,43.34791204],[-1.23996108,43.34794777],[-1.24246954,43.34389441],[-1.24304031,43.33812249],[-1.24439226,43.33657122],[-1.25270895,43.3336533],[-1.26181696,43.33218369],[-1.26092928,43.36226855],[-1.26161132,43.36719404],[-1.26519131,43.37129355],[-1.26546375,43.3729198],[-1.26448694,43.37453765],[-1.27657556,43.39052321],[-1.2811152,43.39370419],[-1.28750388,43.393953],[-1.28855988,43.3951914],[-1.28716993,43.39958462],[-1.27899868,43.40831859],[-1.27751092,43.41092894],[-1.2394752,43.40107941],[-1.22598075,43.39895322],[-1.2084092,43.39645704],[-1.19255987,43.39863369],[-1.19229449,43.39634848],[-1.18510873,43.38943215]]]]}},{"type":"Feature","properties":{"code":"64087","nom":"Baigts-de-Béarn","departement":"64","region":"75"},"geometry":{"type":"MultiPolygon","coordinates":[[[[-0.87449464,43.50519378],[-0.87271324,43.50711217],[-0.86709693,43.51811853],[-0.86570965,43.53726221],[-0.86396175,43.54416702],[-0.8532301,43.54189953],[-0.84331113,43.54311892],[-0.8185613,43.53938737],[-0.82923838,43.52154663],[-0.82676213,43.5139613],[-0.82566284,43.51308492],[-0.8285273,43.51043733],[-0.83300845,43.50281253],[-0.83782909,43.50619368],[-0.8388743,43.50824105],[-0.83984796,43.50925416],[-0.84303746,43.5097933],[-0.851392,43.50969137],[-0.85996194,43.50491327],[-0.8696938,43.50340607],[-0.87449464,43.50519378]]]]}},{"type":"Feature","properties":{"code":"64088","nom":"Balansun","departement":"64","region":"75"},"geometry":{"type":"MultiPolygon","coordinates":[[[[-0.71613268,43.49605407],[-0.71738715,43.50043077],[-0.71643231,43.5034007],[-0.70774833,43.50719548],[-0.69669841,43.50837717],[-0.67612743,43.50280163],[-0.67598904,43.50038801],[-0.67199691,43.49000438],[-0.66958818,43.47811075],[-0.68575189,43.47666147],[-0.69393648,43.47399868],[-0.70098497,43.46989426],[-0.70716599,43.47716304],[-0.70458866,43.48317046],[-0.705816,43.48674203],[-0.71613268,43.49605407]]]]}},{"type":"Feature","properties":{"code":"64089","nom":"Baleix","departement":"64","region":"75"},"geometry":{"type":"MultiPolygon","coordinates":[[[[-0.10964703,43.37478596],[-0.13162714,43.36713755],[-0.13454002,43.36694245],[-0.16161169,43.36990721],[-0.16591654,43.37148115],[-0.16931716,43.37532328],[-0.16890939,43.37587543],[-0.15913052,43.37893896],[-0.15700766,43.37804206],[-0.15119363,43.37742555],[-0.14731804,43.3781722],[-0.13370671,43.38453197],[-0.11859091,43.38926774],[-0.11743168,43.38956403],[-0.10836226,43.3760212],[-0.10964703,43.37478596]]]]}},{"type":"Feature","properties":{"code":"64090","nom":"Baliracq-Maumusson","departement":"64","region":"75"},"geometry":{"type":"MultiPolygon","coordinates":[[[[-0.25927154,43.53608276],[-0.26316897,43.55265001],[-0.26268825,43.55419082],[-0.25941311,43.55728342],[-0.25049057,43.56054342],[-0.24643035,43.56048035],[-0.24029633,43.54502663],[-0.2381241,43.53621091],[-0.23710947,43.53349473],[-0.23822339,43.52682317],[-0.23981701,43.52523757],[-0.24426763,43.5241068],[-0.2498577,43.52376114],[-0.25477308,43.52393611],[-0.25927154,43.53608276]]]]}},{"type":"Feature","properties":{"code":"64091","nom":"Baliros","departement":"64","region":"75"},"geometry":{"type":"MultiPolygon","coordinates":[[[[-0.32518398,43.22419358],[-0.30784525,43.24224376],[-0.29772016,43.23298508],[-0.29283096,43.22781179],[-0.29564119,43.2262063],[-0.296278,43.22459513],[-0.29534549,43.22320564],[-0.31021216,43.21841838],[-0.31185386,43.21856067],[-0.31987277,43.22299314],[-0.32518398,43.22419358]]]]}},{"type":"Feature","properties":{"code":"64092","nom":"Banca","departement":"64","region":"75"},"geometry":{"type":"MultiPolygon","coordinates":[[[[-1.3323155,43.12101214],[-1.33277243,43.11951285],[-1.33667419,43.11582648],[-1.33632229,43.11318512],[-1.33236977,43.10784404],[-1.34126277,43.09734388],[-1.34456697,43.08674712],[-1.34195449,43.07583615],[-1.34439991,43.05559108],[-1.34512388,43.05064284],[-1.35268754,43.03109081],[-1.35389304,43.02829746],[-1.36554347,43.03072635],[-1.37205041,43.04924724],[-1.37378638,43.06135687],[-1.37695631,43.06779191],[-1.38756627,43.07620912],[-1.38977838,43.08631324],[-1.39306352,43.09135973],[-1.40100534,43.105025],[-1.4103835,43.11669166],[-1.41636623,43.12115335],[-1.42437464,43.12054443],[-1.42583895,43.12062029],[-1.42660673,43.12158867],[-1.42437364,43.12498027],[-1.4166682,43.12706674],[-1.41415729,43.12985873],[-1.41402421,43.13611791],[-1.41586836,43.14967055],[-1.40755289,43.15548292],[-1.39754351,43.14687885],[-1.37292091,43.13708644],[-1.36771715,43.13859206],[-1.36431331,43.14197661],[-1.35686739,43.14065925],[-1.34649704,43.13143409],[-1.33774189,43.12202418],[-1.33552348,43.12084429],[-1.3323155,43.12101214]]]]}},{"type":"Feature","properties":{"code":"64093","nom":"Barcus","departement":"64","region":"75"},"geometry":{"type":"MultiPolygon","coordinates":[[[[-0.77530595,43.2487835],[-0.77257773,43.24860422],[-0.77037686,43.24620189],[-0.77167042,43.24507243],[-0.77238943,43.24144959],[-0.77041385,43.23877735],[-0.76702993,43.23558511],[-0.76123436,43.22526266],[-0.76215593,43.22457044],[-0.76046868,43.2180869],[-0.75573864,43.21181562],[-0.74589194,43.20307361],[-0.74633558,43.20228466],[-0.75058705,43.20152276],[-0.76192139,43.19352947],[-0.7667314,43.18858885],[-0.77182573,43.18038362],[-0.7740125,43.17466272],[-0.77304975,43.16770492],[-0.76890621,43.15912589],[-0.77313338,43.15169842],[-0.77503889,43.14233147],[-0.77932981,43.1359092],[-0.78355138,43.11818915],[-0.79937258,43.12297836],[-0.81042732,43.13063463],[-0.80288748,43.13260479],[-0.80218038,43.1349386],[-0.80897342,43.1447266],[-0.8136132,43.1476116],[-0.84380569,43.14753029],[-0.84608988,43.15723393],[-0.84942108,43.16286582],[-0.84340913,43.16412319],[-0.83069255,43.16857694],[-0.83313616,43.17530893],[-0.83030924,43.18565125],[-0.81794554,43.20047681],[-0.8152313,43.1991554],[-0.81291397,43.1989771],[-0.80632652,43.20010493],[-0.79689769,43.20886723],[-0.78665411,43.21677744],[-0.78227238,43.2223263],[-0.78000962,43.2301548],[-0.78386502,43.23416311],[-0.78315266,43.23736795],[-0.7782922,43.24750378],[-0.77530595,43.2487835]]]]}},{"type":"Feature","properties":{"code":"64131","nom":"Biron","departement":"64","region":"75"},"geometry":{"type":"MultiPolygon","coordinates":[[[[-0.75140769,43.47093413],[-0.7479298,43.47493111],[-0.7466776,43.47509331],[-0.74543214,43.47391682],[-0.72662185,43.46536857],[-0.73035096,43.45976138],[-0.72546802,43.45004904],[-0.74724182,43.45262317],[-0.75364776,43.4620036],[-0.75151011,43.46390246],[-0.75212962,43.46471684],[-0.75140769,43.47093413]]]]}},{"type":"Feature","properties":{"code":"64094","nom":"Bardos","departement":"64","region":"75"},"geometry":{"type":"MultiPolygon","coordinates":[[[[-1.17000235,43.49319591],[-1.17788912,43.49066135],[-1.17988959,43.48857957],[-1.18145452,43.48471536],[-1.18103876,43.48097534],[-1.17623324,43.46855198],[-1.17048409,43.462712],[-1.1702403,43.45706895],[-1.17154873,43.45059404],[-1.17345558,43.45122419],[-1.17541168,43.45076138],[-1.18205737,43.44794177],[-1.18367489,43.4440188],[-1.18305091,43.44149329],[-1.18308153,43.43931457],[-1.18566746,43.43922183],[-1.18798907,43.44026991],[-1.18923697,43.44170006],[-1.18891005,43.4432542],[-1.19160342,43.44590411],[-1.19707448,43.44711565],[-1.20001847,43.44679068],[-1.20568259,43.4451275],[-1.21437898,43.43657634],[-1.21532337,43.43616928],[-1.21643099,43.43702709],[-1.23369548,43.43805068],[-1.24784596,43.43833425],[-1.25132402,43.44040779],[-1.26713066,43.45689376],[-1.27498452,43.47470037],[-1.27193152,43.47853295],[-1.26995276,43.47942727],[-1.25358297,43.49432868],[-1.25117786,43.49985702],[-1.25209342,43.50419819],[-1.25517076,43.50632093],[-1.25740326,43.50950124],[-1.25097447,43.51148892],[-1.24120389,43.50471229],[-1.23423649,43.49469536],[-1.22804856,43.48871206],[-1.224967,43.48726186],[-1.21900494,43.48876006],[-1.21194065,43.48851234],[-1.2079468,43.48803143],[-1.20225821,43.48615296],[-1.19304631,43.48902444],[-1.17835938,43.49498223],[-1.17118395,43.4970777],[-1.17003745,43.49679838],[-1.17074725,43.49469436],[-1.17000235,43.49319591]]]]}},{"type":"Feature","properties":{"code":"64095","nom":"Barinque","departement":"64","region":"75"},"geometry":{"type":"MultiPolygon","coordinates":[[[[-0.286191,43.41818943],[-0.27355135,43.42262965],[-0.26275707,43.42152111],[-0.24873835,43.3979127],[-0.24578667,43.39383154],[-0.27310145,43.38437311],[-0.27891789,43.38652904],[-0.2794348,43.38751913],[-0.28277577,43.39150476],[-0.28393704,43.40049615],[-0.28359466,43.4054246],[-0.28777345,43.40999975],[-0.28888368,43.41559367],[-0.286191,43.41818943]]]]}},{"type":"Feature","properties":{"code":"64096","nom":"Barraute-Camu","departement":"64","region":"75"},"geometry":{"type":"MultiPolygon","coordinates":[[[[-0.91198743,43.39308099],[-0.91019228,43.39209293],[-0.8958764,43.38941992],[-0.88680181,43.38911942],[-0.8805755,43.38438901],[-0.87854693,43.38157409],[-0.87578983,43.38029663],[-0.87966165,43.37792317],[-0.8886078,43.38101022],[-0.89806918,43.38022112],[-0.90373659,43.37238314],[-0.91711973,43.38063811],[-0.9195515,43.38457629],[-0.91695512,43.39151862],[-0.91494865,43.3934882],[-0.91198743,43.39308099]]]]}},{"type":"Feature","properties":{"code":"64097","nom":"Barzun","departement":"64","region":"75"},"geometry":{"type":"MultiPolygon","coordinates":[[[[-0.15146258,43.22616638],[-0.14764491,43.22176225],[-0.13654778,43.22092407],[-0.12917515,43.22170884],[-0.12220268,43.22511556],[-0.10648055,43.22818796],[-0.10228873,43.22786743],[-0.10989473,43.21419132],[-0.11395707,43.21005295],[-0.12208411,43.2049921],[-0.15294218,43.20554584],[-0.15688068,43.2112713],[-0.16325585,43.21652465],[-0.1601769,43.22114573],[-0.15146258,43.22616638]]]]}},{"type":"Feature","properties":{"code":"64098","nom":"Bassillon-Vauzé","departement":"64","region":"75"},"geometry":{"type":"MultiPolygon","coordinates":[[[[-0.06523768,43.46826931],[-0.06499933,43.46359059],[-0.06608184,43.46024756],[-0.06142997,43.45292242],[-0.0636536,43.44791846],[-0.0668244,43.44369886],[-0.08042443,43.43973585],[-0.08444835,43.44106459],[-0.09069693,43.44649117],[-0.09171773,43.45276724],[-0.08784739,43.45767655],[-0.08198051,43.46178628],[-0.0757728,43.46358423],[-0.07405522,43.46553723],[-0.07085579,43.46729001],[-0.06523768,43.46826931]]]]}},{"type":"Feature","properties":{"code":"64099","nom":"Bastanès","departement":"64","region":"75"},"geometry":{"type":"MultiPolygon","coordinates":[[[[-0.78121196,43.34763165],[-0.77907148,43.34782988],[-0.76838184,43.35403455],[-0.7585853,43.35752321],[-0.74447118,43.35909632],[-0.72984776,43.36634549],[-0.72569366,43.36302401],[-0.72544887,43.36132038],[-0.73369189,43.35289006],[-0.7341624,43.35333223],[-0.76743794,43.34143889],[-0.77541971,43.34031835],[-0.77999789,43.34282332],[-0.78118937,43.34589693],[-0.78121196,43.34763165]]]]}},{"type":"Feature","properties":{"code":"64100","nom":"Bassussarry","departement":"64","region":"75"},"geometry":{"type":"MultiPolygon","coordinates":[[[[-1.49482141,43.45050069],[-1.49353645,43.44987008],[-1.48453865,43.45629419],[-1.48299824,43.45524329],[-1.47511728,43.44318529],[-1.47446845,43.43928328],[-1.475424,43.4383733],[-1.48774139,43.43470854],[-1.49951541,43.43304556],[-1.5101498,43.43308144],[-1.51711228,43.43762386],[-1.51893078,43.44058929],[-1.52157246,43.44989681],[-1.51708263,43.45251011],[-1.50595089,43.45081574],[-1.49482141,43.45050069]]]]}},{"type":"Feature","properties":{"code":"64101","nom":"Baudreix","departement":"64","region":"75"},"geometry":{"type":"MultiPolygon","coordinates":[[[[-0.25513527,43.21310869],[-0.24869101,43.21340104],[-0.24724578,43.21169083],[-0.2505776,43.20867454],[-0.24974373,43.20717642],[-0.24952107,43.2060632],[-0.2521537,43.2016095],[-0.25753297,43.19919384],[-0.26423357,43.19793528],[-0.26665428,43.20185467],[-0.26933023,43.20306009],[-0.26929097,43.20397506],[-0.27006739,43.20664513],[-0.26419612,43.2107022],[-0.26188521,43.21138698],[-0.25570831,43.21150603],[-0.25513527,43.21310869]]]]}},{"type":"Feature","properties":{"code":"64102","nom":"Bayonne","departement":"64","region":"75"},"geometry":{"type":"MultiPolygon","coordinates":[[[[-1.48074752,43.46156412],[-1.48207031,43.4596017],[-1.48597885,43.45785116],[-1.48453865,43.45629419],[-1.49353645,43.44987008],[-1.49482141,43.45050069],[-1.49843716,43.46412526],[-1.49356917,43.46958641],[-1.49077407,43.47526779],[-1.49109304,43.47634044],[-1.492888,43.47714011],[-1.50156858,43.47767453],[-1.50457952,43.47794496],[-1.5048808,43.47888314],[-1.50485022,43.48128599],[-1.5023749,43.48314615],[-1.49971577,43.48435245],[-1.49775693,43.48838625],[-1.49601246,43.4918416],[-1.49600474,43.49185363],[-1.49390104,43.49812375],[-1.49225538,43.50096575],[-1.49098368,43.50230713],[-1.49091931,43.50238639],[-1.4904089,43.50301493],[-1.49276393,43.50858832],[-1.49205127,43.51194947],[-1.48726679,43.51194852],[-1.47775471,43.51358013],[-1.46848661,43.51688868],[-1.46577771,43.51632176],[-1.44869204,43.5160971],[-1.43332214,43.51408294],[-1.42588752,43.50887281],[-1.4182324,43.5003128],[-1.41777432,43.49701359],[-1.42685591,43.49508311],[-1.43429546,43.48994351],[-1.4451333,43.48624273],[-1.44510453,43.48619074],[-1.44411823,43.4842884],[-1.44489552,43.48176312],[-1.44530025,43.47915761],[-1.44894475,43.47618839],[-1.45349729,43.47496141],[-1.45429668,43.47563231],[-1.46036957,43.47574105],[-1.4668605,43.47164557],[-1.46893524,43.47157891],[-1.48186378,43.46440785],[-1.48074752,43.46156412]]]]}},{"type":"Feature","properties":{"code":"64103","nom":"Bédeille","departement":"64","region":"75"},"geometry":{"type":"MultiPolygon","coordinates":[[[[-0.09024171,43.35922206],[-0.08804291,43.34727947],[-0.0876198,43.3337486],[-0.09248168,43.33326844],[-0.10857393,43.3379296],[-0.10911587,43.34116046],[-0.10515948,43.35776218],[-0.10311734,43.3587445],[-0.09205952,43.35846968],[-0.09024171,43.35922206]]]]}},{"type":"Feature","properties":{"code":"64104","nom":"Bedous","departement":"64","region":"75"},"geometry":{"type":"MultiPolygon","coordinates":[[[[-0.61433666,42.98459383],[-0.61544788,42.98469599],[-0.6149481,42.98547084],[-0.61164568,42.98802611],[-0.60417791,43.00019467],[-0.60206788,43.00529708],[-0.6039439,43.01912212],[-0.60201801,43.02295529],[-0.6041024,43.02967104],[-0.5998414,43.02960847],[-0.58778817,43.02388829],[-0.57054287,43.0177146],[-0.56605512,43.01495021],[-0.56527715,43.01289548],[-0.56553073,42.99242765],[-0.58294123,42.9924213],[-0.59658769,42.99035408],[-0.60346362,42.98682158],[-0.61171675,42.98450454],[-0.61433666,42.98459383]]]]}},{"type":"Feature","properties":{"code":"64105","nom":"Béguios","departement":"64","region":"75"},"geometry":{"type":"MultiPolygon","coordinates":[[[[-1.08138048,43.37582113],[-1.07985604,43.37504719],[-1.07749855,43.37136888],[-1.07971699,43.3717095],[-1.07985322,43.37047835],[-1.07699635,43.36108973],[-1.07782168,43.35776976],[-1.08996069,43.33823575],[-1.09963141,43.33164932],[-1.10085146,43.32949515],[-1.10285876,43.33075485],[-1.10781536,43.33123496],[-1.11854813,43.33000223],[-1.12519368,43.33094054],[-1.12625087,43.33117673],[-1.12627722,43.33380071],[-1.11642818,43.3431232],[-1.10288272,43.36452099],[-1.09783863,43.37433219],[-1.08213952,43.37490968],[-1.08138048,43.37582113]]]]}},{"type":"Feature","properties":{"code":"64106","nom":"Béhasque-Lapiste","departement":"64","region":"75"},"geometry":{"type":"MultiPolygon","coordinates":[[[[-1.02117388,43.32269527],[-1.00997641,43.33341592],[-0.99881239,43.32987349],[-0.9933667,43.32913537],[-0.99146012,43.32261513],[-0.99279984,43.32072724],[-0.99545504,43.31913118],[-0.99754044,43.30770846],[-0.99653174,43.30401318],[-0.99945049,43.30352595],[-0.9998003,43.30572248],[-1.0101531,43.30582777],[-1.02544636,43.30368269],[-1.01883599,43.3145089],[-1.01844395,43.31804899],[-1.02004638,43.32206076],[-1.02117388,43.32269527]]]]}},{"type":"Feature","properties":{"code":"64107","nom":"Béhorléguy","departement":"64","region":"75"},"geometry":{"type":"MultiPolygon","coordinates":[[[[-1.03811919,43.094163],[-1.05892197,43.09971374],[-1.06896045,43.10842476],[-1.07335034,43.10984299],[-1.08040457,43.10973261],[-1.08641819,43.10517882],[-1.09957881,43.10750113],[-1.10782149,43.10996817],[-1.11675732,43.11387169],[-1.12481489,43.11937081],[-1.12648799,43.13286721],[-1.12331831,43.13911499],[-1.12279355,43.14037891],[-1.11895292,43.14131662],[-1.10386508,43.14162672],[-1.10067983,43.14402219],[-1.05728992,43.12381188],[-1.04462805,43.11518287],[-1.04459007,43.11513206],[-1.04141469,43.1139715],[-1.03748766,43.10329804],[-1.03811919,43.094163]]]]}},{"type":"Feature","properties":{"code":"64108","nom":"Bellocq","departement":"64","region":"75"},"geometry":{"type":"MultiPolygon","coordinates":[[[[-0.93634057,43.53489092],[-0.92606275,43.52718932],[-0.91228971,43.51834651],[-0.90645045,43.51950653],[-0.90432409,43.5201119],[-0.90221608,43.51956713],[-0.8998726,43.51708594],[-0.89912122,43.51471591],[-0.89374467,43.516418],[-0.89220846,43.51431664],[-0.89671886,43.51128915],[-0.89820912,43.50483626],[-0.89582203,43.50091623],[-0.88835244,43.4927972],[-0.89104618,43.49353014],[-0.91583105,43.49422284],[-0.94202493,43.49698728],[-0.94518268,43.49862448],[-0.94857587,43.50757135],[-0.94271493,43.52338892],[-0.93634057,43.53489092]]]]}},{"type":"Feature","properties":{"code":"64109","nom":"Bénéjacq","departement":"64","region":"75"},"geometry":{"type":"MultiPolygon","coordinates":[[[[-0.24100598,43.18539302],[-0.24199164,43.18747897],[-0.24049154,43.18786704],[-0.23989344,43.191504],[-0.23806223,43.19208923],[-0.23609505,43.19540807],[-0.23297309,43.19634792],[-0.20497777,43.2015855],[-0.18224976,43.20697553],[-0.18248949,43.20761843],[-0.17069536,43.21215804],[-0.16325585,43.21652465],[-0.15688068,43.2112713],[-0.15294218,43.20554584],[-0.14786378,43.19731496],[-0.15028858,43.19588666],[-0.15351754,43.19093659],[-0.16532036,43.18290848],[-0.17405478,43.18275799],[-0.18283741,43.18415194],[-0.19656295,43.17993446],[-0.20894361,43.18087929],[-0.23998101,43.18598197],[-0.24100598,43.18539302]]]]}},{"type":"Feature","properties":{"code":"64110","nom":"Béost","departement":"64","region":"75"},"geometry":{"type":"MultiPolygon","coordinates":[[[[-0.42019147,42.9992744],[-0.40846687,42.99575076],[-0.3974578,42.99359225],[-0.38942847,42.99292753],[-0.38465308,42.99327873],[-0.37595222,42.99522662],[-0.3661299,43.00078256],[-0.35728928,43.00455881],[-0.34897299,43.00605227],[-0.33586491,43.00500238],[-0.32688584,43.00818355],[-0.32490445,43.01105871],[-0.32085696,43.01232607],[-0.31174934,43.01348548],[-0.29846158,43.01071546],[-0.28894619,43.0055818],[-0.287576,43.00551299],[-0.29258781,42.99180013],[-0.28629764,42.95743397],[-0.28072128,42.94322015],[-0.27927529,42.94234802],[-0.28119734,42.93429217],[-0.2853529,42.9299123],[-0.29003654,42.92908756],[-0.2977795,42.93097335],[-0.31085269,42.94534516],[-0.32156164,42.95895717],[-0.3324784,42.96744029],[-0.33933473,42.96988371],[-0.37038147,42.97445124],[-0.38253881,42.98019212],[-0.39300447,42.98250511],[-0.39853585,42.98270483],[-0.41412598,42.9856314],[-0.41987836,42.99095944],[-0.42019147,42.9992744]]]]}},{"type":"Feature","properties":{"code":"64111","nom":"Bentayou-Sérée","departement":"64","region":"75"},"geometry":{"type":"MultiPolygon","coordinates":[[[[-0.08573254,43.38955962],[-0.07900607,43.39849777],[-0.07377243,43.40936753],[-0.06935915,43.4115968],[-0.06908399,43.41049001],[-0.06713781,43.41039931],[-0.06503131,43.40933897],[-0.04419329,43.40950291],[-0.0461233,43.40198866],[-0.04575562,43.39940433],[-0.04291007,43.39469566],[-0.04287831,43.39327768],[-0.05070394,43.38374559],[-0.053369,43.37832447],[-0.06378374,43.38022769],[-0.06320948,43.38154398],[-0.06431353,43.38728186],[-0.07223993,43.3896401],[-0.08785378,43.38461851],[-0.0881049,43.38504259],[-0.08573254,43.38955962]]]]}},{"type":"Feature","properties":{"code":"64112","nom":"Bérenx","departement":"64","region":"75"},"geometry":{"type":"MultiPolygon","coordinates":[[[[-0.87449464,43.50519378],[-0.8696938,43.50340607],[-0.85996194,43.50491327],[-0.851392,43.50969137],[-0.84303746,43.5097933],[-0.83984796,43.50925416],[-0.8388743,43.50824105],[-0.84042263,43.50668822],[-0.84347653,43.49597614],[-0.84989233,43.47967972],[-0.85341621,43.47231687],[-0.85917039,43.46493932],[-0.8622168,43.46697094],[-0.86639999,43.4683404],[-0.87409148,43.47347921],[-0.88315219,43.4886617],[-0.88835244,43.4927972],[-0.89582203,43.50091623],[-0.89820912,43.50483626],[-0.89671886,43.51128915],[-0.89220846,43.51431664],[-0.89374467,43.516418],[-0.8892459,43.51904048],[-0.88545277,43.51854142],[-0.88335765,43.51609694],[-0.88415751,43.51335598],[-0.87449464,43.50519378]]]]}},{"type":"Feature","properties":{"code":"64113","nom":"Bergouey-Viellenave","departement":"64","region":"75"},"geometry":{"type":"MultiPolygon","coordinates":[[[[-1.0367491,43.42871822],[-1.03039931,43.41963219],[-1.04158616,43.41342633],[-1.05246776,43.40532364],[-1.05281767,43.40616902],[-1.05762039,43.41307136],[-1.06840847,43.41340772],[-1.07877233,43.41518234],[-1.07934319,43.41472842],[-1.08413144,43.41580271],[-1.08891892,43.41922715],[-1.09279207,43.424158],[-1.09115635,43.42696476],[-1.08165708,43.43178262],[-1.07312844,43.43901522],[-1.07224377,43.44547974],[-1.06583577,43.44592144],[-1.05939333,43.44149944],[-1.05561115,43.43250568],[-1.04715359,43.43032778],[-1.0367491,43.42871822]]]]}},{"type":"Feature","properties":{"code":"64114","nom":"Bernadets","departement":"64","region":"75"},"geometry":{"type":"MultiPolygon","coordinates":[[[[-0.27192464,43.36794955],[-0.28701908,43.3658397],[-0.29832853,43.38093824],[-0.29861212,43.38235404],[-0.28927289,43.38405559],[-0.2794348,43.38751913],[-0.27891789,43.38652904],[-0.27310145,43.38437311],[-0.2714832,43.38229171],[-0.26932484,43.37526276],[-0.26820144,43.37480329],[-0.27192464,43.36794955]]]]}},{"type":"Feature","properties":{"code":"64115","nom":"Berrogain-Laruns","departement":"64","region":"75"},"geometry":{"type":"MultiPolygon","coordinates":[[[[-0.85122468,43.24532053],[-0.87304576,43.24266821],[-0.87499242,43.24808126],[-0.87498227,43.25220284],[-0.87272349,43.2553541],[-0.87011168,43.25569094],[-0.86656648,43.25741568],[-0.86545294,43.25951707],[-0.84679406,43.25320027],[-0.84839244,43.24862588],[-0.85122468,43.24532053]]]]}},{"type":"Feature","properties":{"code":"64116","nom":"Bescat","departement":"64","region":"75"},"geometry":{"type":"MultiPolygon","coordinates":[[[[-0.40036913,43.13334078],[-0.40188978,43.12935315],[-0.41499133,43.12290138],[-0.42555981,43.11601539],[-0.44355411,43.11860616],[-0.44283843,43.12844224],[-0.4335288,43.13541683],[-0.42712649,43.14445439],[-0.42121785,43.14803176],[-0.41966524,43.14591851],[-0.40977938,43.13834699],[-0.40540012,43.13944788],[-0.40242634,43.13888551],[-0.40092079,43.13753489],[-0.40036913,43.13334078]]]]}},{"type":"Feature","properties":{"code":"64117","nom":"Bésingrand","departement":"64","region":"75"},"geometry":{"type":"MultiPolygon","coordinates":[[[[-0.57200141,43.36575978],[-0.57886947,43.37124395],[-0.5810809,43.37478464],[-0.57291886,43.38400322],[-0.56432585,43.38012527],[-0.55877913,43.37823574],[-0.56561032,43.37032743],[-0.57200141,43.36575978]]]]}},{"type":"Feature","properties":{"code":"64118","nom":"Bétracq","departement":"64","region":"75"},"geometry":{"type":"MultiPolygon","coordinates":[[[[-0.04873352,43.52975935],[-0.04391535,43.52356225],[-0.04337045,43.52086828],[-0.04445721,43.51697785],[-0.03999623,43.51256869],[-0.04386381,43.50666808],[-0.05345055,43.50648047],[-0.0663749,43.5095174],[-0.06727217,43.51237416],[-0.06392433,43.51622161],[-0.06548085,43.52303861],[-0.06516701,43.52761429],[-0.06271941,43.53269774],[-0.05687178,43.53346324],[-0.05617419,43.5330291],[-0.051746,43.52965033],[-0.04873352,43.52975935]]]]}},{"type":"Feature","properties":{"code":"64119","nom":"Beuste","departement":"64","region":"75"},"geometry":{"type":"MultiPolygon","coordinates":[[[[-0.25513527,43.21310869],[-0.24830436,43.22326254],[-0.23783637,43.22703146],[-0.22464219,43.23017951],[-0.21945663,43.23342764],[-0.21799614,43.2368679],[-0.21421428,43.23449494],[-0.2054749,43.22643105],[-0.21244,43.22016342],[-0.21923596,43.21587733],[-0.2284485,43.21267444],[-0.24379425,43.20921],[-0.24724578,43.21169083],[-0.24869101,43.21340104],[-0.25513527,43.21310869]]]]}},{"type":"Feature","properties":{"code":"64120","nom":"Beyrie-sur-Joyeuse","departement":"64","region":"75"},"geometry":{"type":"MultiPolygon","coordinates":[[[[-1.06030118,43.30601459],[-1.06406764,43.30291396],[-1.07545488,43.29858462],[-1.08581788,43.29190305],[-1.08873099,43.28092509],[-1.09187022,43.27590965],[-1.10635263,43.28744457],[-1.12802771,43.30196051],[-1.13520858,43.30233983],[-1.13459003,43.30334538],[-1.13263932,43.30572609],[-1.12872704,43.31702135],[-1.12982926,43.32108963],[-1.13352782,43.32522798],[-1.13500747,43.32913227],[-1.13377679,43.33435278],[-1.13253615,43.33598117],[-1.12627722,43.33380071],[-1.12625087,43.33117673],[-1.12519368,43.33094054],[-1.11854813,43.33000223],[-1.10781536,43.33123496],[-1.10285876,43.33075485],[-1.10085146,43.32949515],[-1.09247172,43.32827965],[-1.08908919,43.32837887],[-1.08510366,43.32994475],[-1.07270499,43.32964794],[-1.06329288,43.32627662],[-1.05291427,43.32291735],[-1.04912183,43.32009421],[-1.04880841,43.31940876],[-1.05677408,43.31553304],[-1.06441526,43.30948546],[-1.06221551,43.30643534],[-1.06030118,43.30601459]]]]}},{"type":"Feature","properties":{"code":"64121","nom":"Beyrie-en-Béarn","departement":"64","region":"75"},"geometry":{"type":"MultiPolygon","coordinates":[[[[-0.46907918,43.36703416],[-0.47401244,43.37210404],[-0.47177047,43.38278289],[-0.46398242,43.38103794],[-0.46136125,43.3773605],[-0.45945948,43.3723174],[-0.45426095,43.3705394],[-0.45054261,43.37119026],[-0.44915046,43.36888622],[-0.46053552,43.36122333],[-0.46125969,43.3614856],[-0.46787807,43.36229833],[-0.47113202,43.36544108],[-0.46907918,43.36703416]]]]}},{"type":"Feature","properties":{"code":"64122","nom":"Biarritz","departement":"64","region":"75"},"geometry":{"type":"MultiPolygon","coordinates":[[[[-1.57123647,43.46050881],[-1.57668504,43.46200082],[-1.57705714,43.46271145],[-1.56867682,43.47382734],[-1.56345506,43.48334778],[-1.56122327,43.48359318],[-1.55856318,43.48525701],[-1.55380302,43.48961171],[-1.55274396,43.49191281],[-1.54865218,43.49307509],[-1.54734244,43.49263622],[-1.54447981,43.49095306],[-1.53800028,43.48716664],[-1.53543542,43.48567356],[-1.53520353,43.4810287],[-1.53464469,43.47301004],[-1.53557978,43.46092231],[-1.5399572,43.4476351],[-1.54216166,43.44756156],[-1.55184277,43.44740726],[-1.55999166,43.44998411],[-1.56225135,43.45100997],[-1.56485936,43.45559426],[-1.56841796,43.4590588],[-1.56788407,43.45954813],[-1.56919529,43.45959284],[-1.57022352,43.46023254],[-1.57123647,43.46050881]]]]}},{"type":"Feature","properties":{"code":"64123","nom":"Bidache","departement":"64","region":"75"},"geometry":{"type":"MultiPolygon","coordinates":[[[[-1.08810429,43.44403256],[-1.08899809,43.4431619],[-1.09259705,43.44230882],[-1.11547377,43.4375958],[-1.13624994,43.43481663],[-1.16084585,43.4380723],[-1.18305091,43.44149329],[-1.18367489,43.4440188],[-1.18205737,43.44794177],[-1.17541168,43.45076138],[-1.17345558,43.45122419],[-1.17154873,43.45059404],[-1.1702403,43.45706895],[-1.17048409,43.462712],[-1.17623324,43.46855198],[-1.18103876,43.48097534],[-1.18145452,43.48471536],[-1.17988959,43.48857957],[-1.17788912,43.49066135],[-1.17000235,43.49319591],[-1.16556557,43.49082048],[-1.14903597,43.49190514],[-1.14414503,43.49445456],[-1.13724568,43.50022471],[-1.13301822,43.49942111],[-1.12761122,43.4855448],[-1.1139311,43.47291091],[-1.11278652,43.47083274],[-1.1136073,43.46717904],[-1.12210168,43.45754708],[-1.12113803,43.45433601],[-1.10472887,43.44210902],[-1.09472621,43.44253642],[-1.08810429,43.44403256]]]]}},{"type":"Feature","properties":{"code":"64124","nom":"Bidarray","departement":"64","region":"75"},"geometry":{"type":"MultiPolygon","coordinates":[[[[-1.29288243,43.29037371],[-1.29539727,43.28448639],[-1.30164814,43.27928265],[-1.30841823,43.27595959],[-1.31224238,43.27493034],[-1.32050167,43.25984262],[-1.32555165,43.26317545],[-1.33467697,43.2617256],[-1.33912859,43.26012511],[-1.34518861,43.24220304],[-1.35081795,43.23792669],[-1.35528213,43.23567363],[-1.35648594,43.23645655],[-1.35977853,43.23598661],[-1.3642276,43.23376801],[-1.37828051,43.23510492],[-1.38156473,43.24451854],[-1.38254361,43.25310146],[-1.40310679,43.26898765],[-1.41320536,43.27347734],[-1.39659238,43.28203579],[-1.37954914,43.29263883],[-1.36323763,43.30088142],[-1.36194149,43.30055988],[-1.3604193,43.30147274],[-1.35196481,43.30330658],[-1.32931451,43.29931312],[-1.32848632,43.29860035],[-1.29288243,43.29037371]]]]}},{"type":"Feature","properties":{"code":"64125","nom":"Bidart","departement":"64","region":"75"},"geometry":{"type":"MultiPolygon","coordinates":[[[[-1.55999166,43.44998411],[-1.55184277,43.44740726],[-1.54216166,43.44756156],[-1.54490799,43.44382995],[-1.55232881,43.44089576],[-1.56629139,43.42935941],[-1.57835657,43.42104647],[-1.57996433,43.41951675],[-1.59964792,43.414376],[-1.6004699,43.41496197],[-1.60850023,43.42703672],[-1.6027331,43.43044712],[-1.59678979,43.4360852],[-1.57705714,43.46271145],[-1.57668504,43.46200082],[-1.57123647,43.46050881],[-1.57022352,43.46023254],[-1.56919529,43.45959284],[-1.56788407,43.45954813],[-1.56841796,43.4590588],[-1.56485936,43.45559426],[-1.56225135,43.45100997],[-1.55999166,43.44998411]]]]}},{"type":"Feature","properties":{"code":"64126","nom":"Bidos","departement":"64","region":"75"},"geometry":{"type":"MultiPolygon","coordinates":[[[[-0.61298182,43.17702417],[-0.60967301,43.17890612],[-0.6098541,43.1819606],[-0.60685302,43.18276695],[-0.60010896,43.17998404],[-0.59888544,43.17713275],[-0.59882694,43.16985668],[-0.60635643,43.1685903],[-0.61082928,43.17211337],[-0.61298182,43.17702417]]]]}},{"type":"Feature","properties":{"code":"64127","nom":"Bielle","departement":"64","region":"75"},"geometry":{"type":"MultiPolygon","coordinates":[[[[-0.41389785,43.0560669],[-0.41350227,43.05418897],[-0.4226303,43.03969705],[-0.42467561,43.03923136],[-0.43544706,43.04042552],[-0.44915691,43.03916313],[-0.45580577,43.03411729],[-0.46235136,43.0269534],[-0.4646367,43.01484556],[-0.48239415,43.01339336],[-0.48462768,43.01522139],[-0.49377668,43.01917817],[-0.50933766,43.03410187],[-0.50209487,43.04477555],[-0.5022246,43.07126102],[-0.49381088,43.06830065],[-0.47760671,43.06447263],[-0.47133069,43.05611376],[-0.47491346,43.05289133],[-0.4772152,43.04706883],[-0.46195172,43.0470488],[-0.45599733,43.04805584],[-0.44474018,43.05630475],[-0.43648692,43.0641838],[-0.42948603,43.06923873],[-0.42896792,43.07402565],[-0.43876647,43.07481498],[-0.42829154,43.07887885],[-0.42006085,43.07840245],[-0.41972743,43.07704196],[-0.42179669,43.05974735],[-0.41389785,43.0560669]]]]}},{"type":"Feature","properties":{"code":"64128","nom":"Bilhères","departement":"64","region":"75"},"geometry":{"type":"MultiPolygon","coordinates":[[[[-0.52372034,43.08635343],[-0.48119072,43.07459377],[-0.47262402,43.07631542],[-0.47161752,43.0770609],[-0.46745898,43.07752894],[-0.44096211,43.0743181],[-0.43876647,43.07481498],[-0.42896792,43.07402565],[-0.42948603,43.06923873],[-0.43648692,43.0641838],[-0.44474018,43.05630475],[-0.45599733,43.04805584],[-0.46195172,43.0470488],[-0.4772152,43.04706883],[-0.47491346,43.05289133],[-0.47133069,43.05611376],[-0.47760671,43.06447263],[-0.49381088,43.06830065],[-0.5022246,43.07126102],[-0.50209487,43.04477555],[-0.52362673,43.05584456],[-0.52030785,43.05985322],[-0.52515425,43.07922649],[-0.52372034,43.08635343]]]]}},{"type":"Feature","properties":{"code":"64129","nom":"Billère","departement":"64","region":"75"},"geometry":{"type":"MultiPolygon","coordinates":[[[[-0.37937536,43.30242554],[-0.38444649,43.30203451],[-0.38669932,43.29843348],[-0.38782225,43.29750869],[-0.39037391,43.29888999],[-0.39232849,43.29856572],[-0.39228555,43.29710302],[-0.3899895,43.29612703],[-0.38466116,43.29561339],[-0.38530206,43.29470913],[-0.38554359,43.29437202],[-0.38699231,43.29418885],[-0.40735635,43.29283809],[-0.41055023,43.29369353],[-0.41310508,43.29599622],[-0.40971416,43.30010648],[-0.41090729,43.30004001],[-0.40569278,43.30478036],[-0.40360874,43.3061093],[-0.38925939,43.31534556],[-0.38714911,43.31542252],[-0.38661097,43.31549791],[-0.38313628,43.32047973],[-0.37874535,43.31945916],[-0.37803548,43.31568075],[-0.37731829,43.31181794],[-0.38055017,43.31213468],[-0.3802936,43.30944241],[-0.37990574,43.30427997],[-0.37937536,43.30242554]]]]}},{"type":"Feature","properties":{"code":"64130","nom":"Biriatou","departement":"64","region":"75"},"geometry":{"type":"MultiPolygon","coordinates":[[[[-1.7391298,43.34912079],[-1.73527789,43.34917879],[-1.73012403,43.34427387],[-1.71944131,43.32923938],[-1.72030277,43.3257736],[-1.71815423,43.32162285],[-1.70752098,43.31043993],[-1.70346701,43.30915485],[-1.70964052,43.30314354],[-1.71584043,43.30028841],[-1.73015839,43.29576726],[-1.73713897,43.3108139],[-1.7418338,43.33162218],[-1.75395378,43.34177717],[-1.75726644,43.34368619],[-1.76093466,43.34412846],[-1.75829848,43.34525125],[-1.7391298,43.34912079]]]]}},{"type":"Feature","properties":{"code":"64132","nom":"Bizanos","departement":"64","region":"75"},"geometry":{"type":"MultiPolygon","coordinates":[[[[-0.36024292,43.28698739],[-0.36305876,43.29000155],[-0.36205502,43.29143108],[-0.35980102,43.29230524],[-0.34750426,43.29291565],[-0.33506013,43.29703254],[-0.33280794,43.29892888],[-0.33402134,43.29893556],[-0.33236301,43.30270434],[-0.32484436,43.30228139],[-0.32378749,43.30385713],[-0.32295226,43.30527928],[-0.32560804,43.30895753],[-0.32781614,43.30914796],[-0.32564495,43.3101953],[-0.3146962,43.30595062],[-0.32171034,43.29894019],[-0.3302558,43.28592892],[-0.33847332,43.28011015],[-0.36024292,43.28698739]]]]}},{"type":"Feature","properties":{"code":"64133","nom":"Boeil-Bezing","departement":"64","region":"75"},"geometry":{"type":"MultiPolygon","coordinates":[[[[-0.22756434,43.24060105],[-0.22491235,43.24217387],[-0.22477886,43.24353097],[-0.21665612,43.24901021],[-0.21025938,43.25295206],[-0.20913291,43.25273977],[-0.20717116,43.25208054],[-0.20421485,43.24970157],[-0.21799614,43.2368679],[-0.21945663,43.23342764],[-0.22464219,43.23017951],[-0.23783637,43.22703146],[-0.24830436,43.22326254],[-0.25513527,43.21310869],[-0.25570831,43.21150603],[-0.26188521,43.21138698],[-0.26419612,43.2107022],[-0.27006739,43.20664513],[-0.2713059,43.20671742],[-0.27428613,43.21011378],[-0.27364058,43.21049348],[-0.2753153,43.21148427],[-0.27857701,43.21636016],[-0.28092577,43.2208019],[-0.28703369,43.22483568],[-0.28025549,43.22731066],[-0.27548249,43.23158796],[-0.26534034,43.23641294],[-0.26303,43.23394669],[-0.26271907,43.23103916],[-0.25875102,43.22690071],[-0.25368562,43.22612806],[-0.24847508,43.22647048],[-0.23437739,43.2298522],[-0.23281299,43.23489288],[-0.23014885,43.23870518],[-0.22756434,43.24060105]]]]}},{"type":"Feature","properties":{"code":"64134","nom":"Bonloc","departement":"64","region":"75"},"geometry":{"type":"MultiPolygon","coordinates":[[[[-1.26546375,43.3729198],[-1.26519131,43.37129355],[-1.26161132,43.36719404],[-1.26092928,43.36226855],[-1.26319177,43.36295686],[-1.26908807,43.36240888],[-1.27651242,43.36742106],[-1.27003821,43.37202032],[-1.26546375,43.3729198]]]]}},{"type":"Feature","properties":{"code":"64135","nom":"Bonnut","departement":"64","region":"75"},"geometry":{"type":"MultiPolygon","coordinates":[[[[-0.73388907,43.55575718],[-0.72707246,43.54616903],[-0.72853854,43.54529088],[-0.74056144,43.53009409],[-0.74542981,43.52885148],[-0.76858274,43.52589837],[-0.78165054,43.53304577],[-0.78113257,43.53604624],[-0.80187392,43.54399014],[-0.80309482,43.54568943],[-0.80242307,43.54833514],[-0.8055747,43.552479],[-0.80334934,43.55618268],[-0.80176181,43.55800115],[-0.7994897,43.55790059],[-0.79698606,43.55892414],[-0.79392755,43.56401515],[-0.78851106,43.56340451],[-0.78202904,43.5642729],[-0.7808985,43.56850901],[-0.77030319,43.5791663],[-0.76827846,43.57948523],[-0.76117996,43.57279732],[-0.74598408,43.56163109],[-0.73388907,43.55575718]]]]}},{"type":"Feature","properties":{"code":"64136","nom":"Borce","departement":"64","region":"75"},"geometry":{"type":"MultiPolygon","coordinates":[[[[-0.57873481,42.92239338],[-0.57406222,42.91443009],[-0.56986696,42.90473055],[-0.56253271,42.8841243],[-0.55278183,42.86547317],[-0.55103189,42.85913107],[-0.55046613,42.85160122],[-0.55086126,42.84926039],[-0.55785512,42.83814056],[-0.55992048,42.83290527],[-0.56088276,42.81463058],[-0.55662162,42.81001229],[-0.55456191,42.80388161],[-0.55495028,42.79930073],[-0.56762465,42.78081188],[-0.57049303,42.78298904],[-0.57017907,42.78786451],[-0.56461255,42.79989874],[-0.56614233,42.80371379],[-0.56858151,42.80632932],[-0.56917527,42.80694052],[-0.57673345,42.80820613],[-0.57960872,42.80600296],[-0.59257584,42.8030856],[-0.59919556,42.8052632],[-0.60047642,42.80713294],[-0.5996452,42.81042923],[-0.60204755,42.82876803],[-0.6130946,42.83545439],[-0.61964944,42.83795088],[-0.62957916,42.84672043],[-0.63257843,42.85144652],[-0.63614668,42.8533132],[-0.62554103,42.87301455],[-0.60103539,42.90905646],[-0.59899165,42.91983573],[-0.58970105,42.9228231],[-0.57873481,42.92239338]]]]}},{"type":"Feature","properties":{"code":"64137","nom":"Bordères","departement":"64","region":"75"},"geometry":{"type":"MultiPolygon","coordinates":[[[[-0.23989344,43.191504],[-0.24505599,43.19960231],[-0.24500124,43.20059874],[-0.24362414,43.20090393],[-0.24260887,43.19978573],[-0.22865547,43.2050422],[-0.20869292,43.20911451],[-0.20020381,43.21243107],[-0.19496806,43.21667964],[-0.1899025,43.21480036],[-0.18397027,43.21041227],[-0.18248949,43.20761843],[-0.18224976,43.20697553],[-0.20497777,43.2015855],[-0.23297309,43.19634792],[-0.23609505,43.19540807],[-0.23806223,43.19208923],[-0.23989344,43.191504]]]]}},{"type":"Feature","properties":{"code":"64138","nom":"Bordes","departement":"64","region":"75"},"geometry":{"type":"MultiPolygon","coordinates":[[[[-0.26534034,43.23641294],[-0.27548249,43.23158796],[-0.28025549,43.22731066],[-0.28703369,43.22483568],[-0.29283096,43.22781179],[-0.29772016,43.23298508],[-0.28026403,43.24935873],[-0.2739325,43.25253274],[-0.26510147,43.25547497],[-0.26379386,43.25811818],[-0.26203531,43.25806149],[-0.25467708,43.26228538],[-0.24722995,43.25429346],[-0.25164527,43.25262557],[-0.25403829,43.25046118],[-0.26172078,43.24284963],[-0.26534034,43.23641294]]]]}},{"type":"Feature","properties":{"code":"64139","nom":"Bosdarros","departement":"64","region":"75"},"geometry":{"type":"MultiPolygon","coordinates":[[[[-0.31834475,43.19380662],[-0.31899209,43.18942032],[-0.32462839,43.19117064],[-0.33655313,43.19277854],[-0.34226192,43.19176901],[-0.34336273,43.1905501],[-0.34103145,43.18232706],[-0.34216227,43.18009892],[-0.34780144,43.1730305],[-0.35477789,43.16872365],[-0.3735365,43.17780481],[-0.37449584,43.17706445],[-0.3920794,43.17906781],[-0.38992901,43.1958768],[-0.38493812,43.20461362],[-0.38008761,43.21989303],[-0.37789021,43.2219975],[-0.3673124,43.22501379],[-0.3562088,43.2264806],[-0.3530857,43.22775981],[-0.35116592,43.22953547],[-0.34629494,43.23040417],[-0.34319538,43.22980158],[-0.33714258,43.23031392],[-0.33248738,43.23343062],[-0.33251995,43.23115901],[-0.32518398,43.22419358],[-0.33488805,43.21569768],[-0.33753401,43.21079111],[-0.33824273,43.20567886],[-0.33576483,43.20405303],[-0.32540926,43.20244342],[-0.3254129,43.20024208],[-0.32686551,43.19732446],[-0.31834475,43.19380662]]]]}},{"type":"Feature","properties":{"code":"64140","nom":"Boucau","departement":"64","region":"75"},"geometry":{"type":"MultiPolygon","coordinates":[[[[-1.46848661,43.51688868],[-1.47775471,43.51358013],[-1.48726679,43.51194852],[-1.49205127,43.51194947],[-1.49089204,43.51658355],[-1.49138478,43.52114018],[-1.5017597,43.52711898],[-1.50092887,43.52848002],[-1.49133542,43.53217351],[-1.49038165,43.53351882],[-1.48859824,43.53322139],[-1.48823503,43.53370864],[-1.48630063,43.53605877],[-1.47821218,43.53976174],[-1.47174095,43.53383508],[-1.46096932,43.53312985],[-1.46232046,43.52981385],[-1.46396206,43.52708154],[-1.46422051,43.51952913],[-1.46577771,43.51632176],[-1.46848661,43.51688868]]]]}},{"type":"Feature","properties":{"code":"64141","nom":"Boueilh-Boueilho-Lasque","departement":"64","region":"75"},"geometry":{"type":"MultiPolygon","coordinates":[[[[-0.32156047,43.51587596],[-0.32965057,43.52161896],[-0.33691808,43.53409205],[-0.34294691,43.53933571],[-0.34413129,43.53943699],[-0.34698423,43.54807161],[-0.35194069,43.55416297],[-0.3494423,43.55648158],[-0.34148373,43.55284111],[-0.33160187,43.55314138],[-0.31727417,43.55655751],[-0.30383227,43.5614063],[-0.30348768,43.56353033],[-0.30150697,43.56554475],[-0.29210827,43.55306357],[-0.28916916,43.54546322],[-0.28816097,43.54206194],[-0.28919744,43.53396559],[-0.28858438,43.52723852],[-0.28852248,43.52233269],[-0.30616768,43.51955395],[-0.32156047,43.51587596]]]]}},{"type":"Feature","properties":{"code":"64142","nom":"Bougarber","departement":"64","region":"75"},"geometry":{"type":"MultiPolygon","coordinates":[[[[-0.50392653,43.39990062],[-0.49202273,43.40411978],[-0.48352115,43.4013176],[-0.46906395,43.40930571],[-0.45955085,43.41150845],[-0.45476972,43.39534862],[-0.4475026,43.3817057],[-0.44273774,43.37513178],[-0.44852092,43.37096657],[-0.44882013,43.3714694],[-0.45054261,43.37119026],[-0.45426095,43.3705394],[-0.45945948,43.3723174],[-0.46136125,43.3773605],[-0.46398242,43.38103794],[-0.47177047,43.38278289],[-0.48330359,43.38289305],[-0.4932171,43.38837538],[-0.50392653,43.39990062]]]]}},{"type":"Feature","properties":{"code":"64143","nom":"Bouillon","departement":"64","region":"75"},"geometry":{"type":"MultiPolygon","coordinates":[[[[-0.51397542,43.50398219],[-0.49788262,43.49902617],[-0.49541794,43.4968254],[-0.49081873,43.48746533],[-0.5054741,43.4872949],[-0.50892041,43.48634853],[-0.51102578,43.48675675],[-0.51955498,43.49525184],[-0.52050534,43.49572081],[-0.52391194,43.494687],[-0.52624009,43.4955335],[-0.52174642,43.49840929],[-0.51540151,43.50049748],[-0.51397542,43.50398219]]]]}},{"type":"Feature","properties":{"code":"64144","nom":"Boumourt","departement":"64","region":"75"},"geometry":{"type":"MultiPolygon","coordinates":[[[[-0.50173492,43.45228648],[-0.50032257,43.45119924],[-0.49903167,43.44268302],[-0.50562201,43.43754029],[-0.50270735,43.4323367],[-0.49413067,43.42933225],[-0.49293326,43.42975811],[-0.49350558,43.42490018],[-0.4960272,43.42254044],[-0.50041325,43.4223789],[-0.50356936,43.42466143],[-0.50565352,43.42400951],[-0.50643161,43.42542338],[-0.51955423,43.43054675],[-0.53068541,43.43727174],[-0.53922947,43.44019523],[-0.53420254,43.44473075],[-0.52747098,43.44424147],[-0.52268778,43.44722762],[-0.5200575,43.45263817],[-0.51775843,43.46502451],[-0.51524278,43.46509266],[-0.51015551,43.463017],[-0.50540856,43.4591767],[-0.50173492,43.45228648]]]]}},{"type":"Feature","properties":{"code":"64145","nom":"Bourdettes","departement":"64","region":"75"},"geometry":{"type":"MultiPolygon","coordinates":[[[[-0.26018301,43.19024894],[-0.2706024,43.18445991],[-0.27419506,43.18542041],[-0.2768259,43.18781442],[-0.28022484,43.19374107],[-0.28097772,43.1968349],[-0.26929097,43.20397506],[-0.26933023,43.20306009],[-0.26665428,43.20185467],[-0.26423357,43.19793528],[-0.2592067,43.19076098],[-0.26018301,43.19024894]]]]}},{"type":"Feature","properties":{"code":"64146","nom":"Bournos","departement":"64","region":"75"},"geometry":{"type":"MultiPolygon","coordinates":[[[[-0.40709527,43.45706151],[-0.40573453,43.45512588],[-0.40031605,43.45735286],[-0.39584024,43.44963727],[-0.38936826,43.44416056],[-0.38070147,43.43433068],[-0.37833695,43.42834514],[-0.37453991,43.42353975],[-0.38376298,43.42312943],[-0.39901164,43.42927125],[-0.41083448,43.43274458],[-0.40870988,43.4388232],[-0.41174585,43.45185607],[-0.41323046,43.45296105],[-0.40709527,43.45706151]]]]}},{"type":"Feature","properties":{"code":"64147","nom":"Briscous","departement":"64","region":"75"},"geometry":{"type":"MultiPolygon","coordinates":[[[[-1.36859916,43.44055559],[-1.36822942,43.44101112],[-1.37403286,43.44471886],[-1.37616198,43.45067436],[-1.37475214,43.45381113],[-1.3736101,43.46581518],[-1.37310716,43.46635901],[-1.37063238,43.46566868],[-1.36162323,43.4668176],[-1.35434043,43.46864694],[-1.33761876,43.47563783],[-1.31952809,43.48665689],[-1.31692506,43.48419628],[-1.30119936,43.4778145],[-1.28138512,43.46791708],[-1.28077071,43.46426978],[-1.28145988,43.4557227],[-1.28002816,43.44819024],[-1.27494551,43.44622777],[-1.27627786,43.44495522],[-1.29547515,43.43796398],[-1.32137645,43.43465987],[-1.33545526,43.43405276],[-1.33605043,43.43471459],[-1.34250416,43.43583984],[-1.35772028,43.43734668],[-1.36353263,43.43972013],[-1.36859916,43.44055559]]]]}},{"type":"Feature","properties":{"code":"64148","nom":"Bruges-Capbis-Mifaget","departement":"64","region":"75"},"geometry":{"type":"MultiPolygon","coordinates":[[[[-0.32828512,43.11543416],[-0.31987003,43.1240768],[-0.32413248,43.12805675],[-0.32905714,43.13727086],[-0.32647155,43.14587068],[-0.30654008,43.15372202],[-0.2953508,43.16105601],[-0.29442636,43.16022092],[-0.30302408,43.15493893],[-0.3015199,43.15344828],[-0.29934674,43.15333297],[-0.29538476,43.15643399],[-0.29445004,43.14364311],[-0.28952392,43.13271624],[-0.29009175,43.12243726],[-0.29104506,43.11988393],[-0.28437877,43.10959541],[-0.2780766,43.1049515],[-0.27066086,43.10162568],[-0.27513682,43.09747118],[-0.29048181,43.09871829],[-0.29480926,43.10015684],[-0.30064784,43.09507103],[-0.30876026,43.09687905],[-0.30984763,43.10048879],[-0.30909856,43.10240495],[-0.30730152,43.10372045],[-0.30358511,43.10556922],[-0.3072198,43.10989574],[-0.31540608,43.10958736],[-0.32828512,43.11543416]]]]}},{"type":"Feature","properties":{"code":"64149","nom":"Bugnein","departement":"64","region":"75"},"geometry":{"type":"MultiPolygon","coordinates":[[[[-0.72984776,43.36634549],[-0.74447118,43.35909632],[-0.7585853,43.35752321],[-0.76838184,43.35403455],[-0.77907148,43.34782988],[-0.78121196,43.34763165],[-0.78169153,43.34850741],[-0.79219672,43.35389183],[-0.77955284,43.35826582],[-0.77531153,43.36200842],[-0.76492534,43.37763632],[-0.75993282,43.38239064],[-0.7526155,43.38724159],[-0.74289386,43.39183028],[-0.73225327,43.37583971],[-0.72496456,43.37178689],[-0.72049091,43.37049448],[-0.71526201,43.37159374],[-0.71390214,43.37093346],[-0.73029911,43.36692883],[-0.72984776,43.36634549]]]]}},{"type":"Feature","properties":{"code":"64150","nom":"Bunus","departement":"64","region":"75"},"geometry":{"type":"MultiPolygon","coordinates":[[[[-1.06011844,43.22205348],[-1.05451395,43.21668175],[-1.0500141,43.21001546],[-1.04741624,43.20775499],[-1.04278962,43.20635772],[-1.03884063,43.20684613],[-1.03967745,43.20499272],[-1.05431394,43.19664178],[-1.07356564,43.1931358],[-1.0799732,43.19527947],[-1.08198806,43.20702399],[-1.08032608,43.20802091],[-1.07939638,43.21026731],[-1.08029752,43.21228413],[-1.07933662,43.21532703],[-1.07721997,43.21784077],[-1.06820313,43.22081757],[-1.06011844,43.22205348]]]]}},{"type":"Feature","properties":{"code":"64151","nom":"Burgaronne","departement":"64","region":"75"},"geometry":{"type":"MultiPolygon","coordinates":[[[[-0.89718468,43.43060048],[-0.89121642,43.41906045],[-0.89816857,43.40852383],[-0.90764176,43.40302363],[-0.90986579,43.40648231],[-0.91452962,43.40749909],[-0.91845554,43.40966923],[-0.92256079,43.41372162],[-0.92554409,43.42097085],[-0.92381916,43.42336457],[-0.9185508,43.42588478],[-0.91268064,43.42490721],[-0.90616902,43.42585398],[-0.90355792,43.42740558],[-0.90352674,43.42971354],[-0.91094251,43.43436675],[-0.91019225,43.43556664],[-0.90282577,43.43082152],[-0.89718468,43.43060048]]]]}},{"type":"Feature","properties":{"code":"64152","nom":"Buros","departement":"64","region":"75"},"geometry":{"type":"MultiPolygon","coordinates":[[[[-0.34300488,43.35801276],[-0.33148073,43.36705912],[-0.32702755,43.36822986],[-0.30899586,43.36123038],[-0.29701991,43.35311353],[-0.28720361,43.34890414],[-0.27653567,43.34552916],[-0.27637059,43.34477425],[-0.27570041,43.34203582],[-0.27712897,43.34077883],[-0.28319401,43.33899487],[-0.2875046,43.33909079],[-0.3101861,43.32550081],[-0.32396584,43.3310619],[-0.33290565,43.33330055],[-0.34005044,43.3451805],[-0.33993132,43.3503597],[-0.34300488,43.35801276]]]]}},{"type":"Feature","properties":{"code":"64153","nom":"Burosse-Mendousse","departement":"64","region":"75"},"geometry":{"type":"MultiPolygon","coordinates":[[[[-0.19581447,43.51624908],[-0.19454703,43.51410554],[-0.19448976,43.51138519],[-0.19895213,43.50598333],[-0.19804628,43.50331142],[-0.19419819,43.50013556],[-0.20496974,43.4976539],[-0.20522808,43.49647569],[-0.20629006,43.49611203],[-0.20664285,43.49709208],[-0.21564173,43.50092255],[-0.21710634,43.50876435],[-0.22841689,43.52417998],[-0.22343879,43.52544282],[-0.20746517,43.52666557],[-0.20433228,43.52430262],[-0.20106188,43.52437398],[-0.19581447,43.51624908]]]]}},{"type":"Feature","properties":{"code":"64154","nom":"Bussunarits-Sarrasquette","departement":"64","region":"75"},"geometry":{"type":"MultiPolygon","coordinates":[[[[-1.12322738,43.15950279],[-1.1299414,43.1638906],[-1.13549916,43.16538341],[-1.15214799,43.16203482],[-1.17560449,43.15859207],[-1.18186742,43.15434907],[-1.18740388,43.16141106],[-1.1863172,43.16336014],[-1.18268959,43.16468275],[-1.18128476,43.16630274],[-1.18033201,43.170021],[-1.18112174,43.17207287],[-1.1740587,43.17855449],[-1.16360253,43.1775213],[-1.14160062,43.17898227],[-1.13483771,43.18156213],[-1.13556294,43.18218463],[-1.13459776,43.18288638],[-1.12466213,43.18283103],[-1.12017102,43.18017815],[-1.11785309,43.17637658],[-1.11752123,43.17372498],[-1.11424627,43.1723918],[-1.11241081,43.17271134],[-1.11137828,43.17495743],[-1.11140793,43.17238391],[-1.10564812,43.16159344],[-1.10656532,43.16203406],[-1.12322738,43.15950279]]]]}},{"type":"Feature","properties":{"code":"64155","nom":"Bustince-Iriberry","departement":"64","region":"75"},"geometry":{"type":"MultiPolygon","coordinates":[[[[-1.18040852,43.21042839],[-1.17771132,43.20528776],[-1.17785787,43.20362109],[-1.17535512,43.20211377],[-1.17209831,43.20199392],[-1.17111471,43.2009916],[-1.17226306,43.19465002],[-1.17652232,43.18487775],[-1.17580289,43.18116034],[-1.1740587,43.17855449],[-1.18112174,43.17207287],[-1.19154011,43.17171145],[-1.20014183,43.17874114],[-1.20175787,43.18592835],[-1.20057429,43.18686713],[-1.18887196,43.1921514],[-1.18428886,43.20074783],[-1.18173147,43.20932861],[-1.18040852,43.21042839]]]]}},{"type":"Feature","properties":{"code":"64156","nom":"Buziet","departement":"64","region":"75"},"geometry":{"type":"MultiPolygon","coordinates":[[[[-0.45152839,43.16240049],[-0.46539867,43.14305762],[-0.47219642,43.1304099],[-0.48118956,43.12555329],[-0.48756036,43.12386531],[-0.48944618,43.12205943],[-0.49014014,43.12270318],[-0.49908496,43.1243199],[-0.50154371,43.12327306],[-0.50243699,43.12314679],[-0.50543008,43.12548122],[-0.48723878,43.13652435],[-0.48513677,43.14082929],[-0.48206529,43.15529069],[-0.46849757,43.16733978],[-0.45152839,43.16240049]]]]}},{"type":"Feature","properties":{"code":"64157","nom":"Buzy","departement":"64","region":"75"},"geometry":{"type":"MultiPolygon","coordinates":[[[[-0.42121785,43.14803176],[-0.42712649,43.14445439],[-0.4335288,43.13541683],[-0.44283843,43.12844224],[-0.44355411,43.11860616],[-0.45202585,43.11567103],[-0.45923732,43.11417566],[-0.47146772,43.11907597],[-0.48461333,43.11977332],[-0.48829999,43.12070376],[-0.48944618,43.12205943],[-0.48756036,43.12386531],[-0.48118956,43.12555329],[-0.47219642,43.1304099],[-0.46539867,43.14305762],[-0.45152839,43.16240049],[-0.45133854,43.16253711],[-0.4448727,43.1626566],[-0.43416192,43.15956003],[-0.42665813,43.16015085],[-0.41944493,43.1675644],[-0.4138152,43.16968569],[-0.40370994,43.16742131],[-0.40317765,43.16567261],[-0.40755648,43.1638003],[-0.40937202,43.16042796],[-0.41236742,43.15602702],[-0.42121785,43.14803176]]]]}},{"type":"Feature","properties":{"code":"64158","nom":"Cabidos","departement":"64","region":"75"},"geometry":{"type":"MultiPolygon","coordinates":[[[[-0.48991086,43.53452503],[-0.48850894,43.53620562],[-0.48431201,43.53774996],[-0.47421334,43.53861874],[-0.47400441,43.54011682],[-0.47702543,43.54365755],[-0.48126991,43.55060379],[-0.4779618,43.55163301],[-0.46640371,43.55158772],[-0.45196753,43.55023689],[-0.44936608,43.54999001],[-0.43770929,43.5529807],[-0.44023021,43.54112024],[-0.44831691,43.53776187],[-0.46136225,43.53012276],[-0.4657481,43.52576166],[-0.47629028,43.52655088],[-0.48991086,43.53452503]]]]}},{"type":"Feature","properties":{"code":"64159","nom":"Cadillon","departement":"64","region":"75"},"geometry":{"type":"MultiPolygon","coordinates":[[[[-0.1696457,43.53250471],[-0.16017263,43.53661609],[-0.15078991,43.53678186],[-0.15078486,43.53549438],[-0.1459084,43.53531445],[-0.14247194,43.52675458],[-0.13587413,43.51951253],[-0.13466941,43.51702707],[-0.15092574,43.51365929],[-0.16254779,43.510056],[-0.17020681,43.52581061],[-0.16814135,43.52567467],[-0.16754821,43.52669959],[-0.1696457,43.53250471]]]]}},{"type":"Feature","properties":{"code":"64160","nom":"Cambo-les-Bains","departement":"64","region":"75"},"geometry":{"type":"MultiPolygon","coordinates":[[[[-1.3515739,43.34389303],[-1.36397529,43.33509689],[-1.36624887,43.33407165],[-1.36836046,43.33153027],[-1.36958114,43.33297833],[-1.38407801,43.33778351],[-1.38918059,43.34093707],[-1.40294398,43.34736896],[-1.41110528,43.34884361],[-1.41856076,43.35256931],[-1.41797661,43.36225208],[-1.42283631,43.3654214],[-1.42557897,43.36922414],[-1.42426364,43.3698348],[-1.42188626,43.36898507],[-1.4117266,43.37341504],[-1.40967433,43.37530801],[-1.40970501,43.37810984],[-1.40769242,43.38192664],[-1.40423059,43.38503565],[-1.39800914,43.38876857],[-1.38310136,43.39266783],[-1.38159638,43.39206656],[-1.37596555,43.38457195],[-1.36260347,43.3731132],[-1.36132564,43.36616136],[-1.35741665,43.35495131],[-1.3515739,43.34389303]]]]}},{"type":"Feature","properties":{"code":"64161","nom":"Came","departement":"64","region":"75"},"geometry":{"type":"MultiPolygon","coordinates":[[[[-1.05659309,43.48463421],[-1.05554351,43.48322669],[-1.06020794,43.47673414],[-1.06400196,43.46840833],[-1.05952947,43.45897369],[-1.06609534,43.45597073],[-1.06801491,43.45464734],[-1.06838031,43.45226253],[-1.07116199,43.45031662],[-1.07314874,43.45005002],[-1.07469869,43.45222136],[-1.07793462,43.45127796],[-1.0793058,43.44932458],[-1.08032467,43.44357649],[-1.08297611,43.44127031],[-1.08619304,43.44163542],[-1.08810429,43.44403256],[-1.09472621,43.44253642],[-1.10472887,43.44210902],[-1.12113803,43.45433601],[-1.12210168,43.45754708],[-1.1136073,43.46717904],[-1.11278652,43.47083274],[-1.1139311,43.47291091],[-1.12761122,43.4855448],[-1.13301822,43.49942111],[-1.12232036,43.50145744],[-1.1121176,43.50984706],[-1.10943542,43.51412188],[-1.10786271,43.51425267],[-1.09619372,43.51082928],[-1.08847037,43.51158754],[-1.08613332,43.51270091],[-1.08275521,43.51682735],[-1.08119907,43.52001392],[-1.08134576,43.52310485],[-1.07284004,43.517485],[-1.07187239,43.51183572],[-1.06892339,43.50828339],[-1.06337543,43.49523035],[-1.06105598,43.48890658],[-1.05659309,43.48463421]]]]}},{"type":"Feature","properties":{"code":"64162","nom":"Camou-Cihigue","departement":"64","region":"75"},"geometry":{"type":"MultiPolygon","coordinates":[[[[-0.89391486,43.11479492],[-0.90944847,43.11265081],[-0.93428757,43.10452023],[-0.96195301,43.1147052],[-0.95920307,43.11425519],[-0.93752187,43.12425377],[-0.93254005,43.12430609],[-0.92658647,43.1290738],[-0.91661349,43.13333356],[-0.9115927,43.13405631],[-0.90233151,43.13296932],[-0.89178445,43.12640322],[-0.89391486,43.11479492]]]]}},{"type":"Feature","properties":{"code":"64165","nom":"Cardesse","departement":"64","region":"75"},"geometry":{"type":"MultiPolygon","coordinates":[[[[-0.60243583,43.27637628],[-0.59762584,43.28362795],[-0.59361341,43.28271246],[-0.5887898,43.28008945],[-0.58275178,43.27306899],[-0.58083106,43.2674021],[-0.58024935,43.26148641],[-0.58198633,43.26086691],[-0.57957666,43.25704062],[-0.56706377,43.24852408],[-0.56591438,43.24652975],[-0.57848375,43.24778593],[-0.58137749,43.24997172],[-0.58157983,43.25303196],[-0.58903761,43.25435379],[-0.59570653,43.25337098],[-0.60189732,43.24856231],[-0.60392607,43.24826498],[-0.61400883,43.2491129],[-0.61771524,43.25016927],[-0.60874989,43.2611607],[-0.60513235,43.26726974],[-0.60243583,43.27637628]]]]}},{"type":"Feature","properties":{"code":"64166","nom":"Caro","departement":"64","region":"75"},"geometry":{"type":"MultiPolygon","coordinates":[[[[-1.20515118,43.14861135],[-1.20601358,43.1483417],[-1.20569654,43.14413954],[-1.20652691,43.14207958],[-1.20811736,43.13855055],[-1.21062157,43.13578293],[-1.22280061,43.14159422],[-1.23406402,43.14427771],[-1.23508441,43.14388361],[-1.23221531,43.15022325],[-1.22874478,43.15499479],[-1.22229451,43.15932454],[-1.22114378,43.1611387],[-1.21934588,43.1616748],[-1.2144675,43.15876352],[-1.21007161,43.15183119],[-1.20515118,43.14861135]]]]}},{"type":"Feature","properties":{"code":"64167","nom":"Carrère","departement":"64","region":"75"},"geometry":{"type":"MultiPolygon","coordinates":[[[[-0.2695467,43.49840078],[-0.26433976,43.48970521],[-0.26573501,43.48420278],[-0.27339816,43.4818069],[-0.26239562,43.46605117],[-0.27203813,43.46111409],[-0.28288364,43.45969555],[-0.28341322,43.4604836],[-0.28240183,43.46104281],[-0.28986048,43.47459994],[-0.29120305,43.48023122],[-0.29431061,43.48644371],[-0.27894224,43.49121848],[-0.27823532,43.49222498],[-0.27883931,43.49463799],[-0.27622198,43.49687105],[-0.2695467,43.49840078]]]]}},{"type":"Feature","properties":{"code":"64168","nom":"Carresse-Cassaber","departement":"64","region":"75"},"geometry":{"type":"MultiPolygon","coordinates":[[[[-0.97229755,43.46979301],[-0.98103319,43.47007408],[-0.98495824,43.46826143],[-0.99061152,43.46353746],[-0.99593142,43.46372508],[-0.99665424,43.4646578],[-0.99491589,43.46498587],[-0.99050653,43.46795629],[-0.99034914,43.4697151],[-1.01183077,43.47674099],[-1.01293955,43.47648102],[-1.02210085,43.47720249],[-1.02325103,43.47769309],[-1.0234453,43.47885969],[-1.02742205,43.48460536],[-1.02185838,43.49323057],[-1.01893756,43.49790902],[-1.02375115,43.50166721],[-1.01343286,43.50569649],[-0.99255592,43.50439463],[-0.99005734,43.50272277],[-0.98841399,43.50194096],[-0.98046858,43.49988364],[-0.97893804,43.49081342],[-0.97574254,43.48284753],[-0.97229755,43.46979301]]]]}},{"type":"Feature","properties":{"code":"64170","nom":"Castagnède","departement":"64","region":"75"},"geometry":{"type":"MultiPolygon","coordinates":[[[[-1.00146785,43.45801661],[-1.00109171,43.46213469],[-0.99955731,43.46368584],[-0.99665424,43.4646578],[-0.99593142,43.46372508],[-0.99061152,43.46353746],[-0.98495824,43.46826143],[-0.98103319,43.47007408],[-0.97229755,43.46979301],[-0.97136488,43.46427997],[-0.96901896,43.46270666],[-0.96665235,43.46219341],[-0.96227301,43.46271042],[-0.95121233,43.45846993],[-0.94077689,43.44373847],[-0.93790531,43.44089107],[-0.94251341,43.44055944],[-0.9485894,43.44540137],[-0.95958407,43.44753833],[-0.97418483,43.44890326],[-0.98880111,43.44705877],[-0.99009766,43.44951077],[-0.99831132,43.45336781],[-1.00164309,43.45660844],[-1.00146785,43.45801661]]]]}},{"type":"Feature","properties":{"code":"64171","nom":"Casteide-Cami","departement":"64","region":"75"},"geometry":{"type":"MultiPolygon","coordinates":[[[[-0.54485378,43.44141346],[-0.54298767,43.44149614],[-0.53922947,43.44019523],[-0.53068541,43.43727174],[-0.51955423,43.43054675],[-0.50643161,43.42542338],[-0.50565352,43.42400951],[-0.50394118,43.4197928],[-0.50817239,43.41543496],[-0.51171679,43.41375851],[-0.5137815,43.41311967],[-0.51635973,43.41386984],[-0.53380537,43.41108096],[-0.53829731,43.41542705],[-0.54217405,43.42190942],[-0.55007939,43.43210691],[-0.54814577,43.4321919],[-0.54478765,43.43498827],[-0.5444363,43.43770868],[-0.54561827,43.4407031],[-0.54485378,43.44141346]]]]}},{"type":"Feature","properties":{"code":"64190","nom":"Claracq","departement":"64","region":"75"},"geometry":{"type":"MultiPolygon","coordinates":[[[[-0.29431061,43.48644371],[-0.29969264,43.48945508],[-0.30149968,43.49694701],[-0.31115343,43.50451026],[-0.3142433,43.50593859],[-0.31914308,43.51123764],[-0.32156047,43.51587596],[-0.30616768,43.51955395],[-0.28852248,43.52233269],[-0.28072592,43.51870932],[-0.27537194,43.50762772],[-0.27473143,43.50739493],[-0.27430186,43.50838853],[-0.26844182,43.50457082],[-0.26933332,43.50141119],[-0.2695467,43.49840078],[-0.27622198,43.49687105],[-0.27883931,43.49463799],[-0.27823532,43.49222498],[-0.27894224,43.49121848],[-0.29431061,43.48644371]]]]}},{"type":"Feature","properties":{"code":"64172","nom":"Casteide-Candau","departement":"64","region":"75"},"geometry":{"type":"MultiPolygon","coordinates":[[[[-0.58332572,43.51236558],[-0.58178038,43.51548511],[-0.57504564,43.5218461],[-0.57184427,43.53138489],[-0.56630752,43.53848402],[-0.563955,43.54039415],[-0.56071696,43.54096523],[-0.55719283,43.5428344],[-0.55292638,43.54315615],[-0.54572089,43.53765036],[-0.54168971,43.53648246],[-0.53559633,43.53328499],[-0.53216625,43.52942411],[-0.53045513,43.52553151],[-0.53131257,43.52299087],[-0.54896584,43.51872922],[-0.55530837,43.51350948],[-0.5558326,43.50956468],[-0.55982009,43.50556115],[-0.56873877,43.50580109],[-0.57302652,43.50725937],[-0.57287878,43.50800726],[-0.5738599,43.51082901],[-0.57916685,43.5128668],[-0.58190009,43.51315841],[-0.58298569,43.51191389],[-0.58332572,43.51236558]]]]}},{"type":"Feature","properties":{"code":"64173","nom":"Casteide-Doat","departement":"64","region":"75"},"geometry":{"type":"MultiPolygon","coordinates":[[[[-0.03385642,43.36623341],[-0.02609895,43.37476743],[-0.01075621,43.38501567],[-0.00429323,43.39336803],[-0.00029774,43.38914312],[-0.00198108,43.38686195],[0.00068279,43.38560611],[0.00102021,43.38370238],[-0.00415377,43.37887024],[-0.0049848,43.3753073],[-0.00341073,43.37219827],[0.00151532,43.36912636],[0.00465732,43.37085458],[0.00458411,43.37147914],[0.00656593,43.37036545],[0.00871085,43.3670371],[0.00550777,43.36332945],[-0.00221391,43.36060639],[-0.0073868,43.36085431],[-0.00994035,43.36280348],[-0.03385642,43.36623341]]]]}},{"type":"Feature","properties":{"code":"64174","nom":"Castéra-Loubix","departement":"64","region":"75"},"geometry":{"type":"MultiPolygon","coordinates":[[[[-0.01812577,43.4014549],[-0.02466622,43.40131555],[-0.0308619,43.39952981],[-0.04179908,43.39402106],[-0.04291007,43.39469566],[-0.04575562,43.39940433],[-0.0461233,43.40198866],[-0.04419329,43.40950291],[-0.03795131,43.41877499],[-0.02581499,43.41271366],[-0.01812577,43.4014549]]]]}},{"type":"Feature","properties":{"code":"64175","nom":"Castet","departement":"64","region":"75"},"geometry":{"type":"MultiPolygon","coordinates":[[[[-0.41972743,43.07704196],[-0.3964872,43.07563246],[-0.37355483,43.07794068],[-0.36787821,43.07744595],[-0.36566316,43.07597405],[-0.36174541,43.07021895],[-0.3552881,43.06348791],[-0.34236823,43.0583789],[-0.33178351,43.04948378],[-0.331503,43.04507977],[-0.33248297,43.04106073],[-0.3393178,43.0363218],[-0.34222568,43.02708931],[-0.34187854,43.02575164],[-0.37129428,43.02621455],[-0.37004265,43.03791123],[-0.38984792,43.05246472],[-0.41389785,43.0560669],[-0.42179669,43.05974735],[-0.41972743,43.07704196]]]]}},{"type":"Feature","properties":{"code":"64176","nom":"Castetbon","departement":"64","region":"75"},"geometry":{"type":"MultiPolygon","coordinates":[[[[-0.82466337,43.41788103],[-0.81944287,43.41743488],[-0.81549102,43.41511985],[-0.79761219,43.4134681],[-0.7946749,43.41278662],[-0.79525196,43.41198279],[-0.79387724,43.40983423],[-0.7868958,43.40733798],[-0.77843062,43.4049994],[-0.76476077,43.40275492],[-0.75012214,43.39811778],[-0.75577552,43.39282132],[-0.77921684,43.37588064],[-0.79026881,43.37584609],[-0.79549816,43.37815484],[-0.7972237,43.38688476],[-0.80187893,43.3906527],[-0.80415224,43.39146896],[-0.81618111,43.39687996],[-0.82758443,43.39905496],[-0.83228243,43.3984122],[-0.82582473,43.41238083],[-0.82466337,43.41788103]]]]}},{"type":"Feature","properties":{"code":"64177","nom":"Castétis","departement":"64","region":"75"},"geometry":{"type":"MultiPolygon","coordinates":[[[[-0.72662185,43.46536857],[-0.74543214,43.47391682],[-0.7466776,43.47509331],[-0.74513272,43.47437032],[-0.73991707,43.4740641],[-0.73114307,43.49009634],[-0.72136406,43.49722473],[-0.71613268,43.49605407],[-0.705816,43.48674203],[-0.70458866,43.48317046],[-0.70716599,43.47716304],[-0.70098497,43.46989426],[-0.69977722,43.4593752],[-0.70472898,43.45766582],[-0.71835456,43.46032966],[-0.72662185,43.46536857]]]]}},{"type":"Feature","properties":{"code":"64178","nom":"Castetnau-Camblong","departement":"64","region":"75"},"geometry":{"type":"MultiPolygon","coordinates":[[[[-0.82751889,43.30256516],[-0.82852393,43.30534941],[-0.82510441,43.31137145],[-0.82568012,43.3128164],[-0.83012834,43.31648111],[-0.82126319,43.31924739],[-0.79662855,43.33762208],[-0.78118937,43.34589693],[-0.77999789,43.34282332],[-0.77541971,43.34031835],[-0.77354839,43.33447022],[-0.76506987,43.32501676],[-0.76607291,43.3246603],[-0.76611067,43.32284156],[-0.77648823,43.3206917],[-0.78635943,43.31642232],[-0.796282,43.30726346],[-0.8010976,43.30537218],[-0.80129337,43.30686301],[-0.80641552,43.30715099],[-0.81530804,43.30582233],[-0.81986757,43.30474799],[-0.82292634,43.30302588],[-0.82751889,43.30256516]]]]}},{"type":"Feature","properties":{"code":"64179","nom":"Castetner","departement":"64","region":"75"},"geometry":{"type":"MultiPolygon","coordinates":[[[[-0.72546802,43.45004904],[-0.72237112,43.44521717],[-0.71827194,43.44416371],[-0.71608304,43.44433972],[-0.71597554,43.44355623],[-0.7085949,43.43142797],[-0.71233046,43.4251242],[-0.71706916,43.42026472],[-0.72486773,43.42128638],[-0.72636067,43.43055948],[-0.73235993,43.436299],[-0.74125995,43.44072307],[-0.75851235,43.44519557],[-0.75304763,43.44944267],[-0.74724182,43.45262317],[-0.72546802,43.45004904]]]]}},{"type":"Feature","properties":{"code":"64180","nom":"Castetpugon","departement":"64","region":"75"},"geometry":{"type":"MultiPolygon","coordinates":[[[[-0.20871258,43.55809203],[-0.21123782,43.55889801],[-0.22013425,43.55820846],[-0.2250335,43.55247184],[-0.23078353,43.54829723],[-0.23595859,43.5453569],[-0.24029633,43.54502663],[-0.24643035,43.56048035],[-0.24605553,43.57368845],[-0.22455295,43.5745959],[-0.21746316,43.57132407],[-0.2143132,43.57085189],[-0.20954356,43.57151261],[-0.20718533,43.57259627],[-0.20099748,43.57752179],[-0.20005396,43.57275271],[-0.20377487,43.5690329],[-0.20871258,43.55809203]]]]}},{"type":"Feature","properties":{"code":"64181","nom":"Castillon (Canton d'Arthez-de-Béarn)","departement":"64","region":"75"},"geometry":{"type":"MultiPolygon","coordinates":[[[[-0.56722298,43.4465327],[-0.57242304,43.44905856],[-0.58236449,43.44886978],[-0.5802717,43.45019892],[-0.58145152,43.45635871],[-0.58741106,43.46585831],[-0.5957411,43.47532231],[-0.59672594,43.47789781],[-0.5909639,43.48035127],[-0.57958161,43.47868257],[-0.56895822,43.47822964],[-0.56426029,43.47538526],[-0.56048128,43.47319407],[-0.56051793,43.46761817],[-0.5633292,43.45275154],[-0.56722298,43.4465327]]]]}},{"type":"Feature","properties":{"code":"64182","nom":"Castillon (Canton de Lembeye)","departement":"64","region":"75"},"geometry":{"type":"MultiPolygon","coordinates":[[[[-0.13160531,43.47344863],[-0.13266728,43.47474061],[-0.14853063,43.48294456],[-0.15152587,43.48364896],[-0.1562544,43.4888472],[-0.1559902,43.49063411],[-0.15443541,43.49137359],[-0.15367117,43.49175779],[-0.13496713,43.48646301],[-0.12123697,43.48949201],[-0.11846345,43.48981765],[-0.11064146,43.48892771],[-0.10841554,43.4856142],[-0.10723713,43.48035551],[-0.11129612,43.47749379],[-0.11775199,43.47615847],[-0.12605406,43.473129],[-0.12931459,43.47272606],[-0.13160531,43.47344863]]]]}},{"type":"Feature","properties":{"code":"64183","nom":"Caubios-Loos","departement":"64","region":"75"},"geometry":{"type":"MultiPolygon","coordinates":[[[[-0.43137004,43.41891333],[-0.42998711,43.41838624],[-0.42618651,43.41885238],[-0.41431069,43.42617307],[-0.41212871,43.43181592],[-0.41083448,43.43274458],[-0.39901164,43.42927125],[-0.38376298,43.42312943],[-0.37453991,43.42353975],[-0.37485803,43.42131828],[-0.38949542,43.41025792],[-0.39736585,43.40693246],[-0.41086075,43.40608302],[-0.4217998,43.41283087],[-0.42855474,43.41510159],[-0.43133561,43.41779781],[-0.43137004,43.41891333]]]]}},{"type":"Feature","properties":{"code":"64184","nom":"Cescau","departement":"64","region":"75"},"geometry":{"type":"MultiPolygon","coordinates":[[[[-0.474558,43.42335496],[-0.48877275,43.41651669],[-0.49271562,43.40991838],[-0.49085231,43.40630527],[-0.49202273,43.40411978],[-0.50392653,43.39990062],[-0.50894902,43.39503536],[-0.52068012,43.4007581],[-0.53596368,43.40545863],[-0.53380537,43.41108096],[-0.51635973,43.41386984],[-0.5137815,43.41311967],[-0.51171679,43.41375851],[-0.50817239,43.41543496],[-0.50394118,43.4197928],[-0.50565352,43.42400951],[-0.50356936,43.42466143],[-0.50041325,43.4223789],[-0.4960272,43.42254044],[-0.49350558,43.42490018],[-0.49293326,43.42975811],[-0.48971225,43.43151446],[-0.48427769,43.43149315],[-0.4807556,43.4305267],[-0.47759842,43.42911526],[-0.474558,43.42335496]]]]}},{"type":"Feature","properties":{"code":"64185","nom":"Cette-Eygun","departement":"64","region":"75"},"geometry":{"type":"MultiPolygon","coordinates":[[[[-0.57873481,42.92239338],[-0.58970105,42.9228231],[-0.59899165,42.91983573],[-0.60005268,42.92587845],[-0.60234723,42.92834553],[-0.60589579,42.92956056],[-0.60787164,42.93113261],[-0.61052433,42.93898803],[-0.6086693,42.94507118],[-0.60389228,42.95267298],[-0.59021458,42.95636464],[-0.56992491,42.95107947],[-0.54966038,42.94295862],[-0.5409656,42.9418359],[-0.52937157,42.93836736],[-0.52201631,42.9357192],[-0.51027285,42.92901295],[-0.50768239,42.92484787],[-0.50866126,42.92090283],[-0.52182752,42.92325243],[-0.52830981,42.92694011],[-0.53701908,42.92842246],[-0.54021995,42.92613402],[-0.54884656,42.92325939],[-0.55274413,42.92391817],[-0.55822724,42.92715827],[-0.57184732,42.92752616],[-0.5776252,42.92541366],[-0.57714507,42.92293247],[-0.57873481,42.92239338]]]]}},{"type":"Feature","properties":{"code":"64186","nom":"Charre","departement":"64","region":"75"},"geometry":{"type":"MultiPolygon","coordinates":[[[[-0.87596862,43.28862223],[-0.87641605,43.28992202],[-0.87332701,43.29637158],[-0.87146919,43.29731361],[-0.86685418,43.30435805],[-0.87102308,43.3182815],[-0.87250674,43.31948837],[-0.87404057,43.32076187],[-0.87514882,43.32819587],[-0.87315697,43.33218699],[-0.8724632,43.33128236],[-0.85514801,43.32781686],[-0.84991012,43.32865474],[-0.84861243,43.32758685],[-0.84678626,43.32218851],[-0.84344869,43.3211058],[-0.83531177,43.31722852],[-0.83253918,43.31684325],[-0.83012834,43.31648111],[-0.82568012,43.3128164],[-0.82510441,43.31137145],[-0.82852393,43.30534941],[-0.83911605,43.30046227],[-0.84939315,43.29780714],[-0.86422319,43.28864592],[-0.87221942,43.28513614],[-0.87596862,43.28862223]]]]}},{"type":"Feature","properties":{"code":"64187","nom":"Charritte-de-Bas","departement":"64","region":"75"},"geometry":{"type":"MultiPolygon","coordinates":[[[[-0.8982903,43.31246373],[-0.89243885,43.30946831],[-0.88670346,43.30421677],[-0.87579322,43.29849961],[-0.87338001,43.29851772],[-0.87146919,43.29731361],[-0.87332701,43.29637158],[-0.87641605,43.28992202],[-0.87596862,43.28862223],[-0.89494348,43.28408573],[-0.90832119,43.28540014],[-0.91227002,43.28425563],[-0.91650126,43.28153628],[-0.91775773,43.28181224],[-0.92270257,43.28349891],[-0.9211619,43.28894085],[-0.91292004,43.2957741],[-0.8982903,43.31246373]]]]}},{"type":"Feature","properties":{"code":"64188","nom":"Chéraute","departement":"64","region":"75"},"geometry":{"type":"MultiPolygon","coordinates":[[[[-0.81794554,43.20047681],[-0.81865996,43.2017303],[-0.82982993,43.20647732],[-0.84284046,43.20538777],[-0.84616378,43.20229294],[-0.84729715,43.20213905],[-0.86123844,43.21542238],[-0.86854116,43.2187793],[-0.8776881,43.22926169],[-0.87713501,43.23090985],[-0.8753806,43.23297402],[-0.87309217,43.23855257],[-0.87304576,43.24266821],[-0.85122468,43.24532053],[-0.84543648,43.24239374],[-0.84022598,43.24167778],[-0.83673777,43.24222152],[-0.83418624,43.24279131],[-0.82433222,43.25300775],[-0.81173755,43.25828036],[-0.80274838,43.26111631],[-0.78585358,43.26165064],[-0.78225601,43.25979998],[-0.78025363,43.25885967],[-0.77569721,43.25272778],[-0.77530595,43.2487835],[-0.7782922,43.24750378],[-0.78315266,43.23736795],[-0.78386502,43.23416311],[-0.78000962,43.2301548],[-0.78227238,43.2223263],[-0.78665411,43.21677744],[-0.79689769,43.20886723],[-0.80632652,43.20010493],[-0.81291397,43.1989771],[-0.8152313,43.1991554],[-0.81794554,43.20047681]]]]}},{"type":"Feature","properties":{"code":"64189","nom":"Ciboure","departement":"64","region":"75"},"geometry":{"type":"MultiPolygon","coordinates":[[[[-1.668342,43.3723269],[-1.66767842,43.37463917],[-1.66705992,43.37575631],[-1.67023258,43.37805524],[-1.67595921,43.37890811],[-1.68069083,43.37858443],[-1.68146183,43.37755252],[-1.68315426,43.37762612],[-1.68847157,43.37960906],[-1.69224822,43.38201279],[-1.69198295,43.38268399],[-1.68909246,43.39465404],[-1.68468644,43.39516761],[-1.68494751,43.3936693],[-1.68229881,43.38952126],[-1.67717013,43.38830126],[-1.66996837,43.38802671],[-1.66719494,43.38651256],[-1.66537067,43.38711667],[-1.66371549,43.38477737],[-1.66061866,43.38239385],[-1.65482304,43.38100963],[-1.65152636,43.38094512],[-1.64255245,43.37853802],[-1.64106847,43.36746323],[-1.63996447,43.36356081],[-1.64088581,43.359685],[-1.64871143,43.35566657],[-1.65524732,43.35559434],[-1.668342,43.3723269]]]]}},{"type":"Feature","properties":{"code":"64191","nom":"Coarraze","departement":"64","region":"75"},"geometry":{"type":"MultiPolygon","coordinates":[[[[-0.2432817,43.16970457],[-0.24161324,43.17670546],[-0.24351391,43.18148439],[-0.2455901,43.18316389],[-0.24100598,43.18539302],[-0.23998101,43.18598197],[-0.20894361,43.18087929],[-0.19656295,43.17993446],[-0.18283741,43.18415194],[-0.18378902,43.18077236],[-0.1891771,43.17133017],[-0.18381972,43.16941352],[-0.17887736,43.168931],[-0.17421889,43.16620471],[-0.17672178,43.1587845],[-0.18452784,43.15162809],[-0.19089491,43.14888054],[-0.19396462,43.14909929],[-0.19635062,43.15098198],[-0.20113039,43.15210492],[-0.21488102,43.14988896],[-0.22924907,43.16241266],[-0.2432817,43.16970457]]]]}},{"type":"Feature","properties":{"code":"64192","nom":"Conchez-de-Béarn","departement":"64","region":"75"},"geometry":{"type":"MultiPolygon","coordinates":[[[[-0.17806029,43.54113337],[-0.18453944,43.5553544],[-0.16812679,43.55889998],[-0.16080535,43.56117193],[-0.15872333,43.56287228],[-0.1596208,43.55897598],[-0.15681056,43.54588323],[-0.15078991,43.53678186],[-0.16017263,43.53661609],[-0.1696457,43.53250471],[-0.17806029,43.54113337]]]]}},{"type":"Feature","properties":{"code":"64193","nom":"Corbère-Abères","departement":"64","region":"75"},"geometry":{"type":"MultiPolygon","coordinates":[[[[-0.06523768,43.46826931],[-0.07085579,43.46729001],[-0.07405522,43.46553723],[-0.0757728,43.46358423],[-0.08198051,43.46178628],[-0.09512754,43.46521107],[-0.10633309,43.46507137],[-0.10752165,43.4738637],[-0.11129612,43.47749379],[-0.10723713,43.48035551],[-0.08287939,43.49348442],[-0.08013588,43.48551752],[-0.07660272,43.47964569],[-0.06749027,43.47193396],[-0.06557496,43.46993443],[-0.06523768,43.46826931]]]]}},{"type":"Feature","properties":{"code":"64194","nom":"Coslédaà-Lube-Boast","departement":"64","region":"75"},"geometry":{"type":"MultiPolygon","coordinates":[[[[-0.23114092,43.4336415],[-0.23638907,43.43650928],[-0.2445338,43.44318081],[-0.2567273,43.45817355],[-0.25850029,43.46300063],[-0.25710994,43.46462181],[-0.24636499,43.46802109],[-0.23437258,43.47366169],[-0.22790702,43.47548247],[-0.22438858,43.47181079],[-0.2207755,43.46946457],[-0.21162983,43.46387696],[-0.20480666,43.46129311],[-0.20440678,43.46030637],[-0.20341619,43.45774698],[-0.20378062,43.45483777],[-0.21210668,43.44811994],[-0.21596501,43.443281],[-0.21028715,43.42613381],[-0.22737808,43.42372319],[-0.23114092,43.4336415]]]]}},{"type":"Feature","properties":{"code":"64195","nom":"Coublucq","departement":"64","region":"75"},"geometry":{"type":"MultiPolygon","coordinates":[[[[-0.35194069,43.55416297],[-0.34698423,43.54807161],[-0.34413129,43.53943699],[-0.34503295,43.53761803],[-0.34689882,43.53796482],[-0.36134737,43.52745816],[-0.37074955,43.52462774],[-0.37554366,43.52413732],[-0.38459076,43.53123892],[-0.38012188,43.53444555],[-0.38288134,43.53699363],[-0.36758801,43.54464233],[-0.35482752,43.55315519],[-0.35194069,43.55416297]]]]}},{"type":"Feature","properties":{"code":"64196","nom":"Crouseilles","departement":"64","region":"75"},"geometry":{"type":"MultiPolygon","coordinates":[[[[-0.06548085,43.52303861],[-0.07201025,43.52166985],[-0.07935077,43.5190036],[-0.09706045,43.51887027],[-0.09864769,43.51843056],[-0.09897314,43.51758298],[-0.10721092,43.52579313],[-0.10669209,43.5262672],[-0.10322415,43.5275163],[-0.09294329,43.53544634],[-0.08710418,43.54233155],[-0.07585366,43.54687942],[-0.06738181,43.54757936],[-0.05978236,43.53889343],[-0.05617419,43.5330291],[-0.05687178,43.53346324],[-0.06271941,43.53269774],[-0.06516701,43.52761429],[-0.06548085,43.52303861]]]]}},{"type":"Feature","properties":{"code":"64197","nom":"Cuqueron","departement":"64","region":"75"},"geometry":{"type":"MultiPolygon","coordinates":[[[[-0.55164698,43.31827461],[-0.54812846,43.31437041],[-0.54157055,43.30978057],[-0.53733648,43.3029775],[-0.54070995,43.29824308],[-0.54343266,43.29690846],[-0.54764762,43.29790833],[-0.55252145,43.30253421],[-0.55698735,43.30477356],[-0.56500087,43.30756661],[-0.56786661,43.31143149],[-0.56885253,43.3167974],[-0.55930328,43.31975168],[-0.55164698,43.31827461]]]]}},{"type":"Feature","properties":{"code":"64198","nom":"Denguin","departement":"64","region":"75"},"geometry":{"type":"MultiPolygon","coordinates":[[[[-0.47177047,43.38278289],[-0.47401244,43.37210404],[-0.46907918,43.36703416],[-0.48324909,43.37260844],[-0.48264455,43.36975714],[-0.48386625,43.36444904],[-0.48771022,43.35873313],[-0.49658048,43.35059446],[-0.49833348,43.34810916],[-0.49962771,43.34824918],[-0.50252213,43.35209869],[-0.50636112,43.34883697],[-0.50795023,43.34907719],[-0.51465647,43.35416963],[-0.51421926,43.35489163],[-0.52143702,43.35954925],[-0.52800051,43.36221155],[-0.52228163,43.36683925],[-0.52027036,43.37343072],[-0.52125609,43.3752573],[-0.51896033,43.37467823],[-0.51281306,43.37682943],[-0.5069911,43.3815713],[-0.50485619,43.38965684],[-0.50974098,43.39427215],[-0.50894902,43.39503536],[-0.50392653,43.39990062],[-0.4932171,43.38837538],[-0.48330359,43.38289305],[-0.47177047,43.38278289]]]]}},{"type":"Feature","properties":{"code":"64199","nom":"Diusse","departement":"64","region":"75"},"geometry":{"type":"MultiPolygon","coordinates":[[[[-0.19803982,43.55801448],[-0.1941219,43.56388391],[-0.19156746,43.56595902],[-0.1700135,43.575192],[-0.16237766,43.58175134],[-0.16091058,43.58055141],[-0.15782713,43.58144437],[-0.15210089,43.57170835],[-0.15546027,43.56915247],[-0.15872333,43.56287228],[-0.16080535,43.56117193],[-0.16812679,43.55889998],[-0.18453944,43.5553544],[-0.18470745,43.5584939],[-0.18687942,43.56036976],[-0.18914095,43.56075716],[-0.19803982,43.55801448]]]]}},{"type":"Feature","properties":{"code":"64200","nom":"Doazon","departement":"64","region":"75"},"geometry":{"type":"MultiPolygon","coordinates":[[[[-0.56426029,43.47538526],[-0.55522914,43.47690858],[-0.54676684,43.47314854],[-0.54543849,43.47154123],[-0.54273959,43.45704726],[-0.54485378,43.44141346],[-0.54561827,43.4407031],[-0.5444363,43.43770868],[-0.54478765,43.43498827],[-0.54814577,43.4321919],[-0.55007939,43.43210691],[-0.55345029,43.43652349],[-0.55329735,43.43798834],[-0.55469228,43.44024172],[-0.56387937,43.44421842],[-0.56722298,43.4465327],[-0.5633292,43.45275154],[-0.56051793,43.46761817],[-0.56048128,43.47319407],[-0.56426029,43.47538526]]]]}},{"type":"Feature","properties":{"code":"64201","nom":"Dognen","departement":"64","region":"75"},"geometry":{"type":"MultiPolygon","coordinates":[[[[-0.71312712,43.3045111],[-0.71993245,43.29749664],[-0.7265048,43.29784919],[-0.73044975,43.29723033],[-0.73020209,43.289956],[-0.72853359,43.28625106],[-0.72216032,43.27418554],[-0.72221103,43.27245114],[-0.72642076,43.27381977],[-0.73019892,43.27099127],[-0.73620733,43.26888608],[-0.74338929,43.26844461],[-0.74136306,43.27094814],[-0.74147851,43.27591792],[-0.74279675,43.28056057],[-0.74816474,43.28545],[-0.74916542,43.28773875],[-0.74741183,43.29639559],[-0.7442739,43.30011481],[-0.72991966,43.30511872],[-0.71714072,43.3127664],[-0.71312712,43.3045111]]]]}},{"type":"Feature","properties":{"code":"64202","nom":"Domezain-Berraute","departement":"64","region":"75"},"geometry":{"type":"MultiPolygon","coordinates":[[[[-0.94074868,43.3304543],[-0.95324728,43.32622566],[-0.95790794,43.32275305],[-0.95973992,43.31980905],[-0.9603328,43.28709097],[-0.97723111,43.29276769],[-0.98752367,43.30192943],[-0.98452786,43.30568968],[-0.99290946,43.3074834],[-0.99608649,43.30328385],[-0.99653174,43.30401318],[-0.99754044,43.30770846],[-0.99545504,43.31913118],[-0.99279984,43.32072724],[-0.99146012,43.32261513],[-0.9933667,43.32913537],[-0.99140658,43.33220454],[-0.98680937,43.33377847],[-0.98213137,43.33434815],[-0.97736432,43.33802483],[-0.97392874,43.34403299],[-0.97415813,43.34726722],[-0.9731927,43.34932036],[-0.9694133,43.35132462],[-0.96191671,43.35788044],[-0.96252741,43.36314812],[-0.94852682,43.36180564],[-0.93864736,43.35190577],[-0.93668041,43.35281598],[-0.9320654,43.34994399],[-0.93987073,43.34242075],[-0.94074868,43.3304543]]]]}},{"type":"Feature","properties":{"code":"64203","nom":"Doumy","departement":"64","region":"75"},"geometry":{"type":"MultiPolygon","coordinates":[[[[-0.36329593,43.45761344],[-0.36015896,43.44480415],[-0.36663088,43.42805961],[-0.36966462,43.42399866],[-0.37250359,43.42420832],[-0.37453991,43.42353975],[-0.37833695,43.42834514],[-0.38070147,43.43433068],[-0.38936826,43.44416056],[-0.39584024,43.44963727],[-0.40031605,43.45735286],[-0.39759202,43.45834424],[-0.39281799,43.4628289],[-0.3911499,43.46076944],[-0.39009725,43.45579108],[-0.38339414,43.45279488],[-0.36804535,43.45521016],[-0.36329593,43.45761344]]]]}},{"type":"Feature","properties":{"code":"64204","nom":"Eaux-Bonnes","departement":"64","region":"75"},"geometry":{"type":"MultiPolygon","coordinates":[[[[-0.32687509,42.91686903],[-0.33555929,42.92616122],[-0.34765695,42.9279243],[-0.35202336,42.92921295],[-0.36363013,42.93507789],[-0.37728869,42.93704626],[-0.39065631,42.94141736],[-0.40144333,42.94389103],[-0.41453632,42.95959909],[-0.41222288,42.96393662],[-0.41066585,42.97032318],[-0.41148865,42.97738676],[-0.41412598,42.9856314],[-0.39853585,42.98270483],[-0.39300447,42.98250511],[-0.38253881,42.98019212],[-0.37038147,42.97445124],[-0.33933473,42.96988371],[-0.3324784,42.96744029],[-0.32156164,42.95895717],[-0.31085269,42.94534516],[-0.2977795,42.93097335],[-0.30344512,42.92728353],[-0.31088894,42.91972046],[-0.31674852,42.91776378],[-0.32687509,42.91686903]]]]}},{"type":"Feature","properties":{"code":"64205","nom":"Escos","departement":"64","region":"75"},"geometry":{"type":"MultiPolygon","coordinates":[[[[-1.00146785,43.45801661],[-1.00164309,43.45660844],[-0.99831132,43.45336781],[-0.99009766,43.44951077],[-0.98880111,43.44705877],[-0.99046873,43.44215725],[-0.99379232,43.43995744],[-0.99578388,43.43734276],[-0.99520684,43.43512284],[-0.99391959,43.43419115],[-1.0052401,43.42755731],[-1.0130641,43.42800351],[-1.01879884,43.43010406],[-1.01977069,43.43489999],[-1.01570173,43.44377279],[-1.01386942,43.45510382],[-1.00146785,43.45801661]]]]}},{"type":"Feature","properties":{"code":"64206","nom":"Escot","departement":"64","region":"75"},"geometry":{"type":"MultiPolygon","coordinates":[[[[-0.57799265,43.09695655],[-0.57105851,43.09713632],[-0.55515396,43.09485087],[-0.5452892,43.09024776],[-0.54101317,43.08706],[-0.53581598,43.08615583],[-0.52372034,43.08635343],[-0.52515425,43.07922649],[-0.52030785,43.05985322],[-0.52362673,43.05584456],[-0.54345462,43.0571381],[-0.55206347,43.05867828],[-0.55782626,43.06090882],[-0.56224874,43.06349946],[-0.56231906,43.06490072],[-0.57223157,43.06936904],[-0.58489019,43.07066147],[-0.60629136,43.07160585],[-0.61235393,43.08449989],[-0.61476997,43.09434433],[-0.61826643,43.09685685],[-0.61815095,43.09746577],[-0.61495548,43.09809801],[-0.60194027,43.09280881],[-0.59801032,43.09273133],[-0.57799265,43.09695655]]]]}},{"type":"Feature","properties":{"code":"64207","nom":"Escou","departement":"64","region":"75"},"geometry":{"type":"MultiPolygon","coordinates":[[[[-0.55018488,43.17558513],[-0.54267642,43.1856085],[-0.54131003,43.18832755],[-0.54134636,43.19188921],[-0.53904094,43.19557457],[-0.52837692,43.19744202],[-0.52535735,43.19710857],[-0.51629275,43.18887514],[-0.50658104,43.1839827],[-0.51421367,43.17881459],[-0.52081858,43.16899847],[-0.531874,43.17393645],[-0.54248724,43.17434188],[-0.55018488,43.17558513]]]]}},{"type":"Feature","properties":{"code":"64208","nom":"Escoubès","departement":"64","region":"75"},"geometry":{"type":"MultiPolygon","coordinates":[[[[-0.22401823,43.41266376],[-0.23902163,43.40626876],[-0.24451186,43.4026252],[-0.24873835,43.3979127],[-0.26275707,43.42152111],[-0.24958205,43.42796362],[-0.2393284,43.43060472],[-0.23114092,43.4336415],[-0.22737808,43.42372319],[-0.22576977,43.41634552],[-0.22401823,43.41266376]]]]}},{"type":"Feature","properties":{"code":"64209","nom":"Escout","departement":"64","region":"75"},"geometry":{"type":"MultiPolygon","coordinates":[[[[-0.57582595,43.17415521],[-0.56366432,43.19266403],[-0.55295138,43.20581586],[-0.54866702,43.21266945],[-0.54691064,43.21149274],[-0.53639529,43.20912053],[-0.52901352,43.19984325],[-0.52837692,43.19744202],[-0.53904094,43.19557457],[-0.54134636,43.19188921],[-0.54131003,43.18832755],[-0.54267642,43.1856085],[-0.55018488,43.17558513],[-0.55104684,43.17461764],[-0.54892757,43.16891866],[-0.55423932,43.1662424],[-0.57058206,43.16642444],[-0.57582595,43.17415521]]]]}},{"type":"Feature","properties":{"code":"64210","nom":"Escurès","departement":"64","region":"75"},"geometry":{"type":"MultiPolygon","coordinates":[[[[-0.10633309,43.46507137],[-0.10663712,43.46381204],[-0.11909856,43.45795812],[-0.12873494,43.45712653],[-0.12968634,43.45773382],[-0.13463552,43.45671737],[-0.13617738,43.45568592],[-0.14180733,43.45919367],[-0.14275623,43.46043029],[-0.14235715,43.4616772],[-0.13515024,43.46735763],[-0.13160531,43.47344863],[-0.12931459,43.47272606],[-0.12605406,43.473129],[-0.11775199,43.47615847],[-0.11129612,43.47749379],[-0.10752165,43.4738637],[-0.10633309,43.46507137]]]]}},{"type":"Feature","properties":{"code":"64211","nom":"Eslourenties-Daban","departement":"64","region":"75"},"geometry":{"type":"MultiPolygon","coordinates":[[[[-0.15876333,43.30026675],[-0.15099115,43.30269576],[-0.1493001,43.30820439],[-0.15152252,43.31403741],[-0.1514018,43.31597836],[-0.14534639,43.31574782],[-0.14291866,43.31486594],[-0.14165,43.31262779],[-0.13844863,43.3127271],[-0.13836791,43.31110893],[-0.12617003,43.30165574],[-0.12230074,43.3017244],[-0.12778771,43.29278178],[-0.13388427,43.2875132],[-0.13745403,43.28560365],[-0.13770941,43.28660543],[-0.14735391,43.29150686],[-0.15876333,43.30026675]]]]}},{"type":"Feature","properties":{"code":"64212","nom":"Espéchède","departement":"64","region":"75"},"geometry":{"type":"MultiPolygon","coordinates":[[[[-0.21299705,43.34005203],[-0.20811216,43.33085882],[-0.19721187,43.32685657],[-0.19049034,43.32760706],[-0.17810773,43.32374753],[-0.17868116,43.31878526],[-0.17115985,43.30498941],[-0.17972651,43.30309373],[-0.18210083,43.30327412],[-0.18338696,43.29901834],[-0.18181482,43.2952573],[-0.18418072,43.29493372],[-0.19280822,43.29621773],[-0.19500571,43.29583586],[-0.19861433,43.30304857],[-0.20384331,43.30681361],[-0.20875274,43.31401633],[-0.21404332,43.32760982],[-0.22316946,43.34136449],[-0.21299705,43.34005203]]]]}},{"type":"Feature","properties":{"code":"64213","nom":"Espelette","departement":"64","region":"75"},"geometry":{"type":"MultiPolygon","coordinates":[[[[-1.47792927,43.37412039],[-1.47131594,43.37563121],[-1.47133388,43.37246054],[-1.46746525,43.36686],[-1.45462455,43.36183668],[-1.42776782,43.34831278],[-1.42482254,43.34970113],[-1.42528556,43.34698724],[-1.42717042,43.34507198],[-1.43676822,43.32836826],[-1.43711507,43.32609429],[-1.43297352,43.32132049],[-1.43155331,43.311011],[-1.43195447,43.29900238],[-1.43950719,43.28508461],[-1.44603475,43.2690489],[-1.4530535,43.28316718],[-1.45905205,43.28995636],[-1.47138218,43.29549943],[-1.47581907,43.30273817],[-1.47914206,43.31140968],[-1.47171668,43.32248905],[-1.46706337,43.33439672],[-1.46680519,43.33897653],[-1.46784735,43.34877909],[-1.47053721,43.35940835],[-1.47860589,43.36851477],[-1.47965762,43.37174387],[-1.47792927,43.37412039]]]]}},{"type":"Feature","properties":{"code":"64214","nom":"Espès-Undurein","departement":"64","region":"75"},"geometry":{"type":"MultiPolygon","coordinates":[[[[-0.86754655,43.26052733],[-0.87197449,43.26192668],[-0.88579818,43.26314299],[-0.91488476,43.2628721],[-0.91165828,43.27246208],[-0.91806721,43.2808337],[-0.91775773,43.28181224],[-0.91650126,43.28153628],[-0.91227002,43.28425563],[-0.90832119,43.28540014],[-0.89494348,43.28408573],[-0.87596862,43.28862223],[-0.87221942,43.28513614],[-0.86422319,43.28864592],[-0.86376561,43.28549836],[-0.86518494,43.28500716],[-0.86725839,43.28193652],[-0.86925255,43.27586958],[-0.86754655,43.26052733]]]]}},{"type":"Feature","properties":{"code":"64215","nom":"Espiute","departement":"64","region":"75"},"geometry":{"type":"MultiPolygon","coordinates":[[[[-0.92202665,43.34783348],[-0.92903847,43.35241391],[-0.93124775,43.35550324],[-0.93141867,43.35834961],[-0.92787946,43.36446353],[-0.91979466,43.36566482],[-0.91936703,43.36380862],[-0.91755796,43.3617701],[-0.91520613,43.36242182],[-0.9077681,43.3618379],[-0.90253032,43.35726951],[-0.89920427,43.35299588],[-0.90080565,43.35145466],[-0.89939198,43.34862342],[-0.90002336,43.34808725],[-0.90077295,43.34680013],[-0.91054723,43.34381516],[-0.91233044,43.3440866],[-0.91515817,43.34686918],[-0.91804081,43.34813292],[-0.92202665,43.34783348]]]]}},{"type":"Feature","properties":{"code":"64216","nom":"Espoey","departement":"64","region":"75"},"geometry":{"type":"MultiPolygon","coordinates":[[[[-0.12414243,43.24637226],[-0.14786788,43.23557789],[-0.15502436,43.22972986],[-0.16431268,43.23571282],[-0.1710231,43.23568964],[-0.17756759,43.23386053],[-0.18177461,43.24453154],[-0.18272805,43.25712692],[-0.17582971,43.26255248],[-0.16941207,43.26092159],[-0.16644064,43.26100606],[-0.16060047,43.26927592],[-0.16056702,43.27014926],[-0.14053502,43.27178421],[-0.13847633,43.26589877],[-0.13568613,43.26132282],[-0.13400019,43.25885917],[-0.12982601,43.25634343],[-0.12617067,43.25182659],[-0.12414243,43.24637226]]]]}},{"type":"Feature","properties":{"code":"64217","nom":"Esquiule","departement":"64","region":"75"},"geometry":{"type":"MultiPolygon","coordinates":[[[[-0.74589194,43.20307361],[-0.73567785,43.20285333],[-0.72968949,43.20047613],[-0.72273589,43.20119813],[-0.70801976,43.20597969],[-0.69405614,43.20784015],[-0.68677397,43.20547969],[-0.66912599,43.20455874],[-0.65946474,43.20316795],[-0.65742365,43.19517986],[-0.65393419,43.19235546],[-0.65257272,43.18984069],[-0.65936347,43.18559085],[-0.67413355,43.18363526],[-0.68513979,43.18732616],[-0.68977142,43.18866886],[-0.69609817,43.18861248],[-0.7062606,43.18485267],[-0.71986485,43.17828795],[-0.72279618,43.17564202],[-0.72605084,43.17053644],[-0.72925885,43.16245],[-0.72960523,43.1612611],[-0.73182826,43.1610752],[-0.74080877,43.15776621],[-0.75476871,43.15892865],[-0.76418845,43.15838216],[-0.76890621,43.15912589],[-0.77304975,43.16770492],[-0.7740125,43.17466272],[-0.77182573,43.18038362],[-0.7667314,43.18858885],[-0.76192139,43.19352947],[-0.75058705,43.20152276],[-0.74633558,43.20228466],[-0.74589194,43.20307361]]]]}},{"type":"Feature","properties":{"code":"64218","nom":"Estérençuby","departement":"64","region":"75"},"geometry":{"type":"MultiPolygon","coordinates":[[[[-1.21257883,43.0514542],[-1.21481645,43.07960642],[-1.21913121,43.07776386],[-1.22178634,43.07983311],[-1.22163937,43.08734617],[-1.21720775,43.09480656],[-1.21477846,43.11639261],[-1.20679445,43.11991045],[-1.20149994,43.12183841],[-1.1925194,43.12077699],[-1.18615281,43.11750291],[-1.17821893,43.1191873],[-1.17633387,43.11947388],[-1.16279427,43.11780043],[-1.15656142,43.11401424],[-1.15094893,43.10697491],[-1.13620255,43.09813953],[-1.13043051,43.08450919],[-1.1346848,43.08286428],[-1.14079881,43.08281116],[-1.14956732,43.07757571],[-1.15794347,43.06833958],[-1.15884211,43.04827464],[-1.16442964,43.04419835],[-1.17149167,43.04423541],[-1.1739624,43.03763247],[-1.1742562,43.03464178],[-1.18096589,43.03262129],[-1.21183897,43.04967554],[-1.21257883,43.0514542]]]]}},{"type":"Feature","properties":{"code":"64219","nom":"Estialescq","departement":"64","region":"75"},"geometry":{"type":"MultiPolygon","coordinates":[[[[-0.57284231,43.21282868],[-0.57209635,43.21446064],[-0.55558307,43.22673864],[-0.55660536,43.2274424],[-0.541509,43.23777513],[-0.53493673,43.22518212],[-0.540639,43.22392006],[-0.54866702,43.21266945],[-0.55295138,43.20581586],[-0.57284231,43.21282868]]]]}},{"type":"Feature","properties":{"code":"64220","nom":"Estos","departement":"64","region":"75"},"geometry":{"type":"MultiPolygon","coordinates":[[[[-0.59424561,43.22801053],[-0.59624768,43.22522177],[-0.59524805,43.21836759],[-0.59710953,43.21131452],[-0.60934491,43.20003485],[-0.61825852,43.20233307],[-0.61998941,43.20367248],[-0.61667947,43.21105821],[-0.60714873,43.21946961],[-0.59920215,43.22886193],[-0.59424561,43.22801053]]]]}},{"type":"Feature","properties":{"code":"64221","nom":"Etcharry","departement":"64","region":"75"},"geometry":{"type":"MultiPolygon","coordinates":[[[[-0.92202665,43.34783348],[-0.91804081,43.34813292],[-0.91515817,43.34686918],[-0.91233044,43.3440866],[-0.91159468,43.33356425],[-0.92285756,43.31666163],[-0.9261165,43.31390965],[-0.93036934,43.31186358],[-0.93153959,43.30873254],[-0.93557579,43.3114678],[-0.94020878,43.31392357],[-0.94206403,43.31596173],[-0.94074868,43.3304543],[-0.93987073,43.34242075],[-0.9320654,43.34994399],[-0.92673764,43.34814165],[-0.92202665,43.34783348]]]]}},{"type":"Feature","properties":{"code":"64222","nom":"Etchebar","departement":"64","region":"75"},"geometry":{"type":"MultiPolygon","coordinates":[[[[-0.93087756,43.05851007],[-0.91767757,43.06317343],[-0.91723099,43.06503031],[-0.91059384,43.07396698],[-0.89599022,43.08708206],[-0.89017209,43.08855228],[-0.88524766,43.08633929],[-0.88049399,43.08221629],[-0.88399812,43.07141185],[-0.90729537,43.05145102],[-0.90987402,43.04700078],[-0.91155182,43.04632025],[-0.91912966,43.04786163],[-0.92592989,43.05212336],[-0.93087756,43.05851007]]]]}},{"type":"Feature","properties":{"code":"64223","nom":"Etsaut","departement":"64","region":"75"},"geometry":{"type":"MultiPolygon","coordinates":[[[[-0.49936351,42.85062816],[-0.51285101,42.86405722],[-0.51375469,42.86651378],[-0.51723426,42.87015961],[-0.52695797,42.87639791],[-0.55066493,42.88429892],[-0.56253271,42.8841243],[-0.56986696,42.90473055],[-0.57406222,42.91443009],[-0.57873481,42.92239338],[-0.57714507,42.92293247],[-0.5776252,42.92541366],[-0.57184732,42.92752616],[-0.55822724,42.92715827],[-0.55274413,42.92391817],[-0.54884656,42.92325939],[-0.54021995,42.92613402],[-0.53701908,42.92842246],[-0.52830981,42.92694011],[-0.52182752,42.92325243],[-0.50866126,42.92090283],[-0.50680817,42.91158633],[-0.50521607,42.90878841],[-0.49388298,42.90110691],[-0.48984075,42.89708875],[-0.4902324,42.88573066],[-0.49260769,42.87632441],[-0.49381093,42.8636007],[-0.49516376,42.85711],[-0.49785903,42.85134242],[-0.49936351,42.85062816]]]]}},{"type":"Feature","properties":{"code":"64224","nom":"Eysus","departement":"64","region":"75"},"geometry":{"type":"MultiPolygon","coordinates":[[[[-0.59302166,43.12480938],[-0.60181171,43.12682171],[-0.59733395,43.13464886],[-0.5972179,43.1383344],[-0.59182139,43.14774517],[-0.58906081,43.15200234],[-0.58871292,43.15778544],[-0.58373552,43.15800327],[-0.57828661,43.14782987],[-0.57216066,43.14218606],[-0.56490629,43.13718345],[-0.56317867,43.12964243],[-0.56493017,43.12694823],[-0.56729087,43.12606157],[-0.58104006,43.1251165],[-0.59230342,43.12565358],[-0.59302166,43.12480938]]]]}},{"type":"Feature","properties":{"code":"64225","nom":"Ance Féas","departement":"64","region":"75"},"geometry":{"type":"MultiPolygon","coordinates":[[[[-0.6656104,43.12749251],[-0.67598406,43.12570646],[-0.68887334,43.13075665],[-0.71755023,43.14808781],[-0.7235149,43.1547695],[-0.73182826,43.1610752],[-0.72960523,43.1612611],[-0.72925885,43.16245],[-0.72605084,43.17053644],[-0.72279618,43.17564202],[-0.71986485,43.17828795],[-0.7062606,43.18485267],[-0.69609817,43.18861248],[-0.68977142,43.18866886],[-0.68513979,43.18732616],[-0.68401334,43.18255528],[-0.6815246,43.17872328],[-0.67633526,43.17612244],[-0.66642596,43.16668375],[-0.66806157,43.16204667],[-0.66693547,43.15897577],[-0.65966803,43.15143136],[-0.65661758,43.15008252],[-0.66143257,43.14803174],[-0.66507771,43.14316889],[-0.66542205,43.14119246],[-0.66886737,43.13879083],[-0.67331137,43.13038345],[-0.6652167,43.12841802],[-0.6656104,43.12749251]]]]}},{"type":"Feature","properties":{"code":"64226","nom":"Fichous-Riumayou","departement":"64","region":"75"},"geometry":{"type":"MultiPolygon","coordinates":[[[[-0.41433535,43.4873208],[-0.42171685,43.48483036],[-0.43493714,43.47407757],[-0.44168353,43.47461005],[-0.44773817,43.47692468],[-0.45921266,43.48462524],[-0.46969269,43.49030867],[-0.46397745,43.49218544],[-0.46200231,43.49370925],[-0.45539928,43.48978189],[-0.44398823,43.49055573],[-0.44169761,43.49111569],[-0.42631857,43.50056696],[-0.42338573,43.499805],[-0.41725436,43.49497523],[-0.41433535,43.4873208]]]]}},{"type":"Feature","properties":{"code":"64227","nom":"Gabaston","departement":"64","region":"75"},"geometry":{"type":"MultiPolygon","coordinates":[[[[-0.22711932,43.37456713],[-0.22102638,43.37848433],[-0.21642947,43.37625042],[-0.19902265,43.3703974],[-0.18621661,43.36379135],[-0.18615269,43.36290369],[-0.19184756,43.35479928],[-0.19359282,43.34829143],[-0.19933948,43.34269614],[-0.21322074,43.34070083],[-0.21299705,43.34005203],[-0.22316946,43.34136449],[-0.22435732,43.34358895],[-0.22656686,43.34508874],[-0.23771604,43.34281793],[-0.24221653,43.34994536],[-0.2333949,43.36629083],[-0.23476003,43.36737097],[-0.22936527,43.3744713],[-0.22711932,43.37456713]]]]}},{"type":"Feature","properties":{"code":"64228","nom":"Gabat","departement":"64","region":"75"},"geometry":{"type":"MultiPolygon","coordinates":[[[[-1.02502088,43.35760347],[-1.0393963,43.35884822],[-1.04434543,43.36000629],[-1.0507049,43.36269401],[-1.05278056,43.36764268],[-1.04708551,43.37490561],[-1.04883812,43.38175549],[-1.04690184,43.38195226],[-1.02321808,43.39310213],[-1.01451583,43.39418296],[-1.00933939,43.39615849],[-1.00365939,43.39479064],[-1.0032326,43.39378764],[-1.00992147,43.3860778],[-1.01062565,43.38650569],[-1.02179744,43.3809609],[-1.02301535,43.37382731],[-1.02189273,43.3697786],[-1.02502088,43.35760347]]]]}},{"type":"Feature","properties":{"code":"64229","nom":"Gamarthe","departement":"64","region":"75"},"geometry":{"type":"MultiPolygon","coordinates":[[[[-1.11137828,43.17495743],[-1.11241081,43.17271134],[-1.11424627,43.1723918],[-1.11752123,43.17372498],[-1.11785309,43.17637658],[-1.12017102,43.18017815],[-1.12466213,43.18283103],[-1.13459776,43.18288638],[-1.13556294,43.18218463],[-1.14402883,43.18180999],[-1.14754496,43.18298712],[-1.15134362,43.18920367],[-1.15203004,43.19450237],[-1.15140648,43.19512717],[-1.14772457,43.19905556],[-1.14315916,43.20852128],[-1.13182474,43.21914075],[-1.12215606,43.20723909],[-1.1172591,43.20247757],[-1.1107298,43.19086156],[-1.11224207,43.18005307],[-1.11137828,43.17495743]]]]}},{"type":"Feature","properties":{"code":"64230","nom":"Gan","departement":"64","region":"75"},"geometry":{"type":"MultiPolygon","coordinates":[[[[-0.3803159,43.25502463],[-0.38206864,43.23697616],[-0.37486501,43.22999171],[-0.3673124,43.22501379],[-0.37789021,43.2219975],[-0.38008761,43.21989303],[-0.38493812,43.20461362],[-0.38992901,43.1958768],[-0.3920794,43.17906781],[-0.39330457,43.17820728],[-0.39433057,43.17542364],[-0.39707918,43.16449379],[-0.40937202,43.16042796],[-0.40755648,43.1638003],[-0.40317765,43.16567261],[-0.40370994,43.16742131],[-0.4138152,43.16968569],[-0.41944493,43.1675644],[-0.42665813,43.16015085],[-0.43416192,43.15956003],[-0.4448727,43.1626566],[-0.45133854,43.16253711],[-0.44858893,43.17072357],[-0.44451804,43.17815991],[-0.43422926,43.18975939],[-0.42319906,43.19766209],[-0.42188396,43.20101256],[-0.42227774,43.20636792],[-0.42253634,43.21016908],[-0.4298711,43.21704354],[-0.43577911,43.22436729],[-0.4375183,43.23095212],[-0.43808779,43.24728842],[-0.4250717,43.24932916],[-0.41051952,43.24954947],[-0.38964722,43.25421076],[-0.3803159,43.25502463]]]]}},{"type":"Feature","properties":{"code":"64231","nom":"Garindein","departement":"64","region":"75"},"geometry":{"type":"MultiPolygon","coordinates":[[[[-0.91203185,43.20093429],[-0.92138524,43.20457349],[-0.92936239,43.21083873],[-0.93995637,43.22155162],[-0.95584447,43.24064935],[-0.95162198,43.24098148],[-0.94696882,43.23901722],[-0.93284782,43.22984102],[-0.9301728,43.22693308],[-0.92561215,43.22684334],[-0.92375782,43.22853462],[-0.91888136,43.2254651],[-0.91437826,43.21994026],[-0.90618524,43.21568194],[-0.89852586,43.21343553],[-0.89551229,43.2108372],[-0.89889996,43.20721777],[-0.90722305,43.20192996],[-0.91203185,43.20093429]]]]}},{"type":"Feature","properties":{"code":"64232","nom":"Garlède-Mondebat","departement":"64","region":"75"},"geometry":{"type":"MultiPolygon","coordinates":[[[[-0.32156047,43.51587596],[-0.31914308,43.51123764],[-0.3142433,43.50593859],[-0.31898958,43.50243634],[-0.32195869,43.49480105],[-0.32538896,43.49033928],[-0.33710739,43.49115968],[-0.34074821,43.49302323],[-0.34364559,43.49568944],[-0.35500883,43.51249496],[-0.35220273,43.51294286],[-0.34698868,43.52438836],[-0.34072369,43.52908325],[-0.34039319,43.53259287],[-0.34503295,43.53761803],[-0.34413129,43.53943699],[-0.34294691,43.53933571],[-0.33691808,43.53409205],[-0.32965057,43.52161896],[-0.32156047,43.51587596]]]]}},{"type":"Feature","properties":{"code":"64233","nom":"Garlin","departement":"64","region":"75"},"geometry":{"type":"MultiPolygon","coordinates":[[[[-0.24643035,43.56048035],[-0.25049057,43.56054342],[-0.25941311,43.55728342],[-0.26268825,43.55419082],[-0.26316897,43.55265001],[-0.25927154,43.53608276],[-0.26137231,43.53539017],[-0.26350603,43.52918106],[-0.26460723,43.52878412],[-0.26744313,43.52940201],[-0.26987261,43.53064081],[-0.28858438,43.52723852],[-0.28919744,43.53396559],[-0.28816097,43.54206194],[-0.28916916,43.54546322],[-0.29210827,43.55306357],[-0.30150697,43.56554475],[-0.30208659,43.56795585],[-0.30073039,43.57030156],[-0.30108116,43.57123195],[-0.29902815,43.5698193],[-0.29249465,43.57134687],[-0.28670607,43.57472729],[-0.28415556,43.58089116],[-0.27615141,43.58491613],[-0.26933275,43.58608795],[-0.25432332,43.5830836],[-0.24698514,43.58258652],[-0.2485024,43.57796652],[-0.24751642,43.57590954],[-0.245553,43.57487684],[-0.24605553,43.57368845],[-0.24643035,43.56048035]]]]}},{"type":"Feature","properties":{"code":"64234","nom":"Garos","departement":"64","region":"75"},"geometry":{"type":"MultiPolygon","coordinates":[[[[-0.46969269,43.49030867],[-0.47960845,43.49211433],[-0.48986008,43.48664967],[-0.49081873,43.48746533],[-0.49541794,43.4968254],[-0.49788262,43.49902617],[-0.51397542,43.50398219],[-0.5142856,43.51344012],[-0.50119373,43.51395372],[-0.48448436,43.51866441],[-0.47718329,43.52269835],[-0.47629028,43.52655088],[-0.4657481,43.52576166],[-0.46075703,43.52178648],[-0.45936854,43.52197307],[-0.45955167,43.50627833],[-0.46200231,43.49370925],[-0.46397745,43.49218544],[-0.46969269,43.49030867]]]]}},{"type":"Feature","properties":{"code":"64235","nom":"Garris","departement":"64","region":"75"},"geometry":{"type":"MultiPolygon","coordinates":[[[[-1.05494101,43.35438845],[-1.05037103,43.34584285],[-1.04880636,43.33410578],[-1.05495241,43.33190717],[-1.06366487,43.33055214],[-1.06379825,43.32761598],[-1.06527391,43.32763255],[-1.06793443,43.32983753],[-1.06841487,43.33435039],[-1.06190291,43.35074373],[-1.05494101,43.35438845]]]]}},{"type":"Feature","properties":{"code":"64236","nom":"Gayon","departement":"64","region":"75"},"geometry":{"type":"MultiPolygon","coordinates":[[[[-0.17746539,43.47261788],[-0.17966891,43.47754064],[-0.17794033,43.48608228],[-0.17226193,43.49117211],[-0.17129894,43.49324155],[-0.1669892,43.4979624],[-0.15880967,43.49573569],[-0.15443541,43.49137359],[-0.1559902,43.49063411],[-0.1562544,43.4888472],[-0.15152587,43.48364896],[-0.16375952,43.47594791],[-0.17746539,43.47261788]]]]}},{"type":"Feature","properties":{"code":"64237","nom":"Gelos","departement":"64","region":"75"},"geometry":{"type":"MultiPolygon","coordinates":[[[[-0.3803159,43.25502463],[-0.37905848,43.26087492],[-0.38200521,43.26858344],[-0.37898249,43.28575727],[-0.3767548,43.29273286],[-0.37655118,43.29298142],[-0.36024292,43.28698739],[-0.3605669,43.28391875],[-0.36284629,43.28031656],[-0.36456432,43.27210393],[-0.3650204,43.26256301],[-0.36632282,43.25788108],[-0.36537017,43.25316591],[-0.36598118,43.25230144],[-0.3577371,43.24337285],[-0.35116592,43.22953547],[-0.3530857,43.22775981],[-0.3562088,43.2264806],[-0.3673124,43.22501379],[-0.37486501,43.22999171],[-0.38206864,43.23697616],[-0.3803159,43.25502463]]]]}},{"type":"Feature","properties":{"code":"64238","nom":"Ger","departement":"64","region":"75"},"geometry":{"type":"MultiPolygon","coordinates":[[[[-0.04703718,43.22391337],[-0.04976913,43.21732969],[-0.06154585,43.22114067],[-0.06191745,43.22257673],[-0.07205934,43.22473163],[-0.07410681,43.22247325],[-0.0782347,43.22128346],[-0.08896083,43.2264799],[-0.09209991,43.23086764],[-0.09299297,43.23508023],[-0.09166503,43.24184647],[-0.10319505,43.2429596],[-0.10033561,43.24905254],[-0.09629921,43.25413311],[-0.09441254,43.25533048],[-0.09285906,43.25298039],[-0.09163711,43.25263189],[-0.09035296,43.25330601],[-0.08457171,43.25770326],[-0.07981879,43.26308183],[-0.07943966,43.27169252],[-0.08479918,43.27720386],[-0.07310368,43.28196007],[-0.06982859,43.2817075],[-0.06345025,43.28195339],[-0.05717969,43.28453464],[-0.05198851,43.28817161],[-0.04404012,43.289784],[-0.04446611,43.28573899],[-0.04102015,43.28360259],[-0.03598876,43.28186624],[-0.02454806,43.28012928],[-0.01894191,43.26841058],[-0.02388204,43.25589283],[-0.03998981,43.23989506],[-0.04703718,43.22391337]]]]}},{"type":"Feature","properties":{"code":"64239","nom":"Gerderest","departement":"64","region":"75"},"geometry":{"type":"MultiPolygon","coordinates":[[[[-0.14881086,43.40363642],[-0.15034063,43.39393385],[-0.16126441,43.39210542],[-0.17426992,43.39960467],[-0.18770329,43.4090131],[-0.18825258,43.41047894],[-0.18416671,43.42805666],[-0.17034946,43.4237432],[-0.16865787,43.42386925],[-0.16165134,43.41238638],[-0.15589611,43.40745737],[-0.14992743,43.40343826],[-0.14881086,43.40363642]]]]}},{"type":"Feature","properties":{"code":"64240","nom":"Gère-Bélesten","departement":"64","region":"75"},"geometry":{"type":"MultiPolygon","coordinates":[[[[-0.41979122,43.01864766],[-0.42495679,43.01851298],[-0.42943409,43.01736297],[-0.44213893,43.00978869],[-0.47286403,43.00106785],[-0.48184741,43.01009461],[-0.48239415,43.01339336],[-0.4646367,43.01484556],[-0.46235136,43.0269534],[-0.45580577,43.03411729],[-0.44915691,43.03916313],[-0.43544706,43.04042552],[-0.42467561,43.03923136],[-0.4226303,43.03969705],[-0.42311856,43.03751468],[-0.42134093,43.03559435],[-0.41830564,43.03406956],[-0.41547873,43.02977172],[-0.4181145,43.01950574],[-0.41979122,43.01864766]]]]}},{"type":"Feature","properties":{"code":"64241","nom":"Géronce","departement":"64","region":"75"},"geometry":{"type":"MultiPolygon","coordinates":[[[[-0.75573864,43.21181562],[-0.74839384,43.21216204],[-0.74450888,43.21308221],[-0.72881309,43.22084618],[-0.72312524,43.22639526],[-0.72056698,43.23053132],[-0.71570794,43.23413601],[-0.70187423,43.24013968],[-0.69108885,43.24627504],[-0.69011351,43.25086228],[-0.68516133,43.25157987],[-0.67632905,43.24983507],[-0.67954864,43.24528678],[-0.67915012,43.24334537],[-0.67758759,43.24244679],[-0.68099006,43.23644872],[-0.67990185,43.23350338],[-0.6803279,43.23087651],[-0.6933355,43.2111417],[-0.69405614,43.20784015],[-0.70801976,43.20597969],[-0.72273589,43.20119813],[-0.72968949,43.20047613],[-0.73567785,43.20285333],[-0.74589194,43.20307361],[-0.75573864,43.21181562]]]]}},{"type":"Feature","properties":{"code":"64242","nom":"Gestas","departement":"64","region":"75"},"geometry":{"type":"MultiPolygon","coordinates":[[[[-0.86624723,43.36160915],[-0.86087959,43.35932314],[-0.86285781,43.35889222],[-0.88764368,43.34529695],[-0.89094566,43.34534388],[-0.90002336,43.34808725],[-0.89939198,43.34862342],[-0.90080565,43.35145466],[-0.89920427,43.35299588],[-0.89865195,43.35174761],[-0.89462264,43.35202974],[-0.86817471,43.36033059],[-0.86624723,43.36160915]]]]}},{"type":"Feature","properties":{"code":"64243","nom":"Géus-d'Arzacq","departement":"64","region":"75"},"geometry":{"type":"MultiPolygon","coordinates":[[[[-0.50892041,43.48634853],[-0.51908399,43.47375036],[-0.51983716,43.46789647],[-0.51866963,43.46601347],[-0.52441991,43.46630927],[-0.53662597,43.47359979],[-0.53720886,43.47666077],[-0.5356708,43.4824153],[-0.52228025,43.49293165],[-0.52391194,43.494687],[-0.52050534,43.49572081],[-0.51955498,43.49525184],[-0.51102578,43.48675675],[-0.50892041,43.48634853]]]]}},{"type":"Feature","properties":{"code":"64244","nom":"Geüs-d'Oloron","departement":"64","region":"75"},"geometry":{"type":"MultiPolygon","coordinates":[[[[-0.76123436,43.22526266],[-0.75740331,43.22741874],[-0.74779524,43.23511744],[-0.74597404,43.23867115],[-0.73995358,43.24211377],[-0.73136092,43.24484261],[-0.71781206,43.24712111],[-0.71802683,43.25200088],[-0.71573539,43.25469853],[-0.71091273,43.25515168],[-0.70031205,43.25889523],[-0.69452992,43.25574512],[-0.72628512,43.23375509],[-0.7410042,43.22499881],[-0.7580028,43.21718584],[-0.76046868,43.2180869],[-0.76215593,43.22457044],[-0.76123436,43.22526266]]]]}},{"type":"Feature","properties":{"code":"64245","nom":"Goès","departement":"64","region":"75"},"geometry":{"type":"MultiPolygon","coordinates":[[[[-0.57284231,43.21282868],[-0.57507343,43.20983469],[-0.58947923,43.19636495],[-0.59128402,43.19603744],[-0.59766739,43.19694033],[-0.60008879,43.19870541],[-0.59832643,43.20194544],[-0.58479141,43.21214145],[-0.5767681,43.22178665],[-0.57780047,43.22451676],[-0.57941591,43.22503226],[-0.58109239,43.22712598],[-0.57938447,43.22942835],[-0.57592477,43.23213992],[-0.56357497,43.23617719],[-0.55660536,43.2274424],[-0.55558307,43.22673864],[-0.57209635,43.21446064],[-0.57284231,43.21282868]]]]}},{"type":"Feature","properties":{"code":"64246","nom":"Gomer","departement":"64","region":"75"},"geometry":{"type":"MultiPolygon","coordinates":[[[[-0.20717116,43.25208054],[-0.19684084,43.25580524],[-0.18272805,43.25712692],[-0.18177461,43.24453154],[-0.19558769,43.24423517],[-0.20237718,43.24315442],[-0.20750858,43.24049483],[-0.21421428,43.23449494],[-0.21799614,43.2368679],[-0.20421485,43.24970157],[-0.20717116,43.25208054]]]]}},{"type":"Feature","properties":{"code":"64247","nom":"Gotein-Libarrenx","departement":"64","region":"75"},"geometry":{"type":"MultiPolygon","coordinates":[[[[-0.89875637,43.17230547],[-0.91261839,43.18599645],[-0.91469237,43.19169847],[-0.91424451,43.19311696],[-0.91367061,43.19619892],[-0.91460683,43.19829666],[-0.91203185,43.20093429],[-0.90722305,43.20192996],[-0.89889996,43.20721777],[-0.89551229,43.2108372],[-0.88219723,43.20803188],[-0.86044872,43.19682583],[-0.85487451,43.19252241],[-0.86006433,43.19238449],[-0.86324839,43.19148157],[-0.86518929,43.18971535],[-0.86371598,43.18642255],[-0.86525264,43.18650706],[-0.86772941,43.18324556],[-0.8942693,43.17229205],[-0.89574478,43.17054387],[-0.89759064,43.17065725],[-0.89875637,43.17230547]]]]}},{"type":"Feature","properties":{"code":"64249","nom":"Guéthary","departement":"64","region":"75"},"geometry":{"type":"MultiPolygon","coordinates":[[[[-1.60850023,43.42703672],[-1.6004699,43.41496197],[-1.60534604,43.41519971],[-1.61614138,43.41740898],[-1.61985918,43.42035129],[-1.62029792,43.42176455],[-1.61725282,43.42455214],[-1.60850023,43.42703672]]]]}},{"type":"Feature","properties":{"code":"64250","nom":"Guiche","departement":"64","region":"75"},"geometry":{"type":"MultiPolygon","coordinates":[[[[-1.203779,43.54003866],[-1.19292137,43.5309292],[-1.17499412,43.51767117],[-1.16435831,43.51282765],[-1.16354975,43.51137393],[-1.16504432,43.50825685],[-1.16859791,43.5016036],[-1.17003745,43.49679838],[-1.17118395,43.4970777],[-1.17835938,43.49498223],[-1.19304631,43.48902444],[-1.20225821,43.48615296],[-1.2079468,43.48803143],[-1.21194065,43.48851234],[-1.21900494,43.48876006],[-1.224967,43.48726186],[-1.22804856,43.48871206],[-1.23423649,43.49469536],[-1.24120389,43.50471229],[-1.25097447,43.51148892],[-1.25740326,43.50950124],[-1.26016912,43.51309214],[-1.25036113,43.51673255],[-1.23560957,43.52220695],[-1.21895541,43.53022025],[-1.203779,43.54003866]]]]}},{"type":"Feature","properties":{"code":"64251","nom":"Guinarthe-Parenties","departement":"64","region":"75"},"geometry":{"type":"MultiPolygon","coordinates":[[[[-0.93637066,43.38607151],[-0.93802578,43.38105718],[-0.93737731,43.37881722],[-0.93386935,43.37640118],[-0.93970419,43.37470979],[-0.94942916,43.37803466],[-0.95737373,43.38384418],[-0.960252,43.38765894],[-0.9561841,43.39027045],[-0.95320964,43.39499467],[-0.94521955,43.39033848],[-0.93585289,43.38671727],[-0.93637066,43.38607151]]]]}},{"type":"Feature","properties":{"code":"64252","nom":"Gurmençon","departement":"64","region":"75"},"geometry":{"type":"MultiPolygon","coordinates":[[[[-0.59182139,43.14774517],[-0.60095163,43.15020829],[-0.60825368,43.15034312],[-0.60843727,43.16804975],[-0.60635643,43.1685903],[-0.59882694,43.16985668],[-0.59826748,43.1684194],[-0.59240188,43.16305414],[-0.58871292,43.15778544],[-0.58906081,43.15200234],[-0.59182139,43.14774517]]]]}},{"type":"Feature","properties":{"code":"64253","nom":"Gurs","departement":"64","region":"75"},"geometry":{"type":"MultiPolygon","coordinates":[[[[-0.75962912,43.2508427],[-0.76137452,43.25287749],[-0.76115079,43.2555113],[-0.76280495,43.25946835],[-0.76471928,43.26110277],[-0.77667967,43.2647394],[-0.78167723,43.26640074],[-0.78196814,43.26976501],[-0.7781436,43.27863722],[-0.77168712,43.28453296],[-0.75993043,43.29872358],[-0.75480794,43.30327679],[-0.75353541,43.30358038],[-0.74908043,43.30053349],[-0.74483435,43.30078883],[-0.7442739,43.30011481],[-0.74741183,43.29639559],[-0.74916542,43.28773875],[-0.74816474,43.28545],[-0.74279675,43.28056057],[-0.74147851,43.27591792],[-0.74136306,43.27094814],[-0.74338929,43.26844461],[-0.74639371,43.26903113],[-0.75372247,43.25238829],[-0.75630948,43.25098439],[-0.75962912,43.2508427]]]]}},{"type":"Feature","properties":{"code":"64254","nom":"Hagetaubin","departement":"64","region":"75"},"geometry":{"type":"MultiPolygon","coordinates":[[[[-0.62973228,43.5004274],[-0.65604873,43.51459408],[-0.65047161,43.51742728],[-0.64214783,43.53410038],[-0.64273247,43.53699265],[-0.62946102,43.53609916],[-0.62797765,43.53548859],[-0.62827625,43.53357278],[-0.61502494,43.52419354],[-0.6077493,43.52145377],[-0.58937644,43.51829609],[-0.58332572,43.51236558],[-0.58298569,43.51191389],[-0.58190009,43.51315841],[-0.57916685,43.5128668],[-0.5738599,43.51082901],[-0.57287878,43.50800726],[-0.57647687,43.50553978],[-0.58086779,43.49219706],[-0.58707315,43.48806155],[-0.60396314,43.48966542],[-0.61592463,43.49661622],[-0.62763669,43.4993159],[-0.62973228,43.5004274]]]]}},{"type":"Feature","properties":{"code":"64255","nom":"Halsou","departement":"64","region":"75"},"geometry":{"type":"MultiPolygon","coordinates":[[[[-1.43415108,43.38405905],[-1.43326102,43.38438837],[-1.42724241,43.38294727],[-1.41753932,43.39203093],[-1.4143431,43.39406171],[-1.39632251,43.39686528],[-1.38928011,43.39948221],[-1.38504654,43.39388916],[-1.38310136,43.39266783],[-1.39800914,43.38876857],[-1.40423059,43.38503565],[-1.40769242,43.38192664],[-1.40970501,43.37810984],[-1.40967433,43.37530801],[-1.4117266,43.37341504],[-1.42188626,43.36898507],[-1.42426364,43.3698348],[-1.43415108,43.38405905]]]]}},{"type":"Feature","properties":{"code":"64256","nom":"Hasparren","departement":"64","region":"75"},"geometry":{"type":"MultiPolygon","coordinates":[[[[-1.29432337,43.3577526],[-1.29544229,43.35706127],[-1.31133771,43.35151927],[-1.31932468,43.35160585],[-1.32384498,43.35090439],[-1.32765476,43.34682918],[-1.34717106,43.34605773],[-1.3515739,43.34389303],[-1.35741665,43.35495131],[-1.36132564,43.36616136],[-1.36260347,43.3731132],[-1.37596555,43.38457195],[-1.38159638,43.39206656],[-1.38310136,43.39266783],[-1.38504654,43.39388916],[-1.38928011,43.39948221],[-1.39122233,43.40310391],[-1.39009648,43.40736102],[-1.38313452,43.40980485],[-1.38013942,43.41318967],[-1.38366907,43.41944407],[-1.38895439,43.42470276],[-1.38835072,43.42615539],[-1.38555991,43.42648837],[-1.38102775,43.42841904],[-1.36859916,43.44055559],[-1.36353263,43.43972013],[-1.35772028,43.43734668],[-1.34250416,43.43583984],[-1.33605043,43.43471459],[-1.33545526,43.43405276],[-1.32137645,43.43465987],[-1.29547515,43.43796398],[-1.27627786,43.44495522],[-1.27494551,43.44622777],[-1.266503,43.44134321],[-1.25846254,43.43891182],[-1.25611386,43.43871857],[-1.25132402,43.44040779],[-1.24784596,43.43833425],[-1.24745474,43.43782524],[-1.24901259,43.43638653],[-1.26353491,43.43203417],[-1.27123304,43.4268393],[-1.27502293,43.42153252],[-1.27751092,43.41092894],[-1.27899868,43.40831859],[-1.28716993,43.39958462],[-1.28855988,43.3951914],[-1.28750388,43.393953],[-1.2811152,43.39370419],[-1.27657556,43.39052321],[-1.26448694,43.37453765],[-1.26546375,43.3729198],[-1.27003821,43.37202032],[-1.27651242,43.36742106],[-1.27904633,43.36751902],[-1.29187,43.36507195],[-1.29201747,43.3644994],[-1.29432337,43.3577526]]]]}},{"type":"Feature","properties":{"code":"64257","nom":"Haut-de-Bosdarros","departement":"64","region":"75"},"geometry":{"type":"MultiPolygon","coordinates":[[[[-0.31899209,43.18942032],[-0.31977135,43.18668829],[-0.32372809,43.18322547],[-0.32310115,43.18043322],[-0.32161224,43.1791863],[-0.31309292,43.17714189],[-0.29787227,43.17547574],[-0.31384762,43.16390368],[-0.31925286,43.15765523],[-0.31963456,43.15612294],[-0.31033615,43.15452016],[-0.31073948,43.15608682],[-0.30953682,43.15915581],[-0.30313935,43.16142891],[-0.29642834,43.16203044],[-0.2953508,43.16105601],[-0.30654008,43.15372202],[-0.32647155,43.14587068],[-0.33969416,43.1551612],[-0.34695254,43.16133161],[-0.34930707,43.162319],[-0.35477789,43.16872365],[-0.34780144,43.1730305],[-0.34216227,43.18009892],[-0.34103145,43.18232706],[-0.34336273,43.1905501],[-0.34226192,43.19176901],[-0.33655313,43.19277854],[-0.32462839,43.19117064],[-0.31899209,43.18942032]]]]}},{"type":"Feature","properties":{"code":"64258","nom":"Haux","departement":"64","region":"75"},"geometry":{"type":"MultiPolygon","coordinates":[[[[-0.86355218,43.08373071],[-0.8568163,43.08358506],[-0.8316625,43.08738469],[-0.83146181,43.08572776],[-0.81695245,43.06863569],[-0.81102811,43.05931986],[-0.81547462,43.05969264],[-0.82020291,43.05706036],[-0.82242311,43.04499936],[-0.82588441,43.03830315],[-0.82653502,43.03278918],[-0.82588276,43.02533526],[-0.84435832,43.0309578],[-0.85226375,43.03434783],[-0.849103,43.04579131],[-0.85047191,43.05708355],[-0.85224711,43.06279467],[-0.86211287,43.06931614],[-0.86355218,43.08373071]]]]}},{"type":"Feature","properties":{"code":"64259","nom":"Hélette","departement":"64","region":"75"},"geometry":{"type":"MultiPolygon","coordinates":[[[[-1.24304031,43.33812249],[-1.23536958,43.32825778],[-1.23019159,43.32501565],[-1.22488216,43.3176858],[-1.2244046,43.31531267],[-1.20573599,43.29652775],[-1.20633723,43.29628272],[-1.21596039,43.28683601],[-1.22191039,43.28303351],[-1.22753589,43.28128918],[-1.24253479,43.28161165],[-1.24882551,43.28767932],[-1.25446317,43.28999509],[-1.26008386,43.29140769],[-1.27827655,43.29221368],[-1.28870822,43.29467104],[-1.28538539,43.30148486],[-1.26181696,43.33218369],[-1.25270895,43.3336533],[-1.24439226,43.33657122],[-1.24304031,43.33812249]]]]}},{"type":"Feature","properties":{"code":"64260","nom":"Hendaye","departement":"64","region":"75"},"geometry":{"type":"MultiPolygon","coordinates":[[[[-1.7719306,43.34229158],[-1.7759053,43.34392658],[-1.78541477,43.34991017],[-1.78922644,43.35462074],[-1.79062178,43.36682784],[-1.79235095,43.37060594],[-1.79201386,43.37281819],[-1.78875168,43.3783785],[-1.78688547,43.37795732],[-1.78882809,43.37413101],[-1.78348014,43.37300864],[-1.77557084,43.37308612],[-1.76330794,43.37579193],[-1.75574683,43.37947203],[-1.7470586,43.38085511],[-1.74239037,43.37938544],[-1.7356234,43.38095008],[-1.73375921,43.38099926],[-1.73438287,43.37971923],[-1.73315621,43.38012802],[-1.73300059,43.37688497],[-1.75141096,43.36442077],[-1.75190485,43.36085808],[-1.75353466,43.35989329],[-1.75515963,43.35730105],[-1.76051762,43.3527176],[-1.76736015,43.34932382],[-1.76769548,43.34852675],[-1.76201697,43.34409069],[-1.76896327,43.34218646],[-1.7719306,43.34229158]]]]}},{"type":"Feature","properties":{"code":"64261","nom":"Herrère","departement":"64","region":"75"},"geometry":{"type":"MultiPolygon","coordinates":[[[[-0.52081858,43.16899847],[-0.53286439,43.1519368],[-0.5453316,43.14103727],[-0.54982348,43.14028435],[-0.54994342,43.14119606],[-0.55090764,43.14126063],[-0.56863357,43.15855925],[-0.57058206,43.16642444],[-0.55423932,43.1662424],[-0.54892757,43.16891866],[-0.55104684,43.17461764],[-0.55018488,43.17558513],[-0.54248724,43.17434188],[-0.531874,43.17393645],[-0.52081858,43.16899847]]]]}},{"type":"Feature","properties":{"code":"64262","nom":"Higuères-Souye","departement":"64","region":"75"},"geometry":{"type":"MultiPolygon","coordinates":[[[[-0.22711932,43.37456713],[-0.22936527,43.3744713],[-0.23476003,43.36737097],[-0.2403997,43.3677379],[-0.24519427,43.3659627],[-0.25211732,43.36482109],[-0.25536057,43.36523674],[-0.26053673,43.36868596],[-0.26366063,43.37249942],[-0.26729054,43.37495596],[-0.26820144,43.37480329],[-0.26932484,43.37526276],[-0.2714832,43.38229171],[-0.27310145,43.38437311],[-0.24578667,43.39383154],[-0.2410998,43.38815461],[-0.23829486,43.38611458],[-0.22969243,43.37810263],[-0.22711932,43.37456713]]]]}},{"type":"Feature","properties":{"code":"64263","nom":"L'Hôpital-d'Orion","departement":"64","region":"75"},"geometry":{"type":"MultiPolygon","coordinates":[[[[-0.85257526,43.46569562],[-0.84403901,43.46063765],[-0.84319831,43.45751489],[-0.83979647,43.45214375],[-0.83296466,43.44758848],[-0.83651836,43.44633853],[-0.83466249,43.43868054],[-0.83608121,43.43111738],[-0.83698605,43.43023053],[-0.84407093,43.43055476],[-0.86050315,43.42603566],[-0.87077399,43.42564728],[-0.87839783,43.4325551],[-0.87033918,43.43964228],[-0.85745567,43.45439048],[-0.85496666,43.46146889],[-0.85257526,43.46569562]]]]}},{"type":"Feature","properties":{"code":"64264","nom":"L'Hôpital-Saint-Blaise","departement":"64","region":"75"},"geometry":{"type":"MultiPolygon","coordinates":[[[[-0.77667967,43.2647394],[-0.76471928,43.26110277],[-0.76280495,43.25946835],[-0.76115079,43.2555113],[-0.76137452,43.25287749],[-0.75962912,43.2508427],[-0.75944413,43.2502917],[-0.77037686,43.24620189],[-0.77257773,43.24860422],[-0.77530595,43.2487835],[-0.77569721,43.25272778],[-0.78025363,43.25885967],[-0.78225601,43.25979998],[-0.77667967,43.2647394]]]]}},{"type":"Feature","properties":{"code":"64265","nom":"Hosta","departement":"64","region":"75"},"geometry":{"type":"MultiPolygon","coordinates":[[[[-1.11140793,43.17238391],[-1.10261458,43.17039969],[-1.09813761,43.17036194],[-1.09479808,43.17140576],[-1.05911263,43.16425597],[-1.04879361,43.15039496],[-1.04905039,43.12608621],[-1.04462805,43.11518287],[-1.05728992,43.12381188],[-1.10067983,43.14402219],[-1.10564812,43.16159344],[-1.11140793,43.17238391]]]]}},{"type":"Feature","properties":{"code":"64266","nom":"Hours","departement":"64","region":"75"},"geometry":{"type":"MultiPolygon","coordinates":[[[[-0.18248949,43.20761843],[-0.18397027,43.21041227],[-0.1899025,43.21480036],[-0.1855392,43.22434669],[-0.17756759,43.23386053],[-0.1710231,43.23568964],[-0.16431268,43.23571282],[-0.15502436,43.22972986],[-0.15146258,43.22616638],[-0.1601769,43.22114573],[-0.16325585,43.21652465],[-0.17069536,43.21215804],[-0.18248949,43.20761843]]]]}},{"type":"Feature","properties":{"code":"64267","nom":"Ibarrolle","departement":"64","region":"75"},"geometry":{"type":"MultiPolygon","coordinates":[[[[-1.11137828,43.17495743],[-1.11224207,43.18005307],[-1.1107298,43.19086156],[-1.1172591,43.20247757],[-1.1135745,43.20808196],[-1.1082342,43.21149118],[-1.10274033,43.20921611],[-1.087305,43.2067992],[-1.08471593,43.20762236],[-1.08251847,43.20768125],[-1.08198806,43.20702399],[-1.0799732,43.19527947],[-1.0893814,43.18586658],[-1.09479808,43.17140576],[-1.09813761,43.17036194],[-1.10261458,43.17039969],[-1.11140793,43.17238391],[-1.11137828,43.17495743]]]]}},{"type":"Feature","properties":{"code":"64268","nom":"Idaux-Mendy","departement":"64","region":"75"},"geometry":{"type":"MultiPolygon","coordinates":[[[[-0.91804016,43.1528509],[-0.92902741,43.15871797],[-0.9374006,43.1674795],[-0.94047539,43.16946462],[-0.94993884,43.17317546],[-0.94387275,43.17613358],[-0.93735601,43.18109994],[-0.93696968,43.18518027],[-0.93417905,43.18782724],[-0.92940199,43.19040784],[-0.92401026,43.19201003],[-0.91551826,43.19374887],[-0.91424451,43.19311696],[-0.91469237,43.19169847],[-0.91261839,43.18599645],[-0.89875637,43.17230547],[-0.90834402,43.16543451],[-0.91163486,43.15387879],[-0.91804016,43.1528509]]]]}},{"type":"Feature","properties":{"code":"64269","nom":"Idron","departement":"64","region":"75"},"geometry":{"type":"MultiPolygon","coordinates":[[[[-0.29643162,43.28310841],[-0.31142758,43.28330879],[-0.3160745,43.28218756],[-0.3302558,43.28592892],[-0.32171034,43.29894019],[-0.3146962,43.30595062],[-0.31234624,43.30826549],[-0.30785759,43.31082855],[-0.30431829,43.31038671],[-0.29436838,43.32063226],[-0.28828925,43.31804607],[-0.29028888,43.31440988],[-0.29358439,43.30765047],[-0.28525473,43.30611052],[-0.28866167,43.2988176],[-0.29627621,43.28717999],[-0.29643162,43.28310841]]]]}},{"type":"Feature","properties":{"code":"64271","nom":"Iholdy","departement":"64","region":"75"},"geometry":{"type":"MultiPolygon","coordinates":[[[[-1.18187345,43.25241013],[-1.18442105,43.25161597],[-1.20066091,43.25416765],[-1.20524115,43.26003915],[-1.20868952,43.26665369],[-1.20804944,43.27916319],[-1.21158897,43.28050886],[-1.21427994,43.2833496],[-1.21596039,43.28683601],[-1.20633723,43.29628272],[-1.20575042,43.29576237],[-1.20001712,43.29591972],[-1.18017712,43.2905503],[-1.15762581,43.28897424],[-1.15454003,43.28818048],[-1.14330231,43.28037084],[-1.13842676,43.27322001],[-1.13553859,43.27061121],[-1.14285098,43.26198151],[-1.14737669,43.25798661],[-1.16924502,43.25405802],[-1.17511945,43.25485243],[-1.17981419,43.25375372],[-1.18187345,43.25241013]]]]}},{"type":"Feature","properties":{"code":"64272","nom":"Ilharre","departement":"64","region":"75"},"geometry":{"type":"MultiPolygon","coordinates":[[[[-1.04883812,43.38175549],[-1.04988356,43.38183435],[-1.05663475,43.38909415],[-1.05810596,43.3930359],[-1.0550174,43.39527404],[-1.05210994,43.39947269],[-1.05246776,43.40532364],[-1.04158616,43.41342633],[-1.03039931,43.41963219],[-1.01759885,43.42297809],[-1.01029664,43.40914675],[-1.01289792,43.40784144],[-1.00933939,43.39615849],[-1.01451583,43.39418296],[-1.02321808,43.39310213],[-1.04690184,43.38195226],[-1.04883812,43.38175549]]]]}},{"type":"Feature","properties":{"code":"64273","nom":"Irissarry","departement":"64","region":"75"},"geometry":{"type":"MultiPolygon","coordinates":[[[[-1.22466667,43.2172352],[-1.23202803,43.21771861],[-1.23385137,43.22925575],[-1.23612026,43.23587776],[-1.25043024,43.24655462],[-1.25977353,43.26146812],[-1.26016705,43.26550913],[-1.26206899,43.26955907],[-1.26501877,43.27320366],[-1.27906804,43.28066728],[-1.28871049,43.29276287],[-1.28870822,43.29467104],[-1.27827655,43.29221368],[-1.26008386,43.29140769],[-1.25446317,43.28999509],[-1.24882551,43.28767932],[-1.24253479,43.28161165],[-1.22753589,43.28128918],[-1.22191039,43.28303351],[-1.21596039,43.28683601],[-1.21427994,43.2833496],[-1.21158897,43.28050886],[-1.20804944,43.27916319],[-1.20868952,43.26665369],[-1.20524115,43.26003915],[-1.20066091,43.25416765],[-1.21232286,43.23654821],[-1.21124529,43.2321169],[-1.21210927,43.22820794],[-1.21773409,43.22057642],[-1.22365313,43.21794329],[-1.22466667,43.2172352]]]]}},{"type":"Feature","properties":{"code":"64274","nom":"Irouléguy","departement":"64","region":"75"},"geometry":{"type":"MultiPolygon","coordinates":[[[[-1.30402484,43.16209753],[-1.30551902,43.16129288],[-1.30650383,43.17312891],[-1.30876671,43.18311595],[-1.30323557,43.19349909],[-1.30198557,43.20026736],[-1.27613653,43.20045868],[-1.27632012,43.1994632],[-1.27254859,43.19989557],[-1.26905705,43.19635675],[-1.26927039,43.19076871],[-1.27120755,43.18403864],[-1.26953624,43.17562205],[-1.26817986,43.17359043],[-1.26988581,43.17051332],[-1.27180597,43.16928602],[-1.2831224,43.16925755],[-1.28294377,43.17249041],[-1.28749518,43.17451371],[-1.29521725,43.17380269],[-1.30044293,43.17141976],[-1.30402484,43.16209753]]]]}},{"type":"Feature","properties":{"code":"64275","nom":"Ispoure","departement":"64","region":"75"},"geometry":{"type":"MultiPolygon","coordinates":[[[[-1.23389184,43.19060007],[-1.22763692,43.18740995],[-1.22355611,43.18285075],[-1.22178888,43.18011228],[-1.2206049,43.17494501],[-1.22026303,43.16769196],[-1.22942969,43.16599409],[-1.22946986,43.16797059],[-1.24583373,43.1702853],[-1.24782178,43.17132933],[-1.2589273,43.17886663],[-1.25911781,43.18106514],[-1.2561473,43.18902476],[-1.25623313,43.19803567],[-1.25465789,43.1977123],[-1.24385272,43.20136746],[-1.23951629,43.20403684],[-1.23655615,43.20127064],[-1.23558129,43.19389364],[-1.23389184,43.19060007]]]]}},{"type":"Feature","properties":{"code":"64276","nom":"Issor","departement":"64","region":"75"},"geometry":{"type":"MultiPolygon","coordinates":[[[[-0.66562467,43.11792968],[-0.64982882,43.1166923],[-0.63973752,43.11312879],[-0.63067905,43.11111875],[-0.62586271,43.10075112],[-0.6359957,43.08814458],[-0.63596456,43.07256488],[-0.6369546,43.07014549],[-0.6376804,43.06377889],[-0.6410525,43.06116728],[-0.65900092,43.06490092],[-0.66630198,43.06499007],[-0.67269579,43.06426965],[-0.67647571,43.05971257],[-0.68462258,43.07135669],[-0.6864031,43.07630545],[-0.68692633,43.0808723],[-0.6858999,43.08585239],[-0.68089082,43.09000981],[-0.67967844,43.0983727],[-0.68039588,43.10367945],[-0.6821954,43.10631194],[-0.68599654,43.10851306],[-0.68513113,43.11030208],[-0.66562467,43.11792968]]]]}},{"type":"Feature","properties":{"code":"64277","nom":"Isturits","departement":"64","region":"75"},"geometry":{"type":"MultiPolygon","coordinates":[[[[-1.18510873,43.38943215],[-1.17029517,43.37286955],[-1.18687169,43.36190227],[-1.19128961,43.35966539],[-1.19941049,43.35811426],[-1.20967578,43.35069176],[-1.21492935,43.35291133],[-1.22310343,43.35333375],[-1.22945569,43.35179353],[-1.23309898,43.35013382],[-1.23295283,43.35758186],[-1.23104198,43.36685937],[-1.2195402,43.38107011],[-1.20806608,43.38708833],[-1.20426208,43.38806058],[-1.1985513,43.38895717],[-1.18510873,43.38943215]]]]}},{"type":"Feature","properties":{"code":"64279","nom":"Itxassou","departement":"64","region":"75"},"geometry":{"type":"MultiPolygon","coordinates":[[[[-1.36323763,43.30088142],[-1.37954914,43.29263883],[-1.39659238,43.28203579],[-1.41320536,43.27347734],[-1.41658208,43.27263379],[-1.420623,43.26924657],[-1.42712295,43.26707826],[-1.43845657,43.26657678],[-1.44603475,43.2690489],[-1.43950719,43.28508461],[-1.43195447,43.29900238],[-1.43155331,43.311011],[-1.43297352,43.32132049],[-1.43711507,43.32609429],[-1.43676822,43.32836826],[-1.42717042,43.34507198],[-1.42528556,43.34698724],[-1.42482254,43.34970113],[-1.41856076,43.35256931],[-1.41110528,43.34884361],[-1.40294398,43.34736896],[-1.38918059,43.34093707],[-1.38407801,43.33778351],[-1.36958114,43.33297833],[-1.36836046,43.33153027],[-1.36556697,43.31361679],[-1.36558347,43.30453906],[-1.36323763,43.30088142]]]]}},{"type":"Feature","properties":{"code":"64280","nom":"Izeste","departement":"64","region":"75"},"geometry":{"type":"MultiPolygon","coordinates":[[[[-0.42006085,43.07840245],[-0.42829154,43.07887885],[-0.43876647,43.07481498],[-0.44096211,43.0743181],[-0.46745898,43.07752894],[-0.47161752,43.0770609],[-0.47747383,43.0814651],[-0.47543013,43.08438859],[-0.4738781,43.08521472],[-0.45576553,43.08783765],[-0.44098842,43.0908848],[-0.42584718,43.09589684],[-0.42418416,43.09571567],[-0.42006085,43.07840245]]]]}},{"type":"Feature","properties":{"code":"64281","nom":"Jasses","departement":"64","region":"75"},"geometry":{"type":"MultiPolygon","coordinates":[[[[-0.7442739,43.30011481],[-0.74483435,43.30078883],[-0.74908043,43.30053349],[-0.75353541,43.30358038],[-0.75404663,43.30480272],[-0.74942304,43.30775149],[-0.75114067,43.30932014],[-0.75545329,43.31045457],[-0.73733862,43.32139977],[-0.73325479,43.32494424],[-0.72613245,43.32704614],[-0.7145892,43.3181252],[-0.71514876,43.3151926],[-0.71714072,43.3127664],[-0.72991966,43.30511872],[-0.7442739,43.30011481]]]]}},{"type":"Feature","properties":{"code":"64282","nom":"Jatxou","departement":"64","region":"75"},"geometry":{"type":"MultiPolygon","coordinates":[[[[-1.38835072,43.42615539],[-1.38895439,43.42470276],[-1.38366907,43.41944407],[-1.38013942,43.41318967],[-1.38313452,43.40980485],[-1.39009648,43.40736102],[-1.39122233,43.40310391],[-1.38928011,43.39948221],[-1.39632251,43.39686528],[-1.4143431,43.39406171],[-1.41753932,43.39203093],[-1.42724241,43.38294727],[-1.43326102,43.38438837],[-1.43415108,43.38405905],[-1.44307963,43.38778968],[-1.43978772,43.39127227],[-1.43736211,43.40283413],[-1.42236049,43.41916011],[-1.42000306,43.41994663],[-1.40949832,43.42718536],[-1.4065052,43.43016902],[-1.39584107,43.4268642],[-1.38835072,43.42615539]]]]}},{"type":"Feature","properties":{"code":"64283","nom":"Jaxu","departement":"64","region":"75"},"geometry":{"type":"MultiPolygon","coordinates":[[[[-1.20057429,43.18686713],[-1.20348274,43.19007398],[-1.21593286,43.19641662],[-1.22584141,43.19567383],[-1.23389184,43.19060007],[-1.23558129,43.19389364],[-1.23655615,43.20127064],[-1.23951629,43.20403684],[-1.23289502,43.20829917],[-1.22466667,43.2172352],[-1.22365313,43.21794329],[-1.22184391,43.21585762],[-1.20925461,43.21717837],[-1.19752108,43.21680961],[-1.1834826,43.21343936],[-1.18040852,43.21042839],[-1.18173147,43.20932861],[-1.18428886,43.20074783],[-1.18887196,43.1921514],[-1.20057429,43.18686713]]]]}},{"type":"Feature","properties":{"code":"64284","nom":"Jurançon","departement":"64","region":"75"},"geometry":{"type":"MultiPolygon","coordinates":[[[[-0.37898249,43.28575727],[-0.38200521,43.26858344],[-0.37905848,43.26087492],[-0.3803159,43.25502463],[-0.38964722,43.25421076],[-0.41051952,43.24954947],[-0.4250717,43.24932916],[-0.43808779,43.24728842],[-0.43962389,43.24855134],[-0.43650758,43.26134875],[-0.42837033,43.27156756],[-0.42672268,43.27343054],[-0.42275347,43.28629884],[-0.41993222,43.28947748],[-0.41704837,43.29073206],[-0.41310508,43.29599622],[-0.41055023,43.29369353],[-0.40735635,43.29283809],[-0.38699231,43.29418885],[-0.38554359,43.29437202],[-0.38521828,43.28979834],[-0.37904609,43.285812],[-0.37898249,43.28575727]]]]}},{"type":"Feature","properties":{"code":"64285","nom":"Juxue","departement":"64","region":"75"},"geometry":{"type":"MultiPolygon","coordinates":[[[[-1.03884063,43.20684613],[-1.04278962,43.20635772],[-1.04741624,43.20775499],[-1.0500141,43.21001546],[-1.05451395,43.21668175],[-1.06011844,43.22205348],[-1.06335299,43.22361421],[-1.06435719,43.22543814],[-1.06152506,43.23580657],[-1.06630527,43.24657657],[-1.06128378,43.25033161],[-1.05486696,43.25323181],[-1.04602846,43.25260873],[-1.03441437,43.24910288],[-1.02620534,43.24793407],[-1.02035506,43.24572388],[-1.01822362,43.2435146],[-1.01639934,43.23180783],[-1.02908355,43.20578171],[-1.03242658,43.20617195],[-1.03565332,43.20290881],[-1.03884063,43.20684613]]]]}},{"type":"Feature","properties":{"code":"64286","nom":"Laà-Mondrans","departement":"64","region":"75"},"geometry":{"type":"MultiPolygon","coordinates":[[[[-0.75364776,43.4620036],[-0.74724182,43.45262317],[-0.75304763,43.44944267],[-0.75851235,43.44519557],[-0.7672275,43.4471976],[-0.77524675,43.44501247],[-0.77845737,43.4430982],[-0.78104354,43.44298812],[-0.78743626,43.45654548],[-0.79190856,43.46042689],[-0.79188321,43.46223551],[-0.78069612,43.46772457],[-0.77319437,43.46964341],[-0.75364776,43.4620036]]]]}},{"type":"Feature","properties":{"code":"64287","nom":"Laàs","departement":"64","region":"75"},"geometry":{"type":"MultiPolygon","coordinates":[[[[-0.8805755,43.38438901],[-0.86805354,43.38939235],[-0.86786511,43.39154998],[-0.84662121,43.39967329],[-0.83851239,43.4000342],[-0.8350466,43.3990015],[-0.83465466,43.39805075],[-0.83807812,43.38861799],[-0.83722863,43.38700977],[-0.84517315,43.37453326],[-0.85116364,43.37692672],[-0.86374662,43.37568536],[-0.87035126,43.3772083],[-0.87578983,43.38029663],[-0.87854693,43.38157409],[-0.8805755,43.38438901]]]]}},{"type":"Feature","properties":{"code":"64288","nom":"Labastide-Cézéracq","departement":"64","region":"75"},"geometry":{"type":"MultiPolygon","coordinates":[[[[-0.52800051,43.36221155],[-0.5417084,43.36992581],[-0.54903996,43.37195572],[-0.55529426,43.37484366],[-0.55877913,43.37823574],[-0.56432585,43.38012527],[-0.55475986,43.38835933],[-0.54997204,43.38885153],[-0.54652928,43.38802787],[-0.52125609,43.3752573],[-0.52027036,43.37343072],[-0.52228163,43.36683925],[-0.52800051,43.36221155]]]]}},{"type":"Feature","properties":{"code":"64289","nom":"La Bastide-Clairence","departement":"64","region":"75"},"geometry":{"type":"MultiPolygon","coordinates":[[[[-1.27751092,43.41092894],[-1.27502293,43.42153252],[-1.27123304,43.4268393],[-1.26353491,43.43203417],[-1.24901259,43.43638653],[-1.24745474,43.43782524],[-1.24784596,43.43833425],[-1.23369548,43.43805068],[-1.21643099,43.43702709],[-1.21532337,43.43616928],[-1.21437898,43.43657634],[-1.19323566,43.41665002],[-1.19032172,43.40203392],[-1.19255987,43.39863369],[-1.2084092,43.39645704],[-1.22598075,43.39895322],[-1.2394752,43.40107941],[-1.27751092,43.41092894]]]]}},{"type":"Feature","properties":{"code":"64290","nom":"Labastide-Monréjeau","departement":"64","region":"75"},"geometry":{"type":"MultiPolygon","coordinates":[[[[-0.55475986,43.38835933],[-0.55174191,43.39377973],[-0.54629271,43.39867638],[-0.53977628,43.40451001],[-0.53596368,43.40545863],[-0.52068012,43.4007581],[-0.50894902,43.39503536],[-0.50974098,43.39427215],[-0.50485619,43.38965684],[-0.5069911,43.3815713],[-0.51281306,43.37682943],[-0.51896033,43.37467823],[-0.52125609,43.3752573],[-0.54652928,43.38802787],[-0.54997204,43.38885153],[-0.55475986,43.38835933]]]]}},{"type":"Feature","properties":{"code":"64363","nom":"Lys","departement":"64","region":"75"},"geometry":{"type":"MultiPolygon","coordinates":[[[[-0.32647155,43.14587068],[-0.32905714,43.13727086],[-0.32413248,43.12805675],[-0.31987003,43.1240768],[-0.32828512,43.11543416],[-0.33943026,43.11459949],[-0.35218126,43.11054485],[-0.35193418,43.11107288],[-0.36160889,43.1199206],[-0.37014921,43.1236167],[-0.37933723,43.12924812],[-0.36405754,43.14161969],[-0.36063324,43.14937072],[-0.34930707,43.162319],[-0.34695254,43.16133161],[-0.33969416,43.1551612],[-0.32647155,43.14587068]]]]}},{"type":"Feature","properties":{"code":"64291","nom":"Labastide-Villefranche","departement":"64","region":"75"},"geometry":{"type":"MultiPolygon","coordinates":[[[[-1.03039931,43.41963219],[-1.0367491,43.42871822],[-1.03562381,43.42946823],[-1.03590613,43.43016215],[-1.03756577,43.43186409],[-1.03898494,43.43174269],[-1.039523,43.44759991],[-1.04206744,43.4519056],[-1.04698332,43.45442636],[-1.05447531,43.45461187],[-1.05952947,43.45897369],[-1.06400196,43.46840833],[-1.06020794,43.47673414],[-1.05554351,43.48322669],[-1.05659309,43.48463421],[-1.05618913,43.48550157],[-1.05186275,43.48671657],[-1.04680096,43.48696159],[-1.04624852,43.48182382],[-1.04141447,43.48035836],[-1.03463417,43.47948408],[-1.03220403,43.47158123],[-1.02641152,43.46402775],[-1.02569219,43.46406981],[-1.01386942,43.45510382],[-1.01570173,43.44377279],[-1.01977069,43.43489999],[-1.01879884,43.43010406],[-1.0130641,43.42800351],[-1.0052401,43.42755731],[-1.00972791,43.42433111],[-1.01759885,43.42297809],[-1.03039931,43.41963219]]]]}},{"type":"Feature","properties":{"code":"64292","nom":"Labatmale","departement":"64","region":"75"},"geometry":{"type":"MultiPolygon","coordinates":[[[[-0.13676195,43.17949849],[-0.15123621,43.17192536],[-0.15959961,43.17604027],[-0.16532036,43.18290848],[-0.15351754,43.19093659],[-0.15028858,43.19588666],[-0.14786378,43.19731496],[-0.14578512,43.19534203],[-0.14149684,43.18522723],[-0.13676195,43.17949849]]]]}},{"type":"Feature","properties":{"code":"64293","nom":"Labatut-Figuières","departement":"64","region":"75"},"geometry":{"type":"MultiPolygon","coordinates":[[[[-0.02483858,43.43001158],[-0.02115193,43.42666449],[-0.01343364,43.42809677],[-0.00470089,43.43154091],[0.00965061,43.42219692],[0.00100131,43.40742606],[-0.00183506,43.39909271],[-0.00408867,43.39817672],[-0.01812577,43.4014549],[-0.02581499,43.41271366],[-0.03795131,43.41877499],[-0.03558251,43.42366981],[-0.0318612,43.42770845],[-0.02711814,43.43098054],[-0.02483858,43.43001158]]]]}},{"type":"Feature","properties":{"code":"64294","nom":"Labets-Biscay","departement":"64","region":"75"},"geometry":{"type":"MultiPolygon","coordinates":[[[[-1.05246776,43.40532364],[-1.05210994,43.39947269],[-1.0550174,43.39527404],[-1.05810596,43.3930359],[-1.05663475,43.38909415],[-1.04988356,43.38183435],[-1.04883812,43.38175549],[-1.04708551,43.37490561],[-1.05278056,43.36764268],[-1.05590988,43.36616064],[-1.05598795,43.36532357],[-1.07121208,43.37231196],[-1.07428842,43.37121783],[-1.07749855,43.37136888],[-1.07985604,43.37504719],[-1.08138048,43.37582113],[-1.0704016,43.38983547],[-1.06770688,43.39529403],[-1.0793064,43.40678797],[-1.08014687,43.41361981],[-1.07934319,43.41472842],[-1.07877233,43.41518234],[-1.06840847,43.41340772],[-1.05762039,43.41307136],[-1.05281767,43.40616902],[-1.05246776,43.40532364]]]]}},{"type":"Feature","properties":{"code":"64295","nom":"Labeyrie","departement":"64","region":"75"},"geometry":{"type":"MultiPolygon","coordinates":[[[[-0.64273247,43.53699265],[-0.65136398,43.54263345],[-0.65035741,43.54571077],[-0.64854155,43.54679234],[-0.63122949,43.55043464],[-0.61559348,43.54444589],[-0.61423556,43.5375893],[-0.62268605,43.53328589],[-0.62827625,43.53357278],[-0.62797765,43.53548859],[-0.62946102,43.53609916],[-0.64273247,43.53699265]]]]}},{"type":"Feature","properties":{"code":"64296","nom":"Lacadée","departement":"64","region":"75"},"geometry":{"type":"MultiPolygon","coordinates":[[[[-0.65604873,43.51459408],[-0.66510479,43.51227711],[-0.66629675,43.51757244],[-0.66901369,43.5191459],[-0.66566157,43.52960817],[-0.65705057,43.54013971],[-0.65136398,43.54263345],[-0.64273247,43.53699265],[-0.64214783,43.53410038],[-0.65047161,43.51742728],[-0.65604873,43.51459408]]]]}},{"type":"Feature","properties":{"code":"64297","nom":"Lacarre","departement":"64","region":"75"},"geometry":{"type":"MultiPolygon","coordinates":[[[[-1.17209831,43.20199392],[-1.16977714,43.20309884],[-1.16453279,43.20208909],[-1.16347272,43.19964936],[-1.15800323,43.19704648],[-1.15140648,43.19512717],[-1.15203004,43.19450237],[-1.15134362,43.18920367],[-1.14754496,43.18298712],[-1.14402883,43.18180999],[-1.13556294,43.18218463],[-1.13483771,43.18156213],[-1.14160062,43.17898227],[-1.16360253,43.1775213],[-1.1740587,43.17855449],[-1.17580289,43.18116034],[-1.17652232,43.18487775],[-1.17226306,43.19465002],[-1.17111471,43.2009916],[-1.17209831,43.20199392]]]]}},{"type":"Feature","properties":{"code":"64298","nom":"Lacarry-Arhan-Charritte-de-Haut","departement":"64","region":"75"},"geometry":{"type":"MultiPolygon","coordinates":[[[[-0.89843896,43.08899704],[-0.89599022,43.08708206],[-0.91059384,43.07396698],[-0.91723099,43.06503031],[-0.91767757,43.06317343],[-0.93087756,43.05851007],[-0.93177557,43.05920126],[-0.95867338,43.05332426],[-0.96735441,43.05267038],[-0.9763084,43.05465056],[-0.99232714,43.05665357],[-1.002929,43.05411634],[-1.01390683,43.05292204],[-1.02550884,43.05350346],[-1.02131673,43.05804865],[-1.01780084,43.05516855],[-1.00749923,43.05916307],[-0.99506619,43.06871827],[-0.98689208,43.07282084],[-0.96872876,43.07610827],[-0.9565463,43.08417085],[-0.9374068,43.09448676],[-0.93432801,43.09516396],[-0.92512309,43.09505779],[-0.90140565,43.08877069],[-0.89843896,43.08899704]]]]}},{"type":"Feature","properties":{"code":"64299","nom":"Lacommande","departement":"64","region":"75"},"geometry":{"type":"MultiPolygon","coordinates":[[[[-0.50419442,43.28764044],[-0.50037895,43.28302333],[-0.49898486,43.26421706],[-0.50850662,43.26504804],[-0.51655136,43.26975855],[-0.52015718,43.275819],[-0.52058901,43.28105453],[-0.51892866,43.28508952],[-0.51336784,43.28685712],[-0.50419442,43.28764044]]]]}},{"type":"Feature","properties":{"code":"64300","nom":"Lacq","departement":"64","region":"75"},"geometry":{"type":"MultiPolygon","coordinates":[[[[-0.59929043,43.40057213],[-0.60708184,43.39894383],[-0.60853607,43.40025252],[-0.60744995,43.40312104],[-0.61199705,43.40684727],[-0.61846437,43.40350261],[-0.63366584,43.4028798],[-0.63700065,43.40928628],[-0.64287281,43.41667185],[-0.6472536,43.42319604],[-0.64258962,43.42728063],[-0.63100586,43.43835187],[-0.6251409,43.43952013],[-0.60722544,43.43945286],[-0.59335074,43.4499513],[-0.58236449,43.44886978],[-0.57242304,43.44905856],[-0.56722298,43.4465327],[-0.56387937,43.44421842],[-0.55469228,43.44024172],[-0.55329735,43.43798834],[-0.55345029,43.43652349],[-0.57355623,43.43028094],[-0.5756814,43.4296209],[-0.58089028,43.42722612],[-0.58710238,43.41669445],[-0.59929043,43.40057213]]]]}},{"type":"Feature","properties":{"code":"64301","nom":"Lagor","departement":"64","region":"75"},"geometry":{"type":"MultiPolygon","coordinates":[[[[-0.63441846,43.39809581],[-0.64356389,43.38913991],[-0.64587351,43.3847411],[-0.64515071,43.3831354],[-0.64185394,43.38061854],[-0.63785054,43.37695731],[-0.63662415,43.37390237],[-0.63877396,43.37275749],[-0.64406779,43.36517477],[-0.65352209,43.35749633],[-0.65840075,43.3552988],[-0.67420067,43.35663451],[-0.6776414,43.36180937],[-0.68652017,43.36940887],[-0.69522343,43.37917972],[-0.69993884,43.38782382],[-0.69237159,43.39238727],[-0.68898435,43.39599449],[-0.68898396,43.3971635],[-0.69220827,43.40117836],[-0.68458559,43.40778663],[-0.67910604,43.41385589],[-0.67680064,43.41219243],[-0.6655579,43.40522207],[-0.6600987,43.40625971],[-0.65668272,43.40090762],[-0.63441846,43.39809581]]]]}},{"type":"Feature","properties":{"code":"64302","nom":"Lagos","departement":"64","region":"75"},"geometry":{"type":"MultiPolygon","coordinates":[[[[-0.24362414,43.20090393],[-0.24817658,43.20740907],[-0.24974373,43.20717642],[-0.2505776,43.20867454],[-0.24724578,43.21169083],[-0.24379425,43.20921],[-0.2284485,43.21267444],[-0.21923596,43.21587733],[-0.21244,43.22016342],[-0.2054749,43.22643105],[-0.19496806,43.21667964],[-0.20020381,43.21243107],[-0.20869292,43.20911451],[-0.22865547,43.2050422],[-0.24260887,43.19978573],[-0.24362414,43.20090393]]]]}},{"type":"Feature","properties":{"code":"64303","nom":"Laguinge-Restoue","departement":"64","region":"75"},"geometry":{"type":"MultiPolygon","coordinates":[[[[-0.86517989,43.09689061],[-0.86001109,43.10450425],[-0.85171693,43.10421053],[-0.8456863,43.10572279],[-0.84042388,43.1117548],[-0.83772521,43.11144668],[-0.83853006,43.1099628],[-0.83327508,43.09873813],[-0.8316625,43.08738469],[-0.8568163,43.08358506],[-0.86355218,43.08373071],[-0.87172753,43.0862555],[-0.86949419,43.09103279],[-0.86517989,43.09689061]]]]}},{"type":"Feature","properties":{"code":"64304","nom":"Lahonce","departement":"64","region":"75"},"geometry":{"type":"MultiPolygon","coordinates":[[[[-1.41777432,43.49701359],[-1.41436888,43.49712355],[-1.38858645,43.49686155],[-1.37018709,43.49491277],[-1.36970535,43.49347786],[-1.37613222,43.48681182],[-1.37910325,43.47312431],[-1.37787254,43.46934633],[-1.38619878,43.47052866],[-1.39859904,43.46638632],[-1.40284725,43.46614251],[-1.41143924,43.47784041],[-1.41314041,43.48911142],[-1.41750076,43.49048091],[-1.43221537,43.48860216],[-1.43429546,43.48994351],[-1.42685591,43.49508311],[-1.41777432,43.49701359]]]]}},{"type":"Feature","properties":{"code":"64305","nom":"Lahontan","departement":"64","region":"75"},"geometry":{"type":"MultiPolygon","coordinates":[[[[-0.98046858,43.49988364],[-0.98841399,43.50194096],[-0.99005734,43.50272277],[-0.99255592,43.50439463],[-0.99369965,43.50879282],[-0.99366917,43.51032991],[-0.98906301,43.51768116],[-0.98922625,43.52623066],[-0.9971738,43.53334675],[-0.99912711,43.53422606],[-1.00114933,43.53705229],[-1.00118415,43.53829783],[-0.99366659,43.53933707],[-0.9836636,43.53939866],[-0.97452437,43.53843132],[-0.961789,43.53508937],[-0.9596326,43.53436277],[-0.94656155,43.53423297],[-0.9367199,43.53740672],[-0.93565723,43.53720476],[-0.93634057,43.53489092],[-0.94271493,43.52338892],[-0.94857587,43.50757135],[-0.98046858,43.49988364]]]]}},{"type":"Feature","properties":{"code":"64306","nom":"Lahourcade","departement":"64","region":"75"},"geometry":{"type":"MultiPolygon","coordinates":[[[[-0.63476312,43.36869299],[-0.63433146,43.36738907],[-0.63477905,43.35932659],[-0.61950083,43.36070535],[-0.61632484,43.3619391],[-0.61336322,43.36090699],[-0.60703491,43.36198548],[-0.60585727,43.36093869],[-0.60172796,43.35784874],[-0.5977766,43.35153601],[-0.59978106,43.35071285],[-0.60966234,43.34192017],[-0.61660773,43.3385812],[-0.62477693,43.34080209],[-0.62993504,43.33912962],[-0.63167249,43.34017083],[-0.65292675,43.33920349],[-0.6557757,43.33939897],[-0.65743323,43.34028129],[-0.65845827,43.3416947],[-0.65840075,43.3552988],[-0.65352209,43.35749633],[-0.64406779,43.36517477],[-0.63877396,43.37275749],[-0.63662415,43.37390237],[-0.63476312,43.36869299]]]]}},{"type":"Feature","properties":{"code":"64307","nom":"Lalongue","departement":"64","region":"75"},"geometry":{"type":"MultiPolygon","coordinates":[[[[-0.20629006,43.49611203],[-0.20522808,43.49647569],[-0.20496974,43.4976539],[-0.19419819,43.50013556],[-0.18726444,43.49686936],[-0.17983112,43.49443949],[-0.17129894,43.49324155],[-0.17226193,43.49117211],[-0.17794033,43.48608228],[-0.17966891,43.47754064],[-0.17746539,43.47261788],[-0.17236914,43.46007417],[-0.18073309,43.45785076],[-0.18966951,43.46678121],[-0.19341872,43.46775488],[-0.19603408,43.46805594],[-0.1966178,43.46485845],[-0.19775964,43.46431783],[-0.19961351,43.46566505],[-0.20304385,43.4777086],[-0.20076591,43.48309743],[-0.2031634,43.49045787],[-0.20568276,43.49356283],[-0.20629006,43.49611203]]]]}},{"type":"Feature","properties":{"code":"64308","nom":"Lalonquette","departement":"64","region":"75"},"geometry":{"type":"MultiPolygon","coordinates":[[[[-0.33710739,43.49115968],[-0.32538896,43.49033928],[-0.32195869,43.49480105],[-0.31898958,43.50243634],[-0.3142433,43.50593859],[-0.31115343,43.50451026],[-0.30149968,43.49694701],[-0.29969264,43.48945508],[-0.30491242,43.48417412],[-0.30985501,43.48101028],[-0.31564617,43.47816064],[-0.31872482,43.47796104],[-0.32640755,43.47501233],[-0.3324647,43.48698825],[-0.33710739,43.49115968]]]]}},{"type":"Feature","properties":{"code":"64309","nom":"Lamayou","departement":"64","region":"75"},"geometry":{"type":"MultiPolygon","coordinates":[[[[-0.01812577,43.4014549],[-0.00408867,43.39817672],[-0.00039117,43.39624014],[-0.00459544,43.39504227],[-0.00429323,43.39336803],[-0.01075621,43.38501567],[-0.02609895,43.37476743],[-0.03385642,43.36623341],[-0.04728035,43.36920605],[-0.053369,43.37832447],[-0.05070394,43.38374559],[-0.04287831,43.39327768],[-0.04291007,43.39469566],[-0.04179908,43.39402106],[-0.0308619,43.39952981],[-0.02466622,43.40131555],[-0.01812577,43.4014549]]]]}},{"type":"Feature","properties":{"code":"64310","nom":"Lanne-en-Barétous","departement":"64","region":"75"},"geometry":{"type":"MultiPolygon","coordinates":[[[[-0.78355138,43.11818915],[-0.77932981,43.1359092],[-0.77503889,43.14233147],[-0.77292001,43.14163308],[-0.77049682,43.13900296],[-0.76328224,43.13384336],[-0.74939018,43.12696737],[-0.74267662,43.11496913],[-0.74425212,43.11202485],[-0.74676766,43.10947915],[-0.74936245,43.10471015],[-0.75197939,43.09121871],[-0.75798743,43.08488802],[-0.76479705,43.08106006],[-0.77584344,43.06895222],[-0.77724002,43.06143148],[-0.7733809,43.05305973],[-0.77939786,43.04181038],[-0.77596375,43.03134044],[-0.77526155,43.02435641],[-0.77692215,43.02198949],[-0.77800997,43.01695861],[-0.78907615,43.01529967],[-0.79621159,43.01528569],[-0.80861564,43.02065826],[-0.82588276,43.02533526],[-0.82653502,43.03278918],[-0.82588441,43.03830315],[-0.82242311,43.04499936],[-0.82020291,43.05706036],[-0.81547462,43.05969264],[-0.81102811,43.05931986],[-0.80830323,43.05881574],[-0.80195584,43.06070151],[-0.80038205,43.06241031],[-0.79955217,43.07774711],[-0.79342063,43.08796016],[-0.78707963,43.10962237],[-0.78355138,43.11818915]]]]}},{"type":"Feature","properties":{"code":"64311","nom":"Lannecaube","departement":"64","region":"75"},"geometry":{"type":"MultiPolygon","coordinates":[[[[-0.19775964,43.46431783],[-0.19989059,43.46049388],[-0.20440678,43.46030637],[-0.20480666,43.46129311],[-0.21162983,43.46387696],[-0.2207755,43.46946457],[-0.22438858,43.47181079],[-0.22790702,43.47548247],[-0.22878442,43.4766404],[-0.23412665,43.47917883],[-0.24221356,43.48080022],[-0.24346465,43.48263481],[-0.24064187,43.48380429],[-0.23916703,43.48640115],[-0.23887653,43.49342435],[-0.23194008,43.4924743],[-0.21564173,43.50092255],[-0.20664285,43.49709208],[-0.20629006,43.49611203],[-0.20568276,43.49356283],[-0.2031634,43.49045787],[-0.20076591,43.48309743],[-0.20304385,43.4777086],[-0.19961351,43.46566505],[-0.19775964,43.46431783]]]]}},{"type":"Feature","properties":{"code":"64312","nom":"Lanneplaà","departement":"64","region":"75"},"geometry":{"type":"MultiPolygon","coordinates":[[[[-0.80417049,43.45617609],[-0.81925901,43.44922023],[-0.83296466,43.44758848],[-0.83979647,43.45214375],[-0.84319831,43.45751489],[-0.84403901,43.46063765],[-0.85257526,43.46569562],[-0.84578732,43.47031806],[-0.83935097,43.47299909],[-0.8386396,43.47053373],[-0.83371519,43.47015054],[-0.82810608,43.4721864],[-0.81912154,43.471156],[-0.81626731,43.46980009],[-0.80896442,43.46556518],[-0.80551274,43.45719539],[-0.80417049,43.45617609]]]]}},{"type":"Feature","properties":{"code":"64313","nom":"Lantabat","departement":"64","region":"75"},"geometry":{"type":"MultiPolygon","coordinates":[[[[-1.10204831,43.24226856],[-1.12201614,43.23912068],[-1.12830765,43.23675529],[-1.13477772,43.23279734],[-1.14001048,43.22740202],[-1.14868066,43.22515125],[-1.15467839,43.22447095],[-1.15995034,43.22602607],[-1.16783127,43.23279384],[-1.17753862,43.24442405],[-1.18187345,43.25241013],[-1.17981419,43.25375372],[-1.17511945,43.25485243],[-1.16924502,43.25405802],[-1.14737669,43.25798661],[-1.14285098,43.26198151],[-1.13553859,43.27061121],[-1.13160811,43.27277044],[-1.12508592,43.27422237],[-1.12404638,43.27924969],[-1.12729331,43.29117454],[-1.13285241,43.29652256],[-1.13593773,43.30134625],[-1.13520858,43.30233983],[-1.12802771,43.30196051],[-1.10635263,43.28744457],[-1.09187022,43.27590965],[-1.09167201,43.27567035],[-1.08235904,43.26655959],[-1.0827169,43.26513819],[-1.08343013,43.26327009],[-1.09196083,43.25546096],[-1.10362376,43.24946686],[-1.10411448,43.24720264],[-1.10204831,43.24226856]]]]}},{"type":"Feature","properties":{"code":"64314","nom":"Larceveau-Arros-Cibits","departement":"64","region":"75"},"geometry":{"type":"MultiPolygon","coordinates":[[[[-1.06630527,43.24657657],[-1.06152506,43.23580657],[-1.06435719,43.22543814],[-1.06335299,43.22361421],[-1.06011844,43.22205348],[-1.06820313,43.22081757],[-1.07721997,43.21784077],[-1.07933662,43.21532703],[-1.08029752,43.21228413],[-1.07939638,43.21026731],[-1.08032608,43.20802091],[-1.08198806,43.20702399],[-1.08251847,43.20768125],[-1.08471593,43.20762236],[-1.087305,43.2067992],[-1.10274033,43.20921611],[-1.1082342,43.21149118],[-1.1135745,43.20808196],[-1.1172591,43.20247757],[-1.12215606,43.20723909],[-1.13182474,43.21914075],[-1.13438952,43.22514683],[-1.14001048,43.22740202],[-1.13477772,43.23279734],[-1.12830765,43.23675529],[-1.12201614,43.23912068],[-1.10204831,43.24226856],[-1.09655749,43.23995238],[-1.07833203,43.23695426],[-1.0743105,43.23884908],[-1.06630527,43.24657657]]]]}},{"type":"Feature","properties":{"code":"64315","nom":"Laroin","departement":"64","region":"75"},"geometry":{"type":"MultiPolygon","coordinates":[[[[-0.43520474,43.31000775],[-0.43027874,43.30221892],[-0.42098115,43.29936405],[-0.41617205,43.29896967],[-0.41330676,43.29707033],[-0.41310508,43.29599622],[-0.41704837,43.29073206],[-0.41993222,43.28947748],[-0.42275347,43.28629884],[-0.42672268,43.27343054],[-0.42837033,43.27156756],[-0.44291802,43.29736703],[-0.44991737,43.30133613],[-0.45987931,43.30080869],[-0.4623755,43.30652842],[-0.45888065,43.30994945],[-0.44980818,43.31498025],[-0.44170914,43.31085608],[-0.4358782,43.30930832],[-0.43520474,43.31000775]]]]}},{"type":"Feature","properties":{"code":"64316","nom":"Larrau","departement":"64","region":"75"},"geometry":{"type":"MultiPolygon","coordinates":[[[[-1.08351844,43.01132536],[-1.08264343,43.01887737],[-1.07888492,43.02909555],[-1.06688749,43.03144293],[-1.05699353,43.03952004],[-1.04740706,43.05203161],[-1.04768883,43.05598892],[-1.02550884,43.05350346],[-1.01390683,43.05292204],[-1.002929,43.05411634],[-0.99232714,43.05665357],[-0.9763084,43.05465056],[-0.96735441,43.05267038],[-0.95867338,43.05332426],[-0.93177557,43.05920126],[-0.93087756,43.05851007],[-0.92592989,43.05212336],[-0.91912966,43.04786163],[-0.90490939,43.03863916],[-0.89780976,43.03019364],[-0.8990696,43.02329545],[-0.90110578,43.0183258],[-0.8919772,43.0074325],[-0.89176989,42.99217217],[-0.874794,42.96731461],[-0.89707843,42.95616555],[-0.89736063,42.95948683],[-0.89916633,42.9613986],[-0.90205925,42.96288639],[-0.90835312,42.96449805],[-0.91463345,42.96363549],[-0.920391,42.95791133],[-0.92004673,42.95626532],[-0.92401481,42.95458071],[-0.93599458,42.95309519],[-0.94688373,42.95482603],[-0.96297153,42.9609681],[-0.97533114,42.964224],[-0.98686029,42.97231786],[-0.99706109,42.97543901],[-1.0004606,42.97806886],[-1.00631009,42.98898639],[-1.01015549,42.99190827],[-1.0164855,42.99392856],[-1.06328943,42.99696185],[-1.07434488,42.99888474],[-1.08414357,43.00202589],[-1.08510877,43.00368946],[-1.08488,43.00780378],[-1.08351844,43.01132536]]]]}},{"type":"Feature","properties":{"code":"64317","nom":"Larressore","departement":"64","region":"75"},"geometry":{"type":"MultiPolygon","coordinates":[[[[-1.44307963,43.38778968],[-1.43415108,43.38405905],[-1.42426364,43.3698348],[-1.42557897,43.36922414],[-1.42283631,43.3654214],[-1.41797661,43.36225208],[-1.41856076,43.35256931],[-1.42482254,43.34970113],[-1.42776782,43.34831278],[-1.45462455,43.36183668],[-1.46746525,43.36686],[-1.47133388,43.37246054],[-1.47131594,43.37563121],[-1.46757365,43.37947214],[-1.45956192,43.38421351],[-1.44896138,43.38850302],[-1.44722472,43.38884476],[-1.44307963,43.38778968]]]]}},{"type":"Feature","properties":{"code":"64318","nom":"Larreule","departement":"64","region":"75"},"geometry":{"type":"MultiPolygon","coordinates":[[[[-0.46969269,43.49030867],[-0.45921266,43.48462524],[-0.44773817,43.47692468],[-0.44168353,43.47461005],[-0.44257205,43.46995576],[-0.44443454,43.46686716],[-0.44885859,43.46472723],[-0.45210563,43.46372418],[-0.45893701,43.46367199],[-0.46289352,43.46461904],[-0.47462825,43.45908139],[-0.48742375,43.45669981],[-0.49101774,43.45707124],[-0.49384183,43.46041581],[-0.49183812,43.46206989],[-0.48640372,43.47245363],[-0.48705962,43.47670119],[-0.4904345,43.48401141],[-0.48986008,43.48664967],[-0.47960845,43.49211433],[-0.46969269,43.49030867]]]]}},{"type":"Feature","properties":{"code":"64319","nom":"Larribar-Sorhapuru","departement":"64","region":"75"},"geometry":{"type":"MultiPolygon","coordinates":[[[[-0.98752367,43.30192943],[-0.98896589,43.29297624],[-0.98180307,43.28623216],[-0.98603885,43.27574127],[-0.99150838,43.26555771],[-0.99305587,43.26519424],[-1.00531385,43.27138014],[-1.00823108,43.27722466],[-1.01860421,43.29058501],[-1.02518107,43.29511847],[-1.02986084,43.29502954],[-1.03353275,43.29731366],[-1.03418269,43.29999161],[-1.02995827,43.30291187],[-1.0273399,43.30236459],[-1.02544636,43.30368269],[-1.0101531,43.30582777],[-0.9998003,43.30572248],[-0.99945049,43.30352595],[-0.99653174,43.30401318],[-0.99608649,43.30328385],[-0.99290946,43.3074834],[-0.98452786,43.30568968],[-0.98752367,43.30192943]]]]}},{"type":"Feature","properties":{"code":"64320","nom":"Laruns","departement":"64","region":"75"},"geometry":{"type":"MultiPolygon","coordinates":[[[[-0.50866126,42.92090283],[-0.50768239,42.92484787],[-0.51027285,42.92901295],[-0.50869264,42.92945887],[-0.4944587,42.94959193],[-0.49296355,42.95593468],[-0.49304086,42.9679957],[-0.48795663,42.97276808],[-0.47286403,43.00106785],[-0.44213893,43.00978869],[-0.42943409,43.01736297],[-0.42495679,43.01851298],[-0.41979122,43.01864766],[-0.42057038,43.0178397],[-0.41986149,43.01148702],[-0.41746681,43.00452003],[-0.42024827,43.00235484],[-0.42019147,42.9992744],[-0.41987836,42.99095944],[-0.41412598,42.9856314],[-0.41148865,42.97738676],[-0.41066585,42.97032318],[-0.41222288,42.96393662],[-0.41453632,42.95959909],[-0.40144333,42.94389103],[-0.39065631,42.94141736],[-0.37728869,42.93704626],[-0.36363013,42.93507789],[-0.35202336,42.92921295],[-0.34765695,42.9279243],[-0.33555929,42.92616122],[-0.32687509,42.91686903],[-0.32459077,42.90526044],[-0.31556255,42.89009736],[-0.31566757,42.88480183],[-0.31396294,42.87992043],[-0.31096534,42.87658741],[-0.30793457,42.86751315],[-0.31012411,42.85449874],[-0.31325239,42.84940254],[-0.31895733,42.84326083],[-0.32509312,42.83847078],[-0.33175036,42.83496468],[-0.33757479,42.8372379],[-0.34636477,42.83782257],[-0.35327122,42.83160185],[-0.36534568,42.81586016],[-0.3683027,42.81366305],[-0.38195592,42.80794102],[-0.38318976,42.80662675],[-0.38503067,42.80085803],[-0.39003621,42.80026059],[-0.394133,42.80080413],[-0.40179046,42.80325149],[-0.40756767,42.80747449],[-0.41264477,42.80827598],[-0.42698341,42.80089807],[-0.44181482,42.79535913],[-0.44393238,42.79607413],[-0.45523773,42.80378989],[-0.46355041,42.80511735],[-0.47185805,42.80817426],[-0.48910485,42.81704244],[-0.49468579,42.82124403],[-0.50123057,42.82780994],[-0.49900736,42.84437323],[-0.49936351,42.85062816],[-0.49785903,42.85134242],[-0.49516376,42.85711],[-0.49381093,42.8636007],[-0.49260769,42.87632441],[-0.4902324,42.88573066],[-0.48984075,42.89708875],[-0.49388298,42.90110691],[-0.50521607,42.90878841],[-0.50680817,42.91158633],[-0.50866126,42.92090283]]]]}},{"type":"Feature","properties":{"code":"64321","nom":"Lasclaveries","departement":"64","region":"75"},"geometry":{"type":"MultiPolygon","coordinates":[[[[-0.27355135,43.42262965],[-0.286191,43.41818943],[-0.28744721,43.42004759],[-0.30880927,43.43093509],[-0.3097889,43.43138329],[-0.3085266,43.43437623],[-0.31096366,43.43708774],[-0.29690733,43.44798428],[-0.28571692,43.45255912],[-0.28610932,43.44443869],[-0.28465257,43.43996537],[-0.28278491,43.43580074],[-0.27810373,43.43416418],[-0.27506948,43.43052551],[-0.27355135,43.42262965]]]]}},{"type":"Feature","properties":{"code":"64322","nom":"Lasse","departement":"64","region":"75"},"geometry":{"type":"MultiPolygon","coordinates":[[[[-1.33236977,43.10784404],[-1.33632229,43.11318512],[-1.3262358,43.11747955],[-1.3008953,43.12572968],[-1.29869138,43.12908298],[-1.29932067,43.13354014],[-1.29658169,43.13754352],[-1.28941088,43.14079287],[-1.28459598,43.14568025],[-1.27575473,43.16015576],[-1.27201203,43.1632885],[-1.26292863,43.16651179],[-1.255029,43.16351723],[-1.25242055,43.15648607],[-1.2522617,43.15208939],[-1.25552457,43.14805034],[-1.26213782,43.1424771],[-1.26985814,43.1258054],[-1.27037614,43.1215495],[-1.26998386,43.118271],[-1.27807875,43.11849377],[-1.30381278,43.11548301],[-1.31646995,43.11322886],[-1.32486953,43.11064255],[-1.32874902,43.10846619],[-1.33236977,43.10784404]]]]}},{"type":"Feature","properties":{"code":"64323","nom":"Lasserre","departement":"64","region":"75"},"geometry":{"type":"MultiPolygon","coordinates":[[[[-0.0663749,43.5095174],[-0.08179072,43.49742124],[-0.08997486,43.50510271],[-0.09897314,43.51758298],[-0.09864769,43.51843056],[-0.09706045,43.51887027],[-0.07935077,43.5190036],[-0.07201025,43.52166985],[-0.06548085,43.52303861],[-0.06392433,43.51622161],[-0.06727217,43.51237416],[-0.0663749,43.5095174]]]]}},{"type":"Feature","properties":{"code":"64324","nom":"Lasseube","departement":"64","region":"75"},"geometry":{"type":"MultiPolygon","coordinates":[[[[-0.46807098,43.17316161],[-0.47318627,43.17999986],[-0.47647846,43.18132713],[-0.49841596,43.18188804],[-0.50658104,43.1839827],[-0.51629275,43.18887514],[-0.52535735,43.19710857],[-0.52837692,43.19744202],[-0.52901352,43.19984325],[-0.53639529,43.20912053],[-0.54691064,43.21149274],[-0.54866702,43.21266945],[-0.540639,43.22392006],[-0.53493673,43.22518212],[-0.51686636,43.23382943],[-0.51312256,43.23413055],[-0.50343582,43.2381254],[-0.49875719,43.24157806],[-0.492828,43.25042392],[-0.4876909,43.24729901],[-0.48128669,43.24523041],[-0.46521606,43.24449775],[-0.46147598,43.24483385],[-0.45604908,43.24670137],[-0.4548214,43.24662452],[-0.4375183,43.23095212],[-0.43577911,43.22436729],[-0.4298711,43.21704354],[-0.42253634,43.21016908],[-0.42227774,43.20636792],[-0.44706822,43.19580168],[-0.45589206,43.18850918],[-0.46807098,43.17316161]]]]}},{"type":"Feature","properties":{"code":"64325","nom":"Lasseubetat","departement":"64","region":"75"},"geometry":{"type":"MultiPolygon","coordinates":[[[[-0.45133854,43.16253711],[-0.45152839,43.16240049],[-0.46849757,43.16733978],[-0.46807098,43.17316161],[-0.45589206,43.18850918],[-0.44706822,43.19580168],[-0.42227774,43.20636792],[-0.42188396,43.20101256],[-0.42319906,43.19766209],[-0.43422926,43.18975939],[-0.44451804,43.17815991],[-0.44858893,43.17072357],[-0.45133854,43.16253711]]]]}},{"type":"Feature","properties":{"code":"64326","nom":"Lay-Lamidou","departement":"64","region":"75"},"geometry":{"type":"MultiPolygon","coordinates":[[[[-0.69702701,43.2923159],[-0.69914515,43.29270177],[-0.7081907,43.29168739],[-0.70910186,43.28360428],[-0.71725225,43.28327904],[-0.72853359,43.28625106],[-0.73020209,43.289956],[-0.73044975,43.29723033],[-0.7265048,43.29784919],[-0.71993245,43.29749664],[-0.71312712,43.3045111],[-0.69962077,43.30151359],[-0.67970467,43.29890497],[-0.69702701,43.2923159]]]]}},{"type":"Feature","properties":{"code":"64327","nom":"Lecumberry","departement":"64","region":"75"},"geometry":{"type":"MultiPolygon","coordinates":[[[[-1.10564812,43.16159344],[-1.10067983,43.14402219],[-1.10386508,43.14162672],[-1.11895292,43.14131662],[-1.12279355,43.14037891],[-1.12331831,43.13911499],[-1.12658848,43.13918162],[-1.13820202,43.13433178],[-1.14014763,43.13256463],[-1.14527071,43.11629495],[-1.14296437,43.11065364],[-1.13068986,43.09999128],[-1.10898335,43.08813106],[-1.09851879,43.08064146],[-1.09301416,43.07131525],[-1.09055376,43.06174712],[-1.09576329,43.04903961],[-1.08503587,43.04410165],[-1.07927218,43.04383858],[-1.07268923,43.04201761],[-1.07888492,43.02909555],[-1.08264343,43.01887737],[-1.08351844,43.01132536],[-1.08868871,43.01110272],[-1.09339647,43.01183674],[-1.10576808,43.01658288],[-1.11051649,43.01993621],[-1.11847576,43.02019179],[-1.1335387,43.00988556],[-1.13581968,43.00891886],[-1.14008213,43.00940681],[-1.14255529,43.01049311],[-1.14439554,43.01463426],[-1.14445211,43.02334448],[-1.14557822,43.02487713],[-1.15874957,43.03164548],[-1.1739624,43.03763247],[-1.17149167,43.04423541],[-1.16442964,43.04419835],[-1.15884211,43.04827464],[-1.15794347,43.06833958],[-1.14956732,43.07757571],[-1.14079881,43.08281116],[-1.1346848,43.08286428],[-1.13043051,43.08450919],[-1.13620255,43.09813953],[-1.15094893,43.10697491],[-1.15656142,43.11401424],[-1.16279427,43.11780043],[-1.16154897,43.12616912],[-1.14596647,43.14733104],[-1.12999027,43.15514566],[-1.1236041,43.15862732],[-1.12322738,43.15950279],[-1.10656532,43.16203406],[-1.10564812,43.16159344]]]]}},{"type":"Feature","properties":{"code":"64328","nom":"Ledeuix","departement":"64","region":"75"},"geometry":{"type":"MultiPolygon","coordinates":[[[[-0.64545441,43.21546453],[-0.63777762,43.22188283],[-0.63120885,43.22939967],[-0.6280747,43.23768226],[-0.62256189,43.24095695],[-0.61771524,43.25016927],[-0.61400883,43.2491129],[-0.60392607,43.24826498],[-0.60189732,43.24856231],[-0.59570653,43.25337098],[-0.58903761,43.25435379],[-0.58157983,43.25303196],[-0.58137749,43.24997172],[-0.58377021,43.24748088],[-0.58969276,43.23758438],[-0.59149034,43.23047315],[-0.59424561,43.22801053],[-0.59920215,43.22886193],[-0.60714873,43.21946961],[-0.61667947,43.21105821],[-0.61998941,43.20367248],[-0.62749189,43.20988386],[-0.64057004,43.21245353],[-0.64324645,43.21344824],[-0.64545441,43.21546453]]]]}},{"type":"Feature","properties":{"code":"64329","nom":"Lée","departement":"64","region":"75"},"geometry":{"type":"MultiPolygon","coordinates":[[[[-0.28525473,43.30611052],[-0.27232144,43.29517666],[-0.27770242,43.29371346],[-0.28092873,43.28512717],[-0.28002401,43.28304517],[-0.27878098,43.28266245],[-0.27989291,43.28149878],[-0.28609717,43.28196565],[-0.29643162,43.28310841],[-0.29627621,43.28717999],[-0.28866167,43.2988176],[-0.28525473,43.30611052]]]]}},{"type":"Feature","properties":{"code":"64330","nom":"Lées-Athas","departement":"64","region":"75"},"geometry":{"type":"MultiPolygon","coordinates":[[[[-0.61164568,42.98802611],[-0.6149481,42.98547084],[-0.61544788,42.98469599],[-0.61433666,42.98459383],[-0.61440984,42.98220924],[-0.60978832,42.96896499],[-0.61040598,42.96087521],[-0.61176524,42.95627154],[-0.61495999,42.95378741],[-0.61523581,42.9525898],[-0.61725527,42.9513875],[-0.63348965,42.94702069],[-0.6503088,42.94598317],[-0.65548059,42.94791301],[-0.66702251,42.95719488],[-0.68449559,42.96235259],[-0.6878048,42.95766374],[-0.68830997,42.9542766],[-0.70231943,42.94681558],[-0.72347122,42.93980478],[-0.73074385,42.93868179],[-0.74058346,42.94884165],[-0.72046022,42.95662238],[-0.72410749,42.97261891],[-0.7362095,42.99036942],[-0.73602745,42.99406897],[-0.72331702,42.98649518],[-0.7057742,42.97800552],[-0.69357033,42.97833474],[-0.69101025,42.97966513],[-0.68703973,42.98473064],[-0.68579901,42.99084493],[-0.68306664,42.99663312],[-0.67790358,43.00091266],[-0.67267961,43.0040308],[-0.65936104,43.00511157],[-0.6484661,42.99745021],[-0.6398166,42.99360565],[-0.63308822,42.99274391],[-0.61164568,42.98802611]]]]}},{"type":"Feature","properties":{"code":"64331","nom":"Lembeye","departement":"64","region":"75"},"geometry":{"type":"MultiPolygon","coordinates":[[[[-0.13617738,43.45568592],[-0.13463552,43.45671737],[-0.12968634,43.45773382],[-0.12873494,43.45712653],[-0.11909856,43.45795812],[-0.10663712,43.46381204],[-0.10633309,43.46507137],[-0.09512754,43.46521107],[-0.08198051,43.46178628],[-0.08784739,43.45767655],[-0.09171773,43.45276724],[-0.09069693,43.44649117],[-0.08444835,43.44106459],[-0.08042443,43.43973585],[-0.08398388,43.43638971],[-0.09184183,43.43243733],[-0.09573093,43.433033],[-0.09314001,43.43672823],[-0.09508401,43.43880383],[-0.11754617,43.44464761],[-0.12729554,43.44870636],[-0.13220802,43.44798278],[-0.13617738,43.45568592]]]]}},{"type":"Feature","properties":{"code":"64332","nom":"Lème","departement":"64","region":"75"},"geometry":{"type":"MultiPolygon","coordinates":[[[[-0.34074821,43.49302323],[-0.34550806,43.49115827],[-0.35750665,43.48249721],[-0.36031512,43.48105851],[-0.36460096,43.48022764],[-0.36586465,43.48005603],[-0.36857659,43.48146931],[-0.37703665,43.48769782],[-0.37769758,43.48928374],[-0.37441012,43.49617154],[-0.37813386,43.49838702],[-0.3780903,43.50353667],[-0.36519112,43.51049364],[-0.35819178,43.51227126],[-0.35500883,43.51249496],[-0.34364559,43.49568944],[-0.34074821,43.49302323]]]]}},{"type":"Feature","properties":{"code":"64334","nom":"Léren","departement":"64","region":"75"},"geometry":{"type":"MultiPolygon","coordinates":[[[[-1.06337543,43.49523035],[-1.06892339,43.50828339],[-1.05739302,43.51209307],[-1.04696712,43.51244948],[-1.03607602,43.50858354],[-1.02704588,43.50396548],[-1.0389355,43.49938443],[-1.0515744,43.49581994],[-1.0625925,43.49429124],[-1.06337543,43.49523035]]]]}},{"type":"Feature","properties":{"code":"64335","nom":"Lescar","departement":"64","region":"75"},"geometry":{"type":"MultiPolygon","coordinates":[[[[-0.4005737,43.32943552],[-0.39972447,43.32919481],[-0.40659767,43.32544967],[-0.40895949,43.32336456],[-0.42528437,43.31655267],[-0.43148824,43.31323589],[-0.43520474,43.31000775],[-0.4358782,43.30930832],[-0.44170914,43.31085608],[-0.44980818,43.31498025],[-0.45364355,43.31850273],[-0.45889555,43.32482428],[-0.46484079,43.32960886],[-0.47201101,43.33394772],[-0.47631893,43.33481058],[-0.47450786,43.33769176],[-0.47179249,43.33975731],[-0.46280286,43.34398963],[-0.45759387,43.34452462],[-0.4548936,43.34560234],[-0.42955626,43.36856015],[-0.42915944,43.37261131],[-0.42815369,43.3730511],[-0.41930398,43.36788972],[-0.3969926,43.35990432],[-0.39082287,43.35580825],[-0.38624157,43.35478844],[-0.38424638,43.35512643],[-0.38956701,43.34883326],[-0.39504503,43.3385739],[-0.39636577,43.3359509],[-0.39642608,43.33590669],[-0.4005737,43.32943552]]]]}},{"type":"Feature","properties":{"code":"64336","nom":"Lescun","departement":"64","region":"75"},"geometry":{"type":"MultiPolygon","coordinates":[[[[-0.73074385,42.93868179],[-0.72347122,42.93980478],[-0.70231943,42.94681558],[-0.68830997,42.9542766],[-0.6878048,42.95766374],[-0.68449559,42.96235259],[-0.66702251,42.95719488],[-0.65548059,42.94791301],[-0.6503088,42.94598317],[-0.63348965,42.94702069],[-0.61725527,42.9513875],[-0.61523581,42.9525898],[-0.61305052,42.94271829],[-0.62209141,42.92663976],[-0.63048529,42.91603508],[-0.64346036,42.88853651],[-0.65138638,42.8803515],[-0.66270685,42.87073664],[-0.66602146,42.8743269],[-0.67608275,42.88210083],[-0.68252207,42.88320696],[-0.70002659,42.88058191],[-0.71879714,42.88711426],[-0.73033914,42.89624922],[-0.73238593,42.89917235],[-0.7332383,42.90863071],[-0.72957905,42.91688115],[-0.72756826,42.92588363],[-0.73074385,42.93868179]]]]}},{"type":"Feature","properties":{"code":"64337","nom":"Lespielle","departement":"64","region":"75"},"geometry":{"type":"MultiPolygon","coordinates":[[[[-0.17236914,43.46007417],[-0.17746539,43.47261788],[-0.16375952,43.47594791],[-0.15152587,43.48364896],[-0.14853063,43.48294456],[-0.13266728,43.47474061],[-0.13160531,43.47344863],[-0.13515024,43.46735763],[-0.14235715,43.4616772],[-0.14656243,43.45921684],[-0.16034203,43.45379967],[-0.16401084,43.4537421],[-0.167527,43.45510879],[-0.17176903,43.45836027],[-0.17236914,43.46007417]]]]}},{"type":"Feature","properties":{"code":"64338","nom":"Lespourcy","departement":"64","region":"75"},"geometry":{"type":"MultiPolygon","coordinates":[[[[-0.17603719,43.36023457],[-0.17917223,43.36228347],[-0.18114606,43.36767881],[-0.18023238,43.37059758],[-0.17646954,43.3680053],[-0.17159305,43.36669614],[-0.16717246,43.37207823],[-0.16591654,43.37148115],[-0.16161169,43.36990721],[-0.13454002,43.36694245],[-0.13162714,43.36713755],[-0.1344352,43.36413288],[-0.13769805,43.35831586],[-0.13891226,43.34745165],[-0.13923164,43.34557064],[-0.1427181,43.34530461],[-0.15450032,43.34665684],[-0.1593273,43.34941856],[-0.17603719,43.36023457]]]]}},{"type":"Feature","properties":{"code":"64339","nom":"Lestelle-Bétharram","departement":"64","region":"75"},"geometry":{"type":"MultiPolygon","coordinates":[[[[-0.21446692,43.14600343],[-0.20631027,43.12688869],[-0.19403932,43.11510801],[-0.19094409,43.11134432],[-0.19190172,43.10478797],[-0.19437825,43.10551929],[-0.21531197,43.10414206],[-0.22365333,43.10598923],[-0.22753841,43.10764713],[-0.22508888,43.11027341],[-0.22627836,43.11965642],[-0.22977865,43.13372149],[-0.22473452,43.14156928],[-0.21641746,43.14449231],[-0.21446692,43.14600343]]]]}},{"type":"Feature","properties":{"code":"64340","nom":"Lichans-Sunhar","departement":"64","region":"75"},"geometry":{"type":"MultiPolygon","coordinates":[[[[-0.89843896,43.08899704],[-0.89750928,43.09195646],[-0.89103204,43.09884915],[-0.88306807,43.10104935],[-0.87942996,43.10265282],[-0.86517989,43.09689061],[-0.86949419,43.09103279],[-0.87172753,43.0862555],[-0.87924039,43.08625607],[-0.88077193,43.08348407],[-0.88049399,43.08221629],[-0.88524766,43.08633929],[-0.89017209,43.08855228],[-0.89599022,43.08708206],[-0.89843896,43.08899704]]]]}},{"type":"Feature","properties":{"code":"64341","nom":"Lichos","departement":"64","region":"75"},"geometry":{"type":"MultiPolygon","coordinates":[[[[-0.87146919,43.29731361],[-0.87338001,43.29851772],[-0.87579322,43.29849961],[-0.88670346,43.30421677],[-0.89243885,43.30946831],[-0.8982903,43.31246373],[-0.89761288,43.31506679],[-0.8792262,43.3194374],[-0.87365167,43.31855568],[-0.87238582,43.31871723],[-0.87250674,43.31948837],[-0.87102308,43.3182815],[-0.86685418,43.30435805],[-0.87146919,43.29731361]]]]}},{"type":"Feature","properties":{"code":"64342","nom":"Licq-Athérey","departement":"64","region":"75"},"geometry":{"type":"MultiPolygon","coordinates":[[[[-0.86355218,43.08373071],[-0.86211287,43.06931614],[-0.85224711,43.06279467],[-0.85047191,43.05708355],[-0.849103,43.04579131],[-0.85226375,43.03434783],[-0.86072883,43.04294797],[-0.86609636,43.04333689],[-0.88173575,43.03621739],[-0.89780976,43.03019364],[-0.90490939,43.03863916],[-0.91912966,43.04786163],[-0.91155182,43.04632025],[-0.90987402,43.04700078],[-0.90729537,43.05145102],[-0.88399812,43.07141185],[-0.88049399,43.08221629],[-0.88077193,43.08348407],[-0.87924039,43.08625607],[-0.87172753,43.0862555],[-0.86355218,43.08373071]]]]}},{"type":"Feature","properties":{"code":"64343","nom":"Limendous","departement":"64","region":"75"},"geometry":{"type":"MultiPolygon","coordinates":[[[[-0.20536624,43.28086401],[-0.19806935,43.28809448],[-0.19500571,43.29583586],[-0.19280822,43.29621773],[-0.18418072,43.29493372],[-0.18181482,43.2952573],[-0.17406194,43.28361506],[-0.16384714,43.27143873],[-0.16060047,43.26927592],[-0.16644064,43.26100606],[-0.16941207,43.26092159],[-0.17582971,43.26255248],[-0.19437606,43.27175097],[-0.19721949,43.27203685],[-0.19646529,43.27407852],[-0.20536624,43.28086401]]]]}},{"type":"Feature","properties":{"code":"64344","nom":"Livron","departement":"64","region":"75"},"geometry":{"type":"MultiPolygon","coordinates":[[[[-0.12414243,43.24637226],[-0.12202202,43.24362217],[-0.11483604,43.24228676],[-0.10495392,43.24305936],[-0.10228873,43.22786743],[-0.10648055,43.22818796],[-0.12220268,43.22511556],[-0.12917515,43.22170884],[-0.13654778,43.22092407],[-0.14764491,43.22176225],[-0.15146258,43.22616638],[-0.15502436,43.22972986],[-0.14786788,43.23557789],[-0.12414243,43.24637226]]]]}},{"type":"Feature","properties":{"code":"64345","nom":"Lohitzun-Oyhercq","departement":"64","region":"75"},"geometry":{"type":"MultiPolygon","coordinates":[[[[-0.9603328,43.28709097],[-0.95798988,43.28654728],[-0.95688845,43.29013275],[-0.94891907,43.29188804],[-0.94056737,43.29000621],[-0.93941735,43.287973],[-0.93359402,43.28161124],[-0.93525212,43.27572439],[-0.93487968,43.27035829],[-0.93106522,43.26533736],[-0.93153856,43.26441676],[-0.93685876,43.26255487],[-0.94056897,43.26260144],[-0.95231564,43.26823893],[-0.95684705,43.26521332],[-0.95796772,43.25859374],[-0.96749182,43.24959498],[-0.9700703,43.24524001],[-0.97465044,43.24086891],[-0.97952744,43.24007852],[-0.98827399,43.24408336],[-0.98978604,43.24626115],[-0.98898913,43.24669231],[-0.98779053,43.25259372],[-0.98989332,43.26097345],[-0.99305587,43.26519424],[-0.99150838,43.26555771],[-0.98603885,43.27574127],[-0.98180307,43.28623216],[-0.98896589,43.29297624],[-0.98752367,43.30192943],[-0.97723111,43.29276769],[-0.9603328,43.28709097]]]]}},{"type":"Feature","properties":{"code":"64346","nom":"Lombia","departement":"64","region":"75"},"geometry":{"type":"MultiPolygon","coordinates":[[[[-0.13844863,43.3127271],[-0.14165,43.31262779],[-0.14291866,43.31486594],[-0.14534639,43.31574782],[-0.1514018,43.31597836],[-0.15275967,43.32143868],[-0.15507348,43.32239391],[-0.15420887,43.32351661],[-0.15327433,43.32554794],[-0.15396676,43.32963673],[-0.14621174,43.33184606],[-0.13917416,43.34216194],[-0.13923164,43.34557064],[-0.13891226,43.34745165],[-0.13337347,43.3441461],[-0.11958037,43.34238147],[-0.11563558,43.34361337],[-0.11071544,43.34291415],[-0.10911587,43.34116046],[-0.10857393,43.3379296],[-0.11543412,43.33211163],[-0.11506127,43.32218232],[-0.11932452,43.31977626],[-0.1317194,43.31973656],[-0.1381208,43.3154915],[-0.13844863,43.3127271]]]]}},{"type":"Feature","properties":{"code":"64347","nom":"Lonçon","departement":"64","region":"75"},"geometry":{"type":"MultiPolygon","coordinates":[[[[-0.41190231,43.48423475],[-0.41294958,43.48393882],[-0.41286747,43.48222319],[-0.40882922,43.46664427],[-0.40192491,43.46018307],[-0.39759202,43.45834424],[-0.40031605,43.45735286],[-0.40573453,43.45512588],[-0.40709527,43.45706151],[-0.4248984,43.46463001],[-0.44158328,43.46841394],[-0.44257205,43.46995576],[-0.44168353,43.47461005],[-0.43493714,43.47407757],[-0.42171685,43.48483036],[-0.41433535,43.4873208],[-0.41190231,43.48423475]]]]}},{"type":"Feature","properties":{"code":"64348","nom":"Lons","departement":"64","region":"75"},"geometry":{"type":"MultiPolygon","coordinates":[[[[-0.40971416,43.30010648],[-0.41310508,43.29599622],[-0.41330676,43.29707033],[-0.41617205,43.29896967],[-0.42098115,43.29936405],[-0.43027874,43.30221892],[-0.43520474,43.31000775],[-0.43148824,43.31323589],[-0.42528437,43.31655267],[-0.40895949,43.32336456],[-0.40659767,43.32544967],[-0.39972447,43.32919481],[-0.4005737,43.32943552],[-0.39642608,43.33590669],[-0.39636577,43.3359509],[-0.39504503,43.3385739],[-0.38956701,43.34883326],[-0.38424638,43.35512643],[-0.38004547,43.35511824],[-0.37992156,43.34701557],[-0.37962502,43.32745519],[-0.37901717,43.3208769],[-0.37874535,43.31945916],[-0.38313628,43.32047973],[-0.38661097,43.31549791],[-0.38714911,43.31542252],[-0.38925939,43.31534556],[-0.40360874,43.3061093],[-0.40569278,43.30478036],[-0.41090729,43.30004001],[-0.40971416,43.30010648]]]]}},{"type":"Feature","properties":{"code":"64349","nom":"Loubieng","departement":"64","region":"75"},"geometry":{"type":"MultiPolygon","coordinates":[[[[-0.78104354,43.44298812],[-0.77845737,43.4430982],[-0.77524675,43.44501247],[-0.7672275,43.4471976],[-0.75851235,43.44519557],[-0.74125995,43.44072307],[-0.73235993,43.436299],[-0.72636067,43.43055948],[-0.72486773,43.42128638],[-0.7256252,43.41962744],[-0.72456691,43.41715645],[-0.72397544,43.41609332],[-0.72216332,43.41560265],[-0.72523736,43.41251396],[-0.72857698,43.40245406],[-0.73128427,43.39827814],[-0.73783308,43.39229073],[-0.74289386,43.39183028],[-0.75012214,43.39811778],[-0.76476077,43.40275492],[-0.77843062,43.4049994],[-0.7868958,43.40733798],[-0.79387724,43.40983423],[-0.79525196,43.41198279],[-0.79269424,43.41270924],[-0.78941473,43.41500826],[-0.78432699,43.4246074],[-0.7845158,43.42907271],[-0.7889158,43.4350246],[-0.78906081,43.43677499],[-0.78707243,43.44128408],[-0.78637033,43.44197875],[-0.78104354,43.44298812]]]]}},{"type":"Feature","properties":{"code":"64350","nom":"Louhossoa","departement":"64","region":"75"},"geometry":{"type":"MultiPolygon","coordinates":[[[[-1.36397529,43.33509689],[-1.36309252,43.33287832],[-1.35108074,43.32506845],[-1.34889295,43.32078964],[-1.32577953,43.31305058],[-1.32130884,43.30320676],[-1.32182737,43.30220942],[-1.32931451,43.29931312],[-1.35196481,43.30330658],[-1.3604193,43.30147274],[-1.36194149,43.30055988],[-1.36323763,43.30088142],[-1.36558347,43.30453906],[-1.36556697,43.31361679],[-1.36836046,43.33153027],[-1.36624887,43.33407165],[-1.36397529,43.33509689]]]]}},{"type":"Feature","properties":{"code":"64351","nom":"Lourdios-Ichère","departement":"64","region":"75"},"geometry":{"type":"MultiPolygon","coordinates":[[[[-0.68793724,43.0338491],[-0.68039904,43.04207361],[-0.67719647,43.04813989],[-0.67609679,43.05067597],[-0.67713276,43.05940561],[-0.67647571,43.05971257],[-0.67269579,43.06426965],[-0.66630198,43.06499007],[-0.65900092,43.06490092],[-0.6410525,43.06116728],[-0.64535317,43.045976],[-0.64056476,43.04203891],[-0.61889743,43.0361292],[-0.62117932,43.03277885],[-0.63343532,43.01997986],[-0.63536896,43.01921586],[-0.64306471,43.02042565],[-0.65103047,43.02332374],[-0.6528043,43.02475445],[-0.67592879,43.02884008],[-0.68944045,43.03357516],[-0.68793724,43.0338491]]]]}},{"type":"Feature","properties":{"code":"64352","nom":"Lourenties","departement":"64","region":"75"},"geometry":{"type":"MultiPolygon","coordinates":[[[[-0.16060047,43.26927592],[-0.16384714,43.27143873],[-0.17406194,43.28361506],[-0.18181482,43.2952573],[-0.18338696,43.29901834],[-0.18210083,43.30327412],[-0.17972651,43.30309373],[-0.17115985,43.30498941],[-0.16725001,43.30555872],[-0.16485763,43.30473572],[-0.15876333,43.30026675],[-0.14735391,43.29150686],[-0.13770941,43.28660543],[-0.13745403,43.28560365],[-0.13495651,43.2834579],[-0.13560064,43.28215993],[-0.13724922,43.28190771],[-0.14053502,43.27178421],[-0.16056702,43.27014926],[-0.16060047,43.26927592]]]]}},{"type":"Feature","properties":{"code":"64353","nom":"Louvie-Juzon","departement":"64","region":"75"},"geometry":{"type":"MultiPolygon","coordinates":[[[[-0.42006085,43.07840245],[-0.42418416,43.09571567],[-0.41552411,43.10194504],[-0.41566296,43.10269416],[-0.4123233,43.10243903],[-0.41275326,43.09833731],[-0.41121512,43.09567086],[-0.4099251,43.09435593],[-0.40684129,43.09334713],[-0.38362558,43.09701665],[-0.37836426,43.09977454],[-0.37121085,43.10532095],[-0.35560115,43.10676088],[-0.35208031,43.10784998],[-0.35218126,43.11054485],[-0.33943026,43.11459949],[-0.32828512,43.11543416],[-0.31540608,43.10958736],[-0.3072198,43.10989574],[-0.30358511,43.10556922],[-0.30730152,43.10372045],[-0.30909856,43.10240495],[-0.30984763,43.10048879],[-0.30876026,43.09687905],[-0.30064784,43.09507103],[-0.30208369,43.08818457],[-0.29672123,43.08527472],[-0.29161838,43.07606168],[-0.29650826,43.07069817],[-0.30028474,43.06261944],[-0.30283388,43.0557665],[-0.30190238,43.04912211],[-0.27658409,43.04045431],[-0.27537946,43.0417422],[-0.26855025,43.04452881],[-0.26659419,43.04433707],[-0.26236293,43.04244912],[-0.26054924,43.04001159],[-0.26066245,43.03862284],[-0.26044443,43.03802005],[-0.27414856,43.03512486],[-0.28166237,43.03069403],[-0.2880611,43.02334787],[-0.29350173,43.02271514],[-0.30414643,43.02476956],[-0.31800296,43.02513515],[-0.32572729,43.02399913],[-0.34187854,43.02575164],[-0.34222568,43.02708931],[-0.3393178,43.0363218],[-0.33248297,43.04106073],[-0.331503,43.04507977],[-0.33178351,43.04948378],[-0.34236823,43.0583789],[-0.3552881,43.06348791],[-0.36174541,43.07021895],[-0.36566316,43.07597405],[-0.36787821,43.07744595],[-0.37355483,43.07794068],[-0.3964872,43.07563246],[-0.41972743,43.07704196],[-0.42006085,43.07840245]]]]}},{"type":"Feature","properties":{"code":"64354","nom":"Louvie-Soubiron","departement":"64","region":"75"},"geometry":{"type":"MultiPolygon","coordinates":[[[[-0.37129428,43.02621455],[-0.34187854,43.02575164],[-0.32572729,43.02399913],[-0.31800296,43.02513515],[-0.30414643,43.02476956],[-0.29350173,43.02271514],[-0.2880611,43.02334787],[-0.28166237,43.03069403],[-0.27414856,43.03512486],[-0.26044443,43.03802005],[-0.2594812,43.03719321],[-0.25696136,43.02915659],[-0.25592409,43.02290778],[-0.2590223,43.01629073],[-0.26478296,43.01011488],[-0.26759842,43.00832003],[-0.27637077,43.00598462],[-0.287576,43.00551299],[-0.28894619,43.0055818],[-0.29846158,43.01071546],[-0.31174934,43.01348548],[-0.32085696,43.01232607],[-0.32490445,43.01105871],[-0.32688584,43.00818355],[-0.33586491,43.00500238],[-0.34897299,43.00605227],[-0.35728928,43.00455881],[-0.3661299,43.00078256],[-0.37595222,42.99522662],[-0.38465308,42.99327873],[-0.38942847,42.99292753],[-0.3974578,42.99359225],[-0.40846687,42.99575076],[-0.42019147,42.9992744],[-0.42024827,43.00235484],[-0.41746681,43.00452003],[-0.41150632,43.00902483],[-0.40358405,43.01011756],[-0.39576759,43.00697369],[-0.39134477,43.00603396],[-0.38501838,43.00546906],[-0.38080363,43.00689071],[-0.3715933,43.01797031],[-0.37539052,43.02338463],[-0.37520608,43.02598745],[-0.37129428,43.02621455]]]]}},{"type":"Feature","properties":{"code":"64355","nom":"Louvigny","departement":"64","region":"75"},"geometry":{"type":"MultiPolygon","coordinates":[[[[-0.46200231,43.49370925],[-0.45955167,43.50627833],[-0.45936854,43.52197307],[-0.43999765,43.51686977],[-0.43058371,43.51392058],[-0.4262615,43.5071599],[-0.42738336,43.50609691],[-0.4257591,43.50303053],[-0.42204856,43.50024346],[-0.42338573,43.499805],[-0.42631857,43.50056696],[-0.44169761,43.49111569],[-0.44398823,43.49055573],[-0.45539928,43.48978189],[-0.46200231,43.49370925]]]]}},{"type":"Feature","properties":{"code":"64356","nom":"Luc-Armau","departement":"64","region":"75"},"geometry":{"type":"MultiPolygon","coordinates":[[[[-0.0668244,43.44369886],[-0.06560434,43.44123314],[-0.06661496,43.43960913],[-0.05442507,43.42346945],[-0.05390255,43.4190483],[-0.06526962,43.41244463],[-0.06713781,43.41039931],[-0.06908399,43.41049001],[-0.06935915,43.4115968],[-0.071087,43.41319539],[-0.07375698,43.41337801],[-0.07767762,43.41507629],[-0.07694317,43.41536096],[-0.09184183,43.43243733],[-0.08398388,43.43638971],[-0.08042443,43.43973585],[-0.0668244,43.44369886]]]]}},{"type":"Feature","properties":{"code":"64357","nom":"Lucarré","departement":"64","region":"75"},"geometry":{"type":"MultiPolygon","coordinates":[[[[-0.10449535,43.40126564],[-0.07767762,43.41507629],[-0.07375698,43.41337801],[-0.071087,43.41319539],[-0.06935915,43.4115968],[-0.07377243,43.40936753],[-0.07900607,43.39849777],[-0.08573254,43.38955962],[-0.08909006,43.38923065],[-0.10328118,43.39938095],[-0.10449535,43.40126564]]]]}},{"type":"Feature","properties":{"code":"64358","nom":"Lucgarier","departement":"64","region":"75"},"geometry":{"type":"MultiPolygon","coordinates":[[[[-0.1899025,43.21480036],[-0.19496806,43.21667964],[-0.2054749,43.22643105],[-0.21421428,43.23449494],[-0.20750858,43.24049483],[-0.20237718,43.24315442],[-0.19558769,43.24423517],[-0.18177461,43.24453154],[-0.17756759,43.23386053],[-0.1855392,43.22434669],[-0.1899025,43.21480036]]]]}},{"type":"Feature","properties":{"code":"64359","nom":"Lucq-de-Béarn","departement":"64","region":"75"},"geometry":{"type":"MultiPolygon","coordinates":[[[[-0.6280747,43.23768226],[-0.64390006,43.24382618],[-0.6452041,43.24530127],[-0.64463662,43.24643794],[-0.64415829,43.25111142],[-0.64495119,43.25667941],[-0.65271272,43.26404613],[-0.65431795,43.26897972],[-0.65901696,43.27335197],[-0.66993993,43.2781548],[-0.67360574,43.27854617],[-0.68776623,43.27677129],[-0.68384257,43.28297299],[-0.68425045,43.28397398],[-0.68540245,43.28554664],[-0.69702701,43.2923159],[-0.67970467,43.29890497],[-0.67401871,43.30119495],[-0.67138874,43.30986654],[-0.67364709,43.31316053],[-0.67709183,43.31532807],[-0.68001678,43.32012843],[-0.68545588,43.33182693],[-0.68453152,43.33390454],[-0.68366166,43.33708618],[-0.68575181,43.34370081],[-0.68496271,43.35161679],[-0.68376776,43.35340553],[-0.67682231,43.35485951],[-0.67415895,43.35603884],[-0.67420067,43.35663451],[-0.65840075,43.3552988],[-0.65845827,43.3416947],[-0.65743323,43.34028129],[-0.6557757,43.33939897],[-0.65292675,43.33920349],[-0.63167249,43.34017083],[-0.62993504,43.33912962],[-0.63267232,43.32016687],[-0.63137266,43.30068265],[-0.62880776,43.29868053],[-0.61678682,43.30017505],[-0.61245321,43.2974051],[-0.60707168,43.29214588],[-0.60551337,43.28918844],[-0.60243583,43.27637628],[-0.60513235,43.26726974],[-0.60874989,43.2611607],[-0.61771524,43.25016927],[-0.62256189,43.24095695],[-0.6280747,43.23768226]]]]}},{"type":"Feature","properties":{"code":"64360","nom":"Lurbe-Saint-Christau","departement":"64","region":"75"},"geometry":{"type":"MultiPolygon","coordinates":[[[[-0.59302166,43.12480938],[-0.59025684,43.11037777],[-0.58470715,43.09727703],[-0.57799265,43.09695655],[-0.59801032,43.09273133],[-0.60194027,43.09280881],[-0.61495548,43.09809801],[-0.61815095,43.09746577],[-0.61826643,43.09685685],[-0.62068588,43.09776412],[-0.62139564,43.09881709],[-0.62447352,43.10832501],[-0.6220178,43.11237829],[-0.61724935,43.1138693],[-0.61010862,43.11795708],[-0.60664203,43.12084276],[-0.60181171,43.12682171],[-0.59302166,43.12480938]]]]}},{"type":"Feature","properties":{"code":"64361","nom":"Lussagnet-Lusson","departement":"64","region":"75"},"geometry":{"type":"MultiPolygon","coordinates":[[[[-0.21028715,43.42613381],[-0.21596501,43.443281],[-0.21210668,43.44811994],[-0.20378062,43.45483777],[-0.20341619,43.45774698],[-0.20440678,43.46030637],[-0.19989059,43.46049388],[-0.19775964,43.46431783],[-0.18352558,43.44453015],[-0.18275785,43.43887573],[-0.18613858,43.43684678],[-0.18613106,43.43274122],[-0.18498321,43.43115609],[-0.21028715,43.42613381]]]]}},{"type":"Feature","properties":{"code":"64362","nom":"Luxe-Sumberraute","departement":"64","region":"75"},"geometry":{"type":"MultiPolygon","coordinates":[[[[-1.05598795,43.36532357],[-1.0552174,43.36465616],[-1.05494101,43.35438845],[-1.06190291,43.35074373],[-1.06841487,43.33435039],[-1.06793443,43.32983753],[-1.06527391,43.32763255],[-1.06379825,43.32761598],[-1.06243309,43.32743401],[-1.06329288,43.32627662],[-1.07270499,43.32964794],[-1.08510366,43.32994475],[-1.08908919,43.32837887],[-1.09247172,43.32827965],[-1.10085146,43.32949515],[-1.09963141,43.33164932],[-1.08996069,43.33823575],[-1.07782168,43.35776976],[-1.07699635,43.36108973],[-1.07985322,43.37047835],[-1.07971699,43.3717095],[-1.07749855,43.37136888],[-1.07428842,43.37121783],[-1.07121208,43.37231196],[-1.05598795,43.36532357]]]]}},{"type":"Feature","properties":{"code":"64364","nom":"Macaye","departement":"64","region":"75"},"geometry":{"type":"MultiPolygon","coordinates":[[[[-1.32765476,43.34682918],[-1.32180053,43.34551108],[-1.3118988,43.33941258],[-1.30220686,43.32961744],[-1.29664361,43.32080349],[-1.29849889,43.30651153],[-1.28870822,43.29467104],[-1.29288243,43.29037371],[-1.32848632,43.29860035],[-1.32931451,43.29931312],[-1.32182737,43.30220942],[-1.32130884,43.30320676],[-1.32577953,43.31305058],[-1.34889295,43.32078964],[-1.35108074,43.32506845],[-1.36309252,43.33287832],[-1.36397529,43.33509689],[-1.3515739,43.34389303],[-1.34717106,43.34605773],[-1.32765476,43.34682918]]]]}},{"type":"Feature","properties":{"code":"64365","nom":"Malaussanne","departement":"64","region":"75"},"geometry":{"type":"MultiPolygon","coordinates":[[[[-0.43159688,43.58370795],[-0.45825218,43.5653947],[-0.45931277,43.56049133],[-0.45196753,43.55023689],[-0.46640371,43.55158772],[-0.4779618,43.55163301],[-0.48126991,43.55060379],[-0.47702543,43.54365755],[-0.49111967,43.55253072],[-0.50193802,43.55751375],[-0.50507613,43.56582699],[-0.50726982,43.5684436],[-0.50758282,43.56898467],[-0.49779291,43.57543122],[-0.48454597,43.58039647],[-0.47185515,43.58746234],[-0.4647801,43.58953014],[-0.46399876,43.58923085],[-0.44898777,43.59619773],[-0.44140159,43.59347451],[-0.44221159,43.59132068],[-0.44072722,43.59026808],[-0.43675071,43.59003469],[-0.43162711,43.58485526],[-0.43159688,43.58370795]]]]}},{"type":"Feature","properties":{"code":"64366","nom":"Mascaraàs-Haron","departement":"64","region":"75"},"geometry":{"type":"MultiPolygon","coordinates":[[[[-0.19907225,43.53261965],[-0.19807998,43.53140357],[-0.20035407,43.53001463],[-0.20106188,43.52437398],[-0.20433228,43.52430262],[-0.20746517,43.52666557],[-0.22343879,43.52544282],[-0.22841689,43.52417998],[-0.23012381,43.52904933],[-0.2381241,43.53621091],[-0.24029633,43.54502663],[-0.23595859,43.5453569],[-0.23078353,43.54829723],[-0.2250335,43.55247184],[-0.22013425,43.55820846],[-0.21123782,43.55889801],[-0.20871258,43.55809203],[-0.20695355,43.55683743],[-0.20515052,43.5538624],[-0.20292365,43.54322154],[-0.19907225,43.53261965]]]]}},{"type":"Feature","properties":{"code":"64367","nom":"Maslacq","departement":"64","region":"75"},"geometry":{"type":"MultiPolygon","coordinates":[[[[-0.68373851,43.44639407],[-0.68781134,43.43482808],[-0.68192973,43.42874812],[-0.67749535,43.41527146],[-0.67680064,43.41219243],[-0.67910604,43.41385589],[-0.68458559,43.40778663],[-0.69220827,43.40117836],[-0.69504176,43.40348631],[-0.70058953,43.40320398],[-0.70696282,43.40473038],[-0.71325766,43.40842333],[-0.72216332,43.41560265],[-0.72397544,43.41609332],[-0.72456691,43.41715645],[-0.7256252,43.41962744],[-0.72486773,43.42128638],[-0.71706916,43.42026472],[-0.71233046,43.4251242],[-0.7085949,43.43142797],[-0.71597554,43.44355623],[-0.70866387,43.44945581],[-0.69471483,43.45752151],[-0.68373851,43.44639407]]]]}},{"type":"Feature","properties":{"code":"64368","nom":"Masparraute","departement":"64","region":"75"},"geometry":{"type":"MultiPolygon","coordinates":[[[[-1.08413144,43.41580271],[-1.07934319,43.41472842],[-1.08014687,43.41361981],[-1.0793064,43.40678797],[-1.06770688,43.39529403],[-1.0704016,43.38983547],[-1.08138048,43.37582113],[-1.08213952,43.37490968],[-1.09783863,43.37433219],[-1.10216879,43.3860861],[-1.10280745,43.39069491],[-1.1004641,43.39585912],[-1.08763787,43.41043729],[-1.08413144,43.41580271]]]]}},{"type":"Feature","properties":{"code":"64369","nom":"Maspie-Lalonquère-Juillacq","departement":"64","region":"75"},"geometry":{"type":"MultiPolygon","coordinates":[[[[-0.13058017,43.41633614],[-0.1326212,43.41584853],[-0.14257497,43.40994724],[-0.14829638,43.4057438],[-0.14881086,43.40363642],[-0.14992743,43.40343826],[-0.15589611,43.40745737],[-0.16165134,43.41238638],[-0.16865787,43.42386925],[-0.16791206,43.4282489],[-0.1584813,43.43986194],[-0.13220802,43.44798278],[-0.13029292,43.43800171],[-0.13388342,43.42770573],[-0.13141302,43.42163045],[-0.12881901,43.41867755],[-0.13058017,43.41633614]]]]}},{"type":"Feature","properties":{"code":"64370","nom":"Maucor","departement":"64","region":"75"},"geometry":{"type":"MultiPolygon","coordinates":[[[[-0.27192464,43.36794955],[-0.26956826,43.36172802],[-0.26938033,43.35376716],[-0.27071643,43.35080954],[-0.27637059,43.34477425],[-0.27653567,43.34552916],[-0.28720361,43.34890414],[-0.29701991,43.35311353],[-0.30899586,43.36123038],[-0.29337628,43.36243373],[-0.28701908,43.3658397],[-0.27192464,43.36794955]]]]}},{"type":"Feature","properties":{"code":"64371","nom":"Mauléon-Licharre","departement":"64","region":"75"},"geometry":{"type":"MultiPolygon","coordinates":[[[[-0.89551229,43.2108372],[-0.89852586,43.21343553],[-0.90618524,43.21568194],[-0.91437826,43.21994026],[-0.91888136,43.2254651],[-0.92375782,43.22853462],[-0.92259973,43.23463436],[-0.91933526,43.23153053],[-0.90335627,43.23213046],[-0.89158134,43.23344828],[-0.88407156,43.233047],[-0.87713501,43.23090985],[-0.8776881,43.22926169],[-0.86854116,43.2187793],[-0.86123844,43.21542238],[-0.84729715,43.20213905],[-0.84616378,43.20229294],[-0.85273226,43.19290066],[-0.85487451,43.19252241],[-0.86044872,43.19682583],[-0.88219723,43.20803188],[-0.89551229,43.2108372]]]]}},{"type":"Feature","properties":{"code":"64372","nom":"Maure","departement":"64","region":"75"},"geometry":{"type":"MultiPolygon","coordinates":[[[[-0.06378374,43.38022769],[-0.07459255,43.36733221],[-0.07837799,43.36519799],[-0.07866096,43.36520524],[-0.08272882,43.36653077],[-0.09301405,43.37405903],[-0.09060486,43.37893193],[-0.09121984,43.38318994],[-0.0881049,43.38504259],[-0.08785378,43.38461851],[-0.07223993,43.3896401],[-0.06431353,43.38728186],[-0.06320948,43.38154398],[-0.06378374,43.38022769]]]]}},{"type":"Feature","properties":{"code":"64373","nom":"Mazères-Lezons","departement":"64","region":"75"},"geometry":{"type":"MultiPolygon","coordinates":[[[[-0.36024292,43.28698739],[-0.33847332,43.28011015],[-0.33850904,43.27664087],[-0.34422677,43.27468668],[-0.35115174,43.27008369],[-0.35137855,43.26506078],[-0.35788209,43.25858058],[-0.36537017,43.25316591],[-0.36632282,43.25788108],[-0.3650204,43.26256301],[-0.36456432,43.27210393],[-0.36284629,43.28031656],[-0.3605669,43.28391875],[-0.36024292,43.28698739]]]]}},{"type":"Feature","properties":{"code":"64374","nom":"Mazerolles","departement":"64","region":"75"},"geometry":{"type":"MultiPolygon","coordinates":[[[[-0.49293326,43.42975811],[-0.49413067,43.42933225],[-0.50270735,43.4323367],[-0.50562201,43.43754029],[-0.49903167,43.44268302],[-0.50032257,43.45119924],[-0.50173492,43.45228648],[-0.49787041,43.45439347],[-0.49448842,43.4604769],[-0.49384183,43.46041581],[-0.49101774,43.45707124],[-0.48742375,43.45669981],[-0.47462825,43.45908139],[-0.46289352,43.46461904],[-0.45893701,43.46367199],[-0.46005979,43.46186747],[-0.46349061,43.43698056],[-0.46140549,43.42775655],[-0.4606817,43.42153911],[-0.4613196,43.41943133],[-0.46649265,43.41984844],[-0.47380047,43.42247244],[-0.474558,43.42335496],[-0.47759842,43.42911526],[-0.4807556,43.4305267],[-0.48427769,43.43149315],[-0.48971225,43.43151446],[-0.49293326,43.42975811]]]]}},{"type":"Feature","properties":{"code":"64375","nom":"Méharin","departement":"64","region":"75"},"geometry":{"type":"MultiPolygon","coordinates":[[[[-1.13253615,43.33598117],[-1.13377679,43.33435278],[-1.13500747,43.32913227],[-1.13352782,43.32522798],[-1.12982926,43.32108963],[-1.12872704,43.31702135],[-1.13263932,43.30572609],[-1.13459003,43.30334538],[-1.15837638,43.31732019],[-1.17217271,43.32138258],[-1.16843905,43.3284226],[-1.16899151,43.33484412],[-1.17228668,43.34780724],[-1.15764178,43.35929343],[-1.15586517,43.35300081],[-1.15297033,43.35101668],[-1.14906882,43.34998008],[-1.14196746,43.34655266],[-1.13545375,43.34270236],[-1.13253615,43.33598117]]]]}},{"type":"Feature","properties":{"code":"64376","nom":"Meillon","departement":"64","region":"75"},"geometry":{"type":"MultiPolygon","coordinates":[[[[-0.29643162,43.28310841],[-0.28609717,43.28196565],[-0.28847891,43.27329501],[-0.29705048,43.26341547],[-0.31060237,43.25565325],[-0.31187081,43.2538029],[-0.32075747,43.25916511],[-0.32222642,43.25898217],[-0.33131023,43.26956042],[-0.32028666,43.27283502],[-0.3160745,43.28218756],[-0.31142758,43.28330879],[-0.29643162,43.28310841]]]]}},{"type":"Feature","properties":{"code":"64377","nom":"Mendionde","departement":"64","region":"75"},"geometry":{"type":"MultiPolygon","coordinates":[[[[-1.29201747,43.3644994],[-1.29187,43.36507195],[-1.27904633,43.36751902],[-1.27651242,43.36742106],[-1.26908807,43.36240888],[-1.26319177,43.36295686],[-1.26092928,43.36226855],[-1.26181696,43.33218369],[-1.28538539,43.30148486],[-1.28870822,43.29467104],[-1.29849889,43.30651153],[-1.29664361,43.32080349],[-1.30220686,43.32961744],[-1.3118988,43.33941258],[-1.32180053,43.34551108],[-1.32765476,43.34682918],[-1.32384498,43.35090439],[-1.31932468,43.35160585],[-1.31133771,43.35151927],[-1.29544229,43.35706127],[-1.29432337,43.3577526],[-1.29201747,43.3644994]]]]}},{"type":"Feature","properties":{"code":"64378","nom":"Menditte","departement":"64","region":"75"},"geometry":{"type":"MultiPolygon","coordinates":[[[[-0.89875637,43.17230547],[-0.89759064,43.17065725],[-0.89574478,43.17054387],[-0.8942693,43.17229205],[-0.86772941,43.18324556],[-0.86525264,43.18650706],[-0.86371598,43.18642255],[-0.85390937,43.17801021],[-0.85833546,43.17386515],[-0.8678183,43.16993122],[-0.87926716,43.16630931],[-0.89296926,43.16337477],[-0.89741413,43.1580332],[-0.90067363,43.15239934],[-0.90026192,43.15032765],[-0.90674442,43.14886265],[-0.91163486,43.15387879],[-0.90834402,43.16543451],[-0.89875637,43.17230547]]]]}},{"type":"Feature","properties":{"code":"64379","nom":"Mendive","departement":"64","region":"75"},"geometry":{"type":"MultiPolygon","coordinates":[[[[-1.07888492,43.02909555],[-1.07268923,43.04201761],[-1.07927218,43.04383858],[-1.08503587,43.04410165],[-1.09576329,43.04903961],[-1.09055376,43.06174712],[-1.09301416,43.07131525],[-1.09851879,43.08064146],[-1.10898335,43.08813106],[-1.13068986,43.09999128],[-1.14296437,43.11065364],[-1.14527071,43.11629495],[-1.14014763,43.13256463],[-1.13820202,43.13433178],[-1.12658848,43.13918162],[-1.12331831,43.13911499],[-1.12648799,43.13286721],[-1.12481489,43.11937081],[-1.11675732,43.11387169],[-1.10782149,43.10996817],[-1.09957881,43.10750113],[-1.08641819,43.10517882],[-1.08040457,43.10973261],[-1.07335034,43.10984299],[-1.06896045,43.10842476],[-1.05892197,43.09971374],[-1.03811919,43.094163],[-1.03209666,43.08428055],[-1.02983128,43.0727011],[-1.04255369,43.07380265],[-1.04768883,43.05598892],[-1.04740706,43.05203161],[-1.05699353,43.03952004],[-1.06688749,43.03144293],[-1.07888492,43.02909555]]]]}},{"type":"Feature","properties":{"code":"64380","nom":"Méracq","departement":"64","region":"75"},"geometry":{"type":"MultiPolygon","coordinates":[[[[-0.37554366,43.52413732],[-0.3699625,43.52209828],[-0.35819178,43.51227126],[-0.36519112,43.51049364],[-0.3780903,43.50353667],[-0.37813386,43.49838702],[-0.37441012,43.49617154],[-0.37769758,43.48928374],[-0.3823652,43.49217924],[-0.38350317,43.49154938],[-0.38708871,43.49737816],[-0.39037488,43.49990408],[-0.39288968,43.50023604],[-0.40943054,43.51169431],[-0.39954351,43.51678394],[-0.39372784,43.52083125],[-0.38459076,43.53123892],[-0.37554366,43.52413732]]]]}},{"type":"Feature","properties":{"code":"64381","nom":"Méritein","departement":"64","region":"75"},"geometry":{"type":"MultiPolygon","coordinates":[[[[-0.73369189,43.35289006],[-0.73115211,43.34978779],[-0.72279563,43.34430299],[-0.74291868,43.33326114],[-0.74854852,43.32930243],[-0.75898234,43.32505845],[-0.76506987,43.32501676],[-0.77354839,43.33447022],[-0.77541971,43.34031835],[-0.76743794,43.34143889],[-0.7341624,43.35333223],[-0.73369189,43.35289006]]]]}},{"type":"Feature","properties":{"code":"64382","nom":"Mesplède","departement":"64","region":"75"},"geometry":{"type":"MultiPolygon","coordinates":[[[[-0.67612743,43.50280163],[-0.67506407,43.50256208],[-0.66510479,43.51227711],[-0.65604873,43.51459408],[-0.62973228,43.5004274],[-0.63059432,43.49918895],[-0.63050224,43.49477615],[-0.62759743,43.48355052],[-0.62821744,43.48097014],[-0.63257233,43.47827003],[-0.63561632,43.47694487],[-0.65969498,43.47923702],[-0.66958818,43.47811075],[-0.67199691,43.49000438],[-0.67598904,43.50038801],[-0.67612743,43.50280163]]]]}},{"type":"Feature","properties":{"code":"64383","nom":"Mialos","departement":"64","region":"75"},"geometry":{"type":"MultiPolygon","coordinates":[[[[-0.4262615,43.5071599],[-0.40943054,43.51169431],[-0.39288968,43.50023604],[-0.39421807,43.49614927],[-0.4004322,43.4928792],[-0.40862276,43.48415694],[-0.41190231,43.48423475],[-0.41433535,43.4873208],[-0.41725436,43.49497523],[-0.42338573,43.499805],[-0.42204856,43.50024346],[-0.4257591,43.50303053],[-0.42738336,43.50609691],[-0.4262615,43.5071599]]]]}},{"type":"Feature","properties":{"code":"64385","nom":"Miossens-Lanusse","departement":"64","region":"75"},"geometry":{"type":"MultiPolygon","coordinates":[[[[-0.32640755,43.47501233],[-0.31872482,43.47796104],[-0.31564617,43.47816064],[-0.30985501,43.48101028],[-0.30491242,43.48417412],[-0.29969264,43.48945508],[-0.29431061,43.48644371],[-0.29120305,43.48023122],[-0.28986048,43.47459994],[-0.28240183,43.46104281],[-0.28341322,43.4604836],[-0.28432525,43.46006786],[-0.28571692,43.45255912],[-0.29690733,43.44798428],[-0.30307919,43.44896954],[-0.31275886,43.45759031],[-0.31980074,43.46633983],[-0.32410773,43.46900646],[-0.32460309,43.47214114],[-0.32640755,43.47501233]]]]}},{"type":"Feature","properties":{"code":"64386","nom":"Mirepeix","departement":"64","region":"75"},"geometry":{"type":"MultiPolygon","coordinates":[[[[-0.24974373,43.20717642],[-0.24817658,43.20740907],[-0.24362414,43.20090393],[-0.24500124,43.20059874],[-0.24505599,43.19960231],[-0.23989344,43.191504],[-0.24049154,43.18786704],[-0.24199164,43.18747897],[-0.24100598,43.18539302],[-0.2455901,43.18316389],[-0.24786453,43.18252557],[-0.25660304,43.18299124],[-0.25906234,43.18475885],[-0.26018301,43.19024894],[-0.2592067,43.19076098],[-0.26423357,43.19793528],[-0.25753297,43.19919384],[-0.2521537,43.2016095],[-0.24952107,43.2060632],[-0.24974373,43.20717642]]]]}},{"type":"Feature","properties":{"code":"64387","nom":"Momas","departement":"64","region":"75"},"geometry":{"type":"MultiPolygon","coordinates":[[[[-0.4613196,43.41943133],[-0.4606817,43.42153911],[-0.46140549,43.42775655],[-0.46349061,43.43698056],[-0.46005979,43.46186747],[-0.45893701,43.46367199],[-0.45210563,43.46372418],[-0.44885859,43.46472723],[-0.44443454,43.46686716],[-0.44257205,43.46995576],[-0.44158328,43.46841394],[-0.4248984,43.46463001],[-0.40709527,43.45706151],[-0.41323046,43.45296105],[-0.42324073,43.44796518],[-0.42844841,43.44262521],[-0.43315427,43.43674078],[-0.43979552,43.42406157],[-0.44487685,43.41921018],[-0.45908967,43.41176813],[-0.4613196,43.41943133]]]]}},{"type":"Feature","properties":{"code":"64388","nom":"Momy","departement":"64","region":"75"},"geometry":{"type":"MultiPolygon","coordinates":[[[[-0.10964703,43.37478596],[-0.10836226,43.3760212],[-0.11743168,43.38956403],[-0.11859091,43.38926774],[-0.12008038,43.38923381],[-0.12138755,43.3905277],[-0.11508896,43.40163833],[-0.11482805,43.40466557],[-0.11062357,43.40608566],[-0.10759959,43.39982516],[-0.10449535,43.40126564],[-0.10328118,43.39938095],[-0.08909006,43.38923065],[-0.08573254,43.38955962],[-0.0881049,43.38504259],[-0.09121984,43.38318994],[-0.09060486,43.37893193],[-0.09301405,43.37405903],[-0.10012236,43.37358909],[-0.10734952,43.37095541],[-0.10964703,43.37478596]]]]}},{"type":"Feature","properties":{"code":"64389","nom":"Monassut-Audiracq","departement":"64","region":"75"},"geometry":{"type":"MultiPolygon","coordinates":[[[[-0.21283006,43.4003766],[-0.22287041,43.41230357],[-0.22401823,43.41266376],[-0.22576977,43.41634552],[-0.22737808,43.42372319],[-0.21028715,43.42613381],[-0.18498321,43.43115609],[-0.18416671,43.42805666],[-0.18825258,43.41047894],[-0.18892447,43.40497587],[-0.18681031,43.39701585],[-0.19382273,43.39275029],[-0.21041505,43.40024927],[-0.21283006,43.4003766]]]]}},{"type":"Feature","properties":{"code":"64390","nom":"Moncaup","departement":"64","region":"75"},"geometry":{"type":"MultiPolygon","coordinates":[[[[-0.08287939,43.49348442],[-0.08143085,43.49513909],[-0.07910724,43.49431373],[-0.06387591,43.4945562],[-0.04674198,43.49828851],[-0.04032243,43.48960915],[-0.03376654,43.47770106],[-0.02633312,43.47471265],[-0.02732434,43.47353343],[-0.01738338,43.47214324],[-0.01890931,43.47005607],[-0.0193242,43.46755237],[-0.03207737,43.46607174],[-0.03773019,43.46485551],[-0.04527266,43.46517771],[-0.06499933,43.46359059],[-0.06523768,43.46826931],[-0.06557496,43.46993443],[-0.06749027,43.47193396],[-0.07660272,43.47964569],[-0.08013588,43.48551752],[-0.08287939,43.49348442]]]]}},{"type":"Feature","properties":{"code":"64391","nom":"Moncayolle-Larrory-Mendibieu","departement":"64","region":"75"},"geometry":{"type":"MultiPolygon","coordinates":[[[[-0.78225601,43.25979998],[-0.78585358,43.26165064],[-0.80274838,43.26111631],[-0.81173755,43.25828036],[-0.82433222,43.25300775],[-0.83418624,43.24279131],[-0.83673777,43.24222152],[-0.84022598,43.24167778],[-0.84543648,43.24239374],[-0.85122468,43.24532053],[-0.84839244,43.24862588],[-0.84679406,43.25320027],[-0.86545294,43.25951707],[-0.85848848,43.26791949],[-0.84915965,43.27710553],[-0.83802692,43.28457252],[-0.82934195,43.29264413],[-0.82600342,43.29454296],[-0.8234973,43.28681976],[-0.82317152,43.28229852],[-0.8210624,43.27945429],[-0.81283073,43.27388233],[-0.81143381,43.27316704],[-0.80994815,43.27340229],[-0.7883269,43.26735549],[-0.78167723,43.26640074],[-0.77667967,43.2647394],[-0.78225601,43.25979998]]]]}},{"type":"Feature","properties":{"code":"64392","nom":"Moncla","departement":"64","region":"75"},"geometry":{"type":"MultiPolygon","coordinates":[[[[-0.20099748,43.57752179],[-0.20718533,43.57259627],[-0.20954356,43.57151261],[-0.2143132,43.57085189],[-0.21746316,43.57132407],[-0.22455295,43.5745959],[-0.24605553,43.57368845],[-0.245553,43.57487684],[-0.24751642,43.57590954],[-0.2485024,43.57796652],[-0.24698514,43.58258652],[-0.24252219,43.58482801],[-0.24207859,43.5833356],[-0.23636529,43.58289552],[-0.23360948,43.58406816],[-0.23328844,43.58806518],[-0.23025939,43.58975915],[-0.21081378,43.59317252],[-0.20869919,43.59116297],[-0.20500938,43.58399593],[-0.20580571,43.58370407],[-0.20493935,43.58172245],[-0.20099748,43.57752179]]]]}},{"type":"Feature","properties":{"code":"64393","nom":"Monein","departement":"64","region":"75"},"geometry":{"type":"MultiPolygon","coordinates":[[[[-0.57818226,43.35065619],[-0.57442582,43.34808967],[-0.55970201,43.33440949],[-0.55164698,43.31827461],[-0.55930328,43.31975168],[-0.56885253,43.3167974],[-0.56786661,43.31143149],[-0.56500087,43.30756661],[-0.55698735,43.30477356],[-0.55252145,43.30253421],[-0.54764762,43.29790833],[-0.54343266,43.29690846],[-0.54070995,43.29824308],[-0.53733648,43.3029775],[-0.54157055,43.30978057],[-0.54812846,43.31437041],[-0.53139915,43.32437613],[-0.52678435,43.32364074],[-0.52466419,43.32001254],[-0.52350201,43.31946152],[-0.52196693,43.31910454],[-0.50621044,43.29644714],[-0.50419442,43.28764044],[-0.51336784,43.28685712],[-0.51892866,43.28508952],[-0.52058901,43.28105453],[-0.52015718,43.275819],[-0.51655136,43.26975855],[-0.50850662,43.26504804],[-0.49898486,43.26421706],[-0.492828,43.25042392],[-0.49875719,43.24157806],[-0.50343582,43.2381254],[-0.51312256,43.23413055],[-0.51686636,43.23382943],[-0.53493673,43.22518212],[-0.541509,43.23777513],[-0.55660536,43.2274424],[-0.56357497,43.23617719],[-0.56421926,43.24435353],[-0.56591438,43.24652975],[-0.56706377,43.24852408],[-0.57957666,43.25704062],[-0.58198633,43.26086691],[-0.58024935,43.26148641],[-0.58083106,43.2674021],[-0.58275178,43.27306899],[-0.5887898,43.28008945],[-0.59361341,43.28271246],[-0.59762584,43.28362795],[-0.60243583,43.27637628],[-0.60551337,43.28918844],[-0.60707168,43.29214588],[-0.61245321,43.2974051],[-0.61678682,43.30017505],[-0.62880776,43.29868053],[-0.63137266,43.30068265],[-0.63267232,43.32016687],[-0.62993504,43.33912962],[-0.62477693,43.34080209],[-0.61660773,43.3385812],[-0.60966234,43.34192017],[-0.59978106,43.35071285],[-0.5977766,43.35153601],[-0.59014486,43.35346827],[-0.58537526,43.35350945],[-0.57818226,43.35065619]]]]}},{"type":"Feature","properties":{"code":"64394","nom":"Monpezat","departement":"64","region":"75"},"geometry":{"type":"MultiPolygon","coordinates":[[[[-0.08179072,43.49742124],[-0.0663749,43.5095174],[-0.05345055,43.50648047],[-0.04386381,43.50666808],[-0.04674198,43.49828851],[-0.06387591,43.4945562],[-0.07910724,43.49431373],[-0.08143085,43.49513909],[-0.08179072,43.49742124]]]]}},{"type":"Feature","properties":{"code":"64395","nom":"Monségur","departement":"64","region":"75"},"geometry":{"type":"MultiPolygon","coordinates":[[[[-0.00245609,43.44516996],[-0.00145722,43.44504279],[-0.00091903,43.43998624],[-0.00470089,43.43154091],[-0.01343364,43.42809677],[-0.02115193,43.42666449],[-0.02483858,43.43001158],[-0.01727615,43.44108665],[-0.01644636,43.44392327],[-0.00880047,43.44383341],[-0.00245609,43.44516996]]]]}},{"type":"Feature","properties":{"code":"64396","nom":"Mont","departement":"64","region":"75"},"geometry":{"type":"MultiPolygon","coordinates":[[[[-0.63100586,43.43835187],[-0.64258962,43.42728063],[-0.6472536,43.42319604],[-0.64287281,43.41667185],[-0.63700065,43.40928628],[-0.63366584,43.4028798],[-0.63441846,43.39809581],[-0.65668272,43.40090762],[-0.6600987,43.40625971],[-0.6655579,43.40522207],[-0.67680064,43.41219243],[-0.67749535,43.41527146],[-0.68192973,43.42874812],[-0.68781134,43.43482808],[-0.68373851,43.44639407],[-0.67221852,43.45165057],[-0.66774852,43.45173178],[-0.66176708,43.45104434],[-0.6470541,43.44953147],[-0.64430382,43.44235871],[-0.64116603,43.43969216],[-0.63100586,43.43835187]]]]}},{"type":"Feature","properties":{"code":"64397","nom":"Montagut","departement":"64","region":"75"},"geometry":{"type":"MultiPolygon","coordinates":[[[[-0.47702543,43.54365755],[-0.47400441,43.54011682],[-0.47421334,43.53861874],[-0.48431201,43.53774996],[-0.48850894,43.53620562],[-0.48991086,43.53452503],[-0.50162399,43.53818045],[-0.51433208,43.54730342],[-0.52010056,43.55478975],[-0.52554478,43.5577598],[-0.52624817,43.55927073],[-0.51929085,43.5602045],[-0.51118881,43.56265369],[-0.50911505,43.56473188],[-0.51073985,43.56630767],[-0.50726982,43.5684436],[-0.50507613,43.56582699],[-0.50193802,43.55751375],[-0.49111967,43.55253072],[-0.47702543,43.54365755]]]]}},{"type":"Feature","properties":{"code":"64398","nom":"Montaner","departement":"64","region":"75"},"geometry":{"type":"MultiPolygon","coordinates":[[[[0.01274324,43.32770167],[0.01003439,43.32524748],[0.00668508,43.32605952],[0.00699751,43.32697651],[0.0017875,43.33048529],[-0.00332711,43.3321042],[-0.01852097,43.33156945],[-0.02118995,43.32903453],[-0.02555814,43.32979101],[-0.0262809,43.33223476],[-0.03483198,43.33751994],[-0.05412618,43.34090274],[-0.06523329,43.34103859],[-0.06306176,43.34752178],[-0.06050179,43.34709911],[-0.05088067,43.34928134],[-0.03936733,43.35501073],[-0.03385642,43.36623341],[-0.00994035,43.36280348],[-0.0073868,43.36085431],[-0.00221391,43.36060639],[0.00550777,43.36332945],[0.02413998,43.349067],[0.02655868,43.34838093],[0.02979399,43.34611482],[0.02567499,43.34036344],[0.02401907,43.33856242],[0.0162775,43.33222389],[0.01274324,43.32770167]]]]}},{"type":"Feature","properties":{"code":"64399","nom":"Montardon","departement":"64","region":"75"},"geometry":{"type":"MultiPolygon","coordinates":[[[[-0.32702755,43.36822986],[-0.33148073,43.36705912],[-0.34300488,43.35801276],[-0.34706016,43.35559848],[-0.35690814,43.35161505],[-0.37201583,43.35589385],[-0.37469082,43.35142534],[-0.3614274,43.34683032],[-0.36308783,43.34492474],[-0.37992156,43.34701557],[-0.38004547,43.35511824],[-0.37070404,43.36105727],[-0.35545934,43.37278751],[-0.33655108,43.38254677],[-0.33252908,43.38647142],[-0.3248134,43.37500512],[-0.32702755,43.36822986]]]]}},{"type":"Feature","properties":{"code":"64400","nom":"Montaut","departement":"64","region":"75"},"geometry":{"type":"MultiPolygon","coordinates":[[[[-0.13853043,43.14920548],[-0.1427911,43.13301159],[-0.14662098,43.12809117],[-0.1477425,43.1291197],[-0.15337111,43.12598459],[-0.16519098,43.12241543],[-0.17024281,43.11569212],[-0.18434199,43.11296195],[-0.1926117,43.11560041],[-0.19403932,43.11510801],[-0.20631027,43.12688869],[-0.21446692,43.14600343],[-0.21393316,43.1484535],[-0.21488102,43.14988896],[-0.20113039,43.15210492],[-0.19635062,43.15098198],[-0.19396462,43.14909929],[-0.19089491,43.14888054],[-0.19158396,43.14693193],[-0.18982577,43.14574892],[-0.17180993,43.13809887],[-0.16352297,43.13913731],[-0.15796589,43.14197561],[-0.14141069,43.14718801],[-0.13853043,43.14920548]]]]}},{"type":"Feature","properties":{"code":"64401","nom":"Mont-Disse","departement":"64","region":"75"},"geometry":{"type":"MultiPolygon","coordinates":[[[[-0.13817037,43.56495607],[-0.13620159,43.56500397],[-0.13568496,43.56427423],[-0.13972028,43.56291044],[-0.14071699,43.5616867],[-0.14019431,43.56093734],[-0.13984393,43.55881071],[-0.13574167,43.55529512],[-0.13274093,43.54956403],[-0.14388227,43.54254699],[-0.1459084,43.53531445],[-0.15078486,43.53549438],[-0.15078991,43.53678186],[-0.15681056,43.54588323],[-0.1596208,43.55897598],[-0.15872333,43.56287228],[-0.15546027,43.56915247],[-0.15210089,43.57170835],[-0.1451608,43.56669781],[-0.13980895,43.56473489],[-0.13817037,43.56495607]]]]}},{"type":"Feature","properties":{"code":"64403","nom":"Montfort","departement":"64","region":"75"},"geometry":{"type":"MultiPolygon","coordinates":[[[[-0.90373659,43.37238314],[-0.89806918,43.38022112],[-0.8886078,43.38101022],[-0.87966165,43.37792317],[-0.87578983,43.38029663],[-0.87035126,43.3772083],[-0.86374662,43.37568536],[-0.85116364,43.37692672],[-0.84517315,43.37453326],[-0.83597871,43.37261344],[-0.83474286,43.37122428],[-0.83616353,43.37029214],[-0.835401,43.36742711],[-0.83737408,43.3613199],[-0.8471624,43.35192574],[-0.85274363,43.35330949],[-0.85746899,43.35560256],[-0.85804595,43.35828131],[-0.86087959,43.35932314],[-0.86624723,43.36160915],[-0.86379799,43.36272978],[-0.86476135,43.36371133],[-0.87269184,43.36661157],[-0.88821358,43.36863243],[-0.89062402,43.36820077],[-0.90373659,43.37238314]]]]}},{"type":"Feature","properties":{"code":"64404","nom":"Montory","departement":"64","region":"75"},"geometry":{"type":"MultiPolygon","coordinates":[[[[-0.81102811,43.05931986],[-0.81695245,43.06863569],[-0.83146181,43.08572776],[-0.8316625,43.08738469],[-0.83327508,43.09873813],[-0.83853006,43.1099628],[-0.83772521,43.11144668],[-0.82891366,43.12259596],[-0.81042732,43.13063463],[-0.79937258,43.12297836],[-0.78355138,43.11818915],[-0.78707963,43.10962237],[-0.79342063,43.08796016],[-0.79955217,43.07774711],[-0.80038205,43.06241031],[-0.80195584,43.06070151],[-0.80830323,43.05881574],[-0.81102811,43.05931986]]]]}},{"type":"Feature","properties":{"code":"64405","nom":"Morlaàs","departement":"64","region":"75"},"geometry":{"type":"MultiPolygon","coordinates":[[[[-0.24064798,43.32044743],[-0.25176125,43.31171169],[-0.2571193,43.3090654],[-0.26036748,43.30971023],[-0.26233857,43.31149015],[-0.2442299,43.32556646],[-0.24615194,43.33326075],[-0.2599285,43.33303079],[-0.26537153,43.33163754],[-0.28013149,43.32197551],[-0.28254881,43.31691504],[-0.28150873,43.31670983],[-0.28218897,43.31287077],[-0.29028888,43.31440988],[-0.28828925,43.31804607],[-0.29436838,43.32063226],[-0.29898578,43.32178075],[-0.3068375,43.32513151],[-0.3101861,43.32550081],[-0.2875046,43.33909079],[-0.28319401,43.33899487],[-0.27712897,43.34077883],[-0.27570041,43.34203582],[-0.27637059,43.34477425],[-0.27071643,43.35080954],[-0.26938033,43.35376716],[-0.26956826,43.36172802],[-0.2563628,43.35703478],[-0.25371549,43.3542954],[-0.24482116,43.34961964],[-0.24221653,43.34994536],[-0.23771604,43.34281793],[-0.23591646,43.34042915],[-0.24242634,43.33603128],[-0.24381173,43.33069027],[-0.24372325,43.32721309],[-0.24064798,43.32044743]]]]}},{"type":"Feature","properties":{"code":"64406","nom":"Morlanne","departement":"64","region":"75"},"geometry":{"type":"MultiPolygon","coordinates":[[[[-0.52624009,43.4955335],[-0.52812534,43.49537128],[-0.54623345,43.50123771],[-0.54691807,43.50094422],[-0.5464953,43.49982779],[-0.54364004,43.49912864],[-0.54061717,43.49661206],[-0.55102046,43.4899738],[-0.55562535,43.49134665],[-0.57345124,43.4878541],[-0.58010102,43.49007622],[-0.58086779,43.49219706],[-0.57647687,43.50553978],[-0.57287878,43.50800726],[-0.57302652,43.50725937],[-0.56873877,43.50580109],[-0.55982009,43.50556115],[-0.5558326,43.50956468],[-0.55530837,43.51350948],[-0.54896584,43.51872922],[-0.53131257,43.52299087],[-0.53045513,43.52553151],[-0.53216625,43.52942411],[-0.53559633,43.53328499],[-0.5310239,43.53721566],[-0.52777818,43.53883162],[-0.52064568,43.54078444],[-0.52409972,43.53031605],[-0.52204384,43.52420462],[-0.5142856,43.51344012],[-0.51397542,43.50398219],[-0.51540151,43.50049748],[-0.52174642,43.49840929],[-0.52624009,43.4955335]]]]}},{"type":"Feature","properties":{"code":"64407","nom":"Mouguerre","departement":"64","region":"75"},"geometry":{"type":"MultiPolygon","coordinates":[[[[-1.4065052,43.43016902],[-1.42319993,43.44366641],[-1.42158864,43.44691484],[-1.42289784,43.46156435],[-1.43022462,43.46497736],[-1.43498411,43.46829774],[-1.44091345,43.48090187],[-1.44247116,43.48198602],[-1.44489552,43.48176312],[-1.44411823,43.4842884],[-1.44510453,43.48619074],[-1.4451333,43.48624273],[-1.43429546,43.48994351],[-1.43221537,43.48860216],[-1.41750076,43.49048091],[-1.41314041,43.48911142],[-1.41143924,43.47784041],[-1.40284725,43.46614251],[-1.39859904,43.46638632],[-1.38619878,43.47052866],[-1.37787254,43.46934633],[-1.37395183,43.46694032],[-1.3736101,43.46581518],[-1.37475214,43.45381113],[-1.37616198,43.45067436],[-1.37403286,43.44471886],[-1.36822942,43.44101112],[-1.36859916,43.44055559],[-1.38102775,43.42841904],[-1.38555991,43.42648837],[-1.38835072,43.42615539],[-1.39584107,43.4268642],[-1.4065052,43.43016902]]]]}},{"type":"Feature","properties":{"code":"64408","nom":"Mouhous","departement":"64","region":"75"},"geometry":{"type":"MultiPolygon","coordinates":[[[[-0.24346465,43.48263481],[-0.24545353,43.48664892],[-0.26573501,43.48420278],[-0.26433976,43.48970521],[-0.2695467,43.49840078],[-0.26933332,43.50141119],[-0.24808604,43.49849932],[-0.23887653,43.49342435],[-0.23916703,43.48640115],[-0.24064187,43.48380429],[-0.24346465,43.48263481]]]]}},{"type":"Feature","properties":{"code":"64409","nom":"Moumour","departement":"64","region":"75"},"geometry":{"type":"MultiPolygon","coordinates":[[[[-0.64057004,43.21245353],[-0.64395605,43.20606571],[-0.63543528,43.2017456],[-0.63866876,43.19944127],[-0.65742365,43.19517986],[-0.65946474,43.20316795],[-0.66912599,43.20455874],[-0.68677397,43.20547969],[-0.69405614,43.20784015],[-0.6784582,43.21729335],[-0.66947056,43.22120944],[-0.65726827,43.23156324],[-0.65355634,43.22996636],[-0.6507599,43.21870151],[-0.64545441,43.21546453],[-0.64324645,43.21344824],[-0.64057004,43.21245353]]]]}},{"type":"Feature","properties":{"code":"64410","nom":"Mourenx","departement":"64","region":"75"},"geometry":{"type":"MultiPolygon","coordinates":[[[[-0.63476312,43.36869299],[-0.63662415,43.37390237],[-0.62989078,43.38032086],[-0.60776432,43.38715694],[-0.60369076,43.38707926],[-0.59462878,43.38235831],[-0.59543722,43.37857883],[-0.59797927,43.37437158],[-0.60078422,43.371926],[-0.61574007,43.36506826],[-0.61779706,43.36327041],[-0.61632484,43.3619391],[-0.61950083,43.36070535],[-0.63477905,43.35932659],[-0.63433146,43.36738907],[-0.63476312,43.36869299]]]]}},{"type":"Feature","properties":{"code":"64411","nom":"Musculdy","departement":"64","region":"75"},"geometry":{"type":"MultiPolygon","coordinates":[[[[-1.02349625,43.13007437],[-1.02095071,43.14882033],[-1.0236882,43.15850709],[-1.02640104,43.1614211],[-1.02950468,43.17139591],[-1.02339027,43.17662379],[-1.01994661,43.18655222],[-1.02243245,43.19979466],[-1.01617483,43.2060245],[-1.00894005,43.20818685],[-0.99746036,43.20823375],[-0.97267356,43.21281067],[-0.97122754,43.21740317],[-0.97294764,43.22514397],[-0.97150308,43.22568261],[-0.96933752,43.22565963],[-0.96653243,43.22344632],[-0.96442178,43.22024195],[-0.96411697,43.20614373],[-0.96023094,43.19505025],[-0.95788059,43.19208163],[-0.95849029,43.18621784],[-0.96466157,43.17962462],[-0.99650774,43.17260905],[-1.00401338,43.16928278],[-1.00953529,43.16291539],[-1.01114812,43.15113373],[-1.01687513,43.13582962],[-1.02349625,43.13007437]]]]}},{"type":"Feature","properties":{"code":"64412","nom":"Nabas","departement":"64","region":"75"},"geometry":{"type":"MultiPolygon","coordinates":[[[[-0.91054723,43.34381516],[-0.90077295,43.34680013],[-0.90002336,43.34808725],[-0.89094566,43.34534388],[-0.88764368,43.34529695],[-0.88264624,43.34406337],[-0.87065097,43.33727099],[-0.87129058,43.33430379],[-0.87315697,43.33218699],[-0.87514882,43.32819587],[-0.87404057,43.32076187],[-0.87250674,43.31948837],[-0.87238582,43.31871723],[-0.87365167,43.31855568],[-0.8792262,43.3194374],[-0.89761288,43.31506679],[-0.89895598,43.32501586],[-0.89743679,43.33430717],[-0.90256208,43.33898237],[-0.91054723,43.34381516]]]]}},{"type":"Feature","properties":{"code":"64413","nom":"Narcastet","departement":"64","region":"75"},"geometry":{"type":"MultiPolygon","coordinates":[[[[-0.32518398,43.22419358],[-0.33251995,43.23115901],[-0.33248738,43.23343062],[-0.3308585,43.24330974],[-0.32681059,43.25576368],[-0.32402104,43.25842275],[-0.32222642,43.25898217],[-0.32075747,43.25916511],[-0.31187081,43.2538029],[-0.30820212,43.24550367],[-0.30784525,43.24224376],[-0.32518398,43.22419358]]]]}},{"type":"Feature","properties":{"code":"64414","nom":"Narp","departement":"64","region":"75"},"geometry":{"type":"MultiPolygon","coordinates":[[[[-0.80415224,43.39146896],[-0.81582852,43.38161868],[-0.81832188,43.37853236],[-0.82142522,43.37286562],[-0.82385546,43.3646764],[-0.82734665,43.36501134],[-0.83474286,43.37122428],[-0.83597871,43.37261344],[-0.84517315,43.37453326],[-0.83722863,43.38700977],[-0.83807812,43.38861799],[-0.83465466,43.39805075],[-0.83228243,43.3984122],[-0.82758443,43.39905496],[-0.81618111,43.39687996],[-0.80415224,43.39146896]]]]}},{"type":"Feature","properties":{"code":"64415","nom":"Navailles-Angos","departement":"64","region":"75"},"geometry":{"type":"MultiPolygon","coordinates":[[[[-0.33265097,43.43388591],[-0.33014196,43.43408736],[-0.32754715,43.43201594],[-0.32446199,43.42583995],[-0.32946415,43.42065093],[-0.32840445,43.4146127],[-0.32490322,43.40977147],[-0.31906587,43.39698529],[-0.3181661,43.38538571],[-0.3280219,43.38662725],[-0.33252908,43.38647142],[-0.33465163,43.38766933],[-0.33788392,43.39148024],[-0.34236588,43.40006805],[-0.35237179,43.40145772],[-0.35398685,43.40086021],[-0.35967139,43.41583766],[-0.36352752,43.42056421],[-0.36966462,43.42399866],[-0.36663088,43.42805961],[-0.36015896,43.44480415],[-0.3427462,43.4346328],[-0.33412842,43.43251586],[-0.33265097,43.43388591]]]]}},{"type":"Feature","properties":{"code":"64416","nom":"Navarrenx","departement":"64","region":"75"},"geometry":{"type":"MultiPolygon","coordinates":[[[[-0.75545329,43.31045457],[-0.76210813,43.30928465],[-0.76002745,43.31364751],[-0.7579251,43.31550833],[-0.75809388,43.3163184],[-0.76611067,43.32284156],[-0.76607291,43.3246603],[-0.76506987,43.32501676],[-0.75898234,43.32505845],[-0.74854852,43.32930243],[-0.74291868,43.33326114],[-0.72279563,43.34430299],[-0.72137452,43.34430959],[-0.7188743,43.3458735],[-0.70945948,43.34350777],[-0.70621109,43.33613531],[-0.71465773,43.33560132],[-0.71769041,43.33445508],[-0.72613245,43.32704614],[-0.73325479,43.32494424],[-0.73733862,43.32139977],[-0.75545329,43.31045457]]]]}},{"type":"Feature","properties":{"code":"64417","nom":"Nay","departement":"64","region":"75"},"geometry":{"type":"MultiPolygon","coordinates":[[[[-0.2432817,43.16970457],[-0.24575746,43.1705132],[-0.2486483,43.1702812],[-0.2734017,43.16393661],[-0.28232529,43.16791986],[-0.28285948,43.16905232],[-0.27587341,43.17733555],[-0.27347209,43.18440796],[-0.27419506,43.18542041],[-0.2706024,43.18445991],[-0.26018301,43.19024894],[-0.25906234,43.18475885],[-0.25660304,43.18299124],[-0.24786453,43.18252557],[-0.2455901,43.18316389],[-0.24351391,43.18148439],[-0.24161324,43.17670546],[-0.2432817,43.16970457]]]]}},{"type":"Feature","properties":{"code":"64418","nom":"Noguères","departement":"64","region":"75"},"geometry":{"type":"MultiPolygon","coordinates":[[[[-0.59462878,43.38235831],[-0.59293577,43.38356095],[-0.5887931,43.38048888],[-0.59046034,43.37576601],[-0.59393996,43.37073436],[-0.60585727,43.36093869],[-0.60703491,43.36198548],[-0.61336322,43.36090699],[-0.61632484,43.3619391],[-0.61779706,43.36327041],[-0.61574007,43.36506826],[-0.60078422,43.371926],[-0.59797927,43.37437158],[-0.59543722,43.37857883],[-0.59462878,43.38235831]]]]}},{"type":"Feature","properties":{"code":"64419","nom":"Nousty","departement":"64","region":"75"},"geometry":{"type":"MultiPolygon","coordinates":[[[[-0.22873901,43.28634852],[-0.21375796,43.28508646],[-0.20536624,43.28086401],[-0.19646529,43.27407852],[-0.19721949,43.27203685],[-0.2026782,43.26519321],[-0.20913291,43.25273977],[-0.21025938,43.25295206],[-0.21665612,43.24901021],[-0.22477886,43.24353097],[-0.22491235,43.24217387],[-0.22756434,43.24060105],[-0.23911422,43.24942539],[-0.23474495,43.25523271],[-0.22888229,43.26965261],[-0.22804757,43.2754962],[-0.22873901,43.28634852]]]]}},{"type":"Feature","properties":{"code":"64420","nom":"Ogenne-Camptort","departement":"64","region":"75"},"geometry":{"type":"MultiPolygon","coordinates":[[[[-0.67970467,43.29890497],[-0.69962077,43.30151359],[-0.71312712,43.3045111],[-0.71714072,43.3127664],[-0.71514876,43.3151926],[-0.7145892,43.3181252],[-0.72613245,43.32704614],[-0.71769041,43.33445508],[-0.71465773,43.33560132],[-0.70621109,43.33613531],[-0.70116333,43.33184859],[-0.6970331,43.3300636],[-0.69575503,43.33125554],[-0.69089201,43.33279778],[-0.68453152,43.33390454],[-0.68545588,43.33182693],[-0.68001678,43.32012843],[-0.67709183,43.31532807],[-0.67364709,43.31316053],[-0.67138874,43.30986654],[-0.67401871,43.30119495],[-0.67970467,43.29890497]]]]}},{"type":"Feature","properties":{"code":"64421","nom":"Ogeu-les-Bains","departement":"64","region":"75"},"geometry":{"type":"MultiPolygon","coordinates":[[[[-0.46807098,43.17316161],[-0.46849757,43.16733978],[-0.48206529,43.15529069],[-0.48513677,43.14082929],[-0.48723878,43.13652435],[-0.50543008,43.12548122],[-0.50709573,43.12665866],[-0.51925686,43.1298013],[-0.52862592,43.13350048],[-0.54747896,43.136942],[-0.54982348,43.14028435],[-0.5453316,43.14103727],[-0.53286439,43.1519368],[-0.52081858,43.16899847],[-0.51421367,43.17881459],[-0.50658104,43.1839827],[-0.49841596,43.18188804],[-0.47647846,43.18132713],[-0.47318627,43.17999986],[-0.46807098,43.17316161]]]]}},{"type":"Feature","properties":{"code":"64437","nom":"Ostabat-Asme","departement":"64","region":"75"},"geometry":{"type":"MultiPolygon","coordinates":[[[[-1.03705419,43.26727514],[-1.04602846,43.25260873],[-1.05486696,43.25323181],[-1.06128378,43.25033161],[-1.06630527,43.24657657],[-1.0743105,43.23884908],[-1.07833203,43.23695426],[-1.09655749,43.23995238],[-1.10204831,43.24226856],[-1.10411448,43.24720264],[-1.10362376,43.24946686],[-1.09196083,43.25546096],[-1.08343013,43.26327009],[-1.0827169,43.26513819],[-1.08235904,43.26655959],[-1.09167201,43.27567035],[-1.08311972,43.27340174],[-1.07519414,43.2728914],[-1.06206291,43.28138842],[-1.0582996,43.28243156],[-1.0478875,43.2828674],[-1.04194948,43.27737738],[-1.03881755,43.27161463],[-1.03785215,43.26754614],[-1.03705419,43.26727514]]]]}},{"type":"Feature","properties":{"code":"64422","nom":"Oloron-Sainte-Marie","departement":"64","region":"75"},"geometry":{"type":"MultiPolygon","coordinates":[[[[-0.52862592,43.13350048],[-0.51925686,43.1298013],[-0.50709573,43.12665866],[-0.50543008,43.12548122],[-0.50243699,43.12314679],[-0.50154371,43.12327306],[-0.5011653,43.12270735],[-0.50915645,43.11474416],[-0.51273498,43.10574226],[-0.51856487,43.09691071],[-0.52372034,43.08635343],[-0.53581598,43.08615583],[-0.54101317,43.08706],[-0.5452892,43.09024776],[-0.55515396,43.09485087],[-0.57105851,43.09713632],[-0.57799265,43.09695655],[-0.58470715,43.09727703],[-0.59025684,43.11037777],[-0.59302166,43.12480938],[-0.59230342,43.12565358],[-0.58104006,43.1251165],[-0.56729087,43.12606157],[-0.56493017,43.12694823],[-0.56317867,43.12964243],[-0.56490629,43.13718345],[-0.57216066,43.14218606],[-0.57828661,43.14782987],[-0.58373552,43.15800327],[-0.58871292,43.15778544],[-0.59240188,43.16305414],[-0.59826748,43.1684194],[-0.59882694,43.16985668],[-0.59888544,43.17713275],[-0.60010896,43.17998404],[-0.60685302,43.18276695],[-0.6098541,43.1819606],[-0.60967301,43.17890612],[-0.61298182,43.17702417],[-0.61082928,43.17211337],[-0.62902312,43.16810066],[-0.63701567,43.1593142],[-0.64339817,43.15487116],[-0.64722607,43.15297056],[-0.65661758,43.15008252],[-0.65966803,43.15143136],[-0.66693547,43.15897577],[-0.66806157,43.16204667],[-0.66642596,43.16668375],[-0.67633526,43.17612244],[-0.6815246,43.17872328],[-0.68401334,43.18255528],[-0.68513979,43.18732616],[-0.67413355,43.18363526],[-0.65936347,43.18559085],[-0.65257272,43.18984069],[-0.65393419,43.19235546],[-0.65742365,43.19517986],[-0.63866876,43.19944127],[-0.63543528,43.2017456],[-0.64395605,43.20606571],[-0.64057004,43.21245353],[-0.62749189,43.20988386],[-0.61998941,43.20367248],[-0.61825852,43.20233307],[-0.60934491,43.20003485],[-0.59710953,43.21131452],[-0.59524805,43.21836759],[-0.59624768,43.22522177],[-0.59424561,43.22801053],[-0.59149034,43.23047315],[-0.58969276,43.23758438],[-0.58377021,43.24748088],[-0.58137749,43.24997172],[-0.57848375,43.24778593],[-0.56591438,43.24652975],[-0.56421926,43.24435353],[-0.56357497,43.23617719],[-0.57592477,43.23213992],[-0.57938447,43.22942835],[-0.58109239,43.22712598],[-0.57941591,43.22503226],[-0.57780047,43.22451676],[-0.5767681,43.22178665],[-0.58479141,43.21214145],[-0.59832643,43.20194544],[-0.60008879,43.19870541],[-0.59766739,43.19694033],[-0.59128402,43.19603744],[-0.58947923,43.19636495],[-0.59068265,43.19024704],[-0.58695244,43.18774647],[-0.57817844,43.18523948],[-0.58134145,43.18048927],[-0.58339674,43.17688959],[-0.57582595,43.17415521],[-0.57058206,43.16642444],[-0.56863357,43.15855925],[-0.55090764,43.14126063],[-0.54994342,43.14119606],[-0.54982348,43.14028435],[-0.54747896,43.136942],[-0.52862592,43.13350048]]]]}},{"type":"Feature","properties":{"code":"64423","nom":"Oraàs","departement":"64","region":"75"},"geometry":{"type":"MultiPolygon","coordinates":[[[[-0.98880111,43.44705877],[-0.97418483,43.44890326],[-0.95958407,43.44753833],[-0.9485894,43.44540137],[-0.94251341,43.44055944],[-0.93790531,43.44089107],[-0.93124766,43.44254452],[-0.92794453,43.44136998],[-0.93539128,43.43584083],[-0.94245812,43.43270483],[-0.94488378,43.42381318],[-0.95739828,43.42132061],[-0.96226092,43.42156788],[-0.96925444,43.42359154],[-0.9774595,43.42486224],[-0.98033341,43.42511872],[-0.98213756,43.42409752],[-0.99391959,43.43419115],[-0.99520684,43.43512284],[-0.99578388,43.43734276],[-0.99379232,43.43995744],[-0.99046873,43.44215725],[-0.98880111,43.44705877]]]]}},{"type":"Feature","properties":{"code":"64424","nom":"Ordiarp","departement":"64","region":"75"},"geometry":{"type":"MultiPolygon","coordinates":[[[[-0.91203185,43.20093429],[-0.91460683,43.19829666],[-0.91367061,43.19619892],[-0.91424451,43.19311696],[-0.91551826,43.19374887],[-0.92401026,43.19201003],[-0.92940199,43.19040784],[-0.93417905,43.18782724],[-0.93696968,43.18518027],[-0.93735601,43.18109994],[-0.94387275,43.17613358],[-0.94993884,43.17317546],[-0.95379624,43.16990174],[-0.96411977,43.16707292],[-0.97572025,43.16200391],[-0.98453362,43.15554347],[-0.98829562,43.15153798],[-0.99038533,43.14508972],[-0.99866978,43.13250374],[-1.0036624,43.1315834],[-1.01228054,43.13619808],[-1.01687513,43.13582962],[-1.01114812,43.15113373],[-1.00953529,43.16291539],[-1.00401338,43.16928278],[-0.99650774,43.17260905],[-0.96466157,43.17962462],[-0.95849029,43.18621784],[-0.95788059,43.19208163],[-0.96023094,43.19505025],[-0.96411697,43.20614373],[-0.96442178,43.22024195],[-0.96653243,43.22344632],[-0.96933752,43.22565963],[-0.97150308,43.22568261],[-0.97274798,43.22700216],[-0.97527531,43.23781606],[-0.97465044,43.24086891],[-0.9700703,43.24524001],[-0.96749182,43.24959498],[-0.96543114,43.24940771],[-0.95584447,43.24064935],[-0.93995637,43.22155162],[-0.92936239,43.21083873],[-0.92138524,43.20457349],[-0.91203185,43.20093429]]]]}},{"type":"Feature","properties":{"code":"64425","nom":"Orègue","departement":"64","region":"75"},"geometry":{"type":"MultiPolygon","coordinates":[[[[-1.19255987,43.39863369],[-1.19032172,43.40203392],[-1.19323566,43.41665002],[-1.21437898,43.43657634],[-1.20568259,43.4451275],[-1.20001847,43.44679068],[-1.19707448,43.44711565],[-1.19160342,43.44590411],[-1.18891005,43.4432542],[-1.18923697,43.44170006],[-1.18798907,43.44026991],[-1.18566746,43.43922183],[-1.18308153,43.43931457],[-1.18305091,43.44149329],[-1.16084585,43.4380723],[-1.14687182,43.41961578],[-1.1407815,43.41577516],[-1.13336175,43.40862476],[-1.12427111,43.39510011],[-1.12447092,43.38746223],[-1.13287116,43.38088695],[-1.13352868,43.38070418],[-1.13326216,43.37640918],[-1.13662955,43.36758992],[-1.1445794,43.36100838],[-1.15765294,43.35948218],[-1.17029517,43.37286955],[-1.18510873,43.38943215],[-1.19229449,43.39634848],[-1.19255987,43.39863369]]]]}},{"type":"Feature","properties":{"code":"64426","nom":"Orin","departement":"64","region":"75"},"geometry":{"type":"MultiPolygon","coordinates":[[[[-0.66290883,43.23532957],[-0.66093787,43.2327031],[-0.65726827,43.23156324],[-0.66947056,43.22120944],[-0.6784582,43.21729335],[-0.69405614,43.20784015],[-0.6933355,43.2111417],[-0.6803279,43.23087651],[-0.67990185,43.23350338],[-0.68099006,43.23644872],[-0.67758759,43.24244679],[-0.66524133,43.23755654],[-0.66290883,43.23532957]]]]}},{"type":"Feature","properties":{"code":"64427","nom":"Orion","departement":"64","region":"75"},"geometry":{"type":"MultiPolygon","coordinates":[[[[-0.89718468,43.43060048],[-0.89046331,43.43035943],[-0.87839783,43.4325551],[-0.87077399,43.42564728],[-0.86050315,43.42603566],[-0.84407093,43.43055476],[-0.83698605,43.43023053],[-0.83608121,43.43111738],[-0.83481937,43.43111795],[-0.83245503,43.42624053],[-0.8324869,43.42434521],[-0.8358261,43.41977111],[-0.83629057,43.41369288],[-0.8407737,43.4047457],[-0.84308001,43.40494754],[-0.85538506,43.40969615],[-0.87252791,43.41023611],[-0.87779185,43.4102647],[-0.89121642,43.41906045],[-0.89718468,43.43060048]]]]}},{"type":"Feature","properties":{"code":"64428","nom":"Orriule","departement":"64","region":"75"},"geometry":{"type":"MultiPolygon","coordinates":[[[[-0.82466337,43.41788103],[-0.82582473,43.41238083],[-0.83228243,43.3984122],[-0.83465466,43.39805075],[-0.8350466,43.3990015],[-0.83851239,43.4000342],[-0.84662121,43.39967329],[-0.86786511,43.39154998],[-0.86936431,43.39299785],[-0.87279244,43.39420015],[-0.87537079,43.3994716],[-0.87590186,43.40284379],[-0.87252791,43.41023611],[-0.85538506,43.40969615],[-0.84308001,43.40494754],[-0.8407737,43.4047457],[-0.83629057,43.41369288],[-0.8358261,43.41977111],[-0.8324869,43.42434521],[-0.8285944,43.42217623],[-0.82466337,43.41788103]]]]}},{"type":"Feature","properties":{"code":"64429","nom":"Orsanco","departement":"64","region":"75"},"geometry":{"type":"MultiPolygon","coordinates":[[[[-1.06030118,43.30601459],[-1.06010332,43.30683001],[-1.04433368,43.30610553],[-1.04080427,43.30447844],[-1.0374437,43.3005057],[-1.04126282,43.29612218],[-1.04342961,43.2912023],[-1.04351632,43.28426607],[-1.0478875,43.2828674],[-1.0582996,43.28243156],[-1.06206291,43.28138842],[-1.07519414,43.2728914],[-1.08311972,43.27340174],[-1.09167201,43.27567035],[-1.09187022,43.27590965],[-1.08873099,43.28092509],[-1.08581788,43.29190305],[-1.07545488,43.29858462],[-1.06406764,43.30291396],[-1.06030118,43.30601459]]]]}},{"type":"Feature","properties":{"code":"64430","nom":"Orthez","departement":"64","region":"75"},"geometry":{"type":"MultiPolygon","coordinates":[[[[-0.75212962,43.46471684],[-0.75151011,43.46390246],[-0.75364776,43.4620036],[-0.77319437,43.46964341],[-0.78069612,43.46772457],[-0.79188321,43.46223551],[-0.79190856,43.46042689],[-0.80417049,43.45617609],[-0.80551274,43.45719539],[-0.80896442,43.46556518],[-0.81626731,43.46980009],[-0.81912154,43.471156],[-0.82810608,43.4721864],[-0.83371519,43.47015054],[-0.8386396,43.47053373],[-0.83935097,43.47299909],[-0.83584546,43.47519858],[-0.82637877,43.48664403],[-0.82447958,43.48708668],[-0.82467053,43.49519481],[-0.83051348,43.5013244],[-0.83300845,43.50281253],[-0.8285273,43.51043733],[-0.82566284,43.51308492],[-0.82268889,43.51182336],[-0.81448831,43.51236443],[-0.79448857,43.5176556],[-0.78847298,43.52710857],[-0.78165054,43.53304577],[-0.76858274,43.52589837],[-0.74542981,43.52885148],[-0.74056144,43.53009409],[-0.74148078,43.51916447],[-0.74497893,43.50461325],[-0.74366245,43.50237541],[-0.74127625,43.50033482],[-0.73709731,43.49930085],[-0.73378618,43.49931859],[-0.71643231,43.5034007],[-0.71738715,43.50043077],[-0.71613268,43.49605407],[-0.72136406,43.49722473],[-0.73114307,43.49009634],[-0.73991707,43.4740641],[-0.74513272,43.47437032],[-0.7466776,43.47509331],[-0.7479298,43.47493111],[-0.75140769,43.47093413],[-0.75212962,43.46471684]]]]}},{"type":"Feature","properties":{"code":"64431","nom":"Os-Marsillon","departement":"64","region":"75"},"geometry":{"type":"MultiPolygon","coordinates":[[[[-0.59929043,43.40057213],[-0.58567637,43.38991476],[-0.58746225,43.38849302],[-0.59293577,43.38356095],[-0.59462878,43.38235831],[-0.60369076,43.38707926],[-0.60776432,43.38715694],[-0.62989078,43.38032086],[-0.63662415,43.37390237],[-0.63785054,43.37695731],[-0.64185394,43.38061854],[-0.63864564,43.382289],[-0.63146509,43.38936295],[-0.60853607,43.40025252],[-0.60708184,43.39894383],[-0.59929043,43.40057213]]]]}},{"type":"Feature","properties":{"code":"64432","nom":"Ossas-Suhare","departement":"64","region":"75"},"geometry":{"type":"MultiPolygon","coordinates":[[[[-0.91804016,43.1528509],[-0.91163486,43.15387879],[-0.90674442,43.14886265],[-0.90026192,43.15032765],[-0.88454938,43.14087484],[-0.88314401,43.14100655],[-0.88139996,43.13860462],[-0.88166516,43.12900707],[-0.88986904,43.12779259],[-0.89178445,43.12640322],[-0.90233151,43.13296932],[-0.9115927,43.13405631],[-0.91661349,43.13333356],[-0.92658647,43.1290738],[-0.93254005,43.12430609],[-0.93752187,43.12425377],[-0.93309549,43.12542232],[-0.92653645,43.14160153],[-0.91821702,43.15139635],[-0.91804016,43.1528509]]]]}},{"type":"Feature","properties":{"code":"64433","nom":"Osse-en-Aspe","departement":"64","region":"75"},"geometry":{"type":"MultiPolygon","coordinates":[[[[-0.61164568,42.98802611],[-0.63308822,42.99274391],[-0.6398166,42.99360565],[-0.6484661,42.99745021],[-0.65936104,43.00511157],[-0.67267961,43.0040308],[-0.67790358,43.00091266],[-0.68306664,42.99663312],[-0.68579901,42.99084493],[-0.68703973,42.98473064],[-0.69101025,42.97966513],[-0.69357033,42.97833474],[-0.7057742,42.97800552],[-0.72331702,42.98649518],[-0.73602745,42.99406897],[-0.73568748,42.99826832],[-0.72970114,43.00582305],[-0.72440734,43.01163648],[-0.71453924,43.01985684],[-0.71185618,43.02729101],[-0.71280596,43.04081775],[-0.70798897,43.04500946],[-0.70245859,43.04867266],[-0.6961029,43.04438486],[-0.68793724,43.0338491],[-0.68944045,43.03357516],[-0.67592879,43.02884008],[-0.6528043,43.02475445],[-0.65103047,43.02332374],[-0.64306471,43.02042565],[-0.63536896,43.01921586],[-0.63343532,43.01997986],[-0.62117932,43.03277885],[-0.61889743,43.0361292],[-0.60651961,43.03484602],[-0.6041024,43.02967104],[-0.60201801,43.02295529],[-0.6039439,43.01912212],[-0.60206788,43.00529708],[-0.60417791,43.00019467],[-0.61164568,42.98802611]]]]}},{"type":"Feature","properties":{"code":"64434","nom":"Ossenx","departement":"64","region":"75"},"geometry":{"type":"MultiPolygon","coordinates":[[[[-0.82385546,43.3646764],[-0.82142522,43.37286562],[-0.81832188,43.37853236],[-0.81582852,43.38161868],[-0.80415224,43.39146896],[-0.80187893,43.3906527],[-0.7972237,43.38688476],[-0.79549816,43.37815484],[-0.80101208,43.37369749],[-0.80272166,43.36963577],[-0.80802349,43.36374715],[-0.81071338,43.36540689],[-0.81526861,43.36618837],[-0.8225094,43.36437183],[-0.82385546,43.3646764]]]]}},{"type":"Feature","properties":{"code":"64435","nom":"Osserain-Rivareyte","departement":"64","region":"75"},"geometry":{"type":"MultiPolygon","coordinates":[[[[-0.97321615,43.37555923],[-0.97322922,43.38195505],[-0.96665638,43.3907292],[-0.960252,43.38765894],[-0.95737373,43.38384418],[-0.94942916,43.37803466],[-0.93970419,43.37470979],[-0.93386935,43.37640118],[-0.93244543,43.37618184],[-0.93259606,43.3689714],[-0.93537821,43.36386754],[-0.94278073,43.35853398],[-0.94166721,43.35617144],[-0.93668041,43.35281598],[-0.93864736,43.35190577],[-0.94852682,43.36180564],[-0.96252741,43.36314812],[-0.96681172,43.37031953],[-0.97000665,43.37364137],[-0.97321615,43.37555923]]]]}},{"type":"Feature","properties":{"code":"64436","nom":"Ossès","departement":"64","region":"75"},"geometry":{"type":"MultiPolygon","coordinates":[[[[-1.27428495,43.20488574],[-1.27743207,43.20881735],[-1.28094629,43.21158217],[-1.29080288,43.21352273],[-1.29498011,43.21786786],[-1.30129862,43.22936314],[-1.29977989,43.23513509],[-1.30023298,43.23775835],[-1.30373894,43.2411166],[-1.30762363,43.242957],[-1.3119875,43.24390158],[-1.31522013,43.2457831],[-1.3200806,43.25157496],[-1.32092921,43.25597512],[-1.31965983,43.25635566],[-1.3195222,43.2579242],[-1.32050167,43.25984262],[-1.31224238,43.27493034],[-1.30841823,43.27595959],[-1.30164814,43.27928265],[-1.29539727,43.28448639],[-1.29288243,43.29037371],[-1.28870822,43.29467104],[-1.28871049,43.29276287],[-1.27906804,43.28066728],[-1.26501877,43.27320366],[-1.26206899,43.26955907],[-1.26016705,43.26550913],[-1.25977353,43.26146812],[-1.25043024,43.24655462],[-1.23612026,43.23587776],[-1.23385137,43.22925575],[-1.23202803,43.21771861],[-1.22466667,43.2172352],[-1.23289502,43.20829917],[-1.23951629,43.20403684],[-1.24385272,43.20136746],[-1.25465789,43.1977123],[-1.25623313,43.19803567],[-1.25986624,43.20245118],[-1.26351517,43.20408967],[-1.26847855,43.20493286],[-1.27428495,43.20488574]]]]}},{"type":"Feature","properties":{"code":"64438","nom":"Ouillon","departement":"64","region":"75"},"geometry":{"type":"MultiPolygon","coordinates":[[[[-0.20875274,43.31401633],[-0.22167143,43.3119349],[-0.2377243,43.32031716],[-0.24064798,43.32044743],[-0.24372325,43.32721309],[-0.24381173,43.33069027],[-0.24242634,43.33603128],[-0.23591646,43.34042915],[-0.23771604,43.34281793],[-0.22656686,43.34508874],[-0.22435732,43.34358895],[-0.22316946,43.34136449],[-0.21404332,43.32760982],[-0.20875274,43.31401633]]]]}},{"type":"Feature","properties":{"code":"64439","nom":"Ousse","departement":"64","region":"75"},"geometry":{"type":"MultiPolygon","coordinates":[[[[-0.26379386,43.25811818],[-0.26712063,43.26067798],[-0.26680436,43.26253229],[-0.26952981,43.26877721],[-0.27989291,43.28149878],[-0.27878098,43.28266245],[-0.28002401,43.28304517],[-0.28092873,43.28512717],[-0.27770242,43.29371346],[-0.27232144,43.29517666],[-0.27190137,43.29270536],[-0.25579293,43.28650439],[-0.26048992,43.27498088],[-0.25944602,43.26919996],[-0.25722674,43.2639803],[-0.25467708,43.26228538],[-0.26203531,43.25806149],[-0.26379386,43.25811818]]]]}},{"type":"Feature","properties":{"code":"64440","nom":"Ozenx-Montestrucq","departement":"64","region":"75"},"geometry":{"type":"MultiPolygon","coordinates":[[[[-0.79190856,43.46042689],[-0.78743626,43.45654548],[-0.78104354,43.44298812],[-0.78637033,43.44197875],[-0.78707243,43.44128408],[-0.78906081,43.43677499],[-0.7889158,43.4350246],[-0.7845158,43.42907271],[-0.78432699,43.4246074],[-0.78941473,43.41500826],[-0.79269424,43.41270924],[-0.79525196,43.41198279],[-0.7946749,43.41278662],[-0.79761219,43.4134681],[-0.81549102,43.41511985],[-0.81944287,43.41743488],[-0.82466337,43.41788103],[-0.8285944,43.42217623],[-0.8324869,43.42434521],[-0.83245503,43.42624053],[-0.83481937,43.43111795],[-0.83608121,43.43111738],[-0.83466249,43.43868054],[-0.83651836,43.44633853],[-0.83296466,43.44758848],[-0.81925901,43.44922023],[-0.80417049,43.45617609],[-0.79190856,43.46042689]]]]}},{"type":"Feature","properties":{"code":"64441","nom":"Pagolle","departement":"64","region":"75"},"geometry":{"type":"MultiPolygon","coordinates":[[[[-0.97150308,43.22568261],[-0.97294764,43.22514397],[-0.97122754,43.21740317],[-0.97267356,43.21281067],[-0.99746036,43.20823375],[-1.00894005,43.20818685],[-1.01617483,43.2060245],[-1.02243245,43.19979466],[-1.03142931,43.20377562],[-1.03565332,43.20290881],[-1.03242658,43.20617195],[-1.02908355,43.20578171],[-1.01639934,43.23180783],[-1.01822362,43.2435146],[-1.01222728,43.24507342],[-1.00675666,43.2483336],[-1.00453516,43.25351576],[-1.00722922,43.25566661],[-0.99820702,43.25222819],[-0.99050458,43.24614002],[-0.98978604,43.24626115],[-0.98827399,43.24408336],[-0.97952744,43.24007852],[-0.97465044,43.24086891],[-0.97527531,43.23781606],[-0.97274798,43.22700216],[-0.97150308,43.22568261]]]]}},{"type":"Feature","properties":{"code":"64442","nom":"Parbayse","departement":"64","region":"75"},"geometry":{"type":"MultiPolygon","coordinates":[[[[-0.57333736,43.35270121],[-0.55965212,43.34949197],[-0.54391815,43.33666424],[-0.53620356,43.33215686],[-0.53268479,43.33134261],[-0.5319854,43.33174547],[-0.52861546,43.33025806],[-0.52257862,43.32539785],[-0.52180964,43.32101057],[-0.52313119,43.32063792],[-0.52350201,43.31946152],[-0.52466419,43.32001254],[-0.52678435,43.32364074],[-0.53139915,43.32437613],[-0.54812846,43.31437041],[-0.55164698,43.31827461],[-0.55970201,43.33440949],[-0.57442582,43.34808967],[-0.57818226,43.35065619],[-0.57333736,43.35270121]]]]}},{"type":"Feature","properties":{"code":"64443","nom":"Pardies","departement":"64","region":"75"},"geometry":{"type":"MultiPolygon","coordinates":[[[[-0.5977766,43.35153601],[-0.60172796,43.35784874],[-0.60585727,43.36093869],[-0.59393996,43.37073436],[-0.59046034,43.37576601],[-0.5887931,43.38048888],[-0.59293577,43.38356095],[-0.58746225,43.38849302],[-0.57291886,43.38400322],[-0.5810809,43.37478464],[-0.57886947,43.37124395],[-0.57200141,43.36575978],[-0.57556199,43.36100258],[-0.57625568,43.35806283],[-0.57333736,43.35270121],[-0.57818226,43.35065619],[-0.58537526,43.35350945],[-0.59014486,43.35346827],[-0.5977766,43.35153601]]]]}},{"type":"Feature","properties":{"code":"64444","nom":"Pardies-Piétat","departement":"64","region":"75"},"geometry":{"type":"MultiPolygon","coordinates":[[[[-0.32518398,43.22419358],[-0.31987277,43.22299314],[-0.31185386,43.21856067],[-0.31021216,43.21841838],[-0.29534549,43.22320564],[-0.296278,43.22459513],[-0.29564119,43.2262063],[-0.29283096,43.22781179],[-0.28703369,43.22483568],[-0.28092577,43.2208019],[-0.27857701,43.21636016],[-0.28086989,43.21650563],[-0.29153073,43.21177224],[-0.30805846,43.20685172],[-0.32189764,43.20012442],[-0.3254129,43.20024208],[-0.32540926,43.20244342],[-0.33576483,43.20405303],[-0.33824273,43.20567886],[-0.33753401,43.21079111],[-0.33488805,43.21569768],[-0.32518398,43.22419358]]]]}},{"type":"Feature","properties":{"code":"64445","nom":"Pau","departement":"64","region":"75"},"geometry":{"type":"MultiPolygon","coordinates":[[[[-0.38530206,43.29470913],[-0.38466116,43.29561339],[-0.3899895,43.29612703],[-0.39228555,43.29710302],[-0.39232849,43.29856572],[-0.39037391,43.29888999],[-0.38782225,43.29750869],[-0.38669932,43.29843348],[-0.38444649,43.30203451],[-0.37937536,43.30242554],[-0.37990574,43.30427997],[-0.3802936,43.30944241],[-0.38055017,43.31213468],[-0.37731829,43.31181794],[-0.37803548,43.31568075],[-0.37874535,43.31945916],[-0.37901717,43.3208769],[-0.37962502,43.32745519],[-0.37992156,43.34701557],[-0.36308783,43.34492474],[-0.3614274,43.34683032],[-0.37469082,43.35142534],[-0.37201583,43.35589385],[-0.35690814,43.35161505],[-0.34706016,43.35559848],[-0.34300488,43.35801276],[-0.33993132,43.3503597],[-0.34005044,43.3451805],[-0.33290565,43.33330055],[-0.32396584,43.3310619],[-0.3101861,43.32550081],[-0.3068375,43.32513151],[-0.29898578,43.32178075],[-0.29436838,43.32063226],[-0.30431829,43.31038671],[-0.30785759,43.31082855],[-0.31234624,43.30826549],[-0.3146962,43.30595062],[-0.32564495,43.3101953],[-0.32781614,43.30914796],[-0.32560804,43.30895753],[-0.32295226,43.30527928],[-0.32378749,43.30385713],[-0.32484436,43.30228139],[-0.33236301,43.30270434],[-0.33402134,43.29893556],[-0.33280794,43.29892888],[-0.33506013,43.29703254],[-0.34750426,43.29291565],[-0.35980102,43.29230524],[-0.36205502,43.29143108],[-0.36305876,43.29000155],[-0.36024292,43.28698739],[-0.37655118,43.29298142],[-0.3767548,43.29273286],[-0.37898249,43.28575727],[-0.37904609,43.285812],[-0.38521828,43.28979834],[-0.38554359,43.29437202],[-0.38530206,43.29470913]]]]}},{"type":"Feature","properties":{"code":"64446","nom":"Peyrelongue-Abos","departement":"64","region":"75"},"geometry":{"type":"MultiPolygon","coordinates":[[[[-0.09184183,43.43243733],[-0.07694317,43.41536096],[-0.07767762,43.41507629],[-0.10449535,43.40126564],[-0.10759959,43.39982516],[-0.11062357,43.40608566],[-0.11482805,43.40466557],[-0.11622937,43.40837785],[-0.12028449,43.41394942],[-0.12071982,43.41767152],[-0.12088519,43.42117542],[-0.11961845,43.42558223],[-0.11222925,43.43335243],[-0.10827979,43.43557629],[-0.10095004,43.43508234],[-0.09573093,43.433033],[-0.09184183,43.43243733]]]]}},{"type":"Feature","properties":{"code":"64447","nom":"Piets-Plasence-Moustrou","departement":"64","region":"75"},"geometry":{"type":"MultiPolygon","coordinates":[[[[-0.5142856,43.51344012],[-0.52204384,43.52420462],[-0.52409972,43.53031605],[-0.52064568,43.54078444],[-0.51757434,43.54311221],[-0.51433208,43.54730342],[-0.50162399,43.53818045],[-0.48991086,43.53452503],[-0.47629028,43.52655088],[-0.47718329,43.52269835],[-0.48448436,43.51866441],[-0.50119373,43.51395372],[-0.5142856,43.51344012]]]]}},{"type":"Feature","properties":{"code":"64448","nom":"Poey-de-Lescar","departement":"64","region":"75"},"geometry":{"type":"MultiPolygon","coordinates":[[[[-0.46125969,43.3614856],[-0.46053552,43.36122333],[-0.44915046,43.36888622],[-0.45054261,43.37119026],[-0.44882013,43.3714694],[-0.44852092,43.37096657],[-0.44273774,43.37513178],[-0.43774603,43.37331849],[-0.42955626,43.36856015],[-0.4548936,43.34560234],[-0.45759387,43.34452462],[-0.46280286,43.34398963],[-0.47179249,43.33975731],[-0.47450786,43.33769176],[-0.47631893,43.33481058],[-0.47653538,43.3341661],[-0.4784664,43.3366658],[-0.47674181,43.34267516],[-0.48319684,43.34675455],[-0.47271299,43.35586327],[-0.46163408,43.36001486],[-0.46125969,43.3614856]]]]}},{"type":"Feature","properties":{"code":"64449","nom":"Poey-d'Oloron","departement":"64","region":"75"},"geometry":{"type":"MultiPolygon","coordinates":[[[[-0.66290883,43.23532957],[-0.66524133,43.23755654],[-0.67758759,43.24244679],[-0.67915012,43.24334537],[-0.67954864,43.24528678],[-0.67632905,43.24983507],[-0.67641585,43.25351609],[-0.6784491,43.25653649],[-0.66994536,43.25773631],[-0.66251624,43.25781931],[-0.64463662,43.24643794],[-0.6452041,43.24530127],[-0.6469692,43.24567028],[-0.66290883,43.23532957]]]]}},{"type":"Feature","properties":{"code":"64450","nom":"Pomps","departement":"64","region":"75"},"geometry":{"type":"MultiPolygon","coordinates":[[[[-0.58707315,43.48806155],[-0.58086779,43.49219706],[-0.58010102,43.49007622],[-0.57345124,43.4878541],[-0.55562535,43.49134665],[-0.55102046,43.4899738],[-0.54061717,43.49661206],[-0.54364004,43.49912864],[-0.5464953,43.49982779],[-0.54691807,43.50094422],[-0.54623345,43.50123771],[-0.52812534,43.49537128],[-0.52624009,43.4955335],[-0.52391194,43.494687],[-0.52228025,43.49293165],[-0.5356708,43.4824153],[-0.53720886,43.47666077],[-0.54543849,43.47154123],[-0.54676684,43.47314854],[-0.55522914,43.47690858],[-0.56426029,43.47538526],[-0.56895822,43.47822964],[-0.57958161,43.47868257],[-0.57919468,43.48470155],[-0.58707315,43.48806155]]]]}},{"type":"Feature","properties":{"code":"64451","nom":"Ponson-Debat-Pouts","departement":"64","region":"75"},"geometry":{"type":"MultiPolygon","coordinates":[[[[-0.06523329,43.34103859],[-0.05412618,43.34090274],[-0.03483198,43.33751994],[-0.0262809,43.33223476],[-0.02555814,43.32979101],[-0.02792289,43.32356262],[-0.04886861,43.32366979],[-0.06346411,43.31994871],[-0.06763773,43.31772284],[-0.06953596,43.31928672],[-0.06828307,43.32819887],[-0.0665002,43.33107809],[-0.06411221,43.33909337],[-0.06523329,43.34103859]]]]}},{"type":"Feature","properties":{"code":"64452","nom":"Ponson-Dessus","departement":"64","region":"75"},"geometry":{"type":"MultiPolygon","coordinates":[[[[-0.06982859,43.2817075],[-0.07207682,43.29707731],[-0.07527295,43.3053056],[-0.07519535,43.30715513],[-0.06906379,43.31215748],[-0.07070963,43.31664623],[-0.06953596,43.31928672],[-0.06763773,43.31772284],[-0.06346411,43.31994871],[-0.04886861,43.32366979],[-0.02792289,43.32356262],[-0.02923318,43.31919124],[-0.02896167,43.31665296],[-0.03436446,43.30956058],[-0.04485284,43.30351576],[-0.04618156,43.29968922],[-0.04404012,43.289784],[-0.05198851,43.28817161],[-0.05717969,43.28453464],[-0.06345025,43.28195339],[-0.06982859,43.2817075]]]]}},{"type":"Feature","properties":{"code":"64453","nom":"Pontacq","departement":"64","region":"75"},"geometry":{"type":"MultiPolygon","coordinates":[[[[-0.10228873,43.22786743],[-0.10495392,43.24305936],[-0.10319505,43.2429596],[-0.09166503,43.24184647],[-0.09299297,43.23508023],[-0.09209991,43.23086764],[-0.08896083,43.2264799],[-0.0782347,43.22128346],[-0.07410681,43.22247325],[-0.07164175,43.21156564],[-0.07088718,43.19435051],[-0.06779464,43.18109085],[-0.06827191,43.1772705],[-0.09941636,43.17280349],[-0.10808442,43.17332454],[-0.11242008,43.18019926],[-0.11771815,43.18027127],[-0.12262539,43.17097535],[-0.12520423,43.16728912],[-0.13129398,43.1709157],[-0.13521099,43.17571689],[-0.13676195,43.17949849],[-0.14149684,43.18522723],[-0.14578512,43.19534203],[-0.14786378,43.19731496],[-0.15294218,43.20554584],[-0.12208411,43.2049921],[-0.11395707,43.21005295],[-0.10989473,43.21419132],[-0.10228873,43.22786743]]]]}},{"type":"Feature","properties":{"code":"64454","nom":"Pontiacq-Viellepinte","departement":"64","region":"75"},"geometry":{"type":"MultiPolygon","coordinates":[[[[-0.053369,43.37832447],[-0.04728035,43.36920605],[-0.03385642,43.36623341],[-0.03936733,43.35501073],[-0.05088067,43.34928134],[-0.06050179,43.34709911],[-0.06306176,43.34752178],[-0.06512936,43.35477887],[-0.07369339,43.3622549],[-0.07837799,43.36519799],[-0.07459255,43.36733221],[-0.06378374,43.38022769],[-0.053369,43.37832447]]]]}},{"type":"Feature","properties":{"code":"64455","nom":"Portet","departement":"64","region":"75"},"geometry":{"type":"MultiPolygon","coordinates":[[[[-0.20695355,43.55683743],[-0.20871258,43.55809203],[-0.20377487,43.5690329],[-0.20005396,43.57275271],[-0.20099748,43.57752179],[-0.20493935,43.58172245],[-0.20580571,43.58370407],[-0.20500938,43.58399593],[-0.19099281,43.58840699],[-0.18480219,43.59115065],[-0.17882571,43.59606956],[-0.17655861,43.59683559],[-0.16237766,43.58175134],[-0.1700135,43.575192],[-0.19156746,43.56595902],[-0.1941219,43.56388391],[-0.19803982,43.55801448],[-0.2043341,43.5563151],[-0.20695355,43.55683743]]]]}},{"type":"Feature","properties":{"code":"64456","nom":"Pouliacq","departement":"64","region":"75"},"geometry":{"type":"MultiPolygon","coordinates":[[[[-0.37554366,43.52413732],[-0.37074955,43.52462774],[-0.36134737,43.52745816],[-0.34689882,43.53796482],[-0.34503295,43.53761803],[-0.34039319,43.53259287],[-0.34072369,43.52908325],[-0.34698868,43.52438836],[-0.35220273,43.51294286],[-0.35500883,43.51249496],[-0.35819178,43.51227126],[-0.3699625,43.52209828],[-0.37554366,43.52413732]]]]}},{"type":"Feature","properties":{"code":"64457","nom":"Poursiugues-Boucoue","departement":"64","region":"75"},"geometry":{"type":"MultiPolygon","coordinates":[[[[-0.38288134,43.53699363],[-0.38607684,43.53920654],[-0.39244407,43.5394885],[-0.39421473,43.53872077],[-0.39584583,43.54084728],[-0.39763316,43.54623881],[-0.39728779,43.55960685],[-0.40067688,43.56321646],[-0.39404134,43.56866193],[-0.37549809,43.56570102],[-0.36321224,43.56242438],[-0.35358304,43.5614607],[-0.3494423,43.55648158],[-0.35194069,43.55416297],[-0.35482752,43.55315519],[-0.36758801,43.54464233],[-0.38288134,43.53699363]]]]}},{"type":"Feature","properties":{"code":"64458","nom":"Préchacq-Josbaig","departement":"64","region":"75"},"geometry":{"type":"MultiPolygon","coordinates":[[[[-0.72221103,43.27245114],[-0.72297726,43.26935386],[-0.72090714,43.26802127],[-0.71234183,43.27207044],[-0.70797697,43.27159724],[-0.70160299,43.26973569],[-0.69812755,43.26882997],[-0.6969421,43.26771608],[-0.69932657,43.26598644],[-0.69848039,43.26193874],[-0.7018,43.25867672],[-0.71245808,43.25515709],[-0.7245315,43.2562316],[-0.73698328,43.2515192],[-0.74944203,43.24563617],[-0.76671715,43.23913247],[-0.77041385,43.23877735],[-0.77238943,43.24144959],[-0.77167042,43.24507243],[-0.77037686,43.24620189],[-0.75944413,43.2502917],[-0.75962912,43.2508427],[-0.75630948,43.25098439],[-0.75372247,43.25238829],[-0.74639371,43.26903113],[-0.74338929,43.26844461],[-0.73620733,43.26888608],[-0.73019892,43.27099127],[-0.72642076,43.27381977],[-0.72221103,43.27245114]]]]}},{"type":"Feature","properties":{"code":"64459","nom":"Préchacq-Navarrenx","departement":"64","region":"75"},"geometry":{"type":"MultiPolygon","coordinates":[[[[-0.68776623,43.27677129],[-0.68815214,43.27451939],[-0.69284974,43.27514592],[-0.69564798,43.27469268],[-0.70160299,43.26973569],[-0.70797697,43.27159724],[-0.71234183,43.27207044],[-0.72090714,43.26802127],[-0.72297726,43.26935386],[-0.72221103,43.27245114],[-0.72216032,43.27418554],[-0.72853359,43.28625106],[-0.71725225,43.28327904],[-0.70910186,43.28360428],[-0.7081907,43.29168739],[-0.69914515,43.29270177],[-0.69702701,43.2923159],[-0.68540245,43.28554664],[-0.68425045,43.28397398],[-0.68384257,43.28297299],[-0.68776623,43.27677129]]]]}},{"type":"Feature","properties":{"code":"64460","nom":"Précilhon","departement":"64","region":"75"},"geometry":{"type":"MultiPolygon","coordinates":[[[[-0.58134145,43.18048927],[-0.57817844,43.18523948],[-0.58695244,43.18774647],[-0.59068265,43.19024704],[-0.58947923,43.19636495],[-0.57507343,43.20983469],[-0.57284231,43.21282868],[-0.55295138,43.20581586],[-0.56366432,43.19266403],[-0.57582595,43.17415521],[-0.58339674,43.17688959],[-0.58134145,43.18048927]]]]}},{"type":"Feature","properties":{"code":"64461","nom":"Puyoô","departement":"64","region":"75"},"geometry":{"type":"MultiPolygon","coordinates":[[[[-0.87152113,43.54521805],[-0.87571927,43.53887234],[-0.87961448,43.53815205],[-0.89625103,43.53124541],[-0.90527299,43.52254236],[-0.90645045,43.51950653],[-0.91228971,43.51834651],[-0.92606275,43.52718932],[-0.93634057,43.53489092],[-0.93565723,43.53720476],[-0.9355137,43.53792884],[-0.92746607,43.53613784],[-0.92190752,43.53785871],[-0.91199344,43.54833583],[-0.90544236,43.55027357],[-0.89420605,43.54983075],[-0.87152113,43.54521805]]]]}},{"type":"Feature","properties":{"code":"64462","nom":"Ramous","departement":"64","region":"75"},"geometry":{"type":"MultiPolygon","coordinates":[[[[-0.87449464,43.50519378],[-0.88415751,43.51335598],[-0.88335765,43.51609694],[-0.88545277,43.51854142],[-0.8892459,43.51904048],[-0.89374467,43.516418],[-0.89912122,43.51471591],[-0.8998726,43.51708594],[-0.90221608,43.51956713],[-0.90432409,43.5201119],[-0.90645045,43.51950653],[-0.90527299,43.52254236],[-0.89625103,43.53124541],[-0.87961448,43.53815205],[-0.87571927,43.53887234],[-0.87152113,43.54521805],[-0.86396175,43.54416702],[-0.86570965,43.53726221],[-0.86709693,43.51811853],[-0.87271324,43.50711217],[-0.87449464,43.50519378]]]]}},{"type":"Feature","properties":{"code":"64463","nom":"Rébénacq","departement":"64","region":"75"},"geometry":{"type":"MultiPolygon","coordinates":[[[[-0.42121785,43.14803176],[-0.41236742,43.15602702],[-0.40937202,43.16042796],[-0.39707918,43.16449379],[-0.39433057,43.17542364],[-0.39330457,43.17820728],[-0.3920794,43.17906781],[-0.37449584,43.17706445],[-0.37848381,43.16326586],[-0.37837204,43.15208058],[-0.37930388,43.14984837],[-0.38136287,43.14691819],[-0.39032628,43.139356],[-0.40036913,43.13334078],[-0.40092079,43.13753489],[-0.40242634,43.13888551],[-0.40540012,43.13944788],[-0.40977938,43.13834699],[-0.41966524,43.14591851],[-0.42121785,43.14803176]]]]}},{"type":"Feature","properties":{"code":"64464","nom":"Ribarrouy","departement":"64","region":"75"},"geometry":{"type":"MultiPolygon","coordinates":[[[[-0.28858438,43.52723852],[-0.26987261,43.53064081],[-0.26744313,43.52940201],[-0.26649423,43.51844376],[-0.26730161,43.51708402],[-0.27011596,43.51574661],[-0.27430186,43.50838853],[-0.27473143,43.50739493],[-0.27537194,43.50762772],[-0.28072592,43.51870932],[-0.28852248,43.52233269],[-0.28858438,43.52723852]]]]}},{"type":"Feature","properties":{"code":"64465","nom":"Riupeyrous","departement":"64","region":"75"},"geometry":{"type":"MultiPolygon","coordinates":[[[[-0.24578667,43.39383154],[-0.24873835,43.3979127],[-0.24451186,43.4026252],[-0.23902163,43.40626876],[-0.22401823,43.41266376],[-0.22287041,43.41230357],[-0.21283006,43.4003766],[-0.23086046,43.39176611],[-0.23829486,43.38611458],[-0.2410998,43.38815461],[-0.24578667,43.39383154]]]]}},{"type":"Feature","properties":{"code":"64466","nom":"Rivehaute","departement":"64","region":"75"},"geometry":{"type":"MultiPolygon","coordinates":[[[[-0.86087959,43.35932314],[-0.85804595,43.35828131],[-0.85746899,43.35560256],[-0.85274363,43.35330949],[-0.8471624,43.35192574],[-0.83954676,43.34908735],[-0.83598255,43.34399364],[-0.83586359,43.33965129],[-0.84991012,43.32865474],[-0.85514801,43.32781686],[-0.8724632,43.33128236],[-0.87315697,43.33218699],[-0.87129058,43.33430379],[-0.87065097,43.33727099],[-0.88264624,43.34406337],[-0.88764368,43.34529695],[-0.86285781,43.35889222],[-0.86087959,43.35932314]]]]}},{"type":"Feature","properties":{"code":"64467","nom":"Rontignon","departement":"64","region":"75"},"geometry":{"type":"MultiPolygon","coordinates":[[[[-0.3577371,43.24337285],[-0.35109679,43.2475965],[-0.3476367,43.25720426],[-0.33339353,43.27092139],[-0.33131023,43.26956042],[-0.32222642,43.25898217],[-0.32402104,43.25842275],[-0.32681059,43.25576368],[-0.3308585,43.24330974],[-0.33248738,43.23343062],[-0.33714258,43.23031392],[-0.34319538,43.22980158],[-0.34629494,43.23040417],[-0.35116592,43.22953547],[-0.3577371,43.24337285]]]]}},{"type":"Feature","properties":{"code":"64468","nom":"Roquiague","departement":"64","region":"75"},"geometry":{"type":"MultiPolygon","coordinates":[[[[-0.84616378,43.20229294],[-0.84284046,43.20538777],[-0.82982993,43.20647732],[-0.81865996,43.2017303],[-0.81794554,43.20047681],[-0.83030924,43.18565125],[-0.83313616,43.17530893],[-0.83069255,43.16857694],[-0.84340913,43.16412319],[-0.84942108,43.16286582],[-0.85505436,43.16919072],[-0.85352468,43.17178496],[-0.85390937,43.17801021],[-0.86371598,43.18642255],[-0.86518929,43.18971535],[-0.86324839,43.19148157],[-0.86006433,43.19238449],[-0.85487451,43.19252241],[-0.85273226,43.19290066],[-0.84616378,43.20229294]]]]}},{"type":"Feature","properties":{"code":"64469","nom":"Saint-Abit","departement":"64","region":"75"},"geometry":{"type":"MultiPolygon","coordinates":[[[[-0.3254129,43.20024208],[-0.32189764,43.20012442],[-0.30805846,43.20685172],[-0.29153073,43.21177224],[-0.28086989,43.21650563],[-0.27857701,43.21636016],[-0.2753153,43.21148427],[-0.27364058,43.21049348],[-0.27428613,43.21011378],[-0.28864458,43.20408452],[-0.30775376,43.19399509],[-0.31385794,43.19302627],[-0.31834475,43.19380662],[-0.32686551,43.19732446],[-0.3254129,43.20024208]]]]}},{"type":"Feature","properties":{"code":"64470","nom":"Saint-Armou","departement":"64","region":"75"},"geometry":{"type":"MultiPolygon","coordinates":[[[[-0.30880927,43.43093509],[-0.28744721,43.42004759],[-0.286191,43.41818943],[-0.28888368,43.41559367],[-0.28777345,43.40999975],[-0.2930915,43.40473089],[-0.29662433,43.39810611],[-0.29653502,43.39249474],[-0.29340271,43.39128901],[-0.2869967,43.39030785],[-0.28277577,43.39150476],[-0.2794348,43.38751913],[-0.28927289,43.38405559],[-0.29861212,43.38235404],[-0.29849038,43.38298713],[-0.30412746,43.38703537],[-0.30843965,43.38748168],[-0.31362902,43.38701494],[-0.3181661,43.38538571],[-0.31906587,43.39698529],[-0.32490322,43.40977147],[-0.32840445,43.4146127],[-0.32946415,43.42065093],[-0.32446199,43.42583995],[-0.31704395,43.42981692],[-0.31393688,43.43012186],[-0.31264473,43.42954639],[-0.30880927,43.43093509]]]]}},{"type":"Feature","properties":{"code":"64471","nom":"Saint-Boès","departement":"64","region":"75"},"geometry":{"type":"MultiPolygon","coordinates":[[[[-0.80242307,43.54833514],[-0.80309482,43.54568943],[-0.80187392,43.54399014],[-0.78113257,43.53604624],[-0.78165054,43.53304577],[-0.78847298,43.52710857],[-0.79448857,43.5176556],[-0.81448831,43.51236443],[-0.82268889,43.51182336],[-0.82566284,43.51308492],[-0.82676213,43.5139613],[-0.82923838,43.52154663],[-0.8185613,43.53938737],[-0.81574485,43.54066201],[-0.81122572,43.54602199],[-0.80531237,43.54880311],[-0.80242307,43.54833514]]]]}},{"type":"Feature","properties":{"code":"64472","nom":"Saint-Castin","departement":"64","region":"75"},"geometry":{"type":"MultiPolygon","coordinates":[[[[-0.30899586,43.36123038],[-0.32702755,43.36822986],[-0.3248134,43.37500512],[-0.33252908,43.38647142],[-0.3280219,43.38662725],[-0.3181661,43.38538571],[-0.31362902,43.38701494],[-0.30843965,43.38748168],[-0.30412746,43.38703537],[-0.29849038,43.38298713],[-0.29861212,43.38235404],[-0.29832853,43.38093824],[-0.28701908,43.3658397],[-0.29337628,43.36243373],[-0.30899586,43.36123038]]]]}},{"type":"Feature","properties":{"code":"64473","nom":"Sainte-Colome","departement":"64","region":"75"},"geometry":{"type":"MultiPolygon","coordinates":[[[[-0.4123233,43.10243903],[-0.4064541,43.10481337],[-0.38881893,43.11845229],[-0.38123077,43.12793554],[-0.37933723,43.12924812],[-0.37014921,43.1236167],[-0.36160889,43.1199206],[-0.35193418,43.11107288],[-0.35218126,43.11054485],[-0.35208031,43.10784998],[-0.35560115,43.10676088],[-0.37121085,43.10532095],[-0.37836426,43.09977454],[-0.38362558,43.09701665],[-0.40684129,43.09334713],[-0.4099251,43.09435593],[-0.41121512,43.09567086],[-0.41275326,43.09833731],[-0.4123233,43.10243903]]]]}},{"type":"Feature","properties":{"code":"64474","nom":"Saint-Dos","departement":"64","region":"75"},"geometry":{"type":"MultiPolygon","coordinates":[[[[-1.02569219,43.46406981],[-1.02641152,43.46402775],[-1.03220403,43.47158123],[-1.03463417,43.47948408],[-1.02477868,43.48039297],[-1.0234453,43.47885969],[-1.02325103,43.47769309],[-1.02210085,43.47720249],[-1.01293955,43.47648102],[-1.0131262,43.47187438],[-1.0184087,43.46820669],[-1.02661759,43.46688029],[-1.02569219,43.46406981]]]]}},{"type":"Feature","properties":{"code":"64475","nom":"Sainte-Engrâce","departement":"64","region":"75"},"geometry":{"type":"MultiPolygon","coordinates":[[[[-0.89707843,42.95616555],[-0.874794,42.96731461],[-0.89176989,42.99217217],[-0.8919772,43.0074325],[-0.90110578,43.0183258],[-0.8990696,43.02329545],[-0.89780976,43.03019364],[-0.88173575,43.03621739],[-0.86609636,43.04333689],[-0.86072883,43.04294797],[-0.85226375,43.03434783],[-0.84435832,43.0309578],[-0.82588276,43.02533526],[-0.80861564,43.02065826],[-0.79621159,43.01528569],[-0.78907615,43.01529967],[-0.77800997,43.01695861],[-0.77490907,43.01682441],[-0.76367517,43.01262807],[-0.754244,43.00127911],[-0.75446699,42.99875841],[-0.77679887,42.9982048],[-0.79442829,42.99043403],[-0.79787845,42.98766596],[-0.79725899,42.9830059],[-0.79365285,42.97526134],[-0.78771267,42.96814377],[-0.78471458,42.96723562],[-0.78382503,42.96446506],[-0.79299091,42.96243477],[-0.79995888,42.95895625],[-0.81196255,42.95128218],[-0.8186889,42.95105585],[-0.83786285,42.95400635],[-0.84893241,42.95197158],[-0.85838275,42.95130838],[-0.87019553,42.9530047],[-0.87659382,42.95472422],[-0.88516193,42.95554286],[-0.89559835,42.95548361],[-0.89707843,42.95616555]]]]}},{"type":"Feature","properties":{"code":"64476","nom":"Saint-Esteben","departement":"64","region":"75"},"geometry":{"type":"MultiPolygon","coordinates":[[[[-1.24304031,43.33812249],[-1.24246954,43.34389441],[-1.23996108,43.34794777],[-1.23841414,43.34791204],[-1.23309898,43.35013382],[-1.22945569,43.35179353],[-1.22310343,43.35333375],[-1.21492935,43.35291133],[-1.20967578,43.35069176],[-1.20952785,43.34684536],[-1.20239835,43.34008696],[-1.19966673,43.33436453],[-1.19733158,43.31981811],[-1.19477624,43.31365015],[-1.19773644,43.30355111],[-1.20573599,43.29652775],[-1.2244046,43.31531267],[-1.22488216,43.3176858],[-1.23019159,43.32501565],[-1.23536958,43.32825778],[-1.24304031,43.33812249]]]]}},{"type":"Feature","properties":{"code":"64494","nom":"Saint-Pé-de-Léren","departement":"64","region":"75"},"geometry":{"type":"MultiPolygon","coordinates":[[[[-1.0234453,43.47885969],[-1.02477868,43.48039297],[-1.03463417,43.47948408],[-1.04141447,43.48035836],[-1.04624852,43.48182382],[-1.04680096,43.48696159],[-1.05186275,43.48671657],[-1.05618913,43.48550157],[-1.05659309,43.48463421],[-1.06105598,43.48890658],[-1.06337543,43.49523035],[-1.0625925,43.49429124],[-1.0515744,43.49581994],[-1.0389355,43.49938443],[-1.02704588,43.50396548],[-1.02375115,43.50166721],[-1.01893756,43.49790902],[-1.02185838,43.49323057],[-1.02742205,43.48460536],[-1.0234453,43.47885969]]]]}},{"type":"Feature","properties":{"code":"64477","nom":"Saint-Étienne-de-Baïgorry","departement":"64","region":"75"},"geometry":{"type":"MultiPolygon","coordinates":[[[[-1.3323155,43.12101214],[-1.33552348,43.12084429],[-1.33774189,43.12202418],[-1.34649704,43.13143409],[-1.35686739,43.14065925],[-1.36431331,43.14197661],[-1.36771715,43.13859206],[-1.37292091,43.13708644],[-1.39754351,43.14687885],[-1.40755289,43.15548292],[-1.40398705,43.16040602],[-1.40193782,43.17843424],[-1.39087302,43.18630516],[-1.38565426,43.19272195],[-1.38191214,43.22563943],[-1.37807219,43.23201967],[-1.37828051,43.23510492],[-1.3642276,43.23376801],[-1.35977853,43.23598661],[-1.35648594,43.23645655],[-1.35528213,43.23567363],[-1.35080586,43.23420561],[-1.33648995,43.23307572],[-1.33367446,43.23113847],[-1.33309521,43.22598622],[-1.32427661,43.21473971],[-1.31125347,43.20477614],[-1.30551922,43.20131902],[-1.30198557,43.20026736],[-1.30323557,43.19349909],[-1.30876671,43.18311595],[-1.30650383,43.17312891],[-1.30551902,43.16129288],[-1.30402484,43.16209753],[-1.303629,43.15817323],[-1.31270063,43.13984315],[-1.31799547,43.13550629],[-1.32521907,43.13162678],[-1.32903495,43.12866479],[-1.33035976,43.12707657],[-1.3323155,43.12101214]]]]}},{"type":"Feature","properties":{"code":"64478","nom":"Saint-Faust","departement":"64","region":"75"},"geometry":{"type":"MultiPolygon","coordinates":[[[[-0.46343357,43.28835444],[-0.46066213,43.29581865],[-0.45825139,43.29851879],[-0.45987931,43.30080869],[-0.44991737,43.30133613],[-0.44291802,43.29736703],[-0.42837033,43.27156756],[-0.43650758,43.26134875],[-0.43962389,43.24855134],[-0.43808779,43.24728842],[-0.4375183,43.23095212],[-0.4548214,43.24662452],[-0.45604908,43.24670137],[-0.46043391,43.25922589],[-0.46343357,43.28835444]]]]}},{"type":"Feature","properties":{"code":"64479","nom":"Saint-Girons-en-Béarn","departement":"64","region":"75"},"geometry":{"type":"MultiPolygon","coordinates":[[[[-0.80334934,43.55618268],[-0.8055747,43.552479],[-0.80242307,43.54833514],[-0.80531237,43.54880311],[-0.81122572,43.54602199],[-0.81574485,43.54066201],[-0.8185613,43.53938737],[-0.84331113,43.54311892],[-0.84255613,43.55381562],[-0.83900721,43.55349447],[-0.82827408,43.56010636],[-0.81948168,43.56140621],[-0.81551831,43.56092952],[-0.80334934,43.55618268]]]]}},{"type":"Feature","properties":{"code":"64480","nom":"Saint-Gladie-Arrive-Munein","departement":"64","region":"75"},"geometry":{"type":"MultiPolygon","coordinates":[[[[-0.91695512,43.39151862],[-0.9195515,43.38457629],[-0.91711973,43.38063811],[-0.90373659,43.37238314],[-0.89062402,43.36820077],[-0.89244032,43.36721759],[-0.903861,43.36735446],[-0.91936703,43.36380862],[-0.91979466,43.36566482],[-0.92787946,43.36446353],[-0.93141867,43.35834961],[-0.93124775,43.35550324],[-0.92903847,43.35241391],[-0.92202665,43.34783348],[-0.92673764,43.34814165],[-0.9320654,43.34994399],[-0.93668041,43.35281598],[-0.94166721,43.35617144],[-0.94278073,43.35853398],[-0.93537821,43.36386754],[-0.93259606,43.3689714],[-0.93244543,43.37618184],[-0.93386935,43.37640118],[-0.93737731,43.37881722],[-0.93802578,43.38105718],[-0.93637066,43.38607151],[-0.93221848,43.38881846],[-0.91695512,43.39151862]]]]}},{"type":"Feature","properties":{"code":"64481","nom":"Saint-Goin","departement":"64","region":"75"},"geometry":{"type":"MultiPolygon","coordinates":[[[[-0.75573864,43.21181562],[-0.76046868,43.2180869],[-0.7580028,43.21718584],[-0.7410042,43.22499881],[-0.72628512,43.23375509],[-0.69452992,43.25574512],[-0.69325947,43.25393352],[-0.69121426,43.25345145],[-0.69011351,43.25086228],[-0.69108885,43.24627504],[-0.70187423,43.24013968],[-0.71570794,43.23413601],[-0.72056698,43.23053132],[-0.72312524,43.22639526],[-0.72881309,43.22084618],[-0.74450888,43.21308221],[-0.74839384,43.21216204],[-0.75573864,43.21181562]]]]}},{"type":"Feature","properties":{"code":"64482","nom":"Saint-Jammes","departement":"64","region":"75"},"geometry":{"type":"MultiPolygon","coordinates":[[[[-0.26956826,43.36172802],[-0.27192464,43.36794955],[-0.26820144,43.37480329],[-0.26729054,43.37495596],[-0.26366063,43.37249942],[-0.26053673,43.36868596],[-0.25536057,43.36523674],[-0.25211732,43.36482109],[-0.24519427,43.3659627],[-0.2403997,43.3677379],[-0.23476003,43.36737097],[-0.2333949,43.36629083],[-0.24221653,43.34994536],[-0.24482116,43.34961964],[-0.25371549,43.3542954],[-0.2563628,43.35703478],[-0.26956826,43.36172802]]]]}},{"type":"Feature","properties":{"code":"64483","nom":"Saint-Jean-de-Luz","departement":"64","region":"75"},"geometry":{"type":"MultiPolygon","coordinates":[[[[-1.6289651,43.36717921],[-1.64106847,43.36746323],[-1.64255245,43.37853802],[-1.65152636,43.38094512],[-1.65482304,43.38100963],[-1.66061866,43.38239385],[-1.66371549,43.38477737],[-1.66537067,43.38711667],[-1.66719494,43.38651256],[-1.66996837,43.38802671],[-1.66673033,43.38832509],[-1.66235499,43.39076771],[-1.66057817,43.39289001],[-1.66046207,43.39652055],[-1.66231745,43.39894863],[-1.66478629,43.39955144],[-1.66034442,43.40254205],[-1.65348193,43.40527344],[-1.64580847,43.40482913],[-1.63224572,43.41242742],[-1.62263968,43.4213347],[-1.62043294,43.42113696],[-1.61985918,43.42035129],[-1.61614138,43.41740898],[-1.60534604,43.41519971],[-1.6004699,43.41496197],[-1.59964792,43.414376],[-1.60060989,43.41059344],[-1.59838507,43.40088874],[-1.59722873,43.40058554],[-1.60452905,43.39271066],[-1.61220506,43.387666],[-1.61873844,43.38528745],[-1.61640076,43.37480313],[-1.61618162,43.37016252],[-1.61756395,43.36683861],[-1.62154457,43.3652492],[-1.6289651,43.36717921]]]]}},{"type":"Feature","properties":{"code":"64484","nom":"Saint-Jean-le-Vieux","departement":"64","region":"75"},"geometry":{"type":"MultiPolygon","coordinates":[[[[-1.18112174,43.17207287],[-1.18033201,43.170021],[-1.18128476,43.16630274],[-1.18268959,43.16468275],[-1.1863172,43.16336014],[-1.18740388,43.16141106],[-1.18186742,43.15434907],[-1.18530528,43.15517037],[-1.18692973,43.15336075],[-1.20330534,43.14840055],[-1.20515118,43.14861135],[-1.21007161,43.15183119],[-1.2144675,43.15876352],[-1.21934588,43.1616748],[-1.22114378,43.1611387],[-1.22252919,43.1636786],[-1.22864037,43.16484416],[-1.22942969,43.16599409],[-1.22026303,43.16769196],[-1.2206049,43.17494501],[-1.22178888,43.18011228],[-1.22355611,43.18285075],[-1.22763692,43.18740995],[-1.23389184,43.19060007],[-1.22584141,43.19567383],[-1.21593286,43.19641662],[-1.20348274,43.19007398],[-1.20057429,43.18686713],[-1.20175787,43.18592835],[-1.20014183,43.17874114],[-1.19154011,43.17171145],[-1.18112174,43.17207287]]]]}},{"type":"Feature","properties":{"code":"64485","nom":"Saint-Jean-Pied-de-Port","departement":"64","region":"75"},"geometry":{"type":"MultiPolygon","coordinates":[[[[-1.22114378,43.1611387],[-1.22229451,43.15932454],[-1.22874478,43.15499479],[-1.23221531,43.15022325],[-1.23508441,43.14388361],[-1.23663309,43.14376597],[-1.23655754,43.14313842],[-1.23900989,43.14361843],[-1.24243182,43.14706603],[-1.24166307,43.15390243],[-1.24246799,43.16310178],[-1.24583373,43.1702853],[-1.22946986,43.16797059],[-1.22942969,43.16599409],[-1.22864037,43.16484416],[-1.22252919,43.1636786],[-1.22114378,43.1611387]]]]}},{"type":"Feature","properties":{"code":"64486","nom":"Saint-Jean-Poudge","departement":"64","region":"75"},"geometry":{"type":"MultiPolygon","coordinates":[[[[-0.20106188,43.52437398],[-0.20035407,43.53001463],[-0.19807998,43.53140357],[-0.19907225,43.53261965],[-0.19737444,43.53237976],[-0.19683488,43.53135834],[-0.19187538,43.53268849],[-0.17806029,43.54113337],[-0.1696457,43.53250471],[-0.16754821,43.52669959],[-0.16814135,43.52567467],[-0.17020681,43.52581061],[-0.17060031,43.52690846],[-0.17459535,43.5261757],[-0.17728734,43.52309659],[-0.19581447,43.51624908],[-0.20106188,43.52437398]]]]}},{"type":"Feature","properties":{"code":"64487","nom":"Saint-Just-Ibarre","departement":"64","region":"75"},"geometry":{"type":"MultiPolygon","coordinates":[[[[-1.0799732,43.19527947],[-1.07356564,43.1931358],[-1.05431394,43.19664178],[-1.03967745,43.20499272],[-1.03884063,43.20684613],[-1.03565332,43.20290881],[-1.03142931,43.20377562],[-1.02243245,43.19979466],[-1.01994661,43.18655222],[-1.02339027,43.17662379],[-1.02950468,43.17139591],[-1.02640104,43.1614211],[-1.0236882,43.15850709],[-1.02095071,43.14882033],[-1.02349625,43.13007437],[-1.03499918,43.1186764],[-1.04459007,43.11513206],[-1.04462805,43.11518287],[-1.04905039,43.12608621],[-1.04879361,43.15039496],[-1.05911263,43.16425597],[-1.09479808,43.17140576],[-1.0893814,43.18586658],[-1.0799732,43.19527947]]]]}},{"type":"Feature","properties":{"code":"64488","nom":"Saint-Laurent-Bretagne","departement":"64","region":"75"},"geometry":{"type":"MultiPolygon","coordinates":[[[[-0.23829486,43.38611458],[-0.23086046,43.39176611],[-0.21283006,43.4003766],[-0.21041505,43.40024927],[-0.19382273,43.39275029],[-0.18681031,43.39701585],[-0.18324903,43.38730042],[-0.18232902,43.37497013],[-0.18023238,43.37059758],[-0.18114606,43.36767881],[-0.17917223,43.36228347],[-0.17603719,43.36023457],[-0.18615269,43.36290369],[-0.18621661,43.36379135],[-0.19902265,43.3703974],[-0.21642947,43.37625042],[-0.22102638,43.37848433],[-0.22711932,43.37456713],[-0.22969243,43.37810263],[-0.23829486,43.38611458]]]]}},{"type":"Feature","properties":{"code":"64489","nom":"Saint-Martin-d'Arberoue","departement":"64","region":"75"},"geometry":{"type":"MultiPolygon","coordinates":[[[[-1.15765294,43.35948218],[-1.15764178,43.35929343],[-1.17228668,43.34780724],[-1.16899151,43.33484412],[-1.16843905,43.3284226],[-1.17217271,43.32138258],[-1.17389763,43.32175737],[-1.18551915,43.31464157],[-1.19322383,43.31332215],[-1.19477624,43.31365015],[-1.19733158,43.31981811],[-1.19966673,43.33436453],[-1.20239835,43.34008696],[-1.20952785,43.34684536],[-1.20967578,43.35069176],[-1.19941049,43.35811426],[-1.19128961,43.35966539],[-1.18687169,43.36190227],[-1.17029517,43.37286955],[-1.15765294,43.35948218]]]]}},{"type":"Feature","properties":{"code":"64490","nom":"Saint-Martin-d'Arrossa","departement":"64","region":"75"},"geometry":{"type":"MultiPolygon","coordinates":[[[[-1.35528213,43.23567363],[-1.35081795,43.23792669],[-1.34518861,43.24220304],[-1.33912859,43.26012511],[-1.33467697,43.2617256],[-1.32555165,43.26317545],[-1.32050167,43.25984262],[-1.3195222,43.2579242],[-1.31965983,43.25635566],[-1.32092921,43.25597512],[-1.3200806,43.25157496],[-1.31522013,43.2457831],[-1.3119875,43.24390158],[-1.30762363,43.242957],[-1.30373894,43.2411166],[-1.30023298,43.23775835],[-1.29977989,43.23513509],[-1.30129862,43.22936314],[-1.29498011,43.21786786],[-1.29080288,43.21352273],[-1.28094629,43.21158217],[-1.27743207,43.20881735],[-1.27428495,43.20488574],[-1.27585621,43.20305694],[-1.27613653,43.20045868],[-1.30198557,43.20026736],[-1.30551922,43.20131902],[-1.31125347,43.20477614],[-1.32427661,43.21473971],[-1.33309521,43.22598622],[-1.33367446,43.23113847],[-1.33648995,43.23307572],[-1.35080586,43.23420561],[-1.35528213,43.23567363]]]]}},{"type":"Feature","properties":{"code":"64491","nom":"Saint-Médard","departement":"64","region":"75"},"geometry":{"type":"MultiPolygon","coordinates":[[[[-0.62827625,43.53357278],[-0.62268605,43.53328589],[-0.61423556,43.5375893],[-0.60799735,43.53834279],[-0.5963396,43.54114551],[-0.58215407,43.54734667],[-0.57217609,43.55390731],[-0.57178131,43.55518483],[-0.5687294,43.55756662],[-0.56680261,43.55826764],[-0.56182081,43.55288867],[-0.56111488,43.54885622],[-0.55719283,43.5428344],[-0.56071696,43.54096523],[-0.563955,43.54039415],[-0.56630752,43.53848402],[-0.57184427,43.53138489],[-0.57504564,43.5218461],[-0.58178038,43.51548511],[-0.58332572,43.51236558],[-0.58937644,43.51829609],[-0.6077493,43.52145377],[-0.61502494,43.52419354],[-0.62827625,43.53357278]]]]}},{"type":"Feature","properties":{"code":"64492","nom":"Saint-Michel","departement":"64","region":"75"},"geometry":{"type":"MultiPolygon","coordinates":[[[[-1.23655754,43.14313842],[-1.23663309,43.14376597],[-1.23508441,43.14388361],[-1.23406402,43.14427771],[-1.22280061,43.14159422],[-1.21062157,43.13578293],[-1.20679445,43.11991045],[-1.21477846,43.11639261],[-1.21720775,43.09480656],[-1.22163937,43.08734617],[-1.22178634,43.07983311],[-1.21913121,43.07776386],[-1.21481645,43.07960642],[-1.21257883,43.0514542],[-1.22974966,43.05550804],[-1.24046597,43.04703044],[-1.24760011,43.04263643],[-1.25865154,43.049123],[-1.26715355,43.05856136],[-1.2681474,43.0598784],[-1.26895183,43.06809879],[-1.26664898,43.0733197],[-1.26251473,43.07762143],[-1.25037891,43.08645015],[-1.24745896,43.08889107],[-1.24561201,43.08850818],[-1.24368305,43.09131071],[-1.23878274,43.10485063],[-1.2372233,43.11255467],[-1.23763096,43.11595149],[-1.23855463,43.11790035],[-1.24530273,43.12254084],[-1.24652304,43.12530845],[-1.24301351,43.13358229],[-1.23655754,43.14313842]]]]}},{"type":"Feature","properties":{"code":"64493","nom":"Saint-Palais","departement":"64","region":"75"},"geometry":{"type":"MultiPolygon","coordinates":[[[[-1.03418269,43.29999161],[-1.03581503,43.29954422],[-1.0374437,43.3005057],[-1.04080427,43.30447844],[-1.04433368,43.30610553],[-1.06010332,43.30683001],[-1.06030118,43.30601459],[-1.06221551,43.30643534],[-1.06441526,43.30948546],[-1.05677408,43.31553304],[-1.04880841,43.31940876],[-1.04912183,43.32009421],[-1.04991954,43.32212256],[-1.04560085,43.32339678],[-1.03927651,43.32666894],[-1.03253212,43.33494841],[-1.0307327,43.3341517],[-1.02117388,43.32269527],[-1.02004638,43.32206076],[-1.01844395,43.31804899],[-1.01883599,43.3145089],[-1.02544636,43.30368269],[-1.0273399,43.30236459],[-1.02995827,43.30291187],[-1.03418269,43.29999161]]]]}},{"type":"Feature","properties":{"code":"64495","nom":"Saint-Pée-sur-Nivelle","departement":"64","region":"75"},"geometry":{"type":"MultiPolygon","coordinates":[[[[-1.52903722,43.2934373],[-1.53521007,43.30263835],[-1.53829399,43.31527051],[-1.54916206,43.31787971],[-1.55598276,43.32110737],[-1.55688483,43.32399154],[-1.55597384,43.3268134],[-1.56366682,43.33199529],[-1.58008179,43.33832394],[-1.58731126,43.34022861],[-1.59491246,43.34042652],[-1.59613061,43.3389987],[-1.60873757,43.34822821],[-1.61591129,43.35125628],[-1.61962255,43.35886289],[-1.61756395,43.36683861],[-1.61618162,43.37016252],[-1.61640076,43.37480313],[-1.61873844,43.38528745],[-1.61220506,43.387666],[-1.60452905,43.39271066],[-1.59722873,43.40058554],[-1.58486239,43.39636943],[-1.56452054,43.39206264],[-1.55493044,43.39072145],[-1.5438839,43.39139607],[-1.53342462,43.39414633],[-1.51772336,43.39124571],[-1.50136696,43.3648555],[-1.50387299,43.36428888],[-1.50544094,43.36289356],[-1.51498138,43.34115358],[-1.50788114,43.32631312],[-1.50585113,43.32412445],[-1.51687895,43.31058159],[-1.51542768,43.30625057],[-1.50597569,43.29689973],[-1.5059556,43.29351991],[-1.52903722,43.2934373]]]]}},{"type":"Feature","properties":{"code":"64496","nom":"Saint-Pierre-d'Irube","departement":"64","region":"75"},"geometry":{"type":"MultiPolygon","coordinates":[[[[-1.4668605,43.47164557],[-1.46036957,43.47574105],[-1.45429668,43.47563231],[-1.45349729,43.47496141],[-1.44894475,43.47618839],[-1.44530025,43.47915761],[-1.44489552,43.48176312],[-1.44247116,43.48198602],[-1.44091345,43.48090187],[-1.43498411,43.46829774],[-1.43022462,43.46497736],[-1.42289784,43.46156435],[-1.42158864,43.44691484],[-1.42319993,43.44366641],[-1.43437716,43.44567182],[-1.44376845,43.44920108],[-1.45243456,43.45473734],[-1.45463537,43.46077254],[-1.45197427,43.46405928],[-1.45415351,43.46722719],[-1.45874693,43.47010828],[-1.4668605,43.47164557]]]]}},{"type":"Feature","properties":{"code":"64498","nom":"Saint-Vincent","departement":"64","region":"75"},"geometry":{"type":"MultiPolygon","coordinates":[[[[-0.16532036,43.18290848],[-0.15959961,43.17604027],[-0.15123621,43.17192536],[-0.13676195,43.17949849],[-0.13521099,43.17571689],[-0.13129398,43.1709157],[-0.12520423,43.16728912],[-0.12645982,43.16038079],[-0.13475106,43.15180892],[-0.13853043,43.14920548],[-0.14141069,43.14718801],[-0.15796589,43.14197561],[-0.16352297,43.13913731],[-0.17180993,43.13809887],[-0.18982577,43.14574892],[-0.19158396,43.14693193],[-0.19089491,43.14888054],[-0.18452784,43.15162809],[-0.17672178,43.1587845],[-0.17421889,43.16620471],[-0.17887736,43.168931],[-0.18381972,43.16941352],[-0.1891771,43.17133017],[-0.18378902,43.18077236],[-0.18283741,43.18415194],[-0.17405478,43.18275799],[-0.16532036,43.18290848]]]]}},{"type":"Feature","properties":{"code":"64499","nom":"Salies-de-Béarn","departement":"64","region":"75"},"geometry":{"type":"MultiPolygon","coordinates":[[[[-0.85917039,43.46493932],[-0.85496666,43.46146889],[-0.85745567,43.45439048],[-0.87033918,43.43964228],[-0.87839783,43.4325551],[-0.89046331,43.43035943],[-0.89718468,43.43060048],[-0.90282577,43.43082152],[-0.91019225,43.43556664],[-0.91652377,43.43675108],[-0.92128019,43.43611503],[-0.92794453,43.44136998],[-0.93124766,43.44254452],[-0.93790531,43.44089107],[-0.94077689,43.44373847],[-0.95121233,43.45846993],[-0.96227301,43.46271042],[-0.96665235,43.46219341],[-0.96901896,43.46270666],[-0.97136488,43.46427997],[-0.97229755,43.46979301],[-0.97574254,43.48284753],[-0.97893804,43.49081342],[-0.98046858,43.49988364],[-0.94857587,43.50757135],[-0.94518268,43.49862448],[-0.94202493,43.49698728],[-0.91583105,43.49422284],[-0.89104618,43.49353014],[-0.88835244,43.4927972],[-0.88315219,43.4886617],[-0.87409148,43.47347921],[-0.86639999,43.4683404],[-0.8622168,43.46697094],[-0.85917039,43.46493932]]]]}},{"type":"Feature","properties":{"code":"64500","nom":"Salles-Mongiscard","departement":"64","region":"75"},"geometry":{"type":"MultiPolygon","coordinates":[[[[-0.85496666,43.46146889],[-0.85917039,43.46493932],[-0.85341621,43.47231687],[-0.84989233,43.47967972],[-0.84347653,43.49597614],[-0.84042263,43.50668822],[-0.8388743,43.50824105],[-0.83782909,43.50619368],[-0.83300845,43.50281253],[-0.83051348,43.5013244],[-0.82467053,43.49519481],[-0.82447958,43.48708668],[-0.82637877,43.48664403],[-0.83584546,43.47519858],[-0.83935097,43.47299909],[-0.84578732,43.47031806],[-0.85257526,43.46569562],[-0.85496666,43.46146889]]]]}},{"type":"Feature","properties":{"code":"64501","nom":"Sallespisse","departement":"64","region":"75"},"geometry":{"type":"MultiPolygon","coordinates":[[[[-0.72853854,43.54529088],[-0.72394916,43.54259592],[-0.71809553,43.54063858],[-0.7082145,43.5413047],[-0.70580983,43.54024838],[-0.69411389,43.52929842],[-0.68771448,43.52485689],[-0.69742703,43.50960338],[-0.69669841,43.50837717],[-0.70774833,43.50719548],[-0.71643231,43.5034007],[-0.73378618,43.49931859],[-0.73709731,43.49930085],[-0.74127625,43.50033482],[-0.74366245,43.50237541],[-0.74497893,43.50461325],[-0.74148078,43.51916447],[-0.74056144,43.53009409],[-0.72853854,43.54529088]]]]}},{"type":"Feature","properties":{"code":"64502","nom":"Sames","departement":"64","region":"75"},"geometry":{"type":"MultiPolygon","coordinates":[[[[-1.17411486,43.54593452],[-1.16822418,43.54486546],[-1.15907672,43.53869356],[-1.15856897,43.53459198],[-1.15532779,43.52973028],[-1.150077,43.52717263],[-1.14060502,43.52429584],[-1.13296749,43.52052218],[-1.13068975,43.51901251],[-1.12989036,43.51562749],[-1.13109369,43.5109481],[-1.13309199,43.50973223],[-1.15644718,43.50770484],[-1.16504432,43.50825685],[-1.16354975,43.51137393],[-1.16435831,43.51282765],[-1.17499412,43.51767117],[-1.19292137,43.5309292],[-1.203779,43.54003866],[-1.19551169,43.54625677],[-1.18434947,43.5472358],[-1.17411486,43.54593452]]]]}},{"type":"Feature","properties":{"code":"64503","nom":"Samsons-Lion","departement":"64","region":"75"},"geometry":{"type":"MultiPolygon","coordinates":[[[[-0.13058017,43.41633614],[-0.12881901,43.41867755],[-0.13141302,43.42163045],[-0.13388342,43.42770573],[-0.13029292,43.43800171],[-0.13220802,43.44798278],[-0.12729554,43.44870636],[-0.11754617,43.44464761],[-0.09508401,43.43880383],[-0.09314001,43.43672823],[-0.09573093,43.433033],[-0.10095004,43.43508234],[-0.10827979,43.43557629],[-0.11222925,43.43335243],[-0.11961845,43.42558223],[-0.12088519,43.42117542],[-0.12071982,43.41767152],[-0.13058017,43.41633614]]]]}},{"type":"Feature","properties":{"code":"64504","nom":"Sare","departement":"64","region":"75"},"geometry":{"type":"MultiPolygon","coordinates":[[[[-1.63541167,43.30902066],[-1.62102572,43.3193674],[-1.60965225,43.32542043],[-1.6026988,43.33151197],[-1.59613061,43.3389987],[-1.59491246,43.34042652],[-1.58731126,43.34022861],[-1.58008179,43.33832394],[-1.56366682,43.33199529],[-1.55597384,43.3268134],[-1.55688483,43.32399154],[-1.55598276,43.32110737],[-1.54916206,43.31787971],[-1.53829399,43.31527051],[-1.53521007,43.30263835],[-1.52903722,43.2934373],[-1.532918,43.29373579],[-1.55215358,43.29190119],[-1.56502306,43.28800862],[-1.56365918,43.28468008],[-1.56148345,43.28411876],[-1.56077142,43.27392278],[-1.56858395,43.25739244],[-1.57515249,43.24992202],[-1.58271718,43.25299075],[-1.590902,43.25377366],[-1.60163049,43.25363206],[-1.60524468,43.25261015],[-1.60934462,43.25288562],[-1.61786801,43.25807362],[-1.62549078,43.2705489],[-1.62809904,43.28070148],[-1.63067852,43.28502069],[-1.62859277,43.2922532],[-1.62485593,43.29707565],[-1.62290207,43.30218391],[-1.62387053,43.30568742],[-1.62487445,43.30649599],[-1.63541167,43.30902066]]]]}},{"type":"Feature","properties":{"code":"64505","nom":"Sarpourenx","departement":"64","region":"75"},"geometry":{"type":"MultiPolygon","coordinates":[[[[-0.69977722,43.4593752],[-0.69471483,43.45752151],[-0.70866387,43.44945581],[-0.71597554,43.44355623],[-0.71608304,43.44433972],[-0.71827194,43.44416371],[-0.72237112,43.44521717],[-0.72546802,43.45004904],[-0.73035096,43.45976138],[-0.72662185,43.46536857],[-0.71835456,43.46032966],[-0.70472898,43.45766582],[-0.69977722,43.4593752]]]]}},{"type":"Feature","properties":{"code":"64506","nom":"Sarrance","departement":"64","region":"75"},"geometry":{"type":"MultiPolygon","coordinates":[[[[-0.50933766,43.03410187],[-0.51503144,43.03377013],[-0.5172132,43.03204953],[-0.51957062,43.02595417],[-0.52283561,43.02236147],[-0.53051952,43.01748126],[-0.54174688,43.01569866],[-0.56220841,43.01553955],[-0.56527715,43.01289548],[-0.56605512,43.01495021],[-0.57054287,43.0177146],[-0.58778817,43.02388829],[-0.5998414,43.02960847],[-0.6041024,43.02967104],[-0.60651961,43.03484602],[-0.61889743,43.0361292],[-0.64056476,43.04203891],[-0.64535317,43.045976],[-0.6410525,43.06116728],[-0.6376804,43.06377889],[-0.6369546,43.07014549],[-0.61261824,43.07050143],[-0.60629136,43.07160585],[-0.58489019,43.07066147],[-0.57223157,43.06936904],[-0.56231906,43.06490072],[-0.56224874,43.06349946],[-0.55782626,43.06090882],[-0.55206347,43.05867828],[-0.54345462,43.0571381],[-0.52362673,43.05584456],[-0.50209487,43.04477555],[-0.50933766,43.03410187]]]]}},{"type":"Feature","properties":{"code":"64507","nom":"Saubole","departement":"64","region":"75"},"geometry":{"type":"MultiPolygon","coordinates":[[[[-0.13844863,43.3127271],[-0.1381208,43.3154915],[-0.1317194,43.31973656],[-0.11932452,43.31977626],[-0.11506127,43.32218232],[-0.11191911,43.31715474],[-0.10384459,43.31269559],[-0.08285028,43.30786159],[-0.0753433,43.30715542],[-0.08913926,43.30118035],[-0.09224462,43.30068191],[-0.09981841,43.3038787],[-0.10787669,43.30843127],[-0.11236581,43.30965069],[-0.11976607,43.30654654],[-0.12230074,43.3017244],[-0.12617003,43.30165574],[-0.13836791,43.31110893],[-0.13844863,43.3127271]]]]}},{"type":"Feature","properties":{"code":"64508","nom":"Saucède","departement":"64","region":"75"},"geometry":{"type":"MultiPolygon","coordinates":[[[[-0.68776623,43.27677129],[-0.67360574,43.27854617],[-0.66993993,43.2781548],[-0.65901696,43.27335197],[-0.65431795,43.26897972],[-0.65271272,43.26404613],[-0.64495119,43.25667941],[-0.64415829,43.25111142],[-0.64463662,43.24643794],[-0.66251624,43.25781931],[-0.66994536,43.25773631],[-0.6784491,43.25653649],[-0.68787216,43.26391895],[-0.69365829,43.26439295],[-0.6969421,43.26771608],[-0.69812755,43.26882997],[-0.70160299,43.26973569],[-0.69564798,43.27469268],[-0.69284974,43.27514592],[-0.68815214,43.27451939],[-0.68776623,43.27677129]]]]}},{"type":"Feature","properties":{"code":"64509","nom":"Sauguis-Saint-Étienne","departement":"64","region":"75"},"geometry":{"type":"MultiPolygon","coordinates":[[[[-0.85390937,43.17801021],[-0.85352468,43.17178496],[-0.85505436,43.16919072],[-0.84942108,43.16286582],[-0.84608988,43.15723393],[-0.84965055,43.15139563],[-0.85892912,43.15367532],[-0.86839282,43.15220584],[-0.88357268,43.14229778],[-0.88314401,43.14100655],[-0.88454938,43.14087484],[-0.90026192,43.15032765],[-0.90067363,43.15239934],[-0.89741413,43.1580332],[-0.89296926,43.16337477],[-0.87926716,43.16630931],[-0.8678183,43.16993122],[-0.85833546,43.17386515],[-0.85390937,43.17801021]]]]}},{"type":"Feature","properties":{"code":"64510","nom":"Sault-de-Navailles","departement":"64","region":"75"},"geometry":{"type":"MultiPolygon","coordinates":[[[[-0.64104379,43.57480193],[-0.64956582,43.56671737],[-0.65586807,43.56222237],[-0.65688474,43.55582464],[-0.64009331,43.55302791],[-0.63454044,43.5532447],[-0.63340108,43.55428082],[-0.63122949,43.55043464],[-0.64854155,43.54679234],[-0.65035741,43.54571077],[-0.65136398,43.54263345],[-0.65705057,43.54013971],[-0.66566157,43.52960817],[-0.66901369,43.5191459],[-0.66629675,43.51757244],[-0.66510479,43.51227711],[-0.67506407,43.50256208],[-0.67612743,43.50280163],[-0.69669841,43.50837717],[-0.69742703,43.50960338],[-0.68771448,43.52485689],[-0.69411389,43.52929842],[-0.70580983,43.54024838],[-0.7082145,43.5413047],[-0.71000217,43.54631915],[-0.70725205,43.55642474],[-0.70444317,43.56039742],[-0.70134405,43.56068333],[-0.70047765,43.56205676],[-0.69302766,43.55721339],[-0.68758481,43.55723999],[-0.66188733,43.56910619],[-0.64104379,43.57480193]]]]}},{"type":"Feature","properties":{"code":"64511","nom":"Sauvagnon","departement":"64","region":"75"},"geometry":{"type":"MultiPolygon","coordinates":[[[[-0.41086075,43.40608302],[-0.39736585,43.40693246],[-0.38949542,43.41025792],[-0.37485803,43.42131828],[-0.37453991,43.42353975],[-0.37250359,43.42420832],[-0.36966462,43.42399866],[-0.36352752,43.42056421],[-0.35967139,43.41583766],[-0.35398685,43.40086021],[-0.36245608,43.39553599],[-0.37577183,43.39552574],[-0.38404984,43.39451261],[-0.38745936,43.39080321],[-0.38320265,43.38671865],[-0.3848827,43.3756293],[-0.3969926,43.35990432],[-0.41930398,43.36788972],[-0.41378024,43.3745853],[-0.41064784,43.38946969],[-0.41282334,43.39223758],[-0.41086075,43.40608302]]]]}},{"type":"Feature","properties":{"code":"64512","nom":"Sauvelade","departement":"64","region":"75"},"geometry":{"type":"MultiPolygon","coordinates":[[[[-0.69522343,43.37917972],[-0.70284965,43.37755902],[-0.71390214,43.37093346],[-0.71526201,43.37159374],[-0.72049091,43.37049448],[-0.72496456,43.37178689],[-0.73225327,43.37583971],[-0.74289386,43.39183028],[-0.73783308,43.39229073],[-0.73128427,43.39827814],[-0.72857698,43.40245406],[-0.72523736,43.41251396],[-0.72216332,43.41560265],[-0.71325766,43.40842333],[-0.70696282,43.40473038],[-0.70058953,43.40320398],[-0.69504176,43.40348631],[-0.69220827,43.40117836],[-0.68898396,43.3971635],[-0.68898435,43.39599449],[-0.69237159,43.39238727],[-0.69993884,43.38782382],[-0.69522343,43.37917972]]]]}},{"type":"Feature","properties":{"code":"64513","nom":"Sauveterre-de-Béarn","departement":"64","region":"75"},"geometry":{"type":"MultiPolygon","coordinates":[[[[-0.94488378,43.42381318],[-0.94245812,43.43270483],[-0.93539128,43.43584083],[-0.92794453,43.44136998],[-0.92128019,43.43611503],[-0.91652377,43.43675108],[-0.91019225,43.43556664],[-0.91094251,43.43436675],[-0.90352674,43.42971354],[-0.90355792,43.42740558],[-0.90616902,43.42585398],[-0.91268064,43.42490721],[-0.9185508,43.42588478],[-0.92381916,43.42336457],[-0.92554409,43.42097085],[-0.92256079,43.41372162],[-0.91845554,43.40966923],[-0.91452962,43.40749909],[-0.90986579,43.40648231],[-0.90764176,43.40302363],[-0.91198743,43.39308099],[-0.91494865,43.3934882],[-0.91695512,43.39151862],[-0.93221848,43.38881846],[-0.93637066,43.38607151],[-0.93585289,43.38671727],[-0.94521955,43.39033848],[-0.95320964,43.39499467],[-0.9578966,43.3965816],[-0.95743417,43.39743713],[-0.95537108,43.40713725],[-0.94367729,43.42261948],[-0.94488378,43.42381318]]]]}},{"type":"Feature","properties":{"code":"64514","nom":"Séby","departement":"64","region":"75"},"geometry":{"type":"MultiPolygon","coordinates":[[[[-0.38979373,43.46716315],[-0.39384119,43.46321919],[-0.39281799,43.4628289],[-0.39759202,43.45834424],[-0.40192491,43.46018307],[-0.40882922,43.46664427],[-0.41286747,43.48222319],[-0.41294958,43.48393882],[-0.41190231,43.48423475],[-0.40862276,43.48415694],[-0.4004322,43.4928792],[-0.39421807,43.49614927],[-0.39288968,43.50023604],[-0.39037488,43.49990408],[-0.38708871,43.49737816],[-0.38350317,43.49154938],[-0.38384638,43.48586809],[-0.38866362,43.48083497],[-0.39240607,43.47489064],[-0.3910212,43.46847911],[-0.38979373,43.46716315]]]]}},{"type":"Feature","properties":{"code":"64515","nom":"Sedze-Maubecq","departement":"64","region":"75"},"geometry":{"type":"MultiPolygon","coordinates":[[[[-0.10311734,43.3587445],[-0.10515948,43.35776218],[-0.10911587,43.34116046],[-0.11071544,43.34291415],[-0.11563558,43.34361337],[-0.11958037,43.34238147],[-0.13337347,43.3441461],[-0.13891226,43.34745165],[-0.13769805,43.35831586],[-0.1344352,43.36413288],[-0.13162714,43.36713755],[-0.10964703,43.37478596],[-0.10734952,43.37095541],[-0.1061535,43.36228288],[-0.10436356,43.3591796],[-0.10311734,43.3587445]]]]}},{"type":"Feature","properties":{"code":"64516","nom":"Sedzère","departement":"64","region":"75"},"geometry":{"type":"MultiPolygon","coordinates":[[[[-0.17603719,43.36023457],[-0.1593273,43.34941856],[-0.15976371,43.34050797],[-0.15878638,43.33667688],[-0.15396676,43.32963673],[-0.15327433,43.32554794],[-0.15420887,43.32351661],[-0.1598559,43.32406472],[-0.16775954,43.32310595],[-0.17632704,43.32312103],[-0.17810773,43.32374753],[-0.19049034,43.32760706],[-0.19721187,43.32685657],[-0.20811216,43.33085882],[-0.21299705,43.34005203],[-0.21322074,43.34070083],[-0.19933948,43.34269614],[-0.19359282,43.34829143],[-0.19184756,43.35479928],[-0.18615269,43.36290369],[-0.17603719,43.36023457]]]]}},{"type":"Feature","properties":{"code":"64517","nom":"Séméacq-Blachon","departement":"64","region":"75"},"geometry":{"type":"MultiPolygon","coordinates":[[[[-0.12123697,43.48949201],[-0.12695113,43.5019807],[-0.12675189,43.51570602],[-0.11933933,43.52253665],[-0.11666257,43.52374002],[-0.10721092,43.52579313],[-0.09897314,43.51758298],[-0.08997486,43.50510271],[-0.08179072,43.49742124],[-0.08143085,43.49513909],[-0.08287939,43.49348442],[-0.10723713,43.48035551],[-0.10841554,43.4856142],[-0.11064146,43.48892771],[-0.11846345,43.48981765],[-0.12123697,43.48949201]]]]}},{"type":"Feature","properties":{"code":"64518","nom":"Sendets","departement":"64","region":"75"},"geometry":{"type":"MultiPolygon","coordinates":[[[[-0.25579293,43.28650439],[-0.27190137,43.29270536],[-0.27232144,43.29517666],[-0.28525473,43.30611052],[-0.29358439,43.30765047],[-0.29028888,43.31440988],[-0.28218897,43.31287077],[-0.28150873,43.31670983],[-0.26233857,43.31149015],[-0.26036748,43.30971023],[-0.2571193,43.3090654],[-0.24720801,43.30451358],[-0.24220791,43.29791937],[-0.24411001,43.2934534],[-0.24289913,43.29099046],[-0.24150457,43.29036608],[-0.2422016,43.28873449],[-0.25579293,43.28650439]]]]}},{"type":"Feature","properties":{"code":"64519","nom":"Serres-Castet","departement":"64","region":"75"},"geometry":{"type":"MultiPolygon","coordinates":[[[[-0.38424638,43.35512643],[-0.38624157,43.35478844],[-0.39082287,43.35580825],[-0.3969926,43.35990432],[-0.3848827,43.3756293],[-0.38320265,43.38671865],[-0.38745936,43.39080321],[-0.38404984,43.39451261],[-0.37577183,43.39552574],[-0.36245608,43.39553599],[-0.35398685,43.40086021],[-0.35237179,43.40145772],[-0.34236588,43.40006805],[-0.33788392,43.39148024],[-0.33465163,43.38766933],[-0.33252908,43.38647142],[-0.33655108,43.38254677],[-0.35545934,43.37278751],[-0.37070404,43.36105727],[-0.38004547,43.35511824],[-0.38424638,43.35512643]]]]}},{"type":"Feature","properties":{"code":"64520","nom":"Serres-Morlaàs","departement":"64","region":"75"},"geometry":{"type":"MultiPolygon","coordinates":[[[[-0.28150873,43.31670983],[-0.28254881,43.31691504],[-0.28013149,43.32197551],[-0.26537153,43.33163754],[-0.2599285,43.33303079],[-0.24615194,43.33326075],[-0.2442299,43.32556646],[-0.26233857,43.31149015],[-0.28150873,43.31670983]]]]}},{"type":"Feature","properties":{"code":"64521","nom":"Serres-Sainte-Marie","departement":"64","region":"75"},"geometry":{"type":"MultiPolygon","coordinates":[[[[-0.58710238,43.41669445],[-0.58089028,43.42722612],[-0.5756814,43.4296209],[-0.57355623,43.43028094],[-0.55345029,43.43652349],[-0.55007939,43.43210691],[-0.54217405,43.42190942],[-0.53829731,43.41542705],[-0.53380537,43.41108096],[-0.53596368,43.40545863],[-0.53977628,43.40451001],[-0.54629271,43.39867638],[-0.58710238,43.41669445]]]]}},{"type":"Feature","properties":{"code":"64522","nom":"Sévignacq-Meyracq","departement":"64","region":"75"},"geometry":{"type":"MultiPolygon","coordinates":[[[[-0.34930707,43.162319],[-0.36063324,43.14937072],[-0.36405754,43.14161969],[-0.37933723,43.12924812],[-0.38123077,43.12793554],[-0.38881893,43.11845229],[-0.4064541,43.10481337],[-0.4123233,43.10243903],[-0.41566296,43.10269416],[-0.42555981,43.11601539],[-0.41499133,43.12290138],[-0.40188978,43.12935315],[-0.40036913,43.13334078],[-0.39032628,43.139356],[-0.38136287,43.14691819],[-0.37930388,43.14984837],[-0.37837204,43.15208058],[-0.37848381,43.16326586],[-0.37449584,43.17706445],[-0.3735365,43.17780481],[-0.35477789,43.16872365],[-0.34930707,43.162319]]]]}},{"type":"Feature","properties":{"code":"64523","nom":"Sévignacq","departement":"64","region":"75"},"geometry":{"type":"MultiPolygon","coordinates":[[[[-0.26275707,43.42152111],[-0.27355135,43.42262965],[-0.27506948,43.43052551],[-0.27810373,43.43416418],[-0.28278491,43.43580074],[-0.28465257,43.43996537],[-0.28610932,43.44443869],[-0.28571692,43.45255912],[-0.28432525,43.46006786],[-0.28341322,43.4604836],[-0.28288364,43.45969555],[-0.27203813,43.46111409],[-0.26239562,43.46605117],[-0.27339816,43.4818069],[-0.26573501,43.48420278],[-0.24545353,43.48664892],[-0.24346465,43.48263481],[-0.24221356,43.48080022],[-0.23412665,43.47917883],[-0.22878442,43.4766404],[-0.22790702,43.47548247],[-0.23437258,43.47366169],[-0.24636499,43.46802109],[-0.25710994,43.46462181],[-0.25850029,43.46300063],[-0.2567273,43.45817355],[-0.2445338,43.44318081],[-0.23638907,43.43650928],[-0.23114092,43.4336415],[-0.2393284,43.43060472],[-0.24958205,43.42796362],[-0.26275707,43.42152111]]]]}},{"type":"Feature","properties":{"code":"64524","nom":"Simacourbe","departement":"64","region":"75"},"geometry":{"type":"MultiPolygon","coordinates":[[[[-0.16865787,43.42386925],[-0.17034946,43.4237432],[-0.18416671,43.42805666],[-0.18498321,43.43115609],[-0.18613106,43.43274122],[-0.18613858,43.43684678],[-0.18275785,43.43887573],[-0.18352558,43.44453015],[-0.19775964,43.46431783],[-0.1966178,43.46485845],[-0.19603408,43.46805594],[-0.19341872,43.46775488],[-0.18966951,43.46678121],[-0.18073309,43.45785076],[-0.17236914,43.46007417],[-0.17176903,43.45836027],[-0.167527,43.45510879],[-0.16401084,43.4537421],[-0.16034203,43.45379967],[-0.14656243,43.45921684],[-0.14235715,43.4616772],[-0.14275623,43.46043029],[-0.14180733,43.45919367],[-0.13617738,43.45568592],[-0.13220802,43.44798278],[-0.1584813,43.43986194],[-0.16791206,43.4282489],[-0.16865787,43.42386925]]]]}},{"type":"Feature","properties":{"code":"64525","nom":"Siros","departement":"64","region":"75"},"geometry":{"type":"MultiPolygon","coordinates":[[[[-0.50636112,43.34883697],[-0.50252213,43.35209869],[-0.49962771,43.34824918],[-0.49833348,43.34810916],[-0.49658048,43.35059446],[-0.48920894,43.3478664],[-0.48319684,43.34675455],[-0.47674181,43.34267516],[-0.4784664,43.3366658],[-0.47943834,43.33556027],[-0.48639986,43.3344022],[-0.50243704,43.34479581],[-0.50636112,43.34883697]]]]}},{"type":"Feature","properties":{"code":"64526","nom":"Soumoulou","departement":"64","region":"75"},"geometry":{"type":"MultiPolygon","coordinates":[[[[-0.19721949,43.27203685],[-0.19437606,43.27175097],[-0.17582971,43.26255248],[-0.18272805,43.25712692],[-0.19684084,43.25580524],[-0.20717116,43.25208054],[-0.20913291,43.25273977],[-0.2026782,43.26519321],[-0.19721949,43.27203685]]]]}},{"type":"Feature","properties":{"code":"64527","nom":"Souraïde","departement":"64","region":"75"},"geometry":{"type":"MultiPolygon","coordinates":[[[[-1.47914206,43.31140968],[-1.48324918,43.32167592],[-1.48663135,43.32455218],[-1.50585113,43.32412445],[-1.50788114,43.32631312],[-1.51498138,43.34115358],[-1.50544094,43.36289356],[-1.50387299,43.36428888],[-1.50136696,43.3648555],[-1.49921391,43.36459821],[-1.49839063,43.36646886],[-1.48212545,43.37413756],[-1.47928955,43.37488582],[-1.47792927,43.37412039],[-1.47965762,43.37174387],[-1.47860589,43.36851477],[-1.47053721,43.35940835],[-1.46784735,43.34877909],[-1.46680519,43.33897653],[-1.46706337,43.33439672],[-1.47171668,43.32248905],[-1.47914206,43.31140968]]]]}},{"type":"Feature","properties":{"code":"64528","nom":"Suhescun","departement":"64","region":"75"},"geometry":{"type":"MultiPolygon","coordinates":[[[[-1.16783127,43.23279384],[-1.17658238,43.22659228],[-1.17976179,43.22256429],[-1.1834826,43.21343936],[-1.19752108,43.21680961],[-1.20925461,43.21717837],[-1.22184391,43.21585762],[-1.22365313,43.21794329],[-1.21773409,43.22057642],[-1.21210927,43.22820794],[-1.21124529,43.2321169],[-1.21232286,43.23654821],[-1.20066091,43.25416765],[-1.18442105,43.25161597],[-1.18187345,43.25241013],[-1.17753862,43.24442405],[-1.16783127,43.23279384]]]]}},{"type":"Feature","properties":{"code":"64529","nom":"Sus","departement":"64","region":"75"},"geometry":{"type":"MultiPolygon","coordinates":[[[[-0.78167723,43.26640074],[-0.7883269,43.26735549],[-0.80994815,43.27340229],[-0.80563134,43.2774649],[-0.79840215,43.28962531],[-0.79734659,43.29804254],[-0.78020501,43.30858907],[-0.77212816,43.31239],[-0.76484667,43.31380662],[-0.76049808,43.31420661],[-0.76002745,43.31364751],[-0.76210813,43.30928465],[-0.75545329,43.31045457],[-0.75114067,43.30932014],[-0.74942304,43.30775149],[-0.75404663,43.30480272],[-0.75353541,43.30358038],[-0.75480794,43.30327679],[-0.75993043,43.29872358],[-0.77168712,43.28453296],[-0.7781436,43.27863722],[-0.78196814,43.26976501],[-0.78167723,43.26640074]]]]}},{"type":"Feature","properties":{"code":"64530","nom":"Susmiou","departement":"64","region":"75"},"geometry":{"type":"MultiPolygon","coordinates":[[[[-0.76002745,43.31364751],[-0.76049808,43.31420661],[-0.76484667,43.31380662],[-0.77212816,43.31239],[-0.78020501,43.30858907],[-0.79734659,43.29804254],[-0.798367,43.29775359],[-0.80008937,43.29887281],[-0.80118066,43.30188298],[-0.8010976,43.30537218],[-0.796282,43.30726346],[-0.78635943,43.31642232],[-0.77648823,43.3206917],[-0.76611067,43.32284156],[-0.75809388,43.3163184],[-0.7579251,43.31550833],[-0.76002745,43.31364751]]]]}},{"type":"Feature","properties":{"code":"64531","nom":"Tabaille-Usquain","departement":"64","region":"75"},"geometry":{"type":"MultiPolygon","coordinates":[[[[-0.89062402,43.36820077],[-0.88821358,43.36863243],[-0.87269184,43.36661157],[-0.86476135,43.36371133],[-0.86379799,43.36272978],[-0.86624723,43.36160915],[-0.86817471,43.36033059],[-0.89462264,43.35202974],[-0.89865195,43.35174761],[-0.89920427,43.35299588],[-0.90253032,43.35726951],[-0.9077681,43.3618379],[-0.91520613,43.36242182],[-0.91755796,43.3617701],[-0.91936703,43.36380862],[-0.903861,43.36735446],[-0.89244032,43.36721759],[-0.89062402,43.36820077]]]]}},{"type":"Feature","properties":{"code":"64532","nom":"Tadousse-Ussau","departement":"64","region":"75"},"geometry":{"type":"MultiPolygon","coordinates":[[[[-0.19803982,43.55801448],[-0.18914095,43.56075716],[-0.18687942,43.56036976],[-0.18470745,43.5584939],[-0.18453944,43.5553544],[-0.17806029,43.54113337],[-0.19187538,43.53268849],[-0.19683488,43.53135834],[-0.19737444,43.53237976],[-0.19907225,43.53261965],[-0.20292365,43.54322154],[-0.20515052,43.5538624],[-0.20695355,43.55683743],[-0.2043341,43.5563151],[-0.19803982,43.55801448]]]]}},{"type":"Feature","properties":{"code":"64533","nom":"Tardets-Sorholus","departement":"64","region":"75"},"geometry":{"type":"MultiPolygon","coordinates":[[[[-0.83772521,43.11144668],[-0.84042388,43.1117548],[-0.8456863,43.10572279],[-0.85171693,43.10421053],[-0.86001109,43.10450425],[-0.86117912,43.11150432],[-0.86597132,43.11730998],[-0.8762869,43.1233185],[-0.86308237,43.13045673],[-0.8559438,43.13767982],[-0.84380569,43.14753029],[-0.8136132,43.1476116],[-0.80897342,43.1447266],[-0.80218038,43.1349386],[-0.80288748,43.13260479],[-0.81042732,43.13063463],[-0.82891366,43.12259596],[-0.83772521,43.11144668]]]]}},{"type":"Feature","properties":{"code":"64534","nom":"Taron-Sadirac-Viellenave","departement":"64","region":"75"},"geometry":{"type":"MultiPolygon","coordinates":[[[[-0.26933332,43.50141119],[-0.26844182,43.50457082],[-0.27430186,43.50838853],[-0.27011596,43.51574661],[-0.26730161,43.51708402],[-0.26649423,43.51844376],[-0.26744313,43.52940201],[-0.26460723,43.52878412],[-0.26350603,43.52918106],[-0.26137231,43.53539017],[-0.25927154,43.53608276],[-0.25477308,43.52393611],[-0.2498577,43.52376114],[-0.24426763,43.5241068],[-0.23981701,43.52523757],[-0.23822339,43.52682317],[-0.23710947,43.53349473],[-0.2381241,43.53621091],[-0.23012381,43.52904933],[-0.22841689,43.52417998],[-0.21710634,43.50876435],[-0.21564173,43.50092255],[-0.23194008,43.4924743],[-0.23887653,43.49342435],[-0.24808604,43.49849932],[-0.26933332,43.50141119]]]]}},{"type":"Feature","properties":{"code":"64535","nom":"Tarsacq","departement":"64","region":"75"},"geometry":{"type":"MultiPolygon","coordinates":[[[[-0.52238642,43.34099511],[-0.53669551,43.35204358],[-0.53890701,43.35176501],[-0.54886833,43.35507572],[-0.55135355,43.35821347],[-0.5417084,43.36992581],[-0.52800051,43.36221155],[-0.52143702,43.35954925],[-0.51421926,43.35489163],[-0.51465647,43.35416963],[-0.51903495,43.34873952],[-0.52238642,43.34099511]]]]}},{"type":"Feature","properties":{"code":"64536","nom":"Thèze","departement":"64","region":"75"},"geometry":{"type":"MultiPolygon","coordinates":[[[[-0.34737688,43.46054411],[-0.34738367,43.46140386],[-0.35508168,43.46511078],[-0.35765828,43.464732],[-0.36471399,43.47039425],[-0.36565171,43.47238765],[-0.36460096,43.48022764],[-0.36031512,43.48105851],[-0.35750665,43.48249721],[-0.34550806,43.49115827],[-0.34074821,43.49302323],[-0.33710739,43.49115968],[-0.3324647,43.48698825],[-0.32640755,43.47501233],[-0.32460309,43.47214114],[-0.32410773,43.46900646],[-0.34737688,43.46054411]]]]}},{"type":"Feature","properties":{"code":"64537","nom":"Trois-Villes","departement":"64","region":"75"},"geometry":{"type":"MultiPolygon","coordinates":[[[[-0.8762869,43.1233185],[-0.88015362,43.12359802],[-0.88166516,43.12900707],[-0.88139996,43.13860462],[-0.88314401,43.14100655],[-0.88357268,43.14229778],[-0.86839282,43.15220584],[-0.85892912,43.15367532],[-0.84965055,43.15139563],[-0.84608988,43.15723393],[-0.84380569,43.14753029],[-0.8559438,43.13767982],[-0.86308237,43.13045673],[-0.8762869,43.1233185]]]]}},{"type":"Feature","properties":{"code":"64538","nom":"Uhart-Cize","departement":"64","region":"75"},"geometry":{"type":"MultiPolygon","coordinates":[[[[-1.255029,43.16351723],[-1.2543606,43.16553523],[-1.25016128,43.16811861],[-1.24782178,43.17132933],[-1.24583373,43.1702853],[-1.24246799,43.16310178],[-1.24166307,43.15390243],[-1.24243182,43.14706603],[-1.23900989,43.14361843],[-1.23655754,43.14313842],[-1.24301351,43.13358229],[-1.24652304,43.12530845],[-1.24530273,43.12254084],[-1.23855463,43.11790035],[-1.23763096,43.11595149],[-1.2372233,43.11255467],[-1.23878274,43.10485063],[-1.24368305,43.09131071],[-1.24561201,43.08850818],[-1.24745896,43.08889107],[-1.25037891,43.08645015],[-1.25695381,43.09122804],[-1.25134235,43.09709645],[-1.25001253,43.10079239],[-1.25227796,43.11050109],[-1.25610197,43.11693621],[-1.26349032,43.12060272],[-1.27037614,43.1215495],[-1.26985814,43.1258054],[-1.26213782,43.1424771],[-1.25552457,43.14805034],[-1.2522617,43.15208939],[-1.25242055,43.15648607],[-1.255029,43.16351723]]]]}},{"type":"Feature","properties":{"code":"64539","nom":"Uhart-Mixe","departement":"64","region":"75"},"geometry":{"type":"MultiPolygon","coordinates":[[[[-1.0478875,43.2828674],[-1.04351632,43.28426607],[-1.04342961,43.2912023],[-1.04126282,43.29612218],[-1.0374437,43.3005057],[-1.03581503,43.29954422],[-1.03418269,43.29999161],[-1.03353275,43.29731366],[-1.02986084,43.29502954],[-1.02518107,43.29511847],[-1.01860421,43.29058501],[-1.00823108,43.27722466],[-1.00531385,43.27138014],[-0.99305587,43.26519424],[-0.98989332,43.26097345],[-0.98779053,43.25259372],[-0.98898913,43.24669231],[-0.98978604,43.24626115],[-0.99050458,43.24614002],[-0.99820702,43.25222819],[-1.00722922,43.25566661],[-1.01859246,43.25922346],[-1.030838,43.27005554],[-1.03705419,43.26727514],[-1.03785215,43.26754614],[-1.03881755,43.27161463],[-1.04194948,43.27737738],[-1.0478875,43.2828674]]]]}},{"type":"Feature","properties":{"code":"64540","nom":"Urcuit","departement":"64","region":"75"},"geometry":{"type":"MultiPolygon","coordinates":[[[[-1.37018709,43.49491277],[-1.36459642,43.49559856],[-1.35668045,43.49976651],[-1.33508186,43.50288175],[-1.33466057,43.50285986],[-1.32458312,43.5020875],[-1.3194284,43.49520454],[-1.31952809,43.48665689],[-1.33761876,43.47563783],[-1.35434043,43.46864694],[-1.36162323,43.4668176],[-1.37063238,43.46566868],[-1.37310716,43.46635901],[-1.3736101,43.46581518],[-1.37395183,43.46694032],[-1.37787254,43.46934633],[-1.37910325,43.47312431],[-1.37613222,43.48681182],[-1.36970535,43.49347786],[-1.37018709,43.49491277]]]]}},{"type":"Feature","properties":{"code":"64542","nom":"Urdos","departement":"64","region":"75"},"geometry":{"type":"MultiPolygon","coordinates":[[[[-0.56253271,42.8841243],[-0.55066493,42.88429892],[-0.52695797,42.87639791],[-0.51723426,42.87015961],[-0.51375469,42.86651378],[-0.51285101,42.86405722],[-0.49936351,42.85062816],[-0.49900736,42.84437323],[-0.50123057,42.82780994],[-0.51268519,42.82227139],[-0.52379551,42.81276447],[-0.5229959,42.79937677],[-0.52965542,42.79165905],[-0.53967565,42.79330596],[-0.54548793,42.78909401],[-0.55103607,42.77935229],[-0.55343157,42.77880301],[-0.56762465,42.78081188],[-0.55495028,42.79930073],[-0.55456191,42.80388161],[-0.55662162,42.81001229],[-0.56088276,42.81463058],[-0.55992048,42.83290527],[-0.55785512,42.83814056],[-0.55086126,42.84926039],[-0.55046613,42.85160122],[-0.55103189,42.85913107],[-0.55278183,42.86547317],[-0.56253271,42.8841243]]]]}},{"type":"Feature","properties":{"code":"64543","nom":"Urepel","departement":"64","region":"75"},"geometry":{"type":"MultiPolygon","coordinates":[[[[-1.39306352,43.09135973],[-1.38977838,43.08631324],[-1.38756627,43.07620912],[-1.37695631,43.06779191],[-1.37378638,43.06135687],[-1.37205041,43.04924724],[-1.36554347,43.03072635],[-1.44124813,43.04627244],[-1.45606874,43.06323621],[-1.44356978,43.06584943],[-1.41482451,43.08140348],[-1.40191747,43.08976927],[-1.39306352,43.09135973]]]]}},{"type":"Feature","properties":{"code":"64544","nom":"Urost","departement":"64","region":"75"},"geometry":{"type":"MultiPolygon","coordinates":[[[[-0.15396676,43.32963673],[-0.15878638,43.33667688],[-0.15976371,43.34050797],[-0.1593273,43.34941856],[-0.15450032,43.34665684],[-0.1427181,43.34530461],[-0.13923164,43.34557064],[-0.13917416,43.34216194],[-0.14621174,43.33184606],[-0.15396676,43.32963673]]]]}},{"type":"Feature","properties":{"code":"64545","nom":"Urrugne","departement":"64","region":"75"},"geometry":{"type":"MultiPolygon","coordinates":[[[[-1.65479276,43.34878306],[-1.65962139,43.33968138],[-1.66022942,43.3338625],[-1.65934113,43.32930852],[-1.65007304,43.32018361],[-1.64592571,43.31786951],[-1.64054028,43.3173089],[-1.63541167,43.30902066],[-1.65390279,43.31181378],[-1.66841779,43.31484334],[-1.674282,43.31185833],[-1.68440606,43.30966966],[-1.70346701,43.30915485],[-1.70752098,43.31043993],[-1.71815423,43.32162285],[-1.72030277,43.3257736],[-1.71944131,43.32923938],[-1.73012403,43.34427387],[-1.73527789,43.34917879],[-1.7391298,43.34912079],[-1.75829848,43.34525125],[-1.76093466,43.34412846],[-1.76201697,43.34409069],[-1.76769548,43.34852675],[-1.76736015,43.34932382],[-1.76051762,43.3527176],[-1.75515963,43.35730105],[-1.75353466,43.35989329],[-1.75190485,43.36085808],[-1.75141096,43.36442077],[-1.73300059,43.37688497],[-1.73315621,43.38012802],[-1.72830603,43.38260233],[-1.71799286,43.38618098],[-1.69255563,43.39421816],[-1.68909246,43.39465404],[-1.69198295,43.38268399],[-1.69224822,43.38201279],[-1.68847157,43.37960906],[-1.68315426,43.37762612],[-1.68146183,43.37755252],[-1.68069083,43.37858443],[-1.67595921,43.37890811],[-1.67023258,43.37805524],[-1.66705992,43.37575631],[-1.66767842,43.37463917],[-1.668342,43.3723269],[-1.65524732,43.35559434],[-1.65479276,43.34878306]]]]}},{"type":"Feature","properties":{"code":"64546","nom":"Urt","departement":"64","region":"75"},"geometry":{"type":"MultiPolygon","coordinates":[[[[-1.31952809,43.48665689],[-1.3194284,43.49520454],[-1.32458312,43.5020875],[-1.33466057,43.50285986],[-1.33204533,43.50407904],[-1.32254574,43.50509811],[-1.30646349,43.5025802],[-1.29328318,43.49812857],[-1.29109533,43.49815125],[-1.2878226,43.49899441],[-1.26016912,43.51309214],[-1.25740326,43.50950124],[-1.25517076,43.50632093],[-1.25209342,43.50419819],[-1.25117786,43.49985702],[-1.25358297,43.49432868],[-1.26995276,43.47942727],[-1.27193152,43.47853295],[-1.27498452,43.47470037],[-1.26713066,43.45689376],[-1.25132402,43.44040779],[-1.25611386,43.43871857],[-1.25846254,43.43891182],[-1.266503,43.44134321],[-1.27494551,43.44622777],[-1.28002816,43.44819024],[-1.28145988,43.4557227],[-1.28077071,43.46426978],[-1.28138512,43.46791708],[-1.30119936,43.4778145],[-1.31692506,43.48419628],[-1.31952809,43.48665689]]]]}},{"type":"Feature","properties":{"code":"64547","nom":"Ustaritz","departement":"64","region":"75"},"geometry":{"type":"MultiPolygon","coordinates":[[[[-1.51772336,43.39124571],[-1.51676418,43.39753583],[-1.51466582,43.40153424],[-1.49492335,43.41723714],[-1.4849707,43.42224122],[-1.47678068,43.4339135],[-1.475424,43.4383733],[-1.47446845,43.43928328],[-1.46063808,43.4296744],[-1.45970026,43.42692508],[-1.45665244,43.42417886],[-1.43744708,43.42008063],[-1.42236049,43.41916011],[-1.43736211,43.40283413],[-1.43978772,43.39127227],[-1.44307963,43.38778968],[-1.44722472,43.38884476],[-1.44896138,43.38850302],[-1.45956192,43.38421351],[-1.46757365,43.37947214],[-1.47131594,43.37563121],[-1.47792927,43.37412039],[-1.47928955,43.37488582],[-1.48212545,43.37413756],[-1.49839063,43.36646886],[-1.49921391,43.36459821],[-1.50136696,43.3648555],[-1.51772336,43.39124571]]]]}},{"type":"Feature","properties":{"code":"64548","nom":"Uzan","departement":"64","region":"75"},"geometry":{"type":"MultiPolygon","coordinates":[[[[-0.50173492,43.45228648],[-0.50540856,43.4591767],[-0.51015551,43.463017],[-0.51524278,43.46509266],[-0.51775843,43.46502451],[-0.51866963,43.46601347],[-0.51983716,43.46789647],[-0.51908399,43.47375036],[-0.50892041,43.48634853],[-0.5054741,43.4872949],[-0.49081873,43.48746533],[-0.48986008,43.48664967],[-0.4904345,43.48401141],[-0.48705962,43.47670119],[-0.48640372,43.47245363],[-0.49183812,43.46206989],[-0.49384183,43.46041581],[-0.49448842,43.4604769],[-0.49787041,43.45439347],[-0.50173492,43.45228648]]]]}},{"type":"Feature","properties":{"code":"64549","nom":"Uzein","departement":"64","region":"75"},"geometry":{"type":"MultiPolygon","coordinates":[[[[-0.45908967,43.41176813],[-0.44487685,43.41921018],[-0.43979552,43.42406157],[-0.43137004,43.41891333],[-0.43133561,43.41779781],[-0.42855474,43.41510159],[-0.4217998,43.41283087],[-0.41086075,43.40608302],[-0.41282334,43.39223758],[-0.41064784,43.38946969],[-0.41378024,43.3745853],[-0.41930398,43.36788972],[-0.42815369,43.3730511],[-0.42915944,43.37261131],[-0.42955626,43.36856015],[-0.43774603,43.37331849],[-0.44273774,43.37513178],[-0.4475026,43.3817057],[-0.45476972,43.39534862],[-0.45955085,43.41150845],[-0.45908967,43.41176813]]]]}},{"type":"Feature","properties":{"code":"64550","nom":"Uzos","departement":"64","region":"75"},"geometry":{"type":"MultiPolygon","coordinates":[[[[-0.3577371,43.24337285],[-0.36598118,43.25230144],[-0.36537017,43.25316591],[-0.35788209,43.25858058],[-0.35137855,43.26506078],[-0.35115174,43.27008369],[-0.34422677,43.27468668],[-0.33850904,43.27664087],[-0.33339353,43.27092139],[-0.3476367,43.25720426],[-0.35109679,43.2475965],[-0.3577371,43.24337285]]]]}},{"type":"Feature","properties":{"code":"64551","nom":"Verdets","departement":"64","region":"75"},"geometry":{"type":"MultiPolygon","coordinates":[[[[-0.6452041,43.24530127],[-0.64390006,43.24382618],[-0.6280747,43.23768226],[-0.63120885,43.22939967],[-0.63777762,43.22188283],[-0.64545441,43.21546453],[-0.6507599,43.21870151],[-0.65355634,43.22996636],[-0.65726827,43.23156324],[-0.66093787,43.2327031],[-0.66290883,43.23532957],[-0.6469692,43.24567028],[-0.6452041,43.24530127]]]]}},{"type":"Feature","properties":{"code":"64552","nom":"Vialer","departement":"64","region":"75"},"geometry":{"type":"MultiPolygon","coordinates":[[[[-0.1669892,43.4979624],[-0.17129894,43.49324155],[-0.17983112,43.49443949],[-0.18726444,43.49686936],[-0.19419819,43.50013556],[-0.19804628,43.50331142],[-0.19895213,43.50598333],[-0.19448976,43.51138519],[-0.19454703,43.51410554],[-0.19581447,43.51624908],[-0.17728734,43.52309659],[-0.17459535,43.5261757],[-0.17060031,43.52690846],[-0.17020681,43.52581061],[-0.16254779,43.510056],[-0.16347165,43.50960135],[-0.1644748,43.50369228],[-0.1669892,43.4979624]]]]}},{"type":"Feature","properties":{"code":"64554","nom":"Viellenave-d'Arthez","departement":"64","region":"75"},"geometry":{"type":"MultiPolygon","coordinates":[[[[-0.474558,43.42335496],[-0.47380047,43.42247244],[-0.46649265,43.41984844],[-0.4613196,43.41943133],[-0.45908967,43.41176813],[-0.45955085,43.41150845],[-0.46906395,43.40930571],[-0.48352115,43.4013176],[-0.49202273,43.40411978],[-0.49085231,43.40630527],[-0.49271562,43.40991838],[-0.48877275,43.41651669],[-0.474558,43.42335496]]]]}},{"type":"Feature","properties":{"code":"64555","nom":"Viellenave-de-Navarrenx","departement":"64","region":"75"},"geometry":{"type":"MultiPolygon","coordinates":[[[[-0.78118937,43.34589693],[-0.79662855,43.33762208],[-0.82126319,43.31924739],[-0.83012834,43.31648111],[-0.83253918,43.31684325],[-0.82156116,43.33320397],[-0.79736847,43.34957367],[-0.79875463,43.35851882],[-0.7949282,43.35752647],[-0.79219672,43.35389183],[-0.78169153,43.34850741],[-0.78121196,43.34763165],[-0.78118937,43.34589693]]]]}},{"type":"Feature","properties":{"code":"64556","nom":"Vielleségure","departement":"64","region":"75"},"geometry":{"type":"MultiPolygon","coordinates":[[[[-0.73369189,43.35289006],[-0.72544887,43.36132038],[-0.72569366,43.36302401],[-0.72984776,43.36634549],[-0.73029911,43.36692883],[-0.71390214,43.37093346],[-0.70284965,43.37755902],[-0.69522343,43.37917972],[-0.68652017,43.36940887],[-0.6776414,43.36180937],[-0.67420067,43.35663451],[-0.67415895,43.35603884],[-0.67682231,43.35485951],[-0.68376776,43.35340553],[-0.68496271,43.35161679],[-0.68575181,43.34370081],[-0.68366166,43.33708618],[-0.68453152,43.33390454],[-0.69089201,43.33279778],[-0.69575503,43.33125554],[-0.6970331,43.3300636],[-0.70116333,43.33184859],[-0.70621109,43.33613531],[-0.70945948,43.34350777],[-0.7188743,43.3458735],[-0.72137452,43.34430959],[-0.72279563,43.34430299],[-0.73115211,43.34978779],[-0.73369189,43.35289006]]]]}},{"type":"Feature","properties":{"code":"64557","nom":"Vignes","departement":"64","region":"75"},"geometry":{"type":"MultiPolygon","coordinates":[[[[-0.38459076,43.53123892],[-0.39372784,43.52083125],[-0.39954351,43.51678394],[-0.40943054,43.51169431],[-0.4262615,43.5071599],[-0.43058371,43.51392058],[-0.43999765,43.51686977],[-0.43580822,43.52145228],[-0.43103951,43.52428425],[-0.41017927,43.53118127],[-0.4045576,43.53552746],[-0.39753648,43.53824666],[-0.39421473,43.53872077],[-0.39244407,43.5394885],[-0.38607684,43.53920654],[-0.38288134,43.53699363],[-0.38012188,43.53444555],[-0.38459076,43.53123892]]]]}},{"type":"Feature","properties":{"code":"64558","nom":"Villefranque","departement":"64","region":"75"},"geometry":{"type":"MultiPolygon","coordinates":[[[[-1.4065052,43.43016902],[-1.40949832,43.42718536],[-1.42000306,43.41994663],[-1.42236049,43.41916011],[-1.43744708,43.42008063],[-1.45665244,43.42417886],[-1.45970026,43.42692508],[-1.46063808,43.4296744],[-1.47446845,43.43928328],[-1.47511728,43.44318529],[-1.48299824,43.45524329],[-1.48453865,43.45629419],[-1.48597885,43.45785116],[-1.48207031,43.4596017],[-1.48074752,43.46156412],[-1.48186378,43.46440785],[-1.46893524,43.47157891],[-1.4668605,43.47164557],[-1.45874693,43.47010828],[-1.45415351,43.46722719],[-1.45197427,43.46405928],[-1.45463537,43.46077254],[-1.45243456,43.45473734],[-1.44376845,43.44920108],[-1.43437716,43.44567182],[-1.42319993,43.44366641],[-1.4065052,43.43016902]]]]}},{"type":"Feature","properties":{"code":"64559","nom":"Viodos-Abense-de-Bas","departement":"64","region":"75"},"geometry":{"type":"MultiPolygon","coordinates":[[[[-0.87304576,43.24266821],[-0.87309217,43.23855257],[-0.8753806,43.23297402],[-0.87713501,43.23090985],[-0.88407156,43.233047],[-0.89158134,43.23344828],[-0.90335627,43.23213046],[-0.91933526,43.23153053],[-0.92259973,43.23463436],[-0.92017204,43.24707118],[-0.91669034,43.2559437],[-0.9162129,43.26217727],[-0.91488476,43.2628721],[-0.88579818,43.26314299],[-0.87197449,43.26192668],[-0.86754655,43.26052733],[-0.86545294,43.25951707],[-0.86656648,43.25741568],[-0.87011168,43.25569094],[-0.87272349,43.2553541],[-0.87498227,43.25220284],[-0.87499242,43.24808126],[-0.87304576,43.24266821]]]]}},{"type":"Feature","properties":{"code":"64560","nom":"Viven","departement":"64","region":"75"},"geometry":{"type":"MultiPolygon","coordinates":[[[[-0.39281799,43.4628289],[-0.39384119,43.46321919],[-0.38979373,43.46716315],[-0.36929149,43.46818356],[-0.36471399,43.47039425],[-0.35765828,43.464732],[-0.36355795,43.45966203],[-0.36329593,43.45761344],[-0.36804535,43.45521016],[-0.38339414,43.45279488],[-0.39009725,43.45579108],[-0.3911499,43.46076944],[-0.39281799,43.4628289]]]]}}]}