{"type":"FeatureCollection","features":[{"type":"Feature","properties":{"code":"67006","nom":"Altenheim","departement":"67","region":"44"},"geometry":{"type":"MultiPolygon","coordinates":[[[[7.47533,48.7215],[7.47873,48.71541],[7.4786,48.71445],[7.4703,48.71375],[7.47157,48.7122],[7.46184,48.71245],[7.45338,48.71467],[7.45225,48.71565],[7.44996,48.71568],[7.45063,48.71634],[7.44866,48.71855],[7.45093,48.7203],[7.45568,48.72847],[7.45632,48.73068],[7.45542,48.73183],[7.45382,48.73169],[7.45374,48.73296],[7.4588,48.73269],[7.4681,48.7217],[7.47533,48.7215]]]]}},{"type":"Feature","properties":{"code":"67001","nom":"Achenheim","departement":"67","region":"44"},"geometry":{"type":"MultiPolygon","coordinates":[[[[7.62967,48.59822],[7.63243,48.59409],[7.64279,48.56907],[7.64347,48.56806],[7.64797,48.56953],[7.64953,48.56794],[7.64681,48.56712],[7.62405,48.56487],[7.61137,48.56881],[7.61019,48.57093],[7.61131,48.57116],[7.61624,48.57996],[7.61029,48.59151],[7.62967,48.59822]]]]}},{"type":"Feature","properties":{"code":"67002","nom":"Adamswiller","departement":"67","region":"44"},"geometry":{"type":"MultiPolygon","coordinates":[[[[7.19727,48.91501],[7.20126,48.91493],[7.22196,48.90642],[7.21943,48.8992],[7.20312,48.89815],[7.19228,48.89796],[7.19153,48.89857],[7.18708,48.90234],[7.18152,48.91516],[7.18351,48.91555],[7.18481,48.91262],[7.18707,48.91084],[7.18985,48.91],[7.19153,48.91009],[7.19727,48.91501]]]]}},{"type":"Feature","properties":{"code":"67003","nom":"Albé","departement":"67","region":"44"},"geometry":{"type":"MultiPolygon","coordinates":[[[[7.35721,48.37094],[7.35791,48.36904],[7.3668,48.36492],[7.37681,48.35507],[7.36668,48.3529],[7.36154,48.35313],[7.3561,48.34912],[7.34534,48.35177],[7.32782,48.34852],[7.32388,48.34865],[7.31132,48.35158],[7.30572,48.35419],[7.30501,48.35556],[7.30601,48.36129],[7.30855,48.36301],[7.31537,48.37098],[7.33065,48.37871],[7.34627,48.37433],[7.34946,48.37222],[7.35107,48.37104],[7.35334,48.37064],[7.35721,48.37094]]]]}},{"type":"Feature","properties":{"code":"67004","nom":"Sommerau","departement":"67","region":"44"},"geometry":{"type":"MultiPolygon","coordinates":[[[[7.33945,48.6487],[7.33763,48.64644],[7.32791,48.64336],[7.3217,48.64427],[7.3169,48.64584],[7.31411,48.64859],[7.31289,48.66114],[7.3195,48.66309],[7.32106,48.66254],[7.32977,48.66314],[7.34286,48.66546],[7.35051,48.66792],[7.36478,48.67124],[7.36823,48.67651],[7.38352,48.67929],[7.38912,48.67897],[7.39043,48.67586],[7.39663,48.67419],[7.39968,48.66265],[7.39852,48.66171],[7.39873,48.6597],[7.39495,48.65891],[7.38822,48.65913],[7.38804,48.65363],[7.38452,48.64836],[7.36941,48.6403],[7.36262,48.64098],[7.34631,48.64747],[7.33945,48.6487]]]]}},{"type":"Feature","properties":{"code":"67005","nom":"Alteckendorf","departement":"67","region":"44"},"geometry":{"type":"MultiPolygon","coordinates":[[[[7.61409,48.80356],[7.6152,48.80174],[7.61718,48.802],[7.61742,48.8001],[7.61408,48.79591],[7.61024,48.78177],[7.60639,48.78108],[7.60291,48.78071],[7.59416,48.78309],[7.58515,48.78666],[7.5809,48.78582],[7.57966,48.78711],[7.58081,48.7876],[7.57705,48.79166],[7.57285,48.79607],[7.57503,48.79701],[7.57464,48.79783],[7.58123,48.80184],[7.5855,48.8032],[7.60607,48.80643],[7.60612,48.80431],[7.61335,48.80505],[7.61409,48.80356]]]]}},{"type":"Feature","properties":{"code":"67008","nom":"Altorf","departement":"67","region":"44"},"geometry":{"type":"MultiPolygon","coordinates":[[[[7.55338,48.50372],[7.55344,48.5057],[7.54946,48.50791],[7.5316,48.50948],[7.51883,48.50921],[7.51778,48.51141],[7.51429,48.52621],[7.51539,48.53116],[7.53006,48.53846],[7.53401,48.54135],[7.53866,48.54244],[7.54588,48.54072],[7.56273,48.54323],[7.56668,48.54479],[7.56655,48.53891],[7.55956,48.53559],[7.55397,48.53139],[7.5554,48.50941],[7.55834,48.5043],[7.55338,48.50372]]]]}},{"type":"Feature","properties":{"code":"67009","nom":"Altwiller","departement":"67","region":"44"},"geometry":{"type":"MultiPolygon","coordinates":[[[[6.9871,48.8913],[6.98366,48.89157],[6.97497,48.88996],[6.95467,48.89389],[6.9647,48.90469],[6.95648,48.92134],[6.95388,48.92274],[6.94895,48.92292],[6.9459,48.92817],[6.94456,48.93484],[6.94722,48.935],[6.95288,48.92981],[6.95739,48.92694],[6.96257,48.9259],[6.97049,48.928],[6.97567,48.9317],[6.98288,48.94235],[6.98536,48.94443],[6.98866,48.94476],[6.99932,48.94023],[7.00304,48.94115],[7.00328,48.94101],[7.00162,48.92659],[6.99916,48.91965],[7.00257,48.91426],[7.00687,48.91411],[7.01251,48.91269],[7.0114,48.90908],[7.00828,48.90472],[6.9871,48.8913]]]]}},{"type":"Feature","properties":{"code":"67010","nom":"Andlau","departement":"67","region":"44"},"geometry":{"type":"MultiPolygon","coordinates":[[[[7.38612,48.37344],[7.37594,48.37458],[7.36572,48.37389],[7.35996,48.37278],[7.35721,48.37094],[7.35334,48.37064],[7.35107,48.37104],[7.34946,48.37222],[7.34926,48.3783],[7.34475,48.38111],[7.34433,48.39525],[7.33848,48.40295],[7.33984,48.41644],[7.34415,48.41592],[7.35083,48.40938],[7.35467,48.40807],[7.38198,48.40658],[7.40437,48.40958],[7.41294,48.40738],[7.41752,48.40434],[7.41909,48.40233],[7.42308,48.40076],[7.43237,48.38998],[7.4362,48.38787],[7.43689,48.38662],[7.4328,48.37737],[7.42974,48.37275],[7.42754,48.37175],[7.40909,48.37521],[7.40214,48.37552],[7.39417,48.37533],[7.39079,48.37381],[7.38612,48.37344]]]]}},{"type":"Feature","properties":{"code":"67011","nom":"Artolsheim","departement":"67","region":"44"},"geometry":{"type":"MultiPolygon","coordinates":[[[[7.57447,48.20339],[7.57101,48.20428],[7.56829,48.20619],[7.56717,48.21162],[7.56797,48.2127],[7.57475,48.2212],[7.57849,48.22606],[7.58217,48.2249],[7.61056,48.21633],[7.62202,48.21383],[7.62344,48.21505],[7.6283,48.21225],[7.63169,48.2057],[7.64164,48.20364],[7.63696,48.19557],[7.63362,48.19624],[7.60897,48.19727],[7.59502,48.19459],[7.58721,48.19611],[7.57447,48.20339]]]]}},{"type":"Feature","properties":{"code":"67012","nom":"Aschbach","departement":"67","region":"44"},"geometry":{"type":"MultiPolygon","coordinates":[[[[7.99852,48.93621],[7.99004,48.93092],[7.98798,48.9327],[7.97773,48.93455],[7.96379,48.94187],[7.95415,48.94454],[7.9601,48.94776],[7.96185,48.94965],[7.97699,48.9521],[7.98266,48.94656],[7.99968,48.94582],[8.00353,48.94041],[7.99852,48.93621]]]]}},{"type":"Feature","properties":{"code":"67013","nom":"Asswiller","departement":"67","region":"44"},"geometry":{"type":"MultiPolygon","coordinates":[[[[7.24086,48.87662],[7.21516,48.87034],[7.21178,48.86478],[7.20797,48.86658],[7.20073,48.87597],[7.20058,48.87784],[7.2196,48.88892],[7.23549,48.89116],[7.2395,48.89024],[7.24615,48.89361],[7.24965,48.89288],[7.25055,48.8884],[7.24932,48.88825],[7.24131,48.87843],[7.24086,48.87662]]]]}},{"type":"Feature","properties":{"code":"67016","nom":"Avolsheim","departement":"67","region":"44"},"geometry":{"type":"MultiPolygon","coordinates":[[[[7.50298,48.55694],[7.4932,48.55772],[7.48951,48.55728],[7.48328,48.55503],[7.47803,48.55506],[7.47455,48.55648],[7.48391,48.56194],[7.49562,48.56688],[7.50964,48.56198],[7.50386,48.55679],[7.50298,48.55694]]]]}},{"type":"Feature","properties":{"code":"67017","nom":"Baerendorf","departement":"67","region":"44"},"geometry":{"type":"MultiPolygon","coordinates":[[[[7.08868,48.84834],[7.09073,48.84728],[7.09874,48.84559],[7.09992,48.84659],[7.1026,48.84544],[7.10355,48.84291],[7.10118,48.83604],[7.1017,48.83305],[7.10594,48.82801],[7.10794,48.82173],[7.10722,48.81925],[7.1033,48.81682],[7.09707,48.81456],[7.08963,48.81359],[7.08703,48.81395],[7.07867,48.81734],[7.07051,48.82557],[7.07173,48.83157],[7.07496,48.83814],[7.08082,48.84527],[7.08091,48.84739],[7.08517,48.84714],[7.08868,48.84834]]]]}},{"type":"Feature","properties":{"code":"67018","nom":"Balbronn","departement":"67","region":"44"},"geometry":{"type":"MultiPolygon","coordinates":[[[[7.431,48.576],[7.40677,48.56813],[7.40431,48.56714],[7.38784,48.57341],[7.37461,48.58211],[7.37507,48.58594],[7.37429,48.58805],[7.37147,48.59045],[7.37039,48.59365],[7.37233,48.59874],[7.37396,48.59839],[7.38196,48.60016],[7.3918,48.60009],[7.39808,48.58912],[7.41016,48.58476],[7.41457,48.58436],[7.42943,48.58795],[7.44602,48.59062],[7.44902,48.58639],[7.44638,48.5848],[7.44359,48.58135],[7.431,48.576]]]]}},{"type":"Feature","properties":{"code":"67019","nom":"Baldenheim","departement":"67","region":"44"},"geometry":{"type":"MultiPolygon","coordinates":[[[[7.56023,48.24518],[7.55001,48.22285],[7.53507,48.22868],[7.52267,48.23623],[7.52268,48.24834],[7.52183,48.25001],[7.51711,48.25198],[7.50751,48.25394],[7.50677,48.25349],[7.49592,48.25645],[7.4924,48.26353],[7.49352,48.26383],[7.49458,48.26317],[7.50959,48.26071],[7.51769,48.25657],[7.52872,48.25431],[7.55599,48.25439],[7.56222,48.25338],[7.56152,48.25088],[7.56023,48.24518]]]]}},{"type":"Feature","properties":{"code":"67020","nom":"Barembach","departement":"67","region":"44"},"geometry":{"type":"MultiPolygon","coordinates":[[[[7.21299,48.45634],[7.21361,48.46088],[7.21822,48.47206],[7.22277,48.47469],[7.22177,48.47856],[7.23422,48.48517],[7.24348,48.48857],[7.25288,48.47729],[7.26551,48.46693],[7.27014,48.46171],[7.26872,48.46198],[7.2723,48.45691],[7.27809,48.4529],[7.27694,48.45188],[7.26407,48.44914],[7.255,48.45293],[7.25002,48.45628],[7.24136,48.45942],[7.22709,48.45987],[7.21299,48.45634]]]]}},{"type":"Feature","properties":{"code":"67021","nom":"Barr","departement":"67","region":"44"},"geometry":{"type":"MultiPolygon","coordinates":[[[[7.46109,48.41076],[7.46412,48.40954],[7.46422,48.40717],[7.46843,48.40194],[7.48121,48.39863],[7.47764,48.39616],[7.47708,48.39299],[7.46958,48.39246],[7.46278,48.39344],[7.45279,48.40175],[7.43508,48.40264],[7.42308,48.40076],[7.41909,48.40233],[7.41752,48.40434],[7.41294,48.40738],[7.40437,48.40958],[7.38198,48.40658],[7.35467,48.40807],[7.35083,48.40938],[7.34415,48.41592],[7.33984,48.41644],[7.33735,48.41414],[7.32272,48.41968],[7.31994,48.42141],[7.31639,48.42835],[7.32157,48.42897],[7.36994,48.42675],[7.3886,48.42393],[7.39968,48.42489],[7.40584,48.43372],[7.41778,48.43466],[7.42361,48.43249],[7.42109,48.43168],[7.41853,48.42406],[7.42566,48.41861],[7.44782,48.41423],[7.4542,48.41411],[7.46026,48.41258],[7.46109,48.41076]]]]}},{"type":"Feature","properties":{"code":"67022","nom":"Bassemberg","departement":"67","region":"44"},"geometry":{"type":"MultiPolygon","coordinates":[[[[7.29333,48.33328],[7.28937,48.32988],[7.28434,48.33009],[7.27576,48.33234],[7.26811,48.33078],[7.26498,48.3355],[7.26346,48.3406],[7.27874,48.33997],[7.28367,48.34109],[7.29333,48.33328]]]]}},{"type":"Feature","properties":{"code":"67023","nom":"Batzendorf","departement":"67","region":"44"},"geometry":{"type":"MultiPolygon","coordinates":[[[[7.68694,48.7735],[7.6849,48.78302],[7.68428,48.78542],[7.68842,48.78577],[7.69091,48.78488],[7.70119,48.78624],[7.71405,48.78943],[7.71963,48.79229],[7.72453,48.79795],[7.71849,48.8038],[7.7178,48.80553],[7.7349,48.80421],[7.73603,48.80192],[7.73938,48.79855],[7.72429,48.79154],[7.71699,48.7865],[7.72163,48.78023],[7.72428,48.78061],[7.72815,48.77853],[7.72752,48.77462],[7.72255,48.77014],[7.71802,48.7691],[7.70567,48.76622],[7.70459,48.76523],[7.70471,48.76619],[7.69032,48.77128],[7.68694,48.7735]]]]}},{"type":"Feature","properties":{"code":"67025","nom":"Beinheim","departement":"67","region":"44"},"geometry":{"type":"MultiPolygon","coordinates":[[[[8.05899,48.85209],[8.06416,48.85438],[8.06824,48.85895],[8.06809,48.86252],[8.06168,48.86754],[8.06964,48.8713],[8.07853,48.87372],[8.08045,48.8728],[8.08818,48.87181],[8.11437,48.8709],[8.12153,48.86492],[8.10943,48.83947],[8.10686,48.82844],[8.10096,48.82875],[8.09738,48.83201],[8.07921,48.83795],[8.07233,48.84156],[8.05899,48.85209]]]]}},{"type":"Feature","properties":{"code":"67026","nom":"Bellefosse","departement":"67","region":"44"},"geometry":{"type":"MultiPolygon","coordinates":[[[[7.20336,48.39795],[7.20498,48.39823],[7.20344,48.4072],[7.20485,48.41141],[7.2176,48.409],[7.22248,48.40657],[7.24104,48.39557],[7.25104,48.39682],[7.25623,48.39869],[7.2664,48.39778],[7.27018,48.39378],[7.26918,48.38931],[7.2569,48.38291],[7.25276,48.38146],[7.24835,48.3811],[7.24416,48.38195],[7.23721,48.3868],[7.21856,48.39161],[7.20844,48.39527],[7.20324,48.39723],[7.20336,48.39795]]]]}},{"type":"Feature","properties":{"code":"67027","nom":"Belmont","departement":"67","region":"44"},"geometry":{"type":"MultiPolygon","coordinates":[[[[7.22248,48.40657],[7.22494,48.41007],[7.22655,48.41526],[7.2385,48.42162],[7.23865,48.42407],[7.23981,48.42455],[7.26206,48.42216],[7.27484,48.41948],[7.28703,48.41952],[7.29593,48.42146],[7.29367,48.41827],[7.28546,48.41133],[7.27613,48.40944],[7.2664,48.39778],[7.25623,48.39869],[7.25104,48.39682],[7.24104,48.39557],[7.22248,48.40657]]]]}},{"type":"Feature","properties":{"code":"67028","nom":"Benfeld","departement":"67","region":"44"},"geometry":{"type":"MultiPolygon","coordinates":[[[[7.60938,48.34749],[7.60135,48.34712],[7.599,48.3413],[7.59601,48.34261],[7.59558,48.34559],[7.59832,48.35027],[7.59994,48.35614],[7.59176,48.36471],[7.5844,48.36972],[7.5725,48.37408],[7.57421,48.377],[7.57762,48.37897],[7.58643,48.38017],[7.58885,48.38363],[7.61797,48.3718],[7.61913,48.36634],[7.62579,48.36487],[7.62019,48.36021],[7.60938,48.34749]]]]}},{"type":"Feature","properties":{"code":"67029","nom":"Berg","departement":"67","region":"44"},"geometry":{"type":"MultiPolygon","coordinates":[[[[7.1401,48.87815],[7.13654,48.88045],[7.1337,48.88077],[7.12908,48.87921],[7.12578,48.87697],[7.11954,48.87985],[7.11519,48.88433],[7.11687,48.88585],[7.12853,48.89095],[7.12503,48.90408],[7.13521,48.90113],[7.14524,48.90208],[7.15326,48.90415],[7.16425,48.91043],[7.16508,48.90565],[7.1678,48.90153],[7.16832,48.90097],[7.16137,48.88458],[7.15876,48.88649],[7.1401,48.87815]]]]}},{"type":"Feature","properties":{"code":"67030","nom":"Bergbieten","departement":"67","region":"44"},"geometry":{"type":"MultiPolygon","coordinates":[[[[7.47171,48.58504],[7.46903,48.582],[7.46908,48.57611],[7.4496,48.57064],[7.43905,48.56288],[7.43409,48.5609],[7.43218,48.56046],[7.431,48.576],[7.44359,48.58135],[7.44638,48.5848],[7.44902,48.58639],[7.45356,48.58763],[7.46841,48.58826],[7.46927,48.58609],[7.47171,48.58504]]]]}},{"type":"Feature","properties":{"code":"67031","nom":"Bernardswiller","departement":"67","region":"44"},"geometry":{"type":"MultiPolygon","coordinates":[[[[7.44123,48.4534],[7.44932,48.45603],[7.46504,48.45924],[7.46961,48.45549],[7.46881,48.45403],[7.46802,48.44944],[7.47241,48.44581],[7.4734,48.44134],[7.4713,48.43848],[7.45769,48.43656],[7.45187,48.43686],[7.44128,48.44257],[7.43293,48.44235],[7.42928,48.44947],[7.43644,48.4534],[7.44123,48.4534]]]]}},{"type":"Feature","properties":{"code":"67032","nom":"Bernardvillé","departement":"67","region":"44"},"geometry":{"type":"MultiPolygon","coordinates":[[[[7.42581,48.36863],[7.41439,48.36482],[7.40195,48.36207],[7.39948,48.36166],[7.39807,48.36215],[7.38604,48.3719],[7.38612,48.37344],[7.39079,48.37381],[7.39417,48.37533],[7.40214,48.37552],[7.40909,48.37521],[7.42754,48.37175],[7.42581,48.36863]]]]}},{"type":"Feature","properties":{"code":"67033","nom":"Bernolsheim","departement":"67","region":"44"},"geometry":{"type":"MultiPolygon","coordinates":[[[[7.68679,48.74306],[7.6824,48.74453],[7.68197,48.74397],[7.66983,48.7449],[7.66858,48.74553],[7.66826,48.74739],[7.67129,48.75006],[7.67271,48.75379],[7.67208,48.75847],[7.6932,48.76195],[7.69854,48.76181],[7.69964,48.76035],[7.70378,48.75386],[7.69448,48.75204],[7.68777,48.74437],[7.68679,48.74306]]]]}},{"type":"Feature","properties":{"code":"67034","nom":"Berstett","departement":"67","region":"44"},"geometry":{"type":"MultiPolygon","coordinates":[[[[7.68836,48.66869],[7.67277,48.66439],[7.66819,48.6666],[7.64968,48.66904],[7.6343,48.66899],[7.63147,48.66809],[7.62909,48.66732],[7.61195,48.66963],[7.60715,48.67154],[7.60029,48.67278],[7.59255,48.67257],[7.59123,48.66886],[7.58596,48.66917],[7.58231,48.66897],[7.5825,48.67288],[7.57866,48.6789],[7.5848,48.68002],[7.59597,48.67971],[7.59975,48.68145],[7.60143,48.68445],[7.60086,48.68984],[7.59324,48.69472],[7.59255,48.69665],[7.59489,48.69694],[7.60176,48.70188],[7.60097,48.7036],[7.61093,48.70326],[7.61903,48.69967],[7.6241,48.69894],[7.63675,48.69911],[7.637,48.69596],[7.64446,48.69109],[7.64987,48.68844],[7.66194,48.68946],[7.66469,48.68869],[7.66634,48.68645],[7.66859,48.68635],[7.67776,48.67662],[7.685,48.67152],[7.68743,48.67111],[7.68836,48.66869]]]]}},{"type":"Feature","properties":{"code":"67035","nom":"Berstheim","departement":"67","region":"44"},"geometry":{"type":"MultiPolygon","coordinates":[[[[7.69546,48.80157],[7.69644,48.80051],[7.69649,48.79746],[7.68842,48.78577],[7.68428,48.78542],[7.6849,48.78302],[7.6729,48.78451],[7.66726,48.78879],[7.66256,48.7943],[7.66188,48.79632],[7.69235,48.80053],[7.69546,48.80157]]]]}},{"type":"Feature","properties":{"code":"67036","nom":"Bettwiller","departement":"67","region":"44"},"geometry":{"type":"MultiPolygon","coordinates":[[[[7.19037,48.88327],[7.17274,48.87865],[7.17007,48.87834],[7.16542,48.87512],[7.16047,48.88332],[7.16137,48.88458],[7.16832,48.90097],[7.1678,48.90153],[7.16953,48.90179],[7.17742,48.89916],[7.1854,48.89471],[7.19037,48.88327]]]]}},{"type":"Feature","properties":{"code":"67037","nom":"Biblisheim","departement":"67","region":"44"},"geometry":{"type":"MultiPolygon","coordinates":[[[[7.80676,48.90205],[7.80636,48.89787],[7.80092,48.89034],[7.79377,48.8934],[7.78523,48.8955],[7.77875,48.89667],[7.77781,48.89835],[7.77991,48.9014],[7.77624,48.90435],[7.76928,48.90724],[7.77098,48.90787],[7.77726,48.90669],[7.78346,48.90434],[7.79007,48.90323],[7.79765,48.90266],[7.8,48.90327],[7.80482,48.90353],[7.80676,48.90205]]]]}},{"type":"Feature","properties":{"code":"67038","nom":"Bietlenheim","departement":"67","region":"44"},"geometry":{"type":"MultiPolygon","coordinates":[[[[7.79229,48.71128],[7.79132,48.71012],[7.77073,48.71239],[7.77749,48.72519],[7.78223,48.73076],[7.7897,48.73329],[7.78977,48.73245],[7.79211,48.73261],[7.79211,48.73027],[7.78749,48.71577],[7.79229,48.71128]]]]}},{"type":"Feature","properties":{"code":"67039","nom":"Bilwisheim","departement":"67","region":"44"},"geometry":{"type":"MultiPolygon","coordinates":[[[[7.64956,48.71367],[7.66041,48.71439],[7.67724,48.7202],[7.67649,48.71941],[7.67681,48.70947],[7.6638,48.70528],[7.66341,48.70108],[7.64974,48.70412],[7.6496,48.70686],[7.64956,48.71367]]]]}},{"type":"Feature","properties":{"code":"67040","nom":"Bindernheim","departement":"67","region":"44"},"geometry":{"type":"MultiPolygon","coordinates":[[[[7.62523,48.29974],[7.62304,48.29665],[7.62482,48.29276],[7.63548,48.28755],[7.63554,48.28499],[7.63903,48.28287],[7.63852,48.28097],[7.63428,48.28205],[7.63445,48.27932],[7.62997,48.27565],[7.62246,48.27444],[7.60764,48.2763],[7.59383,48.2807],[7.5934,48.28337],[7.59953,48.29479],[7.60772,48.29883],[7.61011,48.30212],[7.6221,48.3011],[7.62523,48.29974]]]]}},{"type":"Feature","properties":{"code":"67043","nom":"Bischheim","departement":"67","region":"44"},"geometry":{"type":"MultiPolygon","coordinates":[[[[7.76123,48.61943],[7.76201,48.62075],[7.76468,48.61923],[7.76437,48.61889],[7.76675,48.61807],[7.76778,48.61677],[7.76646,48.61372],[7.76716,48.61243],[7.76448,48.60905],[7.76243,48.60925],[7.7611,48.60823],[7.75544,48.61108],[7.75108,48.61117],[7.75123,48.61176],[7.74728,48.61205],[7.74568,48.61302],[7.74326,48.61286],[7.73887,48.61292],[7.73329,48.61253],[7.73297,48.61369],[7.72826,48.61313],[7.72835,48.61401],[7.72645,48.61396],[7.72615,48.61457],[7.71807,48.61602],[7.71792,48.62001],[7.73141,48.6197],[7.73156,48.61921],[7.7468,48.61906],[7.7477,48.61903],[7.75484,48.61881],[7.76057,48.61879],[7.76109,48.61941],[7.76123,48.61943]]],[[[7.79392,48.6357],[7.80026,48.63363],[7.80279,48.62922],[7.80103,48.62897],[7.79095,48.63187],[7.78617,48.63154],[7.78196,48.62757],[7.77837,48.62648],[7.77574,48.6298],[7.76772,48.62541],[7.76277,48.62947],[7.7697,48.63319],[7.77178,48.6317],[7.77889,48.63543],[7.78104,48.63895],[7.78511,48.63978],[7.78727,48.64025],[7.79392,48.6357]]]]}},{"type":"Feature","properties":{"code":"67044","nom":"Bischholtz","departement":"67","region":"44"},"geometry":{"type":"MultiPolygon","coordinates":[[[[7.53495,48.88366],[7.52731,48.88645],[7.51739,48.88691],[7.51424,48.88874],[7.51152,48.89189],[7.52234,48.89544],[7.53677,48.89872],[7.53759,48.89788],[7.53906,48.89533],[7.5435,48.89256],[7.55036,48.89491],[7.55272,48.89681],[7.55571,48.89484],[7.53543,48.88626],[7.53495,48.88366]]]]}},{"type":"Feature","properties":{"code":"67045","nom":"Bischoffsheim","departement":"67","region":"44"},"geometry":{"type":"MultiPolygon","coordinates":[[[[7.6083,48.47501],[7.59397,48.46904],[7.57435,48.48379],[7.5687,48.48508],[7.55274,48.48573],[7.54191,48.48015],[7.5393,48.4807],[7.53692,48.48185],[7.51245,48.48233],[7.48857,48.48049],[7.47759,48.47771],[7.46896,48.47643],[7.45944,48.47657],[7.45581,48.47771],[7.45872,48.48227],[7.45897,48.4849],[7.47741,48.49121],[7.4894,48.49388],[7.51167,48.49437],[7.51432,48.49483],[7.521,48.49394],[7.54822,48.49534],[7.5511,48.4904],[7.55659,48.48776],[7.56886,48.48927],[7.57569,48.48908],[7.5906,48.48592],[7.59187,48.48666],[7.59168,48.48559],[7.6083,48.47501]]]]}},{"type":"Feature","properties":{"code":"67046","nom":"Bischwiller","departement":"67","region":"44"},"geometry":{"type":"MultiPolygon","coordinates":[[[[7.8766,48.73973],[7.86206,48.73135],[7.86059,48.73423],[7.85671,48.73651],[7.85277,48.7358],[7.84688,48.73842],[7.84223,48.7497],[7.84003,48.75122],[7.84245,48.75657],[7.83645,48.76306],[7.82885,48.76659],[7.82721,48.76823],[7.82605,48.77452],[7.82726,48.77459],[7.8298,48.7784],[7.83052,48.77917],[7.83318,48.78169],[7.84063,48.78509],[7.84758,48.78432],[7.85296,48.78184],[7.85511,48.78342],[7.86303,48.77893],[7.8681,48.77079],[7.87615,48.76638],[7.88816,48.76178],[7.9002,48.75889],[7.89987,48.75661],[7.89512,48.75081],[7.89328,48.75077],[7.88616,48.74216],[7.8766,48.73973]]]]}},{"type":"Feature","properties":{"code":"67047","nom":"Bissert","departement":"67","region":"44"},"geometry":{"type":"MultiPolygon","coordinates":[[[[7.00304,48.94115],[7.00163,48.94368],[7.00397,48.94727],[7.01099,48.95151],[7.01815,48.95449],[7.01877,48.95768],[7.02603,48.95615],[7.02674,48.95297],[7.0305,48.94973],[7.03035,48.94364],[7.02533,48.93839],[7.01769,48.93557],[7.01433,48.93606],[7.00588,48.94049],[7.00328,48.94101],[7.00304,48.94115]]]]}},{"type":"Feature","properties":{"code":"67048","nom":"Bitschhoffen","departement":"67","region":"44"},"geometry":{"type":"MultiPolygon","coordinates":[[[[7.64052,48.86098],[7.63672,48.8606],[7.63401,48.85944],[7.63712,48.85847],[7.63803,48.85708],[7.63685,48.85636],[7.6285,48.85577],[7.61841,48.85418],[7.61043,48.85766],[7.61516,48.8699],[7.61674,48.87294],[7.62403,48.87329],[7.62349,48.86885],[7.63728,48.86704],[7.64052,48.86098]]]]}},{"type":"Feature","properties":{"code":"67049","nom":"Blaesheim","departement":"67","region":"44"},"geometry":{"type":"MultiPolygon","coordinates":[[[[7.58922,48.51349],[7.59122,48.51354],[7.59229,48.51141],[7.61174,48.52206],[7.61626,48.52439],[7.62473,48.52624],[7.63074,48.52168],[7.6311,48.52007],[7.622,48.51643],[7.62486,48.50784],[7.61748,48.4838],[7.61284,48.47698],[7.6083,48.47501],[7.59168,48.48559],[7.59187,48.48666],[7.59478,48.49546],[7.58572,48.5128],[7.58922,48.51349]]]]}},{"type":"Feature","properties":{"code":"67050","nom":"Blancherupt","departement":"67","region":"44"},"geometry":{"type":"MultiPolygon","coordinates":[[[[7.20485,48.41141],[7.20344,48.4072],[7.20498,48.39823],[7.20336,48.39795],[7.19497,48.39777],[7.1908,48.39834],[7.18787,48.39972],[7.18831,48.40156],[7.18372,48.40555],[7.18391,48.4092],[7.19979,48.41629],[7.20336,48.41514],[7.20485,48.41141]]]]}},{"type":"Feature","properties":{"code":"67051","nom":"Blienschwiller","departement":"67","region":"44"},"geometry":{"type":"MultiPolygon","coordinates":[[[[7.43976,48.33865],[7.43116,48.33832],[7.41527,48.3404],[7.40166,48.34307],[7.39189,48.34645],[7.38975,48.34635],[7.38724,48.34686],[7.38946,48.348],[7.39094,48.35155],[7.39534,48.35164],[7.40869,48.34927],[7.42142,48.34817],[7.42623,48.3486],[7.43663,48.34767],[7.43972,48.34655],[7.44032,48.34592],[7.43829,48.34432],[7.43976,48.33865]]]]}},{"type":"Feature","properties":{"code":"67052","nom":"Bœrsch","departement":"67","region":"44"},"geometry":{"type":"MultiPolygon","coordinates":[[[[7.45488,48.47681],[7.44676,48.47367],[7.44155,48.46936],[7.43128,48.46538],[7.41594,48.46744],[7.41104,48.46871],[7.40654,48.46851],[7.39882,48.4664],[7.38311,48.45853],[7.37192,48.45588],[7.33988,48.44464],[7.33467,48.44507],[7.32351,48.44935],[7.30103,48.44823],[7.28494,48.44573],[7.28669,48.44759],[7.28901,48.45468],[7.29626,48.46021],[7.31711,48.46716],[7.32078,48.46638],[7.31993,48.46538],[7.3227,48.46373],[7.34104,48.46168],[7.35554,48.46575],[7.36063,48.46801],[7.36904,48.47402],[7.39296,48.48382],[7.40749,48.48742],[7.43721,48.48707],[7.44425,48.48499],[7.45061,48.48412],[7.45573,48.48398],[7.45897,48.4849],[7.45872,48.48227],[7.45581,48.47771],[7.45488,48.47681]]]]}},{"type":"Feature","properties":{"code":"67053","nom":"Bœsenbiesen","departement":"67","region":"44"},"geometry":{"type":"MultiPolygon","coordinates":[[[[7.55001,48.22285],[7.56023,48.24518],[7.56368,48.24239],[7.56518,48.23654],[7.57475,48.2212],[7.56797,48.2127],[7.56405,48.21463],[7.54729,48.2196],[7.55001,48.22285]]]]}},{"type":"Feature","properties":{"code":"67054","nom":"Bolsenheim","departement":"67","region":"44"},"geometry":{"type":"MultiPolygon","coordinates":[[[[7.60236,48.41531],[7.605,48.41833],[7.60516,48.42],[7.59606,48.4249],[7.58928,48.43026],[7.58176,48.43356],[7.57929,48.43584],[7.58866,48.44143],[7.58936,48.44176],[7.6052,48.43433],[7.61222,48.42794],[7.61909,48.41956],[7.62261,48.41778],[7.62918,48.41428],[7.62688,48.41209],[7.62761,48.41168],[7.62327,48.40811],[7.61893,48.41017],[7.61579,48.41183],[7.60236,48.41531]]]]}},{"type":"Feature","properties":{"code":"67055","nom":"Boofzheim","departement":"67","region":"44"},"geometry":{"type":"MultiPolygon","coordinates":[[[[7.6403,48.32743],[7.6403,48.32747],[7.64298,48.32961],[7.65293,48.34317],[7.65624,48.34267],[7.6627,48.34358],[7.66491,48.34406],[7.66604,48.34539],[7.68385,48.34839],[7.69603,48.34822],[7.70361,48.35015],[7.71158,48.34331],[7.70505,48.33195],[7.69987,48.3277],[7.69591,48.32285],[7.69273,48.31511],[7.69167,48.31493],[7.69025,48.31486],[7.67168,48.32163],[7.66007,48.32232],[7.6403,48.32743]]]]}},{"type":"Feature","properties":{"code":"67056","nom":"Bootzheim","departement":"67","region":"44"},"geometry":{"type":"MultiPolygon","coordinates":[[[[7.63362,48.19624],[7.62191,48.18831],[7.616,48.1886],[7.61088,48.18989],[7.6008,48.18993],[7.58663,48.18338],[7.58291,48.18325],[7.57868,48.18339],[7.571,48.18553],[7.56339,48.18892],[7.56462,48.19062],[7.55461,48.19509],[7.55774,48.19906],[7.56362,48.19871],[7.56977,48.20019],[7.57447,48.20339],[7.58721,48.19611],[7.59502,48.19459],[7.60897,48.19727],[7.63362,48.19624]]]]}},{"type":"Feature","properties":{"code":"67057","nom":"Bosselshausen","departement":"67","region":"44"},"geometry":{"type":"MultiPolygon","coordinates":[[[[7.49215,48.8051],[7.49018,48.80712],[7.49061,48.80803],[7.49644,48.81313],[7.50371,48.81586],[7.50485,48.81434],[7.52669,48.80904],[7.52504,48.80546],[7.52312,48.80388],[7.51937,48.80322],[7.51812,48.80059],[7.52082,48.79818],[7.51607,48.79746],[7.50644,48.79647],[7.49215,48.8051]]]]}},{"type":"Feature","properties":{"code":"67058","nom":"Bossendorf","departement":"67","region":"44"},"geometry":{"type":"MultiPolygon","coordinates":[[[[7.5809,48.78582],[7.57853,48.77933],[7.58476,48.77343],[7.57759,48.77129],[7.56041,48.77045],[7.55922,48.77184],[7.55272,48.77892],[7.54937,48.77975],[7.5477,48.78145],[7.54633,48.78352],[7.55078,48.78547],[7.57041,48.78901],[7.57705,48.79166],[7.58081,48.7876],[7.57966,48.78711],[7.5809,48.78582]]]]}},{"type":"Feature","properties":{"code":"67059","nom":"Bourg-Bruche","departement":"67","region":"44"},"geometry":{"type":"MultiPolygon","coordinates":[[[[7.17078,48.35084],[7.16849,48.35004],[7.16401,48.3461],[7.16731,48.34307],[7.16954,48.34232],[7.16412,48.33726],[7.15502,48.33409],[7.14792,48.33327],[7.13682,48.34034],[7.12716,48.34784],[7.11971,48.35774],[7.11707,48.36253],[7.1158,48.36755],[7.11259,48.37089],[7.1007,48.37367],[7.10663,48.37617],[7.1207,48.37315],[7.13806,48.37505],[7.14139,48.37858],[7.14042,48.38344],[7.14468,48.38993],[7.146,48.38696],[7.15095,48.38239],[7.16245,48.36933],[7.17012,48.36244],[7.17132,48.35863],[7.16998,48.35313],[7.17078,48.35084]]]]}},{"type":"Feature","properties":{"code":"67060","nom":"Bourgheim","departement":"67","region":"44"},"geometry":{"type":"MultiPolygon","coordinates":[[[[7.49552,48.42471],[7.50164,48.42319],[7.50451,48.42041],[7.50576,48.41758],[7.50457,48.41355],[7.50201,48.41171],[7.49705,48.41106],[7.49706,48.41028],[7.4967,48.40819],[7.49216,48.40874],[7.49211,48.4112],[7.48225,48.41988],[7.47115,48.42361],[7.46229,48.4246],[7.46238,48.42583],[7.47677,48.42598],[7.49552,48.42471]]]]}},{"type":"Feature","properties":{"code":"67061","nom":"Bouxwiller","departement":"67","region":"44"},"geometry":{"type":"MultiPolygon","coordinates":[[[[7.45103,48.78407],[7.43728,48.79355],[7.42206,48.80033],[7.42895,48.80474],[7.4307,48.80827],[7.42584,48.80905],[7.42085,48.81365],[7.44186,48.82053],[7.44171,48.82407],[7.44283,48.82598],[7.43969,48.82862],[7.43224,48.83755],[7.42837,48.84446],[7.43175,48.84326],[7.45297,48.83648],[7.45753,48.83698],[7.46219,48.83894],[7.46312,48.83819],[7.47055,48.83871],[7.48564,48.84225],[7.49227,48.84258],[7.49719,48.84139],[7.49974,48.84044],[7.50795,48.83447],[7.51011,48.82938],[7.50905,48.82925],[7.50538,48.81642],[7.50371,48.81586],[7.49644,48.81313],[7.49061,48.80803],[7.49018,48.80712],[7.49215,48.8051],[7.48736,48.80299],[7.48483,48.80225],[7.47499,48.80239],[7.4677,48.80312],[7.46748,48.79986],[7.46788,48.79302],[7.45103,48.78407]]]]}},{"type":"Feature","properties":{"code":"67062","nom":"Breitenau","departement":"67","region":"44"},"geometry":{"type":"MultiPolygon","coordinates":[[[[7.27576,48.33234],[7.28434,48.33009],[7.28937,48.32988],[7.29333,48.33328],[7.29524,48.33237],[7.29051,48.31691],[7.28361,48.30847],[7.28249,48.29628],[7.2755,48.30113],[7.26927,48.30406],[7.26507,48.30322],[7.25923,48.30493],[7.26113,48.31131],[7.26297,48.31374],[7.27449,48.31736],[7.27986,48.32356],[7.27576,48.33234]]]]}},{"type":"Feature","properties":{"code":"67063","nom":"Breitenbach","departement":"67","region":"44"},"geometry":{"type":"MultiPolygon","coordinates":[[[[7.33065,48.37871],[7.31537,48.37098],[7.30855,48.36301],[7.30601,48.36129],[7.29648,48.35887],[7.27672,48.35837],[7.27153,48.36432],[7.26191,48.36987],[7.25928,48.37042],[7.25724,48.37111],[7.24835,48.3811],[7.25276,48.38146],[7.2569,48.38291],[7.26918,48.38931],[7.29095,48.38746],[7.30695,48.38429],[7.31318,48.38441],[7.32653,48.38063],[7.32853,48.37913],[7.33065,48.37871]]]]}},{"type":"Feature","properties":{"code":"67065","nom":"Breuschwickersheim","departement":"67","region":"44"},"geometry":{"type":"MultiPolygon","coordinates":[[[[7.61019,48.57093],[7.60824,48.57056],[7.60651,48.56724],[7.60136,48.56425],[7.59689,48.56424],[7.58639,48.56784],[7.58011,48.57532],[7.59088,48.57848],[7.58388,48.58061],[7.58736,48.5851],[7.58716,48.58816],[7.59893,48.58895],[7.61029,48.59151],[7.61624,48.57996],[7.61131,48.57116],[7.61019,48.57093]]]]}},{"type":"Feature","properties":{"code":"67066","nom":"La Broque","departement":"67","region":"44"},"geometry":{"type":"MultiPolygon","coordinates":[[[[7.10925,48.4388],[7.10964,48.43963],[7.10811,48.44028],[7.1214,48.44501],[7.14881,48.47211],[7.16838,48.4799],[7.173,48.48373],[7.17566,48.48306],[7.18642,48.48345],[7.19806,48.48265],[7.21366,48.47982],[7.2157,48.47925],[7.21681,48.47771],[7.21781,48.4727],[7.20593,48.45921],[7.19823,48.44763],[7.1866,48.43977],[7.18633,48.43587],[7.18371,48.43558],[7.17402,48.43616],[7.1623,48.43883],[7.145,48.44661],[7.1395,48.4471],[7.13651,48.44683],[7.13406,48.44491],[7.12587,48.44138],[7.12145,48.44021],[7.10925,48.4388]]]]}},{"type":"Feature","properties":{"code":"67067","nom":"Brumath","departement":"67","region":"44"},"geometry":{"type":"MultiPolygon","coordinates":[[[[7.75674,48.71439],[7.75034,48.69838],[7.74724,48.68652],[7.7233,48.68758],[7.71902,48.68603],[7.71151,48.70212],[7.7099,48.70231],[7.69401,48.69442],[7.69258,48.69453],[7.69147,48.69666],[7.69061,48.69852],[7.68169,48.70487],[7.67681,48.70947],[7.67649,48.71941],[7.67724,48.7202],[7.67804,48.72153],[7.68355,48.7228],[7.6877,48.72491],[7.68088,48.73077],[7.67569,48.73396],[7.67281,48.73348],[7.67181,48.73434],[7.68799,48.73738],[7.68829,48.74243],[7.68679,48.74306],[7.68777,48.74437],[7.69448,48.75204],[7.70378,48.75386],[7.704,48.75144],[7.71369,48.74954],[7.71718,48.74923],[7.72002,48.75057],[7.72092,48.75205],[7.724,48.75171],[7.72846,48.74771],[7.72822,48.74658],[7.74155,48.74917],[7.7477,48.75175],[7.74962,48.74935],[7.75747,48.74361],[7.74325,48.73092],[7.74063,48.72611],[7.7407,48.7201],[7.74225,48.72048],[7.75674,48.71439]]]]}},{"type":"Feature","properties":{"code":"67068","nom":"Buswiller","departement":"67","region":"44"},"geometry":{"type":"MultiPolygon","coordinates":[[[[7.54539,48.82558],[7.55104,48.82515],[7.55982,48.82597],[7.57169,48.82882],[7.57707,48.82035],[7.57665,48.81851],[7.56985,48.81493],[7.56827,48.81434],[7.55139,48.81724],[7.54594,48.82163],[7.54539,48.82558]]]]}},{"type":"Feature","properties":{"code":"67069","nom":"Buhl","departement":"67","region":"44"},"geometry":{"type":"MultiPolygon","coordinates":[[[[8.0124,48.92971],[8.01594,48.92925],[8.01578,48.92856],[8.02273,48.92577],[8.02788,48.92483],[8.0312,48.9199],[8.03351,48.91868],[8.03336,48.91495],[8.03005,48.90994],[8.02544,48.90653],[8.01935,48.9087],[8.01185,48.9086],[7.99375,48.91241],[8.0124,48.92971]]]]}},{"type":"Feature","properties":{"code":"67070","nom":"Burbach","departement":"67","region":"44"},"geometry":{"type":"MultiPolygon","coordinates":[[[[7.11723,48.91445],[7.12503,48.90408],[7.12853,48.89095],[7.11687,48.88585],[7.11519,48.88433],[7.10998,48.88364],[7.10484,48.88082],[7.09554,48.89171],[7.0936,48.89255],[7.09411,48.90019],[7.10406,48.91043],[7.10489,48.91386],[7.11065,48.91567],[7.11376,48.91568],[7.11723,48.91445]]]]}},{"type":"Feature","properties":{"code":"67090","nom":"Diebolsheim","departement":"67","region":"44"},"geometry":{"type":"MultiPolygon","coordinates":[[[[7.66705,48.27416],[7.66452,48.2724],[7.6553,48.27],[7.63936,48.27298],[7.63962,48.27977],[7.63797,48.27989],[7.63852,48.28097],[7.63903,48.28287],[7.63554,48.28499],[7.63548,48.28755],[7.64747,48.29371],[7.65388,48.29835],[7.65432,48.30081],[7.65916,48.30234],[7.67839,48.29935],[7.67208,48.28882],[7.67369,48.28232],[7.67213,48.2782],[7.66705,48.27416]]]]}},{"type":"Feature","properties":{"code":"67071","nom":"Bust","departement":"67","region":"44"},"geometry":{"type":"MultiPolygon","coordinates":[[[[7.24987,48.83404],[7.25615,48.82747],[7.25814,48.82218],[7.2574,48.82117],[7.24948,48.8177],[7.24547,48.81683],[7.23735,48.82105],[7.22805,48.82811],[7.22214,48.82953],[7.21775,48.82811],[7.21033,48.83982],[7.20938,48.84362],[7.21937,48.84457],[7.22835,48.84831],[7.22564,48.84451],[7.22736,48.84086],[7.23024,48.84015],[7.23121,48.84016],[7.23412,48.84484],[7.23979,48.84988],[7.24501,48.84739],[7.24733,48.84253],[7.24571,48.83392],[7.24987,48.83404]]]]}},{"type":"Feature","properties":{"code":"67072","nom":"Butten","departement":"67","region":"44"},"geometry":{"type":"MultiPolygon","coordinates":[[[[7.21374,48.96074],[7.20986,48.9612],[7.20106,48.96399],[7.19535,48.96761],[7.19603,48.96852],[7.19743,48.97051],[7.20932,48.98009],[7.22068,48.98289],[7.23614,48.98792],[7.23846,48.98799],[7.24499,48.98696],[7.27086,48.978],[7.29307,48.97355],[7.29407,48.97234],[7.29061,48.96691],[7.28074,48.96092],[7.26945,48.95644],[7.26633,48.95592],[7.26204,48.95642],[7.24365,48.96158],[7.23763,48.96249],[7.23126,48.96227],[7.22223,48.96003],[7.21792,48.95965],[7.21374,48.96074]]]]}},{"type":"Feature","properties":{"code":"67073","nom":"Châtenois","departement":"67","region":"44"},"geometry":{"type":"MultiPolygon","coordinates":[[[[7.35893,48.3072],[7.35975,48.30014],[7.36143,48.29632],[7.36595,48.29306],[7.37181,48.29162],[7.38651,48.29001],[7.40023,48.28991],[7.40293,48.29215],[7.40576,48.2922],[7.40892,48.29094],[7.41561,48.28423],[7.42159,48.27246],[7.42811,48.27158],[7.42687,48.27073],[7.42632,48.26841],[7.42531,48.26401],[7.42222,48.259],[7.41487,48.2603],[7.40113,48.26008],[7.38998,48.26523],[7.3746,48.27643],[7.36722,48.2798],[7.35115,48.27889],[7.34766,48.27945],[7.34642,48.28099],[7.34255,48.2972],[7.34617,48.30106],[7.35435,48.30605],[7.35893,48.3072]]]]}},{"type":"Feature","properties":{"code":"67074","nom":"Cleebourg","departement":"67","region":"44"},"geometry":{"type":"MultiPolygon","coordinates":[[[[7.86998,49.01417],[7.88019,49.01167],[7.88768,49.01075],[7.89246,49.01159],[7.89728,49.00999],[7.89857,49.00527],[7.90008,49.00411],[7.90227,48.99579],[7.90579,48.9935],[7.91941,48.98806],[7.928,48.98106],[7.9259,48.98048],[7.90851,48.98339],[7.91127,48.97724],[7.90848,48.97157],[7.90594,48.97734],[7.9007,48.98242],[7.89677,48.98366],[7.88699,48.98377],[7.88591,48.99484],[7.87514,48.99465],[7.86948,48.99435],[7.86552,48.99333],[7.85075,48.98687],[7.84977,48.98724],[7.84484,48.99164],[7.86998,49.01417]]]]}},{"type":"Feature","properties":{"code":"67075","nom":"Climbach","departement":"67","region":"44"},"geometry":{"type":"MultiPolygon","coordinates":[[[[7.85505,49.03553],[7.8675,49.03308],[7.86106,49.02559],[7.85755,49.02363],[7.85874,49.01726],[7.86998,49.01417],[7.84484,48.99164],[7.84161,48.99613],[7.8368,49.00403],[7.8376,49.0134],[7.83411,49.02002],[7.83417,49.02121],[7.84016,49.02852],[7.85398,49.03423],[7.85505,49.03553]]]]}},{"type":"Feature","properties":{"code":"67076","nom":"Colroy-la-Roche","departement":"67","region":"44"},"geometry":{"type":"MultiPolygon","coordinates":[[[[7.15095,48.38239],[7.146,48.38696],[7.14468,48.38993],[7.15252,48.39344],[7.15525,48.40356],[7.16498,48.40093],[7.18152,48.40084],[7.18787,48.39972],[7.1908,48.39834],[7.19497,48.39777],[7.20336,48.39795],[7.20324,48.39723],[7.20844,48.39527],[7.20848,48.39465],[7.19583,48.38703],[7.18279,48.38047],[7.16813,48.38031],[7.15095,48.38239]]]]}},{"type":"Feature","properties":{"code":"67077","nom":"Cosswiller","departement":"67","region":"44"},"geometry":{"type":"MultiPolygon","coordinates":[[[[7.37461,48.58211],[7.34921,48.59003],[7.32396,48.58528],[7.3209,48.58615],[7.31485,48.59044],[7.31493,48.59393],[7.32369,48.59988],[7.33751,48.60522],[7.34537,48.61288],[7.34833,48.62149],[7.36981,48.62777],[7.37574,48.62701],[7.3836,48.63064],[7.38922,48.63481],[7.39516,48.63645],[7.4024,48.63769],[7.41505,48.63763],[7.41552,48.63492],[7.41135,48.63108],[7.41046,48.62741],[7.41285,48.62664],[7.40723,48.62169],[7.388,48.61915],[7.36968,48.615],[7.36382,48.60708],[7.36188,48.60099],[7.37233,48.59874],[7.37039,48.59365],[7.37147,48.59045],[7.37429,48.58805],[7.37507,48.58594],[7.37461,48.58211]]]]}},{"type":"Feature","properties":{"code":"67078","nom":"Crastatt","departement":"67","region":"44"},"geometry":{"type":"MultiPolygon","coordinates":[[[[7.44769,48.65775],[7.4485,48.65724],[7.42756,48.65432],[7.41854,48.65415],[7.41548,48.65261],[7.3997,48.65984],[7.39873,48.6597],[7.39852,48.66171],[7.39968,48.66265],[7.40287,48.66146],[7.42056,48.66552],[7.43934,48.66298],[7.44117,48.6635],[7.44321,48.66201],[7.44769,48.65775]]]]}},{"type":"Feature","properties":{"code":"67079","nom":"Crœttwiller","departement":"67","region":"44"},"geometry":{"type":"MultiPolygon","coordinates":[[[[8.04357,48.94261],[8.04801,48.94235],[8.0498,48.94137],[8.05005,48.93877],[8.04653,48.93174],[8.04237,48.92788],[8.04123,48.92556],[8.03899,48.92247],[8.0312,48.9199],[8.02788,48.92483],[8.02715,48.92751],[8.02997,48.93432],[8.03932,48.9408],[8.04357,48.94261]]]]}},{"type":"Feature","properties":{"code":"67080","nom":"Dachstein","departement":"67","region":"44"},"geometry":{"type":"MultiPolygon","coordinates":[[[[7.51829,48.561],[7.53788,48.56717],[7.54299,48.56761],[7.54482,48.56763],[7.55312,48.56338],[7.5672,48.54501],[7.56668,48.54479],[7.56273,48.54323],[7.54588,48.54072],[7.53866,48.54244],[7.53401,48.54135],[7.52909,48.54724],[7.52222,48.55106],[7.51674,48.5564],[7.51587,48.56058],[7.51829,48.561]]]]}},{"type":"Feature","properties":{"code":"67081","nom":"Dahlenheim","departement":"67","region":"44"},"geometry":{"type":"MultiPolygon","coordinates":[[[[7.51199,48.5963],[7.51614,48.59729],[7.51795,48.59803],[7.52903,48.60176],[7.53671,48.6027],[7.53947,48.59665],[7.53802,48.59634],[7.53784,48.59509],[7.54443,48.58457],[7.53017,48.58651],[7.51832,48.58718],[7.5073,48.57919],[7.50749,48.57864],[7.48903,48.57384],[7.48452,48.57582],[7.48107,48.58074],[7.48559,48.58127],[7.51276,48.59115],[7.51199,48.5963]]]]}},{"type":"Feature","properties":{"code":"67082","nom":"Dalhunden","departement":"67","region":"44"},"geometry":{"type":"MultiPolygon","coordinates":[[[[8.01707,48.7625],[8.0115,48.75998],[8.00403,48.75882],[7.98333,48.76102],[7.98305,48.76267],[7.97018,48.76641],[7.95913,48.77739],[7.96091,48.77911],[7.97471,48.77994],[7.98886,48.77968],[7.9978,48.784],[8.00103,48.78432],[8.00962,48.78537],[8.0077,48.77507],[8.01707,48.7625]]]]}},{"type":"Feature","properties":{"code":"67083","nom":"Dambach","departement":"67","region":"44"},"geometry":{"type":"MultiPolygon","coordinates":[[[[7.69581,49.01283],[7.68089,49.00901],[7.67361,49.00525],[7.66496,48.99191],[7.67142,48.99105],[7.66372,48.98215],[7.65928,48.97947],[7.63208,48.98602],[7.60766,48.98664],[7.59518,48.98538],[7.59251,48.98443],[7.59129,48.98984],[7.59182,48.99451],[7.60458,49.00604],[7.60701,49.00958],[7.60775,49.01504],[7.60631,49.01648],[7.60643,49.02002],[7.60964,49.02128],[7.61215,49.02477],[7.61864,49.03059],[7.62636,49.03392],[7.62683,49.03351],[7.64355,49.03994],[7.65178,49.04202],[7.66475,49.04262],[7.67021,49.03755],[7.66767,49.03155],[7.66755,49.02551],[7.67015,49.02344],[7.67781,49.0227],[7.68375,49.02025],[7.68597,49.01735],[7.69581,49.01283]]]]}},{"type":"Feature","properties":{"code":"67084","nom":"Dambach-la-Ville","departement":"67","region":"44"},"geometry":{"type":"MultiPolygon","coordinates":[[[[7.42279,48.30066],[7.42257,48.30402],[7.42219,48.30978],[7.413,48.31051],[7.41063,48.31408],[7.39889,48.31298],[7.39641,48.31211],[7.39143,48.31176],[7.37383,48.31121],[7.36108,48.30796],[7.36096,48.30911],[7.37189,48.32544],[7.3814,48.34382],[7.38975,48.34635],[7.39189,48.34645],[7.40166,48.34307],[7.41527,48.3404],[7.43116,48.33832],[7.43976,48.33865],[7.44608,48.3391],[7.4566,48.33803],[7.46391,48.33615],[7.48276,48.334],[7.4871,48.32172],[7.48835,48.32225],[7.49002,48.32026],[7.48494,48.31843],[7.48179,48.31638],[7.47197,48.3025],[7.46708,48.30384],[7.4549,48.30369],[7.4441,48.30537],[7.42279,48.30066]]]]}},{"type":"Feature","properties":{"code":"67085","nom":"Dangolsheim","departement":"67","region":"44"},"geometry":{"type":"MultiPolygon","coordinates":[[[[7.45874,48.55312],[7.45488,48.55264],[7.4474,48.55615],[7.44507,48.55413],[7.43409,48.5609],[7.43905,48.56288],[7.4496,48.57064],[7.46908,48.57611],[7.47208,48.57582],[7.47443,48.57233],[7.47256,48.56663],[7.46789,48.56295],[7.45874,48.55312]]]]}},{"type":"Feature","properties":{"code":"67086","nom":"Daubensand","departement":"67","region":"44"},"geometry":{"type":"MultiPolygon","coordinates":[[[[7.71454,48.36112],[7.71654,48.36027],[7.72577,48.36182],[7.73601,48.36246],[7.7436,48.33996],[7.72957,48.33963],[7.71401,48.35001],[7.71159,48.35353],[7.71454,48.36112]]]]}},{"type":"Feature","properties":{"code":"67087","nom":"Dauendorf","departement":"67","region":"44"},"geometry":{"type":"MultiPolygon","coordinates":[[[[7.70863,48.8339],[7.70377,48.83491],[7.69929,48.83691],[7.69141,48.83607],[7.6821,48.83341],[7.66197,48.82214],[7.64976,48.8123],[7.64474,48.81351],[7.6454,48.81955],[7.64007,48.82333],[7.63754,48.82646],[7.63764,48.82947],[7.63981,48.8301],[7.64373,48.83635],[7.65556,48.83929],[7.66078,48.84785],[7.67856,48.84499],[7.69584,48.84103],[7.71016,48.83555],[7.70936,48.83382],[7.70863,48.8339]]]]}},{"type":"Feature","properties":{"code":"67088","nom":"Dehlingen","departement":"67","region":"44"},"geometry":{"type":"MultiPolygon","coordinates":[[[[7.18624,48.99383],[7.19405,48.99527],[7.20447,48.98583],[7.20932,48.98009],[7.19743,48.97051],[7.19603,48.96852],[7.18629,48.96813],[7.18063,48.96885],[7.17142,48.97384],[7.16772,48.97541],[7.16567,48.97528],[7.16282,48.97607],[7.15919,48.98656],[7.15894,48.99338],[7.16151,49.0024],[7.16236,49.00377],[7.17428,49.00636],[7.18352,48.9948],[7.18624,48.99383]]]]}},{"type":"Feature","properties":{"code":"67089","nom":"Dettwiller","departement":"67","region":"44"},"geometry":{"type":"MultiPolygon","coordinates":[[[[7.43321,48.77599],[7.44205,48.7747],[7.45828,48.77492],[7.48014,48.76696],[7.4818,48.76252],[7.48318,48.75513],[7.48006,48.74798],[7.47828,48.74935],[7.47322,48.74792],[7.45207,48.74681],[7.43717,48.74484],[7.43541,48.7503],[7.43605,48.75508],[7.43506,48.76288],[7.43022,48.7637],[7.42203,48.76375],[7.42027,48.76532],[7.4207,48.76794],[7.43321,48.77599]]]]}},{"type":"Feature","properties":{"code":"67091","nom":"Diedendorf","departement":"67","region":"44"},"geometry":{"type":"MultiPolygon","coordinates":[[[[7.06049,48.8875],[7.05708,48.88141],[7.05829,48.87443],[7.06104,48.87142],[7.06166,48.86816],[7.06043,48.86587],[7.0556,48.8651],[7.04521,48.87176],[7.03,48.87798],[7.01898,48.88182],[6.9983,48.88724],[6.98903,48.89118],[6.9871,48.8913],[7.00828,48.90472],[7.0282,48.89968],[7.03343,48.89983],[7.04109,48.90178],[7.0456,48.89624],[7.04515,48.8952],[7.04128,48.8946],[7.04019,48.89144],[7.04915,48.88559],[7.06049,48.8875]]]]}},{"type":"Feature","properties":{"code":"67092","nom":"Dieffenbach-au-Val","departement":"67","region":"44"},"geometry":{"type":"MultiPolygon","coordinates":[[[[7.30855,48.31306],[7.33494,48.32503],[7.33542,48.32492],[7.34648,48.31912],[7.3412,48.31536],[7.32753,48.30966],[7.31657,48.30238],[7.31346,48.30316],[7.31205,48.30472],[7.30855,48.31306]]]]}},{"type":"Feature","properties":{"code":"67093","nom":"Dieffenbach-lès-Wœrth","departement":"67","region":"44"},"geometry":{"type":"MultiPolygon","coordinates":[[[[7.7835,48.94463],[7.78667,48.94467],[7.79096,48.94057],[7.79335,48.93702],[7.79393,48.93424],[7.80464,48.92918],[7.82081,48.92578],[7.81711,48.91872],[7.80664,48.92369],[7.80038,48.92337],[7.79429,48.92262],[7.79004,48.92336],[7.78924,48.92464],[7.77584,48.93285],[7.7739,48.93327],[7.77381,48.93674],[7.78371,48.94309],[7.7835,48.94463]]]]}},{"type":"Feature","properties":{"code":"67094","nom":"Dieffenthal","departement":"67","region":"44"},"geometry":{"type":"MultiPolygon","coordinates":[[[[7.42279,48.30066],[7.41677,48.29964],[7.40784,48.30241],[7.39889,48.31298],[7.41063,48.31408],[7.413,48.31051],[7.42219,48.30978],[7.42257,48.30402],[7.42279,48.30066]]]]}},{"type":"Feature","properties":{"code":"67095","nom":"Diemeringen","departement":"67","region":"44"},"geometry":{"type":"MultiPolygon","coordinates":[[[[7.23624,48.94677],[7.23001,48.94026],[7.22699,48.93858],[7.21844,48.93708],[7.21588,48.93785],[7.21221,48.94072],[7.2139,48.94318],[7.21127,48.94335],[7.20807,48.94067],[7.20489,48.93429],[7.20178,48.93123],[7.19934,48.92982],[7.19369,48.93071],[7.18844,48.93008],[7.1855,48.93011],[7.17701,48.93259],[7.16988,48.93618],[7.16667,48.94023],[7.18602,48.94777],[7.21051,48.95504],[7.21374,48.96074],[7.21792,48.95965],[7.22223,48.96003],[7.23588,48.95191],[7.23788,48.94826],[7.23624,48.94677]]]]}},{"type":"Feature","properties":{"code":"67096","nom":"Dimbsthal","departement":"67","region":"44"},"geometry":{"type":"MultiPolygon","coordinates":[[[[7.34286,48.66546],[7.34116,48.67147],[7.34819,48.67738],[7.35545,48.67995],[7.36154,48.67956],[7.36823,48.67651],[7.36478,48.67124],[7.35051,48.66792],[7.34286,48.66546]]]]}},{"type":"Feature","properties":{"code":"67097","nom":"Dingsheim","departement":"67","region":"44"},"geometry":{"type":"MultiPolygon","coordinates":[[[[7.6539,48.61072],[7.64943,48.61266],[7.64724,48.62261],[7.64047,48.63092],[7.66245,48.6331],[7.67521,48.63197],[7.67847,48.63017],[7.68253,48.62022],[7.67932,48.62121],[7.67736,48.62042],[7.67079,48.61445],[7.66671,48.61234],[7.6539,48.61072]]]]}},{"type":"Feature","properties":{"code":"67098","nom":"Dinsheim-sur-Bruche","departement":"67","region":"44"},"geometry":{"type":"MultiPolygon","coordinates":[[[[7.40078,48.53719],[7.39962,48.5394],[7.39522,48.543],[7.39912,48.54331],[7.41266,48.54996],[7.42477,48.55769],[7.43113,48.56022],[7.43218,48.56046],[7.43409,48.5609],[7.44507,48.55413],[7.44141,48.55005],[7.43422,48.53887],[7.41122,48.54017],[7.40252,48.53884],[7.40078,48.53719]]]]}},{"type":"Feature","properties":{"code":"67099","nom":"Domfessel","departement":"67","region":"44"},"geometry":{"type":"MultiPolygon","coordinates":[[[[7.12213,48.94228],[7.12246,48.94674],[7.11868,48.95133],[7.12148,48.95301],[7.12565,48.95411],[7.13327,48.95341],[7.13991,48.95415],[7.15877,48.96118],[7.16271,48.96389],[7.16621,48.95973],[7.16827,48.94935],[7.16456,48.94589],[7.15674,48.94193],[7.15617,48.94026],[7.15321,48.94074],[7.14862,48.93978],[7.14166,48.93417],[7.14072,48.9355],[7.12641,48.93968],[7.12213,48.94228]]]]}},{"type":"Feature","properties":{"code":"67100","nom":"Donnenheim","departement":"67","region":"44"},"geometry":{"type":"MultiPolygon","coordinates":[[[[7.67281,48.73348],[7.67569,48.73396],[7.68088,48.73077],[7.6877,48.72491],[7.68355,48.7228],[7.67804,48.72153],[7.67724,48.7202],[7.66041,48.71439],[7.64956,48.71367],[7.64455,48.7148],[7.64202,48.71462],[7.6452,48.72521],[7.65326,48.72994],[7.67096,48.73058],[7.67281,48.73348]]]]}},{"type":"Feature","properties":{"code":"67101","nom":"Dorlisheim","departement":"67","region":"44"},"geometry":{"type":"MultiPolygon","coordinates":[[[[7.45302,48.50825],[7.45275,48.50942],[7.44804,48.51038],[7.44156,48.5138],[7.4349,48.51927],[7.44508,48.52328],[7.44945,48.52595],[7.46368,48.52944],[7.46731,48.53012],[7.48217,48.52941],[7.48623,48.53035],[7.49728,48.53056],[7.51539,48.53116],[7.51429,48.52621],[7.51778,48.51141],[7.51449,48.51116],[7.50747,48.5096],[7.49817,48.50959],[7.48156,48.51145],[7.47191,48.51158],[7.45302,48.50825]]]]}},{"type":"Feature","properties":{"code":"67102","nom":"Dossenheim-Kochersberg","departement":"67","region":"44"},"geometry":{"type":"MultiPolygon","coordinates":[[[[7.58651,48.63476],[7.58428,48.6359],[7.58237,48.6344],[7.57663,48.63323],[7.56736,48.6352],[7.56802,48.63586],[7.56651,48.63659],[7.57379,48.64789],[7.5777,48.64713],[7.58645,48.64998],[7.58903,48.64878],[7.58743,48.63502],[7.58651,48.63476]]]]}},{"type":"Feature","properties":{"code":"67103","nom":"Dossenheim-sur-Zinsel","departement":"67","region":"44"},"geometry":{"type":"MultiPolygon","coordinates":[[[[7.42085,48.81365],[7.42584,48.80905],[7.4307,48.80827],[7.42895,48.80474],[7.42206,48.80033],[7.41682,48.79935],[7.41349,48.79019],[7.41413,48.78911],[7.41413,48.78863],[7.41066,48.78852],[7.40056,48.78915],[7.39985,48.7942],[7.3961,48.80028],[7.39166,48.80507],[7.3733,48.80087],[7.36588,48.80117],[7.35494,48.79933],[7.34892,48.79917],[7.34616,48.80367],[7.33742,48.8133],[7.33642,48.81545],[7.33701,48.81985],[7.34116,48.82431],[7.34758,48.82916],[7.3544,48.83715],[7.35765,48.84384],[7.37227,48.84265],[7.37591,48.84124],[7.37733,48.83849],[7.37523,48.81573],[7.38125,48.80343],[7.38393,48.80347],[7.38894,48.80634],[7.39088,48.80911],[7.39011,48.81151],[7.39192,48.81314],[7.40954,48.81874],[7.41762,48.8165],[7.42085,48.81365]]]]}},{"type":"Feature","properties":{"code":"67104","nom":"Drachenbronn-Birlenbach","departement":"67","region":"44"},"geometry":{"type":"MultiPolygon","coordinates":[[[[7.89739,48.96901],[7.88763,48.97122],[7.86358,48.97183],[7.85855,48.9803],[7.84977,48.98724],[7.85075,48.98687],[7.86552,48.99333],[7.86948,48.99435],[7.87514,48.99465],[7.88591,48.99484],[7.88699,48.98377],[7.89677,48.98366],[7.9007,48.98242],[7.90594,48.97734],[7.90848,48.97157],[7.91014,48.9696],[7.90163,48.97078],[7.89739,48.96901]]]]}},{"type":"Feature","properties":{"code":"67105","nom":"Drulingen","departement":"67","region":"44"},"geometry":{"type":"MultiPolygon","coordinates":[[[[7.19471,48.85491],[7.19471,48.85578],[7.18353,48.86282],[7.17834,48.87186],[7.17909,48.87492],[7.17723,48.87746],[7.17274,48.87865],[7.19037,48.88327],[7.19269,48.88375],[7.19745,48.87919],[7.20058,48.87784],[7.20073,48.87597],[7.20797,48.86658],[7.21178,48.86478],[7.20841,48.86216],[7.21324,48.8534],[7.20538,48.85071],[7.20473,48.85226],[7.19688,48.85593],[7.19471,48.85491]]]]}},{"type":"Feature","properties":{"code":"67106","nom":"Drusenheim","departement":"67","region":"44"},"geometry":{"type":"MultiPolygon","coordinates":[[[[7.90478,48.76068],[7.91312,48.76998],[7.92401,48.77708],[7.92619,48.77966],[7.92747,48.77911],[7.93397,48.77855],[7.95296,48.78115],[7.9576,48.78292],[7.96091,48.77911],[7.95913,48.77739],[7.97018,48.76641],[7.98305,48.76267],[7.98333,48.76102],[7.9771,48.76007],[7.97317,48.75865],[7.96918,48.75442],[7.96691,48.74416],[7.96774,48.7301],[7.95994,48.73836],[7.95606,48.73845],[7.95042,48.73496],[7.95189,48.73637],[7.95198,48.7408],[7.93165,48.74869],[7.92096,48.75179],[7.92215,48.75346],[7.91864,48.75614],[7.90478,48.76068]]]]}},{"type":"Feature","properties":{"code":"67107","nom":"Duntzenheim","departement":"67","region":"44"},"geometry":{"type":"MultiPolygon","coordinates":[[[[7.55281,48.70551],[7.55261,48.70388],[7.54202,48.70054],[7.52718,48.6979],[7.52493,48.71149],[7.52487,48.7222],[7.54697,48.72517],[7.56302,48.72385],[7.56068,48.72227],[7.56013,48.721],[7.56127,48.7199],[7.56579,48.71629],[7.55281,48.70551]]]]}},{"type":"Feature","properties":{"code":"67108","nom":"Duppigheim","departement":"67","region":"44"},"geometry":{"type":"MultiPolygon","coordinates":[[[[7.58922,48.51349],[7.58646,48.52227],[7.58393,48.52445],[7.58283,48.52732],[7.58446,48.53306],[7.58391,48.53958],[7.57884,48.54125],[7.57644,48.54457],[7.58212,48.54555],[7.58716,48.55185],[7.59218,48.55132],[7.59547,48.54994],[7.59868,48.55068],[7.60126,48.55428],[7.60608,48.55019],[7.60615,48.54183],[7.61218,48.53033],[7.61174,48.52206],[7.59229,48.51141],[7.59122,48.51354],[7.58922,48.51349]],[[7.58302,48.52767],[7.58309,48.52724],[7.5836,48.52733],[7.58363,48.52779],[7.58302,48.52767]]]]}},{"type":"Feature","properties":{"code":"67109","nom":"Durningen","departement":"67","region":"44"},"geometry":{"type":"MultiPolygon","coordinates":[[[[7.56928,48.69425],[7.57113,48.68992],[7.57866,48.6789],[7.5825,48.67288],[7.57367,48.67358],[7.56079,48.67494],[7.54902,48.67816],[7.54898,48.67873],[7.54845,48.68452],[7.54479,48.68946],[7.54539,48.69357],[7.54794,48.69532],[7.54982,48.6933],[7.56928,48.69425]]]]}},{"type":"Feature","properties":{"code":"67110","nom":"Durrenbach","departement":"67","region":"44"},"geometry":{"type":"MultiPolygon","coordinates":[[[[7.74591,48.89625],[7.74561,48.90004],[7.74971,48.91054],[7.75418,48.91327],[7.75449,48.91254],[7.76928,48.90724],[7.77624,48.90435],[7.77991,48.9014],[7.77781,48.89835],[7.77875,48.89667],[7.78523,48.8955],[7.78248,48.88941],[7.77989,48.88764],[7.77307,48.88877],[7.77076,48.8898],[7.74989,48.88724],[7.74766,48.88931],[7.74591,48.89625]]]]}},{"type":"Feature","properties":{"code":"67111","nom":"Durstel","departement":"67","region":"44"},"geometry":{"type":"MultiPolygon","coordinates":[[[[7.20058,48.87784],[7.19745,48.87919],[7.19269,48.88375],[7.19037,48.88327],[7.1854,48.89471],[7.19153,48.89857],[7.19228,48.89796],[7.20312,48.89815],[7.21943,48.8992],[7.21882,48.89687],[7.22859,48.89453],[7.23549,48.89116],[7.2196,48.88892],[7.20058,48.87784]]]]}},{"type":"Feature","properties":{"code":"67112","nom":"Duttlenheim","departement":"67","region":"44"},"geometry":{"type":"MultiPolygon","coordinates":[[[[7.5554,48.50941],[7.55397,48.53139],[7.55956,48.53559],[7.56655,48.53891],[7.56668,48.54479],[7.5672,48.54501],[7.57418,48.54418],[7.57644,48.54457],[7.57884,48.54125],[7.58391,48.53958],[7.58446,48.53306],[7.58283,48.52732],[7.58393,48.52445],[7.58646,48.52227],[7.58922,48.51349],[7.58572,48.5128],[7.58213,48.51017],[7.56223,48.50607],[7.55834,48.5043],[7.5554,48.50941]]],[[[7.58363,48.52779],[7.5836,48.52733],[7.58309,48.52724],[7.58302,48.52767],[7.58363,48.52779]]]]}},{"type":"Feature","properties":{"code":"67113","nom":"Eberbach-Seltz","departement":"67","region":"44"},"geometry":{"type":"MultiPolygon","coordinates":[[[[8.04123,48.92556],[8.04237,48.92788],[8.04653,48.93174],[8.07469,48.93724],[8.08136,48.93744],[8.08274,48.93709],[8.08646,48.93353],[8.08352,48.92986],[8.08098,48.92226],[8.07532,48.92223],[8.06877,48.91942],[8.06249,48.91933],[8.05764,48.92017],[8.04813,48.92431],[8.04262,48.92586],[8.04123,48.92556]]]]}},{"type":"Feature","properties":{"code":"67115","nom":"Ebersheim","departement":"67","region":"44"},"geometry":{"type":"MultiPolygon","coordinates":[[[[7.47197,48.3025],[7.48179,48.31638],[7.48494,48.31843],[7.49002,48.32026],[7.48835,48.32225],[7.49399,48.32455],[7.50141,48.32539],[7.50228,48.32494],[7.49868,48.32359],[7.52014,48.31677],[7.52368,48.31673],[7.52516,48.31552],[7.52614,48.30591],[7.52324,48.29974],[7.51225,48.28718],[7.50972,48.28645],[7.50829,48.28505],[7.49813,48.28406],[7.48992,48.2852],[7.47876,48.2901],[7.47635,48.2866],[7.47352,48.28743],[7.47246,48.2902],[7.47295,48.29286],[7.47615,48.2973],[7.46943,48.29769],[7.47197,48.3025]]]]}},{"type":"Feature","properties":{"code":"67116","nom":"Ebersmunster","departement":"67","region":"44"},"geometry":{"type":"MultiPolygon","coordinates":[[[[7.52368,48.31673],[7.52604,48.3191],[7.53753,48.32442],[7.53931,48.32505],[7.54335,48.32459],[7.54628,48.31379],[7.54799,48.31312],[7.54679,48.3001],[7.54252,48.2904],[7.53827,48.28544],[7.53687,48.28777],[7.53456,48.28904],[7.52582,48.28799],[7.51182,48.28353],[7.50829,48.28505],[7.50972,48.28645],[7.51225,48.28718],[7.52324,48.29974],[7.52614,48.30591],[7.52516,48.31552],[7.52368,48.31673]]]]}},{"type":"Feature","properties":{"code":"67117","nom":"Eckartswiller","departement":"67","region":"44"},"geometry":{"type":"MultiPolygon","coordinates":[[[[7.3135,48.76738],[7.30939,48.7674],[7.30645,48.76911],[7.3047,48.77229],[7.29022,48.78608],[7.29127,48.79407],[7.30967,48.79835],[7.30992,48.79947],[7.31128,48.79996],[7.3249,48.79923],[7.34092,48.79773],[7.33238,48.78944],[7.32725,48.78611],[7.3298,48.78012],[7.33756,48.77547],[7.37369,48.76507],[7.37556,48.76256],[7.37497,48.76201],[7.3636,48.75702],[7.35321,48.75887],[7.34735,48.76077],[7.33922,48.76569],[7.32986,48.76662],[7.3199,48.7654],[7.317,48.76694],[7.3135,48.76738]]]]}},{"type":"Feature","properties":{"code":"67118","nom":"Eckbolsheim","departement":"67","region":"44"},"geometry":{"type":"MultiPolygon","coordinates":[[[[7.69606,48.57587],[7.69482,48.57454],[7.69766,48.57326],[7.70132,48.56951],[7.70153,48.56837],[7.68851,48.5685],[7.68749,48.56839],[7.68781,48.56749],[7.67831,48.5661],[7.67359,48.56417],[7.67107,48.56473],[7.66657,48.56144],[7.66408,48.56582],[7.66793,48.56675],[7.67165,48.57161],[7.67356,48.57959],[7.6731,48.58668],[7.67233,48.59155],[7.67327,48.59802],[7.67537,48.59722],[7.68466,48.59724],[7.68825,48.59811],[7.68864,48.59084],[7.6887,48.58617],[7.69132,48.58285],[7.69545,48.58091],[7.69545,48.58091],[7.69566,48.58047],[7.69541,48.57696],[7.69644,48.57625],[7.69606,48.57587]]]]}},{"type":"Feature","properties":{"code":"67119","nom":"Eckwersheim","departement":"67","region":"44"},"geometry":{"type":"MultiPolygon","coordinates":[[[[7.71902,48.68603],[7.72086,48.68257],[7.71604,48.68178],[7.71191,48.67788],[7.70449,48.67385],[7.69636,48.67195],[7.69105,48.67175],[7.68743,48.67111],[7.685,48.67152],[7.67776,48.67662],[7.66859,48.68635],[7.69147,48.69666],[7.69258,48.69453],[7.69401,48.69442],[7.7099,48.70231],[7.71151,48.70212],[7.71902,48.68603]]]]}},{"type":"Feature","properties":{"code":"67120","nom":"Eichhoffen","departement":"67","region":"44"},"geometry":{"type":"MultiPolygon","coordinates":[[[[7.42754,48.37175],[7.42974,48.37275],[7.4328,48.37737],[7.43689,48.38662],[7.44912,48.38597],[7.45024,48.38523],[7.4534,48.37478],[7.43788,48.37123],[7.4358,48.37126],[7.43686,48.37291],[7.43198,48.37221],[7.42581,48.36863],[7.42754,48.37175]]]]}},{"type":"Feature","properties":{"code":"67121","nom":"Elsenheim","departement":"67","region":"44"},"geometry":{"type":"MultiPolygon","coordinates":[[[[7.46999,48.16032],[7.47287,48.18184],[7.50756,48.17418],[7.51867,48.16823],[7.52722,48.16586],[7.52029,48.14944],[7.51227,48.1521],[7.49587,48.15466],[7.47525,48.15682],[7.47519,48.15853],[7.46999,48.16032]]]]}},{"type":"Feature","properties":{"code":"67122","nom":"Wangenbourg-Engenthal","departement":"67","region":"44"},"geometry":{"type":"MultiPolygon","coordinates":[[[[7.31289,48.66114],[7.31411,48.64859],[7.3169,48.64584],[7.3217,48.64427],[7.32791,48.64336],[7.33763,48.64644],[7.33945,48.6487],[7.33979,48.64409],[7.34823,48.62776],[7.34738,48.62393],[7.34833,48.62149],[7.34537,48.61288],[7.33751,48.60522],[7.32369,48.59988],[7.31493,48.59393],[7.31485,48.59044],[7.29651,48.59397],[7.28327,48.59402],[7.26564,48.59209],[7.26331,48.59418],[7.26234,48.60037],[7.26301,48.60586],[7.27467,48.61964],[7.27512,48.62536],[7.28214,48.63705],[7.30435,48.6601],[7.31289,48.66114]]]]}},{"type":"Feature","properties":{"code":"67123","nom":"Engwiller","departement":"67","region":"44"},"geometry":{"type":"MultiPolygon","coordinates":[[[[7.62403,48.87329],[7.61674,48.87294],[7.61516,48.8699],[7.60756,48.8714],[7.60424,48.87135],[7.60265,48.87223],[7.60222,48.87417],[7.605,48.87448],[7.6058,48.877],[7.60478,48.88508],[7.60584,48.88767],[7.61922,48.89384],[7.62881,48.89628],[7.62979,48.89501],[7.62895,48.8947],[7.62403,48.87329]]]]}},{"type":"Feature","properties":{"code":"67124","nom":"Entzheim","departement":"67","region":"44"},"geometry":{"type":"MultiPolygon","coordinates":[[[[7.66131,48.54306],[7.65656,48.54139],[7.65588,48.54031],[7.65399,48.53412],[7.6548,48.52904],[7.64994,48.52609],[7.6311,48.52007],[7.63074,48.52168],[7.62473,48.52624],[7.61626,48.52439],[7.61174,48.52206],[7.61218,48.53033],[7.60615,48.54183],[7.61579,48.54362],[7.62166,48.54584],[7.62186,48.54675],[7.64043,48.54613],[7.6548,48.54719],[7.66162,48.5467],[7.66054,48.54428],[7.66131,48.54306]]]]}},{"type":"Feature","properties":{"code":"67125","nom":"Epfig","departement":"67","region":"44"},"geometry":{"type":"MultiPolygon","coordinates":[[[[7.51771,48.34967],[7.50439,48.33816],[7.50173,48.33213],[7.50228,48.32494],[7.50141,48.32539],[7.49399,48.32455],[7.48835,48.32225],[7.4871,48.32172],[7.48276,48.334],[7.46391,48.33615],[7.4566,48.33803],[7.44608,48.3391],[7.43976,48.33865],[7.43829,48.34432],[7.44032,48.34592],[7.43972,48.34655],[7.42882,48.356],[7.41927,48.36096],[7.41995,48.36372],[7.43403,48.3624],[7.43761,48.36417],[7.43755,48.36612],[7.43788,48.37123],[7.4534,48.37478],[7.46388,48.37551],[7.46605,48.37555],[7.46955,48.37436],[7.48648,48.36762],[7.49675,48.36048],[7.50317,48.35865],[7.51444,48.35728],[7.51358,48.35513],[7.51491,48.35014],[7.51771,48.34967]]]]}},{"type":"Feature","properties":{"code":"67126","nom":"Erckartswiller","departement":"67","region":"44"},"geometry":{"type":"MultiPolygon","coordinates":[[[[7.32609,48.88938],[7.34603,48.88888],[7.35255,48.88949],[7.36145,48.89413],[7.36432,48.8968],[7.36893,48.89837],[7.38658,48.90597],[7.39942,48.89634],[7.40006,48.89411],[7.39213,48.89719],[7.37251,48.89549],[7.36911,48.89302],[7.36985,48.88763],[7.37594,48.88467],[7.37995,48.87929],[7.38216,48.86875],[7.37032,48.86924],[7.36502,48.87047],[7.36474,48.87153],[7.36347,48.87185],[7.34931,48.87281],[7.34098,48.87188],[7.33086,48.86931],[7.32239,48.86954],[7.32202,48.87445],[7.32655,48.88082],[7.32609,48.88938]]]]}},{"type":"Feature","properties":{"code":"67127","nom":"Ergersheim","departement":"67","region":"44"},"geometry":{"type":"MultiPolygon","coordinates":[[[[7.55832,48.58231],[7.55885,48.57778],[7.55465,48.56544],[7.55312,48.56338],[7.54482,48.56763],[7.54299,48.56761],[7.53788,48.56717],[7.51829,48.561],[7.52163,48.57172],[7.5203,48.57734],[7.51714,48.57824],[7.50749,48.57864],[7.5073,48.57919],[7.51832,48.58718],[7.53017,48.58651],[7.54443,48.58457],[7.55832,48.58231]]]]}},{"type":"Feature","properties":{"code":"67128","nom":"Ernolsheim-Bruche","departement":"67","region":"44"},"geometry":{"type":"MultiPolygon","coordinates":[[[[7.55832,48.58231],[7.55844,48.5828],[7.57555,48.58184],[7.58388,48.58061],[7.59088,48.57848],[7.58011,48.57532],[7.5735,48.56864],[7.57002,48.56024],[7.57644,48.55687],[7.57879,48.55723],[7.57962,48.55912],[7.58669,48.55674],[7.58716,48.55185],[7.58212,48.54555],[7.57644,48.54457],[7.57418,48.54418],[7.5672,48.54501],[7.55312,48.56338],[7.55465,48.56544],[7.55885,48.57778],[7.55832,48.58231]]]]}},{"type":"Feature","properties":{"code":"67129","nom":"Ernolsheim-lès-Saverne","departement":"67","region":"44"},"geometry":{"type":"MultiPolygon","coordinates":[[[[7.34473,48.7983],[7.34892,48.79917],[7.35494,48.79933],[7.36588,48.80117],[7.3733,48.80087],[7.39166,48.80507],[7.3961,48.80028],[7.39985,48.7942],[7.40056,48.78915],[7.39735,48.78589],[7.40138,48.77907],[7.40582,48.77544],[7.40515,48.76997],[7.39008,48.77091],[7.38248,48.77166],[7.35297,48.78393],[7.34686,48.78857],[7.34473,48.7983]]]]}},{"type":"Feature","properties":{"code":"67150","nom":"Furdenheim","departement":"67","region":"44"},"geometry":{"type":"MultiPolygon","coordinates":[[[[7.53671,48.6027],[7.5386,48.60291],[7.54037,48.60881],[7.54695,48.62025],[7.54659,48.62334],[7.55406,48.62315],[7.55979,48.62162],[7.56631,48.61819],[7.57434,48.61763],[7.58364,48.61701],[7.5867,48.61245],[7.5817,48.61133],[7.57506,48.60993],[7.56518,48.60181],[7.55102,48.60074],[7.53947,48.59665],[7.53671,48.6027]]]]}},{"type":"Feature","properties":{"code":"67130","nom":"Erstein","departement":"67","region":"44"},"geometry":{"type":"MultiPolygon","coordinates":[[[[7.70851,48.43177],[7.71258,48.43258],[7.71553,48.44157],[7.72196,48.44181],[7.74004,48.43885],[7.75334,48.43399],[7.73709,48.40636],[7.73345,48.39837],[7.73117,48.39861],[7.73041,48.40401],[7.72727,48.40676],[7.70217,48.40191],[7.68917,48.39648],[7.68244,48.39169],[7.64519,48.40728],[7.62918,48.41428],[7.62261,48.41778],[7.6289,48.42647],[7.62912,48.43185],[7.62225,48.4367],[7.62472,48.44515],[7.62657,48.44652],[7.63144,48.44309],[7.63448,48.44373],[7.63649,48.44295],[7.65251,48.44457],[7.66687,48.44389],[7.67282,48.44371],[7.67675,48.43871],[7.68286,48.43889],[7.69251,48.44062],[7.69835,48.4365],[7.70641,48.43203],[7.70851,48.43177]]]]}},{"type":"Feature","properties":{"code":"67131","nom":"Eschau","departement":"67","region":"44"},"geometry":{"type":"MultiPolygon","coordinates":[[[[7.71673,48.49496],[7.71853,48.49436],[7.71963,48.49474],[7.72098,48.49819],[7.72789,48.49815],[7.73487,48.49777],[7.75739,48.49315],[7.76734,48.49359],[7.7694,48.49325],[7.7708,48.49195],[7.76823,48.48963],[7.76713,48.48681],[7.7667,48.46416],[7.76474,48.46512],[7.75591,48.47392],[7.75612,48.48038],[7.73538,48.48082],[7.71407,48.47503],[7.70301,48.47097],[7.70039,48.46325],[7.699,48.45018],[7.69515,48.45093],[7.69626,48.45609],[7.69478,48.47158],[7.69613,48.47802],[7.69842,48.4797],[7.69826,48.48227],[7.70237,48.49343],[7.70174,48.49552],[7.71113,48.49612],[7.71673,48.49496]]]]}},{"type":"Feature","properties":{"code":"67132","nom":"Eschbach","departement":"67","region":"44"},"geometry":{"type":"MultiPolygon","coordinates":[[[[7.71931,48.87125],[7.72228,48.87688],[7.72846,48.88405],[7.7305,48.88317],[7.75252,48.88246],[7.75591,48.87876],[7.75892,48.8786],[7.75969,48.87811],[7.75172,48.87122],[7.74541,48.86694],[7.71907,48.86877],[7.71931,48.87125]]]]}},{"type":"Feature","properties":{"code":"67133","nom":"Eschbourg","departement":"67","region":"44"},"geometry":{"type":"MultiPolygon","coordinates":[[[[7.29127,48.79407],[7.27014,48.8025],[7.26244,48.81423],[7.26296,48.81854],[7.2627,48.81896],[7.2745,48.82092],[7.27951,48.8288],[7.28015,48.83608],[7.27721,48.84323],[7.28983,48.84628],[7.29326,48.84872],[7.29578,48.85511],[7.2991,48.85475],[7.3065,48.85029],[7.31416,48.84153],[7.31186,48.83969],[7.30709,48.83031],[7.30379,48.81866],[7.30314,48.80621],[7.30789,48.80027],[7.30992,48.79947],[7.30967,48.79835],[7.29127,48.79407]]]]}},{"type":"Feature","properties":{"code":"67134","nom":"Eschwiller","departement":"67","region":"44"},"geometry":{"type":"MultiPolygon","coordinates":[[[[7.09992,48.84659],[7.09874,48.84559],[7.09073,48.84728],[7.08868,48.84834],[7.09825,48.85197],[7.09856,48.85396],[7.09572,48.86214],[7.09414,48.86298],[7.10186,48.86765],[7.1067,48.86829],[7.10669,48.86661],[7.11462,48.86328],[7.13517,48.85737],[7.12882,48.84953],[7.12453,48.85075],[7.11936,48.85524],[7.11648,48.85668],[7.11342,48.85675],[7.10988,48.85567],[7.09992,48.84659]]]]}},{"type":"Feature","properties":{"code":"67135","nom":"Ettendorf","departement":"67","region":"44"},"geometry":{"type":"MultiPolygon","coordinates":[[[[7.56985,48.81493],[7.57665,48.81851],[7.57707,48.82035],[7.57169,48.82882],[7.58693,48.83303],[7.59178,48.83321],[7.59123,48.82934],[7.59905,48.82011],[7.60378,48.81375],[7.60607,48.80643],[7.5855,48.8032],[7.58123,48.80184],[7.57464,48.79783],[7.56777,48.80125],[7.57059,48.80256],[7.5737,48.80738],[7.56985,48.81493]]]]}},{"type":"Feature","properties":{"code":"67136","nom":"Eywiller","departement":"67","region":"44"},"geometry":{"type":"MultiPolygon","coordinates":[[[[7.13517,48.85737],[7.11462,48.86328],[7.10669,48.86661],[7.1067,48.86829],[7.10484,48.88082],[7.10998,48.88364],[7.11519,48.88433],[7.11954,48.87985],[7.12578,48.87697],[7.12908,48.87921],[7.1337,48.88077],[7.13654,48.88045],[7.1401,48.87815],[7.13724,48.87541],[7.13758,48.87434],[7.13875,48.87328],[7.14416,48.87187],[7.13517,48.85737]]]]}},{"type":"Feature","properties":{"code":"67137","nom":"Fegersheim","departement":"67","region":"44"},"geometry":{"type":"MultiPolygon","coordinates":[[[[7.67484,48.48744],[7.66624,48.50175],[7.67353,48.5069],[7.67226,48.51017],[7.67778,48.51117],[7.68708,48.51087],[7.69331,48.50928],[7.70327,48.50903],[7.70655,48.50606],[7.70265,48.50093],[7.70174,48.49552],[7.70237,48.49343],[7.69826,48.48227],[7.69473,48.48172],[7.68748,48.48355],[7.68323,48.48603],[7.67836,48.48739],[7.67484,48.48744]]]]}},{"type":"Feature","properties":{"code":"67138","nom":"Fessenheim-le-Bas","departement":"67","region":"44"},"geometry":{"type":"MultiPolygon","coordinates":[[[[7.55979,48.62162],[7.55406,48.62315],[7.54659,48.62334],[7.53257,48.62102],[7.52927,48.62961],[7.52611,48.637],[7.5407,48.64354],[7.54776,48.64398],[7.55418,48.64278],[7.55318,48.64191],[7.55629,48.63996],[7.56651,48.63659],[7.56802,48.63586],[7.56736,48.6352],[7.56453,48.63149],[7.55979,48.62162]]]]}},{"type":"Feature","properties":{"code":"67139","nom":"Flexbourg","departement":"67","region":"44"},"geometry":{"type":"MultiPolygon","coordinates":[[[[7.40677,48.56813],[7.431,48.576],[7.43218,48.56046],[7.43113,48.56022],[7.42586,48.5596],[7.42277,48.56474],[7.41595,48.56642],[7.40768,48.56681],[7.40677,48.56813]]]]}},{"type":"Feature","properties":{"code":"67140","nom":"Forstfeld","departement":"67","region":"44"},"geometry":{"type":"MultiPolygon","coordinates":[[[[8.05899,48.85209],[8.05116,48.85236],[8.04024,48.85568],[8.0297,48.86061],[8.02348,48.86205],[8.02618,48.86379],[8.02723,48.86405],[8.03717,48.8694],[8.03822,48.87602],[8.04078,48.87746],[8.04245,48.8774],[8.04992,48.87378],[8.056,48.86724],[8.05992,48.86666],[8.06168,48.86754],[8.06809,48.86252],[8.06824,48.85895],[8.06416,48.85438],[8.05899,48.85209]]]]}},{"type":"Feature","properties":{"code":"67141","nom":"Forstheim","departement":"67","region":"44"},"geometry":{"type":"MultiPolygon","coordinates":[[[[7.72026,48.90633],[7.7255,48.89981],[7.72612,48.89465],[7.7239,48.89113],[7.72621,48.88919],[7.71938,48.88502],[7.7072,48.88056],[7.70491,48.88294],[7.70502,48.88675],[7.70724,48.88827],[7.70661,48.88942],[7.69916,48.89129],[7.69707,48.89082],[7.69032,48.90114],[7.69282,48.90272],[7.69902,48.90639],[7.70248,48.90718],[7.71748,48.90828],[7.71912,48.90616],[7.72026,48.90633]]]]}},{"type":"Feature","properties":{"code":"67142","nom":"Fort-Louis","departement":"67","region":"44"},"geometry":{"type":"MultiPolygon","coordinates":[[[[8.08188,48.82808],[8.08328,48.82231],[8.08229,48.81138],[8.08705,48.80199],[8.07384,48.7931],[8.0654,48.78982],[8.05812,48.78895],[8.04888,48.79059],[8.04321,48.79081],[8.03614,48.78967],[8.03105,48.78763],[8.02792,48.78553],[8.02612,48.78293],[8.02295,48.76857],[8.01707,48.7625],[8.0077,48.77507],[8.00962,48.78537],[8.02331,48.79076],[8.03,48.79074],[8.03748,48.79296],[8.03984,48.80014],[8.03821,48.80274],[8.0374,48.80457],[8.03838,48.80545],[8.04054,48.80561],[8.04492,48.80459],[8.05159,48.80623],[8.06701,48.81989],[8.07102,48.82012],[8.07367,48.81941],[8.07296,48.82236],[8.06984,48.82527],[8.06709,48.82487],[8.06746,48.82947],[8.07081,48.83108],[8.07729,48.83111],[8.08188,48.82808]]]]}},{"type":"Feature","properties":{"code":"67143","nom":"Fouchy","departement":"67","region":"44"},"geometry":{"type":"MultiPolygon","coordinates":[[[[7.25923,48.30493],[7.25635,48.30633],[7.25366,48.30625],[7.24958,48.30425],[7.24223,48.3023],[7.23029,48.30829],[7.21867,48.31076],[7.21086,48.31087],[7.20377,48.30996],[7.20231,48.31168],[7.2026,48.31376],[7.21706,48.31742],[7.23012,48.32196],[7.25015,48.32434],[7.25878,48.32516],[7.26811,48.33078],[7.27576,48.33234],[7.27986,48.32356],[7.27449,48.31736],[7.26297,48.31374],[7.26113,48.31131],[7.25923,48.30493]]]]}},{"type":"Feature","properties":{"code":"67144","nom":"Fouday","departement":"67","region":"44"},"geometry":{"type":"MultiPolygon","coordinates":[[[[7.17625,48.41812],[7.17774,48.41909],[7.18418,48.41975],[7.18557,48.42805],[7.18264,48.43349],[7.18643,48.43305],[7.19297,48.42706],[7.20426,48.42167],[7.20509,48.42144],[7.20336,48.41514],[7.19979,48.41629],[7.18391,48.4092],[7.17625,48.41812]]]]}},{"type":"Feature","properties":{"code":"67145","nom":"Friedolsheim","departement":"67","region":"44"},"geometry":{"type":"MultiPolygon","coordinates":[[[[7.47873,48.71541],[7.48499,48.71622],[7.49364,48.71448],[7.50202,48.71153],[7.50252,48.70953],[7.50087,48.70066],[7.49537,48.69548],[7.48847,48.69807],[7.48191,48.70306],[7.47137,48.7039],[7.47223,48.71165],[7.47157,48.7122],[7.4703,48.71375],[7.4786,48.71445],[7.47873,48.71541]]]]}},{"type":"Feature","properties":{"code":"67146","nom":"Friesenheim","departement":"67","region":"44"},"geometry":{"type":"MultiPolygon","coordinates":[[[[7.6403,48.32743],[7.66007,48.32232],[7.67168,48.32163],[7.69025,48.31486],[7.69167,48.31493],[7.69287,48.31433],[7.67872,48.30226],[7.67839,48.29935],[7.65916,48.30234],[7.65432,48.30081],[7.65388,48.29835],[7.64747,48.29371],[7.63548,48.28755],[7.62482,48.29276],[7.62304,48.29665],[7.62523,48.29974],[7.63128,48.30706],[7.63267,48.312],[7.63228,48.32107],[7.63385,48.32333],[7.6403,48.32743]]]]}},{"type":"Feature","properties":{"code":"67147","nom":"Frœschwiller","departement":"67","region":"44"},"geometry":{"type":"MultiPolygon","coordinates":[[[[7.70163,48.94308],[7.6996,48.94645],[7.70436,48.94773],[7.71599,48.95118],[7.73406,48.95276],[7.73462,48.94932],[7.7288,48.93932],[7.73103,48.93223],[7.73558,48.92754],[7.73186,48.92624],[7.72453,48.92389],[7.71728,48.92285],[7.71631,48.9242],[7.70815,48.93246],[7.70163,48.94308]]]]}},{"type":"Feature","properties":{"code":"67148","nom":"Frohmuhl","departement":"67","region":"44"},"geometry":{"type":"MultiPolygon","coordinates":[[[[7.28769,48.92203],[7.28987,48.91915],[7.29046,48.91639],[7.28962,48.9149],[7.28406,48.91117],[7.28301,48.90838],[7.28339,48.90231],[7.28235,48.90343],[7.27211,48.90685],[7.26863,48.90637],[7.26729,48.90408],[7.26625,48.90406],[7.2718,48.91366],[7.27413,48.91365],[7.28731,48.92115],[7.28769,48.92203]]]]}},{"type":"Feature","properties":{"code":"67149","nom":"Furchhausen","departement":"67","region":"44"},"geometry":{"type":"MultiPolygon","coordinates":[[[[7.42042,48.73128],[7.4476,48.71831],[7.44866,48.71855],[7.45063,48.71634],[7.44996,48.71568],[7.43229,48.71021],[7.42975,48.71412],[7.42075,48.72162],[7.41527,48.72297],[7.41346,48.72541],[7.41767,48.73032],[7.42042,48.73128]]]]}},{"type":"Feature","properties":{"code":"67151","nom":"Gambsheim","departement":"67","region":"44"},"geometry":{"type":"MultiPolygon","coordinates":[[[[7.86791,48.71455],[7.87111,48.71141],[7.87581,48.70891],[7.89529,48.70768],[7.90585,48.70607],[7.91046,48.70467],[7.92493,48.69043],[7.8959,48.66695],[7.89355,48.66833],[7.89155,48.67043],[7.87229,48.67513],[7.87151,48.67783],[7.86601,48.68294],[7.84003,48.69867],[7.86791,48.71455]]]]}},{"type":"Feature","properties":{"code":"67152","nom":"Geispolsheim","departement":"67","region":"44"},"geometry":{"type":"MultiPolygon","coordinates":[[[[7.64994,48.52609],[7.6548,48.52904],[7.65399,48.53412],[7.65588,48.54031],[7.65656,48.54139],[7.66131,48.54306],[7.66619,48.54203],[7.68188,48.5441],[7.68801,48.54661],[7.68726,48.53943],[7.68891,48.53387],[7.69195,48.53316],[7.69601,48.53351],[7.69873,48.52688],[7.70414,48.51924],[7.70411,48.51776],[7.7016,48.51627],[7.70327,48.50903],[7.69331,48.50928],[7.68708,48.51087],[7.67778,48.51117],[7.67226,48.51017],[7.67353,48.5069],[7.66624,48.50175],[7.66596,48.50243],[7.66288,48.5017],[7.64302,48.49419],[7.64024,48.49166],[7.63763,48.48553],[7.63478,48.48331],[7.63194,48.47937],[7.61284,48.47698],[7.61748,48.4838],[7.62486,48.50784],[7.622,48.51643],[7.6311,48.52007],[7.64994,48.52609]]]]}},{"type":"Feature","properties":{"code":"67153","nom":"Geiswiller-Zœbersdorf","departement":"67","region":"44"},"geometry":{"type":"MultiPolygon","coordinates":[[[[7.50411,48.77879],[7.50109,48.77883],[7.49144,48.7833],[7.49353,48.79457],[7.48736,48.80299],[7.49215,48.8051],[7.50644,48.79647],[7.51607,48.79746],[7.52082,48.79818],[7.53075,48.79973],[7.53638,48.79813],[7.53907,48.79544],[7.54028,48.79269],[7.53446,48.79154],[7.51123,48.79123],[7.51424,48.78727],[7.51217,48.78043],[7.50444,48.77938],[7.50411,48.77879]]]]}},{"type":"Feature","properties":{"code":"67154","nom":"Gerstheim","departement":"67","region":"44"},"geometry":{"type":"MultiPolygon","coordinates":[[[[7.73345,48.39837],[7.73138,48.38927],[7.7312,48.38086],[7.73601,48.36246],[7.72577,48.36182],[7.71654,48.36027],[7.71454,48.36112],[7.70384,48.36301],[7.6928,48.36935],[7.68377,48.37007],[7.67713,48.3686],[7.66929,48.36318],[7.66428,48.3572],[7.65744,48.35527],[7.65622,48.35527],[7.65524,48.36123],[7.65786,48.36756],[7.67154,48.37482],[7.67819,48.38245],[7.68244,48.39169],[7.68917,48.39648],[7.70217,48.40191],[7.72727,48.40676],[7.73041,48.40401],[7.73117,48.39861],[7.73345,48.39837]]]]}},{"type":"Feature","properties":{"code":"67155","nom":"Gertwiller","departement":"67","region":"44"},"geometry":{"type":"MultiPolygon","coordinates":[[[[7.46026,48.41258],[7.46178,48.41531],[7.45995,48.42261],[7.46229,48.4246],[7.47115,48.42361],[7.48225,48.41988],[7.49211,48.4112],[7.49216,48.40874],[7.49263,48.40335],[7.48299,48.39879],[7.48121,48.39863],[7.46843,48.40194],[7.46422,48.40717],[7.46412,48.40954],[7.46109,48.41076],[7.46026,48.41258]]]]}},{"type":"Feature","properties":{"code":"67156","nom":"Geudertheim","departement":"67","region":"44"},"geometry":{"type":"MultiPolygon","coordinates":[[[[7.75747,48.74361],[7.76741,48.74426],[7.7702,48.74265],[7.77194,48.74012],[7.78695,48.73737],[7.7897,48.73329],[7.78223,48.73076],[7.77749,48.72519],[7.77073,48.71239],[7.76769,48.71266],[7.7639,48.7025],[7.75653,48.69289],[7.75736,48.68768],[7.76404,48.66882],[7.75049,48.67311],[7.74654,48.67538],[7.74724,48.68652],[7.75034,48.69838],[7.75674,48.71439],[7.74225,48.72048],[7.7407,48.7201],[7.74063,48.72611],[7.74325,48.73092],[7.75747,48.74361]]]]}},{"type":"Feature","properties":{"code":"67159","nom":"Gœrlingen","departement":"67","region":"44"},"geometry":{"type":"MultiPolygon","coordinates":[[[[7.06719,48.79948],[7.08931,48.80671],[7.08807,48.81074],[7.08509,48.81186],[7.08696,48.81255],[7.08703,48.81395],[7.08963,48.81359],[7.10461,48.79662],[7.0875,48.7922],[7.07931,48.78635],[7.07792,48.78557],[7.07031,48.7926],[7.06719,48.79948]]]]}},{"type":"Feature","properties":{"code":"67160","nom":"Gœrsdorf","departement":"67","region":"44"},"geometry":{"type":"MultiPolygon","coordinates":[[[[7.76174,48.96782],[7.76384,48.97403],[7.7717,48.98688],[7.77476,48.98932],[7.77921,48.99019],[7.77971,48.99084],[7.7805,48.99015],[7.78516,48.98712],[7.78874,48.98125],[7.79587,48.97521],[7.80267,48.97272],[7.79651,48.97197],[7.79336,48.97108],[7.79306,48.96627],[7.79499,48.96098],[7.79481,48.95419],[7.79199,48.95122],[7.78087,48.94608],[7.7812,48.9443],[7.7835,48.94463],[7.78371,48.94309],[7.77381,48.93674],[7.7739,48.93327],[7.75205,48.93087],[7.75338,48.94419],[7.75252,48.95135],[7.7575,48.95916],[7.76277,48.9646],[7.76174,48.96782]]]]}},{"type":"Feature","properties":{"code":"67161","nom":"Gottenhouse","departement":"67","region":"44"},"geometry":{"type":"MultiPolygon","coordinates":[[[[7.34856,48.7225],[7.35267,48.72727],[7.35803,48.72694],[7.36144,48.72361],[7.36653,48.71813],[7.36136,48.71498],[7.36101,48.70737],[7.3596,48.70766],[7.35789,48.71296],[7.35076,48.7225],[7.34856,48.7225]]]]}},{"type":"Feature","properties":{"code":"67162","nom":"Gottesheim","departement":"67","region":"44"},"geometry":{"type":"MultiPolygon","coordinates":[[[[7.45942,48.78412],[7.47019,48.78559],[7.48793,48.78429],[7.49144,48.7833],[7.50109,48.77883],[7.50411,48.77879],[7.50034,48.76888],[7.49776,48.76751],[7.49534,48.76959],[7.4883,48.76959],[7.4854,48.76306],[7.4818,48.76252],[7.48014,48.76696],[7.45828,48.77492],[7.45942,48.78412]]]]}},{"type":"Feature","properties":{"code":"67163","nom":"Gougenheim","departement":"67","region":"44"},"geometry":{"type":"MultiPolygon","coordinates":[[[[7.54794,48.69532],[7.55334,48.69739],[7.55528,48.69921],[7.5557,48.70501],[7.55281,48.70551],[7.56579,48.71629],[7.57227,48.7168],[7.58441,48.71174],[7.5994,48.71104],[7.59996,48.70976],[7.60126,48.70632],[7.60097,48.7036],[7.60176,48.70188],[7.59489,48.69694],[7.59255,48.69665],[7.56928,48.69425],[7.54982,48.6933],[7.54794,48.69532]]]]}},{"type":"Feature","properties":{"code":"67164","nom":"Goxwiller","departement":"67","region":"44"},"geometry":{"type":"MultiPolygon","coordinates":[[[[7.46104,48.43006],[7.46367,48.43059],[7.47164,48.43493],[7.48679,48.43732],[7.49437,48.43758],[7.49425,48.43674],[7.50485,48.43528],[7.50425,48.43327],[7.49552,48.42471],[7.47677,48.42598],[7.46238,48.42583],[7.46104,48.43006]]]]}},{"type":"Feature","properties":{"code":"67165","nom":"Grandfontaine","departement":"67","region":"44"},"geometry":{"type":"MultiPolygon","coordinates":[[[[7.07698,48.51638],[7.07283,48.51994],[7.065,48.52356],[7.06541,48.52438],[7.07963,48.53662],[7.082,48.53575],[7.08818,48.53061],[7.09173,48.52908],[7.09997,48.53125],[7.11537,48.53732],[7.12443,48.53621],[7.12773,48.53125],[7.13506,48.52813],[7.14675,48.52731],[7.15327,48.52866],[7.1676,48.52751],[7.1703,48.51592],[7.17499,48.5091],[7.17584,48.50614],[7.17556,48.50258],[7.1685,48.49465],[7.173,48.48373],[7.16838,48.4799],[7.14881,48.47211],[7.1214,48.44501],[7.10811,48.44028],[7.1059,48.4418],[7.1063,48.44401],[7.10294,48.45011],[7.10469,48.45548],[7.11719,48.47786],[7.11881,48.48372],[7.11689,48.48489],[7.10636,48.48688],[7.0977,48.48762],[7.09366,48.48928],[7.09235,48.49763],[7.09425,48.50619],[7.09943,48.50184],[7.10322,48.49982],[7.11374,48.49948],[7.12502,48.50161],[7.1258,48.50863],[7.1232,48.51364],[7.10857,48.51481],[7.09928,48.51652],[7.08161,48.51335],[7.08072,48.51263],[7.07698,48.51638]]]]}},{"type":"Feature","properties":{"code":"67166","nom":"Grassendorf","departement":"67","region":"44"},"geometry":{"type":"MultiPolygon","coordinates":[[[[7.61861,48.80626],[7.61409,48.80356],[7.61335,48.80505],[7.60612,48.80431],[7.60607,48.80643],[7.60378,48.81375],[7.59905,48.82011],[7.61495,48.82496],[7.61945,48.82514],[7.62024,48.817],[7.61747,48.81386],[7.61646,48.80826],[7.61861,48.80626]]]]}},{"type":"Feature","properties":{"code":"67167","nom":"Grendelbruch","departement":"67","region":"44"},"geometry":{"type":"MultiPolygon","coordinates":[[[[7.33828,48.49276],[7.33396,48.49285],[7.32788,48.49154],[7.32257,48.48808],[7.31981,48.485],[7.32191,48.4722],[7.32078,48.46638],[7.31711,48.46716],[7.29626,48.46021],[7.28901,48.45468],[7.28669,48.44759],[7.28494,48.44573],[7.27809,48.4529],[7.2723,48.45691],[7.26872,48.46198],[7.27014,48.46171],[7.2783,48.46164],[7.28163,48.46236],[7.28612,48.4666],[7.28849,48.47148],[7.28227,48.48593],[7.29177,48.49795],[7.29167,48.49887],[7.29783,48.49858],[7.30359,48.50011],[7.32244,48.50999],[7.33294,48.50857],[7.3345,48.50476],[7.33828,48.49276]]]]}},{"type":"Feature","properties":{"code":"67168","nom":"Gresswiller","departement":"67","region":"44"},"geometry":{"type":"MultiPolygon","coordinates":[[[[7.432,48.51983],[7.42612,48.51947],[7.39646,48.50669],[7.39271,48.50438],[7.39098,48.50079],[7.39244,48.50801],[7.3922,48.51543],[7.38221,48.52765],[7.3979,48.53507],[7.40078,48.53719],[7.40252,48.53884],[7.41122,48.54017],[7.43422,48.53887],[7.43869,48.5337],[7.432,48.51983]]]]}},{"type":"Feature","properties":{"code":"67169","nom":"Gries","departement":"67","region":"44"},"geometry":{"type":"MultiPolygon","coordinates":[[[[7.82705,48.73163],[7.82633,48.73582],[7.81661,48.74443],[7.81205,48.74554],[7.79272,48.7444],[7.79191,48.74745],[7.79719,48.75369],[7.80336,48.76393],[7.81119,48.77167],[7.81359,48.77771],[7.82031,48.77736],[7.82605,48.77452],[7.82721,48.76823],[7.82885,48.76659],[7.83645,48.76306],[7.84245,48.75657],[7.84003,48.75122],[7.84223,48.7497],[7.84688,48.73842],[7.85277,48.7358],[7.85671,48.73651],[7.86059,48.73423],[7.86206,48.73135],[7.86031,48.72938],[7.84968,48.72705],[7.83452,48.73152],[7.82705,48.73163]]]]}},{"type":"Feature","properties":{"code":"67172","nom":"Griesheim-près-Molsheim","departement":"67","region":"44"},"geometry":{"type":"MultiPolygon","coordinates":[[[[7.54822,48.49534],[7.521,48.49394],[7.51432,48.49483],[7.51167,48.49437],[7.51179,48.50021],[7.51236,48.50287],[7.51426,48.50493],[7.51449,48.51116],[7.51778,48.51141],[7.51883,48.50921],[7.5316,48.50948],[7.54946,48.50791],[7.55344,48.5057],[7.55338,48.50372],[7.55049,48.49885],[7.54811,48.49736],[7.54822,48.49534]]]]}},{"type":"Feature","properties":{"code":"67275","nom":"Lupstein","departement":"67","region":"44"},"geometry":{"type":"MultiPolygon","coordinates":[[[[7.50669,48.73741],[7.50646,48.73792],[7.48917,48.73279],[7.47813,48.72237],[7.47533,48.7215],[7.4681,48.7217],[7.4588,48.73269],[7.45374,48.73296],[7.44982,48.7325],[7.44873,48.73465],[7.45285,48.74595],[7.45207,48.74681],[7.47322,48.74792],[7.47828,48.74935],[7.48006,48.74798],[7.49389,48.74474],[7.51055,48.74411],[7.51131,48.74068],[7.50977,48.73817],[7.50669,48.73741]]]]}},{"type":"Feature","properties":{"code":"67173","nom":"Griesheim-sur-Souffel","departement":"67","region":"44"},"geometry":{"type":"MultiPolygon","coordinates":[[[[7.68334,48.61952],[7.68253,48.62022],[7.67847,48.63017],[7.67521,48.63197],[7.66245,48.6331],[7.64047,48.63092],[7.6392,48.63088],[7.63791,48.63264],[7.63658,48.63759],[7.68032,48.63821],[7.68939,48.63875],[7.69682,48.6405],[7.70104,48.64053],[7.7012,48.63826],[7.69999,48.63602],[7.69254,48.63187],[7.6924,48.63003],[7.69374,48.62905],[7.69113,48.62786],[7.68914,48.62548],[7.68858,48.62256],[7.68962,48.62171],[7.68599,48.6195],[7.68469,48.62004],[7.68334,48.61952]]]]}},{"type":"Feature","properties":{"code":"67174","nom":"Gumbrechtshoffen","departement":"67","region":"44"},"geometry":{"type":"MultiPolygon","coordinates":[[[[7.60584,48.88767],[7.60153,48.89766],[7.60461,48.90675],[7.61334,48.90623],[7.61898,48.9073],[7.61945,48.909],[7.61633,48.91026],[7.61538,48.90963],[7.61449,48.91225],[7.61696,48.91555],[7.6263,48.91976],[7.62931,48.91929],[7.63113,48.91779],[7.63607,48.91416],[7.64044,48.90563],[7.64318,48.90427],[7.64551,48.89941],[7.62881,48.89628],[7.61922,48.89384],[7.60584,48.88767]]]]}},{"type":"Feature","properties":{"code":"67176","nom":"Gundershoffen","departement":"67","region":"44"},"geometry":{"type":"MultiPolygon","coordinates":[[[[7.72026,48.90633],[7.71912,48.90616],[7.71748,48.90828],[7.70248,48.90718],[7.69902,48.90639],[7.69282,48.90272],[7.69032,48.90114],[7.69707,48.89082],[7.69788,48.88961],[7.69554,48.88828],[7.66828,48.87939],[7.66256,48.88518],[7.66275,48.88797],[7.65819,48.89057],[7.65325,48.8947],[7.64551,48.89941],[7.64318,48.90427],[7.64044,48.90563],[7.65523,48.91535],[7.6744,48.9201],[7.69429,48.92545],[7.70163,48.94308],[7.70815,48.93246],[7.71631,48.9242],[7.71728,48.92285],[7.71693,48.92034],[7.72026,48.90633]]]]}},{"type":"Feature","properties":{"code":"67177","nom":"Gunstett","departement":"67","region":"44"},"geometry":{"type":"MultiPolygon","coordinates":[[[[7.75418,48.91327],[7.75164,48.91503],[7.75161,48.91778],[7.75257,48.91784],[7.7544,48.92046],[7.75383,48.92302],[7.79004,48.92336],[7.79429,48.92262],[7.80038,48.92337],[7.80098,48.91921],[7.8,48.90327],[7.79765,48.90266],[7.79007,48.90323],[7.78346,48.90434],[7.77726,48.90669],[7.77098,48.90787],[7.76928,48.90724],[7.75449,48.91254],[7.75418,48.91327]]]]}},{"type":"Feature","properties":{"code":"67178","nom":"Gungwiller","departement":"67","region":"44"},"geometry":{"type":"MultiPolygon","coordinates":[[[[7.16137,48.88458],[7.16047,48.88332],[7.16542,48.87512],[7.14953,48.8735],[7.14597,48.87294],[7.14416,48.87187],[7.13875,48.87328],[7.13758,48.87434],[7.13724,48.87541],[7.1401,48.87815],[7.15876,48.88649],[7.16137,48.88458]]]]}},{"type":"Feature","properties":{"code":"67179","nom":"Haegen","departement":"67","region":"44"},"geometry":{"type":"MultiPolygon","coordinates":[[[[7.28586,48.73172],[7.28691,48.7314],[7.29526,48.72948],[7.30257,48.72493],[7.30595,48.72176],[7.32851,48.72625],[7.34309,48.7229],[7.34856,48.7225],[7.35076,48.7225],[7.35789,48.71296],[7.3596,48.70766],[7.35893,48.70712],[7.33883,48.70549],[7.3324,48.70082],[7.32995,48.69388],[7.32129,48.68419],[7.3178,48.68644],[7.32609,48.69239],[7.327,48.69511],[7.31822,48.70309],[7.30972,48.70623],[7.30018,48.70726],[7.28161,48.70339],[7.27632,48.70018],[7.27181,48.69241],[7.27252,48.67956],[7.26984,48.66781],[7.27052,48.6625],[7.27016,48.66206],[7.26465,48.66282],[7.26233,48.66844],[7.25528,48.67251],[7.25765,48.67334],[7.24226,48.69216],[7.25724,48.6946],[7.26187,48.69663],[7.26473,48.70065],[7.26929,48.7145],[7.28586,48.73172]]]]}},{"type":"Feature","properties":{"code":"67180","nom":"Haguenau","departement":"67","region":"44"},"geometry":{"type":"MultiPolygon","coordinates":[[[[7.73938,48.79855],[7.73603,48.80192],[7.75976,48.80586],[7.76564,48.80935],[7.76871,48.81305],[7.76853,48.81443],[7.76842,48.81609],[7.75591,48.82757],[7.74911,48.83003],[7.73374,48.83097],[7.71016,48.83555],[7.69584,48.84103],[7.67856,48.84499],[7.66078,48.84785],[7.65688,48.84665],[7.64483,48.84775],[7.64189,48.8501],[7.63803,48.85708],[7.63712,48.85847],[7.63401,48.85944],[7.63672,48.8606],[7.64052,48.86098],[7.66806,48.86501],[7.67953,48.85436],[7.69004,48.84939],[7.69627,48.85133],[7.70462,48.85846],[7.69212,48.87093],[7.68857,48.87691],[7.69118,48.88157],[7.69736,48.88504],[7.70502,48.88675],[7.70491,48.88294],[7.7072,48.88056],[7.71774,48.87158],[7.71931,48.87125],[7.71907,48.86877],[7.74541,48.86694],[7.75172,48.87122],[7.75969,48.87811],[7.75892,48.8786],[7.76476,48.88169],[7.7731,48.88382],[7.77574,48.88373],[7.79161,48.87927],[7.80405,48.87692],[7.81099,48.87788],[7.81394,48.88497],[7.80938,48.88837],[7.80784,48.88802],[7.80092,48.89034],[7.80636,48.89787],[7.80676,48.90205],[7.818,48.90323],[7.82793,48.90333],[7.83356,48.90263],[7.84075,48.90123],[7.83919,48.89904],[7.8423,48.89707],[7.8589,48.89415],[7.87738,48.89153],[7.88689,48.8922],[7.89098,48.8924],[7.90175,48.89037],[7.91775,48.88307],[7.94451,48.86908],[7.95305,48.86579],[7.95941,48.86546],[7.95796,48.85474],[7.96178,48.85068],[7.96688,48.84952],[7.98152,48.84913],[7.99261,48.85129],[8.00455,48.85711],[8.0085,48.85525],[8.00642,48.85174],[7.99935,48.84533],[7.99746,48.83573],[7.99014,48.83172],[7.9799,48.83362],[7.96427,48.83813],[7.96157,48.83795],[7.95449,48.83392],[7.94952,48.82114],[7.94159,48.81244],[7.93682,48.80525],[7.93131,48.80601],[7.93181,48.80692],[7.93799,48.81089],[7.93318,48.81138],[7.92673,48.81016],[7.91535,48.80536],[7.91528,48.8067],[7.9069,48.80632],[7.89297,48.80373],[7.88162,48.79874],[7.8802,48.79692],[7.8499,48.79317],[7.84621,48.79212],[7.84471,48.79672],[7.83973,48.79978],[7.83095,48.80005],[7.82703,48.79718],[7.82787,48.79661],[7.82668,48.79553],[7.82324,48.79306],[7.8114,48.78855],[7.83052,48.77917],[7.8298,48.7784],[7.82726,48.77459],[7.82605,48.77452],[7.82031,48.77736],[7.81359,48.77771],[7.8047,48.77985],[7.79389,48.78182],[7.76668,48.7851],[7.76208,48.78496],[7.75529,48.78357],[7.75317,48.78462],[7.74842,48.78466],[7.72428,48.78061],[7.72163,48.78023],[7.71699,48.7865],[7.72429,48.79154],[7.73938,48.79855]]]]}},{"type":"Feature","properties":{"code":"67181","nom":"Handschuheim","departement":"67","region":"44"},"geometry":{"type":"MultiPolygon","coordinates":[[[[7.56518,48.60181],[7.57506,48.60993],[7.5817,48.61133],[7.58429,48.60314],[7.58465,48.59398],[7.58681,48.58885],[7.58533,48.58855],[7.57204,48.59278],[7.56892,48.59533],[7.56518,48.60181]]]]}},{"type":"Feature","properties":{"code":"67182","nom":"Hangenbieten","departement":"67","region":"44"},"geometry":{"type":"MultiPolygon","coordinates":[[[[7.60136,48.56425],[7.60651,48.56724],[7.60824,48.57056],[7.61019,48.57093],[7.61137,48.56881],[7.62405,48.56487],[7.61947,48.55145],[7.62186,48.54675],[7.62166,48.54584],[7.61579,48.54362],[7.60615,48.54183],[7.60608,48.55019],[7.60126,48.55428],[7.60003,48.55507],[7.60136,48.56425]]]]}},{"type":"Feature","properties":{"code":"67183","nom":"Harskirchen","departement":"67","region":"44"},"geometry":{"type":"MultiPolygon","coordinates":[[[[7.03655,48.95403],[7.03835,48.95336],[7.04003,48.94328],[7.04788,48.93871],[7.05205,48.93669],[7.05277,48.93697],[7.04996,48.92316],[7.04775,48.92141],[7.04795,48.91661],[7.04576,48.91205],[7.04248,48.90847],[7.04012,48.90731],[7.0399,48.90316],[7.04109,48.90178],[7.03343,48.89983],[7.0282,48.89968],[7.00828,48.90472],[7.0114,48.90908],[7.01251,48.91269],[7.00687,48.91411],[7.00257,48.91426],[6.99916,48.91965],[7.00162,48.92659],[7.00328,48.94101],[7.00588,48.94049],[7.01433,48.93606],[7.01769,48.93557],[7.02533,48.93839],[7.03035,48.94364],[7.0305,48.94973],[7.02674,48.95297],[7.02603,48.95615],[7.03192,48.95604],[7.03641,48.95586],[7.03547,48.95469],[7.03655,48.95403]]]]}},{"type":"Feature","properties":{"code":"67184","nom":"Hatten","departement":"67","region":"44"},"geometry":{"type":"MultiPolygon","coordinates":[[[[8.04077,48.90071],[8.03881,48.90007],[8.03652,48.89739],[8.03661,48.8962],[8.0432,48.89113],[8.04078,48.87746],[8.03822,48.87602],[8.03717,48.8694],[8.02723,48.86405],[8.01733,48.87535],[7.97999,48.89045],[7.97406,48.89011],[7.96675,48.8949],[7.95996,48.90646],[7.96316,48.9103],[7.97115,48.91539],[7.98083,48.91316],[7.98236,48.91253],[7.99375,48.91241],[8.01185,48.9086],[8.01935,48.9087],[8.02544,48.90653],[8.03858,48.90408],[8.04236,48.90147],[8.04077,48.90071]]]]}},{"type":"Feature","properties":{"code":"67185","nom":"Hattmatt","departement":"67","region":"44"},"geometry":{"type":"MultiPolygon","coordinates":[[[[7.43321,48.77599],[7.43022,48.77645],[7.43089,48.77886],[7.43311,48.77984],[7.43312,48.7819],[7.42806,48.78603],[7.41749,48.79013],[7.41413,48.78911],[7.41349,48.79019],[7.41682,48.79935],[7.42206,48.80033],[7.43728,48.79355],[7.45103,48.78407],[7.45233,48.78338],[7.45942,48.78412],[7.45828,48.77492],[7.44205,48.7747],[7.43321,48.77599]]]]}},{"type":"Feature","properties":{"code":"67186","nom":"Hegeney","departement":"67","region":"44"},"geometry":{"type":"MultiPolygon","coordinates":[[[[7.75252,48.88246],[7.7305,48.88317],[7.72846,48.88405],[7.72621,48.88919],[7.73696,48.89401],[7.74591,48.89625],[7.74766,48.88931],[7.74989,48.88724],[7.75252,48.88246]]]]}},{"type":"Feature","properties":{"code":"67187","nom":"Heidolsheim","departement":"67","region":"44"},"geometry":{"type":"MultiPolygon","coordinates":[[[[7.48095,48.20851],[7.48376,48.21165],[7.49795,48.21428],[7.50246,48.21388],[7.53697,48.20535],[7.5345,48.20184],[7.53269,48.19651],[7.53091,48.19306],[7.52712,48.19231],[7.52371,48.19234],[7.5084,48.19548],[7.48095,48.20851]]]]}},{"type":"Feature","properties":{"code":"67188","nom":"Heiligenberg","departement":"67","region":"44"},"geometry":{"type":"MultiPolygon","coordinates":[[[[7.40078,48.53719],[7.3979,48.53507],[7.38221,48.52765],[7.37105,48.51975],[7.36862,48.51899],[7.36606,48.51914],[7.36691,48.5207],[7.36645,48.53205],[7.36208,48.54974],[7.37857,48.54921],[7.38699,48.54675],[7.39522,48.543],[7.39962,48.5394],[7.40078,48.53719]]]]}},{"type":"Feature","properties":{"code":"67189","nom":"Heiligenstein","departement":"67","region":"44"},"geometry":{"type":"MultiPolygon","coordinates":[[[[7.46104,48.43006],[7.46238,48.42583],[7.46229,48.4246],[7.45995,48.42261],[7.46178,48.41531],[7.46026,48.41258],[7.4542,48.41411],[7.44782,48.41423],[7.42566,48.41861],[7.41853,48.42406],[7.42109,48.43168],[7.42361,48.43249],[7.43273,48.42515],[7.43614,48.42423],[7.46104,48.43006]]]]}},{"type":"Feature","properties":{"code":"67190","nom":"Hengwiller","departement":"67","region":"44"},"geometry":{"type":"MultiPolygon","coordinates":[[[[7.31289,48.66114],[7.31422,48.66594],[7.32108,48.67231],[7.3308,48.67417],[7.3395,48.67434],[7.33938,48.67174],[7.33978,48.6711],[7.34116,48.67147],[7.34286,48.66546],[7.32977,48.66314],[7.32106,48.66254],[7.3195,48.66309],[7.31289,48.66114]]]]}},{"type":"Feature","properties":{"code":"67191","nom":"Herbitzheim","departement":"67","region":"44"},"geometry":{"type":"MultiPolygon","coordinates":[[[[7.12191,49.02332],[7.12075,49.02358],[7.11021,49.01935],[7.10351,49.01518],[7.09631,49.0057],[7.08978,49.00012],[7.08799,48.99158],[7.08669,48.99157],[7.08013,48.9954],[7.06123,48.99395],[7.05221,48.99486],[7.04711,49.00001],[7.04562,49.00118],[7.04663,49.00473],[7.05261,49.00719],[7.05234,49.0087],[7.04906,49.01842],[7.05268,49.02857],[7.05498,49.03053],[7.07857,49.05035],[7.09538,49.04629],[7.10589,49.04535],[7.10959,49.04151],[7.1191,49.03729],[7.11441,49.03277],[7.12191,49.02332]]]]}},{"type":"Feature","properties":{"code":"67192","nom":"Herbsheim","departement":"67","region":"44"},"geometry":{"type":"MultiPolygon","coordinates":[[[[7.65744,48.35527],[7.65687,48.35153],[7.65293,48.34317],[7.64298,48.32961],[7.6403,48.32747],[7.62964,48.33722],[7.60953,48.34348],[7.60854,48.34574],[7.60938,48.34749],[7.62019,48.36021],[7.62579,48.36487],[7.62882,48.36218],[7.63457,48.36457],[7.64492,48.36733],[7.64894,48.36774],[7.65135,48.36556],[7.65014,48.36267],[7.65078,48.36187],[7.65524,48.36123],[7.65622,48.35527],[7.65744,48.35527]]]]}},{"type":"Feature","properties":{"code":"67194","nom":"Herrlisheim","departement":"67","region":"44"},"geometry":{"type":"MultiPolygon","coordinates":[[[[7.92096,48.75179],[7.93165,48.74869],[7.95198,48.7408],[7.95189,48.73637],[7.95042,48.73496],[7.9421,48.7324],[7.92329,48.72043],[7.90665,48.71813],[7.8987,48.71582],[7.87772,48.71601],[7.87056,48.71691],[7.87399,48.72071],[7.87653,48.72566],[7.87499,48.73089],[7.87574,48.73389],[7.87866,48.73709],[7.8843,48.74006],[7.88832,48.73926],[7.9007,48.73932],[7.91463,48.75145],[7.91608,48.75213],[7.92096,48.75179]]]]}},{"type":"Feature","properties":{"code":"67195","nom":"Hessenheim","departement":"67","region":"44"},"geometry":{"type":"MultiPolygon","coordinates":[[[[7.55461,48.19509],[7.55323,48.19326],[7.53868,48.19588],[7.53711,48.19306],[7.53269,48.19651],[7.5345,48.20184],[7.53697,48.20535],[7.54729,48.2196],[7.56405,48.21463],[7.56797,48.2127],[7.56717,48.21162],[7.56829,48.20619],[7.57101,48.20428],[7.57447,48.20339],[7.56977,48.20019],[7.56362,48.19871],[7.55774,48.19906],[7.55461,48.19509]]]]}},{"type":"Feature","properties":{"code":"67196","nom":"Hilsenheim","departement":"67","region":"44"},"geometry":{"type":"MultiPolygon","coordinates":[[[[7.5677,48.26826],[7.55047,48.27617],[7.54113,48.28245],[7.53827,48.28544],[7.54252,48.2904],[7.54679,48.3001],[7.54799,48.31312],[7.54963,48.31516],[7.55569,48.31837],[7.56635,48.32012],[7.59063,48.32295],[7.59711,48.32175],[7.59986,48.31328],[7.61011,48.30212],[7.60772,48.29883],[7.59953,48.29479],[7.5934,48.28337],[7.59383,48.2807],[7.59003,48.27952],[7.57974,48.27252],[7.5728,48.2693],[7.5677,48.26826]]]]}},{"type":"Feature","properties":{"code":"67197","nom":"Hindisheim","departement":"67","region":"44"},"geometry":{"type":"MultiPolygon","coordinates":[[[[7.59397,48.46904],[7.6083,48.47501],[7.61284,48.47698],[7.63194,48.47937],[7.63478,48.48331],[7.63781,48.4829],[7.63944,48.4797],[7.64217,48.47709],[7.64846,48.47645],[7.65389,48.47755],[7.66473,48.48561],[7.66808,48.48404],[7.66542,48.47911],[7.65953,48.47525],[7.63653,48.45826],[7.62357,48.4508],[7.61723,48.44831],[7.61397,48.45047],[7.61202,48.45303],[7.60507,48.455],[7.59318,48.44857],[7.59171,48.4467],[7.58968,48.45065],[7.5891,48.45621],[7.59174,48.46798],[7.59397,48.46904]]]]}},{"type":"Feature","properties":{"code":"67198","nom":"Hinsbourg","departement":"67","region":"44"},"geometry":{"type":"MultiPolygon","coordinates":[[[[7.31472,48.89356],[7.31123,48.89394],[7.29782,48.89172],[7.28906,48.89357],[7.28777,48.89784],[7.284,48.90071],[7.28339,48.90231],[7.28301,48.90838],[7.28406,48.91117],[7.28962,48.9149],[7.2906,48.91512],[7.30044,48.90756],[7.31034,48.89876],[7.31294,48.89821],[7.31299,48.89538],[7.31472,48.89356]]]]}},{"type":"Feature","properties":{"code":"67199","nom":"Hinsingen","departement":"67","region":"44"},"geometry":{"type":"MultiPolygon","coordinates":[[[[6.98288,48.94235],[6.98287,48.94353],[6.98444,48.94398],[6.98653,48.94736],[6.98682,48.94961],[6.98852,48.95312],[6.98911,48.95954],[6.9909,48.96067],[6.99251,48.96052],[6.99492,48.95825],[7.00621,48.95738],[7.01665,48.95816],[7.01877,48.95768],[7.01815,48.95449],[7.01099,48.95151],[7.00397,48.94727],[7.00163,48.94368],[7.00304,48.94115],[6.99932,48.94023],[6.98866,48.94476],[6.98536,48.94443],[6.98288,48.94235]]]]}},{"type":"Feature","properties":{"code":"67200","nom":"Hipsheim","departement":"67","region":"44"},"geometry":{"type":"MultiPolygon","coordinates":[[[[7.65874,48.46119],[7.65968,48.46343],[7.65743,48.46694],[7.66111,48.46956],[7.66317,48.46954],[7.66512,48.46919],[7.6784,48.47237],[7.69613,48.47802],[7.69478,48.47158],[7.69626,48.45609],[7.69515,48.45093],[7.69246,48.45135],[7.68745,48.45505],[7.67932,48.4575],[7.66327,48.45954],[7.65874,48.46119]]]]}},{"type":"Feature","properties":{"code":"67201","nom":"Hirschland","departement":"67","region":"44"},"geometry":{"type":"MultiPolygon","coordinates":[[[[7.09992,48.84659],[7.10988,48.85567],[7.11342,48.85675],[7.11648,48.85668],[7.11936,48.85524],[7.12453,48.85075],[7.12882,48.84953],[7.13559,48.84903],[7.1491,48.84459],[7.14294,48.84061],[7.14127,48.83391],[7.1475,48.8244],[7.14782,48.82204],[7.13906,48.81748],[7.10794,48.82173],[7.10594,48.82801],[7.1017,48.83305],[7.10118,48.83604],[7.10355,48.84291],[7.1026,48.84544],[7.09992,48.84659]]]]}},{"type":"Feature","properties":{"code":"67202","nom":"Hochfelden","departement":"67","region":"44"},"geometry":{"type":"MultiPolygon","coordinates":[[[[7.58476,48.77343],[7.58912,48.76829],[7.59019,48.76519],[7.58927,48.76014],[7.59326,48.75033],[7.57991,48.74629],[7.57905,48.74115],[7.57724,48.73873],[7.5798,48.73399],[7.57635,48.73362],[7.56934,48.72965],[7.56302,48.72385],[7.54697,48.72517],[7.54465,48.72973],[7.54447,48.73604],[7.54074,48.74069],[7.53715,48.74499],[7.53474,48.74393],[7.53353,48.74656],[7.53147,48.74729],[7.53044,48.75275],[7.53107,48.75462],[7.53299,48.75488],[7.54387,48.75994],[7.5439,48.77035],[7.54614,48.76885],[7.55596,48.77031],[7.55922,48.77184],[7.56041,48.77045],[7.57759,48.77129],[7.58476,48.77343]]]]}},{"type":"Feature","properties":{"code":"67203","nom":"Hochstett","departement":"67","region":"44"},"geometry":{"type":"MultiPolygon","coordinates":[[[[7.68694,48.7735],[7.68188,48.76985],[7.66933,48.76543],[7.66657,48.76711],[7.6709,48.77707],[7.6729,48.78451],[7.6849,48.78302],[7.68694,48.7735]]]]}},{"type":"Feature","properties":{"code":"67204","nom":"Hœnheim","departement":"67","region":"44"},"geometry":{"type":"MultiPolygon","coordinates":[[[[7.76778,48.61677],[7.76675,48.61807],[7.76468,48.61923],[7.76201,48.62075],[7.76123,48.61943],[7.76109,48.61941],[7.76057,48.61879],[7.75484,48.61881],[7.7477,48.61903],[7.7468,48.61906],[7.73156,48.61921],[7.73141,48.6197],[7.71792,48.62001],[7.71759,48.62238],[7.72099,48.62309],[7.72739,48.62243],[7.74292,48.62521],[7.74627,48.6268],[7.75478,48.62862],[7.75444,48.62668],[7.75893,48.62926],[7.75801,48.63175],[7.77123,48.63411],[7.77949,48.6386],[7.78104,48.63895],[7.77889,48.63543],[7.77178,48.6317],[7.7697,48.63319],[7.76277,48.62947],[7.76772,48.62541],[7.77574,48.6298],[7.77837,48.62648],[7.77123,48.6231],[7.7693,48.6208],[7.76778,48.61677]]]]}},{"type":"Feature","properties":{"code":"67205","nom":"Hœrdt","departement":"67","region":"44"},"geometry":{"type":"MultiPolygon","coordinates":[[[[7.79652,48.66935],[7.78661,48.66994],[7.76978,48.66934],[7.76427,48.66831],[7.76404,48.66882],[7.75736,48.68768],[7.75653,48.69289],[7.7639,48.7025],[7.76769,48.71266],[7.77073,48.71239],[7.79132,48.71012],[7.79229,48.71128],[7.80686,48.70637],[7.8177,48.68922],[7.8184,48.68979],[7.81787,48.68744],[7.79652,48.66935]]]]}},{"type":"Feature","properties":{"code":"67206","nom":"Hoffen","departement":"67","region":"44"},"geometry":{"type":"MultiPolygon","coordinates":[[[[7.93661,48.94613],[7.93961,48.94692],[7.95415,48.94454],[7.96379,48.94187],[7.96347,48.94028],[7.95133,48.93207],[7.95102,48.92593],[7.95896,48.92108],[7.96105,48.92054],[7.96009,48.91863],[7.95684,48.91955],[7.9501,48.91974],[7.94355,48.91685],[7.93936,48.91284],[7.93628,48.9139],[7.93337,48.91493],[7.92689,48.92111],[7.92945,48.92352],[7.93131,48.92904],[7.92982,48.92935],[7.90917,48.93178],[7.90213,48.93271],[7.90059,48.93477],[7.8935,48.93849],[7.89202,48.9451],[7.8954,48.94648],[7.90228,48.94686],[7.90341,48.94302],[7.90677,48.94107],[7.92761,48.93943],[7.93196,48.93823],[7.9336,48.94234],[7.93661,48.94613]]]]}},{"type":"Feature","properties":{"code":"67208","nom":"Hohengœft","departement":"67","region":"44"},"geometry":{"type":"MultiPolygon","coordinates":[[[[7.44321,48.66201],[7.46184,48.66818],[7.46965,48.67204],[7.47216,48.66993],[7.46938,48.66896],[7.47894,48.66235],[7.48496,48.65972],[7.48591,48.65738],[7.48786,48.65773],[7.48895,48.6571],[7.48587,48.65664],[7.48331,48.65257],[7.48194,48.65235],[7.4811,48.65007],[7.4779,48.64906],[7.47517,48.65229],[7.46945,48.6563],[7.45301,48.65911],[7.44806,48.65919],[7.44769,48.65775],[7.44321,48.66201]]]]}},{"type":"Feature","properties":{"code":"67209","nom":"Hohfrankenheim","departement":"67","region":"44"},"geometry":{"type":"MultiPolygon","coordinates":[[[[7.59824,48.73481],[7.59828,48.73118],[7.60061,48.72874],[7.59574,48.72674],[7.56127,48.7199],[7.56013,48.721],[7.56068,48.72227],[7.56302,48.72385],[7.56934,48.72965],[7.57635,48.73362],[7.5798,48.73399],[7.59824,48.73481]]]]}},{"type":"Feature","properties":{"code":"67210","nom":"Le Hohwald","departement":"67","region":"44"},"geometry":{"type":"MultiPolygon","coordinates":[[[[7.33984,48.41644],[7.33848,48.40295],[7.34433,48.39525],[7.34475,48.38111],[7.34926,48.3783],[7.34946,48.37222],[7.34627,48.37433],[7.33065,48.37871],[7.32853,48.37913],[7.32653,48.38063],[7.31318,48.38441],[7.30695,48.38429],[7.29095,48.38746],[7.26918,48.38931],[7.27018,48.39378],[7.2664,48.39778],[7.27613,48.40944],[7.28546,48.41133],[7.29367,48.41827],[7.29593,48.42146],[7.30161,48.42656],[7.31639,48.42835],[7.31994,48.42141],[7.32272,48.41968],[7.33735,48.41414],[7.33984,48.41644]]]]}},{"type":"Feature","properties":{"code":"67212","nom":"Holtzheim","departement":"67","region":"44"},"geometry":{"type":"MultiPolygon","coordinates":[[[[7.66627,48.54898],[7.66162,48.5467],[7.6548,48.54719],[7.64043,48.54613],[7.62186,48.54675],[7.61947,48.55145],[7.62405,48.56487],[7.64681,48.56712],[7.64953,48.56794],[7.65058,48.56686],[7.65178,48.56693],[7.66408,48.56582],[7.66657,48.56144],[7.67107,48.56473],[7.67359,48.56417],[7.66731,48.55662],[7.66573,48.55069],[7.66627,48.54898]]]]}},{"type":"Feature","properties":{"code":"67213","nom":"Hunspach","departement":"67","region":"44"},"geometry":{"type":"MultiPolygon","coordinates":[[[[7.93661,48.94613],[7.93416,48.9474],[7.93467,48.94814],[7.92991,48.95358],[7.92457,48.95801],[7.90709,48.96206],[7.90256,48.9642],[7.90036,48.96419],[7.90249,48.96606],[7.89739,48.96901],[7.90163,48.97078],[7.91014,48.9696],[7.91623,48.96991],[7.92185,48.96711],[7.9253,48.9636],[7.93366,48.96002],[7.94627,48.96133],[7.9527,48.96566],[7.95254,48.96625],[7.9602,48.96231],[7.96213,48.95291],[7.96185,48.94965],[7.9601,48.94776],[7.95415,48.94454],[7.93961,48.94692],[7.93661,48.94613]]]]}},{"type":"Feature","properties":{"code":"67214","nom":"Hurtigheim","departement":"67","region":"44"},"geometry":{"type":"MultiPolygon","coordinates":[[[[7.57434,48.61763],[7.57573,48.62269],[7.58053,48.62403],[7.5959,48.6255],[7.59831,48.6252],[7.60472,48.62763],[7.62423,48.61403],[7.63342,48.60898],[7.62687,48.60703],[7.61926,48.60707],[7.60117,48.61255],[7.59202,48.6135],[7.5867,48.61245],[7.58364,48.61701],[7.57434,48.61763]]]]}},{"type":"Feature","properties":{"code":"67215","nom":"Huttendorf","departement":"67","region":"44"},"geometry":{"type":"MultiPolygon","coordinates":[[[[7.65565,48.80096],[7.65685,48.79869],[7.65499,48.79834],[7.63985,48.78755],[7.6383,48.78821],[7.63555,48.78749],[7.63327,48.78949],[7.625,48.80086],[7.61941,48.80225],[7.61718,48.802],[7.6152,48.80174],[7.61409,48.80356],[7.61861,48.80626],[7.62031,48.8072],[7.62384,48.80564],[7.63052,48.80704],[7.64474,48.81351],[7.64976,48.8123],[7.64827,48.81018],[7.65565,48.80096]]]]}},{"type":"Feature","properties":{"code":"67216","nom":"Huttenheim","departement":"67","region":"44"},"geometry":{"type":"MultiPolygon","coordinates":[[[[7.5725,48.37408],[7.5844,48.36972],[7.59176,48.36471],[7.59994,48.35614],[7.59832,48.35027],[7.59558,48.34559],[7.59601,48.34261],[7.599,48.3413],[7.59032,48.32297],[7.58107,48.32589],[7.57484,48.33049],[7.57133,48.33659],[7.57047,48.34772],[7.56795,48.35343],[7.56478,48.35715],[7.54703,48.35999],[7.53094,48.36464],[7.53175,48.36811],[7.54761,48.3693],[7.55612,48.3721],[7.55854,48.37376],[7.5725,48.37408]]]]}},{"type":"Feature","properties":{"code":"67217","nom":"Ichtratzheim","departement":"67","region":"44"},"geometry":{"type":"MultiPolygon","coordinates":[[[[7.69826,48.48227],[7.69842,48.4797],[7.69613,48.47802],[7.6784,48.47237],[7.66512,48.46919],[7.66317,48.46954],[7.66371,48.471],[7.66268,48.47372],[7.65953,48.47525],[7.66542,48.47911],[7.66808,48.48404],[7.66473,48.48561],[7.66595,48.48651],[7.67484,48.48744],[7.67836,48.48739],[7.68323,48.48603],[7.68748,48.48355],[7.69473,48.48172],[7.69826,48.48227]]]]}},{"type":"Feature","properties":{"code":"67218","nom":"Illkirch-Graffenstaden","departement":"67","region":"44"},"geometry":{"type":"MultiPolygon","coordinates":[[[[7.70265,48.50093],[7.70655,48.50606],[7.70327,48.50903],[7.7016,48.51627],[7.70411,48.51776],[7.70414,48.51924],[7.69873,48.52688],[7.69601,48.53351],[7.6989,48.5341],[7.70774,48.53297],[7.71358,48.53454],[7.7149,48.53491],[7.71816,48.53999],[7.71756,48.54459],[7.71363,48.54607],[7.71235,48.54833],[7.71502,48.55],[7.71856,48.55005],[7.72487,48.54818],[7.72789,48.54916],[7.73023,48.55117],[7.73118,48.55029],[7.73248,48.55033],[7.73249,48.55033],[7.73262,48.55033],[7.73309,48.55115],[7.73438,48.55109],[7.74029,48.5475],[7.74852,48.54534],[7.75836,48.53933],[7.7562,48.53828],[7.76314,48.52218],[7.75583,48.5078],[7.75995,48.50227],[7.76047,48.49974],[7.75696,48.49627],[7.75647,48.49366],[7.75739,48.49315],[7.73487,48.49777],[7.72789,48.49815],[7.72098,48.49819],[7.71963,48.49474],[7.71853,48.49436],[7.71673,48.49496],[7.71113,48.49612],[7.70174,48.49552],[7.70265,48.50093]]]]}},{"type":"Feature","properties":{"code":"67220","nom":"Ingenheim","departement":"67","region":"44"},"geometry":{"type":"MultiPolygon","coordinates":[[[[7.54697,48.72517],[7.52487,48.7222],[7.52133,48.72503],[7.51457,48.72811],[7.50984,48.72496],[7.50803,48.72607],[7.50669,48.73741],[7.50977,48.73817],[7.51131,48.74068],[7.51055,48.74411],[7.52454,48.74303],[7.52642,48.74355],[7.529,48.74228],[7.53329,48.74247],[7.53474,48.74393],[7.53715,48.74499],[7.54074,48.74069],[7.54447,48.73604],[7.54465,48.72973],[7.54697,48.72517]]]]}},{"type":"Feature","properties":{"code":"67221","nom":"Ingolsheim","departement":"67","region":"44"},"geometry":{"type":"MultiPolygon","coordinates":[[[[7.91014,48.9696],[7.90848,48.97157],[7.91127,48.97724],[7.90851,48.98339],[7.9259,48.98048],[7.928,48.98106],[7.93153,48.98014],[7.93877,48.97449],[7.95232,48.96824],[7.95254,48.96625],[7.9527,48.96566],[7.94627,48.96133],[7.93366,48.96002],[7.9253,48.9636],[7.92185,48.96711],[7.91623,48.96991],[7.91014,48.9696]]]]}},{"type":"Feature","properties":{"code":"67222","nom":"Ingwiller","departement":"67","region":"44"},"geometry":{"type":"MultiPolygon","coordinates":[[[[7.48702,48.9033],[7.48491,48.90225],[7.48269,48.89851],[7.48846,48.89473],[7.49559,48.89312],[7.50622,48.89605],[7.51078,48.89321],[7.51152,48.89189],[7.51424,48.88874],[7.51739,48.88691],[7.50453,48.88019],[7.5053,48.87853],[7.50245,48.87877],[7.49158,48.87367],[7.48267,48.86357],[7.48327,48.86212],[7.48208,48.86254],[7.46405,48.86001],[7.4588,48.86581],[7.46032,48.86615],[7.45666,48.88138],[7.45127,48.8836],[7.43196,48.88697],[7.40995,48.89642],[7.41011,48.89721],[7.4277,48.90108],[7.44293,48.90186],[7.44571,48.90117],[7.45194,48.89674],[7.46702,48.90304],[7.47574,48.90439],[7.48421,48.90409],[7.48702,48.9033]]]]}},{"type":"Feature","properties":{"code":"67223","nom":"Innenheim","departement":"67","region":"44"},"geometry":{"type":"MultiPolygon","coordinates":[[[[7.58572,48.5128],[7.59478,48.49546],[7.59187,48.48666],[7.5906,48.48592],[7.57569,48.48908],[7.56886,48.48927],[7.55659,48.48776],[7.5511,48.4904],[7.54822,48.49534],[7.54811,48.49736],[7.55049,48.49885],[7.55338,48.50372],[7.55834,48.5043],[7.56223,48.50607],[7.58213,48.51017],[7.58572,48.5128]]]]}},{"type":"Feature","properties":{"code":"67225","nom":"Issenhausen","departement":"67","region":"44"},"geometry":{"type":"MultiPolygon","coordinates":[[[[7.52082,48.79818],[7.51812,48.80059],[7.51937,48.80322],[7.52312,48.80388],[7.52504,48.80546],[7.52669,48.80904],[7.53193,48.80901],[7.53284,48.80986],[7.5422,48.8124],[7.54677,48.80107],[7.53638,48.79813],[7.53075,48.79973],[7.52082,48.79818]]]]}},{"type":"Feature","properties":{"code":"67226","nom":"Ittenheim","departement":"67","region":"44"},"geometry":{"type":"MultiPolygon","coordinates":[[[[7.62967,48.59822],[7.61029,48.59151],[7.59893,48.58895],[7.58716,48.58816],[7.58681,48.58885],[7.58465,48.59398],[7.58429,48.60314],[7.5817,48.61133],[7.5867,48.61245],[7.59202,48.6135],[7.60117,48.61255],[7.61926,48.60707],[7.62687,48.60703],[7.63342,48.60898],[7.64225,48.61272],[7.64943,48.61266],[7.6539,48.61072],[7.64939,48.61228],[7.64346,48.61248],[7.63508,48.6094],[7.63303,48.60808],[7.63277,48.60213],[7.63088,48.59861],[7.62967,48.59822]]]]}},{"type":"Feature","properties":{"code":"67227","nom":"Itterswiller","departement":"67","region":"44"},"geometry":{"type":"MultiPolygon","coordinates":[[[[7.43788,48.37123],[7.43755,48.36612],[7.43761,48.36417],[7.43403,48.3624],[7.41995,48.36372],[7.41667,48.36385],[7.41439,48.36482],[7.42581,48.36863],[7.43198,48.37221],[7.43686,48.37291],[7.4358,48.37126],[7.43788,48.37123]]]]}},{"type":"Feature","properties":{"code":"67228","nom":"Neugartheim-Ittlenheim","departement":"67","region":"44"},"geometry":{"type":"MultiPolygon","coordinates":[[[[7.54006,48.67153],[7.53968,48.66996],[7.5478,48.66638],[7.552,48.65878],[7.55729,48.65132],[7.55681,48.64485],[7.55418,48.64278],[7.54776,48.64398],[7.53044,48.65182],[7.52504,48.65599],[7.52605,48.66173],[7.52399,48.66226],[7.53529,48.67121],[7.54006,48.67153]]]]}},{"type":"Feature","properties":{"code":"67229","nom":"Jetterswiller","departement":"67","region":"44"},"geometry":{"type":"MultiPolygon","coordinates":[[[[7.43424,48.67473],[7.44023,48.66681],[7.44204,48.66379],[7.44117,48.6635],[7.43934,48.66298],[7.42056,48.66552],[7.40287,48.66146],[7.39968,48.66265],[7.39663,48.67419],[7.40066,48.6752],[7.40396,48.67437],[7.41467,48.67379],[7.42659,48.67615],[7.43355,48.67633],[7.43424,48.67473]]]]}},{"type":"Feature","properties":{"code":"67230","nom":"Kaltenhouse","departement":"67","region":"44"},"geometry":{"type":"MultiPolygon","coordinates":[[[[7.8114,48.78855],[7.82324,48.79306],[7.82668,48.79553],[7.82787,48.79661],[7.82703,48.79718],[7.83095,48.80005],[7.83973,48.79978],[7.84471,48.79672],[7.84621,48.79212],[7.84357,48.79092],[7.84598,48.78843],[7.85511,48.78342],[7.85296,48.78184],[7.84758,48.78432],[7.84063,48.78509],[7.83318,48.78169],[7.83052,48.77917],[7.8114,48.78855]]]]}},{"type":"Feature","properties":{"code":"67231","nom":"Kauffenheim","departement":"67","region":"44"},"geometry":{"type":"MultiPolygon","coordinates":[[[[8.05116,48.85236],[8.04636,48.84662],[8.04447,48.84686],[8.02657,48.84788],[8.01734,48.85228],[8.01913,48.8584],[8.02348,48.86205],[8.0297,48.86061],[8.04024,48.85568],[8.05116,48.85236]]]]}},{"type":"Feature","properties":{"code":"67232","nom":"Keffenach","departement":"67","region":"44"},"geometry":{"type":"MultiPolygon","coordinates":[[[[7.86358,48.97183],[7.88763,48.97122],[7.89739,48.96901],[7.90249,48.96606],[7.90036,48.96419],[7.8979,48.96415],[7.89572,48.95901],[7.88497,48.96041],[7.86818,48.96729],[7.86358,48.97183]]]]}},{"type":"Feature","properties":{"code":"67233","nom":"Kertzfeld","departement":"67","region":"44"},"geometry":{"type":"MultiPolygon","coordinates":[[[[7.58885,48.38363],[7.58643,48.38017],[7.57762,48.37897],[7.57421,48.377],[7.5725,48.37408],[7.55854,48.37376],[7.55612,48.3721],[7.54761,48.3693],[7.53175,48.36811],[7.53391,48.37523],[7.53427,48.38464],[7.54165,48.39593],[7.54569,48.40585],[7.54781,48.41435],[7.55276,48.4099],[7.55334,48.40734],[7.55199,48.40026],[7.55407,48.39466],[7.56963,48.38902],[7.57852,48.38809],[7.58589,48.3913],[7.58863,48.3915],[7.58988,48.38995],[7.58885,48.38363]]]]}},{"type":"Feature","properties":{"code":"67298","nom":"Mittelschaeffolsheim","departement":"67","region":"44"},"geometry":{"type":"MultiPolygon","coordinates":[[[[7.66341,48.70108],[7.66148,48.69393],[7.66194,48.68946],[7.64987,48.68844],[7.64446,48.69109],[7.637,48.69596],[7.63675,48.69911],[7.64088,48.70321],[7.64518,48.70558],[7.6496,48.70686],[7.64974,48.70412],[7.66341,48.70108]]]]}},{"type":"Feature","properties":{"code":"67234","nom":"Keskastel","departement":"67","region":"44"},"geometry":{"type":"MultiPolygon","coordinates":[[[[7.04711,49.00001],[7.05221,48.99486],[7.06123,48.99395],[7.08013,48.9954],[7.08669,48.99157],[7.08799,48.99158],[7.09843,48.97782],[7.10274,48.97648],[7.09912,48.9691],[7.09909,48.96648],[7.10044,48.9654],[7.09531,48.96367],[7.08836,48.96322],[7.06629,48.95896],[7.04836,48.95565],[7.04245,48.95559],[7.03655,48.95403],[7.03547,48.95469],[7.03641,48.95586],[7.03192,48.95604],[7.03259,48.96842],[7.03455,48.9748],[7.03062,48.98726],[7.0367,48.99594],[7.03944,48.99754],[7.04711,49.00001]]]]}},{"type":"Feature","properties":{"code":"67235","nom":"Kesseldorf","departement":"67","region":"44"},"geometry":{"type":"MultiPolygon","coordinates":[[[[8.04077,48.90071],[8.04289,48.89735],[8.05955,48.89782],[8.07113,48.89689],[8.07996,48.89493],[8.08092,48.8923],[8.07661,48.88091],[8.07853,48.87372],[8.06964,48.8713],[8.06168,48.86754],[8.05992,48.86666],[8.056,48.86724],[8.04992,48.87378],[8.04245,48.8774],[8.04078,48.87746],[8.0432,48.89113],[8.03661,48.8962],[8.03652,48.89739],[8.03881,48.90007],[8.04077,48.90071]]]]}},{"type":"Feature","properties":{"code":"67236","nom":"Kienheim","departement":"67","region":"44"},"geometry":{"type":"MultiPolygon","coordinates":[[[[7.59255,48.69665],[7.59324,48.69472],[7.60086,48.68984],[7.60143,48.68445],[7.59975,48.68145],[7.59597,48.67971],[7.5848,48.68002],[7.57866,48.6789],[7.57113,48.68992],[7.56928,48.69425],[7.59255,48.69665]]]]}},{"type":"Feature","properties":{"code":"67237","nom":"Kilstett","departement":"67","region":"44"},"geometry":{"type":"MultiPolygon","coordinates":[[[[7.84143,48.67303],[7.83332,48.67984],[7.81787,48.68744],[7.8184,48.68979],[7.82132,48.69233],[7.84003,48.69867],[7.86601,48.68294],[7.87151,48.67783],[7.87229,48.67513],[7.86676,48.67508],[7.86044,48.66945],[7.85311,48.667],[7.84432,48.67011],[7.84143,48.67303]]]]}},{"type":"Feature","properties":{"code":"67238","nom":"Kindwiller","departement":"67","region":"44"},"geometry":{"type":"MultiPolygon","coordinates":[[[[7.57309,48.86097],[7.57454,48.86285],[7.58368,48.86791],[7.59813,48.87368],[7.60222,48.87417],[7.60265,48.87223],[7.60424,48.87135],[7.60756,48.8714],[7.61516,48.8699],[7.61043,48.85766],[7.61038,48.85562],[7.60747,48.8518],[7.60383,48.84963],[7.60226,48.84845],[7.57871,48.85226],[7.57309,48.86097]]]]}},{"type":"Feature","properties":{"code":"67239","nom":"Kintzheim","departement":"67","region":"44"},"geometry":{"type":"MultiPolygon","coordinates":[[[[7.42222,48.259],[7.42239,48.25384],[7.42021,48.25299],[7.41752,48.24394],[7.41391,48.23968],[7.40602,48.23367],[7.40203,48.23474],[7.39597,48.24311],[7.39275,48.24392],[7.38347,48.24337],[7.36964,48.24643],[7.34417,48.25377],[7.33408,48.25424],[7.3308,48.25273],[7.32845,48.25265],[7.32677,48.25596],[7.33172,48.26989],[7.33107,48.27072],[7.33371,48.27234],[7.34091,48.27689],[7.34766,48.27945],[7.35115,48.27889],[7.36722,48.2798],[7.3746,48.27643],[7.38998,48.26523],[7.40113,48.26008],[7.41487,48.2603],[7.42222,48.259]]]]}},{"type":"Feature","properties":{"code":"67240","nom":"Kirchheim","departement":"67","region":"44"},"geometry":{"type":"MultiPolygon","coordinates":[[[[7.51795,48.59803],[7.51614,48.59729],[7.51467,48.59953],[7.50667,48.59905],[7.49268,48.60312],[7.48487,48.60449],[7.48018,48.60474],[7.46918,48.6036],[7.46447,48.60872],[7.47859,48.61051],[7.47913,48.60856],[7.48199,48.60887],[7.48669,48.61081],[7.48851,48.61274],[7.49759,48.61223],[7.50318,48.61014],[7.50215,48.60654],[7.51795,48.59803]]]]}},{"type":"Feature","properties":{"code":"67241","nom":"Kirrberg","departement":"67","region":"44"},"geometry":{"type":"MultiPolygon","coordinates":[[[[7.05382,48.83597],[7.05131,48.84248],[7.05125,48.8448],[7.05269,48.84713],[7.06226,48.84831],[7.0799,48.84797],[7.08091,48.84739],[7.08082,48.84527],[7.07496,48.83814],[7.07173,48.83157],[7.07051,48.82557],[7.07867,48.81734],[7.08703,48.81395],[7.08696,48.81255],[7.08509,48.81186],[7.08103,48.81369],[7.07204,48.81516],[7.06108,48.81557],[7.05227,48.81482],[7.04694,48.82061],[7.04967,48.82321],[7.05371,48.83044],[7.05467,48.83281],[7.05382,48.83597]]]]}},{"type":"Feature","properties":{"code":"67242","nom":"Kirrwiller","departement":"67","region":"44"},"geometry":{"type":"MultiPolygon","coordinates":[[[[7.54235,48.82722],[7.54186,48.82466],[7.54425,48.81519],[7.5422,48.8124],[7.53284,48.80986],[7.53193,48.80901],[7.52669,48.80904],[7.50485,48.81434],[7.50371,48.81586],[7.50538,48.81642],[7.50905,48.82925],[7.51011,48.82938],[7.51956,48.828],[7.52913,48.82943],[7.53671,48.83269],[7.53882,48.83254],[7.54266,48.82806],[7.54235,48.82722]]]]}},{"type":"Feature","properties":{"code":"67244","nom":"Kleingœft","departement":"67","region":"44"},"geometry":{"type":"MultiPolygon","coordinates":[[[[7.46293,48.69234],[7.44812,48.68805],[7.44079,48.68699],[7.43276,48.6876],[7.43012,48.68866],[7.43479,48.70399],[7.44019,48.6993],[7.45047,48.69859],[7.45437,48.6951],[7.46293,48.69234]]]]}},{"type":"Feature","properties":{"code":"67245","nom":"Knœrsheim","departement":"67","region":"44"},"geometry":{"type":"MultiPolygon","coordinates":[[[[7.47819,48.68481],[7.47607,48.68382],[7.47728,48.68307],[7.47061,48.67912],[7.47119,48.67763],[7.46761,48.67505],[7.46489,48.67702],[7.44426,48.67316],[7.43424,48.67473],[7.43355,48.67633],[7.44654,48.67873],[7.45483,48.68304],[7.46772,48.68765],[7.47751,48.68555],[7.47819,48.68481]]]]}},{"type":"Feature","properties":{"code":"67246","nom":"Kogenheim","departement":"67","region":"44"},"geometry":{"type":"MultiPolygon","coordinates":[[[[7.54799,48.31312],[7.54628,48.31379],[7.54335,48.32459],[7.53931,48.32505],[7.53753,48.32442],[7.52604,48.3191],[7.52368,48.31673],[7.52014,48.31677],[7.49868,48.32359],[7.50228,48.32494],[7.50173,48.33213],[7.50439,48.33816],[7.51771,48.34967],[7.53434,48.34794],[7.55025,48.3414],[7.55773,48.33218],[7.56432,48.32176],[7.56635,48.32012],[7.55569,48.31837],[7.54963,48.31516],[7.54799,48.31312]]]]}},{"type":"Feature","properties":{"code":"67247","nom":"Kolbsheim","departement":"67","region":"44"},"geometry":{"type":"MultiPolygon","coordinates":[[[[7.58716,48.55185],[7.58669,48.55674],[7.57962,48.55912],[7.57879,48.55723],[7.57644,48.55687],[7.57002,48.56024],[7.5735,48.56864],[7.58011,48.57532],[7.58639,48.56784],[7.59689,48.56424],[7.60136,48.56425],[7.60003,48.55507],[7.60126,48.55428],[7.59868,48.55068],[7.59547,48.54994],[7.59218,48.55132],[7.58716,48.55185]]]]}},{"type":"Feature","properties":{"code":"67248","nom":"Krautergersheim","departement":"67","region":"44"},"geometry":{"type":"MultiPolygon","coordinates":[[[[7.59174,48.46798],[7.58823,48.47],[7.57424,48.4646],[7.56299,48.46432],[7.55122,48.46643],[7.55245,48.4718],[7.54511,48.47317],[7.54566,48.47489],[7.54411,48.47703],[7.5393,48.4807],[7.54191,48.48015],[7.55274,48.48573],[7.5687,48.48508],[7.57435,48.48379],[7.59397,48.46904],[7.59174,48.46798]]]]}},{"type":"Feature","properties":{"code":"67249","nom":"Krautwiller","departement":"67","region":"44"},"geometry":{"type":"MultiPolygon","coordinates":[[[[7.67181,48.73434],[7.66689,48.73413],[7.66258,48.73643],[7.66852,48.74222],[7.66983,48.7449],[7.68197,48.74397],[7.6824,48.74453],[7.68679,48.74306],[7.68829,48.74243],[7.68799,48.73738],[7.67181,48.73434]]]]}},{"type":"Feature","properties":{"code":"67250","nom":"Kriegsheim","departement":"67","region":"44"},"geometry":{"type":"MultiPolygon","coordinates":[[[[7.71963,48.76586],[7.72944,48.7654],[7.74804,48.76258],[7.75648,48.75915],[7.75753,48.75853],[7.75559,48.75555],[7.7477,48.75175],[7.74155,48.74917],[7.72822,48.74658],[7.72846,48.74771],[7.724,48.75171],[7.72092,48.75205],[7.71963,48.76586]]]]}},{"type":"Feature","properties":{"code":"67252","nom":"Kurtzenhouse","departement":"67","region":"44"},"geometry":{"type":"MultiPolygon","coordinates":[[[[7.82705,48.73163],[7.79211,48.73027],[7.79211,48.73261],[7.78977,48.73245],[7.7897,48.73329],[7.78695,48.73737],[7.79054,48.74401],[7.79272,48.7444],[7.81205,48.74554],[7.81661,48.74443],[7.82633,48.73582],[7.82705,48.73163]]]]}},{"type":"Feature","properties":{"code":"67253","nom":"Kuttolsheim","departement":"67","region":"44"},"geometry":{"type":"MultiPolygon","coordinates":[[[[7.52504,48.65599],[7.53044,48.65182],[7.54776,48.64398],[7.5407,48.64354],[7.52611,48.637],[7.52562,48.63816],[7.51502,48.64484],[7.50687,48.64837],[7.49608,48.65121],[7.48837,48.65033],[7.48355,48.6513],[7.48331,48.65257],[7.48587,48.65664],[7.48895,48.6571],[7.50239,48.65493],[7.51158,48.65422],[7.52504,48.65599]]]]}},{"type":"Feature","properties":{"code":"67254","nom":"Kutzenhausen","departement":"67","region":"44"},"geometry":{"type":"MultiPolygon","coordinates":[[[[7.85807,48.95228],[7.86233,48.94579],[7.86688,48.93533],[7.85888,48.92591],[7.85808,48.92003],[7.84465,48.92011],[7.84242,48.91958],[7.83627,48.9309],[7.83647,48.94051],[7.83073,48.94269],[7.83338,48.94485],[7.8405,48.95532],[7.83956,48.95756],[7.8359,48.9605],[7.84295,48.95858],[7.84649,48.95461],[7.85807,48.95228]]]]}},{"type":"Feature","properties":{"code":"67255","nom":"Lalaye","departement":"67","region":"44"},"geometry":{"type":"MultiPolygon","coordinates":[[[[7.26811,48.33078],[7.25878,48.32516],[7.25015,48.32434],[7.24444,48.32511],[7.24332,48.32626],[7.22571,48.33213],[7.21008,48.3336],[7.20664,48.33509],[7.2,48.34024],[7.20432,48.34302],[7.20808,48.34331],[7.21039,48.34802],[7.21454,48.35079],[7.22025,48.3521],[7.2284,48.3523],[7.23135,48.35092],[7.2405,48.34506],[7.25735,48.34048],[7.26346,48.3406],[7.26498,48.3355],[7.26811,48.33078]]]]}},{"type":"Feature","properties":{"code":"67380","nom":"Printzheim","departement":"67","region":"44"},"geometry":{"type":"MultiPolygon","coordinates":[[[[7.49144,48.7833],[7.48793,48.78429],[7.47019,48.78559],[7.45942,48.78412],[7.45233,48.78338],[7.45103,48.78407],[7.46788,48.79302],[7.46748,48.79986],[7.4677,48.80312],[7.47499,48.80239],[7.48483,48.80225],[7.48736,48.80299],[7.49353,48.79457],[7.49144,48.7833]]]]}},{"type":"Feature","properties":{"code":"67256","nom":"Lampertheim","departement":"67","region":"44"},"geometry":{"type":"MultiPolygon","coordinates":[[[[7.68836,48.66869],[7.69545,48.66295],[7.70451,48.65971],[7.72156,48.65754],[7.72257,48.65463],[7.72464,48.64743],[7.72292,48.64641],[7.71427,48.64566],[7.70992,48.64789],[7.70881,48.65057],[7.70665,48.65087],[7.70432,48.64976],[7.70413,48.64814],[7.69946,48.64397],[7.69551,48.64372],[7.69612,48.64268],[7.69351,48.64243],[7.68669,48.64443],[7.67827,48.65021],[7.66862,48.65361],[7.67096,48.65952],[7.66997,48.65981],[7.67055,48.66216],[7.67277,48.66439],[7.68836,48.66869]]]]}},{"type":"Feature","properties":{"code":"67257","nom":"Lampertsloch","departement":"67","region":"44"},"geometry":{"type":"MultiPolygon","coordinates":[[[[7.8359,48.9605],[7.83956,48.95756],[7.8405,48.95532],[7.83338,48.94485],[7.83073,48.94269],[7.82925,48.94074],[7.82517,48.94198],[7.81094,48.9501],[7.80488,48.96199],[7.80446,48.97411],[7.80232,48.97407],[7.79745,48.9757],[7.7934,48.98008],[7.79383,48.98144],[7.81624,48.99074],[7.8273,48.99227],[7.83875,48.99488],[7.84161,48.99613],[7.84484,48.99164],[7.83564,48.98574],[7.82212,48.97364],[7.82164,48.97204],[7.82442,48.96777],[7.8359,48.9605]]]]}},{"type":"Feature","properties":{"code":"67258","nom":"Landersheim","departement":"67","region":"44"},"geometry":{"type":"MultiPolygon","coordinates":[[[[7.51841,48.69257],[7.51906,48.68406],[7.51592,48.68474],[7.51202,48.68617],[7.50113,48.68753],[7.49163,48.68614],[7.49003,48.68627],[7.48483,48.6892],[7.48847,48.69807],[7.49537,48.69548],[7.49929,48.69295],[7.51399,48.69211],[7.51841,48.69257]]]]}},{"type":"Feature","properties":{"code":"67259","nom":"Langensoultzbach","departement":"67","region":"44"},"geometry":{"type":"MultiPolygon","coordinates":[[[[7.71599,48.95118],[7.71472,48.95659],[7.71148,48.96196],[7.70199,48.96964],[7.70649,48.97459],[7.71835,48.98068],[7.72475,48.98538],[7.71844,48.9917],[7.7125,49.00042],[7.72007,49.00541],[7.72298,49.00579],[7.72631,49.00528],[7.72772,49.00543],[7.73099,49.00278],[7.73298,48.99475],[7.73589,48.98992],[7.73908,48.98736],[7.74407,48.98635],[7.76101,48.96795],[7.73406,48.95276],[7.71599,48.95118]]]]}},{"type":"Feature","properties":{"code":"67260","nom":"Laubach","departement":"67","region":"44"},"geometry":{"type":"MultiPolygon","coordinates":[[[[7.72621,48.88919],[7.72846,48.88405],[7.72228,48.87688],[7.71931,48.87125],[7.71774,48.87158],[7.7072,48.88056],[7.71938,48.88502],[7.72621,48.88919]]]]}},{"type":"Feature","properties":{"code":"67261","nom":"Lauterbourg","departement":"67","region":"44"},"geometry":{"type":"MultiPolygon","coordinates":[[[[8.15366,48.9597],[8.15749,48.9652],[8.16248,48.97759],[8.17404,48.97885],[8.19201,48.97696],[8.19583,48.97526],[8.1966,48.9734],[8.19532,48.96906],[8.19946,48.96689],[8.21515,48.9751],[8.22293,48.97588],[8.22658,48.97403],[8.23176,48.96742],[8.2325,48.96642],[8.2298,48.96557],[8.20417,48.95998],[8.19823,48.95784],[8.19165,48.95174],[8.18726,48.94502],[8.18299,48.9462],[8.17865,48.94645],[8.1567,48.95953],[8.15366,48.9597]]]]}},{"type":"Feature","properties":{"code":"67263","nom":"Lembach","departement":"67","region":"44"},"geometry":{"type":"MultiPolygon","coordinates":[[[[7.68698,49.02053],[7.68884,49.02008],[7.72172,49.02323],[7.72637,49.02736],[7.72931,49.03203],[7.72803,49.03886],[7.73074,49.04325],[7.7323,49.04418],[7.75724,49.04532],[7.76668,49.0466],[7.76949,49.04776],[7.7725,49.05242],[7.77633,49.05647],[7.77872,49.05758],[7.78117,49.05719],[7.78663,49.04914],[7.78863,49.03864],[7.79164,49.03255],[7.80479,49.01787],[7.81499,49.01547],[7.83073,49.01864],[7.83411,49.02002],[7.8376,49.0134],[7.8368,49.00403],[7.84161,48.99613],[7.83875,48.99488],[7.8273,48.99227],[7.81624,48.99074],[7.79383,48.98144],[7.7934,48.98008],[7.79745,48.9757],[7.80232,48.97407],[7.80446,48.97411],[7.80267,48.97272],[7.79587,48.97521],[7.78874,48.98125],[7.78516,48.98712],[7.7805,48.99015],[7.77971,48.99084],[7.77921,48.99019],[7.77476,48.98932],[7.7717,48.98688],[7.76384,48.97403],[7.76174,48.96782],[7.76101,48.96795],[7.74407,48.98635],[7.73908,48.98736],[7.73589,48.98992],[7.73298,48.99475],[7.73099,49.00278],[7.72772,49.00543],[7.72631,49.00528],[7.72298,49.00579],[7.72007,49.00541],[7.7125,49.00042],[7.70544,49.00734],[7.69581,49.01283],[7.68597,49.01735],[7.68375,49.02025],[7.68698,49.02053]]]]}},{"type":"Feature","properties":{"code":"67264","nom":"Leutenheim","departement":"67","region":"44"},"geometry":{"type":"MultiPolygon","coordinates":[[[[7.99746,48.83573],[7.99935,48.84533],[8.00642,48.85174],[8.0085,48.85525],[8.00455,48.85711],[7.99261,48.85129],[7.98152,48.84913],[7.96688,48.84952],[7.96178,48.85068],[7.95796,48.85474],[7.95941,48.86546],[7.97182,48.86351],[7.98814,48.86473],[8.0016,48.86411],[8.00995,48.86253],[8.01187,48.86329],[8.02618,48.86379],[8.02348,48.86205],[8.01913,48.8584],[8.01734,48.85228],[8.02657,48.84788],[8.04447,48.84686],[8.04278,48.84601],[8.0427,48.83676],[8.03898,48.83724],[8.03334,48.84048],[8.02858,48.84147],[8.01421,48.83724],[8.00714,48.83272],[8.00475,48.83489],[7.99746,48.83573]]]]}},{"type":"Feature","properties":{"code":"67265","nom":"Lichtenberg","departement":"67","region":"44"},"geometry":{"type":"MultiPolygon","coordinates":[[[[7.48694,48.9501],[7.49708,48.94622],[7.5132,48.94331],[7.51231,48.94063],[7.50252,48.9307],[7.50453,48.92781],[7.51336,48.92376],[7.49994,48.91977],[7.4941,48.91677],[7.48966,48.91239],[7.49715,48.90971],[7.49565,48.90723],[7.48702,48.9033],[7.48421,48.90409],[7.47574,48.90439],[7.46702,48.90304],[7.45194,48.89674],[7.44571,48.90117],[7.45001,48.90541],[7.45674,48.90891],[7.46093,48.90959],[7.46389,48.91781],[7.45941,48.92538],[7.46004,48.92738],[7.46367,48.9292],[7.46783,48.92967],[7.48303,48.9338],[7.48604,48.93698],[7.48684,48.94156],[7.48532,48.94593],[7.48694,48.9501]]]]}},{"type":"Feature","properties":{"code":"67266","nom":"Limersheim","departement":"67","region":"44"},"geometry":{"type":"MultiPolygon","coordinates":[[[[7.59171,48.4467],[7.59318,48.44857],[7.60507,48.455],[7.61202,48.45303],[7.61397,48.45047],[7.61723,48.44831],[7.62357,48.4508],[7.63653,48.45826],[7.65953,48.47525],[7.66268,48.47372],[7.66371,48.471],[7.66317,48.46954],[7.66111,48.46956],[7.65743,48.46694],[7.65968,48.46343],[7.65874,48.46119],[7.65335,48.46285],[7.64945,48.45885],[7.65268,48.45791],[7.64663,48.45175],[7.63559,48.44535],[7.63448,48.44373],[7.63144,48.44309],[7.62657,48.44652],[7.62444,48.44698],[7.6044,48.44429],[7.59644,48.44628],[7.59303,48.44475],[7.59171,48.4467]]]]}},{"type":"Feature","properties":{"code":"67267","nom":"Lingolsheim","departement":"67","region":"44"},"geometry":{"type":"MultiPolygon","coordinates":[[[[7.68932,48.54862],[7.68801,48.54661],[7.68188,48.5441],[7.66619,48.54203],[7.66131,48.54306],[7.66054,48.54428],[7.66162,48.5467],[7.66627,48.54898],[7.66573,48.55069],[7.66731,48.55662],[7.67359,48.56417],[7.67831,48.5661],[7.68781,48.56749],[7.68749,48.56839],[7.68851,48.5685],[7.70153,48.56837],[7.70182,48.56543],[7.70095,48.56459],[7.69254,48.56283],[7.69361,48.5608],[7.69394,48.56038],[7.69816,48.56143],[7.70242,48.56075],[7.70429,48.5605],[7.70439,48.55769],[7.69983,48.55643],[7.69363,48.55591],[7.69304,48.55103],[7.69311,48.54969],[7.68932,48.54862]]]]}},{"type":"Feature","properties":{"code":"67268","nom":"Lipsheim","departement":"67","region":"44"},"geometry":{"type":"MultiPolygon","coordinates":[[[[7.66473,48.48561],[7.65389,48.47755],[7.64846,48.47645],[7.64217,48.47709],[7.63944,48.4797],[7.63781,48.4829],[7.63478,48.48331],[7.63763,48.48553],[7.64024,48.49166],[7.64302,48.49419],[7.66288,48.5017],[7.66596,48.50243],[7.66624,48.50175],[7.67484,48.48744],[7.66595,48.48651],[7.66473,48.48561]]]]}},{"type":"Feature","properties":{"code":"67269","nom":"Littenheim","departement":"67","region":"44"},"geometry":{"type":"MultiPolygon","coordinates":[[[[7.49364,48.71448],[7.48499,48.71622],[7.47873,48.71541],[7.47533,48.7215],[7.47813,48.72237],[7.48917,48.73279],[7.50646,48.73792],[7.50669,48.73741],[7.50803,48.72607],[7.50984,48.72496],[7.50771,48.72216],[7.50327,48.71944],[7.49366,48.71675],[7.49364,48.71448]]]]}},{"type":"Feature","properties":{"code":"67270","nom":"Lixhausen","departement":"67","region":"44"},"geometry":{"type":"MultiPolygon","coordinates":[[[[7.56777,48.80125],[7.57464,48.79783],[7.57503,48.79701],[7.57285,48.79607],[7.57705,48.79166],[7.57041,48.78901],[7.55078,48.78547],[7.54633,48.78352],[7.54028,48.79269],[7.53907,48.79544],[7.53638,48.79813],[7.54677,48.80107],[7.54909,48.79931],[7.55528,48.79918],[7.56005,48.8012],[7.5662,48.80258],[7.56777,48.80125]]]]}},{"type":"Feature","properties":{"code":"67271","nom":"Lobsann","departement":"67","region":"44"},"geometry":{"type":"MultiPolygon","coordinates":[[[[7.85807,48.95228],[7.84649,48.95461],[7.84295,48.95858],[7.8359,48.9605],[7.82442,48.96777],[7.82164,48.97204],[7.82212,48.97364],[7.82763,48.97023],[7.8525,48.96828],[7.85706,48.96391],[7.85807,48.95228]]]]}},{"type":"Feature","properties":{"code":"67272","nom":"Lochwiller","departement":"67","region":"44"},"geometry":{"type":"MultiPolygon","coordinates":[[[[7.42844,48.68659],[7.41471,48.69038],[7.4069,48.68874],[7.39864,48.68983],[7.39624,48.69336],[7.39592,48.69509],[7.39875,48.70196],[7.40227,48.70444],[7.4016,48.70505],[7.40328,48.70557],[7.40571,48.70446],[7.40793,48.7044],[7.43331,48.70674],[7.43479,48.70399],[7.43012,48.68866],[7.42844,48.68659]]]]}},{"type":"Feature","properties":{"code":"67273","nom":"Lohr","departement":"67","region":"44"},"geometry":{"type":"MultiPolygon","coordinates":[[[[7.24987,48.83404],[7.24571,48.83392],[7.24733,48.84253],[7.24501,48.84739],[7.23979,48.84988],[7.23412,48.84484],[7.23121,48.84016],[7.23024,48.84015],[7.22736,48.84086],[7.22564,48.84451],[7.22835,48.84831],[7.23396,48.85018],[7.23491,48.85059],[7.23362,48.85659],[7.23689,48.86159],[7.24169,48.86588],[7.24507,48.86765],[7.25431,48.86616],[7.26645,48.86513],[7.28244,48.86597],[7.29307,48.86454],[7.29751,48.86419],[7.30028,48.86035],[7.29643,48.85742],[7.29578,48.85511],[7.29326,48.84872],[7.28983,48.84628],[7.27721,48.84323],[7.26559,48.84933],[7.2544,48.84262],[7.25085,48.8345],[7.24987,48.83404]]]]}},{"type":"Feature","properties":{"code":"67274","nom":"Lorentzen","departement":"67","region":"44"},"geometry":{"type":"MultiPolygon","coordinates":[[[[7.21374,48.96074],[7.21051,48.95504],[7.18602,48.94777],[7.16667,48.94023],[7.16358,48.93803],[7.16088,48.93795],[7.15618,48.93839],[7.15617,48.94026],[7.15674,48.94193],[7.16456,48.94589],[7.16827,48.94935],[7.16621,48.95973],[7.16271,48.96389],[7.16443,48.9732],[7.16567,48.97528],[7.16772,48.97541],[7.17142,48.97384],[7.18063,48.96885],[7.18629,48.96813],[7.19603,48.96852],[7.19535,48.96761],[7.20106,48.96399],[7.20986,48.9612],[7.21374,48.96074]]]]}},{"type":"Feature","properties":{"code":"67276","nom":"Lutzelhouse","departement":"67","region":"44"},"geometry":{"type":"MultiPolygon","coordinates":[[[[7.26048,48.56096],[7.25719,48.55779],[7.25226,48.55504],[7.25272,48.55123],[7.25927,48.54204],[7.26401,48.53844],[7.27592,48.53246],[7.2833,48.52969],[7.29672,48.52822],[7.3006,48.52569],[7.30187,48.52299],[7.29089,48.517],[7.28126,48.51012],[7.27749,48.50828],[7.27505,48.50885],[7.27106,48.51185],[7.26585,48.51321],[7.24997,48.51577],[7.22966,48.51752],[7.22423,48.5231],[7.19563,48.5303],[7.18955,48.53304],[7.1871,48.53727],[7.18906,48.53975],[7.19228,48.54881],[7.20143,48.55279],[7.21326,48.55205],[7.21671,48.55243],[7.2192,48.5536],[7.22036,48.55551],[7.22122,48.55812],[7.22787,48.56262],[7.24091,48.57369],[7.24364,48.57396],[7.25596,48.57236],[7.26379,48.56652],[7.26048,48.56096]]]]}},{"type":"Feature","properties":{"code":"67277","nom":"Mackenheim","departement":"67","region":"44"},"geometry":{"type":"MultiPolygon","coordinates":[[[[7.63362,48.19624],[7.63696,48.19557],[7.62819,48.18228],[7.61148,48.16757],[7.60345,48.1729],[7.59484,48.17691],[7.59085,48.17693],[7.58258,48.17477],[7.56762,48.17293],[7.55493,48.17613],[7.53436,48.17931],[7.53417,48.18835],[7.53711,48.19306],[7.53868,48.19588],[7.55323,48.19326],[7.55461,48.19509],[7.56462,48.19062],[7.56339,48.18892],[7.571,48.18553],[7.57868,48.18339],[7.58291,48.18325],[7.58663,48.18338],[7.6008,48.18993],[7.61088,48.18989],[7.616,48.1886],[7.62191,48.18831],[7.63362,48.19624]]]]}},{"type":"Feature","properties":{"code":"67278","nom":"Mackwiller","departement":"67","region":"44"},"geometry":{"type":"MultiPolygon","coordinates":[[[[7.16667,48.94023],[7.16988,48.93618],[7.17701,48.93259],[7.1855,48.93011],[7.18844,48.93008],[7.19727,48.91501],[7.19153,48.91009],[7.18985,48.91],[7.18707,48.91084],[7.18481,48.91262],[7.18351,48.91555],[7.18152,48.91516],[7.16412,48.91103],[7.15676,48.9133],[7.14696,48.91779],[7.14469,48.9229],[7.13987,48.92553],[7.13791,48.92848],[7.14166,48.93417],[7.14862,48.93978],[7.15321,48.94074],[7.15617,48.94026],[7.15618,48.93839],[7.16088,48.93795],[7.16358,48.93803],[7.16667,48.94023]]]]}},{"type":"Feature","properties":{"code":"67279","nom":"Maennolsheim","departement":"67","region":"44"},"geometry":{"type":"MultiPolygon","coordinates":[[[[7.47137,48.7039],[7.48191,48.70306],[7.48847,48.69807],[7.48483,48.6892],[7.4839,48.69012],[7.47267,48.69334],[7.46293,48.69234],[7.45437,48.6951],[7.45047,48.69859],[7.46015,48.70264],[7.47137,48.7039]]]]}},{"type":"Feature","properties":{"code":"67280","nom":"Maisonsgoutte","departement":"67","region":"44"},"geometry":{"type":"MultiPolygon","coordinates":[[[[7.23135,48.35092],[7.23682,48.35051],[7.25044,48.35317],[7.25594,48.35868],[7.25719,48.36762],[7.25928,48.37042],[7.26191,48.36987],[7.27153,48.36432],[7.27672,48.35837],[7.27885,48.35431],[7.27764,48.35059],[7.2681,48.34827],[7.26314,48.34187],[7.26346,48.3406],[7.25735,48.34048],[7.2405,48.34506],[7.23135,48.35092]]]]}},{"type":"Feature","properties":{"code":"67281","nom":"Marckolsheim","departement":"67","region":"44"},"geometry":{"type":"MultiPolygon","coordinates":[[[[7.61148,48.16757],[7.60241,48.15975],[7.59949,48.15521],[7.59894,48.15148],[7.60054,48.14051],[7.5981,48.13476],[7.59274,48.13036],[7.58186,48.12576],[7.57742,48.12035],[7.55979,48.12139],[7.51969,48.12612],[7.51869,48.12835],[7.51557,48.13345],[7.51511,48.13907],[7.51826,48.14347],[7.52029,48.14944],[7.52722,48.16586],[7.52837,48.16955],[7.53436,48.17931],[7.55493,48.17613],[7.56762,48.17293],[7.58258,48.17477],[7.59085,48.17693],[7.59484,48.17691],[7.60345,48.1729],[7.61148,48.16757]]]]}},{"type":"Feature","properties":{"code":"67282","nom":"Marlenheim","departement":"67","region":"44"},"geometry":{"type":"MultiPolygon","coordinates":[[[[7.54659,48.62334],[7.54695,48.62025],[7.54037,48.60881],[7.5386,48.60291],[7.53671,48.6027],[7.52903,48.60176],[7.51795,48.59803],[7.50215,48.60654],[7.50318,48.61014],[7.49759,48.61223],[7.48851,48.61274],[7.48669,48.61081],[7.48199,48.60887],[7.47913,48.60856],[7.47859,48.61051],[7.47418,48.61959],[7.47158,48.62875],[7.4639,48.632],[7.45938,48.63193],[7.45707,48.63019],[7.45666,48.63127],[7.46756,48.63639],[7.4712,48.63905],[7.47321,48.64198],[7.48003,48.64088],[7.48333,48.63699],[7.49253,48.63106],[7.50944,48.62811],[7.52927,48.62961],[7.53257,48.62102],[7.54659,48.62334]]]]}},{"type":"Feature","properties":{"code":"67283","nom":"Marmoutier","departement":"67","region":"44"},"geometry":{"type":"MultiPolygon","coordinates":[[[[7.3395,48.67434],[7.33445,48.68372],[7.34657,48.69425],[7.35844,48.70034],[7.36101,48.70737],[7.36136,48.71498],[7.36653,48.71813],[7.36856,48.71958],[7.37325,48.71786],[7.37576,48.71547],[7.38129,48.71237],[7.39141,48.71282],[7.39263,48.71343],[7.39393,48.71409],[7.39751,48.71233],[7.4016,48.70505],[7.40227,48.70444],[7.39875,48.70196],[7.39592,48.69509],[7.39624,48.69336],[7.39271,48.69294],[7.3913,48.68083],[7.38912,48.67897],[7.38352,48.67929],[7.36823,48.67651],[7.36154,48.67956],[7.35545,48.67995],[7.34819,48.67738],[7.34116,48.67147],[7.33978,48.6711],[7.33938,48.67174],[7.3395,48.67434]]]]}},{"type":"Feature","properties":{"code":"67285","nom":"Matzenheim","departement":"67","region":"44"},"geometry":{"type":"MultiPolygon","coordinates":[[[[7.60622,48.39301],[7.6105,48.39969],[7.61056,48.40259],[7.61191,48.40434],[7.61583,48.40382],[7.63161,48.39715],[7.64465,48.38565],[7.64991,48.37947],[7.65252,48.37829],[7.65944,48.37752],[7.66636,48.37765],[7.67007,48.37627],[7.67154,48.37482],[7.65786,48.36756],[7.63834,48.37346],[7.63148,48.37633],[7.60622,48.39301]]]]}},{"type":"Feature","properties":{"code":"67286","nom":"Meistratzheim","departement":"67","region":"44"},"geometry":{"type":"MultiPolygon","coordinates":[[[[7.58936,48.44176],[7.58866,48.44143],[7.57357,48.44082],[7.56563,48.43904],[7.55769,48.43516],[7.55467,48.4347],[7.54338,48.43627],[7.53716,48.43819],[7.53251,48.44072],[7.53016,48.44367],[7.53136,48.44998],[7.5404,48.46272],[7.54372,48.47069],[7.54511,48.47317],[7.55245,48.4718],[7.55122,48.46643],[7.56299,48.46432],[7.57424,48.4646],[7.58823,48.47],[7.59174,48.46798],[7.5891,48.45621],[7.58968,48.45065],[7.59171,48.4467],[7.59303,48.44475],[7.58936,48.44176]]]]}},{"type":"Feature","properties":{"code":"67287","nom":"Melsheim","departement":"67","region":"44"},"geometry":{"type":"MultiPolygon","coordinates":[[[[7.53107,48.75462],[7.53044,48.75275],[7.53147,48.74729],[7.53353,48.74656],[7.53474,48.74393],[7.53329,48.74247],[7.529,48.74228],[7.52642,48.74355],[7.5212,48.75569],[7.5146,48.75806],[7.50393,48.75837],[7.49814,48.76097],[7.49414,48.76394],[7.49776,48.76751],[7.50034,48.76888],[7.50411,48.77879],[7.50444,48.77938],[7.51217,48.78043],[7.51356,48.78052],[7.52034,48.77344],[7.52383,48.76994],[7.53121,48.75763],[7.53107,48.75462]]]]}},{"type":"Feature","properties":{"code":"67288","nom":"Memmelshoffen","departement":"67","region":"44"},"geometry":{"type":"MultiPolygon","coordinates":[[[[7.86818,48.96729],[7.88497,48.96041],[7.87587,48.9523],[7.87188,48.95055],[7.8705,48.9509],[7.86732,48.95151],[7.86491,48.95299],[7.86196,48.95678],[7.86177,48.96294],[7.86818,48.96729]]]]}},{"type":"Feature","properties":{"code":"67289","nom":"Menchhoffen","departement":"67","region":"44"},"geometry":{"type":"MultiPolygon","coordinates":[[[[7.48327,48.86212],[7.48267,48.86357],[7.49158,48.87367],[7.50245,48.87877],[7.5053,48.87853],[7.51362,48.85853],[7.51367,48.85548],[7.51171,48.85654],[7.51004,48.85675],[7.50416,48.85179],[7.49513,48.85424],[7.48826,48.85465],[7.48508,48.85417],[7.48456,48.85613],[7.48327,48.86212]]]]}},{"type":"Feature","properties":{"code":"67290","nom":"Merkwiller-Pechelbronn","departement":"67","region":"44"},"geometry":{"type":"MultiPolygon","coordinates":[[[[7.83073,48.94269],[7.83647,48.94051],[7.83627,48.9309],[7.84242,48.91958],[7.83186,48.91651],[7.82159,48.91701],[7.81711,48.91872],[7.82081,48.92578],[7.8183,48.93076],[7.81953,48.93728],[7.82517,48.94198],[7.82925,48.94074],[7.83073,48.94269]]]]}},{"type":"Feature","properties":{"code":"67291","nom":"Mertzwiller","departement":"67","region":"44"},"geometry":{"type":"MultiPolygon","coordinates":[[[[7.66806,48.86501],[7.67352,48.86732],[7.66828,48.87939],[7.69554,48.88828],[7.69788,48.88961],[7.69707,48.89082],[7.69916,48.89129],[7.70661,48.88942],[7.70724,48.88827],[7.70502,48.88675],[7.69736,48.88504],[7.69118,48.88157],[7.68857,48.87691],[7.69212,48.87093],[7.70462,48.85846],[7.69627,48.85133],[7.69004,48.84939],[7.67953,48.85436],[7.66806,48.86501]]]]}},{"type":"Feature","properties":{"code":"67292","nom":"Mietesheim","departement":"67","region":"44"},"geometry":{"type":"MultiPolygon","coordinates":[[[[7.66256,48.88518],[7.66828,48.87939],[7.67352,48.86732],[7.66806,48.86501],[7.64052,48.86098],[7.63728,48.86704],[7.62349,48.86885],[7.62403,48.87329],[7.62895,48.8947],[7.62979,48.89501],[7.65003,48.88648],[7.65673,48.88516],[7.66256,48.88518]]]]}},{"type":"Feature","properties":{"code":"67293","nom":"Minversheim","departement":"67","region":"44"},"geometry":{"type":"MultiPolygon","coordinates":[[[[7.60639,48.78108],[7.61024,48.78177],[7.61408,48.79591],[7.61742,48.8001],[7.61718,48.802],[7.61941,48.80225],[7.625,48.80086],[7.63327,48.78949],[7.63555,48.78749],[7.6383,48.78821],[7.63985,48.78755],[7.63835,48.78612],[7.64134,48.78197],[7.64069,48.77769],[7.63871,48.77435],[7.63419,48.77087],[7.62602,48.76853],[7.62327,48.77108],[7.61404,48.77721],[7.6075,48.77944],[7.60639,48.78108]]]]}},{"type":"Feature","properties":{"code":"67295","nom":"Mittelbergheim","departement":"67","region":"44"},"geometry":{"type":"MultiPolygon","coordinates":[[[[7.42308,48.40076],[7.43508,48.40264],[7.45279,48.40175],[7.46278,48.39344],[7.46258,48.39084],[7.44912,48.38597],[7.43689,48.38662],[7.4362,48.38787],[7.43237,48.38998],[7.42308,48.40076]]]]}},{"type":"Feature","properties":{"code":"67296","nom":"Mittelhausbergen","departement":"67","region":"44"},"geometry":{"type":"MultiPolygon","coordinates":[[[[7.70557,48.60599],[7.70438,48.60493],[7.70295,48.60511],[7.68921,48.61042],[7.68315,48.61536],[7.68193,48.6178],[7.68334,48.61952],[7.68469,48.62004],[7.68599,48.6195],[7.68962,48.62171],[7.69871,48.61715],[7.70215,48.61633],[7.70186,48.61035],[7.70684,48.60769],[7.70557,48.60599]]]]}},{"type":"Feature","properties":{"code":"67299","nom":"Mollkirch","departement":"67","region":"44"},"geometry":{"type":"MultiPolygon","coordinates":[[[[7.33828,48.49276],[7.3345,48.50476],[7.33943,48.50676],[7.34191,48.50946],[7.34645,48.51775],[7.34645,48.52154],[7.34941,48.52159],[7.35753,48.5184],[7.36105,48.5178],[7.36382,48.51794],[7.36606,48.51914],[7.36862,48.51899],[7.37105,48.51975],[7.38221,48.52765],[7.3922,48.51543],[7.39244,48.50801],[7.39098,48.50079],[7.39141,48.49956],[7.39011,48.49991],[7.38911,48.49362],[7.38242,48.48916],[7.37883,48.48808],[7.3695,48.48815],[7.35549,48.49186],[7.33828,48.49276]]]]}},{"type":"Feature","properties":{"code":"67300","nom":"Molsheim","departement":"67","region":"44"},"geometry":{"type":"MultiPolygon","coordinates":[[[[7.48623,48.53035],[7.48217,48.52941],[7.47949,48.53296],[7.47914,48.53656],[7.47958,48.53775],[7.47853,48.53835],[7.48394,48.54113],[7.46354,48.55198],[7.46699,48.55218],[7.47455,48.55648],[7.47803,48.55506],[7.48328,48.55503],[7.48951,48.55728],[7.4932,48.55772],[7.50298,48.55694],[7.50386,48.55679],[7.50964,48.56198],[7.51587,48.56058],[7.51674,48.5564],[7.52222,48.55106],[7.52909,48.54724],[7.53401,48.54135],[7.53006,48.53846],[7.51539,48.53116],[7.49728,48.53056],[7.48623,48.53035]]]]}},{"type":"Feature","properties":{"code":"67301","nom":"Mommenheim","departement":"67","region":"44"},"geometry":{"type":"MultiPolygon","coordinates":[[[[7.66933,48.76543],[7.67208,48.75847],[7.67271,48.75379],[7.67129,48.75006],[7.66826,48.74739],[7.66858,48.74553],[7.66983,48.7449],[7.66852,48.74222],[7.66258,48.73643],[7.66092,48.73666],[7.65221,48.74409],[7.6464,48.74597],[7.63219,48.75319],[7.6251,48.75435],[7.62261,48.76075],[7.6221,48.76619],[7.62327,48.77108],[7.62602,48.76853],[7.63419,48.77087],[7.63843,48.76959],[7.64253,48.76549],[7.6512,48.76286],[7.66414,48.76882],[7.66657,48.76711],[7.66933,48.76543]]]]}},{"type":"Feature","properties":{"code":"67302","nom":"Monswiller","departement":"67","region":"44"},"geometry":{"type":"MultiPolygon","coordinates":[[[[7.36541,48.75594],[7.3636,48.75702],[7.37497,48.76201],[7.37556,48.76256],[7.37369,48.76507],[7.38663,48.76828],[7.391,48.7641],[7.38919,48.76073],[7.39276,48.75511],[7.40469,48.74424],[7.40743,48.74075],[7.39448,48.73971],[7.38532,48.74113],[7.37512,48.74957],[7.36541,48.75594]]]]}},{"type":"Feature","properties":{"code":"67303","nom":"Morsbronn-les-Bains","departement":"67","region":"44"},"geometry":{"type":"MultiPolygon","coordinates":[[[[7.75418,48.91327],[7.74971,48.91054],[7.74561,48.90004],[7.74591,48.89625],[7.73696,48.89401],[7.72621,48.88919],[7.7239,48.89113],[7.72612,48.89465],[7.7255,48.89981],[7.72026,48.90633],[7.71693,48.92034],[7.71728,48.92285],[7.72453,48.92389],[7.73186,48.92624],[7.74703,48.91738],[7.75161,48.91778],[7.75164,48.91503],[7.75418,48.91327]]]]}},{"type":"Feature","properties":{"code":"67304","nom":"Morschwiller","departement":"67","region":"44"},"geometry":{"type":"MultiPolygon","coordinates":[[[[7.61945,48.82514],[7.6188,48.82798],[7.61988,48.83442],[7.63529,48.8291],[7.63764,48.82947],[7.63754,48.82646],[7.64007,48.82333],[7.6454,48.81955],[7.64474,48.81351],[7.63052,48.80704],[7.62384,48.80564],[7.62031,48.8072],[7.61861,48.80626],[7.61646,48.80826],[7.61747,48.81386],[7.62024,48.817],[7.61945,48.82514]]]]}},{"type":"Feature","properties":{"code":"67305","nom":"Mothern","departement":"67","region":"44"},"geometry":{"type":"MultiPolygon","coordinates":[[[[8.13882,48.92865],[8.13647,48.9286],[8.12253,48.93592],[8.10689,48.94088],[8.11046,48.94437],[8.1139,48.94067],[8.11909,48.93901],[8.13294,48.94631],[8.14423,48.94862],[8.15367,48.95675],[8.15351,48.95837],[8.15366,48.9597],[8.1567,48.95953],[8.17865,48.94645],[8.18299,48.9462],[8.18726,48.94502],[8.17936,48.93454],[8.16881,48.92451],[8.1625,48.92506],[8.15962,48.92624],[8.14393,48.92904],[8.13882,48.92865]]]]}},{"type":"Feature","properties":{"code":"67306","nom":"Muhlbach-sur-Bruche","departement":"67","region":"44"},"geometry":{"type":"MultiPolygon","coordinates":[[[[7.28056,48.50754],[7.28126,48.51012],[7.29089,48.517],[7.30187,48.52299],[7.31788,48.52287],[7.32878,48.52141],[7.34564,48.52155],[7.34645,48.52154],[7.34645,48.51775],[7.34191,48.50946],[7.33943,48.50676],[7.3345,48.50476],[7.33294,48.50857],[7.32244,48.50999],[7.30359,48.50011],[7.29783,48.49858],[7.29167,48.49887],[7.29036,48.50098],[7.28056,48.50754]]]]}},{"type":"Feature","properties":{"code":"67307","nom":"Mulhausen","departement":"67","region":"44"},"geometry":{"type":"MultiPolygon","coordinates":[[[[7.53495,48.88366],[7.53543,48.88626],[7.55571,48.89484],[7.55272,48.89681],[7.57355,48.8942],[7.57676,48.8945],[7.57734,48.88978],[7.56725,48.88056],[7.55272,48.87674],[7.54493,48.87683],[7.53897,48.87988],[7.53495,48.88366]]]]}},{"type":"Feature","properties":{"code":"67308","nom":"Munchhausen","departement":"67","region":"44"},"geometry":{"type":"MultiPolygon","coordinates":[[[[8.16881,48.92451],[8.15507,48.91152],[8.14153,48.8961],[8.12399,48.91129],[8.1371,48.92243],[8.13723,48.92455],[8.1358,48.92526],[8.13882,48.92865],[8.14393,48.92904],[8.15962,48.92624],[8.1625,48.92506],[8.16881,48.92451]]]]}},{"type":"Feature","properties":{"code":"67309","nom":"Mundolsheim","departement":"67","region":"44"},"geometry":{"type":"MultiPolygon","coordinates":[[[[7.6924,48.63003],[7.69254,48.63187],[7.69999,48.63602],[7.7012,48.63826],[7.70104,48.64053],[7.69682,48.6405],[7.69612,48.64268],[7.69551,48.64372],[7.69946,48.64397],[7.70413,48.64814],[7.70432,48.64976],[7.70665,48.65087],[7.70881,48.65057],[7.70992,48.64789],[7.71427,48.64566],[7.72292,48.64641],[7.72464,48.64743],[7.72257,48.65463],[7.72709,48.65429],[7.73034,48.65226],[7.73154,48.64679],[7.73379,48.64337],[7.73572,48.64315],[7.73737,48.64045],[7.7355,48.64163],[7.72914,48.6396],[7.72777,48.6353],[7.72249,48.63399],[7.71968,48.63358],[7.71899,48.62642],[7.71576,48.62988],[7.71168,48.6311],[7.70362,48.63155],[7.69692,48.6287],[7.69374,48.62905],[7.6924,48.63003]]]]}},{"type":"Feature","properties":{"code":"67310","nom":"Mussig","departement":"67","region":"44"},"geometry":{"type":"MultiPolygon","coordinates":[[[[7.49795,48.21428],[7.49925,48.22129],[7.4957,48.2278],[7.50052,48.2428],[7.50677,48.25349],[7.50751,48.25394],[7.51711,48.25198],[7.52183,48.25001],[7.52268,48.24834],[7.52267,48.23623],[7.53507,48.22868],[7.55001,48.22285],[7.54729,48.2196],[7.53697,48.20535],[7.50246,48.21388],[7.49795,48.21428]]]]}},{"type":"Feature","properties":{"code":"67311","nom":"Muttersholtz","departement":"67","region":"44"},"geometry":{"type":"MultiPolygon","coordinates":[[[[7.5677,48.26826],[7.56542,48.26443],[7.56222,48.25338],[7.55599,48.25439],[7.52872,48.25431],[7.51769,48.25657],[7.50959,48.26071],[7.49458,48.26317],[7.50284,48.26808],[7.50502,48.27398],[7.51182,48.28353],[7.52582,48.28799],[7.53456,48.28904],[7.53687,48.28777],[7.53827,48.28544],[7.54113,48.28245],[7.55047,48.27617],[7.5677,48.26826]]]]}},{"type":"Feature","properties":{"code":"67312","nom":"Mutzenhouse","departement":"67","region":"44"},"geometry":{"type":"MultiPolygon","coordinates":[[[[7.60013,48.73979],[7.6002,48.7356],[7.59982,48.73479],[7.59824,48.73481],[7.5798,48.73399],[7.57724,48.73873],[7.57905,48.74115],[7.57991,48.74629],[7.59326,48.75033],[7.59752,48.74977],[7.5979,48.74326],[7.60013,48.73979]]]]}},{"type":"Feature","properties":{"code":"67313","nom":"Mutzig","departement":"67","region":"44"},"geometry":{"type":"MultiPolygon","coordinates":[[[[7.47949,48.53296],[7.48217,48.52941],[7.46731,48.53012],[7.46368,48.52944],[7.44945,48.52595],[7.44508,48.52328],[7.4349,48.51927],[7.432,48.51983],[7.43869,48.5337],[7.43422,48.53887],[7.44141,48.55005],[7.44507,48.55413],[7.4474,48.55615],[7.45488,48.55264],[7.45874,48.55312],[7.46166,48.55374],[7.46354,48.55198],[7.48394,48.54113],[7.47853,48.53835],[7.47958,48.53775],[7.47914,48.53656],[7.47949,48.53296]]]]}},{"type":"Feature","properties":{"code":"67314","nom":"Natzwiller","departement":"67","region":"44"},"geometry":{"type":"MultiPolygon","coordinates":[[[[7.2259,48.44904],[7.22187,48.45061],[7.21299,48.45634],[7.22709,48.45987],[7.24136,48.45942],[7.25002,48.45628],[7.255,48.45293],[7.26407,48.44914],[7.27694,48.45188],[7.27809,48.4529],[7.28494,48.44573],[7.28498,48.44568],[7.27904,48.44417],[7.27642,48.44088],[7.27717,48.4388],[7.27503,48.43705],[7.26726,48.43354],[7.2512,48.43729],[7.24119,48.4412],[7.23492,48.44507],[7.2259,48.44904]]]]}},{"type":"Feature","properties":{"code":"67315","nom":"Neewiller-près-Lauterbourg","departement":"67","region":"44"},"geometry":{"type":"MultiPolygon","coordinates":[[[[8.08771,48.9472],[8.09696,48.95709],[8.10805,48.96164],[8.11642,48.96311],[8.1277,48.95916],[8.15351,48.95837],[8.15367,48.95675],[8.14423,48.94862],[8.13294,48.94631],[8.11909,48.93901],[8.1139,48.94067],[8.11046,48.94437],[8.10689,48.94088],[8.08771,48.9472]]]]}},{"type":"Feature","properties":{"code":"67317","nom":"Neubois","departement":"67","region":"44"},"geometry":{"type":"MultiPolygon","coordinates":[[[[7.34255,48.2972],[7.33692,48.29609],[7.31856,48.28362],[7.30467,48.28826],[7.29339,48.29471],[7.29108,48.29388],[7.28249,48.29628],[7.28361,48.30847],[7.29908,48.32026],[7.30047,48.32049],[7.3039,48.31911],[7.30855,48.31306],[7.31205,48.30472],[7.31346,48.30316],[7.31657,48.30238],[7.32753,48.30966],[7.3412,48.31536],[7.34648,48.31912],[7.35427,48.31242],[7.35893,48.3072],[7.35435,48.30605],[7.34617,48.30106],[7.34255,48.2972]]]]}},{"type":"Feature","properties":{"code":"67319","nom":"Neuhaeusel","departement":"67","region":"44"},"geometry":{"type":"MultiPolygon","coordinates":[[[[8.08188,48.82808],[8.09634,48.82319],[8.0994,48.82409],[8.10096,48.82875],[8.10686,48.82844],[8.10547,48.82251],[8.10225,48.81681],[8.08705,48.80199],[8.08229,48.81138],[8.08328,48.82231],[8.08188,48.82808]]]]}},{"type":"Feature","properties":{"code":"67320","nom":"Neuve-Église","departement":"67","region":"44"},"geometry":{"type":"MultiPolygon","coordinates":[[[[7.33494,48.32503],[7.30855,48.31306],[7.3039,48.31911],[7.30047,48.32049],[7.29908,48.32026],[7.28361,48.30847],[7.29051,48.31691],[7.29524,48.33237],[7.30077,48.33512],[7.30269,48.33738],[7.30813,48.33858],[7.3164,48.33903],[7.31895,48.33785],[7.32006,48.33545],[7.32503,48.33224],[7.32727,48.33203],[7.33185,48.32617],[7.33494,48.32503]]]]}},{"type":"Feature","properties":{"code":"67321","nom":"Neuviller-la-Roche","departement":"67","region":"44"},"geometry":{"type":"MultiPolygon","coordinates":[[[[7.2352,48.42444],[7.2356,48.43375],[7.23012,48.4383],[7.22603,48.44442],[7.22508,48.44613],[7.2259,48.44904],[7.23492,48.44507],[7.24119,48.4412],[7.2512,48.43729],[7.26726,48.43354],[7.27503,48.43705],[7.27717,48.4388],[7.27642,48.44088],[7.27904,48.44417],[7.28498,48.44568],[7.29144,48.43702],[7.29411,48.43066],[7.29293,48.42735],[7.29593,48.42146],[7.28703,48.41952],[7.27484,48.41948],[7.26206,48.42216],[7.23981,48.42455],[7.23865,48.42407],[7.2385,48.42162],[7.2352,48.42444]]]]}},{"type":"Feature","properties":{"code":"67322","nom":"Neuwiller-lès-Saverne","departement":"67","region":"44"},"geometry":{"type":"MultiPolygon","coordinates":[[[[7.34473,48.7983],[7.34092,48.79773],[7.3249,48.79923],[7.31128,48.79996],[7.30992,48.79947],[7.30789,48.80027],[7.30314,48.80621],[7.30379,48.81866],[7.30709,48.83031],[7.31186,48.83969],[7.31416,48.84153],[7.31765,48.84298],[7.32435,48.84032],[7.33377,48.84384],[7.33889,48.8486],[7.35502,48.85072],[7.37535,48.85155],[7.37791,48.85021],[7.38502,48.84871],[7.42291,48.84425],[7.42837,48.84446],[7.43224,48.83755],[7.43969,48.82862],[7.44283,48.82598],[7.44171,48.82407],[7.44186,48.82053],[7.42085,48.81365],[7.41762,48.8165],[7.40954,48.81874],[7.39192,48.81314],[7.39011,48.81151],[7.39088,48.80911],[7.38894,48.80634],[7.38393,48.80347],[7.38125,48.80343],[7.37523,48.81573],[7.37733,48.83849],[7.37591,48.84124],[7.37227,48.84265],[7.35765,48.84384],[7.3544,48.83715],[7.34758,48.82916],[7.34116,48.82431],[7.33701,48.81985],[7.33642,48.81545],[7.33742,48.8133],[7.34616,48.80367],[7.34892,48.79917],[7.34473,48.7983]]]]}},{"type":"Feature","properties":{"code":"67324","nom":"Niederbronn-les-Bains","departement":"67","region":"44"},"geometry":{"type":"MultiPolygon","coordinates":[[[[7.69537,48.96661],[7.6963,48.96599],[7.69613,48.96035],[7.68771,48.95558],[7.67556,48.95555],[7.67083,48.95364],[7.66182,48.94544],[7.6518,48.93863],[7.64903,48.92857],[7.64436,48.92317],[7.63817,48.91888],[7.63325,48.91764],[7.63113,48.91779],[7.63563,48.92106],[7.63638,48.92667],[7.6282,48.94062],[7.62576,48.95423],[7.62457,48.95505],[7.61984,48.95346],[7.61214,48.95232],[7.60209,48.95533],[7.58403,48.96617],[7.58452,48.9668],[7.58213,48.97201],[7.58591,48.97859],[7.59251,48.98443],[7.59518,48.98538],[7.60766,48.98664],[7.63208,48.98602],[7.65928,48.97947],[7.66372,48.98215],[7.67142,48.99105],[7.67295,48.99105],[7.6801,48.98725],[7.68249,48.98315],[7.68225,48.98041],[7.68394,48.97612],[7.69355,48.97017],[7.69537,48.96661]]]]}},{"type":"Feature","properties":{"code":"67325","nom":"Niederhaslach","departement":"67","region":"44"},"geometry":{"type":"MultiPolygon","coordinates":[[[[7.32741,48.53713],[7.32831,48.53667],[7.33633,48.54121],[7.3505,48.55641],[7.35204,48.55582],[7.35751,48.54995],[7.36208,48.54974],[7.36645,48.53205],[7.36691,48.5207],[7.36606,48.51914],[7.36382,48.51794],[7.36105,48.5178],[7.35753,48.5184],[7.34941,48.52159],[7.34645,48.52154],[7.34564,48.52155],[7.34408,48.52921],[7.34239,48.53064],[7.33831,48.52923],[7.33171,48.53043],[7.32848,48.53253],[7.32741,48.53713]]]]}},{"type":"Feature","properties":{"code":"67326","nom":"Niederhausbergen","departement":"67","region":"44"},"geometry":{"type":"MultiPolygon","coordinates":[[[[7.68962,48.62171],[7.68858,48.62256],[7.68914,48.62548],[7.69113,48.62786],[7.69374,48.62905],[7.69692,48.6287],[7.70362,48.63155],[7.71168,48.6311],[7.71576,48.62988],[7.71899,48.62642],[7.72099,48.62309],[7.71759,48.62238],[7.71792,48.62001],[7.71807,48.61602],[7.71172,48.615],[7.70632,48.61524],[7.70215,48.61633],[7.69871,48.61715],[7.68962,48.62171]]]]}},{"type":"Feature","properties":{"code":"67327","nom":"Niederlauterbach","departement":"67","region":"44"},"geometry":{"type":"MultiPolygon","coordinates":[[[[8.08586,48.94764],[8.08637,48.94908],[8.08523,48.95247],[8.07875,48.95667],[8.08431,48.96497],[8.08507,48.97607],[8.09132,48.9893],[8.09688,48.98915],[8.12412,48.98497],[8.13159,48.9831],[8.1327,48.98117],[8.12769,48.97658],[8.1298,48.97514],[8.13386,48.96797],[8.1277,48.95916],[8.11642,48.96311],[8.10805,48.96164],[8.09696,48.95709],[8.08771,48.9472],[8.08586,48.94764]]]]}},{"type":"Feature","properties":{"code":"67328","nom":"Niedermodern","departement":"67","region":"44"},"geometry":{"type":"MultiPolygon","coordinates":[[[[7.65688,48.84665],[7.66078,48.84785],[7.65556,48.83929],[7.64373,48.83635],[7.63981,48.8301],[7.63764,48.82947],[7.63529,48.8291],[7.61988,48.83442],[7.6178,48.83538],[7.61341,48.83747],[7.61423,48.84106],[7.61901,48.84706],[7.61987,48.84851],[7.62295,48.84779],[7.63231,48.84768],[7.64817,48.84496],[7.65688,48.84665]]]]}},{"type":"Feature","properties":{"code":"67329","nom":"Niedernai","departement":"67","region":"44"},"geometry":{"type":"MultiPolygon","coordinates":[[[[7.50485,48.43528],[7.49425,48.43674],[7.49437,48.43758],[7.49602,48.44777],[7.49958,48.45216],[7.5078,48.45761],[7.50758,48.45892],[7.51622,48.45883],[7.53793,48.47114],[7.54372,48.47069],[7.5404,48.46272],[7.53136,48.44998],[7.53016,48.44367],[7.53251,48.44072],[7.53716,48.43819],[7.54338,48.43627],[7.55467,48.4347],[7.55769,48.43516],[7.56563,48.43904],[7.57357,48.44082],[7.58866,48.44143],[7.57929,48.43584],[7.57389,48.42909],[7.57206,48.42857],[7.5653,48.42652],[7.55344,48.43298],[7.53781,48.43535],[7.53213,48.43365],[7.522,48.43343],[7.51414,48.43494],[7.50485,48.43528]]]]}},{"type":"Feature","properties":{"code":"67330","nom":"Niederrœdern","departement":"67","region":"44"},"geometry":{"type":"MultiPolygon","coordinates":[[[[8.0312,48.9199],[8.03899,48.92247],[8.04123,48.92556],[8.04262,48.92586],[8.04813,48.92431],[8.05764,48.92017],[8.06249,48.91933],[8.06877,48.91942],[8.07532,48.92223],[8.08098,48.92226],[8.08223,48.91975],[8.07666,48.91661],[8.07327,48.9125],[8.07274,48.90849],[8.0736,48.90456],[8.06382,48.90392],[8.05814,48.90445],[8.04289,48.89735],[8.04077,48.90071],[8.04236,48.90147],[8.03858,48.90408],[8.02544,48.90653],[8.03005,48.90994],[8.03336,48.91495],[8.03351,48.91868],[8.0312,48.9199]]]]}},{"type":"Feature","properties":{"code":"67331","nom":"Niederschaeffolsheim","departement":"67","region":"44"},"geometry":{"type":"MultiPolygon","coordinates":[[[[7.75648,48.75915],[7.74804,48.76258],[7.72944,48.7654],[7.71963,48.76586],[7.71802,48.7691],[7.72255,48.77014],[7.72752,48.77462],[7.72815,48.77853],[7.72428,48.78061],[7.74842,48.78466],[7.75317,48.78462],[7.75529,48.78357],[7.76533,48.77431],[7.75998,48.76118],[7.75648,48.75915]]]]}},{"type":"Feature","properties":{"code":"67333","nom":"Niedersoultzbach","departement":"67","region":"44"},"geometry":{"type":"MultiPolygon","coordinates":[[[[7.48327,48.86212],[7.48456,48.85613],[7.48069,48.8547],[7.48564,48.84225],[7.47055,48.83871],[7.46312,48.83819],[7.46219,48.83894],[7.45858,48.84279],[7.45874,48.85193],[7.46057,48.85867],[7.46405,48.86001],[7.48208,48.86254],[7.48327,48.86212]]]]}},{"type":"Feature","properties":{"code":"67334","nom":"Niedersteinbach","departement":"67","region":"44"},"geometry":{"type":"MultiPolygon","coordinates":[[[[7.69763,49.04979],[7.69733,49.05192],[7.7156,49.05461],[7.73163,49.04904],[7.7323,49.04418],[7.73074,49.04325],[7.72803,49.03886],[7.72931,49.03203],[7.72637,49.02736],[7.72172,49.02323],[7.68884,49.02008],[7.68698,49.02053],[7.69965,49.02641],[7.70229,49.03037],[7.70196,49.03376],[7.69727,49.03435],[7.69884,49.04742],[7.69763,49.04979]]]]}},{"type":"Feature","properties":{"code":"67335","nom":"Nordheim","departement":"67","region":"44"},"geometry":{"type":"MultiPolygon","coordinates":[[[[7.47321,48.64198],[7.47858,48.6474],[7.4779,48.64906],[7.4811,48.65007],[7.48194,48.65235],[7.48331,48.65257],[7.48355,48.6513],[7.48837,48.65033],[7.49608,48.65121],[7.50687,48.64837],[7.51502,48.64484],[7.52562,48.63816],[7.52611,48.637],[7.52927,48.62961],[7.50944,48.62811],[7.49253,48.63106],[7.48333,48.63699],[7.48003,48.64088],[7.47321,48.64198]]]]}},{"type":"Feature","properties":{"code":"67336","nom":"Nordhouse","departement":"67","region":"44"},"geometry":{"type":"MultiPolygon","coordinates":[[[[7.74004,48.43885],[7.72196,48.44181],[7.71553,48.44157],[7.71258,48.43258],[7.70851,48.43177],[7.70641,48.43203],[7.69835,48.4365],[7.69251,48.44062],[7.68286,48.43889],[7.67675,48.43871],[7.67282,48.44371],[7.66687,48.44389],[7.65251,48.44457],[7.63649,48.44295],[7.63448,48.44373],[7.63559,48.44535],[7.64663,48.45175],[7.65268,48.45791],[7.64945,48.45885],[7.65335,48.46285],[7.65874,48.46119],[7.66327,48.45954],[7.67932,48.4575],[7.68745,48.45505],[7.69246,48.45135],[7.69515,48.45093],[7.699,48.45018],[7.71926,48.44917],[7.73494,48.44472],[7.73959,48.44065],[7.74004,48.43885]]]]}},{"type":"Feature","properties":{"code":"67337","nom":"Nothalten","departement":"67","region":"44"},"geometry":{"type":"MultiPolygon","coordinates":[[[[7.41995,48.36372],[7.41927,48.36096],[7.42882,48.356],[7.43972,48.34655],[7.43663,48.34767],[7.42623,48.3486],[7.42142,48.34817],[7.40869,48.34927],[7.39534,48.35164],[7.39094,48.35155],[7.40195,48.36207],[7.41439,48.36482],[7.41667,48.36385],[7.41995,48.36372]]]]}},{"type":"Feature","properties":{"code":"67338","nom":"Obenheim","departement":"67","region":"44"},"geometry":{"type":"MultiPolygon","coordinates":[[[[7.70361,48.35015],[7.69603,48.34822],[7.68385,48.34839],[7.66604,48.34539],[7.66491,48.34406],[7.6627,48.34358],[7.65624,48.34267],[7.65293,48.34317],[7.65687,48.35153],[7.65744,48.35527],[7.66428,48.3572],[7.66929,48.36318],[7.67713,48.3686],[7.68377,48.37007],[7.6928,48.36935],[7.70384,48.36301],[7.71454,48.36112],[7.71159,48.35353],[7.70868,48.35362],[7.70361,48.35015]]]]}},{"type":"Feature","properties":{"code":"67339","nom":"Betschdorf","departement":"67","region":"44"},"geometry":{"type":"MultiPolygon","coordinates":[[[[7.86832,48.91899],[7.88312,48.92199],[7.88937,48.92411],[7.89739,48.9211],[7.90139,48.91732],[7.90348,48.91708],[7.90707,48.91746],[7.91242,48.91578],[7.91469,48.91755],[7.91635,48.92163],[7.91821,48.92235],[7.92048,48.92265],[7.92689,48.92111],[7.93337,48.91493],[7.93628,48.9139],[7.9316,48.90592],[7.93155,48.90575],[7.93296,48.89449],[7.93866,48.88984],[7.94327,48.88783],[7.9546,48.89041],[8.00259,48.86989],[8.00944,48.86572],[8.01187,48.86329],[8.00995,48.86253],[8.0016,48.86411],[7.98814,48.86473],[7.97182,48.86351],[7.95941,48.86546],[7.95305,48.86579],[7.94451,48.86908],[7.91775,48.88307],[7.90175,48.89037],[7.89098,48.8924],[7.88689,48.8922],[7.87738,48.89153],[7.8589,48.89415],[7.85963,48.89795],[7.86295,48.90383],[7.86794,48.90631],[7.87444,48.91217],[7.87563,48.91366],[7.86821,48.91794],[7.86832,48.91899]]]]}},{"type":"Feature","properties":{"code":"67340","nom":"Oberbronn","departement":"67","region":"44"},"geometry":{"type":"MultiPolygon","coordinates":[[[[7.58403,48.96617],[7.60209,48.95533],[7.61214,48.95232],[7.61984,48.95346],[7.62457,48.95505],[7.62576,48.95423],[7.6282,48.94062],[7.63638,48.92667],[7.63563,48.92106],[7.63113,48.91779],[7.62931,48.91929],[7.6263,48.91976],[7.61696,48.91555],[7.61449,48.91225],[7.61538,48.90963],[7.61401,48.90872],[7.61274,48.909],[7.59335,48.91903],[7.56681,48.92901],[7.55951,48.93381],[7.55684,48.93632],[7.55356,48.93851],[7.55154,48.94116],[7.5522,48.94245],[7.57143,48.95429],[7.57805,48.95726],[7.58002,48.96159],[7.5821,48.96516],[7.58403,48.96617]]]]}},{"type":"Feature","properties":{"code":"67341","nom":"Oberdorf-Spachbach","departement":"67","region":"44"},"geometry":{"type":"MultiPolygon","coordinates":[[[[7.75383,48.92302],[7.75205,48.93087],[7.7739,48.93327],[7.77584,48.93285],[7.78924,48.92464],[7.79004,48.92336],[7.75383,48.92302]]]]}},{"type":"Feature","properties":{"code":"67342","nom":"Oberhaslach","departement":"67","region":"44"},"geometry":{"type":"MultiPolygon","coordinates":[[[[7.32741,48.53713],[7.31633,48.54314],[7.27789,48.55587],[7.27088,48.55546],[7.26501,48.55692],[7.26199,48.55836],[7.26048,48.56096],[7.26379,48.56652],[7.25596,48.57236],[7.24364,48.57396],[7.24091,48.57369],[7.2559,48.58879],[7.26564,48.59209],[7.28327,48.59402],[7.29651,48.59397],[7.31485,48.59044],[7.31182,48.5865],[7.31131,48.58115],[7.31803,48.57281],[7.32827,48.56419],[7.33845,48.55878],[7.34332,48.5593],[7.3505,48.55641],[7.33633,48.54121],[7.32831,48.53667],[7.32741,48.53713]]]]}},{"type":"Feature","properties":{"code":"67343","nom":"Oberhausbergen","departement":"67","region":"44"},"geometry":{"type":"MultiPolygon","coordinates":[[[[7.68334,48.61952],[7.68193,48.6178],[7.68315,48.61536],[7.68921,48.61042],[7.70295,48.60511],[7.70438,48.60493],[7.70557,48.60599],[7.70881,48.60417],[7.70742,48.60294],[7.70433,48.60125],[7.70043,48.6032],[7.69746,48.60104],[7.69698,48.60122],[7.68812,48.59947],[7.68825,48.59811],[7.68466,48.59724],[7.67537,48.59722],[7.67327,48.59802],[7.67378,48.59909],[7.67112,48.60858],[7.667,48.60883],[7.66671,48.61234],[7.67079,48.61445],[7.67736,48.62042],[7.67932,48.62121],[7.68253,48.62022],[7.68334,48.61952]]]]}},{"type":"Feature","properties":{"code":"67344","nom":"Oberhoffen-lès-Wissembourg","departement":"67","region":"44"},"geometry":{"type":"MultiPolygon","coordinates":[[[[7.92369,49.02648],[7.93065,49.02272],[7.92799,49.02141],[7.91908,49.0062],[7.90579,48.9935],[7.90227,48.99579],[7.90008,49.00411],[7.90408,49.00575],[7.90662,49.01046],[7.92369,49.02648]]]]}},{"type":"Feature","properties":{"code":"67345","nom":"Oberhoffen-sur-Moder","departement":"67","region":"44"},"geometry":{"type":"MultiPolygon","coordinates":[[[[7.90478,48.76068],[7.9002,48.75889],[7.88816,48.76178],[7.87615,48.76638],[7.8681,48.77079],[7.86303,48.77893],[7.85511,48.78342],[7.84598,48.78843],[7.84357,48.79092],[7.84621,48.79212],[7.8499,48.79317],[7.8802,48.79692],[7.89136,48.79818],[7.89341,48.79761],[7.90893,48.78681],[7.92619,48.77966],[7.92401,48.77708],[7.91312,48.76998],[7.90478,48.76068]]]]}},{"type":"Feature","properties":{"code":"67346","nom":"Oberlauterbach","departement":"67","region":"44"},"geometry":{"type":"MultiPolygon","coordinates":[[[[8.0662,48.95856],[8.07293,48.95494],[8.07704,48.95462],[8.07875,48.95667],[8.08523,48.95247],[8.08637,48.94908],[8.08586,48.94764],[8.08474,48.94771],[8.08198,48.94157],[8.08136,48.93744],[8.07469,48.93724],[8.04653,48.93174],[8.05005,48.93877],[8.0498,48.94137],[8.04801,48.94235],[8.04357,48.94261],[8.05079,48.9469],[8.0662,48.95856]]]]}},{"type":"Feature","properties":{"code":"67347","nom":"Obermodern-Zutzendorf","departement":"67","region":"44"},"geometry":{"type":"MultiPolygon","coordinates":[[[[7.55104,48.82515],[7.54539,48.82558],[7.54391,48.82706],[7.54235,48.82722],[7.54266,48.82806],[7.53882,48.83254],[7.53671,48.83269],[7.52913,48.82943],[7.51956,48.828],[7.51011,48.82938],[7.50795,48.83447],[7.51223,48.83496],[7.5135,48.83859],[7.50902,48.84625],[7.50416,48.85179],[7.51004,48.85675],[7.51171,48.85654],[7.50995,48.85527],[7.523,48.8519],[7.53082,48.85197],[7.53381,48.86405],[7.54316,48.87139],[7.54482,48.87177],[7.54847,48.86757],[7.55228,48.86527],[7.57309,48.86097],[7.57871,48.85226],[7.58044,48.85004],[7.58031,48.84818],[7.57728,48.84832],[7.56204,48.84692],[7.54928,48.83696],[7.54711,48.82746],[7.55104,48.82515]]]]}},{"type":"Feature","properties":{"code":"67348","nom":"Obernai","departement":"67","region":"44"},"geometry":{"type":"MultiPolygon","coordinates":[[[[7.5078,48.45761],[7.49958,48.45216],[7.49602,48.44777],[7.49437,48.43758],[7.48679,48.43732],[7.47164,48.43493],[7.46367,48.43059],[7.46104,48.43006],[7.43614,48.42423],[7.43273,48.42515],[7.42361,48.43249],[7.41778,48.43466],[7.41779,48.43562],[7.42299,48.44112],[7.43293,48.44235],[7.44128,48.44257],[7.45187,48.43686],[7.45769,48.43656],[7.4713,48.43848],[7.4734,48.44134],[7.47241,48.44581],[7.46802,48.44944],[7.46881,48.45403],[7.46961,48.45549],[7.46504,48.45924],[7.44932,48.45603],[7.44123,48.4534],[7.44197,48.45532],[7.43919,48.46096],[7.43387,48.46077],[7.43087,48.46296],[7.43128,48.46538],[7.44155,48.46936],[7.44676,48.47367],[7.45488,48.47681],[7.45581,48.47771],[7.45944,48.47657],[7.46896,48.47643],[7.47759,48.47771],[7.48857,48.48049],[7.51245,48.48233],[7.53692,48.48185],[7.5393,48.4807],[7.54411,48.47703],[7.54566,48.47489],[7.54511,48.47317],[7.54372,48.47069],[7.53793,48.47114],[7.51622,48.45883],[7.50758,48.45892],[7.5078,48.45761]]]]}},{"type":"Feature","properties":{"code":"67349","nom":"Oberrœdern","departement":"67","region":"44"},"geometry":{"type":"MultiPolygon","coordinates":[[[[7.99004,48.93092],[7.98938,48.92771],[7.98083,48.91316],[7.97115,48.91539],[7.96105,48.92054],[7.95896,48.92108],[7.95102,48.92593],[7.95133,48.93207],[7.96347,48.94028],[7.96379,48.94187],[7.97773,48.93455],[7.98798,48.9327],[7.99004,48.93092]]]]}},{"type":"Feature","properties":{"code":"67350","nom":"Oberschaeffolsheim","departement":"67","region":"44"},"geometry":{"type":"MultiPolygon","coordinates":[[[[7.65178,48.56693],[7.65058,48.56686],[7.64953,48.56794],[7.64797,48.56953],[7.64347,48.56806],[7.64279,48.56907],[7.63243,48.59409],[7.62967,48.59822],[7.63088,48.59861],[7.63277,48.60213],[7.63303,48.60808],[7.63508,48.6094],[7.64346,48.61248],[7.64939,48.61228],[7.6539,48.61072],[7.66671,48.61234],[7.667,48.60883],[7.65943,48.60666],[7.65494,48.60364],[7.65354,48.60009],[7.65858,48.58136],[7.65882,48.57154],[7.65768,48.56847],[7.65178,48.56693]]]]}},{"type":"Feature","properties":{"code":"67351","nom":"Seebach","departement":"67","region":"44"},"geometry":{"type":"MultiPolygon","coordinates":[[[[8.00353,48.94041],[7.99968,48.94582],[7.98266,48.94656],[7.97699,48.9521],[7.96185,48.94965],[7.96213,48.95291],[7.9602,48.96231],[7.95254,48.96625],[7.95232,48.96824],[7.96213,48.98013],[7.96852,48.98081],[7.9679,48.9801],[7.97143,48.97925],[7.99087,48.97931],[8.00012,48.98015],[8.00298,48.98227],[8.00637,48.98673],[8.011,48.98465],[8.01473,48.98181],[8.02548,48.97286],[8.02656,48.97106],[8.02345,48.96488],[8.02367,48.95799],[8.01079,48.95778],[8.01108,48.95747],[8.01766,48.94778],[8.01465,48.94339],[8.00353,48.94041]]]]}},{"type":"Feature","properties":{"code":"67352","nom":"Obersoultzbach","departement":"67","region":"44"},"geometry":{"type":"MultiPolygon","coordinates":[[[[7.43273,48.86114],[7.43554,48.86217],[7.4588,48.86581],[7.46405,48.86001],[7.46057,48.85867],[7.45874,48.85193],[7.45858,48.84279],[7.46219,48.83894],[7.45753,48.83698],[7.45297,48.83648],[7.43175,48.84326],[7.43248,48.84667],[7.42961,48.85779],[7.42987,48.85927],[7.43273,48.86114]]]]}},{"type":"Feature","properties":{"code":"67353","nom":"Obersteinbach","departement":"67","region":"44"},"geometry":{"type":"MultiPolygon","coordinates":[[[[7.68698,49.02053],[7.68375,49.02025],[7.67781,49.0227],[7.67015,49.02344],[7.66755,49.02551],[7.66767,49.03155],[7.67021,49.03755],[7.66475,49.04262],[7.65178,49.04202],[7.64355,49.03994],[7.62683,49.03351],[7.62636,49.03392],[7.62733,49.03599],[7.64003,49.04912],[7.6354,49.05405],[7.67671,49.04539],[7.69763,49.04979],[7.69884,49.04742],[7.69727,49.03435],[7.70196,49.03376],[7.70229,49.03037],[7.69965,49.02641],[7.68698,49.02053]]]]}},{"type":"Feature","properties":{"code":"67354","nom":"Odratzheim","departement":"67","region":"44"},"geometry":{"type":"MultiPolygon","coordinates":[[[[7.46961,48.60183],[7.46918,48.6036],[7.48018,48.60474],[7.48487,48.60449],[7.49268,48.60312],[7.50667,48.59905],[7.51467,48.59953],[7.51614,48.59729],[7.51199,48.5963],[7.49694,48.59584],[7.48831,48.59695],[7.4866,48.598],[7.46961,48.60183]]]]}},{"type":"Feature","properties":{"code":"67355","nom":"Oermingen","departement":"67","region":"44"},"geometry":{"type":"MultiPolygon","coordinates":[[[[7.12191,49.02332],[7.12583,49.0059],[7.13017,49.0046],[7.16136,49.00629],[7.16067,49.00404],[7.16151,49.0024],[7.15894,48.99338],[7.14219,48.98979],[7.10693,48.97698],[7.10274,48.97648],[7.09843,48.97782],[7.08799,48.99158],[7.08978,49.00012],[7.09631,49.0057],[7.10351,49.01518],[7.11021,49.01935],[7.12075,49.02358],[7.12191,49.02332]]]]}},{"type":"Feature","properties":{"code":"67356","nom":"Offendorf","departement":"67","region":"44"},"geometry":{"type":"MultiPolygon","coordinates":[[[[7.87056,48.71691],[7.87772,48.71601],[7.8987,48.71582],[7.90665,48.71813],[7.92329,48.72043],[7.9421,48.7324],[7.95042,48.73496],[7.95606,48.73845],[7.95994,48.73836],[7.96774,48.7301],[7.96661,48.72579],[7.96367,48.72192],[7.92493,48.69043],[7.91046,48.70467],[7.90585,48.70607],[7.89529,48.70768],[7.87581,48.70891],[7.87111,48.71141],[7.86791,48.71455],[7.86948,48.7149],[7.87056,48.71691]]]]}},{"type":"Feature","properties":{"code":"67358","nom":"Offwiller","departement":"67","region":"44"},"geometry":{"type":"MultiPolygon","coordinates":[[[[7.51336,48.92376],[7.50453,48.92781],[7.50252,48.9307],[7.51231,48.94063],[7.5132,48.94331],[7.52293,48.9435],[7.53125,48.93657],[7.53385,48.93302],[7.53643,48.93237],[7.55684,48.93632],[7.55951,48.93381],[7.55699,48.93361],[7.54838,48.92458],[7.5481,48.92319],[7.54971,48.92157],[7.55999,48.91707],[7.57292,48.91407],[7.57862,48.90238],[7.58157,48.89745],[7.57676,48.8945],[7.57355,48.8942],[7.55272,48.89681],[7.55036,48.89491],[7.5435,48.89256],[7.53906,48.89533],[7.53759,48.89788],[7.53877,48.89849],[7.53717,48.90194],[7.53019,48.90845],[7.51567,48.91941],[7.51336,48.92376]]]]}},{"type":"Feature","properties":{"code":"67359","nom":"Ohlungen","departement":"67","region":"44"},"geometry":{"type":"MultiPolygon","coordinates":[[[[7.71759,48.80645],[7.70855,48.80452],[7.70649,48.80432],[7.70445,48.80506],[7.69546,48.80157],[7.69235,48.80053],[7.66188,48.79632],[7.66097,48.79873],[7.65685,48.79869],[7.65565,48.80096],[7.66439,48.80249],[7.6689,48.80404],[7.67848,48.80926],[7.6846,48.82005],[7.69046,48.82527],[7.69774,48.82778],[7.70971,48.83041],[7.71271,48.83275],[7.71739,48.83146],[7.71454,48.81926],[7.71562,48.81549],[7.71927,48.81323],[7.71856,48.80698],[7.71759,48.80645]]]]}},{"type":"Feature","properties":{"code":"67360","nom":"Ohnenheim","departement":"67","region":"44"},"geometry":{"type":"MultiPolygon","coordinates":[[[[7.4766,48.20367],[7.48095,48.20851],[7.5084,48.19548],[7.52371,48.19234],[7.52712,48.19231],[7.53091,48.19306],[7.53269,48.19651],[7.53711,48.19306],[7.53417,48.18835],[7.53436,48.17931],[7.52837,48.16955],[7.52722,48.16586],[7.51867,48.16823],[7.50756,48.17418],[7.47287,48.18184],[7.472,48.19092],[7.47314,48.19782],[7.4766,48.20367]]]]}},{"type":"Feature","properties":{"code":"67361","nom":"Olwisheim","departement":"67","region":"44"},"geometry":{"type":"MultiPolygon","coordinates":[[[[7.66341,48.70108],[7.6638,48.70528],[7.67681,48.70947],[7.68169,48.70487],[7.69061,48.69852],[7.69147,48.69666],[7.66859,48.68635],[7.66634,48.68645],[7.66469,48.68869],[7.66194,48.68946],[7.66148,48.69393],[7.66341,48.70108]]]]}},{"type":"Feature","properties":{"code":"67362","nom":"Orschwiller","departement":"67","region":"44"},"geometry":{"type":"MultiPolygon","coordinates":[[[[7.41439,48.22501],[7.4117,48.22388],[7.40984,48.224],[7.39782,48.23249],[7.3903,48.23551],[7.34826,48.24739],[7.32862,48.24541],[7.32093,48.24755],[7.31099,48.25452],[7.31449,48.26365],[7.32009,48.2612],[7.33172,48.26989],[7.32677,48.25596],[7.32845,48.25265],[7.3308,48.25273],[7.33408,48.25424],[7.34417,48.25377],[7.36964,48.24643],[7.38347,48.24337],[7.39275,48.24392],[7.39597,48.24311],[7.40203,48.23474],[7.40602,48.23367],[7.4058,48.23142],[7.40702,48.23024],[7.41177,48.2289],[7.41524,48.22612],[7.41439,48.22501]]]]}},{"type":"Feature","properties":{"code":"67363","nom":"Osthoffen","departement":"67","region":"44"},"geometry":{"type":"MultiPolygon","coordinates":[[[[7.53947,48.59665],[7.55102,48.60074],[7.56518,48.60181],[7.56892,48.59533],[7.57204,48.59278],[7.58533,48.58855],[7.58681,48.58885],[7.58716,48.58816],[7.58736,48.5851],[7.58388,48.58061],[7.57555,48.58184],[7.55844,48.5828],[7.55832,48.58231],[7.54443,48.58457],[7.53784,48.59509],[7.53802,48.59634],[7.53947,48.59665]]]]}},{"type":"Feature","properties":{"code":"67364","nom":"Osthouse","departement":"67","region":"44"},"geometry":{"type":"MultiPolygon","coordinates":[[[[7.64519,48.40728],[7.68244,48.39169],[7.67819,48.38245],[7.67154,48.37482],[7.67007,48.37627],[7.66636,48.37765],[7.65944,48.37752],[7.65252,48.37829],[7.64991,48.37947],[7.64465,48.38565],[7.63161,48.39715],[7.61583,48.40382],[7.61191,48.40434],[7.61893,48.41017],[7.62327,48.40811],[7.62761,48.41168],[7.62688,48.41209],[7.62918,48.41428],[7.64519,48.40728]]]]}},{"type":"Feature","properties":{"code":"67365","nom":"Ostwald","departement":"67","region":"44"},"geometry":{"type":"MultiPolygon","coordinates":[[[[7.71756,48.54459],[7.71816,48.53999],[7.7149,48.53491],[7.71358,48.53454],[7.70774,48.53297],[7.6989,48.5341],[7.69601,48.53351],[7.69195,48.53316],[7.68891,48.53387],[7.68726,48.53943],[7.68801,48.54661],[7.68932,48.54862],[7.69311,48.54969],[7.69304,48.55103],[7.69363,48.55591],[7.69983,48.55643],[7.70439,48.55769],[7.70802,48.55827],[7.71197,48.5589],[7.71621,48.55969],[7.71638,48.56033],[7.71399,48.56182],[7.71448,48.5622],[7.72099,48.56238],[7.72582,48.56161],[7.73064,48.55814],[7.73166,48.5544],[7.73023,48.55117],[7.72789,48.54916],[7.72487,48.54818],[7.71856,48.55005],[7.71502,48.55],[7.71235,48.54833],[7.71363,48.54607],[7.71756,48.54459]]]]}},{"type":"Feature","properties":{"code":"67366","nom":"Ottersthal","departement":"67","region":"44"},"geometry":{"type":"MultiPolygon","coordinates":[[[[7.3199,48.7654],[7.32986,48.76662],[7.33922,48.76569],[7.34735,48.76077],[7.35321,48.75887],[7.3636,48.75702],[7.36541,48.75594],[7.36285,48.75653],[7.36263,48.75584],[7.3466,48.75125],[7.34313,48.75095],[7.34273,48.75171],[7.33558,48.75338],[7.33064,48.75537],[7.32557,48.76125],[7.3199,48.7654]]]]}},{"type":"Feature","properties":{"code":"67367","nom":"Otterswiller","departement":"67","region":"44"},"geometry":{"type":"MultiPolygon","coordinates":[[[[7.39516,48.7269],[7.39126,48.71439],[7.39263,48.71343],[7.39141,48.71282],[7.38129,48.71237],[7.37576,48.71547],[7.37325,48.71786],[7.36856,48.71958],[7.36653,48.71813],[7.36144,48.72361],[7.36266,48.72831],[7.3662,48.72777],[7.37145,48.73063],[7.37378,48.73106],[7.38497,48.72971],[7.39516,48.7269]]]]}},{"type":"Feature","properties":{"code":"67368","nom":"Ottrott","departement":"67","region":"44"},"geometry":{"type":"MultiPolygon","coordinates":[[[[7.31639,48.42835],[7.30161,48.42656],[7.29593,48.42146],[7.29293,48.42735],[7.29411,48.43066],[7.29144,48.43702],[7.28498,48.44568],[7.28494,48.44573],[7.30103,48.44823],[7.32351,48.44935],[7.33467,48.44507],[7.33988,48.44464],[7.37192,48.45588],[7.38311,48.45853],[7.39882,48.4664],[7.40654,48.46851],[7.41104,48.46871],[7.41594,48.46744],[7.43128,48.46538],[7.43087,48.46296],[7.43387,48.46077],[7.43919,48.46096],[7.44197,48.45532],[7.44123,48.4534],[7.43644,48.4534],[7.42928,48.44947],[7.40535,48.44372],[7.40126,48.44199],[7.40584,48.43372],[7.39968,48.42489],[7.3886,48.42393],[7.36994,48.42675],[7.32157,48.42897],[7.31639,48.42835]]]]}},{"type":"Feature","properties":{"code":"67369","nom":"Ottwiller","departement":"67","region":"44"},"geometry":{"type":"MultiPolygon","coordinates":[[[[7.25431,48.86616],[7.24507,48.86765],[7.24169,48.86588],[7.23689,48.86159],[7.23362,48.85659],[7.23491,48.85059],[7.23396,48.85018],[7.23284,48.85156],[7.22063,48.85376],[7.21324,48.8534],[7.20841,48.86216],[7.21178,48.86478],[7.21516,48.87034],[7.24086,48.87662],[7.24124,48.87471],[7.25087,48.8697],[7.25431,48.86616]]]]}},{"type":"Feature","properties":{"code":"67370","nom":"Petersbach","departement":"67","region":"44"},"geometry":{"type":"MultiPolygon","coordinates":[[[[7.24086,48.87662],[7.24131,48.87843],[7.24932,48.88825],[7.25055,48.8884],[7.27033,48.88747],[7.28733,48.89134],[7.29197,48.88397],[7.29545,48.87329],[7.29307,48.86454],[7.28244,48.86597],[7.26645,48.86513],[7.25431,48.86616],[7.25087,48.8697],[7.24124,48.87471],[7.24086,48.87662]]]]}},{"type":"Feature","properties":{"code":"67371","nom":"La Petite-Pierre","departement":"67","region":"44"},"geometry":{"type":"MultiPolygon","coordinates":[[[[7.31416,48.84153],[7.3065,48.85029],[7.2991,48.85475],[7.29578,48.85511],[7.29643,48.85742],[7.30028,48.86035],[7.29751,48.86419],[7.29307,48.86454],[7.29545,48.87329],[7.29197,48.88397],[7.28733,48.89134],[7.28906,48.89357],[7.29782,48.89172],[7.31123,48.89394],[7.31472,48.89356],[7.32609,48.88938],[7.32655,48.88082],[7.32202,48.87445],[7.32239,48.86954],[7.33086,48.86931],[7.34098,48.87188],[7.34931,48.87281],[7.36347,48.87185],[7.36474,48.87153],[7.36502,48.87047],[7.37032,48.86924],[7.38216,48.86875],[7.3699,48.86181],[7.37426,48.85223],[7.37535,48.85155],[7.35502,48.85072],[7.33889,48.8486],[7.33377,48.84384],[7.32435,48.84032],[7.31765,48.84298],[7.31416,48.84153]]]]}},{"type":"Feature","properties":{"code":"67372","nom":"Val-de-Moder","departement":"67","region":"44"},"geometry":{"type":"MultiPolygon","coordinates":[[[[7.63803,48.85708],[7.64189,48.8501],[7.64483,48.84775],[7.65688,48.84665],[7.64817,48.84496],[7.63231,48.84768],[7.62295,48.84779],[7.61987,48.84851],[7.61901,48.84706],[7.61423,48.84106],[7.61341,48.83747],[7.6178,48.83538],[7.61988,48.83442],[7.6188,48.82798],[7.61945,48.82514],[7.61495,48.82496],[7.59905,48.82011],[7.59123,48.82934],[7.59178,48.83321],[7.58693,48.83303],[7.58678,48.8435],[7.58418,48.84643],[7.58031,48.84818],[7.58044,48.85004],[7.57871,48.85226],[7.60226,48.84845],[7.60383,48.84963],[7.60747,48.8518],[7.61038,48.85562],[7.61043,48.85766],[7.61841,48.85418],[7.6285,48.85577],[7.63685,48.85636],[7.63803,48.85708]]]]}},{"type":"Feature","properties":{"code":"67373","nom":"Pfalzweyer","departement":"67","region":"44"},"geometry":{"type":"MultiPolygon","coordinates":[[[[7.26296,48.81854],[7.26244,48.81423],[7.27014,48.8025],[7.26096,48.79735],[7.25453,48.80512],[7.2455,48.81027],[7.25152,48.81557],[7.26296,48.81854]]]]}},{"type":"Feature","properties":{"code":"67375","nom":"Pfulgriesheim","departement":"67","region":"44"},"geometry":{"type":"MultiPolygon","coordinates":[[[[7.63673,48.64102],[7.64157,48.64154],[7.64447,48.6477],[7.64868,48.64855],[7.65435,48.64928],[7.66862,48.65361],[7.67827,48.65021],[7.68669,48.64443],[7.69351,48.64243],[7.69612,48.64268],[7.69682,48.6405],[7.68939,48.63875],[7.68032,48.63821],[7.63658,48.63759],[7.63673,48.64102]]]]}},{"type":"Feature","properties":{"code":"67377","nom":"Plaine","departement":"67","region":"44"},"geometry":{"type":"MultiPolygon","coordinates":[[[[7.09586,48.42709],[7.10925,48.4388],[7.12145,48.44021],[7.12587,48.44138],[7.13406,48.44491],[7.13651,48.44683],[7.1395,48.4471],[7.145,48.44661],[7.1623,48.43883],[7.17402,48.43616],[7.18371,48.43558],[7.18229,48.43492],[7.18264,48.43349],[7.18557,48.42805],[7.18418,48.41975],[7.17774,48.41909],[7.17625,48.41812],[7.17442,48.41818],[7.16586,48.40951],[7.16089,48.40661],[7.15949,48.40693],[7.15924,48.40751],[7.15256,48.40874],[7.14297,48.40884],[7.13728,48.40796],[7.13089,48.40553],[7.1275,48.40502],[7.09935,48.40553],[7.09779,48.40518],[7.09799,48.40368],[7.09623,48.40357],[7.0958,48.40495],[7.09751,48.40578],[7.09748,48.41905],[7.09586,48.42709]]]]}},{"type":"Feature","properties":{"code":"67378","nom":"Plobsheim","departement":"67","region":"44"},"geometry":{"type":"MultiPolygon","coordinates":[[[[7.74004,48.43885],[7.73959,48.44065],[7.73494,48.44472],[7.71926,48.44917],[7.699,48.45018],[7.70039,48.46325],[7.70301,48.47097],[7.71407,48.47503],[7.73538,48.48082],[7.75612,48.48038],[7.75591,48.47392],[7.76474,48.46512],[7.7667,48.46416],[7.76276,48.45036],[7.75334,48.43399],[7.74004,48.43885]]]]}},{"type":"Feature","properties":{"code":"67379","nom":"Preuschdorf","departement":"67","region":"44"},"geometry":{"type":"MultiPolygon","coordinates":[[[[7.7835,48.94463],[7.7812,48.9443],[7.78087,48.94608],[7.79199,48.95122],[7.79481,48.95419],[7.79499,48.96098],[7.79306,48.96627],[7.79336,48.97108],[7.79651,48.97197],[7.80267,48.97272],[7.80446,48.97411],[7.80488,48.96199],[7.81094,48.9501],[7.82517,48.94198],[7.81953,48.93728],[7.8183,48.93076],[7.82081,48.92578],[7.80464,48.92918],[7.79393,48.93424],[7.79335,48.93702],[7.79096,48.94057],[7.78667,48.94467],[7.7835,48.94463]]]]}},{"type":"Feature","properties":{"code":"67381","nom":"Puberg","departement":"67","region":"44"},"geometry":{"type":"MultiPolygon","coordinates":[[[[7.31294,48.89821],[7.31034,48.89876],[7.30044,48.90756],[7.2906,48.91512],[7.28962,48.9149],[7.29046,48.91639],[7.28987,48.91915],[7.28769,48.92203],[7.28564,48.92267],[7.28665,48.92367],[7.29029,48.92276],[7.29753,48.92586],[7.31452,48.92575],[7.32105,48.92701],[7.32621,48.91839],[7.3242,48.9135],[7.31294,48.89821]]]]}},{"type":"Feature","properties":{"code":"67382","nom":"Quatzenheim","departement":"67","region":"44"},"geometry":{"type":"MultiPolygon","coordinates":[[[[7.55979,48.62162],[7.56453,48.63149],[7.56736,48.6352],[7.57663,48.63323],[7.58237,48.6344],[7.58428,48.6359],[7.58651,48.63476],[7.59066,48.63159],[7.59438,48.63056],[7.59712,48.62579],[7.5959,48.6255],[7.58053,48.62403],[7.57573,48.62269],[7.57434,48.61763],[7.56631,48.61819],[7.55979,48.62162]]]]}},{"type":"Feature","properties":{"code":"67383","nom":"Rangen","departement":"67","region":"44"},"geometry":{"type":"MultiPolygon","coordinates":[[[[7.46965,48.67204],[7.47042,48.67253],[7.46761,48.67505],[7.47119,48.67763],[7.47061,48.67912],[7.47728,48.68307],[7.48281,48.6796],[7.48096,48.67124],[7.48263,48.66686],[7.48493,48.66546],[7.47894,48.66235],[7.46938,48.66896],[7.47216,48.66993],[7.46965,48.67204]]]]}},{"type":"Feature","properties":{"code":"67384","nom":"Ranrupt","departement":"67","region":"44"},"geometry":{"type":"MultiPolygon","coordinates":[[[[7.20844,48.39527],[7.21856,48.39161],[7.23721,48.3868],[7.24416,48.38195],[7.24145,48.38114],[7.23717,48.37675],[7.23275,48.37397],[7.21991,48.37252],[7.21334,48.37029],[7.20646,48.36676],[7.20026,48.36246],[7.19498,48.35337],[7.188,48.35099],[7.17078,48.35084],[7.16998,48.35313],[7.17132,48.35863],[7.17012,48.36244],[7.16245,48.36933],[7.15095,48.38239],[7.16813,48.38031],[7.18279,48.38047],[7.19583,48.38703],[7.20848,48.39465],[7.20844,48.39527]]]]}},{"type":"Feature","properties":{"code":"67385","nom":"Ratzwiller","departement":"67","region":"44"},"geometry":{"type":"MultiPolygon","coordinates":[[[[7.22223,48.96003],[7.23126,48.96227],[7.23763,48.96249],[7.24365,48.96158],[7.26204,48.95642],[7.26633,48.95592],[7.26945,48.95644],[7.28074,48.96092],[7.29061,48.96691],[7.2925,48.96627],[7.29334,48.96468],[7.29039,48.95898],[7.2901,48.95641],[7.27922,48.95037],[7.27247,48.94453],[7.25847,48.93598],[7.23537,48.93763],[7.23262,48.94161],[7.23624,48.94677],[7.23788,48.94826],[7.23588,48.95191],[7.22223,48.96003]]]]}},{"type":"Feature","properties":{"code":"67386","nom":"Rauwiller","departement":"67","region":"44"},"geometry":{"type":"MultiPolygon","coordinates":[[[[7.08963,48.81359],[7.09707,48.81456],[7.1033,48.81682],[7.10722,48.81925],[7.10794,48.82173],[7.13906,48.81748],[7.1314,48.81654],[7.12365,48.81159],[7.12175,48.80578],[7.12671,48.80125],[7.12349,48.79993],[7.11766,48.79901],[7.11149,48.79897],[7.10639,48.79615],[7.10461,48.79662],[7.08963,48.81359]]]]}},{"type":"Feature","properties":{"code":"67387","nom":"Reichsfeld","departement":"67","region":"44"},"geometry":{"type":"MultiPolygon","coordinates":[[[[7.38724,48.34686],[7.38119,48.34978],[7.37904,48.35393],[7.37681,48.35507],[7.3668,48.36492],[7.35791,48.36904],[7.35721,48.37094],[7.35996,48.37278],[7.36572,48.37389],[7.37594,48.37458],[7.38612,48.37344],[7.38604,48.3719],[7.39807,48.36215],[7.39948,48.36166],[7.40195,48.36207],[7.39094,48.35155],[7.38946,48.348],[7.38724,48.34686]]]]}},{"type":"Feature","properties":{"code":"67388","nom":"Reichshoffen","departement":"67","region":"44"},"geometry":{"type":"MultiPolygon","coordinates":[[[[7.63607,48.91416],[7.63113,48.91779],[7.63325,48.91764],[7.63817,48.91888],[7.64436,48.92317],[7.64903,48.92857],[7.6518,48.93863],[7.66182,48.94544],[7.67083,48.95364],[7.67556,48.95555],[7.68771,48.95558],[7.69613,48.96035],[7.6963,48.96599],[7.69537,48.96661],[7.69958,48.97103],[7.70199,48.96964],[7.71148,48.96196],[7.71472,48.95659],[7.71599,48.95118],[7.70436,48.94773],[7.6996,48.94645],[7.70163,48.94308],[7.69429,48.92545],[7.6744,48.9201],[7.65523,48.91535],[7.64044,48.90563],[7.63607,48.91416]]]]}},{"type":"Feature","properties":{"code":"67389","nom":"Reichstett","departement":"67","region":"44"},"geometry":{"type":"MultiPolygon","coordinates":[[[[7.78402,48.65085],[7.78511,48.63978],[7.78104,48.63895],[7.77949,48.6386],[7.75322,48.63453],[7.7435,48.63834],[7.74288,48.63938],[7.74124,48.64126],[7.7385,48.64019],[7.73737,48.64045],[7.73572,48.64315],[7.73379,48.64337],[7.73154,48.64679],[7.73034,48.65226],[7.73237,48.65662],[7.73508,48.65881],[7.75373,48.66233],[7.75985,48.66285],[7.76062,48.65776],[7.75971,48.65599],[7.77148,48.65205],[7.78402,48.65085]]]]}},{"type":"Feature","properties":{"code":"67391","nom":"Reinhardsmunster","departement":"67","region":"44"},"geometry":{"type":"MultiPolygon","coordinates":[[[[7.32129,48.68419],[7.33445,48.68372],[7.3395,48.67434],[7.3308,48.67417],[7.32108,48.67231],[7.31422,48.66594],[7.31289,48.66114],[7.30435,48.6601],[7.2884,48.66038],[7.27052,48.6625],[7.26984,48.66781],[7.27252,48.67956],[7.27181,48.69241],[7.27632,48.70018],[7.28161,48.70339],[7.30018,48.70726],[7.30972,48.70623],[7.31822,48.70309],[7.327,48.69511],[7.32609,48.69239],[7.3178,48.68644],[7.32129,48.68419]]]]}},{"type":"Feature","properties":{"code":"67392","nom":"Reipertswiller","departement":"67","region":"44"},"geometry":{"type":"MultiPolygon","coordinates":[[[[7.45941,48.92538],[7.45788,48.92538],[7.45725,48.93403],[7.45202,48.93587],[7.42627,48.93532],[7.41924,48.93609],[7.41293,48.93832],[7.40562,48.94256],[7.39375,48.95001],[7.39228,48.95284],[7.39576,48.95576],[7.40762,48.959],[7.43304,48.96195],[7.44689,48.96578],[7.45171,48.96798],[7.47669,48.95867],[7.48272,48.95441],[7.48409,48.95155],[7.48694,48.9501],[7.48532,48.94593],[7.48684,48.94156],[7.48604,48.93698],[7.48303,48.9338],[7.46783,48.92967],[7.46367,48.9292],[7.46004,48.92738],[7.45941,48.92538]]]]}},{"type":"Feature","properties":{"code":"67394","nom":"Retschwiller","departement":"67","region":"44"},"geometry":{"type":"MultiPolygon","coordinates":[[[[7.89202,48.9451],[7.88884,48.94297],[7.88073,48.94081],[7.86895,48.94643],[7.8705,48.9509],[7.87188,48.95055],[7.87587,48.9523],[7.88497,48.96041],[7.89572,48.95901],[7.89627,48.95681],[7.89891,48.9537],[7.90243,48.95179],[7.90228,48.94686],[7.8954,48.94648],[7.89202,48.9451]]]]}},{"type":"Feature","properties":{"code":"67395","nom":"Reutenbourg","departement":"67","region":"44"},"geometry":{"type":"MultiPolygon","coordinates":[[[[7.39624,48.69336],[7.39864,48.68983],[7.4069,48.68874],[7.41471,48.69038],[7.42844,48.68659],[7.42654,48.68289],[7.42659,48.67615],[7.41467,48.67379],[7.40396,48.67437],[7.40066,48.6752],[7.39663,48.67419],[7.39043,48.67586],[7.38912,48.67897],[7.3913,48.68083],[7.39271,48.69294],[7.39624,48.69336]]]]}},{"type":"Feature","properties":{"code":"67396","nom":"Rexingen","departement":"67","region":"44"},"geometry":{"type":"MultiPolygon","coordinates":[[[[7.16412,48.91103],[7.18152,48.91516],[7.18708,48.90234],[7.19153,48.89857],[7.1854,48.89471],[7.17742,48.89916],[7.16953,48.90179],[7.1678,48.90153],[7.16508,48.90565],[7.16425,48.91043],[7.16412,48.91103]]]]}},{"type":"Feature","properties":{"code":"67397","nom":"Rhinau","departement":"67","region":"44"},"geometry":{"type":"MultiPolygon","coordinates":[[[[7.66705,48.27416],[7.67213,48.2782],[7.67369,48.28232],[7.67208,48.28882],[7.67839,48.29935],[7.67872,48.30226],[7.69287,48.31433],[7.69167,48.31493],[7.69273,48.31511],[7.69591,48.32285],[7.69987,48.3277],[7.70505,48.33195],[7.71158,48.34331],[7.70361,48.35015],[7.70868,48.35362],[7.71159,48.35353],[7.71401,48.35001],[7.72957,48.33963],[7.7436,48.33996],[7.74561,48.33329],[7.74538,48.32979],[7.74347,48.32538],[7.73866,48.32064],[7.73159,48.31711],[7.70595,48.31017],[7.69952,48.3067],[7.69316,48.30114],[7.68947,48.29346],[7.68842,48.27768],[7.68106,48.25766],[7.67846,48.25847],[7.66865,48.26668],[7.66847,48.27069],[7.66705,48.27416]]]]}},{"type":"Feature","properties":{"code":"67398","nom":"Richtolsheim","departement":"67","region":"44"},"geometry":{"type":"MultiPolygon","coordinates":[[[[7.62344,48.21505],[7.62202,48.21383],[7.61056,48.21633],[7.58217,48.2249],[7.58881,48.23471],[7.59476,48.23223],[7.6223,48.22367],[7.62747,48.22149],[7.62644,48.21766],[7.62344,48.21505]]]]}},{"type":"Feature","properties":{"code":"67400","nom":"Riedseltz","departement":"67","region":"44"},"geometry":{"type":"MultiPolygon","coordinates":[[[[7.96852,48.98081],[7.96213,48.98013],[7.95232,48.96824],[7.93877,48.97449],[7.93153,48.98014],[7.928,48.98106],[7.91941,48.98806],[7.91922,48.98903],[7.92189,48.99119],[7.92888,48.99519],[7.93582,48.99771],[7.94682,49.0076],[7.94979,49.0087],[7.95375,49.00864],[7.97468,48.99247],[7.9753,48.98941],[7.96852,48.98081]]]]}},{"type":"Feature","properties":{"code":"67401","nom":"Rimsdorf","departement":"67","region":"44"},"geometry":{"type":"MultiPolygon","coordinates":[[[[7.13987,48.92553],[7.13109,48.92117],[7.12584,48.92062],[7.11935,48.91685],[7.11723,48.91445],[7.11376,48.91568],[7.09829,48.92204],[7.08584,48.93066],[7.08182,48.93212],[7.0828,48.93256],[7.0948,48.93032],[7.10369,48.93182],[7.12075,48.94014],[7.12213,48.94228],[7.12641,48.93968],[7.14072,48.9355],[7.14166,48.93417],[7.13791,48.92848],[7.13987,48.92553]]]]}},{"type":"Feature","properties":{"code":"67403","nom":"Ringendorf","departement":"67","region":"44"},"geometry":{"type":"MultiPolygon","coordinates":[[[[7.56777,48.80125],[7.5662,48.80258],[7.56005,48.8012],[7.55528,48.79918],[7.54909,48.79931],[7.54677,48.80107],[7.5422,48.8124],[7.54425,48.81519],[7.54186,48.82466],[7.54235,48.82722],[7.54391,48.82706],[7.54539,48.82558],[7.54594,48.82163],[7.55139,48.81724],[7.56827,48.81434],[7.56985,48.81493],[7.5737,48.80738],[7.57059,48.80256],[7.56777,48.80125]]]]}},{"type":"Feature","properties":{"code":"67404","nom":"Rittershoffen","departement":"67","region":"44"},"geometry":{"type":"MultiPolygon","coordinates":[[[[8.01187,48.86329],[8.00944,48.86572],[8.00259,48.86989],[7.9546,48.89041],[7.94327,48.88783],[7.93866,48.88984],[7.93296,48.89449],[7.93155,48.90575],[7.9316,48.90592],[7.93628,48.9139],[7.93936,48.91284],[7.94355,48.91685],[7.9501,48.91974],[7.95684,48.91955],[7.96009,48.91863],[7.96105,48.92054],[7.97115,48.91539],[7.96316,48.9103],[7.95996,48.90646],[7.96675,48.8949],[7.97406,48.89011],[7.97999,48.89045],[8.01733,48.87535],[8.02723,48.86405],[8.02618,48.86379],[8.01187,48.86329]]]]}},{"type":"Feature","properties":{"code":"67405","nom":"Rœschwoog","departement":"67","region":"44"},"geometry":{"type":"MultiPolygon","coordinates":[[[[8.06709,48.82487],[8.06984,48.82527],[8.07296,48.82236],[8.07367,48.81941],[8.07102,48.82012],[8.06701,48.81989],[8.05159,48.80623],[8.04492,48.80459],[8.04054,48.80561],[8.03838,48.80545],[8.0374,48.80457],[8.03047,48.8091],[8.0263,48.81799],[8.02344,48.82068],[8.02539,48.82745],[8.02096,48.82956],[8.01087,48.82985],[8.00461,48.83125],[8.00714,48.83272],[8.01421,48.83724],[8.02858,48.84147],[8.03334,48.84048],[8.03898,48.83724],[8.0427,48.83676],[8.04471,48.8368],[8.05477,48.83154],[8.06162,48.82594],[8.06165,48.8245],[8.06709,48.82487]]]]}},{"type":"Feature","properties":{"code":"67406","nom":"Rohr","departement":"67","region":"44"},"geometry":{"type":"MultiPolygon","coordinates":[[[[7.51906,48.68406],[7.51841,48.69257],[7.51775,48.69407],[7.52443,48.6955],[7.52718,48.6979],[7.54202,48.70054],[7.55261,48.70388],[7.55281,48.70551],[7.5557,48.70501],[7.55528,48.69921],[7.55334,48.69739],[7.54794,48.69532],[7.54539,48.69357],[7.54479,48.68946],[7.541,48.68614],[7.53455,48.68419],[7.5229,48.68256],[7.51906,48.68406]]]]}},{"type":"Feature","properties":{"code":"67407","nom":"Rohrwiller","departement":"67","region":"44"},"geometry":{"type":"MultiPolygon","coordinates":[[[[7.89328,48.75077],[7.89512,48.75081],[7.89987,48.75661],[7.9002,48.75889],[7.90478,48.76068],[7.91864,48.75614],[7.92215,48.75346],[7.92096,48.75179],[7.91608,48.75213],[7.91463,48.75145],[7.9007,48.73932],[7.88832,48.73926],[7.8843,48.74006],[7.88616,48.74216],[7.89328,48.75077]]]]}},{"type":"Feature","properties":{"code":"67408","nom":"Romanswiller","departement":"67","region":"44"},"geometry":{"type":"MultiPolygon","coordinates":[[[[7.41548,48.65261],[7.42028,48.6505],[7.42373,48.64681],[7.4207,48.64001],[7.41716,48.64155],[7.4151,48.63977],[7.4139,48.6394],[7.41505,48.63763],[7.4024,48.63769],[7.39516,48.63645],[7.38922,48.63481],[7.3836,48.63064],[7.37574,48.62701],[7.36981,48.62777],[7.34833,48.62149],[7.34738,48.62393],[7.34823,48.62776],[7.33979,48.64409],[7.33945,48.6487],[7.34631,48.64747],[7.36262,48.64098],[7.36941,48.6403],[7.38452,48.64836],[7.38804,48.65363],[7.38822,48.65913],[7.39495,48.65891],[7.39873,48.6597],[7.3997,48.65984],[7.41548,48.65261]]]]}},{"type":"Feature","properties":{"code":"67409","nom":"Roppenheim","departement":"67","region":"44"},"geometry":{"type":"MultiPolygon","coordinates":[[[[8.0427,48.83676],[8.04278,48.84601],[8.04447,48.84686],[8.04636,48.84662],[8.05116,48.85236],[8.05899,48.85209],[8.07233,48.84156],[8.07921,48.83795],[8.09738,48.83201],[8.10096,48.82875],[8.0994,48.82409],[8.09634,48.82319],[8.08188,48.82808],[8.07729,48.83111],[8.07081,48.83108],[8.06746,48.82947],[8.06709,48.82487],[8.06165,48.8245],[8.06162,48.82594],[8.05477,48.83154],[8.04471,48.8368],[8.0427,48.83676]]]]}},{"type":"Feature","properties":{"code":"67410","nom":"Rosenwiller","departement":"67","region":"44"},"geometry":{"type":"MultiPolygon","coordinates":[[[[7.432,48.51983],[7.4349,48.51927],[7.44156,48.5138],[7.44804,48.51038],[7.45275,48.50942],[7.45302,48.50825],[7.44247,48.50302],[7.43724,48.50182],[7.42384,48.50154],[7.41717,48.50476],[7.39348,48.49801],[7.39141,48.49956],[7.39098,48.50079],[7.39271,48.50438],[7.39646,48.50669],[7.42612,48.51947],[7.432,48.51983]]]]}},{"type":"Feature","properties":{"code":"67411","nom":"Rosheim","departement":"67","region":"44"},"geometry":{"type":"MultiPolygon","coordinates":[[[[7.45302,48.50825],[7.47191,48.51158],[7.48156,48.51145],[7.49817,48.50959],[7.50747,48.5096],[7.51449,48.51116],[7.51426,48.50493],[7.51236,48.50287],[7.51179,48.50021],[7.51167,48.49437],[7.4894,48.49388],[7.47741,48.49121],[7.45897,48.4849],[7.45573,48.48398],[7.45061,48.48412],[7.44425,48.48499],[7.43721,48.48707],[7.40749,48.48742],[7.39296,48.48382],[7.36904,48.47402],[7.36063,48.46801],[7.35554,48.46575],[7.34104,48.46168],[7.3227,48.46373],[7.31993,48.46538],[7.32078,48.46638],[7.32191,48.4722],[7.31981,48.485],[7.32257,48.48808],[7.32788,48.49154],[7.33396,48.49285],[7.33828,48.49276],[7.35549,48.49186],[7.3695,48.48815],[7.37883,48.48808],[7.38242,48.48916],[7.38911,48.49362],[7.39011,48.49991],[7.39141,48.49956],[7.39348,48.49801],[7.41717,48.50476],[7.42384,48.50154],[7.43724,48.50182],[7.44247,48.50302],[7.45302,48.50825]]]]}},{"type":"Feature","properties":{"code":"67412","nom":"Rossfeld","departement":"67","region":"44"},"geometry":{"type":"MultiPolygon","coordinates":[[[[7.6403,48.32747],[7.6403,48.32743],[7.63385,48.32333],[7.63228,48.32107],[7.62904,48.32271],[7.61347,48.32395],[7.60085,48.32173],[7.59711,48.32175],[7.59063,48.32295],[7.59032,48.32297],[7.599,48.3413],[7.60135,48.34712],[7.60938,48.34749],[7.60854,48.34574],[7.60953,48.34348],[7.62964,48.33722],[7.6403,48.32747]]]]}},{"type":"Feature","properties":{"code":"67413","nom":"Rosteig","departement":"67","region":"44"},"geometry":{"type":"MultiPolygon","coordinates":[[[[7.32677,48.94344],[7.3401,48.94879],[7.34746,48.95067],[7.35468,48.9543],[7.35814,48.95361],[7.3474,48.94206],[7.35124,48.92998],[7.34423,48.91488],[7.3242,48.9135],[7.32621,48.91839],[7.32105,48.92701],[7.32263,48.9384],[7.32677,48.94344]]]]}},{"type":"Feature","properties":{"code":"67414","nom":"Rothau","departement":"67","region":"44"},"geometry":{"type":"MultiPolygon","coordinates":[[[[7.21347,48.43388],[7.2031,48.43685],[7.1866,48.43977],[7.19823,48.44763],[7.20593,48.45921],[7.21781,48.4727],[7.21822,48.47206],[7.21361,48.46088],[7.21299,48.45634],[7.22187,48.45061],[7.21987,48.45089],[7.21183,48.4381],[7.21347,48.43388]]]]}},{"type":"Feature","properties":{"code":"67415","nom":"Rothbach","departement":"67","region":"44"},"geometry":{"type":"MultiPolygon","coordinates":[[[[7.51336,48.92376],[7.51567,48.91941],[7.53019,48.90845],[7.53717,48.90194],[7.53877,48.89849],[7.53759,48.89788],[7.53677,48.89872],[7.52234,48.89544],[7.51152,48.89189],[7.51078,48.89321],[7.50622,48.89605],[7.49559,48.89312],[7.48846,48.89473],[7.48269,48.89851],[7.48491,48.90225],[7.48702,48.9033],[7.49565,48.90723],[7.49715,48.90971],[7.48966,48.91239],[7.4941,48.91677],[7.49994,48.91977],[7.51336,48.92376]]]]}},{"type":"Feature","properties":{"code":"67416","nom":"Rott","departement":"67","region":"44"},"geometry":{"type":"MultiPolygon","coordinates":[[[[7.9136,49.02928],[7.91946,49.03012],[7.92369,49.02648],[7.90662,49.01046],[7.90408,49.00575],[7.90008,49.00411],[7.89857,49.00527],[7.89728,49.00999],[7.89246,49.01159],[7.89932,49.01777],[7.89993,49.02087],[7.89897,49.02525],[7.90379,49.02817],[7.9136,49.02928]]]]}},{"type":"Feature","properties":{"code":"67417","nom":"Rottelsheim","departement":"67","region":"44"},"geometry":{"type":"MultiPolygon","coordinates":[[[[7.71963,48.76586],[7.72092,48.75205],[7.72002,48.75057],[7.71718,48.74923],[7.71369,48.74954],[7.704,48.75144],[7.70378,48.75386],[7.69964,48.76035],[7.70459,48.76523],[7.70567,48.76622],[7.71802,48.7691],[7.71963,48.76586]]]]}},{"type":"Feature","properties":{"code":"67418","nom":"Rountzenheim-Auenheim","departement":"67","region":"44"},"geometry":{"type":"MultiPolygon","coordinates":[[[[8.00714,48.83272],[8.00461,48.83125],[8.01087,48.82985],[8.02096,48.82956],[8.02539,48.82745],[8.02344,48.82068],[8.0263,48.81799],[8.03047,48.8091],[8.0374,48.80457],[8.03821,48.80274],[8.03111,48.80048],[7.99849,48.80061],[8.00295,48.80416],[8.0041,48.80631],[8.0017,48.8083],[7.98837,48.80899],[7.97458,48.81583],[7.97325,48.81768],[7.97571,48.81866],[7.98203,48.82382],[7.99014,48.83172],[7.99746,48.83573],[8.00475,48.83489],[8.00714,48.83272]]]]}},{"type":"Feature","properties":{"code":"67420","nom":"Russ","departement":"67","region":"44"},"geometry":{"type":"MultiPolygon","coordinates":[[[[7.28056,48.50754],[7.29036,48.50098],[7.29167,48.49887],[7.29177,48.49795],[7.28227,48.48593],[7.28849,48.47148],[7.28612,48.4666],[7.28163,48.46236],[7.2783,48.46164],[7.27014,48.46171],[7.26551,48.46693],[7.25288,48.47729],[7.24348,48.48857],[7.24351,48.4893],[7.25212,48.49837],[7.27753,48.50529],[7.28056,48.50754]]]]}},{"type":"Feature","properties":{"code":"67421","nom":"Saales","departement":"67","region":"44"},"geometry":{"type":"MultiPolygon","coordinates":[[[[7.08566,48.36014],[7.09038,48.36562],[7.1007,48.37367],[7.11259,48.37089],[7.1158,48.36755],[7.11707,48.36253],[7.11971,48.35774],[7.12716,48.34784],[7.13682,48.34034],[7.14792,48.33327],[7.1414,48.33181],[7.12292,48.33334],[7.11189,48.33972],[7.10887,48.34386],[7.10598,48.34411],[7.09208,48.34865],[7.07853,48.35107],[7.07587,48.35265],[7.08114,48.3552],[7.08566,48.36014]]]]}},{"type":"Feature","properties":{"code":"67422","nom":"Saasenheim","departement":"67","region":"44"},"geometry":{"type":"MultiPolygon","coordinates":[[[[7.59476,48.23223],[7.59574,48.23434],[7.62008,48.24544],[7.63833,48.24191],[7.64218,48.23841],[7.64505,48.23755],[7.63763,48.22466],[7.6223,48.22367],[7.59476,48.23223]]],[[[7.62589,48.25278],[7.62792,48.25554],[7.63411,48.25899],[7.66138,48.25353],[7.65745,48.24542],[7.6477,48.24763],[7.63956,48.24852],[7.62942,48.24709],[7.62485,48.24888],[7.62589,48.25278]]]]}},{"type":"Feature","properties":{"code":"67423","nom":"Saessolsheim","departement":"67","region":"44"},"geometry":{"type":"MultiPolygon","coordinates":[[[[7.49537,48.69548],[7.50087,48.70066],[7.50252,48.70953],[7.50202,48.71153],[7.49364,48.71448],[7.49366,48.71675],[7.50327,48.71944],[7.50771,48.72216],[7.50984,48.72496],[7.51457,48.72811],[7.52133,48.72503],[7.52487,48.7222],[7.52493,48.71149],[7.52718,48.6979],[7.52443,48.6955],[7.51775,48.69407],[7.51841,48.69257],[7.51399,48.69211],[7.49929,48.69295],[7.49537,48.69548]]]]}},{"type":"Feature","properties":{"code":"67424","nom":"Saint-Blaise-la-Roche","departement":"67","region":"44"},"geometry":{"type":"MultiPolygon","coordinates":[[[[7.18787,48.39972],[7.18152,48.40084],[7.16498,48.40093],[7.15525,48.40356],[7.15428,48.40469],[7.15949,48.40693],[7.16089,48.40661],[7.16586,48.40951],[7.17442,48.41818],[7.17625,48.41812],[7.18391,48.4092],[7.18372,48.40555],[7.18831,48.40156],[7.18787,48.39972]]]]}},{"type":"Feature","properties":{"code":"67425","nom":"Saint-Jean-Saverne","departement":"67","region":"44"},"geometry":{"type":"MultiPolygon","coordinates":[[[[7.37369,48.76507],[7.33756,48.77547],[7.3298,48.78012],[7.32725,48.78611],[7.33238,48.78944],[7.34092,48.79773],[7.34473,48.7983],[7.34686,48.78857],[7.35297,48.78393],[7.38248,48.77166],[7.39008,48.77091],[7.39031,48.76846],[7.38663,48.76828],[7.37369,48.76507]]]]}},{"type":"Feature","properties":{"code":"67426","nom":"Saint-Martin","departement":"67","region":"44"},"geometry":{"type":"MultiPolygon","coordinates":[[[[7.26346,48.3406],[7.26314,48.34187],[7.2681,48.34827],[7.27764,48.35059],[7.27885,48.35431],[7.27672,48.35837],[7.29648,48.35887],[7.30601,48.36129],[7.30501,48.35556],[7.29637,48.34511],[7.28367,48.34109],[7.27874,48.33997],[7.26346,48.3406]]]]}},{"type":"Feature","properties":{"code":"67427","nom":"Saint-Maurice","departement":"67","region":"44"},"geometry":{"type":"MultiPolygon","coordinates":[[[[7.32503,48.33224],[7.32437,48.33453],[7.32562,48.33721],[7.33873,48.33948],[7.342,48.3395],[7.34452,48.33847],[7.34362,48.3324],[7.33542,48.32492],[7.33494,48.32503],[7.33185,48.32617],[7.32727,48.33203],[7.32503,48.33224]]]]}},{"type":"Feature","properties":{"code":"67428","nom":"Saint-Nabor","departement":"67","region":"44"},"geometry":{"type":"MultiPolygon","coordinates":[[[[7.42928,48.44947],[7.43293,48.44235],[7.42299,48.44112],[7.41779,48.43562],[7.41778,48.43466],[7.40584,48.43372],[7.40126,48.44199],[7.40535,48.44372],[7.42928,48.44947]]]]}},{"type":"Feature","properties":{"code":"67429","nom":"Saint-Pierre","departement":"67","region":"44"},"geometry":{"type":"MultiPolygon","coordinates":[[[[7.48294,48.38649],[7.47969,48.38154],[7.47247,48.37826],[7.46566,48.37736],[7.46388,48.37551],[7.4534,48.37478],[7.45024,48.38523],[7.44912,48.38597],[7.46258,48.39084],[7.46278,48.39344],[7.46958,48.39246],[7.47708,48.39299],[7.47876,48.39307],[7.47964,48.39221],[7.48294,48.38649]]]]}},{"type":"Feature","properties":{"code":"67430","nom":"Saint-Pierre-Bois","departement":"67","region":"44"},"geometry":{"type":"MultiPolygon","coordinates":[[[[7.3561,48.34912],[7.36154,48.35313],[7.36668,48.3529],[7.37681,48.35507],[7.37904,48.35393],[7.38119,48.34978],[7.38724,48.34686],[7.38975,48.34635],[7.3814,48.34382],[7.37189,48.32544],[7.36096,48.30911],[7.36108,48.30796],[7.35893,48.3072],[7.35427,48.31242],[7.35748,48.32399],[7.35589,48.32877],[7.3531,48.33317],[7.34926,48.33238],[7.34362,48.3324],[7.34452,48.33847],[7.34946,48.3451],[7.3561,48.34912]]]]}},{"type":"Feature","properties":{"code":"67432","nom":"Salmbach","departement":"67","region":"44"},"geometry":{"type":"MultiPolygon","coordinates":[[[[8.0454,48.975],[8.06269,48.98594],[8.06744,48.99198],[8.06625,48.99215],[8.06825,48.99942],[8.09132,48.9893],[8.08507,48.97607],[8.08431,48.96497],[8.07875,48.95667],[8.07704,48.95462],[8.07293,48.95494],[8.0662,48.95856],[8.06424,48.96025],[8.04922,48.96666],[8.0454,48.975]]]]}},{"type":"Feature","properties":{"code":"67433","nom":"Sand","departement":"67","region":"44"},"geometry":{"type":"MultiPolygon","coordinates":[[[[7.58863,48.3915],[7.59318,48.39321],[7.59388,48.39252],[7.59791,48.39232],[7.6034,48.39413],[7.60622,48.39301],[7.63148,48.37633],[7.63834,48.37346],[7.65786,48.36756],[7.65524,48.36123],[7.65078,48.36187],[7.65014,48.36267],[7.65135,48.36556],[7.64894,48.36774],[7.64492,48.36733],[7.63457,48.36457],[7.62882,48.36218],[7.62579,48.36487],[7.61913,48.36634],[7.61797,48.3718],[7.58885,48.38363],[7.58988,48.38995],[7.58863,48.3915]]]]}},{"type":"Feature","properties":{"code":"67434","nom":"Sarre-Union","departement":"67","region":"44"},"geometry":{"type":"MultiPolygon","coordinates":[[[[7.10044,48.9654],[7.11976,48.96333],[7.12148,48.95301],[7.11868,48.95133],[7.12246,48.94674],[7.12213,48.94228],[7.12075,48.94014],[7.10369,48.93182],[7.0948,48.93032],[7.0828,48.93256],[7.08182,48.93212],[7.08022,48.9244],[7.06009,48.92585],[7.04996,48.92316],[7.05277,48.93697],[7.05691,48.937],[7.06146,48.93523],[7.06536,48.93617],[7.06873,48.94729],[7.06629,48.95896],[7.08836,48.96322],[7.09531,48.96367],[7.10044,48.9654]]]]}},{"type":"Feature","properties":{"code":"67435","nom":"Sarrewerden","departement":"67","region":"44"},"geometry":{"type":"MultiPolygon","coordinates":[[[[7.11376,48.91568],[7.11065,48.91567],[7.10489,48.91386],[7.10406,48.91043],[7.09411,48.90019],[7.0936,48.89255],[7.08679,48.8927],[7.0759,48.89118],[7.06049,48.8875],[7.04915,48.88559],[7.04019,48.89144],[7.04128,48.8946],[7.04515,48.8952],[7.0456,48.89624],[7.04109,48.90178],[7.0399,48.90316],[7.04012,48.90731],[7.04248,48.90847],[7.04576,48.91205],[7.04795,48.91661],[7.04775,48.92141],[7.04996,48.92316],[7.06009,48.92585],[7.08022,48.9244],[7.08182,48.93212],[7.08584,48.93066],[7.09829,48.92204],[7.11376,48.91568]]]]}},{"type":"Feature","properties":{"code":"67436","nom":"Saulxures","departement":"67","region":"44"},"geometry":{"type":"MultiPolygon","coordinates":[[[[7.10663,48.37617],[7.10733,48.38185],[7.1047,48.38773],[7.10082,48.39036],[7.09679,48.39117],[7.0934,48.39425],[7.08498,48.39788],[7.08861,48.40281],[7.0958,48.40495],[7.09623,48.40357],[7.09799,48.40368],[7.09779,48.40518],[7.09935,48.40553],[7.1275,48.40502],[7.13089,48.40553],[7.13728,48.40796],[7.14297,48.40884],[7.15256,48.40874],[7.15924,48.40751],[7.15949,48.40693],[7.15428,48.40469],[7.15525,48.40356],[7.15252,48.39344],[7.14468,48.38993],[7.14042,48.38344],[7.14139,48.37858],[7.13806,48.37505],[7.1207,48.37315],[7.10663,48.37617]]]]}},{"type":"Feature","properties":{"code":"67437","nom":"Saverne","departement":"67","region":"44"},"geometry":{"type":"MultiPolygon","coordinates":[[[[7.35803,48.72694],[7.35267,48.72727],[7.34856,48.7225],[7.34309,48.7229],[7.32851,48.72625],[7.30595,48.72176],[7.30257,48.72493],[7.29526,48.72948],[7.28691,48.7314],[7.29236,48.7519],[7.29506,48.75483],[7.29873,48.75646],[7.3135,48.76738],[7.317,48.76694],[7.3199,48.7654],[7.32557,48.76125],[7.33064,48.75537],[7.33558,48.75338],[7.34273,48.75171],[7.34313,48.75095],[7.3466,48.75125],[7.36263,48.75584],[7.36285,48.75653],[7.36541,48.75594],[7.37512,48.74957],[7.38532,48.74113],[7.39448,48.73971],[7.40743,48.74075],[7.40756,48.74075],[7.40994,48.74066],[7.41492,48.73786],[7.41987,48.73394],[7.42042,48.73128],[7.41767,48.73032],[7.41346,48.72541],[7.41527,48.72297],[7.40292,48.72472],[7.39516,48.7269],[7.38497,48.72971],[7.37378,48.73106],[7.37145,48.73063],[7.3662,48.72777],[7.36266,48.72831],[7.36144,48.72361],[7.35803,48.72694]]]]}},{"type":"Feature","properties":{"code":"67438","nom":"Schaeffersheim","departement":"67","region":"44"},"geometry":{"type":"MultiPolygon","coordinates":[[[[7.59303,48.44475],[7.59644,48.44628],[7.6044,48.44429],[7.62444,48.44698],[7.62657,48.44652],[7.62472,48.44515],[7.62225,48.4367],[7.62912,48.43185],[7.6289,48.42647],[7.62261,48.41778],[7.61909,48.41956],[7.61222,48.42794],[7.6052,48.43433],[7.58936,48.44176],[7.59303,48.44475]]]]}},{"type":"Feature","properties":{"code":"67440","nom":"Schaffhouse-près-Seltz","departement":"67","region":"44"},"geometry":{"type":"MultiPolygon","coordinates":[[[[8.08223,48.91975],[8.10272,48.92412],[8.10231,48.91996],[8.10397,48.91806],[8.10489,48.91358],[8.09648,48.89931],[8.08367,48.90201],[8.07669,48.90518],[8.0736,48.90456],[8.07274,48.90849],[8.07327,48.9125],[8.07666,48.91661],[8.08223,48.91975]]]]}},{"type":"Feature","properties":{"code":"67441","nom":"Schalkendorf","departement":"67","region":"44"},"geometry":{"type":"MultiPolygon","coordinates":[[[[7.57169,48.82882],[7.55982,48.82597],[7.55104,48.82515],[7.54711,48.82746],[7.54928,48.83696],[7.56204,48.84692],[7.57728,48.84832],[7.58031,48.84818],[7.58418,48.84643],[7.58678,48.8435],[7.58693,48.83303],[7.57169,48.82882]]]]}},{"type":"Feature","properties":{"code":"67442","nom":"Scharrachbergheim-Irmstett","departement":"67","region":"44"},"geometry":{"type":"MultiPolygon","coordinates":[[[[7.51199,48.5963],[7.51276,48.59115],[7.48559,48.58127],[7.48107,48.58074],[7.48066,48.58291],[7.4756,48.58474],[7.47171,48.58504],[7.46927,48.58609],[7.46841,48.58826],[7.48332,48.59219],[7.48522,48.59436],[7.48831,48.59695],[7.49694,48.59584],[7.51199,48.5963]]]]}},{"type":"Feature","properties":{"code":"67443","nom":"Scheibenhard","departement":"67","region":"44"},"geometry":{"type":"MultiPolygon","coordinates":[[[[8.15366,48.9597],[8.15351,48.95837],[8.1277,48.95916],[8.13386,48.96797],[8.1298,48.97514],[8.12769,48.97658],[8.1327,48.98117],[8.14881,48.97737],[8.16248,48.97759],[8.15749,48.9652],[8.15366,48.9597]]]]}},{"type":"Feature","properties":{"code":"67444","nom":"Scherlenheim","departement":"67","region":"44"},"geometry":{"type":"MultiPolygon","coordinates":[[[[7.5439,48.77035],[7.54387,48.75994],[7.53299,48.75488],[7.53107,48.75462],[7.53121,48.75763],[7.52383,48.76994],[7.52034,48.77344],[7.53676,48.7748],[7.54373,48.77135],[7.5439,48.77035]]]]}},{"type":"Feature","properties":{"code":"67445","nom":"Scherwiller","departement":"67","region":"44"},"geometry":{"type":"MultiPolygon","coordinates":[[[[7.42811,48.27158],[7.42159,48.27246],[7.41561,48.28423],[7.40892,48.29094],[7.40576,48.2922],[7.40293,48.29215],[7.40023,48.28991],[7.38651,48.29001],[7.37181,48.29162],[7.36595,48.29306],[7.36143,48.29632],[7.35975,48.30014],[7.35893,48.3072],[7.36108,48.30796],[7.37383,48.31121],[7.39143,48.31176],[7.39641,48.31211],[7.39889,48.31298],[7.40784,48.30241],[7.41677,48.29964],[7.42279,48.30066],[7.4441,48.30537],[7.4549,48.30369],[7.46708,48.30384],[7.47197,48.3025],[7.46943,48.29769],[7.463,48.29038],[7.45526,48.28514],[7.4473,48.28015],[7.43723,48.27678],[7.43628,48.27745],[7.42811,48.27158]]]]}},{"type":"Feature","properties":{"code":"67446","nom":"Schillersdorf","departement":"67","region":"44"},"geometry":{"type":"MultiPolygon","coordinates":[[[[7.54482,48.87177],[7.54316,48.87139],[7.53381,48.86405],[7.53082,48.85197],[7.523,48.8519],[7.50995,48.85527],[7.51171,48.85654],[7.51367,48.85548],[7.51362,48.85853],[7.5053,48.87853],[7.50453,48.88019],[7.51739,48.88691],[7.52731,48.88645],[7.53495,48.88366],[7.53897,48.87988],[7.54493,48.87683],[7.54468,48.87478],[7.54597,48.87215],[7.54482,48.87177]]]]}},{"type":"Feature","properties":{"code":"67447","nom":"Schiltigheim","departement":"67","region":"44"},"geometry":{"type":"MultiPolygon","coordinates":[[[[7.73939,48.59828],[7.73359,48.60114],[7.72652,48.60204],[7.72397,48.60266],[7.72425,48.60311],[7.72207,48.60293],[7.72302,48.60448],[7.72118,48.60625],[7.71852,48.60567],[7.71819,48.60679],[7.71615,48.60633],[7.71405,48.6052],[7.70952,48.60478],[7.70881,48.60417],[7.70557,48.60599],[7.70684,48.60769],[7.70186,48.61035],[7.70215,48.61633],[7.70632,48.61524],[7.71172,48.615],[7.71807,48.61602],[7.72615,48.61457],[7.72645,48.61396],[7.72835,48.61401],[7.72826,48.61313],[7.73297,48.61369],[7.73329,48.61253],[7.73887,48.61292],[7.74326,48.61286],[7.74568,48.61302],[7.74728,48.61205],[7.75123,48.61176],[7.75108,48.61117],[7.75544,48.61108],[7.7611,48.60823],[7.76243,48.60925],[7.76448,48.60905],[7.76716,48.61243],[7.76646,48.61372],[7.76778,48.61677],[7.7693,48.6208],[7.77123,48.6231],[7.77837,48.62648],[7.78196,48.62757],[7.78617,48.63154],[7.79095,48.63187],[7.80103,48.62897],[7.80279,48.62922],[7.80369,48.62725],[7.80128,48.62615],[7.7974,48.62643],[7.78567,48.6193],[7.78212,48.61751],[7.7775,48.61817],[7.77451,48.6191],[7.7719,48.61881],[7.76765,48.61465],[7.76813,48.61267],[7.77055,48.60882],[7.76886,48.60693],[7.7654,48.60527],[7.7654,48.60312],[7.75654,48.6022],[7.75495,48.60119],[7.75484,48.59982],[7.75457,48.59996],[7.74662,48.59864],[7.7421,48.59862],[7.7406,48.59825],[7.73981,48.59806],[7.73939,48.59828]]],[[[7.76675,48.61807],[7.76437,48.61889],[7.76468,48.61923],[7.76675,48.61807]]],[[[7.75893,48.62926],[7.75444,48.62668],[7.75478,48.62862],[7.75635,48.6299],[7.75619,48.63141],[7.75801,48.63175],[7.75893,48.62926]]]]}},{"type":"Feature","properties":{"code":"67448","nom":"Schirmeck","departement":"67","region":"44"},"geometry":{"type":"MultiPolygon","coordinates":[[[[7.173,48.48373],[7.1685,48.49465],[7.17556,48.50258],[7.17584,48.50614],[7.17499,48.5091],[7.1703,48.51592],[7.17898,48.51166],[7.18283,48.50702],[7.19054,48.5038],[7.2077,48.50217],[7.24351,48.4893],[7.24348,48.48857],[7.23422,48.48517],[7.22177,48.47856],[7.22277,48.47469],[7.21822,48.47206],[7.21781,48.4727],[7.21681,48.47771],[7.2157,48.47925],[7.21366,48.47982],[7.19806,48.48265],[7.18642,48.48345],[7.17566,48.48306],[7.173,48.48373]]]]}},{"type":"Feature","properties":{"code":"67449","nom":"Schirrhein","departement":"67","region":"44"},"geometry":{"type":"MultiPolygon","coordinates":[[[[7.91535,48.80536],[7.91591,48.80437],[7.92124,48.80215],[7.92359,48.80389],[7.93181,48.80692],[7.93131,48.80601],[7.93682,48.80525],[7.93699,48.79763],[7.92842,48.77943],[7.92747,48.77911],[7.92619,48.77966],[7.90893,48.78681],[7.89341,48.79761],[7.89136,48.79818],[7.8802,48.79692],[7.88162,48.79874],[7.89297,48.80373],[7.9069,48.80632],[7.91528,48.8067],[7.91535,48.80536]]]]}},{"type":"Feature","properties":{"code":"67450","nom":"Schirrhoffen","departement":"67","region":"44"},"geometry":{"type":"MultiPolygon","coordinates":[[[[7.91535,48.80536],[7.92673,48.81016],[7.93318,48.81138],[7.93799,48.81089],[7.93181,48.80692],[7.92359,48.80389],[7.92124,48.80215],[7.91591,48.80437],[7.91535,48.80536]]]]}},{"type":"Feature","properties":{"code":"67451","nom":"Schleithal","departement":"67","region":"44"},"geometry":{"type":"MultiPolygon","coordinates":[[[[8.00637,48.98673],[7.99627,48.99163],[8.00475,48.99874],[8.02375,48.99567],[8.04309,48.99709],[8.0558,48.99335],[8.06625,48.99215],[8.06744,48.99198],[8.06269,48.98594],[8.0454,48.975],[8.03468,48.97212],[8.02656,48.97106],[8.02548,48.97286],[8.01473,48.98181],[8.011,48.98465],[8.00637,48.98673]]]]}},{"type":"Feature","properties":{"code":"67452","nom":"Schnersheim","departement":"67","region":"44"},"geometry":{"type":"MultiPolygon","coordinates":[[[[7.55418,48.64278],[7.55681,48.64485],[7.55729,48.65132],[7.552,48.65878],[7.5478,48.66638],[7.53968,48.66996],[7.54006,48.67153],[7.5417,48.67561],[7.54594,48.67822],[7.54898,48.67873],[7.54902,48.67816],[7.56079,48.67494],[7.57367,48.67358],[7.5825,48.67288],[7.58231,48.66897],[7.58596,48.66917],[7.58619,48.66681],[7.59604,48.66173],[7.5927,48.64996],[7.58903,48.64878],[7.58645,48.64998],[7.5777,48.64713],[7.57379,48.64789],[7.56651,48.63659],[7.55629,48.63996],[7.55318,48.64191],[7.55418,48.64278]]]]}},{"type":"Feature","properties":{"code":"67453","nom":"Schœnau","departement":"67","region":"44"},"geometry":{"type":"MultiPolygon","coordinates":[[[[7.64505,48.23755],[7.64817,48.23657],[7.6571,48.24115],[7.66474,48.24648],[7.67113,48.25414],[7.6798,48.2542],[7.66567,48.22045],[7.66127,48.21686],[7.6462,48.20902],[7.64164,48.20364],[7.63169,48.2057],[7.6283,48.21225],[7.62344,48.21505],[7.62644,48.21766],[7.62747,48.22149],[7.6223,48.22367],[7.63763,48.22466],[7.64505,48.23755]]]]}},{"type":"Feature","properties":{"code":"67454","nom":"Schœnbourg","departement":"67","region":"44"},"geometry":{"type":"MultiPolygon","coordinates":[[[[7.24987,48.83404],[7.25085,48.8345],[7.2544,48.84262],[7.26559,48.84933],[7.27721,48.84323],[7.28015,48.83608],[7.27951,48.8288],[7.2745,48.82092],[7.2627,48.81896],[7.25973,48.82033],[7.25814,48.82218],[7.25615,48.82747],[7.24987,48.83404]]]]}},{"type":"Feature","properties":{"code":"67455","nom":"Schœnenbourg","departement":"67","region":"44"},"geometry":{"type":"MultiPolygon","coordinates":[[[[7.90228,48.94686],[7.90243,48.95179],[7.89891,48.9537],[7.89627,48.95681],[7.89572,48.95901],[7.8979,48.96415],[7.90036,48.96419],[7.90256,48.9642],[7.90709,48.96206],[7.92457,48.95801],[7.92991,48.95358],[7.93467,48.94814],[7.93416,48.9474],[7.93661,48.94613],[7.9336,48.94234],[7.93196,48.93823],[7.92761,48.93943],[7.90677,48.94107],[7.90341,48.94302],[7.90228,48.94686]]]]}},{"type":"Feature","properties":{"code":"67456","nom":"Schopperten","departement":"67","region":"44"},"geometry":{"type":"MultiPolygon","coordinates":[[[[7.06629,48.95896],[7.06873,48.94729],[7.06536,48.93617],[7.06146,48.93523],[7.05691,48.937],[7.05277,48.93697],[7.05205,48.93669],[7.04788,48.93871],[7.04003,48.94328],[7.03835,48.95336],[7.03655,48.95403],[7.04245,48.95559],[7.04836,48.95565],[7.06629,48.95896]]]]}},{"type":"Feature","properties":{"code":"67458","nom":"Schweighouse-sur-Moder","departement":"67","region":"44"},"geometry":{"type":"MultiPolygon","coordinates":[[[[7.75976,48.80586],[7.73603,48.80192],[7.7349,48.80421],[7.7178,48.80553],[7.71759,48.80645],[7.71856,48.80698],[7.71927,48.81323],[7.71562,48.81549],[7.71454,48.81926],[7.71739,48.83146],[7.71271,48.83275],[7.70863,48.8339],[7.70936,48.83382],[7.71016,48.83555],[7.73374,48.83097],[7.74911,48.83003],[7.75591,48.82757],[7.76842,48.81609],[7.76853,48.81443],[7.76871,48.81305],[7.76564,48.80935],[7.75976,48.80586]]]]}},{"type":"Feature","properties":{"code":"67459","nom":"Schwenheim","departement":"67","region":"44"},"geometry":{"type":"MultiPolygon","coordinates":[[[[7.43331,48.70674],[7.40793,48.7044],[7.40571,48.70446],[7.40328,48.70557],[7.4016,48.70505],[7.39751,48.71233],[7.39393,48.71409],[7.39263,48.71343],[7.39126,48.71439],[7.39516,48.7269],[7.40292,48.72472],[7.41527,48.72297],[7.42075,48.72162],[7.42975,48.71412],[7.43229,48.71021],[7.43331,48.70674]]]]}},{"type":"Feature","properties":{"code":"67460","nom":"Schwindratzheim","departement":"67","region":"44"},"geometry":{"type":"MultiPolygon","coordinates":[[[[7.6251,48.75435],[7.61301,48.75331],[7.61085,48.74647],[7.60608,48.74117],[7.60013,48.73979],[7.5979,48.74326],[7.59752,48.74977],[7.59326,48.75033],[7.58927,48.76014],[7.59019,48.76519],[7.58912,48.76829],[7.58476,48.77343],[7.57853,48.77933],[7.5809,48.78582],[7.58515,48.78666],[7.59416,48.78309],[7.60291,48.78071],[7.60639,48.78108],[7.6075,48.77944],[7.61404,48.77721],[7.62327,48.77108],[7.6221,48.76619],[7.62261,48.76075],[7.6251,48.75435]]]]}},{"type":"Feature","properties":{"code":"67461","nom":"Schwobsheim","departement":"67","region":"44"},"geometry":{"type":"MultiPolygon","coordinates":[[[[7.57475,48.2212],[7.56518,48.23654],[7.56368,48.24239],[7.56023,48.24518],[7.56152,48.25088],[7.56387,48.25063],[7.56915,48.24407],[7.58099,48.23812],[7.58541,48.23703],[7.58607,48.23682],[7.58529,48.23565],[7.58881,48.23471],[7.58217,48.2249],[7.57849,48.22606],[7.57475,48.2212]]]]}},{"type":"Feature","properties":{"code":"67462","nom":"Sélestat","departement":"67","region":"44"},"geometry":{"type":"MultiPolygon","coordinates":[[[[7.47876,48.2901],[7.48992,48.2852],[7.49813,48.28406],[7.50829,48.28505],[7.51182,48.28353],[7.50502,48.27398],[7.50284,48.26808],[7.49458,48.26317],[7.49352,48.26383],[7.4924,48.26353],[7.49592,48.25645],[7.50677,48.25349],[7.50052,48.2428],[7.4957,48.2278],[7.49925,48.22129],[7.49795,48.21428],[7.48376,48.21165],[7.48095,48.20851],[7.4766,48.20367],[7.45114,48.21116],[7.43546,48.21768],[7.42259,48.22047],[7.41439,48.22501],[7.41524,48.22612],[7.41177,48.2289],[7.40702,48.23024],[7.4058,48.23142],[7.40602,48.23367],[7.41391,48.23968],[7.41752,48.24394],[7.42021,48.25299],[7.42239,48.25384],[7.42222,48.259],[7.42531,48.26401],[7.42632,48.26841],[7.42687,48.27073],[7.42811,48.27158],[7.43628,48.27745],[7.43723,48.27678],[7.4473,48.28015],[7.45526,48.28514],[7.463,48.29038],[7.46943,48.29769],[7.47615,48.2973],[7.47295,48.29286],[7.47246,48.2902],[7.47352,48.28743],[7.47635,48.2866],[7.47876,48.2901]]]]}},{"type":"Feature","properties":{"code":"67463","nom":"Seltz","departement":"67","region":"44"},"geometry":{"type":"MultiPolygon","coordinates":[[[[8.12153,48.86492],[8.11437,48.8709],[8.08818,48.87181],[8.08045,48.8728],[8.07853,48.87372],[8.07661,48.88091],[8.08092,48.8923],[8.07996,48.89493],[8.07113,48.89689],[8.05955,48.89782],[8.04289,48.89735],[8.05814,48.90445],[8.06382,48.90392],[8.0736,48.90456],[8.07669,48.90518],[8.08367,48.90201],[8.09648,48.89931],[8.10489,48.91358],[8.10397,48.91806],[8.10231,48.91996],[8.10272,48.92412],[8.11155,48.92514],[8.11641,48.92439],[8.13348,48.92461],[8.1358,48.92526],[8.13723,48.92455],[8.1371,48.92243],[8.12399,48.91129],[8.14153,48.8961],[8.12984,48.87967],[8.12153,48.86492]]]]}},{"type":"Feature","properties":{"code":"67464","nom":"Sermersheim","departement":"67","region":"44"},"geometry":{"type":"MultiPolygon","coordinates":[[[[7.59032,48.32297],[7.59063,48.32295],[7.56635,48.32012],[7.56432,48.32176],[7.55773,48.33218],[7.55025,48.3414],[7.53434,48.34794],[7.51771,48.34967],[7.51491,48.35014],[7.51358,48.35513],[7.51444,48.35728],[7.51728,48.3559],[7.52203,48.35716],[7.53094,48.36464],[7.54703,48.35999],[7.56478,48.35715],[7.56795,48.35343],[7.57047,48.34772],[7.57133,48.33659],[7.57484,48.33049],[7.58107,48.32589],[7.59032,48.32297]]]]}},{"type":"Feature","properties":{"code":"67502","nom":"Uttenhoffen","departement":"67","region":"44"},"geometry":{"type":"MultiPolygon","coordinates":[[[[7.62979,48.89501],[7.62881,48.89628],[7.64551,48.89941],[7.65325,48.8947],[7.65819,48.89057],[7.66275,48.88797],[7.66256,48.88518],[7.65673,48.88516],[7.65003,48.88648],[7.62979,48.89501]]]]}},{"type":"Feature","properties":{"code":"67465","nom":"Sessenheim","departement":"67","region":"44"},"geometry":{"type":"MultiPolygon","coordinates":[[[[8.00103,48.78432],[7.9978,48.784],[7.98886,48.77968],[7.97471,48.77994],[7.96091,48.77911],[7.9576,48.78292],[7.96287,48.79428],[7.96701,48.79966],[7.96923,48.80894],[7.96646,48.81188],[7.96713,48.81556],[7.97325,48.81768],[7.97458,48.81583],[7.98837,48.80899],[8.0017,48.8083],[8.0041,48.80631],[8.00295,48.80416],[7.99849,48.80061],[7.99765,48.78817],[8.00103,48.78432]]]]}},{"type":"Feature","properties":{"code":"67466","nom":"Siegen","departement":"67","region":"44"},"geometry":{"type":"MultiPolygon","coordinates":[[[[8.0454,48.975],[8.04922,48.96666],[8.06424,48.96025],[8.0662,48.95856],[8.05079,48.9469],[8.04357,48.94261],[8.03932,48.9408],[8.02997,48.93432],[8.02367,48.95799],[8.02345,48.96488],[8.02656,48.97106],[8.03468,48.97212],[8.0454,48.975]]]]}},{"type":"Feature","properties":{"code":"67467","nom":"Siewiller","departement":"67","region":"44"},"geometry":{"type":"MultiPolygon","coordinates":[[[[7.21775,48.82811],[7.21841,48.82586],[7.22319,48.82211],[7.21987,48.8189],[7.21288,48.82567],[7.20711,48.82805],[7.2039,48.827],[7.19709,48.82834],[7.18973,48.83292],[7.18831,48.83512],[7.18868,48.83686],[7.19388,48.83772],[7.19532,48.84025],[7.19231,48.84485],[7.18547,48.85023],[7.19471,48.85491],[7.19688,48.85593],[7.20473,48.85226],[7.20538,48.85071],[7.21324,48.8534],[7.22063,48.85376],[7.23284,48.85156],[7.23396,48.85018],[7.22835,48.84831],[7.21937,48.84457],[7.20938,48.84362],[7.21033,48.83982],[7.21775,48.82811]]]]}},{"type":"Feature","properties":{"code":"67468","nom":"Siltzheim","departement":"67","region":"44"},"geometry":{"type":"MultiPolygon","coordinates":[[[[7.10589,49.04535],[7.09538,49.04629],[7.07857,49.05035],[7.07219,49.05721],[7.06946,49.05928],[7.06759,49.06586],[7.07598,49.07392],[7.08417,49.0686],[7.09215,49.07129],[7.09855,49.07606],[7.09929,49.07783],[7.11084,49.07201],[7.11534,49.0666],[7.11339,49.06498],[7.1061,49.06201],[7.10253,49.05766],[7.10701,49.04828],[7.10589,49.04535]]]]}},{"type":"Feature","properties":{"code":"67470","nom":"Solbach","departement":"67","region":"44"},"geometry":{"type":"MultiPolygon","coordinates":[[[[7.20426,48.42167],[7.19297,48.42706],[7.18643,48.43305],[7.18264,48.43349],[7.18229,48.43492],[7.18371,48.43558],[7.18633,48.43587],[7.1866,48.43977],[7.2031,48.43685],[7.21347,48.43388],[7.21585,48.42693],[7.20576,48.42335],[7.20426,48.42167]]]]}},{"type":"Feature","properties":{"code":"67471","nom":"Souffelweyersheim","departement":"67","region":"44"},"geometry":{"type":"MultiPolygon","coordinates":[[[[7.71968,48.63358],[7.72249,48.63399],[7.72777,48.6353],[7.72914,48.6396],[7.7355,48.64163],[7.73737,48.64045],[7.7385,48.64019],[7.74124,48.64126],[7.74288,48.63938],[7.7435,48.63834],[7.75322,48.63453],[7.77949,48.6386],[7.77123,48.63411],[7.75801,48.63175],[7.75619,48.63141],[7.75635,48.6299],[7.75478,48.62862],[7.74627,48.6268],[7.74292,48.62521],[7.72739,48.62243],[7.72099,48.62309],[7.71899,48.62642],[7.71968,48.63358]]]]}},{"type":"Feature","properties":{"code":"67472","nom":"Soufflenheim","departement":"67","region":"44"},"geometry":{"type":"MultiPolygon","coordinates":[[[[7.97325,48.81768],[7.96713,48.81556],[7.96646,48.81188],[7.96923,48.80894],[7.96701,48.79966],[7.96287,48.79428],[7.9576,48.78292],[7.95296,48.78115],[7.93397,48.77855],[7.92747,48.77911],[7.92842,48.77943],[7.93699,48.79763],[7.93682,48.80525],[7.94159,48.81244],[7.94952,48.82114],[7.95449,48.83392],[7.96157,48.83795],[7.96427,48.83813],[7.9799,48.83362],[7.99014,48.83172],[7.98203,48.82382],[7.97571,48.81866],[7.97325,48.81768]]]]}},{"type":"Feature","properties":{"code":"67473","nom":"Soultz-les-Bains","departement":"67","region":"44"},"geometry":{"type":"MultiPolygon","coordinates":[[[[7.45874,48.55312],[7.46789,48.56295],[7.47256,48.56663],[7.47443,48.57233],[7.47208,48.57582],[7.46908,48.57611],[7.46903,48.582],[7.47171,48.58504],[7.4756,48.58474],[7.48066,48.58291],[7.48107,48.58074],[7.48452,48.57582],[7.48903,48.57384],[7.49562,48.56688],[7.48391,48.56194],[7.47455,48.55648],[7.46699,48.55218],[7.46354,48.55198],[7.46166,48.55374],[7.45874,48.55312]]]]}},{"type":"Feature","properties":{"code":"67474","nom":"Soultz-sous-Forêts","departement":"67","region":"44"},"geometry":{"type":"MultiPolygon","coordinates":[[[[7.84484,48.99164],[7.84977,48.98724],[7.85855,48.9803],[7.86358,48.97183],[7.86818,48.96729],[7.86177,48.96294],[7.86196,48.95678],[7.86491,48.95299],[7.86732,48.95151],[7.8705,48.9509],[7.86895,48.94643],[7.88073,48.94081],[7.88884,48.94297],[7.89202,48.9451],[7.8935,48.93849],[7.90059,48.93477],[7.90213,48.93271],[7.90917,48.93178],[7.92982,48.92935],[7.93131,48.92904],[7.92945,48.92352],[7.92689,48.92111],[7.92048,48.92265],[7.91821,48.92235],[7.91635,48.92163],[7.91469,48.91755],[7.91242,48.91578],[7.90707,48.91746],[7.90348,48.91708],[7.90139,48.91732],[7.89739,48.9211],[7.88937,48.92411],[7.88312,48.92199],[7.86832,48.91899],[7.85808,48.92003],[7.85888,48.92591],[7.86688,48.93533],[7.86233,48.94579],[7.85807,48.95228],[7.85706,48.96391],[7.8525,48.96828],[7.82763,48.97023],[7.82212,48.97364],[7.83564,48.98574],[7.84484,48.99164]]]]}},{"type":"Feature","properties":{"code":"67475","nom":"Sparsbach","departement":"67","region":"44"},"geometry":{"type":"MultiPolygon","coordinates":[[[[7.38216,48.86875],[7.37995,48.87929],[7.37594,48.88467],[7.36985,48.88763],[7.36911,48.89302],[7.37251,48.89549],[7.39213,48.89719],[7.40006,48.89411],[7.39942,48.89634],[7.40995,48.89642],[7.43196,48.88697],[7.45127,48.8836],[7.42814,48.87874],[7.42463,48.87497],[7.41009,48.86673],[7.40836,48.86701],[7.40893,48.86643],[7.38746,48.86265],[7.3789,48.858],[7.37426,48.85223],[7.3699,48.86181],[7.38216,48.86875]]]]}},{"type":"Feature","properties":{"code":"67476","nom":"Stattmatten","departement":"67","region":"44"},"geometry":{"type":"MultiPolygon","coordinates":[[[[8.03821,48.80274],[8.03984,48.80014],[8.03748,48.79296],[8.03,48.79074],[8.02331,48.79076],[8.00962,48.78537],[8.00103,48.78432],[7.99765,48.78817],[7.99849,48.80061],[8.03111,48.80048],[8.03821,48.80274]]]]}},{"type":"Feature","properties":{"code":"67477","nom":"Steige","departement":"67","region":"44"},"geometry":{"type":"MultiPolygon","coordinates":[[[[7.19498,48.35337],[7.20026,48.36246],[7.20646,48.36676],[7.21334,48.37029],[7.21991,48.37252],[7.23275,48.37397],[7.23717,48.37675],[7.24145,48.38114],[7.24416,48.38195],[7.24835,48.3811],[7.25724,48.37111],[7.25928,48.37042],[7.25719,48.36762],[7.25594,48.35868],[7.25044,48.35317],[7.23682,48.35051],[7.23135,48.35092],[7.2284,48.3523],[7.22025,48.3521],[7.21454,48.35079],[7.21039,48.34802],[7.20817,48.34841],[7.20546,48.35064],[7.2017,48.352],[7.19498,48.35337]]]]}},{"type":"Feature","properties":{"code":"67478","nom":"Steinbourg","departement":"67","region":"44"},"geometry":{"type":"MultiPolygon","coordinates":[[[[7.40756,48.74075],[7.40743,48.74075],[7.40469,48.74424],[7.39276,48.75511],[7.38919,48.76073],[7.391,48.7641],[7.38663,48.76828],[7.39031,48.76846],[7.39008,48.77091],[7.40515,48.76997],[7.40582,48.77544],[7.40138,48.77907],[7.39735,48.78589],[7.40056,48.78915],[7.41066,48.78852],[7.41413,48.78863],[7.41413,48.78911],[7.41749,48.79013],[7.42806,48.78603],[7.43312,48.7819],[7.43311,48.77984],[7.43089,48.77886],[7.43022,48.77645],[7.43321,48.77599],[7.4207,48.76794],[7.42027,48.76532],[7.42203,48.76375],[7.43022,48.7637],[7.43506,48.76288],[7.43605,48.75508],[7.43541,48.7503],[7.43717,48.74484],[7.41368,48.74252],[7.4073,48.74119],[7.40756,48.74075]]]]}},{"type":"Feature","properties":{"code":"67479","nom":"Steinseltz","departement":"67","region":"44"},"geometry":{"type":"MultiPolygon","coordinates":[[[[7.91941,48.98806],[7.90579,48.9935],[7.91908,49.0062],[7.92799,49.02141],[7.93065,49.02272],[7.93857,49.0185],[7.94251,49.01796],[7.94236,49.01667],[7.94283,49.01631],[7.95009,49.0098],[7.94979,49.0087],[7.94682,49.0076],[7.93582,48.99771],[7.92888,48.99519],[7.92189,48.99119],[7.91922,48.98903],[7.91941,48.98806]]]]}},{"type":"Feature","properties":{"code":"67480","nom":"Still","departement":"67","region":"44"},"geometry":{"type":"MultiPolygon","coordinates":[[[[7.3505,48.55641],[7.34332,48.5593],[7.33845,48.55878],[7.32827,48.56419],[7.31803,48.57281],[7.31131,48.58115],[7.31182,48.5865],[7.31485,48.59044],[7.3209,48.58615],[7.32396,48.58528],[7.34921,48.59003],[7.37461,48.58211],[7.38784,48.57341],[7.40431,48.56714],[7.40677,48.56813],[7.40768,48.56681],[7.41595,48.56642],[7.42277,48.56474],[7.42586,48.5596],[7.43113,48.56022],[7.42477,48.55769],[7.41266,48.54996],[7.39912,48.54331],[7.39522,48.543],[7.38699,48.54675],[7.37857,48.54921],[7.36208,48.54974],[7.35751,48.54995],[7.35204,48.55582],[7.3505,48.55641]]]]}},{"type":"Feature","properties":{"code":"67481","nom":"Stotzheim","departement":"67","region":"44"},"geometry":{"type":"MultiPolygon","coordinates":[[[[7.53175,48.36811],[7.53094,48.36464],[7.52203,48.35716],[7.51728,48.3559],[7.51444,48.35728],[7.50317,48.35865],[7.49675,48.36048],[7.48648,48.36762],[7.46955,48.37436],[7.46605,48.37555],[7.46388,48.37551],[7.46566,48.37736],[7.47247,48.37826],[7.47969,48.38154],[7.48294,48.38649],[7.49132,48.38881],[7.50179,48.39044],[7.50566,48.39041],[7.5053,48.38729],[7.52068,48.38928],[7.53634,48.39556],[7.54165,48.39593],[7.53427,48.38464],[7.53391,48.37523],[7.53175,48.36811]]]]}},{"type":"Feature","properties":{"code":"67500","nom":"Urmatt","departement":"67","region":"44"},"geometry":{"type":"MultiPolygon","coordinates":[[[[7.34564,48.52155],[7.32878,48.52141],[7.31788,48.52287],[7.30187,48.52299],[7.3006,48.52569],[7.29672,48.52822],[7.2833,48.52969],[7.27592,48.53246],[7.26401,48.53844],[7.25927,48.54204],[7.25272,48.55123],[7.25226,48.55504],[7.25719,48.55779],[7.26048,48.56096],[7.26199,48.55836],[7.26501,48.55692],[7.27088,48.55546],[7.27789,48.55587],[7.31633,48.54314],[7.32741,48.53713],[7.32848,48.53253],[7.33171,48.53043],[7.33831,48.52923],[7.34239,48.53064],[7.34408,48.52921],[7.34564,48.52155]]]]}},{"type":"Feature","properties":{"code":"67501","nom":"Uttenheim","departement":"67","region":"44"},"geometry":{"type":"MultiPolygon","coordinates":[[[[7.57206,48.42857],[7.57389,48.42909],[7.57929,48.43584],[7.58176,48.43356],[7.58928,48.43026],[7.59606,48.4249],[7.58889,48.41895],[7.59453,48.4137],[7.59989,48.41433],[7.60236,48.41531],[7.61579,48.41183],[7.61893,48.41017],[7.61191,48.40434],[7.61056,48.40259],[7.6105,48.39969],[7.60622,48.39301],[7.6034,48.39413],[7.59791,48.39232],[7.59388,48.39252],[7.59318,48.39321],[7.59517,48.40122],[7.59265,48.41125],[7.5943,48.41374],[7.58878,48.41893],[7.58147,48.4207],[7.57701,48.4226],[7.57468,48.42446],[7.57206,48.42857]]]]}},{"type":"Feature","properties":{"code":"67482","nom":"Strasbourg","departement":"67","region":"44"},"geometry":{"type":"MultiPolygon","coordinates":[[[[7.69394,48.56038],[7.69361,48.5608],[7.69254,48.56283],[7.70095,48.56459],[7.70182,48.56543],[7.70153,48.56837],[7.70132,48.56951],[7.69766,48.57326],[7.69482,48.57454],[7.69606,48.57587],[7.69644,48.57625],[7.69541,48.57696],[7.69566,48.58047],[7.69545,48.58091],[7.69545,48.58091],[7.69132,48.58285],[7.6887,48.58617],[7.68864,48.59084],[7.68825,48.59811],[7.68812,48.59947],[7.69698,48.60122],[7.69746,48.60104],[7.70043,48.6032],[7.70433,48.60125],[7.70742,48.60294],[7.70881,48.60417],[7.70952,48.60478],[7.71405,48.6052],[7.71615,48.60633],[7.71819,48.60679],[7.71852,48.60567],[7.72118,48.60625],[7.72302,48.60448],[7.72207,48.60293],[7.72425,48.60311],[7.72397,48.60266],[7.72652,48.60204],[7.73359,48.60114],[7.73939,48.59828],[7.73981,48.59806],[7.7406,48.59825],[7.7421,48.59862],[7.74662,48.59864],[7.75457,48.59996],[7.75484,48.59982],[7.75495,48.60119],[7.75654,48.6022],[7.7654,48.60312],[7.7654,48.60527],[7.76886,48.60693],[7.77055,48.60882],[7.76813,48.61267],[7.76765,48.61465],[7.7719,48.61881],[7.77451,48.6191],[7.7775,48.61817],[7.78212,48.61751],[7.78567,48.6193],[7.7974,48.62643],[7.80128,48.62615],[7.80369,48.62725],[7.80279,48.62922],[7.80026,48.63363],[7.79392,48.6357],[7.79244,48.63888],[7.79375,48.64228],[7.8066,48.6454],[7.81156,48.64219],[7.81461,48.63816],[7.82122,48.63558],[7.83604,48.63337],[7.83028,48.61981],[7.82031,48.60869],[7.80532,48.59318],[7.80223,48.58889],[7.80026,48.58257],[7.80107,48.57561],[7.80434,48.56628],[7.80577,48.55656],[7.80576,48.55017],[7.80357,48.53705],[7.80677,48.52149],[7.8042,48.51168],[7.80004,48.50608],[7.79483,48.50172],[7.7708,48.49195],[7.7694,48.49325],[7.76734,48.49359],[7.75739,48.49315],[7.75647,48.49366],[7.75696,48.49627],[7.76047,48.49974],[7.75995,48.50227],[7.75583,48.5078],[7.76314,48.52218],[7.7562,48.53828],[7.75836,48.53933],[7.74852,48.54534],[7.74029,48.5475],[7.73438,48.55109],[7.73309,48.55115],[7.73262,48.55033],[7.73249,48.55033],[7.73248,48.55033],[7.73118,48.55029],[7.73023,48.55117],[7.73166,48.5544],[7.73064,48.55814],[7.72582,48.56161],[7.72099,48.56238],[7.71448,48.5622],[7.71399,48.56182],[7.71638,48.56033],[7.71621,48.55969],[7.71197,48.5589],[7.70802,48.55827],[7.70439,48.55769],[7.70429,48.5605],[7.70242,48.56075],[7.69816,48.56143],[7.69394,48.56038]]]]}},{"type":"Feature","properties":{"code":"67483","nom":"Struth","departement":"67","region":"44"},"geometry":{"type":"MultiPolygon","coordinates":[[[[7.28733,48.89134],[7.27033,48.88747],[7.25055,48.8884],[7.24965,48.89288],[7.25511,48.89781],[7.25895,48.89797],[7.26421,48.90088],[7.26625,48.90406],[7.26729,48.90408],[7.26863,48.90637],[7.27211,48.90685],[7.28235,48.90343],[7.28339,48.90231],[7.284,48.90071],[7.28777,48.89784],[7.28906,48.89357],[7.28733,48.89134]]]]}},{"type":"Feature","properties":{"code":"67484","nom":"Stundwiller","departement":"67","region":"44"},"geometry":{"type":"MultiPolygon","coordinates":[[[[7.99375,48.91241],[7.98236,48.91253],[7.98083,48.91316],[7.98938,48.92771],[7.99004,48.93092],[7.99852,48.93621],[8.01326,48.93404],[8.01355,48.93137],[8.0124,48.92971],[7.99375,48.91241]]]]}},{"type":"Feature","properties":{"code":"67485","nom":"Stutzheim-Offenheim","departement":"67","region":"44"},"geometry":{"type":"MultiPolygon","coordinates":[[[[7.63673,48.64102],[7.63658,48.63759],[7.63791,48.63264],[7.6392,48.63088],[7.64047,48.63092],[7.64724,48.62261],[7.64943,48.61266],[7.64225,48.61272],[7.63342,48.60898],[7.62423,48.61403],[7.60472,48.62763],[7.6061,48.6281],[7.61135,48.63844],[7.61195,48.64148],[7.61883,48.64201],[7.63673,48.64102]]]]}},{"type":"Feature","properties":{"code":"67486","nom":"Sundhouse","departement":"67","region":"44"},"geometry":{"type":"MultiPolygon","coordinates":[[[[7.63936,48.27298],[7.6553,48.27],[7.66452,48.2724],[7.66705,48.27416],[7.66847,48.27069],[7.66865,48.26668],[7.67846,48.25847],[7.68106,48.25766],[7.6798,48.2542],[7.67113,48.25414],[7.66474,48.24648],[7.6571,48.24115],[7.64817,48.23657],[7.64505,48.23755],[7.64218,48.23841],[7.63833,48.24191],[7.62008,48.24544],[7.59574,48.23434],[7.59476,48.23223],[7.58881,48.23471],[7.58529,48.23565],[7.58607,48.23682],[7.58541,48.23703],[7.59497,48.25416],[7.60482,48.26362],[7.61289,48.26819],[7.62097,48.27092],[7.63513,48.26912],[7.63936,48.27298]],[[7.62485,48.24888],[7.62942,48.24709],[7.63956,48.24852],[7.6477,48.24763],[7.65745,48.24542],[7.66138,48.25353],[7.63411,48.25899],[7.62792,48.25554],[7.62589,48.25278],[7.62485,48.24888]]]]}},{"type":"Feature","properties":{"code":"67487","nom":"Surbourg","departement":"67","region":"44"},"geometry":{"type":"MultiPolygon","coordinates":[[[[7.80676,48.90205],[7.80482,48.90353],[7.8,48.90327],[7.80098,48.91921],[7.80038,48.92337],[7.80664,48.92369],[7.81711,48.91872],[7.82159,48.91701],[7.83186,48.91651],[7.84242,48.91958],[7.84465,48.92011],[7.85808,48.92003],[7.86832,48.91899],[7.86821,48.91794],[7.87563,48.91366],[7.87444,48.91217],[7.86794,48.90631],[7.86295,48.90383],[7.85963,48.89795],[7.8589,48.89415],[7.8423,48.89707],[7.83919,48.89904],[7.84075,48.90123],[7.83356,48.90263],[7.82793,48.90333],[7.818,48.90323],[7.80676,48.90205]]]]}},{"type":"Feature","properties":{"code":"67488","nom":"Thal-Drulingen","departement":"67","region":"44"},"geometry":{"type":"MultiPolygon","coordinates":[[[[7.12503,48.90408],[7.11723,48.91445],[7.11935,48.91685],[7.12584,48.92062],[7.13109,48.92117],[7.13987,48.92553],[7.14469,48.9229],[7.14696,48.91779],[7.15676,48.9133],[7.16412,48.91103],[7.16425,48.91043],[7.15326,48.90415],[7.14524,48.90208],[7.13521,48.90113],[7.12503,48.90408]]]]}},{"type":"Feature","properties":{"code":"67489","nom":"Thal-Marmoutier","departement":"67","region":"44"},"geometry":{"type":"MultiPolygon","coordinates":[[[[7.36101,48.70737],[7.35844,48.70034],[7.34657,48.69425],[7.33445,48.68372],[7.32129,48.68419],[7.32995,48.69388],[7.3324,48.70082],[7.33883,48.70549],[7.35893,48.70712],[7.3596,48.70766],[7.36101,48.70737]]]]}},{"type":"Feature","properties":{"code":"67490","nom":"Thanvillé","departement":"67","region":"44"},"geometry":{"type":"MultiPolygon","coordinates":[[[[7.34648,48.31912],[7.33542,48.32492],[7.34362,48.3324],[7.34926,48.33238],[7.3531,48.33317],[7.35589,48.32877],[7.35748,48.32399],[7.35427,48.31242],[7.34648,48.31912]]]]}},{"type":"Feature","properties":{"code":"67491","nom":"Tieffenbach","departement":"67","region":"44"},"geometry":{"type":"MultiPolygon","coordinates":[[[[7.23549,48.89116],[7.22859,48.89453],[7.21882,48.89687],[7.21943,48.8992],[7.22196,48.90642],[7.2232,48.90553],[7.22707,48.90565],[7.23098,48.90759],[7.26603,48.91124],[7.2718,48.91366],[7.26625,48.90406],[7.26421,48.90088],[7.25895,48.89797],[7.25511,48.89781],[7.24965,48.89288],[7.24615,48.89361],[7.2395,48.89024],[7.23549,48.89116]]]]}},{"type":"Feature","properties":{"code":"67492","nom":"Traenheim","departement":"67","region":"44"},"geometry":{"type":"MultiPolygon","coordinates":[[[[7.46841,48.58826],[7.45356,48.58763],[7.44902,48.58639],[7.44602,48.59062],[7.46961,48.60183],[7.4866,48.598],[7.48831,48.59695],[7.48522,48.59436],[7.48332,48.59219],[7.46841,48.58826]]]]}},{"type":"Feature","properties":{"code":"67493","nom":"Triembach-au-Val","departement":"67","region":"44"},"geometry":{"type":"MultiPolygon","coordinates":[[[[7.34452,48.33847],[7.342,48.3395],[7.33873,48.33948],[7.32562,48.33721],[7.32437,48.33453],[7.32503,48.33224],[7.32006,48.33545],[7.31895,48.33785],[7.3164,48.33903],[7.32388,48.34865],[7.32782,48.34852],[7.34534,48.35177],[7.3561,48.34912],[7.34946,48.3451],[7.34452,48.33847]]]]}},{"type":"Feature","properties":{"code":"67494","nom":"Trimbach","departement":"67","region":"44"},"geometry":{"type":"MultiPolygon","coordinates":[[[[8.00353,48.94041],[8.01465,48.94339],[8.01766,48.94778],[8.01108,48.95747],[8.01079,48.95778],[8.02367,48.95799],[8.02997,48.93432],[8.02715,48.92751],[8.02788,48.92483],[8.02273,48.92577],[8.01578,48.92856],[8.01594,48.92925],[8.0124,48.92971],[8.01355,48.93137],[8.01326,48.93404],[7.99852,48.93621],[8.00353,48.94041]]]]}},{"type":"Feature","properties":{"code":"67495","nom":"Truchtersheim","departement":"67","region":"44"},"geometry":{"type":"MultiPolygon","coordinates":[[[[7.63673,48.64102],[7.61883,48.64201],[7.61195,48.64148],[7.61172,48.64374],[7.59806,48.64847],[7.59412,48.65],[7.5927,48.64996],[7.59604,48.66173],[7.58619,48.66681],[7.58596,48.66917],[7.59123,48.66886],[7.59255,48.67257],[7.60029,48.67278],[7.60715,48.67154],[7.61195,48.66963],[7.62909,48.66732],[7.63147,48.66809],[7.6343,48.66899],[7.64968,48.66904],[7.66819,48.6666],[7.67277,48.66439],[7.67055,48.66216],[7.66997,48.65981],[7.67096,48.65952],[7.66862,48.65361],[7.65435,48.64928],[7.64868,48.64855],[7.64447,48.6477],[7.64157,48.64154],[7.63673,48.64102]]]]}},{"type":"Feature","properties":{"code":"67497","nom":"Uhlwiller","departement":"67","region":"44"},"geometry":{"type":"MultiPolygon","coordinates":[[[[7.70863,48.8339],[7.71271,48.83275],[7.70971,48.83041],[7.69774,48.82778],[7.69046,48.82527],[7.6846,48.82005],[7.67848,48.80926],[7.6689,48.80404],[7.66439,48.80249],[7.65565,48.80096],[7.64827,48.81018],[7.64976,48.8123],[7.66197,48.82214],[7.6821,48.83341],[7.69141,48.83607],[7.69929,48.83691],[7.70377,48.83491],[7.70863,48.8339]]]]}},{"type":"Feature","properties":{"code":"67498","nom":"Uhrwiller","departement":"67","region":"44"},"geometry":{"type":"MultiPolygon","coordinates":[[[[7.54482,48.87177],[7.54597,48.87215],[7.54468,48.87478],[7.54493,48.87683],[7.55272,48.87674],[7.56725,48.88056],[7.57734,48.88978],[7.57676,48.8945],[7.58157,48.89745],[7.57862,48.90238],[7.59563,48.90243],[7.60461,48.90675],[7.60153,48.89766],[7.60584,48.88767],[7.60478,48.88508],[7.6058,48.877],[7.605,48.87448],[7.60222,48.87417],[7.59813,48.87368],[7.58368,48.86791],[7.57454,48.86285],[7.57309,48.86097],[7.55228,48.86527],[7.54847,48.86757],[7.54482,48.87177]]]]}},{"type":"Feature","properties":{"code":"67499","nom":"Urbeis","departement":"67","region":"44"},"geometry":{"type":"MultiPolygon","coordinates":[[[[7.21039,48.34802],[7.20808,48.34331],[7.20432,48.34302],[7.2,48.34024],[7.20664,48.33509],[7.21008,48.3336],[7.22571,48.33213],[7.24332,48.32626],[7.24444,48.32511],[7.25015,48.32434],[7.23012,48.32196],[7.21706,48.31742],[7.2026,48.31376],[7.20231,48.31168],[7.20377,48.30996],[7.19835,48.3103],[7.18258,48.32977],[7.17081,48.3421],[7.16954,48.34232],[7.16731,48.34307],[7.16401,48.3461],[7.16849,48.35004],[7.17078,48.35084],[7.188,48.35099],[7.19498,48.35337],[7.2017,48.352],[7.20546,48.35064],[7.20817,48.34841],[7.21039,48.34802]]]]}},{"type":"Feature","properties":{"code":"67503","nom":"Uttwiller","departement":"67","region":"44"},"geometry":{"type":"MultiPolygon","coordinates":[[[[7.48564,48.84225],[7.48069,48.8547],[7.48456,48.85613],[7.48508,48.85417],[7.48826,48.85465],[7.49513,48.85424],[7.50416,48.85179],[7.50902,48.84625],[7.5135,48.83859],[7.51223,48.83496],[7.50795,48.83447],[7.49974,48.84044],[7.49719,48.84139],[7.49227,48.84258],[7.48564,48.84225]]]]}},{"type":"Feature","properties":{"code":"67504","nom":"Valff","departement":"67","region":"44"},"geometry":{"type":"MultiPolygon","coordinates":[[[[7.49552,48.42471],[7.50425,48.43327],[7.50485,48.43528],[7.51414,48.43494],[7.522,48.43343],[7.53213,48.43365],[7.53781,48.43535],[7.55344,48.43298],[7.5653,48.42652],[7.54781,48.41435],[7.52732,48.40744],[7.51691,48.40614],[7.51088,48.40627],[7.50458,48.40762],[7.4996,48.41032],[7.49706,48.41028],[7.49705,48.41106],[7.50201,48.41171],[7.50457,48.41355],[7.50576,48.41758],[7.50451,48.42041],[7.50164,48.42319],[7.49552,48.42471]]]]}},{"type":"Feature","properties":{"code":"67505","nom":"La Vancelle","departement":"67","region":"44"},"geometry":{"type":"MultiPolygon","coordinates":[[[[7.29108,48.29388],[7.29339,48.29471],[7.30467,48.28826],[7.31856,48.28362],[7.33692,48.29609],[7.34255,48.2972],[7.34642,48.28099],[7.34766,48.27945],[7.34091,48.27689],[7.33371,48.27234],[7.32273,48.27203],[7.31825,48.2712],[7.31443,48.26909],[7.30626,48.26837],[7.29916,48.26851],[7.29296,48.27057],[7.29025,48.27251],[7.29156,48.27479],[7.29276,48.28832],[7.2906,48.29051],[7.29108,48.29388]]]]}},{"type":"Feature","properties":{"code":"67506","nom":"Vendenheim","departement":"67","region":"44"},"geometry":{"type":"MultiPolygon","coordinates":[[[[7.69105,48.67175],[7.69636,48.67195],[7.70449,48.67385],[7.71191,48.67788],[7.71604,48.68178],[7.72086,48.68257],[7.71902,48.68603],[7.7233,48.68758],[7.74724,48.68652],[7.74654,48.67538],[7.75049,48.67311],[7.76404,48.66882],[7.76427,48.66831],[7.76978,48.66934],[7.78661,48.66994],[7.79652,48.66935],[7.78869,48.65658],[7.78402,48.65085],[7.77148,48.65205],[7.75971,48.65599],[7.76062,48.65776],[7.75985,48.66285],[7.75373,48.66233],[7.73508,48.65881],[7.73237,48.65662],[7.73034,48.65226],[7.72709,48.65429],[7.72257,48.65463],[7.72156,48.65754],[7.70451,48.65971],[7.69545,48.66295],[7.68836,48.66869],[7.68743,48.67111],[7.69105,48.67175]]]]}},{"type":"Feature","properties":{"code":"67507","nom":"Villé","departement":"67","region":"44"},"geometry":{"type":"MultiPolygon","coordinates":[[[[7.28367,48.34109],[7.29637,48.34511],[7.30501,48.35556],[7.30572,48.35419],[7.31132,48.35158],[7.32388,48.34865],[7.3164,48.33903],[7.30813,48.33858],[7.30269,48.33738],[7.30077,48.33512],[7.29524,48.33237],[7.29333,48.33328],[7.28367,48.34109]]]]}},{"type":"Feature","properties":{"code":"67508","nom":"Vœllerdingen","departement":"67","region":"44"},"geometry":{"type":"MultiPolygon","coordinates":[[[[7.16567,48.97528],[7.16443,48.9732],[7.16271,48.96389],[7.15877,48.96118],[7.13991,48.95415],[7.13327,48.95341],[7.12565,48.95411],[7.12148,48.95301],[7.11976,48.96333],[7.10044,48.9654],[7.09909,48.96648],[7.09912,48.9691],[7.10274,48.97648],[7.10693,48.97698],[7.14219,48.98979],[7.15894,48.99338],[7.15919,48.98656],[7.16282,48.97607],[7.16567,48.97528]]]]}},{"type":"Feature","properties":{"code":"67509","nom":"Volksberg","departement":"67","region":"44"},"geometry":{"type":"MultiPolygon","coordinates":[[[[7.25847,48.93598],[7.27247,48.94453],[7.27922,48.95037],[7.2901,48.95641],[7.29796,48.95633],[7.30614,48.95383],[7.31276,48.94949],[7.32677,48.94344],[7.32263,48.9384],[7.32105,48.92701],[7.31452,48.92575],[7.29753,48.92586],[7.29029,48.92276],[7.28665,48.92367],[7.28675,48.92562],[7.28391,48.92829],[7.28262,48.92847],[7.28116,48.93067],[7.28781,48.93417],[7.28246,48.93838],[7.26869,48.93939],[7.25847,48.93598]]]]}},{"type":"Feature","properties":{"code":"67510","nom":"Wahlenheim","departement":"67","region":"44"},"geometry":{"type":"MultiPolygon","coordinates":[[[[7.67208,48.75847],[7.66933,48.76543],[7.68188,48.76985],[7.68694,48.7735],[7.69032,48.77128],[7.70471,48.76619],[7.70459,48.76523],[7.69964,48.76035],[7.69854,48.76181],[7.6932,48.76195],[7.67208,48.75847]]]]}},{"type":"Feature","properties":{"code":"67511","nom":"Walbourg","departement":"67","region":"44"},"geometry":{"type":"MultiPolygon","coordinates":[[[[7.74989,48.88724],[7.77076,48.8898],[7.77307,48.88877],[7.77989,48.88764],[7.78248,48.88941],[7.78523,48.8955],[7.79377,48.8934],[7.80092,48.89034],[7.80784,48.88802],[7.80938,48.88837],[7.81394,48.88497],[7.81099,48.87788],[7.80405,48.87692],[7.79161,48.87927],[7.77574,48.88373],[7.7731,48.88382],[7.76476,48.88169],[7.75892,48.8786],[7.75591,48.87876],[7.75252,48.88246],[7.74989,48.88724]]]]}},{"type":"Feature","properties":{"code":"67513","nom":"Waldersbach","departement":"67","region":"44"},"geometry":{"type":"MultiPolygon","coordinates":[[[[7.20485,48.41141],[7.20336,48.41514],[7.20509,48.42144],[7.20426,48.42167],[7.20576,48.42335],[7.21585,48.42693],[7.21736,48.42587],[7.23165,48.42318],[7.2352,48.42444],[7.2385,48.42162],[7.22655,48.41526],[7.22494,48.41007],[7.22248,48.40657],[7.2176,48.409],[7.20485,48.41141]]]]}},{"type":"Feature","properties":{"code":"67514","nom":"Waldhambach","departement":"67","region":"44"},"geometry":{"type":"MultiPolygon","coordinates":[[[[7.25847,48.93598],[7.26869,48.93939],[7.28246,48.93838],[7.28781,48.93417],[7.28116,48.93067],[7.28262,48.92847],[7.26098,48.9299],[7.25117,48.92881],[7.24356,48.9259],[7.23319,48.92074],[7.22988,48.91658],[7.22628,48.90578],[7.23098,48.90759],[7.22707,48.90565],[7.2232,48.90553],[7.22196,48.90642],[7.20126,48.91493],[7.19727,48.91501],[7.18844,48.93008],[7.19369,48.93071],[7.19934,48.92982],[7.20178,48.93123],[7.20489,48.93429],[7.20807,48.94067],[7.21127,48.94335],[7.2139,48.94318],[7.21221,48.94072],[7.21588,48.93785],[7.21844,48.93708],[7.22699,48.93858],[7.23001,48.94026],[7.23624,48.94677],[7.23262,48.94161],[7.23537,48.93763],[7.25847,48.93598]]]]}},{"type":"Feature","properties":{"code":"67515","nom":"Waldolwisheim","departement":"67","region":"44"},"geometry":{"type":"MultiPolygon","coordinates":[[[[7.45207,48.74681],[7.45285,48.74595],[7.44873,48.73465],[7.44982,48.7325],[7.45374,48.73296],[7.45382,48.73169],[7.45542,48.73183],[7.45632,48.73068],[7.45568,48.72847],[7.45093,48.7203],[7.44866,48.71855],[7.4476,48.71831],[7.42042,48.73128],[7.41987,48.73394],[7.41492,48.73786],[7.40994,48.74066],[7.40756,48.74075],[7.4073,48.74119],[7.41368,48.74252],[7.43717,48.74484],[7.45207,48.74681]]]]}},{"type":"Feature","properties":{"code":"67516","nom":"Waltenheim-sur-Zorn","departement":"67","region":"44"},"geometry":{"type":"MultiPolygon","coordinates":[[[[7.6251,48.75435],[7.63219,48.75319],[7.6464,48.74597],[7.64638,48.74435],[7.63561,48.73627],[7.60988,48.73646],[7.60207,48.7339],[7.60161,48.73186],[7.59828,48.73118],[7.59824,48.73481],[7.59982,48.73479],[7.6002,48.7356],[7.60013,48.73979],[7.60608,48.74117],[7.61085,48.74647],[7.61301,48.75331],[7.6251,48.75435]]]]}},{"type":"Feature","properties":{"code":"67517","nom":"Wangen","departement":"67","region":"44"},"geometry":{"type":"MultiPolygon","coordinates":[[[[7.46447,48.60872],[7.44239,48.61507],[7.45707,48.63019],[7.45938,48.63193],[7.4639,48.632],[7.47158,48.62875],[7.47418,48.61959],[7.47859,48.61051],[7.46447,48.60872]]]]}},{"type":"Feature","properties":{"code":"67519","nom":"La Wantzenau","departement":"67","region":"44"},"geometry":{"type":"MultiPolygon","coordinates":[[[[7.8959,48.66695],[7.88951,48.66226],[7.88325,48.65917],[7.86251,48.65088],[7.8443,48.64519],[7.83942,48.641],[7.83604,48.63337],[7.82122,48.63558],[7.81461,48.63816],[7.81156,48.64219],[7.8066,48.6454],[7.79375,48.64228],[7.79244,48.63888],[7.79392,48.6357],[7.78727,48.64025],[7.78511,48.63978],[7.78402,48.65085],[7.78869,48.65658],[7.79652,48.66935],[7.81787,48.68744],[7.83332,48.67984],[7.84143,48.67303],[7.84432,48.67011],[7.85311,48.667],[7.86044,48.66945],[7.86676,48.67508],[7.87229,48.67513],[7.89155,48.67043],[7.89355,48.66833],[7.8959,48.66695]]]]}},{"type":"Feature","properties":{"code":"67520","nom":"Wasselonne","departement":"67","region":"44"},"geometry":{"type":"MultiPolygon","coordinates":[[[[7.42997,48.61716],[7.42126,48.62267],[7.41285,48.62664],[7.41046,48.62741],[7.41135,48.63108],[7.41552,48.63492],[7.41505,48.63763],[7.4139,48.6394],[7.4151,48.63977],[7.41716,48.64155],[7.4207,48.64001],[7.42373,48.64681],[7.42028,48.6505],[7.41548,48.65261],[7.41854,48.65415],[7.42756,48.65432],[7.4485,48.65724],[7.44769,48.65775],[7.44806,48.65919],[7.45301,48.65911],[7.46945,48.6563],[7.47517,48.65229],[7.4779,48.64906],[7.47858,48.6474],[7.47321,48.64198],[7.4712,48.63905],[7.46756,48.63639],[7.45666,48.63127],[7.45707,48.63019],[7.44239,48.61507],[7.44192,48.61515],[7.42997,48.61716]]]]}},{"type":"Feature","properties":{"code":"67521","nom":"Weinbourg","departement":"67","region":"44"},"geometry":{"type":"MultiPolygon","coordinates":[[[[7.4588,48.86581],[7.43554,48.86217],[7.43273,48.86114],[7.42352,48.86398],[7.40893,48.86643],[7.40836,48.86701],[7.41009,48.86673],[7.42463,48.87497],[7.42814,48.87874],[7.45127,48.8836],[7.45666,48.88138],[7.46032,48.86615],[7.4588,48.86581]]]]}},{"type":"Feature","properties":{"code":"67522","nom":"Weislingen","departement":"67","region":"44"},"geometry":{"type":"MultiPolygon","coordinates":[[[[7.28769,48.92203],[7.28731,48.92115],[7.27413,48.91365],[7.2718,48.91366],[7.26603,48.91124],[7.23098,48.90759],[7.22628,48.90578],[7.22988,48.91658],[7.23319,48.92074],[7.24356,48.9259],[7.25117,48.92881],[7.26098,48.9299],[7.28262,48.92847],[7.28391,48.92829],[7.28675,48.92562],[7.28665,48.92367],[7.28564,48.92267],[7.28769,48.92203]]]]}},{"type":"Feature","properties":{"code":"67523","nom":"Weitbruch","departement":"67","region":"44"},"geometry":{"type":"MultiPolygon","coordinates":[[[[7.75648,48.75915],[7.75998,48.76118],[7.76533,48.77431],[7.75529,48.78357],[7.76208,48.78496],[7.76668,48.7851],[7.79389,48.78182],[7.8047,48.77985],[7.81359,48.77771],[7.81119,48.77167],[7.80336,48.76393],[7.79719,48.75369],[7.79191,48.74745],[7.79272,48.7444],[7.79054,48.74401],[7.78695,48.73737],[7.77194,48.74012],[7.7702,48.74265],[7.76741,48.74426],[7.75747,48.74361],[7.74962,48.74935],[7.7477,48.75175],[7.75559,48.75555],[7.75753,48.75853],[7.75648,48.75915]]]]}},{"type":"Feature","properties":{"code":"67524","nom":"Weiterswiller","departement":"67","region":"44"},"geometry":{"type":"MultiPolygon","coordinates":[[[[7.43175,48.84326],[7.42837,48.84446],[7.42291,48.84425],[7.38502,48.84871],[7.37791,48.85021],[7.37535,48.85155],[7.37426,48.85223],[7.3789,48.858],[7.38746,48.86265],[7.40893,48.86643],[7.42352,48.86398],[7.43273,48.86114],[7.42987,48.85927],[7.42961,48.85779],[7.43248,48.84667],[7.43175,48.84326]]]]}},{"type":"Feature","properties":{"code":"67525","nom":"Westhoffen","departement":"67","region":"44"},"geometry":{"type":"MultiPolygon","coordinates":[[[[7.37233,48.59874],[7.36188,48.60099],[7.36382,48.60708],[7.36968,48.615],[7.388,48.61915],[7.40723,48.62169],[7.41285,48.62664],[7.42126,48.62267],[7.42997,48.61716],[7.44192,48.61515],[7.44239,48.61507],[7.46447,48.60872],[7.46918,48.6036],[7.46961,48.60183],[7.44602,48.59062],[7.42943,48.58795],[7.41457,48.58436],[7.41016,48.58476],[7.39808,48.58912],[7.3918,48.60009],[7.38196,48.60016],[7.37396,48.59839],[7.37233,48.59874]]]]}},{"type":"Feature","properties":{"code":"67526","nom":"Westhouse","departement":"67","region":"44"},"geometry":{"type":"MultiPolygon","coordinates":[[[[7.58863,48.3915],[7.58589,48.3913],[7.57852,48.38809],[7.56963,48.38902],[7.55407,48.39466],[7.55199,48.40026],[7.55334,48.40734],[7.55276,48.4099],[7.54781,48.41435],[7.5653,48.42652],[7.57206,48.42857],[7.57468,48.42446],[7.57701,48.4226],[7.58147,48.4207],[7.58878,48.41893],[7.5943,48.41374],[7.59265,48.41125],[7.59517,48.40122],[7.59318,48.39321],[7.58863,48.3915]]],[[[7.59989,48.41433],[7.59453,48.4137],[7.58889,48.41895],[7.59606,48.4249],[7.60516,48.42],[7.605,48.41833],[7.60236,48.41531],[7.59989,48.41433]]]]}},{"type":"Feature","properties":{"code":"67527","nom":"Westhouse-Marmoutier","departement":"67","region":"44"},"geometry":{"type":"MultiPolygon","coordinates":[[[[7.43355,48.67633],[7.42659,48.67615],[7.42654,48.68289],[7.42844,48.68659],[7.43012,48.68866],[7.43276,48.6876],[7.44079,48.68699],[7.44812,48.68805],[7.46293,48.69234],[7.47267,48.69334],[7.4839,48.69012],[7.48483,48.6892],[7.49003,48.68627],[7.47936,48.68654],[7.47819,48.68481],[7.47751,48.68555],[7.46772,48.68765],[7.45483,48.68304],[7.44654,48.67873],[7.43355,48.67633]]]]}},{"type":"Feature","properties":{"code":"67528","nom":"Weyer","departement":"67","region":"44"},"geometry":{"type":"MultiPolygon","coordinates":[[[[7.12882,48.84953],[7.13517,48.85737],[7.14416,48.87187],[7.14597,48.87294],[7.14953,48.8735],[7.16542,48.87512],[7.17007,48.87834],[7.17274,48.87865],[7.17723,48.87746],[7.17909,48.87492],[7.17834,48.87186],[7.18353,48.86282],[7.19471,48.85578],[7.19471,48.85491],[7.18547,48.85023],[7.18027,48.84827],[7.17668,48.84214],[7.17377,48.84199],[7.1491,48.84459],[7.13559,48.84903],[7.12882,48.84953]]]]}},{"type":"Feature","properties":{"code":"67529","nom":"Weyersheim","departement":"67","region":"44"},"geometry":{"type":"MultiPolygon","coordinates":[[[[7.82705,48.73163],[7.83452,48.73152],[7.84968,48.72705],[7.86031,48.72938],[7.86206,48.73135],[7.8766,48.73973],[7.88616,48.74216],[7.8843,48.74006],[7.87866,48.73709],[7.87574,48.73389],[7.87499,48.73089],[7.87653,48.72566],[7.87399,48.72071],[7.87056,48.71691],[7.86948,48.7149],[7.86791,48.71455],[7.84003,48.69867],[7.82132,48.69233],[7.8184,48.68979],[7.8177,48.68922],[7.80686,48.70637],[7.79229,48.71128],[7.78749,48.71577],[7.79211,48.73027],[7.82705,48.73163]]]]}},{"type":"Feature","properties":{"code":"67530","nom":"Wickersheim-Wilshausen","departement":"67","region":"44"},"geometry":{"type":"MultiPolygon","coordinates":[[[[7.51217,48.78043],[7.51424,48.78727],[7.51123,48.79123],[7.53446,48.79154],[7.54028,48.79269],[7.54633,48.78352],[7.5477,48.78145],[7.54937,48.77975],[7.55272,48.77892],[7.55922,48.77184],[7.55596,48.77031],[7.54614,48.76885],[7.5439,48.77035],[7.54373,48.77135],[7.53676,48.7748],[7.52034,48.77344],[7.51356,48.78052],[7.51217,48.78043]]]]}},{"type":"Feature","properties":{"code":"67531","nom":"Wildersbach","departement":"67","region":"44"},"geometry":{"type":"MultiPolygon","coordinates":[[[[7.21347,48.43388],[7.21183,48.4381],[7.21987,48.45089],[7.22187,48.45061],[7.2259,48.44904],[7.22508,48.44613],[7.22603,48.44442],[7.23012,48.4383],[7.2356,48.43375],[7.2352,48.42444],[7.23165,48.42318],[7.21736,48.42587],[7.21585,48.42693],[7.21347,48.43388]]]]}},{"type":"Feature","properties":{"code":"67532","nom":"Willgottheim","departement":"67","region":"44"},"geometry":{"type":"MultiPolygon","coordinates":[[[[7.54479,48.68946],[7.54845,48.68452],[7.54898,48.67873],[7.54594,48.67822],[7.5417,48.67561],[7.54006,48.67153],[7.53529,48.67121],[7.52399,48.66226],[7.52076,48.66289],[7.48618,48.66029],[7.48496,48.65972],[7.47894,48.66235],[7.48493,48.66546],[7.49657,48.67423],[7.50287,48.68005],[7.50005,48.68352],[7.49698,48.68526],[7.49162,48.6856],[7.49163,48.68614],[7.50113,48.68753],[7.51202,48.68617],[7.51592,48.68474],[7.51906,48.68406],[7.5229,48.68256],[7.53455,48.68419],[7.541,48.68614],[7.54479,48.68946]]]]}},{"type":"Feature","properties":{"code":"67534","nom":"Wilwisheim","departement":"67","region":"44"},"geometry":{"type":"MultiPolygon","coordinates":[[[[7.4818,48.76252],[7.4854,48.76306],[7.4883,48.76959],[7.49534,48.76959],[7.49776,48.76751],[7.49414,48.76394],[7.49814,48.76097],[7.50393,48.75837],[7.5146,48.75806],[7.5212,48.75569],[7.52642,48.74355],[7.52454,48.74303],[7.51055,48.74411],[7.49389,48.74474],[7.48006,48.74798],[7.48318,48.75513],[7.4818,48.76252]]]]}},{"type":"Feature","properties":{"code":"67535","nom":"Wimmenau","departement":"67","region":"44"},"geometry":{"type":"MultiPolygon","coordinates":[[[[7.39942,48.89634],[7.38658,48.90597],[7.39559,48.90756],[7.40719,48.91264],[7.40501,48.9148],[7.40087,48.91566],[7.39408,48.92109],[7.39119,48.92778],[7.39046,48.93581],[7.38494,48.94061],[7.37848,48.94445],[7.37738,48.94436],[7.37687,48.94616],[7.37961,48.95114],[7.38924,48.95189],[7.39228,48.95284],[7.39375,48.95001],[7.40562,48.94256],[7.41293,48.93832],[7.41924,48.93609],[7.42627,48.93532],[7.45202,48.93587],[7.45725,48.93403],[7.45788,48.92538],[7.45941,48.92538],[7.46389,48.91781],[7.46093,48.90959],[7.45674,48.90891],[7.45001,48.90541],[7.44571,48.90117],[7.44293,48.90186],[7.4277,48.90108],[7.41011,48.89721],[7.40995,48.89642],[7.39942,48.89634]]]]}},{"type":"Feature","properties":{"code":"67536","nom":"Windstein","departement":"67","region":"44"},"geometry":{"type":"MultiPolygon","coordinates":[[[[7.69581,49.01283],[7.70544,49.00734],[7.7125,49.00042],[7.71844,48.9917],[7.72475,48.98538],[7.71835,48.98068],[7.70649,48.97459],[7.70199,48.96964],[7.69958,48.97103],[7.69537,48.96661],[7.69355,48.97017],[7.68394,48.97612],[7.68225,48.98041],[7.68249,48.98315],[7.6801,48.98725],[7.67295,48.99105],[7.67142,48.99105],[7.66496,48.99191],[7.67361,49.00525],[7.68089,49.00901],[7.69581,49.01283]]]]}},{"type":"Feature","properties":{"code":"67537","nom":"Wingen","departement":"67","region":"44"},"geometry":{"type":"MultiPolygon","coordinates":[[[[7.83411,49.02002],[7.83073,49.01864],[7.81499,49.01547],[7.80479,49.01787],[7.79164,49.03255],[7.78863,49.03864],[7.78663,49.04914],[7.78117,49.05719],[7.77872,49.05758],[7.79333,49.06389],[7.80208,49.06351],[7.81208,49.05903],[7.81856,49.0543],[7.82947,49.0492],[7.83743,49.04659],[7.85505,49.03553],[7.85398,49.03423],[7.84016,49.02852],[7.83417,49.02121],[7.83411,49.02002]]]]}},{"type":"Feature","properties":{"code":"67538","nom":"Wingen-sur-Moder","departement":"67","region":"44"},"geometry":{"type":"MultiPolygon","coordinates":[[[[7.34423,48.91488],[7.35124,48.92998],[7.3474,48.94206],[7.35814,48.95361],[7.35468,48.9543],[7.35501,48.95452],[7.35888,48.95761],[7.36781,48.95386],[7.37101,48.95171],[7.37961,48.95114],[7.37687,48.94616],[7.37738,48.94436],[7.37848,48.94445],[7.38494,48.94061],[7.39046,48.93581],[7.39119,48.92778],[7.39408,48.92109],[7.40087,48.91566],[7.40501,48.9148],[7.40719,48.91264],[7.39559,48.90756],[7.38658,48.90597],[7.36893,48.89837],[7.35098,48.9051],[7.34366,48.91349],[7.34423,48.91488]]]]}},{"type":"Feature","properties":{"code":"67539","nom":"Wingersheim les Quatre Bans","departement":"67","region":"44"},"geometry":{"type":"MultiPolygon","coordinates":[[[[7.66258,48.73643],[7.66689,48.73413],[7.67181,48.73434],[7.67281,48.73348],[7.67096,48.73058],[7.65326,48.72994],[7.6452,48.72521],[7.64202,48.71462],[7.64455,48.7148],[7.64956,48.71367],[7.6496,48.70686],[7.64518,48.70558],[7.64088,48.70321],[7.63675,48.69911],[7.6241,48.69894],[7.61903,48.69967],[7.61093,48.70326],[7.60097,48.7036],[7.60126,48.70632],[7.59996,48.70976],[7.5994,48.71104],[7.58441,48.71174],[7.57227,48.7168],[7.56579,48.71629],[7.56127,48.7199],[7.59574,48.72674],[7.60061,48.72874],[7.59828,48.73118],[7.60161,48.73186],[7.60207,48.7339],[7.60988,48.73646],[7.63561,48.73627],[7.64638,48.74435],[7.6464,48.74597],[7.65221,48.74409],[7.66092,48.73666],[7.66258,48.73643]]]]}},{"type":"Feature","properties":{"code":"67540","nom":"Wintershouse","departement":"67","region":"44"},"geometry":{"type":"MultiPolygon","coordinates":[[[[7.7178,48.80553],[7.71849,48.8038],[7.72453,48.79795],[7.71963,48.79229],[7.71405,48.78943],[7.70119,48.78624],[7.69091,48.78488],[7.68842,48.78577],[7.69649,48.79746],[7.69644,48.80051],[7.69546,48.80157],[7.70445,48.80506],[7.70649,48.80432],[7.70855,48.80452],[7.71759,48.80645],[7.7178,48.80553]]]]}},{"type":"Feature","properties":{"code":"67541","nom":"Wintzenbach","departement":"67","region":"44"},"geometry":{"type":"MultiPolygon","coordinates":[[[[8.08136,48.93744],[8.08198,48.94157],[8.08474,48.94771],[8.08586,48.94764],[8.08771,48.9472],[8.10689,48.94088],[8.12253,48.93592],[8.13647,48.9286],[8.13882,48.92865],[8.1358,48.92526],[8.13348,48.92461],[8.11641,48.92439],[8.11155,48.92514],[8.10272,48.92412],[8.08223,48.91975],[8.08098,48.92226],[8.08352,48.92986],[8.08646,48.93353],[8.08274,48.93709],[8.08136,48.93744]]]]}},{"type":"Feature","properties":{"code":"67542","nom":"Wintzenheim-Kochersberg","departement":"67","region":"44"},"geometry":{"type":"MultiPolygon","coordinates":[[[[7.48895,48.6571],[7.48786,48.65773],[7.48591,48.65738],[7.48496,48.65972],[7.48618,48.66029],[7.52076,48.66289],[7.52399,48.66226],[7.52605,48.66173],[7.52504,48.65599],[7.51158,48.65422],[7.50239,48.65493],[7.48895,48.6571]]]]}},{"type":"Feature","properties":{"code":"67543","nom":"Wisches","departement":"67","region":"44"},"geometry":{"type":"MultiPolygon","coordinates":[[[[7.1676,48.52751],[7.16869,48.52874],[7.1725,48.53263],[7.17725,48.53465],[7.1871,48.53727],[7.18955,48.53304],[7.19563,48.5303],[7.22423,48.5231],[7.22966,48.51752],[7.24997,48.51577],[7.26585,48.51321],[7.27106,48.51185],[7.27505,48.50885],[7.27749,48.50828],[7.28126,48.51012],[7.28056,48.50754],[7.27753,48.50529],[7.25212,48.49837],[7.24351,48.4893],[7.2077,48.50217],[7.19054,48.5038],[7.18283,48.50702],[7.17898,48.51166],[7.1703,48.51592],[7.1676,48.52751]]]]}},{"type":"Feature","properties":{"code":"67544","nom":"Wissembourg","departement":"67","region":"44"},"geometry":{"type":"MultiPolygon","coordinates":[[[[7.97454,49.02919],[7.98635,49.02723],[7.99047,49.02863],[7.99674,49.02838],[8.01277,49.02265],[8.01272,49.0219],[8.01553,49.02037],[8.02397,49.01817],[8.0342,49.01742],[8.0466,49.01435],[8.06022,49.00651],[8.06825,48.99942],[8.06625,48.99215],[8.0558,48.99335],[8.04309,48.99709],[8.02375,48.99567],[8.00475,48.99874],[7.99627,48.99163],[8.00637,48.98673],[8.00298,48.98227],[8.00012,48.98015],[7.99087,48.97931],[7.97143,48.97925],[7.9679,48.9801],[7.96852,48.98081],[7.9753,48.98941],[7.97468,48.99247],[7.95375,49.00864],[7.94979,49.0087],[7.95009,49.0098],[7.94283,49.01631],[7.94236,49.01667],[7.94251,49.01796],[7.93857,49.0185],[7.93065,49.02272],[7.92369,49.02648],[7.91946,49.03012],[7.9136,49.02928],[7.90379,49.02817],[7.89897,49.02525],[7.89993,49.02087],[7.89932,49.01777],[7.89246,49.01159],[7.88768,49.01075],[7.88019,49.01167],[7.86998,49.01417],[7.85874,49.01726],[7.85755,49.02363],[7.86106,49.02559],[7.8675,49.03308],[7.88127,49.04526],[7.88732,49.04803],[7.89195,49.04782],[7.90271,49.04502],[7.9144,49.04065],[7.9185,49.04153],[7.92869,49.05167],[7.93153,49.05797],[7.94447,49.05539],[7.9536,49.04609],[7.96488,49.04299],[7.96681,49.04165],[7.96734,49.03817],[7.96689,49.03624],[7.97454,49.02919]]]]}},{"type":"Feature","properties":{"code":"67545","nom":"Witternheim","departement":"67","region":"44"},"geometry":{"type":"MultiPolygon","coordinates":[[[[7.62523,48.29974],[7.6221,48.3011],[7.61011,48.30212],[7.59986,48.31328],[7.59711,48.32175],[7.60085,48.32173],[7.61347,48.32395],[7.62904,48.32271],[7.63228,48.32107],[7.63267,48.312],[7.63128,48.30706],[7.62523,48.29974]]]]}},{"type":"Feature","properties":{"code":"67546","nom":"Wittersheim","departement":"67","region":"44"},"geometry":{"type":"MultiPolygon","coordinates":[[[[7.66188,48.79632],[7.66256,48.7943],[7.66726,48.78879],[7.6729,48.78451],[7.6709,48.77707],[7.66657,48.76711],[7.66414,48.76882],[7.6512,48.76286],[7.64253,48.76549],[7.63843,48.76959],[7.63419,48.77087],[7.63871,48.77435],[7.64069,48.77769],[7.64134,48.78197],[7.63835,48.78612],[7.63985,48.78755],[7.65499,48.79834],[7.65685,48.79869],[7.66097,48.79873],[7.66188,48.79632]]]]}},{"type":"Feature","properties":{"code":"67547","nom":"Wittisheim","departement":"67","region":"44"},"geometry":{"type":"MultiPolygon","coordinates":[[[[7.58541,48.23703],[7.58099,48.23812],[7.56915,48.24407],[7.56387,48.25063],[7.56152,48.25088],[7.56222,48.25338],[7.56542,48.26443],[7.5677,48.26826],[7.5728,48.2693],[7.57974,48.27252],[7.59003,48.27952],[7.59383,48.2807],[7.60764,48.2763],[7.62246,48.27444],[7.62997,48.27565],[7.63445,48.27932],[7.63428,48.28205],[7.63852,48.28097],[7.63797,48.27989],[7.63962,48.27977],[7.63936,48.27298],[7.63513,48.26912],[7.62097,48.27092],[7.61289,48.26819],[7.60482,48.26362],[7.59497,48.25416],[7.58541,48.23703]]]]}},{"type":"Feature","properties":{"code":"67548","nom":"Wiwersheim","departement":"67","region":"44"},"geometry":{"type":"MultiPolygon","coordinates":[[[[7.5927,48.64996],[7.59412,48.65],[7.59806,48.64847],[7.61172,48.64374],[7.61195,48.64148],[7.61135,48.63844],[7.6061,48.6281],[7.60472,48.62763],[7.59831,48.6252],[7.5959,48.6255],[7.59712,48.62579],[7.59438,48.63056],[7.59066,48.63159],[7.58651,48.63476],[7.58743,48.63502],[7.58903,48.64878],[7.5927,48.64996]]]]}},{"type":"Feature","properties":{"code":"67550","nom":"Wœrth","departement":"67","region":"44"},"geometry":{"type":"MultiPolygon","coordinates":[[[[7.75383,48.92302],[7.7544,48.92046],[7.75257,48.91784],[7.75161,48.91778],[7.74703,48.91738],[7.73186,48.92624],[7.73558,48.92754],[7.73103,48.93223],[7.7288,48.93932],[7.73462,48.94932],[7.73406,48.95276],[7.76101,48.96795],[7.76174,48.96782],[7.76277,48.9646],[7.7575,48.95916],[7.75252,48.95135],[7.75338,48.94419],[7.75205,48.93087],[7.75383,48.92302]]]]}},{"type":"Feature","properties":{"code":"67551","nom":"Wolfisheim","departement":"67","region":"44"},"geometry":{"type":"MultiPolygon","coordinates":[[[[7.67327,48.59802],[7.67233,48.59155],[7.6731,48.58668],[7.67356,48.57959],[7.67165,48.57161],[7.66793,48.56675],[7.66408,48.56582],[7.65178,48.56693],[7.65768,48.56847],[7.65882,48.57154],[7.65858,48.58136],[7.65354,48.60009],[7.65494,48.60364],[7.65943,48.60666],[7.667,48.60883],[7.67112,48.60858],[7.67378,48.59909],[7.67327,48.59802]]]]}},{"type":"Feature","properties":{"code":"67552","nom":"Wolfskirchen","departement":"67","region":"44"},"geometry":{"type":"MultiPolygon","coordinates":[[[[7.1067,48.86829],[7.10186,48.86765],[7.09414,48.86298],[7.07723,48.86381],[7.06315,48.86003],[7.05601,48.85888],[7.05055,48.85893],[7.05214,48.86297],[7.0556,48.8651],[7.06043,48.86587],[7.06166,48.86816],[7.06104,48.87142],[7.05829,48.87443],[7.05708,48.88141],[7.06049,48.8875],[7.0759,48.89118],[7.08679,48.8927],[7.0936,48.89255],[7.09554,48.89171],[7.10484,48.88082],[7.1067,48.86829]]]]}},{"type":"Feature","properties":{"code":"67553","nom":"Wolschheim","departement":"67","region":"44"},"geometry":{"type":"MultiPolygon","coordinates":[[[[7.47157,48.7122],[7.47223,48.71165],[7.47137,48.7039],[7.46015,48.70264],[7.45047,48.69859],[7.44019,48.6993],[7.43479,48.70399],[7.43331,48.70674],[7.43229,48.71021],[7.44996,48.71568],[7.45225,48.71565],[7.45338,48.71467],[7.46184,48.71245],[7.47157,48.7122]]]]}},{"type":"Feature","properties":{"code":"67554","nom":"Wolxheim","departement":"67","region":"44"},"geometry":{"type":"MultiPolygon","coordinates":[[[[7.50964,48.56198],[7.49562,48.56688],[7.48903,48.57384],[7.50749,48.57864],[7.51714,48.57824],[7.5203,48.57734],[7.52163,48.57172],[7.51829,48.561],[7.51587,48.56058],[7.50964,48.56198]]]]}},{"type":"Feature","properties":{"code":"67555","nom":"Zehnacker","departement":"67","region":"44"},"geometry":{"type":"MultiPolygon","coordinates":[[[[7.43424,48.67473],[7.44426,48.67316],[7.46489,48.67702],[7.46761,48.67505],[7.47042,48.67253],[7.46965,48.67204],[7.46184,48.66818],[7.44321,48.66201],[7.44117,48.6635],[7.44204,48.66379],[7.44023,48.66681],[7.43424,48.67473]]]]}},{"type":"Feature","properties":{"code":"67556","nom":"Zeinheim","departement":"67","region":"44"},"geometry":{"type":"MultiPolygon","coordinates":[[[[7.47728,48.68307],[7.47607,48.68382],[7.47819,48.68481],[7.47936,48.68654],[7.49003,48.68627],[7.49163,48.68614],[7.49162,48.6856],[7.49698,48.68526],[7.50005,48.68352],[7.50287,48.68005],[7.49657,48.67423],[7.48493,48.66546],[7.48263,48.66686],[7.48096,48.67124],[7.48281,48.6796],[7.47728,48.68307]]]]}},{"type":"Feature","properties":{"code":"67557","nom":"Zellwiller","departement":"67","region":"44"},"geometry":{"type":"MultiPolygon","coordinates":[[[[7.48121,48.39863],[7.48299,48.39879],[7.49263,48.40335],[7.49216,48.40874],[7.4967,48.40819],[7.49706,48.41028],[7.4996,48.41032],[7.50458,48.40762],[7.51088,48.40627],[7.51691,48.40614],[7.52732,48.40744],[7.54781,48.41435],[7.54569,48.40585],[7.54165,48.39593],[7.53634,48.39556],[7.52068,48.38928],[7.5053,48.38729],[7.50566,48.39041],[7.50179,48.39044],[7.49132,48.38881],[7.48294,48.38649],[7.47964,48.39221],[7.47876,48.39307],[7.47708,48.39299],[7.47764,48.39616],[7.48121,48.39863]]]]}},{"type":"Feature","properties":{"code":"67558","nom":"Zinswiller","departement":"67","region":"44"},"geometry":{"type":"MultiPolygon","coordinates":[[[[7.55951,48.93381],[7.56681,48.92901],[7.59335,48.91903],[7.61274,48.909],[7.61401,48.90872],[7.61538,48.90963],[7.61633,48.91026],[7.61945,48.909],[7.61898,48.9073],[7.61334,48.90623],[7.60461,48.90675],[7.59563,48.90243],[7.57862,48.90238],[7.57292,48.91407],[7.55999,48.91707],[7.54971,48.92157],[7.5481,48.92319],[7.54838,48.92458],[7.55699,48.93361],[7.55951,48.93381]]]]}},{"type":"Feature","properties":{"code":"67559","nom":"Zittersheim","departement":"67","region":"44"},"geometry":{"type":"MultiPolygon","coordinates":[[[[7.31472,48.89356],[7.31299,48.89538],[7.31294,48.89821],[7.3242,48.9135],[7.34423,48.91488],[7.34366,48.91349],[7.35098,48.9051],[7.36893,48.89837],[7.36432,48.8968],[7.36145,48.89413],[7.35255,48.88949],[7.34603,48.88888],[7.32609,48.88938],[7.31472,48.89356]]]]}}]}