{"type":"FeatureCollection","features":[{"type":"Feature","properties":{"code":"73117","nom":"Fourneaux","departement":"73","region":"84"},"geometry":{"type":"MultiPolygon","coordinates":[[[[6.64538394,45.19665471],[6.6506775,45.1946717],[6.6563903,45.19142718],[6.65768851,45.18987932],[6.65025313,45.17811191],[6.64554726,45.17422041],[6.62062765,45.15878584],[6.61601071,45.16041836],[6.61897787,45.17071569],[6.62491309,45.17490992],[6.63304803,45.17867891],[6.63449918,45.17871097],[6.63977984,45.19155826],[6.63756577,45.19300776],[6.63584692,45.19585713],[6.64538394,45.19665471]]]]}},{"type":"Feature","properties":{"code":"73119","nom":"Freney","departement":"73","region":"84"},"geometry":{"type":"MultiPolygon","coordinates":[[[[6.60113817,45.1632088],[6.59861592,45.17355207],[6.59466569,45.18125075],[6.59124948,45.19462953],[6.58338202,45.20406535],[6.59415123,45.20090777],[6.62132518,45.19689805],[6.63756577,45.19300776],[6.63977984,45.19155826],[6.63449918,45.17871097],[6.63304803,45.17867891],[6.62491309,45.17490992],[6.61897787,45.17071569],[6.61601071,45.16041836],[6.61309794,45.1616728],[6.60113817,45.1632088]]]]}},{"type":"Feature","properties":{"code":"73168","nom":"Montgilbert","departement":"73","region":"84"},"geometry":{"type":"MultiPolygon","coordinates":[[[[6.26599185,45.51420604],[6.26181087,45.51794427],[6.25406168,45.5352611],[6.25634239,45.54451107],[6.27276703,45.55133015],[6.28119412,45.55329145],[6.29075621,45.55147599],[6.29342055,45.54804252],[6.2923674,45.53361096],[6.29332005,45.52849004],[6.29305985,45.52689344],[6.29140789,45.52535117],[6.28181957,45.52411145],[6.26599185,45.51420604]]]]}},{"type":"Feature","properties":{"code":"73001","nom":"Aiguebelette-le-Lac","departement":"73","region":"84"},"geometry":{"type":"MultiPolygon","coordinates":[[[[5.79164975,45.54472242],[5.8009634,45.55952982],[5.80342498,45.56349067],[5.82002222,45.56696519],[5.82232834,45.56048101],[5.82922823,45.55211602],[5.82960425,45.54950701],[5.83050025,45.54618209],[5.82619798,45.53194032],[5.81861014,45.52226098],[5.80798423,45.54014616],[5.80416152,45.54201401],[5.79164975,45.54472242]]]]}},{"type":"Feature","properties":{"code":"73003","nom":"Grand-Aigueblanche","departement":"73","region":"84"},"geometry":{"type":"MultiPolygon","coordinates":[[[[6.47353827,45.49505417],[6.47864651,45.49691132],[6.47453262,45.50045576],[6.47119311,45.5115311],[6.47346788,45.52067243],[6.4803806,45.5210469],[6.47889236,45.51479714],[6.48277741,45.51235299],[6.48484001,45.5175961],[6.48850502,45.51832051],[6.49675149,45.52161074],[6.50163393,45.52605456],[6.50366591,45.53237998],[6.514937,45.54244656],[6.51785177,45.54603196],[6.52225304,45.54617253],[6.52556316,45.54611914],[6.53803806,45.54928726],[6.5449203,45.55547906],[6.55543943,45.56295168],[6.56178356,45.56290936],[6.55285898,45.55318388],[6.53041424,45.51963769],[6.52602657,45.51104495],[6.52335175,45.49849994],[6.52287214,45.49056137],[6.52181911,45.48927483],[6.5218988,45.48723886],[6.51949731,45.48778383],[6.51145214,45.48188688],[6.50457145,45.47849755],[6.49597089,45.46719174],[6.48732666,45.47255166],[6.48411606,45.47371232],[6.48327695,45.47326337],[6.48068328,45.47815614],[6.47954821,45.48486218],[6.47684649,45.48986455],[6.4734221,45.49215366],[6.47353827,45.49505417]]]]}},{"type":"Feature","properties":{"code":"73004","nom":"Aillon-le-Jeune","departement":"73","region":"84"},"geometry":{"type":"MultiPolygon","coordinates":[[[[6.03608578,45.63773103],[6.03612126,45.63776882],[6.04217602,45.63679423],[6.04914296,45.63771495],[6.05969856,45.64368691],[6.06900857,45.64450935],[6.07621557,45.63719154],[6.07857577,45.62892728],[6.08099207,45.62540065],[6.0852199,45.62422048],[6.1018947,45.6229427],[6.10741195,45.62827317],[6.11557837,45.64037183],[6.11979276,45.6447808],[6.12664082,45.63745511],[6.13304933,45.63340261],[6.13957593,45.63140385],[6.12802411,45.61860078],[6.11872427,45.60214395],[6.11049632,45.59057638],[6.11076631,45.58960105],[6.10631818,45.58322389],[6.10130502,45.57106496],[6.09482471,45.56413613],[6.09357515,45.56165358],[6.08252654,45.56529065],[6.07066379,45.56678607],[6.07728901,45.59063514],[6.0608042,45.5963912],[6.0556623,45.60126393],[6.05577946,45.61414092],[6.05436741,45.61894548],[6.05078386,45.62434152],[6.04542969,45.62845347],[6.04013995,45.63029071],[6.03832192,45.63058494],[6.03478103,45.62972351],[6.03329135,45.63165068],[6.03302161,45.63392524],[6.03608578,45.63773103]]]]}},{"type":"Feature","properties":{"code":"73005","nom":"Aillon-le-Vieux","departement":"73","region":"84"},"geometry":{"type":"MultiPolygon","coordinates":[[[[6.08771099,45.68290215],[6.08855835,45.68246617],[6.10152125,45.67711191],[6.1013369,45.6729977],[6.10410339,45.66885353],[6.11871708,45.6543082],[6.12332286,45.65267188],[6.11979276,45.6447808],[6.11557837,45.64037183],[6.10741195,45.62827317],[6.1018947,45.6229427],[6.0852199,45.62422048],[6.08099207,45.62540065],[6.07857577,45.62892728],[6.07621557,45.63719154],[6.06900857,45.64450935],[6.05969856,45.64368691],[6.04914296,45.63771495],[6.04217602,45.63679423],[6.03612126,45.63776882],[6.07273242,45.66724863],[6.08771099,45.68290215]]]]}},{"type":"Feature","properties":{"code":"73006","nom":"Aime-la-Plagne","departement":"73","region":"84"},"geometry":{"type":"MultiPolygon","coordinates":[[[[6.64144052,45.49516676],[6.64072104,45.49891119],[6.62859783,45.51504539],[6.61945923,45.52232734],[6.61087824,45.52751369],[6.60330757,45.52721159],[6.5801098,45.51713973],[6.5717289,45.52117364],[6.56196229,45.52076107],[6.55934594,45.52151199],[6.5559896,45.53244308],[6.5549484,45.54493139],[6.56198588,45.55603345],[6.56504172,45.55929869],[6.56178356,45.56290936],[6.56315832,45.57337599],[6.56926696,45.57780896],[6.57283371,45.58244237],[6.57879211,45.59473719],[6.57750279,45.59684154],[6.57086195,45.60066822],[6.56837753,45.60400206],[6.56664775,45.61323588],[6.56232378,45.61997389],[6.5742542,45.63168673],[6.57452601,45.6343841],[6.58295755,45.64115403],[6.58432264,45.64066345],[6.59234072,45.63186228],[6.59698688,45.62371734],[6.60275995,45.62335856],[6.62192739,45.63117751],[6.63895717,45.62991026],[6.64525939,45.63043814],[6.64011694,45.6245885],[6.63706041,45.61862074],[6.63667944,45.61504986],[6.64759095,45.60671866],[6.65876683,45.58898555],[6.66349192,45.57569035],[6.66402463,45.57174988],[6.66203725,45.56593456],[6.66160411,45.56508961],[6.65576285,45.56245204],[6.65717699,45.55970889],[6.66662327,45.55909444],[6.65702446,45.55541309],[6.66013694,45.55039344],[6.66448528,45.52267835],[6.66936803,45.51321055],[6.66865698,45.50641349],[6.66580823,45.49781582],[6.66290816,45.49281562],[6.65731143,45.49126565],[6.65361126,45.49132311],[6.64464022,45.49304728],[6.64144052,45.49516676]]]]}},{"type":"Feature","properties":{"code":"73007","nom":"Aiton","departement":"73","region":"84"},"geometry":{"type":"MultiPolygon","coordinates":[[[[6.28115596,45.55960493],[6.25089774,45.55411466],[6.23745648,45.56072675],[6.2341,45.56239336],[6.21787101,45.56740152],[6.2162137,45.5785989],[6.21413616,45.58068248],[6.21374224,45.58119302],[6.21823248,45.58315267],[6.22487363,45.58525683],[6.24041206,45.58563275],[6.2413917,45.58416793],[6.26024688,45.58105672],[6.26996776,45.58412514],[6.27242637,45.58674471],[6.27749128,45.59755005],[6.29459509,45.58762831],[6.29310704,45.585873],[6.29491545,45.57268143],[6.28115596,45.55960493]]]]}},{"type":"Feature","properties":{"code":"73008","nom":"Aix-les-Bains","departement":"73","region":"84"},"geometry":{"type":"MultiPolygon","coordinates":[[[[5.9051294,45.68556648],[5.90158167,45.69146099],[5.90017093,45.69381043],[5.89941022,45.69416342],[5.89734028,45.69384904],[5.89673717,45.69301302],[5.89544257,45.68822728],[5.87140974,45.68831099],[5.87127359,45.70124316],[5.87114674,45.70791529],[5.89548583,45.71531116],[5.90783711,45.72377336],[5.908924,45.72372008],[5.91333535,45.71827341],[5.91375378,45.71625404],[5.90881692,45.71004689],[5.91200381,45.70903913],[5.91217813,45.70895443],[5.91415534,45.71069378],[5.91825432,45.71234663],[5.92583637,45.71100017],[5.92766939,45.70371487],[5.93578566,45.70252503],[5.93521543,45.69720894],[5.93339041,45.69623373],[5.92747339,45.68614033],[5.92778784,45.68489133],[5.92259698,45.68300321],[5.91897393,45.68051283],[5.92063857,45.67388713],[5.91742335,45.67212234],[5.91398728,45.66576939],[5.90880967,45.66494543],[5.90679039,45.66496426],[5.90611307,45.66484117],[5.90413802,45.67211891],[5.9051294,45.68556648]]]]}},{"type":"Feature","properties":{"code":"73027","nom":"Ayn","departement":"73","region":"84"},"geometry":{"type":"MultiPolygon","coordinates":[[[[5.73263803,45.56040047],[5.73147092,45.56654672],[5.73210126,45.57655248],[5.72944201,45.5857849],[5.75464822,45.58355992],[5.76349233,45.58037666],[5.77226623,45.5722946],[5.77344475,45.56713056],[5.77251366,45.56354401],[5.77132481,45.5627534],[5.75875353,45.5602894],[5.73263803,45.56040047]]]]}},{"type":"Feature","properties":{"code":"73010","nom":"Entrelacs","departement":"73","region":"84"},"geometry":{"type":"MultiPolygon","coordinates":[[[[5.97566117,45.74310712],[5.97328846,45.74132332],[5.96503159,45.73439761],[5.96177912,45.73303954],[5.95332473,45.73055354],[5.94833427,45.73196559],[5.94263558,45.73651466],[5.93862671,45.74461572],[5.93717873,45.74737481],[5.93054455,45.74937941],[5.93591502,45.75253865],[5.94022796,45.75315796],[5.94429356,45.75524517],[5.9487534,45.75873129],[5.9360131,45.76528502],[5.93465728,45.7706639],[5.92988646,45.77354984],[5.92285417,45.77527409],[5.91274972,45.77786934],[5.90747668,45.77609235],[5.90010615,45.77450784],[5.89556867,45.77083081],[5.89120061,45.76445049],[5.88829802,45.76234513],[5.88620717,45.76187513],[5.87991264,45.76673164],[5.87036163,45.7637033],[5.8569196,45.7620857],[5.84724597,45.78076545],[5.86384183,45.78135545],[5.86701602,45.7828373],[5.86696481,45.79393184],[5.86710917,45.79872104],[5.86476963,45.80797962],[5.86666188,45.84210792],[5.86931599,45.84197473],[5.87324303,45.83892923],[5.87307566,45.83420548],[5.87560247,45.83448177],[5.88123778,45.83140956],[5.89836996,45.82222771],[5.90341629,45.81773221],[5.90490627,45.81249722],[5.91394352,45.8041318],[5.91849554,45.80381683],[5.93024579,45.80704559],[5.93306681,45.80960175],[5.93399522,45.81463196],[5.94011092,45.81097379],[5.94449547,45.81033683],[5.95160914,45.80991763],[5.95924871,45.81293999],[5.96265288,45.81290836],[5.95784721,45.7948921],[5.98014325,45.79614821],[5.98228738,45.78621244],[5.9819284,45.78111522],[5.9767316,45.77843735],[5.9739298,45.77555375],[5.97278717,45.77176669],[5.97286169,45.76989759],[5.97404092,45.76867341],[5.97294633,45.76424529],[5.9691966,45.76119375],[5.96838393,45.75886411],[5.96803331,45.75641147],[5.96818057,45.752084],[5.96948062,45.74736481],[5.97458605,45.74520268],[5.97566117,45.74310712]]]]}},{"type":"Feature","properties":{"code":"73011","nom":"Albertville","departement":"73","region":"84"},"geometry":{"type":"MultiPolygon","coordinates":[[[[6.39696209,45.68301977],[6.4003152,45.68824084],[6.40362455,45.68753697],[6.41044317,45.68263924],[6.41819449,45.68113961],[6.43478029,45.68087996],[6.43982589,45.68358586],[6.44132843,45.68330559],[6.44779123,45.68563162],[6.45520401,45.68658333],[6.45973862,45.68531018],[6.46026183,45.68397092],[6.44673578,45.67686683],[6.43986092,45.67412073],[6.43625344,45.67366938],[6.43359575,45.67198927],[6.42800822,45.66534911],[6.42494548,45.65881757],[6.42986579,45.65686776],[6.42809938,45.65657096],[6.42580408,45.6542911],[6.40685772,45.64463632],[6.40226663,45.64114925],[6.39651977,45.66163946],[6.39393012,45.66271534],[6.39139425,45.66240512],[6.39033223,45.66151958],[6.38485346,45.65775118],[6.38164136,45.6567184],[6.36696235,45.6544168],[6.3655536,45.65420297],[6.36381648,45.65843964],[6.36034236,45.66216575],[6.35959933,45.66290537],[6.36131365,45.664253],[6.36159981,45.66898439],[6.36078569,45.66971892],[6.37116671,45.67510022],[6.37357237,45.67794839],[6.37520304,45.67744795],[6.37474749,45.67558689],[6.3924009,45.6817179],[6.39625366,45.68310514],[6.39696209,45.68301977]]]]}},{"type":"Feature","properties":{"code":"73012","nom":"Albiez-le-Jeune","departement":"73","region":"84"},"geometry":{"type":"MultiPolygon","coordinates":[[[[6.3795009,45.22003297],[6.36572942,45.21879966],[6.36219803,45.21999835],[6.34472364,45.2306458],[6.32994491,45.24653087],[6.32811023,45.24804644],[6.32949095,45.25112716],[6.33369484,45.25494289],[6.3459068,45.26090725],[6.35516354,45.25931207],[6.35997356,45.25320129],[6.36484461,45.24959841],[6.36993975,45.24711691],[6.3758847,45.24546657],[6.38663758,45.23925769],[6.39004356,45.23428488],[6.37778771,45.22345548],[6.3795009,45.22003297]]]]}},{"type":"Feature","properties":{"code":"73013","nom":"Albiez-Montrond","departement":"73","region":"84"},"geometry":{"type":"MultiPolygon","coordinates":[[[[6.32994491,45.24653087],[6.34472364,45.2306458],[6.36219803,45.21999835],[6.36572942,45.21879966],[6.3795009,45.22003297],[6.38547485,45.20634947],[6.38307868,45.20047388],[6.37628508,45.19463314],[6.36842496,45.19269956],[6.36897267,45.18638157],[6.37072917,45.18261002],[6.37357638,45.18073863],[6.35942642,45.15850954],[6.35756656,45.15069154],[6.3583787,45.14149353],[6.35753644,45.13631615],[6.34978034,45.13352676],[6.34776349,45.13380183],[6.3410271,45.13242227],[6.33160384,45.13820073],[6.32728874,45.1419227],[6.32367816,45.14777737],[6.32291656,45.15265667],[6.32004326,45.1561488],[6.31552115,45.15938076],[6.31096213,45.16137627],[6.30775799,45.16407761],[6.30207217,45.17294355],[6.30002119,45.1835519],[6.30197269,45.19738806],[6.311726,45.20492072],[6.31594408,45.20650241],[6.31567371,45.20976112],[6.31716973,45.21384336],[6.31480733,45.21590701],[6.31258947,45.2231339],[6.3131427,45.2294197],[6.31734284,45.23570631],[6.3276707,45.24416712],[6.32994491,45.24653087]]]]}},{"type":"Feature","properties":{"code":"73014","nom":"Allondaz","departement":"73","region":"84"},"geometry":{"type":"MultiPolygon","coordinates":[[[[6.3866707,45.70273419],[6.38091408,45.70254122],[6.37973719,45.701175],[6.37632318,45.70068795],[6.36974446,45.70264072],[6.36394162,45.70701427],[6.35645771,45.7145669],[6.35613012,45.71819899],[6.35886117,45.72081519],[6.36177524,45.72341055],[6.36376404,45.72331604],[6.37992501,45.71897838],[6.38448838,45.71634113],[6.38397825,45.71082419],[6.3866707,45.70273419]]]]}},{"type":"Feature","properties":{"code":"73015","nom":"Les Allues","departement":"73","region":"84"},"geometry":{"type":"MultiPolygon","coordinates":[[[[6.54652827,45.45328162],[6.55758947,45.45245976],[6.56106175,45.45088749],[6.56401333,45.44836809],[6.56696103,45.44473552],[6.57625852,45.43709391],[6.57816821,45.4308035],[6.58557328,45.42033609],[6.58942021,45.41648207],[6.59827794,45.41096267],[6.60385815,45.39800335],[6.61202823,45.36934354],[6.61869313,45.36466188],[6.62786028,45.36152664],[6.64288496,45.34140603],[6.65025935,45.33615297],[6.66500674,45.32753106],[6.66399144,45.32480329],[6.65165712,45.31203261],[6.63843294,45.30234637],[6.6348297,45.29716067],[6.63364852,45.28675014],[6.6403679,45.27698396],[6.63458919,45.27600024],[6.6288393,45.27618077],[6.62401621,45.28136519],[6.62348906,45.28698168],[6.61751464,45.30171269],[6.61084741,45.30620435],[6.60148111,45.30986584],[6.58826087,45.31206382],[6.58176036,45.31397849],[6.57444349,45.31989929],[6.57187414,45.32672898],[6.56762751,45.34956806],[6.56367917,45.35616026],[6.55399597,45.36776581],[6.54997496,45.37713144],[6.53593695,45.39247235],[6.53319192,45.40759541],[6.52706339,45.41567538],[6.52287152,45.42877053],[6.52219612,45.43742133],[6.52813081,45.44430314],[6.54436916,45.45141736],[6.54652827,45.45328162]]]]}},{"type":"Feature","properties":{"code":"73017","nom":"Apremont","departement":"73","region":"84"},"geometry":{"type":"MultiPolygon","coordinates":[[[[5.89417898,45.49660874],[5.90266496,45.50281155],[5.90847275,45.5035785],[5.92049591,45.51009562],[5.92677841,45.51534753],[5.93139651,45.51498554],[5.94000942,45.51655529],[5.95395924,45.52162184],[5.96355203,45.52311989],[5.97591528,45.51153804],[5.98065613,45.50600289],[5.96636764,45.49817147],[5.9154656,45.47655211],[5.89417898,45.49660874]]]]}},{"type":"Feature","properties":{"code":"73018","nom":"Arbin","departement":"73","region":"84"},"geometry":{"type":"MultiPolygon","coordinates":[[[[6.08641429,45.50934809],[6.07753498,45.5045193],[6.07355063,45.50340832],[6.07138076,45.50523307],[6.06618066,45.50637823],[6.06350278,45.50957022],[6.07419194,45.51942764],[6.08641429,45.50934809]]]]}},{"type":"Feature","properties":{"code":"73019","nom":"Argentine","departement":"73","region":"84"},"geometry":{"type":"MultiPolygon","coordinates":[[[[6.31472934,45.52303194],[6.31877771,45.5218858],[6.3301702,45.51485289],[6.34681732,45.50906547],[6.36074008,45.50588159],[6.37650355,45.49672179],[6.37622532,45.48603907],[6.36841362,45.46883854],[6.36755826,45.46480935],[6.33534041,45.47120319],[6.32786361,45.4710125],[6.32375428,45.46996271],[6.317936,45.46716984],[6.31099409,45.46683063],[6.30381209,45.46721187],[6.29042668,45.47031271],[6.29002504,45.47760746],[6.29640558,45.48948788],[6.30070044,45.49749994],[6.31217168,45.51362976],[6.31255121,45.51691628],[6.31472934,45.52303194]]]]}},{"type":"Feature","properties":{"code":"73020","nom":"Arith","departement":"73","region":"84"},"geometry":{"type":"MultiPolygon","coordinates":[[[[6.10391601,45.72000252],[6.10411358,45.71612019],[6.10241047,45.71385376],[6.09858162,45.71127452],[6.09488955,45.71055775],[6.08116225,45.70181688],[6.0791477,45.69938294],[6.04421299,45.70068492],[6.02388147,45.69635559],[6.01800009,45.69700266],[6.02957729,45.71298191],[6.03147984,45.72065449],[6.03617317,45.73084541],[6.042234,45.73949797],[6.04374402,45.73957526],[6.0466935,45.74248832],[6.06346137,45.74564842],[6.06749421,45.7433345],[6.08309783,45.74013317],[6.09560313,45.74285533],[6.09779963,45.73533771],[6.0970097,45.733895],[6.09503659,45.73037333],[6.09436061,45.72434408],[6.09785731,45.72236183],[6.10161959,45.72213667],[6.10391601,45.72000252]]]]}},{"type":"Feature","properties":{"code":"73021","nom":"Arvillard","departement":"73","region":"84"},"geometry":{"type":"MultiPolygon","coordinates":[[[[6.11072375,45.44681575],[6.11389554,45.44853994],[6.11739102,45.44913851],[6.12305989,45.44979361],[6.12700294,45.44899162],[6.15058714,45.43932323],[6.16359082,45.43640847],[6.19401645,45.42585782],[6.20374211,45.41918172],[6.21241647,45.41532047],[6.21268147,45.41364025],[6.2082609,45.40885627],[6.20086204,45.40663556],[6.20022561,45.39775805],[6.20134015,45.38492386],[6.20457915,45.37790375],[6.20257103,45.35701935],[6.19803477,45.35253046],[6.19476041,45.35224457],[6.19038786,45.35364716],[6.18037096,45.35492082],[6.17001117,45.35953852],[6.18029227,45.36040943],[6.18854059,45.36599824],[6.19194658,45.36943383],[6.18409693,45.3806761],[6.17601206,45.39459552],[6.15935802,45.40602297],[6.14640477,45.41318773],[6.14272486,45.4171462],[6.13351557,45.43259957],[6.12898211,45.4363507],[6.12229025,45.43910741],[6.11662807,45.4382097],[6.10683996,45.43439375],[6.1028467,45.43382399],[6.10822083,45.44541898],[6.11072375,45.44681575]]]]}},{"type":"Feature","properties":{"code":"73022","nom":"Attignat-Oncin","departement":"73","region":"84"},"geometry":{"type":"MultiPolygon","coordinates":[[[[5.81720998,45.52154555],[5.81522436,45.51959775],[5.80555493,45.51006623],[5.80263858,45.50515094],[5.79772928,45.49050369],[5.79545879,45.4883068],[5.7938183,45.48788362],[5.79198631,45.48971416],[5.78833941,45.49137622],[5.76775351,45.49455374],[5.76084303,45.4952997],[5.75836707,45.49180337],[5.75693734,45.49489745],[5.75812648,45.49807405],[5.75772614,45.50144017],[5.7550602,45.50952829],[5.75182665,45.51171688],[5.747769,45.51196854],[5.75045091,45.51653859],[5.75488557,45.53004424],[5.75629685,45.53863327],[5.75854698,45.54180368],[5.76038084,45.54227312],[5.76885339,45.5373324],[5.78215751,45.53195425],[5.78959625,45.5297469],[5.80371695,45.52766435],[5.81584672,45.52297096],[5.81720998,45.52154555]]]]}},{"type":"Feature","properties":{"code":"73023","nom":"Aussois","departement":"73","region":"84"},"geometry":{"type":"MultiPolygon","coordinates":[[[[6.68484834,45.26942726],[6.68420652,45.27441251],[6.68071316,45.27664864],[6.6803634,45.28010897],[6.68509768,45.29089617],[6.70174942,45.29201183],[6.7109106,45.29370657],[6.72503335,45.29511998],[6.73202167,45.29780037],[6.73902814,45.28972637],[6.75048751,45.28413388],[6.75377234,45.27972638],[6.75461599,45.26485023],[6.75862048,45.25296697],[6.769517,45.24641762],[6.76809782,45.23563724],[6.76285808,45.2267183],[6.75992528,45.21913137],[6.76971878,45.19941996],[6.7588195,45.19846878],[6.75494234,45.19981534],[6.74958936,45.20314764],[6.74469156,45.20734329],[6.7407065,45.2131983],[6.73153907,45.22178836],[6.72348763,45.22720702],[6.71515923,45.23425502],[6.70552732,45.24268511],[6.69387978,45.24633585],[6.69072595,45.25744456],[6.68484834,45.26942726]]]]}},{"type":"Feature","properties":{"code":"73024","nom":"Les Avanchers-Valmorel","departement":"73","region":"84"},"geometry":{"type":"MultiPolygon","coordinates":[[[[6.47353827,45.49505417],[6.4734221,45.49215366],[6.47684649,45.48986455],[6.47954821,45.48486218],[6.48068328,45.47815614],[6.48327695,45.47326337],[6.48411606,45.47371232],[6.48235922,45.46845618],[6.47844079,45.46209897],[6.47018574,45.45480157],[6.45932413,45.44928671],[6.44972132,45.43866671],[6.44736455,45.43237772],[6.43655212,45.42777599],[6.42453567,45.43008703],[6.41606653,45.42968754],[6.41087592,45.42699753],[6.40705419,45.42783752],[6.40297647,45.43168917],[6.40237442,45.44094302],[6.41108683,45.45261868],[6.41610417,45.46379984],[6.42501268,45.47140467],[6.42873359,45.47679079],[6.43613303,45.49578498],[6.4406192,45.49914374],[6.44939329,45.49518073],[6.44412306,45.4906936],[6.44108593,45.48763397],[6.44433666,45.48422365],[6.45000359,45.4826092],[6.45566104,45.48368791],[6.47353827,45.49505417]]]]}},{"type":"Feature","properties":{"code":"73025","nom":"Avressieux","departement":"73","region":"84"},"geometry":{"type":"MultiPolygon","coordinates":[[[[5.67225141,45.5787707],[5.68303947,45.58649113],[5.69094995,45.58872664],[5.69568695,45.5853326],[5.70353196,45.5753539],[5.7117617,45.57093803],[5.72410111,45.56800325],[5.72478517,45.56547825],[5.72149124,45.56427954],[5.72088366,45.56324278],[5.71395695,45.55946568],[5.71181584,45.5590894],[5.68686185,45.56006911],[5.67753274,45.56374531],[5.67065288,45.56820134],[5.66905464,45.57009535],[5.66886576,45.57328663],[5.67225141,45.5787707]]]]}},{"type":"Feature","properties":{"code":"73026","nom":"Avrieux","departement":"73","region":"84"},"geometry":{"type":"MultiPolygon","coordinates":[[[[6.79678571,45.15305997],[6.77819587,45.15833381],[6.76860324,45.15975003],[6.75845651,45.15182631],[6.75025874,45.14279871],[6.74514484,45.13894486],[6.73972842,45.13668655],[6.72757323,45.13874413],[6.7114408,45.14486295],[6.7091358,45.14684522],[6.70903713,45.15542716],[6.71454587,45.16255062],[6.72155595,45.16894863],[6.72156517,45.17166699],[6.72707384,45.19166045],[6.7263822,45.19997213],[6.71895155,45.20997605],[6.7149287,45.21262587],[6.70664735,45.22266709],[6.70278285,45.23279473],[6.70719214,45.23519765],[6.71515923,45.23425502],[6.72348763,45.22720702],[6.73153907,45.22178836],[6.7407065,45.2131983],[6.74469156,45.20734329],[6.74958936,45.20314764],[6.75494234,45.19981534],[6.7588195,45.19846878],[6.76971878,45.19941996],[6.77589564,45.18842802],[6.78618995,45.1793414],[6.79462166,45.17379764],[6.79826592,45.17228897],[6.80046354,45.16956383],[6.80233799,45.16598877],[6.79678571,45.15305997]]]]}},{"type":"Feature","properties":{"code":"73028","nom":"La Balme","departement":"73","region":"84"},"geometry":{"type":"MultiPolygon","coordinates":[[[[5.70000442,45.70972666],[5.7032852,45.71104185],[5.70650518,45.71105916],[5.71816597,45.70791049],[5.72148929,45.70791405],[5.72799676,45.70942717],[5.72873647,45.70573037],[5.72174828,45.70413522],[5.72054589,45.70152068],[5.71919511,45.68743793],[5.71320134,45.67466372],[5.70777028,45.6592565],[5.70644581,45.65755391],[5.7052284,45.65217801],[5.69930425,45.65341227],[5.6899624,45.64346539],[5.68789625,45.64374362],[5.68877286,45.64798713],[5.68700108,45.65348682],[5.68440753,45.66154871],[5.68487102,45.66567326],[5.70402934,45.67826046],[5.70804442,45.68397821],[5.70946898,45.68828774],[5.70586587,45.69573384],[5.70364969,45.69811077],[5.70077827,45.70197742],[5.69930074,45.70679811],[5.70000442,45.70972666]]]]}},{"type":"Feature","properties":{"code":"73029","nom":"Barberaz","departement":"73","region":"84"},"geometry":{"type":"MultiPolygon","coordinates":[[[[5.95031917,45.57090235],[5.95074072,45.57096427],[5.95015494,45.56065661],[5.94647624,45.55272074],[5.94636281,45.54566179],[5.93100017,45.53470725],[5.92561129,45.53845122],[5.92677494,45.54094215],[5.93037256,45.54804357],[5.93424502,45.5561037],[5.94097438,45.56215973],[5.93951026,45.56795787],[5.94020467,45.56832717],[5.95031917,45.57090235]]]]}},{"type":"Feature","properties":{"code":"73030","nom":"Barby","departement":"73","region":"84"},"geometry":{"type":"MultiPolygon","coordinates":[[[[5.97372513,45.55927831],[5.97352048,45.56426417],[5.97035003,45.56916357],[5.97320931,45.57161828],[5.98147741,45.57696542],[5.98480167,45.58174683],[5.99029559,45.57991931],[5.98866736,45.57602021],[5.99107287,45.57244635],[5.99273781,45.56488036],[5.98304551,45.56313852],[5.9825077,45.56127307],[5.97372513,45.55927831]]]]}},{"type":"Feature","properties":{"code":"73031","nom":"Bassens","departement":"73","region":"84"},"geometry":{"type":"MultiPolygon","coordinates":[[[[5.93212046,45.59567945],[5.93418109,45.59501023],[5.94555845,45.58679923],[5.94713972,45.5821207],[5.94745328,45.57674821],[5.95031917,45.57090235],[5.94020467,45.56832717],[5.94019888,45.56833904],[5.93754771,45.5722011],[5.93490237,45.57395076],[5.93358913,45.5734534],[5.93114889,45.57510571],[5.92734178,45.58596221],[5.92923071,45.59270907],[5.93104176,45.59375309],[5.93212046,45.59567945]]]]}},{"type":"Feature","properties":{"code":"73032","nom":"La Bâthie","departement":"73","region":"84"},"geometry":{"type":"MultiPolygon","coordinates":[[[[6.52074285,45.63776507],[6.50929273,45.64641818],[6.50250829,45.64631231],[6.49813865,45.6424453],[6.49684326,45.63896574],[6.49218645,45.63399337],[6.47953736,45.62258663],[6.47639734,45.62081794],[6.46781741,45.61842748],[6.46304258,45.61591295],[6.45656308,45.60079221],[6.44997836,45.59765503],[6.44427377,45.59815083],[6.44902033,45.60856086],[6.44955305,45.61356768],[6.44299519,45.62102352],[6.43448997,45.64505715],[6.44701257,45.6484589],[6.45753461,45.65332419],[6.47722767,45.65523212],[6.48943379,45.66068698],[6.50085502,45.6675342],[6.5041861,45.66686537],[6.50613573,45.66563828],[6.52385811,45.65162087],[6.52695877,45.64787943],[6.52758491,45.64623011],[6.52673398,45.64291987],[6.52074285,45.63776507]]]]}},{"type":"Feature","properties":{"code":"73033","nom":"La Bauche","departement":"73","region":"84"},"geometry":{"type":"MultiPolygon","coordinates":[[[[5.74839825,45.47587211],[5.75282842,45.48052714],[5.75836707,45.49180337],[5.76084303,45.4952997],[5.76775351,45.49455374],[5.78833941,45.49137622],[5.79198631,45.48971416],[5.7938183,45.48788362],[5.79139284,45.48537605],[5.79298637,45.48242337],[5.7885409,45.48138603],[5.76908857,45.46733257],[5.7602692,45.46832661],[5.74839825,45.47587211]]]]}},{"type":"Feature","properties":{"code":"73034","nom":"Beaufort","departement":"73","region":"84"},"geometry":{"type":"MultiPolygon","coordinates":[[[[6.52074285,45.63776507],[6.52673398,45.64291987],[6.52758491,45.64623011],[6.52695877,45.64787943],[6.52385811,45.65162087],[6.50613573,45.66563828],[6.5041861,45.66686537],[6.50085502,45.6675342],[6.50081835,45.66973828],[6.49351588,45.68004154],[6.49223929,45.68027044],[6.5002165,45.68580948],[6.51194135,45.68720744],[6.51656714,45.69276608],[6.52537511,45.69716433],[6.53248212,45.70391113],[6.53339749,45.7065992],[6.53219947,45.71577775],[6.53636751,45.72185575],[6.54491879,45.72526379],[6.55017862,45.72948977],[6.55152307,45.73182439],[6.55216837,45.73797864],[6.55978722,45.73699005],[6.59202146,45.74003076],[6.61936938,45.73457103],[6.62691017,45.73596377],[6.63486376,45.73626728],[6.64220641,45.73534689],[6.648238,45.7356097],[6.66062245,45.74010656],[6.66708924,45.74117458],[6.67132475,45.74307037],[6.68578892,45.75280287],[6.68675565,45.75499699],[6.6931022,45.75136182],[6.6987189,45.74281915],[6.69784404,45.73640411],[6.6923481,45.73106462],[6.69715939,45.72663386],[6.71186638,45.72289951],[6.71255232,45.72115508],[6.70877069,45.71267231],[6.7030489,45.71024268],[6.69091352,45.70232135],[6.69741699,45.68656391],[6.68998781,45.67717457],[6.6707314,45.66614384],[6.66703408,45.6644813],[6.66376617,45.65609786],[6.65878946,45.64712541],[6.64525939,45.63043814],[6.63895717,45.62991026],[6.62192739,45.63117751],[6.60275995,45.62335856],[6.59698688,45.62371734],[6.59234072,45.63186228],[6.58432264,45.64066345],[6.58295755,45.64115403],[6.57452601,45.6343841],[6.5742542,45.63168673],[6.56232378,45.61997389],[6.55354861,45.62445112],[6.55047738,45.62137162],[6.54746649,45.62652704],[6.54283372,45.6307203],[6.52420309,45.63390879],[6.52141286,45.63559251],[6.52074285,45.63776507]]]]}},{"type":"Feature","properties":{"code":"73036","nom":"Bellecombe-en-Bauges","departement":"73","region":"84"},"geometry":{"type":"MultiPolygon","coordinates":[[[[6.18358902,45.73333806],[6.18437253,45.73304375],[6.18500369,45.73372346],[6.19601449,45.73202836],[6.19224657,45.72006597],[6.17554354,45.72145091],[6.17177292,45.72054055],[6.16967418,45.71950374],[6.16175166,45.70949853],[6.15553002,45.71180523],[6.14961376,45.71521333],[6.14720683,45.71503366],[6.14889265,45.71723415],[6.15167286,45.72617116],[6.14471279,45.73308948],[6.14111206,45.73410822],[6.13473471,45.73382347],[6.11671978,45.73079406],[6.10750581,45.72424187],[6.10391601,45.72000252],[6.10161959,45.72213667],[6.09785731,45.72236183],[6.09436061,45.72434408],[6.09503659,45.73037333],[6.0970097,45.733895],[6.0998178,45.73263545],[6.10265649,45.73648469],[6.10342344,45.74505455],[6.10028899,45.7548916],[6.1026193,45.76415565],[6.10359564,45.76054117],[6.11545297,45.75635257],[6.12208634,45.75239939],[6.12808425,45.75197178],[6.13495746,45.75512881],[6.13788268,45.7578078],[6.13761152,45.76133003],[6.14310399,45.76155286],[6.15568757,45.75777138],[6.16657012,45.75666238],[6.16596647,45.7490046],[6.1722064,45.74719708],[6.17820937,45.74664768],[6.17719948,45.73727825],[6.18358902,45.73333806]]]]}},{"type":"Feature","properties":{"code":"73039","nom":"Belmont-Tramonet","departement":"73","region":"84"},"geometry":{"type":"MultiPolygon","coordinates":[[[[5.67446435,45.55313083],[5.67311508,45.55983207],[5.6652601,45.5655336],[5.65465333,45.57016795],[5.64674804,45.57722259],[5.65445881,45.5830377],[5.66147688,45.58222395],[5.67225141,45.5787707],[5.66886576,45.57328663],[5.66905464,45.57009535],[5.67065288,45.56820134],[5.67753274,45.56374531],[5.68686185,45.56006911],[5.71181584,45.5590894],[5.706917,45.55200942],[5.69496126,45.55175175],[5.67446435,45.55313083]]]]}},{"type":"Feature","properties":{"code":"73040","nom":"Bessans","departement":"73","region":"84"},"geometry":{"type":"MultiPolygon","coordinates":[[[[6.98844231,45.36693764],[6.99807719,45.36675707],[7.01799318,45.35871734],[7.02825378,45.35727102],[7.04444726,45.35671576],[7.05995834,45.35080825],[7.06729637,45.34189771],[7.08997355,45.33738857],[7.10685654,45.33005801],[7.10997417,45.32678496],[7.11170916,45.32424792],[7.11034893,45.32052356],[7.11807055,45.30780279],[7.12205179,45.2949588],[7.13328195,45.28502334],[7.13611925,45.28055788],[7.13366718,45.27505285],[7.13297234,45.26592934],[7.13534439,45.26024851],[7.13510159,45.25372583],[7.12557983,45.24476199],[7.12069735,45.24432462],[7.11797659,45.24534918],[7.10728954,45.24235165],[7.09948971,45.23438102],[7.08294687,45.22144198],[7.08288512,45.21728863],[7.07598489,45.21056946],[7.06774745,45.20983403],[7.0582667,45.21986068],[7.05108717,45.2255708],[7.04702384,45.22857987],[7.02581825,45.23631948],[7.01901551,45.23812519],[7.00955621,45.23942723],[7.00163787,45.24493866],[7.0010106,45.24798775],[6.99382702,45.25407269],[6.98329365,45.26005392],[6.97530402,45.26616268],[6.97644613,45.26778274],[6.97775666,45.27476478],[6.97636386,45.28006424],[6.95697793,45.30101599],[6.96007731,45.30963977],[6.96609103,45.31372264],[6.97267898,45.32863175],[6.96018455,45.33737115],[6.9662215,45.34066172],[6.97224281,45.35204969],[6.97936035,45.357292],[6.98844231,45.36693764]]]]}},{"type":"Feature","properties":{"code":"73041","nom":"Betton-Bettonet","departement":"73","region":"84"},"geometry":{"type":"MultiPolygon","coordinates":[[[[6.16210032,45.51808993],[6.16380921,45.5185861],[6.17221584,45.52479152],[6.18467317,45.53509739],[6.20671806,45.54603712],[6.19417218,45.53045764],[6.18551118,45.52213684],[6.17454005,45.51161431],[6.17120773,45.51206808],[6.16210032,45.51808993]]]]}},{"type":"Feature","properties":{"code":"73042","nom":"Billième","departement":"73","region":"84"},"geometry":{"type":"MultiPolygon","coordinates":[[[[5.83672706,45.7219978],[5.82825981,45.71598969],[5.81628624,45.70910636],[5.8065494,45.70503509],[5.80396553,45.70477686],[5.80252749,45.70548212],[5.7988755,45.71041877],[5.79385454,45.72141907],[5.81143904,45.7287155],[5.82302094,45.73259609],[5.8311166,45.72990518],[5.8308197,45.72893138],[5.83672706,45.7219978]]]]}},{"type":"Feature","properties":{"code":"73043","nom":"La Biolle","departement":"73","region":"84"},"geometry":{"type":"MultiPolygon","coordinates":[[[[5.93054455,45.74937941],[5.93064774,45.7485342],[5.92747888,45.74673682],[5.9217788,45.74058507],[5.92112252,45.73277059],[5.91813706,45.73198648],[5.91050651,45.73386254],[5.91155816,45.73660536],[5.9099598,45.74124674],[5.90590963,45.74550168],[5.89816719,45.74828083],[5.89077363,45.75434758],[5.88620717,45.76187513],[5.88829802,45.76234513],[5.89120061,45.76445049],[5.89556867,45.77083081],[5.90010615,45.77450784],[5.90747668,45.77609235],[5.91274972,45.77786934],[5.92285417,45.77527409],[5.92988646,45.77354984],[5.93465728,45.7706639],[5.9360131,45.76528502],[5.9487534,45.75873129],[5.94429356,45.75524517],[5.94022796,45.75315796],[5.93591502,45.75253865],[5.93054455,45.74937941]]]]}},{"type":"Feature","properties":{"code":"73047","nom":"Bonneval-sur-Arc","departement":"73","region":"84"},"geometry":{"type":"MultiPolygon","coordinates":[[[[6.99807719,45.36675707],[7.00446407,45.37417258],[7.00766248,45.38125928],[7.00875291,45.38688958],[7.00640692,45.39300625],[7.01039443,45.4009537],[7.01965176,45.41249438],[7.02320036,45.414759],[7.02858017,45.41520761],[7.03058956,45.41724784],[7.03362331,45.42087501],[7.03686778,45.42892967],[7.04040019,45.43182734],[7.04510704,45.4329099],[7.05528056,45.43021322],[7.07398591,45.42857439],[7.07773326,45.43044787],[7.08865288,45.43335454],[7.09291764,45.43257489],[7.09964367,45.43278434],[7.11309975,45.43429204],[7.12861212,45.42856117],[7.14834518,45.4238179],[7.15692574,45.41678484],[7.16217103,45.41399584],[7.1673359,45.41171183],[7.17603257,45.40929413],[7.18312722,45.40136836],[7.17810676,45.39211934],[7.17039862,45.38531296],[7.16266697,45.38132844],[7.15827003,45.37107451],[7.15912245,45.364923],[7.1624898,45.36151381],[7.16146306,45.35982614],[7.154369,45.35599964],[7.14328056,45.35185996],[7.13796578,45.35103504],[7.13351615,45.34512309],[7.13165848,45.33994393],[7.13374871,45.33591465],[7.13362026,45.33089885],[7.12629806,45.32719375],[7.12134454,45.3273791],[7.11657599,45.32876927],[7.10997417,45.32678496],[7.10685654,45.33005801],[7.08997355,45.33738857],[7.06729637,45.34189771],[7.05995834,45.35080825],[7.04444726,45.35671576],[7.02825378,45.35727102],[7.01799318,45.35871734],[6.99807719,45.36675707]]]]}},{"type":"Feature","properties":{"code":"73048","nom":"Bonvillard","departement":"73","region":"84"},"geometry":{"type":"MultiPolygon","coordinates":[[[[6.37483952,45.58057059],[6.37085161,45.5733321],[6.36463611,45.5664144],[6.35544545,45.56481458],[6.35461929,45.56587754],[6.34046941,45.569934],[6.32095074,45.57210605],[6.30320923,45.57253076],[6.30055529,45.57201121],[6.29491545,45.57268143],[6.29310704,45.585873],[6.29459509,45.58762831],[6.30876216,45.60050044],[6.31945849,45.6039921],[6.32473868,45.60093847],[6.32763348,45.59761724],[6.33042282,45.59609259],[6.33746611,45.59372964],[6.34628144,45.59325485],[6.37483952,45.58057059]]]]}},{"type":"Feature","properties":{"code":"73049","nom":"Bonvillaret","departement":"73","region":"84"},"geometry":{"type":"MultiPolygon","coordinates":[[[[6.35280359,45.5609341],[6.34677237,45.56055695],[6.32513425,45.55390369],[6.31250528,45.55097369],[6.30855844,45.55663189],[6.30524154,45.55759023],[6.29625404,45.55624196],[6.29236341,45.553591],[6.28735606,45.55695784],[6.28115596,45.55960493],[6.29491545,45.57268143],[6.30055529,45.57201121],[6.30320923,45.57253076],[6.32095074,45.57210605],[6.34046941,45.569934],[6.35461929,45.56587754],[6.35544545,45.56481458],[6.35280359,45.5609341]]]]}},{"type":"Feature","properties":{"code":"73050","nom":"Bourdeau","departement":"73","region":"84"},"geometry":{"type":"MultiPolygon","coordinates":[[[[5.84499176,45.69036101],[5.85535612,45.68894533],[5.87140974,45.68831099],[5.87283668,45.66835442],[5.85472893,45.66864565],[5.85402739,45.66498617],[5.8519359,45.66332894],[5.84239361,45.66404426],[5.82582163,45.66735299],[5.82666696,45.66857974],[5.83823233,45.68012875],[5.84499176,45.69036101]]]]}},{"type":"Feature","properties":{"code":"73051","nom":"Le Bourget-du-Lac","departement":"73","region":"84"},"geometry":{"type":"MultiPolygon","coordinates":[[[[5.82107642,45.65753875],[5.82244586,45.66431101],[5.82582163,45.66735299],[5.84239361,45.66404426],[5.8519359,45.66332894],[5.85402739,45.66498617],[5.85472893,45.66864565],[5.87283668,45.66835442],[5.87351627,45.6615177],[5.88019969,45.6518594],[5.89079384,45.64207952],[5.88659471,45.64240539],[5.88388792,45.64146648],[5.88492667,45.64007652],[5.88218669,45.63916366],[5.87220497,45.63914768],[5.86490656,45.63709368],[5.85978095,45.63449743],[5.85251952,45.6168091],[5.84917973,45.61523489],[5.84373419,45.61505554],[5.81771439,45.61752064],[5.81873731,45.63239844],[5.81727353,45.64399292],[5.82107642,45.65753875]]]]}},{"type":"Feature","properties":{"code":"73052","nom":"Bourget-en-Huile","departement":"73","region":"84"},"geometry":{"type":"MultiPolygon","coordinates":[[[[6.20738759,45.49975874],[6.21101368,45.499172],[6.2267647,45.48080939],[6.23291413,45.47502586],[6.23270875,45.4733465],[6.22954382,45.46923259],[6.22040173,45.46135661],[6.20715346,45.47368626],[6.20056975,45.47782338],[6.19489033,45.47983724],[6.19659669,45.49067247],[6.19371192,45.49692065],[6.19806021,45.49972844],[6.20178075,45.50088855],[6.20738759,45.49975874]]]]}},{"type":"Feature","properties":{"code":"73053","nom":"Bourgneuf","departement":"73","region":"84"},"geometry":{"type":"MultiPolygon","coordinates":[[[[6.20843095,45.54788796],[6.20822797,45.55138507],[6.2048852,45.55125159],[6.21000893,45.55624673],[6.22251897,45.55898066],[6.23745648,45.56072675],[6.25089774,45.55411466],[6.28115596,45.55960493],[6.28735606,45.55695784],[6.29236341,45.553591],[6.29924445,45.54988231],[6.29342055,45.54804252],[6.29075621,45.55147599],[6.28119412,45.55329145],[6.27276703,45.55133015],[6.25634239,45.54451107],[6.25452028,45.54451883],[6.25419479,45.54662183],[6.24594852,45.54975161],[6.2291776,45.54786389],[6.21881304,45.545884],[6.21420665,45.54613939],[6.20843095,45.54788796]]]]}},{"type":"Feature","properties":{"code":"73054","nom":"Bourg-Saint-Maurice","departement":"73","region":"84"},"geometry":{"type":"MultiPolygon","coordinates":[[[[6.78579627,45.62239359],[6.78656156,45.61737162],[6.79030481,45.61764937],[6.79348198,45.61667677],[6.80167765,45.60709082],[6.82795356,45.59910042],[6.82907918,45.59619249],[6.82727893,45.59316605],[6.82167927,45.58963598],[6.82045049,45.58725354],[6.82004414,45.58044818],[6.83077983,45.58249428],[6.8348778,45.58805582],[6.84159028,45.58705033],[6.84580951,45.57722882],[6.85201596,45.55450639],[6.84507309,45.54782137],[6.81569667,45.55018651],[6.81249464,45.55209921],[6.80422772,45.55373364],[6.79161922,45.56103406],[6.7758072,45.56731019],[6.75896928,45.5775876],[6.74314054,45.58149391],[6.74764517,45.58498308],[6.748246,45.5877153],[6.74588643,45.59189756],[6.75058199,45.60306552],[6.72771816,45.60826225],[6.71499119,45.61735935],[6.69371039,45.62800631],[6.69052242,45.65413718],[6.67760348,45.65809751],[6.6707314,45.66614384],[6.68998781,45.67717457],[6.69741699,45.68656391],[6.69091352,45.70232135],[6.7030489,45.71024268],[6.70877069,45.71267231],[6.71255232,45.72115508],[6.71186638,45.72289951],[6.71903384,45.72674144],[6.7212281,45.72872438],[6.74238942,45.74987399],[6.75432449,45.76431946],[6.75991751,45.76865594],[6.76881787,45.77043676],[6.77518555,45.77009841],[6.79160517,45.77529646],[6.79866488,45.77987844],[6.80022934,45.77988252],[6.80235027,45.77857502],[6.80515226,45.7684383],[6.80570064,45.74847061],[6.81135736,45.74357703],[6.81232378,45.723175],[6.82252389,45.71120214],[6.83602034,45.70211182],[6.84178717,45.69988943],[6.84510979,45.69445865],[6.84622632,45.69053572],[6.8431851,45.68598036],[6.83177746,45.68002867],[6.82680297,45.67880682],[6.81681638,45.67042174],[6.79132953,45.64405908],[6.7859649,45.63780474],[6.78783324,45.6294632],[6.78688555,45.62710519],[6.78579627,45.62239359]]]]}},{"type":"Feature","properties":{"code":"73055","nom":"Bozel","departement":"73","region":"84"},"geometry":{"type":"MultiPolygon","coordinates":[[[[6.67702973,45.4200033],[6.65888539,45.42738771],[6.653176,45.43149878],[6.64732421,45.43828958],[6.64341422,45.44056032],[6.62989525,45.44361935],[6.61700134,45.44530532],[6.61180176,45.44517912],[6.61668692,45.45996603],[6.62436017,45.4764025],[6.62484083,45.49041568],[6.64144052,45.49516676],[6.64464022,45.49304728],[6.65361126,45.49132311],[6.65731143,45.49126565],[6.66290816,45.49281562],[6.6722328,45.48896632],[6.68843267,45.48573141],[6.69486186,45.48636178],[6.69601987,45.48504537],[6.68225596,45.47495744],[6.67519136,45.46524809],[6.6742251,45.4610421],[6.67626091,45.45758415],[6.67590539,45.45478693],[6.67374712,45.44814468],[6.67262751,45.44761706],[6.67186344,45.44717876],[6.67737504,45.43715529],[6.67831345,45.43171949],[6.67702973,45.4200033]]]]}},{"type":"Feature","properties":{"code":"73057","nom":"Brides-les-Bains","departement":"73","region":"84"},"geometry":{"type":"MultiPolygon","coordinates":[[[[6.56163266,45.45955053],[6.56375059,45.45708647],[6.56717829,45.45687201],[6.57437191,45.45837537],[6.58138532,45.45759452],[6.58530367,45.45573501],[6.59542329,45.44826019],[6.59310484,45.44888527],[6.59270421,45.44785881],[6.57559237,45.45129123],[6.57007829,45.4505809],[6.56474373,45.44809609],[6.56401333,45.44836809],[6.56106175,45.45088749],[6.55758947,45.45245976],[6.54652827,45.45328162],[6.5524895,45.45830103],[6.55400813,45.45747412],[6.5563643,45.46124648],[6.55962794,45.4608662],[6.56163266,45.45955053]]]]}},{"type":"Feature","properties":{"code":"73058","nom":"La Bridoire","departement":"73","region":"84"},"geometry":{"type":"MultiPolygon","coordinates":[[[[5.76059907,45.54243264],[5.76038084,45.54227312],[5.75854698,45.54180368],[5.75629685,45.53863327],[5.75488557,45.53004424],[5.75045091,45.51653859],[5.7467962,45.51851658],[5.74281043,45.51935105],[5.72039332,45.5208587],[5.72320013,45.53670783],[5.72564149,45.54292323],[5.73007926,45.54354798],[5.73806489,45.54312836],[5.73813535,45.54245178],[5.74969039,45.53890062],[5.75076988,45.54070866],[5.75331218,45.54194294],[5.75634044,45.54353555],[5.76059907,45.54243264]]]]}},{"type":"Feature","properties":{"code":"73059","nom":"Brison-Saint-Innocent","departement":"73","region":"84"},"geometry":{"type":"MultiPolygon","coordinates":[[[[5.90783711,45.72377336],[5.89548583,45.71531116],[5.87114674,45.70791529],[5.87097653,45.72685767],[5.86940909,45.73485594],[5.8569196,45.7620857],[5.87036163,45.7637033],[5.87991264,45.76673164],[5.88620717,45.76187513],[5.89077363,45.75434758],[5.89816719,45.74828083],[5.90590963,45.74550168],[5.9099598,45.74124674],[5.91155816,45.73660536],[5.91050651,45.73386254],[5.90879724,45.73282715],[5.90847389,45.73162171],[5.90783711,45.72377336]]]]}},{"type":"Feature","properties":{"code":"73061","nom":"Césarches","departement":"73","region":"84"},"geometry":{"type":"MultiPolygon","coordinates":[[[[6.41938427,45.69223219],[6.41830523,45.69100489],[6.41559327,45.69097002],[6.41014834,45.69218599],[6.40540287,45.69421698],[6.40272634,45.69358945],[6.40631809,45.70819857],[6.40720282,45.70821327],[6.41046492,45.71444186],[6.42432698,45.7108243],[6.42105873,45.70341642],[6.41938427,45.69223219]]]]}},{"type":"Feature","properties":{"code":"73063","nom":"Cevins","departement":"73","region":"84"},"geometry":{"type":"MultiPolygon","coordinates":[[[[6.45014635,45.59103406],[6.44400849,45.5971675],[6.44427377,45.59815083],[6.44997836,45.59765503],[6.45656308,45.60079221],[6.46304258,45.61591295],[6.46781741,45.61842748],[6.47639734,45.62081794],[6.47953736,45.62258663],[6.49218645,45.63399337],[6.49684326,45.63896574],[6.49813865,45.6424453],[6.50250829,45.64631231],[6.50929273,45.64641818],[6.52074285,45.63776507],[6.52141286,45.63559251],[6.52420309,45.63390879],[6.54283372,45.6307203],[6.54746649,45.62652704],[6.55047738,45.62137162],[6.54725459,45.6176253],[6.54234077,45.60803713],[6.52893142,45.59369967],[6.5131831,45.60315712],[6.50411078,45.60666896],[6.49945691,45.60506437],[6.49792038,45.60348793],[6.50011948,45.59272843],[6.5043336,45.58352039],[6.49659078,45.57988301],[6.47642762,45.58134234],[6.46171046,45.57467246],[6.45991507,45.57584632],[6.45014635,45.59103406]]]]}},{"type":"Feature","properties":{"code":"73064","nom":"Challes-les-Eaux","departement":"73","region":"84"},"geometry":{"type":"MultiPolygon","coordinates":[[[[5.96947578,45.53646107],[5.96680669,45.54339805],[5.96695548,45.54658674],[5.96979103,45.55094617],[5.97116576,45.55158926],[5.97063229,45.55331457],[5.97372513,45.55927831],[5.9825077,45.56127307],[5.98304551,45.56313852],[5.99273781,45.56488036],[5.99747533,45.55934824],[5.99842632,45.55636808],[5.99873506,45.54490568],[5.99772638,45.543161],[5.99243877,45.53978043],[5.96974109,45.5347825],[5.96947578,45.53646107]]]]}},{"type":"Feature","properties":{"code":"73065","nom":"Chambéry","departement":"73","region":"84"},"geometry":{"type":"MultiPolygon","coordinates":[[[[5.90532554,45.57356318],[5.89969421,45.57579372],[5.89854934,45.571444],[5.89566835,45.56809056],[5.88670296,45.57180208],[5.8785478,45.56835832],[5.87690628,45.56762814],[5.87680804,45.56907237],[5.87521161,45.57007737],[5.87134982,45.57081767],[5.87426493,45.57869061],[5.87795926,45.58524239],[5.87920392,45.58551148],[5.88357726,45.58716098],[5.88314852,45.5877757],[5.88822695,45.59684085],[5.89243665,45.5971282],[5.89149701,45.60271024],[5.88896492,45.60688335],[5.88408757,45.61501734],[5.89828151,45.61527601],[5.9023474,45.61188399],[5.90668678,45.60962733],[5.91935447,45.60976685],[5.92494142,45.60817632],[5.92719339,45.6048981],[5.93677331,45.59991572],[5.93404847,45.59951108],[5.93212046,45.59567945],[5.93104176,45.59375309],[5.92923071,45.59270907],[5.92734178,45.58596221],[5.93114889,45.57510571],[5.93358913,45.5734534],[5.93490237,45.57395076],[5.93754771,45.5722011],[5.94019888,45.56833904],[5.94020467,45.56832717],[5.93951026,45.56795787],[5.94097438,45.56215973],[5.93424502,45.5561037],[5.93037256,45.54804357],[5.92760946,45.54919692],[5.92233747,45.55438661],[5.91533856,45.56246648],[5.90632301,45.55979675],[5.90313454,45.55674161],[5.90063183,45.56188565],[5.9000474,45.56258195],[5.90115271,45.56504942],[5.90532554,45.57356318]]]]}},{"type":"Feature","properties":{"code":"73067","nom":"La Chambre","departement":"73","region":"84"},"geometry":{"type":"MultiPolygon","coordinates":[[[[6.30106948,45.35336024],[6.28862322,45.35917275],[6.28698585,45.36376303],[6.28749878,45.36880837],[6.28526979,45.37191816],[6.2784316,45.38187438],[6.28468453,45.38402803],[6.29037577,45.37430248],[6.29659756,45.37248463],[6.30183531,45.3697122],[6.30274174,45.36643741],[6.30462329,45.36457941],[6.30397168,45.36387585],[6.3076609,45.35900927],[6.30106948,45.35336024]]]]}},{"type":"Feature","properties":{"code":"73068","nom":"Chamousset","departement":"73","region":"84"},"geometry":{"type":"MultiPolygon","coordinates":[[[[6.19630137,45.57370474],[6.21413616,45.58068248],[6.2162137,45.5785989],[6.21787101,45.56740152],[6.2341,45.56239336],[6.23745648,45.56072675],[6.22251897,45.55898066],[6.21000893,45.55624673],[6.2048852,45.55125159],[6.20043649,45.55046911],[6.1977963,45.55086243],[6.1922109,45.55689088],[6.18848445,45.56255986],[6.18972886,45.56298235],[6.18681011,45.56481262],[6.18446953,45.56773221],[6.19033652,45.57128958],[6.19630137,45.57370474]]]]}},{"type":"Feature","properties":{"code":"73069","nom":"Chamoux-sur-Gelon","departement":"73","region":"84"},"geometry":{"type":"MultiPolygon","coordinates":[[[[6.20843095,45.54788796],[6.21420665,45.54613939],[6.21881304,45.545884],[6.2291776,45.54786389],[6.24594852,45.54975161],[6.25419479,45.54662183],[6.25452028,45.54451883],[6.25634239,45.54451107],[6.25406168,45.5352611],[6.24692386,45.53595978],[6.23638005,45.53554137],[6.22203873,45.53175589],[6.21681265,45.52804942],[6.21613978,45.5195621],[6.21095011,45.51413215],[6.20858902,45.51280368],[6.19888492,45.51354747],[6.19675308,45.51439045],[6.18551118,45.52213684],[6.19417218,45.53045764],[6.20671806,45.54603712],[6.20843095,45.54788796]]]]}},{"type":"Feature","properties":{"code":"73070","nom":"Champagneux","departement":"73","region":"84"},"geometry":{"type":"MultiPolygon","coordinates":[[[[5.70343086,45.64323003],[5.69855325,45.64069544],[5.69102906,45.6382429],[5.68454788,45.62873178],[5.68342482,45.62516628],[5.67970809,45.61631788],[5.65985234,45.60778199],[5.65182611,45.60567762],[5.63651325,45.61713325],[5.63706493,45.62203337],[5.6414538,45.62408194],[5.64579645,45.62429613],[5.64720827,45.62511525],[5.64832685,45.62740086],[5.64912061,45.63140417],[5.65599323,45.63500648],[5.66404243,45.6381904],[5.67550961,45.63824448],[5.68480053,45.64072438],[5.68789625,45.64374362],[5.6899624,45.64346539],[5.69930425,45.65341227],[5.7052284,45.65217801],[5.70343086,45.64323003]]]]}},{"type":"Feature","properties":{"code":"73091","nom":"Conjux","departement":"73","region":"84"},"geometry":{"type":"MultiPolygon","coordinates":[[[[5.84724597,45.78076545],[5.8290861,45.78239104],[5.82474157,45.78341089],[5.82143566,45.78535251],[5.8157339,45.79128429],[5.80758545,45.79371027],[5.80215326,45.79418681],[5.80063673,45.80006961],[5.80833807,45.79901049],[5.81361255,45.80159851],[5.81817259,45.8059549],[5.82029736,45.80530352],[5.82384751,45.80589595],[5.83930349,45.79335449],[5.84724597,45.78076545]]]]}},{"type":"Feature","properties":{"code":"73071","nom":"Champagny-en-Vanoise","departement":"73","region":"84"},"geometry":{"type":"MultiPolygon","coordinates":[[[[6.88967377,45.42247425],[6.88811286,45.42095162],[6.86678155,45.40924235],[6.84710493,45.4083467],[6.82753474,45.40513701],[6.82329784,45.40428824],[6.81690542,45.40618938],[6.81648753,45.41247901],[6.80076748,45.41429811],[6.79144662,45.41289029],[6.78405036,45.41338648],[6.76908061,45.41645044],[6.76089382,45.41718982],[6.75158883,45.43172346],[6.74988462,45.43286046],[6.70088814,45.44195139],[6.69234553,45.44501228],[6.68492106,45.4461968],[6.67524434,45.44528222],[6.67262751,45.44761706],[6.67374712,45.44814468],[6.67590539,45.45478693],[6.67626091,45.45758415],[6.6742251,45.4610421],[6.67519136,45.46524809],[6.68225596,45.47495744],[6.69601987,45.48504537],[6.71419589,45.48808962],[6.73224113,45.48993819],[6.73412018,45.49224474],[6.73425938,45.49242761],[6.74943514,45.49271204],[6.76415149,45.49574315],[6.76940622,45.4990528],[6.78131497,45.49291674],[6.79341953,45.49182024],[6.80057647,45.48982997],[6.80679918,45.48545669],[6.81643869,45.47221039],[6.82111899,45.46125893],[6.82790463,45.45692555],[6.845144,45.45372206],[6.86170641,45.45397946],[6.86458764,45.45039572],[6.86563189,45.44186269],[6.87017882,45.43674279],[6.87886437,45.43438878],[6.88342832,45.43127814],[6.88731491,45.42747858],[6.88967377,45.42247425]]]]}},{"type":"Feature","properties":{"code":"73072","nom":"Champ-Laurent","departement":"73","region":"84"},"geometry":{"type":"MultiPolygon","coordinates":[[[[6.21613978,45.5195621],[6.21532911,45.51424562],[6.22125097,45.51320166],[6.2407911,45.51185604],[6.24229057,45.51049154],[6.24001591,45.51025891],[6.23590055,45.5082228],[6.20938689,45.50228716],[6.20738759,45.49975874],[6.20178075,45.50088855],[6.19806021,45.49972844],[6.19371192,45.49692065],[6.18832423,45.49896457],[6.1849082,45.50511313],[6.18957942,45.50992358],[6.19675308,45.51439045],[6.19888492,45.51354747],[6.20858902,45.51280368],[6.21095011,45.51413215],[6.21613978,45.5195621]]]]}},{"type":"Feature","properties":{"code":"73073","nom":"Chanaz","departement":"73","region":"84"},"geometry":{"type":"MultiPolygon","coordinates":[[[[5.79529893,45.83002869],[5.79887978,45.82871094],[5.79535819,45.82303143],[5.79541739,45.81427801],[5.80150091,45.81410376],[5.80910371,45.81727306],[5.81080856,45.81648814],[5.81652136,45.80942377],[5.81817259,45.8059549],[5.81361255,45.80159851],[5.80833807,45.79901049],[5.80063673,45.80006961],[5.80215326,45.79418681],[5.7983554,45.79285469],[5.79688537,45.78951669],[5.79598079,45.78040242],[5.78112269,45.7810211],[5.78485167,45.79717774],[5.78699983,45.80951867],[5.78416471,45.81566443],[5.78780194,45.82346156],[5.78894865,45.82669415],[5.79529893,45.83002869]]]]}},{"type":"Feature","properties":{"code":"73074","nom":"La Chapelle","departement":"73","region":"84"},"geometry":{"type":"MultiPolygon","coordinates":[[[[6.29863622,45.39963837],[6.28307019,45.40265246],[6.2745651,45.39971915],[6.27390042,45.41702056],[6.27119921,45.42252395],[6.27140672,45.42389677],[6.28122173,45.43475722],[6.28729017,45.44548172],[6.30661779,45.4387659],[6.32226127,45.42432939],[6.31658495,45.42391982],[6.31502155,45.41878028],[6.31096973,45.41246155],[6.30274819,45.409658],[6.29863622,45.39963837]]]]}},{"type":"Feature","properties":{"code":"73075","nom":"La Chapelle-Blanche","departement":"73","region":"84"},"geometry":{"type":"MultiPolygon","coordinates":[[[[6.07655171,45.4434151],[6.06300216,45.44435651],[6.05428442,45.44039956],[6.05193257,45.44225686],[6.05486897,45.45310315],[6.05722526,45.45401847],[6.06109947,45.45724429],[6.06444727,45.45484323],[6.07272015,45.45195397],[6.08909434,45.4580996],[6.09044415,45.45939161],[6.09534922,45.45627892],[6.09538913,45.45389337],[6.09103947,45.44406554],[6.07655171,45.4434151]]]]}},{"type":"Feature","properties":{"code":"73076","nom":"La Chapelle-du-Mont-du-Chat","departement":"73","region":"84"},"geometry":{"type":"MultiPolygon","coordinates":[[[[5.83248571,45.74693159],[5.84013028,45.73951267],[5.85004098,45.73301177],[5.86940909,45.73485594],[5.87097653,45.72685767],[5.87114674,45.70791529],[5.87127359,45.70124316],[5.87140974,45.68831099],[5.85535612,45.68894533],[5.84499176,45.69036101],[5.84709883,45.69292987],[5.84720674,45.70439327],[5.84432445,45.71308933],[5.83672706,45.7219978],[5.8308197,45.72893138],[5.8311166,45.72990518],[5.83603969,45.73026528],[5.82955949,45.7406066],[5.82933194,45.74418053],[5.83248571,45.74693159]]]]}},{"type":"Feature","properties":{"code":"73077","nom":"Les Chapelles","departement":"73","region":"84"},"geometry":{"type":"MultiPolygon","coordinates":[[[[6.6707314,45.66614384],[6.67760348,45.65809751],[6.69052242,45.65413718],[6.69371039,45.62800631],[6.71499119,45.61735935],[6.72771816,45.60826225],[6.75058199,45.60306552],[6.74588643,45.59189756],[6.74469264,45.59247283],[6.72958671,45.57595066],[6.72678089,45.57440848],[6.72290486,45.57355617],[6.70560048,45.57815871],[6.7030608,45.58057093],[6.69896704,45.58741807],[6.69616457,45.61097721],[6.68948477,45.62334383],[6.68796053,45.63068396],[6.68777936,45.65018405],[6.68299912,45.65124571],[6.67131411,45.65049358],[6.66376617,45.65609786],[6.66703408,45.6644813],[6.6707314,45.66614384]]]]}},{"type":"Feature","properties":{"code":"73078","nom":"La Chapelle-Saint-Martin","departement":"73","region":"84"},"geometry":{"type":"MultiPolygon","coordinates":[[[[5.75238296,45.63889784],[5.74226865,45.63943312],[5.74759232,45.6492596],[5.74671896,45.65648823],[5.75262997,45.65918748],[5.76276755,45.66370648],[5.7645625,45.64824031],[5.75238296,45.63889784]]]]}},{"type":"Feature","properties":{"code":"73079","nom":"Châteauneuf","departement":"73","region":"84"},"geometry":{"type":"MultiPolygon","coordinates":[[[[6.18681011,45.56481262],[6.18972886,45.56298235],[6.18848445,45.56255986],[6.1922109,45.55689088],[6.1977963,45.55086243],[6.20043649,45.55046911],[6.2048852,45.55125159],[6.20822797,45.55138507],[6.20843095,45.54788796],[6.20671806,45.54603712],[6.18467317,45.53509739],[6.17832044,45.53554323],[6.16904369,45.5349754],[6.17000238,45.53555034],[6.16985466,45.53698201],[6.16283814,45.54304031],[6.15576156,45.54739386],[6.15146942,45.54596162],[6.15020593,45.5479905],[6.1762783,45.55568427],[6.18193944,45.56277245],[6.18505221,45.56485436],[6.18681011,45.56481262]]]]}},{"type":"Feature","properties":{"code":"73081","nom":"Le Châtelard","departement":"73","region":"84"},"geometry":{"type":"MultiPolygon","coordinates":[[[[6.08855835,45.68246617],[6.1065816,45.69447244],[6.11651364,45.6984291],[6.12076125,45.68951318],[6.1222168,45.68894293],[6.14291536,45.69725024],[6.14585812,45.70265819],[6.14607572,45.7117957],[6.14720683,45.71503366],[6.14961376,45.71521333],[6.15553002,45.71180523],[6.16175166,45.70949853],[6.15994639,45.70568571],[6.15881142,45.69446418],[6.15567827,45.6827138],[6.15246679,45.67466411],[6.14831687,45.67228843],[6.13589867,45.65835383],[6.13215766,45.65551651],[6.12332286,45.65267188],[6.11871708,45.6543082],[6.10410339,45.66885353],[6.1013369,45.6729977],[6.10152125,45.67711191],[6.08855835,45.68246617]]]]}},{"type":"Feature","properties":{"code":"73082","nom":"La Chavanne","departement":"73","region":"84"},"geometry":{"type":"MultiPolygon","coordinates":[[[[6.04667615,45.49061858],[6.06030873,45.49834258],[6.07355063,45.50340832],[6.07939644,45.49603166],[6.08255481,45.49362898],[6.06027065,45.48477691],[6.05509046,45.48569397],[6.05482628,45.48776116],[6.05085768,45.49100871],[6.04667615,45.49061858]]]]}},{"type":"Feature","properties":{"code":"73083","nom":"Les Chavannes-en-Maurienne","departement":"73","region":"84"},"geometry":{"type":"MultiPolygon","coordinates":[[[[6.30055161,45.37647869],[6.29659756,45.37248463],[6.29037577,45.37430248],[6.28468453,45.38402803],[6.2784316,45.38187438],[6.27491055,45.38768848],[6.2745651,45.39971915],[6.28307019,45.40265246],[6.29863622,45.39963837],[6.2974788,45.38344566],[6.29858119,45.37732173],[6.30055161,45.37647869]]]]}},{"type":"Feature","properties":{"code":"73084","nom":"Chignin","departement":"73","region":"84"},"geometry":{"type":"MultiPolygon","coordinates":[[[[6.03375674,45.51502795],[6.03100181,45.51084361],[6.03093233,45.5088675],[6.02761486,45.50648343],[6.02367244,45.50711236],[6.02033405,45.50647863],[6.01312807,45.50872507],[6.00130222,45.5144504],[5.99077943,45.52058939],[5.99861138,45.53322595],[6.0121074,45.53962321],[6.01554279,45.53985993],[6.01870209,45.53921726],[6.02466868,45.53354991],[6.02678369,45.53447876],[6.02647137,45.53307871],[6.03375674,45.51502795]]]]}},{"type":"Feature","properties":{"code":"73085","nom":"Chindrieux","departement":"73","region":"84"},"geometry":{"type":"MultiPolygon","coordinates":[[[[5.86666188,45.84210792],[5.86476963,45.80797962],[5.86710917,45.79872104],[5.86696481,45.79393184],[5.86701602,45.7828373],[5.86384183,45.78135545],[5.84724597,45.78076545],[5.83930349,45.79335449],[5.82384751,45.80589595],[5.82029736,45.80530352],[5.81817259,45.8059549],[5.81652136,45.80942377],[5.81080856,45.81648814],[5.80910371,45.81727306],[5.81895095,45.8228872],[5.82225769,45.83757306],[5.8435033,45.83768613],[5.86666188,45.84210792]]]]}},{"type":"Feature","properties":{"code":"73086","nom":"Cléry","departement":"73","region":"84"},"geometry":{"type":"MultiPolygon","coordinates":[[[[6.23968143,45.64382776],[6.23784706,45.64603182],[6.25061694,45.65323408],[6.25326482,45.65634798],[6.253581,45.66039265],[6.25901635,45.66200634],[6.26476849,45.66497509],[6.26871101,45.66493546],[6.28590681,45.65627382],[6.29368444,45.65548947],[6.30250517,45.65065161],[6.30674169,45.64262213],[6.29677862,45.63692651],[6.29640195,45.63636164],[6.29569345,45.6369556],[6.28575369,45.63016515],[6.28381233,45.63230375],[6.27587208,45.63755977],[6.26352216,45.63702197],[6.25718637,45.63748948],[6.24268939,45.64349958],[6.23968143,45.64382776]]]]}},{"type":"Feature","properties":{"code":"73087","nom":"Cognin","departement":"73","region":"84"},"geometry":{"type":"MultiPolygon","coordinates":[[[[5.88835247,45.54827946],[5.88309468,45.55524015],[5.87764518,45.55826059],[5.87478703,45.55847613],[5.87480721,45.56047329],[5.87724429,45.56623093],[5.8783977,45.56655461],[5.8785478,45.56835832],[5.88670296,45.57180208],[5.89566835,45.56809056],[5.89854934,45.571444],[5.89969421,45.57579372],[5.90532554,45.57356318],[5.90115271,45.56504942],[5.9000474,45.56258195],[5.90063183,45.56188565],[5.90313454,45.55674161],[5.90373271,45.55528082],[5.90634353,45.55394819],[5.90785234,45.55126716],[5.9062454,45.54953091],[5.90013793,45.54773521],[5.89812497,45.54455409],[5.88835247,45.54827946]]]]}},{"type":"Feature","properties":{"code":"73088","nom":"Cohennoz","departement":"73","region":"84"},"geometry":{"type":"MultiPolygon","coordinates":[[[[6.51770803,45.76681226],[6.52251049,45.75921598],[6.52031961,45.75945207],[6.52444579,45.75281514],[6.51574665,45.75069003],[6.50037966,45.74993701],[6.49267905,45.74725004],[6.48391253,45.7388349],[6.47007598,45.74607246],[6.4657763,45.75044834],[6.46410167,45.75376092],[6.47871636,45.76423718],[6.48226744,45.76835045],[6.48658183,45.77656829],[6.4853752,45.78355333],[6.5014528,45.7861056],[6.52037341,45.7871887],[6.51340179,45.76728725],[6.51770803,45.76681226]]]]}},{"type":"Feature","properties":{"code":"73089","nom":"Coise-Saint-Jean-Pied-Gauthier","departement":"73","region":"84"},"geometry":{"type":"MultiPolygon","coordinates":[[[[6.15285788,45.52907852],[6.12825242,45.51924188],[6.11926887,45.50937169],[6.105518,45.49966714],[6.09344426,45.49235787],[6.09025477,45.49624052],[6.11290569,45.51378833],[6.1119051,45.51951056],[6.10847551,45.52094381],[6.10727948,45.52169965],[6.11027064,45.52698779],[6.11747878,45.53442893],[6.15146942,45.54596162],[6.15576156,45.54739386],[6.16283814,45.54304031],[6.16985466,45.53698201],[6.17000238,45.53555034],[6.16904369,45.5349754],[6.15285788,45.52907852]]]]}},{"type":"Feature","properties":{"code":"73090","nom":"La Compôte","departement":"73","region":"84"},"geometry":{"type":"MultiPolygon","coordinates":[[[[6.11979276,45.6447808],[6.12332286,45.65267188],[6.13215766,45.65551651],[6.13589867,45.65835383],[6.14831687,45.67228843],[6.15246679,45.67466411],[6.15567827,45.6827138],[6.16097076,45.68008883],[6.1676426,45.67527001],[6.16596959,45.66724135],[6.16255493,45.66016735],[6.15694683,45.65609906],[6.14824333,45.64293755],[6.14062478,45.63952316],[6.13332602,45.63817842],[6.1268123,45.64074148],[6.12794705,45.64365773],[6.12408951,45.64478594],[6.11979276,45.6447808]]]]}},{"type":"Feature","properties":{"code":"73092","nom":"Corbel","departement":"73","region":"84"},"geometry":{"type":"MultiPolygon","coordinates":[[[[5.83443736,45.42043206],[5.81003965,45.42577771],[5.80830819,45.42807817],[5.80667267,45.44158049],[5.8108528,45.44592957],[5.81604282,45.45157587],[5.82170871,45.45396716],[5.82773878,45.45439825],[5.83261488,45.45253348],[5.83578818,45.45521047],[5.84806636,45.45554268],[5.85152267,45.45496017],[5.85453168,45.45304908],[5.84924048,45.44937942],[5.84657677,45.44301361],[5.84683543,45.4411671],[5.84776388,45.43665632],[5.84596422,45.43310415],[5.84295572,45.42825539],[5.83874348,45.42550675],[5.83443736,45.42043206]]]]}},{"type":"Feature","properties":{"code":"73094","nom":"Crest-Voland","departement":"73","region":"84"},"geometry":{"type":"MultiPolygon","coordinates":[[[[6.48736666,45.79395126],[6.5003981,45.80458408],[6.50552619,45.80638898],[6.5245322,45.80381472],[6.53162466,45.8018839],[6.53543404,45.79968778],[6.53952403,45.79102062],[6.53972233,45.78671834],[6.53664906,45.78387621],[6.534109,45.78368361],[6.53209031,45.78225595],[6.52983879,45.77668103],[6.52786801,45.76968663],[6.51770803,45.76681226],[6.51340179,45.76728725],[6.52037341,45.7871887],[6.5014528,45.7861056],[6.4853752,45.78355333],[6.48736666,45.79395126]]]]}},{"type":"Feature","properties":{"code":"73095","nom":"La Croix-de-la-Rochette","departement":"73","region":"84"},"geometry":{"type":"MultiPolygon","coordinates":[[[[6.12420856,45.46819138],[6.12147318,45.46473316],[6.10979017,45.46968066],[6.0997682,45.46991031],[6.11237289,45.48125567],[6.11887421,45.48579454],[6.1341952,45.47571422],[6.12420856,45.46819138]]]]}},{"type":"Feature","properties":{"code":"73096","nom":"Cruet","departement":"73","region":"84"},"geometry":{"type":"MultiPolygon","coordinates":[[[[6.09136979,45.5555323],[6.09210796,45.55372588],[6.10500867,45.54427634],[6.11230165,45.53727425],[6.11747878,45.53442893],[6.11027064,45.52698779],[6.10727948,45.52169965],[6.10847551,45.52094381],[6.09583106,45.5157177],[6.08641429,45.50934809],[6.07419194,45.51942764],[6.06871531,45.52417154],[6.06843169,45.5252093],[6.08277086,45.53872318],[6.08376345,45.5434982],[6.08187208,45.54530287],[6.08393614,45.55091631],[6.08802315,45.55408155],[6.09136979,45.5555323]]]]}},{"type":"Feature","properties":{"code":"73097","nom":"Curienne","departement":"73","region":"84"},"geometry":{"type":"MultiPolygon","coordinates":[[[[6.02678369,45.53447876],[6.02466868,45.53354991],[6.01870209,45.53921726],[6.01554279,45.53985993],[6.01672955,45.5412149],[6.00908793,45.54716998],[6.00149609,45.54701355],[5.99873506,45.54490568],[5.99842632,45.55636808],[5.99747533,45.55934824],[5.99273781,45.56488036],[5.99107287,45.57244635],[5.98866736,45.57602021],[5.99029559,45.57991931],[5.99124367,45.57953453],[6.00221274,45.58131105],[6.00392866,45.58041454],[6.00560627,45.57852868],[6.00820546,45.57773734],[6.01431919,45.57345355],[6.01963923,45.56669911],[6.031673,45.55843515],[6.02940097,45.55669326],[6.02658,45.54500949],[6.02678369,45.53447876]]]]}},{"type":"Feature","properties":{"code":"73098","nom":"Les Déserts","departement":"73","region":"84"},"geometry":{"type":"MultiPolygon","coordinates":[[[[6.03478103,45.62972351],[6.03239518,45.62727185],[6.01836585,45.61878378],[6.01500561,45.61746994],[6.01953779,45.60819911],[6.00467863,45.60563331],[5.99585491,45.60556417],[5.98143113,45.60854727],[5.97239083,45.61191347],[5.96665806,45.61596757],[5.96884174,45.63045126],[5.96655189,45.62904105],[5.96550693,45.62905058],[5.96136334,45.63413749],[5.96562556,45.64457548],[5.9673164,45.6556516],[5.96592649,45.66534732],[5.96898547,45.66405738],[5.9755695,45.67447983],[5.97617114,45.67785035],[5.97415353,45.6829076],[5.97973585,45.68231395],[5.99732957,45.67538767],[6.00301272,45.67413504],[6.01468431,45.67163153],[6.01959003,45.65221293],[6.03608578,45.63773103],[6.03302161,45.63392524],[6.03329135,45.63165068],[6.03478103,45.62972351]]]]}},{"type":"Feature","properties":{"code":"73099","nom":"Détrier","departement":"73","region":"84"},"geometry":{"type":"MultiPolygon","coordinates":[[[[6.09474736,45.43161929],[6.09629927,45.44123317],[6.09284368,45.44423477],[6.09103947,45.44406554],[6.09538913,45.45389337],[6.09534922,45.45627892],[6.09044415,45.45939161],[6.08942869,45.45973679],[6.09204879,45.46180933],[6.09630602,45.45819089],[6.10628782,45.45185455],[6.11072375,45.44681575],[6.10822083,45.44541898],[6.1028467,45.43382399],[6.09942353,45.43234438],[6.09474736,45.43161929]]]]}},{"type":"Feature","properties":{"code":"73100","nom":"Domessin","departement":"73","region":"84"},"geometry":{"type":"MultiPolygon","coordinates":[[[[5.67446435,45.55313083],[5.69496126,45.55175175],[5.706917,45.55200942],[5.71969451,45.54789137],[5.72564149,45.54292323],[5.72320013,45.53670783],[5.72039332,45.5208587],[5.70504378,45.51886532],[5.70091001,45.51769803],[5.69588407,45.51997941],[5.69113911,45.52185197],[5.69245979,45.5238962],[5.6924798,45.52689693],[5.69110973,45.52790554],[5.69133193,45.53282956],[5.6901303,45.5389806],[5.68062763,45.54118997],[5.68002469,45.54537594],[5.67446435,45.55313083]]]]}},{"type":"Feature","properties":{"code":"73101","nom":"Doucy-en-Bauges","departement":"73","region":"84"},"geometry":{"type":"MultiPolygon","coordinates":[[[[6.15567827,45.6827138],[6.15881142,45.69446418],[6.15994639,45.70568571],[6.16175166,45.70949853],[6.16967418,45.71950374],[6.17177292,45.72054055],[6.17554354,45.72145091],[6.19224657,45.72006597],[6.19120446,45.70983689],[6.18851581,45.69839182],[6.19075251,45.69571944],[6.19615671,45.6927634],[6.19653403,45.68861157],[6.19494179,45.68324131],[6.18842075,45.67771514],[6.18455938,45.6754263],[6.1746477,45.6730756],[6.1676426,45.67527001],[6.16097076,45.68008883],[6.15567827,45.6827138]]]]}},{"type":"Feature","properties":{"code":"73103","nom":"Drumettaz-Clarafond","departement":"73","region":"84"},"geometry":{"type":"MultiPolygon","coordinates":[[[[5.96592649,45.66534732],[5.9673164,45.6556516],[5.96562556,45.64457548],[5.95607867,45.64587198],[5.95589386,45.64777638],[5.94831605,45.65057217],[5.93242063,45.65242835],[5.92208316,45.65029941],[5.91630234,45.64821915],[5.91367124,45.6454876],[5.91229117,45.64545755],[5.90947155,45.65049911],[5.90973866,45.66046912],[5.90679039,45.66496426],[5.90880967,45.66494543],[5.91398728,45.66576939],[5.91742335,45.67212234],[5.92063857,45.67388713],[5.92123542,45.67338415],[5.9455375,45.67699788],[5.95650776,45.67228497],[5.96494782,45.66687076],[5.96592649,45.66534732]]]]}},{"type":"Feature","properties":{"code":"73104","nom":"Dullin","departement":"73","region":"84"},"geometry":{"type":"MultiPolygon","coordinates":[[[[5.75331218,45.54194294],[5.75076988,45.54070866],[5.74969039,45.53890062],[5.73813535,45.54245178],[5.73806489,45.54312836],[5.73750603,45.54739296],[5.73263803,45.56040047],[5.75875353,45.5602894],[5.77132481,45.5627534],[5.77010124,45.55851991],[5.76676943,45.55413291],[5.7564933,45.54532123],[5.75197957,45.54371816],[5.75331218,45.54194294]]]]}},{"type":"Feature","properties":{"code":"73105","nom":"Les Échelles","departement":"73","region":"84"},"geometry":{"type":"MultiPolygon","coordinates":[[[[5.76075958,45.43646018],[5.76050681,45.43559693],[5.75843795,45.43504057],[5.74054856,45.43636949],[5.73975723,45.43755473],[5.73911669,45.44026798],[5.73536286,45.44617017],[5.73311962,45.45539345],[5.73624886,45.47177578],[5.74153746,45.47174487],[5.74379264,45.47122752],[5.74313945,45.46116664],[5.74191046,45.45738273],[5.7430974,45.4476634],[5.75638783,45.44120794],[5.75804679,45.4411347],[5.76046971,45.43922981],[5.76075958,45.43646018]]]]}},{"type":"Feature","properties":{"code":"73106","nom":"École","departement":"73","region":"84"},"geometry":{"type":"MultiPolygon","coordinates":[[[[6.17723364,45.59565812],[6.17513139,45.59714503],[6.17346713,45.59984787],[6.17600052,45.61295558],[6.17458967,45.6165696],[6.16295687,45.62276691],[6.14822316,45.62909573],[6.14029173,45.63202101],[6.13957593,45.63140385],[6.13304933,45.63340261],[6.12664082,45.63745511],[6.11979276,45.6447808],[6.12408951,45.64478594],[6.12794705,45.64365773],[6.1268123,45.64074148],[6.13332602,45.63817842],[6.14062478,45.63952316],[6.14824333,45.64293755],[6.15694683,45.65609906],[6.16255493,45.66016735],[6.16914164,45.6561952],[6.18201276,45.64556628],[6.19519532,45.63670052],[6.19856963,45.63693538],[6.20819385,45.6412017],[6.22275895,45.64560342],[6.23383318,45.6448702],[6.23784706,45.64603182],[6.23968143,45.64382776],[6.2346223,45.63328555],[6.2337339,45.62935828],[6.23723811,45.62792996],[6.23950678,45.62795567],[6.23961171,45.62399711],[6.22009116,45.61160522],[6.20512508,45.60619559],[6.19732158,45.60204506],[6.18829915,45.59589998],[6.18643154,45.59527882],[6.17723364,45.59565812]]]]}},{"type":"Feature","properties":{"code":"73107","nom":"Entremont-le-Vieux","departement":"73","region":"84"},"geometry":{"type":"MultiPolygon","coordinates":[[[[5.83578818,45.45521047],[5.84033796,45.46294163],[5.84176161,45.46288755],[5.84457137,45.46574653],[5.8537158,45.47861105],[5.85943465,45.48189395],[5.86699212,45.48331129],[5.87162567,45.48733137],[5.87269815,45.48936645],[5.87193954,45.49490937],[5.87581841,45.49235014],[5.89417898,45.49660874],[5.9154656,45.47655211],[5.92428456,45.46744332],[5.92535563,45.46414627],[5.92396899,45.4588228],[5.91759227,45.44014468],[5.91475362,45.43678362],[5.90396937,45.43245002],[5.90478591,45.42997796],[5.90020406,45.43075438],[5.88268672,45.4310197],[5.87886317,45.43189017],[5.87427361,45.43378842],[5.86981199,45.43774843],[5.86184244,45.44282323],[5.84683543,45.4411671],[5.84657677,45.44301361],[5.84924048,45.44937942],[5.85453168,45.45304908],[5.85152267,45.45496017],[5.84806636,45.45554268],[5.83578818,45.45521047]]]]}},{"type":"Feature","properties":{"code":"73109","nom":"Épierre","departement":"73","region":"84"},"geometry":{"type":"MultiPolygon","coordinates":[[[[6.36755826,45.46480935],[6.35903396,45.45438486],[6.35455791,45.44409473],[6.35113945,45.44458362],[6.34843506,45.44349548],[6.32226127,45.42432939],[6.30661779,45.4387659],[6.28729017,45.44548172],[6.29209324,45.4583241],[6.29042668,45.47031271],[6.30381209,45.46721187],[6.31099409,45.46683063],[6.317936,45.46716984],[6.32375428,45.46996271],[6.32786361,45.4710125],[6.33534041,45.47120319],[6.36755826,45.46480935]]]]}},{"type":"Feature","properties":{"code":"73110","nom":"Esserts-Blay","departement":"73","region":"84"},"geometry":{"type":"MultiPolygon","coordinates":[[[[6.43448997,45.64505715],[6.44299519,45.62102352],[6.44955305,45.61356768],[6.43028111,45.60922158],[6.4101894,45.6086313],[6.39017994,45.6031012],[6.39052475,45.61280421],[6.39376895,45.62274064],[6.4033421,45.63245506],[6.40381312,45.64141163],[6.40226663,45.64114925],[6.40685772,45.64463632],[6.42580408,45.6542911],[6.42809938,45.65657096],[6.42986579,45.65686776],[6.43448997,45.64505715]]]]}},{"type":"Feature","properties":{"code":"73113","nom":"Feissons-sur-Salins","departement":"73","region":"84"},"geometry":{"type":"MultiPolygon","coordinates":[[[[6.55013213,45.47986806],[6.55463784,45.47733671],[6.58944488,45.48314732],[6.59630764,45.48337731],[6.59842931,45.4826206],[6.58175377,45.4797894],[6.57461709,45.47193432],[6.56294567,45.46202817],[6.56163266,45.45955053],[6.55962794,45.4608662],[6.5563643,45.46124648],[6.54627279,45.46769271],[6.53997845,45.47312673],[6.54063948,45.47435155],[6.53954524,45.47595718],[6.55013213,45.47986806]]]]}},{"type":"Feature","properties":{"code":"73114","nom":"Flumet","departement":"73","region":"84"},"geometry":{"type":"MultiPolygon","coordinates":[[[[6.56557733,45.81568741],[6.5627724,45.8138533],[6.55905074,45.81287192],[6.54255137,45.81074731],[6.53701408,45.81076958],[6.52914805,45.8122697],[6.52746469,45.81418641],[6.52272146,45.81669712],[6.51792077,45.81756528],[6.50977467,45.81423863],[6.50787658,45.83602632],[6.49966239,45.85141448],[6.49962419,45.85363755],[6.50013095,45.85444751],[6.52180999,45.85965416],[6.53507505,45.86187],[6.54555401,45.84766988],[6.55040465,45.836103],[6.55341158,45.82584867],[6.55897545,45.82015856],[6.56557733,45.81568741]]]]}},{"type":"Feature","properties":{"code":"73116","nom":"Fontcouverte-la-Toussuire","departement":"73","region":"84"},"geometry":{"type":"MultiPolygon","coordinates":[[[[6.22701408,45.24517893],[6.21832522,45.24793846],[6.24182969,45.26513759],[6.25651545,45.27426152],[6.26221565,45.2765709],[6.26773066,45.27046906],[6.27394527,45.26591273],[6.28049301,45.2628053],[6.30949579,45.25541265],[6.31501348,45.25565463],[6.31761118,45.25249984],[6.31892511,45.25262394],[6.32260731,45.25067419],[6.3276707,45.24416712],[6.31734284,45.23570631],[6.3131427,45.2294197],[6.31258947,45.2231339],[6.31480733,45.21590701],[6.31716973,45.21384336],[6.31567371,45.20976112],[6.29304716,45.21364271],[6.28800507,45.21516655],[6.28400523,45.21815459],[6.28486009,45.22087001],[6.28741962,45.22288638],[6.28611939,45.23155189],[6.29109193,45.24220015],[6.29004446,45.24541859],[6.28618321,45.24919115],[6.27182301,45.25652304],[6.26472773,45.25467855],[6.25043529,45.24694125],[6.22701408,45.24517893]]]]}},{"type":"Feature","properties":{"code":"73120","nom":"Fréterive","departement":"73","region":"84"},"geometry":{"type":"MultiPolygon","coordinates":[[[[6.22009116,45.61160522],[6.231914,45.60240512],[6.23548307,45.59730152],[6.23686294,45.59239783],[6.24041206,45.58563275],[6.22487363,45.58525683],[6.21823248,45.58315267],[6.21374224,45.58119302],[6.21413616,45.58068248],[6.19630137,45.57370474],[6.18679481,45.58429809],[6.17980487,45.58865604],[6.17723364,45.59565812],[6.18643154,45.59527882],[6.18829915,45.59589998],[6.19732158,45.60204506],[6.20512508,45.60619559],[6.22009116,45.61160522]]]]}},{"type":"Feature","properties":{"code":"73121","nom":"Frontenex","departement":"73","region":"84"},"geometry":{"type":"MultiPolygon","coordinates":[[[[6.30674169,45.64262213],[6.3068704,45.641873],[6.30989383,45.6412947],[6.31116867,45.64222245],[6.31467944,45.64188654],[6.31979365,45.63028052],[6.32686418,45.62455037],[6.32499875,45.62386018],[6.31751653,45.62299961],[6.31075055,45.62968904],[6.29854676,45.6376002],[6.29677862,45.63692651],[6.30674169,45.64262213]]]]}},{"type":"Feature","properties":{"code":"73122","nom":"Gerbaix","departement":"73","region":"84"},"geometry":{"type":"MultiPolygon","coordinates":[[[[5.72755676,45.59373345],[5.71788847,45.60230735],[5.71427654,45.60440565],[5.71501078,45.60451046],[5.71485762,45.61461359],[5.71681652,45.62013094],[5.71809161,45.62041999],[5.72446712,45.61439744],[5.7475282,45.6175793],[5.76167122,45.61549484],[5.75929794,45.60545707],[5.7599697,45.598791],[5.76236632,45.5979978],[5.75710702,45.59713216],[5.75443691,45.59815629],[5.74694121,45.59901183],[5.73785684,45.59886578],[5.73212251,45.59806821],[5.73130576,45.59347665],[5.72755676,45.59373345]]]]}},{"type":"Feature","properties":{"code":"73123","nom":"La Giettaz","departement":"73","region":"84"},"geometry":{"type":"MultiPolygon","coordinates":[[[[6.45032176,45.86097557],[6.45202814,45.86224661],[6.45485428,45.86184743],[6.45821112,45.86361592],[6.46494993,45.87228418],[6.46795448,45.87779034],[6.47704425,45.88596577],[6.49373199,45.89018595],[6.49908001,45.8934421],[6.50143658,45.89540352],[6.50954713,45.90924056],[6.51704064,45.9024708],[6.52773222,45.89871953],[6.54028886,45.89520535],[6.55897587,45.89307338],[6.57078171,45.88110787],[6.57288257,45.87747996],[6.56841534,45.87503861],[6.56679396,45.87207909],[6.56810374,45.86239082],[6.56541138,45.86291393],[6.54208461,45.86287539],[6.53507505,45.86187],[6.52180999,45.85965416],[6.50013095,45.85444751],[6.49962419,45.85363755],[6.49511427,45.85340946],[6.49056169,45.85189535],[6.48791517,45.8505142],[6.48487149,45.84729564],[6.48050352,45.84524004],[6.47257692,45.844955],[6.46695503,45.84575511],[6.46324091,45.8471364],[6.45716863,45.8470737],[6.45072352,45.84645242],[6.44525993,45.84463178],[6.44479718,45.84550308],[6.45032176,45.86097557]]]]}},{"type":"Feature","properties":{"code":"73124","nom":"Gilly-sur-Isère","departement":"73","region":"84"},"geometry":{"type":"MultiPolygon","coordinates":[[[[6.36034236,45.66216575],[6.36381648,45.65843964],[6.3655536,45.65420297],[6.36696235,45.6544168],[6.37191834,45.65015935],[6.3557971,45.63965452],[6.3548492,45.64040203],[6.34851911,45.63750009],[6.34586263,45.6374872],[6.32555047,45.65165376],[6.3286636,45.65514611],[6.33158224,45.65663969],[6.33785851,45.65839418],[6.34329119,45.66149649],[6.35332116,45.67060039],[6.35910756,45.67225209],[6.36078569,45.66971892],[6.36159981,45.66898439],[6.36131365,45.664253],[6.35959933,45.66290537],[6.36034236,45.66216575]]]]}},{"type":"Feature","properties":{"code":"73128","nom":"Grésy-sur-Aix","departement":"73","region":"84"},"geometry":{"type":"MultiPolygon","coordinates":[[[[5.93054455,45.74937941],[5.93717873,45.74737481],[5.93862671,45.74461572],[5.94263558,45.73651466],[5.94833427,45.73196559],[5.95332473,45.73055354],[5.96177912,45.73303954],[5.9642716,45.72392224],[5.95270708,45.71516153],[5.9452409,45.70250438],[5.93578566,45.70252503],[5.92766939,45.70371487],[5.92583637,45.71100017],[5.91825432,45.71234663],[5.91415534,45.71069378],[5.91217813,45.70895443],[5.91200381,45.70903913],[5.90881692,45.71004689],[5.91375378,45.71625404],[5.91333535,45.71827341],[5.908924,45.72372008],[5.90783711,45.72377336],[5.90847389,45.73162171],[5.90879724,45.73282715],[5.91050651,45.73386254],[5.91813706,45.73198648],[5.92112252,45.73277059],[5.9217788,45.74058507],[5.92747888,45.74673682],[5.93064774,45.7485342],[5.93054455,45.74937941]]]]}},{"type":"Feature","properties":{"code":"73129","nom":"Grésy-sur-Isère","departement":"73","region":"84"},"geometry":{"type":"MultiPolygon","coordinates":[[[[6.26996776,45.58412514],[6.26024688,45.58105672],[6.2413917,45.58416793],[6.24041206,45.58563275],[6.23686294,45.59239783],[6.23548307,45.59730152],[6.231914,45.60240512],[6.22009116,45.61160522],[6.23961171,45.62399711],[6.25608536,45.61215129],[6.26334743,45.59232062],[6.26996776,45.58412514]]]]}},{"type":"Feature","properties":{"code":"73130","nom":"Grignon","departement":"73","region":"84"},"geometry":{"type":"MultiPolygon","coordinates":[[[[6.39376895,45.62274064],[6.37821792,45.63030391],[6.36271226,45.63542464],[6.3557971,45.63965452],[6.37191834,45.65015935],[6.36696235,45.6544168],[6.38164136,45.6567184],[6.38485346,45.65775118],[6.39033223,45.66151958],[6.39139425,45.66240512],[6.39393012,45.66271534],[6.39651977,45.66163946],[6.40226663,45.64114925],[6.40381312,45.64141163],[6.4033421,45.63245506],[6.39376895,45.62274064]]]]}},{"type":"Feature","properties":{"code":"73131","nom":"Hautecour","departement":"73","region":"84"},"geometry":{"type":"MultiPolygon","coordinates":[[[[6.52287214,45.49056137],[6.52335175,45.49849994],[6.52602657,45.51104495],[6.53041424,45.51963769],[6.55285898,45.55318388],[6.56178356,45.56290936],[6.56504172,45.55929869],[6.56198588,45.55603345],[6.5549484,45.54493139],[6.5559896,45.53244308],[6.55934594,45.52151199],[6.55979317,45.51793102],[6.55633862,45.50522558],[6.55255592,45.49758001],[6.55317517,45.49720255],[6.5275756,45.49072635],[6.52287214,45.49056137]]]]}},{"type":"Feature","properties":{"code":"73132","nom":"Hauteluce","departement":"73","region":"84"},"geometry":{"type":"MultiPolygon","coordinates":[[[[6.63665364,45.80003813],[6.65506045,45.79967042],[6.65916739,45.8005379],[6.66662126,45.7910604],[6.69038689,45.76865807],[6.6899587,45.76225],[6.68706837,45.75827352],[6.68675565,45.75499699],[6.68578892,45.75280287],[6.67132475,45.74307037],[6.66708924,45.74117458],[6.66062245,45.74010656],[6.648238,45.7356097],[6.64220641,45.73534689],[6.63486376,45.73626728],[6.62691017,45.73596377],[6.61936938,45.73457103],[6.59202146,45.74003076],[6.55978722,45.73699005],[6.55216837,45.73797864],[6.54383721,45.75247217],[6.53217524,45.75531072],[6.52993458,45.75534936],[6.52444579,45.75281514],[6.52031961,45.75945207],[6.52251049,45.75921598],[6.51770803,45.76681226],[6.52786801,45.76968663],[6.52983879,45.77668103],[6.53111823,45.77475166],[6.53907258,45.77101571],[6.5434833,45.76987844],[6.56021382,45.76856449],[6.56820247,45.77441179],[6.5817447,45.77812356],[6.59918259,45.7924536],[6.61819106,45.79572255],[6.63665364,45.80003813]]]]}},{"type":"Feature","properties":{"code":"73133","nom":"Hauteville","departement":"73","region":"84"},"geometry":{"type":"MultiPolygon","coordinates":[[[[6.16904369,45.5349754],[6.17832044,45.53554323],[6.18467317,45.53509739],[6.17221584,45.52479152],[6.16380921,45.5185861],[6.16210032,45.51808993],[6.15566655,45.51509518],[6.15447871,45.51584681],[6.15879376,45.51940954],[6.15941191,45.52184518],[6.15669154,45.5239638],[6.15285788,45.52907852],[6.16904369,45.5349754]]]]}},{"type":"Feature","properties":{"code":"73135","nom":"La Tour-en-Maurienne","departement":"73","region":"84"},"geometry":{"type":"MultiPolygon","coordinates":[[[[6.32432603,45.32194043],[6.34086426,45.31626915],[6.34833257,45.31572769],[6.35696176,45.32846785],[6.34721348,45.32881491],[6.34367063,45.32964726],[6.339628,45.33737816],[6.33897972,45.34129091],[6.34267885,45.35104739],[6.36260484,45.34821536],[6.39472695,45.34969616],[6.39588995,45.35063606],[6.39858838,45.34990523],[6.40700219,45.34263021],[6.41510515,45.34232012],[6.42201411,45.33766208],[6.42759017,45.32086076],[6.42359049,45.31731411],[6.41740169,45.31572062],[6.40434877,45.30637948],[6.39948608,45.29731459],[6.38990495,45.29217714],[6.38186004,45.28503764],[6.37839447,45.27616498],[6.37790277,45.27074976],[6.37158059,45.27378232],[6.36700332,45.27452235],[6.36255417,45.27910036],[6.35099989,45.30197674],[6.34673157,45.29846442],[6.34033166,45.30211117],[6.3271321,45.30777872],[6.31562731,45.3068794],[6.30330596,45.30174473],[6.30093631,45.30158129],[6.29956601,45.30239949],[6.32071867,45.32042534],[6.32177637,45.31997486],[6.32432603,45.32194043]]]]}},{"type":"Feature","properties":{"code":"73137","nom":"Jacob-Bellecombette","departement":"73","region":"84"},"geometry":{"type":"MultiPolygon","coordinates":[[[[5.90632301,45.55979675],[5.91533856,45.56246648],[5.92233747,45.55438661],[5.92760946,45.54919692],[5.93037256,45.54804357],[5.92677494,45.54094215],[5.92535224,45.54061427],[5.91826773,45.54432092],[5.90785234,45.55126716],[5.90634353,45.55394819],[5.90373271,45.55528082],[5.90313454,45.55674161],[5.90632301,45.55979675]]]]}},{"type":"Feature","properties":{"code":"73138","nom":"Jarrier","departement":"73","region":"84"},"geometry":{"type":"MultiPolygon","coordinates":[[[[6.26350622,45.27757502],[6.26864045,45.28173637],[6.27215409,45.2862018],[6.28099403,45.29327409],[6.29956601,45.30239949],[6.30093631,45.30158129],[6.30330596,45.30174473],[6.31562731,45.3068794],[6.3271321,45.30777872],[6.34033166,45.30211117],[6.34673157,45.29846442],[6.34087652,45.28686117],[6.33218938,45.28064415],[6.32751971,45.27831477],[6.32607034,45.27387968],[6.32747966,45.27309151],[6.32164233,45.27195025],[6.29201612,45.26908585],[6.28241405,45.27033168],[6.27068836,45.27371791],[6.2653539,45.27599622],[6.26350622,45.27757502]]]]}},{"type":"Feature","properties":{"code":"73139","nom":"Jarsy","departement":"73","region":"84"},"geometry":{"type":"MultiPolygon","coordinates":[[[[6.25822039,45.68385136],[6.25866152,45.68234702],[6.25435814,45.6774975],[6.253581,45.66039265],[6.25326482,45.65634798],[6.25061694,45.65323408],[6.23784706,45.64603182],[6.23383318,45.6448702],[6.22275895,45.64560342],[6.20819385,45.6412017],[6.19856963,45.63693538],[6.19519532,45.63670052],[6.18201276,45.64556628],[6.16914164,45.6561952],[6.16255493,45.66016735],[6.16596959,45.66724135],[6.1676426,45.67527001],[6.1746477,45.6730756],[6.18455938,45.6754263],[6.18842075,45.67771514],[6.19494179,45.68324131],[6.19653403,45.68861157],[6.19615671,45.6927634],[6.21267994,45.70167684],[6.2145067,45.70913919],[6.22875177,45.70378038],[6.23171236,45.70315743],[6.23064139,45.69195961],[6.23367092,45.68753409],[6.23809418,45.68539991],[6.25822039,45.68385136]]]]}},{"type":"Feature","properties":{"code":"73140","nom":"Jongieux","departement":"73","region":"84"},"geometry":{"type":"MultiPolygon","coordinates":[[[[5.82302094,45.73259609],[5.81143904,45.7287155],[5.79385454,45.72141907],[5.78447566,45.73194748],[5.78047968,45.74008796],[5.78054864,45.74271191],[5.7836175,45.74495277],[5.78498314,45.74454781],[5.78625815,45.74535788],[5.80365275,45.74901111],[5.8115804,45.75008688],[5.81109629,45.74816078],[5.81206917,45.74542703],[5.81947277,45.73770112],[5.82302094,45.73259609]]]]}},{"type":"Feature","properties":{"code":"73141","nom":"Laissaud","departement":"73","region":"84"},"geometry":{"type":"MultiPolygon","coordinates":[[[[6.0202509,45.47130096],[6.03030892,45.46459385],[6.05486897,45.45310315],[6.05193257,45.44225686],[6.05428442,45.44039956],[6.04964865,45.43789175],[6.00848574,45.45356686],[6.0109093,45.45824168],[6.01883354,45.47187438],[6.0202509,45.47130096]]]]}},{"type":"Feature","properties":{"code":"73142","nom":"Landry","departement":"73","region":"84"},"geometry":{"type":"MultiPolygon","coordinates":[[[[6.74314054,45.58149391],[6.75896928,45.5775876],[6.7758072,45.56731019],[6.79161922,45.56103406],[6.80422772,45.55373364],[6.80490864,45.5530164],[6.8041266,45.54949271],[6.78199182,45.5504504],[6.76300257,45.55352233],[6.75501128,45.55316597],[6.74784204,45.54974541],[6.7449228,45.55997911],[6.74070193,45.56359047],[6.7288005,45.56596492],[6.72435306,45.57046659],[6.72812953,45.57402027],[6.74314054,45.58149391]]]]}},{"type":"Feature","properties":{"code":"73145","nom":"Lépin-le-Lac","departement":"73","region":"84"},"geometry":{"type":"MultiPolygon","coordinates":[[[[5.81861014,45.52226098],[5.81720998,45.52154555],[5.81584672,45.52297096],[5.80371695,45.52766435],[5.78959625,45.5297469],[5.78215751,45.53195425],[5.76885339,45.5373324],[5.76038084,45.54227312],[5.76059907,45.54243264],[5.76790588,45.54401253],[5.79164975,45.54472242],[5.80416152,45.54201401],[5.80798423,45.54014616],[5.81861014,45.52226098]]]]}},{"type":"Feature","properties":{"code":"73146","nom":"Lescheraines","departement":"73","region":"84"},"geometry":{"type":"MultiPolygon","coordinates":[[[[6.13473471,45.73382347],[6.13533585,45.73096798],[6.1209875,45.72157573],[6.11221262,45.71016791],[6.11651364,45.6984291],[6.1065816,45.69447244],[6.08855835,45.68246617],[6.08771099,45.68290215],[6.08824341,45.68534595],[6.08609823,45.68888509],[6.07823978,45.69850569],[6.0791477,45.69938294],[6.08116225,45.70181688],[6.09488955,45.71055775],[6.09858162,45.71127452],[6.10241047,45.71385376],[6.10411358,45.71612019],[6.10391601,45.72000252],[6.10750581,45.72424187],[6.11671978,45.73079406],[6.13473471,45.73382347]]]]}},{"type":"Feature","properties":{"code":"73147","nom":"Loisieux","departement":"73","region":"84"},"geometry":{"type":"MultiPolygon","coordinates":[[[[5.75262997,45.65918748],[5.74671896,45.65648823],[5.74759232,45.6492596],[5.74226865,45.63943312],[5.7277118,45.63309779],[5.7102941,45.63338898],[5.70725079,45.64130644],[5.70534881,45.64291724],[5.70343086,45.64323003],[5.7052284,45.65217801],[5.70644581,45.65755391],[5.70777028,45.6592565],[5.71755402,45.65934329],[5.72703611,45.66123406],[5.73592178,45.66479734],[5.74544976,45.6639797],[5.74874185,45.66242348],[5.75262997,45.65918748]]]]}},{"type":"Feature","properties":{"code":"73149","nom":"Lucey","departement":"73","region":"84"},"geometry":{"type":"MultiPolygon","coordinates":[[[[5.81889822,45.7635994],[5.8151636,45.75801871],[5.81143577,45.75875417],[5.8105659,45.75534463],[5.8115804,45.75008688],[5.80365275,45.74901111],[5.78625815,45.74535788],[5.78498314,45.74454781],[5.7836175,45.74495277],[5.78400763,45.75195599],[5.78192528,45.76630161],[5.78340353,45.77243912],[5.7834132,45.77367872],[5.78042755,45.77734304],[5.78112269,45.7810211],[5.79598079,45.78040242],[5.79426699,45.77422221],[5.7967587,45.76303604],[5.79813355,45.7623739],[5.81342946,45.76413244],[5.81889822,45.7635994]]]]}},{"type":"Feature","properties":{"code":"73150","nom":"La Plagne Tarentaise","departement":"73","region":"84"},"geometry":{"type":"MultiPolygon","coordinates":[[[[6.76940622,45.4990528],[6.76415149,45.49574315],[6.74943514,45.49271204],[6.73425938,45.49242761],[6.73412018,45.49224474],[6.73224113,45.48993819],[6.71419589,45.48808962],[6.69601987,45.48504537],[6.69486186,45.48636178],[6.68843267,45.48573141],[6.6722328,45.48896632],[6.66290816,45.49281562],[6.66580823,45.49781582],[6.66865698,45.50641349],[6.66936803,45.51321055],[6.66448528,45.52267835],[6.66013694,45.55039344],[6.65702446,45.55541309],[6.66662327,45.55909444],[6.65717699,45.55970889],[6.65576285,45.56245204],[6.66160411,45.56508961],[6.66203725,45.56593456],[6.66402463,45.57174988],[6.66349192,45.57569035],[6.65876683,45.58898555],[6.64759095,45.60671866],[6.63667944,45.61504986],[6.63706041,45.61862074],[6.64011694,45.6245885],[6.64525939,45.63043814],[6.65878946,45.64712541],[6.66376617,45.65609786],[6.67131411,45.65049358],[6.68299912,45.65124571],[6.68777936,45.65018405],[6.68796053,45.63068396],[6.68948477,45.62334383],[6.69616457,45.61097721],[6.69896704,45.58741807],[6.7030608,45.58057093],[6.70560048,45.57815871],[6.72290486,45.57355617],[6.72678089,45.57440848],[6.72958671,45.57595066],[6.74469264,45.59247283],[6.74588643,45.59189756],[6.748246,45.5877153],[6.74764517,45.58498308],[6.74314054,45.58149391],[6.72812953,45.57402027],[6.72435306,45.57046659],[6.7288005,45.56596492],[6.74070193,45.56359047],[6.7449228,45.55997911],[6.74784204,45.54974541],[6.74000421,45.54725988],[6.74188297,45.54513741],[6.74376998,45.53179655],[6.74050069,45.52231015],[6.75722621,45.51678253],[6.75964846,45.51443597],[6.76385853,45.50633468],[6.76940622,45.4990528]]]]}},{"type":"Feature","properties":{"code":"73151","nom":"Porte-de-Savoie","departement":"73","region":"84"},"geometry":{"type":"MultiPolygon","coordinates":[[[[6.03861271,45.51466502],[6.03966609,45.50481052],[6.04574794,45.49000037],[6.04124082,45.48703263],[6.03557762,45.4797111],[6.0202509,45.47130096],[6.01883354,45.47187438],[6.0109093,45.45824168],[6.0074835,45.45917615],[6.01075351,45.46784006],[6.01081248,45.47195118],[6.0095036,45.47360652],[5.99778481,45.47375719],[5.99049137,45.47569551],[5.98399989,45.47981432],[5.98298218,45.48430817],[5.98004614,45.4880564],[5.97281253,45.49165986],[5.96612494,45.49233513],[5.95282438,45.48469138],[5.9154656,45.47655211],[5.96636764,45.49817147],[5.98065613,45.50600289],[5.9836325,45.50699253],[5.98569313,45.50618081],[6.00130222,45.5144504],[6.01312807,45.50872507],[6.02033405,45.50647863],[6.02367244,45.50711236],[6.02761486,45.50648343],[6.03093233,45.5088675],[6.03100181,45.51084361],[6.03375674,45.51502795],[6.03861271,45.51466502]]]]}},{"type":"Feature","properties":{"code":"73152","nom":"Marcieux","departement":"73","region":"84"},"geometry":{"type":"MultiPolygon","coordinates":[[[[5.8153384,45.60647018],[5.81041999,45.60522271],[5.80685554,45.60697958],[5.79378599,45.61253559],[5.77960785,45.61365458],[5.7665533,45.60774312],[5.76280656,45.60288858],[5.76236632,45.5979978],[5.7599697,45.598791],[5.75929794,45.60545707],[5.76167122,45.61549484],[5.76442664,45.61691205],[5.76369698,45.62835596],[5.76345823,45.63147218],[5.76499589,45.63464298],[5.76595648,45.63284073],[5.77031556,45.62598744],[5.7757233,45.62137688],[5.78103087,45.6183949],[5.7974045,45.61541908],[5.81491481,45.61339364],[5.8153384,45.60647018]]]]}},{"type":"Feature","properties":{"code":"73153","nom":"Marthod","departement":"73","region":"84"},"geometry":{"type":"MultiPolygon","coordinates":[[[[6.43750766,45.72776731],[6.42432698,45.7108243],[6.41046492,45.71444186],[6.41142152,45.7172043],[6.4096258,45.71794278],[6.36920674,45.73065409],[6.35825948,45.72658433],[6.35517566,45.72458428],[6.35124011,45.72703938],[6.35108891,45.72925746],[6.35127232,45.72960802],[6.3532387,45.732449],[6.34802811,45.73719514],[6.37082703,45.75312574],[6.38157651,45.74408177],[6.39366118,45.74149409],[6.41880083,45.74323188],[6.42179299,45.74170075],[6.4228483,45.73795611],[6.4230497,45.73345684],[6.43750766,45.72776731]]]]}},{"type":"Feature","properties":{"code":"73154","nom":"Mercury","departement":"73","region":"84"},"geometry":{"type":"MultiPolygon","coordinates":[[[[6.36078569,45.66971892],[6.35910756,45.67225209],[6.35332116,45.67060039],[6.34329119,45.66149649],[6.33785851,45.65839418],[6.33158224,45.65663969],[6.32871657,45.65777899],[6.32806215,45.6595919],[6.32705758,45.66423978],[6.31812296,45.66820959],[6.31181398,45.66975993],[6.30990026,45.67460199],[6.3097325,45.68325195],[6.30781984,45.6930897],[6.32898652,45.69346007],[6.3415579,45.71320907],[6.34622748,45.72376253],[6.35108891,45.72925746],[6.35124011,45.72703938],[6.35517566,45.72458428],[6.35886117,45.72081519],[6.35613012,45.71819899],[6.35645771,45.7145669],[6.36394162,45.70701427],[6.36974446,45.70264072],[6.37632318,45.70068795],[6.37822054,45.69035161],[6.37804929,45.67952572],[6.37520304,45.67744795],[6.37357237,45.67794839],[6.37116671,45.67510022],[6.36078569,45.66971892]]]]}},{"type":"Feature","properties":{"code":"73155","nom":"Méry","departement":"73","region":"84"},"geometry":{"type":"MultiPolygon","coordinates":[[[[5.93855766,45.61359108],[5.93381938,45.61428699],[5.92187811,45.62849997],[5.91383112,45.64276486],[5.91240192,45.64282529],[5.91229117,45.64545755],[5.91367124,45.6454876],[5.91630234,45.64821915],[5.92208316,45.65029941],[5.93242063,45.65242835],[5.94831605,45.65057217],[5.95589386,45.64777638],[5.95607867,45.64587198],[5.95386673,45.64311049],[5.94712577,45.62930205],[5.94224981,45.61657722],[5.93855766,45.61359108]]]]}},{"type":"Feature","properties":{"code":"73156","nom":"Meyrieux-Trouet","departement":"73","region":"84"},"geometry":{"type":"MultiPolygon","coordinates":[[[[5.76595648,45.63284073],[5.76499589,45.63464298],[5.76345823,45.63147218],[5.76369698,45.62835596],[5.75463604,45.6277988],[5.75237385,45.63561382],[5.75238296,45.63889784],[5.7645625,45.64824031],[5.76513954,45.64765308],[5.77408719,45.65016301],[5.77831384,45.6582492],[5.78385363,45.66303561],[5.78939245,45.66515742],[5.80152084,45.66322083],[5.81465049,45.65867636],[5.82107642,45.65753875],[5.81727353,45.64399292],[5.7987877,45.64386133],[5.79321284,45.64048127],[5.78222104,45.63546809],[5.76595648,45.63284073]]]]}},{"type":"Feature","properties":{"code":"73157","nom":"Modane","departement":"73","region":"84"},"geometry":{"type":"MultiPolygon","coordinates":[[[[6.71454587,45.16255062],[6.70903713,45.15542716],[6.7091358,45.14684522],[6.7114408,45.14486295],[6.68670929,45.13987489],[6.68170257,45.14006558],[6.67952807,45.13893762],[6.67798688,45.13684678],[6.67494935,45.1326059],[6.67386961,45.12937489],[6.6648779,45.1225356],[6.65367271,45.11714645],[6.64585555,45.11520673],[6.63770029,45.11569046],[6.63294152,45.1147866],[6.62991485,45.10936715],[6.62721975,45.11081144],[6.62255393,45.11600447],[6.61549461,45.12150569],[6.60322204,45.1200716],[6.58006096,45.12174364],[6.57682866,45.12297858],[6.57848651,45.1316277],[6.58204089,45.13790941],[6.59338327,45.1527248],[6.59388965,45.15841489],[6.59646842,45.16166224],[6.60113817,45.1632088],[6.61309794,45.1616728],[6.61601071,45.16041836],[6.62062765,45.15878584],[6.64554726,45.17422041],[6.65025313,45.17811191],[6.65768851,45.18987932],[6.6563903,45.19142718],[6.6506775,45.1946717],[6.64538394,45.19665471],[6.65036062,45.20300002],[6.6519865,45.2174348],[6.65132326,45.22598542],[6.6430261,45.23739124],[6.64006712,45.24502511],[6.63671587,45.24906521],[6.60955924,45.26499261],[6.61219833,45.26707153],[6.61571924,45.27740553],[6.62401621,45.28136519],[6.6288393,45.27618077],[6.63458919,45.27600024],[6.6403679,45.27698396],[6.6641606,45.26941074],[6.66017388,45.26620351],[6.65853859,45.25543127],[6.66036029,45.23628002],[6.66050175,45.22221004],[6.66381037,45.21652279],[6.68503142,45.20550958],[6.6912199,45.18994608],[6.6960691,45.18169095],[6.69333458,45.17326688],[6.71454587,45.16255062]]]]}},{"type":"Feature","properties":{"code":"73159","nom":"Les Mollettes","departement":"73","region":"84"},"geometry":{"type":"MultiPolygon","coordinates":[[[[6.06109947,45.45724429],[6.05722526,45.45401847],[6.05486897,45.45310315],[6.03030892,45.46459385],[6.03297819,45.46650238],[6.03974499,45.46928392],[6.05717885,45.47246062],[6.07052217,45.47822665],[6.07754369,45.47999515],[6.081505,45.47624217],[6.08430624,45.47072944],[6.07429165,45.46764849],[6.07014457,45.46544434],[6.06109947,45.45724429]]]]}},{"type":"Feature","properties":{"code":"73160","nom":"Montagnole","departement":"73","region":"84"},"geometry":{"type":"MultiPolygon","coordinates":[[[[5.89417898,45.49660874],[5.89248471,45.50473864],[5.88958312,45.5086195],[5.89442984,45.52043746],[5.90141148,45.52849492],[5.90223944,45.54150313],[5.89812497,45.54455409],[5.90013793,45.54773521],[5.9062454,45.54953091],[5.90785234,45.55126716],[5.91826773,45.54432092],[5.92535224,45.54061427],[5.92677494,45.54094215],[5.92561129,45.53845122],[5.93100017,45.53470725],[5.92955713,45.52316409],[5.92677841,45.51534753],[5.92049591,45.51009562],[5.90847275,45.5035785],[5.90266496,45.50281155],[5.89417898,45.49660874]]]]}},{"type":"Feature","properties":{"code":"73161","nom":"Montagny","departement":"73","region":"84"},"geometry":{"type":"MultiPolygon","coordinates":[[[[6.59842931,45.4826206],[6.60013888,45.48187257],[6.60695403,45.4817654],[6.61430907,45.4834162],[6.61975358,45.48716449],[6.62114276,45.48932541],[6.62484083,45.49041568],[6.62436017,45.4764025],[6.61668692,45.45996603],[6.61180176,45.44517912],[6.59270421,45.44785881],[6.59310484,45.44888527],[6.59542329,45.44826019],[6.58530367,45.45573501],[6.58138532,45.45759452],[6.57437191,45.45837537],[6.56717829,45.45687201],[6.56375059,45.45708647],[6.56163266,45.45955053],[6.56294567,45.46202817],[6.57461709,45.47193432],[6.58175377,45.4797894],[6.59842931,45.4826206]]]]}},{"type":"Feature","properties":{"code":"73162","nom":"Montailleur","departement":"73","region":"84"},"geometry":{"type":"MultiPolygon","coordinates":[[[[6.23968143,45.64382776],[6.24268939,45.64349958],[6.25718637,45.63748948],[6.26352216,45.63702197],[6.27587208,45.63755977],[6.28381233,45.63230375],[6.28575369,45.63016515],[6.28660454,45.62848468],[6.30041143,45.6156267],[6.28143983,45.60540918],[6.27749128,45.59755005],[6.27242637,45.58674471],[6.26996776,45.58412514],[6.26334743,45.59232062],[6.25608536,45.61215129],[6.23961171,45.62399711],[6.23950678,45.62795567],[6.23723811,45.62792996],[6.2337339,45.62935828],[6.2346223,45.63328555],[6.23968143,45.64382776]]]]}},{"type":"Feature","properties":{"code":"73164","nom":"Montcel","departement":"73","region":"84"},"geometry":{"type":"MultiPolygon","coordinates":[[[[5.9642716,45.72392224],[5.96177912,45.73303954],[5.96503159,45.73439761],[5.97328846,45.74132332],[5.98363528,45.73812034],[5.99201854,45.73037725],[6.00249602,45.71736551],[6.01400625,45.70828918],[6.0156591,45.70279483],[6.01555922,45.69869911],[6.01082587,45.68814813],[6.00863962,45.68490119],[6.00376891,45.68363627],[5.99732957,45.67538767],[5.97973585,45.68231395],[5.98049123,45.68340144],[5.9774181,45.68664119],[5.98880441,45.68902222],[5.99137774,45.69081472],[5.97607275,45.7128238],[5.96901675,45.7209813],[5.9642716,45.72392224]]]]}},{"type":"Feature","properties":{"code":"73166","nom":"Montendry","departement":"73","region":"84"},"geometry":{"type":"MultiPolygon","coordinates":[[[[6.25406168,45.5352611],[6.26181087,45.51794427],[6.26599185,45.51420604],[6.2644628,45.51105112],[6.26044084,45.5134139],[6.24803909,45.51041996],[6.24229057,45.51049154],[6.2407911,45.51185604],[6.22125097,45.51320166],[6.21532911,45.51424562],[6.21613978,45.5195621],[6.21681265,45.52804942],[6.22203873,45.53175589],[6.23638005,45.53554137],[6.24692386,45.53595978],[6.25406168,45.5352611]]]]}},{"type":"Feature","properties":{"code":"73170","nom":"Monthion","departement":"73","region":"84"},"geometry":{"type":"MultiPolygon","coordinates":[[[[6.3557971,45.63965452],[6.36271226,45.63542464],[6.37821792,45.63030391],[6.39376895,45.62274064],[6.39052475,45.61280421],[6.39017994,45.6031012],[6.38019543,45.60748024],[6.37738792,45.6114961],[6.37407621,45.61381993],[6.36758995,45.6172302],[6.35420887,45.62260345],[6.35396428,45.62925328],[6.35558017,45.62975938],[6.34851911,45.63750009],[6.3548492,45.64040203],[6.3557971,45.63965452]]]]}},{"type":"Feature","properties":{"code":"73171","nom":"Montmélian","departement":"73","region":"84"},"geometry":{"type":"MultiPolygon","coordinates":[[[[6.07419194,45.51942764],[6.06350278,45.50957022],[6.06618066,45.50637823],[6.07138076,45.50523307],[6.07355063,45.50340832],[6.06030873,45.49834258],[6.04667615,45.49061858],[6.04574794,45.49000037],[6.03966609,45.50481052],[6.03861271,45.51466502],[6.05682924,45.51917992],[6.06871531,45.52417154],[6.07419194,45.51942764]]]]}},{"type":"Feature","properties":{"code":"73173","nom":"Montricher-Albanne","departement":"73","region":"84"},"geometry":{"type":"MultiPolygon","coordinates":[[[[6.3975886,45.24889849],[6.40090855,45.24894167],[6.4287132,45.2431158],[6.43915249,45.23558102],[6.44466983,45.22319771],[6.43512139,45.20377647],[6.43593765,45.20179468],[6.43541249,45.19577142],[6.43358938,45.19419262],[6.41970995,45.1905793],[6.40270447,45.18856927],[6.38614068,45.18140259],[6.37357638,45.18073863],[6.37072917,45.18261002],[6.36897267,45.18638157],[6.36842496,45.19269956],[6.37628508,45.19463314],[6.38307868,45.20047388],[6.38547485,45.20634947],[6.3795009,45.22003297],[6.37778771,45.22345548],[6.39004356,45.23428488],[6.39386874,45.23759259],[6.39820931,45.24340444],[6.3975886,45.24889849]]]]}},{"type":"Feature","properties":{"code":"73175","nom":"Montsapey","departement":"73","region":"84"},"geometry":{"type":"MultiPolygon","coordinates":[[[[6.3784714,45.56098438],[6.38109777,45.55957415],[6.39245312,45.54884877],[6.40222671,45.54450085],[6.40491948,45.54120697],[6.40439391,45.53649014],[6.40426813,45.53600814],[6.39716685,45.52566353],[6.38300537,45.51083581],[6.38168625,45.50789048],[6.38056322,45.50214431],[6.37650355,45.49672179],[6.36074008,45.50588159],[6.34681732,45.50906547],[6.3301702,45.51485289],[6.31877771,45.5218858],[6.31472934,45.52303194],[6.314541,45.52496531],[6.31957224,45.52631456],[6.33672722,45.52731926],[6.34071525,45.53019741],[6.35057713,45.54275674],[6.3531925,45.54971591],[6.35280359,45.5609341],[6.35544545,45.56481458],[6.36463611,45.5664144],[6.36632004,45.56477317],[6.3784714,45.56098438]]]]}},{"type":"Feature","properties":{"code":"73176","nom":"Montvalezan","departement":"73","region":"84"},"geometry":{"type":"MultiPolygon","coordinates":[[[[6.90218767,45.66383525],[6.91571774,45.66066316],[6.91687632,45.65681451],[6.91469512,45.65186226],[6.90128541,45.62695489],[6.87783888,45.61156835],[6.8645329,45.60514224],[6.85506096,45.60694332],[6.84439712,45.60721837],[6.84413792,45.60727772],[6.8321053,45.61437257],[6.82885358,45.61752605],[6.8431804,45.63555052],[6.84731617,45.63943634],[6.87442608,45.657289],[6.90218767,45.66383525]]]]}},{"type":"Feature","properties":{"code":"73177","nom":"Montvernier","departement":"73","region":"84"},"geometry":{"type":"MultiPolygon","coordinates":[[[[6.33396901,45.35085115],[6.33641629,45.34984182],[6.33900827,45.3524809],[6.34267885,45.35104739],[6.33897972,45.34129091],[6.339628,45.33737816],[6.34367063,45.32964726],[6.34721348,45.32881491],[6.35696176,45.32846785],[6.34833257,45.31572769],[6.34086426,45.31626915],[6.32432603,45.32194043],[6.32493095,45.32276421],[6.32025986,45.33447396],[6.32177948,45.33897562],[6.31933253,45.33865799],[6.32137681,45.34944469],[6.33396901,45.35085115]]]]}},{"type":"Feature","properties":{"code":"73178","nom":"La Motte-en-Bauges","departement":"73","region":"84"},"geometry":{"type":"MultiPolygon","coordinates":[[[[6.11651364,45.6984291],[6.11221262,45.71016791],[6.1209875,45.72157573],[6.13533585,45.73096798],[6.13473471,45.73382347],[6.14111206,45.73410822],[6.14471279,45.73308948],[6.15167286,45.72617116],[6.14889265,45.71723415],[6.14720683,45.71503366],[6.14607572,45.7117957],[6.14585812,45.70265819],[6.14291536,45.69725024],[6.1222168,45.68894293],[6.12076125,45.68951318],[6.11651364,45.6984291]]]]}},{"type":"Feature","properties":{"code":"73179","nom":"La Motte-Servolex","departement":"73","region":"84"},"geometry":{"type":"MultiPolygon","coordinates":[[[[5.89149701,45.60271024],[5.89243665,45.5971282],[5.88822695,45.59684085],[5.88314852,45.5877757],[5.88357726,45.58716098],[5.87920392,45.58551148],[5.87795926,45.58524239],[5.87426493,45.57869061],[5.87134982,45.57081767],[5.85575149,45.56603222],[5.84906597,45.57545492],[5.8239556,45.57898194],[5.81700659,45.57911487],[5.81920239,45.58439493],[5.8153384,45.60647018],[5.81491481,45.61339364],[5.81695325,45.61747573],[5.81771439,45.61752064],[5.84373419,45.61505554],[5.84917973,45.61523489],[5.85251952,45.6168091],[5.85978095,45.63449743],[5.86490656,45.63709368],[5.87220497,45.63914768],[5.88218669,45.63916366],[5.88492667,45.64007652],[5.88675454,45.63665057],[5.88464768,45.63154141],[5.87751831,45.62924603],[5.87421569,45.62648666],[5.87397355,45.62469159],[5.88317911,45.61490548],[5.88408757,45.61501734],[5.88896492,45.60688335],[5.89149701,45.60271024]]]]}},{"type":"Feature","properties":{"code":"73180","nom":"Motz","departement":"73","region":"84"},"geometry":{"type":"MultiPolygon","coordinates":[[[[5.86243399,45.93239118],[5.86576436,45.91906268],[5.86502917,45.90932075],[5.86592665,45.903322],[5.83212148,45.90262586],[5.82618701,45.90375744],[5.82960068,45.91697456],[5.82841812,45.92072106],[5.82289182,45.92632953],[5.82241998,45.92921661],[5.82625799,45.93606803],[5.82918405,45.93827369],[5.8427844,45.93398873],[5.86243399,45.93239118]]]]}},{"type":"Feature","properties":{"code":"73181","nom":"Moûtiers","departement":"73","region":"84"},"geometry":{"type":"MultiPolygon","coordinates":[[[[6.5218988,45.48723886],[6.52181911,45.48927483],[6.52287214,45.49056137],[6.5275756,45.49072635],[6.55317517,45.49720255],[6.55043036,45.49276452],[6.54794599,45.48160837],[6.55013213,45.47986806],[6.53954524,45.47595718],[6.5248236,45.48422027],[6.5218988,45.48723886]]]]}},{"type":"Feature","properties":{"code":"73182","nom":"Mouxy","departement":"73","region":"84"},"geometry":{"type":"MultiPolygon","coordinates":[[[[5.92063857,45.67388713],[5.91897393,45.68051283],[5.92259698,45.68300321],[5.92778784,45.68489133],[5.92747339,45.68614033],[5.93339041,45.69623373],[5.93521543,45.69720894],[5.93602276,45.68971952],[5.94202787,45.68600882],[5.94566248,45.68470542],[5.95566689,45.68373409],[5.97415353,45.6829076],[5.97617114,45.67785035],[5.9755695,45.67447983],[5.96898547,45.66405738],[5.96592649,45.66534732],[5.96494782,45.66687076],[5.95650776,45.67228497],[5.9455375,45.67699788],[5.92123542,45.67338415],[5.92063857,45.67388713]]]]}},{"type":"Feature","properties":{"code":"73183","nom":"Myans","departement":"73","region":"84"},"geometry":{"type":"MultiPolygon","coordinates":[[[[5.96355203,45.52311989],[5.9635529,45.53638323],[5.96754082,45.53588414],[5.96947578,45.53646107],[5.96974109,45.5347825],[5.96937834,45.52678485],[5.97329318,45.52137192],[5.97673549,45.51970827],[5.98399841,45.51885045],[5.99077943,45.52058939],[6.00130222,45.5144504],[5.98569313,45.50618081],[5.9836325,45.50699253],[5.98065613,45.50600289],[5.97591528,45.51153804],[5.96355203,45.52311989]]]]}},{"type":"Feature","properties":{"code":"73184","nom":"Nances","departement":"73","region":"84"},"geometry":{"type":"MultiPolygon","coordinates":[[[[5.81700659,45.57911487],[5.82080699,45.56816911],[5.82002222,45.56696519],[5.80342498,45.56349067],[5.80288261,45.56727597],[5.79416645,45.57273617],[5.78390289,45.58428446],[5.77960381,45.59093056],[5.77995775,45.59276712],[5.78296843,45.59585528],[5.80024042,45.60299339],[5.80685554,45.60697958],[5.81041999,45.60522271],[5.8153384,45.60647018],[5.81920239,45.58439493],[5.81700659,45.57911487]]]]}},{"type":"Feature","properties":{"code":"73186","nom":"Notre-Dame-de-Bellecombe","departement":"73","region":"84"},"geometry":{"type":"MultiPolygon","coordinates":[[[[6.56557733,45.81568741],[6.56930661,45.81809707],[6.57380802,45.81793208],[6.57677849,45.81654354],[6.5823135,45.81119383],[6.5842511,45.80734724],[6.58360929,45.80568107],[6.58579405,45.80012832],[6.59359273,45.79431478],[6.59918259,45.7924536],[6.5817447,45.77812356],[6.56820247,45.77441179],[6.56021382,45.76856449],[6.5434833,45.76987844],[6.53907258,45.77101571],[6.53111823,45.77475166],[6.52983879,45.77668103],[6.53209031,45.78225595],[6.534109,45.78368361],[6.53664906,45.78387621],[6.53972233,45.78671834],[6.53952403,45.79102062],[6.53543404,45.79968778],[6.53162466,45.8018839],[6.5245322,45.80381472],[6.50552619,45.80638898],[6.50977467,45.81423863],[6.51792077,45.81756528],[6.52272146,45.81669712],[6.52746469,45.81418641],[6.52914805,45.8122697],[6.53701408,45.81076958],[6.54255137,45.81074731],[6.55905074,45.81287192],[6.5627724,45.8138533],[6.56557733,45.81568741]]]]}},{"type":"Feature","properties":{"code":"73187","nom":"La Léchère","departement":"73","region":"84"},"geometry":{"type":"MultiPolygon","coordinates":[[[[6.40705419,45.42783752],[6.39688505,45.42914304],[6.38302774,45.43278338],[6.37129428,45.43651582],[6.35455791,45.44409473],[6.35903396,45.45438486],[6.36755826,45.46480935],[6.36841362,45.46883854],[6.37622532,45.48603907],[6.37650355,45.49672179],[6.38056322,45.50214431],[6.38168625,45.50789048],[6.38300537,45.51083581],[6.39716685,45.52566353],[6.40426813,45.53600814],[6.40439391,45.53649014],[6.40491948,45.54120697],[6.40222671,45.54450085],[6.39245312,45.54884877],[6.40822765,45.55319051],[6.41366619,45.55690461],[6.42336607,45.56568031],[6.43521801,45.56999192],[6.44808778,45.57577994],[6.45501026,45.57564932],[6.46184428,45.57114409],[6.46314296,45.55943621],[6.46572668,45.56193347],[6.46439304,45.56972794],[6.46171046,45.57467246],[6.47642762,45.58134234],[6.49659078,45.57988301],[6.5043336,45.58352039],[6.50011948,45.59272843],[6.49792038,45.60348793],[6.49945691,45.60506437],[6.50411078,45.60666896],[6.5131831,45.60315712],[6.52893142,45.59369967],[6.54234077,45.60803713],[6.54725459,45.6176253],[6.55047738,45.62137162],[6.55354861,45.62445112],[6.56232378,45.61997389],[6.56664775,45.61323588],[6.56837753,45.60400206],[6.57086195,45.60066822],[6.57750279,45.59684154],[6.57879211,45.59473719],[6.57283371,45.58244237],[6.56926696,45.57780896],[6.56315832,45.57337599],[6.56178356,45.56290936],[6.55543943,45.56295168],[6.5449203,45.55547906],[6.53803806,45.54928726],[6.52556316,45.54611914],[6.52225304,45.54617253],[6.51785177,45.54603196],[6.514937,45.54244656],[6.50366591,45.53237998],[6.50163393,45.52605456],[6.49675149,45.52161074],[6.48850502,45.51832051],[6.48484001,45.5175961],[6.48277741,45.51235299],[6.47889236,45.51479714],[6.4803806,45.5210469],[6.47346788,45.52067243],[6.47119311,45.5115311],[6.47453262,45.50045576],[6.47864651,45.49691132],[6.47353827,45.49505417],[6.45566104,45.48368791],[6.45000359,45.4826092],[6.44433666,45.48422365],[6.44108593,45.48763397],[6.44412306,45.4906936],[6.44939329,45.49518073],[6.4406192,45.49914374],[6.43613303,45.49578498],[6.42873359,45.47679079],[6.42501268,45.47140467],[6.41610417,45.46379984],[6.41108683,45.45261868],[6.40237442,45.44094302],[6.40297647,45.43168917],[6.40705419,45.42783752]]]]}},{"type":"Feature","properties":{"code":"73188","nom":"Notre-Dame-des-Millières","departement":"73","region":"84"},"geometry":{"type":"MultiPolygon","coordinates":[[[[6.32686418,45.62455037],[6.32931487,45.62262572],[6.34586263,45.6374872],[6.34851911,45.63750009],[6.35558017,45.62975938],[6.35396428,45.62925328],[6.35420887,45.62260345],[6.36758995,45.6172302],[6.37407621,45.61381993],[6.37738792,45.6114961],[6.38019543,45.60748024],[6.39017994,45.6031012],[6.38547194,45.59199659],[6.38224922,45.59196833],[6.37977454,45.59363807],[6.36711402,45.5983127],[6.35923235,45.59935426],[6.35399208,45.60078695],[6.34997642,45.60283454],[6.32681046,45.61754181],[6.32499875,45.62386018],[6.32686418,45.62455037]]]]}},{"type":"Feature","properties":{"code":"73189","nom":"Notre-Dame-du-Cruet","departement":"73","region":"84"},"geometry":{"type":"MultiPolygon","coordinates":[[[[6.29659756,45.37248463],[6.30055161,45.37647869],[6.3030411,45.37490291],[6.30478902,45.37554709],[6.32339487,45.39175153],[6.3240984,45.390468],[6.31908301,45.3824307],[6.3124353,45.36877453],[6.30462329,45.36457941],[6.30274174,45.36643741],[6.30183531,45.3697122],[6.29659756,45.37248463]]]]}},{"type":"Feature","properties":{"code":"73190","nom":"Notre-Dame-du-Pré","departement":"73","region":"84"},"geometry":{"type":"MultiPolygon","coordinates":[[[[6.64144052,45.49516676],[6.62484083,45.49041568],[6.62114276,45.48932541],[6.61975358,45.48716449],[6.61430907,45.4834162],[6.60695403,45.4817654],[6.60013888,45.48187257],[6.59842931,45.4826206],[6.59630764,45.48337731],[6.58944488,45.48314732],[6.57252885,45.49572628],[6.56982419,45.50062307],[6.56824027,45.50836318],[6.57977009,45.51106074],[6.58874212,45.50977635],[6.59044232,45.51718917],[6.58426859,45.51786423],[6.5801098,45.51713973],[6.60330757,45.52721159],[6.61087824,45.52751369],[6.61945923,45.52232734],[6.62859783,45.51504539],[6.64072104,45.49891119],[6.64144052,45.49516676]]]]}},{"type":"Feature","properties":{"code":"73191","nom":"Novalaise","departement":"73","region":"84"},"geometry":{"type":"MultiPolygon","coordinates":[[[[5.72755676,45.59373345],[5.73130576,45.59347665],[5.73212251,45.59806821],[5.73785684,45.59886578],[5.74694121,45.59901183],[5.75443691,45.59815629],[5.75710702,45.59713216],[5.76236632,45.5979978],[5.76280656,45.60288858],[5.7665533,45.60774312],[5.77960785,45.61365458],[5.79378599,45.61253559],[5.80685554,45.60697958],[5.80024042,45.60299339],[5.78296843,45.59585528],[5.77995775,45.59276712],[5.77960381,45.59093056],[5.78390289,45.58428446],[5.79416645,45.57273617],[5.80288261,45.56727597],[5.80342498,45.56349067],[5.8009634,45.55952982],[5.79599743,45.56287111],[5.77496377,45.5580359],[5.77010124,45.55851991],[5.77132481,45.5627534],[5.77251366,45.56354401],[5.77344475,45.56713056],[5.77226623,45.5722946],[5.76349233,45.58037666],[5.75464822,45.58355992],[5.72944201,45.5857849],[5.7299438,45.58841719],[5.72803359,45.58879424],[5.72865578,45.5906145],[5.72755676,45.59373345]]]]}},{"type":"Feature","properties":{"code":"73192","nom":"Le Noyer","departement":"73","region":"84"},"geometry":{"type":"MultiPolygon","coordinates":[[[[6.07823978,45.69850569],[6.08609823,45.68888509],[6.08824341,45.68534595],[6.08771099,45.68290215],[6.07273242,45.66724863],[6.03612126,45.63776882],[6.03608578,45.63773103],[6.01959003,45.65221293],[6.02700144,45.65639338],[6.03925767,45.66686876],[6.05612524,45.67898323],[6.07823978,45.69850569]]]]}},{"type":"Feature","properties":{"code":"73193","nom":"Ontex","departement":"73","region":"84"},"geometry":{"type":"MultiPolygon","coordinates":[[[[5.82302094,45.73259609],[5.81947277,45.73770112],[5.81206917,45.74542703],[5.81109629,45.74816078],[5.8115804,45.75008688],[5.8105659,45.75534463],[5.81143577,45.75875417],[5.8151636,45.75801871],[5.81889822,45.7635994],[5.8182745,45.77045135],[5.82286368,45.77116286],[5.8273833,45.76314279],[5.8283666,45.75790727],[5.83248571,45.74693159],[5.82933194,45.74418053],[5.82955949,45.7406066],[5.83603969,45.73026528],[5.8311166,45.72990518],[5.82302094,45.73259609]]]]}},{"type":"Feature","properties":{"code":"73194","nom":"Orelle","departement":"73","region":"84"},"geometry":{"type":"MultiPolygon","coordinates":[[[[6.56390122,45.11381885],[6.56207161,45.11868408],[6.55226454,45.12888092],[6.55083031,45.13446069],[6.54838243,45.13884332],[6.54307767,45.14322838],[6.53947611,45.14895704],[6.54036994,45.16072419],[6.53705405,45.17007871],[6.52908487,45.17351815],[6.51843401,45.18339313],[6.51660597,45.19948509],[6.5160035,45.20902104],[6.51446357,45.21362027],[6.53356426,45.25182132],[6.56132738,45.26300244],[6.57167766,45.26577813],[6.58542462,45.26629513],[6.60955924,45.26499261],[6.60088531,45.24414263],[6.59850454,45.24242474],[6.58898274,45.23933478],[6.58176409,45.23577812],[6.57938518,45.23155043],[6.57682732,45.21852226],[6.57940582,45.20653733],[6.58338202,45.20406535],[6.59124948,45.19462953],[6.59466569,45.18125075],[6.59861592,45.17355207],[6.60113817,45.1632088],[6.59646842,45.16166224],[6.59388965,45.15841489],[6.59338327,45.1527248],[6.58204089,45.13790941],[6.57848651,45.1316277],[6.57682866,45.12297858],[6.56390122,45.11381885]]]]}},{"type":"Feature","properties":{"code":"73196","nom":"Pallud","departement":"73","region":"84"},"geometry":{"type":"MultiPolygon","coordinates":[[[[6.37632318,45.70068795],[6.37973719,45.701175],[6.38091408,45.70254122],[6.3866707,45.70273419],[6.39298576,45.70278207],[6.40049573,45.70761739],[6.40631809,45.70819857],[6.40272634,45.69358945],[6.4003152,45.68824084],[6.39696209,45.68301977],[6.39625366,45.68310514],[6.3924009,45.6817179],[6.37474749,45.67558689],[6.37520304,45.67744795],[6.37804929,45.67952572],[6.37822054,45.69035161],[6.37632318,45.70068795]]]]}},{"type":"Feature","properties":{"code":"73197","nom":"Peisey-Nancroix","departement":"73","region":"84"},"geometry":{"type":"MultiPolygon","coordinates":[[[[6.87033333,45.51098611],[6.86475912,45.50754138],[6.86854686,45.50193575],[6.87170828,45.49072682],[6.87057942,45.46829381],[6.86486934,45.45770111],[6.86170641,45.45397946],[6.845144,45.45372206],[6.82790463,45.45692555],[6.82111899,45.46125893],[6.81643869,45.47221039],[6.80679918,45.48545669],[6.80057647,45.48982997],[6.79341953,45.49182024],[6.78131497,45.49291674],[6.76940622,45.4990528],[6.76385853,45.50633468],[6.75964846,45.51443597],[6.75722621,45.51678253],[6.74050069,45.52231015],[6.74376998,45.53179655],[6.74188297,45.54513741],[6.74000421,45.54725988],[6.74784204,45.54974541],[6.75501128,45.55316597],[6.76300257,45.55352233],[6.78199182,45.5504504],[6.8041266,45.54949271],[6.80490864,45.5530164],[6.80422772,45.55373364],[6.81249464,45.55209921],[6.81569667,45.55018651],[6.84507309,45.54782137],[6.85161206,45.53654164],[6.86027347,45.5281708],[6.86329054,45.52132523],[6.87033333,45.51098611]]]]}},{"type":"Feature","properties":{"code":"73200","nom":"Planaise","departement":"73","region":"84"},"geometry":{"type":"MultiPolygon","coordinates":[[[[6.07355063,45.50340832],[6.07753498,45.5045193],[6.08641429,45.50934809],[6.09583106,45.5157177],[6.10847551,45.52094381],[6.1119051,45.51951056],[6.11290569,45.51378833],[6.09025477,45.49624052],[6.08594351,45.49424505],[6.08255481,45.49362898],[6.07939644,45.49603166],[6.07355063,45.50340832]]]]}},{"type":"Feature","properties":{"code":"73201","nom":"Planay","departement":"73","region":"84"},"geometry":{"type":"MultiPolygon","coordinates":[[[[6.76089382,45.41718982],[6.75009658,45.40163176],[6.74639354,45.40036382],[6.74068956,45.40189314],[6.7233744,45.4029776],[6.70729985,45.40795403],[6.69477679,45.40817578],[6.68674753,45.40728738],[6.68632141,45.408677],[6.6783362,45.4147952],[6.67668268,45.41854986],[6.67702973,45.4200033],[6.67831345,45.43171949],[6.67737504,45.43715529],[6.67186344,45.44717876],[6.67262751,45.44761706],[6.67524434,45.44528222],[6.68492106,45.4461968],[6.69234553,45.44501228],[6.70088814,45.44195139],[6.74988462,45.43286046],[6.75158883,45.43172346],[6.76089382,45.41718982]]]]}},{"type":"Feature","properties":{"code":"73202","nom":"Plancherine","departement":"73","region":"84"},"geometry":{"type":"MultiPolygon","coordinates":[[[[6.25866152,45.68234702],[6.25822039,45.68385136],[6.25872995,45.6844035],[6.27203779,45.68530635],[6.2753793,45.68403936],[6.27849908,45.68406663],[6.30494776,45.69325695],[6.30781984,45.6930897],[6.3097325,45.68325195],[6.30990026,45.67460199],[6.31181398,45.66975993],[6.31812296,45.66820959],[6.32705758,45.66423978],[6.32806215,45.6595919],[6.31295679,45.66291085],[6.30623026,45.66520952],[6.29105163,45.67468955],[6.25866152,45.68234702]]]]}},{"type":"Feature","properties":{"code":"73204","nom":"Le Pont-de-Beauvoisin","departement":"73","region":"84"},"geometry":{"type":"MultiPolygon","coordinates":[[[[5.67332179,45.543476],[5.67516,45.54338629],[5.67703476,45.54145045],[5.68062763,45.54118997],[5.6901303,45.5389806],[5.69133193,45.53282956],[5.69110973,45.52790554],[5.68053519,45.52919549],[5.67576872,45.53104717],[5.67201572,45.53648658],[5.67141459,45.53933809],[5.67332179,45.543476]]]]}},{"type":"Feature","properties":{"code":"73205","nom":"Le Pontet","departement":"73","region":"84"},"geometry":{"type":"MultiPolygon","coordinates":[[[[6.24229057,45.51049154],[6.24803909,45.51041996],[6.26044084,45.5134139],[6.2644628,45.51105112],[6.25349424,45.49679756],[6.24203152,45.48694997],[6.23291413,45.47502586],[6.2267647,45.48080939],[6.21101368,45.499172],[6.20738759,45.49975874],[6.20938689,45.50228716],[6.23590055,45.5082228],[6.24001591,45.51025891],[6.24229057,45.51049154]]]]}},{"type":"Feature","properties":{"code":"73206","nom":"Pralognan-la-Vanoise","departement":"73","region":"84"},"geometry":{"type":"MultiPolygon","coordinates":[[[[6.73202167,45.29780037],[6.72503335,45.29511998],[6.7109106,45.29370657],[6.70174942,45.29201183],[6.68509768,45.29089617],[6.6803634,45.28010897],[6.68071316,45.27664864],[6.68420652,45.27441251],[6.68484834,45.26942726],[6.6641606,45.26941074],[6.6403679,45.27698396],[6.63364852,45.28675014],[6.6348297,45.29716067],[6.63843294,45.30234637],[6.65165712,45.31203261],[6.66399144,45.32480329],[6.66500674,45.32753106],[6.66641651,45.32914526],[6.67228079,45.33199068],[6.67651338,45.33759912],[6.68617957,45.35990059],[6.68907719,45.37272535],[6.68471842,45.38561785],[6.68674753,45.40728738],[6.69477679,45.40817578],[6.70729985,45.40795403],[6.7233744,45.4029776],[6.74068956,45.40189314],[6.74639354,45.40036382],[6.75009658,45.40163176],[6.76089382,45.41718982],[6.76908061,45.41645044],[6.78405036,45.41338648],[6.79144662,45.41289029],[6.80076748,45.41429811],[6.81648753,45.41247901],[6.81690542,45.40618938],[6.82329784,45.40428824],[6.82753474,45.40513701],[6.82012737,45.40128351],[6.80469268,45.3966424],[6.79351641,45.38887293],[6.79189125,45.38363442],[6.79438354,45.37872701],[6.80019169,45.37312285],[6.79309699,45.36552952],[6.74873352,45.34715404],[6.74649573,45.34397472],[6.75327166,45.33212327],[6.7416456,45.32298526],[6.7381321,45.3108349],[6.73202167,45.29780037]]]]}},{"type":"Feature","properties":{"code":"73207","nom":"Presle","departement":"73","region":"84"},"geometry":{"type":"MultiPolygon","coordinates":[[[[6.21138299,45.42799577],[6.21833033,45.42340221],[6.21519916,45.42241424],[6.21281741,45.41909132],[6.21241647,45.41532047],[6.20374211,45.41918172],[6.19401645,45.42585782],[6.16359082,45.43640847],[6.15058714,45.43932323],[6.12700294,45.44899162],[6.12689527,45.45180987],[6.12558906,45.4535576],[6.12534693,45.4565364],[6.13091655,45.45648287],[6.14436823,45.46008338],[6.15361095,45.46172173],[6.15852905,45.46062808],[6.1646277,45.45697306],[6.1706454,45.45034337],[6.17622406,45.4458895],[6.18755686,45.43995254],[6.2084099,45.43161002],[6.21138299,45.42799577]]]]}},{"type":"Feature","properties":{"code":"73208","nom":"Pugny-Chatenod","departement":"73","region":"84"},"geometry":{"type":"MultiPolygon","coordinates":[[[[5.9452409,45.70250438],[5.9486081,45.70149716],[5.95371691,45.70122093],[5.96142315,45.69899377],[5.96907319,45.69517977],[5.9774181,45.68664119],[5.98049123,45.68340144],[5.97973585,45.68231395],[5.97415353,45.6829076],[5.95566689,45.68373409],[5.94566248,45.68470542],[5.94202787,45.68600882],[5.93602276,45.68971952],[5.93521543,45.69720894],[5.93578566,45.70252503],[5.9452409,45.70250438]]]]}},{"type":"Feature","properties":{"code":"73210","nom":"Puygros","departement":"73","region":"84"},"geometry":{"type":"MultiPolygon","coordinates":[[[[6.01727596,45.58406975],[6.02456096,45.58304762],[6.04474879,45.57841586],[6.05414241,45.57781584],[6.06917888,45.56791253],[6.06989965,45.56610045],[6.0682313,45.56103827],[6.05884681,45.55198529],[6.031673,45.55843515],[6.01963923,45.56669911],[6.01431919,45.57345355],[6.00820546,45.57773734],[6.00560627,45.57852868],[6.00392866,45.58041454],[6.01141454,45.58144155],[6.01714543,45.5833929],[6.01727596,45.58406975]]]]}},{"type":"Feature","properties":{"code":"73211","nom":"Queige","departement":"73","region":"84"},"geometry":{"type":"MultiPolygon","coordinates":[[[[6.43750766,45.72776731],[6.44073782,45.73125877],[6.46203754,45.73738453],[6.48422759,45.73797247],[6.48727458,45.73689303],[6.49325755,45.7329427],[6.49698539,45.72708985],[6.49876535,45.71324631],[6.50069818,45.70668737],[6.50793457,45.69453704],[6.50949234,45.68951291],[6.51194135,45.68720744],[6.5002165,45.68580948],[6.49223929,45.68027044],[6.49013017,45.68006273],[6.47382122,45.68309277],[6.46026183,45.68397092],[6.45973862,45.68531018],[6.45520401,45.68658333],[6.44779123,45.68563162],[6.44132843,45.68330559],[6.43982589,45.68358586],[6.41938427,45.69223219],[6.42105873,45.70341642],[6.42432698,45.7108243],[6.43750766,45.72776731]]]]}},{"type":"Feature","properties":{"code":"73212","nom":"Val-d'Arc","departement":"73","region":"84"},"geometry":{"type":"MultiPolygon","coordinates":[[[[6.35280359,45.5609341],[6.3531925,45.54971591],[6.35057713,45.54275674],[6.34071525,45.53019741],[6.33672722,45.52731926],[6.31957224,45.52631456],[6.314541,45.52496531],[6.31472934,45.52303194],[6.31255121,45.51691628],[6.29674324,45.52844005],[6.29332005,45.52849004],[6.2923674,45.53361096],[6.29342055,45.54804252],[6.29924445,45.54988231],[6.29236341,45.553591],[6.29625404,45.55624196],[6.30524154,45.55759023],[6.30855844,45.55663189],[6.31250528,45.55097369],[6.32513425,45.55390369],[6.34677237,45.56055695],[6.35280359,45.5609341]]]]}},{"type":"Feature","properties":{"code":"73213","nom":"La Ravoire","departement":"73","region":"84"},"geometry":{"type":"MultiPolygon","coordinates":[[[[5.96695548,45.54658674],[5.96680669,45.54339805],[5.96947578,45.53646107],[5.96754082,45.53588414],[5.9635529,45.53638323],[5.96185836,45.54059555],[5.94636281,45.54566179],[5.94647624,45.55272074],[5.95015494,45.56065661],[5.95074072,45.57096427],[5.95919473,45.57236306],[5.9688584,45.57470608],[5.97139352,45.57405426],[5.97320931,45.57161828],[5.97035003,45.56916357],[5.97352048,45.56426417],[5.97372513,45.55927831],[5.97063229,45.55331457],[5.97116576,45.55158926],[5.96979103,45.55094617],[5.96695548,45.54658674]]]]}},{"type":"Feature","properties":{"code":"73214","nom":"Rochefort","departement":"73","region":"84"},"geometry":{"type":"MultiPolygon","coordinates":[[[[5.73147092,45.56654672],[5.72478517,45.56547825],[5.72410111,45.56800325],[5.7117617,45.57093803],[5.70353196,45.5753539],[5.69568695,45.5853326],[5.69094995,45.58872664],[5.68693984,45.59219589],[5.68932506,45.5948824],[5.70068524,45.5921846],[5.70249276,45.59245922],[5.70347296,45.59090124],[5.71603169,45.5863728],[5.72190504,45.58728763],[5.72585271,45.5889913],[5.72803359,45.58879424],[5.7299438,45.58841719],[5.72944201,45.5857849],[5.73210126,45.57655248],[5.73147092,45.56654672]]]]}},{"type":"Feature","properties":{"code":"73215","nom":"Valgelon-La Rochette","departement":"73","region":"84"},"geometry":{"type":"MultiPolygon","coordinates":[[[[6.15361095,45.46172173],[6.14436823,45.46008338],[6.13091655,45.45648287],[6.12534693,45.4565364],[6.12558906,45.4535576],[6.12689527,45.45180987],[6.12700294,45.44899162],[6.12305989,45.44979361],[6.11739102,45.44913851],[6.11389554,45.44853994],[6.11072375,45.44681575],[6.10628782,45.45185455],[6.09630602,45.45819089],[6.09204879,45.46180933],[6.09729408,45.46741306],[6.0997682,45.46991031],[6.10979017,45.46968066],[6.12147318,45.46473316],[6.12420856,45.46819138],[6.13092024,45.46456716],[6.14315368,45.47070805],[6.14654193,45.47537308],[6.14908824,45.47719952],[6.15007317,45.47505229],[6.15363626,45.47335347],[6.15783868,45.46853107],[6.15778828,45.46753217],[6.15361095,45.46172173]]]]}},{"type":"Feature","properties":{"code":"73216","nom":"Rognaix","departement":"73","region":"84"},"geometry":{"type":"MultiPolygon","coordinates":[[[[6.46171046,45.57467246],[6.46439304,45.56972794],[6.46572668,45.56193347],[6.46314296,45.55943621],[6.46184428,45.57114409],[6.45501026,45.57564932],[6.44808778,45.57577994],[6.43521801,45.56999192],[6.42336607,45.56568031],[6.41366619,45.55690461],[6.40822765,45.55319051],[6.39245312,45.54884877],[6.38109777,45.55957415],[6.3784714,45.56098438],[6.38259065,45.56557874],[6.39818385,45.55896666],[6.40336414,45.55987698],[6.41131633,45.56725549],[6.41231726,45.56940268],[6.42194052,45.57925437],[6.4380851,45.58809666],[6.45014635,45.59103406],[6.45991507,45.57584632],[6.46171046,45.57467246]]]]}},{"type":"Feature","properties":{"code":"73217","nom":"Rotherens","departement":"73","region":"84"},"geometry":{"type":"MultiPolygon","coordinates":[[[[6.12420856,45.46819138],[6.1341952,45.47571422],[6.14305565,45.48112751],[6.14908824,45.47719952],[6.14654193,45.47537308],[6.14315368,45.47070805],[6.13092024,45.46456716],[6.12420856,45.46819138]]]]}},{"type":"Feature","properties":{"code":"73218","nom":"Ruffieux","departement":"73","region":"84"},"geometry":{"type":"MultiPolygon","coordinates":[[[[5.86666188,45.84210792],[5.8435033,45.83768613],[5.82225769,45.83757306],[5.8211876,45.84518408],[5.80095243,45.84569945],[5.80337317,45.85515098],[5.80752748,45.86063708],[5.81716133,45.85778596],[5.82043302,45.85783588],[5.84489801,45.86460761],[5.85942085,45.8658503],[5.86810153,45.8629288],[5.87393498,45.86267963],[5.87606975,45.86350026],[5.878105,45.86300599],[5.87877697,45.86140025],[5.87649681,45.84822313],[5.87324303,45.83892923],[5.86931599,45.84197473],[5.86666188,45.84210792]]]]}},{"type":"Feature","properties":{"code":"73219","nom":"Saint-Alban-de-Montbel","departement":"73","region":"84"},"geometry":{"type":"MultiPolygon","coordinates":[[[[5.76059907,45.54243264],[5.75634044,45.54353555],[5.75331218,45.54194294],[5.75197957,45.54371816],[5.7564933,45.54532123],[5.76676943,45.55413291],[5.77010124,45.55851991],[5.77496377,45.5580359],[5.79599743,45.56287111],[5.8009634,45.55952982],[5.79164975,45.54472242],[5.76790588,45.54401253],[5.76059907,45.54243264]]]]}},{"type":"Feature","properties":{"code":"73220","nom":"Saint-Alban-d'Hurtières","departement":"73","region":"84"},"geometry":{"type":"MultiPolygon","coordinates":[[[[6.22040173,45.46135661],[6.22954382,45.46923259],[6.23270875,45.4733465],[6.23291413,45.47502586],[6.24203152,45.48694997],[6.25349424,45.49679756],[6.25723884,45.49524876],[6.2915296,45.49073326],[6.29640558,45.48948788],[6.29002504,45.47760746],[6.28374553,45.47763374],[6.27940506,45.47565632],[6.25868965,45.45948002],[6.24858633,45.45550946],[6.23435759,45.44124627],[6.21138299,45.42799577],[6.2084099,45.43161002],[6.21502489,45.43510821],[6.21724092,45.43836287],[6.21759157,45.44355548],[6.21467098,45.44629241],[6.21594115,45.45733003],[6.22040173,45.46135661]]]]}},{"type":"Feature","properties":{"code":"73221","nom":"Saint-Alban-des-Villards","departement":"73","region":"84"},"geometry":{"type":"MultiPolygon","coordinates":[[[[6.18780667,45.33306657],[6.19236595,45.33822201],[6.19121016,45.33983745],[6.21250471,45.34188486],[6.2222671,45.34079041],[6.23431256,45.33718688],[6.25968266,45.32478001],[6.27436039,45.32234886],[6.26112183,45.30989604],[6.26319312,45.30574955],[6.26823716,45.3020632],[6.27645112,45.29835407],[6.28099403,45.29327409],[6.27215409,45.2862018],[6.26864045,45.28173637],[6.26350622,45.27757502],[6.26221565,45.2765709],[6.25651545,45.27426152],[6.24478106,45.283959],[6.24416306,45.29084044],[6.24560096,45.29829578],[6.24489537,45.30010243],[6.24126065,45.30353867],[6.22796869,45.31029186],[6.21828653,45.31712252],[6.20367474,45.3184909],[6.19666813,45.31648256],[6.1865463,45.31966504],[6.18780667,45.33306657]]]]}},{"type":"Feature","properties":{"code":"73222","nom":"Saint-Alban-Leysse","departement":"73","region":"84"},"geometry":{"type":"MultiPolygon","coordinates":[[[[5.95074072,45.57096427],[5.95031917,45.57090235],[5.94745328,45.57674821],[5.94713972,45.5821207],[5.94555845,45.58679923],[5.93418109,45.59501023],[5.93212046,45.59567945],[5.93404847,45.59951108],[5.93677331,45.59991572],[5.93538581,45.60248675],[5.93655793,45.60694453],[5.94589453,45.6056271],[5.95438773,45.60581067],[5.96016867,45.60907655],[5.96217373,45.60052176],[5.97238187,45.5884892],[5.98480167,45.58174683],[5.98147741,45.57696542],[5.97320931,45.57161828],[5.97139352,45.57405426],[5.9688584,45.57470608],[5.95919473,45.57236306],[5.95074072,45.57096427]]]]}},{"type":"Feature","properties":{"code":"73223","nom":"Saint-André","departement":"73","region":"84"},"geometry":{"type":"MultiPolygon","coordinates":[[[[6.64538394,45.19665471],[6.63584692,45.19585713],[6.63756577,45.19300776],[6.62132518,45.19689805],[6.59415123,45.20090777],[6.58338202,45.20406535],[6.57940582,45.20653733],[6.57682732,45.21852226],[6.57938518,45.23155043],[6.58176409,45.23577812],[6.58898274,45.23933478],[6.59850454,45.24242474],[6.60088531,45.24414263],[6.60955924,45.26499261],[6.63671587,45.24906521],[6.64006712,45.24502511],[6.6430261,45.23739124],[6.65132326,45.22598542],[6.6519865,45.2174348],[6.65036062,45.20300002],[6.64538394,45.19665471]]]]}},{"type":"Feature","properties":{"code":"73224","nom":"Saint-Avre","departement":"73","region":"84"},"geometry":{"type":"MultiPolygon","coordinates":[[[[6.32025986,45.33447396],[6.3147562,45.33361244],[6.30350807,45.35204278],[6.30106948,45.35336024],[6.3076609,45.35900927],[6.31171335,45.36068562],[6.32891255,45.35647043],[6.32703679,45.35419648],[6.32964145,45.35275814],[6.33296896,45.35212286],[6.3347195,45.35100363],[6.33396901,45.35085115],[6.32137681,45.34944469],[6.31933253,45.33865799],[6.32177948,45.33897562],[6.32025986,45.33447396]]]]}},{"type":"Feature","properties":{"code":"73225","nom":"Saint-Baldoph","departement":"73","region":"84"},"geometry":{"type":"MultiPolygon","coordinates":[[[[5.92677841,45.51534753],[5.92955713,45.52316409],[5.93100017,45.53470725],[5.94636281,45.54566179],[5.96185836,45.54059555],[5.9635529,45.53638323],[5.96355203,45.52311989],[5.95395924,45.52162184],[5.94000942,45.51655529],[5.93139651,45.51498554],[5.92677841,45.51534753]]]]}},{"type":"Feature","properties":{"code":"73226","nom":"Saint-Béron","departement":"73","region":"84"},"geometry":{"type":"MultiPolygon","coordinates":[[[[5.71982332,45.48316108],[5.71442647,45.49276306],[5.71369818,45.49741451],[5.71470085,45.49850479],[5.71289822,45.50374804],[5.70091001,45.51769803],[5.70504378,45.51886532],[5.72039332,45.5208587],[5.74281043,45.51935105],[5.7467962,45.51851658],[5.75045091,45.51653859],[5.747769,45.51196854],[5.74159746,45.50118295],[5.72899505,45.48987612],[5.71982332,45.48316108]]]]}},{"type":"Feature","properties":{"code":"73227","nom":"Courchevel","departement":"73","region":"84"},"geometry":{"type":"MultiPolygon","coordinates":[[[[6.66500674,45.32753106],[6.65025935,45.33615297],[6.64288496,45.34140603],[6.62786028,45.36152664],[6.61869313,45.36466188],[6.61202823,45.36934354],[6.60385815,45.39800335],[6.59827794,45.41096267],[6.58942021,45.41648207],[6.58557328,45.42033609],[6.57816821,45.4308035],[6.57625852,45.43709391],[6.56696103,45.44473552],[6.56401333,45.44836809],[6.56474373,45.44809609],[6.57007829,45.4505809],[6.57559237,45.45129123],[6.59270421,45.44785881],[6.61180176,45.44517912],[6.61700134,45.44530532],[6.62989525,45.44361935],[6.64341422,45.44056032],[6.64732421,45.43828958],[6.653176,45.43149878],[6.65888539,45.42738771],[6.67702973,45.4200033],[6.67668268,45.41854986],[6.6783362,45.4147952],[6.68632141,45.408677],[6.68674753,45.40728738],[6.68471842,45.38561785],[6.68907719,45.37272535],[6.68617957,45.35990059],[6.67651338,45.33759912],[6.67228079,45.33199068],[6.66641651,45.32914526],[6.66500674,45.32753106]]]]}},{"type":"Feature","properties":{"code":"73228","nom":"Saint-Cassin","departement":"73","region":"84"},"geometry":{"type":"MultiPolygon","coordinates":[[[[5.87193954,45.49490937],[5.86896747,45.49727048],[5.86388276,45.49810137],[5.8575615,45.50129726],[5.85883894,45.50903275],[5.86319943,45.51972804],[5.85476858,45.52130962],[5.85463742,45.52294567],[5.86468871,45.53442243],[5.87518798,45.54125003],[5.88835247,45.54827946],[5.89812497,45.54455409],[5.90223944,45.54150313],[5.90141148,45.52849492],[5.89442984,45.52043746],[5.88958312,45.5086195],[5.89248471,45.50473864],[5.89417898,45.49660874],[5.87581841,45.49235014],[5.87193954,45.49490937]]]]}},{"type":"Feature","properties":{"code":"73229","nom":"Saint-Christophe","departement":"73","region":"84"},"geometry":{"type":"MultiPolygon","coordinates":[[[[5.8108528,45.44592957],[5.80667267,45.44158049],[5.80830819,45.42807817],[5.81003965,45.42577771],[5.8074352,45.42642593],[5.80122891,45.43314787],[5.79721498,45.43654134],[5.79205117,45.43944972],[5.78358199,45.44118213],[5.77060394,45.44026288],[5.76075958,45.43646018],[5.76046971,45.43922981],[5.75804679,45.4411347],[5.75638783,45.44120794],[5.76533678,45.45419282],[5.77341941,45.46838699],[5.78320645,45.47267764],[5.7914418,45.47514006],[5.79140471,45.47376512],[5.79795327,45.46564139],[5.80278399,45.45718086],[5.80674078,45.44766704],[5.8108528,45.44592957]]]]}},{"type":"Feature","properties":{"code":"73230","nom":"Saint-Colomban-des-Villards","departement":"73","region":"84"},"geometry":{"type":"MultiPolygon","coordinates":[[[[6.16185917,45.18874145],[6.15947229,45.2024496],[6.15682349,45.20488192],[6.14372895,45.20934979],[6.13762979,45.21367108],[6.13838501,45.21664793],[6.12570025,45.24426926],[6.13577788,45.25371014],[6.14087027,45.26191711],[6.13987454,45.26505764],[6.13272746,45.27393891],[6.13082654,45.28240253],[6.13194865,45.28828531],[6.13583075,45.29018875],[6.14093266,45.29406738],[6.1412434,45.29878518],[6.14942802,45.30180994],[6.15439338,45.30804388],[6.16020876,45.31249186],[6.1826786,45.3175898],[6.1865463,45.31966504],[6.19666813,45.31648256],[6.20367474,45.3184909],[6.21828653,45.31712252],[6.22796869,45.31029186],[6.24126065,45.30353867],[6.24489537,45.30010243],[6.24560096,45.29829578],[6.24416306,45.29084044],[6.24478106,45.283959],[6.25651545,45.27426152],[6.24182969,45.26513759],[6.21832522,45.24793846],[6.21450851,45.24504563],[6.20485838,45.24139018],[6.19619433,45.2357556],[6.18382513,45.22566083],[6.18011837,45.22376498],[6.17088439,45.21056798],[6.17610308,45.20305635],[6.17615903,45.19953847],[6.17425348,45.19606559],[6.16185917,45.18874145]]]]}},{"type":"Feature","properties":{"code":"73231","nom":"Saint-Étienne-de-Cuines","departement":"73","region":"84"},"geometry":{"type":"MultiPolygon","coordinates":[[[[6.30106948,45.35336024],[6.30350807,45.35204278],[6.29747581,45.34347151],[6.29035927,45.3353969],[6.28482006,45.32994142],[6.27436039,45.32234886],[6.25968266,45.32478001],[6.23431256,45.33718688],[6.2222671,45.34079041],[6.21250471,45.34188486],[6.19121016,45.33983745],[6.19009322,45.34244396],[6.19476041,45.35224457],[6.19803477,45.35253046],[6.20736446,45.3489264],[6.21633222,45.34752723],[6.22339041,45.34714573],[6.23591665,45.34890929],[6.24638395,45.35203977],[6.25154854,45.35491972],[6.25496597,45.36140015],[6.25732543,45.36355482],[6.27369719,45.36766448],[6.28526979,45.37191816],[6.28749878,45.36880837],[6.28698585,45.36376303],[6.28862322,45.35917275],[6.30106948,45.35336024]]]]}},{"type":"Feature","properties":{"code":"73232","nom":"Sainte-Foy-Tarentaise","departement":"73","region":"84"},"geometry":{"type":"MultiPolygon","coordinates":[[[[6.91469512,45.65186226],[6.93027381,45.64632603],[6.96340477,45.65459265],[6.96744639,45.65424463],[6.97048748,45.65337367],[6.97463464,45.64662193],[6.99050025,45.64311006],[7.00129884,45.63965725],[7.00088254,45.63560567],[6.9972102,45.63076013],[6.98859061,45.62628124],[6.9846056,45.62013818],[6.98389803,45.61491219],[6.98565965,45.61391566],[6.98586137,45.61193485],[6.97826362,45.59062006],[6.97814326,45.58771028],[6.98076057,45.58353235],[6.99536384,45.57575048],[6.99606284,45.56975954],[6.99036523,45.5609828],[6.99012692,45.55754796],[6.9927506,45.54958894],[6.99314433,45.53825594],[6.99572373,45.52792081],[7.00456646,45.51897708],[7.00401174,45.51561036],[7.00119723,45.5111909],[6.99985785,45.50486958],[6.97793585,45.51095131],[6.9653362,45.51964335],[6.94198966,45.52625762],[6.91702979,45.53177184],[6.91521768,45.53105159],[6.91332409,45.52797652],[6.91089282,45.52733188],[6.91215171,45.53063106],[6.90842301,45.54213702],[6.9062808,45.54582148],[6.90081399,45.5514994],[6.88066309,45.55589125],[6.87747611,45.5591676],[6.8763683,45.56571511],[6.88082884,45.57649615],[6.88135418,45.5821813],[6.8811034,45.58932314],[6.87964875,45.59216822],[6.87653822,45.59539317],[6.85720097,45.60371718],[6.84439712,45.60721837],[6.85506096,45.60694332],[6.8645329,45.60514224],[6.87783888,45.61156835],[6.90128541,45.62695489],[6.91469512,45.65186226]]]]}},{"type":"Feature","properties":{"code":"73233","nom":"Saint-Franc","departement":"73","region":"84"},"geometry":{"type":"MultiPolygon","coordinates":[[[[5.71982332,45.48316108],[5.72899505,45.48987612],[5.74159746,45.50118295],[5.747769,45.51196854],[5.75182665,45.51171688],[5.7550602,45.50952829],[5.75772614,45.50144017],[5.75812648,45.49807405],[5.75693734,45.49489745],[5.75836707,45.49180337],[5.75282842,45.48052714],[5.74839825,45.47587211],[5.74153746,45.47174487],[5.73624886,45.47177578],[5.73336428,45.47501403],[5.71982332,45.48316108]]]]}},{"type":"Feature","properties":{"code":"73234","nom":"Saint-François-de-Sales","departement":"73","region":"84"},"geometry":{"type":"MultiPolygon","coordinates":[[[[6.01959003,45.65221293],[6.01468431,45.67163153],[6.00301272,45.67413504],[6.01635075,45.68255919],[6.01800009,45.69700266],[6.02388147,45.69635559],[6.04421299,45.70068492],[6.0791477,45.69938294],[6.07823978,45.69850569],[6.05612524,45.67898323],[6.03925767,45.66686876],[6.02700144,45.65639338],[6.01959003,45.65221293]]]]}},{"type":"Feature","properties":{"code":"73235","nom":"Saint François Longchamp","departement":"73","region":"84"},"geometry":{"type":"MultiPolygon","coordinates":[[[[6.3240984,45.390468],[6.32339487,45.39175153],[6.30478902,45.37554709],[6.3030411,45.37490291],[6.30055161,45.37647869],[6.29858119,45.37732173],[6.2974788,45.38344566],[6.29863622,45.39963837],[6.30274819,45.409658],[6.31096973,45.41246155],[6.31502155,45.41878028],[6.31658495,45.42391982],[6.32226127,45.42432939],[6.34843506,45.44349548],[6.35113945,45.44458362],[6.35455791,45.44409473],[6.37129428,45.43651582],[6.38302774,45.43278338],[6.39688505,45.42914304],[6.40705419,45.42783752],[6.41087592,45.42699753],[6.41115905,45.42402004],[6.40899113,45.42031047],[6.40225082,45.41252176],[6.39229242,45.39719181],[6.38775493,45.39211341],[6.39007482,45.38392266],[6.40241488,45.37130353],[6.39588995,45.35063606],[6.39472695,45.34969616],[6.36260484,45.34821536],[6.34267885,45.35104739],[6.33900827,45.3524809],[6.33641629,45.34984182],[6.33396901,45.35085115],[6.3347195,45.35100363],[6.33296896,45.35212286],[6.32964145,45.35275814],[6.32703679,45.35419648],[6.32891255,45.35647043],[6.33064613,45.36574139],[6.32820334,45.373143],[6.3298529,45.37771467],[6.33958692,45.38825338],[6.32442062,45.39059452],[6.3240984,45.390468]]]]}},{"type":"Feature","properties":{"code":"73236","nom":"Saint-Genix-les-Villages","departement":"73","region":"84"},"geometry":{"type":"MultiPolygon","coordinates":[[[[5.63765956,45.58962737],[5.63123568,45.59817051],[5.62527191,45.60126781],[5.6232113,45.60350617],[5.62190195,45.61183107],[5.62374291,45.61326845],[5.62725214,45.61127826],[5.63137531,45.61121881],[5.63634794,45.61490089],[5.63651325,45.61713325],[5.65182611,45.60567762],[5.65985234,45.60778199],[5.67970809,45.61631788],[5.68342482,45.62516628],[5.68454788,45.62873178],[5.69102906,45.6382429],[5.69855325,45.64069544],[5.70343086,45.64323003],[5.70534881,45.64291724],[5.70725079,45.64130644],[5.7102941,45.63338898],[5.71433599,45.62464092],[5.71809161,45.62041999],[5.71681652,45.62013094],[5.71485762,45.61461359],[5.71501078,45.60451046],[5.71427654,45.60440565],[5.70543113,45.59823157],[5.70072211,45.59915568],[5.70249276,45.59245922],[5.70068524,45.5921846],[5.68932506,45.5948824],[5.68693984,45.59219589],[5.69094995,45.58872664],[5.68303947,45.58649113],[5.67225141,45.5787707],[5.66147688,45.58222395],[5.65445881,45.5830377],[5.64674804,45.57722259],[5.63765956,45.58962737]]]]}},{"type":"Feature","properties":{"code":"73237","nom":"Saint-Georges-d'Hurtières","departement":"73","region":"84"},"geometry":{"type":"MultiPolygon","coordinates":[[[[6.2644628,45.51105112],[6.26599185,45.51420604],[6.28181957,45.52411145],[6.29140789,45.52535117],[6.29305985,45.52689344],[6.29332005,45.52849004],[6.29674324,45.52844005],[6.31255121,45.51691628],[6.31217168,45.51362976],[6.30070044,45.49749994],[6.29640558,45.48948788],[6.2915296,45.49073326],[6.25723884,45.49524876],[6.25349424,45.49679756],[6.2644628,45.51105112]]]]}},{"type":"Feature","properties":{"code":"73240","nom":"Sainte-Hélène-du-Lac","departement":"73","region":"84"},"geometry":{"type":"MultiPolygon","coordinates":[[[[6.04574794,45.49000037],[6.04667615,45.49061858],[6.05085768,45.49100871],[6.05482628,45.48776116],[6.05509046,45.48569397],[6.06027065,45.48477691],[6.08255481,45.49362898],[6.08594351,45.49424505],[6.09025477,45.49624052],[6.09344426,45.49235787],[6.08449012,45.48660628],[6.07754369,45.47999515],[6.07052217,45.47822665],[6.05717885,45.47246062],[6.03974499,45.46928392],[6.03297819,45.46650238],[6.03030892,45.46459385],[6.0202509,45.47130096],[6.03557762,45.4797111],[6.04124082,45.48703263],[6.04574794,45.49000037]]]]}},{"type":"Feature","properties":{"code":"73241","nom":"Sainte-Hélène-sur-Isère","departement":"73","region":"84"},"geometry":{"type":"MultiPolygon","coordinates":[[[[6.27749128,45.59755005],[6.28143983,45.60540918],[6.30041143,45.6156267],[6.30102314,45.6150085],[6.31751653,45.62299961],[6.32499875,45.62386018],[6.32681046,45.61754181],[6.34997642,45.60283454],[6.35399208,45.60078695],[6.35923235,45.59935426],[6.36711402,45.5983127],[6.37977454,45.59363807],[6.38224922,45.59196833],[6.38547194,45.59199659],[6.37483952,45.58057059],[6.34628144,45.59325485],[6.33746611,45.59372964],[6.33042282,45.59609259],[6.32763348,45.59761724],[6.32473868,45.60093847],[6.31945849,45.6039921],[6.30876216,45.60050044],[6.29459509,45.58762831],[6.27749128,45.59755005]]]]}},{"type":"Feature","properties":{"code":"73242","nom":"Saint-Jean-d'Arves","departement":"73","region":"84"},"geometry":{"type":"MultiPolygon","coordinates":[[[[6.31567371,45.20976112],[6.31594408,45.20650241],[6.311726,45.20492072],[6.30197269,45.19738806],[6.30002119,45.1835519],[6.30207217,45.17294355],[6.30775799,45.16407761],[6.31096213,45.16137627],[6.31552115,45.15938076],[6.32004326,45.1561488],[6.32291656,45.15265667],[6.32367816,45.14777737],[6.32728874,45.1419227],[6.33160384,45.13820073],[6.3410271,45.13242227],[6.33798447,45.12935918],[6.33423623,45.12293578],[6.3291199,45.11694971],[6.31796451,45.11255016],[6.3019156,45.10895432],[6.29499248,45.10863023],[6.28628108,45.11016082],[6.27550263,45.11529942],[6.26277214,45.1264959],[6.2605698,45.1268442],[6.26534881,45.13531866],[6.26559439,45.13988945],[6.25658704,45.14670351],[6.25229325,45.14893937],[6.24893125,45.14966277],[6.24300438,45.14832672],[6.2236822,45.14175874],[6.21886447,45.14528086],[6.21666146,45.15069729],[6.21200196,45.15493184],[6.19641215,45.16114795],[6.18082497,45.16476372],[6.18516947,45.16991237],[6.18924791,45.17315534],[6.20560098,45.17554607],[6.21329364,45.17565192],[6.2207621,45.17789947],[6.22700741,45.18141562],[6.23267905,45.18975401],[6.2378642,45.1997176],[6.24812297,45.20804297],[6.25142291,45.21389384],[6.25184566,45.21972392],[6.24692154,45.23094549],[6.26127071,45.23026697],[6.27550333,45.22621862],[6.28374719,45.22561874],[6.28741962,45.22288638],[6.28486009,45.22087001],[6.28400523,45.21815459],[6.28800507,45.21516655],[6.29304716,45.21364271],[6.31567371,45.20976112]]]]}},{"type":"Feature","properties":{"code":"73243","nom":"Saint-Jean-d'Arvey","departement":"73","region":"84"},"geometry":{"type":"MultiPolygon","coordinates":[[[[6.01727596,45.58406975],[6.01714543,45.5833929],[6.01141454,45.58144155],[6.00392866,45.58041454],[6.00221274,45.58131105],[5.99124367,45.57953453],[5.99029559,45.57991931],[5.98480167,45.58174683],[5.97238187,45.5884892],[5.96217373,45.60052176],[5.96016867,45.60907655],[5.96068434,45.61226282],[5.96394689,45.61859732],[5.96655189,45.62904105],[5.96884174,45.63045126],[5.96665806,45.61596757],[5.97239083,45.61191347],[5.98143113,45.60854727],[5.99585491,45.60556417],[6.00467863,45.60563331],[6.01953779,45.60819911],[6.02066981,45.60732073],[6.02216228,45.60215406],[6.02205681,45.59386643],[6.02045487,45.58847383],[6.01725415,45.58534274],[6.01727596,45.58406975]]]]}},{"type":"Feature","properties":{"code":"73245","nom":"Saint-Jean-de-Chevelu","departement":"73","region":"84"},"geometry":{"type":"MultiPolygon","coordinates":[[[[5.80202207,45.69705544],[5.80242256,45.70216796],[5.80396553,45.70477686],[5.8065494,45.70503509],[5.81628624,45.70910636],[5.82825981,45.71598969],[5.83672706,45.7219978],[5.84432445,45.71308933],[5.84720674,45.70439327],[5.84709883,45.69292987],[5.84499176,45.69036101],[5.83823233,45.68012875],[5.82666696,45.66857974],[5.80650721,45.681397],[5.80536235,45.68394216],[5.81221396,45.69635271],[5.80202207,45.69705544]]]]}},{"type":"Feature","properties":{"code":"73246","nom":"Saint-Jean-de-Couz","departement":"73","region":"84"},"geometry":{"type":"MultiPolygon","coordinates":[[[[5.79139284,45.48537605],[5.79350371,45.48519557],[5.79929594,45.48237246],[5.8176838,45.4718395],[5.82050968,45.47193067],[5.82241502,45.47298382],[5.82933183,45.47039299],[5.83721411,45.46307566],[5.84033796,45.46294163],[5.83578818,45.45521047],[5.83261488,45.45253348],[5.82773878,45.45439825],[5.82170871,45.45396716],[5.81604282,45.45157587],[5.8108528,45.44592957],[5.80674078,45.44766704],[5.80278399,45.45718086],[5.79795327,45.46564139],[5.79140471,45.47376512],[5.7914418,45.47514006],[5.79298637,45.48242337],[5.79139284,45.48537605]]]]}},{"type":"Feature","properties":{"code":"73247","nom":"Saint-Jean-de-la-Porte","departement":"73","region":"84"},"geometry":{"type":"MultiPolygon","coordinates":[[[[6.11747878,45.53442893],[6.11230165,45.53727425],[6.10500867,45.54427634],[6.09210796,45.55372588],[6.09136979,45.5555323],[6.09357515,45.56165358],[6.09482471,45.56413613],[6.10130502,45.57106496],[6.10631818,45.58322389],[6.11076631,45.58960105],[6.11332432,45.59346026],[6.11607171,45.59383292],[6.12185535,45.58396043],[6.12410264,45.57556027],[6.12725381,45.57132268],[6.13498956,45.56916327],[6.14378054,45.5648524],[6.1443298,45.55784291],[6.15020593,45.5479905],[6.15146942,45.54596162],[6.11747878,45.53442893]]]]}},{"type":"Feature","properties":{"code":"73248","nom":"Saint-Jean-de-Maurienne","departement":"73","region":"84"},"geometry":{"type":"MultiPolygon","coordinates":[[[[6.32260731,45.25067419],[6.31892511,45.25262394],[6.31761118,45.25249984],[6.31501348,45.25565463],[6.33346588,45.26984712],[6.33283249,45.27201816],[6.32747966,45.27309151],[6.32607034,45.27387968],[6.32751971,45.27831477],[6.33218938,45.28064415],[6.34087652,45.28686117],[6.34673157,45.29846442],[6.35099989,45.30197674],[6.36255417,45.27910036],[6.36700332,45.27452235],[6.37158059,45.27378232],[6.37790277,45.27074976],[6.37462424,45.26578375],[6.35516354,45.25931207],[6.3459068,45.26090725],[6.33369484,45.25494289],[6.32949095,45.25112716],[6.32811023,45.24804644],[6.32994491,45.24653087],[6.3276707,45.24416712],[6.32260731,45.25067419]]]]}},{"type":"Feature","properties":{"code":"73249","nom":"Saint-Jeoire-Prieuré","departement":"73","region":"84"},"geometry":{"type":"MultiPolygon","coordinates":[[[[6.01554279,45.53985993],[6.0121074,45.53962321],[5.99861138,45.53322595],[5.99077943,45.52058939],[5.98399841,45.51885045],[5.97673549,45.51970827],[5.97329318,45.52137192],[5.96937834,45.52678485],[5.96974109,45.5347825],[5.99243877,45.53978043],[5.99772638,45.543161],[5.99873506,45.54490568],[6.00149609,45.54701355],[6.00908793,45.54716998],[6.01672955,45.5412149],[6.01554279,45.53985993]]]]}},{"type":"Feature","properties":{"code":"73250","nom":"Saint-Julien-Mont-Denis","departement":"73","region":"84"},"geometry":{"type":"MultiPolygon","coordinates":[[[[6.37790277,45.27074976],[6.37839447,45.27616498],[6.38186004,45.28503764],[6.38990495,45.29217714],[6.39948608,45.29731459],[6.40434877,45.30637948],[6.41740169,45.31572062],[6.42359049,45.31731411],[6.42759017,45.32086076],[6.43056049,45.32098511],[6.44524811,45.31412185],[6.4474816,45.30426943],[6.45035773,45.29734167],[6.44712256,45.28303606],[6.44318725,45.27296826],[6.44209419,45.26670102],[6.44322591,45.25857709],[6.43738246,45.25003168],[6.43502981,45.25009684],[6.43264887,45.24889471],[6.4287132,45.2431158],[6.40090855,45.24894167],[6.3975886,45.24889849],[6.39083749,45.25233192],[6.38579398,45.26143348],[6.37790277,45.27074976]]]]}},{"type":"Feature","properties":{"code":"73252","nom":"Saint-Léger","departement":"73","region":"84"},"geometry":{"type":"MultiPolygon","coordinates":[[[[6.27119921,45.42252395],[6.25647172,45.4248869],[6.23949751,45.42644767],[6.22665763,45.4266171],[6.22619568,45.42906547],[6.22770995,45.43235094],[6.23935166,45.43720701],[6.25318341,45.44634861],[6.27629298,45.45980074],[6.27835659,45.46039473],[6.28440991,45.46012838],[6.29209324,45.4583241],[6.28729017,45.44548172],[6.28122173,45.43475722],[6.27140672,45.42389677],[6.27119921,45.42252395]]]]}},{"type":"Feature","properties":{"code":"73253","nom":"Saint-Marcel","departement":"73","region":"84"},"geometry":{"type":"MultiPolygon","coordinates":[[[[6.58944488,45.48314732],[6.55463784,45.47733671],[6.55013213,45.47986806],[6.54794599,45.48160837],[6.55043036,45.49276452],[6.55317517,45.49720255],[6.55255592,45.49758001],[6.55633862,45.50522558],[6.55979317,45.51793102],[6.55934594,45.52151199],[6.56196229,45.52076107],[6.5717289,45.52117364],[6.5801098,45.51713973],[6.58426859,45.51786423],[6.59044232,45.51718917],[6.58874212,45.50977635],[6.57977009,45.51106074],[6.56824027,45.50836318],[6.56982419,45.50062307],[6.57252885,45.49572628],[6.58944488,45.48314732]]]]}},{"type":"Feature","properties":{"code":"73254","nom":"Sainte-Marie-d'Alvey","departement":"73","region":"84"},"geometry":{"type":"MultiPolygon","coordinates":[[[[5.72803359,45.58879424],[5.72585271,45.5889913],[5.72190504,45.58728763],[5.71603169,45.5863728],[5.70347296,45.59090124],[5.70249276,45.59245922],[5.70072211,45.59915568],[5.70543113,45.59823157],[5.71427654,45.60440565],[5.71788847,45.60230735],[5.72755676,45.59373345],[5.72865578,45.5906145],[5.72803359,45.58879424]]]]}},{"type":"Feature","properties":{"code":"73255","nom":"Sainte-Marie-de-Cuines","departement":"73","region":"84"},"geometry":{"type":"MultiPolygon","coordinates":[[[[6.32432603,45.32194043],[6.32177637,45.31997486],[6.32071867,45.32042534],[6.29956601,45.30239949],[6.28099403,45.29327409],[6.27645112,45.29835407],[6.26823716,45.3020632],[6.26319312,45.30574955],[6.26112183,45.30989604],[6.27436039,45.32234886],[6.28482006,45.32994142],[6.29035927,45.3353969],[6.29747581,45.34347151],[6.30350807,45.35204278],[6.3147562,45.33361244],[6.32025986,45.33447396],[6.32493095,45.32276421],[6.32432603,45.32194043]]]]}},{"type":"Feature","properties":{"code":"73256","nom":"Saint-Martin-d'Arc","departement":"73","region":"84"},"geometry":{"type":"MultiPolygon","coordinates":[[[[6.45719457,45.19618036],[6.44881708,45.19535531],[6.44698763,45.1997668],[6.44680019,45.21160999],[6.44816941,45.21525755],[6.45312517,45.22123853],[6.45572648,45.2203487],[6.46127931,45.21979816],[6.47156914,45.21639177],[6.47212531,45.19412879],[6.46107087,45.1985],[6.45719457,45.19618036]]]]}},{"type":"Feature","properties":{"code":"73257","nom":"Les Belleville","departement":"73","region":"84"},"geometry":{"type":"MultiPolygon","coordinates":[[[[6.60955924,45.26499261],[6.58542462,45.26629513],[6.57167766,45.26577813],[6.56132738,45.26300244],[6.53356426,45.25182132],[6.5242489,45.25662131],[6.51973352,45.26037436],[6.51766752,45.26454316],[6.50668839,45.27504704],[6.50389065,45.28607683],[6.50340645,45.28796045],[6.5010627,45.28855845],[6.46861429,45.29200978],[6.45035773,45.29734167],[6.4474816,45.30426943],[6.44524811,45.31412185],[6.43056049,45.32098511],[6.42759017,45.32086076],[6.42201411,45.33766208],[6.41510515,45.34232012],[6.40700219,45.34263021],[6.39858838,45.34990523],[6.39588995,45.35063606],[6.40241488,45.37130353],[6.39007482,45.38392266],[6.38775493,45.39211341],[6.39229242,45.39719181],[6.40225082,45.41252176],[6.40899113,45.42031047],[6.41115905,45.42402004],[6.41087592,45.42699753],[6.41606653,45.42968754],[6.42453567,45.43008703],[6.43655212,45.42777599],[6.44736455,45.43237772],[6.44972132,45.43866671],[6.45932413,45.44928671],[6.47018574,45.45480157],[6.47844079,45.46209897],[6.48235922,45.46845618],[6.48411606,45.47371232],[6.48732666,45.47255166],[6.49597089,45.46719174],[6.49741436,45.46651759],[6.50025681,45.4589991],[6.49997772,45.45079114],[6.50368224,45.44725481],[6.50618005,45.44860626],[6.51201005,45.45169929],[6.52091099,45.45986943],[6.52309754,45.46172966],[6.52324971,45.4634618],[6.52692855,45.46570141],[6.53197083,45.46586901],[6.54181895,45.46343929],[6.54680284,45.46191258],[6.5524895,45.45830103],[6.54652827,45.45328162],[6.54436916,45.45141736],[6.52813081,45.44430314],[6.52219612,45.43742133],[6.52287152,45.42877053],[6.52706339,45.41567538],[6.53319192,45.40759541],[6.53593695,45.39247235],[6.54997496,45.37713144],[6.55399597,45.36776581],[6.56367917,45.35616026],[6.56762751,45.34956806],[6.57187414,45.32672898],[6.57444349,45.31989929],[6.58176036,45.31397849],[6.58826087,45.31206382],[6.60148111,45.30986584],[6.61084741,45.30620435],[6.61751464,45.30171269],[6.62348906,45.28698168],[6.62401621,45.28136519],[6.61571924,45.27740553],[6.61219833,45.26707153],[6.60955924,45.26499261]]]]}},{"type":"Feature","properties":{"code":"73258","nom":"Saint-Martin-de-la-Porte","departement":"73","region":"84"},"geometry":{"type":"MultiPolygon","coordinates":[[[[6.45035773,45.29734167],[6.46861429,45.29200978],[6.5010627,45.28855845],[6.50340645,45.28796045],[6.50389065,45.28607683],[6.46512609,45.26083738],[6.46313271,45.25714167],[6.46224039,45.24861152],[6.46385625,45.24092025],[6.46288913,45.23442848],[6.45572648,45.2203487],[6.45312517,45.22123853],[6.4508768,45.22255722],[6.44981747,45.22435827],[6.44466983,45.22319771],[6.43915249,45.23558102],[6.4287132,45.2431158],[6.43264887,45.24889471],[6.43502981,45.25009684],[6.43738246,45.25003168],[6.44322591,45.25857709],[6.44209419,45.26670102],[6.44318725,45.27296826],[6.44712256,45.28303606],[6.45035773,45.29734167]]]]}},{"type":"Feature","properties":{"code":"73259","nom":"Saint-Martin-sur-la-Chambre","departement":"73","region":"84"},"geometry":{"type":"MultiPolygon","coordinates":[[[[6.30462329,45.36457941],[6.3124353,45.36877453],[6.31908301,45.3824307],[6.3240984,45.390468],[6.32442062,45.39059452],[6.33958692,45.38825338],[6.3298529,45.37771467],[6.32820334,45.373143],[6.33064613,45.36574139],[6.32891255,45.35647043],[6.31171335,45.36068562],[6.3076609,45.35900927],[6.30397168,45.36387585],[6.30462329,45.36457941]]]]}},{"type":"Feature","properties":{"code":"73261","nom":"Saint-Michel-de-Maurienne","departement":"73","region":"84"},"geometry":{"type":"MultiPolygon","coordinates":[[[[6.51660597,45.19948509],[6.50856782,45.20156861],[6.49862324,45.20215026],[6.48421641,45.20105878],[6.47662785,45.19849148],[6.47431339,45.19708813],[6.47212531,45.19412879],[6.47156914,45.21639177],[6.46127931,45.21979816],[6.45572648,45.2203487],[6.46288913,45.23442848],[6.46385625,45.24092025],[6.46224039,45.24861152],[6.46313271,45.25714167],[6.46512609,45.26083738],[6.50389065,45.28607683],[6.50668839,45.27504704],[6.51766752,45.26454316],[6.51973352,45.26037436],[6.5242489,45.25662131],[6.53356426,45.25182132],[6.51446357,45.21362027],[6.5160035,45.20902104],[6.51660597,45.19948509]]]]}},{"type":"Feature","properties":{"code":"73262","nom":"Saint-Nicolas-la-Chapelle","departement":"73","region":"84"},"geometry":{"type":"MultiPolygon","coordinates":[[[[6.50552619,45.80638898],[6.5003981,45.80458408],[6.48736666,45.79395126],[6.45983077,45.80355311],[6.45159746,45.8078884],[6.45189345,45.81484589],[6.45358138,45.81831584],[6.44944383,45.82718908],[6.44419125,45.83138121],[6.44991867,45.83729765],[6.44859756,45.84203135],[6.44525993,45.84463178],[6.45072352,45.84645242],[6.45716863,45.8470737],[6.46324091,45.8471364],[6.46695503,45.84575511],[6.47257692,45.844955],[6.48050352,45.84524004],[6.48487149,45.84729564],[6.48791517,45.8505142],[6.49056169,45.85189535],[6.49511427,45.85340946],[6.49962419,45.85363755],[6.49966239,45.85141448],[6.50787658,45.83602632],[6.50977467,45.81423863],[6.50552619,45.80638898]]]]}},{"type":"Feature","properties":{"code":"73263","nom":"Saint-Offenge","departement":"73","region":"84"},"geometry":{"type":"MultiPolygon","coordinates":[[[[6.01800009,45.69700266],[6.01635075,45.68255919],[6.00301272,45.67413504],[5.99732957,45.67538767],[6.00376891,45.68363627],[6.00863962,45.68490119],[6.01082587,45.68814813],[6.01555922,45.69869911],[6.0156591,45.70279483],[6.01400625,45.70828918],[6.00249602,45.71736551],[5.99201854,45.73037725],[5.98363528,45.73812034],[5.97328846,45.74132332],[5.97566117,45.74310712],[5.99391333,45.74768459],[6.00355344,45.74971075],[6.01317833,45.74880057],[6.0202266,45.74535702],[6.0348115,45.74265205],[6.042234,45.73949797],[6.03617317,45.73084541],[6.03147984,45.72065449],[6.02957729,45.71298191],[6.01800009,45.69700266]]]]}},{"type":"Feature","properties":{"code":"73265","nom":"Saint-Ours","departement":"73","region":"84"},"geometry":{"type":"MultiPolygon","coordinates":[[[[5.97404092,45.76867341],[5.99246806,45.76304137],[5.99441628,45.76328342],[5.99561185,45.75795568],[5.99391333,45.74768459],[5.97566117,45.74310712],[5.97458605,45.74520268],[5.96948062,45.74736481],[5.96818057,45.752084],[5.96803331,45.75641147],[5.96838393,45.75886411],[5.9691966,45.76119375],[5.97294633,45.76424529],[5.97404092,45.76867341]]]]}},{"type":"Feature","properties":{"code":"73267","nom":"Saint-Pancrace","departement":"73","region":"84"},"geometry":{"type":"MultiPolygon","coordinates":[[[[6.32747966,45.27309151],[6.33283249,45.27201816],[6.33346588,45.26984712],[6.31501348,45.25565463],[6.30949579,45.25541265],[6.28049301,45.2628053],[6.27394527,45.26591273],[6.26773066,45.27046906],[6.26221565,45.2765709],[6.26350622,45.27757502],[6.2653539,45.27599622],[6.27068836,45.27371791],[6.28241405,45.27033168],[6.29201612,45.26908585],[6.32164233,45.27195025],[6.32747966,45.27309151]]]]}},{"type":"Feature","properties":{"code":"73268","nom":"Saint-Paul-sur-Isère","departement":"73","region":"84"},"geometry":{"type":"MultiPolygon","coordinates":[[[[6.44955305,45.61356768],[6.44902033,45.60856086],[6.44427377,45.59815083],[6.44400849,45.5971675],[6.45014635,45.59103406],[6.4380851,45.58809666],[6.42194052,45.57925437],[6.41231726,45.56940268],[6.41131633,45.56725549],[6.40336414,45.55987698],[6.39818385,45.55896666],[6.38259065,45.56557874],[6.3784714,45.56098438],[6.36632004,45.56477317],[6.36463611,45.5664144],[6.37085161,45.5733321],[6.37483952,45.58057059],[6.38547194,45.59199659],[6.39017994,45.6031012],[6.4101894,45.6086313],[6.43028111,45.60922158],[6.44955305,45.61356768]]]]}},{"type":"Feature","properties":{"code":"73269","nom":"Saint-Paul-sur-Yenne","departement":"73","region":"84"},"geometry":{"type":"MultiPolygon","coordinates":[[[[5.82582163,45.66735299],[5.82244586,45.66431101],[5.82107642,45.65753875],[5.81465049,45.65867636],[5.80152084,45.66322083],[5.78939245,45.66515742],[5.78385363,45.66303561],[5.77831384,45.6582492],[5.77408719,45.65016301],[5.76513954,45.64765308],[5.7645625,45.64824031],[5.76276755,45.66370648],[5.77039043,45.67153566],[5.76955453,45.67332317],[5.77722929,45.6834204],[5.78796353,45.69084738],[5.80202207,45.69705544],[5.81221396,45.69635271],[5.80536235,45.68394216],[5.80650721,45.681397],[5.82666696,45.66857974],[5.82582163,45.66735299]]]]}},{"type":"Feature","properties":{"code":"73270","nom":"Saint-Pierre-d'Albigny","departement":"73","region":"84"},"geometry":{"type":"MultiPolygon","coordinates":[[[[6.18681011,45.56481262],[6.18505221,45.56485436],[6.18193944,45.56277245],[6.1762783,45.55568427],[6.15020593,45.5479905],[6.1443298,45.55784291],[6.14378054,45.5648524],[6.13498956,45.56916327],[6.12725381,45.57132268],[6.12410264,45.57556027],[6.12185535,45.58396043],[6.14116058,45.58577196],[6.14390694,45.58710193],[6.14799615,45.59019663],[6.14917133,45.59639726],[6.15184869,45.59990899],[6.1595328,45.60586111],[6.17346713,45.59984787],[6.17513139,45.59714503],[6.17723364,45.59565812],[6.17980487,45.58865604],[6.18679481,45.58429809],[6.19630137,45.57370474],[6.19033652,45.57128958],[6.18446953,45.56773221],[6.18681011,45.56481262]]]]}},{"type":"Feature","properties":{"code":"73271","nom":"Saint-Pierre-d'Alvey","departement":"73","region":"84"},"geometry":{"type":"MultiPolygon","coordinates":[[[[5.76369698,45.62835596],[5.76442664,45.61691205],[5.76167122,45.61549484],[5.7475282,45.6175793],[5.72446712,45.61439744],[5.71809161,45.62041999],[5.71433599,45.62464092],[5.7102941,45.63338898],[5.7277118,45.63309779],[5.74226865,45.63943312],[5.75238296,45.63889784],[5.75237385,45.63561382],[5.75463604,45.6277988],[5.76369698,45.62835596]]]]}},{"type":"Feature","properties":{"code":"73272","nom":"Saint-Pierre-de-Belleville","departement":"73","region":"84"},"geometry":{"type":"MultiPolygon","coordinates":[[[[6.22665763,45.4266171],[6.21833033,45.42340221],[6.21138299,45.42799577],[6.23435759,45.44124627],[6.24858633,45.45550946],[6.25868965,45.45948002],[6.27940506,45.47565632],[6.28374553,45.47763374],[6.29002504,45.47760746],[6.29042668,45.47031271],[6.29209324,45.4583241],[6.28440991,45.46012838],[6.27835659,45.46039473],[6.27629298,45.45980074],[6.25318341,45.44634861],[6.23935166,45.43720701],[6.22770995,45.43235094],[6.22619568,45.42906547],[6.22665763,45.4266171]]]]}},{"type":"Feature","properties":{"code":"73273","nom":"Saint-Pierre-de-Curtille","departement":"73","region":"84"},"geometry":{"type":"MultiPolygon","coordinates":[[[[5.86940909,45.73485594],[5.85004098,45.73301177],[5.84013028,45.73951267],[5.83248571,45.74693159],[5.8283666,45.75790727],[5.8273833,45.76314279],[5.82286368,45.77116286],[5.8182745,45.77045135],[5.81889822,45.7635994],[5.81342946,45.76413244],[5.79813355,45.7623739],[5.7967587,45.76303604],[5.79426699,45.77422221],[5.79598079,45.78040242],[5.79688537,45.78951669],[5.7983554,45.79285469],[5.80215326,45.79418681],[5.80758545,45.79371027],[5.8157339,45.79128429],[5.82143566,45.78535251],[5.82474157,45.78341089],[5.8290861,45.78239104],[5.84724597,45.78076545],[5.8569196,45.7620857],[5.86940909,45.73485594]]]]}},{"type":"Feature","properties":{"code":"73274","nom":"Saint-Pierre-d'Entremont","departement":"73","region":"84"},"geometry":{"type":"MultiPolygon","coordinates":[[[[5.89466063,45.38948671],[5.89141199,45.39065729],[5.89138702,45.39851515],[5.89015343,45.40103751],[5.88815228,45.40257495],[5.87840052,45.40739244],[5.86964292,45.40892359],[5.85957581,45.40989999],[5.85374001,45.41757699],[5.84910773,45.41718666],[5.83443736,45.42043206],[5.83874348,45.42550675],[5.84295572,45.42825539],[5.84596422,45.43310415],[5.84776388,45.43665632],[5.84683543,45.4411671],[5.86184244,45.44282323],[5.86981199,45.43774843],[5.87427361,45.43378842],[5.87886317,45.43189017],[5.88268672,45.4310197],[5.90020406,45.43075438],[5.90478591,45.42997796],[5.90257143,45.42185724],[5.90341377,45.408442],[5.90496379,45.40760168],[5.90881138,45.40796321],[5.92395947,45.41746362],[5.92692172,45.41778547],[5.92825225,45.41642343],[5.91190496,45.39495345],[5.90038316,45.39247708],[5.89466063,45.38948671]]]]}},{"type":"Feature","properties":{"code":"73275","nom":"Saint-Pierre-de-Genebroz","departement":"73","region":"84"},"geometry":{"type":"MultiPolygon","coordinates":[[[[5.7914418,45.47514006],[5.78320645,45.47267764],[5.77341941,45.46838699],[5.76533678,45.45419282],[5.75638783,45.44120794],[5.7430974,45.4476634],[5.74191046,45.45738273],[5.74313945,45.46116664],[5.74379264,45.47122752],[5.74153746,45.47174487],[5.74839825,45.47587211],[5.7602692,45.46832661],[5.76908857,45.46733257],[5.7885409,45.48138603],[5.79298637,45.48242337],[5.7914418,45.47514006]]]]}},{"type":"Feature","properties":{"code":"73276","nom":"Saint-Pierre-de-Soucy","departement":"73","region":"84"},"geometry":{"type":"MultiPolygon","coordinates":[[[[6.09729408,45.46741306],[6.08430624,45.47072944],[6.081505,45.47624217],[6.07754369,45.47999515],[6.08449012,45.48660628],[6.09344426,45.49235787],[6.105518,45.49966714],[6.11926887,45.50937169],[6.12989161,45.50107895],[6.1346473,45.49919613],[6.13182178,45.49651832],[6.11887421,45.48579454],[6.11237289,45.48125567],[6.0997682,45.46991031],[6.09729408,45.46741306]]]]}},{"type":"Feature","properties":{"code":"73277","nom":"Sainte-Reine","departement":"73","region":"84"},"geometry":{"type":"MultiPolygon","coordinates":[[[[6.12185535,45.58396043],[6.11607171,45.59383292],[6.11332432,45.59346026],[6.11076631,45.58960105],[6.11049632,45.59057638],[6.11872427,45.60214395],[6.12802411,45.61860078],[6.13957593,45.63140385],[6.14029173,45.63202101],[6.14822316,45.62909573],[6.16295687,45.62276691],[6.17458967,45.6165696],[6.17600052,45.61295558],[6.17346713,45.59984787],[6.1595328,45.60586111],[6.15184869,45.59990899],[6.14917133,45.59639726],[6.14799615,45.59019663],[6.14390694,45.58710193],[6.14116058,45.58577196],[6.12185535,45.58396043]]]]}},{"type":"Feature","properties":{"code":"73278","nom":"Saint-Rémy-de-Maurienne","departement":"73","region":"84"},"geometry":{"type":"MultiPolygon","coordinates":[[[[6.2745651,45.39971915],[6.27491055,45.38768848],[6.2784316,45.38187438],[6.28526979,45.37191816],[6.27369719,45.36766448],[6.25732543,45.36355482],[6.25496597,45.36140015],[6.25154854,45.35491972],[6.24638395,45.35203977],[6.23591665,45.34890929],[6.22339041,45.34714573],[6.21633222,45.34752723],[6.20736446,45.3489264],[6.19803477,45.35253046],[6.20257103,45.35701935],[6.20457915,45.37790375],[6.20134015,45.38492386],[6.20022561,45.39775805],[6.20086204,45.40663556],[6.2082609,45.40885627],[6.21268147,45.41364025],[6.21241647,45.41532047],[6.21281741,45.41909132],[6.21519916,45.42241424],[6.21833033,45.42340221],[6.22665763,45.4266171],[6.23949751,45.42644767],[6.25647172,45.4248869],[6.27119921,45.42252395],[6.27390042,45.41702056],[6.2745651,45.39971915]]]]}},{"type":"Feature","properties":{"code":"73280","nom":"Saint-Sorlin-d'Arves","departement":"73","region":"84"},"geometry":{"type":"MultiPolygon","coordinates":[[[[6.22701408,45.24517893],[6.22710988,45.24147862],[6.23453596,45.239557],[6.24002908,45.23699795],[6.24542374,45.23336906],[6.24692154,45.23094549],[6.25184566,45.21972392],[6.25142291,45.21389384],[6.24812297,45.20804297],[6.2378642,45.1997176],[6.23267905,45.18975401],[6.22700741,45.18141562],[6.2207621,45.17789947],[6.21329364,45.17565192],[6.20560098,45.17554607],[6.18924791,45.17315534],[6.18516947,45.16991237],[6.18082497,45.16476372],[6.17326304,45.16051844],[6.16902941,45.15412628],[6.14772783,45.15347239],[6.14379229,45.154553],[6.14845077,45.15886325],[6.15124478,45.16786053],[6.15845496,45.18026803],[6.16185917,45.18874145],[6.17425348,45.19606559],[6.17615903,45.19953847],[6.17610308,45.20305635],[6.17088439,45.21056798],[6.18011837,45.22376498],[6.18382513,45.22566083],[6.19619433,45.2357556],[6.20485838,45.24139018],[6.21450851,45.24504563],[6.21832522,45.24793846],[6.22701408,45.24517893]]]]}},{"type":"Feature","properties":{"code":"73281","nom":"Saint-Sulpice","departement":"73","region":"84"},"geometry":{"type":"MultiPolygon","coordinates":[[[[5.87134982,45.57081767],[5.87521161,45.57007737],[5.87680804,45.56907237],[5.87690628,45.56762814],[5.8785478,45.56835832],[5.8783977,45.56655461],[5.87724429,45.56623093],[5.87480721,45.56047329],[5.87478703,45.55847613],[5.87124103,45.5594039],[5.86934607,45.55845393],[5.85153549,45.55452281],[5.84134892,45.55518998],[5.83781501,45.55422957],[5.82960425,45.54950701],[5.82922823,45.55211602],[5.82232834,45.56048101],[5.82002222,45.56696519],[5.82080699,45.56816911],[5.81700659,45.57911487],[5.8239556,45.57898194],[5.84906597,45.57545492],[5.85575149,45.56603222],[5.87134982,45.57081767]]]]}},{"type":"Feature","properties":{"code":"73282","nom":"Saint-Thibaud-de-Couz","departement":"73","region":"84"},"geometry":{"type":"MultiPolygon","coordinates":[[[[5.84033796,45.46294163],[5.83721411,45.46307566],[5.82933183,45.47039299],[5.82241502,45.47298382],[5.82050968,45.47193067],[5.8176838,45.4718395],[5.79929594,45.48237246],[5.79350371,45.48519557],[5.79139284,45.48537605],[5.7938183,45.48788362],[5.79545879,45.4883068],[5.79772928,45.49050369],[5.80263858,45.50515094],[5.80555493,45.51006623],[5.81522436,45.51959775],[5.81872464,45.51856023],[5.82549175,45.51842707],[5.84230805,45.51410015],[5.85358494,45.52304361],[5.85463742,45.52294567],[5.85476858,45.52130962],[5.86319943,45.51972804],[5.85883894,45.50903275],[5.8575615,45.50129726],[5.86388276,45.49810137],[5.86896747,45.49727048],[5.87193954,45.49490937],[5.87269815,45.48936645],[5.87162567,45.48733137],[5.86699212,45.48331129],[5.85943465,45.48189395],[5.8537158,45.47861105],[5.84457137,45.46574653],[5.84176161,45.46288755],[5.84033796,45.46294163]]]]}},{"type":"Feature","properties":{"code":"73283","nom":"Saint-Vital","departement":"73","region":"84"},"geometry":{"type":"MultiPolygon","coordinates":[[[[6.31751653,45.62299961],[6.30102314,45.6150085],[6.30041143,45.6156267],[6.28660454,45.62848468],[6.28575369,45.63016515],[6.29569345,45.6369556],[6.29640195,45.63636164],[6.29677862,45.63692651],[6.29854676,45.6376002],[6.31075055,45.62968904],[6.31751653,45.62299961]]]]}},{"type":"Feature","properties":{"code":"73284","nom":"Salins-Fontaine","departement":"73","region":"84"},"geometry":{"type":"MultiPolygon","coordinates":[[[[6.49597089,45.46719174],[6.50457145,45.47849755],[6.51145214,45.48188688],[6.51949731,45.48778383],[6.5218988,45.48723886],[6.5248236,45.48422027],[6.53954524,45.47595718],[6.54063948,45.47435155],[6.53997845,45.47312673],[6.54627279,45.46769271],[6.5563643,45.46124648],[6.55400813,45.45747412],[6.5524895,45.45830103],[6.54680284,45.46191258],[6.54181895,45.46343929],[6.53197083,45.46586901],[6.52692855,45.46570141],[6.52324971,45.4634618],[6.52309754,45.46172966],[6.52091099,45.45986943],[6.51201005,45.45169929],[6.50618005,45.44860626],[6.50368224,45.44725481],[6.49997772,45.45079114],[6.50025681,45.4589991],[6.49741436,45.46651759],[6.49597089,45.46719174]]]]}},{"type":"Feature","properties":{"code":"73285","nom":"Séez","departement":"73","region":"84"},"geometry":{"type":"MultiPolygon","coordinates":[[[[6.78688555,45.62710519],[6.78783324,45.6294632],[6.7859649,45.63780474],[6.79132953,45.64405908],[6.81681638,45.67042174],[6.82680297,45.67880682],[6.83177746,45.68002867],[6.8431851,45.68598036],[6.84622632,45.69053572],[6.86999339,45.68036025],[6.8759636,45.6791081],[6.8870104,45.67863069],[6.90257435,45.68094563],[6.90695949,45.67563462],[6.90616006,45.66806651],[6.90218767,45.66383525],[6.87442608,45.657289],[6.84731617,45.63943634],[6.8431804,45.63555052],[6.82885358,45.61752605],[6.8321053,45.61437257],[6.84413792,45.60727772],[6.83796259,45.60730211],[6.83612149,45.60471802],[6.83266945,45.59555624],[6.82907918,45.59619249],[6.82795356,45.59910042],[6.80167765,45.60709082],[6.79348198,45.61667677],[6.79030481,45.61764937],[6.78656156,45.61737162],[6.78579627,45.62239359],[6.78688555,45.62710519]]]]}},{"type":"Feature","properties":{"code":"73286","nom":"Serrières-en-Chautagne","departement":"73","region":"84"},"geometry":{"type":"MultiPolygon","coordinates":[[[[5.80752748,45.86063708],[5.81515127,45.87719635],[5.82618701,45.90375744],[5.83212148,45.90262586],[5.86592665,45.903322],[5.86677212,45.89883298],[5.86814394,45.88893759],[5.87434143,45.87134317],[5.87606975,45.86350026],[5.87393498,45.86267963],[5.86810153,45.8629288],[5.85942085,45.8658503],[5.84489801,45.86460761],[5.82043302,45.85783588],[5.81716133,45.85778596],[5.80752748,45.86063708]]]]}},{"type":"Feature","properties":{"code":"73288","nom":"Sonnaz","departement":"73","region":"84"},"geometry":{"type":"MultiPolygon","coordinates":[[[[5.91240192,45.64282529],[5.91383112,45.64276486],[5.92187811,45.62849997],[5.93381938,45.61428699],[5.93855766,45.61359108],[5.93655793,45.60694453],[5.93538581,45.60248675],[5.93677331,45.59991572],[5.92719339,45.6048981],[5.92494142,45.60817632],[5.91935447,45.60976685],[5.90668678,45.60962733],[5.9023474,45.61188399],[5.89828151,45.61527601],[5.89869042,45.61631794],[5.9045607,45.61959333],[5.90426271,45.62377937],[5.90197719,45.63096687],[5.90197353,45.6357986],[5.90468937,45.63563571],[5.90842444,45.6366836],[5.91240192,45.64282529]]]]}},{"type":"Feature","properties":{"code":"73289","nom":"La Table","departement":"73","region":"84"},"geometry":{"type":"MultiPolygon","coordinates":[[[[6.14908824,45.47719952],[6.14305565,45.48112751],[6.15041313,45.48978067],[6.16186621,45.48267077],[6.16573961,45.48187303],[6.16788813,45.48263877],[6.18587955,45.49553374],[6.18832423,45.49896457],[6.19371192,45.49692065],[6.19659669,45.49067247],[6.19489033,45.47983724],[6.20056975,45.47782338],[6.20715346,45.47368626],[6.22040173,45.46135661],[6.21594115,45.45733003],[6.21467098,45.44629241],[6.19795125,45.44853151],[6.19358247,45.45019708],[6.18132051,45.46106438],[6.17276419,45.46663641],[6.16763927,45.46893691],[6.15778828,45.46753217],[6.15783868,45.46853107],[6.15363626,45.47335347],[6.15007317,45.47505229],[6.14908824,45.47719952]]]]}},{"type":"Feature","properties":{"code":"73290","nom":"Val-Cenis","departement":"73","region":"84"},"geometry":{"type":"MultiPolygon","coordinates":[[[[6.98844231,45.36693764],[6.97936035,45.357292],[6.97224281,45.35204969],[6.9662215,45.34066172],[6.96018455,45.33737115],[6.97267898,45.32863175],[6.96609103,45.31372264],[6.96007731,45.30963977],[6.95697793,45.30101599],[6.97636386,45.28006424],[6.97775666,45.27476478],[6.97644613,45.26778274],[6.97530402,45.26616268],[6.98329365,45.26005392],[6.99382702,45.25407269],[7.0010106,45.24798775],[7.00163787,45.24493866],[7.00955621,45.23942723],[7.01901551,45.23812519],[7.02581825,45.23631948],[7.04702384,45.22857987],[7.05108717,45.2255708],[7.0427506,45.22558628],[7.03064897,45.21832961],[7.01559891,45.21578228],[7.00952031,45.21659313],[7.00304334,45.21606826],[6.99727381,45.21501822],[6.98026173,45.20931877],[6.96888506,45.20811912],[6.96224704,45.20200261],[6.95984356,45.19557691],[6.95177331,45.18257872],[6.94282786,45.17606247],[6.94503764,45.17324366],[6.94215092,45.17108106],[6.93044322,45.17115345],[6.91101497,45.16650209],[6.90722434,45.16638433],[6.89646126,45.16837908],[6.88949969,45.16249903],[6.88577648,45.1543386],[6.89001519,45.14704009],[6.89719633,45.14309764],[6.890793,45.13657536],[6.87980025,45.13493195],[6.85339607,45.12824385],[6.84529707,45.13155882],[6.84139511,45.13556068],[6.81541542,45.14672144],[6.79678571,45.15305997],[6.80233799,45.16598877],[6.80046354,45.16956383],[6.79826592,45.17228897],[6.79462166,45.17379764],[6.78618995,45.1793414],[6.77589564,45.18842802],[6.76971878,45.19941996],[6.75992528,45.21913137],[6.76285808,45.2267183],[6.76809782,45.23563724],[6.769517,45.24641762],[6.75862048,45.25296697],[6.75461599,45.26485023],[6.75377234,45.27972638],[6.75048751,45.28413388],[6.73902814,45.28972637],[6.73202167,45.29780037],[6.7381321,45.3108349],[6.7416456,45.32298526],[6.75327166,45.33212327],[6.74649573,45.34397472],[6.74873352,45.34715404],[6.79309699,45.36552952],[6.80019169,45.37312285],[6.79438354,45.37872701],[6.79189125,45.38363442],[6.79351641,45.38887293],[6.80469268,45.3966424],[6.82012737,45.40128351],[6.82753474,45.40513701],[6.84710493,45.4083467],[6.86678155,45.40924235],[6.88811286,45.42095162],[6.88967377,45.42247425],[6.89524083,45.42523974],[6.90251326,45.42551679],[6.91203544,45.4210132],[6.91737095,45.41695725],[6.9164161,45.39084169],[6.91822652,45.3857206],[6.92660767,45.38312528],[6.96719571,45.37928355],[6.97895509,45.3732042],[6.98546275,45.36769563],[6.98844231,45.36693764]]]]}},{"type":"Feature","properties":{"code":"73292","nom":"Thénésol","departement":"73","region":"84"},"geometry":{"type":"MultiPolygon","coordinates":[[[[6.41046492,45.71444186],[6.40720282,45.70821327],[6.40631809,45.70819857],[6.40049573,45.70761739],[6.39298576,45.70278207],[6.3866707,45.70273419],[6.38397825,45.71082419],[6.38448838,45.71634113],[6.37992501,45.71897838],[6.36376404,45.72331604],[6.36177524,45.72341055],[6.35886117,45.72081519],[6.35517566,45.72458428],[6.35825948,45.72658433],[6.36920674,45.73065409],[6.4096258,45.71794278],[6.41142152,45.7172043],[6.41046492,45.71444186]]]]}},{"type":"Feature","properties":{"code":"73293","nom":"Thoiry","departement":"73","region":"84"},"geometry":{"type":"MultiPolygon","coordinates":[[[[6.03478103,45.62972351],[6.03832192,45.63058494],[6.04013995,45.63029071],[6.04542969,45.62845347],[6.05078386,45.62434152],[6.05436741,45.61894548],[6.05577946,45.61414092],[6.0556623,45.60126393],[6.0608042,45.5963912],[6.07728901,45.59063514],[6.07066379,45.56678607],[6.06989965,45.56610045],[6.06917888,45.56791253],[6.05414241,45.57781584],[6.04474879,45.57841586],[6.02456096,45.58304762],[6.01727596,45.58406975],[6.01725415,45.58534274],[6.02045487,45.58847383],[6.02205681,45.59386643],[6.02216228,45.60215406],[6.02066981,45.60732073],[6.01953779,45.60819911],[6.01500561,45.61746994],[6.01836585,45.61878378],[6.03239518,45.62727185],[6.03478103,45.62972351]]]]}},{"type":"Feature","properties":{"code":"73294","nom":"La Thuile","departement":"73","region":"84"},"geometry":{"type":"MultiPolygon","coordinates":[[[[6.03375674,45.51502795],[6.02647137,45.53307871],[6.02678369,45.53447876],[6.02658,45.54500949],[6.02940097,45.55669326],[6.031673,45.55843515],[6.05884681,45.55198529],[6.0682313,45.56103827],[6.06989965,45.56610045],[6.07066379,45.56678607],[6.08252654,45.56529065],[6.09357515,45.56165358],[6.09136979,45.5555323],[6.08802315,45.55408155],[6.08393614,45.55091631],[6.08187208,45.54530287],[6.08376345,45.5434982],[6.08277086,45.53872318],[6.06843169,45.5252093],[6.06871531,45.52417154],[6.05682924,45.51917992],[6.03861271,45.51466502],[6.03375674,45.51502795]]]]}},{"type":"Feature","properties":{"code":"73296","nom":"Tignes","departement":"73","region":"84"},"geometry":{"type":"MultiPolygon","coordinates":[[[[6.91089282,45.52733188],[6.91332409,45.52797652],[6.91521768,45.53105159],[6.91702979,45.53177184],[6.94198966,45.52625762],[6.9653362,45.51964335],[6.97793585,45.51095131],[6.99985785,45.50486958],[7.0092465,45.50016969],[7.01981458,45.49727777],[7.02997149,45.49606401],[7.04436308,45.49721413],[7.05377589,45.49531452],[7.05833685,45.49192348],[7.0563711,45.48758549],[7.04592959,45.4795241],[7.04474304,45.47970395],[7.0388418,45.47522538],[7.02506752,45.46923517],[7.00938731,45.46761051],[7.0002914,45.46738721],[6.98578031,45.47403044],[6.97600886,45.47111441],[6.96428323,45.46900689],[6.95099073,45.46555593],[6.94471962,45.46576502],[6.93498367,45.46969452],[6.93064825,45.47055522],[6.92895975,45.46989042],[6.92560582,45.46689204],[6.9361652,45.45832917],[6.93796554,45.45459561],[6.92634132,45.44421059],[6.92142318,45.4217182],[6.91737095,45.41695725],[6.91203544,45.4210132],[6.90251326,45.42551679],[6.89524083,45.42523974],[6.88967377,45.42247425],[6.88731491,45.42747858],[6.88342832,45.43127814],[6.87886437,45.43438878],[6.87017882,45.43674279],[6.86563189,45.44186269],[6.86458764,45.45039572],[6.86170641,45.45397946],[6.86486934,45.45770111],[6.87057942,45.46829381],[6.87170828,45.49072682],[6.86854686,45.50193575],[6.86475912,45.50754138],[6.87033333,45.51098611],[6.87223435,45.5109043],[6.88472663,45.51579895],[6.89911037,45.51917958],[6.91131767,45.52375315],[6.91023951,45.52568853],[6.91089282,45.52733188]]]]}},{"type":"Feature","properties":{"code":"73297","nom":"Tournon","departement":"73","region":"84"},"geometry":{"type":"MultiPolygon","coordinates":[[[[6.31467944,45.64188654],[6.3146339,45.64389412],[6.31764631,45.64966994],[6.32170834,45.65360856],[6.32555047,45.65165376],[6.34586263,45.6374872],[6.32931487,45.62262572],[6.32686418,45.62455037],[6.31979365,45.63028052],[6.31467944,45.64188654]]]]}},{"type":"Feature","properties":{"code":"73298","nom":"Tours-en-Savoie","departement":"73","region":"84"},"geometry":{"type":"MultiPolygon","coordinates":[[[[6.50085502,45.6675342],[6.48943379,45.66068698],[6.47722767,45.65523212],[6.45753461,45.65332419],[6.44701257,45.6484589],[6.43448997,45.64505715],[6.42986579,45.65686776],[6.42494548,45.65881757],[6.42800822,45.66534911],[6.43359575,45.67198927],[6.43625344,45.67366938],[6.43986092,45.67412073],[6.44673578,45.67686683],[6.46026183,45.68397092],[6.47382122,45.68309277],[6.49013017,45.68006273],[6.49223929,45.68027044],[6.49351588,45.68004154],[6.50081835,45.66973828],[6.50085502,45.6675342]]]]}},{"type":"Feature","properties":{"code":"73299","nom":"Traize","departement":"73","region":"84"},"geometry":{"type":"MultiPolygon","coordinates":[[[[5.70777028,45.6592565],[5.71320134,45.67466372],[5.71919511,45.68743793],[5.7530337,45.67962649],[5.7597566,45.67718231],[5.76526394,45.67449906],[5.76558756,45.6736964],[5.76955453,45.67332317],[5.77039043,45.67153566],[5.76276755,45.66370648],[5.75262997,45.65918748],[5.74874185,45.66242348],[5.74544976,45.6639797],[5.73592178,45.66479734],[5.72703611,45.66123406],[5.71755402,45.65934329],[5.70777028,45.6592565]]]]}},{"type":"Feature","properties":{"code":"73300","nom":"Tresserve","departement":"73","region":"84"},"geometry":{"type":"MultiPolygon","coordinates":[[[[5.87351627,45.6615177],[5.87283668,45.66835442],[5.87140974,45.68831099],[5.89544257,45.68822728],[5.89673717,45.69301302],[5.89734028,45.69384904],[5.89941022,45.69416342],[5.90017093,45.69381043],[5.90158167,45.69146099],[5.9051294,45.68556648],[5.90413802,45.67211891],[5.90611307,45.66484117],[5.90020021,45.65861485],[5.87351627,45.6615177]]]]}},{"type":"Feature","properties":{"code":"73301","nom":"Trévignin","departement":"73","region":"84"},"geometry":{"type":"MultiPolygon","coordinates":[[[[5.9642716,45.72392224],[5.96901675,45.7209813],[5.97607275,45.7128238],[5.99137774,45.69081472],[5.98880441,45.68902222],[5.9774181,45.68664119],[5.96907319,45.69517977],[5.96142315,45.69899377],[5.95371691,45.70122093],[5.9486081,45.70149716],[5.9452409,45.70250438],[5.95270708,45.71516153],[5.9642716,45.72392224]]]]}},{"type":"Feature","properties":{"code":"73302","nom":"La Trinité","departement":"73","region":"84"},"geometry":{"type":"MultiPolygon","coordinates":[[[[6.1346473,45.49919613],[6.14449671,45.50894534],[6.15447871,45.51584681],[6.15566655,45.51509518],[6.16210032,45.51808993],[6.17120773,45.51206808],[6.15016767,45.48985785],[6.13679031,45.49376163],[6.13182178,45.49651832],[6.1346473,45.49919613]]]]}},{"type":"Feature","properties":{"code":"73303","nom":"Ugine","departement":"73","region":"84"},"geometry":{"type":"MultiPolygon","coordinates":[[[[6.42179299,45.74170075],[6.41880083,45.74323188],[6.39366118,45.74149409],[6.38157651,45.74408177],[6.37082703,45.75312574],[6.37198238,45.7539979],[6.37474353,45.76147007],[6.37447032,45.76599832],[6.36837114,45.766461],[6.36457945,45.7656729],[6.36261852,45.7671176],[6.36260176,45.76819606],[6.36831623,45.77195882],[6.38367647,45.77780457],[6.3927803,45.78446403],[6.39634485,45.78821171],[6.41700298,45.79804778],[6.42050351,45.80053394],[6.42010274,45.80236409],[6.42480863,45.80291807],[6.42663656,45.81197691],[6.42981857,45.81665825],[6.44048137,45.8293915],[6.44419125,45.83138121],[6.44944383,45.82718908],[6.45358138,45.81831584],[6.45189345,45.81484589],[6.45159746,45.8078884],[6.45983077,45.80355311],[6.48736666,45.79395126],[6.4853752,45.78355333],[6.48658183,45.77656829],[6.48226744,45.76835045],[6.47871636,45.76423718],[6.46410167,45.75376092],[6.4657763,45.75044834],[6.47007598,45.74607246],[6.48391253,45.7388349],[6.48422759,45.73797247],[6.46203754,45.73738453],[6.44073782,45.73125877],[6.43750766,45.72776731],[6.4230497,45.73345684],[6.4228483,45.73795611],[6.42179299,45.74170075]]]]}},{"type":"Feature","properties":{"code":"73304","nom":"Val-d'Isère","departement":"73","region":"84"},"geometry":{"type":"MultiPolygon","coordinates":[[[[6.91737095,45.41695725],[6.92142318,45.4217182],[6.92634132,45.44421059],[6.93796554,45.45459561],[6.9361652,45.45832917],[6.92560582,45.46689204],[6.92895975,45.46989042],[6.93064825,45.47055522],[6.93498367,45.46969452],[6.94471962,45.46576502],[6.95099073,45.46555593],[6.96428323,45.46900689],[6.97600886,45.47111441],[6.98578031,45.47403044],[7.0002914,45.46738721],[7.00938731,45.46761051],[7.02506752,45.46923517],[7.0388418,45.47522538],[7.04474304,45.47970395],[7.04592959,45.4795241],[7.04541171,45.47836252],[7.04761622,45.47342489],[7.05017133,45.47213885],[7.05828003,45.47174288],[7.06167924,45.47327524],[7.07002444,45.4743549],[7.09701558,45.46953804],[7.10285671,45.46621005],[7.10010973,45.46409872],[7.09852703,45.46124959],[7.0985912,45.45922027],[7.10120068,45.45376797],[7.11100652,45.44582561],[7.11362529,45.44195869],[7.11455011,45.43677252],[7.11309975,45.43429204],[7.09964367,45.43278434],[7.09291764,45.43257489],[7.08865288,45.43335454],[7.07773326,45.43044787],[7.07398591,45.42857439],[7.05528056,45.43021322],[7.04510704,45.4329099],[7.04040019,45.43182734],[7.03686778,45.42892967],[7.03362331,45.42087501],[7.03058956,45.41724784],[7.02858017,45.41520761],[7.02320036,45.414759],[7.01965176,45.41249438],[7.01039443,45.4009537],[7.00640692,45.39300625],[7.00875291,45.38688958],[7.00766248,45.38125928],[7.00446407,45.37417258],[6.99807719,45.36675707],[6.98844231,45.36693764],[6.98546275,45.36769563],[6.97895509,45.3732042],[6.96719571,45.37928355],[6.92660767,45.38312528],[6.91822652,45.3857206],[6.9164161,45.39084169],[6.91737095,45.41695725]]]]}},{"type":"Feature","properties":{"code":"73306","nom":"Valloire","departement":"73","region":"84"},"geometry":{"type":"MultiPolygon","coordinates":[[[[6.3410271,45.13242227],[6.34776349,45.13380183],[6.34978034,45.13352676],[6.35753644,45.13631615],[6.3583787,45.14149353],[6.35756656,45.15069154],[6.35942642,45.15850954],[6.37357638,45.18073863],[6.38614068,45.18140259],[6.40270447,45.18856927],[6.41970995,45.1905793],[6.43358938,45.19419262],[6.43541249,45.19577142],[6.43593765,45.20179468],[6.43512139,45.20377647],[6.44466983,45.22319771],[6.44981747,45.22435827],[6.4508768,45.22255722],[6.45312517,45.22123853],[6.44816941,45.21525755],[6.44680019,45.21160999],[6.44698763,45.1997668],[6.44881708,45.19535531],[6.45719457,45.19618036],[6.45375258,45.18608624],[6.45467624,45.18288965],[6.46550956,45.16243981],[6.47352633,45.15272968],[6.48041898,45.13459007],[6.48482467,45.12836427],[6.50098105,45.11750673],[6.51042396,45.10899803],[6.49629254,45.10096573],[6.48125428,45.09413899],[6.48633303,45.0792759],[6.48904994,45.06559423],[6.48708684,45.05640421],[6.46087398,45.05422997],[6.45180467,45.05172037],[6.44768584,45.05272041],[6.43670816,45.05946676],[6.42914028,45.06283731],[6.41352403,45.06325045],[6.39728051,45.06183843],[6.38681999,45.06391447],[6.36487893,45.07017256],[6.37277484,45.07977677],[6.37353109,45.0841518],[6.36510185,45.10204895],[6.36292525,45.10449207],[6.35152508,45.11076461],[6.33892568,45.11899232],[6.33788809,45.12065097],[6.33423623,45.12293578],[6.33798447,45.12935918],[6.3410271,45.13242227]]]]}},{"type":"Feature","properties":{"code":"73307","nom":"Valmeinier","departement":"73","region":"84"},"geometry":{"type":"MultiPolygon","coordinates":[[[[6.45719457,45.19618036],[6.46107087,45.1985],[6.47212531,45.19412879],[6.47431339,45.19708813],[6.47662785,45.19849148],[6.48421641,45.20105878],[6.49862324,45.20215026],[6.50856782,45.20156861],[6.51660597,45.19948509],[6.51843401,45.18339313],[6.52908487,45.17351815],[6.53705405,45.17007871],[6.54036994,45.16072419],[6.53947611,45.14895704],[6.54307767,45.14322838],[6.54838243,45.13884332],[6.55083031,45.13446069],[6.55226454,45.12888092],[6.56207161,45.11868408],[6.56390122,45.11381885],[6.56173111,45.11020815],[6.5615472,45.10678362],[6.53916185,45.09908498],[6.52971099,45.09856912],[6.52552427,45.1003844],[6.51870635,45.10520463],[6.51042396,45.10899803],[6.50098105,45.11750673],[6.48482467,45.12836427],[6.48041898,45.13459007],[6.47352633,45.15272968],[6.46550956,45.16243981],[6.45467624,45.18288965],[6.45375258,45.18608624],[6.45719457,45.19618036]]]]}},{"type":"Feature","properties":{"code":"73308","nom":"Venthon","departement":"73","region":"84"},"geometry":{"type":"MultiPolygon","coordinates":[[[[6.43982589,45.68358586],[6.43478029,45.68087996],[6.41819449,45.68113961],[6.41044317,45.68263924],[6.40362455,45.68753697],[6.4003152,45.68824084],[6.40272634,45.69358945],[6.40540287,45.69421698],[6.41014834,45.69218599],[6.41559327,45.69097002],[6.41830523,45.69100489],[6.41938427,45.69223219],[6.43982589,45.68358586]]]]}},{"type":"Feature","properties":{"code":"73309","nom":"Verel-de-Montbel","departement":"73","region":"84"},"geometry":{"type":"MultiPolygon","coordinates":[[[[5.73806489,45.54312836],[5.73007926,45.54354798],[5.72564149,45.54292323],[5.71969451,45.54789137],[5.706917,45.55200942],[5.71181584,45.5590894],[5.71395695,45.55946568],[5.72088366,45.56324278],[5.72149124,45.56427954],[5.72478517,45.56547825],[5.73147092,45.56654672],[5.73263803,45.56040047],[5.73750603,45.54739296],[5.73806489,45.54312836]]]]}},{"type":"Feature","properties":{"code":"73310","nom":"Verel-Pragondran","departement":"73","region":"84"},"geometry":{"type":"MultiPolygon","coordinates":[[[[5.95607867,45.64587198],[5.96562556,45.64457548],[5.96136334,45.63413749],[5.96550693,45.62905058],[5.96655189,45.62904105],[5.96394689,45.61859732],[5.96068434,45.61226282],[5.96016867,45.60907655],[5.95438773,45.60581067],[5.94589453,45.6056271],[5.93655793,45.60694453],[5.93855766,45.61359108],[5.94224981,45.61657722],[5.94712577,45.62930205],[5.95386673,45.64311049],[5.95607867,45.64587198]]]]}},{"type":"Feature","properties":{"code":"73311","nom":"Le Verneil","departement":"73","region":"84"},"geometry":{"type":"MultiPolygon","coordinates":[[[[6.21467098,45.44629241],[6.21759157,45.44355548],[6.21724092,45.43836287],[6.21502489,45.43510821],[6.2084099,45.43161002],[6.18755686,45.43995254],[6.17622406,45.4458895],[6.1706454,45.45034337],[6.1646277,45.45697306],[6.15852905,45.46062808],[6.15361095,45.46172173],[6.15778828,45.46753217],[6.16763927,45.46893691],[6.17276419,45.46663641],[6.18132051,45.46106438],[6.19358247,45.45019708],[6.19795125,45.44853151],[6.21467098,45.44629241]]]]}},{"type":"Feature","properties":{"code":"73312","nom":"Verrens-Arvey","departement":"73","region":"84"},"geometry":{"type":"MultiPolygon","coordinates":[[[[6.25866152,45.68234702],[6.29105163,45.67468955],[6.30623026,45.66520952],[6.31295679,45.66291085],[6.32806215,45.6595919],[6.32871657,45.65777899],[6.33158224,45.65663969],[6.3286636,45.65514611],[6.32555047,45.65165376],[6.32170834,45.65360856],[6.31764631,45.64966994],[6.3146339,45.64389412],[6.31467944,45.64188654],[6.31116867,45.64222245],[6.30989383,45.6412947],[6.3068704,45.641873],[6.30674169,45.64262213],[6.30250517,45.65065161],[6.29368444,45.65548947],[6.28590681,45.65627382],[6.26871101,45.66493546],[6.26476849,45.66497509],[6.25901635,45.66200634],[6.253581,45.66039265],[6.25435814,45.6774975],[6.25866152,45.68234702]]]]}},{"type":"Feature","properties":{"code":"73313","nom":"Verthemex","departement":"73","region":"84"},"geometry":{"type":"MultiPolygon","coordinates":[[[[5.81771439,45.61752064],[5.81695325,45.61747573],[5.81491481,45.61339364],[5.7974045,45.61541908],[5.78103087,45.6183949],[5.7757233,45.62137688],[5.77031556,45.62598744],[5.76595648,45.63284073],[5.78222104,45.63546809],[5.79321284,45.64048127],[5.7987877,45.64386133],[5.81727353,45.64399292],[5.81873731,45.63239844],[5.81771439,45.61752064]]]]}},{"type":"Feature","properties":{"code":"73314","nom":"Villard-d'Héry","departement":"73","region":"84"},"geometry":{"type":"MultiPolygon","coordinates":[[[[6.1346473,45.49919613],[6.12989161,45.50107895],[6.11926887,45.50937169],[6.12825242,45.51924188],[6.15285788,45.52907852],[6.15669154,45.5239638],[6.15941191,45.52184518],[6.15879376,45.51940954],[6.15447871,45.51584681],[6.14449671,45.50894534],[6.1346473,45.49919613]]]]}},{"type":"Feature","properties":{"code":"73315","nom":"Villard-Léger","departement":"73","region":"84"},"geometry":{"type":"MultiPolygon","coordinates":[[[[6.18832423,45.49896457],[6.18587955,45.49553374],[6.16788813,45.48263877],[6.16573961,45.48187303],[6.16186621,45.48267077],[6.15041313,45.48978067],[6.15016767,45.48985785],[6.17120773,45.51206808],[6.17454005,45.51161431],[6.18551118,45.52213684],[6.19675308,45.51439045],[6.18957942,45.50992358],[6.1849082,45.50511313],[6.18832423,45.49896457]]]]}},{"type":"Feature","properties":{"code":"73316","nom":"Villard-Sallet","departement":"73","region":"84"},"geometry":{"type":"MultiPolygon","coordinates":[[[[6.1341952,45.47571422],[6.11887421,45.48579454],[6.13182178,45.49651832],[6.13679031,45.49376163],[6.15016767,45.48985785],[6.15041313,45.48978067],[6.14305565,45.48112751],[6.1341952,45.47571422]]]]}},{"type":"Feature","properties":{"code":"73317","nom":"Villard-sur-Doron","departement":"73","region":"84"},"geometry":{"type":"MultiPolygon","coordinates":[[[[6.48391253,45.7388349],[6.49267905,45.74725004],[6.50037966,45.74993701],[6.51574665,45.75069003],[6.52444579,45.75281514],[6.52993458,45.75534936],[6.53217524,45.75531072],[6.54383721,45.75247217],[6.55216837,45.73797864],[6.55152307,45.73182439],[6.55017862,45.72948977],[6.54491879,45.72526379],[6.53636751,45.72185575],[6.53219947,45.71577775],[6.53339749,45.7065992],[6.53248212,45.70391113],[6.52537511,45.69716433],[6.51656714,45.69276608],[6.51194135,45.68720744],[6.50949234,45.68951291],[6.50793457,45.69453704],[6.50069818,45.70668737],[6.49876535,45.71324631],[6.49698539,45.72708985],[6.49325755,45.7329427],[6.48727458,45.73689303],[6.48422759,45.73797247],[6.48391253,45.7388349]]]]}},{"type":"Feature","properties":{"code":"73318","nom":"Villarembert","departement":"73","region":"84"},"geometry":{"type":"MultiPolygon","coordinates":[[[[6.24692154,45.23094549],[6.24542374,45.23336906],[6.24002908,45.23699795],[6.23453596,45.239557],[6.22710988,45.24147862],[6.22701408,45.24517893],[6.25043529,45.24694125],[6.26472773,45.25467855],[6.27182301,45.25652304],[6.28618321,45.24919115],[6.29004446,45.24541859],[6.29109193,45.24220015],[6.28611939,45.23155189],[6.28741962,45.22288638],[6.28374719,45.22561874],[6.27550333,45.22621862],[6.26127071,45.23026697],[6.24692154,45.23094549]]]]}},{"type":"Feature","properties":{"code":"73320","nom":"Villargondran","departement":"73","region":"84"},"geometry":{"type":"MultiPolygon","coordinates":[[[[6.3975886,45.24889849],[6.39820931,45.24340444],[6.39386874,45.23759259],[6.39004356,45.23428488],[6.38663758,45.23925769],[6.3758847,45.24546657],[6.36993975,45.24711691],[6.36484461,45.24959841],[6.35997356,45.25320129],[6.35516354,45.25931207],[6.37462424,45.26578375],[6.37790277,45.27074976],[6.38579398,45.26143348],[6.39083749,45.25233192],[6.3975886,45.24889849]]]]}},{"type":"Feature","properties":{"code":"73322","nom":"Villarodin-Bourget","departement":"73","region":"84"},"geometry":{"type":"MultiPolygon","coordinates":[[[[6.71515923,45.23425502],[6.70719214,45.23519765],[6.70278285,45.23279473],[6.70664735,45.22266709],[6.7149287,45.21262587],[6.71895155,45.20997605],[6.7263822,45.19997213],[6.72707384,45.19166045],[6.72156517,45.17166699],[6.72155595,45.16894863],[6.71454587,45.16255062],[6.69333458,45.17326688],[6.6960691,45.18169095],[6.6912199,45.18994608],[6.68503142,45.20550958],[6.66381037,45.21652279],[6.66050175,45.22221004],[6.66036029,45.23628002],[6.65853859,45.25543127],[6.66017388,45.26620351],[6.6641606,45.26941074],[6.68484834,45.26942726],[6.69072595,45.25744456],[6.69387978,45.24633585],[6.70552732,45.24268511],[6.71515923,45.23425502]]]]}},{"type":"Feature","properties":{"code":"73323","nom":"Villaroger","departement":"73","region":"84"},"geometry":{"type":"MultiPolygon","coordinates":[[[[6.87033333,45.51098611],[6.86329054,45.52132523],[6.86027347,45.5281708],[6.85161206,45.53654164],[6.84507309,45.54782137],[6.85201596,45.55450639],[6.84580951,45.57722882],[6.84159028,45.58705033],[6.8348778,45.58805582],[6.83077983,45.58249428],[6.82004414,45.58044818],[6.82045049,45.58725354],[6.82167927,45.58963598],[6.82727893,45.59316605],[6.82907918,45.59619249],[6.83266945,45.59555624],[6.83612149,45.60471802],[6.83796259,45.60730211],[6.84413792,45.60727772],[6.84439712,45.60721837],[6.85720097,45.60371718],[6.87653822,45.59539317],[6.87964875,45.59216822],[6.8811034,45.58932314],[6.88135418,45.5821813],[6.88082884,45.57649615],[6.8763683,45.56571511],[6.87747611,45.5591676],[6.88066309,45.55589125],[6.90081399,45.5514994],[6.9062808,45.54582148],[6.90842301,45.54213702],[6.91215171,45.53063106],[6.91089282,45.52733188],[6.91023951,45.52568853],[6.91131767,45.52375315],[6.89911037,45.51917958],[6.88472663,45.51579895],[6.87223435,45.5109043],[6.87033333,45.51098611]]]]}},{"type":"Feature","properties":{"code":"73324","nom":"Villaroux","departement":"73","region":"84"},"geometry":{"type":"MultiPolygon","coordinates":[[[[6.09044415,45.45939161],[6.08909434,45.4580996],[6.07272015,45.45195397],[6.06444727,45.45484323],[6.06109947,45.45724429],[6.07014457,45.46544434],[6.07429165,45.46764849],[6.08430624,45.47072944],[6.09729408,45.46741306],[6.09204879,45.46180933],[6.08942869,45.45973679],[6.09044415,45.45939161]]]]}},{"type":"Feature","properties":{"code":"73326","nom":"Vimines","departement":"73","region":"84"},"geometry":{"type":"MultiPolygon","coordinates":[[[[5.87478703,45.55847613],[5.87764518,45.55826059],[5.88309468,45.55524015],[5.88835247,45.54827946],[5.87518798,45.54125003],[5.86468871,45.53442243],[5.85463742,45.52294567],[5.85358494,45.52304361],[5.84230805,45.51410015],[5.82549175,45.51842707],[5.81872464,45.51856023],[5.81522436,45.51959775],[5.81720998,45.52154555],[5.81861014,45.52226098],[5.82619798,45.53194032],[5.83050025,45.54618209],[5.82960425,45.54950701],[5.83781501,45.55422957],[5.84134892,45.55518998],[5.85153549,45.55452281],[5.86934607,45.55845393],[5.87124103,45.5594039],[5.87478703,45.55847613]]]]}},{"type":"Feature","properties":{"code":"73327","nom":"Vions","departement":"73","region":"84"},"geometry":{"type":"MultiPolygon","coordinates":[[[[5.80095243,45.84569945],[5.8211876,45.84518408],[5.82225769,45.83757306],[5.81895095,45.8228872],[5.80910371,45.81727306],[5.80150091,45.81410376],[5.79541739,45.81427801],[5.79535819,45.82303143],[5.79887978,45.82871094],[5.79529893,45.83002869],[5.79722497,45.83107848],[5.80095243,45.84569945]]]]}},{"type":"Feature","properties":{"code":"73328","nom":"Viviers-du-Lac","departement":"73","region":"84"},"geometry":{"type":"MultiPolygon","coordinates":[[[[5.90611307,45.66484117],[5.90679039,45.66496426],[5.90973866,45.66046912],[5.90947155,45.65049911],[5.91229117,45.64545755],[5.91240192,45.64282529],[5.90842444,45.6366836],[5.90468937,45.63563571],[5.90197353,45.6357986],[5.90078663,45.63577334],[5.89213199,45.64017809],[5.89079384,45.64207952],[5.88019969,45.6518594],[5.87351627,45.6615177],[5.90020021,45.65861485],[5.90611307,45.66484117]]]]}},{"type":"Feature","properties":{"code":"73329","nom":"Voglans","departement":"73","region":"84"},"geometry":{"type":"MultiPolygon","coordinates":[[[[5.88408757,45.61501734],[5.88317911,45.61490548],[5.87397355,45.62469159],[5.87421569,45.62648666],[5.87751831,45.62924603],[5.88464768,45.63154141],[5.88675454,45.63665057],[5.88492667,45.64007652],[5.88388792,45.64146648],[5.88659471,45.64240539],[5.89079384,45.64207952],[5.89213199,45.64017809],[5.90078663,45.63577334],[5.90197353,45.6357986],[5.90197719,45.63096687],[5.90426271,45.62377937],[5.9045607,45.61959333],[5.89869042,45.61631794],[5.89828151,45.61527601],[5.88408757,45.61501734]]]]}},{"type":"Feature","properties":{"code":"73330","nom":"Yenne","departement":"73","region":"84"},"geometry":{"type":"MultiPolygon","coordinates":[[[[5.76983441,45.74084561],[5.77127606,45.74208515],[5.77352219,45.7425318],[5.78054864,45.74271191],[5.78047968,45.74008796],[5.78447566,45.73194748],[5.79385454,45.72141907],[5.7988755,45.71041877],[5.80252749,45.70548212],[5.80396553,45.70477686],[5.80242256,45.70216796],[5.80202207,45.69705544],[5.78796353,45.69084738],[5.77722929,45.6834204],[5.76955453,45.67332317],[5.76558756,45.6736964],[5.76526394,45.67449906],[5.7597566,45.67718231],[5.7530337,45.67962649],[5.71919511,45.68743793],[5.72054589,45.70152068],[5.72174828,45.70413522],[5.72873647,45.70573037],[5.72799676,45.70942717],[5.73132387,45.71002593],[5.74042963,45.70888666],[5.74340372,45.70630761],[5.7475443,45.70513448],[5.75561497,45.70807115],[5.76481773,45.72043588],[5.77465933,45.72411892],[5.77707004,45.72724113],[5.76983441,45.74084561]]]]}}]}