{"type":"FeatureCollection","features":[{"type":"Feature","properties":{"code":"74044","nom":"Bossey","departement":"74","region":"84"},"geometry":{"type":"MultiPolygon","coordinates":[[[[6.18395,46.14014],[6.16714,46.14811],[6.16141,46.14823],[6.155,46.14702],[6.14726,46.14668],[6.1463,46.14717],[6.14864,46.15009],[6.15389,46.15221],[6.17544,46.15841],[6.17772,46.15566],[6.18543,46.15886],[6.19042,46.15432],[6.19345,46.15208],[6.18395,46.14014]]]]}},{"type":"Feature","properties":{"code":"74001","nom":"Abondance","departement":"74","region":"84"},"geometry":{"type":"MultiPolygon","coordinates":[[[[6.78056,46.26252],[6.77825,46.25585],[6.78199,46.24086],[6.7777,46.23408],[6.77255,46.22214],[6.77294,46.22099],[6.78473,46.21306],[6.8033,46.20328],[6.80707,46.19596],[6.79661,46.198],[6.79465,46.19896],[6.79086,46.2032],[6.78614,46.21081],[6.77571,46.21626],[6.76634,46.2261],[6.75615,46.22979],[6.74869,46.22964],[6.73024,46.23147],[6.73005,46.23245],[6.7243,46.23324],[6.72055,46.2317],[6.71634,46.23113],[6.70105,46.23709],[6.69724,46.24017],[6.69708,46.25065],[6.69079,46.26838],[6.67103,46.26722],[6.66517,46.26502],[6.66003,46.2694],[6.66034,46.27075],[6.66242,46.27114],[6.66404,46.27256],[6.66623,46.27318],[6.67275,46.2808],[6.67699,46.28755],[6.68028,46.3004],[6.68808,46.30605],[6.6933,46.30517],[6.69804,46.30212],[6.703,46.30225],[6.71683,46.30517],[6.72013,46.30521],[6.7251,46.30465],[6.73757,46.30129],[6.75984,46.30922],[6.76583,46.30872],[6.76802,46.30634],[6.76764,46.301],[6.76324,46.29471],[6.76427,46.29081],[6.77029,46.27658],[6.78056,46.26252]]]]}},{"type":"Feature","properties":{"code":"74002","nom":"Alby-sur-Chéran","departement":"74","region":"84"},"geometry":{"type":"MultiPolygon","coordinates":[[[[6.02424,45.80466],[6.01415,45.80453],[5.99776,45.80293],[5.99548,45.80377],[5.99539,45.80656],[5.99736,45.8128],[5.99623,45.81692],[5.99429,45.81894],[6.00865,45.8259],[6.01466,45.82678],[6.01565,45.8258],[6.021,45.82787],[6.03008,45.8238],[6.04201,45.82684],[6.04391,45.82646],[6.0449,45.82338],[6.04399,45.82362],[6.0399,45.82152],[6.03621,45.81842],[6.02424,45.80466]]]]}},{"type":"Feature","properties":{"code":"74003","nom":"Alex","departement":"74","region":"84"},"geometry":{"type":"MultiPolygon","coordinates":[[[[6.21821,45.87771],[6.20885,45.88224],[6.19612,45.88327],[6.20199,45.89998],[6.19732,45.90125],[6.20105,45.905],[6.20439,45.90684],[6.21155,45.90211],[6.21832,45.8993],[6.24151,45.89529],[6.24201,45.89596],[6.25395,45.89483],[6.26167,45.89241],[6.26971,45.88465],[6.27077,45.88205],[6.2701,45.88081],[6.26068,45.87105],[6.25753,45.86613],[6.2564,45.86155],[6.25664,45.85974],[6.2577,45.859],[6.26268,45.85447],[6.26356,45.85258],[6.26099,45.84466],[6.24538,45.85607],[6.24139,45.86089],[6.23968,45.86486],[6.22653,45.87362],[6.21821,45.87771]]]]}},{"type":"Feature","properties":{"code":"74004","nom":"Allèves","departement":"74","region":"84"},"geometry":{"type":"MultiPolygon","coordinates":[[[[6.06008,45.76233],[6.06345,45.76447],[6.06341,45.76682],[6.06868,45.7693],[6.07961,45.77288],[6.08401,45.77384],[6.09079,45.77381],[6.09584,45.7755],[6.10268,45.77246],[6.10364,45.76735],[6.10262,45.76416],[6.10029,45.75489],[6.10342,45.74505],[6.10266,45.73648],[6.09982,45.73264],[6.09701,45.73389],[6.0978,45.73534],[6.0956,45.74286],[6.09525,45.74403],[6.09192,45.74619],[6.07866,45.74828],[6.06685,45.75222],[6.06544,45.75336],[6.06375,45.75863],[6.06008,45.76233]]]]}},{"type":"Feature","properties":{"code":"74005","nom":"Allinges","departement":"74","region":"84"},"geometry":{"type":"MultiPolygon","coordinates":[[[[6.45084,46.34561],[6.45925,46.34821],[6.46314,46.34862],[6.46596,46.34813],[6.47747,46.35252],[6.48081,46.3548],[6.48742,46.35776],[6.49138,46.35523],[6.49199,46.35403],[6.49575,46.34683],[6.49626,46.34114],[6.49265,46.33343],[6.49214,46.33035],[6.48498,46.3226],[6.47501,46.32053],[6.47342,46.31854],[6.47405,46.3175],[6.46939,46.31492],[6.46035,46.31682],[6.44214,46.31552],[6.42548,46.31643],[6.43814,46.33466],[6.44293,46.34528],[6.44857,46.34446],[6.45084,46.34561]]]]}},{"type":"Feature","properties":{"code":"74006","nom":"Allonzier-la-Caille","departement":"74","region":"84"},"geometry":{"type":"MultiPolygon","coordinates":[[[[6.12476,45.99346],[6.12493,45.98442],[6.1223,45.98391],[6.11717,45.98117],[6.109,45.98171],[6.10041,45.98784],[6.09866,45.98788],[6.09671,45.99542],[6.09736,46.0032],[6.0953,46.00576],[6.08797,46.00489],[6.08461,46.00365],[6.08435,46.00007],[6.08583,45.99766],[6.08127,45.99416],[6.07649,45.99616],[6.07422,46.00043],[6.07687,46.00755],[6.08321,46.01802],[6.08463,46.01833],[6.10644,46.01261],[6.12872,46.01011],[6.12704,46.00639],[6.12476,45.99346]]]]}},{"type":"Feature","properties":{"code":"74007","nom":"Amancy","departement":"74","region":"84"},"geometry":{"type":"MultiPolygon","coordinates":[[[[6.33685,46.05388],[6.33058,46.05524],[6.32215,46.05825],[6.32267,46.06603],[6.31233,46.07456],[6.30406,46.0799],[6.30228,46.08284],[6.31549,46.08273],[6.32494,46.09157],[6.32911,46.08877],[6.34439,46.08438],[6.3443,46.08137],[6.34887,46.07257],[6.34979,46.06254],[6.34595,46.0548],[6.34303,46.05278],[6.33685,46.05388]]]]}},{"type":"Feature","properties":{"code":"74008","nom":"Ambilly","departement":"74","region":"84"},"geometry":{"type":"MultiPolygon","coordinates":[[[[6.22461,46.19204],[6.22215,46.18999],[6.21694,46.18857],[6.21676,46.18798],[6.21574,46.1887],[6.21916,46.19166],[6.21901,46.19313],[6.21656,46.19233],[6.2139,46.19385],[6.22225,46.19902],[6.22294,46.201],[6.23008,46.2035],[6.23381,46.19912],[6.23377,46.19812],[6.22838,46.19378],[6.22443,46.19279],[6.22461,46.19204]]]]}},{"type":"Feature","properties":{"code":"74009","nom":"Andilly","departement":"74","region":"84"},"geometry":{"type":"MultiPolygon","coordinates":[[[[6.05109,46.0507],[6.05435,46.05605],[6.06181,46.06343],[6.06517,46.07942],[6.05382,46.08076],[6.05165,46.08259],[6.0516,46.08412],[6.06241,46.08643],[6.07312,46.08747],[6.09408,46.07464],[6.09358,46.07399],[6.08544,46.07593],[6.07962,46.07113],[6.07858,46.06968],[6.08368,46.0615],[6.0773,46.0563],[6.05928,46.05104],[6.05109,46.0507]]]]}},{"type":"Feature","properties":{"code":"74010","nom":"Annecy","departement":"74","region":"84"},"geometry":{"type":"MultiPolygon","coordinates":[[[[6.10267,45.83771],[6.08806,45.85464],[6.08507,45.85549],[6.07485,45.85117],[6.07279,45.84855],[6.07169,45.83432],[6.07266,45.83045],[6.06586,45.82866],[6.06238,45.82862],[6.04841,45.83165],[6.05278,45.83699],[6.05447,45.84167],[6.05182,45.8439],[6.05233,45.84664],[6.05931,45.85008],[6.06401,45.85425],[6.06189,45.86206],[6.05928,45.86727],[6.05998,45.86896],[6.06264,45.8686],[6.0693,45.87088],[6.06847,45.87411],[6.06874,45.87705],[6.0672,45.87878],[6.07048,45.88364],[6.07612,45.88887],[6.08084,45.89106],[6.08094,45.89116],[6.08449,45.89941],[6.08445,45.90105],[6.08315,45.9018],[6.08473,45.90239],[6.08658,45.90819],[6.0868,45.90952],[6.08404,45.91759],[6.08618,45.92112],[6.08883,45.92398],[6.09567,45.9308],[6.10722,45.92488],[6.11404,45.92145],[6.12314,45.93318],[6.12306,45.9333],[6.11651,45.94052],[6.09998,45.95587],[6.08289,45.96216],[6.07874,45.96478],[6.07486,45.96445],[6.07666,45.96802],[6.08206,45.97393],[6.08817,45.97671],[6.10346,45.96859],[6.10463,45.96677],[6.10542,45.96516],[6.13489,45.9576],[6.13825,45.95565],[6.13773,45.95267],[6.13275,45.95063],[6.12838,45.94404],[6.12887,45.94082],[6.13346,45.93478],[6.14813,45.93847],[6.15571,45.93908],[6.16356,45.94125],[6.16437,45.93988],[6.16555,45.93756],[6.17537,45.93623],[6.17625,45.93029],[6.1795,45.92841],[6.18438,45.92473],[6.19332,45.92057],[6.19928,45.9187],[6.20439,45.90684],[6.20105,45.905],[6.19732,45.90125],[6.18285,45.90664],[6.17597,45.90481],[6.16852,45.90109],[6.16156,45.89999],[6.14891,45.89719],[6.15593,45.88278],[6.14062,45.88354],[6.14055,45.88207],[6.12657,45.87507],[6.12362,45.87077],[6.12267,45.86331],[6.11855,45.85755],[6.11451,45.85249],[6.11186,45.85055],[6.10692,45.84946],[6.10755,45.84474],[6.10267,45.83771]]]]}},{"type":"Feature","properties":{"code":"74012","nom":"Annemasse","departement":"74","region":"84"},"geometry":{"type":"MultiPolygon","coordinates":[[[[6.24644,46.18262],[6.24352,46.18256],[6.24351,46.18121],[6.24125,46.17874],[6.23919,46.17715],[6.23768,46.17613],[6.23166,46.18291],[6.22616,46.18482],[6.22358,46.18437],[6.22401,46.18563],[6.21998,46.18755],[6.21676,46.18798],[6.21694,46.18857],[6.22215,46.18999],[6.22461,46.19204],[6.22443,46.19279],[6.22838,46.19378],[6.23377,46.19812],[6.23447,46.19861],[6.23948,46.1984],[6.24255,46.19688],[6.24403,46.19857],[6.24584,46.19803],[6.2518,46.1993],[6.26487,46.19911],[6.27437,46.2001],[6.27648,46.19904],[6.27547,46.19771],[6.27847,46.1969],[6.2776,46.19608],[6.26281,46.19294],[6.25465,46.19131],[6.25098,46.19132],[6.25106,46.19118],[6.25154,46.18572],[6.25008,46.1858],[6.24644,46.18262]]]]}},{"type":"Feature","properties":{"code":"74013","nom":"Anthy-sur-Léman","departement":"74","region":"84"},"geometry":{"type":"MultiPolygon","coordinates":[[[[6.44309,46.36402],[6.44845,46.34729],[6.45084,46.34561],[6.44857,46.34446],[6.44293,46.34528],[6.42883,46.34867],[6.40994,46.34654],[6.40437,46.35133],[6.41069,46.35749],[6.41508,46.35993],[6.43011,46.35987],[6.44309,46.36402]]]]}},{"type":"Feature","properties":{"code":"74014","nom":"Arâches-la-Frasse","departement":"74","region":"84"},"geometry":{"type":"MultiPolygon","coordinates":[[[[6.64437,46.07199],[6.64611,46.07083],[6.65165,46.06659],[6.6636,46.0541],[6.66311,46.04625],[6.66438,46.04178],[6.67493,46.0363],[6.6936,46.03255],[6.69469,46.03106],[6.70371,46.02977],[6.71103,46.02485],[6.71282,46.02137],[6.71256,46.01097],[6.71889,46.0065],[6.73093,46.0016],[6.73287,45.99795],[6.72252,45.9844],[6.7115,45.99531],[6.69955,46.00185],[6.68915,46.00609],[6.68334,46.00635],[6.67081,46.00317],[6.66351,46.00352],[6.62845,46.01522],[6.6243,46.02349],[6.61841,46.04176],[6.61359,46.04497],[6.6078,46.04433],[6.60611,46.05285],[6.60114,46.05662],[6.59727,46.0567],[6.59635,46.05882],[6.62031,46.06398],[6.63479,46.06475],[6.64437,46.07199]]]]}},{"type":"Feature","properties":{"code":"74015","nom":"Arbusigny","departement":"74","region":"84"},"geometry":{"type":"MultiPolygon","coordinates":[[[[6.17119,46.07673],[6.17697,46.08041],[6.18502,46.08822],[6.19391,46.10027],[6.19839,46.09688],[6.20185,46.09681],[6.21477,46.10426],[6.21689,46.11188],[6.22617,46.10978],[6.22796,46.11002],[6.22716,46.10486],[6.22948,46.08353],[6.21796,46.07028],[6.21045,46.0661],[6.20777,46.06622],[6.20679,46.06785],[6.20448,46.06918],[6.19983,46.06657],[6.19638,46.07016],[6.18898,46.074],[6.17621,46.07692],[6.17119,46.07673]]]]}},{"type":"Feature","properties":{"code":"74016","nom":"Archamps","departement":"74","region":"84"},"geometry":{"type":"MultiPolygon","coordinates":[[[[6.16269,46.11213],[6.15593,46.10556],[6.1564,46.10429],[6.15475,46.10104],[6.14902,46.09989],[6.13574,46.10867],[6.13181,46.11598],[6.12941,46.11807],[6.12312,46.11952],[6.1213,46.11894],[6.11527,46.1229],[6.11181,46.13513],[6.12656,46.14052],[6.13054,46.14041],[6.13644,46.14159],[6.13653,46.13959],[6.15215,46.12793],[6.15987,46.12406],[6.17163,46.11954],[6.16269,46.11213]]]]}},{"type":"Feature","properties":{"code":"74018","nom":"Arenthon","departement":"74","region":"84"},"geometry":{"type":"MultiPolygon","coordinates":[[[[6.32494,46.09157],[6.32129,46.09223],[6.3142,46.09513],[6.30942,46.09855],[6.30299,46.10484],[6.3049,46.10939],[6.31711,46.11333],[6.32576,46.1109],[6.33023,46.1108],[6.33844,46.11103],[6.34482,46.11364],[6.3472,46.11147],[6.35981,46.09939],[6.37352,46.08893],[6.37157,46.08671],[6.36829,46.08306],[6.36939,46.08096],[6.36515,46.0781],[6.36247,46.07859],[6.35301,46.08524],[6.34582,46.08508],[6.34439,46.08438],[6.32911,46.08877],[6.32494,46.09157]]]]}},{"type":"Feature","properties":{"code":"74019","nom":"Argonay","departement":"74","region":"84"},"geometry":{"type":"MultiPolygon","coordinates":[[[[6.13346,45.93478],[6.12887,45.94082],[6.12838,45.94404],[6.13275,45.95063],[6.13773,45.95267],[6.14294,45.95316],[6.1468,45.95497],[6.16489,45.95884],[6.16779,45.95824],[6.16235,45.94588],[6.15571,45.93908],[6.14813,45.93847],[6.13346,45.93478]]]]}},{"type":"Feature","properties":{"code":"74020","nom":"Armoy","departement":"74","region":"84"},"geometry":{"type":"MultiPolygon","coordinates":[[[[6.51569,46.3639],[6.51832,46.36178],[6.53666,46.34543],[6.50319,46.34562],[6.49626,46.34114],[6.49575,46.34683],[6.49199,46.35403],[6.50465,46.36151],[6.509,46.36275],[6.50939,46.36483],[6.51569,46.3639]]]]}},{"type":"Feature","properties":{"code":"74021","nom":"Arthaz-Pont-Notre-Dame","departement":"74","region":"84"},"geometry":{"type":"MultiPolygon","coordinates":[[[[6.24199,46.16383],[6.2446,46.16876],[6.24599,46.17079],[6.25273,46.16865],[6.26254,46.16706],[6.27224,46.16763],[6.27264,46.16945],[6.27471,46.17009],[6.28363,46.16997],[6.28579,46.17059],[6.28691,46.16979],[6.29017,46.15889],[6.28908,46.15726],[6.28917,46.15021],[6.27156,46.15101],[6.25917,46.1534],[6.25509,46.15772],[6.24199,46.16383]]]]}},{"type":"Feature","properties":{"code":"74024","nom":"Ayse","departement":"74","region":"84"},"geometry":{"type":"MultiPolygon","coordinates":[[[[6.45462,46.10671],[6.45789,46.10533],[6.46483,46.10051],[6.46882,46.08822],[6.46705,46.07211],[6.46071,46.07273],[6.43045,46.07584],[6.42217,46.07538],[6.42175,46.07585],[6.41902,46.07879],[6.4177,46.08021],[6.4126,46.08255],[6.42279,46.08797],[6.4272,46.09829],[6.43782,46.09799],[6.44378,46.09857],[6.44881,46.10415],[6.45238,46.10655],[6.45462,46.10671]]]]}},{"type":"Feature","properties":{"code":"74025","nom":"Ballaison","departement":"74","region":"84"},"geometry":{"type":"MultiPolygon","coordinates":[[[[6.31681,46.29639],[6.31847,46.29729],[6.31959,46.30049],[6.32288,46.30427],[6.32458,46.30567],[6.32849,46.30657],[6.34567,46.30931],[6.35438,46.31208],[6.35477,46.31113],[6.37472,46.30391],[6.38465,46.29883],[6.37847,46.29503],[6.36235,46.28815],[6.35242,46.28074],[6.34248,46.27821],[6.33119,46.27281],[6.32659,46.26888],[6.32464,46.26924],[6.31992,46.27922],[6.31772,46.28702],[6.31681,46.29639]]]]}},{"type":"Feature","properties":{"code":"74026","nom":"La Balme-de-Sillingy","departement":"74","region":"84"},"geometry":{"type":"MultiPolygon","coordinates":[[[[6.07486,45.96445],[6.06988,45.96105],[6.06791,45.95841],[6.06657,45.95575],[6.06624,45.9515],[6.06633,45.94443],[6.06525,45.94269],[6.05791,45.94919],[6.0492,45.9542],[6.03702,45.95792],[6.01089,45.96201],[6.00229,45.96572],[5.99423,45.9735],[6.00153,45.97337],[6.00672,45.97411],[6.0084,45.97567],[6.03157,45.98574],[6.03284,45.98696],[6.03502,45.98458],[6.03725,45.98377],[6.08338,45.98055],[6.0892,45.97835],[6.08817,45.97671],[6.08206,45.97393],[6.07666,45.96802],[6.07486,45.96445]]]]}},{"type":"Feature","properties":{"code":"74027","nom":"La Balme-de-Thuy","departement":"74","region":"84"},"geometry":{"type":"MultiPolygon","coordinates":[[[[6.33691,45.94103],[6.33384,45.93696],[6.32871,45.93413],[6.31492,45.9233],[6.30212,45.91931],[6.29225,45.90738],[6.2882,45.89941],[6.28616,45.89682],[6.27815,45.87788],[6.26751,45.86961],[6.2577,45.859],[6.25664,45.85974],[6.2564,45.86155],[6.25753,45.86613],[6.26068,45.87105],[6.2701,45.88081],[6.27077,45.88205],[6.26971,45.88465],[6.26167,45.89241],[6.25395,45.89483],[6.24201,45.89596],[6.24749,45.90366],[6.25837,45.91155],[6.26849,45.91368],[6.28179,45.92214],[6.29495,45.92835],[6.31477,45.94821],[6.32859,45.94526],[6.33691,45.94103]]]]}},{"type":"Feature","properties":{"code":"74029","nom":"Bassy","departement":"74","region":"84"},"geometry":{"type":"MultiPolygon","coordinates":[[[[5.80958,45.99334],[5.81036,45.99621],[5.80922,46.00607],[5.81003,46.0083],[5.81369,46.007],[5.82944,46.00545],[5.82985,46.00242],[5.84646,45.99392],[5.84927,45.99106],[5.8509,45.99057],[5.84213,45.98024],[5.83289,45.97231],[5.83149,45.97543],[5.82518,45.97977],[5.81639,45.98369],[5.81168,45.98695],[5.80935,45.9895],[5.80958,45.99334]]]]}},{"type":"Feature","properties":{"code":"74030","nom":"La Baume","departement":"74","region":"84"},"geometry":{"type":"MultiPolygon","coordinates":[[[[6.61693,46.30065],[6.62053,46.30335],[6.62551,46.31108],[6.62848,46.31403],[6.63548,46.31591],[6.63636,46.31614],[6.64166,46.31359],[6.64478,46.31327],[6.64742,46.30379],[6.6444,46.30001],[6.63362,46.29209],[6.61651,46.28377],[6.62001,46.26965],[6.62018,46.26451],[6.60011,46.25932],[6.57752,46.25231],[6.57425,46.25685],[6.57637,46.26535],[6.5801,46.27311],[6.58169,46.27364],[6.58235,46.27541],[6.5805,46.28403],[6.58391,46.28803],[6.60119,46.29665],[6.61663,46.29935],[6.61693,46.30065]]]]}},{"type":"Feature","properties":{"code":"74031","nom":"Beaumont","departement":"74","region":"84"},"geometry":{"type":"MultiPolygon","coordinates":[[[[6.09134,46.09616],[6.09392,46.10156],[6.11335,46.11236],[6.12637,46.11172],[6.12995,46.10959],[6.13574,46.10867],[6.14902,46.09989],[6.12648,46.07991],[6.10627,46.0866],[6.10124,46.08919],[6.09134,46.09616]]]]}},{"type":"Feature","properties":{"code":"74032","nom":"Bellevaux","departement":"74","region":"84"},"geometry":{"type":"MultiPolygon","coordinates":[[[[6.48928,46.23193],[6.49514,46.23883],[6.49678,46.24424],[6.48932,46.25339],[6.50444,46.26103],[6.52237,46.26822],[6.53766,46.27822],[6.5427,46.27739],[6.55761,46.26472],[6.56603,46.26657],[6.57534,46.27271],[6.5801,46.27311],[6.57637,46.26535],[6.57425,46.25685],[6.57752,46.25231],[6.57401,46.2299],[6.57721,46.22471],[6.58216,46.2195],[6.59921,46.21257],[6.59909,46.21081],[6.60374,46.20551],[6.60451,46.19794],[6.60308,46.18856],[6.59742,46.18261],[6.59484,46.17264],[6.57312,46.16765],[6.56313,46.18661],[6.55854,46.19957],[6.55868,46.2057],[6.55467,46.21173],[6.55122,46.21466],[6.54295,46.21702],[6.5356,46.21418],[6.52938,46.2135],[6.52757,46.21397],[6.52352,46.21768],[6.51987,46.22528],[6.52085,46.22825],[6.51962,46.23413],[6.51613,46.23669],[6.50945,46.23652],[6.50283,46.23498],[6.49713,46.23178],[6.49376,46.228],[6.4891,46.22834],[6.48928,46.23193]]]]}},{"type":"Feature","properties":{"code":"74033","nom":"Bernex","departement":"74","region":"84"},"geometry":{"type":"MultiPolygon","coordinates":[[[[6.7504,46.34777],[6.71292,46.33775],[6.70789,46.33736],[6.70181,46.33783],[6.69668,46.3415],[6.68647,46.34425],[6.68379,46.34443],[6.68022,46.3432],[6.67723,46.34553],[6.65864,46.34545],[6.6384,46.34799],[6.63257,46.35042],[6.63382,46.35179],[6.65158,46.35629],[6.66334,46.35832],[6.66885,46.36542],[6.67063,46.37501],[6.68461,46.37564],[6.69847,46.37411],[6.71792,46.37249],[6.72551,46.37412],[6.74004,46.37132],[6.74214,46.37018],[6.7452,46.36071],[6.73959,46.35996],[6.73117,46.35298],[6.73745,46.35087],[6.74841,46.34965],[6.7504,46.34777]]]]}},{"type":"Feature","properties":{"code":"74034","nom":"Le Biot","departement":"74","region":"84"},"geometry":{"type":"MultiPolygon","coordinates":[[[[6.66404,46.27256],[6.66242,46.27114],[6.66034,46.27075],[6.66003,46.2694],[6.66517,46.26502],[6.66145,46.26093],[6.66013,46.25813],[6.65093,46.25241],[6.63393,46.24861],[6.62333,46.25937],[6.62018,46.26451],[6.62001,46.26965],[6.61651,46.28377],[6.63362,46.29209],[6.6444,46.30001],[6.65173,46.29635],[6.65267,46.28407],[6.66404,46.27256]]]]}},{"type":"Feature","properties":{"code":"74035","nom":"Bloye","departement":"74","region":"84"},"geometry":{"type":"MultiPolygon","coordinates":[[[[5.934,45.81463],[5.93423,45.81983],[5.93993,45.83245],[5.96297,45.82431],[5.96531,45.82518],[5.96645,45.82253],[5.9657,45.82258],[5.9659,45.82107],[5.96488,45.81611],[5.96265,45.81291],[5.95925,45.81294],[5.95161,45.80992],[5.9445,45.81034],[5.94011,45.81097],[5.934,45.81463]]]]}},{"type":"Feature","properties":{"code":"74036","nom":"Bluffy","departement":"74","region":"84"},"geometry":{"type":"MultiPolygon","coordinates":[[[[6.21053,45.85674],[6.20681,45.86055],[6.20731,45.86375],[6.21223,45.8727],[6.21821,45.87771],[6.22653,45.87362],[6.23968,45.86486],[6.24139,45.86089],[6.21053,45.85674]]]]}},{"type":"Feature","properties":{"code":"74037","nom":"Boëge","departement":"74","region":"84"},"geometry":{"type":"MultiPolygon","coordinates":[[[[6.42234,46.20539],[6.42233,46.19825],[6.41814,46.1961],[6.40838,46.20114],[6.4026,46.20257],[6.39076,46.20109],[6.3786,46.20297],[6.36809,46.20609],[6.35461,46.21364],[6.35302,46.21645],[6.35244,46.22082],[6.35491,46.22974],[6.35731,46.23439],[6.36258,46.23718],[6.37218,46.2379],[6.37878,46.24054],[6.39263,46.2338],[6.39583,46.23336],[6.40979,46.23437],[6.40538,46.2268],[6.40676,46.21463],[6.40976,46.20927],[6.42197,46.21297],[6.42234,46.20539]]]]}},{"type":"Feature","properties":{"code":"74038","nom":"Bogève","departement":"74","region":"84"},"geometry":{"type":"MultiPolygon","coordinates":[[[[6.45048,46.18035],[6.44648,46.18224],[6.43725,46.18313],[6.42251,46.1882],[6.41907,46.19178],[6.41559,46.19263],[6.41814,46.1961],[6.42233,46.19825],[6.42234,46.20539],[6.44213,46.205],[6.45584,46.20101],[6.46388,46.19944],[6.4543,46.18381],[6.45088,46.18228],[6.45048,46.18035]]]]}},{"type":"Feature","properties":{"code":"74040","nom":"Bonne","departement":"74","region":"84"},"geometry":{"type":"MultiPolygon","coordinates":[[[[6.28579,46.17059],[6.29333,46.17303],[6.30985,46.18036],[6.32928,46.18082],[6.33881,46.18619],[6.34976,46.18999],[6.3504,46.18277],[6.33985,46.16853],[6.33541,46.16527],[6.31811,46.16062],[6.31659,46.161],[6.31068,46.1625],[6.29017,46.15889],[6.28691,46.16979],[6.28579,46.17059]]]]}},{"type":"Feature","properties":{"code":"74041","nom":"Bonnevaux","departement":"74","region":"84"},"geometry":{"type":"MultiPolygon","coordinates":[[[[6.68808,46.30605],[6.68028,46.3004],[6.67699,46.28755],[6.67275,46.2808],[6.66623,46.27318],[6.66404,46.27256],[6.65267,46.28407],[6.65173,46.29635],[6.6444,46.30001],[6.64742,46.30379],[6.64836,46.30436],[6.65584,46.30482],[6.66313,46.30747],[6.67321,46.31251],[6.68256,46.31116],[6.68903,46.30736],[6.68808,46.30605]]]]}},{"type":"Feature","properties":{"code":"74042","nom":"Bonneville","departement":"74","region":"84"},"geometry":{"type":"MultiPolygon","coordinates":[[[[6.38753,46.05052],[6.38029,46.05654],[6.38468,46.06127],[6.3953,46.07312],[6.39666,46.07797],[6.39541,46.07945],[6.39696,46.08363],[6.39729,46.08428],[6.39493,46.08522],[6.38222,46.08459],[6.37157,46.08671],[6.37352,46.08893],[6.35981,46.09939],[6.3472,46.11147],[6.35332,46.11458],[6.35907,46.11506],[6.36235,46.11006],[6.36644,46.10666],[6.38684,46.10205],[6.38721,46.10263],[6.40363,46.0989],[6.41983,46.09982],[6.4272,46.09829],[6.42279,46.08797],[6.4126,46.08255],[6.4177,46.08021],[6.41902,46.07879],[6.42175,46.07585],[6.42217,46.07538],[6.43045,46.07584],[6.46071,46.07273],[6.45991,46.06948],[6.46012,46.05969],[6.44995,46.0585],[6.45074,46.05735],[6.45299,46.05756],[6.45497,46.0564],[6.45578,46.05553],[6.45518,46.05434],[6.44859,46.05442],[6.43587,46.05176],[6.41662,46.04262],[6.41318,46.04363],[6.4049,46.04214],[6.39802,46.04362],[6.38753,46.05052]]]]}},{"type":"Feature","properties":{"code":"74043","nom":"Bons-en-Chablais","departement":"74","region":"84"},"geometry":{"type":"MultiPolygon","coordinates":[[[[6.3872,46.29791],[6.38642,46.29292],[6.38439,46.2927],[6.37959,46.28472],[6.37728,46.27681],[6.38268,46.26039],[6.38978,46.24958],[6.37899,46.24245],[6.37878,46.24054],[6.37218,46.2379],[6.36258,46.23718],[6.35731,46.23439],[6.35491,46.22974],[6.3472,46.23409],[6.34855,46.2381],[6.34799,46.24065],[6.34247,46.25512],[6.33584,46.25835],[6.32941,46.26059],[6.32725,46.26064],[6.32625,46.26625],[6.32659,46.26888],[6.33119,46.27281],[6.34248,46.27821],[6.35242,46.28074],[6.36235,46.28815],[6.37847,46.29503],[6.38465,46.29883],[6.38605,46.29905],[6.3872,46.29791]]]]}},{"type":"Feature","properties":{"code":"74045","nom":"Le Bouchet-Mont-Charvin","departement":"74","region":"84"},"geometry":{"type":"MultiPolygon","coordinates":[[[[6.37155,45.82776],[6.37542,45.82601],[6.379,45.82623],[6.38676,45.82864],[6.39277,45.82811],[6.40327,45.82362],[6.4056,45.82174],[6.41429,45.80832],[6.4201,45.80236],[6.4205,45.80053],[6.417,45.79805],[6.39634,45.78821],[6.39278,45.78446],[6.37805,45.78575],[6.36762,45.7823],[6.34907,45.77927],[6.35011,45.78707],[6.35689,45.7932],[6.35758,45.80149],[6.36304,45.81357],[6.37155,45.82776]]]]}},{"type":"Feature","properties":{"code":"74046","nom":"Boussy","departement":"74","region":"84"},"geometry":{"type":"MultiPolygon","coordinates":[[[[5.97298,45.86133],[5.99112,45.85539],[6.00512,45.84908],[5.99681,45.83793],[5.99523,45.83705],[5.99322,45.83704],[5.99223,45.83836],[5.97235,45.84489],[5.96451,45.85333],[5.96215,45.85782],[5.97298,45.86133]]]]}},{"type":"Feature","properties":{"code":"74048","nom":"Brenthonne","departement":"74","region":"84"},"geometry":{"type":"MultiPolygon","coordinates":[[[[6.38642,46.29292],[6.39269,46.28796],[6.39585,46.28692],[6.4151,46.26153],[6.41651,46.25828],[6.38978,46.24958],[6.38268,46.26039],[6.37728,46.27681],[6.37959,46.28472],[6.38439,46.2927],[6.38642,46.29292]]]]}},{"type":"Feature","properties":{"code":"74049","nom":"Brizon","departement":"74","region":"84"},"geometry":{"type":"MultiPolygon","coordinates":[[[[6.44914,46.0219],[6.44033,46.02453],[6.42117,46.01467],[6.41315,46.01835],[6.41104,46.02044],[6.40913,46.02446],[6.40889,46.02865],[6.41391,46.03389],[6.41662,46.04262],[6.43587,46.05176],[6.44859,46.05442],[6.45518,46.05434],[6.45444,46.05132],[6.45681,46.04898],[6.45721,46.04366],[6.45273,46.03376],[6.44914,46.0219]]]]}},{"type":"Feature","properties":{"code":"74050","nom":"Burdignin","departement":"74","region":"84"},"geometry":{"type":"MultiPolygon","coordinates":[[[[6.43615,46.25757],[6.43945,46.24653],[6.44756,46.23403],[6.44263,46.22676],[6.43725,46.22237],[6.42197,46.21297],[6.40976,46.20927],[6.40676,46.21463],[6.40538,46.2268],[6.40979,46.23437],[6.41253,46.23605],[6.42216,46.24549],[6.42538,46.25101],[6.43054,46.2573],[6.43615,46.25757]]]]}},{"type":"Feature","properties":{"code":"74051","nom":"Cercier","departement":"74","region":"84"},"geometry":{"type":"MultiPolygon","coordinates":[[[[6.07687,46.00755],[6.06665,46.00884],[6.0592,46.01239],[6.05561,46.01518],[6.04963,46.01607],[6.04143,46.01359],[6.03955,46.01177],[6.04066,46.0095],[6.03773,46.00732],[6.02696,46.00789],[6.0303,46.00949],[6.03001,46.01361],[6.02861,46.0153],[6.02659,46.01621],[6.0213,46.01572],[6.01637,46.01641],[6.00991,46.01989],[6.01181,46.02234],[6.01989,46.02606],[6.02657,46.03446],[6.02979,46.03496],[6.0324,46.03633],[6.03702,46.03683],[6.041,46.03689],[6.05207,46.03463],[6.06866,46.02906],[6.07037,46.02912],[6.07916,46.02362],[6.08321,46.01802],[6.07687,46.00755]]]]}},{"type":"Feature","properties":{"code":"74052","nom":"Cernex","departement":"74","region":"84"},"geometry":{"type":"MultiPolygon","coordinates":[[[[6.01065,46.06095],[6.01712,46.07456],[6.02096,46.07996],[6.02189,46.08015],[6.02651,46.08088],[6.0335,46.07933],[6.04528,46.07899],[6.0537,46.08018],[6.05382,46.08076],[6.06517,46.07942],[6.06181,46.06343],[6.05435,46.05605],[6.05109,46.0507],[6.04872,46.04934],[6.03702,46.03683],[6.0324,46.03633],[6.02979,46.03496],[6.02657,46.03446],[6.02385,46.03618],[6.02424,46.03786],[6.02616,46.03968],[6.02699,46.04036],[6.02769,46.04618],[6.0264,46.05188],[6.02352,46.05526],[6.01907,46.05799],[6.01245,46.05814],[6.01065,46.06095]]]]}},{"type":"Feature","properties":{"code":"74053","nom":"Cervens","departement":"74","region":"84"},"geometry":{"type":"MultiPolygon","coordinates":[[[[6.44696,46.25683],[6.44201,46.27316],[6.43629,46.27708],[6.43392,46.28008],[6.43207,46.28349],[6.43186,46.28631],[6.43053,46.2876],[6.43056,46.29019],[6.42881,46.29268],[6.43509,46.29499],[6.44267,46.29552],[6.44886,46.29763],[6.45169,46.29594],[6.45815,46.28924],[6.46073,46.28492],[6.4619,46.28057],[6.46063,46.27666],[6.45577,46.26789],[6.45295,46.25914],[6.45058,46.25768],[6.44697,46.25681],[6.44696,46.25683]]]]}},{"type":"Feature","properties":{"code":"74054","nom":"Chainaz-les-Frasses","departement":"74","region":"84"},"geometry":{"type":"MultiPolygon","coordinates":[[[[5.98014,45.79615],[5.98479,45.79662],[5.98885,45.79623],[5.99874,45.78862],[6.00164,45.78301],[6.00288,45.77595],[6.00573,45.7742],[6.00077,45.76794],[5.99484,45.76426],[5.99442,45.76328],[5.99247,45.76304],[5.97404,45.76867],[5.97286,45.7699],[5.97279,45.77177],[5.97393,45.77555],[5.97673,45.77844],[5.98193,45.78112],[5.98229,45.78621],[5.98014,45.79615]]]]}},{"type":"Feature","properties":{"code":"74055","nom":"Challonges","departement":"74","region":"84"},"geometry":{"type":"MultiPolygon","coordinates":[[[[5.82944,46.00545],[5.81369,46.007],[5.81003,46.0083],[5.81027,46.01053],[5.80542,46.01403],[5.80552,46.01617],[5.80844,46.01793],[5.81034,46.02041],[5.81244,46.0254],[5.80898,46.03319],[5.8258,46.0328],[5.83486,46.03715],[5.84059,46.04164],[5.84241,46.04111],[5.84465,46.03893],[5.84806,46.0353],[5.84865,46.03468],[5.84166,46.02418],[5.83684,46.01173],[5.83309,46.00759],[5.83035,46.00677],[5.82944,46.00545]]]]}},{"type":"Feature","properties":{"code":"74056","nom":"Chamonix-Mont-Blanc","departement":"74","region":"84"},"geometry":{"type":"MultiPolygon","coordinates":[[[[6.82985,45.9034],[6.82343,45.90864],[6.81372,45.91951],[6.81987,45.91991],[6.82373,45.91906],[6.82705,45.92214],[6.82593,45.92965],[6.81818,45.94095],[6.82383,45.94734],[6.82457,45.95453],[6.82247,45.96315],[6.83017,45.97544],[6.83315,45.98524],[6.83402,45.99488],[6.83974,46.00096],[6.84789,46.005],[6.85544,46.0072],[6.85589,46.00642],[6.85302,46.0013],[6.85263,45.9964],[6.85362,45.99394],[6.862,45.98872],[6.87468,45.98825],[6.88449,45.99209],[6.89359,45.99837],[6.90722,46.00205],[6.93021,46.00478],[6.93931,46.01664],[6.94458,46.0218],[6.95611,46.03057],[6.96289,46.03044],[6.96653,46.03115],[6.98107,46.01898],[6.9832,46.01318],[6.98422,46.00605],[6.9855,46.00416],[6.99379,46.00126],[7.00352,46.00008],[7.01831,45.98432],[7.01835,45.97948],[7.01481,45.97493],[7.01087,45.97339],[7.00863,45.96924],[7.01538,45.96249],[7.02137,45.95897],[7.03347,45.95633],[7.03708,45.95383],[7.03771,45.94423],[7.04149,45.93131],[7.04447,45.92248],[7.03551,45.92127],[7.02884,45.91955],[7.01833,45.91408],[7.00755,45.90343],[7.00281,45.89727],[7.00406,45.89023],[7.00315,45.88244],[6.99677,45.87207],[6.99247,45.86944],[6.97888,45.86871],[6.96937,45.86625],[6.95573,45.86121],[6.94844,45.85662],[6.94372,45.85216],[6.91589,45.84307],[6.89445,45.84262],[6.88227,45.84956],[6.88017,45.84961],[6.87338,45.84559],[6.87014,45.82803],[6.86518,45.83271],[6.86147,45.83247],[6.85379,45.83708],[6.85223,45.83944],[6.84346,45.84259],[6.84401,45.84642],[6.85546,45.87143],[6.83428,45.89305],[6.82985,45.9034]]]]}},{"type":"Feature","properties":{"code":"74057","nom":"Champanges","departement":"74","region":"84"},"geometry":{"type":"MultiPolygon","coordinates":[[[[6.54595,46.37838],[6.57158,46.37989],[6.56224,46.36429],[6.56012,46.36364],[6.55185,46.36452],[6.53687,46.36849],[6.53421,46.37096],[6.53876,46.37587],[6.54595,46.37838]]]]}},{"type":"Feature","properties":{"code":"74058","nom":"La Chapelle-d'Abondance","departement":"74","region":"84"},"geometry":{"type":"MultiPolygon","coordinates":[[[[6.75984,46.30922],[6.76064,46.31098],[6.75296,46.32805],[6.75148,46.33614],[6.75251,46.34246],[6.7545,46.34439],[6.75842,46.34617],[6.77515,46.34714],[6.77908,46.34463],[6.78163,46.33982],[6.80424,46.32001],[6.81328,46.31772],[6.82375,46.31234],[6.82785,46.30841],[6.82842,46.30334],[6.83164,46.29972],[6.84692,46.29005],[6.85118,46.29051],[6.85375,46.28773],[6.84502,46.28707],[6.83757,46.28916],[6.83148,46.28913],[6.82993,46.28805],[6.82835,46.28331],[6.82961,46.27972],[6.82829,46.2732],[6.82062,46.26772],[6.80714,46.26271],[6.80152,46.26166],[6.79595,46.26281],[6.78056,46.26252],[6.77029,46.27658],[6.76427,46.29081],[6.76324,46.29471],[6.76764,46.301],[6.76802,46.30634],[6.76583,46.30872],[6.75984,46.30922]]]]}},{"type":"Feature","properties":{"code":"74059","nom":"La Chapelle-Rambaud","departement":"74","region":"84"},"geometry":{"type":"MultiPolygon","coordinates":[[[[6.24692,46.06304],[6.23442,46.06621],[6.22409,46.06707],[6.21796,46.07028],[6.22948,46.08353],[6.25027,46.07938],[6.25686,46.07696],[6.25863,46.0745],[6.25376,46.06782],[6.24692,46.06304]]]]}},{"type":"Feature","properties":{"code":"74060","nom":"La Chapelle-Saint-Maurice","departement":"74","region":"84"},"geometry":{"type":"MultiPolygon","coordinates":[[[[6.17358,45.7797],[6.17108,45.77511],[6.16657,45.75666],[6.15569,45.75777],[6.1431,45.76155],[6.13761,45.76133],[6.13787,45.77319],[6.13605,45.77739],[6.1395,45.78649],[6.15184,45.78273],[6.17358,45.7797]]]]}},{"type":"Feature","properties":{"code":"74061","nom":"Chapeiry","departement":"74","region":"84"},"geometry":{"type":"MultiPolygon","coordinates":[[[[6.05233,45.84664],[6.05182,45.8439],[6.05447,45.84167],[6.05278,45.83699],[6.04841,45.83165],[6.04456,45.8295],[6.04201,45.82684],[6.03008,45.8238],[6.021,45.82787],[6.02793,45.83271],[6.03006,45.83589],[6.02423,45.84689],[6.02548,45.84991],[6.02867,45.84953],[6.03295,45.85298],[6.04458,45.85305],[6.05233,45.84664]]]]}},{"type":"Feature","properties":{"code":"74062","nom":"Charvonnex","departement":"74","region":"84"},"geometry":{"type":"MultiPolygon","coordinates":[[[[6.15002,45.99777],[6.16003,45.99522],[6.17188,45.98976],[6.16898,45.98571],[6.16642,45.97535],[6.16787,45.97058],[6.16717,45.96967],[6.16687,45.96967],[6.15782,45.96949],[6.15253,45.97225],[6.14871,45.97745],[6.14856,45.98284],[6.14265,45.9903],[6.14899,45.99321],[6.15002,45.99777]]]]}},{"type":"Feature","properties":{"code":"74063","nom":"Châtel","departement":"74","region":"84"},"geometry":{"type":"MultiPolygon","coordinates":[[[[6.8033,46.20328],[6.78473,46.21306],[6.77294,46.22099],[6.77255,46.22214],[6.7777,46.23408],[6.78199,46.24086],[6.77825,46.25585],[6.78056,46.26252],[6.79595,46.26281],[6.80152,46.26166],[6.80714,46.26271],[6.82062,46.26772],[6.82829,46.2732],[6.82961,46.27972],[6.82835,46.28331],[6.82993,46.28805],[6.83148,46.28913],[6.83757,46.28916],[6.84502,46.28707],[6.85375,46.28773],[6.85118,46.29051],[6.85211,46.29221],[6.85422,46.29241],[6.85778,46.2913],[6.86437,46.2831],[6.86496,46.28113],[6.8589,46.27388],[6.85857,46.26361],[6.85541,46.25521],[6.85198,46.25214],[6.84293,46.2486],[6.82907,46.23381],[6.82155,46.22777],[6.8033,46.20328]]]]}},{"type":"Feature","properties":{"code":"74064","nom":"Châtillon-sur-Cluses","departement":"74","region":"84"},"geometry":{"type":"MultiPolygon","coordinates":[[[[6.58987,46.09713],[6.59085,46.09553],[6.59312,46.09453],[6.60815,46.09172],[6.60851,46.08914],[6.59253,46.08275],[6.59298,46.08004],[6.60183,46.0723],[6.59942,46.06863],[6.59794,46.0683],[6.59459,46.06722],[6.59326,46.06774],[6.58603,46.07235],[6.5819,46.07763],[6.57838,46.07992],[6.5754,46.08111],[6.56022,46.08317],[6.55735,46.08459],[6.55868,46.09102],[6.55167,46.09748],[6.55066,46.0999],[6.55102,46.10177],[6.55554,46.10619],[6.55898,46.10799],[6.56009,46.11035],[6.57611,46.09944],[6.58394,46.09703],[6.58987,46.09713]]]]}},{"type":"Feature","properties":{"code":"74065","nom":"Chaumont","departement":"74","region":"84"},"geometry":{"type":"MultiPolygon","coordinates":[[[[5.9209,46.05572],[5.9193,46.07564],[5.92063,46.07693],[5.94353,46.05441],[5.95491,46.05449],[5.96674,46.05023],[5.96626,46.04328],[5.97338,46.03612],[5.96901,46.0277],[5.965,46.0239],[5.96311,46.02329],[5.95624,46.02354],[5.95294,46.02038],[5.94862,46.01874],[5.94727,46.02995],[5.94367,46.0301],[5.93291,46.03421],[5.92425,46.044],[5.9209,46.05572]]]]}},{"type":"Feature","properties":{"code":"74066","nom":"Chavannaz","departement":"74","region":"84"},"geometry":{"type":"MultiPolygon","coordinates":[[[[6.01065,46.06095],[6.01245,46.05814],[6.01907,46.05799],[6.02352,46.05526],[6.0264,46.05188],[6.02769,46.04618],[6.02699,46.04036],[6.02616,46.03968],[6.02546,46.04138],[6.02183,46.04225],[6.01375,46.04129],[6.00815,46.04242],[6.00338,46.04706],[6.00401,46.05349],[6.01065,46.06095]]]]}},{"type":"Feature","properties":{"code":"74067","nom":"Chavanod","departement":"74","region":"84"},"geometry":{"type":"MultiPolygon","coordinates":[[[[6.02144,45.89592],[6.02189,45.89531],[6.03322,45.89278],[6.05078,45.89448],[6.05434,45.8954],[6.05797,45.89799],[6.0574,45.89911],[6.06032,45.90024],[6.07274,45.90209],[6.08025,45.90132],[6.08315,45.9018],[6.08445,45.90105],[6.08449,45.89941],[6.08094,45.89116],[6.08084,45.89106],[6.07612,45.88887],[6.07048,45.88364],[6.0672,45.87878],[6.06874,45.87705],[6.06847,45.87411],[6.0693,45.87088],[6.06264,45.8686],[6.05998,45.86896],[6.03547,45.8685],[6.0301,45.86807],[6.02854,45.86699],[6.02533,45.87006],[6.02218,45.87973],[6.02012,45.8808],[6.0194,45.89429],[6.02144,45.89592]]]]}},{"type":"Feature","properties":{"code":"74068","nom":"Chêne-en-Semine","departement":"74","region":"84"},"geometry":{"type":"MultiPolygon","coordinates":[[[[5.84465,46.03893],[5.8468,46.04112],[5.84698,46.04507],[5.82865,46.05549],[5.83055,46.06032],[5.83538,46.06123],[5.83904,46.06052],[5.84128,46.05857],[5.84537,46.0603],[5.84811,46.06245],[5.85081,46.06665],[5.85919,46.06418],[5.86782,46.06607],[5.87644,46.05758],[5.87437,46.05607],[5.87787,46.04829],[5.88224,46.04097],[5.88451,46.03899],[5.88445,46.03545],[5.87433,46.03358],[5.86249,46.0369],[5.85478,46.03703],[5.85373,46.0357],[5.84806,46.0353],[5.84465,46.03893]]]]}},{"type":"Feature","properties":{"code":"74069","nom":"Chênex","departement":"74","region":"84"},"geometry":{"type":"MultiPolygon","coordinates":[[[[5.98617,46.12361],[5.9903,46.12219],[5.99865,46.10786],[6.00529,46.09953],[6.00521,46.09476],[6.00202,46.08727],[5.9875,46.08855],[5.98752,46.09042],[5.97871,46.09679],[5.98062,46.10719],[5.98038,46.11934],[5.98178,46.12164],[5.98617,46.12361]]]]}},{"type":"Feature","properties":{"code":"74070","nom":"Chens-sur-Léman","departement":"74","region":"84"},"geometry":{"type":"MultiPolygon","coordinates":[[[[6.26937,46.3367],[6.27654,46.33091],[6.27903,46.33161],[6.28863,46.33129],[6.28969,46.33054],[6.28839,46.32967],[6.28863,46.32807],[6.29262,46.3258],[6.28682,46.32005],[6.28081,46.31007],[6.27336,46.3018],[6.27376,46.29035],[6.2775,46.28925],[6.27529,46.28708],[6.27754,46.28439],[6.27279,46.2862],[6.26761,46.28622],[6.25724,46.2882],[6.25231,46.29169],[6.24843,46.29705],[6.24713,46.30181],[6.24983,46.30749],[6.25359,46.31191],[6.25742,46.3222],[6.26937,46.3367]]]]}},{"type":"Feature","properties":{"code":"74071","nom":"Chessenaz","departement":"74","region":"84"},"geometry":{"type":"MultiPolygon","coordinates":[[[[5.92425,46.044],[5.9153,46.03609],[5.89654,46.0253],[5.89272,46.02413],[5.89215,46.02656],[5.8895,46.02677],[5.88948,46.02911],[5.89545,46.04516],[5.89448,46.04767],[5.9147,46.05553],[5.9209,46.05572],[5.92425,46.044]]]]}},{"type":"Feature","properties":{"code":"74072","nom":"Chevaline","departement":"74","region":"84"},"geometry":{"type":"MultiPolygon","coordinates":[[[[6.19601,45.73203],[6.20232,45.74784],[6.20916,45.76897],[6.21191,45.76968],[6.22184,45.7656],[6.2246,45.74735],[6.22449,45.73049],[6.22076,45.72113],[6.21659,45.71693],[6.21451,45.70914],[6.21268,45.70168],[6.19616,45.69276],[6.19075,45.69572],[6.18852,45.69839],[6.1912,45.70984],[6.19225,45.72007],[6.19601,45.73203]]]]}},{"type":"Feature","properties":{"code":"74073","nom":"Chevenoz","departement":"74","region":"84"},"geometry":{"type":"MultiPolygon","coordinates":[[[[6.67723,46.34553],[6.66273,46.33548],[6.65183,46.3202],[6.64478,46.31327],[6.64166,46.31359],[6.63636,46.31614],[6.63548,46.31591],[6.63537,46.31748],[6.63238,46.31974],[6.6168,46.32666],[6.60618,46.33027],[6.60267,46.33073],[6.6051,46.33195],[6.61657,46.33381],[6.62283,46.3358],[6.62673,46.34132],[6.62887,46.34675],[6.63257,46.35042],[6.6384,46.34799],[6.65864,46.34545],[6.67723,46.34553]]]]}},{"type":"Feature","properties":{"code":"74074","nom":"Chevrier","departement":"74","region":"84"},"geometry":{"type":"MultiPolygon","coordinates":[[[[5.90659,46.09478],[5.90511,46.09832],[5.89994,46.10527],[5.89298,46.11911],[5.8972,46.11998],[5.90108,46.1202],[5.90653,46.12241],[5.90766,46.12138],[5.91619,46.12287],[5.92404,46.12261],[5.92902,46.1213],[5.92519,46.1089],[5.92303,46.10554],[5.91668,46.09967],[5.90659,46.09478]]]]}},{"type":"Feature","properties":{"code":"74075","nom":"Chilly","departement":"74","region":"84"},"geometry":{"type":"MultiPolygon","coordinates":[[[[5.96154,45.96222],[5.96044,45.96264],[5.96207,45.96483],[5.95762,45.97318],[5.94924,45.97928],[5.93495,45.97844],[5.93358,45.97952],[5.92385,45.98643],[5.92079,45.99081],[5.9236,45.99893],[5.92243,46.00224],[5.92827,46.0124],[5.93666,46.01382],[5.95451,46.00754],[5.96477,46.00763],[5.96796,46.00359],[5.97368,46.00406],[5.97873,46.00592],[5.98281,45.994],[5.98894,45.98206],[5.99151,45.97436],[5.98706,45.9698],[5.988,45.96347],[5.97263,45.96548],[5.9667,45.96438],[5.96154,45.96222]]]]}},{"type":"Feature","properties":{"code":"74076","nom":"Choisy","departement":"74","region":"84"},"geometry":{"type":"MultiPolygon","coordinates":[[[[6.00528,46.00032],[6.00571,46.00178],[6.00776,46.00336],[6.00745,46.00474],[6.00306,46.00823],[6.00686,46.00924],[6.02696,46.00789],[6.03773,46.00732],[6.04066,46.0095],[6.03955,46.01177],[6.04143,46.01359],[6.04963,46.01607],[6.05561,46.01518],[6.0592,46.01239],[6.06665,46.00884],[6.07687,46.00755],[6.07422,46.00043],[6.07649,45.99616],[6.08127,45.99416],[6.08583,45.99766],[6.08435,46.00007],[6.08461,46.00365],[6.08797,46.00489],[6.0953,46.00576],[6.09736,46.0032],[6.09671,45.99542],[6.09866,45.98788],[6.09082,45.98669],[6.08338,45.98055],[6.03725,45.98377],[6.03502,45.98458],[6.03284,45.98696],[6.02641,45.99274],[6.0091,46.00028],[6.00528,46.00032]]]]}},{"type":"Feature","properties":{"code":"74077","nom":"Clarafond-Arcine","departement":"74","region":"84"},"geometry":{"type":"MultiPolygon","coordinates":[[[[5.91126,46.08435],[5.92063,46.07693],[5.9193,46.07564],[5.9209,46.05572],[5.9147,46.05553],[5.89448,46.04767],[5.87644,46.05758],[5.86782,46.06607],[5.87004,46.06745],[5.87297,46.07169],[5.87293,46.07633],[5.86692,46.08357],[5.86634,46.08566],[5.88457,46.08535],[5.88822,46.08607],[5.89135,46.08822],[5.89352,46.09525],[5.89299,46.09938],[5.89039,46.10216],[5.88754,46.11096],[5.89298,46.11911],[5.89994,46.10527],[5.90511,46.09832],[5.90659,46.09478],[5.91126,46.08435]]]]}},{"type":"Feature","properties":{"code":"74078","nom":"Clermont","departement":"74","region":"84"},"geometry":{"type":"MultiPolygon","coordinates":[[[[5.89389,45.9632],[5.89639,45.96623],[5.89591,45.96832],[5.8841,45.9787],[5.88346,45.97989],[5.88591,45.98062],[5.90121,45.98133],[5.91403,45.98324],[5.92079,45.99081],[5.92385,45.98643],[5.93358,45.97952],[5.92175,45.96971],[5.91492,45.96099],[5.91393,45.95539],[5.91312,45.95504],[5.90972,45.95448],[5.89389,45.9632]]]]}},{"type":"Feature","properties":{"code":"74079","nom":"Les Clefs","departement":"74","region":"84"},"geometry":{"type":"MultiPolygon","coordinates":[[[[6.35113,45.87526],[6.35491,45.87488],[6.35767,45.87567],[6.35816,45.87452],[6.35429,45.87342],[6.35337,45.87429],[6.35182,45.87427],[6.34807,45.8724],[6.34571,45.86923],[6.34477,45.86309],[6.34701,45.85794],[6.35908,45.84083],[6.36517,45.83688],[6.37148,45.8305],[6.37173,45.82866],[6.36505,45.82804],[6.33187,45.83407],[6.3294,45.83391],[6.32362,45.83326],[6.31484,45.83087],[6.31135,45.82709],[6.30655,45.82391],[6.29028,45.82088],[6.28681,45.82351],[6.2861,45.82682],[6.2851,45.82992],[6.29136,45.83405],[6.29776,45.84784],[6.30812,45.8582],[6.32407,45.86277],[6.33859,45.87266],[6.34405,45.87439],[6.35113,45.87526]]]]}},{"type":"Feature","properties":{"code":"74080","nom":"La Clusaz","departement":"74","region":"84"},"geometry":{"type":"MultiPolygon","coordinates":[[[[6.50955,45.90924],[6.50144,45.8954],[6.49908,45.89344],[6.49373,45.89019],[6.47704,45.88597],[6.46795,45.87779],[6.46495,45.87228],[6.45821,45.86362],[6.45485,45.86185],[6.45203,45.86225],[6.45032,45.86098],[6.44871,45.86282],[6.44388,45.86481],[6.42199,45.87189],[6.41654,45.87786],[6.40776,45.88413],[6.40715,45.89372],[6.40416,45.89485],[6.4005,45.89759],[6.39986,45.90255],[6.40305,45.90452],[6.42656,45.91219],[6.43698,45.91626],[6.44436,45.92113],[6.44768,45.92184],[6.45227,45.92103],[6.46505,45.92168],[6.47349,45.92344],[6.48932,45.93229],[6.49855,45.93466],[6.50376,45.93481],[6.51159,45.93243],[6.53096,45.92462],[6.51492,45.91573],[6.51406,45.91571],[6.51454,45.91238],[6.50955,45.90924]]]]}},{"type":"Feature","properties":{"code":"74081","nom":"Cluses","departement":"74","region":"84"},"geometry":{"type":"MultiPolygon","coordinates":[[[[6.59635,46.05882],[6.59727,46.0567],[6.60114,46.05662],[6.60611,46.05285],[6.6078,46.04433],[6.59964,46.04522],[6.59796,46.044],[6.59743,46.04036],[6.5924,46.04304],[6.58788,46.04392],[6.57727,46.05419],[6.5696,46.05189],[6.56823,46.05649],[6.56737,46.05675],[6.56671,46.05922],[6.55887,46.0675],[6.55516,46.06979],[6.5508,46.07244],[6.54685,46.07278],[6.54698,46.0735],[6.55726,46.0781],[6.55361,46.0792],[6.55735,46.08459],[6.56022,46.08317],[6.5754,46.08111],[6.57838,46.07992],[6.5819,46.07763],[6.58603,46.07235],[6.59326,46.06774],[6.59459,46.06722],[6.59794,46.0683],[6.59857,46.06717],[6.59765,46.06662],[6.59635,46.05882]]]]}},{"type":"Feature","properties":{"code":"74082","nom":"Collonges-sous-Salève","departement":"74","region":"84"},"geometry":{"type":"MultiPolygon","coordinates":[[[[6.14726,46.14668],[6.155,46.14702],[6.16141,46.14823],[6.16714,46.14811],[6.18395,46.14014],[6.18202,46.13845],[6.17702,46.13691],[6.17402,46.1334],[6.17163,46.11954],[6.15987,46.12406],[6.15215,46.12793],[6.13653,46.13959],[6.13644,46.14159],[6.13688,46.14297],[6.13932,46.14443],[6.14381,46.14538],[6.14488,46.14495],[6.14726,46.14668]]]]}},{"type":"Feature","properties":{"code":"74083","nom":"Combloux","departement":"74","region":"84"},"geometry":{"type":"MultiPolygon","coordinates":[[[[6.66187,45.8606],[6.66319,45.86334],[6.66173,45.86894],[6.65729,45.87406],[6.64527,45.88269],[6.63824,45.8852],[6.62372,45.88711],[6.60585,45.88226],[6.59474,45.87675],[6.59022,45.87824],[6.58915,45.87969],[6.5943,45.88643],[6.59748,45.89639],[6.61989,45.91419],[6.62187,45.91496],[6.63062,45.91525],[6.63377,45.91408],[6.63369,45.91313],[6.63482,45.90889],[6.63865,45.90497],[6.64269,45.9026],[6.65207,45.89944],[6.68323,45.8959],[6.67522,45.88307],[6.67477,45.87592],[6.67189,45.86915],[6.66187,45.8606]]]]}},{"type":"Feature","properties":{"code":"74085","nom":"Les Contamines-Montjoie","departement":"74","region":"84"},"geometry":{"type":"MultiPolygon","coordinates":[[[[6.65917,45.80054],[6.67007,45.8062],[6.67681,45.81208],[6.69735,45.82474],[6.70048,45.82733],[6.70607,45.83463],[6.71208,45.83925],[6.7283,45.84301],[6.73967,45.83523],[6.7471,45.82836],[6.75743,45.82212],[6.79066,45.81347],[6.80816,45.81345],[6.81074,45.81182],[6.81177,45.80944],[6.8124,45.80618],[6.81156,45.79915],[6.80404,45.79018],[6.80235,45.77858],[6.80023,45.77988],[6.79866,45.77988],[6.79161,45.7753],[6.77519,45.7701],[6.76882,45.77044],[6.75992,45.76866],[6.75432,45.76432],[6.74239,45.74987],[6.72123,45.72872],[6.71903,45.72674],[6.71187,45.7229],[6.69716,45.72663],[6.69235,45.73106],[6.69784,45.7364],[6.69872,45.74282],[6.6931,45.75136],[6.68676,45.755],[6.68707,45.75827],[6.68996,45.76225],[6.69039,45.76866],[6.66662,45.79106],[6.65917,45.80054]]]]}},{"type":"Feature","properties":{"code":"74086","nom":"Contamine-Sarzin","departement":"74","region":"84"},"geometry":{"type":"MultiPolygon","coordinates":[[[[5.99054,46.01385],[5.98115,46.01058],[5.97873,46.00592],[5.97368,46.00406],[5.96796,46.00359],[5.96477,46.00763],[5.96595,46.00776],[5.96764,46.01936],[5.96311,46.02329],[5.965,46.0239],[5.96901,46.0277],[5.97338,46.03612],[5.97902,46.03897],[5.98399,46.04038],[5.99068,46.03099],[6.00771,46.01989],[6.00208,46.01638],[5.99054,46.01385]]]]}},{"type":"Feature","properties":{"code":"74087","nom":"Contamine-sur-Arve","departement":"74","region":"84"},"geometry":{"type":"MultiPolygon","coordinates":[[[[6.3472,46.11147],[6.34482,46.11364],[6.32926,46.13097],[6.32298,46.13575],[6.31913,46.13715],[6.31883,46.14455],[6.31673,46.14741],[6.31752,46.14847],[6.32822,46.14996],[6.33514,46.14863],[6.33736,46.14695],[6.33901,46.14713],[6.34862,46.13699],[6.35267,46.13391],[6.35842,46.1309],[6.36105,46.13196],[6.36389,46.12854],[6.35422,46.12814],[6.35094,46.12225],[6.35332,46.11458],[6.3472,46.11147]]]]}},{"type":"Feature","properties":{"code":"74088","nom":"Copponex","departement":"74","region":"84"},"geometry":{"type":"MultiPolygon","coordinates":[[[[6.08368,46.0615],[6.09525,46.05738],[6.09508,46.05429],[6.09699,46.04804],[6.09838,46.04638],[6.09809,46.04257],[6.09515,46.03995],[6.07337,46.03121],[6.07037,46.02912],[6.06866,46.02906],[6.05207,46.03463],[6.041,46.03689],[6.03702,46.03683],[6.04872,46.04934],[6.05109,46.0507],[6.05928,46.05104],[6.0773,46.0563],[6.08368,46.0615]]]]}},{"type":"Feature","properties":{"code":"74089","nom":"Cordon","departement":"74","region":"84"},"geometry":{"type":"MultiPolygon","coordinates":[[[[6.51492,45.91573],[6.52752,45.91477],[6.53961,45.91307],[6.54333,45.91194],[6.5598,45.9179],[6.57294,45.92547],[6.57646,45.9285],[6.57966,45.9297],[6.61036,45.93257],[6.61937,45.93158],[6.621,45.92896],[6.61921,45.92351],[6.61057,45.91313],[6.59108,45.90193],[6.57078,45.88111],[6.55898,45.89307],[6.54029,45.89521],[6.52773,45.89872],[6.51704,45.90247],[6.50955,45.90924],[6.51454,45.91238],[6.51406,45.91571],[6.51492,45.91573]]]]}},{"type":"Feature","properties":{"code":"74090","nom":"Cornier","departement":"74","region":"84"},"geometry":{"type":"MultiPolygon","coordinates":[[[[6.2915,46.08106],[6.28849,46.08464],[6.2856,46.08405],[6.2745,46.08082],[6.26841,46.07473],[6.26376,46.0749],[6.25975,46.07817],[6.26161,46.08644],[6.26678,46.08881],[6.2773,46.09192],[6.30268,46.10483],[6.30299,46.10484],[6.30942,46.09855],[6.3142,46.09513],[6.32129,46.09223],[6.32494,46.09157],[6.31549,46.08273],[6.30228,46.08284],[6.29638,46.08599],[6.2915,46.08106]]]]}},{"type":"Feature","properties":{"code":"74091","nom":"La Côte-d'Arbroz","departement":"74","region":"84"},"geometry":{"type":"MultiPolygon","coordinates":[[[[6.61918,46.16188],[6.62007,46.16334],[6.6182,46.17127],[6.61651,46.17248],[6.61169,46.17376],[6.59996,46.16848],[6.59691,46.17019],[6.59484,46.17264],[6.59742,46.18261],[6.60308,46.18856],[6.62419,46.1905],[6.63595,46.19299],[6.6418,46.19553],[6.64466,46.19397],[6.6598,46.19088],[6.67952,46.19194],[6.67953,46.19116],[6.67025,46.18447],[6.66316,46.18098],[6.65419,46.17748],[6.64038,46.17472],[6.63045,46.16203],[6.61918,46.16188]]]]}},{"type":"Feature","properties":{"code":"74094","nom":"Cranves-Sales","departement":"74","region":"84"},"geometry":{"type":"MultiPolygon","coordinates":[[[[6.27847,46.1969],[6.27547,46.19771],[6.27648,46.19904],[6.28588,46.20685],[6.28672,46.20602],[6.29911,46.21381],[6.30478,46.21941],[6.3042,46.22211],[6.31832,46.21414],[6.3274,46.21363],[6.35302,46.21645],[6.35461,46.21364],[6.35377,46.21173],[6.34851,46.2116],[6.32581,46.20403],[6.31454,46.19789],[6.30299,46.19027],[6.30395,46.18707],[6.30985,46.18036],[6.29333,46.17303],[6.28579,46.17059],[6.28363,46.16997],[6.27471,46.17009],[6.28163,46.19247],[6.28185,46.19571],[6.27847,46.1969]]]]}},{"type":"Feature","properties":{"code":"74095","nom":"Crempigny-Bonneguête","departement":"74","region":"84"},"geometry":{"type":"MultiPolygon","coordinates":[[[[5.91312,45.95504],[5.92082,45.94074],[5.92104,45.93861],[5.91212,45.93165],[5.91113,45.93104],[5.90551,45.93434],[5.90131,45.93903],[5.89228,45.94384],[5.8807,45.94636],[5.8843,45.9486],[5.89019,45.95869],[5.89389,45.9632],[5.90972,45.95448],[5.91312,45.95504]]]]}},{"type":"Feature","properties":{"code":"74096","nom":"Cruseilles","departement":"74","region":"84"},"geometry":{"type":"MultiPolygon","coordinates":[[[[6.09525,46.05738],[6.09783,46.06353],[6.10482,46.06745],[6.11905,46.0752],[6.12222,46.07524],[6.12084,46.068],[6.12455,46.05995],[6.13698,46.05082],[6.14829,46.04479],[6.14739,46.04171],[6.14886,46.03568],[6.15124,46.03182],[6.15135,46.02797],[6.14694,46.0212],[6.14331,46.01654],[6.13526,46.01032],[6.13432,46.00962],[6.13117,46.00935],[6.12872,46.01011],[6.10644,46.01261],[6.08463,46.01833],[6.08321,46.01802],[6.07916,46.02362],[6.07037,46.02912],[6.07337,46.03121],[6.09515,46.03995],[6.09809,46.04257],[6.09838,46.04638],[6.09699,46.04804],[6.09508,46.05429],[6.09525,46.05738]]]]}},{"type":"Feature","properties":{"code":"74097","nom":"Cusy","departement":"74","region":"84"},"geometry":{"type":"MultiPolygon","coordinates":[[[[5.99442,45.76328],[5.99484,45.76426],[6.00077,45.76794],[6.00573,45.7742],[6.00625,45.77504],[6.01586,45.77772],[6.02882,45.78335],[6.03045,45.77861],[6.03364,45.77577],[6.04462,45.77102],[6.06008,45.76233],[6.06375,45.75863],[6.06544,45.75336],[6.06685,45.75222],[6.07866,45.74828],[6.09192,45.74619],[6.09525,45.74403],[6.0956,45.74286],[6.0831,45.74013],[6.06749,45.74333],[6.06346,45.74565],[6.04669,45.74249],[6.04374,45.73958],[6.04223,45.7395],[6.03481,45.74265],[6.02023,45.74536],[6.01318,45.7488],[6.00355,45.74971],[5.99391,45.74768],[5.99561,45.75796],[5.99442,45.76328]]]]}},{"type":"Feature","properties":{"code":"74098","nom":"Cuvat","departement":"74","region":"84"},"geometry":{"type":"MultiPolygon","coordinates":[[[[6.1223,45.98391],[6.12302,45.98004],[6.12747,45.97999],[6.12861,45.97937],[6.13094,45.97526],[6.12714,45.96528],[6.11969,45.96669],[6.11802,45.96874],[6.1181,45.97093],[6.11591,45.97114],[6.11027,45.97063],[6.10463,45.96677],[6.10346,45.96859],[6.08817,45.97671],[6.0892,45.97835],[6.08338,45.98055],[6.09082,45.98669],[6.09866,45.98788],[6.10041,45.98784],[6.109,45.98171],[6.11717,45.98117],[6.1223,45.98391]]]]}},{"type":"Feature","properties":{"code":"74099","nom":"Demi-Quartier","departement":"74","region":"84"},"geometry":{"type":"MultiPolygon","coordinates":[[[[6.66187,45.8606],[6.65802,45.8585],[6.65287,45.85906],[6.62184,45.87016],[6.59694,45.87373],[6.59421,45.87533],[6.59474,45.87675],[6.60585,45.88226],[6.62372,45.88711],[6.63824,45.8852],[6.64527,45.88269],[6.65729,45.87406],[6.66173,45.86894],[6.66319,45.86334],[6.66187,45.8606]]]]}},{"type":"Feature","properties":{"code":"74100","nom":"Desingy","departement":"74","region":"84"},"geometry":{"type":"MultiPolygon","coordinates":[[[[5.87066,46.01846],[5.8895,46.02677],[5.89215,46.02656],[5.89272,46.02413],[5.89654,46.0253],[5.89603,46.01667],[5.89752,46.01187],[5.90853,46.01118],[5.9159,46.00905],[5.92243,46.00224],[5.9236,45.99893],[5.92079,45.99081],[5.91403,45.98324],[5.90121,45.98133],[5.88591,45.98062],[5.88346,45.97989],[5.8841,45.9787],[5.8819,45.97773],[5.88102,45.97827],[5.87884,45.97826],[5.85815,45.99006],[5.85119,45.99157],[5.85188,45.99807],[5.87066,46.01846]]]]}},{"type":"Feature","properties":{"code":"74101","nom":"Dingy-en-Vuache","departement":"74","region":"84"},"geometry":{"type":"MultiPolygon","coordinates":[[[[5.97187,46.08619],[5.93199,46.08201],[5.92577,46.08007],[5.92063,46.07693],[5.91126,46.08435],[5.92829,46.09344],[5.93434,46.09774],[5.94575,46.09697],[5.95898,46.09478],[5.9695,46.09774],[5.97652,46.0977],[5.97871,46.09679],[5.98752,46.09042],[5.9875,46.08855],[5.98623,46.08491],[5.97956,46.08307],[5.97504,46.08562],[5.97187,46.08619]]]]}},{"type":"Feature","properties":{"code":"74102","nom":"Dingy-Saint-Clair","departement":"74","region":"84"},"geometry":{"type":"MultiPolygon","coordinates":[[[[6.19332,45.92057],[6.19562,45.92158],[6.20882,45.92285],[6.21301,45.9277],[6.21495,45.93345],[6.21522,45.94068],[6.23141,45.94722],[6.24376,45.95623],[6.26393,45.95811],[6.27386,45.95323],[6.30117,45.94859],[6.31477,45.94821],[6.29495,45.92835],[6.28179,45.92214],[6.26849,45.91368],[6.25837,45.91155],[6.24749,45.90366],[6.24201,45.89596],[6.24151,45.89529],[6.21832,45.8993],[6.21155,45.90211],[6.20439,45.90684],[6.19928,45.9187],[6.19332,45.92057]]]]}},{"type":"Feature","properties":{"code":"74103","nom":"Domancy","departement":"74","region":"84"},"geometry":{"type":"MultiPolygon","coordinates":[[[[6.6852,45.90886],[6.68765,45.90861],[6.68849,45.90929],[6.69251,45.90971],[6.69303,45.90367],[6.68323,45.8959],[6.65207,45.89944],[6.64269,45.9026],[6.63865,45.90497],[6.63482,45.90889],[6.63369,45.91313],[6.63895,45.91372],[6.63969,45.91726],[6.64462,45.92104],[6.64881,45.92253],[6.6519,45.91945],[6.66046,45.91427],[6.67511,45.91034],[6.6852,45.90886]]]]}},{"type":"Feature","properties":{"code":"74104","nom":"Doussard","departement":"74","region":"84"},"geometry":{"type":"MultiPolygon","coordinates":[[[[6.21451,45.70914],[6.21659,45.71693],[6.22076,45.72113],[6.22449,45.73049],[6.2246,45.74735],[6.22184,45.7656],[6.21191,45.76968],[6.20916,45.76897],[6.20232,45.74784],[6.19601,45.73203],[6.185,45.73372],[6.18437,45.73304],[6.18359,45.73334],[6.18976,45.74869],[6.19307,45.75453],[6.19701,45.75896],[6.21466,45.78711],[6.20985,45.79578],[6.20779,45.80842],[6.20634,45.81067],[6.19968,45.81198],[6.20313,45.81669],[6.20692,45.81968],[6.21509,45.82105],[6.22302,45.80097],[6.23217,45.80097],[6.24122,45.80474],[6.24537,45.80416],[6.24909,45.79976],[6.25067,45.79497],[6.25017,45.78958],[6.25169,45.78682],[6.24653,45.78392],[6.24676,45.77552],[6.23873,45.76684],[6.23594,45.76588],[6.23534,45.76627],[6.23142,45.76429],[6.22977,45.75745],[6.23451,45.74182],[6.23662,45.7261],[6.22882,45.72125],[6.22535,45.70888],[6.22875,45.70378],[6.21451,45.70914]]]]}},{"type":"Feature","properties":{"code":"74105","nom":"Douvaine","departement":"74","region":"84"},"geometry":{"type":"MultiPolygon","coordinates":[[[[6.2775,46.28925],[6.27376,46.29035],[6.27336,46.3018],[6.28081,46.31007],[6.28682,46.32005],[6.29262,46.3258],[6.29465,46.32488],[6.30896,46.32222],[6.31827,46.31567],[6.32849,46.30657],[6.32458,46.30567],[6.32288,46.30427],[6.31959,46.30049],[6.31847,46.29729],[6.31681,46.29639],[6.30376,46.29386],[6.29007,46.2918],[6.28752,46.29197],[6.2775,46.28925]]]]}},{"type":"Feature","properties":{"code":"74106","nom":"Draillant","departement":"74","region":"84"},"geometry":{"type":"MultiPolygon","coordinates":[[[[6.46063,46.27666],[6.4619,46.28057],[6.46073,46.28492],[6.45815,46.28924],[6.45169,46.29594],[6.44886,46.29763],[6.45075,46.29898],[6.45312,46.30594],[6.45747,46.31222],[6.46384,46.31323],[6.46718,46.31144],[6.46995,46.31352],[6.46939,46.31492],[6.47405,46.3175],[6.47928,46.31487],[6.49188,46.29548],[6.49802,46.29134],[6.48573,46.28292],[6.48179,46.27745],[6.48259,46.2752],[6.47813,46.27376],[6.46736,46.27488],[6.46063,46.27666]]]]}},{"type":"Feature","properties":{"code":"74107","nom":"Droisy","departement":"74","region":"84"},"geometry":{"type":"MultiPolygon","coordinates":[[[[5.8841,45.9787],[5.89591,45.96832],[5.89639,45.96623],[5.89389,45.9632],[5.89019,45.95869],[5.8843,45.9486],[5.8807,45.94636],[5.87415,45.94617],[5.87312,45.94548],[5.87023,45.95136],[5.87385,45.96816],[5.88102,45.97827],[5.8819,45.97773],[5.8841,45.9787]]]]}},{"type":"Feature","properties":{"code":"74108","nom":"Duingt","departement":"74","region":"84"},"geometry":{"type":"MultiPolygon","coordinates":[[[[6.19968,45.81198],[6.19627,45.80216],[6.19143,45.80353],[6.182,45.80388],[6.18279,45.80632],[6.17995,45.81903],[6.18831,45.829],[6.19186,45.83571],[6.20916,45.83612],[6.21509,45.82105],[6.20692,45.81968],[6.20313,45.81669],[6.19968,45.81198]]]]}},{"type":"Feature","properties":{"code":"74109","nom":"Éloise","departement":"74","region":"84"},"geometry":{"type":"MultiPolygon","coordinates":[[[[5.85635,46.08654],[5.86213,46.08522],[5.86634,46.08566],[5.86692,46.08357],[5.87293,46.07633],[5.87297,46.07169],[5.87004,46.06745],[5.86782,46.06607],[5.85919,46.06418],[5.85081,46.06665],[5.84605,46.06883],[5.84194,46.07301],[5.8382,46.07944],[5.83235,46.08571],[5.82669,46.08843],[5.82185,46.08965],[5.82372,46.09787],[5.8224,46.10116],[5.81959,46.10332],[5.82015,46.10422],[5.82974,46.10644],[5.83184,46.10624],[5.83964,46.10244],[5.85019,46.09126],[5.85635,46.08654]]]]}},{"type":"Feature","properties":{"code":"74111","nom":"Entrevernes","departement":"74","region":"84"},"geometry":{"type":"MultiPolygon","coordinates":[[[[6.17358,45.7797],[6.17738,45.78679],[6.1801,45.80017],[6.182,45.80388],[6.19143,45.80353],[6.19627,45.80216],[6.19153,45.77554],[6.18474,45.76563],[6.17821,45.74665],[6.17221,45.7472],[6.16597,45.749],[6.16657,45.75666],[6.17108,45.77511],[6.17358,45.7797]]]]}},{"type":"Feature","properties":{"code":"74112","nom":"Epagny Metz-Tessy","departement":"74","region":"84"},"geometry":{"type":"MultiPolygon","coordinates":[[[[6.06624,45.9515],[6.06657,45.95575],[6.06791,45.95841],[6.06988,45.96105],[6.07486,45.96445],[6.07874,45.96478],[6.08289,45.96216],[6.09998,45.95587],[6.11651,45.94052],[6.12306,45.9333],[6.12314,45.93318],[6.11404,45.92145],[6.10722,45.92488],[6.09567,45.9308],[6.08883,45.92398],[6.08618,45.92112],[6.07835,45.92438],[6.07625,45.92685],[6.07581,45.92927],[6.07903,45.93162],[6.07867,45.934],[6.06289,45.93913],[6.08195,45.94488],[6.08319,45.94668],[6.08072,45.94817],[6.06624,45.9515]]]]}},{"type":"Feature","properties":{"code":"74114","nom":"Essert-Romand","departement":"74","region":"84"},"geometry":{"type":"MultiPolygon","coordinates":[[[[6.67952,46.19194],[6.6598,46.19088],[6.64466,46.19397],[6.6418,46.19553],[6.6386,46.20182],[6.63926,46.20413],[6.65607,46.21594],[6.66427,46.21909],[6.666,46.21835],[6.67058,46.21235],[6.67288,46.2089],[6.67388,46.20509],[6.67694,46.20373],[6.68117,46.20245],[6.68179,46.20101],[6.68106,46.19955],[6.67952,46.19194]]]]}},{"type":"Feature","properties":{"code":"74116","nom":"Etaux","departement":"74","region":"84"},"geometry":{"type":"MultiPolygon","coordinates":[[[[6.25863,46.0745],[6.26376,46.0749],[6.26841,46.07473],[6.2745,46.08082],[6.2856,46.08405],[6.28849,46.08464],[6.2915,46.08106],[6.29447,46.07808],[6.3011,46.06601],[6.29892,46.05802],[6.28298,46.05172],[6.26929,46.045],[6.25099,46.03745],[6.24972,46.0415],[6.23884,46.05608],[6.2394,46.05904],[6.24692,46.06304],[6.25376,46.06782],[6.25863,46.0745]]]]}},{"type":"Feature","properties":{"code":"74117","nom":"Étercy","departement":"74","region":"84"},"geometry":{"type":"MultiPolygon","coordinates":[[[[5.99812,45.9006],[6.00107,45.90151],[6.00298,45.90459],[6.00489,45.90546],[6.01414,45.90386],[6.01632,45.90284],[6.02144,45.89592],[6.0194,45.89429],[6.02012,45.8808],[6.00779,45.88132],[5.99826,45.88685],[5.99166,45.8942],[5.99118,45.8978],[5.99812,45.9006]]]]}},{"type":"Feature","properties":{"code":"74118","nom":"Étrembières","departement":"74","region":"84"},"geometry":{"type":"MultiPolygon","coordinates":[[[[6.1867,46.17767],[6.18895,46.17491],[6.19113,46.17388],[6.20778,46.17446],[6.21515,46.17713],[6.22119,46.18081],[6.22164,46.1827],[6.22358,46.18437],[6.22616,46.18482],[6.23166,46.18291],[6.23768,46.17613],[6.24534,46.17407],[6.24599,46.17079],[6.2446,46.16876],[6.23032,46.17234],[6.22543,46.17283],[6.20917,46.16756],[6.20364,46.16508],[6.19641,46.16073],[6.19042,46.15432],[6.18543,46.15886],[6.17772,46.15566],[6.17544,46.15841],[6.18878,46.16639],[6.18607,46.17739],[6.1867,46.17767]]]]}},{"type":"Feature","properties":{"code":"74119","nom":"Évian-les-Bains","departement":"74","region":"84"},"geometry":{"type":"MultiPolygon","coordinates":[[[[6.57243,46.38669],[6.568,46.39834],[6.57362,46.39955],[6.58866,46.40226],[6.61407,46.40324],[6.61386,46.40095],[6.61203,46.39957],[6.59631,46.39829],[6.59519,46.38463],[6.58739,46.38069],[6.58652,46.37953],[6.57859,46.3789],[6.57726,46.38008],[6.57243,46.38669]]]]}},{"type":"Feature","properties":{"code":"74121","nom":"Excenevex","departement":"74","region":"84"},"geometry":{"type":"MultiPolygon","coordinates":[[[[6.32711,46.35297],[6.33233,46.35347],[6.34195,46.35617],[6.34888,46.36751],[6.35413,46.35688],[6.36258,46.34796],[6.35704,46.33964],[6.35437,46.33745],[6.34506,46.33415],[6.34202,46.33474],[6.33792,46.33747],[6.33481,46.33604],[6.32872,46.33393],[6.32274,46.33304],[6.31849,46.33531],[6.32711,46.35297]]]]}},{"type":"Feature","properties":{"code":"74122","nom":"Faucigny","departement":"74","region":"84"},"geometry":{"type":"MultiPolygon","coordinates":[[[[6.35332,46.11458],[6.35094,46.12225],[6.35422,46.12814],[6.36389,46.12854],[6.38331,46.12092],[6.38739,46.10743],[6.38721,46.10263],[6.38684,46.10205],[6.36644,46.10666],[6.36235,46.11006],[6.35907,46.11506],[6.35332,46.11458]]]]}},{"type":"Feature","properties":{"code":"74123","nom":"Faverges-Seythenex","departement":"74","region":"84"},"geometry":{"type":"MultiPolygon","coordinates":[[[[6.23137,45.70598],[6.24692,45.71853],[6.26155,45.72636],[6.26344,45.7296],[6.26724,45.75562],[6.26361,45.76046],[6.26193,45.76116],[6.25357,45.76373],[6.25095,45.76235],[6.24873,45.75937],[6.2422,45.76107],[6.23594,45.76588],[6.23873,45.76684],[6.24676,45.77552],[6.24653,45.78392],[6.25169,45.78682],[6.25375,45.78354],[6.26087,45.77945],[6.26718,45.77725],[6.27421,45.77569],[6.27717,45.77615],[6.28459,45.7755],[6.29059,45.76858],[6.30588,45.76248],[6.31395,45.7553],[6.31588,45.75374],[6.31673,45.7516],[6.31482,45.74962],[6.31411,45.74347],[6.31732,45.74146],[6.33561,45.73699],[6.35127,45.72961],[6.35109,45.72926],[6.34623,45.72376],[6.34156,45.71321],[6.32899,45.69346],[6.30782,45.69309],[6.30495,45.69326],[6.2785,45.68407],[6.27538,45.68404],[6.27204,45.68531],[6.25873,45.6844],[6.25822,45.68385],[6.23809,45.6854],[6.23367,45.68753],[6.23064,45.69196],[6.23171,45.70316],[6.23137,45.70598]]]]}},{"type":"Feature","properties":{"code":"74124","nom":"Feigères","departement":"74","region":"84"},"geometry":{"type":"MultiPolygon","coordinates":[[[[6.08506,46.12298],[6.08823,46.10905],[6.09392,46.10156],[6.09134,46.09616],[6.08449,46.09857],[6.06923,46.0995],[6.0691,46.09467],[6.05353,46.08961],[6.05733,46.10177],[6.05998,46.10649],[6.06061,46.11751],[6.06442,46.12374],[6.07373,46.13567],[6.0755,46.13625],[6.08506,46.12298]]]]}},{"type":"Feature","properties":{"code":"74126","nom":"Fessy","departement":"74","region":"84"},"geometry":{"type":"MultiPolygon","coordinates":[[[[6.41651,46.25828],[6.4151,46.26153],[6.39585,46.28692],[6.39269,46.28796],[6.38642,46.29292],[6.3872,46.29791],[6.41166,46.27914],[6.4192,46.28077],[6.43053,46.2876],[6.43186,46.28631],[6.43207,46.28349],[6.43392,46.28008],[6.43629,46.27708],[6.44201,46.27316],[6.44696,46.25683],[6.44205,46.25596],[6.43615,46.25757],[6.43054,46.2573],[6.42538,46.25101],[6.42124,46.25284],[6.41771,46.25578],[6.41651,46.25828]]]]}},{"type":"Feature","properties":{"code":"74127","nom":"Féternes","departement":"74","region":"84"},"geometry":{"type":"MultiPolygon","coordinates":[[[[6.54657,46.34394],[6.54439,46.34369],[6.53666,46.34543],[6.51832,46.36178],[6.52483,46.36187],[6.53005,46.36344],[6.53687,46.36849],[6.55185,46.36452],[6.56012,46.36364],[6.56224,46.36429],[6.56938,46.36086],[6.5764,46.35909],[6.58902,46.35929],[6.59727,46.35853],[6.5959,46.35422],[6.59682,46.345],[6.59844,46.34052],[6.59794,46.33476],[6.59494,46.32827],[6.59508,46.32462],[6.59008,46.32483],[6.58624,46.32593],[6.57996,46.33182],[6.57385,46.33596],[6.55423,46.34158],[6.54872,46.34421],[6.54657,46.34394]]]]}},{"type":"Feature","properties":{"code":"74128","nom":"Fillinges","departement":"74","region":"84"},"geometry":{"type":"MultiPolygon","coordinates":[[[[6.34976,46.18999],[6.35048,46.19041],[6.34987,46.19318],[6.35204,46.19324],[6.37017,46.1836],[6.37651,46.17887],[6.37598,46.17012],[6.37403,46.16307],[6.36609,46.15859],[6.37054,46.15356],[6.36547,46.15501],[6.34858,46.15291],[6.33901,46.14713],[6.33736,46.14695],[6.33514,46.14863],[6.32822,46.14996],[6.31752,46.14847],[6.31523,46.1497],[6.31564,46.15346],[6.31889,46.15727],[6.31659,46.161],[6.31811,46.16062],[6.33541,46.16527],[6.33985,46.16853],[6.3504,46.18277],[6.34976,46.18999]]]]}},{"type":"Feature","properties":{"code":"74129","nom":"La Forclaz","departement":"74","region":"84"},"geometry":{"type":"MultiPolygon","coordinates":[[[[6.63548,46.31591],[6.62848,46.31403],[6.62551,46.31108],[6.62053,46.30335],[6.61693,46.30065],[6.615,46.30705],[6.61287,46.30998],[6.59886,46.32401],[6.59675,46.32477],[6.60267,46.33073],[6.60618,46.33027],[6.6168,46.32666],[6.63238,46.31974],[6.63537,46.31748],[6.63548,46.31591]]]]}},{"type":"Feature","properties":{"code":"74130","nom":"Franclens","departement":"74","region":"84"},"geometry":{"type":"MultiPolygon","coordinates":[[[[5.84465,46.03893],[5.84241,46.04111],[5.84059,46.04164],[5.83486,46.03715],[5.8258,46.0328],[5.80898,46.03319],[5.80894,46.03849],[5.80684,46.04415],[5.81424,46.05524],[5.8236,46.05481],[5.82865,46.05549],[5.84698,46.04507],[5.8468,46.04112],[5.84465,46.03893]]]]}},{"type":"Feature","properties":{"code":"74131","nom":"Frangy","departement":"74","region":"84"},"geometry":{"type":"MultiPolygon","coordinates":[[[[5.89654,46.0253],[5.9153,46.03609],[5.92425,46.044],[5.93291,46.03421],[5.94367,46.0301],[5.94727,46.02995],[5.94862,46.01874],[5.93966,46.01613],[5.93666,46.01382],[5.92827,46.0124],[5.92243,46.00224],[5.9159,46.00905],[5.90853,46.01118],[5.89752,46.01187],[5.89603,46.01667],[5.89654,46.0253]]]]}},{"type":"Feature","properties":{"code":"74133","nom":"Gaillard","departement":"74","region":"84"},"geometry":{"type":"MultiPolygon","coordinates":[[[[6.18789,46.1808],[6.19257,46.18212],[6.19828,46.18399],[6.20183,46.18799],[6.20551,46.19167],[6.2139,46.19385],[6.21656,46.19233],[6.21901,46.19313],[6.21916,46.19166],[6.21574,46.1887],[6.21676,46.18798],[6.21998,46.18755],[6.22401,46.18563],[6.22358,46.18437],[6.22164,46.1827],[6.22119,46.18081],[6.21515,46.17713],[6.20778,46.17446],[6.19113,46.17388],[6.18895,46.17491],[6.1867,46.17767],[6.18618,46.17832],[6.18789,46.1808]]]]}},{"type":"Feature","properties":{"code":"74134","nom":"Les Gets","departement":"74","region":"84"},"geometry":{"type":"MultiPolygon","coordinates":[[[[6.67953,46.19116],[6.6882,46.18258],[6.69245,46.17298],[6.69491,46.16238],[6.69441,46.1608],[6.69252,46.15843],[6.69312,46.14847],[6.69926,46.1345],[6.68303,46.12628],[6.67424,46.13486],[6.66748,46.13579],[6.66359,46.13539],[6.66051,46.13391],[6.65984,46.13088],[6.66352,46.12307],[6.66246,46.11951],[6.64513,46.13194],[6.64031,46.13342],[6.63375,46.13346],[6.63053,46.13043],[6.62391,46.13467],[6.61821,46.14133],[6.61492,46.15018],[6.61918,46.16188],[6.63045,46.16203],[6.64038,46.17472],[6.65419,46.17748],[6.66316,46.18098],[6.67025,46.18447],[6.67953,46.19116]]]]}},{"type":"Feature","properties":{"code":"74135","nom":"Giez","departement":"74","region":"84"},"geometry":{"type":"MultiPolygon","coordinates":[[[[6.23171,45.70316],[6.22875,45.70378],[6.22535,45.70888],[6.22882,45.72125],[6.23662,45.7261],[6.23451,45.74182],[6.22977,45.75745],[6.23142,45.76429],[6.23534,45.76627],[6.23594,45.76588],[6.2422,45.76107],[6.24873,45.75937],[6.25095,45.76235],[6.25357,45.76373],[6.26193,45.76116],[6.26361,45.76046],[6.26724,45.75562],[6.26344,45.7296],[6.26155,45.72636],[6.24692,45.71853],[6.23137,45.70598],[6.23171,45.70316]]]]}},{"type":"Feature","properties":{"code":"74136","nom":"Le Grand-Bornand","departement":"74","region":"84"},"geometry":{"type":"MultiPolygon","coordinates":[[[[6.40889,45.94172],[6.40552,45.94326],[6.40411,45.94663],[6.40774,45.95518],[6.41491,45.9637],[6.41889,45.96766],[6.43114,45.97869],[6.44669,45.9901],[6.44863,45.99332],[6.45142,45.99557],[6.45994,45.99891],[6.46015,45.9989],[6.47191,45.99286],[6.48574,45.98345],[6.49387,45.98043],[6.50028,45.97922],[6.51186,45.97851],[6.52052,45.98155],[6.52761,45.98291],[6.53635,45.96764],[6.54723,45.95887],[6.55592,45.95577],[6.55484,45.95143],[6.54653,45.94872],[6.53898,45.94174],[6.53487,45.93322],[6.53446,45.92733],[6.53096,45.92462],[6.51159,45.93243],[6.50376,45.93481],[6.49855,45.93466],[6.48932,45.93229],[6.47349,45.92344],[6.46505,45.92168],[6.45227,45.92103],[6.44768,45.92184],[6.4418,45.92629],[6.43086,45.9304],[6.41961,45.93699],[6.41116,45.94362],[6.40889,45.94172]]]]}},{"type":"Feature","properties":{"code":"74137","nom":"Groisy","departement":"74","region":"84"},"geometry":{"type":"MultiPolygon","coordinates":[[[[6.15124,46.03182],[6.1715,46.04015],[6.1938,46.04571],[6.19581,46.04543],[6.20342,46.04147],[6.2049,46.03816],[6.20287,46.02424],[6.20914,46.0122],[6.20473,46.00591],[6.20289,46.00083],[6.1952,46.00185],[6.18603,46.00124],[6.17865,45.99733],[6.17188,45.98976],[6.16003,45.99522],[6.15002,45.99777],[6.14769,45.99879],[6.14321,46.00625],[6.13688,46.0104],[6.13526,46.01032],[6.14331,46.01654],[6.14694,46.0212],[6.15135,46.02797],[6.15124,46.03182]]]]}},{"type":"Feature","properties":{"code":"74138","nom":"Gruffy","departement":"74","region":"84"},"geometry":{"type":"MultiPolygon","coordinates":[[[[6.09584,45.7755],[6.09079,45.77381],[6.08401,45.77384],[6.07961,45.77288],[6.06868,45.7693],[6.06341,45.76682],[6.06345,45.76447],[6.06008,45.76233],[6.04462,45.77102],[6.03364,45.77577],[6.03045,45.77861],[6.02882,45.78335],[6.02794,45.78452],[6.02878,45.78995],[6.02786,45.79462],[6.02919,45.79455],[6.03168,45.79262],[6.03921,45.79179],[6.04281,45.79273],[6.05141,45.799],[6.0528,45.79829],[6.09049,45.79558],[6.1018,45.7933],[6.09623,45.78736],[6.0941,45.78148],[6.09584,45.7755]]]]}},{"type":"Feature","properties":{"code":"74139","nom":"Habère-Lullin","departement":"74","region":"84"},"geometry":{"type":"MultiPolygon","coordinates":[[[[6.44696,46.25683],[6.44697,46.25681],[6.44924,46.25441],[6.45207,46.2487],[6.45855,46.24428],[6.46597,46.24018],[6.47684,46.23751],[6.48928,46.23193],[6.4891,46.22834],[6.48835,46.22548],[6.4846,46.22248],[6.47514,46.2118],[6.4552,46.22258],[6.44263,46.22676],[6.44756,46.23403],[6.43945,46.24653],[6.43615,46.25757],[6.44205,46.25596],[6.44696,46.25683]]]]}},{"type":"Feature","properties":{"code":"74140","nom":"Habère-Poche","departement":"74","region":"84"},"geometry":{"type":"MultiPolygon","coordinates":[[[[6.46063,46.27666],[6.46736,46.27488],[6.47813,46.27376],[6.48259,46.2752],[6.48691,46.25726],[6.48932,46.25339],[6.49678,46.24424],[6.49514,46.23883],[6.48928,46.23193],[6.47684,46.23751],[6.46597,46.24018],[6.45855,46.24428],[6.45207,46.2487],[6.44924,46.25441],[6.44697,46.25681],[6.45058,46.25768],[6.45295,46.25914],[6.45577,46.26789],[6.46063,46.27666]]]]}},{"type":"Feature","properties":{"code":"74141","nom":"Hauteville-sur-Fier","departement":"74","region":"84"},"geometry":{"type":"MultiPolygon","coordinates":[[[[5.99812,45.9006],[5.99118,45.8978],[5.98341,45.89547],[5.97365,45.8958],[5.95806,45.90432],[5.96232,45.91112],[5.96375,45.91182],[5.96762,45.91108],[5.96892,45.91145],[5.97762,45.91928],[5.99523,45.90555],[5.99812,45.9006]]]]}},{"type":"Feature","properties":{"code":"74142","nom":"Héry-sur-Alby","departement":"74","region":"84"},"geometry":{"type":"MultiPolygon","coordinates":[[[[6.00573,45.7742],[6.00288,45.77595],[6.00164,45.78301],[5.99874,45.78862],[5.98885,45.79623],[5.98479,45.79662],[5.98812,45.8002],[5.99548,45.80377],[5.99776,45.80293],[6.01415,45.80453],[6.02424,45.80466],[6.02786,45.79462],[6.02878,45.78995],[6.02794,45.78452],[6.02882,45.78335],[6.01586,45.77772],[6.00625,45.77504],[6.00573,45.7742]]]]}},{"type":"Feature","properties":{"code":"74143","nom":"Les Houches","departement":"74","region":"84"},"geometry":{"type":"MultiPolygon","coordinates":[[[[6.74858,45.90334],[6.75016,45.90529],[6.75145,45.91544],[6.75608,45.92689],[6.75678,45.92834],[6.76585,45.92766],[6.7673,45.92883],[6.78501,45.93376],[6.81818,45.94095],[6.82593,45.92965],[6.82705,45.92214],[6.82373,45.91906],[6.81987,45.91991],[6.81372,45.91951],[6.82343,45.90864],[6.82985,45.9034],[6.83428,45.89305],[6.85546,45.87143],[6.84401,45.84642],[6.84346,45.84259],[6.83071,45.85508],[6.806,45.86197],[6.79706,45.87495],[6.78018,45.87677],[6.76386,45.88072],[6.75854,45.88589],[6.74858,45.90334]]]]}},{"type":"Feature","properties":{"code":"74144","nom":"Jonzier-Épagny","departement":"74","region":"84"},"geometry":{"type":"MultiPolygon","coordinates":[[[[6.01511,46.08461],[6.00401,46.07282],[5.99235,46.06388],[5.98549,46.0634],[5.97497,46.06428],[5.97332,46.06501],[5.96787,46.06891],[5.9652,46.07558],[5.96573,46.0787],[5.97187,46.08619],[5.97504,46.08562],[5.97956,46.08307],[5.98623,46.08491],[5.9875,46.08855],[6.00202,46.08727],[6.00599,46.08736],[6.01511,46.08461]]]]}},{"type":"Feature","properties":{"code":"74145","nom":"Juvigny","departement":"74","region":"84"},"geometry":{"type":"MultiPolygon","coordinates":[[[[6.28588,46.20685],[6.27635,46.21534],[6.29464,46.22513],[6.29677,46.22434],[6.29995,46.22484],[6.30345,46.22405],[6.3042,46.22211],[6.30478,46.21941],[6.29911,46.21381],[6.28672,46.20602],[6.28588,46.20685]]]]}},{"type":"Feature","properties":{"code":"74146","nom":"Larringes","departement":"74","region":"84"},"geometry":{"type":"MultiPolygon","coordinates":[[[[6.56224,46.36429],[6.57158,46.37989],[6.57726,46.38008],[6.57859,46.3789],[6.58652,46.37953],[6.58739,46.38069],[6.59519,46.38463],[6.60844,46.38354],[6.60658,46.37746],[6.60635,46.37298],[6.61006,46.35954],[6.59871,46.35797],[6.59727,46.35853],[6.58902,46.35929],[6.5764,46.35909],[6.56938,46.36086],[6.56224,46.36429]]]]}},{"type":"Feature","properties":{"code":"74147","nom":"Lathuile","departement":"74","region":"84"},"geometry":{"type":"MultiPolygon","coordinates":[[[[6.19627,45.80216],[6.19968,45.81198],[6.20634,45.81067],[6.20779,45.80842],[6.20985,45.79578],[6.21466,45.78711],[6.19701,45.75896],[6.19307,45.75453],[6.18976,45.74869],[6.18359,45.73334],[6.1772,45.73728],[6.17821,45.74665],[6.18474,45.76563],[6.19153,45.77554],[6.19627,45.80216]]]]}},{"type":"Feature","properties":{"code":"74148","nom":"Leschaux","departement":"74","region":"84"},"geometry":{"type":"MultiPolygon","coordinates":[[[[6.1018,45.7933],[6.10595,45.79723],[6.1395,45.78649],[6.13605,45.77739],[6.13787,45.77319],[6.13761,45.76133],[6.13788,45.75781],[6.13496,45.75513],[6.12808,45.75197],[6.12209,45.7524],[6.11545,45.75635],[6.1036,45.76054],[6.10262,45.76416],[6.10364,45.76735],[6.10268,45.77246],[6.09584,45.7755],[6.0941,45.78148],[6.09623,45.78736],[6.1018,45.7933]]]]}},{"type":"Feature","properties":{"code":"74150","nom":"Loisin","departement":"74","region":"84"},"geometry":{"type":"MultiPolygon","coordinates":[[[[6.31681,46.29639],[6.31772,46.28702],[6.31992,46.27922],[6.32464,46.26924],[6.32659,46.26888],[6.32625,46.26625],[6.31468,46.26347],[6.29778,46.26671],[6.2978,46.27254],[6.29136,46.27742],[6.27754,46.28439],[6.27529,46.28708],[6.2775,46.28925],[6.28752,46.29197],[6.29007,46.2918],[6.30376,46.29386],[6.31681,46.29639]]]]}},{"type":"Feature","properties":{"code":"74151","nom":"Lornay","departement":"74","region":"84"},"geometry":{"type":"MultiPolygon","coordinates":[[[[5.86677,45.89883],[5.86593,45.90332],[5.86503,45.90932],[5.86576,45.91906],[5.89369,45.92736],[5.90036,45.92526],[5.90437,45.92166],[5.90809,45.91158],[5.91352,45.90605],[5.91887,45.90256],[5.92165,45.89033],[5.9191,45.8917],[5.90618,45.90427],[5.89893,45.90057],[5.86677,45.89883]]]]}},{"type":"Feature","properties":{"code":"74152","nom":"Lovagny","departement":"74","region":"84"},"geometry":{"type":"MultiPolygon","coordinates":[[[[6.03695,45.91755],[6.04457,45.90941],[6.0557,45.90184],[6.0574,45.89911],[6.05797,45.89799],[6.05434,45.8954],[6.05078,45.89448],[6.03322,45.89278],[6.02189,45.89531],[6.02144,45.89592],[6.01632,45.90284],[6.01414,45.90386],[6.01732,45.90643],[6.01811,45.90896],[6.01732,45.91046],[6.01883,45.91117],[6.02053,45.90997],[6.02428,45.91068],[6.03695,45.91755]]]]}},{"type":"Feature","properties":{"code":"74153","nom":"Lucinges","departement":"74","region":"84"},"geometry":{"type":"MultiPolygon","coordinates":[[[[6.34987,46.19318],[6.35048,46.19041],[6.34976,46.18999],[6.33881,46.18619],[6.32928,46.18082],[6.30985,46.18036],[6.30395,46.18707],[6.30299,46.19027],[6.31454,46.19789],[6.32581,46.20403],[6.34851,46.2116],[6.35377,46.21173],[6.34685,46.19699],[6.34805,46.19649],[6.34987,46.19318]]]]}},{"type":"Feature","properties":{"code":"74154","nom":"Lugrin","departement":"74","region":"84"},"geometry":{"type":"MultiPolygon","coordinates":[[[[6.67063,46.37501],[6.66896,46.37632],[6.65876,46.38026],[6.6513,46.38203],[6.64911,46.38476],[6.64992,46.38632],[6.64287,46.40118],[6.63987,46.40186],[6.63753,46.40409],[6.63828,46.40543],[6.65451,46.40509],[6.67316,46.40605],[6.67821,46.4074],[6.69309,46.40802],[6.71213,46.40764],[6.71087,46.40249],[6.70626,46.3999],[6.6943,46.39286],[6.6913,46.38974],[6.69139,46.38562],[6.69816,46.37833],[6.69847,46.37411],[6.68461,46.37564],[6.67063,46.37501]]]]}},{"type":"Feature","properties":{"code":"74155","nom":"Lullin","departement":"74","region":"84"},"geometry":{"type":"MultiPolygon","coordinates":[[[[6.53766,46.27822],[6.52237,46.26822],[6.50444,46.26103],[6.48932,46.25339],[6.48691,46.25726],[6.48259,46.2752],[6.48179,46.27745],[6.48573,46.28292],[6.49802,46.29134],[6.50585,46.29769],[6.50705,46.29968],[6.50792,46.29888],[6.52882,46.29773],[6.53487,46.29604],[6.53781,46.29334],[6.53898,46.28916],[6.53675,46.28022],[6.53766,46.27822]]]]}},{"type":"Feature","properties":{"code":"74156","nom":"Lully","departement":"74","region":"84"},"geometry":{"type":"MultiPolygon","coordinates":[[[[6.43053,46.2876],[6.4192,46.28077],[6.41166,46.27914],[6.3872,46.29791],[6.38605,46.29905],[6.39345,46.30458],[6.40117,46.30777],[6.40362,46.30697],[6.40283,46.30595],[6.42221,46.29208],[6.42724,46.29206],[6.42881,46.29268],[6.43056,46.29019],[6.43053,46.2876]]]]}},{"type":"Feature","properties":{"code":"74157","nom":"Lyaud","departement":"74","region":"84"},"geometry":{"type":"MultiPolygon","coordinates":[[[[6.49626,46.34114],[6.50319,46.34562],[6.53666,46.34543],[6.54439,46.34369],[6.54657,46.34394],[6.54293,46.33128],[6.53623,46.31931],[6.53189,46.31672],[6.50525,46.32232],[6.50019,46.32546],[6.49446,46.33275],[6.49265,46.33343],[6.49626,46.34114]]]]}},{"type":"Feature","properties":{"code":"74158","nom":"Machilly","departement":"74","region":"84"},"geometry":{"type":"MultiPolygon","coordinates":[[[[6.30853,46.25519],[6.30417,46.25544],[6.29871,46.25736],[6.29466,46.25991],[6.29486,46.26459],[6.29778,46.26671],[6.31468,46.26347],[6.32625,46.26625],[6.32725,46.26064],[6.32941,46.26059],[6.33584,46.25835],[6.34247,46.25512],[6.34799,46.24065],[6.34855,46.2381],[6.3472,46.23409],[6.34675,46.2333],[6.34483,46.2339],[6.34133,46.2391],[6.32931,46.24853],[6.30853,46.25519]]]]}},{"type":"Feature","properties":{"code":"74159","nom":"Magland","departement":"74","region":"84"},"geometry":{"type":"MultiPolygon","coordinates":[[[[6.57648,45.98172],[6.57488,45.98383],[6.56849,45.98527],[6.5712,45.99091],[6.57932,45.99591],[6.58605,46.00138],[6.58483,46.01218],[6.59375,46.02672],[6.59743,46.04036],[6.59796,46.044],[6.59964,46.04522],[6.6078,46.04433],[6.61359,46.04497],[6.61841,46.04176],[6.6243,46.02349],[6.62845,46.01522],[6.66351,46.00352],[6.67081,46.00317],[6.68334,46.00635],[6.68915,46.00609],[6.69955,46.00185],[6.7115,45.99531],[6.72252,45.9844],[6.71583,45.98363],[6.70566,45.97997],[6.69965,45.97538],[6.69482,45.97261],[6.693,45.97265],[6.69237,45.98306],[6.68781,45.98469],[6.66438,45.987],[6.65637,45.98288],[6.65893,45.97893],[6.65236,45.97781],[6.63779,45.97862],[6.63048,45.98058],[6.62575,45.98517],[6.62113,45.98703],[6.60671,45.97843],[6.59972,45.97585],[6.59038,45.97914],[6.57648,45.98172]]]]}},{"type":"Feature","properties":{"code":"74160","nom":"Manigod","departement":"74","region":"84"},"geometry":{"type":"MultiPolygon","coordinates":[[[[6.37173,45.82866],[6.37148,45.8305],[6.36517,45.83688],[6.35908,45.84083],[6.34701,45.85794],[6.34477,45.86309],[6.34571,45.86923],[6.34807,45.8724],[6.35182,45.87427],[6.35337,45.87429],[6.35429,45.87342],[6.35816,45.87452],[6.36192,45.87436],[6.36952,45.87567],[6.38622,45.88349],[6.39331,45.88537],[6.39739,45.8857],[6.40776,45.88413],[6.41654,45.87786],[6.42199,45.87189],[6.44388,45.86481],[6.44871,45.86282],[6.45032,45.86098],[6.4448,45.8455],[6.44526,45.84463],[6.4486,45.84203],[6.44992,45.8373],[6.44419,45.83138],[6.44048,45.82939],[6.42982,45.81666],[6.42664,45.81198],[6.42481,45.80292],[6.4201,45.80236],[6.41429,45.80832],[6.4056,45.82174],[6.40327,45.82362],[6.39277,45.82811],[6.38676,45.82864],[6.379,45.82623],[6.37542,45.82601],[6.37155,45.82776],[6.37173,45.82866]]]]}},{"type":"Feature","properties":{"code":"74161","nom":"Marcellaz-Albanais","departement":"74","region":"84"},"geometry":{"type":"MultiPolygon","coordinates":[[[[6.02012,45.8808],[6.02218,45.87973],[6.02533,45.87006],[6.02854,45.86699],[6.03305,45.85527],[6.03295,45.85298],[6.02867,45.84953],[6.02548,45.84991],[6.0198,45.8538],[6.01502,45.85481],[6.00512,45.84908],[5.99112,45.85539],[5.97298,45.86133],[5.9698,45.86934],[5.97206,45.87817],[5.97553,45.88538],[5.97585,45.89244],[5.97365,45.8958],[5.98341,45.89547],[5.99118,45.8978],[5.99166,45.8942],[5.99826,45.88685],[6.00779,45.88132],[6.02012,45.8808]]]]}},{"type":"Feature","properties":{"code":"74162","nom":"Marcellaz","departement":"74","region":"84"},"geometry":{"type":"MultiPolygon","coordinates":[[[[6.33901,46.14713],[6.34858,46.15291],[6.36547,46.15501],[6.37054,46.15356],[6.37221,46.15289],[6.37669,46.14824],[6.36375,46.1414],[6.36159,46.13797],[6.36105,46.13196],[6.35842,46.1309],[6.35267,46.13391],[6.34862,46.13699],[6.33901,46.14713]]]]}},{"type":"Feature","properties":{"code":"74163","nom":"Margencel","departement":"74","region":"84"},"geometry":{"type":"MultiPolygon","coordinates":[[[[6.41144,46.30996],[6.41042,46.32635],[6.41319,46.33398],[6.41219,46.34021],[6.40633,46.3467],[6.40033,46.34984],[6.39902,46.34977],[6.40437,46.35133],[6.40994,46.34654],[6.42883,46.34867],[6.44293,46.34528],[6.43814,46.33466],[6.42548,46.31643],[6.42455,46.3129],[6.42176,46.30991],[6.41504,46.30745],[6.41144,46.30996]]]]}},{"type":"Feature","properties":{"code":"74164","nom":"Marignier","departement":"74","region":"84"},"geometry":{"type":"MultiPolygon","coordinates":[[[[6.46882,46.08822],[6.46483,46.10051],[6.45789,46.10533],[6.47233,46.10625],[6.47779,46.10927],[6.48054,46.11273],[6.48835,46.11883],[6.49949,46.12552],[6.50256,46.12675],[6.5105,46.11741],[6.52028,46.10988],[6.52938,46.10651],[6.52866,46.10123],[6.52748,46.09967],[6.52077,46.09296],[6.51736,46.09302],[6.51655,46.0924],[6.5144,46.08712],[6.51357,46.07256],[6.49292,46.06873],[6.48011,46.06978],[6.47786,46.07101],[6.46705,46.07211],[6.46882,46.08822]]]]}},{"type":"Feature","properties":{"code":"74165","nom":"Marigny-Saint-Marcel","departement":"74","region":"84"},"geometry":{"type":"MultiPolygon","coordinates":[[[[5.99429,45.81894],[5.96921,45.81967],[5.9659,45.82107],[5.9657,45.82258],[5.96645,45.82253],[5.96531,45.82518],[5.96552,45.83034],[5.96101,45.83089],[5.96304,45.83967],[5.96542,45.84204],[5.97235,45.84489],[5.99223,45.83836],[5.99322,45.83704],[5.99293,45.83659],[6.00267,45.83283],[6.01244,45.82962],[6.01466,45.82678],[6.00865,45.8259],[5.99429,45.81894]]]]}},{"type":"Feature","properties":{"code":"74166","nom":"Marin","departement":"74","region":"84"},"geometry":{"type":"MultiPolygon","coordinates":[[[[6.50793,46.38303],[6.51355,46.38282],[6.53355,46.38617],[6.53752,46.38448],[6.54595,46.37838],[6.53876,46.37587],[6.53421,46.37096],[6.53687,46.36849],[6.53005,46.36344],[6.52483,46.36187],[6.51832,46.36178],[6.51569,46.3639],[6.51365,46.3651],[6.50674,46.36664],[6.50526,46.36807],[6.50793,46.38303]]]]}},{"type":"Feature","properties":{"code":"74167","nom":"Val de Chaise","departement":"74","region":"84"},"geometry":{"type":"MultiPolygon","coordinates":[[[[6.34907,45.77927],[6.36762,45.7823],[6.37805,45.78575],[6.39278,45.78446],[6.38368,45.7778],[6.36832,45.77196],[6.3626,45.7682],[6.36262,45.76712],[6.36458,45.76567],[6.36837,45.76646],[6.37447,45.766],[6.37474,45.76147],[6.37198,45.754],[6.37083,45.75313],[6.34803,45.7372],[6.35324,45.73245],[6.35127,45.72961],[6.33561,45.73699],[6.31732,45.74146],[6.31411,45.74347],[6.31482,45.74962],[6.31673,45.7516],[6.31778,45.75299],[6.32389,45.75508],[6.32864,45.75485],[6.32686,45.75851],[6.32916,45.7633],[6.33051,45.78826],[6.33324,45.78952],[6.34189,45.78744],[6.34377,45.78547],[6.34411,45.78233],[6.34907,45.77927]]]]}},{"type":"Feature","properties":{"code":"74168","nom":"Marlioz","departement":"74","region":"84"},"geometry":{"type":"MultiPolygon","coordinates":[[[[6.02696,46.00789],[6.00686,46.00924],[6.00306,46.00823],[5.99524,46.01066],[5.99054,46.01385],[6.00208,46.01638],[6.00771,46.01989],[5.99068,46.03099],[5.98399,46.04038],[6.00251,46.04739],[6.00338,46.04706],[6.00815,46.04242],[6.01375,46.04129],[6.02183,46.04225],[6.02546,46.04138],[6.02616,46.03968],[6.02424,46.03786],[6.02385,46.03618],[6.02657,46.03446],[6.01989,46.02606],[6.01181,46.02234],[6.00991,46.01989],[6.01637,46.01641],[6.0213,46.01572],[6.02659,46.01621],[6.02861,46.0153],[6.03001,46.01361],[6.0303,46.00949],[6.02696,46.00789]]]]}},{"type":"Feature","properties":{"code":"74169","nom":"Marnaz","departement":"74","region":"84"},"geometry":{"type":"MultiPolygon","coordinates":[[[[6.54046,46.06359],[6.5425,46.06157],[6.54202,46.05975],[6.52884,46.04231],[6.52036,46.02592],[6.51009,46.02183],[6.50436,46.02717],[6.51417,46.04473],[6.50954,46.0558],[6.50685,46.05832],[6.50802,46.06141],[6.5192,46.07241],[6.51503,46.07265],[6.52263,46.07348],[6.53653,46.07356],[6.53848,46.07119],[6.53719,46.06873],[6.53769,46.06699],[6.54046,46.06359]]]]}},{"type":"Feature","properties":{"code":"74170","nom":"Massingy","departement":"74","region":"84"},"geometry":{"type":"MultiPolygon","coordinates":[[[[5.93993,45.83245],[5.93423,45.81983],[5.934,45.81463],[5.93307,45.8096],[5.93025,45.80705],[5.9185,45.80382],[5.91394,45.80413],[5.90491,45.8125],[5.90342,45.81773],[5.89837,45.82223],[5.88124,45.83141],[5.88788,45.83879],[5.89052,45.8396],[5.8983,45.83975],[5.90571,45.8387],[5.91124,45.84209],[5.92598,45.84714],[5.93095,45.8465],[5.93589,45.84092],[5.93993,45.83245]]]]}},{"type":"Feature","properties":{"code":"74171","nom":"Massongy","departement":"74","region":"84"},"geometry":{"type":"MultiPolygon","coordinates":[[[[6.32849,46.30657],[6.31827,46.31567],[6.30896,46.32222],[6.29465,46.32488],[6.29262,46.3258],[6.28863,46.32807],[6.28839,46.32967],[6.28969,46.33054],[6.29381,46.33179],[6.3027,46.33721],[6.30845,46.33811],[6.31849,46.33531],[6.32274,46.33304],[6.32872,46.33393],[6.33481,46.33604],[6.34038,46.33215],[6.34475,46.32711],[6.35438,46.31208],[6.34567,46.30931],[6.32849,46.30657]]]]}},{"type":"Feature","properties":{"code":"74172","nom":"Maxilly-sur-Léman","departement":"74","region":"84"},"geometry":{"type":"MultiPolygon","coordinates":[[[[6.62281,46.38495],[6.62067,46.39185],[6.61912,46.4038],[6.62855,46.40442],[6.63609,46.40601],[6.63828,46.40543],[6.63753,46.40409],[6.63987,46.40186],[6.64287,46.40118],[6.64992,46.38632],[6.64911,46.38476],[6.64361,46.38407],[6.62556,46.38552],[6.62281,46.38495]]]]}},{"type":"Feature","properties":{"code":"74173","nom":"Megève","departement":"74","region":"84"},"geometry":{"type":"MultiPolygon","coordinates":[[[[6.5681,45.86239],[6.56679,45.87208],[6.56842,45.87504],[6.57288,45.87748],[6.57708,45.87862],[6.58827,45.87913],[6.58915,45.87969],[6.59022,45.87824],[6.59474,45.87675],[6.59421,45.87533],[6.59694,45.87373],[6.62184,45.87016],[6.65287,45.85906],[6.65802,45.8585],[6.65751,45.8554],[6.66961,45.83698],[6.66854,45.83119],[6.6712,45.82893],[6.68093,45.82546],[6.68117,45.82416],[6.67985,45.82056],[6.67785,45.81864],[6.67475,45.81669],[6.67045,45.81575],[6.6648,45.80956],[6.65917,45.80054],[6.65506,45.79967],[6.63665,45.80004],[6.63623,45.80316],[6.6234,45.80771],[6.6104,45.81603],[6.60796,45.81839],[6.58778,45.82951],[6.5854,45.84469],[6.576,45.85397],[6.56984,45.86167],[6.5681,45.86239]]]]}},{"type":"Feature","properties":{"code":"74174","nom":"Mégevette","departement":"74","region":"84"},"geometry":{"type":"MultiPolygon","coordinates":[[[[6.55854,46.19957],[6.55505,46.1964],[6.55375,46.19361],[6.54991,46.19101],[6.54607,46.19316],[6.51642,46.19197],[6.4987,46.19363],[6.4967,46.19294],[6.49635,46.1908],[6.49188,46.18839],[6.48429,46.19229],[6.47678,46.2074],[6.47514,46.2118],[6.4846,46.22248],[6.48835,46.22548],[6.4891,46.22834],[6.49376,46.228],[6.49713,46.23178],[6.50283,46.23498],[6.50945,46.23652],[6.51613,46.23669],[6.51962,46.23413],[6.52085,46.22825],[6.51987,46.22528],[6.52352,46.21768],[6.52757,46.21397],[6.52938,46.2135],[6.5356,46.21418],[6.54295,46.21702],[6.55122,46.21466],[6.55467,46.21173],[6.55868,46.2057],[6.55854,46.19957]]]]}},{"type":"Feature","properties":{"code":"74175","nom":"Meillerie","departement":"74","region":"84"},"geometry":{"type":"MultiPolygon","coordinates":[[[[6.70626,46.3999],[6.71087,46.40249],[6.71213,46.40764],[6.72235,46.40784],[6.75753,46.40267],[6.75138,46.39527],[6.7505,46.39152],[6.73768,46.3966],[6.73316,46.39688],[6.72801,46.39601],[6.72638,46.39496],[6.72136,46.39491],[6.70875,46.39782],[6.70626,46.3999]]]]}},{"type":"Feature","properties":{"code":"74176","nom":"Menthon-Saint-Bernard","departement":"74","region":"84"},"geometry":{"type":"MultiPolygon","coordinates":[[[[6.16519,45.86421],[6.18602,45.86472],[6.18941,45.86668],[6.19574,45.87113],[6.19692,45.87308],[6.1954,45.87781],[6.19612,45.88327],[6.20885,45.88224],[6.21821,45.87771],[6.21223,45.8727],[6.20731,45.86375],[6.20681,45.86055],[6.21053,45.85674],[6.17189,45.85074],[6.16519,45.86421]]]]}},{"type":"Feature","properties":{"code":"74177","nom":"Menthonnex-en-Bornes","departement":"74","region":"84"},"geometry":{"type":"MultiPolygon","coordinates":[[[[6.16163,46.06551],[6.17119,46.07673],[6.17621,46.07692],[6.18898,46.074],[6.19638,46.07016],[6.19983,46.06657],[6.19993,46.05773],[6.19533,46.04639],[6.1938,46.04571],[6.1715,46.04015],[6.17239,46.04397],[6.16847,46.05127],[6.15868,46.0578],[6.16051,46.0648],[6.16163,46.06551]]]]}},{"type":"Feature","properties":{"code":"74178","nom":"Menthonnex-sous-Clermont","departement":"74","region":"84"},"geometry":{"type":"MultiPolygon","coordinates":[[[[5.9332,45.93869],[5.92818,45.93797],[5.92104,45.93861],[5.92082,45.94074],[5.91312,45.95504],[5.91393,45.95539],[5.91492,45.96099],[5.92175,45.96971],[5.93358,45.97952],[5.93495,45.97844],[5.94924,45.97928],[5.95762,45.97318],[5.96207,45.96483],[5.96044,45.96264],[5.96154,45.96222],[5.96131,45.96144],[5.95012,45.95569],[5.93638,45.9518],[5.93286,45.94781],[5.9332,45.93869]]]]}},{"type":"Feature","properties":{"code":"74179","nom":"Mésigny","departement":"74","region":"84"},"geometry":{"type":"MultiPolygon","coordinates":[[[[5.99151,45.97436],[5.98894,45.98206],[5.98281,45.994],[5.98547,45.9951],[5.98994,45.99537],[6.0023,45.99436],[6.00528,46.00032],[6.0091,46.00028],[6.02641,45.99274],[6.03284,45.98696],[6.03157,45.98574],[6.0084,45.97567],[6.00672,45.97411],[6.00153,45.97337],[5.99423,45.9735],[5.99151,45.97436]]]]}},{"type":"Feature","properties":{"code":"74180","nom":"Messery","departement":"74","region":"84"},"geometry":{"type":"MultiPolygon","coordinates":[[[[6.26937,46.3367],[6.27229,46.33864],[6.27668,46.34487],[6.27768,46.35026],[6.29141,46.35927],[6.29884,46.35359],[6.30747,46.35501],[6.31303,46.35812],[6.31844,46.36428],[6.32108,46.36093],[6.32634,46.35736],[6.32711,46.35297],[6.31849,46.33531],[6.30845,46.33811],[6.3027,46.33721],[6.29381,46.33179],[6.28969,46.33054],[6.28863,46.33129],[6.27903,46.33161],[6.27654,46.33091],[6.26937,46.3367]]]]}},{"type":"Feature","properties":{"code":"74183","nom":"Mieussy","departement":"74","region":"84"},"geometry":{"type":"MultiPolygon","coordinates":[[[[6.48095,46.165],[6.48286,46.16585],[6.49125,46.16665],[6.50631,46.16638],[6.52322,46.16783],[6.53947,46.17539],[6.54925,46.18092],[6.54873,46.18785],[6.54991,46.19101],[6.55375,46.19361],[6.55505,46.1964],[6.55854,46.19957],[6.56313,46.18661],[6.57312,46.16765],[6.59484,46.17264],[6.59691,46.17019],[6.59996,46.16848],[6.59782,46.16552],[6.58052,46.16482],[6.57629,46.1635],[6.56826,46.15078],[6.56463,46.1488],[6.56285,46.14082],[6.56983,46.12912],[6.56895,46.12444],[6.56616,46.12222],[6.56009,46.11035],[6.55898,46.10799],[6.55554,46.10619],[6.55048,46.1062],[6.5402,46.10477],[6.52938,46.10651],[6.52028,46.10988],[6.5105,46.11741],[6.50256,46.12675],[6.49949,46.12552],[6.47887,46.1509],[6.47653,46.15619],[6.47839,46.16293],[6.48095,46.165]]]]}},{"type":"Feature","properties":{"code":"74184","nom":"Minzier","departement":"74","region":"84"},"geometry":{"type":"MultiPolygon","coordinates":[[[[5.98399,46.04038],[5.97902,46.03897],[5.97338,46.03612],[5.96626,46.04328],[5.96674,46.05023],[5.97353,46.05163],[5.97662,46.05411],[5.97596,46.05978],[5.97332,46.06501],[5.97497,46.06428],[5.98549,46.0634],[5.99235,46.06388],[6.00401,46.07282],[6.01511,46.08461],[6.01825,46.08325],[6.01295,46.0763],[6.01712,46.07456],[6.01065,46.06095],[6.00401,46.05349],[6.00338,46.04706],[6.00251,46.04739],[5.98399,46.04038]]]]}},{"type":"Feature","properties":{"code":"74185","nom":"Monnetier-Mornex","departement":"74","region":"84"},"geometry":{"type":"MultiPolygon","coordinates":[[[[6.19042,46.15432],[6.19641,46.16073],[6.20364,46.16508],[6.20917,46.16756],[6.22543,46.17283],[6.23032,46.17234],[6.2446,46.16876],[6.24199,46.16383],[6.23916,46.15992],[6.23022,46.15705],[6.22384,46.14716],[6.22314,46.14239],[6.21908,46.13742],[6.20676,46.13371],[6.20056,46.13431],[6.18723,46.13782],[6.18395,46.14014],[6.19345,46.15208],[6.19042,46.15432]]]]}},{"type":"Feature","properties":{"code":"74186","nom":"Montagny-les-Lanches","departement":"74","region":"84"},"geometry":{"type":"MultiPolygon","coordinates":[[[[6.02854,45.86699],[6.0301,45.86807],[6.03547,45.8685],[6.05998,45.86896],[6.05928,45.86727],[6.06189,45.86206],[6.06401,45.85425],[6.05931,45.85008],[6.05233,45.84664],[6.04458,45.85305],[6.03295,45.85298],[6.03305,45.85527],[6.02854,45.86699]]]]}},{"type":"Feature","properties":{"code":"74188","nom":"Montriond","departement":"74","region":"84"},"geometry":{"type":"MultiPolygon","coordinates":[[[[6.80681,46.17804],[6.78454,46.18935],[6.77561,46.19477],[6.77001,46.20169],[6.7643,46.20419],[6.75722,46.20608],[6.75237,46.2055],[6.73635,46.20118],[6.71644,46.19164],[6.70104,46.18813],[6.69321,46.19488],[6.68106,46.19955],[6.68179,46.20101],[6.68117,46.20245],[6.67694,46.20373],[6.67927,46.20697],[6.70443,46.21561],[6.71266,46.21764],[6.72049,46.22167],[6.72652,46.2258],[6.73024,46.23147],[6.74869,46.22964],[6.75615,46.22979],[6.76634,46.2261],[6.77571,46.21626],[6.78614,46.21081],[6.79086,46.2032],[6.79465,46.19896],[6.79661,46.198],[6.80707,46.19596],[6.80946,46.18914],[6.80903,46.18357],[6.80681,46.17804]]]]}},{"type":"Feature","properties":{"code":"74189","nom":"Mont-Saxonnex","departement":"74","region":"84"},"geometry":{"type":"MultiPolygon","coordinates":[[[[6.46015,45.9989],[6.45994,45.99891],[6.45784,45.99948],[6.45443,46.00235],[6.44935,46.00877],[6.44835,46.01298],[6.44914,46.0219],[6.45273,46.03376],[6.45721,46.04366],[6.45681,46.04898],[6.45444,46.05132],[6.45518,46.05434],[6.45578,46.05553],[6.45497,46.0564],[6.45299,46.05756],[6.45074,46.05735],[6.44995,46.0585],[6.46012,46.05969],[6.4669,46.0606],[6.48002,46.06388],[6.49446,46.06187],[6.50155,46.06292],[6.5052,46.06277],[6.50735,46.06256],[6.50802,46.06141],[6.50685,46.05832],[6.50954,46.0558],[6.51417,46.04473],[6.50436,46.02717],[6.51009,46.02183],[6.50555,46.0196],[6.49067,46.01479],[6.46015,45.9989]]]]}},{"type":"Feature","properties":{"code":"74190","nom":"Morillon","departement":"74","region":"84"},"geometry":{"type":"MultiPolygon","coordinates":[[[[6.6843,46.08684],[6.6857,46.08678],[6.69,46.08392],[6.69079,46.08076],[6.68639,46.07175],[6.68355,46.06276],[6.68293,46.05517],[6.68328,46.05348],[6.68482,46.05284],[6.6925,46.05244],[6.69524,46.04606],[6.69611,46.03892],[6.69469,46.03106],[6.6936,46.03255],[6.67493,46.0363],[6.66438,46.04178],[6.66311,46.04625],[6.6636,46.0541],[6.65165,46.06659],[6.64611,46.07083],[6.64947,46.07379],[6.65364,46.08106],[6.66339,46.09303],[6.66602,46.09014],[6.66913,46.08874],[6.6843,46.08684]]]]}},{"type":"Feature","properties":{"code":"74191","nom":"Morzine","departement":"74","region":"84"},"geometry":{"type":"MultiPolygon","coordinates":[[[[6.80681,46.17804],[6.80553,46.1739],[6.79224,46.16141],[6.79049,46.15452],[6.7734,46.15274],[6.76507,46.14873],[6.7441,46.14772],[6.73251,46.1397],[6.73107,46.13793],[6.71453,46.1409],[6.69441,46.1608],[6.69491,46.16238],[6.69245,46.17298],[6.6882,46.18258],[6.67953,46.19116],[6.67952,46.19194],[6.68106,46.19955],[6.69321,46.19488],[6.70104,46.18813],[6.71644,46.19164],[6.73635,46.20118],[6.75237,46.2055],[6.75722,46.20608],[6.7643,46.20419],[6.77001,46.20169],[6.77561,46.19477],[6.78454,46.18935],[6.80681,46.17804]]]]}},{"type":"Feature","properties":{"code":"74192","nom":"Moye","departement":"74","region":"84"},"geometry":{"type":"MultiPolygon","coordinates":[[[[5.91124,45.84209],[5.90571,45.8387],[5.8983,45.83975],[5.89052,45.8396],[5.88788,45.83879],[5.88124,45.83141],[5.8756,45.83448],[5.87308,45.83421],[5.87324,45.83893],[5.8765,45.84822],[5.87878,45.8614],[5.8781,45.86301],[5.87607,45.8635],[5.87434,45.87134],[5.86814,45.88894],[5.86677,45.89883],[5.89893,45.90057],[5.90618,45.90427],[5.9191,45.8917],[5.92165,45.89033],[5.92468,45.88625],[5.92212,45.88465],[5.92505,45.87487],[5.92361,45.86793],[5.91756,45.8639],[5.9108,45.85516],[5.91014,45.8462],[5.91124,45.84209]]]]}},{"type":"Feature","properties":{"code":"74193","nom":"La Muraz","departement":"74","region":"84"},"geometry":{"type":"MultiPolygon","coordinates":[[[[6.18395,46.14014],[6.18723,46.13782],[6.20056,46.13431],[6.20676,46.13371],[6.21908,46.13742],[6.22314,46.14239],[6.22776,46.13936],[6.22999,46.13577],[6.22099,46.12639],[6.21689,46.11188],[6.21477,46.10426],[6.20185,46.09681],[6.19839,46.09688],[6.19391,46.10027],[6.19463,46.10201],[6.17427,46.10712],[6.16862,46.10769],[6.16269,46.11213],[6.17163,46.11954],[6.17402,46.1334],[6.17702,46.13691],[6.18202,46.13845],[6.18395,46.14014]]]]}},{"type":"Feature","properties":{"code":"74194","nom":"Mûres","departement":"74","region":"84"},"geometry":{"type":"MultiPolygon","coordinates":[[[[6.0449,45.82338],[6.04495,45.82026],[6.04879,45.81265],[6.05336,45.80503],[6.05558,45.80447],[6.05558,45.80339],[6.05141,45.799],[6.04281,45.79273],[6.03921,45.79179],[6.03168,45.79262],[6.02919,45.79455],[6.02786,45.79462],[6.02424,45.80466],[6.03621,45.81842],[6.0399,45.82152],[6.04399,45.82362],[6.0449,45.82338]]]]}},{"type":"Feature","properties":{"code":"74195","nom":"Musièges","departement":"74","region":"84"},"geometry":{"type":"MultiPolygon","coordinates":[[[[5.94862,46.01874],[5.95294,46.02038],[5.95624,46.02354],[5.96311,46.02329],[5.96764,46.01936],[5.96595,46.00776],[5.96477,46.00763],[5.95451,46.00754],[5.93666,46.01382],[5.93966,46.01613],[5.94862,46.01874]]]]}},{"type":"Feature","properties":{"code":"74196","nom":"Nancy-sur-Cluses","departement":"74","region":"84"},"geometry":{"type":"MultiPolygon","coordinates":[[[[6.55969,46.02964],[6.56014,46.04597],[6.5696,46.05189],[6.57727,46.05419],[6.58788,46.04392],[6.5924,46.04304],[6.59743,46.04036],[6.59375,46.02672],[6.58483,46.01218],[6.58605,46.00138],[6.57932,45.99591],[6.5712,45.99091],[6.55616,46.00635],[6.5547,46.01328],[6.56039,46.02809],[6.55969,46.02964]]]]}},{"type":"Feature","properties":{"code":"74197","nom":"Nangy","departement":"74","region":"84"},"geometry":{"type":"MultiPolygon","coordinates":[[[[6.31752,46.14847],[6.31673,46.14741],[6.31883,46.14455],[6.31913,46.13715],[6.31641,46.13709],[6.31198,46.13415],[6.30837,46.13475],[6.30332,46.14428],[6.29408,46.14948],[6.28917,46.15021],[6.28908,46.15726],[6.29017,46.15889],[6.31068,46.1625],[6.31659,46.161],[6.31889,46.15727],[6.31564,46.15346],[6.31523,46.1497],[6.31752,46.14847]]]]}},{"type":"Feature","properties":{"code":"74198","nom":"Nâves-Parmelan","departement":"74","region":"84"},"geometry":{"type":"MultiPolygon","coordinates":[[[[6.21522,45.94068],[6.21495,45.93345],[6.21301,45.9277],[6.20882,45.92285],[6.19562,45.92158],[6.19332,45.92057],[6.18438,45.92473],[6.1795,45.92841],[6.17625,45.93029],[6.17537,45.93623],[6.18657,45.93717],[6.18926,45.93834],[6.20557,45.94126],[6.21522,45.94068]]]]}},{"type":"Feature","properties":{"code":"74199","nom":"Nernier","departement":"74","region":"84"},"geometry":{"type":"MultiPolygon","coordinates":[[[[6.29141,46.35927],[6.29453,46.36128],[6.29616,46.36115],[6.30055,46.36353],[6.30167,46.36436],[6.30113,46.36485],[6.30107,46.36535],[6.30206,46.36419],[6.3042,46.36646],[6.30858,46.36647],[6.31551,46.36883],[6.31844,46.36428],[6.31303,46.35812],[6.30747,46.35501],[6.29884,46.35359],[6.29141,46.35927]]]]}},{"type":"Feature","properties":{"code":"74200","nom":"Neuvecelle","departement":"74","region":"84"},"geometry":{"type":"MultiPolygon","coordinates":[[[[6.61912,46.4038],[6.62067,46.39185],[6.62281,46.38495],[6.60844,46.38354],[6.59519,46.38463],[6.59631,46.39829],[6.61203,46.39957],[6.61386,46.40095],[6.61407,46.40324],[6.61912,46.4038]]]]}},{"type":"Feature","properties":{"code":"74201","nom":"Neydens","departement":"74","region":"84"},"geometry":{"type":"MultiPolygon","coordinates":[[[[6.13574,46.10867],[6.12995,46.10959],[6.12637,46.11172],[6.11335,46.11236],[6.09392,46.10156],[6.08823,46.10905],[6.08506,46.12298],[6.08668,46.12305],[6.09086,46.12664],[6.09548,46.13236],[6.09552,46.13393],[6.1085,46.13662],[6.11181,46.13513],[6.11527,46.1229],[6.1213,46.11894],[6.12312,46.11952],[6.12941,46.11807],[6.13181,46.11598],[6.13574,46.10867]]]]}},{"type":"Feature","properties":{"code":"74202","nom":"Nonglard","departement":"74","region":"84"},"geometry":{"type":"MultiPolygon","coordinates":[[[[6.03695,45.91755],[6.02428,45.91068],[6.02053,45.90997],[6.01883,45.91117],[6.01732,45.91046],[6.0126,45.91929],[6.01273,45.92322],[6.01376,45.92569],[6.01897,45.92962],[6.02785,45.93196],[6.03895,45.93289],[6.04345,45.93146],[6.03695,45.91755]]]]}},{"type":"Feature","properties":{"code":"74203","nom":"Novel","departement":"74","region":"84"},"geometry":{"type":"MultiPolygon","coordinates":[[[[6.7545,46.34439],[6.7504,46.34777],[6.74841,46.34965],[6.73745,46.35087],[6.73117,46.35298],[6.73959,46.35996],[6.7452,46.36071],[6.74214,46.37018],[6.76927,46.37353],[6.78742,46.37861],[6.79618,46.37699],[6.80097,46.37534],[6.79118,46.36694],[6.78071,46.36653],[6.77144,46.36102],[6.77058,46.35544],[6.77209,46.35027],[6.77515,46.34714],[6.75842,46.34617],[6.7545,46.34439]]]]}},{"type":"Feature","properties":{"code":"74205","nom":"Onnion","departement":"74","region":"84"},"geometry":{"type":"MultiPolygon","coordinates":[[[[6.54991,46.19101],[6.54873,46.18785],[6.54925,46.18092],[6.53947,46.17539],[6.52322,46.16783],[6.50631,46.16638],[6.49125,46.16665],[6.48286,46.16585],[6.48095,46.165],[6.46705,46.16962],[6.46338,46.17192],[6.45752,46.1771],[6.4543,46.18381],[6.46388,46.19944],[6.46583,46.19933],[6.47678,46.2074],[6.48429,46.19229],[6.49188,46.18839],[6.49635,46.1908],[6.4967,46.19294],[6.4987,46.19363],[6.51642,46.19197],[6.54607,46.19316],[6.54991,46.19101]]]]}},{"type":"Feature","properties":{"code":"74206","nom":"Orcier","departement":"74","region":"84"},"geometry":{"type":"MultiPolygon","coordinates":[[[[6.47405,46.3175],[6.47342,46.31854],[6.47501,46.32053],[6.48498,46.3226],[6.49214,46.33035],[6.49265,46.33343],[6.49446,46.33275],[6.50019,46.32546],[6.50525,46.32232],[6.53189,46.31672],[6.51243,46.30259],[6.50705,46.29968],[6.50585,46.29769],[6.49802,46.29134],[6.49188,46.29548],[6.47928,46.31487],[6.47405,46.3175]]]]}},{"type":"Feature","properties":{"code":"74226","nom":"Saint-André-de-Boëge","departement":"74","region":"84"},"geometry":{"type":"MultiPolygon","coordinates":[[[[6.35461,46.21364],[6.36809,46.20609],[6.3786,46.20297],[6.39076,46.20109],[6.4026,46.20257],[6.40838,46.20114],[6.41814,46.1961],[6.41559,46.19263],[6.41037,46.18402],[6.40206,46.17647],[6.39875,46.17594],[6.37651,46.17887],[6.37017,46.1836],[6.35204,46.19324],[6.34987,46.19318],[6.34805,46.19649],[6.34685,46.19699],[6.35377,46.21173],[6.35461,46.21364]]]]}},{"type":"Feature","properties":{"code":"74208","nom":"Passy","departement":"74","region":"84"},"geometry":{"type":"MultiPolygon","coordinates":[[[[6.75016,45.90529],[6.74858,45.90334],[6.74085,45.89984],[6.73028,45.8988],[6.7122,45.90319],[6.69713,45.91013],[6.69252,45.91024],[6.69251,45.90971],[6.68849,45.90929],[6.68765,45.90861],[6.6852,45.90886],[6.67511,45.91034],[6.66046,45.91427],[6.6519,45.91945],[6.64881,45.92253],[6.64595,45.92737],[6.6503,45.92828],[6.65817,45.92974],[6.6624,45.92903],[6.66424,45.93012],[6.66243,45.93569],[6.65446,45.95131],[6.65411,45.95521],[6.65542,45.95755],[6.67154,45.96391],[6.6846,45.96209],[6.693,45.97265],[6.69482,45.97261],[6.69965,45.97538],[6.70566,45.97997],[6.71583,45.98363],[6.72252,45.9844],[6.72381,45.97886],[6.72881,45.96922],[6.73565,45.9675],[6.74437,45.96657],[6.76204,45.9654],[6.76545,45.96614],[6.7806,45.97438],[6.78539,45.98009],[6.77938,45.98729],[6.77557,45.99784],[6.774,46.01196],[6.77462,46.01499],[6.77994,46.01595],[6.78817,46.01069],[6.79391,46.00871],[6.79815,46.00931],[6.80251,46.01092],[6.80386,46.0115],[6.8139,46.00369],[6.81966,46.00164],[6.82125,46.00174],[6.82973,46.00447],[6.83644,46.00997],[6.83751,46.01485],[6.84124,46.01717],[6.84459,46.018],[6.85544,46.0072],[6.84789,46.005],[6.83974,46.00096],[6.83402,45.99488],[6.83315,45.98524],[6.83017,45.97544],[6.82247,45.96315],[6.82457,45.95453],[6.80081,45.95802],[6.79119,45.96314],[6.78422,45.96407],[6.77665,45.95539],[6.76712,45.95006],[6.75129,45.94399],[6.74568,45.93539],[6.75023,45.93136],[6.75678,45.92834],[6.75608,45.92689],[6.75145,45.91544],[6.75016,45.90529]]]]}},{"type":"Feature","properties":{"code":"74209","nom":"Peillonnex","departement":"74","region":"84"},"geometry":{"type":"MultiPolygon","coordinates":[[[[6.38331,46.12092],[6.36389,46.12854],[6.36105,46.13196],[6.36159,46.13797],[6.36375,46.1414],[6.37669,46.14824],[6.39113,46.13813],[6.39231,46.13714],[6.40142,46.13615],[6.40216,46.13512],[6.40022,46.13296],[6.40272,46.12768],[6.40388,46.1271],[6.39463,46.11782],[6.38891,46.12228],[6.38331,46.12092]]]]}},{"type":"Feature","properties":{"code":"74210","nom":"Perrignier","departement":"74","region":"84"},"geometry":{"type":"MultiPolygon","coordinates":[[[[6.42548,46.31643],[6.44214,46.31552],[6.46035,46.31682],[6.46939,46.31492],[6.46995,46.31352],[6.46718,46.31144],[6.46384,46.31323],[6.45747,46.31222],[6.45312,46.30594],[6.45075,46.29898],[6.44886,46.29763],[6.44267,46.29552],[6.43509,46.29499],[6.42881,46.29268],[6.42724,46.29206],[6.42221,46.29208],[6.40283,46.30595],[6.40362,46.30697],[6.40463,46.30745],[6.41065,46.30708],[6.41144,46.30996],[6.41504,46.30745],[6.42176,46.30991],[6.42455,46.3129],[6.42548,46.31643]]]]}},{"type":"Feature","properties":{"code":"74211","nom":"Pers-Jussy","departement":"74","region":"84"},"geometry":{"type":"MultiPolygon","coordinates":[[[[6.30268,46.10483],[6.2773,46.09192],[6.26678,46.08881],[6.26161,46.08644],[6.25975,46.07817],[6.26376,46.0749],[6.25863,46.0745],[6.25686,46.07696],[6.25027,46.07938],[6.22948,46.08353],[6.22716,46.10486],[6.22796,46.11002],[6.23306,46.11394],[6.25778,46.12326],[6.26199,46.12644],[6.26415,46.12666],[6.26622,46.12579],[6.27115,46.11919],[6.27827,46.11592],[6.28993,46.11743],[6.29744,46.10914],[6.30268,46.10483]]]]}},{"type":"Feature","properties":{"code":"74212","nom":"Glières-Val-de-Borne","departement":"74","region":"84"},"geometry":{"type":"MultiPolygon","coordinates":[[[[6.40889,45.94172],[6.40061,45.93925],[6.3915,45.9378],[6.38826,45.94109],[6.37712,45.93929],[6.37309,45.93778],[6.36095,45.93315],[6.35016,45.92731],[6.34179,45.93144],[6.33908,45.93423],[6.33384,45.93696],[6.33691,45.94103],[6.34231,45.94566],[6.34487,45.94935],[6.34423,45.9501],[6.33823,45.95701],[6.32674,45.97339],[6.35025,45.9899],[6.35035,45.99703],[6.34708,46.00042],[6.3464,46.00304],[6.34597,46.00547],[6.34727,46.00626],[6.34943,46.00765],[6.34948,46.01456],[6.34324,46.01957],[6.34631,46.02006],[6.34997,46.02219],[6.36757,46.02922],[6.38503,46.02958],[6.3887,46.03156],[6.4049,46.04214],[6.41318,46.04363],[6.41662,46.04262],[6.41391,46.03389],[6.40889,46.02865],[6.40913,46.02446],[6.41104,46.02044],[6.41315,46.01835],[6.42117,46.01467],[6.44033,46.02453],[6.44914,46.0219],[6.44835,46.01298],[6.44935,46.00877],[6.45443,46.00235],[6.45784,45.99948],[6.45994,45.99891],[6.45142,45.99557],[6.44863,45.99332],[6.44669,45.9901],[6.43114,45.97869],[6.41889,45.96766],[6.41491,45.9637],[6.40774,45.95518],[6.40411,45.94663],[6.40552,45.94326],[6.40889,45.94172]]]]}},{"type":"Feature","properties":{"code":"74213","nom":"Poisy","departement":"74","region":"84"},"geometry":{"type":"MultiPolygon","coordinates":[[[[6.05474,45.93692],[6.06289,45.93913],[6.07867,45.934],[6.07903,45.93162],[6.07581,45.92927],[6.07625,45.92685],[6.07835,45.92438],[6.08618,45.92112],[6.08404,45.91759],[6.0868,45.90952],[6.08658,45.90819],[6.08473,45.90239],[6.08315,45.9018],[6.08025,45.90132],[6.07274,45.90209],[6.06032,45.90024],[6.0574,45.89911],[6.0557,45.90184],[6.04457,45.90941],[6.03695,45.91755],[6.04345,45.93146],[6.05474,45.93692]]]]}},{"type":"Feature","properties":{"code":"74215","nom":"Praz-sur-Arly","departement":"74","region":"84"},"geometry":{"type":"MultiPolygon","coordinates":[[[[6.53508,45.86187],[6.54208,45.86288],[6.56541,45.86291],[6.5681,45.86239],[6.56984,45.86167],[6.576,45.85397],[6.5854,45.84469],[6.58778,45.82951],[6.60796,45.81839],[6.6104,45.81603],[6.6234,45.80771],[6.63623,45.80316],[6.63665,45.80004],[6.61819,45.79572],[6.59918,45.79245],[6.59359,45.79431],[6.58579,45.80013],[6.58361,45.80568],[6.58425,45.80735],[6.58231,45.81119],[6.57678,45.81654],[6.57381,45.81793],[6.56931,45.8181],[6.56558,45.81569],[6.55898,45.82016],[6.55341,45.82585],[6.5504,45.8361],[6.54555,45.84767],[6.53508,45.86187]]]]}},{"type":"Feature","properties":{"code":"74216","nom":"Présilly","departement":"74","region":"84"},"geometry":{"type":"MultiPolygon","coordinates":[[[[6.09134,46.09616],[6.10124,46.08919],[6.10627,46.0866],[6.12648,46.07991],[6.12644,46.07936],[6.1244,46.07833],[6.12222,46.07524],[6.11905,46.0752],[6.10482,46.06745],[6.09408,46.07464],[6.07312,46.08747],[6.06241,46.08643],[6.0516,46.08412],[6.05162,46.08584],[6.05219,46.08974],[6.05353,46.08961],[6.0691,46.09467],[6.06923,46.0995],[6.08449,46.09857],[6.09134,46.09616]]]]}},{"type":"Feature","properties":{"code":"74218","nom":"Publier","departement":"74","region":"84"},"geometry":{"type":"MultiPolygon","coordinates":[[[[6.54595,46.37838],[6.53752,46.38448],[6.53355,46.38617],[6.51355,46.38282],[6.50793,46.38303],[6.51317,46.40491],[6.51989,46.40429],[6.53545,46.3975],[6.54488,46.39473],[6.54848,46.39488],[6.5656,46.3985],[6.568,46.39834],[6.57243,46.38669],[6.57726,46.38008],[6.57158,46.37989],[6.54595,46.37838]]]]}},{"type":"Feature","properties":{"code":"74219","nom":"Quintal","departement":"74","region":"84"},"geometry":{"type":"MultiPolygon","coordinates":[[[[6.10267,45.83771],[6.10527,45.83439],[6.11131,45.83082],[6.11051,45.81891],[6.10775,45.80898],[6.10102,45.80903],[6.09925,45.81006],[6.09747,45.81972],[6.08911,45.82133],[6.07488,45.82993],[6.07266,45.83045],[6.07169,45.83432],[6.07279,45.84855],[6.07485,45.85117],[6.08507,45.85549],[6.08806,45.85464],[6.10267,45.83771]]]]}},{"type":"Feature","properties":{"code":"74220","nom":"Reignier-Ésery","departement":"74","region":"84"},"geometry":{"type":"MultiPolygon","coordinates":[[[[6.29811,46.1198],[6.29278,46.11917],[6.28993,46.11743],[6.27827,46.11592],[6.27115,46.11919],[6.26622,46.12579],[6.26415,46.12666],[6.26199,46.12644],[6.25778,46.12326],[6.23306,46.11394],[6.22796,46.11002],[6.22617,46.10978],[6.21689,46.11188],[6.22099,46.12639],[6.22999,46.13577],[6.22776,46.13936],[6.22314,46.14239],[6.22384,46.14716],[6.23022,46.15705],[6.23916,46.15992],[6.24199,46.16383],[6.25509,46.15772],[6.25917,46.1534],[6.27156,46.15101],[6.28917,46.15021],[6.29408,46.14948],[6.30332,46.14428],[6.30837,46.13475],[6.31198,46.13415],[6.31134,46.13022],[6.30902,46.12724],[6.30398,46.12467],[6.30018,46.12152],[6.29811,46.1198]]]]}},{"type":"Feature","properties":{"code":"74221","nom":"Le Reposoir","departement":"74","region":"84"},"geometry":{"type":"MultiPolygon","coordinates":[[[[6.55969,46.02964],[6.56039,46.02809],[6.5547,46.01328],[6.55616,46.00635],[6.5712,45.99091],[6.56849,45.98527],[6.57488,45.98383],[6.57648,45.98172],[6.56555,45.97688],[6.56221,45.9678],[6.55592,45.95577],[6.54723,45.95887],[6.53635,45.96764],[6.52761,45.98291],[6.52052,45.98155],[6.51186,45.97851],[6.50028,45.97922],[6.49387,45.98043],[6.48574,45.98345],[6.47191,45.99286],[6.46015,45.9989],[6.49067,46.01479],[6.50555,46.0196],[6.51009,46.02183],[6.52036,46.02592],[6.52906,46.02895],[6.53882,46.03078],[6.55969,46.02964]]]]}},{"type":"Feature","properties":{"code":"74222","nom":"Reyvroz","departement":"74","region":"84"},"geometry":{"type":"MultiPolygon","coordinates":[[[[6.57841,46.30187],[6.57793,46.3029],[6.55926,46.31429],[6.54281,46.31559],[6.53914,46.31702],[6.53623,46.31931],[6.54293,46.33128],[6.54657,46.34394],[6.54872,46.34421],[6.55423,46.34158],[6.57385,46.33596],[6.57996,46.33182],[6.58624,46.32593],[6.57982,46.31836],[6.5842,46.30574],[6.58214,46.30317],[6.57841,46.30187]]]]}},{"type":"Feature","properties":{"code":"74223","nom":"La Rivière-Enverse","departement":"74","region":"84"},"geometry":{"type":"MultiPolygon","coordinates":[[[[6.66177,46.09442],[6.66339,46.09303],[6.65364,46.08106],[6.64947,46.07379],[6.64611,46.07083],[6.64437,46.07199],[6.64229,46.07412],[6.63105,46.08017],[6.62861,46.08224],[6.62728,46.08479],[6.62027,46.08719],[6.60851,46.08914],[6.60815,46.09172],[6.59312,46.09453],[6.59085,46.09553],[6.58987,46.09713],[6.60772,46.09806],[6.6261,46.10051],[6.6596,46.0957],[6.66177,46.09442]]]]}},{"type":"Feature","properties":{"code":"74224","nom":"La Roche-sur-Foron","departement":"74","region":"84"},"geometry":{"type":"MultiPolygon","coordinates":[[[[6.34948,46.01456],[6.34943,46.00765],[6.34727,46.00626],[6.30661,46.02654],[6.29667,46.03036],[6.2871,46.0308],[6.26958,46.02639],[6.26653,46.02705],[6.25254,46.03368],[6.25099,46.03745],[6.26929,46.045],[6.28298,46.05172],[6.29892,46.05802],[6.3011,46.06601],[6.29447,46.07808],[6.2915,46.08106],[6.29638,46.08599],[6.30228,46.08284],[6.30406,46.0799],[6.31233,46.07456],[6.32267,46.06603],[6.32215,46.05825],[6.32047,46.0581],[6.31674,46.05547],[6.31174,46.04765],[6.30991,46.04326],[6.31234,46.03528],[6.3157,46.02969],[6.32673,46.02445],[6.33585,46.01883],[6.33806,46.01982],[6.34324,46.01957],[6.34948,46.01456]]]]}},{"type":"Feature","properties":{"code":"74225","nom":"Rumilly","departement":"74","region":"84"},"geometry":{"type":"MultiPolygon","coordinates":[[[[5.96304,45.83967],[5.96101,45.83089],[5.96552,45.83034],[5.96531,45.82518],[5.96297,45.82431],[5.93993,45.83245],[5.93589,45.84092],[5.93095,45.8465],[5.92598,45.84714],[5.91124,45.84209],[5.91014,45.8462],[5.9108,45.85516],[5.91756,45.8639],[5.92361,45.86793],[5.92505,45.87487],[5.92212,45.88465],[5.92468,45.88625],[5.9396,45.88379],[5.94139,45.88488],[5.94213,45.88455],[5.9482,45.87058],[5.94832,45.86838],[5.94808,45.86746],[5.95794,45.86303],[5.95935,45.86306],[5.96223,45.86144],[5.96309,45.85973],[5.96215,45.85782],[5.96451,45.85333],[5.97235,45.84489],[5.96542,45.84204],[5.96304,45.83967]]]]}},{"type":"Feature","properties":{"code":"74228","nom":"Saint-Blaise","departement":"74","region":"84"},"geometry":{"type":"MultiPolygon","coordinates":[[[[6.09408,46.07464],[6.10482,46.06745],[6.09783,46.06353],[6.09525,46.05738],[6.08368,46.0615],[6.07858,46.06968],[6.07962,46.07113],[6.08544,46.07593],[6.09358,46.07399],[6.09408,46.07464]]]]}},{"type":"Feature","properties":{"code":"74229","nom":"Saint-Cergues","departement":"74","region":"84"},"geometry":{"type":"MultiPolygon","coordinates":[[[[6.30853,46.25519],[6.32931,46.24853],[6.34133,46.2391],[6.34483,46.2339],[6.34675,46.2333],[6.3472,46.23409],[6.35491,46.22974],[6.35244,46.22082],[6.35302,46.21645],[6.3274,46.21363],[6.31832,46.21414],[6.3042,46.22211],[6.30345,46.22405],[6.29995,46.22484],[6.29677,46.22434],[6.29464,46.22513],[6.3089,46.24215],[6.30908,46.24847],[6.3067,46.25233],[6.30853,46.25519]]]]}},{"type":"Feature","properties":{"code":"74231","nom":"Saint-Eusèbe","departement":"74","region":"84"},"geometry":{"type":"MultiPolygon","coordinates":[[[[5.93841,45.92698],[5.94014,45.92828],[5.94069,45.9337],[5.94498,45.93936],[5.948,45.94069],[5.95203,45.94142],[5.96097,45.94116],[5.97742,45.93863],[5.98504,45.93929],[5.97762,45.91928],[5.96892,45.91145],[5.96762,45.91108],[5.96375,45.91182],[5.96536,45.9186],[5.96471,45.92032],[5.95488,45.92588],[5.94925,45.92635],[5.94143,45.92092],[5.93966,45.9219],[5.93841,45.92698]]]]}},{"type":"Feature","properties":{"code":"74232","nom":"Saint-Eustache","departement":"74","region":"84"},"geometry":{"type":"MultiPolygon","coordinates":[[[[6.17358,45.7797],[6.15184,45.78273],[6.1395,45.78649],[6.10595,45.79723],[6.10729,45.79869],[6.12161,45.79921],[6.13069,45.80114],[6.14499,45.80674],[6.15741,45.80961],[6.17794,45.80546],[6.182,45.80388],[6.1801,45.80017],[6.17738,45.78679],[6.17358,45.7797]]]]}},{"type":"Feature","properties":{"code":"74233","nom":"Saint-Félix","departement":"74","region":"84"},"geometry":{"type":"MultiPolygon","coordinates":[[[[5.99548,45.80377],[5.98812,45.8002],[5.98479,45.79662],[5.98014,45.79615],[5.95785,45.79489],[5.96265,45.81291],[5.96488,45.81611],[5.9659,45.82107],[5.96921,45.81967],[5.99429,45.81894],[5.99623,45.81692],[5.99736,45.8128],[5.99539,45.80656],[5.99548,45.80377]]]]}},{"type":"Feature","properties":{"code":"74234","nom":"Saint-Ferréol","departement":"74","region":"84"},"geometry":{"type":"MultiPolygon","coordinates":[[[[6.292,45.81545],[6.31979,45.803],[6.32564,45.79745],[6.33051,45.78826],[6.32916,45.7633],[6.32686,45.75851],[6.32864,45.75485],[6.32389,45.75508],[6.31778,45.75299],[6.31673,45.7516],[6.31588,45.75374],[6.31395,45.7553],[6.30588,45.76248],[6.29059,45.76858],[6.28459,45.7755],[6.28684,45.7951],[6.28685,45.80678],[6.28756,45.80988],[6.292,45.81545]]]]}},{"type":"Feature","properties":{"code":"74235","nom":"Saint-Germain-sur-Rhône","departement":"74","region":"84"},"geometry":{"type":"MultiPolygon","coordinates":[[[[5.80792,46.06197],[5.81124,46.07852],[5.82185,46.08965],[5.82669,46.08843],[5.83235,46.08571],[5.8382,46.07944],[5.84194,46.07301],[5.84605,46.06883],[5.85081,46.06665],[5.84811,46.06245],[5.84537,46.0603],[5.84128,46.05857],[5.83904,46.06052],[5.83538,46.06123],[5.83055,46.06032],[5.82865,46.05549],[5.8236,46.05481],[5.81424,46.05524],[5.8143,46.058],[5.81002,46.05919],[5.80792,46.06197]]]]}},{"type":"Feature","properties":{"code":"74236","nom":"Saint-Gervais-les-Bains","departement":"74","region":"84"},"geometry":{"type":"MultiPolygon","coordinates":[[[[6.86518,45.83271],[6.87014,45.82803],[6.87023,45.82568],[6.86884,45.82455],[6.8673,45.82409],[6.86583,45.82465],[6.8618,45.82915],[6.86147,45.83247],[6.86518,45.83271]]],[[[6.74085,45.89984],[6.74858,45.90334],[6.75854,45.88589],[6.76386,45.88072],[6.78018,45.87677],[6.79706,45.87495],[6.806,45.86197],[6.83071,45.85508],[6.84346,45.84259],[6.85223,45.83944],[6.85379,45.83708],[6.84811,45.83885],[6.83882,45.83995],[6.82829,45.83792],[6.81796,45.8342],[6.81263,45.82468],[6.80423,45.81628],[6.80816,45.81345],[6.79066,45.81347],[6.75743,45.82212],[6.7471,45.82836],[6.73967,45.83523],[6.7283,45.84301],[6.71208,45.83925],[6.70607,45.83463],[6.70048,45.82733],[6.69735,45.82474],[6.67681,45.81208],[6.67007,45.8062],[6.65917,45.80054],[6.6648,45.80956],[6.67045,45.81575],[6.67475,45.81669],[6.67785,45.81864],[6.67985,45.82056],[6.68117,45.82416],[6.68093,45.82546],[6.6712,45.82893],[6.66854,45.83119],[6.66961,45.83698],[6.65751,45.8554],[6.65802,45.8585],[6.66187,45.8606],[6.67189,45.86915],[6.67477,45.87592],[6.67522,45.88307],[6.68323,45.8959],[6.69303,45.90367],[6.69251,45.90971],[6.69252,45.91024],[6.69713,45.91013],[6.7122,45.90319],[6.73028,45.8988],[6.74085,45.89984]]]]}},{"type":"Feature","properties":{"code":"74237","nom":"Saint-Gingolph","departement":"74","region":"84"},"geometry":{"type":"MultiPolygon","coordinates":[[[[6.7505,46.39152],[6.75138,46.39527],[6.75753,46.40267],[6.76024,46.40047],[6.79428,46.39266],[6.79929,46.39369],[6.80523,46.3942],[6.80249,46.39006],[6.80618,46.38262],[6.80628,46.38057],[6.80543,46.37841],[6.80097,46.37534],[6.79618,46.37699],[6.78742,46.37861],[6.78273,46.38233],[6.76557,46.38224],[6.74732,46.38576],[6.7505,46.39152]]]]}},{"type":"Feature","properties":{"code":"74238","nom":"Saint-Jean-d'Aulps","departement":"74","region":"84"},"geometry":{"type":"MultiPolygon","coordinates":[[[[6.59921,46.21257],[6.60193,46.21403],[6.62081,46.23265],[6.62301,46.23401],[6.62979,46.2342],[6.63355,46.23502],[6.63747,46.23701],[6.64167,46.24288],[6.6413,46.24445],[6.63393,46.24861],[6.65093,46.25241],[6.66013,46.25813],[6.66145,46.26093],[6.66517,46.26502],[6.67103,46.26722],[6.69079,46.26838],[6.69708,46.25065],[6.69724,46.24017],[6.70105,46.23709],[6.71634,46.23113],[6.72055,46.2317],[6.7243,46.23324],[6.73005,46.23245],[6.73024,46.23147],[6.72652,46.2258],[6.72049,46.22167],[6.71266,46.21764],[6.70443,46.21561],[6.67927,46.20697],[6.67694,46.20373],[6.67388,46.20509],[6.67288,46.2089],[6.67058,46.21235],[6.666,46.21835],[6.66427,46.21909],[6.65607,46.21594],[6.63926,46.20413],[6.6386,46.20182],[6.6418,46.19553],[6.63595,46.19299],[6.62419,46.1905],[6.60308,46.18856],[6.60451,46.19794],[6.60374,46.20551],[6.59909,46.21081],[6.59921,46.21257]]]]}},{"type":"Feature","properties":{"code":"74239","nom":"Saint-Jean-de-Sixt","departement":"74","region":"84"},"geometry":{"type":"MultiPolygon","coordinates":[[[[6.37309,45.93778],[6.37712,45.93929],[6.38826,45.94109],[6.3915,45.9378],[6.40061,45.93925],[6.40889,45.94172],[6.41116,45.94362],[6.41961,45.93699],[6.43086,45.9304],[6.4418,45.92629],[6.44768,45.92184],[6.44436,45.92113],[6.43698,45.91626],[6.42656,45.91219],[6.40305,45.90452],[6.39708,45.91066],[6.38843,45.92179],[6.37309,45.93778]]]]}},{"type":"Feature","properties":{"code":"74240","nom":"Saint-Jean-de-Tholome","departement":"74","region":"84"},"geometry":{"type":"MultiPolygon","coordinates":[[[[6.4272,46.09829],[6.41983,46.09982],[6.40363,46.0989],[6.38721,46.10263],[6.38739,46.10743],[6.38331,46.12092],[6.38891,46.12228],[6.39463,46.11782],[6.40388,46.1271],[6.41671,46.12956],[6.43491,46.11564],[6.44573,46.11026],[6.44733,46.10841],[6.45462,46.10671],[6.45238,46.10655],[6.44881,46.10415],[6.44378,46.09857],[6.43782,46.09799],[6.4272,46.09829]]]]}},{"type":"Feature","properties":{"code":"74241","nom":"Saint-Jeoire","departement":"74","region":"84"},"geometry":{"type":"MultiPolygon","coordinates":[[[[6.4543,46.18381],[6.45752,46.1771],[6.46338,46.17192],[6.46705,46.16962],[6.48095,46.165],[6.47839,46.16293],[6.47653,46.15619],[6.47887,46.1509],[6.49949,46.12552],[6.48835,46.11883],[6.48054,46.11273],[6.47779,46.10927],[6.47233,46.10625],[6.45789,46.10533],[6.45462,46.10671],[6.44733,46.10841],[6.44573,46.11026],[6.44259,46.11791],[6.44635,46.13911],[6.44538,46.15197],[6.44326,46.16086],[6.43968,46.16078],[6.44366,46.16454],[6.44672,46.17589],[6.45048,46.18035],[6.45088,46.18228],[6.4543,46.18381]]]]}},{"type":"Feature","properties":{"code":"74242","nom":"Saint-Jorioz","departement":"74","region":"84"},"geometry":{"type":"MultiPolygon","coordinates":[[[[6.17995,45.81903],[6.18279,45.80632],[6.182,45.80388],[6.17794,45.80546],[6.15741,45.80961],[6.14499,45.80674],[6.13069,45.80114],[6.12161,45.79921],[6.10729,45.79869],[6.11217,45.80406],[6.11217,45.8052],[6.10775,45.80898],[6.11051,45.81891],[6.11131,45.83082],[6.12462,45.83234],[6.13074,45.83236],[6.13671,45.83416],[6.15191,45.84019],[6.15894,45.84609],[6.17189,45.85074],[6.19186,45.83571],[6.18831,45.829],[6.17995,45.81903]]]]}},{"type":"Feature","properties":{"code":"74243","nom":"Saint-Julien-en-Genevois","departement":"74","region":"84"},"geometry":{"type":"MultiPolygon","coordinates":[[[[6.09086,46.12664],[6.08668,46.12305],[6.08506,46.12298],[6.0755,46.13625],[6.07373,46.13567],[6.06442,46.12374],[6.05572,46.13117],[6.0469,46.14176],[6.04852,46.14712],[6.05226,46.15134],[6.07234,46.14994],[6.07491,46.14884],[6.08169,46.15007],[6.09181,46.15195],[6.09579,46.14827],[6.09856,46.14382],[6.10305,46.14432],[6.12016,46.14276],[6.12656,46.14052],[6.11181,46.13513],[6.1085,46.13662],[6.09552,46.13393],[6.09548,46.13236],[6.09086,46.12664]]]]}},{"type":"Feature","properties":{"code":"74244","nom":"Saint-Laurent","departement":"74","region":"84"},"geometry":{"type":"MultiPolygon","coordinates":[[[[6.34303,46.05278],[6.35404,46.05092],[6.36763,46.04995],[6.37299,46.04701],[6.37914,46.0417],[6.3887,46.03156],[6.38503,46.02958],[6.36757,46.02922],[6.34997,46.02219],[6.34631,46.02006],[6.34324,46.01957],[6.33806,46.01982],[6.33203,46.02461],[6.32885,46.02856],[6.33197,46.04246],[6.33685,46.05388],[6.34303,46.05278]]]]}},{"type":"Feature","properties":{"code":"74249","nom":"Saint-Paul-en-Chablais","departement":"74","region":"84"},"geometry":{"type":"MultiPolygon","coordinates":[[[[6.62281,46.38495],[6.62556,46.38552],[6.64361,46.38407],[6.64911,46.38476],[6.6513,46.38203],[6.65876,46.38026],[6.66896,46.37632],[6.67063,46.37501],[6.66885,46.36542],[6.66334,46.35832],[6.65158,46.35629],[6.63382,46.35179],[6.63331,46.35243],[6.629,46.35287],[6.61188,46.35729],[6.61006,46.35954],[6.60635,46.37298],[6.60658,46.37746],[6.60844,46.38354],[6.62281,46.38495]]]]}},{"type":"Feature","properties":{"code":"74269","nom":"Seyssel","departement":"74","region":"84"},"geometry":{"type":"MultiPolygon","coordinates":[[[[5.83289,45.97231],[5.84213,45.98024],[5.8509,45.99057],[5.85119,45.99157],[5.85815,45.99006],[5.87884,45.97826],[5.88102,45.97827],[5.87385,45.96816],[5.87023,45.95136],[5.87312,45.94548],[5.86408,45.93702],[5.86243,45.93239],[5.84278,45.93399],[5.82918,45.93827],[5.82512,45.93864],[5.82836,45.94051],[5.83224,45.94522],[5.83375,45.95055],[5.83263,45.96195],[5.83398,45.96804],[5.83289,45.97231]]]]}},{"type":"Feature","properties":{"code":"74250","nom":"Saint-Pierre-en-Faucigny","departement":"74","region":"84"},"geometry":{"type":"MultiPolygon","coordinates":[[[[6.34595,46.0548],[6.34979,46.06254],[6.34887,46.07257],[6.3443,46.08137],[6.34439,46.08438],[6.34582,46.08508],[6.35301,46.08524],[6.36247,46.07859],[6.36515,46.0781],[6.36939,46.08096],[6.36829,46.08306],[6.37157,46.08671],[6.38222,46.08459],[6.39493,46.08522],[6.39729,46.08428],[6.39696,46.08363],[6.39541,46.07945],[6.39666,46.07797],[6.3953,46.07312],[6.38468,46.06127],[6.38029,46.05654],[6.38753,46.05052],[6.39802,46.04362],[6.4049,46.04214],[6.3887,46.03156],[6.37914,46.0417],[6.37299,46.04701],[6.36763,46.04995],[6.35404,46.05092],[6.34303,46.05278],[6.34595,46.0548]]]]}},{"type":"Feature","properties":{"code":"74252","nom":"Saint-Sigismond","departement":"74","region":"84"},"geometry":{"type":"MultiPolygon","coordinates":[[[[6.59794,46.0683],[6.59942,46.06863],[6.60183,46.0723],[6.59298,46.08004],[6.59253,46.08275],[6.60851,46.08914],[6.62027,46.08719],[6.62728,46.08479],[6.62861,46.08224],[6.63105,46.08017],[6.64229,46.07412],[6.64437,46.07199],[6.63479,46.06475],[6.62031,46.06398],[6.59635,46.05882],[6.59765,46.06662],[6.59857,46.06717],[6.59794,46.0683]]]]}},{"type":"Feature","properties":{"code":"74253","nom":"Saint-Sixt","departement":"74","region":"84"},"geometry":{"type":"MultiPolygon","coordinates":[[[[6.33806,46.01982],[6.33585,46.01883],[6.32673,46.02445],[6.3157,46.02969],[6.31234,46.03528],[6.30991,46.04326],[6.31174,46.04765],[6.31674,46.05547],[6.32047,46.0581],[6.32215,46.05825],[6.33058,46.05524],[6.33685,46.05388],[6.33197,46.04246],[6.32885,46.02856],[6.33203,46.02461],[6.33806,46.01982]]]]}},{"type":"Feature","properties":{"code":"74254","nom":"Saint-Sylvestre","departement":"74","region":"84"},"geometry":{"type":"MultiPolygon","coordinates":[[[[6.01466,45.82678],[6.01244,45.82962],[6.00267,45.83283],[5.99293,45.83659],[5.99322,45.83704],[5.99523,45.83705],[5.99681,45.83793],[6.00512,45.84908],[6.01502,45.85481],[6.0198,45.8538],[6.02548,45.84991],[6.02423,45.84689],[6.03006,45.83589],[6.02793,45.83271],[6.021,45.82787],[6.01565,45.8258],[6.01466,45.82678]]]]}},{"type":"Feature","properties":{"code":"74255","nom":"Sales","departement":"74","region":"84"},"geometry":{"type":"MultiPolygon","coordinates":[[[[5.96215,45.85782],[5.96309,45.85973],[5.96223,45.86144],[5.95935,45.86306],[5.95794,45.86303],[5.94808,45.86746],[5.94832,45.86838],[5.9482,45.87058],[5.94213,45.88455],[5.94139,45.88488],[5.95463,45.90164],[5.95508,45.90355],[5.95651,45.90441],[5.95806,45.90432],[5.97365,45.8958],[5.97585,45.89244],[5.97553,45.88538],[5.97206,45.87817],[5.9698,45.86934],[5.97298,45.86133],[5.96215,45.85782]]]]}},{"type":"Feature","properties":{"code":"74256","nom":"Sallanches","departement":"74","region":"84"},"geometry":{"type":"MultiPolygon","coordinates":[[[[6.53487,45.93322],[6.53898,45.94174],[6.54653,45.94872],[6.55484,45.95143],[6.55592,45.95577],[6.56221,45.9678],[6.56555,45.97688],[6.57648,45.98172],[6.59038,45.97914],[6.59972,45.97585],[6.60671,45.97843],[6.62113,45.98703],[6.62575,45.98517],[6.63048,45.98058],[6.63779,45.97862],[6.65236,45.97781],[6.65893,45.97893],[6.65637,45.98288],[6.66438,45.987],[6.68781,45.98469],[6.69237,45.98306],[6.693,45.97265],[6.6846,45.96209],[6.67154,45.96391],[6.65542,45.95755],[6.65411,45.95521],[6.65446,45.95131],[6.66243,45.93569],[6.66424,45.93012],[6.6624,45.92903],[6.65817,45.92974],[6.6503,45.92828],[6.64595,45.92737],[6.64881,45.92253],[6.64462,45.92104],[6.63969,45.91726],[6.63895,45.91372],[6.63369,45.91313],[6.63377,45.91408],[6.63062,45.91525],[6.62187,45.91496],[6.61989,45.91419],[6.59748,45.89639],[6.5943,45.88643],[6.58915,45.87969],[6.58827,45.87913],[6.57708,45.87862],[6.57288,45.87748],[6.57078,45.88111],[6.59108,45.90193],[6.61057,45.91313],[6.61921,45.92351],[6.621,45.92896],[6.61937,45.93158],[6.61036,45.93257],[6.57966,45.9297],[6.57646,45.9285],[6.57294,45.92547],[6.5598,45.9179],[6.54333,45.91194],[6.53961,45.91307],[6.52752,45.91477],[6.51492,45.91573],[6.53096,45.92462],[6.53446,45.92733],[6.53487,45.93322]]]]}},{"type":"Feature","properties":{"code":"74257","nom":"Sallenôves","departement":"74","region":"84"},"geometry":{"type":"MultiPolygon","coordinates":[[[[6.00528,46.00032],[6.0023,45.99436],[5.98994,45.99537],[5.98547,45.9951],[5.98281,45.994],[5.97873,46.00592],[5.98115,46.01058],[5.99054,46.01385],[5.99524,46.01066],[6.00306,46.00823],[6.00745,46.00474],[6.00776,46.00336],[6.00571,46.00178],[6.00528,46.00032]]]]}},{"type":"Feature","properties":{"code":"74258","nom":"Samoëns","departement":"74","region":"84"},"geometry":{"type":"MultiPolygon","coordinates":[[[[6.73107,46.13793],[6.73251,46.1397],[6.7441,46.14772],[6.76507,46.14873],[6.7734,46.15274],[6.79049,46.15452],[6.79629,46.14219],[6.80074,46.13858],[6.80646,46.13638],[6.81039,46.13378],[6.81511,46.12927],[6.81166,46.12522],[6.81334,46.12052],[6.82135,46.111],[6.82098,46.10573],[6.81403,46.10175],[6.80266,46.09904],[6.79797,46.09634],[6.79307,46.09027],[6.78923,46.08226],[6.78436,46.07716],[6.75661,46.06715],[6.74614,46.06036],[6.74301,46.05626],[6.74165,46.05206],[6.74686,46.04306],[6.74924,46.03336],[6.75378,46.0262],[6.75385,46.02289],[6.74789,46.00573],[6.74161,45.99859],[6.73287,45.99795],[6.73093,46.0016],[6.71889,46.0065],[6.71256,46.01097],[6.71282,46.02137],[6.71103,46.02485],[6.70371,46.02977],[6.69469,46.03106],[6.69611,46.03892],[6.69524,46.04606],[6.6925,46.05244],[6.68482,46.05284],[6.68328,46.05348],[6.68293,46.05517],[6.68355,46.06276],[6.68639,46.07175],[6.69079,46.08076],[6.69,46.08392],[6.6857,46.08678],[6.6843,46.08684],[6.68548,46.09366],[6.68751,46.0969],[6.69456,46.11882],[6.69936,46.12219],[6.71324,46.1292],[6.72361,46.13018],[6.73107,46.13793]]]]}},{"type":"Feature","properties":{"code":"74259","nom":"Le Sappey","departement":"74","region":"84"},"geometry":{"type":"MultiPolygon","coordinates":[[[[6.17119,46.07673],[6.16163,46.06551],[6.161,46.06655],[6.15602,46.06899],[6.14591,46.07085],[6.13945,46.07287],[6.12644,46.07936],[6.12648,46.07991],[6.14902,46.09989],[6.15475,46.10104],[6.1564,46.10429],[6.15593,46.10556],[6.16269,46.11213],[6.16862,46.10769],[6.17427,46.10712],[6.19463,46.10201],[6.19391,46.10027],[6.18502,46.08822],[6.17697,46.08041],[6.17119,46.07673]]]]}},{"type":"Feature","properties":{"code":"74260","nom":"Savigny","departement":"74","region":"84"},"geometry":{"type":"MultiPolygon","coordinates":[[[[5.92063,46.07693],[5.92577,46.08007],[5.93199,46.08201],[5.97187,46.08619],[5.96573,46.0787],[5.9652,46.07558],[5.96787,46.06891],[5.97332,46.06501],[5.97596,46.05978],[5.97662,46.05411],[5.97353,46.05163],[5.96674,46.05023],[5.95491,46.05449],[5.94353,46.05441],[5.92063,46.07693]]]]}},{"type":"Feature","properties":{"code":"74261","nom":"Saxel","departement":"74","region":"84"},"geometry":{"type":"MultiPolygon","coordinates":[[[[6.38978,46.24958],[6.41651,46.25828],[6.41771,46.25578],[6.42124,46.25284],[6.42538,46.25101],[6.42216,46.24549],[6.41253,46.23605],[6.40979,46.23437],[6.39583,46.23336],[6.39263,46.2338],[6.37878,46.24054],[6.37899,46.24245],[6.38978,46.24958]]]]}},{"type":"Feature","properties":{"code":"74262","nom":"Scientrier","departement":"74","region":"84"},"geometry":{"type":"MultiPolygon","coordinates":[[[[6.31913,46.13715],[6.32298,46.13575],[6.32926,46.13097],[6.34482,46.11364],[6.33844,46.11103],[6.33023,46.1108],[6.32576,46.1109],[6.31711,46.11333],[6.3049,46.10939],[6.30299,46.10484],[6.30268,46.10483],[6.29744,46.10914],[6.28993,46.11743],[6.29278,46.11917],[6.29811,46.1198],[6.30018,46.12152],[6.30398,46.12467],[6.30902,46.12724],[6.31134,46.13022],[6.31198,46.13415],[6.31641,46.13709],[6.31913,46.13715]]]]}},{"type":"Feature","properties":{"code":"74263","nom":"Sciez","departement":"74","region":"84"},"geometry":{"type":"MultiPolygon","coordinates":[[[[6.38465,46.29883],[6.37472,46.30391],[6.35477,46.31113],[6.35438,46.31208],[6.34475,46.32711],[6.34038,46.33215],[6.33481,46.33604],[6.33792,46.33747],[6.34202,46.33474],[6.34506,46.33415],[6.35437,46.33745],[6.35704,46.33964],[6.36258,46.34796],[6.36746,46.34567],[6.38085,46.34156],[6.38972,46.34035],[6.39051,46.34066],[6.39002,46.34128],[6.38716,46.34113],[6.39014,46.34139],[6.39109,46.34087],[6.39182,46.34124],[6.39902,46.34977],[6.40033,46.34984],[6.40633,46.3467],[6.41219,46.34021],[6.41319,46.33398],[6.41042,46.32635],[6.41144,46.30996],[6.41065,46.30708],[6.40463,46.30745],[6.40362,46.30697],[6.40117,46.30777],[6.39345,46.30458],[6.38605,46.29905],[6.38465,46.29883]]]]}},{"type":"Feature","properties":{"code":"74264","nom":"Scionzier","departement":"74","region":"84"},"geometry":{"type":"MultiPolygon","coordinates":[[[[6.56014,46.04597],[6.55969,46.02964],[6.53882,46.03078],[6.52906,46.02895],[6.52036,46.02592],[6.52884,46.04231],[6.54202,46.05975],[6.5425,46.06157],[6.54046,46.06359],[6.53769,46.06699],[6.53719,46.06873],[6.53848,46.07119],[6.53653,46.07356],[6.54685,46.07278],[6.5508,46.07244],[6.55516,46.06979],[6.55887,46.0675],[6.56671,46.05922],[6.56737,46.05675],[6.56823,46.05649],[6.5696,46.05189],[6.56014,46.04597]]]]}},{"type":"Feature","properties":{"code":"74265","nom":"Serraval","departement":"74","region":"84"},"geometry":{"type":"MultiPolygon","coordinates":[[[[6.29028,45.82088],[6.30655,45.82391],[6.31135,45.82709],[6.31484,45.83087],[6.32362,45.83326],[6.3294,45.83391],[6.33187,45.83407],[6.36505,45.82804],[6.37173,45.82866],[6.37155,45.82776],[6.36304,45.81357],[6.35758,45.80149],[6.35689,45.7932],[6.35011,45.78707],[6.34907,45.77927],[6.34411,45.78233],[6.34377,45.78547],[6.34189,45.78744],[6.33324,45.78952],[6.33051,45.78826],[6.32564,45.79745],[6.31979,45.803],[6.292,45.81545],[6.28953,45.81951],[6.29028,45.82088]]]]}},{"type":"Feature","properties":{"code":"74266","nom":"Servoz","departement":"74","region":"84"},"geometry":{"type":"MultiPolygon","coordinates":[[[[6.82457,45.95453],[6.82383,45.94734],[6.81818,45.94095],[6.78501,45.93376],[6.7673,45.92883],[6.76585,45.92766],[6.75678,45.92834],[6.75023,45.93136],[6.74568,45.93539],[6.75129,45.94399],[6.76712,45.95006],[6.77665,45.95539],[6.78422,45.96407],[6.79119,45.96314],[6.80081,45.95802],[6.82457,45.95453]]]]}},{"type":"Feature","properties":{"code":"74267","nom":"Sevrier","departement":"74","region":"84"},"geometry":{"type":"MultiPolygon","coordinates":[[[[6.10692,45.84946],[6.11186,45.85055],[6.11451,45.85249],[6.11855,45.85755],[6.12267,45.86331],[6.12362,45.87077],[6.12657,45.87507],[6.14055,45.88207],[6.14062,45.88354],[6.15593,45.88278],[6.16519,45.86421],[6.17189,45.85074],[6.15894,45.84609],[6.15191,45.84019],[6.13671,45.83416],[6.13074,45.83236],[6.12462,45.83234],[6.11131,45.83082],[6.10527,45.83439],[6.10267,45.83771],[6.10755,45.84474],[6.10692,45.84946]]]]}},{"type":"Feature","properties":{"code":"74271","nom":"Seytroux","departement":"74","region":"84"},"geometry":{"type":"MultiPolygon","coordinates":[[[[6.62018,46.26451],[6.62333,46.25937],[6.63393,46.24861],[6.6413,46.24445],[6.64167,46.24288],[6.63747,46.23701],[6.63355,46.23502],[6.62979,46.2342],[6.62301,46.23401],[6.62081,46.23265],[6.60193,46.21403],[6.59921,46.21257],[6.58216,46.2195],[6.57721,46.22471],[6.57401,46.2299],[6.57752,46.25231],[6.60011,46.25932],[6.62018,46.26451]]]]}},{"type":"Feature","properties":{"code":"74272","nom":"Sillingy","departement":"74","region":"84"},"geometry":{"type":"MultiPolygon","coordinates":[[[[6.04345,45.93146],[6.03895,45.93289],[6.02785,45.93196],[6.01897,45.92962],[6.01225,45.94123],[5.99819,45.9505],[5.99492,45.9505],[5.99611,45.95236],[5.99587,45.95455],[5.98915,45.96305],[5.988,45.96347],[5.98706,45.9698],[5.99151,45.97436],[5.99423,45.9735],[6.00229,45.96572],[6.01089,45.96201],[6.03702,45.95792],[6.0492,45.9542],[6.05791,45.94919],[6.06525,45.94269],[6.06633,45.94443],[6.06624,45.9515],[6.08072,45.94817],[6.08319,45.94668],[6.08195,45.94488],[6.06289,45.93913],[6.05474,45.93692],[6.04345,45.93146]]]]}},{"type":"Feature","properties":{"code":"74273","nom":"Sixt-Fer-à-Cheval","departement":"74","region":"84"},"geometry":{"type":"MultiPolygon","coordinates":[[[[6.80251,46.01092],[6.79815,46.00931],[6.79391,46.00871],[6.78817,46.01069],[6.77994,46.01595],[6.77462,46.01499],[6.774,46.01196],[6.77557,45.99784],[6.77938,45.98729],[6.78539,45.98009],[6.7806,45.97438],[6.76545,45.96614],[6.76204,45.9654],[6.74437,45.96657],[6.73565,45.9675],[6.72881,45.96922],[6.72381,45.97886],[6.72252,45.9844],[6.73287,45.99795],[6.74161,45.99859],[6.74789,46.00573],[6.75385,46.02289],[6.75378,46.0262],[6.74924,46.03336],[6.74686,46.04306],[6.74165,46.05206],[6.74301,46.05626],[6.74614,46.06036],[6.75661,46.06715],[6.78436,46.07716],[6.78923,46.08226],[6.79307,46.09027],[6.79797,46.09634],[6.80266,46.09904],[6.81403,46.10175],[6.82098,46.10573],[6.82135,46.111],[6.81334,46.12052],[6.81166,46.12522],[6.81511,46.12927],[6.81867,46.1311],[6.83641,46.13256],[6.84195,46.13182],[6.85779,46.12622],[6.8784,46.12416],[6.89071,46.12556],[6.89655,46.12408],[6.89809,46.12227],[6.89303,46.10526],[6.8838,46.09587],[6.88564,46.09168],[6.89104,46.0854],[6.88877,46.07363],[6.87955,46.06756],[6.87173,46.05115],[6.8656,46.04922],[6.85924,46.04449],[6.8532,46.03547],[6.85141,46.02596],[6.84459,46.018],[6.84124,46.01717],[6.83751,46.01485],[6.83644,46.00997],[6.82973,46.00447],[6.82125,46.00174],[6.81966,46.00164],[6.8139,46.00369],[6.80386,46.0115],[6.80251,46.01092]]]]}},{"type":"Feature","properties":{"code":"74275","nom":"Talloires-Montmin","departement":"74","region":"84"},"geometry":{"type":"MultiPolygon","coordinates":[[[[6.292,45.81545],[6.28756,45.80988],[6.28685,45.80678],[6.28684,45.7951],[6.28459,45.7755],[6.27717,45.77615],[6.27421,45.77569],[6.26718,45.77725],[6.26087,45.77945],[6.25375,45.78354],[6.25169,45.78682],[6.25017,45.78958],[6.25067,45.79497],[6.24909,45.79976],[6.24537,45.80416],[6.24122,45.80474],[6.23217,45.80097],[6.22302,45.80097],[6.21509,45.82105],[6.20916,45.83612],[6.19186,45.83571],[6.17189,45.85074],[6.21053,45.85674],[6.24139,45.86089],[6.24538,45.85607],[6.26099,45.84466],[6.26252,45.84288],[6.27271,45.83796],[6.28241,45.83024],[6.2851,45.82992],[6.2861,45.82682],[6.28681,45.82351],[6.29028,45.82088],[6.28953,45.81951],[6.292,45.81545]]]]}},{"type":"Feature","properties":{"code":"74276","nom":"Taninges","departement":"74","region":"84"},"geometry":{"type":"MultiPolygon","coordinates":[[[[6.59996,46.16848],[6.61169,46.17376],[6.61651,46.17248],[6.6182,46.17127],[6.62007,46.16334],[6.61918,46.16188],[6.61492,46.15018],[6.61821,46.14133],[6.62391,46.13467],[6.63053,46.13043],[6.63375,46.13346],[6.64031,46.13342],[6.64513,46.13194],[6.66246,46.11951],[6.66634,46.11702],[6.66798,46.11425],[6.668,46.11055],[6.66325,46.09614],[6.66177,46.09442],[6.6596,46.0957],[6.6261,46.10051],[6.60772,46.09806],[6.58987,46.09713],[6.58394,46.09703],[6.57611,46.09944],[6.56009,46.11035],[6.56616,46.12222],[6.56895,46.12444],[6.56983,46.12912],[6.56285,46.14082],[6.56463,46.1488],[6.56826,46.15078],[6.57629,46.1635],[6.58052,46.16482],[6.59782,46.16552],[6.59996,46.16848]]]]}},{"type":"Feature","properties":{"code":"74278","nom":"Thyez","departement":"74","region":"84"},"geometry":{"type":"MultiPolygon","coordinates":[[[[6.5144,46.08712],[6.51655,46.0924],[6.51736,46.09302],[6.52077,46.09296],[6.52748,46.09967],[6.52866,46.10123],[6.52938,46.10651],[6.5402,46.10477],[6.55048,46.1062],[6.55554,46.10619],[6.55102,46.10177],[6.55066,46.0999],[6.55167,46.09748],[6.55868,46.09102],[6.55735,46.08459],[6.55361,46.0792],[6.55726,46.0781],[6.54698,46.0735],[6.54685,46.07278],[6.53653,46.07356],[6.52263,46.07348],[6.51503,46.07265],[6.51357,46.07256],[6.5144,46.08712]]]]}},{"type":"Feature","properties":{"code":"74279","nom":"Thollon-les-Mémises","departement":"74","region":"84"},"geometry":{"type":"MultiPolygon","coordinates":[[[[6.70626,46.3999],[6.70875,46.39782],[6.72136,46.39491],[6.72638,46.39496],[6.72801,46.39601],[6.73316,46.39688],[6.73768,46.3966],[6.7505,46.39152],[6.74732,46.38576],[6.76557,46.38224],[6.78273,46.38233],[6.78742,46.37861],[6.76927,46.37353],[6.74214,46.37018],[6.74004,46.37132],[6.72551,46.37412],[6.71792,46.37249],[6.69847,46.37411],[6.69816,46.37833],[6.69139,46.38562],[6.6913,46.38974],[6.6943,46.39286],[6.70626,46.3999]]]]}},{"type":"Feature","properties":{"code":"74280","nom":"Thônes","departement":"74","region":"84"},"geometry":{"type":"MultiPolygon","coordinates":[[[[6.26751,45.86961],[6.27815,45.87788],[6.28616,45.89682],[6.2882,45.89941],[6.29225,45.90738],[6.30212,45.91931],[6.31492,45.9233],[6.32871,45.93413],[6.33384,45.93696],[6.33908,45.93423],[6.34179,45.93144],[6.35016,45.92731],[6.34199,45.91926],[6.34554,45.91508],[6.35829,45.90562],[6.36225,45.90109],[6.37491,45.8951],[6.39434,45.89178],[6.40715,45.89372],[6.40776,45.88413],[6.39739,45.8857],[6.39331,45.88537],[6.38622,45.88349],[6.36952,45.87567],[6.36192,45.87436],[6.35816,45.87452],[6.35767,45.87567],[6.35491,45.87488],[6.35113,45.87526],[6.34405,45.87439],[6.33859,45.87266],[6.32407,45.86277],[6.30812,45.8582],[6.29776,45.84784],[6.29136,45.83405],[6.2851,45.82992],[6.28241,45.83024],[6.27271,45.83796],[6.26252,45.84288],[6.26099,45.84466],[6.26356,45.85258],[6.26268,45.85447],[6.2577,45.859],[6.26751,45.86961]]]]}},{"type":"Feature","properties":{"code":"74281","nom":"Thonon-les-Bains","departement":"74","region":"84"},"geometry":{"type":"MultiPolygon","coordinates":[[[[6.46596,46.34813],[6.46314,46.34862],[6.45925,46.34821],[6.45084,46.34561],[6.44845,46.34729],[6.44309,46.36402],[6.45227,46.36755],[6.47448,46.37467],[6.47674,46.37494],[6.47573,46.37561],[6.4769,46.37511],[6.47837,46.37577],[6.47777,46.37598],[6.48247,46.38234],[6.48277,46.38491],[6.48276,46.3918],[6.48597,46.39472],[6.49227,46.39836],[6.51317,46.40491],[6.50793,46.38303],[6.50526,46.36807],[6.50674,46.36664],[6.51365,46.3651],[6.51569,46.3639],[6.50939,46.36483],[6.509,46.36275],[6.50465,46.36151],[6.49199,46.35403],[6.49138,46.35523],[6.48742,46.35776],[6.48081,46.3548],[6.47747,46.35252],[6.46596,46.34813]]]]}},{"type":"Feature","properties":{"code":"74282","nom":"Fillière","departement":"74","region":"84"},"geometry":{"type":"MultiPolygon","coordinates":[[[[6.19983,46.06657],[6.20448,46.06918],[6.20679,46.06785],[6.20777,46.06622],[6.21045,46.0661],[6.21796,46.07028],[6.22409,46.06707],[6.23442,46.06621],[6.24692,46.06304],[6.2394,46.05904],[6.23884,46.05608],[6.24972,46.0415],[6.25099,46.03745],[6.25254,46.03368],[6.26653,46.02705],[6.26958,46.02639],[6.2871,46.0308],[6.29667,46.03036],[6.30661,46.02654],[6.34727,46.00626],[6.34597,46.00547],[6.3464,46.00304],[6.34708,46.00042],[6.35035,45.99703],[6.35025,45.9899],[6.32674,45.97339],[6.33823,45.95701],[6.34423,45.9501],[6.34487,45.94935],[6.34231,45.94566],[6.33691,45.94103],[6.32859,45.94526],[6.31477,45.94821],[6.30117,45.94859],[6.27386,45.95323],[6.26393,45.95811],[6.24376,45.95623],[6.24348,45.95774],[6.23657,45.96312],[6.22981,45.96747],[6.22167,45.97143],[6.21478,45.97007],[6.20601,45.96561],[6.20253,45.96428],[6.19582,45.96214],[6.18917,45.9637],[6.18004,45.96362],[6.17107,45.96008],[6.16847,45.9596],[6.16779,45.95824],[6.16489,45.95884],[6.1468,45.95497],[6.14294,45.95316],[6.13773,45.95267],[6.13825,45.95565],[6.13489,45.9576],[6.10542,45.96516],[6.10463,45.96677],[6.11027,45.97063],[6.11591,45.97114],[6.1181,45.97093],[6.11802,45.96874],[6.11969,45.96669],[6.12714,45.96528],[6.13094,45.97526],[6.12861,45.97937],[6.12747,45.97999],[6.12302,45.98004],[6.1223,45.98391],[6.12493,45.98442],[6.12476,45.99346],[6.13457,45.99474],[6.14196,45.99206],[6.14265,45.9903],[6.14856,45.98284],[6.14871,45.97745],[6.15253,45.97225],[6.15782,45.96949],[6.16687,45.96967],[6.16717,45.96967],[6.16787,45.97058],[6.16642,45.97535],[6.16898,45.98571],[6.17188,45.98976],[6.17865,45.99733],[6.18603,46.00124],[6.1952,46.00185],[6.20289,46.00083],[6.20473,46.00591],[6.20914,46.0122],[6.20287,46.02424],[6.2049,46.03816],[6.20342,46.04147],[6.19581,46.04543],[6.1938,46.04571],[6.19533,46.04639],[6.19993,46.05773],[6.19983,46.06657]]]]}},{"type":"Feature","properties":{"code":"74283","nom":"Thusy","departement":"74","region":"84"},"geometry":{"type":"MultiPolygon","coordinates":[[[[5.988,45.96347],[5.98915,45.96305],[5.99587,45.95455],[5.99611,45.95236],[5.99492,45.9505],[5.98787,45.94478],[5.98504,45.93929],[5.97742,45.93863],[5.96097,45.94116],[5.95203,45.94142],[5.948,45.94069],[5.94498,45.93936],[5.94069,45.9337],[5.94014,45.92828],[5.93841,45.92698],[5.9332,45.93869],[5.93286,45.94781],[5.93638,45.9518],[5.95012,45.95569],[5.96131,45.96144],[5.96154,45.96222],[5.9667,45.96438],[5.97263,45.96548],[5.988,45.96347]]]]}},{"type":"Feature","properties":{"code":"74284","nom":"La Tour","departement":"74","region":"84"},"geometry":{"type":"MultiPolygon","coordinates":[[[[6.44573,46.11026],[6.43491,46.11564],[6.41671,46.12956],[6.40388,46.1271],[6.40272,46.12768],[6.40022,46.13296],[6.40216,46.13512],[6.40142,46.13615],[6.42368,46.13724],[6.43505,46.14336],[6.43517,46.15076],[6.43866,46.15913],[6.43968,46.16078],[6.44326,46.16086],[6.44538,46.15197],[6.44635,46.13911],[6.44259,46.11791],[6.44573,46.11026]]]]}},{"type":"Feature","properties":{"code":"74285","nom":"Usinens","departement":"74","region":"84"},"geometry":{"type":"MultiPolygon","coordinates":[[[[5.8509,45.99057],[5.84927,45.99106],[5.84646,45.99392],[5.82985,46.00242],[5.82944,46.00545],[5.83035,46.00677],[5.83309,46.00759],[5.83684,46.01173],[5.84166,46.02418],[5.84865,46.03468],[5.84806,46.0353],[5.85373,46.0357],[5.85715,46.03346],[5.87066,46.01846],[5.85188,45.99807],[5.85119,45.99157],[5.8509,45.99057]]]]}},{"type":"Feature","properties":{"code":"74286","nom":"Vacheresse","departement":"74","region":"84"},"geometry":{"type":"MultiPolygon","coordinates":[[[[6.7545,46.34439],[6.75251,46.34246],[6.75148,46.33614],[6.75296,46.32805],[6.76064,46.31098],[6.75984,46.30922],[6.73757,46.30129],[6.7251,46.30465],[6.72013,46.30521],[6.71683,46.30517],[6.703,46.30225],[6.69804,46.30212],[6.6933,46.30517],[6.68808,46.30605],[6.68903,46.30736],[6.68256,46.31116],[6.67321,46.31251],[6.66313,46.30747],[6.65584,46.30482],[6.64836,46.30436],[6.64742,46.30379],[6.64478,46.31327],[6.65183,46.3202],[6.66273,46.33548],[6.67723,46.34553],[6.68022,46.3432],[6.68379,46.34443],[6.68647,46.34425],[6.69668,46.3415],[6.70181,46.33783],[6.70789,46.33736],[6.71292,46.33775],[6.7504,46.34777],[6.7545,46.34439]]]]}},{"type":"Feature","properties":{"code":"74307","nom":"Villy-le-Pelloux","departement":"74","region":"84"},"geometry":{"type":"MultiPolygon","coordinates":[[[[6.15002,45.99777],[6.14899,45.99321],[6.14265,45.9903],[6.14196,45.99206],[6.13457,45.99474],[6.12476,45.99346],[6.12704,46.00639],[6.12872,46.01011],[6.13117,46.00935],[6.13432,46.00962],[6.13526,46.01032],[6.13688,46.0104],[6.14321,46.00625],[6.14769,45.99879],[6.15002,45.99777]]]]}},{"type":"Feature","properties":{"code":"74287","nom":"Vailly","departement":"74","region":"84"},"geometry":{"type":"MultiPolygon","coordinates":[[[[6.53623,46.31931],[6.53914,46.31702],[6.54281,46.31559],[6.55926,46.31429],[6.57793,46.3029],[6.57841,46.30187],[6.58128,46.29193],[6.58391,46.28803],[6.5805,46.28403],[6.58235,46.27541],[6.58169,46.27364],[6.5801,46.27311],[6.57534,46.27271],[6.56603,46.26657],[6.55761,46.26472],[6.5427,46.27739],[6.53766,46.27822],[6.53675,46.28022],[6.53898,46.28916],[6.53781,46.29334],[6.53487,46.29604],[6.52882,46.29773],[6.50792,46.29888],[6.50705,46.29968],[6.51243,46.30259],[6.53189,46.31672],[6.53623,46.31931]]]]}},{"type":"Feature","properties":{"code":"74288","nom":"Valleiry","departement":"74","region":"84"},"geometry":{"type":"MultiPolygon","coordinates":[[[[5.98617,46.12361],[5.98178,46.12164],[5.98038,46.11934],[5.98062,46.10719],[5.97871,46.09679],[5.97652,46.0977],[5.9695,46.09774],[5.95898,46.09478],[5.96109,46.10039],[5.9604,46.10906],[5.95544,46.12417],[5.95738,46.12855],[5.97973,46.1359],[5.98535,46.13072],[5.98617,46.12361]]]]}},{"type":"Feature","properties":{"code":"74289","nom":"Vallières-sur-Fier","departement":"74","region":"84"},"geometry":{"type":"MultiPolygon","coordinates":[[[[5.8807,45.94636],[5.89228,45.94384],[5.90131,45.93903],[5.90551,45.93434],[5.91113,45.93104],[5.91212,45.93165],[5.91835,45.92458],[5.92263,45.91618],[5.92069,45.91529],[5.92073,45.91454],[5.92579,45.91103],[5.92877,45.91084],[5.93584,45.91467],[5.94181,45.92001],[5.94143,45.92092],[5.94925,45.92635],[5.95488,45.92588],[5.96471,45.92032],[5.96536,45.9186],[5.96375,45.91182],[5.96232,45.91112],[5.95806,45.90432],[5.95651,45.90441],[5.95508,45.90355],[5.95463,45.90164],[5.94139,45.88488],[5.9396,45.88379],[5.92468,45.88625],[5.92165,45.89033],[5.91887,45.90256],[5.91352,45.90605],[5.90809,45.91158],[5.90437,45.92166],[5.90036,45.92526],[5.89369,45.92736],[5.86576,45.91906],[5.86243,45.93239],[5.86408,45.93702],[5.87312,45.94548],[5.87415,45.94617],[5.8807,45.94636]]]]}},{"type":"Feature","properties":{"code":"74290","nom":"Vallorcine","departement":"74","region":"84"},"geometry":{"type":"MultiPolygon","coordinates":[[[[6.84459,46.018],[6.85141,46.02596],[6.8532,46.03547],[6.85924,46.04449],[6.8656,46.04922],[6.87173,46.05115],[6.87539,46.04973],[6.88088,46.04526],[6.88782,46.04314],[6.91231,46.05436],[6.92459,46.06524],[6.93183,46.06565],[6.93679,46.06095],[6.94008,46.05592],[6.94987,46.04703],[6.96289,46.03044],[6.95611,46.03057],[6.94458,46.0218],[6.93931,46.01664],[6.93021,46.00478],[6.90722,46.00205],[6.89359,45.99837],[6.88449,45.99209],[6.87468,45.98825],[6.862,45.98872],[6.85362,45.99394],[6.85263,45.9964],[6.85302,46.0013],[6.85589,46.00642],[6.85544,46.0072],[6.84459,46.018]]]]}},{"type":"Feature","properties":{"code":"74291","nom":"Vanzy","departement":"74","region":"84"},"geometry":{"type":"MultiPolygon","coordinates":[[[[5.8895,46.02677],[5.87066,46.01846],[5.85715,46.03346],[5.85373,46.0357],[5.85478,46.03703],[5.86249,46.0369],[5.87433,46.03358],[5.88445,46.03545],[5.88451,46.03899],[5.88224,46.04097],[5.87787,46.04829],[5.87437,46.05607],[5.87644,46.05758],[5.89448,46.04767],[5.89545,46.04516],[5.88948,46.02911],[5.8895,46.02677]]]]}},{"type":"Feature","properties":{"code":"74292","nom":"Vaulx","departement":"74","region":"84"},"geometry":{"type":"MultiPolygon","coordinates":[[[[6.01414,45.90386],[6.00489,45.90546],[6.00298,45.90459],[6.00107,45.90151],[5.99812,45.9006],[5.99523,45.90555],[5.97762,45.91928],[5.98504,45.93929],[5.98787,45.94478],[5.99492,45.9505],[5.99819,45.9505],[6.01225,45.94123],[6.01897,45.92962],[6.01376,45.92569],[6.01273,45.92322],[6.0126,45.91929],[6.01732,45.91046],[6.01811,45.90896],[6.01732,45.90643],[6.01414,45.90386]]]]}},{"type":"Feature","properties":{"code":"74293","nom":"Veigy-Foncenex","departement":"74","region":"84"},"geometry":{"type":"MultiPolygon","coordinates":[[[[6.29778,46.26671],[6.29486,46.26459],[6.29278,46.26364],[6.2898,46.25996],[6.28435,46.25543],[6.27794,46.25134],[6.26679,46.24769],[6.26301,46.25091],[6.26167,46.25456],[6.24974,46.2626],[6.23804,46.27626],[6.23918,46.28178],[6.25231,46.29169],[6.25724,46.2882],[6.26761,46.28622],[6.27279,46.2862],[6.27754,46.28439],[6.29136,46.27742],[6.2978,46.27254],[6.29778,46.26671]]]]}},{"type":"Feature","properties":{"code":"74294","nom":"Verchaix","departement":"74","region":"84"},"geometry":{"type":"MultiPolygon","coordinates":[[[[6.66246,46.11951],[6.66352,46.12307],[6.65984,46.13088],[6.66051,46.13391],[6.66359,46.13539],[6.66748,46.13579],[6.67424,46.13486],[6.68303,46.12628],[6.69926,46.1345],[6.69312,46.14847],[6.69252,46.15843],[6.69441,46.1608],[6.71453,46.1409],[6.73107,46.13793],[6.72361,46.13018],[6.71324,46.1292],[6.69936,46.12219],[6.69456,46.11882],[6.68751,46.0969],[6.68548,46.09366],[6.6843,46.08684],[6.66913,46.08874],[6.66602,46.09014],[6.66339,46.09303],[6.66177,46.09442],[6.66325,46.09614],[6.668,46.11055],[6.66798,46.11425],[6.66634,46.11702],[6.66246,46.11951]]]]}},{"type":"Feature","properties":{"code":"74295","nom":"La Vernaz","departement":"74","region":"84"},"geometry":{"type":"MultiPolygon","coordinates":[[[[6.61693,46.30065],[6.61663,46.29935],[6.60119,46.29665],[6.58391,46.28803],[6.58128,46.29193],[6.57841,46.30187],[6.58214,46.30317],[6.5842,46.30574],[6.57982,46.31836],[6.58624,46.32593],[6.59008,46.32483],[6.59508,46.32462],[6.59675,46.32477],[6.59886,46.32401],[6.61287,46.30998],[6.615,46.30705],[6.61693,46.30065]]]]}},{"type":"Feature","properties":{"code":"74296","nom":"Vers","departement":"74","region":"84"},"geometry":{"type":"MultiPolygon","coordinates":[[[[6.0516,46.08412],[6.05165,46.08259],[6.05382,46.08076],[6.0537,46.08018],[6.04528,46.07899],[6.0335,46.07933],[6.02651,46.08088],[6.02189,46.08015],[6.02096,46.07996],[6.01712,46.07456],[6.01295,46.0763],[6.01825,46.08325],[6.01511,46.08461],[6.00599,46.08736],[6.00202,46.08727],[6.00521,46.09476],[6.00529,46.09953],[6.01628,46.10068],[6.02325,46.09913],[6.04992,46.08598],[6.05162,46.08584],[6.0516,46.08412]]]]}},{"type":"Feature","properties":{"code":"74297","nom":"Versonnex","departement":"74","region":"84"},"geometry":{"type":"MultiPolygon","coordinates":[[[[5.9332,45.93869],[5.93841,45.92698],[5.93966,45.9219],[5.94143,45.92092],[5.94181,45.92001],[5.93584,45.91467],[5.92877,45.91084],[5.92579,45.91103],[5.92073,45.91454],[5.92069,45.91529],[5.92263,45.91618],[5.91835,45.92458],[5.91212,45.93165],[5.92104,45.93861],[5.92818,45.93797],[5.9332,45.93869]]]]}},{"type":"Feature","properties":{"code":"74298","nom":"Vétraz-Monthoux","departement":"74","region":"84"},"geometry":{"type":"MultiPolygon","coordinates":[[[[6.25106,46.19118],[6.25098,46.19132],[6.25465,46.19131],[6.26281,46.19294],[6.2776,46.19608],[6.27847,46.1969],[6.28185,46.19571],[6.28163,46.19247],[6.27471,46.17009],[6.27264,46.16945],[6.27224,46.16763],[6.26254,46.16706],[6.25273,46.16865],[6.24599,46.17079],[6.24534,46.17407],[6.23768,46.17613],[6.23919,46.17715],[6.24125,46.17874],[6.24351,46.18121],[6.24352,46.18256],[6.24644,46.18262],[6.25008,46.1858],[6.25154,46.18572],[6.25106,46.19118]]]]}},{"type":"Feature","properties":{"code":"74299","nom":"Veyrier-du-Lac","departement":"74","region":"84"},"geometry":{"type":"MultiPolygon","coordinates":[[[[6.19612,45.88327],[6.1954,45.87781],[6.19692,45.87308],[6.19574,45.87113],[6.18941,45.86668],[6.18602,45.86472],[6.16519,45.86421],[6.15593,45.88278],[6.14891,45.89719],[6.16156,45.89999],[6.16852,45.90109],[6.17597,45.90481],[6.18285,45.90664],[6.19732,45.90125],[6.20199,45.89998],[6.19612,45.88327]]]]}},{"type":"Feature","properties":{"code":"74301","nom":"Villard","departement":"74","region":"84"},"geometry":{"type":"MultiPolygon","coordinates":[[[[6.44263,46.22676],[6.4552,46.22258],[6.47514,46.2118],[6.47678,46.2074],[6.46583,46.19933],[6.46388,46.19944],[6.45584,46.20101],[6.44213,46.205],[6.42234,46.20539],[6.42197,46.21297],[6.43725,46.22237],[6.44263,46.22676]]]]}},{"type":"Feature","properties":{"code":"74302","nom":"Les Villards-sur-Thônes","departement":"74","region":"84"},"geometry":{"type":"MultiPolygon","coordinates":[[[[6.35016,45.92731],[6.36095,45.93315],[6.37309,45.93778],[6.38843,45.92179],[6.39708,45.91066],[6.40305,45.90452],[6.39986,45.90255],[6.4005,45.89759],[6.40416,45.89485],[6.40715,45.89372],[6.39434,45.89178],[6.37491,45.8951],[6.36225,45.90109],[6.35829,45.90562],[6.34554,45.91508],[6.34199,45.91926],[6.35016,45.92731]]]]}},{"type":"Feature","properties":{"code":"74303","nom":"Villaz","departement":"74","region":"84"},"geometry":{"type":"MultiPolygon","coordinates":[[[[6.16437,45.93988],[6.16356,45.94125],[6.15571,45.93908],[6.16235,45.94588],[6.16779,45.95824],[6.16847,45.9596],[6.17107,45.96008],[6.18004,45.96362],[6.18917,45.9637],[6.19582,45.96214],[6.20253,45.96428],[6.20601,45.96561],[6.21478,45.97007],[6.22167,45.97143],[6.22981,45.96747],[6.23657,45.96312],[6.24348,45.95774],[6.24376,45.95623],[6.23141,45.94722],[6.21522,45.94068],[6.20557,45.94126],[6.18926,45.93834],[6.18657,45.93717],[6.17537,45.93623],[6.16555,45.93756],[6.16437,45.93988]]]]}},{"type":"Feature","properties":{"code":"74304","nom":"Ville-en-Sallaz","departement":"74","region":"84"},"geometry":{"type":"MultiPolygon","coordinates":[[[[6.39113,46.13813],[6.40465,46.1415],[6.41985,46.14839],[6.42344,46.15453],[6.43238,46.15828],[6.43866,46.15913],[6.43517,46.15076],[6.43505,46.14336],[6.42368,46.13724],[6.40142,46.13615],[6.39231,46.13714],[6.39113,46.13813]]]]}},{"type":"Feature","properties":{"code":"74305","nom":"Ville-la-Grand","departement":"74","region":"84"},"geometry":{"type":"MultiPolygon","coordinates":[[[[6.26487,46.19911],[6.2518,46.1993],[6.24584,46.19803],[6.24403,46.19857],[6.24255,46.19688],[6.23948,46.1984],[6.23447,46.19861],[6.23377,46.19812],[6.23381,46.19912],[6.23008,46.2035],[6.23752,46.20598],[6.24094,46.20499],[6.24515,46.20497],[6.24477,46.20691],[6.27635,46.21534],[6.28588,46.20685],[6.27648,46.19904],[6.27437,46.2001],[6.26487,46.19911]]]]}},{"type":"Feature","properties":{"code":"74306","nom":"Villy-le-Bouveret","departement":"74","region":"84"},"geometry":{"type":"MultiPolygon","coordinates":[[[[6.15124,46.03182],[6.14886,46.03568],[6.14739,46.04171],[6.14829,46.04479],[6.15868,46.0578],[6.16847,46.05127],[6.17239,46.04397],[6.1715,46.04015],[6.15124,46.03182]]]]}},{"type":"Feature","properties":{"code":"74308","nom":"Vinzier","departement":"74","region":"84"},"geometry":{"type":"MultiPolygon","coordinates":[[[[6.63382,46.35179],[6.63257,46.35042],[6.62887,46.34675],[6.62673,46.34132],[6.62283,46.3358],[6.61657,46.33381],[6.6051,46.33195],[6.60267,46.33073],[6.59675,46.32477],[6.59508,46.32462],[6.59494,46.32827],[6.59794,46.33476],[6.59844,46.34052],[6.59682,46.345],[6.5959,46.35422],[6.59727,46.35853],[6.59871,46.35797],[6.61006,46.35954],[6.61188,46.35729],[6.629,46.35287],[6.63331,46.35243],[6.63382,46.35179]]]]}},{"type":"Feature","properties":{"code":"74309","nom":"Viry","departement":"74","region":"84"},"geometry":{"type":"MultiPolygon","coordinates":[[[[5.98617,46.12361],[5.98535,46.13072],[5.97973,46.1359],[5.98193,46.13741],[5.9826,46.1404],[5.99833,46.14332],[6.01263,46.14243],[6.03717,46.13806],[6.04508,46.13997],[6.0469,46.14176],[6.05572,46.13117],[6.06442,46.12374],[6.06061,46.11751],[6.05998,46.10649],[6.05733,46.10177],[6.05353,46.08961],[6.05219,46.08974],[6.05162,46.08584],[6.04992,46.08598],[6.02325,46.09913],[6.01628,46.10068],[6.00529,46.09953],[5.99865,46.10786],[5.9903,46.12219],[5.98617,46.12361]]]]}},{"type":"Feature","properties":{"code":"74310","nom":"Viuz-la-Chiésaz","departement":"74","region":"84"},"geometry":{"type":"MultiPolygon","coordinates":[[[[6.04201,45.82684],[6.04456,45.8295],[6.04841,45.83165],[6.06238,45.82862],[6.06586,45.82866],[6.07266,45.83045],[6.07488,45.82993],[6.08911,45.82133],[6.09747,45.81972],[6.09925,45.81006],[6.10102,45.80903],[6.10775,45.80898],[6.11217,45.8052],[6.11217,45.80406],[6.10729,45.79869],[6.10595,45.79723],[6.1018,45.7933],[6.09049,45.79558],[6.0528,45.79829],[6.05141,45.799],[6.05558,45.80339],[6.05558,45.80447],[6.05336,45.80503],[6.04879,45.81265],[6.04495,45.82026],[6.0449,45.82338],[6.04391,45.82646],[6.04201,45.82684]]]]}},{"type":"Feature","properties":{"code":"74311","nom":"Viuz-en-Sallaz","departement":"74","region":"84"},"geometry":{"type":"MultiPolygon","coordinates":[[[[6.45048,46.18035],[6.44672,46.17589],[6.44366,46.16454],[6.43968,46.16078],[6.43866,46.15913],[6.43238,46.15828],[6.42344,46.15453],[6.41985,46.14839],[6.40465,46.1415],[6.39113,46.13813],[6.37669,46.14824],[6.37221,46.15289],[6.37054,46.15356],[6.36609,46.15859],[6.37403,46.16307],[6.37598,46.17012],[6.37651,46.17887],[6.39875,46.17594],[6.40206,46.17647],[6.41037,46.18402],[6.41559,46.19263],[6.41907,46.19178],[6.42251,46.1882],[6.43725,46.18313],[6.44648,46.18224],[6.45048,46.18035]]]]}},{"type":"Feature","properties":{"code":"74312","nom":"Vougy","departement":"74","region":"84"},"geometry":{"type":"MultiPolygon","coordinates":[[[[6.51503,46.07265],[6.5192,46.07241],[6.50802,46.06141],[6.50735,46.06256],[6.5052,46.06277],[6.50155,46.06292],[6.49446,46.06187],[6.48002,46.06388],[6.4669,46.0606],[6.46012,46.05969],[6.45991,46.06948],[6.46071,46.07273],[6.46705,46.07211],[6.47786,46.07101],[6.48011,46.06978],[6.49292,46.06873],[6.51357,46.07256],[6.51503,46.07265]]]]}},{"type":"Feature","properties":{"code":"74313","nom":"Vovray-en-Bornes","departement":"74","region":"84"},"geometry":{"type":"MultiPolygon","coordinates":[[[[6.15868,46.0578],[6.14829,46.04479],[6.13698,46.05082],[6.12455,46.05995],[6.12084,46.068],[6.12222,46.07524],[6.1244,46.07833],[6.12644,46.07936],[6.13945,46.07287],[6.14591,46.07085],[6.15602,46.06899],[6.161,46.06655],[6.16163,46.06551],[6.16051,46.0648],[6.15868,46.0578]]]]}},{"type":"Feature","properties":{"code":"74314","nom":"Vulbens","departement":"74","region":"84"},"geometry":{"type":"MultiPolygon","coordinates":[[[[5.90659,46.09478],[5.91668,46.09967],[5.92303,46.10554],[5.92519,46.1089],[5.92902,46.1213],[5.92404,46.12261],[5.91619,46.12287],[5.90766,46.12138],[5.90653,46.12241],[5.92048,46.13129],[5.93693,46.12859],[5.94745,46.12826],[5.9559,46.13236],[5.95738,46.12855],[5.95544,46.12417],[5.9604,46.10906],[5.96109,46.10039],[5.95898,46.09478],[5.94575,46.09697],[5.93434,46.09774],[5.92829,46.09344],[5.91126,46.08435],[5.90659,46.09478]]]]}},{"type":"Feature","properties":{"code":"74315","nom":"Yvoire","departement":"74","region":"84"},"geometry":{"type":"MultiPolygon","coordinates":[[[[6.34888,46.36751],[6.34195,46.35617],[6.33233,46.35347],[6.32711,46.35297],[6.32634,46.35736],[6.32108,46.36093],[6.31844,46.36428],[6.31551,46.36883],[6.32695,46.37021],[6.34281,46.37031],[6.34888,46.36751]]]]}}]}